83.9260172026574,60.00201517069059,0.0254595786068421,104.4521986108332,60.01352157065839,0.1728615404035736,229.7498652231517,60.06613403297983,0.949043725358024,2011.7987525343008,60.09576425058054,1.5552696833360642,16627.891325761793,60.09908560672435,1.7058026203762893,83.9260172026574,60.00201517069059,0.0254595786068421,104.4521986108332,60.01352157065839,0.1728615404035736,229.7498652231517,60.06613403297983,0.949043725358024,2011.7987525343008,60.09576425058054,1.5552696833360642,16627.891325761793,60.09908560672435,1.7058026203762893,1.0,60.0,0.0,60.0,0.0,0.0,0.0,1.0,60.0,0.0,60.0,0.0,0.0,0.0,1.0,60.0,0.0,60.0,0.0,0.0,0.0,1.0,60.0,0.0,60.0,0.0,0.0,0.0,1.0,60.0,0.0,60.0,0.0,0.0,0.0,1.0,1507653217.40753,0.0,1.0,1507653217.40753,0.0,1.0,1507653217.40753,0.0,1.0,1507653217.40753,0.0,1.0,1507653217.40753,0.0,1.0,60.0,0.0,60.0,0.0,0.0,0.0,1.0,60.0,0.0,60.0,0.0,0.0,0.0,1.0,60.0,0.0,60.0,0.0,0.0,0.0,1.0,60.0,0.0,60.0,0.0,0.0,0.0,1.0,60.0,0.0,60.0,0.0,0.0,0.0
36.11960437472212,502.93704661295607,22538.775322481262,68.33145850041005,432.4566238956869,45197.900294281455,261.44633676564285,333.14754290551105,60285.19363178143,3250.118023643154,303.3790041684657,60970.09538071388,25834.36250752813,303.44617297298765,60969.28919292372,36.11960437472212,502.93704661295607,22538.775322481262,68.33145850041005,432.4566238956869,45197.900294281455,261.44633676564285,333.14754290551105,60285.19363178143,3250.118023643154,303.3790041684657,60970.09538071388,25834.36250752813,303.44617297298765,60969.28919292372,32.406292716658555,553.5047838183608,15.633027687025535,553.5047838183608,244.39155466330703,0.0,0.0,51.62612330069528,552.7757067040377,24.562206621777463,552.7757067040377,603.3019941308885,0.0,0.0,145.0347656898176,552.2353543520985,29.472376487151195,552.2353543520985,868.6209758003824,0.0,0.0,1602.639759441904,553.4574790249405,16.361877418894277,553.4574790249405,267.7110326709226,0.0,0.0,12736.194145778196,553.6960528501984,12.249796248537129,553.6960528501984,150.05750813067425,0.0,0.0,32.406292716658555,0.0094234280345603,0.0002246926001774,51.62612330069528,0.0096353023629101,0.0002237242214956,145.0347656898176,0.0100757882519262,0.0002745381807565,1602.639759441904,0.1158355248899956,161015312.99252874,12736.194145778196,23920.67185770371,36063637747688.56,32.373806642690504,554.0,0.0,554.0,0.0,0.0,0.0,51.498176910708295,554.0,7.62939453125e-06,554.0,5.820766091346741e-11,0.0,0.0,144.5166787099208,554.0000000000003,1.7059844799040144e-05,554.0000000000003,2.910383045673371e-10,0.0,0.0,1600.8797074480533,554.0,2.7508173183166418e-05,554.0,7.566995918750762e-10,0.0,0.0,12728.357850413951,553.9999999999968,6.738098805486944e-05,553.9999999999968,4.540197551250458e-09,0.0,0.0
46.498955001011154,442.08480416357366,42760.060806665286,99.92214362349812,393.89192076495016,53454.50982034576,361.9656437190163,356.2767682589267,58566.44538896541,3858.157908316561,339.9234761341475,59903.29773315335,26087.5708427296,341.35427191874004,59805.95787254157,46.498955001011154,442.08480416357366,42760.060806665286,99.92214362349812,393.89192076495016,53454.50982034576,361.9656437190163,356.2767682589267,58566.44538896541,3858.157908316561,339.9234761341475,59903.29773315335,26087.5708427296,341.35427191874004,59805.95787254157,35.964457846477096,553.9999999999987,2.412626388678268e-05,553.9999999999987,5.820766091346742e-10,0.0,0.0,67.53500044047054,553.9999998426723,0.0088158900055274,553.9999998426723,7.771991658955811e-05,0.0,0.0,217.07125198616745,553.9901333170305,2.2077237226522213,553.9901333170305,4.874044035561383,0.0,0.0,2187.061816587472,553.7273883743949,11.601544119282694,553.7273883743949,134.59582595166285,0.0,0.0,14861.71770243745,553.7920895093857,10.132351928006956,553.7920895093857,102.66455559298628,0.0,0.0,35.964457846477096,0.0093144407436742,0.0007695709456986,67.53500044047054,0.0078289337552317,0.0006911019587467,217.07125198616745,0.0069059066748958,0.0007393421449532,2187.061816587472,21.69525682829702,32698990329.85244,14861.71770243745,35975.960683088066,54238066581708.5,1.0,554.0,0.0,554.0,0.0,0.0,0.0,1.0,554.0,0.0,554.0,0.0,0.0,0.0,1.0,554.0,0.0,554.0,0.0,0.0,0.0,1.0,554.0,0.0,554.0,0.0,0.0,0.0,1.0,554.0,0.0,554.0,0.0,0.0,0.0
105.14366900933868,65.05234055148833,45.20807908487132,168.2493417629182,66.82997893980156,48.98691357497772,561.4500388628438,69.03439154195769,44.97116147156429,4333.201813868816,68.37566868684351,47.2819638246865,29574.865696160483,68.01437365331911,48.136727371676,105.14366900933868,65.05234055148833,45.20807908487132,168.2493417629182,66.82997893980156,48.98691357497772,561.4500388628438,69.03439154195769,44.97116147156429,4333.201813868816,68.37566868684351,47.2819638246865,29574.865696160483,68.01437365331911,48.136727371676,1.0,60.0,0.0,60.0,0.0,0.0,0.0,1.0,60.0,0.0,60.0,0.0,0.0,0.0,1.0,60.0,0.0,60.0,0.0,0.0,0.0,1.0,60.0,0.0,60.0,0.0,0.0,0.0,1.0,60.0,0.0,60.0,0.0,0.0,0.0,1.0,1507657301.231428,0.0,1.0,1507657301.231428,0.0,1.0,1507657301.231428,0.0,1.0,1507657301.231428,0.0,1.0,1507657301.231428,0.0,1.0,60.0,0.0,60.0,0.0,0.0,0.0,1.0,60.0,0.0,60.0,0.0,0.0,0.0,1.0,60.0,0.0,60.0,0.0,0.0,0.0,1.0,60.0,0.0,60.0,0.0,0.0,0.0,1.0,60.0,0.0,60.0,0.0,0.0,0.0
183.9074097719316,74.00808748751264,0.2352135543396798,301.2907014988377,74.01428884635187,0.4804318406540915,867.8552140400716,74.024599854535,0.8817999719840373,7369.2768654757265,74.07128817487906,12.510669921159206,15830.879078365058,74.08333988415147,17.247881029536074,183.9074097719316,74.00808748751264,0.2352135543396798,301.2907014988377,74.01428884635187,0.4804318406540915,867.8552140400716,74.024599854535,0.8817999719840373,7369.2768654757265,74.07128817487906,12.510669921159206,15830.879078365058,74.08333988415147,17.247881029536074,183.8371329860141,73.99891592096337,0.1231906299023744,95.2672008483392,0.0151759312957437,7.341003020064856e-17,3.6075886573083606e-10,301.0658303238064,73.99637351189475,0.2252946560599079,95.26522604241195,0.0507576820491522,1.6876807101495062e-16,1.9951403881053558e-10,866.7192720212599,73.99309882754633,0.3107551900917374,95.26268248429211,0.0965687881689518,-8.481588201851639e-16,-6.033474009106131e-10,7351.139794457126,73.99756952576745,0.1844470980439985,95.26615503798163,0.0340207319768524,-1.3036416450218802e-16,-1.9807163855443176e-10,15786.30775790706,73.99762742737674,0.1822371738791974,95.26620001281078,0.0332103875434768,3.709963147550795e-16,3.6609439401726255e-10,183.837132986014,0.0015998974460541,1.571101786241565e-05,301.0658303238065,0.0016190300751078,1.894092361861948e-05,866.7192720212621,0.0034871766444811,2730432.655722995,7351.139794457165,25899.80150420373,39002195768453.21,15786.307757906878,77571.9415436704,116810639230675.1,1.0,74.0,0.0,74.0,0.0,0.0,0.0,1.0,74.0,0.0,74.0,0.0,0.0,0.0,1.0,74.0,0.0,74.0,0.0,0.0,0.0,1.0,74.0,0.0,74.0,0.0,0.0,0.0,1.0,74.0,0.0,74.0,0.0,0.0,0.0
98.76567687168784,362.7029211522433,57906.033079497625,153.26693297258092,364.5366293918325,57696.719073761815,409.7558921805503,351.3920540468971,59023.83709487499,4266.011420806131,347.6401757182403,59337.46541032263,37197.153550111565,344.65294248882094,59569.059401816114,98.76567687168784,362.7029211522433,57906.033079497625,153.26693297258092,364.5366293918325,57696.719073761815,409.7558921805503,351.3920540468971,59023.83709487499,4266.011420806131,347.6401757182403,59337.46541032263,37197.153550111565,344.65294248882094,59569.059401816114,60.5194892611221,553.9999993317344,0.018169292150876,553.9999993317344,0.0003301231772638,0.0,0.0,94.48348272171216,553.9997074221252,0.3801754657601724,553.9997074221252,0.1445333847659639,0.0,0.0,241.712697709293,553.9218225915316,6.213978441908298,553.9218225915316,38.61352807650111,0.0,0.0,2484.651834080225,553.7909046567678,10.16117014395468,553.7909046567678,103.249378694396,0.0,0.0,21437.37293080432,553.8360071448692,8.999198674468198,553.8360071448692,80.9855767825502,0.0,0.0,60.5194892611221,0.005435223107103,0.0004410469647269,94.48348272171216,0.0056370382322883,0.0005950708198009,241.712697709293,0.0062391511797664,0.0007986174408079,2484.651834080225,0.0058423586420268,9464.310398479238,21437.37293080432,5605.394150422146,8450964943185.479,1.0,554.0,0.0,554.0,0.0,0.0,0.0,1.0,554.0,0.0,554.0,0.0,0.0,0.0,1.0,554.0,0.0,554.0,0.0,0.0,0.0,1.0,554.0,0.0,554.0,0.0,0.0,0.0,1.0,554.0,0.0,554.0,0.0,0.0,0.0
138.84464113007115,380.9326141891255,59394.15969997308,175.59632158520856,354.8953114526039,62253.75956382339,330.54881836868753,336.30102869648965,63463.208018866746,2905.1940574639984,345.06469533003013,62956.77056244072,23111.980373002323,342.7081125846952,63103.21419427201,138.84464113007115,380.9326141891255,59394.15969997308,175.59632158520856,354.8953114526039,62253.75956382339,330.54881836868753,336.30102869648965,63463.208018866746,2905.1940574639984,345.06469533003013,62956.77056244072,23111.980373002323,342.7081125846952,63103.21419427201,88.06279363592871,565.9999999999994,1.0789593218788871e-05,565.9999999999994,1.1641532182693479e-10,0.0,0.0,102.33700332955866,565.9999999050892,0.0069299937022529,565.9999999050892,4.802481271326542e-05,0.0,0.0,180.49726786408456,565.9858064718264,2.679873840231382,565.9858064718264,7.181723799556494,0.0,0.0,1639.3681309578824,565.0877660422686,21.46527921597177,565.0877660422686,460.7582118196297,0.0,0.0,12928.513729287955,565.305273393683,18.73630213620117,565.305273393683,351.04901773901656,0.0,0.0,88.06279363592871,0.0057966099122676,0.002986849450924,102.33700332955866,0.0072687491114449,0.0039154467131387,180.49726786408456,0.0092531025677368,0.0041713333180531,1639.3681309578824,6.869288734510223,10343122800.0985,12928.513729287955,35811.83358694006,53990699872865.41,1.0,566.0,0.0,566.0,0.0,0.0,0.0,1.0,566.0,0.0,566.0,0.0,0.0,0.0,1.0,566.0,0.0,566.0,0.0,0.0,0.0,1.0,566.0,0.0,566.0,0.0,0.0,0.0,1.0,566.0,0.0,566.0,0.0,0.0,0.0
88.57371496098528,213.92146620355567,52342.64007979792,145.14389477659432,240.3350389600797,56555.5571460401,393.71239477297416,289.44153583398867,60676.944800626974,3788.2247339085966,335.16986391789175,60191.82860115122,37889.8521381893,342.19762194126173,59747.294037190106,88.57371496098528,213.92146620355567,52342.64007979792,145.14389477659432,240.3350389600797,56555.5571460401,393.71239477297416,289.44153583398867,60676.944800626974,3788.2247339085966,335.16986391789175,60191.82860115122,37889.8521381893,342.19762194126173,59747.294037190106,1.0,60.0,0.0,60.0,0.0,0.0,0.0,1.0,60.0,0.0,60.0,0.0,0.0,0.0,1.0,60.0,0.0,60.0,0.0,0.0,0.0,1.0,60.0,0.0,60.0,0.0,0.0,0.0,1.0,60.0,0.0,60.0,0.0,0.0,0.0,1.0,1507656428.924094,0.0,1.0,1507656428.924094,0.0,1.0,1507656428.924094,0.0,1.0,1507656428.924094,0.0,1.0,1507656428.924094,0.0,1.0,60.0,0.0,60.0,0.0,0.0,0.0,1.0,60.0,0.0,60.0,0.0,0.0,0.0,1.0,60.0,0.0,60.0,0.0,0.0,0.0,1.0,60.0,0.0,60.0,0.0,0.0,0.0,1.0,60.0,0.0,60.0,0.0,0.0,0.0
1.0,60.0,0.0,1.0,60.0,0.0,1.0,60.0,0.0,1.0,60.0,0.0,1.0,60.0,0.0,1.0,60.0,0.0,1.0,60.0,0.0,1.0,60.0,0.0,1.0,60.0,0.0,1.0,60.0,0.0,1.0,60.0,0.0,60.0,0.0,0.0,0.0,1.0,60.0,0.0,60.0,0.0,0.0,0.0,1.0,60.0,0.0,60.0,0.0,0.0,0.0,1.0,60.0,0.0,60.0,0.0,0.0,0.0,1.0,60.0,0.0,60.0,0.0,0.0,0.0,1.0,1505913442.804399,0.0,1.0,1505913442.804399,0.0,1.0,1505913442.804399,0.0,1.0,1505913442.804399,0.0,1.0,1505913442.804399,0.0,1.0,60.0,0.0,60.0,0.0,0.0,0.0,1.0,60.0,0.0,60.0,0.0,0.0,0.0,1.0,60.0,0.0,60.0,0.0,0.0,0.0,1.0,60.0,0.0,60.0,0.0,0.0,0.0,1.0,60.0,0.0,60.0,0.0,0.0,0.0
98.73832083061173,515.9361926851209,17292.308021628996,137.39944010809828,481.5851352402539,30472.29406508521,310.7515556440064,400.2883368222429,52265.79904036128,3760.710669487805,342.5684933824688,59720.002875571976,26974.36301905465,341.34248903118845,59806.538602088665,98.73832083061173,515.9361926851209,17292.308021628996,137.39944010809828,481.5851352402539,30472.29406508521,310.7515556440064,400.2883368222429,52265.79904036128,3760.710669487805,342.5684933824688,59720.002875571976,26974.36301905465,341.34248903118845,59806.538602088665,91.44963834008014,552.1320875999087,30.31929466380684,552.1320875999087,919.259628910746,0.0,0.0,117.75351728687924,551.7815993198997,33.029814325727266,551.7815993198997,1090.9686343920184,0.0,0.0,214.81374186937984,552.1403635481366,30.252308333207694,552.1403635481366,915.2021594874676,0.0,0.0,2152.273575469538,553.6497398139531,13.149366893893536,553.6497398139531,172.90584971022324,0.0,0.0,15366.549677867337,553.7821387364614,10.3718851063413,553.7821387364614,107.57600065914448,0.0,0.0,91.44963834008014,0.003688921384987,0.0003879433580009,117.75351728687924,0.0047575408028638,0.0008091327817533,214.81374186937984,0.0073118276563371,0.0018788964686834,2152.273575469538,9.996040918001608,15060424414.388235,15366.549677867337,32146.89124019129,48465408122077.03,1.0,554.0,0.0,554.0,0.0,0.0,0.0,1.0,554.0,0.0,554.0,0.0,0.0,0.0,1.0,554.0,0.0,554.0,0.0,0.0,0.0,1.0,554.0,0.0,554.0,0.0,0.0,0.0,1.0,554.0,0.0,554.0,0.0,0.0,0.0
1.0,60.0,0.0,1.0,60.0,0.0,1.0,60.0,0.0,1.0,60.0,0.0,1.0,60.0,0.0,1.0,60.0,0.0,1.0,60.0,0.0,1.0,60.0,0.0,1.0,60.0,0.0,1.0,60.0,0.0,1.0,60.0,0.0,60.0,0.0,0.0,0.0,1.0,60.0,0.0,60.0,0.0,0.0,0.0,1.0,60.0,0.0,60.0,0.0,0.0,0.0,1.0,60.0,0.0,60.0,0.0,0.0,0.0,1.0,60.0,0.0,60.0,0.0,0.0,0.0,1.0,1505913434.049365,0.0,1.0,1505913434.049365,0.0,1.0,1505913434.049365,0.0,1.0,1505913434.049365,0.0,1.0,1505913434.049365,0.0,1.0,60.0,0.0,60.0,0.0,0.0,0.0,1.0,60.0,0.0,60.0,0.0,0.0,0.0,1.0,60.0,0.0,60.0,0.0,0.0,0.0,1.0,60.0,0.0,60.0,0.0,0.0,0.0,1.0,60.0,0.0,60.0,0.0,0.0,0.0
28.06066192804501,76.02358596916274,475.2789121910564,51.16962351952702,76.60654021927759,830.0882069902929,145.87598925608785,77.6100035349354,1221.9199210342606,825.2922174797662,76.64150262000594,1113.39081200693,4462.720399435194,76.71470871207829,1627.9738051878187,28.06066192804501,76.02358596916274,475.2789121910564,51.16962351952702,76.60654021927759,830.0882069902929,145.87598925608785,77.6100035349354,1221.9199210342606,825.2922174797662,76.64150262000594,1113.39081200693,4462.720399435194,76.71470871207829,1627.9738051878187,1.0299122085679324,98.0,0.0,138.5929291125633,0.0,2.289696210172438e-20,0.0,1.1358960644907252,97.99999999999832,7.979011788693195e-06,138.5929291125521,5.421717543355558e-10,2.4146847858497277e-11,0.130421862820637,1.971896715465812,97.99928697573084,0.1646038086633765,138.59140121992908,0.0613224679183842,0.0190648385566877,0.4938145716818493,15.122720514565591,96.68551330083297,6.944250808119023,136.66910297654763,70.56151145843695,44.441011197159824,0.8916686963752207,70.88502323814542,96.078762391364,8.325615603624637,135.91018793599818,98.84486638045335,63.1616853443245,0.9037411308027647,1.0299122085679324,1.0211286319572643,4.714370893665887e-09,1.1358960644907252,1.021085114462539,2.9544335200526465e-08,1.971896715465812,1.0207141385513183,1.2843632669623515e-05,15.122720514565597,168498.6620114208,253714411262617.1,70.88502323814545,11222452.384330384,1.677408953681205e+16,1.0299122085679324,98.0,0.0,138.5929291125633,0.0,8.114726401786568e-36,0.0,1.1358960644906746,98.0,0.0,138.5929291125633,0.0,3.551239330705188e-40,0.0,1.9718597151970112,98.0,1.3486991523486091e-06,138.5929291125633,1.8189894035458565e-12,1.3597769448124538e-29,0.0,14.599599067944093,98.0,2.3360154559928683e-06,138.5929291125633,5.4569682106375694e-12,-1.3603589644607923e-28,0.0,67.30115553987795,98.0,0.0,138.5929291125633,1.8189894035458565e-12,-1.0628860285579515e-27,0.0
1.0,60.0,0.0,1.0,60.0,0.0,1.0,60.0,0.0,1.0,60.0,0.0,1.0,60.0,0.0,1.0,60.0,0.0,1.0,60.0,0.0,1.0,60.0,0.0,1.0,60.0,0.0,1.0,60.0,0.0,1.0,60.0,0.0,60.0,0.0,0.0,0.0,1.0,60.0,0.0,60.0,0.0,0.0,0.0,1.0,60.0,0.0,60.0,0.0,0.0,0.0,1.0,60.0,0.0,60.0,0.0,0.0,0.0,1.0,60.0,0.0,60.0,0.0,0.0,0.0,1.0,1505913464.247586,0.0,1.0,1505913464.247586,0.0,1.0,1505913464.247586,0.0,1.0,1505913464.247586,0.0,1.0,1505913464.247586,0.0,1.0,60.0,0.0,60.0,0.0,0.0,0.0,1.0,60.0,0.0,60.0,0.0,0.0,0.0,1.0,60.0,0.0,60.0,0.0,0.0,0.0,1.0,60.0,0.0,60.0,0.0,0.0,0.0,1.0,60.0,0.0,60.0,0.0,0.0,0.0
160.34815115464517,74.0115695022141,1.1507135162401028,254.01466707555088,74.05636896617233,29.73805583734337,594.7594933500006,75.01235442378233,807.1118643431346,6526.541676879779,74.67962909970899,521.7551439270736,19266.703606875213,74.33015939014204,225.7503637668269,160.34815115464517,74.0115695022141,1.1507135162401028,254.01466707555088,74.05636896617233,29.73805583734337,594.7594933500006,75.01235442378233,807.1118643431346,6526.541676879779,74.67962909970899,521.7551439270736,19266.703606875213,74.33015939014204,225.7503637668269,160.2778399691786,73.99999999999986,3.3036247397782844e-06,95.26804291051634,1.1148268342486756e-11,-7.633796219891177e-27,-1.532426881608515e-15,253.7778892805901,73.99999999999993,3.4385216478958013e-06,95.26804291051636,1.2838058149548582e-11,9.70941427209084e-27,1.2625245657151829e-15,592.9108686475871,73.99999613599981,0.0073549953935432,95.26803990913224,5.409595723904376e-05,-9.817190208086724e-19,-3.613758150748168e-11,6505.327299663079,73.99874945571605,0.1323104531310081,95.26707154631065,0.0175060560077326,8.156475635750009e-17,8.524607216460033e-11,19208.11629512785,73.99819761503511,0.1588399848617523,95.26664290439624,0.0252301407908817,3.6408702309403564e-16,7.79800435833581e-10,160.27783996917847,0.0018662901473297,6.468953668749495e-05,253.7778892805904,0.0020559003328686,0.000278846932723,592.9108686475895,0.0028919628109947,1528.7846340739306,6505.327299663172,13326.144876965873,20067845025815.53,19208.116295127387,58929.49330724675,88739263179537.39,1.0,74.0,0.0,74.0,0.0,0.0,0.0,1.0,74.0,0.0,74.0,0.0,0.0,0.0,1.0,74.0,0.0,74.0,0.0,0.0,0.0,1.0,74.0,0.0,74.0,0.0,0.0,0.0,1.0,74.0,0.0,74.0,0.0,0.0,0.0
17.533395068763994,61.40615145721484,22.83355813316984,32.478132954362835,60.86311219881821,14.982858964339812,151.4573914507643,60.24371639220537,4.39289655023822,1958.7188838983832,60.103809269246,1.8923702224628869,19212.586216130105,60.1000762776781,1.7619679811964488,17.533395068763994,61.40615145721484,22.83355813316984,32.478132954362835,60.86311219881821,14.982858964339812,151.4573914507643,60.24371639220537,4.39289655023822,1958.7188838983832,60.103809269246,1.8923702224628869,19212.586216130105,60.1000762776781,1.7619679811964488,1.0,60.0,0.0,60.0,0.0,0.0,0.0,1.0,60.0,0.0,60.0,0.0,0.0,0.0,1.0,60.0,0.0,60.0,0.0,0.0,0.0,1.0,60.0,0.0,60.0,0.0,0.0,0.0,1.0,60.0,0.0,60.0,0.0,0.0,0.0,1.0,1507653451.370678,0.0,1.0,1507653451.370678,0.0,1.0,1507653451.370678,0.0,1.0,1507653451.370678,0.0,1.0,1507653451.370678,0.0,1.0,60.0,0.0,60.0,0.0,0.0,0.0,1.0,60.0,0.0,60.0,0.0,0.0,0.0,1.0,60.0,0.0,60.0,0.0,0.0,0.0,1.0,60.0,0.0,60.0,0.0,0.0,0.0,1.0,60.0,0.0,60.0,0.0,0.0,0.0
113.47269855754746,485.3492098819045,34298.754491513064,173.7337206474992,439.28112331852685,48049.907384639366,430.49015957037903,380.6546799188657,59410.71916822477,3855.979740777819,346.49943688654577,62864.7144765144,25364.142209588248,342.4436050466258,63119.161189987375,113.47269855754746,485.3492098819045,34298.754491513064,173.7337206474992,439.28112331852685,48049.907384639366,430.49015957037903,380.6546799188657,59410.71916822477,3855.979740777819,346.49943688654577,62864.7144765144,25364.142209588248,342.4436050466258,63119.161189987375,95.38362488906976,565.9999999999999,7.62939453125e-06,565.9999999999999,5.820766091346741e-11,0.0,0.0,130.21649123493646,565.9999999996786,0.0004031324711188,565.9999999996786,1.62515789270401e-07,0.0,0.0,272.76718176647984,565.9991427253368,0.6586199545653009,565.9991427253368,0.433780244551599,0.0,0.0,2184.878740405216,565.548224710299,15.11271635663818,565.548224710299,228.3941956761992,0.0,0.0,14174.00050950797,565.3442617585073,18.20366879375885,565.3442617585073,331.3735575528699,0.0,0.0,95.38362488906976,0.0033711272256777,0.0002115912719439,130.21649123493646,0.0039901169615768,0.000299173178798,272.76718176647984,0.005493706143025,0.0005917629437356,2184.878740405216,1.4734930455198814,2211504942.0874853,14174.00050950797,28811.206220142383,43436601549214.95,1.0,566.0,0.0,566.0,0.0,0.0,0.0,1.0,566.0,0.0,566.0,0.0,0.0,0.0,1.0,566.0,0.0,566.0,0.0,0.0,0.0,1.0,566.0,0.0,566.0,0.0,0.0,0.0,1.0,566.0,0.0,566.0,0.0,0.0,0.0
70.30167803330957,195.09703378323627,48484.97611482571,115.11356904197322,229.9224884671017,55058.988757126026,382.2022662325564,298.0980786281961,60902.37895617232,4130.827817360831,337.5932518823136,60049.65795204613,31382.69252959084,341.48086477751235,59797.65606623255,70.30167803330957,195.09703378323627,48484.97611482571,115.11356904197322,229.9224884671017,55058.988757126026,382.2022662325564,298.0980786281961,60902.37895617232,4130.827817360831,337.5932518823136,60049.65795204613,31382.69252959084,341.48086477751235,59797.65606623255,1.0,60.0,0.0,60.0,0.0,0.0,0.0,1.0,60.0,0.0,60.0,0.0,0.0,0.0,1.0,60.0,0.0,60.0,0.0,0.0,0.0,1.0,60.0,0.0,60.0,0.0,0.0,0.0,1.0,60.0,0.0,60.0,0.0,0.0,0.0,1.0,1507656138.21186,0.0,1.0,1507656138.21186,0.0,1.0,1507656138.21186,0.0,1.0,1507656138.21186,0.0,1.0,1507656138.21186,0.0,1.0,60.0,0.0,60.0,0.0,0.0,0.0,1.0,60.0,0.0,60.0,0.0,0.0,0.0,1.0,60.0,0.0,60.0,0.0,0.0,0.0,1.0,60.0,0.0,60.0,0.0,0.0,0.0,1.0,60.0,0.0,60.0,0.0,0.0,0.0
189.9417191138129,236.0722935430556,55971.7914136957,272.8915262085047,270.9778576248908,59702.87318048782,610.069131516659,311.62558317180014,60976.35761980272,3932.691549863999,333.8026140349928,60266.26477192486,37851.99529635192,340.6820351835577,59850.737066364025,189.9417191138129,236.0722935430556,55971.7914136957,272.8915262085047,270.9778576248908,59702.87318048782,610.069131516659,311.62558317180014,60976.35761980272,3932.691549863999,333.8026140349928,60266.26477192486,37851.99529635192,340.6820351835577,59850.737066364025,1.0,60.0,0.0,60.0,0.0,0.0,0.0,1.0,60.0,0.0,60.0,0.0,0.0,0.0,1.0,60.0,0.0,60.0,0.0,0.0,0.0,1.0,60.0,0.0,60.0,0.0,0.0,0.0,1.0,60.0,0.0,60.0,0.0,0.0,0.0,1.0,1507656468.111417,0.0,1.0,1507656468.111417,0.0,1.0,1507656468.111417,0.0,1.0,1507656468.111417,0.0,1.0,1507656468.111417,0.0,1.0,60.0,0.0,60.0,0.0,0.0,0.0,1.0,60.0,0.0,60.0,0.0,0.0,0.0,1.0,60.0,0.0,60.0,0.0,0.0,0.0,1.0,60.0,0.0,60.0,0.0,0.0,0.0,1.0,60.0,0.0,60.0,0.0,0.0,0.0
124.64061050183588,73.94361181558031,0.7862696142428831,138.81300633849523,73.55301123244823,6.059807441782142,255.7379448089791,70.55538969310525,36.488677028154605,3358.566990404451,68.02733117767656,48.19295247428453,22378.90264226084,67.45584536721756,48.99913335408474,124.64061050183588,73.94361181558031,0.7862696142428831,138.81300633849523,73.55301123244823,6.059807441782142,255.7379448089791,70.55538969310525,36.488677028154605,3358.566990404451,68.02733117767656,48.19295247428453,22378.90264226084,67.45584536721756,48.99913335408474,124.13857690685724,73.99999999999997,2.523185072960464e-06,73.99999999999997,6.366462912410497e-12,0.0,0.0,134.37897306986872,73.99999999997242,1.9775811532333107e-05,73.99999999997242,3.9108272176235914e-10,0.0,0.0,192.52123285027983,73.99994255100125,0.0283598781784501,73.99994255100125,0.0008042826902965,0.0,0.0,1915.16079559792,73.98541914302959,0.4515743529133717,73.98541914302959,0.2039193962091303,0.0,0.0,11847.078116514316,73.98265558811633,0.492464148714258,73.98265558811633,0.2425209377688589,0.0,0.0,124.13857690685724,0.0054047078393124,0.0036016825903345,134.37897306986872,0.0063988227414083,0.0042639187964424,192.52123285027983,0.0090780522309502,0.0052820423381801,1915.16079559792,31.150175386690417,46952103803.3676,11847.078116514316,46176.063276067245,69615523791302.77,1.0,74.0,0.0,74.0,0.0,0.0,0.0,1.0,74.0,0.0,74.0,0.0,0.0,0.0,1.0,74.0,0.0,74.0,0.0,0.0,0.0,1.0,74.0,0.0,74.0,0.0,0.0,0.0,1.0,74.0,0.0,74.0,0.0,0.0,0.0
1.0,60.0,0.0,1.0,60.0,0.0,1.0,60.0,0.0,1.0,60.0,0.0,1.0,60.0,0.0,1.0,60.0,0.0,1.0,60.0,0.0,1.0,60.0,0.0,1.0,60.0,0.0,1.0,60.0,0.0,1.0,60.0,0.0,60.0,0.0,0.0,0.0,1.0,60.0,0.0,60.0,0.0,0.0,0.0,1.0,60.0,0.0,60.0,0.0,0.0,0.0,1.0,60.0,0.0,60.0,0.0,0.0,0.0,1.0,60.0,0.0,60.0,0.0,0.0,0.0,1.0,1505913448.361548,0.0,1.0,1505913448.361548,0.0,1.0,1505913448.361548,0.0,1.0,1505913448.361548,0.0,1.0,1505913448.361548,0.0,1.0,60.0,0.0,60.0,0.0,0.0,0.0,1.0,60.0,0.0,60.0,0.0,0.0,0.0,1.0,60.0,0.0,60.0,0.0,0.0,0.0,1.0,60.0,0.0,60.0,0.0,0.0,0.0,1.0,60.0,0.0,60.0,0.0,0.0,0.0
1.0,60.0,0.0,1.0,60.0,0.0,1.0,60.0,0.0,1.0,60.0,0.0,1.0,60.0,0.0,1.0,60.0,0.0,1.0,60.0,0.0,1.0,60.0,0.0,1.0,60.0,0.0,1.0,60.0,0.0,1.0,60.0,0.0,60.0,0.0,0.0,0.0,1.0,60.0,0.0,60.0,0.0,0.0,0.0,1.0,60.0,0.0,60.0,0.0,0.0,0.0,1.0,60.0,0.0,60.0,0.0,0.0,0.0,1.0,60.0,0.0,60.0,0.0,0.0,0.0,1.0,1505913577.537842,0.0,1.0,1505913577.537842,0.0,1.0,1505913577.537842,0.0,1.0,1505913577.537842,0.0,1.0,1505913577.537842,0.0,1.0,60.0,0.0,60.0,0.0,0.0,0.0,1.0,60.0,0.0,60.0,0.0,0.0,0.0,1.0,60.0,0.0,60.0,0.0,0.0,0.0,1.0,60.0,0.0,60.0,0.0,0.0,0.0,1.0,60.0,0.0,60.0,0.0,0.0,0.0
6.530886071712753,72.6168456905436,17.450127413227165,19.19880602676113,69.6225469168471,42.12793312042413,202.7833665974653,68.94222836782907,45.30480523053939,3067.670163682505,67.99847682729254,48.129880344262354,26335.138748631984,67.73407919375327,48.637658382666814,6.530886071712753,72.6168456905436,17.450127413227165,19.19880602676113,69.6225469168471,42.12793312042413,202.7833665974653,68.94222836782907,45.30480523053939,3067.670163682505,67.99847682729254,48.129880344262354,26335.138748631984,67.73407919375327,48.637658382666814,5.885179755540035,74.0,9.5367431640625e-07,74.0,9.094947017729282e-13,0.0,0.0,13.181206266094804,73.99999999999973,2.6973983046972182e-06,73.99999999999973,7.275957614183426e-12,0.0,0.0,129.00259310395393,73.99998662723469,0.0136827825563906,73.99998662723469,0.0001872185384854,0.0,0.0,1745.582235718842,73.97524052617985,0.5882343086788174,73.97524052617985,0.3460196019068462,0.0,0.0,14472.352439085911,73.98041023573639,0.5233287120775598,73.98041023573639,0.2738729408847575,0.0,0.0,5.885179755540035,0.2140153993786253,0.2220531036942305,13.181206266094804,0.098117821129587,0.1101531546576464,129.00259310395393,0.0146265987505471,0.0126520448170139,1745.582235718842,0.6389999422960706,950772739.6540588,14472.352439085911,25357.401978767502,38229611697074.29,1.0,74.0,0.0,74.0,0.0,0.0,0.0,1.0,74.0,0.0,74.0,0.0,0.0,0.0,1.0,74.0,0.0,74.0,0.0,0.0,0.0,1.0,74.0,0.0,74.0,0.0,0.0,0.0,1.0,74.0,0.0,74.0,0.0,0.0,0.0
17.07655801651762,60.00004901385633,0.0006371777290041,31.846661898998853,60.0012478379457,0.0162203484328529,133.20360815408353,60.01518579436878,0.1992656968350274,1803.4272962668945,60.08062273205123,1.3210199207242113,17655.695792580213,60.09661735254706,1.6902889669618162,17.07655801651762,60.00004901385633,0.0006371777290041,31.846661898998853,60.0012478379457,0.0162203484328529,133.20360815408353,60.01518579436878,0.1992656968350274,1803.4272962668945,60.08062273205123,1.3210199207242113,17655.695792580213,60.09661735254706,1.6902889669618162,1.0,60.0,0.0,60.0,0.0,0.0,0.0,1.0,60.0,0.0,60.0,0.0,0.0,0.0,1.0,60.0,0.0,60.0,0.0,0.0,0.0,1.0,60.0,0.0,60.0,0.0,0.0,0.0,1.0,60.0,0.0,60.0,0.0,0.0,0.0,1.0,1507653286.897346,0.0,1.0,1507653286.897346,0.0,1.0,1507653286.897346,0.0,1.0,1507653286.897346,0.0,1.0,1507653286.897346,0.0,1.0,60.0,0.0,60.0,0.0,0.0,0.0,1.0,60.0,0.0,60.0,0.0,0.0,0.0,1.0,60.0,0.0,60.0,0.0,0.0,0.0,1.0,60.0,0.0,60.0,0.0,0.0,0.0,1.0,60.0,0.0,60.0,0.0,0.0,0.0
1.0,60.0,0.0,1.0,60.0,0.0,1.0,60.0,0.0,1.0,60.0,0.0,1.0,60.0,0.0,1.0,60.0,0.0,1.0,60.0,0.0,1.0,60.0,0.0,1.0,60.0,0.0,1.0,60.0,0.0,1.0,60.0,0.0,60.0,0.0,0.0,0.0,1.0,60.0,0.0,60.0,0.0,0.0,0.0,1.0,60.0,0.0,60.0,0.0,0.0,0.0,1.0,60.0,0.0,60.0,0.0,0.0,0.0,1.0,60.0,0.0,60.0,0.0,0.0,0.0,1.0,1505913466.881316,0.0,1.0,1505913466.881316,0.0,1.0,1505913466.881316,0.0,1.0,1505913466.881316,0.0,1.0,1505913466.881316,0.0,1.0,60.0,0.0,60.0,0.0,0.0,0.0,1.0,60.0,0.0,60.0,0.0,0.0,0.0,1.0,60.0,0.0,60.0,0.0,0.0,0.0,1.0,60.0,0.0,60.0,0.0,0.0,0.0,1.0,60.0,0.0,60.0,0.0,0.0,0.0
89.60173851153934,74.08857939348239,2.11805929903494,155.07478376157516,74.08898846572858,2.1279789470281685,615.1987746362398,74.0643864554164,2.4603702470521966,7668.21324717071,74.1879549639643,95.61506997884044,27791.06892515836,74.3719604118355,247.74143090407145,89.60173851153934,74.08857939348239,2.11805929903494,155.07478376157516,74.08898846572858,2.1279789470281685,615.1987746362398,74.0643864554164,2.4603702470521966,7668.21324717071,74.1879549639643,95.61506997884044,27791.06892515836,74.3719604118355,247.74143090407145,88.31868553465286,73.99999999568495,0.0002458020393191,95.26804290716468,6.041864253518876e-08,-1.3631854624526449e-22,-8.224024119227437e-13,153.52864296021625,73.99999736436315,0.0060744477044224,95.26804086327031,3.6898914913764105e-05,3.177127450926404e-19,1.8811277489852887e-11,612.6290363840308,73.99928567660281,0.100000086580402,95.26748805677336,0.0100000173160879,1.3677221129022315e-16,4.0564151800413577e-10,7648.867344550625,73.99758889891044,0.1837106472718574,95.26617008598676,0.0337496019210448,2.560600068147977e-16,0.0,27709.19532064067,73.99797163435262,0.1685022397015773,95.26646737440372,0.0283930047844478,-1.0786624863990537e-15,-6.815440700956156e-10,88.31868553465286,0.0040188010653496,0.0005222309185025,153.52864296021627,0.0034973512203708,0.0003876544934016,612.629036384032,0.0024058191550631,0.000266491554258,7648.867344550727,2213.3554644084074,3333115982356.362,27709.195320639683,34694.54049412457,52245798887409.17,1.0,74.0,0.0,95.26804291051644,0.0,0.0,0.0,1.0,74.0,0.0,95.26804291051644,0.0,0.0,0.0,1.0,74.0,0.0,95.26804291051644,0.0,0.0,0.0,1.022830764864245,73.99999999999999,1.3486991523486091e-06,95.26804291051644,1.8189894035458565e-12,0.0,0.0,1.685254736573039,74.0,0.0,95.26804291051644,0.0,0.0,0.0
151.3858349839941,256.6508289002532,58453.91833829517,236.1362897073564,283.2986017115784,60418.766141727625,534.0676888476764,315.5956349672626,60903.44875607519,3988.918790949816,337.3420889343182,60066.20502138494,37476.6026817536,343.15175582054235,59680.27394565661,151.3858349839941,256.6508289002532,58453.91833829517,236.1362897073564,283.2986017115784,60418.766141727625,534.0676888476764,315.5956349672626,60903.44875607519,3988.918790949816,337.3420889343182,60066.20502138494,37476.6026817536,343.15175582054235,59680.27394565661,60.25060142958797,553.9999999866616,0.0025668802825143,553.9999999866616,6.5888743847608575e-06,0.0,0.0,106.71015924545875,553.9999753209166,0.1104149757538247,553.9999753209166,0.0121914668707177,0.0,0.0,276.27243380983293,553.9687637654265,3.928068759139881,553.9687637654265,15.429724176530724,0.0,0.0,2239.856778004086,553.8307449883173,9.142391837558131,553.8307449883173,83.58332851144952,0.0,0.0,21484.023680688588,553.8485556317512,8.648154862445825,553.8485556317512,74.79058252484538,0.0,0.0,60.25060142958797,0.0051940113049303,0.0002276695939864,106.71015924545875,0.0047684794895075,0.0002454416525838,276.27243380983293,0.0053482187462435,0.0003448657924723,2239.856778004086,0.0064594992648542,1000.9510069011772,21484.023680688588,4421.708143923535,6666385442183.441,1.0,554.0,0.0,554.0,0.0,0.0,0.0,1.0,554.0,0.0,554.0,0.0,0.0,0.0,1.0,554.0,0.0,554.0,0.0,0.0,0.0,1.0,554.0,0.0,554.0,0.0,0.0,0.0,1.0,554.0,0.0,554.0,0.0,0.0,0.0
79.59169977013683,551.6839134356218,7038.940170448157,127.44239558149332,517.7720570482313,22076.6269002824,328.8840023318673,443.67252754820913,46924.352690458654,3186.0170654658964,351.4246585092808,62513.51561303195,15834.825610187763,339.0847544466868,63306.4772447142,79.59169977013683,551.6839134356218,7038.940170448157,127.44239558149332,517.7720570482313,22076.6269002824,328.8840023318673,443.67252754820913,46924.352690458654,3186.0170654658964,351.4246585092808,62513.51561303195,15834.825610187763,339.0847544466868,63306.4772447142,77.33982272550469,565.9999999999999,7.62939453125e-06,565.9999999999999,5.820766091346741e-11,0.0,0.0,115.29518310739176,565.999999999449,0.000528139291378,565.999999999449,2.7893111109733576e-07,0.0,0.0,249.36364161333967,565.9977484384107,1.067372987667947,565.9977484384107,1.1392850948031992,0.0,0.0,1838.4916248661148,564.957458589848,22.94425986918673,564.957458589848,526.4390609447728,0.0,0.0,8747.451907353328,565.1233560166156,21.04313072991832,565.1233560166156,442.8133509164328,0.0,0.0,77.33982272550469,0.0039842890128121,0.0001426816144869,115.29518310739176,0.0044039838478282,0.0002336794439611,249.36364161333967,0.0060615906182911,0.0008311317300028,1838.4916248661148,1584.0543841023675,2388197703888.12,8747.451907353328,92260.10810116312,139088157903176.56,1.0,566.0,0.0,566.0,0.0,0.0,0.0,1.0,566.0,0.0,566.0,0.0,0.0,0.0,1.0,566.0,0.0,566.0,0.0,0.0,0.0,1.0,566.0,0.0,566.0,0.0,0.0,0.0,1.0,566.0,0.0,566.0,0.0,0.0,0.0
118.08659073645188,187.1170505260256,48158.50066504885,162.09299321870267,219.49237947677875,55254.242658578136,361.06420823095885,288.0507650940552,63360.82049046969,3460.9696108955177,327.95443497554083,63758.41446779388,20879.60777498403,336.9432431409912,63412.34980251236,118.08659073645188,187.1170505260256,48158.50066504885,162.09299321870267,219.49237947677875,55254.242658578136,361.06420823095885,288.0507650940552,63360.82049046969,3460.9696108955177,327.95443497554083,63758.41446779388,20879.60777498403,336.9432431409912,63412.34980251236,29.66372689234609,566.0,1.0789593218788871e-05,566.0,1.1641532182693479e-10,0.0,0.0,51.084748868739645,565.9999999999998,1.52587890625e-05,565.9999999999998,2.3283064365386963e-10,0.0,0.0,162.69137936714012,565.9999413391563,0.1722857617388785,565.9999413391563,0.0296823836979456,0.0,0.0,1833.9321285941223,565.5755304831283,14.649279885619745,565.5755304831283,214.60140116722323,0.0,0.0,11441.153150770151,565.3221830289365,18.507186482856252,565.3221830289365,342.5159515112173,0.0,0.0,29.66372689234609,0.0111028525651987,0.0007630154660682,51.084748868739645,0.0102329827923417,0.0007419115905447,162.69137936714012,0.0091865843027468,0.0008724845792361,1833.9321285941223,60.30496287522818,90907182921.64444,11441.153150770151,50859.333250714015,76675877502361.81,1.0,566.0,0.0,566.0,0.0,0.0,0.0,1.0,566.0,0.0,566.0,0.0,0.0,0.0,1.0,566.0,0.0,566.0,0.0,0.0,0.0,1.0,566.0,0.0,566.0,0.0,0.0,0.0,1.0,566.0,0.0,566.0,0.0,0.0,0.0
24.034715497252183,74.08315665790326,1.988845631897675,27.195796127021204,74.22164732705714,5.271114090702213,38.24686803687037,74.73618918772299,17.78655407268525,650.6025731826036,77.84276489326585,2658.0475428070577,7472.406739862909,76.8977066786648,1925.684968721604,24.034715497252183,74.08315665790326,1.988845631897675,27.195796127021204,74.22164732705714,5.271114090702213,38.24686803687037,74.73618918772299,17.78655407268525,650.6025731826036,77.84276489326585,2658.0475428070577,7472.406739862909,76.8977066786648,1925.684968721604,1.0,74.0,0.0,74.0,0.0,0.0,0.0,1.0000000000139364,74.0,0.0,74.0,0.0,0.0,0.0,1.0002448195721865,74.0,9.5367431640625e-07,74.0,9.094947017729282e-13,0.0,0.0,1.9534909335438424,74.0,0.0,74.0,0.0,0.0,0.0,3.6667553490314257,74.0,0.0,74.0,0.0,0.0,0.0,1.0,12.020785808563232,5.684341886080804e-14,1.0000000000139364,12.02078580862696,0.2219234689415543,1.0002448195721865,705.8093443838768,1044786937210.4452,1.9534909335438424,179201626.81504703,2.3774882251207923e+17,3.6667553490314257,354938652.97887653,4.085252722224873e+17,1.0,74.0,0.0,74.0,0.0,0.0,0.0,1.0000000000139364,74.0,0.0,74.0,0.0,0.0,0.0,1.0002448195721865,74.0,9.5367431640625e-07,74.0,9.094947017729282e-13,0.0,0.0,1.9534909335438424,74.0,0.0,74.0,0.0,0.0,0.0,3.6667553490314257,74.0,0.0,74.0,0.0,0.0,0.0
111.06431913218262,325.4358937898269,63852.540788965154,156.99461149339692,348.645949828862,62730.12502455763,457.1209575001018,334.375576362768,63525.3430423488,3562.420690830429,326.5146943589596,63800.98708821173,19350.515502772934,338.25396162430405,63348.72731341298,111.06431913218262,325.4358937898269,63852.540788965154,156.99461149339692,348.645949828862,62730.12502455763,457.1209575001018,334.375576362768,63525.3430423488,3562.420690830429,326.5146943589596,63800.98708821173,19350.515502772934,338.25396162430405,63348.72731341298,1.0,60.0,0.0,60.0,0.0,0.0,0.0,1.0,60.0,0.0,60.0,0.0,0.0,0.0,1.0,60.0,0.0,60.0,0.0,0.0,0.0,1.0,60.0,0.0,60.0,0.0,0.0,0.0,1.0,60.0,0.0,60.0,0.0,0.0,0.0,1.0,1507658028.380282,0.0,1.0,1507658028.380282,0.0,1.0,1507658028.380282,0.0,1.0,1507658028.380282,0.0,1.0,1507658028.380282,0.0,1.0,60.0,0.0,60.0,0.0,0.0,0.0,1.0,60.0,0.0,60.0,0.0,0.0,0.0,1.0,60.0,0.0,60.0,0.0,0.0,0.0,1.0,60.0,0.0,60.0,0.0,0.0,0.0,1.0,60.0,0.0,60.0,0.0,0.0,0.0
66.06547455224437,66.87809137126669,48.985461657928674,108.8106589147407,66.68632748288411,48.90765985773397,282.1391650942485,65.72927785198712,47.47508421068778,3271.8075058867853,65.8972908018758,47.9980238241651,16602.842528776455,67.04904083244041,49.18345685911663,66.06547455224437,66.87809137126669,48.985461657928674,108.8106589147407,66.68632748288411,48.90765985773397,282.1391650942485,65.72927785198712,47.47508421068778,3271.8075058867853,65.8972908018758,47.9980238241651,16602.842528776455,67.04904083244041,49.18345685911663,1.0,60.0,0.0,60.0,0.0,0.0,0.0,1.0,60.0,0.0,60.0,0.0,0.0,0.0,1.0,60.0,0.0,60.0,0.0,0.0,0.0,1.0,60.0,0.0,60.0,0.0,0.0,0.0,1.0,60.0,0.0,60.0,0.0,0.0,0.0,1.0,1507657155.21024,0.0,1.0,1507657155.21024,0.0,1.0,1507657155.21024,0.0,1.0,1507657155.21024,0.0,1.0,1507657155.21024,0.0,1.0,60.0,0.0,60.0,0.0,0.0,0.0,1.0,60.0,0.0,60.0,0.0,0.0,0.0,1.0,60.0,0.0,60.0,0.0,0.0,0.0,1.0,60.0,0.0,60.0,0.0,0.0,0.0,1.0,60.0,0.0,60.0,0.0,0.0,0.0
79.66312838294574,363.29952849584186,57762.33782591153,125.3165664293503,329.0880181168467,60449.92571013053,327.3499082182693,326.1319617148872,60596.761936365576,3917.9318089720464,341.6615950799864,59783.499534496055,30100.15414727397,342.1442145447126,59751.234505748056,79.66312838294574,363.29952849584186,57762.33782591153,125.3165664293503,329.0880181168467,60449.92571013053,327.3499082182693,326.1319617148872,60596.761936365576,3917.9318089720464,341.6615950799864,59783.499534496055,30100.15414727397,342.1442145447126,59751.234505748056,48.884204845989686,554.0,1.0789593218788871e-05,554.0,1.1641532182693479e-10,0.0,0.0,68.22333148453892,553.9999999962523,0.0013606870611332,553.9999999962523,1.851469278335572e-06,0.0,0.0,176.2890615759144,553.9977501069063,1.0542495560311709,553.9977501069063,1.1114421263919212,0.0,0.0,2234.168053053842,553.8451972421493,8.743488919484543,553.8451972421493,76.44859848514898,0.0,0.0,17195.551125578197,553.7994237642716,9.952106793318556,553.7994237642716,99.04442962561735,0.0,0.0,48.884204845989686,0.0071567899696349,0.0009626543529984,68.22333148453892,0.0084660233307546,0.0017712289738093,176.2890615759144,0.0089045113472297,0.0022812221525912,2234.168053053842,0.7806857077977666,1167218520.2108572,17195.551125578197,22328.14346118037,33662649817112.05,1.0,554.0,0.0,554.0,0.0,0.0,0.0,1.0,554.0,0.0,554.0,0.0,0.0,0.0,1.0,554.0,0.0,554.0,0.0,0.0,0.0,1.0,554.0,0.0,554.0,0.0,0.0,0.0,1.0,554.0,0.0,554.0,0.0,0.0,0.0
126.0627159260996,66.63377150074167,48.86903651263219,193.90060767101448,66.57553708553829,48.84347413853176,443.1956398182728,65.34408217501544,46.39956075759618,3572.086108674473,66.9040444330165,49.14325112095865,28370.441571887,67.82692244366332,48.477821332875465,126.0627159260996,66.63377150074167,48.86903651263219,193.90060767101448,66.57553708553829,48.84347413853176,443.1956398182728,65.34408217501544,46.39956075759618,3572.086108674473,66.9040444330165,49.14325112095865,28370.441571887,67.82692244366332,48.477821332875465,59.73212341956671,73.99953479008799,0.0807014395539985,73.99953479008799,0.0065127223460876,0.0,0.0,91.04714225063437,73.99632290010184,0.2268609210628988,73.99632290010184,0.0514658775055068,0.0,0.0,168.452105737528,73.9751801683584,0.588949589474394,73.9751801683584,0.3468616189420572,0.0,0.0,1752.578672652705,73.96746695597747,0.6740951100159929,73.96746695597747,0.4544042173474736,0.0,0.0,15785.139612940393,73.97973873775865,0.5322096886138391,73.97973873775865,0.2832471526544396,0.0,0.0,59.73212341956671,0.0058256673651796,0.0013725251563378,91.04714225063437,0.0072878453301209,0.0069619015151411,168.452105737528,0.0149084174305222,0.0402324443071476,1752.578672652705,0.0802867716922558,108006141.2495654,15785.139612940393,18711.40476113704,28210020247260.81,1.0,74.0,0.0,74.0,0.0,0.0,0.0,1.0,74.0,0.0,74.0,0.0,0.0,0.0,1.0,74.0,0.0,74.0,0.0,0.0,0.0,1.0,74.0,0.0,74.0,0.0,0.0,0.0,1.0,74.0,0.0,74.0,0.0,0.0,0.0
96.68099464049686,347.6949074353902,59352.45640342122,157.0582887949269,362.0584252960512,57974.80020350957,510.0899825039435,360.06702602602326,58181.58072582085,4338.340258954659,344.36014241239417,59593.107789756905,20461.36208981984,343.59859639200545,59647.56368493031,96.68099464049686,347.6949074353902,59352.45640342122,157.0582887949269,362.0584252960512,57974.80020350957,510.0899825039435,360.06702602602326,58181.58072582085,4338.340258954659,344.36014241239417,59593.107789756905,20461.36208981984,343.59859639200545,59647.56368493031,1.0,60.0,0.0,60.0,0.0,0.0,0.0,1.0,60.0,0.0,60.0,0.0,0.0,0.0,1.0,60.0,0.0,60.0,0.0,0.0,0.0,1.0,60.0,0.0,60.0,0.0,0.0,0.0,1.0,60.0,0.0,60.0,0.0,0.0,0.0,1.0,1507656023.318358,0.0,1.0,1507656023.318358,0.0,1.0,1507656023.318358,0.0,1.0,1507656023.318358,0.0,1.0,1507656023.318358,0.0,1.0,60.0,0.0,60.0,0.0,0.0,0.0,1.0,60.0,0.0,60.0,0.0,0.0,0.0,1.0,60.0,0.0,60.0,0.0,0.0,0.0,1.0,60.0,0.0,60.0,0.0,0.0,0.0,1.0,60.0,0.0,60.0,0.0,0.0,0.0
1.0,60.0,0.0,1.0,60.0,0.0,1.0,60.0,0.0,1.0,60.0,0.0,1.0,60.0,0.0,1.0,60.0,0.0,1.0,60.0,0.0,1.0,60.0,0.0,1.0,60.0,0.0,1.0,60.0,0.0,1.0,60.0,0.0,60.0,0.0,0.0,0.0,1.0,60.0,0.0,60.0,0.0,0.0,0.0,1.0,60.0,0.0,60.0,0.0,0.0,0.0,1.0,60.0,0.0,60.0,0.0,0.0,0.0,1.0,60.0,0.0,60.0,0.0,0.0,0.0,1.0,1505913439.8334,0.0,1.0,1505913439.8334,0.0,1.0,1505913439.8334,0.0,1.0,1505913439.8334,0.0,1.0,1505913439.8334,0.0,1.0,60.0,0.0,60.0,0.0,0.0,0.0,1.0,60.0,0.0,60.0,0.0,0.0,0.0,1.0,60.0,0.0,60.0,0.0,0.0,0.0,1.0,60.0,0.0,60.0,0.0,0.0,0.0,1.0,60.0,0.0,60.0,0.0,0.0,0.0
1.0,60.0,0.0,1.0,60.0,0.0,1.0,60.0,0.0,1.0,60.0,0.0,1.0,60.0,0.0,1.0,60.0,0.0,1.0,60.0,0.0,1.0,60.0,0.0,1.0,60.0,0.0,1.0,60.0,0.0,1.0,60.0,0.0,60.0,0.0,0.0,0.0,1.0,60.0,0.0,60.0,0.0,0.0,0.0,1.0,60.0,0.0,60.0,0.0,0.0,0.0,1.0,60.0,0.0,60.0,0.0,0.0,0.0,1.0,60.0,0.0,60.0,0.0,0.0,0.0,1.0,1505913546.330685,0.0,1.0,1505913546.330685,0.0,1.0,1505913546.330685,0.0,1.0,1505913546.330685,0.0,1.0,1505913546.330685,0.0,1.0,60.0,0.0,60.0,0.0,0.0,0.0,1.0,60.0,0.0,60.0,0.0,0.0,0.0,1.0,60.0,0.0,60.0,0.0,0.0,0.0,1.0,60.0,0.0,60.0,0.0,0.0,0.0,1.0,60.0,0.0,60.0,0.0,0.0,0.0
1.0,60.0,0.0,1.0,60.0,0.0,1.0,60.0,0.0,1.0,60.0,0.0,1.0,60.0,0.0,1.0,60.0,0.0,1.0,60.0,0.0,1.0,60.0,0.0,1.0,60.0,0.0,1.0,60.0,0.0,1.0,60.0,0.0,60.0,0.0,0.0,0.0,1.0,60.0,0.0,60.0,0.0,0.0,0.0,1.0,60.0,0.0,60.0,0.0,0.0,0.0,1.0,60.0,0.0,60.0,0.0,0.0,0.0,1.0,60.0,0.0,60.0,0.0,0.0,0.0,1.0,1505913458.5752714,0.0,1.0,1505913458.5752714,0.0,1.0,1505913458.5752714,0.0,1.0,1505913458.5752714,0.0,1.0,1505913458.5752714,0.0,1.0,60.0,0.0,60.0,0.0,0.0,0.0,1.0,60.0,0.0,60.0,0.0,0.0,0.0,1.0,60.0,0.0,60.0,0.0,0.0,0.0,1.0,60.0,0.0,60.0,0.0,0.0,0.0,1.0,60.0,0.0,60.0,0.0,0.0,0.0
46.84522611018023,541.6965106417091,5920.143093107735,67.88003638743488,497.0777143598355,24864.95891000898,252.8191483017337,389.4000479788157,54197.764420535335,3792.978779024303,344.0754614306452,59611.910122440095,18260.724021501373,344.06428804187124,59612.8077414029,46.84522611018023,541.6965106417091,5920.143093107735,67.88003638743488,497.0777143598355,24864.95891000898,252.8191483017337,389.4000479788157,54197.764420535335,3792.978779024303,344.0754614306452,59611.910122440095,18260.724021501373,344.06428804187124,59612.8077414029,45.6772484269957,553.9999999999999,1.3214498959113138e-05,553.9999999999999,1.7462298274040222e-10,0.0,0.0,60.05427287944947,554.0,7.62939453125e-06,554.0,5.820766091346741e-11,0.0,0.0,168.55726384694768,553.9999999981246,0.0009623930072767,553.9999999981246,9.262003004550934e-07,0.0,0.0,2181.082697617181,553.9348017114852,5.674830720766405,553.9348017114852,32.203703709354166,0.0,0.0,10502.195848372809,553.835687905064,9.007950734430183,553.835687905064,81.14317643392133,0.0,0.0,45.6772484269957,0.0112722918990145,0.0045151101670631,60.05427287944947,0.0112817007629934,0.0041053996346591,168.55726384694768,0.0093311509496365,0.0023501731813984,2181.082697617181,1802.349925809581,2717310293616.5527,10502.195848372809,79184.99627786322,119377449298542.66,1.0,554.0,0.0,554.0,0.0,0.0,0.0,1.0,554.0,0.0,554.0,0.0,0.0,0.0,1.0,554.0,0.0,554.0,0.0,0.0,0.0,1.0,554.0,0.0,554.0,0.0,0.0,0.0,1.0,554.0,0.0,554.0,0.0,0.0,0.0
1.0,60.0,0.0,1.0,60.0,0.0,1.0,60.0,0.0,1.0,60.0,0.0,1.0,60.0,0.0,1.0,60.0,0.0,1.0,60.0,0.0,1.0,60.0,0.0,1.0,60.0,0.0,1.0,60.0,0.0,1.0,60.0,0.0,60.0,0.0,0.0,0.0,1.0,60.0,0.0,60.0,0.0,0.0,0.0,1.0,60.0,0.0,60.0,0.0,0.0,0.0,1.0,60.0,0.0,60.0,0.0,0.0,0.0,1.0,60.0,0.0,60.0,0.0,0.0,0.0,1.0,1505913553.7176812,0.0,1.0,1505913553.7176812,0.0,1.0,1505913553.7176812,0.0,1.0,1505913553.7176812,0.0,1.0,1505913553.7176812,0.0,1.0,60.0,0.0,60.0,0.0,0.0,0.0,1.0,60.0,0.0,60.0,0.0,0.0,0.0,1.0,60.0,0.0,60.0,0.0,0.0,0.0,1.0,60.0,0.0,60.0,0.0,0.0,0.0,1.0,60.0,0.0,60.0,0.0,0.0,0.0
1.0,60.0,0.0,1.0,60.0,0.0,1.0,60.0,0.0,1.0,60.0,0.0,1.0,60.0,0.0,1.0,60.0,0.0,1.0,60.0,0.0,1.0,60.0,0.0,1.0,60.0,0.0,1.0,60.0,0.0,1.0,60.0,0.0,60.0,0.0,0.0,0.0,1.0,60.0,0.0,60.0,0.0,0.0,0.0,1.0,60.0,0.0,60.0,0.0,0.0,0.0,1.0,60.0,0.0,60.0,0.0,0.0,0.0,1.0,60.0,0.0,60.0,0.0,0.0,0.0,1.0,1505913450.616968,0.0,1.0,1505913450.616968,0.0,1.0,1505913450.616968,0.0,1.0,1505913450.616968,0.0,1.0,1505913450.616968,0.0,1.0,60.0,0.0,60.0,0.0,0.0,0.0,1.0,60.0,0.0,60.0,0.0,0.0,0.0,1.0,60.0,0.0,60.0,0.0,0.0,0.0,1.0,60.0,0.0,60.0,0.0,0.0,0.0,1.0,60.0,0.0,60.0,0.0,0.0,0.0
61.04004158254615,70.1726768294229,38.934191336645206,84.20211088604239,70.28925134325036,38.18430613789496,300.7917991192798,69.24105419562488,44.04777294154882,3572.941998436452,68.53531438248062,46.7953633911493,24829.61937008269,67.76371299245271,48.6075106460903,61.04004158254615,70.1726768294229,38.934191336645206,84.20211088604239,70.28925134325036,38.18430613789496,300.7917991192798,69.24105419562488,44.04777294154882,3572.941998436452,68.53531438248062,46.7953633911493,24829.61937008269,67.76371299245271,48.6075106460903,1.0,60.0,0.0,60.0,0.0,0.0,0.0,1.0,60.0,0.0,60.0,0.0,0.0,0.0,1.0,60.0,0.0,60.0,0.0,0.0,0.0,1.0,60.0,0.0,60.0,0.0,0.0,0.0,1.0,60.0,0.0,60.0,0.0,0.0,0.0,1.0,1507657230.711038,0.0,1.0,1507657230.711038,0.0,1.0,1507657230.711038,0.0,1.0,1507657230.711038,0.0,1.0,1507657230.711038,0.0,1.0,60.0,0.0,60.0,0.0,0.0,0.0,1.0,60.0,0.0,60.0,0.0,0.0,0.0,1.0,60.0,0.0,60.0,0.0,0.0,0.0,1.0,60.0,0.0,60.0,0.0,0.0,0.0,1.0,60.0,0.0,60.0,0.0,0.0,0.0
118.21468579639676,436.55014541932405,44222.05078824467,179.2180141234243,403.0497802366783,51771.95369339982,453.6950779291328,370.7097965259578,56921.45343925473,3740.481123813743,343.4075151683041,59655.66707672407,37332.38122455486,343.11156592687166,59682.45254339513,118.21468579639676,436.55014541932405,44222.05078824467,179.2180141234243,403.0497802366783,51771.95369339982,453.6950779291328,370.7097965259578,56921.45343925473,3740.481123813743,343.4075151683041,59655.66707672407,37332.38122455486,343.11156592687166,59682.45254339513,90.10696856477652,554.0000000000006,2.288818359375e-05,554.0000000000006,5.238689482212067e-10,0.0,0.0,124.44614593897538,554.0000000000001,0.0,554.0000000000001,0.0,0.0,0.0,285.30434072258987,553.999991281657,0.0656266796586818,553.999991281657,0.0043068610830232,0.0,0.0,2145.9245181588885,553.8957080937092,7.176999714668842,553.8957080937092,51.50932490435661,0.0,0.0,21398.143602553973,553.8497579438329,8.613768227509372,553.8497579438329,74.19700307724996,0.0,0.0,90.10696856477652,0.0036327131497885,0.0003033261880215,124.44614593897538,0.0042688103868033,0.0004370224914335,285.30434072258987,0.0053024147958901,0.0007303363109801,2145.9245181588885,0.0067533740816398,214.82534757119137,21398.143602553973,3789.974191212169,5713953060765.278,1.0,554.0,0.0,554.0,0.0,0.0,0.0,1.0,554.0,0.0,554.0,0.0,0.0,0.0,1.0,554.0,0.0,554.0,0.0,0.0,0.0,1.0,554.0,0.0,554.0,0.0,0.0,0.0,1.0,554.0,0.0,554.0,0.0,0.0,0.0
69.5169797310227,74.04633208813202,1.863701940344072,83.83204578620277,73.54857003713157,8.345849637923493,207.13987050668428,70.56086131714271,37.26173211903641,2718.2464501834893,67.43993866380575,49.084438649330885,10869.99393824092,67.10970469644242,49.16973472796508,69.5169797310227,74.04633208813202,1.863701940344072,83.83204578620277,73.54857003713157,8.345849637923493,207.13987050668428,70.56086131714271,37.26173211903641,2718.2464501834893,67.43993866380575,49.084438649330885,10869.99393824092,67.10970469644242,49.16973472796508,68.34709271058964,74.00000000000001,9.5367431640625e-07,74.00000000000001,9.094947017729282e-13,0.0,0.0,79.56960776851726,73.99999999999996,2.3360154559928683e-06,73.99999999999996,5.4569682106375694e-12,0.0,0.0,154.0356758381706,73.9999961431937,0.0073481472488038,73.9999961431937,5.399526799010346e-05,0.0,0.0,1433.8691105056962,73.97416017727045,0.6009074985275715,73.97416017727045,0.3610898217866634,0.0,0.0,5488.500737633408,73.97207401510627,0.6246470426129469,73.97207401510627,0.3901839278451007,0.0,0.0,68.34709271058964,0.0103681758799445,0.0069953491312173,79.56960776851726,0.0108385881451155,0.0071346756452727,154.0356758381706,0.0114402718164972,0.0087228239610205,1433.8691105056962,13436.470799151974,20257394142923.53,5488.500737633408,177622.52689367146,267762292741605.4,1.0,74.0,0.0,74.0,0.0,0.0,0.0,1.0,74.0,0.0,74.0,0.0,0.0,0.0,1.0,74.0,0.0,74.0,0.0,0.0,0.0,1.0,74.0,0.0,74.0,0.0,0.0,0.0,1.0,74.0,0.0,74.0,0.0,0.0,0.0
25.848561859259853,74.04321346043186,1.0352556472053038,39.47238261856533,74.10770181133392,2.573243800522505,128.87199049409224,74.19751374695954,4.705289946092306,901.0745790257628,74.93810639230429,423.7538694191198,8464.073701512161,76.54281691981599,1627.5057811590168,25.848561859259853,74.04321346043186,1.0352556472053038,39.47238261856533,74.10770181133392,2.573243800522505,128.87199049409224,74.19751374695954,4.705289946092306,901.0745790257628,74.93810639230429,423.7538694191198,8464.073701512161,76.54281691981599,1627.5057811590168,1.0000268896316007,74.00000000000001,1.3486991523486091e-06,74.00000000000001,1.8189894035458565e-12,0.0,0.0,1.0018103015003346,73.99999999999999,9.5367431640625e-07,73.99999999999999,9.094947017729282e-13,0.0,0.0,1.1218756571593431,74.0,9.5367431640625e-07,74.0,9.094947017729282e-13,0.0,0.0,1.810198989238332,73.99999999999999,9.5367431640625e-07,73.99999999999999,9.094947017729282e-13,0.0,0.0,1.9791724140215583,74.0,9.5367431640625e-07,74.0,9.094947017729282e-13,0.0,0.0,1.0000268896316007,40495.396384928696,60976335858006.24,1.0018103015003346,2721233.547265314,4090531599986713.0,1.1218756571593431,163595806.605966,2.195974780307609e+17,1.810198989238332,674008377.2946596,5.607107569921537e+17,1.9791724140215583,745032908.0147016,5.668807878486758e+17,1.0000268896316007,74.00000000000001,1.3486991523486091e-06,74.00000000000001,1.8189894035458565e-12,0.0,0.0,1.0018103015003346,73.99999999999999,9.5367431640625e-07,73.99999999999999,9.094947017729282e-13,0.0,0.0,1.1218756571593431,74.0,9.5367431640625e-07,74.0,9.094947017729282e-13,0.0,0.0,1.810198989238332,73.99999999999999,9.5367431640625e-07,73.99999999999999,9.094947017729282e-13,0.0,0.0,1.9791724140215583,74.0,9.5367431640625e-07,74.0,9.094947017729282e-13,0.0,0.0
68.59401275147742,419.17499501851296,52532.09744773572,103.7266275083378,360.502220052448,61587.95592249192,356.094529604864,291.8638934962324,63492.8162023718,3149.455095090785,305.15173075402333,63917.41733917469,7299.030938115743,318.0042112450426,63955.08364628548,68.59401275147742,419.17499501851296,52532.09744773572,103.7266275083378,360.502220052448,61587.95592249192,356.094529604864,291.8638934962324,63492.8162023718,3149.455095090785,305.15173075402333,63917.41733917469,7299.030938115743,318.0042112450426,63955.08364628548,48.64437736329303,565.8826000837968,7.706528067721684,565.8826000837968,59.390574858582106,0.0,0.0,61.6279168623612,565.2058403434619,20.03032941936912,565.2058403434619,401.214096648444,0.0,0.0,164.13985542314458,562.7081089103484,40.67997473472207,562.7081089103484,1654.860344417626,0.0,0.0,1529.969679333597,564.5199889630692,27.32572326613204,564.5199889630692,746.6951520172298,0.0,0.0,3727.400457193994,565.1103553512664,21.198318911157635,565.1103553512664,449.36872465914354,0.0,0.0,48.64437736329303,0.0074947331742362,0.0011189082047866,61.6279168623612,0.0092586145414683,0.0015913907554886,164.13985542314458,0.009348200466479,51022.824005086535,1529.969679333597,70836.53861530527,106792236026015.44,3727.400457193994,310856.8894435303,468569201503527.7,1.0,566.0,0.0,566.0,0.0,0.0,0.0,1.0,566.0,0.0,566.0,0.0,0.0,0.0,1.0,566.0,0.0,566.0,0.0,0.0,0.0,1.0,566.0,0.0,566.0,0.0,0.0,0.0,1.0,566.0,0.0,566.0,0.0,0.0,0.0
1.0,60.0,0.0,1.0,60.0,0.0,1.0,60.0,0.0,1.0,60.0,0.0,1.0,60.0,0.0,1.0,60.0,0.0,1.0,60.0,0.0,1.0,60.0,0.0,1.0,60.0,0.0,1.0,60.0,0.0,1.0,60.0,0.0,60.0,0.0,0.0,0.0,1.0,60.0,0.0,60.0,0.0,0.0,0.0,1.0,60.0,0.0,60.0,0.0,0.0,0.0,1.0,60.0,0.0,60.0,0.0,0.0,0.0,1.0,60.0,0.0,60.0,0.0,0.0,0.0,1.0,1505913581.54847,0.0,1.0,1505913581.54847,0.0,1.0,1505913581.54847,0.0,1.0,1505913581.54847,0.0,1.0,1505913581.54847,0.0,1.0,60.0,0.0,60.0,0.0,0.0,0.0,1.0,60.0,0.0,60.0,0.0,0.0,0.0,1.0,60.0,0.0,60.0,0.0,0.0,0.0,1.0,60.0,0.0,60.0,0.0,0.0,0.0,1.0,60.0,0.0,60.0,0.0,0.0,0.0
70.51669252366385,74.04567505096145,1.837302719774016,84.83183797625091,73.55389150574096,8.249842489060029,208.13969934794383,70.57738454021658,37.139262052180136,2719.2462255759287,67.44235111960857,49.08220793564306,10870.993848422617,67.11033852030431,49.16957853869553,70.51669252366385,74.04567505096145,1.837302719774016,84.83183797625091,73.55389150574096,8.249842489060029,208.13969934794383,70.57738454021658,37.139262052180136,2719.2462255759287,67.44235111960857,49.08220793564306,10870.993848422617,67.11033852030431,49.16957853869553,69.34681033658461,74.00000000000001,0.0,74.00000000000001,0.0,0.0,0.0,80.56941052465656,73.99999999999996,2.3360154559928683e-06,73.99999999999996,5.4569682106375694e-12,0.0,0.0,155.03554855918662,73.99999616807062,0.0073244105378511,73.99999616807062,5.364698972698534e-05,0.0,0.0,1434.8689920256943,73.97417818575965,0.6006984545388073,73.97417818575965,0.3608386332853115,0.0,0.0,5489.500692282156,73.97207910226928,0.624590259021756,73.97207910226928,0.3901129916648641,0.0,0.0,69.34681033658461,0.0102186811340906,0.0068960017415603,80.56941052465656,0.0107040780874938,0.0070475621342622,155.03554855918662,0.0113664882240894,0.0086673991535337,1434.8689920256943,13427.106549960838,20243276328793.76,5489.500692282156,177590.17012083376,267713521320717.7,1.0,74.0,0.0,74.0,0.0,0.0,0.0,1.0,74.0,0.0,74.0,0.0,0.0,0.0,1.0,74.0,0.0,74.0,0.0,0.0,0.0,1.0,74.0,0.0,74.0,0.0,0.0,0.0,1.0,74.0,0.0,74.0,0.0,0.0,0.0
1.0,60.0,0.0,1.0,60.0,0.0,1.0,60.0,0.0,1.0,60.0,0.0,1.0,60.0,0.0,1.0,60.0,0.0,1.0,60.0,0.0,1.0,60.0,0.0,1.0,60.0,0.0,1.0,60.0,0.0,1.0,60.0,0.0,60.0,0.0,0.0,0.0,1.0,60.0,0.0,60.0,0.0,0.0,0.0,1.0,60.0,0.0,60.0,0.0,0.0,0.0,1.0,60.0,0.0,60.0,0.0,0.0,0.0,1.0,60.0,0.0,60.0,0.0,0.0,0.0,1.0,1505913475.047228,0.0,1.0,1505913475.047228,0.0,1.0,1505913475.047228,0.0,1.0,1505913475.047228,0.0,1.0,1505913475.047228,0.0,1.0,60.0,0.0,60.0,0.0,0.0,0.0,1.0,60.0,0.0,60.0,0.0,0.0,0.0,1.0,60.0,0.0,60.0,0.0,0.0,0.0,1.0,60.0,0.0,60.0,0.0,0.0,0.0,1.0,60.0,0.0,60.0,0.0,0.0,0.0
184.18224118330207,74.09934392582016,2.37438500409462,296.60768640332265,74.07671283639353,1.8352237928947943,852.7516938513825,74.0542715664982,2.9038499463695184,7474.099908253318,74.54303057167778,392.5486363959053,19536.310135891352,74.56077525596764,401.5819270639449,184.18224118330207,74.09934392582016,2.37438500409462,296.60768640332265,74.07671283639353,1.8352237928947943,852.7516938513825,74.0542715664982,2.9038499463695184,7474.099908253318,74.54303057167778,392.5486363959053,19536.310135891352,74.56077525596764,401.5819270639449,183.41985006223604,73.99999999999993,3.015782985847835e-06,95.2680429105164,1.0606439709309235e-11,-3.9546705883576255e-27,-5.613510189994627e-16,295.6596187268306,73.99999999998845,1.2615925364802315e-05,95.26804291050745,1.592265234650003e-10,1.402950962408178e-25,5.214807618970704e-15,850.8670264722757,73.9999897029398,0.0120066121980856,95.26803491221592,0.0001441587364752,-4.029231044457302e-19,-2.0316129562328097e-11,7448.190184979087,73.99883094702804,0.1279272248958959,95.26713484474492,0.0163653748695651,1.2026390793174504e-17,2.0781695987151305e-11,19468.251923711712,73.99822672284904,0.1575523268563597,95.26666551384125,0.0248227356978532,-7.138259760923549e-16,-6.685313079963446e-10,183.4198500622361,0.0015955450854289,1.062881494587922e-05,295.6596187268306,0.0016415440471039,1.1914626447214149e-05,850.8670264722792,0.0017014830060318,302.8883730749953,7448.1901849792175,10263.700231794624,15456145053438.36,19468.25192371136,57415.44804529688,86459446119688.23,1.0,74.0,0.0,74.0,0.0,0.0,0.0,1.0,74.0,0.0,74.0,0.0,0.0,0.0,1.0,74.0,0.0,74.0,0.0,0.0,0.0,1.0,74.0,0.0,74.0,0.0,0.0,0.0,1.0,74.0,0.0,74.0,0.0,0.0,0.0
98.86932670542724,539.7336574028244,6838.3177818231625,132.1166328006633,497.5518225880326,24683.5590027211,354.02028105975853,387.9610165296712,54424.463873762106,3896.772079115249,346.03797947076066,59458.41555173,35293.286751586085,342.9935610283753,59690.39746098629,98.86932670542724,539.7336574028244,6838.3177818231625,132.1166328006633,497.5518225880326,24683.5590027211,354.02028105975853,387.9610165296712,54424.463873762106,3896.772079115249,346.03797947076066,59458.41555173,35293.286751586085,342.9935610283753,59690.39746098629,96.01162916458082,553.9999999999999,1.0789593218788871e-05,553.9999999999999,1.1641532182693479e-10,0.0,0.0,117.01125437250772,553.999999957751,0.0045684850128302,553.999999957751,2.08710553124547e-05,0.0,0.0,234.98714691159944,553.9954697507903,1.4959687785459392,553.9954697507903,2.2379225863842294,0.0,0.0,2256.5061597623285,553.8639441785753,8.197137585600274,553.8639441785753,67.19306459726067,0.0,0.0,20221.22541708115,553.8407181490012,8.86903961472967,553.8407181490012,78.65986368764425,0.0,0.0,96.01162916458082,0.0040257627115139,0.0008014141283163,117.01125437250772,0.0049172605295759,0.0009195263430944,234.98714691159944,0.0064683998321934,0.0009650515226021,2256.5061597623285,0.006674524659452,378707.0974059589,20221.22541708115,8511.549710919719,12832406377801.207,1.0,554.0,0.0,554.0,0.0,0.0,0.0,1.0,554.0,0.0,554.0,0.0,0.0,0.0,1.0,554.0,0.0,554.0,0.0,0.0,0.0,1.0,554.0,0.0,554.0,0.0,0.0,0.0,1.0,554.0,0.0,554.0,0.0,0.0,0.0
45.63168996184316,499.4651322447442,23948.494356046893,88.0296741024378,444.31791284732816,42126.691436505,338.931408853701,371.36329878501306,56842.76043514442,3750.689286638723,347.07539466463425,59384.07844963432,9363.851905689677,348.5221508207621,59265.22219627487,45.63168996184316,499.4651322447442,23948.494356046893,88.0296741024378,444.31791284732816,42126.691436505,338.931408853701,371.36329878501306,56842.76043514442,3750.689286638723,347.07539466463425,59384.07844963432,9363.851905689677,348.5221508207621,59265.22219627487,40.59080811337226,553.9999999999999,1.3214498959113138e-05,553.9999999999999,1.7462298274040222e-10,0.0,0.0,68.47491056196539,553.9999999999999,1.3214498959113138e-05,553.9999999999999,1.7462298274040222e-10,0.0,0.0,213.591427249782,553.9999999989415,0.0007231442633711,553.9999999989415,5.229376256465912e-07,0.0,0.0,2179.5328007241,553.9509385967231,4.922796582991618,553.9509385967231,24.23392619751393,0.0,0.0,5469.804467622301,553.8553882487068,8.450875255300412,553.8553882487068,71.41729258064879,0.0,0.0,40.59080811337226,0.0076988052861534,0.0003048251120563,68.47491056196539,0.007384924247985,0.0003098857712049,213.591427249782,0.006974287014382,133158.32756609016,2179.5328007241,56191.89053513519,84714870011735.31,5469.804467622301,214439.07534922703,323254349672328.2,1.0,554.0,0.0,554.0,0.0,0.0,0.0,1.0,554.0,0.0,554.0,0.0,0.0,0.0,1.0,554.0,0.0,554.0,0.0,0.0,0.0,1.0,554.0,0.0,554.0,0.0,0.0,0.0,1.0,554.0,0.0,554.0,0.0,0.0,0.0
1.0,60.0,0.0,1.0,60.0,0.0,1.0,60.0,0.0,1.0,60.0,0.0,1.0,60.0,0.0,1.0,60.0,0.0,1.0,60.0,0.0,1.0,60.0,0.0,1.0,60.0,0.0,1.0,60.0,0.0,1.0,60.0,0.0,60.0,0.0,0.0,0.0,1.0,60.0,0.0,60.0,0.0,0.0,0.0,1.0,60.0,0.0,60.0,0.0,0.0,0.0,1.0,60.0,0.0,60.0,0.0,0.0,0.0,1.0,60.0,0.0,60.0,0.0,0.0,0.0,1.0,1505913566.347745,0.0,1.0,1505913566.347745,0.0,1.0,1505913566.347745,0.0,1.0,1505913566.347745,0.0,1.0,1505913566.347745,0.0,1.0,60.0,0.0,60.0,0.0,0.0,0.0,1.0,60.0,0.0,60.0,0.0,0.0,0.0,1.0,60.0,0.0,60.0,0.0,0.0,0.0,1.0,60.0,0.0,60.0,0.0,0.0,0.0,1.0,60.0,0.0,60.0,0.0,0.0,0.0
94.15692208151115,60.00550324207521,0.1265432679970217,120.08721845916044,60.01976821513618,0.4540676395677109,243.79804609102615,60.05620005045963,1.2567503729310374,2062.0609063752613,60.10040077459689,1.7838026617259857,19665.46561250709,60.09733097795514,1.6542730398655294,94.15692208151115,60.00550324207521,0.1265432679970217,120.08721845916044,60.01976821513618,0.4540676395677109,243.79804609102615,60.05620005045963,1.2567503729310374,2062.0609063752613,60.10040077459689,1.7838026617259857,19665.46561250709,60.09733097795514,1.6542730398655294,1.0,60.0,0.0,60.0,0.0,0.0,0.0,1.0,60.0,0.0,60.0,0.0,0.0,0.0,1.0,60.0,0.0,60.0,0.0,0.0,0.0,1.0,60.0,0.0,60.0,0.0,0.0,0.0,1.0,60.0,0.0,60.0,0.0,0.0,0.0,1.0,1507653534.9313571,0.0,1.0,1507653534.9313571,0.0,1.0,1507653534.9313571,0.0,1.0,1507653534.9313571,0.0,1.0,1507653534.9313571,0.0,1.0,60.0,0.0,60.0,0.0,0.0,0.0,1.0,60.0,0.0,60.0,0.0,0.0,0.0,1.0,60.0,0.0,60.0,0.0,0.0,0.0,1.0,60.0,0.0,60.0,0.0,0.0,0.0,1.0,60.0,0.0,60.0,0.0,0.0,0.0
181.288341400453,74.0184487625383,0.4424302056995657,294.3260465223884,74.02784622720584,0.6676410115915132,836.5738203141899,74.03785434539232,1.0862158574736895,7071.192737935424,74.11024525453611,29.75067242293881,34795.92441363473,74.2826619504375,171.76168826427056,181.288341400453,74.0184487625383,0.4424302056995657,294.3260465223884,74.02784622720584,0.6676410115915132,836.5738203141899,74.03785434539232,1.0862158574736895,7071.192737935424,74.11024525453611,29.75067242293881,34795.92441363473,74.2826619504375,171.76168826427056,181.14898528338776,73.99999999311005,0.0003105787968948,95.2680429051646,9.645918908492094e-08,2.24768980227408e-22,7.58864934011425e-13,293.98451761033465,73.99999719535843,0.0062661789092105,95.26804073199492,3.92649981222355e-05,9.682316959965368e-20,5.728374790972458e-12,835.2524335104052,73.9993478689548,0.0955479425207023,95.26753636486342,0.0091294093199394,1.0760741810784735e-16,4.821089120011256e-10,7051.355022583586,73.9981654846915,0.1602493334489187,95.26661794721043,0.0256798488708227,1.808319603210492e-16,2.4408716358690696e-10,34690.137808592415,73.99826667365016,0.1557676619081218,95.26669654556378,0.0242635644963229,1.2390153391661743e-16,7.475058906999624e-11,181.1489852833878,0.0016190879877089,1.3127191546816992e-05,293.98451761033465,0.0016557331120701,1.703232929680198e-05,835.252433510409,0.001736913902415,2.599916644869397e-05,7051.355022583706,366.73270638905615,552264807432.6177,34690.137808590975,22965.51709767513,34583570749901.805,1.0,74.0,0.0,95.26804291051644,0.0,0.0,0.0,1.0,74.0,0.0,95.26804291051644,0.0,0.0,0.0,1.0,74.0,0.0,95.26804291051644,0.0,0.0,0.0,1.0208899982878583,73.99999999999999,1.3486991523486091e-06,95.26804291051644,1.8189894035458565e-12,0.0,0.0,1.6791939995985472,74.0,9.5367431640625e-07,95.26804291051644,9.094947017729282e-13,0.0,0.0
168.93451002912468,68.1812070835354,47.6145274012315,214.75132737709572,68.07868019772552,47.88838857055453,380.6686884383225,68.27098169628698,47.61822586427661,2995.230001265597,66.55067740383346,49.05968424149432,9862.719050342735,66.86122471590319,49.1449209134471,168.93451002912468,68.1812070835354,47.6145274012315,214.75132737709572,68.07868019772552,47.88838857055453,380.6686884383225,68.27098169628698,47.61822586427661,2995.230001265597,66.55067740383346,49.05968424149432,9862.719050342735,66.86122471590319,49.1449209134471,98.70468270753156,73.99999999815519,0.0001607047340669,73.99999999815519,2.5826011551544067e-08,0.0,0.0,123.80613890139756,73.99999789220989,0.005432224172389,73.99999789220989,2.950905945908744e-05,0.0,0.0,223.8863641249271,73.99785424661535,0.1733088085715668,73.99785424661535,0.030035943128496,0.0,0.0,1393.6523548214432,73.94806974971185,0.8510738823079169,73.94806974971185,0.7243267531466699,0.0,0.0,4809.108649390163,73.9659219120281,0.6898781888829384,73.9659219120281,0.4759319154964032,0.0,0.0,98.70468270753156,0.005114547351828,0.0029148618134327,123.80613890139756,0.0062194650747128,0.0039166431001757,223.8863641249271,0.0079360722292531,0.9588196472844192,1393.6523548214432,27003.24378796904,40710886166028.375,4809.108649390163,216752.8222267491,326741926748547.2,1.0,74.0,0.0,74.0,0.0,0.0,0.0,1.0,74.0,0.0,74.0,0.0,0.0,0.0,1.0,74.0,0.0,74.0,0.0,0.0,0.0,1.0,74.0,0.0,74.0,0.0,0.0,0.0,1.0,74.0,0.0,74.0,0.0,0.0,0.0
87.73575122210865,60.00054151000646,0.0054489548733727,116.88907589552144,60.00372919709359,0.0392988573844377,247.0810792177448,60.02827905648621,0.405770200526149,2040.203707058493,60.08641517071919,1.599888023567928,19758.81323968491,60.09697267592897,1.6890468435653931,87.73575122210865,60.00054151000646,0.0054489548733727,116.88907589552144,60.00372919709359,0.0392988573844377,247.0810792177448,60.02827905648621,0.405770200526149,2040.203707058493,60.08641517071919,1.599888023567928,19758.81323968491,60.09697267592897,1.6890468435653931,1.0,60.0,0.0,60.0,0.0,0.0,0.0,1.0,60.0,0.0,60.0,0.0,0.0,0.0,1.0,60.0,0.0,60.0,0.0,0.0,0.0,1.0,60.0,0.0,60.0,0.0,0.0,0.0,1.0,60.0,0.0,60.0,0.0,0.0,0.0,1.0,1507653574.2658,0.0,1.0,1507653574.2658,0.0,1.0,1507653574.2658,0.0,1.0,1507653574.2658,0.0,1.0,1507653574.2658,0.0,1.0,60.0,0.0,60.0,0.0,0.0,0.0,1.0,60.0,0.0,60.0,0.0,0.0,0.0,1.0,60.0,0.0,60.0,0.0,0.0,0.0,1.0,60.0,0.0,60.0,0.0,0.0,0.0,1.0,60.0,0.0,60.0,0.0,0.0,0.0
1.0,60.0,0.0,1.0,60.0,0.0,1.0,60.0,0.0,1.0,60.0,0.0,1.0,60.0,0.0,1.0,60.0,0.0,1.0,60.0,0.0,1.0,60.0,0.0,1.0,60.0,0.0,1.0,60.0,0.0,1.0,60.0,0.0,60.0,0.0,0.0,0.0,1.0,60.0,0.0,60.0,0.0,0.0,0.0,1.0,60.0,0.0,60.0,0.0,0.0,0.0,1.0,60.0,0.0,60.0,0.0,0.0,0.0,1.0,60.0,0.0,60.0,0.0,0.0,0.0,1.0,1505913433.247659,0.0,1.0,1505913433.247659,0.0,1.0,1505913433.247659,0.0,1.0,1505913433.247659,0.0,1.0,1505913433.247659,0.0,1.0,60.0,0.0,60.0,0.0,0.0,0.0,1.0,60.0,0.0,60.0,0.0,0.0,0.0,1.0,60.0,0.0,60.0,0.0,0.0,0.0,1.0,60.0,0.0,60.0,0.0,0.0,0.0,1.0,60.0,0.0,60.0,0.0,0.0,0.0
1.0,60.0,0.0,1.0,60.0,0.0,1.0,60.0,0.0,1.0,60.0,0.0,1.0,60.0,0.0,1.0,60.0,0.0,1.0,60.0,0.0,1.0,60.0,0.0,1.0,60.0,0.0,1.0,60.0,0.0,1.0,60.0,0.0,60.0,0.0,0.0,0.0,1.0,60.0,0.0,60.0,0.0,0.0,0.0,1.0,60.0,0.0,60.0,0.0,0.0,0.0,1.0,60.0,0.0,60.0,0.0,0.0,0.0,1.0,60.0,0.0,60.0,0.0,0.0,0.0,1.0,1505913425.1074884,0.0,1.0,1505913425.1074884,0.0,1.0,1505913425.1074884,0.0,1.0,1505913425.1074884,0.0,1.0,1505913425.1074884,0.0,1.0,60.0,0.0,60.0,0.0,0.0,0.0,1.0,60.0,0.0,60.0,0.0,0.0,0.0,1.0,60.0,0.0,60.0,0.0,0.0,0.0,1.0,60.0,0.0,60.0,0.0,0.0,0.0,1.0,60.0,0.0,60.0,0.0,0.0,0.0
78.87618202675851,284.2631428755412,63181.4273962056,114.1722035498635,297.88464714426124,63775.20755318109,325.21651840864604,328.90736769280744,63742.9679561738,3213.0234467683417,335.85101094752986,63463.17406083098,23800.23196819653,341.1700132284093,63192.15758501758,78.87618202675851,284.2631428755412,63181.4273962056,114.1722035498635,297.88464714426124,63775.20755318109,325.21651840864604,328.90736769280744,63742.9679561738,3213.0234467683417,335.85101094752986,63463.17406083098,23800.23196819653,341.1700132284093,63192.15758501758,1.0,60.0,0.0,60.0,0.0,0.0,0.0,1.0,60.0,0.0,60.0,0.0,0.0,0.0,1.0,60.0,0.0,60.0,0.0,0.0,0.0,1.0,60.0,0.0,60.0,0.0,0.0,0.0,1.0,60.0,0.0,60.0,0.0,0.0,0.0,1.0,1507658082.885067,0.0,1.0,1507658082.885067,0.0,1.0,1507658082.885067,0.0,1.0,1507658082.885067,0.0,1.0,1507658082.885067,0.0,1.0,60.0,0.0,60.0,0.0,0.0,0.0,1.0,60.0,0.0,60.0,0.0,0.0,0.0,1.0,60.0,0.0,60.0,0.0,0.0,0.0,1.0,60.0,0.0,60.0,0.0,0.0,0.0,1.0,60.0,0.0,60.0,0.0,0.0,0.0
127.1835807336402,478.238450060956,31664.075390031478,193.8440948171672,435.96431957502426,44351.01744930443,474.2899682657949,383.7840861677156,55088.79883399833,4270.668702142628,346.8785602122357,59397.48976257416,20981.894440191933,344.0266516761048,59615.885387283066,127.1835807336402,478.238450060956,31664.075390031478,193.8440948171672,435.96431957502426,44351.01744930443,474.2899682657949,383.7840861677156,55088.79883399833,4270.668702142628,346.8785602122357,59397.48976257416,20981.894440191933,344.0266516761048,59615.885387283066,107.6663480039138,553.9999999999994,1.52587890625e-05,553.9999999999994,2.3283064365386963e-10,0.0,0.0,147.5059431207226,553.9999999352676,0.0056548895220574,553.9999999352676,3.197777550667524e-05,0.0,0.0,310.8209790337304,553.9933522597701,1.812164308439374,553.9933522597701,3.283939480781555,0.0,0.0,2480.877577427829,553.766199108167,10.74443938552272,553.766199108167,115.44297770917184,0.0,0.0,12066.633461472236,553.7948982022614,10.06370813045136,553.7948982022614,101.2782213349128,0.0,0.0,107.6663480039138,0.0029654433755097,0.000180094366517,147.5059431207226,0.0035402509522612,0.000291524912766,310.8209790337304,0.0048330500231395,0.0005590649991382,2480.877577427829,528.1615544728097,796276813437.7827,12066.633461472236,61747.96773976258,93090867520621.0,1.0,554.0,0.0,554.0,0.0,0.0,0.0,1.0,554.0,0.0,554.0,0.0,0.0,0.0,1.0,554.0,0.0,554.0,0.0,0.0,0.0,1.0,554.0,0.0,554.0,0.0,0.0,0.0,1.0,554.0,0.0,554.0,0.0,0.0,0.0
1.0,60.0,0.0,1.0,60.0,0.0,1.0,60.0,0.0,1.0,60.0,0.0,1.0,60.0,0.0,1.0,60.0,0.0,1.0,60.0,0.0,1.0,60.0,0.0,1.0,60.0,0.0,1.0,60.0,0.0,1.0,60.0,0.0,60.0,0.0,0.0,0.0,1.0,60.0,0.0,60.0,0.0,0.0,0.0,1.0,60.0,0.0,60.0,0.0,0.0,0.0,1.0,60.0,0.0,60.0,0.0,0.0,0.0,1.0,60.0,0.0,60.0,0.0,0.0,0.0,1.0,1505913577.063899,0.0,1.0,1505913577.063899,0.0,1.0,1505913577.063899,0.0,1.0,1505913577.063899,0.0,1.0,1505913577.063899,0.0,1.0,60.0,0.0,60.0,0.0,0.0,0.0,1.0,60.0,0.0,60.0,0.0,0.0,0.0,1.0,60.0,0.0,60.0,0.0,0.0,0.0,1.0,60.0,0.0,60.0,0.0,0.0,0.0,1.0,60.0,0.0,60.0,0.0,0.0,0.0
1.0,60.0,0.0,1.0,60.0,0.0,1.0,60.0,0.0,1.0,60.0,0.0,1.0,60.0,0.0,1.0,60.0,0.0,1.0,60.0,0.0,1.0,60.0,0.0,1.0,60.0,0.0,1.0,60.0,0.0,1.0,60.0,0.0,60.0,0.0,0.0,0.0,1.0,60.0,0.0,60.0,0.0,0.0,0.0,1.0,60.0,0.0,60.0,0.0,0.0,0.0,1.0,60.0,0.0,60.0,0.0,0.0,0.0,1.0,60.0,0.0,60.0,0.0,0.0,0.0,1.0,1505913471.573034,0.0,1.0,1505913471.573034,0.0,1.0,1505913471.573034,0.0,1.0,1505913471.573034,0.0,1.0,1505913471.573034,0.0,1.0,60.0,0.0,60.0,0.0,0.0,0.0,1.0,60.0,0.0,60.0,0.0,0.0,0.0,1.0,60.0,0.0,60.0,0.0,0.0,0.0,1.0,60.0,0.0,60.0,0.0,0.0,0.0,1.0,60.0,0.0,60.0,0.0,0.0,0.0
170.62573238181074,74.01022988165184,0.2456974636606901,277.91766398049333,74.02016504889825,0.5527797308477602,783.9769734439869,74.06068033379591,11.193906910547412,7600.012328125571,74.18751901856609,86.33921840239691,29211.70716688101,74.35918372911958,233.8016068684856,170.62573238181074,74.01022988165184,0.2456974636606901,277.91766398049333,74.02016504889825,0.5527797308477602,783.9769734439869,74.06068033379591,11.193906910547412,7600.012328125571,74.18751901856609,86.33921840239691,29211.70716688101,74.35918372911958,233.8016068684856,170.55300848529302,73.99999999999999,1.6518123698891422e-06,95.26804291051644,6.101075935020498e-12,-1.6584514372058373e-27,-4.297999226863042e-16,277.68590530100096,73.99999999988589,3.996339195205109e-05,95.2680429104278,1.5970779404013807e-09,2.132467181536765e-24,2.6376287626450373e-14,782.6781784577388,73.99997607912678,0.0183000450764425,95.2680243298419,0.0003348916497998,-3.036875824565624e-18,-1.0046485476830988e-10,7580.99383192299,73.99822493939573,0.1576315251360682,95.26666412854703,0.0248476977167229,2.8974129134228594e-16,4.6073181510777676e-10,29126.49597967572,73.99813020239921,0.161782787306593,95.26659054175865,0.0261736702686903,-6.554072725686188e-16,-3.869771594973215e-10,170.55300848529288,0.0017192860982309,1.3372510859884877e-05,277.68590530100096,0.0017517555788916,1.6579413635010417e-05,782.6781784577419,0.0018561703921518,3.8619695015609305e-05,7580.993831923105,1629.4801351016586,2453851971743.012,29126.49597967462,31982.28532285523,48161555814181.78,1.0,74.0,0.0,95.26804291051644,0.0,0.0,0.0,1.0,74.0,0.0,95.26804291051644,0.0,0.0,0.0,1.0,74.0,0.0,95.26804291051644,0.0,0.0,0.0,1.0219232804845209,74.00000000000001,9.5367431640625e-07,95.26804291051644,9.094947017729282e-13,0.0,0.0,1.6824809822844595,74.0,0.0,95.26804291051644,0.0,0.0,0.0
141.82795507708516,73.98612615612956,1.1813307975171483,251.6866106417764,74.01909530140419,7.722995546605487,808.0969419451366,74.16580835432096,39.547750736812304,6292.0100123486045,74.11842981007672,28.165253372413645,10867.70119776734,74.10876055323442,26.379851155270444,141.82795507708516,73.98612615612956,1.1813307975171483,251.6866106417764,74.01909530140419,7.722995546605487,808.0969419451366,74.16580835432096,39.547750736812304,6292.0100123486045,74.11842981007672,28.165253372413645,10867.70119776734,74.10876055323442,26.379851155270444,141.55704249533488,74.00000000000003,1.9073486328125e-06,95.26804291051644,6.9414170513817895e-12,2.700902861085633e-28,5.824010073585067e-17,251.0883476284461,74.00000000000017,5.046370145920927e-06,95.26804291051668,3.077534404963195e-11,1.6851034138273755e-26,8.032866859809665e-16,805.6278160636522,73.99999871789872,0.0042366712898858,95.26804191463688,1.7949383618543294e-05,1.1068036004216731e-19,1.3696692671040676e-11,6269.599866299155,73.9983908074973,0.1500869932322869,95.26679296637992,0.0225261055375085,7.946352774649371e-17,1.0784543350386138e-10,10830.228448156977,73.99766552411364,0.1807683950579678,95.266229604297,0.0326772126518335,8.801216992572248e-16,7.293266776326856e-10,141.55704249533505,0.0021408800813627,6.043129269174103e-05,251.08834762844623,0.001964565070345,0.0137402694897992,805.6278160636549,2.1492297716266413,3233838241.742062,6269.599866299222,61176.63126343388,92122989626108.84,10830.228448156884,121273.25491176714,182612361416029.7,1.0,74.0,0.0,74.0,0.0,0.0,0.0,1.0,74.0,0.0,74.0,0.0,0.0,0.0,1.0,74.0,0.0,74.0,0.0,0.0,0.0,1.0,74.0,0.0,74.0,0.0,0.0,0.0,1.0,74.0,0.0,74.0,0.0,0.0,0.0
113.47503414638427,205.99762958512608,50724.16221127887,167.83029784720858,228.921317058197,54833.09036266627,444.6771717511209,291.3647007280133,60714.984718634514,4368.6587338327145,339.2665394127107,59942.30045966661,15672.003478203424,343.71902105268964,59637.5439167367,113.47503414638427,205.99762958512608,50724.16221127887,167.83029784720858,228.921317058197,54833.09036266627,444.6771717511209,291.3647007280133,60714.984718634514,4368.6587338327145,339.2665394127107,59942.30045966661,15672.003478203424,343.71902105268964,59637.5439167367,33.49599920846577,554.0000000000001,1.7059844799040144e-05,554.0000000000001,2.910383045673371e-10,0.0,0.0,57.33155662058429,553.9999999998311,0.0002889113804437,553.9999999998311,8.346978574991226e-08,0.0,0.0,208.1704977616633,553.999093060998,0.6693482236733607,553.999093060998,0.4480270445346832,0.0,0.0,2470.289261920109,553.7823362634568,10.367184205453238,553.7823362634568,107.47850834979909,0.0,0.0,9003.34858003549,553.7810685582474,10.397317021710595,553.7810685582474,108.10420124995292,0.0,0.0,33.49599920846577,0.0095298501403751,0.0004885781490841,57.33155662058429,0.0089598947143731,0.0005100286850799,208.1704977616633,0.0071488815329258,0.0007042368226125,2470.289261920109,6017.1081625973975,9071683810718.65,9003.34858003549,105507.05370880016,159057194032505.1,1.0,554.0,0.0,554.0,0.0,0.0,0.0,1.0,554.0,0.0,554.0,0.0,0.0,0.0,1.0,554.0,0.0,554.0,0.0,0.0,0.0,1.0,554.0,0.0,554.0,0.0,0.0,0.0,1.0,554.0,0.0,554.0,0.0,0.0,0.0
123.83642758578932,303.68110515106105,60972.827721449656,171.9083435463184,329.516199300068,60477.35226068374,420.36657874699625,341.85089179603284,59772.08406211071,3920.518989205982,339.7413296914545,59915.59775431308,37441.98028234438,343.3225884684214,59667.97502964371,123.83642758578932,303.68110515106105,60972.827721449656,171.9083435463184,329.516199300068,60477.35226068374,420.36657874699625,341.85089179603284,59772.08406211071,3920.518989205982,339.7413296914545,59915.59775431308,37441.98028234438,343.3225884684214,59667.97502964371,1.0,60.0,0.0,60.0,0.0,0.0,0.0,1.0,60.0,0.0,60.0,0.0,0.0,0.0,1.0,60.0,0.0,60.0,0.0,0.0,0.0,1.0,60.0,0.0,60.0,0.0,0.0,0.0,1.0,60.0,0.0,60.0,0.0,0.0,0.0,1.0,1507656327.197766,0.0,1.0,1507656327.197766,0.0,1.0,1507656327.197766,0.0,1.0,1507656327.197766,0.0,1.0,1507656327.197766,0.0,1.0,60.0,0.0,60.0,0.0,0.0,0.0,1.0,60.0,0.0,60.0,0.0,0.0,0.0,1.0,60.0,0.0,60.0,0.0,0.0,0.0,1.0,60.0,0.0,60.0,0.0,0.0,0.0,1.0,60.0,0.0,60.0,0.0,0.0,0.0
30.34032051332335,60.13824755993797,1.3721668011021393,49.8792755675517,60.13912095524631,1.4383784203705543,181.09913775070623,60.1425124505105,1.8296101695568725,1982.123787580796,60.11500454800111,1.7441068909674868,18358.293973350912,60.10007284710899,1.6800836987699768,30.34032051332335,60.13824755993797,1.3721668011021393,49.8792755675517,60.13912095524631,1.4383784203705543,181.09913775070623,60.1425124505105,1.8296101695568725,1982.123787580796,60.11500454800111,1.7441068909674868,18358.293973350912,60.10007284710899,1.6800836987699768,1.0,60.0,0.0,60.0,0.0,0.0,0.0,1.0,60.0,0.0,60.0,0.0,0.0,0.0,1.0,60.0,0.0,60.0,0.0,0.0,0.0,1.0,60.0,0.0,60.0,0.0,0.0,0.0,1.0,60.0,0.0,60.0,0.0,0.0,0.0,1.0,1507653336.7792802,0.0,1.0,1507653336.7792802,0.0,1.0,1507653336.7792802,0.0,1.0,1507653336.7792802,0.0,1.0,1507653336.7792802,0.0,1.0,60.0,0.0,60.0,0.0,0.0,0.0,1.0,60.0,0.0,60.0,0.0,0.0,0.0,1.0,60.0,0.0,60.0,0.0,0.0,0.0,1.0,60.0,0.0,60.0,0.0,0.0,0.0,1.0,60.0,0.0,60.0,0.0,0.0,0.0
164.4795893438873,74.03337500406627,0.7998862066970105,261.96422441889007,74.04217219407043,1.010354163802731,752.6964400550185,74.04657858714256,1.1995806486729634,7509.061068930225,74.40857012835534,287.5780453248517,21255.06394275463,74.50427123007391,358.06055635948366,164.4795893438873,74.03337500406627,0.7998862066970105,261.96422441889007,74.04217219407043,1.010354163802731,752.6964400550185,74.04657858714256,1.1995806486729634,7509.061068930225,74.40857012835534,287.5780453248517,21255.06394275463,74.50427123007391,358.06055635948366,164.25085988708838,73.99999999999997,1.3486991523486091e-06,95.26804291051644,6.1852326820078106e-12,-5.846964475860602e-28,-1.783029816314186e-16,261.50390749753944,74.0,2.6973983046972182e-06,95.2680429105164,1.0616183799292003e-11,3.0723624798819637e-28,4.096545878407943e-17,751.2376411750029,73.99999946186476,0.0027447914870103,95.26804249251678,7.533880307173088e-06,1.0237414315292992e-19,1.1061800674463299e-11,7486.511195668065,73.99914490402696,0.1094102940213368,95.2673787113257,0.0119706124378353,1.1532365474656041e-16,5.526244933403929e-10,21185.121428211303,73.99841979454368,0.1487292149599851,95.26681548204168,0.0221203793826134,-2.8082711028432583e-16,-1.7008774021931975e-10,164.25085988708827,0.0017977727562586,2.116054617901388e-05,261.5039074975396,0.0018643030323961,2.1303228649219813e-05,751.2376411750046,0.0019292825562364,15.829290650961823,7486.511195668177,7507.3153563025135,11305314553724.8,21185.12142821085,51164.14239835028,77046194179913.06,1.0,74.0,0.0,74.0,0.0,0.0,0.0,1.0,74.0,0.0,74.0,0.0,0.0,0.0,1.0,74.0,0.0,74.0,0.0,0.0,0.0,1.0,74.0,0.0,74.0,0.0,0.0,0.0,1.0,74.0,0.0,74.0,0.0,0.0,0.0
70.76488901891166,499.1969015769782,29269.81634658333,117.41108022857836,436.9412901168977,48601.787643752825,374.2667667417647,371.7981289933889,60529.21692854902,3273.850231825307,287.730341718213,63343.51380333267,27681.49378912932,328.647356658386,63739.73642560117,70.76488901891166,499.1969015769782,29269.81634658333,117.41108022857836,436.9412901168977,48601.787643752825,374.2667667417647,371.7981289933889,60529.21692854902,3273.850231825307,287.730341718213,63343.51380333267,27681.49378912932,328.647356658386,63739.73642560117,61.41375726492381,565.9079371952909,6.824610144378528,565.9079371952909,46.57530362275429,0.0,0.0,87.51938526655525,565.558909255047,14.933095991815062,565.558909255047,222.9973559007631,0.0,0.0,231.31898593206964,564.4052798257646,28.36168675746549,564.4052798257646,804.3852757285931,0.0,0.0,1476.8485215823612,564.7063404263438,25.552263875793127,564.7063404263438,652.9181891781627,0.0,0.0,14716.194342046,565.237698424636,19.62507308114825,565.237698424636,385.1434934404097,0.0,0.0,61.41375726492381,0.0053846530895915,0.0004288172494596,87.51938526655525,0.0060659582324407,0.0005857943280789,231.31898593206964,0.0065718340869065,0.0011856893424475,1476.8485215823612,0.047399608664412,55592401.91957958,14716.194342046,18462.140933998417,27834239734918.37,1.0,566.0,0.0,566.0,0.0,0.0,0.0,1.0,566.0,0.0,566.0,0.0,0.0,0.0,1.0,566.0,0.0,566.0,0.0,0.0,0.0,1.0,566.0,0.0,566.0,0.0,0.0,0.0,1.0,566.0,0.0,566.0,0.0,0.0,0.0
60.35565465566104,494.5799196848896,25821.125109912417,111.14083067287642,418.89090015936216,48483.9430824033,395.4277764546186,337.24716291136787,60082.17709676991,3196.35875090456,306.63873859552086,60987.69614729608,25109.868533061977,303.99007816313264,60973.08130271272,60.35565465566104,494.5799196848896,25821.125109912417,111.14083067287642,418.89090015936216,48483.9430824033,395.4277764546186,337.24716291136787,60082.17709676991,3196.35875090456,306.63873859552086,60987.69614729608,25109.868533061977,303.99007816313264,60973.08130271272,53.09544406346532,553.9999999999997,1.3214498959113138e-05,553.9999999999997,1.7462298274040222e-10,0.0,0.0,80.74123261053474,554.0000000000001,1.8688123647942943e-05,554.0000000000001,3.4924596548080444e-10,0.0,0.0,221.9057096494573,553.9999940116402,0.0543897936194307,553.9999940116402,0.0029582496499642,0.0,0.0,1595.9451166215235,553.8792118162845,7.723650236129853,553.8792118162845,59.65477297006874,0.0,0.0,12405.460588642463,553.7457808770098,11.203553873375542,553.7457808770098,125.51961939362808,0.0,0.0,53.09544406346532,0.0079259701112119,0.0020411785911508,80.74123261053474,0.0073807436558747,0.0016825932148137,221.9057096494573,0.0070820840429993,0.0018900876155087,1595.9451166215235,0.2512134717790206,365024330.8222696,12405.460588642463,26641.814613125367,40166056300339.32,53.09544406346532,553.9999999999997,1.3214498959113138e-05,553.9999999999997,1.7462298274040222e-10,0.0,0.0,80.74123261053474,554.0000000000001,1.8688123647942943e-05,554.0000000000001,3.4924596548080444e-10,0.0,0.0,221.90570695947497,554.0000000000001,1.3214498959113138e-05,554.0000000000001,1.7462298274040222e-10,0.0,0.0,1595.554891293698,553.9999999999978,4.448663249851456e-05,553.9999999999978,1.979060471057892e-09,0.0,0.0,12399.076569794028,553.9999999999958,7.317858159351683e-05,553.9999999999958,5.355104804039002e-09,0.0,0.0
27.100973475443386,75.67683888452726,375.6599729128056,38.182021547616046,77.1865702856002,735.2226048684587,70.10936013732031,78.88239072464712,1108.3582917258957,685.1662949634198,76.28448695941181,1017.0252990687824,4284.381371302775,76.66255206009205,1640.0616376975674,27.100973475443386,75.67683888452726,375.6599729128056,38.182021547616046,77.1865702856002,735.2226048684587,70.10936013732031,78.88239072464712,1108.3582917258957,685.1662949634198,76.28448695941181,1017.0252990687824,4284.381371302775,76.66255206009205,1640.0616376975674,1.0,74.0,0.0,74.0,0.0,0.0,0.0,1.0,74.0,0.0,74.0,0.0,0.0,0.0,1.0,74.0,0.0,74.0,0.0,0.0,0.0,1.0,74.0,0.0,74.0,0.0,0.0,0.0,1.0,74.0,0.0,74.0,0.0,0.0,0.0,1.0,1505912866.585417,0.0,1.0,1505912866.585417,0.0,1.0,1505912866.585417,0.0,1.0,1505912866.585417,0.0,1.0,1505912866.585417,0.0,1.0,74.0,0.0,74.0,0.0,0.0,0.0,1.0,74.0,0.0,74.0,0.0,0.0,0.0,1.0,74.0,0.0,74.0,0.0,0.0,0.0,1.0,74.0,0.0,74.0,0.0,0.0,0.0,1.0,74.0,0.0,74.0,0.0,0.0,0.0
1.0,60.0,0.0,1.0,60.0,0.0,1.0,60.0,0.0,1.0,60.0,0.0,1.0,60.0,0.0,1.0,60.0,0.0,1.0,60.0,0.0,1.0,60.0,0.0,1.0,60.0,0.0,1.0,60.0,0.0,1.0,60.0,0.0,60.0,0.0,0.0,0.0,1.0,60.0,0.0,60.0,0.0,0.0,0.0,1.0,60.0,0.0,60.0,0.0,0.0,0.0,1.0,60.0,0.0,60.0,0.0,0.0,0.0,1.0,60.0,0.0,60.0,0.0,0.0,0.0,1.0,1505913445.589013,0.0,1.0,1505913445.589013,0.0,1.0,1505913445.589013,0.0,1.0,1505913445.589013,0.0,1.0,1505913445.589013,0.0,1.0,60.0,0.0,60.0,0.0,0.0,0.0,1.0,60.0,0.0,60.0,0.0,0.0,0.0,1.0,60.0,0.0,60.0,0.0,0.0,0.0,1.0,60.0,0.0,60.0,0.0,0.0,0.0,1.0,60.0,0.0,60.0,0.0,0.0,0.0
195.66631226495568,74.11862374005536,2.8333234925748907,312.6756515779809,74.08358349299601,2.0078771790022074,884.9997397897446,74.04970139669197,1.3065325513625794,7488.243590221859,74.07028532423419,11.397789506610934,16472.384497853236,74.08227819053445,16.496824894406927,195.66631226495568,74.11862374005536,2.8333234925748907,312.6756515779809,74.08358349299601,2.0078771790022074,884.9997397897446,74.04970139669197,1.3065325513625794,7488.243590221859,74.07028532423419,11.397789506610934,16472.384497853236,74.08227819053445,16.496824894406927,194.69910977329369,73.99998875168872,0.0125489535608405,95.2680341733262,0.0001574762354721,2.0214266337010493e-18,7.202264057687859e-11,311.58367565279787,73.99976603693982,0.0572313560520593,95.26786117847848,0.0032754281155575,-9.534433412725952e-18,-5.151240740091232e-11,883.0670417235318,73.99725211167495,0.1961195697689748,95.2659084881826,0.0384628856463678,-1.7908178095457962e-16,-3.6189398613961836e-10,7469.742355467843,73.99781445767039,0.1749080212556908,95.2663452878916,0.0305928158995811,-2.483681998837435e-17,-3.722426960347634e-11,16426.220829715818,73.99774033355186,0.1778488798821713,95.26628771224256,0.0316302240753429,3.2835906207804954e-16,2.8700673433343657e-10,194.69910977329377,0.0015392813432963,3.346624876745428e-05,311.58367565279764,0.0015798136033516,3.427490087922029e-05,883.0670417235341,0.002367507386768,1087195.5551868551,7469.742355467909,23289.739993384825,35071796451998.98,16426.220829715607,73880.44188868112,111252117954975.23,1.0,74.0,0.0,74.0,0.0,0.0,0.0,1.0,74.0,0.0,74.0,0.0,0.0,0.0,1.0,74.0,0.0,74.0,0.0,0.0,0.0,1.0,74.0,0.0,74.0,0.0,0.0,0.0,1.0,74.0,0.0,74.0,0.0,0.0,0.0
103.44869883201154,70.14726359955907,39.11850736364522,156.23229083843282,70.03181476331821,39.90084895681594,401.4592467264012,68.97137664125526,45.33941068339573,3400.995068616909,66.5184387815806,48.99992512687823,16988.100167664325,67.1381172308147,49.17183600334739,103.44869883201154,70.14726359955907,39.11850736364522,156.23229083843282,70.03181476331821,39.90084895681594,401.4592467264012,68.97137664125526,45.33941068339573,3400.995068616909,66.5184387815806,48.99992512687823,16988.100167664325,67.1381172308147,49.17183600334739,1.0,60.0,0.0,60.0,0.0,0.0,0.0,1.0,60.0,0.0,60.0,0.0,0.0,0.0,1.0,60.0,0.0,60.0,0.0,0.0,0.0,1.0,60.0,0.0,60.0,0.0,0.0,0.0,1.0,60.0,0.0,60.0,0.0,0.0,0.0,1.0,1507657157.461043,0.0,1.0,1507657157.461043,0.0,1.0,1507657157.461043,0.0,1.0,1507657157.461043,0.0,1.0,1507657157.461043,0.0,1.0,60.0,0.0,60.0,0.0,0.0,0.0,1.0,60.0,0.0,60.0,0.0,0.0,0.0,1.0,60.0,0.0,60.0,0.0,0.0,0.0,1.0,60.0,0.0,60.0,0.0,0.0,0.0,1.0,60.0,0.0,60.0,0.0,0.0,0.0
134.55607875350867,521.0370861423515,15196.990779258018,175.73628517576472,479.9089006194169,31109.620944014663,399.9386100590679,392.33298436902845,53710.522436468105,3997.54328240992,345.27717289152434,59520.87989307326,17358.50582909134,344.8043719959577,59557.27726661488,134.55607875350867,521.0370861423515,15196.990779258018,175.73628517576472,479.9089006194169,31109.620944014663,399.9386100590679,392.33298436902845,53710.522436468105,3997.54328240992,345.27717289152434,59520.87989307326,17358.50582909134,344.8043719959577,59557.27726661488,125.57753846887928,554.0000000000001,1.0789593218788871e-05,554.0000000000001,1.1641532182693479e-10,0.0,0.0,149.37758516197349,554.0000000000003,1.8688123647942943e-05,554.0000000000003,3.4924596548080444e-10,0.0,0.0,269.02558728959906,553.9999998311093,0.0091341187529668,553.9999998311093,8.343212539330125e-05,0.0,0.0,2308.599457154162,553.8987662123144,7.071014272134224,553.8987662123144,49.99924283672591,0.0,0.0,10009.654838294777,553.8188213086387,9.458829093222969,553.8188213086387,89.46944781480124,0.0,0.0,125.57753846887928,0.0035896969494859,0.0012355455051926,149.37758516197349,0.0043709634047581,0.0015170122372488,269.02558728959906,0.0059341811672858,0.0018117956381382,2308.599457154162,2798.515886924192,4219181789159.638,10009.654838294777,87313.31607719125,131630805610911.9,1.0,554.0,0.0,554.0,0.0,0.0,0.0,1.0,554.0,0.0,554.0,0.0,0.0,0.0,1.0,554.0,0.0,554.0,0.0,0.0,0.0,1.0,554.0,0.0,554.0,0.0,0.0,0.0,1.0,554.0,0.0,554.0,0.0,0.0,0.0
1.0,60.0,0.0,1.0,60.0,0.0,1.0,60.0,0.0,1.0,60.0,0.0,1.0,60.0,0.0,1.0,60.0,0.0,1.0,60.0,0.0,1.0,60.0,0.0,1.0,60.0,0.0,1.0,60.0,0.0,1.0,60.0,0.0,60.0,0.0,0.0,0.0,1.0,60.0,0.0,60.0,0.0,0.0,0.0,1.0,60.0,0.0,60.0,0.0,0.0,0.0,1.0,60.0,0.0,60.0,0.0,0.0,0.0,1.0,60.0,0.0,60.0,0.0,0.0,0.0,1.0,1505913569.4140608,0.0,1.0,1505913569.4140608,0.0,1.0,1505913569.4140608,0.0,1.0,1505913569.4140608,0.0,1.0,1505913569.4140608,0.0,1.0,60.0,0.0,60.0,0.0,0.0,0.0,1.0,60.0,0.0,60.0,0.0,0.0,0.0,1.0,60.0,0.0,60.0,0.0,0.0,0.0,1.0,60.0,0.0,60.0,0.0,0.0,0.0,1.0,60.0,0.0,60.0,0.0,0.0,0.0
1.0,60.0,0.0,1.0,60.0,0.0,1.0,60.0,0.0,1.0,60.0,0.0,1.0,60.0,0.0,1.0,60.0,0.0,1.0,60.0,0.0,1.0,60.0,0.0,1.0,60.0,0.0,1.0,60.0,0.0,1.0,60.0,0.0,60.0,0.0,0.0,0.0,1.0,60.0,0.0,60.0,0.0,0.0,0.0,1.0,60.0,0.0,60.0,0.0,0.0,0.0,1.0,60.0,0.0,60.0,0.0,0.0,0.0,1.0,60.0,0.0,60.0,0.0,0.0,0.0,1.0,1505913470.1772618,0.0,1.0,1505913470.1772618,0.0,1.0,1505913470.1772618,0.0,1.0,1505913470.1772618,0.0,1.0,1505913470.1772618,0.0,1.0,60.0,0.0,60.0,0.0,0.0,0.0,1.0,60.0,0.0,60.0,0.0,0.0,0.0,1.0,60.0,0.0,60.0,0.0,0.0,0.0,1.0,60.0,0.0,60.0,0.0,0.0,0.0,1.0,60.0,0.0,60.0,0.0,0.0,0.0
1.0,60.0,0.0,1.0,60.0,0.0,1.0,60.0,0.0,1.0,60.0,0.0,1.0,60.0,0.0,1.0,60.0,0.0,1.0,60.0,0.0,1.0,60.0,0.0,1.0,60.0,0.0,1.0,60.0,0.0,1.0,60.0,0.0,60.0,0.0,0.0,0.0,1.0,60.0,0.0,60.0,0.0,0.0,0.0,1.0,60.0,0.0,60.0,0.0,0.0,0.0,1.0,60.0,0.0,60.0,0.0,0.0,0.0,1.0,60.0,0.0,60.0,0.0,0.0,0.0,1.0,1505913432.926684,0.0,1.0,1505913432.926684,0.0,1.0,1505913432.926684,0.0,1.0,1505913432.926684,0.0,1.0,1505913432.926684,0.0,1.0,60.0,0.0,60.0,0.0,0.0,0.0,1.0,60.0,0.0,60.0,0.0,0.0,0.0,1.0,60.0,0.0,60.0,0.0,0.0,0.0,1.0,60.0,0.0,60.0,0.0,0.0,0.0,1.0,60.0,0.0,60.0,0.0,0.0,0.0
1.0,60.0,0.0,1.0,60.0,0.0,1.0,60.0,0.0,1.0,60.0,0.0,1.0,60.0,0.0,1.0,60.0,0.0,1.0,60.0,0.0,1.0,60.0,0.0,1.0,60.0,0.0,1.0,60.0,0.0,1.0,60.0,0.0,60.0,0.0,0.0,0.0,1.0,60.0,0.0,60.0,0.0,0.0,0.0,1.0,60.0,0.0,60.0,0.0,0.0,0.0,1.0,60.0,0.0,60.0,0.0,0.0,0.0,1.0,60.0,0.0,60.0,0.0,0.0,0.0,1.0,1505913581.939466,0.0,1.0,1505913581.939466,0.0,1.0,1505913581.939466,0.0,1.0,1505913581.939466,0.0,1.0,1505913581.939466,0.0,1.0,60.0,0.0,60.0,0.0,0.0,0.0,1.0,60.0,0.0,60.0,0.0,0.0,0.0,1.0,60.0,0.0,60.0,0.0,0.0,0.0,1.0,60.0,0.0,60.0,0.0,0.0,0.0,1.0,60.0,0.0,60.0,0.0,0.0,0.0
74.03016098192793,503.7086833363391,27574.02137636964,120.67563436103885,442.2885566720397,47249.5964904445,377.4136516763844,374.37091605052393,60220.346480796376,3277.2256378885368,288.15489218105176,63364.831137904286,27685.11983571217,328.69022312130954,63738.39750539765,74.03016098192793,503.7086833363391,27574.02137636964,120.67563436103885,442.2885566720397,47249.5964904445,377.4136516763844,374.37091605052393,60220.346480796376,3277.2256378885368,288.15489218105176,63364.831137904286,27685.11983571217,328.69022312130954,63738.39750539765,64.90824758893584,565.9150287995027,6.556539281255267,565.9150287995027,42.98820734664332,0.0,0.0,91.2257493893976,565.5830847074851,14.51844756340569,565.5830847074851,210.78531965136065,0.0,0.0,235.17364263089885,564.4391848360235,28.059514054872523,564.4391848360235,787.3363289955887,0.0,0.0,1481.1156587290554,564.7107076038163,25.509207702054844,564.7107076038163,650.7196775865741,0.0,0.0,14720.463912951633,565.237957350423,19.62174486849408,565.237957350423,385.0128716842737,0.0,0.0,64.90824758893584,0.0050801917902485,0.0003975254753505,91.2257493893976,0.0058119876747549,0.0005552480636153,235.17364263089885,0.0064625608773764,0.0011612040469148,1481.1156587290554,0.0472444303442453,55404731.30649465,14720.463912951633,18455.870024747524,27824785583913.23,1.0,566.0,0.0,566.0,0.0,0.0,0.0,1.0,566.0,0.0,566.0,0.0,0.0,0.0,1.0,566.0,0.0,566.0,0.0,0.0,0.0,1.0,566.0,0.0,566.0,0.0,0.0,0.0,1.0,566.0,0.0,566.0,0.0,0.0,0.0
1.0,60.0,0.0,1.0,60.0,0.0,1.0,60.0,0.0,1.0,60.0,0.0,1.0,60.0,0.0,1.0,60.0,0.0,1.0,60.0,0.0,1.0,60.0,0.0,1.0,60.0,0.0,1.0,60.0,0.0,1.0,60.0,0.0,60.0,0.0,0.0,0.0,1.0,60.0,0.0,60.0,0.0,0.0,0.0,1.0,60.0,0.0,60.0,0.0,0.0,0.0,1.0,60.0,0.0,60.0,0.0,0.0,0.0,1.0,60.0,0.0,60.0,0.0,0.0,0.0,1.0,1505913458.374124,0.0,1.0,1505913458.374124,0.0,1.0,1505913458.374124,0.0,1.0,1505913458.374124,0.0,1.0,1505913458.374124,0.0,1.0,60.0,0.0,60.0,0.0,0.0,0.0,1.0,60.0,0.0,60.0,0.0,0.0,0.0,1.0,60.0,0.0,60.0,0.0,0.0,0.0,1.0,60.0,0.0,60.0,0.0,0.0,0.0,1.0,60.0,0.0,60.0,0.0,0.0,0.0
1.0,60.0,0.0,1.0,60.0,0.0,1.0,60.0,0.0,1.0,60.0,0.0,1.0,60.0,0.0,1.0,60.0,0.0,1.0,60.0,0.0,1.0,60.0,0.0,1.0,60.0,0.0,1.0,60.0,0.0,1.0,60.0,0.0,60.0,0.0,0.0,0.0,1.0,60.0,0.0,60.0,0.0,0.0,0.0,1.0,60.0,0.0,60.0,0.0,0.0,0.0,1.0,60.0,0.0,60.0,0.0,0.0,0.0,1.0,60.0,0.0,60.0,0.0,0.0,0.0,1.0,1505913548.013403,0.0,1.0,1505913548.013403,0.0,1.0,1505913548.013403,0.0,1.0,1505913548.013403,0.0,1.0,1505913548.013403,0.0,1.0,60.0,0.0,60.0,0.0,0.0,0.0,1.0,60.0,0.0,60.0,0.0,0.0,0.0,1.0,60.0,0.0,60.0,0.0,0.0,0.0,1.0,60.0,0.0,60.0,0.0,0.0,0.0,1.0,60.0,0.0,60.0,0.0,0.0,0.0
86.9509078724273,308.9855514548281,60951.25948508893,134.66284051275906,339.4736076201488,59899.04869212965,387.8829220265274,361.4661415225581,57998.64623494171,3718.997201679824,348.72031373744016,59241.655740631846,35679.05972630811,343.5020352537122,59653.375979329896,86.9509078724273,308.9855514548281,60951.25948508893,134.66284051275906,339.4736076201488,59899.04869212965,387.8829220265274,361.4661415225581,57998.64623494171,3718.997201679824,348.72031373744016,59241.655740631846,35679.05972630811,343.5020352537122,59653.375979329896,1.0,60.0,0.0,60.0,0.0,0.0,0.0,1.0,60.0,0.0,60.0,0.0,0.0,0.0,1.0,60.0,0.0,60.0,0.0,0.0,0.0,1.0,60.0,0.0,60.0,0.0,0.0,0.0,1.0,60.0,0.0,60.0,0.0,0.0,0.0,1.0,1507656264.7971551,0.0,1.0,1507656264.7971551,0.0,1.0,1507656264.7971551,0.0,1.0,1507656264.7971551,0.0,1.0,1507656264.7971551,0.0,1.0,60.0,0.0,60.0,0.0,0.0,0.0,1.0,60.0,0.0,60.0,0.0,0.0,0.0,1.0,60.0,0.0,60.0,0.0,0.0,0.0,1.0,60.0,0.0,60.0,0.0,0.0,0.0,1.0,60.0,0.0,60.0,0.0,0.0,0.0
55.71977885771975,550.5895141522744,1673.1206436456414,80.96450306330587,544.9155248428918,4404.429107735574,209.19081743058027,441.9372444201964,42784.89234224061,3550.517571969306,344.53003551580946,59576.75695102228,18496.113491517528,343.8914594279719,59625.27423621817,55.71977885771975,550.5895141522744,1673.1206436456414,80.96450306330587,544.9155248428918,4404.429107735574,209.19081743058027,441.9372444201964,42784.89234224061,3550.517571969306,344.53003551580946,59576.75695102228,18496.113491517528,343.8914594279719,59625.27423621817,55.33509300505347,554.0,0.0,554.0,0.0,0.0,0.0,79.47532855506944,553.9999999999994,1.3214498959113138e-05,553.9999999999994,1.7462298274040222e-10,0.0,0.0,161.72209718426757,553.9999999998324,0.0002873963653844,553.9999999998324,8.259667083621025e-08,0.0,0.0,2044.864264582327,553.9455985769357,5.183757660069347,553.9455985769357,26.871343478327613,0.0,0.0,10630.94889696042,553.8416149241204,8.844045547858522,553.8416149241204,78.21714165259618,0.0,0.0,55.33509300505347,0.0067597754804854,0.0012887666019544,79.47532855506944,0.0075090092645604,0.0017790227691952,161.72209718426757,0.0098085611437186,0.0027263369917766,2044.864264582327,1503.8815308061642,2267322954535.1533,10630.94889696042,76328.65799052057,115071517992279.23,1.0,554.0,0.0,554.0,0.0,0.0,0.0,1.0,554.0,0.0,554.0,0.0,0.0,0.0,1.0,554.0,0.0,554.0,0.0,0.0,0.0,1.0,554.0,0.0,554.0,0.0,0.0,0.0,1.0,554.0,0.0,554.0,0.0,0.0,0.0
166.17543249362282,69.60138129968895,42.11322220078364,203.8354526273341,69.01558611385884,44.81798914718911,337.481200345992,69.27952799097473,43.71591024897771,3234.3781895728857,69.34696115905942,43.55831511718225,26810.8480820662,67.96740528247193,48.22865200608248,166.17543249362282,69.60138129968895,42.11322220078364,203.8354526273341,69.01558611385884,44.81798914718911,337.481200345992,69.27952799097473,43.71591024897771,3234.3781895728857,69.34696115905942,43.55831511718225,26810.8480820662,67.96740528247193,48.22865200608248,113.4920864157787,74.00000000000001,0.0,74.00000000000001,0.0,0.0,0.0,130.68441644146054,74.00000000000001,9.5367431640625e-07,74.00000000000001,9.094947017729282e-13,0.0,0.0,222.97477117606516,73.99999991476813,0.0010923572290236,73.99999991476813,1.193244315800257e-06,0.0,0.0,2154.138619733153,73.98721761554384,0.4228356572277242,73.98721761554384,0.1787899930232015,0.0,0.0,15184.553018658404,73.98215211711339,0.4995516124760608,73.98215211711339,0.2495518135274324,0.0,0.0,113.4920864157787,0.0040180341309812,0.001522025739524,130.68441644146054,0.0052261335315705,0.0021535007680124,222.97477117606516,0.0073903014733485,0.002971142264621,2154.138619733153,0.3323464961581584,490848181.1594232,15184.553018658404,23102.674588189668,34830365676093.887,1.0,74.0,0.0,74.0,0.0,0.0,0.0,1.0,74.0,0.0,74.0,0.0,0.0,0.0,1.0,74.0,0.0,74.0,0.0,0.0,0.0,1.0,74.0,0.0,74.0,0.0,0.0,0.0,1.0,74.0,0.0,74.0,0.0,0.0,0.0
1.0,60.0,0.0,1.0,60.0,0.0,1.0,60.0,0.0,1.0,60.0,0.0,1.0,60.0,0.0,1.0,60.0,0.0,1.0,60.0,0.0,1.0,60.0,0.0,1.0,60.0,0.0,1.0,60.0,0.0,1.0,60.0,0.0,60.0,0.0,0.0,0.0,1.0,60.0,0.0,60.0,0.0,0.0,0.0,1.0,60.0,0.0,60.0,0.0,0.0,0.0,1.0,60.0,0.0,60.0,0.0,0.0,0.0,1.0,60.0,0.0,60.0,0.0,0.0,0.0,1.0,1505913563.166288,0.0,1.0,1505913563.166288,0.0,1.0,1505913563.166288,0.0,1.0,1505913563.166288,0.0,1.0,1505913563.166288,0.0,1.0,60.0,0.0,60.0,0.0,0.0,0.0,1.0,60.0,0.0,60.0,0.0,0.0,0.0,1.0,60.0,0.0,60.0,0.0,0.0,0.0,1.0,60.0,0.0,60.0,0.0,0.0,0.0,1.0,60.0,0.0,60.0,0.0,0.0,0.0
1.0,60.0,0.0,1.0,60.0,0.0,1.0,60.0,0.0,1.0,60.0,0.0,1.0,60.0,0.0,1.0,60.0,0.0,1.0,60.0,0.0,1.0,60.0,0.0,1.0,60.0,0.0,1.0,60.0,0.0,1.0,60.0,0.0,60.0,0.0,0.0,0.0,1.0,60.0,0.0,60.0,0.0,0.0,0.0,1.0,60.0,0.0,60.0,0.0,0.0,0.0,1.0,60.0,0.0,60.0,0.0,0.0,0.0,1.0,60.0,0.0,60.0,0.0,0.0,0.0,1.0,1505913454.4527562,0.0,1.0,1505913454.4527562,0.0,1.0,1505913454.4527562,0.0,1.0,1505913454.4527562,0.0,1.0,1505913454.4527562,0.0,1.0,60.0,0.0,60.0,0.0,0.0,0.0,1.0,60.0,0.0,60.0,0.0,0.0,0.0,1.0,60.0,0.0,60.0,0.0,0.0,0.0,1.0,60.0,0.0,60.0,0.0,0.0,0.0,1.0,60.0,0.0,60.0,0.0,0.0,0.0
175.67314730924954,74.00650303119639,0.1560305198954665,286.15808077617874,74.01498118987351,0.3597532788899116,864.3107269833642,74.03289108756951,2.432777618178079,4777.981299401157,74.08654634167945,22.152828709256028,6639.9247466030965,74.0940739829756,24.27773880408495,175.67314730924954,74.00650303119639,0.1560305198954665,286.15808077617874,74.01498118987351,0.3597532788899116,864.3107269833642,74.03289108756951,2.432777618178079,4777.981299401157,74.08654634167945,22.152828709256028,6639.9247466030965,74.0940739829756,24.27773880408495,175.62554697813923,73.99999999996913,2.0564898159835647e-05,95.26804291049248,4.2296295322320305e-10,-7.551386094590949e-25,-1.455294895257461e-14,285.9794633500098,73.99999985424827,0.001428465970213,95.26804279730293,2.04051502806282e-06,1.7432704111163074e-20,5.456490816079389e-12,863.2210925285252,73.99962963420673,0.0720068327070187,95.26775522704278,0.0051849839564965,9.124462865670463e-17,2.6844200300562364e-10,4766.78781833111,73.99624429382712,0.2292722859305861,95.26512567352094,0.0525657810958364,9.392795686633221e-17,1.2150334137253532e-10,6622.803419619128,73.99595710831737,0.2378742075257695,95.26490260518791,0.0565841386060128,1.702902204502535e-15,2.944323926618871e-09,175.62554697813923,0.0016725039519511,0.0734252522761311,285.97946335000955,0.0019418619919346,356542.2689447539,863.22109252853,620.3371600498235,934171388026.4146,4766.787818331137,142780.58562602274,214994869050435.7,6622.8034196190965,210023.4290271184,316233073015055.44,1.0,74.0,0.0,74.0,0.0,0.0,0.0,1.0,74.0,0.0,74.0,0.0,0.0,0.0,1.0,74.0,0.0,74.0,0.0,0.0,0.0,1.0,74.0,0.0,74.0,0.0,0.0,0.0,1.0,74.0,0.0,74.0,0.0,0.0,0.0
146.39593302548082,74.07549852517546,1.8062663175442144,237.0460278612652,74.07087744488834,1.6995104125962823,736.9447267883118,74.0639122320739,5.155302161369036,7559.197850732779,74.17576907084873,78.29683563599428,29658.482535876334,74.35168702631212,227.9144709461661,146.39593302548082,74.07549852517546,1.8062663175442144,237.0460278612652,74.07087744488834,1.6995104125962823,736.9447267883118,74.0639122320739,5.155302161369036,7559.197850732779,74.17576907084873,78.29683563599428,29658.482535876334,74.35168702631212,227.9144709461661,145.93540483916732,73.99999999999993,2.86102294921875e-06,95.26804291051636,1.0655071049641248e-11,3.030458548566926e-28,4.055610960921078e-17,236.3460521246809,73.99999999999432,8.635888231408517e-06,95.26804291051212,7.565771499898044e-11,-1.2298435578553946e-24,-3.9909726637818423e-14,735.2213141270473,73.99999109106666,0.0111680341811928,95.26803599045138,0.0001247249874722,-1.023457027786518e-18,-4.09742909132829e-11,7540.175029703431,73.99839325759504,0.1499727045507769,95.266794869491,0.0224918121102746,2.6489031217640526e-16,6.352494564649888e-10,29572.17189493072,73.99817762204896,0.1597184092648659,95.26662737487982,0.0255099702580992,-5.384095627165061e-16,-3.6852231297261005e-10,145.93540483916738,0.0021417362247049,0.0001005377222824,236.34605212468108,0.0021209811229738,8.354914649214679e-05,735.2213141270497,0.0019814963556753,5.41722030751771e-05,7540.175029703563,1474.9666372954366,2221168344451.69,29572.171894929663,31171.1875502168,46940163280656.79,1.0,74.0,0.0,95.26804291051644,0.0,0.0,0.0,1.0,74.0,0.0,95.26804291051644,0.0,0.0,0.0,1.0,74.0,0.0,95.26804291051644,0.0,0.0,0.0,1.0217164651318045,74.0,0.0,95.26804291051644,0.0,0.0,0.0,1.6818344078007124,74.0,9.5367431640625e-07,95.26804291051644,9.094947017729282e-13,0.0,0.0
96.25907691847338,323.79964352497296,60712.76778841757,131.11434570455464,350.81938953290137,59058.57074654104,361.8404663490376,351.4245744498996,58992.74837573765,3681.301367321544,337.5792110550752,60043.884562831896,37682.99097749336,341.402445180338,59801.41178583534,96.25907691847338,323.79964352497296,60712.76778841757,131.11434570455464,350.81938953290137,59058.57074654104,361.8404663490376,351.4245744498996,58992.74837573765,3681.301367321544,337.5792110550752,60043.884562831896,37682.99097749336,341.402445180338,59801.41178583534,1.0,60.0,0.0,60.0,0.0,0.0,0.0,1.0,60.0,0.0,60.0,0.0,0.0,0.0,1.0,60.0,0.0,60.0,0.0,0.0,0.0,1.0,60.0,0.0,60.0,0.0,0.0,0.0,1.0,60.0,0.0,60.0,0.0,0.0,0.0,1.0,1507656458.354532,0.0,1.0,1507656458.354532,0.0,1.0,1507656458.354532,0.0,1.0,1507656458.354532,0.0,1.0,1507656458.354532,0.0,1.0,60.0,0.0,60.0,0.0,0.0,0.0,1.0,60.0,0.0,60.0,0.0,0.0,0.0,1.0,60.0,0.0,60.0,0.0,0.0,0.0,1.0,60.0,0.0,60.0,0.0,0.0,0.0,1.0,60.0,0.0,60.0,0.0,0.0,0.0
127.8716108128055,411.0545878118127,50180.9477361934,189.7338950547744,399.4468353142701,52459.4405205446,475.4498011145935,369.4863646662936,57091.61726425964,4310.956521983023,352.65827913428217,58904.51450370497,36826.14532436358,344.9614647161804,59545.54435341411,127.8716108128055,411.0545878118127,50180.9477361934,189.7338950547744,399.4468353142701,52459.4405205446,475.4498011145935,369.4863646662936,57091.61726425964,4310.956521983023,352.65827913428217,58904.51450370497,36826.14532436358,344.9614647161804,59545.54435341411,1.0,60.0,0.0,60.0,0.0,0.0,0.0,1.0,60.0,0.0,60.0,0.0,0.0,0.0,1.0,60.0,0.0,60.0,0.0,0.0,0.0,1.0,60.0,0.0,60.0,0.0,0.0,0.0,1.0,60.0,0.0,60.0,0.0,0.0,0.0,1.0,1507656280.168978,0.0,1.0,1507656280.168978,0.0,1.0,1507656280.168978,0.0,1.0,1507656280.168978,0.0,1.0,1507656280.168978,0.0,1.0,60.0,0.0,60.0,0.0,0.0,0.0,1.0,60.0,0.0,60.0,0.0,0.0,0.0,1.0,60.0,0.0,60.0,0.0,0.0,0.0,1.0,60.0,0.0,60.0,0.0,0.0,0.0,1.0,60.0,0.0,60.0,0.0,0.0,0.0
106.99665596360678,60.00635045072463,0.1363088338234774,128.80710389531998,60.02563556587428,0.5180257703727875,256.0763377793894,60.07913347668684,1.4018897536952863,2049.9490601851003,60.101577736881154,1.7222074735227582,19338.92091381376,60.10011318291538,1.7470138865292029,106.99665596360678,60.00635045072463,0.1363088338234774,128.80710389531998,60.02563556587428,0.5180257703727875,256.0763377793894,60.07913347668684,1.4018897536952863,2049.9490601851003,60.101577736881154,1.7222074735227582,19338.92091381376,60.10011318291538,1.7470138865292029,1.0,60.0,0.0,60.0,0.0,0.0,0.0,1.0,60.0,0.0,60.0,0.0,0.0,0.0,1.0,60.0,0.0,60.0,0.0,0.0,0.0,1.0,60.0,0.0,60.0,0.0,0.0,0.0,1.0,60.0,0.0,60.0,0.0,0.0,0.0,1.0,1507653458.578025,0.0,1.0,1507653458.578025,0.0,1.0,1507653458.578025,0.0,1.0,1507653458.578025,0.0,1.0,1507653458.578025,0.0,1.0,60.0,0.0,60.0,0.0,0.0,0.0,1.0,60.0,0.0,60.0,0.0,0.0,0.0,1.0,60.0,0.0,60.0,0.0,0.0,0.0,1.0,60.0,0.0,60.0,0.0,0.0,0.0,1.0,60.0,0.0,60.0,0.0,0.0,0.0
50.09968492302128,60.64879827624336,8.652942751386945,75.37193747303994,61.86178229319982,22.56196696036932,244.7532276854413,65.52610623511319,46.76612376581942,3491.3995822354946,68.7885996957223,45.86395847998847,28041.810599676846,68.08342304417117,47.9776083389088,50.09968492302128,60.64879827624336,8.652942751386945,75.37193747303994,61.86178229319982,22.56196696036932,244.7532276854413,65.52610623511319,46.76612376581942,3491.3995822354946,68.7885996957223,45.86395847998847,28041.810599676846,68.08342304417117,47.9776083389088,1.0,60.0,0.0,60.0,0.0,0.0,0.0,1.0,60.0,0.0,60.0,0.0,0.0,0.0,1.0,60.0,0.0,60.0,0.0,0.0,0.0,1.0,60.0,0.0,60.0,0.0,0.0,0.0,1.0,60.0,0.0,60.0,0.0,0.0,0.0,1.0,1507657289.305804,0.0,1.0,1507657289.305804,0.0,1.0,1507657289.305804,0.0,1.0,1507657289.305804,0.0,1.0,1507657289.305804,0.0,1.0,60.0,0.0,60.0,0.0,0.0,0.0,1.0,60.0,0.0,60.0,0.0,0.0,0.0,1.0,60.0,0.0,60.0,0.0,0.0,0.0,1.0,60.0,0.0,60.0,0.0,0.0,0.0,1.0,60.0,0.0,60.0,0.0,0.0,0.0
107.41190712645644,345.1545492108288,59553.22581632197,144.7806575656931,318.3881813870677,60879.12790546117,336.67302000983176,311.23380208452227,60983.795248898525,3253.6087576652435,307.5875544156207,60981.45501404617,13065.486615737957,303.851858841695,60972.70285638498,107.41190712645644,345.1545492108288,59553.22581632197,144.7806575656931,318.3881813870677,60879.12790546117,336.67302000983176,311.23380208452227,60983.795248898525,3253.6087576652435,307.5875544156207,60981.45501404617,13065.486615737957,303.851858841695,60972.70285638498,62.00201000235615,554.0,1.52587890625e-05,554.0,2.3283064365386963e-10,0.0,0.0,75.72784630763087,554.0,0.0,554.0,0.0,0.0,0.0,171.21152655688869,553.9999833449367,0.0907061234563012,553.9999833449367,0.0082276008324697,0.0,0.0,1630.8582058230245,553.8300704938512,9.160584042518291,553.8300704938512,83.91630000004079,0.0,0.0,6452.393300320448,553.6646682244351,12.866291218894876,553.6646682244351,165.5414497294114,0.0,0.0,62.00201000235615,0.005652736307895,0.0007084855671848,75.72784630763087,0.0072878036113394,0.0010041809373685,171.21152655688869,0.0088569391837874,0.0012407223425805,1630.8582058230245,5821.331457015437,8776537353188.834,6452.393300320448,140765.38583129426,212206415884298.0,62.00201000235615,554.0,1.52587890625e-05,554.0,2.3283064365386963e-10,0.0,0.0,75.72784630763087,554.0,0.0,554.0,0.0,0.0,0.0,171.2115207845431,554.0,1.7059844799040144e-05,554.0,2.910383045673371e-10,0.0,0.0,1630.2972120385807,553.9999999999999,2.0185480583683703e-05,553.9999999999999,4.07453626394272e-10,0.0,0.0,6448.013355984348,553.9999999999974,5.658110418011218e-05,553.9999999999974,3.2014213502407074e-09,0.0,0.0
186.85413872479705,342.3937769927268,63121.29532012448,262.5160331725031,338.6370437493414,63326.18778076705,511.9371576923082,330.8021102830819,63667.32545606777,3362.883844569444,330.0936522615977,63694.407333793024,18903.874880967505,339.42509328222656,63288.84920627253,186.85413872479705,342.3937769927268,63121.29532012448,262.5160331725031,338.6370437493414,63326.18778076705,511.9371576923082,330.8021102830819,63667.32545606777,3362.883844569444,330.0936522615977,63694.407333793024,18903.874880967505,339.42509328222656,63288.84920627253,104.48228420942225,564.9416237041582,23.117487867682915,564.9416237041582,534.4182453124669,0.0,0.0,144.94201574393472,564.5677982276038,26.8820180588308,564.5677982276038,722.6428949153052,0.0,0.0,274.9907705971833,564.0456257025785,31.386204224160853,564.0456257025785,985.0938156007325,0.0,0.0,1797.8584263638886,565.1231441819967,21.04566862290385,565.1231441819967,442.9201677850796,0.0,0.0,10452.78010854442,565.2600461299495,19.335695656347124,565.2600461299495,373.8691265148809,0.0,0.0,104.48228420942225,0.0030944657204876,0.0002674828254386,144.94201574393472,0.0038091256458065,0.0006720553936857,274.9907705971833,0.0057719908547254,0.0017503873662458,1797.8584263638886,205.0267876108548,309097564722.9629,10452.78010854442,62790.73988282374,94663000955887.6,1.0,566.0,0.0,566.0,0.0,0.0,0.0,1.0,566.0,0.0,566.0,0.0,0.0,0.0,1.0,566.0,0.0,566.0,0.0,0.0,0.0,1.0,566.0,0.0,566.0,0.0,0.0,0.0,1.0,566.0,0.0,566.0,0.0,0.0,0.0
34.384110879847015,60.05983572001418,0.6434182552629863,51.71121992209874,60.11906186280885,1.4029658422878128,176.4234311835154,60.16283693910322,2.305062508643914,1977.5847318161789,60.108785811745776,1.7710106870913478,16454.461525338316,60.10071087472824,1.7369860825615433,34.384110879847015,60.05983572001418,0.6434182552629863,51.71121992209874,60.11906186280885,1.4029658422878128,176.4234311835154,60.16283693910322,2.305062508643914,1977.5847318161789,60.108785811745776,1.7710106870913478,16454.461525338316,60.10071087472824,1.7369860825615433,1.0,60.0,0.0,60.0,0.0,0.0,0.0,1.0,60.0,0.0,60.0,0.0,0.0,0.0,1.0,60.0,0.0,60.0,0.0,0.0,0.0,1.0,60.0,0.0,60.0,0.0,0.0,0.0,1.0,60.0,0.0,60.0,0.0,0.0,0.0,1.0,1507653211.391113,0.0,1.0,1507653211.391113,0.0,1.0,1507653211.391113,0.0,1.0,1507653211.391113,0.0,1.0,1507653211.391113,0.0,1.0,60.0,0.0,60.0,0.0,0.0,0.0,1.0,60.0,0.0,60.0,0.0,0.0,0.0,1.0,60.0,0.0,60.0,0.0,0.0,0.0,1.0,60.0,0.0,60.0,0.0,0.0,0.0,1.0,60.0,0.0,60.0,0.0,0.0,0.0
40.51623461075617,60.01093329720784,0.1116002701878642,56.72393433545744,60.031791222947895,0.3619106714331792,181.2932202612328,60.08185772876104,1.2504162622394688,1983.694703775373,60.10524323750462,1.8406382163175288,15944.806878544465,60.10018144695047,1.7459826282729407,40.51623461075617,60.01093329720784,0.1116002701878642,56.72393433545744,60.031791222947895,0.3619106714331792,181.2932202612328,60.08185772876104,1.2504162622394688,1983.694703775373,60.10524323750462,1.8406382163175288,15944.806878544465,60.10018144695047,1.7459826282729407,1.0,60.0,0.0,60.0,0.0,0.0,0.0,1.0,60.0,0.0,60.0,0.0,0.0,0.0,1.0,60.0,0.0,60.0,0.0,0.0,0.0,1.0,60.0,0.0,60.0,0.0,0.0,0.0,1.0,60.0,0.0,60.0,0.0,0.0,0.0,1.0,1507653191.6745038,0.0,1.0,1507653191.6745038,0.0,1.0,1507653191.6745038,0.0,1.0,1507653191.6745038,0.0,1.0,1507653191.6745038,0.0,1.0,60.0,0.0,60.0,0.0,0.0,0.0,1.0,60.0,0.0,60.0,0.0,0.0,0.0,1.0,60.0,0.0,60.0,0.0,0.0,0.0,1.0,60.0,0.0,60.0,0.0,0.0,0.0,1.0,60.0,0.0,60.0,0.0,0.0,0.0
1.0,60.0,0.0,1.0,60.0,0.0,1.0,60.0,0.0,1.0,60.0,0.0,1.0,60.0,0.0,1.0,60.0,0.0,1.0,60.0,0.0,1.0,60.0,0.0,1.0,60.0,0.0,1.0,60.0,0.0,1.0,60.0,0.0,60.0,0.0,0.0,0.0,1.0,60.0,0.0,60.0,0.0,0.0,0.0,1.0,60.0,0.0,60.0,0.0,0.0,0.0,1.0,60.0,0.0,60.0,0.0,0.0,0.0,1.0,60.0,0.0,60.0,0.0,0.0,0.0,1.0,1505913546.9282134,0.0,1.0,1505913546.9282134,0.0,1.0,1505913546.9282134,0.0,1.0,1505913546.9282134,0.0,1.0,1505913546.9282134,0.0,1.0,60.0,0.0,60.0,0.0,0.0,0.0,1.0,60.0,0.0,60.0,0.0,0.0,0.0,1.0,60.0,0.0,60.0,0.0,0.0,0.0,1.0,60.0,0.0,60.0,0.0,0.0,0.0,1.0,60.0,0.0,60.0,0.0,0.0,0.0
37.37635018685664,74.1827973325787,4.3537215352680505,58.69056679015206,74.21476909937338,5.110962230293809,143.23657094492694,74.28310046055158,17.354599835407498,1061.6655491661927,74.78502147058178,211.25803776336488,8757.881945966063,76.25960512692407,1382.5911582094352,37.37635018685664,74.1827973325787,4.3537215352680505,58.69056679015206,74.21476909937338,5.110962230293809,143.23657094492694,74.28310046055158,17.354599835407498,1061.6655491661927,74.78502147058178,211.25803776336488,8757.881945966063,76.25960512692407,1382.5911582094352,1.0,74.0,0.0,74.0,0.0,0.0,0.0,1.0,74.0,0.0,74.0,0.0,0.0,0.0,1.0,74.0,0.0,74.0,0.0,0.0,0.0,1.0,74.0,0.0,74.0,0.0,0.0,0.0,1.0,74.0,0.0,74.0,0.0,0.0,0.0,1.0,1505913135.879202,0.0,1.0,1505913135.879202,0.0,1.0,1505913135.879202,0.0,1.0,1505913135.879202,0.0,1.0,1505913135.879202,0.0,1.0,74.0,0.0,74.0,0.0,0.0,0.0,1.0,74.0,0.0,74.0,0.0,0.0,0.0,1.0,74.0,0.0,74.0,0.0,0.0,0.0,1.0,74.0,0.0,74.0,0.0,0.0,0.0,1.0,74.0,0.0,74.0,0.0,0.0,0.0
1.0,60.0,0.0,1.0,60.0,0.0,1.0,60.0,0.0,1.0,60.0,0.0,1.0,60.0,0.0,1.0,60.0,0.0,1.0,60.0,0.0,1.0,60.0,0.0,1.0,60.0,0.0,1.0,60.0,0.0,1.0,60.0,0.0,60.0,0.0,0.0,0.0,1.0,60.0,0.0,60.0,0.0,0.0,0.0,1.0,60.0,0.0,60.0,0.0,0.0,0.0,1.0,60.0,0.0,60.0,0.0,0.0,0.0,1.0,60.0,0.0,60.0,0.0,0.0,0.0,1.0,1505913470.444648,0.0,1.0,1505913470.444648,0.0,1.0,1505913470.444648,0.0,1.0,1505913470.444648,0.0,1.0,1505913470.444648,0.0,1.0,60.0,0.0,60.0,0.0,0.0,0.0,1.0,60.0,0.0,60.0,0.0,0.0,0.0,1.0,60.0,0.0,60.0,0.0,0.0,0.0,1.0,60.0,0.0,60.0,0.0,0.0,0.0,1.0,60.0,0.0,60.0,0.0,0.0,0.0
35.11001226498793,74.03494395478056,0.8374340111586207,68.46713732771339,74.06481004136259,1.5526912682316834,178.2439039573304,74.18014027181164,17.18183427004169,1158.1779193938469,75.83628247213137,886.065072350274,8150.182680492747,76.65047349729394,1679.357173106805,35.11001226498793,74.03494395478056,0.8374340111586207,68.46713732771339,74.06481004136259,1.5526912682316834,178.2439039573304,74.18014027181164,17.18183427004169,1158.1779193938469,75.83628247213137,886.065072350274,8150.182680492747,76.65047349729394,1679.357173106805,1.0000000008657044,74.0,9.5367431640625e-07,74.0,9.094947017729282e-13,0.0,0.0,1.0000036580977818,74.0,9.5367431640625e-07,74.0,9.094947017729282e-13,0.0,0.0,1.017318488259504,74.0,0.0,74.0,0.0,0.0,0.0,2.1937677640693782,73.99999999999999,9.5367431640625e-07,73.99999999999999,9.094947017729282e-13,0.0,0.0,2.898487130930761,73.99999999999999,9.5367431640625e-07,73.99999999999999,9.094947017729282e-13,0.0,0.0,1.0000000008657044,6.021129344876739,59207.70906961525,1.0000036580977818,16.683734784805672,16057031921.009468,1.017318488259504,2842494.010304125,4272459971058535.0,2.1937677640693782,367235629.5335304,4.181629009209718e+17,2.898487130930761,488047474.66226727,4.9676670178299584e+17,1.0000000008657044,74.0,9.5367431640625e-07,74.0,9.094947017729282e-13,0.0,0.0,1.0000036580977818,74.0,9.5367431640625e-07,74.0,9.094947017729282e-13,0.0,0.0,1.017318488259504,74.0,0.0,74.0,0.0,0.0,0.0,2.1937677640693782,73.99999999999999,9.5367431640625e-07,73.99999999999999,9.094947017729282e-13,0.0,0.0,2.898487130930761,73.99999999999999,9.5367431640625e-07,73.99999999999999,9.094947017729282e-13,0.0,0.0
29.326812980881115,60.05959597277697,1.3671276142108582,43.903865642651375,60.112320887757846,2.567806103712428,174.8120331782764,60.10851016079254,2.362099334518461,1755.0673817930233,60.1099595885575,2.1020684027466814,3793.676728455865,60.1142614660509,2.1251987889359043,29.326812980881115,60.05959597277697,1.3671276142108582,43.903865642651375,60.112320887757846,2.567806103712428,174.8120331782764,60.10851016079254,2.362099334518461,1755.0673817930233,60.1099595885575,2.1020684027466814,3793.676728455865,60.1142614660509,2.1251987889359043,1.0,60.0,0.0,60.0,0.0,0.0,0.0,1.0,60.0,0.0,60.0,0.0,0.0,0.0,1.0,60.0,0.0,60.0,0.0,0.0,0.0,1.0,60.0,0.0,60.0,0.0,0.0,0.0,1.0,60.0,0.0,60.0,0.0,0.0,0.0,1.0,1507652988.81428,0.0,1.0,1507652988.81428,0.0,1.0,1507652988.81428,0.0,1.0,1507652988.81428,0.0,1.0,1507652988.81428,0.0,1.0,60.0,0.0,60.0,0.0,0.0,0.0,1.0,60.0,0.0,60.0,0.0,0.0,0.0,1.0,60.0,0.0,60.0,0.0,0.0,0.0,1.0,60.0,0.0,60.0,0.0,0.0,0.0,1.0,60.0,0.0,60.0,0.0,0.0,0.0
1.0,60.0,0.0,1.0,60.0,0.0,1.0,60.0,0.0,1.0,60.0,0.0,1.0,60.0,0.0,1.0,60.0,0.0,1.0,60.0,0.0,1.0,60.0,0.0,1.0,60.0,0.0,1.0,60.0,0.0,1.0,60.0,0.0,60.0,0.0,0.0,0.0,1.0,60.0,0.0,60.0,0.0,0.0,0.0,1.0,60.0,0.0,60.0,0.0,0.0,0.0,1.0,60.0,0.0,60.0,0.0,0.0,0.0,1.0,60.0,0.0,60.0,0.0,0.0,0.0,1.0,1505913543.245544,0.0,1.0,1505913543.245544,0.0,1.0,1505913543.245544,0.0,1.0,1505913543.245544,0.0,1.0,1505913543.245544,0.0,1.0,60.0,0.0,60.0,0.0,0.0,0.0,1.0,60.0,0.0,60.0,0.0,0.0,0.0,1.0,60.0,0.0,60.0,0.0,0.0,0.0,1.0,60.0,0.0,60.0,0.0,0.0,0.0,1.0,60.0,0.0,60.0,0.0,0.0,0.0
80.7908921471253,331.08609968767576,60423.78991293896,135.85666585126413,361.9882297486463,57976.90123861973,385.799773746478,369.0299359141017,57146.41510180824,3787.417788302495,345.6902533341397,59487.43388932946,12383.614186398618,346.30584087757006,59441.67433447148,80.7908921471253,331.08609968767576,60423.78991293896,135.85666585126413,361.9882297486463,57976.90123861973,385.799773746478,369.0299359141017,57146.41510180824,3787.417788302495,345.6902533341397,59487.43388932946,12383.614186398618,346.30584087757006,59441.67433447148,44.33287757825053,553.9999999999591,0.0001425288520223,553.9999999999591,2.0314473658800125e-08,0.0,0.0,83.04606638035807,553.9999991802691,0.0201232971478338,553.9999991802691,0.0004049470881,0.0,0.0,241.3244792078737,553.9894266316802,2.2854172822552976,553.9894266316802,5.223132154031192,0.0,0.0,2190.606782834748,553.8507806627883,8.584409483037536,553.8507806627883,73.69208617246476,0.0,0.0,7178.33312392572,553.8361316693365,8.995782485074088,553.8361316693365,80.92410251876572,0.0,0.0,44.33287757825053,0.0076458013074549,0.0007233563879923,83.04606638035807,0.0064659914381297,0.0007040406681613,241.3244792078737,0.0063060916650608,1.7194486734417649,2190.606782834748,18359.125882042063,27678898160484.62,7178.33312392572,146180.70499462573,220368828073508.1,1.0,554.0,0.0,554.0,0.0,0.0,0.0,1.0,554.0,0.0,554.0,0.0,0.0,0.0,1.0,554.0,0.0,554.0,0.0,0.0,0.0,1.0,554.0,0.0,554.0,0.0,0.0,0.0,1.0,554.0,0.0,554.0,0.0,0.0,0.0
67.68469972794897,60.02642784556341,0.2637280073709007,91.0988923998222,60.04096219380981,0.4108916146442425,215.76086138492835,60.062628558845816,0.7179799338177872,1958.3426189723932,60.10312185180008,1.5487713538082062,17989.936151749393,60.09903885988948,1.6951791825572402,67.68469972794897,60.02642784556341,0.2637280073709007,91.0988923998222,60.04096219380981,0.4108916146442425,215.76086138492835,60.062628558845816,0.7179799338177872,1958.3426189723932,60.10312185180008,1.5487713538082062,17989.936151749393,60.09903885988948,1.6951791825572402,1.0,60.0,0.0,60.0,0.0,0.0,0.0,1.0,60.0,0.0,60.0,0.0,0.0,0.0,1.0,60.0,0.0,60.0,0.0,0.0,0.0,1.0,60.0,0.0,60.0,0.0,0.0,0.0,1.0,60.0,0.0,60.0,0.0,0.0,0.0,1.0,1507653306.9097538,0.0,1.0,1507653306.9097538,0.0,1.0,1507653306.9097538,0.0,1.0,1507653306.9097538,0.0,1.0,1507653306.9097538,0.0,1.0,60.0,0.0,60.0,0.0,0.0,0.0,1.0,60.0,0.0,60.0,0.0,0.0,0.0,1.0,60.0,0.0,60.0,0.0,0.0,0.0,1.0,60.0,0.0,60.0,0.0,0.0,0.0,1.0,60.0,0.0,60.0,0.0,0.0,0.0
1.0,60.0,0.0,1.0,60.0,0.0,1.0,60.0,0.0,1.0,60.0,0.0,1.0,60.0,0.0,1.0,60.0,0.0,1.0,60.0,0.0,1.0,60.0,0.0,1.0,60.0,0.0,1.0,60.0,0.0,1.0,60.0,0.0,60.0,0.0,0.0,0.0,1.0,60.0,0.0,60.0,0.0,0.0,0.0,1.0,60.0,0.0,60.0,0.0,0.0,0.0,1.0,60.0,0.0,60.0,0.0,0.0,0.0,1.0,60.0,0.0,60.0,0.0,0.0,0.0,1.0,1505913430.958008,0.0,1.0,1505913430.958008,0.0,1.0,1505913430.958008,0.0,1.0,1505913430.958008,0.0,1.0,1505913430.958008,0.0,1.0,60.0,0.0,60.0,0.0,0.0,0.0,1.0,60.0,0.0,60.0,0.0,0.0,0.0,1.0,60.0,0.0,60.0,0.0,0.0,0.0,1.0,60.0,0.0,60.0,0.0,0.0,0.0,1.0,60.0,0.0,60.0,0.0,0.0,0.0
13.153860577923693,60.587867250780754,8.66205302655726,29.58072252615497,60.48782476396906,7.7133171953482815,153.51958657734258,60.22646962642571,3.8237251107952943,1951.397884787544,60.10779572435465,1.8164738160498928,16399.451417792763,60.10051040321888,1.7419664066505902,13.153860577923693,60.587867250780754,8.66205302655726,29.58072252615497,60.48782476396906,7.7133171953482815,153.51958657734258,60.22646962642571,3.8237251107952943,1951.397884787544,60.10779572435465,1.8164738160498928,16399.451417792763,60.10051040321888,1.7419664066505902,1.0,60.0,0.0,60.0,0.0,0.0,0.0,1.0,60.0,0.0,60.0,0.0,0.0,0.0,1.0,60.0,0.0,60.0,0.0,0.0,0.0,1.0,60.0,0.0,60.0,0.0,0.0,0.0,1.0,60.0,0.0,60.0,0.0,0.0,0.0,1.0,1507653210.243889,0.0,1.0,1507653210.243889,0.0,1.0,1507653210.243889,0.0,1.0,1507653210.243889,0.0,1.0,1507653210.243889,0.0,1.0,60.0,0.0,60.0,0.0,0.0,0.0,1.0,60.0,0.0,60.0,0.0,0.0,0.0,1.0,60.0,0.0,60.0,0.0,0.0,0.0,1.0,60.0,0.0,60.0,0.0,0.0,0.0,1.0,60.0,0.0,60.0,0.0,0.0,0.0
38.3784842923214,449.7976222253608,40617.83648984757,88.85271280582867,404.4314265960919,51516.00055456988,314.3858539197995,368.8676595212505,57175.572901345615,3668.0466687860417,346.746618701986,59406.63606234924,35583.58095524115,343.1934458227599,59676.3012798072,38.3784842923214,449.7976222253608,40617.83648984757,88.85271280582867,404.4314265960919,51516.00055456988,314.3858539197995,368.8676595212505,57175.572901345615,3668.0466687860417,346.746618701986,59406.63606234924,35583.58095524115,343.1934458227599,59676.3012798072,30.283080394867387,553.9999999999999,1.3214498959113138e-05,553.9999999999999,1.7462298274040222e-10,0.0,0.0,61.95069848761141,553.9999999999994,2.0185480583683703e-05,553.9999999999994,4.07453626394272e-10,0.0,0.0,196.55830730845423,553.9999069622584,0.2143843177649025,553.9999069622584,0.0459606357035227,0.0,0.0,2129.3295037178545,553.8765734268784,7.807527970023615,553.8765734268784,60.95749300270109,0.0,0.0,20402.058319947984,553.8393316043241,8.907545853608584,553.8393316043241,79.34437313413945,0.0,0.0,30.283080394867387,0.0159324385555986,0.0053150513245353,61.95069848761141,0.0102302502265481,0.0029553186241351,196.55830730845423,0.0079701284978007,0.0019332925457635,2129.3295037178545,0.0068891426505527,110795.10654469184,20402.058319947984,7417.277438539946,11182637669936.41,1.0,554.0,0.0,554.0,0.0,0.0,0.0,1.0,554.0,0.0,554.0,0.0,0.0,0.0,1.0,554.0,0.0,554.0,0.0,0.0,0.0,1.0,554.0,0.0,554.0,0.0,0.0,0.0,1.0,554.0,0.0,554.0,0.0,0.0,0.0
82.99259963254332,60.00002084620896,0.000281127587641,104.41038271951304,60.00079544490156,0.0121147939353249,231.55929902037985,60.02759625316953,0.4667021317491162,2014.170044754904,60.10126941869289,1.679958113795692,8230.79193574324,60.10601218540912,1.866223798825104,82.99259963254332,60.00002084620896,0.000281127587641,104.41038271951304,60.00079544490156,0.0121147939353249,231.55929902037985,60.02759625316953,0.4667021317491162,2014.170044754904,60.10126941869289,1.679958113795692,8230.79193574324,60.10601218540912,1.866223798825104,1.0,60.0,0.0,60.0,0.0,0.0,0.0,1.0,60.0,0.0,60.0,0.0,0.0,0.0,1.0,60.0,0.0,60.0,0.0,0.0,0.0,1.0,60.0,0.0,60.0,0.0,0.0,0.0,1.0,60.0,0.0,60.0,0.0,0.0,0.0,1.0,1507653034.312309,0.0,1.0,1507653034.312309,0.0,1.0,1507653034.312309,0.0,1.0,1507653034.312309,0.0,1.0,1507653034.312309,0.0,1.0,60.0,0.0,60.0,0.0,0.0,0.0,1.0,60.0,0.0,60.0,0.0,0.0,0.0,1.0,60.0,0.0,60.0,0.0,0.0,0.0,1.0,60.0,0.0,60.0,0.0,0.0,0.0,1.0,60.0,0.0,60.0,0.0,0.0,0.0
1.0,60.0,0.0,1.0,60.0,0.0,1.0,60.0,0.0,1.0,60.0,0.0,1.0,60.0,0.0,1.0,60.0,0.0,1.0,60.0,0.0,1.0,60.0,0.0,1.0,60.0,0.0,1.0,60.0,0.0,1.0,60.0,0.0,60.0,0.0,0.0,0.0,1.0,60.0,0.0,60.0,0.0,0.0,0.0,1.0,60.0,0.0,60.0,0.0,0.0,0.0,1.0,60.0,0.0,60.0,0.0,0.0,0.0,1.0,60.0,0.0,60.0,0.0,0.0,0.0,1.0,1505913568.854113,0.0,1.0,1505913568.854113,0.0,1.0,1505913568.854113,0.0,1.0,1505913568.854113,0.0,1.0,1505913568.854113,0.0,1.0,60.0,0.0,60.0,0.0,0.0,0.0,1.0,60.0,0.0,60.0,0.0,0.0,0.0,1.0,60.0,0.0,60.0,0.0,0.0,0.0,1.0,60.0,0.0,60.0,0.0,0.0,0.0,1.0,60.0,0.0,60.0,0.0,0.0,0.0
167.29544620807258,74.04710256760791,10.877700788592849,273.9133705943161,74.15581557600929,36.81105162189851,806.436046701931,74.29813189638429,69.58354944293478,7868.4663579183825,74.26303043946992,145.73962366268458,25646.77206706301,74.41555137162099,280.6820973872718,167.29544620807258,74.04710256760791,10.877700788592849,273.9133705943161,74.15581557600929,36.81105162189851,806.436046701931,74.29813189638429,69.58354944293478,7868.4663579183825,74.26303043946992,145.73962366268458,25646.77206706301,74.41555137162099,280.6820973872718,167.23257946878832,73.99999996735205,0.0006760676533237,95.2680428851569,4.570674718763424e-07,-2.424679285693461e-22,-2.37845015142872e-13,273.61042580396503,73.99999269492363,0.0101129134964428,95.26803723625645,0.0001022710193865,-3.9788228872584404e-19,-3.368469340567494e-11,804.5779047775992,73.99909056878396,0.1128326635345155,95.26733650631306,0.0127312099602932,7.36840587176979e-17,2.5003913125477927e-10,7848.415237469496,73.99828601156554,0.1548964181759447,95.26671156626271,0.0239929003637371,6.778349510695378e-16,7.54365180856871e-10,25569.313160225425,73.99825348753224,0.1563589598032863,95.26668630326634,0.0244481243107657,-7.579890394351922e-16,-5.271067675550373e-10,167.23257946878837,0.0017499536429102,1.1388686395099484e-05,273.610425803965,0.0017739364576732,1.2763390672561033e-05,804.5779047776019,0.0017995563769827,0.0083591340441114,7848.4152374696605,3389.6196287822386,5104462532228.003,25569.31316022473,39336.38686509536,59235678192460.91,1.0,74.0,0.0,95.26804291051644,0.0,0.0,0.0,1.0,74.0,0.0,95.26804291051644,0.0,0.0,0.0,1.0,74.0,0.0,95.26804291051644,0.0,0.0,0.0,1.0235889465859402,74.0,0.0,95.26804291051644,0.0,0.0,0.0,1.687497074882363,74.0,0.0,95.26804291051644,0.0,0.0,0.0
29.222841430307373,60.07553245988606,1.6747513593377334,50.63657740630435,60.13022537272333,2.740981074790397,176.7604928049123,60.147412922415256,2.7345344385562385,1939.4715761943808,60.10403941012628,1.7278055392457643,13687.948334013536,60.10390673142199,1.7814389190943984,29.222841430307373,60.07553245988606,1.6747513593377334,50.63657740630435,60.13022537272333,2.740981074790397,176.7604928049123,60.147412922415256,2.7345344385562385,1939.4715761943808,60.10403941012628,1.7278055392457643,13687.948334013536,60.10390673142199,1.7814389190943984,1.0,60.0,0.0,60.0,0.0,0.0,0.0,1.0,60.0,0.0,60.0,0.0,0.0,0.0,1.0,60.0,0.0,60.0,0.0,0.0,0.0,1.0,60.0,0.0,60.0,0.0,0.0,0.0,1.0,60.0,0.0,60.0,0.0,0.0,0.0,1.0,1507653127.921731,0.0,1.0,1507653127.921731,0.0,1.0,1507653127.921731,0.0,1.0,1507653127.921731,0.0,1.0,1507653127.921731,0.0,1.0,60.0,0.0,60.0,0.0,0.0,0.0,1.0,60.0,0.0,60.0,0.0,0.0,0.0,1.0,60.0,0.0,60.0,0.0,0.0,0.0,1.0,60.0,0.0,60.0,0.0,0.0,0.0,1.0,60.0,0.0,60.0,0.0,0.0,0.0
1.0,60.0,0.0,1.0,60.0,0.0,1.0,60.0,0.0,1.0,60.0,0.0,1.0,60.0,0.0,1.0,60.0,0.0,1.0,60.0,0.0,1.0,60.0,0.0,1.0,60.0,0.0,1.0,60.0,0.0,1.0,60.0,0.0,60.0,0.0,0.0,0.0,1.0,60.0,0.0,60.0,0.0,0.0,0.0,1.0,60.0,0.0,60.0,0.0,0.0,0.0,1.0,60.0,0.0,60.0,0.0,0.0,0.0,1.0,60.0,0.0,60.0,0.0,0.0,0.0,1.0,1505913574.689778,0.0,1.0,1505913574.689778,0.0,1.0,1505913574.689778,0.0,1.0,1505913574.689778,0.0,1.0,1505913574.689778,0.0,1.0,60.0,0.0,60.0,0.0,0.0,0.0,1.0,60.0,0.0,60.0,0.0,0.0,0.0,1.0,60.0,0.0,60.0,0.0,0.0,0.0,1.0,60.0,0.0,60.0,0.0,0.0,0.0,1.0,60.0,0.0,60.0,0.0,0.0,0.0
104.4911825449395,205.0089215479322,50591.274143865965,178.2802514661506,246.59515498783904,57335.023260368376,485.6755715062677,300.3527246856549,60935.03111643588,3868.294527491247,336.4012464537936,60121.89512559676,11425.9722088194,343.7297641785632,59638.695073191055,104.4911825449395,205.0089215479322,50591.274143865965,178.2802514661506,246.59515498783904,57335.023260368376,485.6755715062677,300.3527246856549,60935.03111643588,3868.294527491247,336.4012464537936,60121.89512559676,11425.9722088194,343.7297641785632,59638.695073191055,1.0,60.0,0.0,60.0,0.0,0.0,0.0,1.0,60.0,0.0,60.0,0.0,0.0,0.0,1.0,60.0,0.0,60.0,0.0,0.0,0.0,1.0,60.0,0.0,60.0,0.0,0.0,0.0,1.0,60.0,0.0,60.0,0.0,0.0,0.0,1.0,1507655972.134032,0.0,1.0,1507655972.134032,0.0,1.0,1507655972.134032,0.0,1.0,1507655972.134032,0.0,1.0,1507655972.134032,0.0,1.0,60.0,0.0,60.0,0.0,0.0,0.0,1.0,60.0,0.0,60.0,0.0,0.0,0.0,1.0,60.0,0.0,60.0,0.0,0.0,0.0,1.0,60.0,0.0,60.0,0.0,0.0,0.0,1.0,60.0,0.0,60.0,0.0,0.0,0.0
25.031889040520817,74.09201798081135,13.99555875584065,36.4730126317915,74.49500269326694,100.772419818687,70.33894108946292,76.57669372044664,590.3906987498792,695.9803977112883,80.1782299020002,4281.358562349339,3441.992225690586,77.56865108037962,2359.6128392563023,25.031889040520817,74.09201798081135,13.99555875584065,36.4730126317915,74.49500269326694,100.772419818687,70.33894108946292,76.57669372044664,590.3906987498792,695.9803977112883,80.1782299020002,4281.358562349339,3441.992225690586,77.56865108037962,2359.6128392563023,1.0,74.0,0.0,74.0,0.0,0.0,0.0,1.0,74.0,0.0,74.0,0.0,0.0,0.0,1.0,74.0,0.0,74.0,0.0,0.0,0.0,1.0,74.0,0.0,74.0,0.0,0.0,0.0,1.0,74.0,0.0,74.0,0.0,0.0,0.0,1.0,1505912842.571066,0.0,1.0,1505912842.571066,0.0,1.0,1505912842.571066,0.0,1.0,1505912842.571066,0.0,1.0,1505912842.571066,0.0,1.0,74.0,0.0,74.0,0.0,0.0,0.0,1.0,74.0,0.0,74.0,0.0,0.0,0.0,1.0,74.0,0.0,74.0,0.0,0.0,0.0,1.0,74.0,0.0,74.0,0.0,0.0,0.0,1.0,74.0,0.0,74.0,0.0,0.0,0.0
65.42208414424725,69.61153961964642,42.17992512636374,88.69610469046856,69.86812198688588,40.7771612668821,305.20270978116844,69.13561632172488,44.50809271457275,3577.247823294949,68.52729860114457,46.819699423712336,24834.13725962636,67.76271362633864,48.60899769710795,65.42208414424725,69.61153961964642,42.17992512636374,88.69610469046856,69.86812198688588,40.7771612668821,305.20270978116844,69.13561632172488,44.50809271457275,3577.247823294949,68.52729860114457,46.819699423712336,24834.13725962636,67.76271362633864,48.60899769710795,1.0,60.0,0.0,60.0,0.0,0.0,0.0,1.0,60.0,0.0,60.0,0.0,0.0,0.0,1.0,60.0,0.0,60.0,0.0,0.0,0.0,1.0,60.0,0.0,60.0,0.0,0.0,0.0,1.0,60.0,0.0,60.0,0.0,0.0,0.0,1.0,1507657230.713839,0.0,1.0,1507657230.713839,0.0,1.0,1507657230.713839,0.0,1.0,1507657230.713839,0.0,1.0,1507657230.713839,0.0,1.0,60.0,0.0,60.0,0.0,0.0,0.0,1.0,60.0,0.0,60.0,0.0,0.0,0.0,1.0,60.0,0.0,60.0,0.0,0.0,0.0,1.0,60.0,0.0,60.0,0.0,0.0,0.0,1.0,60.0,0.0,60.0,0.0,0.0,0.0
1.0,60.0,0.0,1.0,60.0,0.0,1.0,60.0,0.0,1.0,60.0,0.0,1.0,60.0,0.0,1.0,60.0,0.0,1.0,60.0,0.0,1.0,60.0,0.0,1.0,60.0,0.0,1.0,60.0,0.0,1.0,60.0,0.0,60.0,0.0,0.0,0.0,1.0,60.0,0.0,60.0,0.0,0.0,0.0,1.0,60.0,0.0,60.0,0.0,0.0,0.0,1.0,60.0,0.0,60.0,0.0,0.0,0.0,1.0,60.0,0.0,60.0,0.0,0.0,0.0,1.0,1505913436.107638,0.0,1.0,1505913436.107638,0.0,1.0,1505913436.107638,0.0,1.0,1505913436.107638,0.0,1.0,1505913436.107638,0.0,1.0,60.0,0.0,60.0,0.0,0.0,0.0,1.0,60.0,0.0,60.0,0.0,0.0,0.0,1.0,60.0,0.0,60.0,0.0,0.0,0.0,1.0,60.0,0.0,60.0,0.0,0.0,0.0,1.0,60.0,0.0,60.0,0.0,0.0,0.0
119.61163332030029,561.9811432470742,2017.3642128642523,148.35716970139822,548.9487746402476,8336.326944021857,342.51899724462464,426.4021264760033,51132.98099639241,3771.3560829126063,345.6467653458895,62920.38678811378,26105.891943834184,342.3010229901192,63127.48637968574,119.61163332030029,561.9811432470742,2017.3642128642523,148.35716970139822,548.9487746402476,8336.326944021857,342.51899724462464,426.4021264760033,51132.98099639241,3771.3560829126063,345.6467653458895,62920.38678811378,26105.891943834184,342.3010229901192,63127.48637968574,118.66161662176732,566.0,1.0789593218788871e-05,566.0,1.1641532182693479e-10,0.0,0.0,143.3573066956725,566.0000000000002,1.52587890625e-05,566.0000000000002,2.3283064365386963e-10,0.0,0.0,248.0008692400043,565.9999982971008,0.0293541606483454,565.9999982971008,0.0008616667473688,0.0,0.0,2129.692246534881,565.753562961931,11.164067809186538,565.753562961931,124.63641004811508,0.0,0.0,14579.482352845633,565.4015220515561,17.391712568241047,565.4015220515561,302.47166605631355,0.0,0.0,118.66161662176732,0.0053618681876218,0.0047466110005018,143.3573066956725,0.0064683578020915,0.0060571980752657,248.0008692400043,0.0074399540648684,0.0060415867425976,2129.692246534881,0.8069904966039292,1206344703.3765256,14579.482352845633,26295.35826576048,39643702194151.17,1.0,566.0,0.0,566.0,0.0,0.0,0.0,1.0,566.0,0.0,566.0,0.0,0.0,0.0,1.0,566.0,0.0,566.0,0.0,0.0,0.0,1.0,566.0,0.0,566.0,0.0,0.0,0.0,1.0,566.0,0.0,566.0,0.0,0.0,0.0
1.0,60.0,0.0,1.0,60.0,0.0,1.0,60.0,0.0,1.0,60.0,0.0,1.0,60.0,0.0,1.0,60.0,0.0,1.0,60.0,0.0,1.0,60.0,0.0,1.0,60.0,0.0,1.0,60.0,0.0,1.0,60.0,0.0,60.0,0.0,0.0,0.0,1.0,60.0,0.0,60.0,0.0,0.0,0.0,1.0,60.0,0.0,60.0,0.0,0.0,0.0,1.0,60.0,0.0,60.0,0.0,0.0,0.0,1.0,60.0,0.0,60.0,0.0,0.0,0.0,1.0,1505913559.9640632,0.0,1.0,1505913559.9640632,0.0,1.0,1505913559.9640632,0.0,1.0,1505913559.9640632,0.0,1.0,1505913559.9640632,0.0,1.0,60.0,0.0,60.0,0.0,0.0,0.0,1.0,60.0,0.0,60.0,0.0,0.0,0.0,1.0,60.0,0.0,60.0,0.0,0.0,0.0,1.0,60.0,0.0,60.0,0.0,0.0,0.0,1.0,60.0,0.0,60.0,0.0,0.0,0.0
1.0,60.0,0.0,1.0,60.0,0.0,1.0,60.0,0.0,1.0,60.0,0.0,1.0,60.0,0.0,1.0,60.0,0.0,1.0,60.0,0.0,1.0,60.0,0.0,1.0,60.0,0.0,1.0,60.0,0.0,1.0,60.0,0.0,60.0,0.0,0.0,0.0,1.0,60.0,0.0,60.0,0.0,0.0,0.0,1.0,60.0,0.0,60.0,0.0,0.0,0.0,1.0,60.0,0.0,60.0,0.0,0.0,0.0,1.0,60.0,0.0,60.0,0.0,0.0,0.0,1.0,1505913540.209333,0.0,1.0,1505913540.209333,0.0,1.0,1505913540.209333,0.0,1.0,1505913540.209333,0.0,1.0,1505913540.209333,0.0,1.0,60.0,0.0,60.0,0.0,0.0,0.0,1.0,60.0,0.0,60.0,0.0,0.0,0.0,1.0,60.0,0.0,60.0,0.0,0.0,0.0,1.0,60.0,0.0,60.0,0.0,0.0,0.0,1.0,60.0,0.0,60.0,0.0,0.0,0.0
124.81810964910284,328.6407644385752,63759.071368254416,194.46002973573948,321.6223024803138,63924.31007346517,464.87919024806007,322.38189582783895,63905.78143912192,3831.4685798938976,334.9765413342218,63504.7748180576,22704.626303225235,337.7302663243286,63374.85325411356,124.81810964910284,328.6407644385752,63759.071368254416,194.46002973573948,321.6223024803138,63924.31007346517,464.87919024806007,322.38189582783895,63905.78143912192,3831.4685798938976,334.9765413342218,63504.7748180576,22704.626303225235,337.7302663243286,63374.85325411356,66.26455897354973,566.0,1.0789593218788871e-05,566.0,1.1641532182693479e-10,0.0,0.0,100.53542292550496,565.9999999999999,7.62939453125e-06,565.9999999999999,5.820766091346741e-11,0.0,0.0,241.03021735408456,565.9999999970497,0.0012217278947474,565.9999999970497,1.4926190488040447e-06,0.0,0.0,2082.406431229485,565.8554942393458,8.549797247672915,565.8554942393458,73.09903297631536,0.0,0.0,12473.8449364165,565.4346674575928,16.90380624520218,565.4346674575928,285.7386655753362,0.0,0.0,66.26455897354973,0.0049092934278331,0.0003387248961495,100.53542292550496,0.0051903541220534,0.000400857070926,241.03021735408456,0.0062315508218879,0.000716208910047,2082.406431229485,20.534401595511756,30948304746.31385,12473.8449364165,42419.17524979199,63951794208765.8,1.0,566.0,0.0,566.0,0.0,0.0,0.0,1.0,566.0,0.0,566.0,0.0,0.0,0.0,1.0,566.0,0.0,566.0,0.0,0.0,0.0,1.0,566.0,0.0,566.0,0.0,0.0,0.0,1.0,566.0,0.0,566.0,0.0,0.0,0.0
141.25749499897162,74.00732399405257,0.1757223202366731,244.1192350914033,74.01660529054216,0.3983150264066353,777.694071292927,74.03220295278656,0.9242333154015796,7033.020464227612,74.10827274454816,29.21858644998065,34841.247530420995,74.28163256971594,171.13646713133403,141.25749499897162,74.00732399405257,0.1757223202366731,244.1192350914033,74.01660529054216,0.3983150264066353,777.694071292927,74.03220295278656,0.9242333154015796,7033.020464227612,74.10827274454816,29.21858644998065,34841.247530420995,74.28163256971594,171.13646713133403,141.21438793899955,73.999999997266,0.000195633449454,95.2680429083928,3.8272446934339753e-08,-1.0956232729102298e-22,-2.397410617373433e-13,243.9503151606369,73.99999832831728,0.0048377230416715,95.2680416120272,2.340356422792169e-05,1.0614890591574128e-19,6.937102179055734e-12,776.64907574857,73.99944535861856,0.088117374460421,95.26761209027526,0.007764671681798,7.483423996799648e-17,4.4525491419360966e-10,7013.642859100964,73.99819839855626,0.1588054610044259,95.26664351299496,0.0252191744448282,1.870758432404517e-16,2.5214279984793963e-10,34735.708882875566,73.99827300514923,0.155482942522082,95.26670146354644,0.024174945415325,1.3544124284487595e-16,8.089338336052773e-11,141.21438793899944,0.0021395582535581,5.670658670873466e-05,243.950315160637,0.0020217660415986,4.727307587436056e-05,776.6490757485733,0.0018710522934018,3.665717964236001e-05,7013.642859101083,360.15303763389795,542356378350.8646,34735.70888287409,22881.62860559317,34457245710366.31,1.0,74.0,0.0,95.26804291051644,0.0,0.0,0.0,1.0,74.0,0.0,95.26804291051644,0.0,0.0,0.0,1.0,74.0,0.0,95.26804291051644,0.0,0.0,0.0,1.0207213067462724,74.00000000000001,1.3486991523486091e-06,95.26804291051644,1.8189894035458565e-12,0.0,0.0,1.6786435315263448,74.0,0.0,95.26804291051644,0.0,0.0,0.0
44.095447055142905,435.1972602897943,49047.053149290055,73.47040063487023,444.6740802128312,46625.66411703595,261.844527966099,387.49030533092537,58416.651694089465,3368.029596412959,336.95789613211093,63406.75052172327,20759.35554168216,338.4612131842406,63337.171613440274,44.095447055142905,435.1972602897943,49047.053149290055,73.47040063487023,444.6740802128312,46625.66411703595,261.844527966099,387.49030533092537,58416.651694089465,3368.029596412959,336.95789613211093,63406.75052172327,20759.35554168216,338.4612131842406,63337.171613440274,1.0,60.0,0.0,60.0,0.0,0.0,0.0,1.0,60.0,0.0,60.0,0.0,0.0,0.0,1.0,60.0,0.0,60.0,0.0,0.0,0.0,1.0,60.0,0.0,60.0,0.0,0.0,0.0,1.0,60.0,0.0,60.0,0.0,0.0,0.0,1.0,1507658043.2327108,0.0,1.0,1507658043.2327108,0.0,1.0,1507658043.2327108,0.0,1.0,1507658043.2327108,0.0,1.0,1507658043.2327108,0.0,1.0,60.0,0.0,60.0,0.0,0.0,0.0,1.0,60.0,0.0,60.0,0.0,0.0,0.0,1.0,60.0,0.0,60.0,0.0,0.0,0.0,1.0,60.0,0.0,60.0,0.0,0.0,0.0,1.0,60.0,0.0,60.0,0.0,0.0,0.0
126.8153883447915,186.6694743199419,46529.56448673427,175.0473929802219,212.5290537671966,52084.21790220493,404.810011190734,268.7916333819933,59545.6609992618,3019.201482966472,297.4989854610323,60899.51304532116,7583.848692290335,299.81752691226035,60938.1765973163,126.8153883447915,186.6694743199419,46529.56448673427,175.0473929802219,212.5290537671966,52084.21790220493,404.810011190734,268.7916333819933,59545.6609992618,3019.201482966472,297.4989854610323,60899.51304532116,7583.848692290335,299.81752691226035,60938.1765973163,32.51748694326885,553.9999999999836,8.962509250237068e-05,553.9999999999836,8.032657206058502e-09,0.0,0.0,54.0481882890875,553.9999993976828,0.0172494823252445,553.9999993976828,0.0002975446404889,0.0,0.0,171.093245804244,553.987960748751,2.4386974337759706,553.987960748751,5.947245173505507,0.0,0.0,1452.429090469511,553.611360506997,13.850518722644,553.611360506997,191.836868886312,0.0,0.0,3684.45181996658,553.5425313058594,15.025986067443911,553.5425313058594,225.78025729901856,0.0,0.0,32.51748694326885,0.0107943069822351,0.0012977993429826,54.0481882890875,0.0101447229227062,0.0013015673531783,171.093245804244,0.0089049084941145,94912.37133102713,1452.429090469511,79726.6012667593,120194182245278.05,3684.45181996658,316570.05831331096,477179565063114.1,32.51748694326777,554.0000000000001,0.0,554.0000000000001,0.0,0.0,0.0,54.04818822318838,554.0,7.62939453125e-06,554.0,5.820766091346741e-11,0.0,0.0,171.08907609863013,554.0000000000001,1.7059844799040144e-05,554.0000000000001,2.910383045673371e-10,0.0,0.0,1451.286436005247,553.9999999999994,3.6589290796758416e-05,553.9999999999994,1.3387762010097506e-09,0.0,0.0,3681.039833402407,553.9999999999992,3.6589290796758416e-05,553.9999999999992,1.3387762010097506e-09,0.0,0.0
22.26377684663065,60.05148295394686,0.7484111151015895,38.16825282659022,60.10881112812646,1.7742671409191644,171.52868121438132,60.11492401931052,2.1060057821723603,1987.5072447657712,60.09660889596902,1.81772777165088,17273.60953752224,60.09775303863764,1.730553333827629,22.26377684663065,60.05148295394686,0.7484111151015895,38.16825282659022,60.10881112812646,1.7742671409191644,171.52868121438132,60.11492401931052,2.1060057821723603,1987.5072447657712,60.09660889596902,1.81772777165088,17273.60953752224,60.09775303863764,1.730553333827629,1.0,60.0,0.0,60.0,0.0,0.0,0.0,1.0,60.0,0.0,60.0,0.0,0.0,0.0,1.0,60.0,0.0,60.0,0.0,0.0,0.0,1.0,60.0,0.0,60.0,0.0,0.0,0.0,1.0,60.0,0.0,60.0,0.0,0.0,0.0,1.0,1507653251.829175,0.0,1.0,1507653251.829175,0.0,1.0,1507653251.829175,0.0,1.0,1507653251.829175,0.0,1.0,1507653251.829175,0.0,1.0,60.0,0.0,60.0,0.0,0.0,0.0,1.0,60.0,0.0,60.0,0.0,0.0,0.0,1.0,60.0,0.0,60.0,0.0,0.0,0.0,1.0,60.0,0.0,60.0,0.0,0.0,0.0,1.0,60.0,0.0,60.0,0.0,0.0,0.0
101.53635407977627,65.32068249561998,46.30046842691536,148.36399444418302,66.45985007862382,48.94320033875101,357.65628867753355,67.42519564491792,49.10881390022587,3296.844596369357,67.26740092770181,49.10267273917725,26178.3389674598,67.65102626805142,48.76150452327238,101.53635407977627,65.32068249561998,46.30046842691536,148.36399444418302,66.45985007862382,48.94320033875101,357.65628867753355,67.42519564491792,49.10881390022587,3296.844596369357,67.26740092770181,49.10267273917725,26178.3389674598,67.65102626805142,48.76150452327238,1.0,60.0,0.0,60.0,0.0,0.0,0.0,1.0,60.0,0.0,60.0,0.0,0.0,0.0,1.0,60.0,0.0,60.0,0.0,0.0,0.0,1.0,60.0,0.0,60.0,0.0,0.0,0.0,1.0,60.0,0.0,60.0,0.0,0.0,0.0,1.0,1507657253.675819,0.0,1.0,1507657253.675819,0.0,1.0,1507657253.675819,0.0,1.0,1507657253.675819,0.0,1.0,1507657253.675819,0.0,1.0,60.0,0.0,60.0,0.0,0.0,0.0,1.0,60.0,0.0,60.0,0.0,0.0,0.0,1.0,60.0,0.0,60.0,0.0,0.0,0.0,1.0,60.0,0.0,60.0,0.0,0.0,0.0,1.0,60.0,0.0,60.0,0.0,0.0,0.0
1.0,60.0,0.0,1.0,60.0,0.0,1.0,60.0,0.0,1.0,60.0,0.0,1.0,60.0,0.0,1.0,60.0,0.0,1.0,60.0,0.0,1.0,60.0,0.0,1.0,60.0,0.0,1.0,60.0,0.0,1.0,60.0,0.0,60.0,0.0,0.0,0.0,1.0,60.0,0.0,60.0,0.0,0.0,0.0,1.0,60.0,0.0,60.0,0.0,0.0,0.0,1.0,60.0,0.0,60.0,0.0,0.0,0.0,1.0,60.0,0.0,60.0,0.0,0.0,0.0,1.0,1505913575.528092,0.0,1.0,1505913575.528092,0.0,1.0,1505913575.528092,0.0,1.0,1505913575.528092,0.0,1.0,1505913575.528092,0.0,1.0,60.0,0.0,60.0,0.0,0.0,0.0,1.0,60.0,0.0,60.0,0.0,0.0,0.0,1.0,60.0,0.0,60.0,0.0,0.0,0.0,1.0,60.0,0.0,60.0,0.0,0.0,0.0,1.0,60.0,0.0,60.0,0.0,0.0,0.0
109.75494820725662,60.02477570126547,0.2560445019448707,133.06149004096864,60.04306194718012,0.4840331027485263,257.595790254521,60.08784367079107,1.2798798671028635,2050.704001485175,60.09808607366,1.6400756230900695,18929.180672948296,60.098229030958926,1.6863431222900545,109.75494820725662,60.02477570126547,0.2560445019448707,133.06149004096864,60.04306194718012,0.4840331027485263,257.595790254521,60.08784367079107,1.2798798671028635,2050.704001485175,60.09808607366,1.6400756230900695,18929.180672948296,60.098229030958926,1.6863431222900545,1.0,60.0,0.0,60.0,0.0,0.0,0.0,1.0,60.0,0.0,60.0,0.0,0.0,0.0,1.0,60.0,0.0,60.0,0.0,0.0,0.0,1.0,60.0,0.0,60.0,0.0,0.0,0.0,1.0,60.0,0.0,60.0,0.0,0.0,0.0,1.0,1507653397.23073,0.0,1.0,1507653397.23073,0.0,1.0,1507653397.23073,0.0,1.0,1507653397.23073,0.0,1.0,1507653397.23073,0.0,1.0,60.0,0.0,60.0,0.0,0.0,0.0,1.0,60.0,0.0,60.0,0.0,0.0,0.0,1.0,60.0,0.0,60.0,0.0,0.0,0.0,1.0,60.0,0.0,60.0,0.0,0.0,0.0,1.0,60.0,0.0,60.0,0.0,0.0,0.0
174.43733475670325,74.04016432298361,0.9623305795139458,280.997767291668,74.04544788973371,1.08871507963795,813.4448657953862,74.04689771293329,1.8460925698982464,7696.919639992354,74.1542435874807,66.23600977024944,30500.54871922925,74.33840348479411,218.33372597954985,174.43733475670325,74.04016432298361,0.9623305795139458,280.997767291668,74.04544788973371,1.08871507963795,813.4448657953862,74.04689771293329,1.8460925698982464,7696.919639992354,74.1542435874807,66.23600977024944,30500.54871922925,74.33840348479411,218.33372597954985,174.14541152948365,73.99999999999999,1.3486991523486091e-06,95.2680429105164,2.033691978340166e-12,4.771890689749008e-29,3.710012009113291e-17,280.46565327605634,73.99999999999997,2.86102294921875e-06,95.26804291051648,1.328142558714738e-11,-9.858123639947899e-27,-1.0654275248716777e-15,811.9079445453253,73.99999822479145,0.0049852730835522,95.268041531613,2.4852947717591323e-05,1.3695840831577626e-20,1.1760452580347045e-12,7678.686330961258,73.99864389915741,0.1377808869601342,95.26698955521944,0.0189835728115213,2.3897651247410483e-16,6.430150865131826e-10,30413.547047052616,73.99825466127976,0.1563064166648265,95.26668721497308,0.0244316958905983,-3.7650159072560073e-16,-2.8150880393420843e-10,174.14541152948382,0.0016805331621386,1.1139385427317162e-05,280.46565327605657,0.0017323173781757,1.4348014816592874e-05,811.9079445453253,0.0017865063746942,2.5123363915463536e-05,7678.686330961368,1244.8815180593135,1874680542936.166,30413.547047051547,29853.45640548032,44955853504133.94,1.0,74.0,0.0,95.26804291051644,0.0,0.0,0.0,1.0,74.0,0.0,95.26804291051644,0.0,0.0,0.0,1.0,74.0,0.0,95.26804291051644,0.0,0.0,0.0,1.022036032420111,73.99999999999999,9.5367431640625e-07,95.26804291051644,9.094947017729282e-13,0.0,0.0,1.6828311741149389,74.00000000000001,1.3486991523486091e-06,95.26804291051644,1.8189894035458565e-12,0.0,0.0
184.5755548579026,74.01305146484555,0.3130648156566167,298.2381407709336,74.02261674000064,0.5422992803960369,859.9753566369627,74.03542903039985,1.3117817134288998,5211.080668694245,74.07836076482135,18.087479723980323,7616.416853932483,74.08722629177835,21.047415368160728,184.5755548579026,74.01305146484555,0.3130648156566167,298.2381407709336,74.02261674000064,0.5422992803960369,859.9753566369627,74.03542903039985,1.3117817134288998,5211.080668694245,74.07836076482135,18.087479723980323,7616.416853932483,74.08722629177835,21.047415368160728,184.47518063433805,74.0,2.6973983046972182e-06,95.26804291051646,8.580155856231252e-12,4.093449970211059e-27,7.11638306885223e-16,297.9570919896767,73.99999999692969,0.0002073578344818,95.26804290813156,4.2997271542659686e-08,5.724090707461427e-22,2.363416930392705e-12,858.7324145813504,73.99989576308423,0.0382008636326465,95.2679619439154,0.00145930598228,3.85544004870996e-17,3.8642930556354826e-10,5199.381157333584,73.99696835445846,0.2059947734687461,95.26568808154758,0.04243384669644,-1.8446589572434682e-20,-4.003856023038801e-14,7597.528390292306,73.99652037130544,0.2206868684954226,95.26534011413077,0.0487026939263159,1.595527065692526e-15,2.1025964204015308e-09,184.475180634338,0.0015921405606638,0.0001345740049788,297.9570919896769,0.0016401422109416,7510.548119471747,858.7324145813533,174.59086080180333,262916216072.6531,5199.381157333605,115253.99143272998,173549293092902.0,7597.528390292256,180762.5849202237,272180198057113.7,1.0,74.0,0.0,74.0,0.0,0.0,0.0,1.0,74.0,0.0,74.0,0.0,0.0,0.0,1.0,74.0,0.0,74.0,0.0,0.0,0.0,1.0,74.0,0.0,74.0,0.0,0.0,0.0,1.0,74.0,0.0,74.0,0.0,0.0,0.0
1.0,60.0,0.0,1.0,60.0,0.0,1.0,60.0,0.0,1.0,60.0,0.0,1.0,60.0,0.0,1.0,60.0,0.0,1.0,60.0,0.0,1.0,60.0,0.0,1.0,60.0,0.0,1.0,60.0,0.0,1.0,60.0,0.0,60.0,0.0,0.0,0.0,1.0,60.0,0.0,60.0,0.0,0.0,0.0,1.0,60.0,0.0,60.0,0.0,0.0,0.0,1.0,60.0,0.0,60.0,0.0,0.0,0.0,1.0,60.0,0.0,60.0,0.0,0.0,0.0,1.0,1505913438.9875991,0.0,1.0,1505913438.9875991,0.0,1.0,1505913438.9875991,0.0,1.0,1505913438.9875991,0.0,1.0,1505913438.9875991,0.0,1.0,60.0,0.0,60.0,0.0,0.0,0.0,1.0,60.0,0.0,60.0,0.0,0.0,0.0,1.0,60.0,0.0,60.0,0.0,0.0,0.0,1.0,60.0,0.0,60.0,0.0,0.0,0.0,1.0,60.0,0.0,60.0,0.0,0.0,0.0
46.41904727047841,477.5391624448727,31924.93215259828,87.34698684662372,411.0893930762137,50170.2973679525,295.60312979376096,333.53207678934325,60279.8285046586,3219.3949556764787,303.1017584520295,60964.41057272338,17345.175204041054,303.6392308988636,60970.5292942892,46.41904727047841,477.5391624448727,31924.93215259828,87.34698684662372,411.0893930762137,50170.2973679525,295.60312979376096,333.53207678934325,60279.8285046586,3219.3949556764787,303.1017584520295,60964.41057272338,17345.175204041054,303.6392308988636,60970.5292942892,39.23426062504792,553.9999999999999,7.62939453125e-06,553.9999999999999,5.820766091346741e-11,0.0,0.0,62.07660648471881,553.9999999999999,0.0,553.9999999999999,0.0,0.0,0.0,163.64623652160472,553.9999393581704,0.1730810797813445,553.9999393581704,0.0299570601782761,0.0,0.0,1584.458958244249,553.8228731903164,9.352500739214626,553.8228731903164,87.46927007701015,0.0,0.0,8557.772114678084,553.7003898870685,12.162139185548856,553.7003898870685,147.91762956866296,0.0,0.0,39.23426062504792,0.0078600780588121,0.0002449872990706,62.07660648471881,0.0080678496362859,0.0002534000376036,163.64623652160472,0.008948923580107,0.0003092510009981,1584.458958244249,553.5643585481945,834572375972.9146,8557.772114678084,83640.46047372183,126094309672056.66,39.23426062504792,553.9999999999999,7.62939453125e-06,553.9999999999999,5.820766091346741e-11,0.0,0.0,62.0766064847188,554.0,7.62939453125e-06,554.0,5.820766091346741e-11,0.0,0.0,163.64621643292625,554.0000000000001,1.0789593218788871e-05,554.0000000000001,1.1641532182693479e-10,0.0,0.0,1583.8908405107502,554.0000000000001,2.1579186437577742e-05,554.0000000000001,4.656612873077394e-10,0.0,0.0,8552.581841257626,553.9999999999935,8.765506967984051e-05,553.9999999999935,7.683411240577698e-09,0.0,0.0
12.994423154995005,60.00755542556357,0.0926481735878042,34.732570608772505,60.03190410404879,0.4109464451112217,163.47384073169906,60.10129819106896,1.5459715528290872,1968.7988622198263,60.11124275824535,1.9309816371351192,19786.248550768065,60.09848169434782,1.715098950886386,12.994423154995005,60.00755542556357,0.0926481735878042,34.732570608772505,60.03190410404879,0.4109464451112217,163.47384073169906,60.10129819106896,1.5459715528290872,1968.7988622198263,60.11124275824535,1.9309816371351192,19786.248550768065,60.09848169434782,1.715098950886386,1.0,60.0,0.0,60.0,0.0,0.0,0.0,1.0,60.0,0.0,60.0,0.0,0.0,0.0,1.0,60.0,0.0,60.0,0.0,0.0,0.0,1.0,60.0,0.0,60.0,0.0,0.0,0.0,1.0,60.0,0.0,60.0,0.0,0.0,0.0,1.0,1507653620.0451472,0.0,1.0,1507653620.0451472,0.0,1.0,1507653620.0451472,0.0,1.0,1507653620.0451472,0.0,1.0,1507653620.0451472,0.0,1.0,60.0,0.0,60.0,0.0,0.0,0.0,1.0,60.0,0.0,60.0,0.0,0.0,0.0,1.0,60.0,0.0,60.0,0.0,0.0,0.0,1.0,60.0,0.0,60.0,0.0,0.0,0.0,1.0,60.0,0.0,60.0,0.0,0.0,0.0
108.47497144744872,228.3304061857089,54804.45262394288,148.8193450024281,260.8549735776835,58851.51379832607,357.0292829083193,311.81635837903127,60950.06130291619,3855.8795580515134,337.5551267638748,60047.03179563728,37647.44304918039,342.27881704370134,59741.323201702384,108.47497144744872,228.3304061857089,54804.45262394288,148.8193450024281,260.8549735776835,58851.51379832607,357.0292829083193,311.81635837903127,60950.06130291619,3855.8795580515134,337.5551267638748,60047.03179563728,37647.44304918039,342.27881704370134,59741.323201702384,1.0,60.0,0.0,60.0,0.0,0.0,0.0,1.0,60.0,0.0,60.0,0.0,0.0,0.0,1.0,60.0,0.0,60.0,0.0,0.0,0.0,1.0,60.0,0.0,60.0,0.0,0.0,0.0,1.0,60.0,0.0,60.0,0.0,0.0,0.0,1.0,1507656360.88072,0.0,1.0,1507656360.88072,0.0,1.0,1507656360.88072,0.0,1.0,1507656360.88072,0.0,1.0,1507656360.88072,0.0,1.0,60.0,0.0,60.0,0.0,0.0,0.0,1.0,60.0,0.0,60.0,0.0,0.0,0.0,1.0,60.0,0.0,60.0,0.0,0.0,0.0,1.0,60.0,0.0,60.0,0.0,0.0,0.0,1.0,60.0,0.0,60.0,0.0,0.0,0.0
133.95216416135506,470.8294475750126,34145.13006265779,187.6105874949947,429.5619735192212,45959.02805922186,456.2678621383095,379.0208628474787,55797.59840759655,4304.847916744452,354.64957197936417,58717.87332143041,36709.308342650016,345.06721454203387,59537.367409268925,133.95216416135506,470.8294475750126,34145.13006265779,187.6105874949947,429.5619735192212,45959.02805922186,456.2678621383095,379.0208628474787,55797.59840759655,4304.847916744452,354.64957197936417,58717.87332143041,36709.308342650016,345.06721454203387,59537.367409268925,111.38609429520068,553.999999977199,0.0033561445522659,553.999999977199,1.1263706255704166e-05,0.0,0.0,140.32871453382262,553.9999625703978,0.1359787563051389,553.9999625703978,0.0184902221662923,0.0,0.0,294.6281513501662,553.9631307492954,4.26755790897978,553.9631307492954,18.21205050649587,0.0,0.0,2568.090420430263,553.843547030132,8.789953901108591,553.843547030132,77.2632895836141,0.0,0.0,21186.657165382683,553.8431073745538,8.802291842419539,553.8431073745538,77.48034167912557,0.0,0.0,111.38609429520068,0.0030764975843494,0.0003331996383799,140.32871453382262,0.0038793690620238,0.0004840327788268,294.6281513501662,0.0051551385751792,0.0007664707504496,2568.090420430263,0.0056667554932042,22558.98479261413,21186.657165382683,6206.871746968647,9357779067520.725,1.0,554.0,0.0,554.0,0.0,0.0,0.0,1.0,554.0,0.0,554.0,0.0,0.0,0.0,1.0,554.0,0.0,554.0,0.0,0.0,0.0,1.0,554.0,0.0,554.0,0.0,0.0,0.0,1.0,554.0,0.0,554.0,0.0,0.0,0.0
114.90738226010724,66.74386176626754,48.9344009911465,165.14608905719916,66.4947349370136,48.74540389059075,396.055406399363,67.26246159917507,48.97010351321296,3759.921773339767,68.15361086672804,47.801646883664944,25878.38345926553,67.76988317493678,48.59055206412177,114.90738226010724,66.74386176626754,48.9344009911465,165.14608905719916,66.4947349370136,48.74540389059075,396.055406399363,67.26246159917507,48.97010351321296,3759.921773339767,68.15361086672804,47.801646883664944,25878.38345926553,67.76988317493678,48.59055206412177,55.35138106749967,73.99999964941318,0.0022154494796475,73.99999964941318,4.908216396870556e-06,0.0,0.0,76.61153482674092,73.99992914394137,0.0314957108245963,73.99992914394137,0.0009919798003465,0.0,0.0,205.31210662798023,73.9907706526101,0.3593406219841998,73.9907706526101,0.1291256826079916,0.0,0.0,2181.1315435708207,73.98139397058259,0.5100374766040874,73.98139397058259,0.2601382275406649,0.0,0.0,14283.506427789884,73.98497902546067,0.4583317727993829,73.98497902546067,0.2100680139574251,0.0,0.0,55.35138106749967,0.0058778240491645,0.0003959800279083,76.61153482674092,0.0068095660960032,0.0005129288055656,205.31210662798023,0.0072608918165605,0.0006563116337358,2181.1315435708207,2.345943829027686,3526832550.698264,14283.506427789884,29951.18385980873,45155205765129.96,1.0,74.0,0.0,74.0,0.0,0.0,0.0,1.0,74.0,0.0,74.0,0.0,0.0,0.0,1.0,74.0,0.0,74.0,0.0,0.0,0.0,1.0,74.0,0.0,74.0,0.0,0.0,0.0,1.0,74.0,0.0,74.0,0.0,0.0,0.0
1.0,60.0,0.0,1.0,60.0,0.0,1.0,60.0,0.0,1.0,60.0,0.0,1.0,60.0,0.0,1.0,60.0,0.0,1.0,60.0,0.0,1.0,60.0,0.0,1.0,60.0,0.0,1.0,60.0,0.0,1.0,60.0,0.0,60.0,0.0,0.0,0.0,1.0,60.0,0.0,60.0,0.0,0.0,0.0,1.0,60.0,0.0,60.0,0.0,0.0,0.0,1.0,60.0,0.0,60.0,0.0,0.0,0.0,1.0,60.0,0.0,60.0,0.0,0.0,0.0,1.0,1505913563.511097,0.0,1.0,1505913563.511097,0.0,1.0,1505913563.511097,0.0,1.0,1505913563.511097,0.0,1.0,1505913563.511097,0.0,1.0,60.0,0.0,60.0,0.0,0.0,0.0,1.0,60.0,0.0,60.0,0.0,0.0,0.0,1.0,60.0,0.0,60.0,0.0,0.0,0.0,1.0,60.0,0.0,60.0,0.0,0.0,0.0,1.0,60.0,0.0,60.0,0.0,0.0,0.0
1.0,60.0,0.0,1.0,60.0,0.0,1.0,60.0,0.0,1.0,60.0,0.0,1.0,60.0,0.0,1.0,60.0,0.0,1.0,60.0,0.0,1.0,60.0,0.0,1.0,60.0,0.0,1.0,60.0,0.0,1.0,60.0,0.0,60.0,0.0,0.0,0.0,1.0,60.0,0.0,60.0,0.0,0.0,0.0,1.0,60.0,0.0,60.0,0.0,0.0,0.0,1.0,60.0,0.0,60.0,0.0,0.0,0.0,1.0,60.0,0.0,60.0,0.0,0.0,0.0,1.0,1505913436.273742,0.0,1.0,1505913436.273742,0.0,1.0,1505913436.273742,0.0,1.0,1505913436.273742,0.0,1.0,1505913436.273742,0.0,1.0,60.0,0.0,60.0,0.0,0.0,0.0,1.0,60.0,0.0,60.0,0.0,0.0,0.0,1.0,60.0,0.0,60.0,0.0,0.0,0.0,1.0,60.0,0.0,60.0,0.0,0.0,0.0,1.0,60.0,0.0,60.0,0.0,0.0,0.0
37.8788956214613,267.12754646159647,59416.93786851264,84.20584774860919,259.9004891866354,58783.68811140269,333.09691810452165,287.6448786109892,60612.73961392186,3412.0115692015743,306.6844418903456,60980.25222605,13713.01851127146,303.97372460822737,60972.93492457213,37.8788956214613,267.12754646159647,59416.93786851264,84.20584774860919,259.9004891866354,58783.68811140269,333.09691810452165,287.6448786109892,60612.73961392186,3412.0115692015743,306.6844418903456,60980.25222605,13713.01851127146,303.97372460822737,60972.93492457213,15.881753025509484,554.0000000000001,1.7059844799040144e-05,554.0000000000001,2.910383045673371e-10,0.0,0.0,34.07200609717628,553.9999999999999,7.62939453125e-06,553.9999999999999,5.820766091346741e-11,0.0,0.0,153.4669321463821,553.9999982369429,0.0295118649155325,553.9999982369429,0.0008709501707926,0.0,0.0,1703.8531574850326,553.8714793185665,7.966975527931909,553.8714793185665,63.47269906266592,0.0,0.0,6775.210381357405,553.6880788859901,12.409340656900012,553.6880788859901,153.99173553899163,0.0,0.0,15.881753025509484,0.0262858210764724,0.0056733513835313,34.07200609717628,0.0170599689446435,0.0030913597438057,153.4669321463821,0.0098403528520126,0.0012374815033947,1703.8531574850326,4402.777396627956,6637856180075.182,6775.210381357405,130938.07186885353,197392844820397.44,15.881753025509484,554.0000000000001,1.7059844799040144e-05,554.0000000000001,2.910383045673371e-10,0.0,0.0,34.07200609717628,553.9999999999999,7.62939453125e-06,553.9999999999999,5.820766091346741e-11,0.0,0.0,153.4669315986676,554.0000000000001,1.0789593218788871e-05,554.0000000000001,1.1641532182693479e-10,0.0,0.0,1703.4098773861176,553.9999999999994,3.0517578125e-05,553.9999999999994,9.313225746154783e-10,0.0,0.0,6770.932383037978,553.9999999999964,6.291359902370698e-05,553.9999999999964,3.958120942115784e-09,0.0,0.0
172.87274294383553,69.6533542362976,41.96004357043057,224.38747053685657,69.50341986699523,42.73480932735583,411.4710501409482,68.96070268299913,45.17557716360443,3621.847379417223,68.5734099953176,46.66468643539156,24625.2414051888,67.74865272211285,48.62926431231699,172.87274294383553,69.6533542362976,41.96004357043057,224.38747053685657,69.50341986699523,42.73480932735583,411.4710501409482,68.96070268299913,45.17557716360443,3621.847379417223,68.5734099953176,46.66468643539156,24625.2414051888,67.74865272211285,48.62926431231699,1.0,60.0,0.0,60.0,0.0,0.0,0.0,1.0,60.0,0.0,60.0,0.0,0.0,0.0,1.0,60.0,0.0,60.0,0.0,0.0,0.0,1.0,60.0,0.0,60.0,0.0,0.0,0.0,1.0,60.0,0.0,60.0,0.0,0.0,0.0,1.0,1507657227.611234,0.0,1.0,1507657227.611234,0.0,1.0,1507657227.611234,0.0,1.0,1507657227.611234,0.0,1.0,1507657227.611234,0.0,1.0,60.0,0.0,60.0,0.0,0.0,0.0,1.0,60.0,0.0,60.0,0.0,0.0,0.0,1.0,60.0,0.0,60.0,0.0,0.0,0.0,1.0,60.0,0.0,60.0,0.0,0.0,0.0,1.0,60.0,0.0,60.0,0.0,0.0,0.0
175.84121308818033,74.0379994279177,0.910797209174234,277.2859704738845,74.04449964547581,1.0797704307760796,616.8205610395728,74.06171363437842,16.35800912950981,6538.23039245664,74.74071329409115,546.0800163939219,24510.554140664328,74.48355238633873,336.42011065774483,175.84121308818033,74.0379994279177,0.910797209174234,277.2859704738845,74.04449964547581,1.0797704307760796,616.8205610395728,74.06171363437842,16.35800912950981,6538.23039245664,74.74071329409115,546.0800163939219,24510.554140664328,74.48355238633873,336.42011065774483,175.56262493579902,73.99999999750986,0.0001866913387421,95.26804290858216,3.4853656008808096e-08,6.779591293989925e-23,2.692552988240324e-13,276.75696859946305,73.99999841236497,0.0047145406599232,95.26804167731176,2.2226893634069823e-05,9.704348634482562e-20,1.3650762595128774e-11,614.4145817541664,73.99927702981739,0.1006034783399668,95.26748134035904,0.0101210598541001,3.734337114502796e-17,2.4616734028014744e-10,6509.531555999981,73.99715508585524,0.1995512577373192,95.26583312394934,0.039820704464546,-1.5720455832149358e-16,-1.2524660143649703e-10,24424.041806807643,73.99765168343764,0.1813033844490401,95.26621885360692,0.0328709172126764,-5.256703916808575e-16,-7.849859589566581e-10,175.56262493579894,0.001680915974518,2.546770457517728e-05,276.7569685994629,0.0018103657867305,9.67725482992136e-05,614.4145817541684,0.0025220194807612,0.0229222387340191,6509.531556000059,4389.697411512707,6610483447938.4375,24424.041806806767,41476.395240508784,62458153802063.77,1.0,74.0,0.0,95.26804291051644,0.0,0.0,0.0,1.0,74.0,0.0,95.26804291051644,0.0,0.0,0.0,1.0,74.0,0.0,95.26804291051644,0.0,0.0,0.0,1.0219154876603835,73.99999999999999,9.5367431640625e-07,95.26804291051644,9.094947017729282e-13,0.0,0.0,1.6824567190124151,74.0,9.5367431640625e-07,95.26804291051644,9.094947017729282e-13,0.0,0.0
98.7705822591062,210.07992132285648,51596.151571048096,149.05605963684602,255.2988458244384,58305.87585175738,406.35606674931074,311.91721636617336,60949.28413200617,3880.139040956311,337.329355543673,60067.5858514109,37323.597263902026,343.28307834870617,59670.77656643996,98.7705822591062,210.07992132285648,51596.151571048096,149.05605963684602,255.2988458244384,58305.87585175738,406.35606674931074,311.91721636617336,60949.28413200617,3880.139040956311,337.329355543673,60067.5858514109,37323.597263902026,343.28307834870617,59670.77656643996,1.0,60.0,0.0,60.0,0.0,0.0,0.0,1.0,60.0,0.0,60.0,0.0,0.0,0.0,1.0,60.0,0.0,60.0,0.0,0.0,0.0,1.0,60.0,0.0,60.0,0.0,0.0,0.0,1.0,60.0,0.0,60.0,0.0,0.0,0.0,1.0,1507656319.085225,0.0,1.0,1507656319.085225,0.0,1.0,1507656319.085225,0.0,1.0,1507656319.085225,0.0,1.0,1507656319.085225,0.0,1.0,60.0,0.0,60.0,0.0,0.0,0.0,1.0,60.0,0.0,60.0,0.0,0.0,0.0,1.0,60.0,0.0,60.0,0.0,0.0,0.0,1.0,60.0,0.0,60.0,0.0,0.0,0.0,1.0,60.0,0.0,60.0,0.0,0.0,0.0
140.13651019455392,74.04327102275167,1.0373428947759749,248.1910288163239,74.04653696329396,1.1389313477820906,800.0451828776141,74.03049875504189,1.2190411840019806,5878.143737207758,74.05538024107156,12.734848623427752,9533.392835277644,74.06875130096627,16.686165992297898,140.13651019455392,74.04327102275167,1.0373428947759749,248.1910288163239,74.04653696329396,1.1389313477820906,800.0451828776141,74.03049875504189,1.2190411840019806,5878.143737207758,74.05538024107156,12.734848623427752,9533.392835277644,74.06875130096627,16.686165992297898,139.88333102678845,73.9999999999999,2.3360154559928683e-06,95.26804291051631,6.558459564010245e-12,1.1345703116374195e-27,2.54639410891627e-16,247.67848122351128,73.99999999999872,3.693564745147149e-06,95.26804291051546,1.568054326486769e-11,-1.0218876908451208e-25,-9.950568690487907e-15,797.1422057699527,73.99999212813725,0.0104979055296037,95.26803679600184,0.0001102060205084,8.094758787188691e-19,2.1609123277046305e-11,5856.706077545216,73.99793675861855,0.169944468518311,95.26644028477448,0.0288811223799712,-5.09234191839856e-17,-7.735145082276875e-11,9500.276300704316,73.99729026801317,0.1947534471623438,95.26593812590424,0.0379289051816158,1.2177625354203124e-15,1.2983963274087827e-09,139.88333102678828,0.0021956026461411,8.06518388367739e-05,247.6784812235112,0.0020013463136303,3.1127680519324867,797.1422057699557,13.1866143283985,19855159347.416008,5856.706077545256,78438.19568103476,118115008159326.8,9500.276300704272,140767.36421912993,211963701885082.2,1.0,74.0,0.0,74.0,0.0,0.0,0.0,1.0,74.0,0.0,74.0,0.0,0.0,0.0,1.0,74.0,0.0,74.0,0.0,0.0,0.0,1.0,74.0,0.0,74.0,0.0,0.0,0.0,1.0,74.0,0.0,74.0,0.0,0.0,0.0
120.13209713727429,60.03684682871337,0.4633138401964061,154.09891331870656,60.05774968619802,0.7275697886966555,286.43216063575284,60.0811014218412,1.1303456284758795,2063.156014356103,60.10142831475567,1.5914298816833252,12593.729301983374,60.10358443954518,1.7901050650248185,120.13209713727429,60.03684682871337,0.4633138401964061,154.09891331870656,60.05774968619802,0.7275697886966555,286.43216063575284,60.0811014218412,1.1303456284758795,2063.156014356103,60.10142831475567,1.5914298816833252,12593.729301983374,60.10358443954518,1.7901050650248185,1.0,60.0,0.0,60.0,0.0,0.0,0.0,1.0,60.0,0.0,60.0,0.0,0.0,0.0,1.0,60.0,0.0,60.0,0.0,0.0,0.0,1.0,60.0,0.0,60.0,0.0,0.0,0.0,1.0,60.0,0.0,60.0,0.0,0.0,0.0,1.0,1507653100.059967,0.0,1.0,1507653100.059967,0.0,1.0,1507653100.059967,0.0,1.0,1507653100.059967,0.0,1.0,1507653100.059967,0.0,1.0,60.0,0.0,60.0,0.0,0.0,0.0,1.0,60.0,0.0,60.0,0.0,0.0,0.0,1.0,60.0,0.0,60.0,0.0,0.0,0.0,1.0,60.0,0.0,60.0,0.0,0.0,0.0,1.0,60.0,0.0,60.0,0.0,0.0,0.0
229.33909571668124,68.1729782526956,47.600093877445936,295.136222431858,68.23199859449923,47.45609061737287,523.3843007385167,68.33266950575728,47.22079726883204,2688.95532088076,66.96163695207426,49.05446137561465,5024.443896817654,67.10346689959466,49.03212680360775,229.33909571668124,68.1729782526956,47.600093877445936,295.136222431858,68.23199859449923,47.45609061737287,523.3843007385167,68.33266950575728,47.22079726883204,2688.95532088076,66.96163695207426,49.05446137561465,5024.443896817654,67.10346689959466,49.03212680360775,1.0,60.0,0.0,60.0,0.0,0.0,0.0,1.0,60.0,0.0,60.0,0.0,0.0,0.0,1.0,60.0,0.0,60.0,0.0,0.0,0.0,1.0,60.0,0.0,60.0,0.0,0.0,0.0,1.0,60.0,0.0,60.0,0.0,0.0,0.0,1.0,1507657083.0595438,0.0,1.0,1507657083.0595438,0.0,1.0,1507657083.0595438,0.0,1.0,1507657083.0595438,0.0,1.0,1507657083.0595438,0.0,1.0,60.0,0.0,60.0,0.0,0.0,0.0,1.0,60.0,0.0,60.0,0.0,0.0,0.0,1.0,60.0,0.0,60.0,0.0,0.0,0.0,1.0,60.0,0.0,60.0,0.0,0.0,0.0,1.0,60.0,0.0,60.0,0.0,0.0,0.0
36.067179991792734,464.5683148649649,36168.010046089934,68.6639735294938,381.15205669097816,55482.76310148212,282.9739783489004,311.59986774147904,60954.87314282693,3351.584311855197,306.218187271543,60982.260058200016,16828.79694691233,304.43701375675784,60975.95979105628,36.067179991792734,464.5683148649649,36168.010046089934,68.6639735294938,381.15205669097816,55482.76310148212,282.9739783489004,311.59986774147904,60954.87314282693,3351.584311855197,306.218187271543,60982.260058200016,16828.79694691233,304.43701375675784,60975.95979105628,29.535687263784343,554.0,7.62939453125e-06,554.0,5.820766091346741e-11,0.0,0.0,44.63068115818409,553.9999999785688,0.0032537466979779,553.9999999785688,1.0586867574602364e-05,0.0,0.0,144.08338682741976,553.9957201257569,1.4540424885536631,553.9957201257569,2.11423955851933,0.0,0.0,1670.974727039752,553.7461763568375,11.194840475865412,553.7461763568375,125.32445328007452,0.0,0.0,8330.602272962344,553.6792442494142,12.583737780846226,553.6792442494142,158.35045653709676,0.0,0.0,29.535687263784343,0.0141902711921645,0.0033014491156653,44.63068115818409,0.01299087875185,0.0023974400727899,144.08338682741976,0.0104314370449571,0.0011807185062543,1670.974727039752,793.2561950790966,1195946382439.6582,8330.602272962344,89543.56779726854,134993162208631.4,29.535687263784336,554.0000000000001,0.0,554.0000000000001,0.0,0.0,0.0,44.63068115624785,553.9999999999999,1.0789593218788871e-05,553.9999999999999,1.1641532182693479e-10,0.0,0.0,144.08213853030202,553.9999999999999,1.0789593218788871e-05,553.9999999999999,1.1641532182693479e-10,0.0,0.0,1670.1161584307458,553.9999999999985,2.95485179611772e-05,553.9999999999985,8.73114913702011e-10,0.0,0.0,8325.193186758104,553.9999999999939,8.217109385886389e-05,553.9999999999939,6.752088665962219e-09,0.0,0.0
8.647140887180733,60.02146632421954,0.3753447285548645,25.84205941849182,60.05918403162315,1.062586184435531,154.24630632898243,60.098594988973005,1.7090431376032031,1913.008991167996,60.107398641007535,1.6796155045221894,17968.444553998375,60.09961690185808,1.7088896921436572,8.647140887180733,60.02146632421954,0.3753447285548645,25.84205941849182,60.05918403162315,1.062586184435531,154.24630632898243,60.098594988973005,1.7090431376032031,1913.008991167996,60.107398641007535,1.6796155045221894,17968.444553998375,60.09961690185808,1.7088896921436572,1.0,60.0,0.0,60.0,0.0,0.0,0.0,1.0,60.0,0.0,60.0,0.0,0.0,0.0,1.0,60.0,0.0,60.0,0.0,0.0,0.0,1.0,60.0,0.0,60.0,0.0,0.0,0.0,1.0,60.0,0.0,60.0,0.0,0.0,0.0,1.0,1507653309.061252,0.0,1.0,1507653309.061252,0.0,1.0,1507653309.061252,0.0,1.0,1507653309.061252,0.0,1.0,1507653309.061252,0.0,1.0,60.0,0.0,60.0,0.0,0.0,0.0,1.0,60.0,0.0,60.0,0.0,0.0,0.0,1.0,60.0,0.0,60.0,0.0,0.0,0.0,1.0,60.0,0.0,60.0,0.0,0.0,0.0,1.0,60.0,0.0,60.0,0.0,0.0,0.0
1.0,60.0,0.0,1.0,60.0,0.0,1.0,60.0,0.0,1.0,60.0,0.0,1.0,60.0,0.0,1.0,60.0,0.0,1.0,60.0,0.0,1.0,60.0,0.0,1.0,60.0,0.0,1.0,60.0,0.0,1.0,60.0,0.0,60.0,0.0,0.0,0.0,1.0,60.0,0.0,60.0,0.0,0.0,0.0,1.0,60.0,0.0,60.0,0.0,0.0,0.0,1.0,60.0,0.0,60.0,0.0,0.0,0.0,1.0,60.0,0.0,60.0,0.0,0.0,0.0,1.0,1505913428.057559,0.0,1.0,1505913428.057559,0.0,1.0,1505913428.057559,0.0,1.0,1505913428.057559,0.0,1.0,1505913428.057559,0.0,1.0,60.0,0.0,60.0,0.0,0.0,0.0,1.0,60.0,0.0,60.0,0.0,0.0,0.0,1.0,60.0,0.0,60.0,0.0,0.0,0.0,1.0,60.0,0.0,60.0,0.0,0.0,0.0,1.0,60.0,0.0,60.0,0.0,0.0,0.0
130.08505208747636,74.64009191395506,155.70728918153054,232.86880763398256,74.75578182021546,183.73851529079457,757.4211547901016,74.49533016708783,120.06526677336204,3175.123979997349,74.18927180995425,41.15914938289825,3973.247726863095,74.165282491889,34.31168017341497,130.08505208747636,74.64009191395506,155.70728918153054,232.86880763398256,74.75578182021546,183.73851529079457,757.4211547901016,74.49533016708783,120.06526677336204,3175.123979997349,74.18927180995425,41.15914938289825,3973.247726863095,74.165282491889,34.31168017341497,129.5947272170648,73.99994916787453,0.0266767160940152,95.26800342637614,0.0007116471815606,-2.1201279187283357e-18,-4.454465393760848e-11,231.80347589741632,73.99919663181504,0.1060495599909335,95.26741889100404,0.0112465091742706,-3.555953096949133e-18,-1.2838563534531045e-11,754.2752941715423,73.99301929976205,0.3125397144944947,95.26262071292685,0.0976810731363002,-1.0864583311241031e-16,-1.7183100089195738e-10,3164.248106744075,73.9925129001316,0.3236716568713977,95.262227379356,0.1047633414618758,4.533875090449256e-15,3.79244388799709e-09,3959.618553584157,73.99304579828869,0.311946250183987,95.26264129504106,0.0973104630038506,-1.1431154583890612e-15,-8.815225799430346e-10,129.5947272170648,0.0024257423761641,117132.1217437318,231.8034758974165,1.2846940557928592,1931426882.383324,754.2752941715435,11625.2691173992,17506521231426.016,3164.248106744072,284474.2714930895,428312951386747.9,3959.618553584152,361242.0024572636,543869006773118.8,1.0,74.0,0.0,74.0,0.0,0.0,0.0,1.0,74.0,0.0,74.0,0.0,0.0,0.0,1.0,74.0,0.0,74.0,0.0,0.0,0.0,1.0,74.0,0.0,74.0,0.0,0.0,0.0,1.0,74.0,0.0,74.0,0.0,0.0,0.0
115.97336649317153,251.18444096261743,60178.6260278912,189.5214264452341,285.2565623810472,63227.30872664129,488.7125430846092,321.828915041156,63910.65975199463,3067.559849417531,312.96258091368907,63983.65994950742,6808.660467442014,322.45241871568913,63892.582407620655,115.97336649317153,251.18444096261743,60178.6260278912,189.5214264452341,285.2565623810472,63227.30872664129,488.7125430846092,321.828915041156,63910.65975199463,3067.559849417531,312.96258091368907,63983.65994950742,6808.660467442014,322.45241871568913,63892.582407620655,1.0,60.0,0.0,60.0,0.0,0.0,0.0,1.0,60.0,0.0,60.0,0.0,0.0,0.0,1.0,60.0,0.0,60.0,0.0,0.0,0.0,1.0,60.0,0.0,60.0,0.0,0.0,0.0,1.0,60.0,0.0,60.0,0.0,0.0,0.0,1.0,1507657941.7508562,0.0,1.0,1507657941.7508562,0.0,1.0,1507657941.7508562,0.0,1.0,1507657941.7508562,0.0,1.0,1507657941.7508562,0.0,1.0,60.0,0.0,60.0,0.0,0.0,0.0,1.0,60.0,0.0,60.0,0.0,0.0,0.0,1.0,60.0,0.0,60.0,0.0,0.0,0.0,1.0,60.0,0.0,60.0,0.0,0.0,0.0,1.0,60.0,0.0,60.0,0.0,0.0,0.0
177.64559469954892,73.96915099468083,0.7407384786210969,290.01166548695704,73.98547880001072,0.854105314777371,848.6253142911908,74.01751103478041,1.02719183022964,7267.816066365409,74.07423985281943,13.537725600196609,15321.336812405185,74.08515568350552,17.91074380232931,177.64559469954892,73.96915099468083,0.7407384786210969,290.01166548695704,73.98547880001072,0.854105314777371,848.6253142911908,74.01751103478041,1.02719183022964,7267.816066365409,74.07423985281943,13.537725600196609,15321.336812405185,74.08515568350552,17.91074380232931,177.5852489458014,73.960985002826,0.7380296677207501,95.237740956977,0.5446877904360008,-6.656439671333855e-16,-5.055150283684386e-10,289.80464442832283,73.9683241006753,0.6651760879176534,95.2434405629204,0.4424592279374337,-1.9431000509591984e-15,-8.495457501976289e-10,847.5051068663754,73.9856488115784,0.4480074567508581,95.25689597121156,0.200710681304372,3.601027543111497e-16,2.9798617831380547e-10,7249.362503960924,73.99735412835986,0.192445322832472,95.26598772908336,0.0370352022800943,-2.9514696549811944e-16,-3.1538730002620627e-10,15277.44977184715,73.99753094079381,0.1859051709287003,95.26612506727535,0.0345607325780292,4.0403626634600244e-16,3.4957013935175243e-10,177.5852489458014,0.0016548476425251,1.5589392211012477e-05,289.80464442832266,0.0016824771297075,2.0294667128575407e-05,847.5051068663776,0.0054833146534018,5678013.957440123,7249.362503960942,28195.13533986212,42458646550365.99,15277.449771846972,80726.59793863565,121560780528421.23,1.0,74.0,0.0,74.0,0.0,0.0,0.0,1.0,74.0,0.0,74.0,0.0,0.0,0.0,1.0,74.0,0.0,74.0,0.0,0.0,0.0,1.0,74.0,0.0,74.0,0.0,0.0,0.0,1.0,74.0,0.0,74.0,0.0,0.0,0.0
38.310232561185614,60.70722935671967,14.372594810325156,54.96866760245656,60.52701608640511,10.434757864839412,187.93161919621585,60.19972346002216,3.6616167148526975,1988.3980503753648,60.09425862394964,1.48733407205782,19450.71693248269,60.09589011494298,1.639277235683494,38.310232561185614,60.70722935671967,14.372594810325156,54.96866760245656,60.52701608640511,10.434757864839412,187.93161919621585,60.19972346002216,3.6616167148526975,1988.3980503753648,60.09425862394964,1.48733407205782,19450.71693248269,60.09589011494298,1.639277235683494,1.0,60.0,0.0,60.0,0.0,0.0,0.0,1.0,60.0,0.0,60.0,0.0,0.0,0.0,1.0,60.0,0.0,60.0,0.0,0.0,0.0,1.0,60.0,0.0,60.0,0.0,0.0,0.0,1.0,60.0,0.0,60.0,0.0,0.0,0.0,1.0,1507653497.613172,0.0,1.0,1507653497.613172,0.0,1.0,1507653497.613172,0.0,1.0,1507653497.613172,0.0,1.0,1507653497.613172,0.0,1.0,60.0,0.0,60.0,0.0,0.0,0.0,1.0,60.0,0.0,60.0,0.0,0.0,0.0,1.0,60.0,0.0,60.0,0.0,0.0,0.0,1.0,60.0,0.0,60.0,0.0,0.0,0.0,1.0,60.0,0.0,60.0,0.0,0.0,0.0
65.02240194341739,429.8313561571642,45816.66107843042,117.50628295935356,376.69837128081167,56069.68950943244,384.326012845048,340.04156942470337,59872.14296953495,3917.865965320847,339.70342678974566,59913.58015097551,32012.045444449952,341.64041130408765,59786.26316005894,65.02240194341739,429.8313561571642,45816.66107843042,117.50628295935356,376.69837128081167,56069.68950943244,384.326012845048,340.04156942470337,59872.14296953495,3917.865965320847,339.70342678974566,59913.58015097551,32012.045444449952,341.64041130408765,59786.26316005894,48.65005902073737,554.0000000000003,1.7059844799040144e-05,554.0000000000003,2.910383045673371e-10,0.0,0.0,75.29174318240452,554.0,1.0789593218788871e-05,554.0,1.1641532182693479e-10,0.0,0.0,217.79593360329,553.9999901207483,0.0698595032871551,553.9999901207483,0.004880350199528,0.0,0.0,2218.2496411737084,553.9158172872467,6.448191480650803,553.9158172872467,41.57917337113759,0.0,0.0,18254.237417760723,553.8227001481968,9.35706639689233,553.8227001481968,87.55469155585159,0.0,0.0,48.65005902073737,0.0063353599597106,0.0002056250789084,75.29174318240452,0.0066553112565927,0.0002240948816666,217.79593360329,0.0067634172982123,0.000370439942381,2218.2496411737084,0.1034312815289908,146094388.08720422,18254.237417760723,17074.28991651178,25741853378964.773,1.0,554.0,0.0,554.0,0.0,0.0,0.0,1.0,554.0,0.0,554.0,0.0,0.0,0.0,1.0,554.0,0.0,554.0,0.0,0.0,0.0,1.0,554.0,0.0,554.0,0.0,0.0,0.0,1.0,554.0,0.0,554.0,0.0,0.0,0.0
89.02162398416,413.5452860437459,49656.88836836777,146.48663097375402,369.40899046704016,57112.23193257285,437.32612671716913,336.1971510553648,60144.63850351453,3834.062469645722,343.8249147099616,59634.99416272769,9050.026591558651,347.33760659438536,59362.51084246965,89.02162398416,413.5452860437459,49656.88836836777,146.48663097375402,369.40899046704016,57112.23193257285,437.32612671716913,336.1971510553648,60144.63850351453,3834.062469645722,343.8249147099616,59634.99416272769,9050.026591558651,347.33760659438536,59362.51084246965,63.71080117950397,554.0000000000001,1.3214498959113138e-05,554.0000000000001,1.7462298274040222e-10,0.0,0.0,91.74838757362136,553.9999999999999,7.62939453125e-06,553.9999999999999,5.820766091346741e-11,0.0,0.0,244.4885667233557,553.9999999963238,0.001347857301338,553.9999999963238,1.8167193047702312e-06,0.0,0.0,2202.795548295223,553.9442727865837,5.246535800419067,553.9442727865837,27.52613790507894,0.0,0.0,5264.8735223160365,553.8476714672923,8.673355243270603,553.8476714672923,75.22709117596969,0.0,0.0,63.71080117950397,0.0049111986741132,0.0002163967887434,91.74838757362136,0.0055368811152783,0.0002719068504454,244.4885667233557,0.0063460776223233,462460.8944431421,2202.795548295223,63826.49535827644,96224311134600.31,5264.8735223160365,225881.98646366943,340501283967814.25,1.0,554.0,0.0,554.0,0.0,0.0,0.0,1.0,554.0,0.0,554.0,0.0,0.0,0.0,1.0,554.0,0.0,554.0,0.0,0.0,0.0,1.0,554.0,0.0,554.0,0.0,0.0,0.0,1.0,554.0,0.0,554.0,0.0,0.0,0.0
1.0,60.0,0.0,1.0,60.0,0.0,1.0,60.0,0.0,1.0,60.0,0.0,1.0,60.0,0.0,1.0,60.0,0.0,1.0,60.0,0.0,1.0,60.0,0.0,1.0,60.0,0.0,1.0,60.0,0.0,1.0,60.0,0.0,60.0,0.0,0.0,0.0,1.0,60.0,0.0,60.0,0.0,0.0,0.0,1.0,60.0,0.0,60.0,0.0,0.0,0.0,1.0,60.0,0.0,60.0,0.0,0.0,0.0,1.0,60.0,0.0,60.0,0.0,0.0,0.0,1.0,1505913446.595677,0.0,1.0,1505913446.595677,0.0,1.0,1505913446.595677,0.0,1.0,1505913446.595677,0.0,1.0,1505913446.595677,0.0,1.0,60.0,0.0,60.0,0.0,0.0,0.0,1.0,60.0,0.0,60.0,0.0,0.0,0.0,1.0,60.0,0.0,60.0,0.0,0.0,0.0,1.0,60.0,0.0,60.0,0.0,0.0,0.0,1.0,60.0,0.0,60.0,0.0,0.0,0.0
118.02577230255136,177.1903793186649,44132.23473588869,160.93991092600157,207.13093616914463,50991.760446094086,367.6363103277564,262.5091776214179,58980.89932651026,3261.874900162072,297.1522616704676,60880.42081876451,17749.457343874452,302.47191190431505,60960.83433894192,118.02577230255136,177.1903793186649,44132.23473588869,160.93991092600157,207.13093616914463,50991.760446094086,367.6363103277564,262.5091776214179,58980.89932651026,3261.874900162072,297.1522616704676,60880.42081876451,17749.457343874452,302.47191190431505,60960.83433894192,1.0,60.0,0.0,60.0,0.0,0.0,0.0,1.0,60.0,0.0,60.0,0.0,0.0,0.0,1.0,60.0,0.0,60.0,0.0,0.0,0.0,1.0,60.0,0.0,60.0,0.0,0.0,0.0,1.0,60.0,0.0,60.0,0.0,0.0,0.0,1.0,1507659418.999969,0.0,1.0,1507659418.999969,0.0,1.0,1507659418.999969,0.0,1.0,1507659418.999969,0.0,1.0,1507659418.999969,0.0,1.0,60.0,0.0,60.0,0.0,0.0,0.0,1.0,60.0,0.0,60.0,0.0,0.0,0.0,1.0,60.0,0.0,60.0,0.0,0.0,0.0,1.0,60.0,0.0,60.0,0.0,0.0,0.0,1.0,60.0,0.0,60.0,0.0,0.0,0.0
28.42807223510162,74.03182513545164,0.7698817848213366,42.83375340748429,74.09020384470823,3.211123494760613,86.35048115374167,74.5854131873593,130.9306445671782,688.4885602925882,75.27482916374173,351.8040922728951,7970.337063827465,76.28581485690272,1366.2227328809995,28.42807223510162,74.03182513545164,0.7698817848213366,42.83375340748429,74.09020384470823,3.211123494760613,86.35048115374167,74.5854131873593,130.9306445671782,688.4885602925882,75.27482916374173,351.8040922728951,7970.337063827465,76.28581485690272,1366.2227328809995,1.0,74.0,0.0,74.0,0.0,0.0,0.0,1.0,74.0,0.0,74.0,0.0,0.0,0.0,1.0,74.0,0.0,74.0,0.0,0.0,0.0,1.0,74.0,0.0,74.0,0.0,0.0,0.0,1.0,74.0,0.0,74.0,0.0,0.0,0.0,1.0,1505913060.74257,0.0,1.0,1505913060.74257,0.0,1.0,1505913060.74257,0.0,1.0,1505913060.74257,0.0,1.0,1505913060.74257,0.0,1.0,74.0,0.0,74.0,0.0,0.0,0.0,1.0,74.0,0.0,74.0,0.0,0.0,0.0,1.0,74.0,0.0,74.0,0.0,0.0,0.0,1.0,74.0,0.0,74.0,0.0,0.0,0.0,1.0,74.0,0.0,74.0,0.0,0.0,0.0
2.954892887633449,75.9553693179098,43.10577903888589,6.761757804134949,75.6866869135284,37.90669195727696,50.82503498538269,74.94573920904928,79.99144422602784,823.4461066352452,75.20985784178566,384.93666421284246,8408.856840140648,76.5070165767105,1568.2576744264325,2.954892887633449,75.9553693179098,43.10577903888589,6.761757804134949,75.6866869135284,37.90669195727696,50.82503498538269,74.94573920904928,79.99144422602784,823.4461066352452,75.20985784178566,384.93666421284246,8408.856840140648,76.5070165767105,1568.2576744264325,1.000029570962535,74.0,0.0,74.0,0.0,0.0,0.0,1.001916546128807,74.00000000000001,1.3486991523486091e-06,74.00000000000001,1.8189894035458565e-12,0.0,0.0,1.1242147278596666,74.00000000000001,9.5367431640625e-07,74.00000000000001,9.094947017729282e-13,0.0,0.0,1.8117406767216169,73.99999999999999,1.3486991523486091e-06,73.99999999999999,1.8189894035458565e-12,0.0,0.0,1.9793585765328645,74.0,9.5367431640625e-07,74.0,9.094947017729282e-13,0.0,0.0,1.000029570962535,44532.992619213015,67056303310817.74,1.001916546128807,2880634.09870672,4329682103513696.0,1.1242147278596666,166388668.08889565,2.2288168515988573e+17,1.8117406767216169,674716284.0024184,5.6082203700331405e+17,1.9793585765328645,745104474.0930773,5.6688192265064166e+17,1.000029570962535,74.0,0.0,74.0,0.0,0.0,0.0,1.001916546128807,74.00000000000001,1.3486991523486091e-06,74.00000000000001,1.8189894035458565e-12,0.0,0.0,1.1242147278596666,74.00000000000001,9.5367431640625e-07,74.00000000000001,9.094947017729282e-13,0.0,0.0,1.8117406767216169,73.99999999999999,1.3486991523486091e-06,73.99999999999999,1.8189894035458565e-12,0.0,0.0,1.9793585765328645,74.0,9.5367431640625e-07,74.0,9.094947017729282e-13,0.0,0.0
1.0,60.0,0.0,1.0,60.0,0.0,1.0,60.0,0.0,1.0,60.0,0.0,1.0,60.0,0.0,1.0,60.0,0.0,1.0,60.0,0.0,1.0,60.0,0.0,1.0,60.0,0.0,1.0,60.0,0.0,1.0,60.0,0.0,60.0,0.0,0.0,0.0,1.0,60.0,0.0,60.0,0.0,0.0,0.0,1.0,60.0,0.0,60.0,0.0,0.0,0.0,1.0,60.0,0.0,60.0,0.0,0.0,0.0,1.0,60.0,0.0,60.0,0.0,0.0,0.0,1.0,1505913424.557637,0.0,1.0,1505913424.557637,0.0,1.0,1505913424.557637,0.0,1.0,1505913424.557637,0.0,1.0,1505913424.557637,0.0,1.0,60.0,0.0,60.0,0.0,0.0,0.0,1.0,60.0,0.0,60.0,0.0,0.0,0.0,1.0,60.0,0.0,60.0,0.0,0.0,0.0,1.0,60.0,0.0,60.0,0.0,0.0,0.0,1.0,60.0,0.0,60.0,0.0,0.0,0.0
72.02635649683191,60.00056840769683,0.0111020825415835,87.27532167728609,60.00831017674488,0.1546450114160507,197.52718657907369,60.08235703501597,1.4889593266557313,1865.4517512393363,60.11196412539064,2.082398452549569,4734.301630980322,60.11402337647554,2.104659671799709,72.02635649683191,60.00056840769683,0.0111020825415835,87.27532167728609,60.00831017674488,0.1546450114160507,197.52718657907369,60.08235703501597,1.4889593266557313,1865.4517512393363,60.11196412539064,2.082398452549569,4734.301630980322,60.11402337647554,2.104659671799709,1.0,60.0,0.0,60.0,0.0,0.0,0.0,1.0,60.0,0.0,60.0,0.0,0.0,0.0,1.0,60.0,0.0,60.0,0.0,0.0,0.0,1.0,60.0,0.0,60.0,0.0,0.0,0.0,1.0,60.0,0.0,60.0,0.0,0.0,0.0,1.0,1507652997.279692,0.0,1.0,1507652997.279692,0.0,1.0,1507652997.279692,0.0,1.0,1507652997.279692,0.0,1.0,1507652997.279692,0.0,1.0,60.0,0.0,60.0,0.0,0.0,0.0,1.0,60.0,0.0,60.0,0.0,0.0,0.0,1.0,60.0,0.0,60.0,0.0,0.0,0.0,1.0,60.0,0.0,60.0,0.0,0.0,0.0,1.0,60.0,0.0,60.0,0.0,0.0,0.0
107.06313135350352,434.5460947245904,44702.43940629042,174.23825593620614,386.3708456872736,54668.41074870329,486.1965054477278,345.8628940593418,59461.45848789122,4311.608719450222,341.98921851818903,59759.809177734765,22416.36162971813,342.9578326077803,59693.166959073744,107.06313135350352,434.5460947245904,44702.43940629042,174.23825593620614,386.3708456872736,54668.41074870329,486.1965054477278,345.8628940593418,59461.45848789122,4311.608719450222,341.98921851818903,59759.809177734765,22416.36162971813,342.9578326077803,59693.166959073744,81.15688553941568,553.9999999999999,1.3214498959113138e-05,553.9999999999999,1.7462298274040222e-10,0.0,0.0,115.08399018615722,553.9999999999999,1.0789593218788871e-05,553.9999999999999,1.1641532182693479e-10,0.0,0.0,281.27095861516125,553.9999925523941,0.0606557277120054,553.9999925523941,0.0036791173042729,0.0,0.0,2461.3223728232906,553.8817288773539,7.6427708671855505,553.8817288773539,58.41194652830018,0.0,0.0,12842.347679851797,553.8201250291785,9.424748303236504,553.8201250291785,88.82588057935936,0.0,0.0,81.15688553941568,0.0039860320409919,0.0002674525494334,115.08399018615722,0.0045426195156906,0.0003643136355447,281.27095861516125,0.005315693157797,0.0005341900609202,2461.3223728232906,267.1801049371004,402806713983.1796,12842.347679851797,54153.177454510966,81641417181501.58,1.0,554.0,0.0,554.0,0.0,0.0,0.0,1.0,554.0,0.0,554.0,0.0,0.0,0.0,1.0,554.0,0.0,554.0,0.0,0.0,0.0,1.0,554.0,0.0,554.0,0.0,0.0,0.0,1.0,554.0,0.0,554.0,0.0,0.0,0.0
113.4998091759228,242.4025073263137,56799.595523781536,166.92602016155115,257.8302281267694,58562.51675922263,464.7689976336541,312.76105018117414,60955.80325131914,4402.300253617231,341.8637657445826,59771.09619670575,15473.103484109535,344.4428614410517,59584.74932535531,113.4998091759228,242.4025073263137,56799.595523781536,166.92602016155115,257.8302281267694,58562.51675922263,464.7689976336541,312.76105018117414,60955.80325131914,4402.300253617231,341.8637657445826,59771.09619670575,15473.103484109535,344.4428614410517,59584.74932535531,41.89083802897178,554.0,7.62939453125e-06,554.0,5.820766091346741e-11,0.0,0.0,66.8280801124789,553.9999999982496,0.0009298789183918,553.9999999982496,8.646748028695583e-07,0.0,0.0,237.76641165390183,553.9981777332689,0.9487868275470404,553.9981777332689,0.9001964441267774,0.0,0.0,2512.603092481665,553.7674659691751,10.71530396918896,553.7674659691751,114.8177391521167,0.0,0.0,8911.898637269533,553.7769770194042,10.493979853470806,553.7769770194042,110.1236131650512,0.0,0.0,41.89083802897178,0.0084155141398394,0.0010272611801045,66.8280801124789,0.0081859772962489,0.0010406937626441,237.76641165390183,0.0063490103482435,0.0010137281599531,2512.603092481665,6428.18288757035,9691438092577.332,8911.898637269533,107478.84074558644,162029550516154.44,1.0,554.0,0.0,554.0,0.0,0.0,0.0,1.0,554.0,0.0,554.0,0.0,0.0,0.0,1.0,554.0,0.0,554.0,0.0,0.0,0.0,1.0,554.0,0.0,554.0,0.0,0.0,0.0,1.0,554.0,0.0,554.0,0.0,0.0,0.0
1.0,60.0,0.0,1.0,60.0,0.0,1.0,60.0,0.0,1.0,60.0,0.0,1.0,60.0,0.0,1.0,60.0,0.0,1.0,60.0,0.0,1.0,60.0,0.0,1.0,60.0,0.0,1.0,60.0,0.0,1.0,60.0,0.0,60.0,0.0,0.0,0.0,1.0,60.0,0.0,60.0,0.0,0.0,0.0,1.0,60.0,0.0,60.0,0.0,0.0,0.0,1.0,60.0,0.0,60.0,0.0,0.0,0.0,1.0,60.0,0.0,60.0,0.0,0.0,0.0,1.0,1505913424.416126,0.0,1.0,1505913424.416126,0.0,1.0,1505913424.416126,0.0,1.0,1505913424.416126,0.0,1.0,1505913424.416126,0.0,1.0,60.0,0.0,60.0,0.0,0.0,0.0,1.0,60.0,0.0,60.0,0.0,0.0,0.0,1.0,60.0,0.0,60.0,0.0,0.0,0.0,1.0,60.0,0.0,60.0,0.0,0.0,0.0,1.0,60.0,0.0,60.0,0.0,0.0,0.0
131.40717432919664,60.02842777963239,0.5566850463651463,176.8344572071957,60.05141826436146,1.0026625977566257,327.2080634904788,62.24190984037535,1093.2926521170298,3270.395648999626,264.6577336290958,61640.51657039883,27394.72019904483,332.8065573049925,63592.34933308546,131.40717432919664,60.02842777963239,0.5566850463651463,176.8344572071957,60.05141826436146,1.0026625977566257,327.2080634904788,62.24190984037535,1093.2926521170298,3270.395648999626,264.6577336290958,61640.51657039883,27394.72019904483,332.8065573049925,63592.34933308546,1.0,60.0,0.0,60.0,0.0,0.0,0.0,1.0,60.0,0.0,60.0,0.0,0.0,0.0,1.0,60.0,0.0,60.0,0.0,0.0,0.0,1.0,60.0,0.0,60.0,0.0,0.0,0.0,1.0,60.0,0.0,60.0,0.0,0.0,0.0,1.0,1507658140.7968268,0.0,1.0,1507658140.7968268,0.0,1.0,1507658140.7968268,0.0,1.0,1507658140.7968268,0.0,1.0,1507658140.7968268,0.0,1.0,60.0,0.0,60.0,0.0,0.0,0.0,1.0,60.0,0.0,60.0,0.0,0.0,0.0,1.0,60.0,0.0,60.0,0.0,0.0,0.0,1.0,60.0,0.0,60.0,0.0,0.0,0.0,1.0,60.0,0.0,60.0,0.0,0.0,0.0
1.0,60.0,0.0,1.0,60.0,0.0,1.0,60.0,0.0,1.0,60.0,0.0,1.0,60.0,0.0,1.0,60.0,0.0,1.0,60.0,0.0,1.0,60.0,0.0,1.0,60.0,0.0,1.0,60.0,0.0,1.0,60.0,0.0,60.0,0.0,0.0,0.0,1.0,60.0,0.0,60.0,0.0,0.0,0.0,1.0,60.0,0.0,60.0,0.0,0.0,0.0,1.0,60.0,0.0,60.0,0.0,0.0,0.0,1.0,60.0,0.0,60.0,0.0,0.0,0.0,1.0,1505913447.62926,0.0,1.0,1505913447.62926,0.0,1.0,1505913447.62926,0.0,1.0,1505913447.62926,0.0,1.0,1505913447.62926,0.0,1.0,60.0,0.0,60.0,0.0,0.0,0.0,1.0,60.0,0.0,60.0,0.0,0.0,0.0,1.0,60.0,0.0,60.0,0.0,0.0,0.0,1.0,60.0,0.0,60.0,0.0,0.0,0.0,1.0,60.0,0.0,60.0,0.0,0.0,0.0
114.18826054311778,283.72268779132537,60459.088612323045,163.07953773141648,311.0109871106439,60977.815596016895,407.6085889599283,334.0067899287425,60259.05853888338,3951.451984585511,340.74962538777766,59846.9850122896,38009.180460833406,342.44904039722616,59729.646670596565,114.18826054311778,283.72268779132537,60459.088612323045,163.07953773141648,311.0109871106439,60977.815596016895,407.6085889599283,334.0067899287425,60259.05853888338,3951.451984585511,340.74962538777766,59846.9850122896,38009.180460833406,342.44904039722616,59729.646670596565,1.0,60.0,0.0,60.0,0.0,0.0,0.0,1.0,60.0,0.0,60.0,0.0,0.0,0.0,1.0,60.0,0.0,60.0,0.0,0.0,0.0,1.0,60.0,0.0,60.0,0.0,0.0,0.0,1.0,60.0,0.0,60.0,0.0,0.0,0.0,1.0,1507656380.8970509,0.0,1.0,1507656380.8970509,0.0,1.0,1507656380.8970509,0.0,1.0,1507656380.8970509,0.0,1.0,1507656380.8970509,0.0,1.0,60.0,0.0,60.0,0.0,0.0,0.0,1.0,60.0,0.0,60.0,0.0,0.0,0.0,1.0,60.0,0.0,60.0,0.0,0.0,0.0,1.0,60.0,0.0,60.0,0.0,0.0,0.0,1.0,60.0,0.0,60.0,0.0,0.0,0.0
1.0,60.0,0.0,1.0,60.0,0.0,1.0,60.0,0.0,1.0,60.0,0.0,1.0,60.0,0.0,1.0,60.0,0.0,1.0,60.0,0.0,1.0,60.0,0.0,1.0,60.0,0.0,1.0,60.0,0.0,1.0,60.0,0.0,60.0,0.0,0.0,0.0,1.0,60.0,0.0,60.0,0.0,0.0,0.0,1.0,60.0,0.0,60.0,0.0,0.0,0.0,1.0,60.0,0.0,60.0,0.0,0.0,0.0,1.0,60.0,0.0,60.0,0.0,0.0,0.0,1.0,1505913547.912211,0.0,1.0,1505913547.912211,0.0,1.0,1505913547.912211,0.0,1.0,1505913547.912211,0.0,1.0,1505913547.912211,0.0,1.0,60.0,0.0,60.0,0.0,0.0,0.0,1.0,60.0,0.0,60.0,0.0,0.0,0.0,1.0,60.0,0.0,60.0,0.0,0.0,0.0,1.0,60.0,0.0,60.0,0.0,0.0,0.0,1.0,60.0,0.0,60.0,0.0,0.0,0.0
1.0,60.0,0.0,1.0,60.0,0.0,1.0,60.0,0.0,1.0,60.0,0.0,1.0,60.0,0.0,1.0,60.0,0.0,1.0,60.0,0.0,1.0,60.0,0.0,1.0,60.0,0.0,1.0,60.0,0.0,1.0,60.0,0.0,60.0,0.0,0.0,0.0,1.0,60.0,0.0,60.0,0.0,0.0,0.0,1.0,60.0,0.0,60.0,0.0,0.0,0.0,1.0,60.0,0.0,60.0,0.0,0.0,0.0,1.0,60.0,0.0,60.0,0.0,0.0,0.0,1.0,1505913545.580432,0.0,1.0,1505913545.580432,0.0,1.0,1505913545.580432,0.0,1.0,1505913545.580432,0.0,1.0,1505913545.580432,0.0,1.0,60.0,0.0,60.0,0.0,0.0,0.0,1.0,60.0,0.0,60.0,0.0,0.0,0.0,1.0,60.0,0.0,60.0,0.0,0.0,0.0,1.0,60.0,0.0,60.0,0.0,0.0,0.0,1.0,60.0,0.0,60.0,0.0,0.0,0.0
118.6855673748041,60.00308517733761,0.0708649072216758,156.64039331977278,60.01343762756571,0.3069284339730984,272.2658050468304,60.05959123079661,1.2993999140467167,1934.5595597271092,60.1124058413624,1.930153788538064,18369.982184063258,60.10097862993103,1.7146300360423083,118.6855673748041,60.00308517733761,0.0708649072216758,156.64039331977278,60.01343762756571,0.3069284339730984,272.2658050468304,60.05959123079661,1.2993999140467167,1934.5595597271092,60.1124058413624,1.930153788538064,18369.982184063258,60.10097862993103,1.7146300360423083,1.0,60.0,0.0,60.0,0.0,0.0,0.0,1.0,60.0,0.0,60.0,0.0,0.0,0.0,1.0,60.0,0.0,60.0,0.0,0.0,0.0,1.0,60.0,0.0,60.0,0.0,0.0,0.0,1.0,60.0,0.0,60.0,0.0,0.0,0.0,1.0,1507653345.492788,0.0,1.0,1507653345.492788,0.0,1.0,1507653345.492788,0.0,1.0,1507653345.492788,0.0,1.0,1507653345.492788,0.0,1.0,60.0,0.0,60.0,0.0,0.0,0.0,1.0,60.0,0.0,60.0,0.0,0.0,0.0,1.0,60.0,0.0,60.0,0.0,0.0,0.0,1.0,60.0,0.0,60.0,0.0,0.0,0.0,1.0,60.0,0.0,60.0,0.0,0.0,0.0
74.96171429927342,60.33184237446304,4.050274695485314,86.97113935777827,60.293775528868416,3.651640046859029,172.23705985312264,60.20271666410556,2.8589049867478025,1917.2674409395308,60.09380890550617,1.4368626597529328,19366.493265947145,60.0960787211249,1.642454430521866,74.96171429927342,60.33184237446304,4.050274695485314,86.97113935777827,60.293775528868416,3.651640046859029,172.23705985312264,60.20271666410556,2.8589049867478025,1917.2674409395308,60.09380890550617,1.4368626597529328,19366.493265947145,60.0960787211249,1.642454430521866,1.0,60.0,0.0,60.0,0.0,0.0,0.0,1.0,60.0,0.0,60.0,0.0,0.0,0.0,1.0,60.0,0.0,60.0,0.0,0.0,0.0,1.0,60.0,0.0,60.0,0.0,0.0,0.0,1.0,60.0,0.0,60.0,0.0,0.0,0.0,1.0,1507653494.4493868,0.0,1.0,1507653494.4493868,0.0,1.0,1507653494.4493868,0.0,1.0,1507653494.4493868,0.0,1.0,1507653494.4493868,0.0,1.0,60.0,0.0,60.0,0.0,0.0,0.0,1.0,60.0,0.0,60.0,0.0,0.0,0.0,1.0,60.0,0.0,60.0,0.0,0.0,0.0,1.0,60.0,0.0,60.0,0.0,0.0,0.0,1.0,60.0,0.0,60.0,0.0,0.0,0.0
178.58839168154515,74.01495901917372,0.3606930538044253,294.8114408908225,74.02374494241708,0.5911538890986776,862.7566818037701,74.03113936756019,0.9042224569302562,7432.690563091813,74.06951263685819,11.731054830210269,16253.356046875577,74.0821411227211,16.730801017960406,178.58839168154515,74.01495901917372,0.3606930538044253,294.8114408908225,74.02374494241708,0.5911538890986776,862.7566818037701,74.03113936756019,0.9042224569302562,7432.690563091813,74.06951263685819,11.731054830210269,16253.356046875577,74.0821411227211,16.730801017960406,178.47670675177386,73.99994995907689,0.0264682908081152,95.26800404094688,0.0007005704183029,4.6813240438768215e-18,9.272839104380607e-11,294.5127028638944,73.99942470407687,0.089743032852146,95.26759604678992,0.0080538119455013,2.1385264289209746e-17,1.3356103337841843e-10,861.5048693156076,73.99626899241952,0.22851736410894,95.2651448579096,0.0522201856992978,-3.157469199209725e-16,-4.581628061667395e-10,7414.68906754082,73.99773545470167,0.1780407422826941,95.26628392261335,0.0316985059125727,-6.138742552214414e-17,-8.521649838133988e-11,16208.065109177238,73.9977034720638,0.1792933824151238,95.26625908021946,0.0321461169778558,3.43090700058177e-16,3.0599221063820057e-10,178.4767067517738,0.0016605005935669,2.3741705220586103e-05,294.5127028638944,0.0016610282217976,2.5305261140162617e-05,861.5048693156094,0.0026652523721308,1476164.3771525384,7414.6890675408595,24131.617291361992,36339551181645.9,16208.06510917704,75085.63877493677,113066861070314.72,1.0,74.0,0.0,74.0,0.0,0.0,0.0,1.0,74.0,0.0,74.0,0.0,0.0,0.0,1.0,74.0,0.0,74.0,0.0,0.0,0.0,1.0,74.0,0.0,74.0,0.0,0.0,0.0,1.0,74.0,0.0,74.0,0.0,0.0,0.0
103.3895357119212,277.2675175281003,60091.19812951921,160.19439622593825,321.5313087479348,60767.88733979709,414.1212425254876,348.6922465752013,59249.8825992928,4121.679737897055,344.3643667563275,59589.83994326656,35073.42227086803,342.60663259125687,59718.70549395188,103.3895357119212,277.2675175281003,60091.19812951921,160.19439622593825,321.5313087479348,60767.88733979709,414.1212425254876,348.6922465752013,59249.8825992928,4121.679737897055,344.3643667563275,59589.83994326656,35073.42227086803,342.60663259125687,59718.70549395188,45.45724897002986,554.0000000000001,7.62939453125e-06,554.0000000000001,5.820766091346741e-11,0.0,0.0,84.78909285872103,554.0,0.0,554.0,0.0,0.0,0.0,241.97474897044347,553.9999999822899,0.0029578642094017,553.9999999822899,8.748960681259632e-06,0.0,0.0,2372.3790134869064,553.9597941201266,4.4564658805217405,553.9597941201266,19.860088144254405,0.0,0.0,20067.485610867923,553.8500531270656,8.60530482712602,553.8500531270656,74.05127116775839,0.0,0.0,45.45724897002986,0.006903626359478,0.0003943839652272,84.78909285872103,0.0062586573204535,0.0007744189644712,241.97474897044347,0.0064527234472774,0.0016114075312708,2372.3790134869064,0.006690675375157,866174.3046486067,20067.485610867923,9363.281059255694,14116509007937.629,1.0,554.0,0.0,554.0,0.0,0.0,0.0,1.0,554.0,0.0,554.0,0.0,0.0,0.0,1.0,554.0,0.0,554.0,0.0,0.0,0.0,1.0,554.0,0.0,554.0,0.0,0.0,0.0,1.0,554.0,0.0,554.0,0.0,0.0,0.0
70.94515138180593,342.48330622558314,59708.64590415264,128.4557192257605,319.1670335116923,60828.52913273216,397.1676872875835,326.79116911527734,60592.43400109372,3985.3251728225423,339.84727210398887,59906.227838296014,38021.85301028912,342.3690143369077,59735.23078093748,70.94515138180593,342.48330622558314,59708.64590415264,128.4557192257605,319.1670335116923,60828.52913273216,397.1676872875835,326.79116911527734,60592.43400109372,3985.3251728225423,339.84727210398887,59906.227838296014,38021.85301028912,342.3690143369077,59735.23078093748,40.55620511142673,553.9999999356222,0.0056393870999114,553.9999999356222,3.180268686264753e-05,0.0,0.0,67.37422415791943,553.9999207367389,0.1978788634506764,553.9999207367389,0.0391560446005314,0.0,0.0,214.47600880278443,553.9490704829811,5.015634315967542,553.9490704829811,25.1565875915112,0.0,0.0,2258.217558412191,553.7888422091194,10.211139068742789,553.7888422091194,104.26736108120532,0.0,0.0,21736.56427314789,553.8395091736007,8.902623823351117,553.8395091736007,79.25671094009886,0.0,0.0,40.55620511142673,0.0075834330024476,0.0002268652346611,67.37422415791943,0.0074268459926278,0.0002326710133501,214.47600880278443,0.0068634934616576,0.0003605471482823,2258.217558412191,0.0064119897569073,23.18366797785495,21736.56427314789,3001.548827464392,4525284288586.523,1.0,554.0,0.0,554.0,0.0,0.0,0.0,1.0,554.0,0.0,554.0,0.0,0.0,0.0,1.0,554.0,0.0,554.0,0.0,0.0,0.0,1.0,554.0,0.0,554.0,0.0,0.0,0.0,1.0,554.0,0.0,554.0,0.0,0.0,0.0
83.53913031763501,247.7316917039437,57421.67407480018,119.90884470505628,279.9988489936161,60203.89313412496,321.4880425938194,299.7748080989625,60909.50989087924,2559.6596881201613,301.6449355010621,60958.58756216671,4235.763734155912,301.3565867714201,60957.29179018372,83.53913031763501,247.7316917039437,57421.67407480018,119.90884470505628,279.9988489936161,60203.89313412496,321.4880425938194,299.7748080989625,60909.50989087924,2559.6596881201613,301.6449355010621,60958.58756216671,4235.763734155912,301.3565867714201,60957.29179018372,1.0,60.0,0.0,60.0,0.0,0.0,0.0,1.0,60.0,0.0,60.0,0.0,0.0,0.0,1.0,60.0,0.0,60.0,0.0,0.0,0.0,1.0,60.0,0.0,60.0,0.0,0.0,0.0,1.0,60.0,0.0,60.0,0.0,0.0,0.0,1.0,1507659325.868404,0.0,1.0,1507659325.868404,0.0,1.0,1507659325.868404,0.0,1.0,1507659325.868404,0.0,1.0,1507659325.868404,0.0,1.0,60.0,0.0,60.0,0.0,0.0,0.0,1.0,60.0,0.0,60.0,0.0,0.0,0.0,1.0,60.0,0.0,60.0,0.0,0.0,0.0,1.0,60.0,0.0,60.0,0.0,0.0,0.0,1.0,60.0,0.0,60.0,0.0,0.0,0.0
147.23159826948228,69.63119724617775,42.69092856198222,278.086790094134,69.0128778186875,45.51955351261404,705.1003740713561,68.68419124484461,46.57205062582125,3996.636928541996,68.080734199408,48.10899997515389,23157.17365966605,67.48959556341931,48.97380740238805,147.23159826948228,69.63119724617775,42.69092856198222,278.086790094134,69.0128778186875,45.51955351261404,705.1003740713561,68.68419124484461,46.57205062582125,3996.636928541996,68.080734199408,48.10899997515389,23157.17365966605,67.48959556341931,48.97380740238805,100.50349062908134,73.99999999999999,1.3486991523486091e-06,73.99999999999999,1.8189894035458565e-12,0.0,0.0,177.57544769988257,73.99999999999885,3.932099938981686e-06,73.99999999999885,1.546140993013978e-11,0.0,0.0,434.4373897217478,73.99999032410481,0.0116388333566408,73.99999032410481,0.0001354624419036,0.0,0.0,2293.318147284036,73.98894624816649,0.3932306450847643,73.98894624816649,0.1546303402337798,0.0,0.0,12314.00802041251,73.98347391543297,0.4807203682896496,73.98347391543297,0.2310920724885364,0.0,0.0,100.50349062908134,0.0031109111956862,0.0001556101974029,177.57544769988257,0.0029425220038112,0.000287966037931,434.4373897217478,0.0036194943915477,0.0009835788613832,2293.318147284036,23.61553782449716,35594403481.26192,12314.00802041251,43997.42889796705,66331087130831.33,1.0,74.0,0.0,74.0,0.0,0.0,0.0,1.0,74.0,0.0,74.0,0.0,0.0,0.0,1.0,74.0,0.0,74.0,0.0,0.0,0.0,1.0,74.0,0.0,74.0,0.0,0.0,0.0,1.0,74.0,0.0,74.0,0.0,0.0,0.0
214.1028472831974,67.04457719925065,49.9850620249872,348.46857481046845,67.41700166873719,49.58477314184347,734.0542293012127,67.96804987785498,48.52793962672696,3968.54658175448,67.9402840857304,48.39958957394538,23100.4736325575,67.46313108297821,48.999908607033824,214.1028472831974,67.04457719925065,49.9850620249872,348.46857481046845,67.41700166873719,49.58477314184347,734.0542293012127,67.96804987785498,48.52793962672696,3968.54658175448,67.9402840857304,48.39958957394538,23100.4736325575,67.46313108297821,48.999908607033824,105.9021427995387,74.00000000000001,1.9073486328125e-06,74.00000000000001,3.637978807091713e-12,0.0,0.0,182.19982582072976,73.99999999999818,4.370284743266906e-06,73.99999999999818,1.9099388737231493e-11,0.0,0.0,414.30508183953833,73.99998797629208,0.0129742731994186,73.99998797629208,0.0001683317650531,0.0,0.0,2237.0599194573388,73.98847421712962,0.4015322110421399,73.98847421712962,0.1612281165043896,0.0,0.0,12239.881403700489,73.98334557679155,0.4825811383893939,73.98334557679155,0.2328845551292033,0.0,0.0,105.9021427995387,0.0030600534153322,0.0002388074212906,182.19982582072976,0.0029632622279787,0.0004167939747703,414.30508183953833,0.003846506771061,0.0012038633632278,2237.0599194573388,24.623887293378967,37114399873.59627,12239.881403700489,44339.10510663169,66846187438274.79,1.0,74.0,0.0,74.0,0.0,0.0,0.0,1.0,74.0,0.0,74.0,0.0,0.0,0.0,1.0,74.0,0.0,74.0,0.0,0.0,0.0,1.0,74.0,0.0,74.0,0.0,0.0,0.0,1.0,74.0,0.0,74.0,0.0,0.0,0.0
1.0,60.0,0.0,1.0,60.0,0.0,1.0,60.0,0.0,1.0,60.0,0.0,1.0,60.0,0.0,1.0,60.0,0.0,1.0,60.0,0.0,1.0,60.0,0.0,1.0,60.0,0.0,1.0,60.0,0.0,1.0,60.0,0.0,60.0,0.0,0.0,0.0,1.0,60.0,0.0,60.0,0.0,0.0,0.0,1.0,60.0,0.0,60.0,0.0,0.0,0.0,1.0,60.0,0.0,60.0,0.0,0.0,0.0,1.0,60.0,0.0,60.0,0.0,0.0,0.0,1.0,1505913460.68872,0.0,1.0,1505913460.68872,0.0,1.0,1505913460.68872,0.0,1.0,1505913460.68872,0.0,1.0,1505913460.68872,0.0,1.0,60.0,0.0,60.0,0.0,0.0,0.0,1.0,60.0,0.0,60.0,0.0,0.0,0.0,1.0,60.0,0.0,60.0,0.0,0.0,0.0,1.0,60.0,0.0,60.0,0.0,0.0,0.0,1.0,60.0,0.0,60.0,0.0,0.0,0.0
184.7303444958844,69.70238592876875,41.7371904156289,271.10666710632967,69.75780047866415,41.49702580790199,603.1302944000123,69.39078140612294,43.4435947084794,3905.4844592073455,69.11356747336164,44.63179751291045,28116.4721853854,68.0899083085605,47.97074640816572,184.7303444958844,69.70238592876875,41.7371904156289,271.10666710632967,69.75780047866415,41.49702580790199,603.1302944000123,69.39078140612294,43.4435947084794,3905.4844592073455,69.11356747336164,44.63179751291045,28116.4721853854,68.0899083085605,47.97074640816572,127.93155221247198,73.99965799186751,0.0691953530276622,73.99965799186751,0.0047879968806228,0.0,0.0,188.6266463571909,73.99748530119031,0.1876151902926024,73.99748530119031,0.0351994596285294,0.0,0.0,403.4018168876918,73.98246308794637,0.4951860513656244,73.98246308794637,0.2452092254670788,0.0,0.0,2535.312783047156,73.98238251062355,0.4963209398624796,73.98238251062355,0.2463344753459751,0.0,0.0,16172.839743237026,73.98227014141781,0.4978992591576991,73.98227014141781,0.2479036722697856,0.0,0.0,127.93155221247198,0.002594925645594,0.0002366833127827,188.6266463571909,0.0028619847111484,0.0003448755819765,403.4018168876918,0.0037675905123096,0.0005748539170474,2535.312783047156,0.1090212801657377,155703718.9834837,16172.839743237026,19655.720976620585,29633689498151.69,1.0,74.0,0.0,74.0,0.0,0.0,0.0,1.0,74.0,0.0,74.0,0.0,0.0,0.0,1.0,74.0,0.0,74.0,0.0,0.0,0.0,1.0,74.0,0.0,74.0,0.0,0.0,0.0,1.0,74.0,0.0,74.0,0.0,0.0,0.0
40.194144679191496,60.012041235714776,0.1297706730051686,69.03914436982059,60.0314107751675,0.3970938552097323,210.18902066965288,60.0816746117106,1.2964286831743266,2016.5116630870368,60.10573956249153,1.8484327469809607,16114.60526413181,60.10055565265744,1.7534863154260163,40.194144679191496,60.012041235714776,0.1297706730051686,69.03914436982059,60.0314107751675,0.3970938552097323,210.18902066965288,60.0816746117106,1.2964286831743266,2016.5116630870368,60.10573956249153,1.8484327469809607,16114.60526413181,60.10055565265744,1.7534863154260163,1.0,60.0,0.0,60.0,0.0,0.0,0.0,1.0,60.0,0.0,60.0,0.0,0.0,0.0,1.0,60.0,0.0,60.0,0.0,0.0,0.0,1.0,60.0,0.0,60.0,0.0,0.0,0.0,1.0,60.0,0.0,60.0,0.0,0.0,0.0,1.0,1507653196.681393,0.0,1.0,1507653196.681393,0.0,1.0,1507653196.681393,0.0,1.0,1507653196.681393,0.0,1.0,1507653196.681393,0.0,1.0,60.0,0.0,60.0,0.0,0.0,0.0,1.0,60.0,0.0,60.0,0.0,0.0,0.0,1.0,60.0,0.0,60.0,0.0,0.0,0.0,1.0,60.0,0.0,60.0,0.0,0.0,0.0,1.0,60.0,0.0,60.0,0.0,0.0,0.0
1.0,60.0,0.0,1.0,60.0,0.0,1.0,60.0,0.0,1.0,60.0,0.0,1.0,60.0,0.0,1.0,60.0,0.0,1.0,60.0,0.0,1.0,60.0,0.0,1.0,60.0,0.0,1.0,60.0,0.0,1.0,60.0,0.0,60.0,0.0,0.0,0.0,1.0,60.0,0.0,60.0,0.0,0.0,0.0,1.0,60.0,0.0,60.0,0.0,0.0,0.0,1.0,60.0,0.0,60.0,0.0,0.0,0.0,1.0,60.0,0.0,60.0,0.0,0.0,0.0,1.0,1505913545.131454,0.0,1.0,1505913545.131454,0.0,1.0,1505913545.131454,0.0,1.0,1505913545.131454,0.0,1.0,1505913545.131454,0.0,1.0,60.0,0.0,60.0,0.0,0.0,0.0,1.0,60.0,0.0,60.0,0.0,0.0,0.0,1.0,60.0,0.0,60.0,0.0,0.0,0.0,1.0,60.0,0.0,60.0,0.0,0.0,0.0,1.0,60.0,0.0,60.0,0.0,0.0,0.0
64.40751293884148,60.01004112119225,0.2142704914526803,91.37237898015488,60.03571178390121,0.7454562927487132,219.493542256112,60.09939801616897,2.0190888817483037,2019.693526402666,60.10472756898557,1.9633026530109416,19681.93890280856,60.09851144891479,1.6979738743448252,64.40751293884148,60.01004112119225,0.2142704914526803,91.37237898015488,60.03571178390121,0.7454562927487132,219.493542256112,60.09939801616897,2.0190888817483037,2019.693526402666,60.10472756898557,1.9633026530109416,19681.93890280856,60.09851144891479,1.6979738743448252,1.0,60.0,0.0,60.0,0.0,0.0,0.0,1.0,60.0,0.0,60.0,0.0,0.0,0.0,1.0,60.0,0.0,60.0,0.0,0.0,0.0,1.0,60.0,0.0,60.0,0.0,0.0,0.0,1.0,60.0,0.0,60.0,0.0,0.0,0.0,1.0,1507653552.30682,0.0,1.0,1507653552.30682,0.0,1.0,1507653552.30682,0.0,1.0,1507653552.30682,0.0,1.0,1507653552.30682,0.0,1.0,60.0,0.0,60.0,0.0,0.0,0.0,1.0,60.0,0.0,60.0,0.0,0.0,0.0,1.0,60.0,0.0,60.0,0.0,0.0,0.0,1.0,60.0,0.0,60.0,0.0,0.0,0.0,1.0,60.0,0.0,60.0,0.0,0.0,0.0
33.77878959678457,60.02861977825013,0.1720775686303568,56.28867540473129,60.03823572584356,0.2614339585938978,180.972805280504,60.076083060100224,1.0963034535507177,1857.430027901987,60.109792445602274,2.002661561962213,4800.092605275556,60.11311517638873,2.072341181861248,33.77878959678457,60.02861977825013,0.1720775686303568,56.28867540473129,60.03823572584356,0.2614339585938978,180.972805280504,60.076083060100224,1.0963034535507177,1857.430027901987,60.109792445602274,2.002661561962213,4800.092605275556,60.11311517638873,2.072341181861248,1.0,60.0,0.0,60.0,0.0,0.0,0.0,1.0,60.0,0.0,60.0,0.0,0.0,0.0,1.0,60.0,0.0,60.0,0.0,0.0,0.0,1.0,60.0,0.0,60.0,0.0,0.0,0.0,1.0,60.0,0.0,60.0,0.0,0.0,0.0,1.0,1507652998.039578,0.0,1.0,1507652998.039578,0.0,1.0,1507652998.039578,0.0,1.0,1507652998.039578,0.0,1.0,1507652998.039578,0.0,1.0,60.0,0.0,60.0,0.0,0.0,0.0,1.0,60.0,0.0,60.0,0.0,0.0,0.0,1.0,60.0,0.0,60.0,0.0,0.0,0.0,1.0,60.0,0.0,60.0,0.0,0.0,0.0,1.0,60.0,0.0,60.0,0.0,0.0,0.0
1.0,60.0,0.0,1.0,60.0,0.0,1.0,60.0,0.0,1.0,60.0,0.0,1.0,60.0,0.0,1.0,60.0,0.0,1.0,60.0,0.0,1.0,60.0,0.0,1.0,60.0,0.0,1.0,60.0,0.0,1.0,60.0,0.0,60.0,0.0,0.0,0.0,1.0,60.0,0.0,60.0,0.0,0.0,0.0,1.0,60.0,0.0,60.0,0.0,0.0,0.0,1.0,60.0,0.0,60.0,0.0,0.0,0.0,1.0,60.0,0.0,60.0,0.0,0.0,0.0,1.0,1505913426.703851,0.0,1.0,1505913426.703851,0.0,1.0,1505913426.703851,0.0,1.0,1505913426.703851,0.0,1.0,1505913426.703851,0.0,1.0,60.0,0.0,60.0,0.0,0.0,0.0,1.0,60.0,0.0,60.0,0.0,0.0,0.0,1.0,60.0,0.0,60.0,0.0,0.0,0.0,1.0,60.0,0.0,60.0,0.0,0.0,0.0,1.0,60.0,0.0,60.0,0.0,0.0,0.0
170.65619873641737,73.99760990328062,2.566407671113666,263.41617525315445,74.06809054187372,56.09848706162848,577.9389277542082,75.32143629754717,1077.4564829191413,5136.680826138977,74.88296107405806,680.8079702683482,10699.254913480232,74.54654750308211,395.46154265102,170.65619873641737,73.99760990328062,2.566407671113666,263.41617525315445,74.06809054187372,56.09848706162848,577.9389277542082,75.32143629754717,1077.4564829191413,5136.680826138977,74.88296107405806,680.8079702683482,10699.254913480232,74.54654750308211,395.46154265102,170.39710034813018,73.99999999999999,2.6973983046972182e-06,95.26804291051644,7.290154618149881e-12,1.817676499939532e-28,9.992782236093482e-17,262.79916606045884,74.00000000000024,5.046370145920927e-06,95.26804291051673,3.052232240324853e-11,2.0678130904453492e-26,9.989556947654574e-16,575.1773402601792,73.99999991957688,0.0010610928616322,95.26804284804749,1.1259180617840972e-06,-1.6905695395143882e-20,-2.4632054919578457e-12,5118.0280590980265,73.99855503628325,0.1422230785495174,95.26692053098904,0.0202274040721022,2.509546379677237e-16,2.450685813521573e-10,10665.153893626868,73.99770188873052,0.1793551682725467,95.26625785037164,0.0321682763860735,-1.9675182420386607e-15,-1.2125049784432663e-09,170.39710034813004,0.0017831552796213,9.813833956158924e-05,262.7991660604591,0.0020417198687479,0.0003897696783067,575.1773402601802,0.1369927332432092,201690674.51221463,5118.0280590980765,54901.767412891706,82674340144314.34,10665.15389362684,119377.37239490154,179757840736501.88,1.0,74.0,0.0,74.0,0.0,0.0,0.0,1.0,74.0,0.0,74.0,0.0,0.0,0.0,1.0,74.0,0.0,74.0,0.0,0.0,0.0,1.0,74.0,0.0,74.0,0.0,0.0,0.0,1.0,74.0,0.0,74.0,0.0,0.0,0.0
14.314452807217185,61.96094283759011,23.475310296326825,32.40751426809677,61.073557908346174,13.712841943395231,160.74502027696158,60.31175281302783,4.208331890589761,1974.044396858177,60.11934123410675,1.980652323435152,19835.70607652548,60.10053401534693,1.7457847444679828,14.314452807217185,61.96094283759011,23.475310296326825,32.40751426809677,61.073557908346174,13.712841943395231,160.74502027696158,60.31175281302783,4.208331890589761,1974.044396858177,60.11934123410675,1.980652323435152,19835.70607652548,60.10053401534693,1.7457847444679828,1.0,60.0,0.0,60.0,0.0,0.0,0.0,1.0,60.0,0.0,60.0,0.0,0.0,0.0,1.0,60.0,0.0,60.0,0.0,0.0,0.0,1.0,60.0,0.0,60.0,0.0,0.0,0.0,1.0,60.0,0.0,60.0,0.0,0.0,0.0,1.0,1507653640.813176,0.0,1.0,1507653640.813176,0.0,1.0,1507653640.813176,0.0,1.0,1507653640.813176,0.0,1.0,1507653640.813176,0.0,1.0,60.0,0.0,60.0,0.0,0.0,0.0,1.0,60.0,0.0,60.0,0.0,0.0,0.0,1.0,60.0,0.0,60.0,0.0,0.0,0.0,1.0,60.0,0.0,60.0,0.0,0.0,0.0,1.0,60.0,0.0,60.0,0.0,0.0,0.0
51.11949039763441,468.97355308410783,34763.58957902793,100.59888906136268,414.2980520168803,49482.53529048943,388.0444818012255,364.01760411681806,57742.23671174282,4324.811001259254,346.92941469304395,59392.75561229824,15514.08725520459,345.870920727809,59475.92056959462,51.11949039763441,468.97355308410783,34763.58957902793,100.59888906136268,414.2980520168803,49482.53529048943,388.0444818012255,364.01760411681806,57742.23671174282,4324.811001259254,346.92941469304395,59392.75561229824,15514.08725520459,345.870920727809,59475.92056959462,42.3187563894622,554.0,7.62939453125e-06,554.0,5.820766091346741e-11,0.0,0.0,72.14405765504763,553.9999999995389,0.000477126987114,553.9999999995389,2.276501618325711e-07,0.0,0.0,238.7852861602481,553.9988069320486,0.7677070692354833,553.9988069320486,0.5893741441541351,0.0,0.0,2512.7064970529477,553.7770232010929,10.492893786120332,553.7770232010929,110.10082000680268,0.0,0.0,8980.334444015727,553.779602610632,10.432053265737046,553.779602610632,108.82773533917498,0.0,0.0,42.3187563894622,0.007667744958939,0.0005000459484767,72.14405765504763,0.0072366719322781,0.0005570434507917,238.7852861602481,0.0062689252991687,0.0007772752779146,2512.7064970529477,6163.9825057437365,9293118145826.844,8980.334444015727,106213.52052776369,160122153384765.94,1.0,554.0,0.0,554.0,0.0,0.0,0.0,1.0,554.0,0.0,554.0,0.0,0.0,0.0,1.0,554.0,0.0,554.0,0.0,0.0,0.0,1.0,554.0,0.0,554.0,0.0,0.0,0.0,1.0,554.0,0.0,554.0,0.0,0.0,0.0
1.0,60.0,0.0,1.0,60.0,0.0,1.0,60.0,0.0,1.0,60.0,0.0,1.0,60.0,0.0,1.0,60.0,0.0,1.0,60.0,0.0,1.0,60.0,0.0,1.0,60.0,0.0,1.0,60.0,0.0,1.0,60.0,0.0,60.0,0.0,0.0,0.0,1.0,60.0,0.0,60.0,0.0,0.0,0.0,1.0,60.0,0.0,60.0,0.0,0.0,0.0,1.0,60.0,0.0,60.0,0.0,0.0,0.0,1.0,60.0,0.0,60.0,0.0,0.0,0.0,1.0,1505913560.007186,0.0,1.0,1505913560.007186,0.0,1.0,1505913560.007186,0.0,1.0,1505913560.007186,0.0,1.0,1505913560.007186,0.0,1.0,60.0,0.0,60.0,0.0,0.0,0.0,1.0,60.0,0.0,60.0,0.0,0.0,0.0,1.0,60.0,0.0,60.0,0.0,0.0,0.0,1.0,60.0,0.0,60.0,0.0,0.0,0.0,1.0,60.0,0.0,60.0,0.0,0.0,0.0
50.73017797764496,74.0116824202062,0.5755788495307571,90.81215265861611,74.025390626011,1.2967285972326863,210.85181501642023,74.08363723789955,3.2998876770880083,916.7169593766243,75.76321731788723,1129.5836115594277,6509.404224834479,76.68003605731008,1755.7342152722629,50.73017797764496,74.0116824202062,0.5755788495307571,90.81215265861611,74.025390626011,1.2967285972326863,210.85181501642023,74.08363723789955,3.2998876770880083,916.7169593766243,75.76321731788723,1129.5836115594277,6509.404224834479,76.68003605731008,1755.7342152722629,1.0,74.0,0.0,74.0,0.0,0.0,0.0,1.0,74.0,0.0,74.0,0.0,0.0,0.0,1.0,74.0,0.0,74.0,0.0,0.0,0.0,1.0,74.0,0.0,74.0,0.0,0.0,0.0,1.0,74.0,0.0,74.0,0.0,0.0,0.0,1.0,1505912937.67098,0.0,1.0,1505912937.67098,0.0,1.0,1505912937.67098,0.0,1.0,1505912937.67098,0.0,1.0,1505912937.67098,0.0,1.0,74.0,0.0,74.0,0.0,0.0,0.0,1.0,74.0,0.0,74.0,0.0,0.0,0.0,1.0,74.0,0.0,74.0,0.0,0.0,0.0,1.0,74.0,0.0,74.0,0.0,0.0,0.0,1.0,74.0,0.0,74.0,0.0,0.0,0.0
1.0,60.0,0.0,1.0,60.0,0.0,1.0,60.0,0.0,1.0,60.0,0.0,1.0,60.0,0.0,1.0,60.0,0.0,1.0,60.0,0.0,1.0,60.0,0.0,1.0,60.0,0.0,1.0,60.0,0.0,1.0,60.0,0.0,60.0,0.0,0.0,0.0,1.0,60.0,0.0,60.0,0.0,0.0,0.0,1.0,60.0,0.0,60.0,0.0,0.0,0.0,1.0,60.0,0.0,60.0,0.0,0.0,0.0,1.0,60.0,0.0,60.0,0.0,0.0,0.0,1.0,1505913563.927043,0.0,1.0,1505913563.927043,0.0,1.0,1505913563.927043,0.0,1.0,1505913563.927043,0.0,1.0,1505913563.927043,0.0,1.0,60.0,0.0,60.0,0.0,0.0,0.0,1.0,60.0,0.0,60.0,0.0,0.0,0.0,1.0,60.0,0.0,60.0,0.0,0.0,0.0,1.0,60.0,0.0,60.0,0.0,0.0,0.0,1.0,60.0,0.0,60.0,0.0,0.0,0.0
146.81872879280888,423.23867692676,51852.69831826823,220.28403332245708,396.3128956720465,57058.03673989498,530.7150067953771,366.5348588783922,61122.97286381387,3433.0586992546623,343.24599317264614,63069.99018019398,26453.03006407065,342.91204458220227,63091.19538366373,146.81872879280888,423.23867692676,51852.69831826823,220.28403332245708,396.3128956720465,57058.03673989498,530.7150067953771,366.5348588783922,61122.97286381387,3433.0586992546623,343.24599317264614,63069.99018019398,26453.03006407065,342.91204458220227,63091.19538366373,105.3935002900453,565.9999999999918,6.337451067289791e-05,565.9999999999918,4.016328603029251e-09,0.0,0.0,146.4028897768896,565.999999649551,0.0133164344733026,565.999999649551,0.0001773274270817,0.0,0.0,321.47222931815554,565.9870278045204,2.561984120764765,565.9870278045204,6.563762635050808,0.0,0.0,1924.8195983111684,565.1017040587989,21.30095797491948,565.1017040587989,453.7308106492857,0.0,0.0,14809.489470775425,565.2591876524282,19.34689238445717,565.2591876524282,374.3022449357669,0.0,0.0,105.3935002900453,0.0030573879363057,0.0001990103996319,146.4028897768896,0.0035660187936294,0.0002932275741029,321.47222931815554,0.0047187850154911,0.0007016417902945,1924.8195983111684,0.2650560928065458,388182917.2161517,14809.489470775425,22879.416748742588,34493798676476.395,1.0,566.0,0.0,566.0,0.0,0.0,0.0,1.0,566.0,0.0,566.0,0.0,0.0,0.0,1.0,566.0,0.0,566.0,0.0,0.0,0.0,1.0,566.0,0.0,566.0,0.0,0.0,0.0,1.0,566.0,0.0,566.0,0.0,0.0,0.0
72.83976219154486,62.7479803055255,30.92706344082444,89.60474620637363,63.58303746466668,37.382032539724605,219.1137116599387,66.96630086327596,49.28292629956468,2924.264647791655,67.06660480854738,49.273078471493136,10572.204167175114,67.00822168072166,49.17909971970949,72.83976219154486,62.7479803055255,30.92706344082444,89.60474620637363,63.58303746466668,37.382032539724605,219.1137116599387,66.96630086327596,49.28292629956468,2924.264647791655,67.06660480854738,49.273078471493136,10572.204167175114,67.00822168072166,49.17909971970949,1.0,60.0,0.0,60.0,0.0,0.0,0.0,1.0,60.0,0.0,60.0,0.0,0.0,0.0,1.0,60.0,0.0,60.0,0.0,0.0,0.0,1.0,60.0,0.0,60.0,0.0,0.0,0.0,1.0,60.0,0.0,60.0,0.0,0.0,0.0,1.0,1507657118.127058,0.0,1.0,1507657118.127058,0.0,1.0,1507657118.127058,0.0,1.0,1507657118.127058,0.0,1.0,1507657118.127058,0.0,1.0,60.0,0.0,60.0,0.0,0.0,0.0,1.0,60.0,0.0,60.0,0.0,0.0,0.0,1.0,60.0,0.0,60.0,0.0,0.0,0.0,1.0,60.0,0.0,60.0,0.0,0.0,0.0,1.0,60.0,0.0,60.0,0.0,0.0,0.0
101.66963916090243,74.07801456374031,1.866263299854836,131.85043986981694,74.1045935434361,2.501084423183784,182.51962277057623,74.3071468024493,88.90410085267922,864.7575381297888,77.94226859516036,2849.9947969397163,5608.561118260584,76.67100984420976,1699.714874067355,101.66963916090243,74.07801456374031,1.866263299854836,131.85043986981694,74.1045935434361,2.501084423183784,182.51962277057623,74.3071468024493,88.90410085267922,864.7575381297888,77.94226859516036,2849.9947969397163,5608.561118260584,76.67100984420976,1699.714874067355,1.0,74.0,0.0,74.0,0.0,0.0,0.0,1.0,74.0,0.0,74.0,0.0,0.0,0.0,1.0,74.0,0.0,74.0,0.0,0.0,0.0,1.0,74.0,0.0,74.0,0.0,0.0,0.0,1.0,74.0,0.0,74.0,0.0,0.0,0.0,1.0,1505912909.500007,0.0,1.0,1505912909.500007,0.0,1.0,1505912909.500007,0.0,1.0,1505912909.500007,0.0,1.0,1505912909.500007,0.0,1.0,74.0,0.0,74.0,0.0,0.0,0.0,1.0,74.0,0.0,74.0,0.0,0.0,0.0,1.0,74.0,0.0,74.0,0.0,0.0,0.0,1.0,74.0,0.0,74.0,0.0,0.0,0.0,1.0,74.0,0.0,74.0,0.0,0.0,0.0
1.0,60.0,0.0,1.0,60.0,0.0,1.0,60.0,0.0,1.0,60.0,0.0,1.0,60.0,0.0,1.0,60.0,0.0,1.0,60.0,0.0,1.0,60.0,0.0,1.0,60.0,0.0,1.0,60.0,0.0,1.0,60.0,0.0,60.0,0.0,0.0,0.0,1.0,60.0,0.0,60.0,0.0,0.0,0.0,1.0,60.0,0.0,60.0,0.0,0.0,0.0,1.0,60.0,0.0,60.0,0.0,0.0,0.0,1.0,60.0,0.0,60.0,0.0,0.0,0.0,1.0,1505913541.134985,0.0,1.0,1505913541.134985,0.0,1.0,1505913541.134985,0.0,1.0,1505913541.134985,0.0,1.0,1505913541.134985,0.0,1.0,60.0,0.0,60.0,0.0,0.0,0.0,1.0,60.0,0.0,60.0,0.0,0.0,0.0,1.0,60.0,0.0,60.0,0.0,0.0,0.0,1.0,60.0,0.0,60.0,0.0,0.0,0.0,1.0,60.0,0.0,60.0,0.0,0.0,0.0
46.34870070611382,468.6880920650293,34858.42460962385,88.76152206359457,403.16575523971306,51745.13353716602,332.5374271656385,346.9964238974311,59386.95124561661,3772.4301182242734,337.57585016340414,60050.596635531874,37773.00717942535,340.7927307527982,59843.298460108825,46.34870070611382,468.6880920650293,34858.42460962385,88.76152206359457,403.16575523971306,51745.13353716602,332.5374271656385,346.9964238974311,59386.95124561661,3772.4301182242734,337.57585016340414,60050.596635531874,37773.00717942535,340.7927307527982,59843.298460108825,38.34295652966043,554.0000000000001,1.0789593218788871e-05,554.0000000000001,1.1641532182693479e-10,0.0,0.0,61.65364180042106,554.0000000000001,0.0,554.0000000000001,0.0,0.0,0.0,193.16067182480828,553.9999991000186,0.0210853194458531,553.9999991000186,0.0004445906961336,0.0,0.0,2119.735224694083,553.9058028055182,6.820890041811022,553.9058028055182,46.52454096247675,0.0,0.0,21473.628925815923,553.8384196973374,8.932780156538533,553.8384196973374,79.79456132504856,0.0,0.0,38.34295652966043,0.0080367179581168,0.0002456752119585,61.65364180042106,0.0081060871199918,0.000237529454603,193.16067182480828,0.0075653574960644,0.0002241281261296,2119.735224694083,0.0068221162869305,0.0221161325912829,21473.628925815923,1503.1568304789291,2266231127155.596,1.0,554.0,0.0,554.0,0.0,0.0,0.0,1.0,554.0,0.0,554.0,0.0,0.0,0.0,1.0,554.0,0.0,554.0,0.0,0.0,0.0,1.0,554.0,0.0,554.0,0.0,0.0,0.0,1.0,554.0,0.0,554.0,0.0,0.0,0.0
65.80096988707457,60.00751973551253,0.1096454855187403,87.62246584889297,60.02863278948058,0.4691801226854295,219.91459090988576,60.07577536250263,1.3915652712121298,2034.7546453198968,60.0927934329698,1.7462926453608816,17325.54836107151,60.09729638859251,1.7225135423059328,65.80096988707457,60.00751973551253,0.1096454855187403,87.62246584889297,60.02863278948058,0.4691801226854295,219.91459090988576,60.07577536250263,1.3915652712121298,2034.7546453198968,60.0927934329698,1.7462926453608816,17325.54836107151,60.09729638859251,1.7225135423059328,1.0,60.0,0.0,60.0,0.0,0.0,0.0,1.0,60.0,0.0,60.0,0.0,0.0,0.0,1.0,60.0,0.0,60.0,0.0,0.0,0.0,1.0,60.0,0.0,60.0,0.0,0.0,0.0,1.0,60.0,0.0,60.0,0.0,0.0,0.0,1.0,1507653252.0715609,0.0,1.0,1507653252.0715609,0.0,1.0,1507653252.0715609,0.0,1.0,1507653252.0715609,0.0,1.0,1507653252.0715609,0.0,1.0,60.0,0.0,60.0,0.0,0.0,0.0,1.0,60.0,0.0,60.0,0.0,0.0,0.0,1.0,60.0,0.0,60.0,0.0,0.0,0.0,1.0,60.0,0.0,60.0,0.0,0.0,0.0,1.0,60.0,0.0,60.0,0.0,0.0,0.0
95.60902498529026,75.76616846131148,1318.487993673507,137.70712976195765,78.59179697516358,3559.192313214261,304.582337932113,82.70881050609142,6694.204838125699,1240.2797889242895,80.38876700049791,4822.752743921767,7786.735111974811,77.09622374781247,2091.5774519988445,95.60902498529026,75.76616846131148,1318.487993673507,137.70712976195765,78.59179697516358,3559.192313214261,304.582337932113,82.70881050609142,6694.204838125699,1240.2797889242895,80.38876700049791,4822.752743921767,7786.735111974811,77.09622374781247,2091.5774519988445,1.0000298668673069,74.0,0.0,74.0,0.0,0.0,0.0,1.0019280300722229,74.0,9.5367431640625e-07,74.0,9.094947017729282e-13,0.0,0.0,1.1244623321630334,74.0,0.0,74.0,0.0,0.0,0.0,1.81190234066027,74.0,9.5367431640625e-07,74.0,9.094947017729282e-13,0.0,0.0,1.9793780794088187,74.00000000000001,1.3486991523486091e-06,74.00000000000001,1.8189894035458565e-12,0.0,0.0,1.0000298668673069,44978.56627651573,67727257154985.15,1.0019280300722229,2897861.3718451583,4355524962090983.0,1.1244623321630334,166683614.31628335,2.2322758859259613e+17,1.81190234066027,674790388.2023152,5.608335401309404e+17,1.9793780794088187,745111906.3878669,5.668819429735982e+17,1.0000298668673069,74.0,0.0,74.0,0.0,0.0,0.0,1.0019280300722229,74.0,9.5367431640625e-07,74.0,9.094947017729282e-13,0.0,0.0,1.1244623321630334,74.0,0.0,74.0,0.0,0.0,0.0,1.81190234066027,74.0,9.5367431640625e-07,74.0,9.094947017729282e-13,0.0,0.0,1.9793780794088187,74.00000000000001,1.3486991523486091e-06,74.00000000000001,1.8189894035458565e-12,0.0,0.0
1.0,60.0,0.0,1.0,60.0,0.0,1.0,60.0,0.0,1.0,60.0,0.0,1.0,60.0,0.0,1.0,60.0,0.0,1.0,60.0,0.0,1.0,60.0,0.0,1.0,60.0,0.0,1.0,60.0,0.0,1.0,60.0,0.0,60.0,0.0,0.0,0.0,1.0,60.0,0.0,60.0,0.0,0.0,0.0,1.0,60.0,0.0,60.0,0.0,0.0,0.0,1.0,60.0,0.0,60.0,0.0,0.0,0.0,1.0,60.0,0.0,60.0,0.0,0.0,0.0,1.0,1505913575.121732,0.0,1.0,1505913575.121732,0.0,1.0,1505913575.121732,0.0,1.0,1505913575.121732,0.0,1.0,1505913575.121732,0.0,1.0,60.0,0.0,60.0,0.0,0.0,0.0,1.0,60.0,0.0,60.0,0.0,0.0,0.0,1.0,60.0,0.0,60.0,0.0,0.0,0.0,1.0,60.0,0.0,60.0,0.0,0.0,0.0,1.0,60.0,0.0,60.0,0.0,0.0,0.0
173.43634185215606,74.06547570702405,1.5675691036658463,269.7748462211152,74.06287478849795,1.5244823822085891,586.4723229606342,74.0721700420072,19.12886263109613,6513.429850094394,74.75146208070251,553.9963244284982,24442.513931870293,74.48541303520356,337.7137098173962,173.43634185215606,74.06547570702405,1.5675691036658463,269.7748462211152,74.06287478849795,1.5244823822085891,586.4723229606342,74.0721700420072,19.12886263109613,6513.429850094394,74.75146208070251,553.9963244284982,24442.513931870293,74.48541303520356,337.7137098173962,172.96287975761712,73.9999999957044,0.0002452055978959,95.2680429071798,6.01257852824987e-08,5.401282295131857e-23,1.4608189848984876e-13,269.04765143892,73.99999775501446,0.0056062276601965,95.26804116671092,3.1429788577953066e-05,7.723989795184775e-20,5.46036727004164e-12,583.797122082628,73.99915397252923,0.1088286212724814,95.267385755305,0.0118436688080691,5.216205684939946e-17,2.901689023087371e-10,6484.424992280584,73.99711361750713,0.2010000588868815,95.26580091366633,0.0404010236725298,-1.24753680767434e-16,-9.75611904929674e-11,24355.909787893142,73.99764261528037,0.1816530449360845,95.26621180995252,0.0329978287345511,-5.319274260001259e-16,-9.475779902677084e-10,172.96287975761712,0.0017142248472133,3.5041225236123344e-05,269.04765143891984,0.0018839255765486,0.0001317693258911,583.7971220826295,0.0026739016179254,0.0268216261447556,6484.42499228066,4453.682974378529,6706839613413.923,24355.90978789228,41636.55868246594,62699332830137.8,1.0,74.0,0.0,95.26804291051644,0.0,0.0,0.0,1.0,74.0,0.0,95.26804291051644,0.0,0.0,0.0,1.0,74.0,0.0,95.26804291051644,0.0,0.0,0.0,1.0219353633341233,74.00000000000001,1.3486991523486091e-06,95.26804291051644,1.8189894035458565e-12,0.0,0.0,1.682518587380022,74.0,0.0,95.26804291051644,0.0,0.0,0.0
119.6036568962914,195.58514300642207,48591.55515922541,158.51140320257718,227.3248801200453,54650.86846913057,371.2317062227536,271.3331565946553,59716.96719960162,3442.2953991852446,303.0111902100423,60965.37260720308,14025.433756466944,303.1522984205384,60967.46545058628,119.6036568962914,195.58514300642207,48591.55515922541,158.51140320257718,227.3248801200453,54650.86846913057,371.2317062227536,271.3331565946553,59716.96719960162,3442.2953991852446,303.0111902100423,60965.37260720308,14025.433756466944,303.1522984205384,60967.46545058628,1.0,60.0,0.0,60.0,0.0,0.0,0.0,1.0,60.0,0.0,60.0,0.0,0.0,0.0,1.0,60.0,0.0,60.0,0.0,0.0,0.0,1.0,60.0,0.0,60.0,0.0,0.0,0.0,1.0,60.0,0.0,60.0,0.0,0.0,0.0,1.0,1507659386.469217,0.0,1.0,1507659386.469217,0.0,1.0,1507659386.469217,0.0,1.0,1507659386.469217,0.0,1.0,1507659386.469217,0.0,1.0,60.0,0.0,60.0,0.0,0.0,0.0,1.0,60.0,0.0,60.0,0.0,0.0,0.0,1.0,60.0,0.0,60.0,0.0,0.0,0.0,1.0,60.0,0.0,60.0,0.0,0.0,0.0,1.0,60.0,0.0,60.0,0.0,0.0,0.0
116.99512891065596,383.4417206638002,55162.896444117454,163.4934423631953,380.55936669308153,55589.84431793459,395.0403429818426,358.1473500467497,58375.724013735984,3716.057700318872,338.3540205368524,60005.539265282445,37688.619288272064,340.5552246897022,59859.75670394214,116.99512891065596,383.4417206638002,55162.896444117454,163.4934423631953,380.55936669308153,55589.84431793459,395.0403429818426,358.1473500467497,58375.724013735984,3716.057700318872,338.3540205368524,60005.539265282445,37688.619288272064,340.5552246897022,59859.75670394214,1.0,60.0,0.0,60.0,0.0,0.0,0.0,1.0,60.0,0.0,60.0,0.0,0.0,0.0,1.0,60.0,0.0,60.0,0.0,0.0,0.0,1.0,60.0,0.0,60.0,0.0,0.0,0.0,1.0,60.0,0.0,60.0,0.0,0.0,0.0,1.0,1507656490.580257,0.0,1.0,1507656490.580257,0.0,1.0,1507656490.580257,0.0,1.0,1507656490.580257,0.0,1.0,1507656490.580257,0.0,1.0,60.0,0.0,60.0,0.0,0.0,0.0,1.0,60.0,0.0,60.0,0.0,0.0,0.0,1.0,60.0,0.0,60.0,0.0,0.0,0.0,1.0,60.0,0.0,60.0,0.0,0.0,0.0,1.0,60.0,0.0,60.0,0.0,0.0,0.0
10.083353866717482,60.34023391519617,7.220758244278841,31.72916827913111,60.25477521308628,5.191901578298712,163.14625538592065,60.15328708823179,2.818132675568449,1944.5494819064609,60.095878020739285,1.7274791271220238,18666.59158886145,60.09877050742181,1.7061932008555232,10.083353866717482,60.34023391519617,7.220758244278841,31.72916827913111,60.25477521308628,5.191901578298712,163.14625538592065,60.15328708823179,2.818132675568449,1944.5494819064609,60.095878020739285,1.7274791271220238,18666.59158886145,60.09877050742181,1.7061932008555232,1.0,60.0,0.0,60.0,0.0,0.0,0.0,1.0,60.0,0.0,60.0,0.0,0.0,0.0,1.0,60.0,0.0,60.0,0.0,0.0,0.0,1.0,60.0,0.0,60.0,0.0,0.0,0.0,1.0,60.0,0.0,60.0,0.0,0.0,0.0,1.0,1507653378.412173,0.0,1.0,1507653378.412173,0.0,1.0,1507653378.412173,0.0,1.0,1507653378.412173,0.0,1.0,1507653378.412173,0.0,1.0,60.0,0.0,60.0,0.0,0.0,0.0,1.0,60.0,0.0,60.0,0.0,0.0,0.0,1.0,60.0,0.0,60.0,0.0,0.0,0.0,1.0,60.0,0.0,60.0,0.0,0.0,0.0,1.0,60.0,0.0,60.0,0.0,0.0,0.0
136.9911223683041,237.0124867653396,56106.72205934538,174.83355493802063,274.5292348178013,59944.24632635705,402.52003638860367,322.8229759277256,60741.1305576382,3803.124213371149,340.2169311658077,59882.60317240541,37906.75574253462,342.2699028931586,59742.13911208067,136.9911223683041,237.0124867653396,56106.72205934538,174.83355493802063,274.5292348178013,59944.24632635705,402.52003638860367,322.8229759277256,60741.1305576382,3803.124213371149,340.2169311658077,59882.60317240541,37906.75574253462,342.2699028931586,59742.13911208067,1.0,60.0,0.0,60.0,0.0,0.0,0.0,1.0,60.0,0.0,60.0,0.0,0.0,0.0,1.0,60.0,0.0,60.0,0.0,0.0,0.0,1.0,60.0,0.0,60.0,0.0,0.0,0.0,1.0,60.0,0.0,60.0,0.0,0.0,0.0,1.0,1507656397.0046618,0.0,1.0,1507656397.0046618,0.0,1.0,1507656397.0046618,0.0,1.0,1507656397.0046618,0.0,1.0,1507656397.0046618,0.0,1.0,60.0,0.0,60.0,0.0,0.0,0.0,1.0,60.0,0.0,60.0,0.0,0.0,0.0,1.0,60.0,0.0,60.0,0.0,0.0,0.0,1.0,60.0,0.0,60.0,0.0,0.0,0.0,1.0,60.0,0.0,60.0,0.0,0.0,0.0
105.91508575757452,356.1676320772161,62137.37185770112,146.26279938447175,391.7375659035382,57797.44801705674,311.4210089700229,381.8683397079943,59249.34881043356,3166.7659903137437,326.7712324417461,63792.970606669296,8760.423327365812,325.3161921150024,63829.940067143216,105.91508575757452,356.1676320772161,62137.37185770112,146.26279938447175,391.7375659035382,57797.44801705674,311.4210089700229,381.8683397079943,59249.34881043356,3166.7659903137437,326.7712324417461,63792.970606669296,8760.423327365812,325.3161921150024,63829.940067143216,1.0,60.0,0.0,60.0,0.0,0.0,0.0,1.0,60.0,0.0,60.0,0.0,0.0,0.0,1.0,60.0,0.0,60.0,0.0,0.0,0.0,1.0,60.0,0.0,60.0,0.0,0.0,0.0,1.0,60.0,0.0,60.0,0.0,0.0,0.0,1.0,1507657952.760907,0.0,1.0,1507657952.760907,0.0,1.0,1507657952.760907,0.0,1.0,1507657952.760907,0.0,1.0,1507657952.760907,0.0,1.0,60.0,0.0,60.0,0.0,0.0,0.0,1.0,60.0,0.0,60.0,0.0,0.0,0.0,1.0,60.0,0.0,60.0,0.0,0.0,0.0,1.0,60.0,0.0,60.0,0.0,0.0,0.0,1.0,60.0,0.0,60.0,0.0,0.0,0.0
87.47415846600565,484.7054234005152,29428.8042976606,145.49527661566322,442.6213324538626,42610.52391554022,382.4219254064198,390.021500990164,54096.51595101308,3877.279951997358,346.3729298590058,59434.07912444982,13854.90612615882,345.8552321300731,59476.455604396826,87.47415846600565,484.7054234005152,29428.8042976606,145.49527661566322,442.6213324538626,42610.52391554022,382.4219254064198,390.021500990164,54096.51595101308,3877.279951997358,346.3729298590058,59434.07912444982,13854.90612615882,345.8552321300731,59476.455604396826,75.20357896285839,553.9999998785427,0.007745947338448,553.9999998785427,5.999970017001033e-05,0.0,0.0,112.6881861230666,553.9998910159952,0.2320303564503993,553.9998910159952,0.0538380863144993,0.0,0.0,255.48939838689563,553.920004178004,6.2858202913053525,553.920004178004,39.51153673458612,0.0,0.0,2248.9993323338213,553.6180655286386,13.730613784991446,553.6180655286386,188.5297549125972,0.0,0.0,8020.039756174599,553.7424389955162,11.276914407046904,553.7424389955162,127.16879854386208,0.0,0.0,75.20357896285839,0.0047077176820116,0.0006562255144027,112.6881861230666,0.0050285207693483,0.0008783837834302,255.48939838689563,0.0060795498234985,0.009670140706434,2248.9993323338213,10558.213437734352,15918032004483.516,8020.039756174599,124123.3434848508,187119878482716.5,1.0,554.0,0.0,554.0,0.0,0.0,0.0,1.0,554.0,0.0,554.0,0.0,0.0,0.0,1.0,554.0,0.0,554.0,0.0,0.0,0.0,1.0,554.0,0.0,554.0,0.0,0.0,0.0,1.0,554.0,0.0,554.0,0.0,0.0,0.0
26.698626137172063,60.00003928290825,0.000401503014018,46.02865527322379,60.00102259933146,0.0117805739187133,160.52495780565755,60.02714915038096,0.4506967136694584,1949.411221862648,60.09237201248036,1.7120931001163626,19628.759870584825,60.09744986201533,1.6829979257795458,26.698626137172063,60.00003928290825,0.000401503014018,46.02865527322379,60.00102259933146,0.0117805739187133,160.52495780565755,60.02714915038096,0.4506967136694584,1949.411221862648,60.09237201248036,1.7120931001163626,19628.759870584825,60.09744986201533,1.6829979257795458,1.0,60.0,0.0,60.0,0.0,0.0,0.0,1.0,60.0,0.0,60.0,0.0,0.0,0.0,1.0,60.0,0.0,60.0,0.0,0.0,0.0,1.0,60.0,0.0,60.0,0.0,0.0,0.0,1.0,60.0,0.0,60.0,0.0,0.0,0.0,1.0,1507653560.2961118,0.0,1.0,1507653560.2961118,0.0,1.0,1507653560.2961118,0.0,1.0,1507653560.2961118,0.0,1.0,1507653560.2961118,0.0,1.0,60.0,0.0,60.0,0.0,0.0,0.0,1.0,60.0,0.0,60.0,0.0,0.0,0.0,1.0,60.0,0.0,60.0,0.0,0.0,0.0,1.0,60.0,0.0,60.0,0.0,0.0,0.0,1.0,60.0,0.0,60.0,0.0,0.0,0.0
180.78719113819457,74.0356859636843,0.8597231186731733,292.8009140167798,74.04057777884961,1.0095410059630012,855.1244736393037,74.03747576711491,1.0879808573954506,7403.590210226498,74.07102735106766,11.986572641812929,16121.909758676924,74.08295699564044,16.896913283203506,180.78719113819457,74.0356859636843,0.8597231186731733,292.8009140167798,74.04057777884961,1.0095410059630012,855.1244736393037,74.03747576711491,1.0879808573954506,7403.590210226498,74.07102735106766,11.986572641812929,16121.909758676924,74.08295699564044,16.896913283203506,180.517477245622,73.99988051968955,0.0408987784563248,95.2679501035281,0.0016727100792195,1.3372803408983163e-17,1.2519339155013392e-10,292.29388156893094,73.99901616821784,0.1173570492281747,95.26727871553884,0.0137726770035442,-1.6054946546329036e-17,-1.1712617654070882e-10,853.631263163611,73.99550845966608,0.2507217396695186,95.2645541227403,0.0628613907429098,-5.652211717141814e-16,-1.057161502658143e-09,7385.2684682677245,73.99768598673785,0.1799745285238803,95.26624549855964,0.032390830917393,-8.191861823805084e-17,-1.3499462614650838e-10,16076.5388862982,73.99768059725096,0.1801839581675193,95.26624131229688,0.0324662587809143,3.511659959204381e-16,3.2516043671439956e-10,180.517477245622,0.0016465477893308,2.7035542394758e-05,292.2938815689311,0.0016771131966837,2.9233172013405987e-05,853.6312631636129,0.0028811648876353,1777067.37293462,7385.268468267759,24658.76147869417,37133359177506.016,16076.538886297998,75833.53731376136,114193018945683.14,1.0,74.0,0.0,74.0,0.0,0.0,0.0,1.0,74.0,0.0,74.0,0.0,0.0,0.0,1.0,74.0,0.0,74.0,0.0,0.0,0.0,1.0,74.0,0.0,74.0,0.0,0.0,0.0,1.0,74.0,0.0,74.0,0.0,0.0,0.0
1.0,60.0,0.0,1.0,60.0,0.0,1.0,60.0,0.0,1.0,60.0,0.0,1.0,60.0,0.0,1.0,60.0,0.0,1.0,60.0,0.0,1.0,60.0,0.0,1.0,60.0,0.0,1.0,60.0,0.0,1.0,60.0,0.0,60.0,0.0,0.0,0.0,1.0,60.0,0.0,60.0,0.0,0.0,0.0,1.0,60.0,0.0,60.0,0.0,0.0,0.0,1.0,60.0,0.0,60.0,0.0,0.0,0.0,1.0,60.0,0.0,60.0,0.0,0.0,0.0,1.0,1505913558.033591,0.0,1.0,1505913558.033591,0.0,1.0,1505913558.033591,0.0,1.0,1505913558.033591,0.0,1.0,1505913558.033591,0.0,1.0,60.0,0.0,60.0,0.0,0.0,0.0,1.0,60.0,0.0,60.0,0.0,0.0,0.0,1.0,60.0,0.0,60.0,0.0,0.0,0.0,1.0,60.0,0.0,60.0,0.0,0.0,0.0,1.0,60.0,0.0,60.0,0.0,0.0,0.0
166.22537990254807,74.02353458364449,0.5744077968129204,278.9418127309748,74.03098537575083,0.8030390187759622,843.8606099968929,74.03361178451341,1.006948328978979,7785.977000661085,74.28554913311231,193.3583437692077,23492.045996587203,74.44443370931475,312.580862899541,166.22537990254807,74.02353458364449,0.5744077968129204,278.9418127309748,74.03098537575083,0.8030390187759622,843.8606099968929,74.03361178451341,1.006948328978979,7785.977000661085,74.28554913311231,193.3583437692077,23492.045996587203,74.44443370931475,312.580862899541,166.0573657015747,74.00000000000003,2.132480599880018e-06,95.26804291051648,5.0842299458504145e-12,-7.46328643655659e-29,-2.320998875062972e-17,278.5315811803413,73.9999999999999,3.5683225505580347e-06,95.2680429105164,1.8661271068306808e-11,-9.200677844576236e-27,-6.980877283583634e-16,842.1780428729835,73.99999998722316,0.0004229327866069,95.268042900592,1.7887214199633425e-07,6.244833378159857e-22,1.0947990624469904e-12,7765.190196714599,73.99942633454738,0.0896157755191597,95.26759731326344,0.0080309872219004,9.688711370791555e-17,4.44656643991324e-10,23418.693909426547,73.99862141518675,0.1389182741964613,95.26697209079342,0.0192982869057232,2.128599052691381e-16,1.4982541119068755e-10,166.05736570157475,0.0017753847659812,1.928309770690151e-05,278.5315811803417,0.00174860787059,1.8559115432598467e-05,842.1780428729901,0.0017211256586077,0.3758569412165634,7765.190196714793,5036.496584068761,7584504241622.94,23418.69390942587,44636.03751866236,67216052974356.44,1.0,74.0,0.0,74.0,0.0,0.0,0.0,1.0,74.0,0.0,74.0,0.0,0.0,0.0,1.0,74.0,0.0,74.0,0.0,0.0,0.0,1.0,74.0,0.0,74.0,0.0,0.0,0.0,1.0,74.0,0.0,74.0,0.0,0.0,0.0
28.379521368377517,60.3028304337174,5.575394000189589,40.13372245152504,60.386612536225215,7.195460258802542,152.49123782775789,60.215495320619496,4.065652436999699,1958.6944583703173,60.11620105520796,2.1398699764054068,19069.024416309567,60.101361393970365,1.7714681311067582,28.379521368377517,60.3028304337174,5.575394000189589,40.13372245152504,60.386612536225215,7.195460258802542,152.49123782775789,60.215495320619496,4.065652436999699,1958.6944583703173,60.11620105520796,2.1398699764054068,19069.024416309567,60.101361393970365,1.7714681311067582,1.0,60.0,0.0,60.0,0.0,0.0,0.0,1.0,60.0,0.0,60.0,0.0,0.0,0.0,1.0,60.0,0.0,60.0,0.0,0.0,0.0,1.0,60.0,0.0,60.0,0.0,0.0,0.0,1.0,60.0,0.0,60.0,0.0,0.0,0.0,1.0,1507653429.606197,0.0,1.0,1507653429.606197,0.0,1.0,1507653429.606197,0.0,1.0,1507653429.606197,0.0,1.0,1507653429.606197,0.0,1.0,60.0,0.0,60.0,0.0,0.0,0.0,1.0,60.0,0.0,60.0,0.0,0.0,0.0,1.0,60.0,0.0,60.0,0.0,0.0,0.0,1.0,60.0,0.0,60.0,0.0,0.0,0.0,1.0,60.0,0.0,60.0,0.0,0.0,0.0
1.0,60.0,0.0,1.0,60.0,0.0,1.0,60.0,0.0,1.0,60.0,0.0,1.0,60.0,0.0,1.0,60.0,0.0,1.0,60.0,0.0,1.0,60.0,0.0,1.0,60.0,0.0,1.0,60.0,0.0,1.0,60.0,0.0,60.0,0.0,0.0,0.0,1.0,60.0,0.0,60.0,0.0,0.0,0.0,1.0,60.0,0.0,60.0,0.0,0.0,0.0,1.0,60.0,0.0,60.0,0.0,0.0,0.0,1.0,60.0,0.0,60.0,0.0,0.0,0.0,1.0,1505913464.7764132,0.0,1.0,1505913464.7764132,0.0,1.0,1505913464.7764132,0.0,1.0,1505913464.7764132,0.0,1.0,1505913464.7764132,0.0,1.0,60.0,0.0,60.0,0.0,0.0,0.0,1.0,60.0,0.0,60.0,0.0,0.0,0.0,1.0,60.0,0.0,60.0,0.0,0.0,0.0,1.0,60.0,0.0,60.0,0.0,0.0,0.0,1.0,60.0,0.0,60.0,0.0,0.0,0.0
137.18849245780024,69.23608671945215,43.92906379352189,237.5479846946276,68.7851731482525,45.75641137025923,520.1446422835244,68.5238574291296,46.74046566369543,3201.9220501552622,66.75618522529658,49.164758642821646,10143.862414633046,66.91750220413836,49.14833868643018,137.18849245780024,69.23608671945215,43.92906379352189,237.5479846946276,68.7851731482525,45.75641137025923,520.1446422835244,68.5238574291296,46.74046566369543,3201.9220501552622,66.75618522529658,49.164758642821646,10143.862414633046,66.91750220413836,49.14833868643018,90.32445736672015,73.99999999964352,7.069422456072521e-05,73.99999999964352,4.9976733862422415e-09,0.0,0.0,148.71221095306458,73.99999937952944,0.0029473014293795,73.99999937952944,8.686585715622641e-06,0.0,0.0,315.4351133993377,73.99892304677346,0.1227851185725598,73.99892304677346,0.0150761853428775,0.0,0.0,1536.9381397240154,73.95451497648007,0.7966940704659753,73.95451497648007,0.6347214419156444,0.0,0.0,4987.042398095423,73.96725147511907,0.6763186249283306,73.96725147511907,0.457406882424948,0.0,0.0,90.32445736672015,0.0038358302014239,0.0006879041929205,148.71221095306458,0.0040214961755409,0.0012484975873652,315.4351133993377,0.0053431703642901,0.4812945715885175,1536.9381397240154,23651.786552613557,35658209250089.625,4987.042398095423,208296.16969574423,313995789749808.3,1.0,74.0,0.0,74.0,0.0,0.0,0.0,1.0,74.0,0.0,74.0,0.0,0.0,0.0,1.0,74.0,0.0,74.0,0.0,0.0,0.0,1.0,74.0,0.0,74.0,0.0,0.0,0.0,1.0,74.0,0.0,74.0,0.0,0.0,0.0
175.9045112824668,70.77424199730687,34.95912870790926,301.6450070746821,70.73324902757788,35.32165004859508,730.1183560767427,70.52068456926726,36.863504672479394,3986.791317464121,68.13698856520266,47.90361112483606,28961.150190442037,67.96833664795666,48.23036591676555,175.9045112824668,70.77424199730687,34.95912870790926,301.6450070746821,70.73324902757788,35.32165004859508,730.1183560767427,70.52068456926726,36.863504672479394,3986.791317464121,68.13698856520266,47.90361112483606,28961.150190442037,67.96833664795666,48.23036591676555,1.0,60.0,0.0,60.0,0.0,0.0,0.0,1.0,60.0,0.0,60.0,0.0,0.0,0.0,1.0,60.0,0.0,60.0,0.0,0.0,0.0,1.0,60.0,0.0,60.0,0.0,0.0,0.0,1.0,60.0,0.0,60.0,0.0,0.0,0.0,1.0,1507657298.26477,0.0,1.0,1507657298.26477,0.0,1.0,1507657298.26477,0.0,1.0,1507657298.26477,0.0,1.0,1507657298.26477,0.0,1.0,60.0,0.0,60.0,0.0,0.0,0.0,1.0,60.0,0.0,60.0,0.0,0.0,0.0,1.0,60.0,0.0,60.0,0.0,0.0,0.0,1.0,60.0,0.0,60.0,0.0,0.0,0.0,1.0,60.0,0.0,60.0,0.0,0.0,0.0
93.10933406387215,68.22113718013249,47.51107874882836,123.80319855476549,68.42966282266484,46.97701340499225,264.1102351415827,66.00982534850904,48.171095023977614,3276.676286162875,65.9356172767469,48.09075485226276,16533.58686342581,67.0668421648746,49.1830274685617,93.10933406387215,68.22113718013249,47.51107874882836,123.80319855476549,68.42966282266484,46.97701340499225,264.1102351415827,66.00982534850904,48.171095023977614,3276.676286162875,65.9356172767469,48.09075485226276,16533.58686342581,67.0668421648746,49.1830274685617,1.0,60.0,0.0,60.0,0.0,0.0,0.0,1.0,60.0,0.0,60.0,0.0,0.0,0.0,1.0,60.0,0.0,60.0,0.0,0.0,0.0,1.0,60.0,0.0,60.0,0.0,0.0,0.0,1.0,60.0,0.0,60.0,0.0,0.0,0.0,1.0,1507657154.550892,0.0,1.0,1507657154.550892,0.0,1.0,1507657154.550892,0.0,1.0,1507657154.550892,0.0,1.0,1507657154.550892,0.0,1.0,60.0,0.0,60.0,0.0,0.0,0.0,1.0,60.0,0.0,60.0,0.0,0.0,0.0,1.0,60.0,0.0,60.0,0.0,0.0,0.0,1.0,60.0,0.0,60.0,0.0,0.0,0.0,1.0,60.0,0.0,60.0,0.0,0.0,0.0
175.42362207383064,74.00619873108558,0.1487311218979812,278.90104639196903,74.01497314513159,0.3591415792543557,804.5222789533253,74.03266810227,1.286419693143216,7694.127098013309,74.14865616799057,63.83746430991232,30669.68277464548,74.33528568928844,216.3232083893054,175.42362207383064,74.00619873108558,0.1487311218979812,278.90104639196903,74.01497314513159,0.3591415792543557,804.5222789533253,74.03266810227,1.286419693143216,7694.127098013309,74.14865616799057,63.83746430991232,30669.68277464548,74.33528568928844,216.3232083893054,175.37831357969583,74.00000000000007,2.86102294921875e-06,95.26804291051648,8.385126836667848e-12,-2.6575743626197608e-27,-6.887299983359782e-16,278.7270455762658,74.00000000000004,2.86102294921875e-06,95.26804291051651,9.151613902530748e-12,3.713637749209709e-28,6.416110763280964e-17,803.4634304899051,73.99999876413155,0.0041595883648902,95.26804195054852,1.7302175365330782e-05,7.464227788960943e-21,8.414909330277862e-13,7676.560659807444,73.99869313584384,0.1352567569176677,95.26702779982568,0.018294390291885,2.365042439160694e-16,4.734065385650369e-10,30583.004666886,73.9982707870941,0.1555827449781558,95.26669974067536,0.0242059905349378,-3.449837899875767e-16,-2.3486815429056983e-10,175.37831357969583,0.0016901135312442,2.415752076665735e-05,278.727045576266,0.0017528518411214,2.411663282911284e-05,803.4634304899057,0.0018059578816639,2.7205144323117864e-05,7676.560659807551,1199.6830006871448,1806615557392.419,30583.00466688495,29577.62956420948,44540498305879.52,1.0,74.0,0.0,95.26804291051644,4.547473508864641e-13,-2.9578844671847373e-183,0.0,1.0,74.0,0.0,95.26804291051644,0.0,0.0,0.0,1.0000000000000002,74.0,0.0,95.26804291051644,0.0,0.0,0.0,1.0489289379755915,74.0,9.5367431640625e-07,95.26804291051644,1.016845989170083e-12,0.0,0.0,2.379346832691531,74.00000000000001,9.5367431640625e-07,95.26804291051644,9.094947017729282e-13,0.0,0.0
94.38257411015589,288.6867093999902,60628.28323009369,133.46151881370977,323.4809269793098,60693.255814519056,369.11556831345007,343.53207161228136,59644.71309841005,3942.266592728713,349.47061438609137,59183.52738270219,37983.77688974652,343.62957284034314,59644.62417563151,94.38257411015589,288.6867093999902,60628.28323009369,133.46151881370977,323.4809269793098,60693.255814519056,369.11556831345007,343.53207161228136,59644.71309841005,3942.266592728713,349.47061438609137,59183.52738270219,37983.77688974652,343.62957284034314,59644.62417563151,1.0,60.0,0.0,60.0,0.0,0.0,0.0,1.0,60.0,0.0,60.0,0.0,0.0,0.0,1.0,60.0,0.0,60.0,0.0,0.0,0.0,1.0,60.0,0.0,60.0,0.0,0.0,0.0,1.0,60.0,0.0,60.0,0.0,0.0,0.0,1.0,1507656414.32183,0.0,1.0,1507656414.32183,0.0,1.0,1507656414.32183,0.0,1.0,1507656414.32183,0.0,1.0,1507656414.32183,0.0,1.0,60.0,0.0,60.0,0.0,0.0,0.0,1.0,60.0,0.0,60.0,0.0,0.0,0.0,1.0,60.0,0.0,60.0,0.0,0.0,0.0,1.0,60.0,0.0,60.0,0.0,0.0,0.0,1.0,60.0,0.0,60.0,0.0,0.0,0.0
68.58140724132359,400.81655822743454,56244.96918066716,105.8807961340718,423.1256990393491,51827.03730061074,323.33282571265704,383.94575013071886,58940.475766773605,3132.687201880485,335.8947056469228,63462.03888790008,18388.258951658507,340.86375340346774,63210.69856388247,68.58140724132359,400.81655822743454,56244.96918066716,105.8807961340718,423.1256990393491,51827.03730061074,323.33282571265704,383.94575013071886,58940.475766773605,3132.687201880485,335.8947056469228,63462.03888790008,18388.258951658507,340.86375340346774,63210.69856388247,1.0,60.0,0.0,60.0,0.0,0.0,0.0,1.0,60.0,0.0,60.0,0.0,0.0,0.0,1.0,60.0,0.0,60.0,0.0,0.0,0.0,1.0,60.0,0.0,60.0,0.0,0.0,0.0,1.0,60.0,0.0,60.0,0.0,0.0,0.0,1.0,1507658023.0172231,0.0,1.0,1507658023.0172231,0.0,1.0,1507658023.0172231,0.0,1.0,1507658023.0172231,0.0,1.0,1507658023.0172231,0.0,1.0,60.0,0.0,60.0,0.0,0.0,0.0,1.0,60.0,0.0,60.0,0.0,0.0,0.0,1.0,60.0,0.0,60.0,0.0,0.0,0.0,1.0,60.0,0.0,60.0,0.0,0.0,0.0,1.0,60.0,0.0,60.0,0.0,0.0,0.0
1.0,60.0,0.0,1.0,60.0,0.0,1.0,60.0,0.0,1.0,60.0,0.0,1.0,60.0,0.0,1.0,60.0,0.0,1.0,60.0,0.0,1.0,60.0,0.0,1.0,60.0,0.0,1.0,60.0,0.0,1.0,60.0,0.0,60.0,0.0,0.0,0.0,1.0,60.0,0.0,60.0,0.0,0.0,0.0,1.0,60.0,0.0,60.0,0.0,0.0,0.0,1.0,60.0,0.0,60.0,0.0,0.0,0.0,1.0,60.0,0.0,60.0,0.0,0.0,0.0,1.0,1505913563.1663349,0.0,1.0,1505913563.1663349,0.0,1.0,1505913563.1663349,0.0,1.0,1505913563.1663349,0.0,1.0,1505913563.1663349,0.0,1.0,60.0,0.0,60.0,0.0,0.0,0.0,1.0,60.0,0.0,60.0,0.0,0.0,0.0,1.0,60.0,0.0,60.0,0.0,0.0,0.0,1.0,60.0,0.0,60.0,0.0,0.0,0.0,1.0,60.0,0.0,60.0,0.0,0.0,0.0
1.0,60.0,0.0,1.0,60.0,0.0,1.0,60.0,0.0,1.0,60.0,0.0,1.0,60.0,0.0,1.0,60.0,0.0,1.0,60.0,0.0,1.0,60.0,0.0,1.0,60.0,0.0,1.0,60.0,0.0,1.0,60.0,0.0,60.0,0.0,0.0,0.0,1.0,60.0,0.0,60.0,0.0,0.0,0.0,1.0,60.0,0.0,60.0,0.0,0.0,0.0,1.0,60.0,0.0,60.0,0.0,0.0,0.0,1.0,60.0,0.0,60.0,0.0,0.0,0.0,1.0,1505913449.496373,0.0,1.0,1505913449.496373,0.0,1.0,1505913449.496373,0.0,1.0,1505913449.496373,0.0,1.0,1505913449.496373,0.0,1.0,60.0,0.0,60.0,0.0,0.0,0.0,1.0,60.0,0.0,60.0,0.0,0.0,0.0,1.0,60.0,0.0,60.0,0.0,0.0,0.0,1.0,60.0,0.0,60.0,0.0,0.0,0.0,1.0,60.0,0.0,60.0,0.0,0.0,0.0
1.0,60.0,0.0,1.0,60.0,0.0,1.0,60.0,0.0,1.0,60.0,0.0,1.0,60.0,0.0,1.0,60.0,0.0,1.0,60.0,0.0,1.0,60.0,0.0,1.0,60.0,0.0,1.0,60.0,0.0,1.0,60.0,0.0,60.0,0.0,0.0,0.0,1.0,60.0,0.0,60.0,0.0,0.0,0.0,1.0,60.0,0.0,60.0,0.0,0.0,0.0,1.0,60.0,0.0,60.0,0.0,0.0,0.0,1.0,60.0,0.0,60.0,0.0,0.0,0.0,1.0,1505913476.126654,0.0,1.0,1505913476.126654,0.0,1.0,1505913476.126654,0.0,1.0,1505913476.126654,0.0,1.0,1505913476.126654,0.0,1.0,60.0,0.0,60.0,0.0,0.0,0.0,1.0,60.0,0.0,60.0,0.0,0.0,0.0,1.0,60.0,0.0,60.0,0.0,0.0,0.0,1.0,60.0,0.0,60.0,0.0,0.0,0.0,1.0,60.0,0.0,60.0,0.0,0.0,0.0
111.22001820662317,60.03350985821439,0.4131685083302728,155.34614170970627,60.04927990453689,0.6269278686868347,313.3608173643499,60.07267234341096,1.0707256212704124,2093.019570077141,60.10243454702328,1.716527427010078,19953.48585932591,60.09917336479985,1.7228674350672009,111.22001820662317,60.03350985821439,0.4131685083302728,155.34614170970627,60.04927990453689,0.6269278686868347,313.3608173643499,60.07267234341096,1.0707256212704124,2093.019570077141,60.10243454702328,1.716527427010078,19953.48585932591,60.09917336479985,1.7228674350672009,1.0,60.0,0.0,60.0,0.0,0.0,0.0,1.0,60.0,0.0,60.0,0.0,0.0,0.0,1.0,60.0,0.0,60.0,0.0,0.0,0.0,1.0,60.0,0.0,60.0,0.0,0.0,0.0,1.0,60.0,0.0,60.0,0.0,0.0,0.0,1.0,1507653645.504144,0.0,1.0,1507653645.504144,0.0,1.0,1507653645.504144,0.0,1.0,1507653645.504144,0.0,1.0,1507653645.504144,0.0,1.0,60.0,0.0,60.0,0.0,0.0,0.0,1.0,60.0,0.0,60.0,0.0,0.0,0.0,1.0,60.0,0.0,60.0,0.0,0.0,0.0,1.0,60.0,0.0,60.0,0.0,0.0,0.0,1.0,60.0,0.0,60.0,0.0,0.0,0.0
161.46397417009814,74.00542238133576,0.1301077519701721,263.172960808988,74.01392036795113,0.3339012819697018,789.2231578786791,74.03057716838325,0.8038206173405342,7108.489752791299,74.10253635968074,26.89434415071173,35185.39461570761,74.27747043408301,168.21280902560375,161.46397417009814,74.00542238133576,0.1301077519701721,263.172960808988,74.01392036795113,0.3339012819697018,789.2231578786791,74.03057716838325,0.8038206173405342,7108.489752791299,74.10253635968074,26.89434415071173,35185.39461570761,74.27747043408301,168.21280902560375,161.42749420139032,73.99999999994374,2.8338733593184712e-05,95.26804291047269,8.03087040425685e-10,4.1557187456516025e-24,9.725134530463125e-14,263.02031466980395,73.99999983681055,0.001511508206169,95.26804278375808,2.284657057316553e-06,2.4098730446964208e-20,2.3642781342421504e-11,788.2169439345005,73.9997419720229,0.0601026213105342,95.26784248594043,0.0036123250883974,4.2269798016971385e-17,2.8925441325169844e-10,7089.577749995431,73.99834655579075,0.1521364026846114,95.26675859391293,0.0231454850218142,2.3377213156505873e-16,4.4687682311865455e-10,35079.65169436882,73.99830272313686,0.1541395321613483,95.2667245469523,0.0237589953749193,1.897915148997979e-16,1.1216432056741628e-10,161.42749420139032,0.0018352823276288,2.613982672557452e-05,263.0203146698042,0.0018601415176175,2.8420742838298468e-05,788.216943934502,0.001841650785054,3.0080629583388105e-05,7089.577749995536,330.5354920838701,497754946817.7177,35079.65169436735,22487.883422528983,33864317068429.844,1.0,74.0,0.0,95.26804291051644,0.0,0.0,0.0,1.0,74.0,0.0,95.26804291051644,0.0,0.0,0.0,1.0,74.0,0.0,95.26804291051644,0.0,0.0,0.0,1.0207117131537058,74.0,9.5367431640625e-07,95.26804291051644,9.094947017729282e-13,0.0,0.0,1.6786121050026512,74.0,0.0,95.26804291051644,0.0,0.0,0.0
64.5913347806492,60.056936363314286,0.5989819990140859,95.33638355654251,60.08473930778877,0.9364959367067058,267.3967453285246,60.63486533832961,8.531708648559286,3415.095451483275,67.19123685684434,49.08508230177267,28125.45255640156,67.8825449084475,48.37904381194585,64.5913347806492,60.056936363314286,0.5989819990140859,95.33638355654251,60.08473930778877,0.9364959367067058,267.3967453285246,60.63486533832961,8.531708648559286,3415.095451483275,67.19123685684434,49.08508230177267,28125.45255640156,67.8825449084475,48.37904381194585,1.0,60.0,0.0,60.0,0.0,0.0,0.0,1.0,60.0,0.0,60.0,0.0,0.0,0.0,1.0,60.0,0.0,60.0,0.0,0.0,0.0,1.0,60.0,0.0,60.0,0.0,0.0,0.0,1.0,60.0,0.0,60.0,0.0,0.0,0.0,1.0,1507657292.566317,0.0,1.0,1507657292.566317,0.0,1.0,1507657292.566317,0.0,1.0,1507657292.566317,0.0,1.0,1507657292.566317,0.0,1.0,60.0,0.0,60.0,0.0,0.0,0.0,1.0,60.0,0.0,60.0,0.0,0.0,0.0,1.0,60.0,0.0,60.0,0.0,0.0,0.0,1.0,60.0,0.0,60.0,0.0,0.0,0.0,1.0,60.0,0.0,60.0,0.0,0.0,0.0
180.18030274159256,74.00163444090711,0.1273975209960554,288.6355564234658,73.99833074623615,0.3965549985186953,836.842302280095,73.99121712697324,1.0757524082828245,5657.048615694359,74.05486899689717,14.434202780749729,8818.644990521503,74.06961756678449,18.091676322548665,180.18030274159256,74.00163444090711,0.1273975209960554,288.6355564234658,73.99833074623615,0.3965549985186953,836.842302280095,73.99121712697324,1.0757524082828245,5657.048615694359,74.05486899689717,14.434202780749729,8818.644990521503,74.06961756678449,18.091676322548665,180.08528659411775,73.9999999999999,3.3036247397782844e-06,95.26804291051636,1.1368683772161606e-11,-4.779060079224702e-27,-8.108073400064548e-16,287.9992566680789,73.99999999997708,1.791791365438073e-05,95.26804291049862,3.2106741023050603e-10,-2.7673592469393596e-24,-8.65653307596223e-14,831.9465815794981,73.99997919940051,0.0170648169126106,95.26802675353204,0.0002912079762609,3.6785866950846735e-18,1.8455832770691688e-10,5635.400988599828,73.99762679943517,0.182261284550972,95.26619952505985,0.0332191758461704,-4.721997300791854e-17,-7.260511257505745e-11,8787.19844021813,73.99704050425531,0.2035293144104016,95.2657441234172,0.0414241818243681,1.3570940489454137e-15,4.943879669872895e-09,180.08528659411732,0.0016462459667136,2.4689165155144088e-05,287.9992566680792,0.0016995847275267,56.14484076694868,831.9465815795004,34.84121961941291,52465245907.327934,5635.400988599876,90221.9058825363,135858272844970.38,8787.198440218086,153742.2951739802,231499008562932.1,1.0,74.0,0.0,74.0,0.0,0.0,0.0,1.0,74.0,0.0,74.0,0.0,0.0,0.0,1.0,74.0,0.0,74.0,0.0,0.0,0.0,1.0,74.0,0.0,74.0,0.0,0.0,0.0,1.0,74.0,0.0,74.0,0.0,0.0,0.0
30.399562866955,60.27526705729834,6.254930222028179,48.33765938244125,60.26054485462637,5.909920382359361,174.75883207887955,60.14186074786152,2.9393317211097383,1985.537598457165,60.098746302185496,1.756079839573431,19769.07067997301,60.096222225694255,1.6785358023721528,30.399562866955,60.27526705729834,6.254930222028179,48.33765938244125,60.26054485462637,5.909920382359361,174.75883207887955,60.14186074786152,2.9393317211097383,1985.537598457165,60.098746302185496,1.756079839573431,19769.07067997301,60.096222225694255,1.6785358023721528,1.0,60.0,0.0,60.0,0.0,0.0,0.0,1.0,60.0,0.0,60.0,0.0,0.0,0.0,1.0,60.0,0.0,60.0,0.0,0.0,0.0,1.0,60.0,0.0,60.0,0.0,0.0,0.0,1.0,60.0,0.0,60.0,0.0,0.0,0.0,1.0,1507653601.5786462,0.0,1.0,1507653601.5786462,0.0,1.0,1507653601.5786462,0.0,1.0,1507653601.5786462,0.0,1.0,1507653601.5786462,0.0,1.0,60.0,0.0,60.0,0.0,0.0,0.0,1.0,60.0,0.0,60.0,0.0,0.0,0.0,1.0,60.0,0.0,60.0,0.0,0.0,0.0,1.0,60.0,0.0,60.0,0.0,0.0,0.0,1.0,60.0,0.0,60.0,0.0,0.0,0.0
65.03510697022755,64.43538820276892,42.98612537918143,123.57475222909775,65.38161925684193,46.967749609641935,413.6822529734862,67.5329297426006,49.0360291357265,3669.990752680744,68.88131741660179,45.56938264020391,27849.00001272624,68.04628575762341,48.065969408749886,65.03510697022755,64.43538820276892,42.98612537918143,123.57475222909775,65.38161925684193,46.967749609641935,413.6822529734862,67.5329297426006,49.0360291357265,3669.990752680744,68.88131741660179,45.56938264020391,27849.00001272624,68.04628575762341,48.065969408749886,1.0,60.0,0.0,60.0,0.0,0.0,0.0,1.0,60.0,0.0,60.0,0.0,0.0,0.0,1.0,60.0,0.0,60.0,0.0,0.0,0.0,1.0,60.0,0.0,60.0,0.0,0.0,0.0,1.0,60.0,0.0,60.0,0.0,0.0,0.0,1.0,1507657283.495662,0.0,1.0,1507657283.495662,0.0,1.0,1507657283.495662,0.0,1.0,1507657283.495662,0.0,1.0,1507657283.495662,0.0,1.0,60.0,0.0,60.0,0.0,0.0,0.0,1.0,60.0,0.0,60.0,0.0,0.0,0.0,1.0,60.0,0.0,60.0,0.0,0.0,0.0,1.0,60.0,0.0,60.0,0.0,0.0,0.0,1.0,60.0,0.0,60.0,0.0,0.0,0.0
119.29378524675028,65.22188135765435,45.816991029428216,194.3361649261589,66.15195933805033,48.28589847484727,535.604593355976,67.42999761889062,48.97973178786015,3716.929240337629,67.35506979168517,49.103256989262256,21006.448043794346,67.28686337041863,49.11518021514893,119.29378524675028,65.22188135765435,45.816991029428216,194.3361649261589,66.15195933805033,48.28589847484727,535.604593355976,67.42999761889062,48.97973178786015,3716.929240337629,67.35506979168517,49.103256989262256,21006.448043794346,67.28686337041863,49.11518021514893,1.0,60.0,0.0,60.0,0.0,0.0,0.0,1.0,60.0,0.0,60.0,0.0,0.0,0.0,1.0,60.0,0.0,60.0,0.0,0.0,0.0,1.0,60.0,0.0,60.0,0.0,0.0,0.0,1.0,60.0,0.0,60.0,0.0,0.0,0.0,1.0,1507657188.9361188,0.0,1.0,1507657188.9361188,0.0,1.0,1507657188.9361188,0.0,1.0,1507657188.9361188,0.0,1.0,1507657188.9361188,0.0,1.0,60.0,0.0,60.0,0.0,0.0,0.0,1.0,60.0,0.0,60.0,0.0,0.0,0.0,1.0,60.0,0.0,60.0,0.0,0.0,0.0,1.0,60.0,0.0,60.0,0.0,0.0,0.0,1.0,60.0,0.0,60.0,0.0,0.0,0.0
46.04617464859218,60.23542568934436,2.9439726555674497,63.84362503092875,60.215204035779394,3.035965904193745,185.97410042700716,60.13478525003821,2.3038452946525467,2004.6929944302613,60.09430438750876,1.6207920460401508,19888.009387979124,60.0981194026034,1.707431282750349,46.04617464859218,60.23542568934436,2.9439726555674497,63.84362503092875,60.215204035779394,3.035965904193745,185.97410042700716,60.13478525003821,2.3038452946525467,2004.6929944302613,60.09430438750876,1.6207920460401508,19888.009387979124,60.0981194026034,1.707431282750349,1.0,60.0,0.0,60.0,0.0,0.0,0.0,1.0,60.0,0.0,60.0,0.0,0.0,0.0,1.0,60.0,0.0,60.0,0.0,0.0,0.0,1.0,60.0,0.0,60.0,0.0,0.0,0.0,1.0,60.0,0.0,60.0,0.0,0.0,0.0,1.0,1507653653.574749,0.0,1.0,1507653653.574749,0.0,1.0,1507653653.574749,0.0,1.0,1507653653.574749,0.0,1.0,1507653653.574749,0.0,1.0,60.0,0.0,60.0,0.0,0.0,0.0,1.0,60.0,0.0,60.0,0.0,0.0,0.0,1.0,60.0,0.0,60.0,0.0,0.0,0.0,1.0,60.0,0.0,60.0,0.0,0.0,0.0,1.0,60.0,0.0,60.0,0.0,0.0,0.0
70.34710338992707,60.101958685295926,1.8976362119960868,83.95058549745715,60.16582162340244,3.1228100761582027,196.37050611114185,60.161398556674975,3.0537644767168786,2001.5520899121675,60.1133024201876,2.086819347769506,19112.12196370713,60.10109625615716,1.7668611872491056,70.34710338992707,60.101958685295926,1.8976362119960868,83.95058549745715,60.16582162340244,3.1228100761582027,196.37050611114185,60.161398556674975,3.0537644767168786,2001.5520899121675,60.1133024201876,2.086819347769506,19112.12196370713,60.10109625615716,1.7668611872491056,1.0,60.0,0.0,60.0,0.0,0.0,0.0,1.0,60.0,0.0,60.0,0.0,0.0,0.0,1.0,60.0,0.0,60.0,0.0,0.0,0.0,1.0,60.0,0.0,60.0,0.0,0.0,0.0,1.0,60.0,0.0,60.0,0.0,0.0,0.0,1.0,1507653429.658374,0.0,1.0,1507653429.658374,0.0,1.0,1507653429.658374,0.0,1.0,1507653429.658374,0.0,1.0,1507653429.658374,0.0,1.0,60.0,0.0,60.0,0.0,0.0,0.0,1.0,60.0,0.0,60.0,0.0,0.0,0.0,1.0,60.0,0.0,60.0,0.0,0.0,0.0,1.0,60.0,0.0,60.0,0.0,0.0,0.0,1.0,60.0,0.0,60.0,0.0,0.0,0.0
33.879634668253644,60.02512618963452,0.5769635341662251,53.318472786357695,60.06230329618192,1.419576761469216,187.35083529728087,60.09920602454529,2.1019926549706724,1982.533003490752,60.09824324413042,1.83077974526077,18642.657880634702,60.099458087127935,1.7203581864987427,33.879634668253644,60.02512618963452,0.5769635341662251,53.318472786357695,60.06230329618192,1.419576761469216,187.35083529728087,60.09920602454529,2.1019926549706724,1982.533003490752,60.09824324413042,1.83077974526077,18642.657880634702,60.099458087127935,1.7203581864987427,1.0,60.0,0.0,60.0,0.0,0.0,0.0,1.0,60.0,0.0,60.0,0.0,0.0,0.0,1.0,60.0,0.0,60.0,0.0,0.0,0.0,1.0,60.0,0.0,60.0,0.0,0.0,0.0,1.0,60.0,0.0,60.0,0.0,0.0,0.0,1.0,1507653370.608925,0.0,1.0,1507653370.608925,0.0,1.0,1507653370.608925,0.0,1.0,1507653370.608925,0.0,1.0,1507653370.608925,0.0,1.0,60.0,0.0,60.0,0.0,0.0,0.0,1.0,60.0,0.0,60.0,0.0,0.0,0.0,1.0,60.0,0.0,60.0,0.0,0.0,0.0,1.0,60.0,0.0,60.0,0.0,0.0,0.0,1.0,60.0,0.0,60.0,0.0,0.0,0.0
1.0,60.0,0.0,1.0,60.0,0.0,1.0,60.0,0.0,1.0,60.0,0.0,1.0,60.0,0.0,1.0,60.0,0.0,1.0,60.0,0.0,1.0,60.0,0.0,1.0,60.0,0.0,1.0,60.0,0.0,1.0,60.0,0.0,60.0,0.0,0.0,0.0,1.0,60.0,0.0,60.0,0.0,0.0,0.0,1.0,60.0,0.0,60.0,0.0,0.0,0.0,1.0,60.0,0.0,60.0,0.0,0.0,0.0,1.0,60.0,0.0,60.0,0.0,0.0,0.0,1.0,1505913443.526891,0.0,1.0,1505913443.526891,0.0,1.0,1505913443.526891,0.0,1.0,1505913443.526891,0.0,1.0,1505913443.526891,0.0,1.0,60.0,0.0,60.0,0.0,0.0,0.0,1.0,60.0,0.0,60.0,0.0,0.0,0.0,1.0,60.0,0.0,60.0,0.0,0.0,0.0,1.0,60.0,0.0,60.0,0.0,0.0,0.0,1.0,60.0,0.0,60.0,0.0,0.0,0.0
41.95039038855128,60.00113399301303,0.0115890820329696,64.18243670643619,60.00723285725026,0.0832792217138376,186.6215703694212,60.05008039386143,0.8302245328845856,1991.1553331417413,60.0976049408887,1.808573413611612,19669.71246309161,60.09799172141018,1.692302955588275,41.95039038855128,60.00113399301303,0.0115890820329696,64.18243670643619,60.00723285725026,0.0832792217138376,186.6215703694212,60.05008039386143,0.8302245328845856,1991.1553331417413,60.0976049408887,1.808573413611612,19669.71246309161,60.09799172141018,1.692302955588275,1.0,60.0,0.0,60.0,0.0,0.0,0.0,1.0,60.0,0.0,60.0,0.0,0.0,0.0,1.0,60.0,0.0,60.0,0.0,0.0,0.0,1.0,60.0,0.0,60.0,0.0,0.0,0.0,1.0,60.0,0.0,60.0,0.0,0.0,0.0,1.0,1507653559.195455,0.0,1.0,1507653559.195455,0.0,1.0,1507653559.195455,0.0,1.0,1507653559.195455,0.0,1.0,1507653559.195455,0.0,1.0,60.0,0.0,60.0,0.0,0.0,0.0,1.0,60.0,0.0,60.0,0.0,0.0,0.0,1.0,60.0,0.0,60.0,0.0,0.0,0.0,1.0,60.0,0.0,60.0,0.0,0.0,0.0,1.0,60.0,0.0,60.0,0.0,0.0,0.0
121.15290244059912,313.9686035923428,60951.15743842119,183.74309623881769,338.7262849303795,59987.465427051815,440.148677497685,350.23073019943786,59116.8995828776,3636.909059085444,339.4512888021165,59927.50508355142,37563.154515609785,341.3332569466748,59806.08835563735,121.15290244059912,313.9686035923428,60951.15743842119,183.74309623881769,338.7262849303795,59987.465427051815,440.148677497685,350.23073019943786,59116.8995828776,3636.909059085444,339.4512888021165,59927.50508355142,37563.154515609785,341.3332569466748,59806.08835563735,1.0,60.0,0.0,60.0,0.0,0.0,0.0,1.0,60.0,0.0,60.0,0.0,0.0,0.0,1.0,60.0,0.0,60.0,0.0,0.0,0.0,1.0,60.0,0.0,60.0,0.0,0.0,0.0,1.0,60.0,0.0,60.0,0.0,0.0,0.0,1.0,1507656466.147991,0.0,1.0,1507656466.147991,0.0,1.0,1507656466.147991,0.0,1.0,1507656466.147991,0.0,1.0,1507656466.147991,0.0,1.0,60.0,0.0,60.0,0.0,0.0,0.0,1.0,60.0,0.0,60.0,0.0,0.0,0.0,1.0,60.0,0.0,60.0,0.0,0.0,0.0,1.0,60.0,0.0,60.0,0.0,0.0,0.0,1.0,60.0,0.0,60.0,0.0,0.0,0.0
62.89007234319777,60.00869950685743,0.1675617828718714,82.02254171694261,60.03727123433997,0.7062501488662747,207.0396007394552,60.101346512779045,1.85095967899224,2003.3295440325187,60.10772623259086,1.922332872329661,15931.208917728776,60.10043544329731,1.7551171233849343,62.89007234319777,60.00869950685743,0.1675617828718714,82.02254171694261,60.03727123433997,0.7062501488662747,207.0396007394552,60.101346512779045,1.85095967899224,2003.3295440325187,60.10772623259086,1.922332872329661,15931.208917728776,60.10043544329731,1.7551171233849343,1.0,60.0,0.0,60.0,0.0,0.0,0.0,1.0,60.0,0.0,60.0,0.0,0.0,0.0,1.0,60.0,0.0,60.0,0.0,0.0,0.0,1.0,60.0,0.0,60.0,0.0,0.0,0.0,1.0,60.0,0.0,60.0,0.0,0.0,0.0,1.0,1507653190.531964,0.0,1.0,1507653190.531964,0.0,1.0,1507653190.531964,0.0,1.0,1507653190.531964,0.0,1.0,1507653190.531964,0.0,1.0,60.0,0.0,60.0,0.0,0.0,0.0,1.0,60.0,0.0,60.0,0.0,0.0,0.0,1.0,60.0,0.0,60.0,0.0,0.0,0.0,1.0,60.0,0.0,60.0,0.0,0.0,0.0,1.0,60.0,0.0,60.0,0.0,0.0,0.0
171.04650750066585,74.0771334590914,4.799102444147137,270.73010363657033,74.08253464615225,33.210436857567394,621.0036977093449,75.03196648969408,828.649372914505,5194.413209962318,74.85844499525336,660.574360975862,10835.546109050372,74.53955893810256,389.8109844490737,171.04650750066585,74.0771334590914,4.799102444147137,270.73010363657033,74.08253464615225,33.210436857567394,621.0036977093449,75.03196648969408,828.649372914505,5194.413209962318,74.85844499525336,660.574360975862,10835.546109050372,74.53955893810256,389.8109844490737,168.88103181759038,74.00000000000001,1.3486991523486091e-06,95.26804291051644,2.9118037843694986e-12,-4.509144627273137e-28,-2.217221032141433e-16,268.002252201228,73.99999999999996,2.86102294921875e-06,95.26804291051651,1.4756534019023052e-11,1.9821399272359942e-26,1.9771790379300902e-15,615.9544517692087,73.9999999380498,0.0009312877515004,95.26804286239636,8.672968766460346e-07,-1.641814974523494e-20,-3.1703030325776607e-12,5173.1400524865,73.9985976827495,0.1401087968807748,95.26695365662408,0.0196304749633782,2.7694064998857606e-16,2.8204885223528016e-10,10798.51307624154,73.99773463434849,0.1780729827191889,95.2662832854076,0.0317099871745085,-1.9732191400009773e-15,-1.208109593789358e-09,168.88103181759044,0.0017586239183011,4.505497647842689e-05,268.00225220122786,0.0019180054032851,0.0002200047660083,615.9544517692099,0.1059374002700467,155363168.59874547,5173.140052486551,53281.40403267428,80234387042516.3,10798.513076241516,117676.3730462238,177196684689631.28,1.0,74.0,0.0,74.0,0.0,0.0,0.0,1.0,74.0,0.0,74.0,0.0,0.0,0.0,1.0,74.0,0.0,74.0,0.0,0.0,0.0,1.0,74.0,0.0,74.0,0.0,0.0,0.0,1.0,74.0,0.0,74.0,0.0,0.0,0.0
65.84751455158491,60.00000105634361,2.1721763914683837e-05,82.48369613512745,60.00018307183871,0.0037178927309469,184.7686316754761,60.02141738776354,0.4122306387253048,1943.6101230819345,60.08909422335002,1.6313528762411806,18530.71218510217,60.09863822226336,1.6959131187600178,65.84751455158491,60.00000105634361,2.1721763914683837e-05,82.48369613512745,60.00018307183871,0.0037178927309469,184.7686316754761,60.02141738776354,0.4122306387253048,1943.6101230819345,60.08909422335002,1.6313528762411806,18530.71218510217,60.09863822226336,1.6959131187600178,1.0,60.0,0.0,60.0,0.0,0.0,0.0,1.0,60.0,0.0,60.0,0.0,0.0,0.0,1.0,60.0,0.0,60.0,0.0,0.0,0.0,1.0,60.0,0.0,60.0,0.0,0.0,0.0,1.0,60.0,0.0,60.0,0.0,0.0,0.0,1.0,1507653362.212698,0.0,1.0,1507653362.212698,0.0,1.0,1507653362.212698,0.0,1.0,1507653362.212698,0.0,1.0,1507653362.212698,0.0,1.0,60.0,0.0,60.0,0.0,0.0,0.0,1.0,60.0,0.0,60.0,0.0,0.0,0.0,1.0,60.0,0.0,60.0,0.0,0.0,0.0,1.0,60.0,0.0,60.0,0.0,0.0,0.0,1.0,60.0,0.0,60.0,0.0,0.0,0.0
140.62586365983498,416.1087785122122,53377.507101064,229.657529672723,399.8411682724074,56466.65504473125,594.3397872515961,369.22125787799337,60838.97284526137,4160.812033756843,347.7638589332889,62781.903171624734,13258.611652919844,339.02629634025743,63308.939924259874,140.62586365983498,416.1087785122122,53377.507101064,229.657529672723,399.8411682724074,56466.65504473125,594.3397872515961,369.22125787799337,60838.97284526137,4160.812033756843,347.7638589332889,62781.903171624734,13258.611652919844,339.02629634025743,63308.939924259874,1.0,60.0,0.0,60.0,0.0,0.0,0.0,1.0,60.0,0.0,60.0,0.0,0.0,0.0,1.0,60.0,0.0,60.0,0.0,0.0,0.0,1.0,60.0,0.0,60.0,0.0,0.0,0.0,1.0,60.0,0.0,60.0,0.0,0.0,0.0,1.0,1507657973.229687,0.0,1.0,1507657973.229687,0.0,1.0,1507657973.229687,0.0,1.0,1507657973.229687,0.0,1.0,1507657973.229687,0.0,1.0,60.0,0.0,60.0,0.0,0.0,0.0,1.0,60.0,0.0,60.0,0.0,0.0,0.0,1.0,60.0,0.0,60.0,0.0,0.0,0.0,1.0,60.0,0.0,60.0,0.0,0.0,0.0,1.0,60.0,0.0,60.0,0.0,0.0,0.0
1.0,60.0,0.0,1.0,60.0,0.0,1.0,60.0,0.0,1.0,60.0,0.0,1.0,60.0,0.0,1.0,60.0,0.0,1.0,60.0,0.0,1.0,60.0,0.0,1.0,60.0,0.0,1.0,60.0,0.0,1.0,60.0,0.0,60.0,0.0,0.0,0.0,1.0,60.0,0.0,60.0,0.0,0.0,0.0,1.0,60.0,0.0,60.0,0.0,0.0,0.0,1.0,60.0,0.0,60.0,0.0,0.0,0.0,1.0,60.0,0.0,60.0,0.0,0.0,0.0,1.0,1505913567.4469938,0.0,1.0,1505913567.4469938,0.0,1.0,1505913567.4469938,0.0,1.0,1505913567.4469938,0.0,1.0,1505913567.4469938,0.0,1.0,60.0,0.0,60.0,0.0,0.0,0.0,1.0,60.0,0.0,60.0,0.0,0.0,0.0,1.0,60.0,0.0,60.0,0.0,0.0,0.0,1.0,60.0,0.0,60.0,0.0,0.0,0.0,1.0,60.0,0.0,60.0,0.0,0.0,0.0
132.81926803638436,83.36980305769461,7727.595520764341,227.05310938320432,82.99831731497187,7415.422133486816,730.2703472829852,78.98327750151769,4106.722157438604,7406.892982202458,74.7272749814881,559.5915328685586,37789.070456730224,74.38026293575798,257.4602924032979,132.81926803638436,83.36980305769461,7727.595520764341,227.05310938320432,82.99831731497187,7415.422133486816,730.2703472829852,78.98327750151769,4106.722157438604,7406.892982202458,74.7272749814881,559.5915328685586,37789.070456730224,74.38026293575798,257.4602924032979,131.2732086998318,74.00000000000004,1.6518123698891422e-06,95.26804291051646,2.766120146724561e-12,-4.149405323639919e-28,-3.725118192586424e-16,224.4113767567748,74.0000000000001,2.86102294921875e-06,95.26804291051646,1.1259015448686064e-11,-6.3351779250064234e-27,-7.96393901395088e-16,724.8377648464943,73.99999947732701,0.0027050675693626,95.26804250452729,7.317390554844749e-06,-4.491230325758418e-20,-3.711724921564074e-12,7384.499852105788,73.99915334849396,0.1088687477362089,95.26738527058424,0.0118524042336503,5.647127135343844e-17,1.7646657164910926e-10,37675.09033458946,73.9985159270572,0.1441347244908625,95.2668901529116,0.0207748188040568,3.5364326534566235e-16,4.0426781884294524e-10,131.2732086998319,0.0023590889143579,9.68679602681644e-05,224.4113767567749,0.0022206485256933,7.406769219766351e-05,724.8377648464985,0.0020066029822568,4.35882099411464e-05,7384.499852105882,169.2526902802179,254877073107.29865,37675.0903345878,19663.06171483624,29610496689113.016,1.0,74.0,0.0,95.26804291051644,0.0,0.0,0.0,1.0,74.0,0.0,95.26804291051644,0.0,0.0,0.0,1.0,74.0,0.0,95.26804291051644,0.0,0.0,0.0,1.0198797623362794,74.0,0.0,95.26804291051644,0.0,0.0,0.0,1.6758356841470388,73.99999999999999,1.3486991523486091e-06,95.26804291051644,1.8189894035458565e-12,0.0,0.0
48.24500994114975,501.69711967773935,23081.74150959408,84.44105754459824,433.3723568467913,45011.16049873651,288.26005936054725,341.0423878976593,59818.15611304699,3151.643932097293,304.82868561635763,60972.81328143787,22327.88364804153,303.55563321280624,60968.96539282579,48.24500994114975,501.69711967773935,23081.74150959408,84.44105754459824,433.3723568467913,45011.16049873651,288.26005936054725,341.0423878976593,59818.15611304699,3151.643932097293,304.82868561635763,60972.81328143787,22327.88364804153,303.55563321280624,60968.96539282579,43.132862694587935,553.9999999999999,1.3214498959113138e-05,553.9999999999999,1.7462298274040222e-10,0.0,0.0,63.8118120688281,553.9999999999999,1.52587890625e-05,553.9999999999999,2.3283064365386963e-10,0.0,0.0,163.9555025500949,553.9999999901622,0.0022045914068036,553.9999999901622,4.8602232709527016e-06,0.0,0.0,1561.812552781988,553.916555924279,6.419845052109292,553.916555924279,41.21441049309215,0.0,0.0,11011.236195295587,553.7466715000251,11.183921658217663,553.7466715000251,125.0801036571502,0.0,0.0,43.132862694587935,0.0071183458475137,0.0002095720126147,63.8118120688281,0.0078308998464947,0.0002311974894424,163.9555025500949,0.0089206772120513,0.0002750532628667,1561.812552781988,7.3604035242406365,11083004648.193865,11011.236195295587,42134.24616964018,63522299446013.2,43.132862694587935,553.9999999999999,1.3214498959113138e-05,553.9999999999999,1.7462298274040222e-10,0.0,0.0,63.8118120688281,553.9999999999999,1.52587890625e-05,553.9999999999999,2.3283064365386963e-10,0.0,0.0,163.9555025468301,553.9999999999999,1.0789593218788871e-05,553.9999999999999,1.1641532182693479e-10,0.0,0.0,1561.5487390068577,553.9999999999987,4.108554692943193e-05,553.9999999999987,1.6880221664905546e-09,0.0,0.0,11005.589515238493,553.9999999999928,8.897326499702913e-05,553.9999999999928,7.916241884231567e-09,0.0,0.0
1.0,60.0,0.0,1.0,60.0,0.0,1.0,60.0,0.0,1.0,60.0,0.0,1.0,60.0,0.0,1.0,60.0,0.0,1.0,60.0,0.0,1.0,60.0,0.0,1.0,60.0,0.0,1.0,60.0,0.0,1.0,60.0,0.0,60.0,0.0,0.0,0.0,1.0,60.0,0.0,60.0,0.0,0.0,0.0,1.0,60.0,0.0,60.0,0.0,0.0,0.0,1.0,60.0,0.0,60.0,0.0,0.0,0.0,1.0,60.0,0.0,60.0,0.0,0.0,0.0,1.0,1505913445.975378,0.0,1.0,1505913445.975378,0.0,1.0,1505913445.975378,0.0,1.0,1505913445.975378,0.0,1.0,1505913445.975378,0.0,1.0,60.0,0.0,60.0,0.0,0.0,0.0,1.0,60.0,0.0,60.0,0.0,0.0,0.0,1.0,60.0,0.0,60.0,0.0,0.0,0.0,1.0,60.0,0.0,60.0,0.0,0.0,0.0,1.0,60.0,0.0,60.0,0.0,0.0,0.0
1.0,60.0,0.0,1.0,60.0,0.0,1.0,60.0,0.0,1.0,60.0,0.0,1.0,60.0,0.0,1.0,60.0,0.0,1.0,60.0,0.0,1.0,60.0,0.0,1.0,60.0,0.0,1.0,60.0,0.0,1.0,60.0,0.0,60.0,0.0,0.0,0.0,1.0,60.0,0.0,60.0,0.0,0.0,0.0,1.0,60.0,0.0,60.0,0.0,0.0,0.0,1.0,60.0,0.0,60.0,0.0,0.0,0.0,1.0,60.0,0.0,60.0,0.0,0.0,0.0,1.0,1505913563.886451,0.0,1.0,1505913563.886451,0.0,1.0,1505913563.886451,0.0,1.0,1505913563.886451,0.0,1.0,1505913563.886451,0.0,1.0,60.0,0.0,60.0,0.0,0.0,0.0,1.0,60.0,0.0,60.0,0.0,0.0,0.0,1.0,60.0,0.0,60.0,0.0,0.0,0.0,1.0,60.0,0.0,60.0,0.0,0.0,0.0,1.0,60.0,0.0,60.0,0.0,0.0,0.0
134.01294154315315,431.8707945806524,45406.130306097824,191.0935899759241,413.28890943353895,49691.96167597386,411.2523777498543,381.566967580736,55417.369126477686,3994.301300252048,345.10244366653546,59534.98490812469,30960.905913216026,342.43986869388715,59730.7543475213,134.01294154315315,431.8707945806524,45406.130306097824,191.0935899759241,413.28890943353895,49691.96167597386,411.2523777498543,381.566967580736,55417.369126477686,3994.301300252048,345.10244366653546,59534.98490812469,30960.905913216026,342.43986869388715,59730.7543475213,100.8757776974504,553.9999999999999,1.0789593218788871e-05,553.9999999999999,1.1641532182693479e-10,0.0,0.0,136.64640134655312,554.0000000000001,7.62939453125e-06,554.0000000000001,5.820766091346741e-11,0.0,0.0,267.6479529015182,553.9999994595058,0.0163402502826473,553.9999994595058,0.0002670037792995,0.0,0.0,2305.1739134969657,553.9320189854649,5.7946526869750254,553.9320189854649,33.57799976266688,0.0,0.0,17705.130311146622,553.820023364255,9.427410379918328,553.820023364255,88.87606647139181,0.0,0.0,100.8757776974504,0.003436885086939,0.0005104451438208,136.64640134655312,0.004247299271628,0.0009638545179053,267.6479529015182,0.0058958569354438,0.0016110136983844,2305.1739134969657,0.3462795182302842,512579364.2965594,17705.130311146622,20034.996929562112,30205471038622.074,1.0,554.0,0.0,554.0,0.0,0.0,0.0,1.0,554.0,0.0,554.0,0.0,0.0,0.0,1.0,554.0,0.0,554.0,0.0,0.0,0.0,1.0,554.0,0.0,554.0,0.0,0.0,0.0,1.0,554.0,0.0,554.0,0.0,0.0,0.0
127.7927786001439,437.9605491787971,48359.75359470825,197.0448480136752,401.2589267542279,56192.23285135478,502.02135056853706,365.0891752134452,61273.776520312415,3786.572746770315,351.4064408508335,62512.61310277284,11115.355472949575,338.08773098931715,63355.17909133351,127.7927786001439,437.9605491787971,48359.75359470825,197.0448480136752,401.2589267542279,56192.23285135478,502.02135056853706,365.0891752134452,61273.776520312415,3786.572746770315,351.4064408508335,62512.61310277284,11115.355472949575,338.08773098931715,63355.17909133351,95.43827992171497,565.9999999999998,1.7059844799040144e-05,565.9999999999998,2.910383045673371e-10,0.0,0.0,132.87044977481636,566.0000000000001,0.0,566.0000000000001,0.0,0.0,0.0,302.6459370438168,565.999996731977,0.040664722235043,565.999996731977,0.0016536196344532,0.0,0.0,2181.5626088155464,565.723027830503,11.835168109623163,565.723027830503,140.07120418304115,0.0,0.0,6113.426177380828,565.5247046600336,15.500759218919509,565.5247046600336,240.2735363629181,0.0,0.0,95.43827992171497,0.0033110138239424,0.0001719029456441,132.87044977481636,0.0038554213795009,0.0002285761930835,302.6459370438168,0.0049033519396055,0.0510368197076862,2181.5626088155464,13256.49370101474,19986071904384.598,6113.426177380828,166076.23477360894,250358555424392.0,1.0,566.0,0.0,566.0,0.0,0.0,0.0,1.0,566.0,0.0,566.0,0.0,0.0,0.0,1.0,566.0,0.0,566.0,0.0,0.0,0.0,1.0,566.0,0.0,566.0,0.0,0.0,0.0,1.0,566.0,0.0,566.0,0.0,0.0,0.0
1.0,60.0,0.0,1.0,60.0,0.0,1.0,60.0,0.0,1.0,60.0,0.0,1.0,60.0,0.0,1.0,60.0,0.0,1.0,60.0,0.0,1.0,60.0,0.0,1.0,60.0,0.0,1.0,60.0,0.0,1.0,60.0,0.0,60.0,0.0,0.0,0.0,1.0,60.0,0.0,60.0,0.0,0.0,0.0,1.0,60.0,0.0,60.0,0.0,0.0,0.0,1.0,60.0,0.0,60.0,0.0,0.0,0.0,1.0,60.0,0.0,60.0,0.0,0.0,0.0,1.0,1505913477.404645,0.0,1.0,1505913477.404645,0.0,1.0,1505913477.404645,0.0,1.0,1505913477.404645,0.0,1.0,1505913477.404645,0.0,1.0,60.0,0.0,60.0,0.0,0.0,0.0,1.0,60.0,0.0,60.0,0.0,0.0,0.0,1.0,60.0,0.0,60.0,0.0,0.0,0.0,1.0,60.0,0.0,60.0,0.0,0.0,0.0,1.0,60.0,0.0,60.0,0.0,0.0,0.0
57.19512946020946,60.008994950730575,0.1976322815762614,85.68676202132049,60.03190504579285,0.6943353093097357,216.3856328253913,60.088345493100064,1.841038717041556,2018.9053338858264,60.09131280568636,1.7532226293524218,9986.20706744104,60.10112834224793,1.8394362594162883,57.19512946020946,60.008994950730575,0.1976322815762614,85.68676202132049,60.03190504579285,0.6943353093097357,216.3856328253913,60.088345493100064,1.841038717041556,2018.9053338858264,60.09131280568636,1.7532226293524218,9986.20706744104,60.10112834224793,1.8394362594162883,1.0,60.0,0.0,60.0,0.0,0.0,0.0,1.0,60.0,0.0,60.0,0.0,0.0,0.0,1.0,60.0,0.0,60.0,0.0,0.0,0.0,1.0,60.0,0.0,60.0,0.0,0.0,0.0,1.0,60.0,0.0,60.0,0.0,0.0,0.0,1.0,1507653057.422984,0.0,1.0,1507653057.422984,0.0,1.0,1507653057.422984,0.0,1.0,1507653057.422984,0.0,1.0,1507653057.422984,0.0,1.0,60.0,0.0,60.0,0.0,0.0,0.0,1.0,60.0,0.0,60.0,0.0,0.0,0.0,1.0,60.0,0.0,60.0,0.0,0.0,0.0,1.0,60.0,0.0,60.0,0.0,0.0,0.0,1.0,60.0,0.0,60.0,0.0,0.0,0.0
1.0,60.0,0.0,1.0,60.0,0.0,1.0,60.0,0.0,1.0,60.0,0.0,1.0,60.0,0.0,1.0,60.0,0.0,1.0,60.0,0.0,1.0,60.0,0.0,1.0,60.0,0.0,1.0,60.0,0.0,1.0,60.0,0.0,60.0,0.0,0.0,0.0,1.0,60.0,0.0,60.0,0.0,0.0,0.0,1.0,60.0,0.0,60.0,0.0,0.0,0.0,1.0,60.0,0.0,60.0,0.0,0.0,0.0,1.0,60.0,0.0,60.0,0.0,0.0,0.0,1.0,1505913558.0008972,0.0,1.0,1505913558.0008972,0.0,1.0,1505913558.0008972,0.0,1.0,1505913558.0008972,0.0,1.0,1505913558.0008972,0.0,1.0,60.0,0.0,60.0,0.0,0.0,0.0,1.0,60.0,0.0,60.0,0.0,0.0,0.0,1.0,60.0,0.0,60.0,0.0,0.0,0.0,1.0,60.0,0.0,60.0,0.0,0.0,0.0,1.0,60.0,0.0,60.0,0.0,0.0,0.0
38.16646984094477,384.2078977312124,58898.36803427941,57.15555371829521,297.3483333349119,63691.40312122348,217.20705594966472,204.05232370238903,52080.50575527502,3528.961665175292,320.1458399395079,63933.71746100696,14791.911944771104,332.41942438432864,63608.201200563206,38.16646984094477,384.2078977312124,58898.36803427941,57.15555371829521,297.3483333349119,63691.40312122348,217.20705594966472,204.05232370238903,52080.50575527502,3528.961665175292,320.1458399395079,63933.71746100696,14791.911944771104,332.41942438432864,63608.201200563206,1.0,60.0,0.0,60.0,0.0,0.0,0.0,1.0,60.0,0.0,60.0,0.0,0.0,0.0,1.0,60.0,0.0,60.0,0.0,0.0,0.0,1.0,60.0,0.0,60.0,0.0,0.0,0.0,1.0,60.0,0.0,60.0,0.0,0.0,0.0,1.0,1507657985.602448,0.0,1.0,1507657985.602448,0.0,1.0,1507657985.602448,0.0,1.0,1507657985.602448,0.0,1.0,1507657985.602448,0.0,1.0,60.0,0.0,60.0,0.0,0.0,0.0,1.0,60.0,0.0,60.0,0.0,0.0,0.0,1.0,60.0,0.0,60.0,0.0,0.0,0.0,1.0,60.0,0.0,60.0,0.0,0.0,0.0,1.0,60.0,0.0,60.0,0.0,0.0,0.0
91.5545266326767,195.9597427802829,48626.06960911387,139.09882676580054,214.7165535082416,52456.77637422476,355.5856745836876,262.1309843272117,58974.18025333012,2936.828242095096,296.38595993086807,60875.99449215309,6845.753723818293,299.25297254107136,60929.72420710836,91.5545266326767,195.9597427802829,48626.06960911387,139.09882676580054,214.7165535082416,52456.77637422476,355.5856745836876,262.1309843272117,58974.18025333012,2936.828242095096,296.38595993086807,60875.99449215309,6845.753723818293,299.25297254107136,60929.72420710836,25.17754557611645,553.9999249507813,0.1925468991616309,553.9999249507813,0.0370743083767592,0.0,0.0,43.54417538284552,553.9936263074396,1.7744192010230917,553.9936263074396,3.148563500959426,0.0,0.0,145.54865447238845,553.7108905014121,11.947238509386864,553.7108905014121,142.7365080001764,0.0,0.0,1406.6052326491565,553.4573829172201,16.36332501644473,553.4573829172201,267.75840559380595,0.0,0.0,3318.4768866597387,553.4765227090119,16.072453243788107,553.4765227090119,258.32375327375485,0.0,0.0,25.17754557611645,0.0128655535587669,0.0007337656576388,43.54417538284552,0.0118316972596244,0.0006794248573703,145.54865447238845,0.0118457866887388,2279217.1367157632,1406.6052326491565,111313.99450464272,167811175159409.9,3318.4768866597387,362248.2544639233,546015715543402.9,25.17754175110608,554.0000000000001,1.0789593218788871e-05,554.0000000000001,1.1641532182693479e-10,0.0,0.0,43.54361356667816,554.0,1.0789593218788871e-05,554.0,1.1641532182693479e-10,0.0,0.0,145.46347330130624,553.9999999999999,1.0789593218788871e-05,553.9999999999999,1.1641532182693479e-10,0.0,0.0,1405.0601961553002,554.0000000000006,1.7059844799040144e-05,554.0000000000006,2.910383045673371e-10,0.0,0.0,3314.960394168172,553.9999999999985,4.0370961167367405e-05,553.9999999999985,1.6298145055770874e-09,0.0,0.0
1.0,60.0,0.0,1.0,60.0,0.0,1.0,60.0,0.0,1.0,60.0,0.0,1.0,60.0,0.0,1.0,60.0,0.0,1.0,60.0,0.0,1.0,60.0,0.0,1.0,60.0,0.0,1.0,60.0,0.0,1.0,60.0,0.0,60.0,0.0,0.0,0.0,1.0,60.0,0.0,60.0,0.0,0.0,0.0,1.0,60.0,0.0,60.0,0.0,0.0,0.0,1.0,60.0,0.0,60.0,0.0,0.0,0.0,1.0,60.0,0.0,60.0,0.0,0.0,0.0,1.0,1505913449.394409,0.0,1.0,1505913449.394409,0.0,1.0,1505913449.394409,0.0,1.0,1505913449.394409,0.0,1.0,1505913449.394409,0.0,1.0,60.0,0.0,60.0,0.0,0.0,0.0,1.0,60.0,0.0,60.0,0.0,0.0,0.0,1.0,60.0,0.0,60.0,0.0,0.0,0.0,1.0,60.0,0.0,60.0,0.0,0.0,0.0,1.0,60.0,0.0,60.0,0.0,0.0,0.0
72.99810838253272,464.81495658283,36103.287292204535,127.15392528235904,418.9450385008261,48475.56156237473,366.1986344162982,365.6989571155125,57547.466412882175,3963.149823314551,347.61213619031,59334.78847601051,35231.05167634209,343.1626750176053,59678.47419477016,72.99810838253272,464.81495658283,36103.287292204535,127.15392528235904,418.9450385008261,48475.56156237473,366.1986344162982,365.6989571155125,57547.466412882175,3963.149823314551,347.61213619031,59334.78847601051,35231.05167634209,343.1626750176053,59678.47419477016,59.81923657120382,553.9999990318764,0.0218689923573127,553.9999990318764,0.0004782528267242,0.0,0.0,92.39036312960184,553.9996288690402,0.4281805185183983,553.9996288690402,0.1833385564386844,0.0,0.0,226.6286996783249,553.9104179467656,6.651729801593577,553.9104179467656,44.24550935340814,0.0,0.0,2307.8050189850637,553.8213547347441,9.392488855750347,553.8213547347441,88.21884690539446,0.0,0.0,20197.877806932847,553.8357627285935,9.005900188005246,553.8357627285935,81.10623819631293,0.0,0.0,59.81923657120382,0.0055935849340243,0.0004938188507098,92.39036312960184,0.0057726541479677,0.0005951934989925,226.6286996783249,0.0066135890020162,0.000714504052209,2307.8050189850637,0.0066103967738071,497253.4737902643,20197.877806932847,8776.352466627459,13231633269438.098,1.0,554.0,0.0,554.0,0.0,0.0,0.0,1.0,554.0,0.0,554.0,0.0,0.0,0.0,1.0,554.0,0.0,554.0,0.0,0.0,0.0,1.0,554.0,0.0,554.0,0.0,0.0,0.0,1.0,554.0,0.0,554.0,0.0,0.0,0.0
20.82931646949236,513.661510938922,18294.071735756766,46.52594845980617,435.4980171825722,44483.131874004255,246.39830939749305,332.2705705390005,60346.64771775218,3123.4853559129137,305.2449285694438,60976.52498363153,21722.64832066944,303.7293264043696,60970.674949638575,20.82931646949236,513.661510938922,18294.071735756766,46.52594845980617,435.4980171825722,44483.131874004255,246.39830939749305,332.2705705390005,60346.64771775218,3123.4853559129137,305.2449285694438,60976.52498363153,21722.64832066944,303.7293264043696,60970.674949638575,19.127939457951893,554.0,0.0,554.0,0.0,0.0,0.0,35.362422847136,553.9999999999999,7.62939453125e-06,553.9999999999999,5.820766091346741e-11,0.0,0.0,135.77900823650756,553.9999959009735,0.0449991015896753,553.9999959009735,0.0020249191438779,0.0,0.0,1550.72949738562,553.8492423624182,8.628530877297973,553.8492423624182,74.45154510048451,0.0,0.0,10720.938018851975,553.7241541590963,11.67012229908931,553.7241541590963,136.1917544757016,0.0,0.0,19.127939457951893,0.0178547893838153,0.0015533645031041,35.362422847136,0.0149647639163843,0.0012219886356848,135.77900823650756,0.0109282696361908,0.0007847913479278,1550.72949738562,13.29057346144218,20023561613.769173,10720.938018851975,45879.38728395796,69168366688293.1,19.127939457951893,554.0,0.0,554.0,0.0,0.0,0.0,35.362422847136,553.9999999999999,7.62939453125e-06,553.9999999999999,5.820766091346741e-11,0.0,0.0,135.77900710986424,553.9999999999999,1.3214498959113138e-05,553.9999999999999,1.7462298274040222e-10,0.0,0.0,1550.2562497832862,554.0000000000003,0.0,554.0000000000003,0.0,0.0,0.0,10714.951528643342,553.9999999999914,9.375156957584008e-05,553.9999999999914,8.789356797933578e-09,0.0,0.0
158.48799768625997,74.01414752567673,0.3405611609268817,262.0520925819539,74.0251796987665,0.7562519907132809,713.6548515046995,74.09036920641711,13.743614489674654,6528.825854779606,74.15622374279424,48.1513744763115,32831.708271002586,74.30824993894444,189.6477089696837,158.48799768625997,74.01414752567673,0.3405611609268817,262.0520925819539,74.0251796987665,0.7562519907132809,713.6548515046995,74.09036920641711,13.743614489674654,6528.825854779606,74.15622374279424,48.1513744763115,32831.708271002586,74.30824993894444,189.6477089696837,158.39460363247798,74.00000000000003,2.132480599880018e-06,95.26804291051644,6.7603053809391476e-12,-3.195721489242145e-28,-6.70042580721121e-17,261.7836669929065,74.00000000000003,2.3360154559928683e-06,95.26804291051646,6.101075935020498e-12,8.536749532429298e-28,2.2123616083761566e-16,712.2992069016235,73.99999999972822,6.168732310789577e-05,95.26804291030533,3.8053268104028334e-09,-4.113370956521234e-23,-4.036837230591823e-13,6506.131515208575,73.99934373946155,0.095849970723872,95.26753315726722,0.0091872168877671,6.036850409358863e-17,1.17669271895817e-10,32727.55042594772,73.99851640514666,0.1441115085755862,95.2668905242666,0.0207681269039312,2.1198961575335868e-16,1.2156341683638636e-10,158.39460363247798,0.0019057414649569,4.963575831041544e-05,261.7836669929066,0.0018871823692288,4.827501455256349e-05,712.2992069016257,0.0021023665551288,0.0002808874881735,6506.131515208658,602.439277986587,907218216031.7734,32727.550425946694,25376.41228115349,38214055761004.97,1.0,74.0,0.0,95.26804291051644,0.0,0.0,0.0,1.0,74.0,0.0,95.26804291051644,0.0,0.0,0.0,1.0,74.0,0.0,95.26804291051644,0.0,0.0,0.0,1.0210343185953534,74.0,9.5367431640625e-07,95.26804291051644,9.094947017729282e-13,0.0,0.0,1.6796617740659194,74.0,0.0,95.26804291051644,0.0,0.0,0.0
1.0,60.0,0.0,1.0,60.0,0.0,1.0,60.0,0.0,1.0,60.0,0.0,1.0,60.0,0.0,1.0,60.0,0.0,1.0,60.0,0.0,1.0,60.0,0.0,1.0,60.0,0.0,1.0,60.0,0.0,1.0,60.0,0.0,60.0,0.0,0.0,0.0,1.0,60.0,0.0,60.0,0.0,0.0,0.0,1.0,60.0,0.0,60.0,0.0,0.0,0.0,1.0,60.0,0.0,60.0,0.0,0.0,0.0,1.0,60.0,0.0,60.0,0.0,0.0,0.0,1.0,1505913439.54971,0.0,1.0,1505913439.54971,0.0,1.0,1505913439.54971,0.0,1.0,1505913439.54971,0.0,1.0,1505913439.54971,0.0,1.0,60.0,0.0,60.0,0.0,0.0,0.0,1.0,60.0,0.0,60.0,0.0,0.0,0.0,1.0,60.0,0.0,60.0,0.0,0.0,0.0,1.0,60.0,0.0,60.0,0.0,0.0,0.0,1.0,60.0,0.0,60.0,0.0,0.0,0.0
1.0,60.0,0.0,1.0,60.0,0.0,1.0,60.0,0.0,1.0,60.0,0.0,1.0,60.0,0.0,1.0,60.0,0.0,1.0,60.0,0.0,1.0,60.0,0.0,1.0,60.0,0.0,1.0,60.0,0.0,1.0,60.0,0.0,60.0,0.0,0.0,0.0,1.0,60.0,0.0,60.0,0.0,0.0,0.0,1.0,60.0,0.0,60.0,0.0,0.0,0.0,1.0,60.0,0.0,60.0,0.0,0.0,0.0,1.0,60.0,0.0,60.0,0.0,0.0,0.0,1.0,1505913439.321721,0.0,1.0,1505913439.321721,0.0,1.0,1505913439.321721,0.0,1.0,1505913439.321721,0.0,1.0,1505913439.321721,0.0,1.0,60.0,0.0,60.0,0.0,0.0,0.0,1.0,60.0,0.0,60.0,0.0,0.0,0.0,1.0,60.0,0.0,60.0,0.0,0.0,0.0,1.0,60.0,0.0,60.0,0.0,0.0,0.0,1.0,60.0,0.0,60.0,0.0,0.0,0.0
72.7885005638772,73.47715041343595,7.043762165330918,96.4142083975375,71.96403173960314,24.34765428548781,232.53005425952216,67.15360309754264,49.07363499410985,3482.13133842158,67.23336661723188,49.13051030826136,29278.70704910459,67.8580589200611,48.43085007820537,72.7885005638772,73.47715041343595,7.043762165330918,96.4142083975375,71.96403173960314,24.34765428548781,232.53005425952216,67.15360309754264,49.07363499410985,3482.13133842158,67.23336661723188,49.13051030826136,29278.70704910459,67.8580589200611,48.43085007820537,70.0717095078789,73.99887001758651,0.1257715266835999,73.99887001758651,0.0158184769243234,0.0,0.0,82.40741688433991,73.9911139081226,0.3525993812442162,73.9911139081226,0.1243263236538041,0.0,0.0,118.83329091500237,73.92181903437931,1.0432742953344285,73.92181903437931,1.0884212553055477,0.0,0.0,1791.7057630240563,73.9517215777974,0.8207113406977898,73.9517215777974,0.6735671047499636,0.0,0.0,16357.332874184673,73.97660584077668,0.5718137305860153,73.97660584077668,0.326970942486696,0.0,0.0,70.0717095078789,0.0080527209814692,0.0041296049133595,82.40741688433991,0.0090985289988368,0.0046699819575063,118.83329091500237,0.0159479570027194,0.0158589019250245,1791.7057630240563,0.0335928459164272,37968557.97897529,16357.332874184673,16300.421482086187,24575168833540.99,1.0,74.0,0.0,74.0,0.0,0.0,0.0,1.0,74.0,0.0,74.0,0.0,0.0,0.0,1.0,74.0,0.0,74.0,0.0,0.0,0.0,1.0,74.0,0.0,74.0,0.0,0.0,0.0,1.0,74.0,0.0,74.0,0.0,0.0,0.0
102.6507991141767,244.4242014412209,57093.24528339192,153.94510908685706,265.68083810347275,59301.33282626562,401.75564181144506,309.3722514817072,60996.778726082666,3816.39745172057,338.54950650306176,59991.43381807864,37920.96524573268,342.1068181160447,59753.70394079793,102.6507991141767,244.4242014412209,57093.24528339192,153.94510908685706,265.68083810347275,59301.33282626562,401.75564181144506,309.3722514817072,60996.778726082666,3816.39745172057,338.54950650306176,59991.43381807864,37920.96524573268,342.1068181160447,59753.70394079793,1.0,60.0,0.0,60.0,0.0,0.0,0.0,1.0,60.0,0.0,60.0,0.0,0.0,0.0,1.0,60.0,0.0,60.0,0.0,0.0,0.0,1.0,60.0,0.0,60.0,0.0,0.0,0.0,1.0,60.0,0.0,60.0,0.0,0.0,0.0,1.0,1507656395.701427,0.0,1.0,1507656395.701427,0.0,1.0,1507656395.701427,0.0,1.0,1507656395.701427,0.0,1.0,1507656395.701427,0.0,1.0,60.0,0.0,60.0,0.0,0.0,0.0,1.0,60.0,0.0,60.0,0.0,0.0,0.0,1.0,60.0,0.0,60.0,0.0,0.0,0.0,1.0,60.0,0.0,60.0,0.0,0.0,0.0,1.0,60.0,0.0,60.0,0.0,0.0,0.0
83.34267194178528,320.00870309029307,60838.32835158488,122.41483151519336,350.9420428509632,59071.16430334242,364.9376641211499,353.49420361892686,58826.341385458014,2582.209800297503,352.5117133145119,58914.67579011437,3708.947573198365,354.52425258042734,58727.24657181412,83.34267194178528,320.00870309029307,60838.32835158488,122.41483151519336,350.9420428509632,59071.16430334242,364.9376641211499,353.49420361892686,58826.341385458014,2582.209800297503,352.5117133145119,58914.67579011437,3708.947573198365,354.52425258042734,58727.24657181412,1.0,60.0,0.0,60.0,0.0,0.0,0.0,1.0,60.0,0.0,60.0,0.0,0.0,0.0,1.0,60.0,0.0,60.0,0.0,0.0,0.0,1.0,60.0,0.0,60.0,0.0,0.0,0.0,1.0,60.0,0.0,60.0,0.0,0.0,0.0,1.0,1507655937.463759,0.0,1.0,1507655937.463759,0.0,1.0,1507655937.463759,0.0,1.0,1507655937.463759,0.0,1.0,1507655937.463759,0.0,1.0,60.0,0.0,60.0,0.0,0.0,0.0,1.0,60.0,0.0,60.0,0.0,0.0,0.0,1.0,60.0,0.0,60.0,0.0,0.0,0.0,1.0,60.0,0.0,60.0,0.0,0.0,0.0,1.0,60.0,0.0,60.0,0.0,0.0,0.0
62.73160769205462,327.01787342761816,63804.31535416076,79.90764083375257,367.779111023984,60985.14841285952,180.86577192474823,385.9211255912608,58646.501879684736,3056.656631039589,340.91276694880884,63208.01112821773,15551.13355567305,336.8522027947312,63417.340251389454,62.73160769205462,327.01787342761816,63804.31535416076,79.90764083375257,367.779111023984,60985.14841285952,180.86577192474823,385.9211255912608,58646.501879684736,3056.656631039589,340.91276694880884,63208.01112821773,15551.13355567305,336.8522027947312,63417.340251389454,1.0,60.0,0.0,60.0,0.0,0.0,0.0,1.0,60.0,0.0,60.0,0.0,0.0,0.0,1.0,60.0,0.0,60.0,0.0,0.0,0.0,1.0,60.0,0.0,60.0,0.0,0.0,0.0,1.0,60.0,0.0,60.0,0.0,0.0,0.0,1.0,1507657994.932952,0.0,1.0,1507657994.932952,0.0,1.0,1507657994.932952,0.0,1.0,1507657994.932952,0.0,1.0,1507657994.932952,0.0,1.0,60.0,0.0,60.0,0.0,0.0,0.0,1.0,60.0,0.0,60.0,0.0,0.0,0.0,1.0,60.0,0.0,60.0,0.0,0.0,0.0,1.0,60.0,0.0,60.0,0.0,0.0,0.0,1.0,60.0,0.0,60.0,0.0,0.0,0.0
64.37333754665735,314.028576185538,60933.03142979412,105.1359603864596,342.164629804477,59732.31728781913,300.8066633280737,336.479846215817,60099.00597407539,3128.721167700389,304.43479391719814,60974.82253851008,26437.945877865823,303.0597321785135,60966.23510278546,64.37333754665735,314.028576185538,60933.03142979412,105.1359603864596,342.164629804477,59732.31728781913,300.8066633280737,336.479846215817,60099.00597407539,3128.721167700389,304.43479391719814,60974.82253851008,26437.945877865823,303.0597321785135,60966.23510278546,1.0,60.0,0.0,60.0,0.0,0.0,0.0,1.0,60.0,0.0,60.0,0.0,0.0,0.0,1.0,60.0,0.0,60.0,0.0,0.0,0.0,1.0,60.0,0.0,60.0,0.0,0.0,0.0,1.0,60.0,0.0,60.0,0.0,0.0,0.0,1.0,1507659556.383477,0.0,1.0,1507659556.383477,0.0,1.0,1507659556.383477,0.0,1.0,1507659556.383477,0.0,1.0,1507659556.383477,0.0,1.0,60.0,0.0,60.0,0.0,0.0,0.0,1.0,60.0,0.0,60.0,0.0,0.0,0.0,1.0,60.0,0.0,60.0,0.0,0.0,0.0,1.0,60.0,0.0,60.0,0.0,0.0,0.0,1.0,60.0,0.0,60.0,0.0,0.0,0.0
99.01087857375624,203.6729865532151,50280.71906126472,140.74553172382713,244.35403964795643,57026.10522840189,356.0772723830288,290.7364439632093,60700.043771547,3225.7710072178106,302.6614393436945,60962.07460560917,20484.91166732776,302.90990961897467,60965.08299167875,99.01087857375624,203.6729865532151,50280.71906126472,140.74553172382713,244.35403964795643,57026.10522840189,356.0772723830288,290.7364439632093,60700.043771547,3225.7710072178106,302.6614393436945,60962.07460560917,20484.91166732776,302.90990961897467,60965.08299167875,28.83627099065564,552.9353129230933,22.90899075516177,552.9353129230933,524.8218574200873,0.0,0.0,52.6781605333698,552.2292275567244,29.52331200817984,552.2292275567244,871.6259519323359,0.0,0.0,166.8357230145878,552.2606657557644,29.260995079445003,552.2606657557644,856.2058330393048,0.0,0.0,1585.9338720757153,553.4501475482382,16.47193897062199,553.4501475482382,271.32477345189545,0.0,0.0,10077.30939809707,553.6652456573147,12.85521624921609,553.6652456573147,165.25658481410937,0.0,0.0,28.83627099065564,0.0110117170515235,0.0005201172576816,52.6781605333698,0.0097935694444733,0.0005968593190246,166.8357230145878,0.0089046532124402,0.000688950837656,1585.9338720757153,48.44921637238616,73031153619.80994,10077.30939809707,55677.198274108,83939132711351.05,28.77412199253836,554.0,1.0789593218788871e-05,554.0,1.1641532182693479e-10,0.0,0.0,52.4893325272262,553.9999999999994,1.8688123647942943e-05,553.9999999999994,3.4924596548080444e-10,0.0,0.0,166.24830786033482,553.9999999999994,2.0185480583683703e-05,553.9999999999994,4.07453626394272e-10,0.0,0.0,1584.1686299139897,553.9999999999994,2.1579186437577742e-05,553.9999999999994,4.656612873077394e-10,0.0,0.0,10070.480606429875,553.9999999999903,9.740558879702532e-05,553.9999999999903,9.487848728895187e-09,0.0,0.0
104.2608302491369,513.7683274039579,18255.832311727343,169.6191445533794,465.7067432409825,35820.7319628589,488.5269831117826,389.60223627495714,54179.63174700893,4363.875431559349,354.1541888749029,58767.228250778615,36924.99034678838,345.18169202125733,59528.989942772736,104.2608302491369,513.7683274039579,18255.832311727343,169.6191445533794,465.7067432409825,35820.7319628589,488.5269831117826,389.60223627495714,54179.63174700893,4363.875431559349,354.1541888749029,58767.228250778615,36924.99034678838,345.18169202125733,59528.989942772736,95.76975076531473,554.0,1.0789593218788871e-05,554.0,1.1641532182693479e-10,0.0,0.0,139.30258633378247,553.9999999830087,0.0028971916275429,553.9999999830087,8.393719326704739e-06,0.0,0.0,325.9394508871565,553.9974448901404,1.1234846425223075,553.9974448901404,1.262217741983477,0.0,0.0,2598.777463548497,553.8804124892622,7.685175933711009,553.8804124892622,59.06192913209088,0.0,0.0,21319.540077778627,553.84803862391,8.662899487642807,553.84803862391,75.04582753300201,0.0,0.0,95.76975076531473,0.0033683667781073,0.0002350662054925,139.30258633378247,0.0037553133587361,0.0003173482767353,325.9394508871565,0.0045817139979771,0.0004479379149355,2598.777463548497,0.0055932119717,17243.347039056818,21319.540077778627,6011.785424113255,9063658436473.14,1.0,554.0,0.0,554.0,0.0,0.0,0.0,1.0,554.0,0.0,554.0,0.0,0.0,0.0,1.0,554.0,0.0,554.0,0.0,0.0,0.0,1.0,554.0,0.0,554.0,0.0,0.0,0.0,1.0,554.0,0.0,554.0,0.0,0.0,0.0
1.0,60.0,0.0,1.0,60.0,0.0,1.0,60.0,0.0,1.0,60.0,0.0,1.0,60.0,0.0,1.0,60.0,0.0,1.0,60.0,0.0,1.0,60.0,0.0,1.0,60.0,0.0,1.0,60.0,0.0,1.0,60.0,0.0,60.0,0.0,0.0,0.0,1.0,60.0,0.0,60.0,0.0,0.0,0.0,1.0,60.0,0.0,60.0,0.0,0.0,0.0,1.0,60.0,0.0,60.0,0.0,0.0,0.0,1.0,60.0,0.0,60.0,0.0,0.0,0.0,1.0,1505913562.719404,0.0,1.0,1505913562.719404,0.0,1.0,1505913562.719404,0.0,1.0,1505913562.719404,0.0,1.0,1505913562.719404,0.0,1.0,60.0,0.0,60.0,0.0,0.0,0.0,1.0,60.0,0.0,60.0,0.0,0.0,0.0,1.0,60.0,0.0,60.0,0.0,0.0,0.0,1.0,60.0,0.0,60.0,0.0,0.0,0.0,1.0,60.0,0.0,60.0,0.0,0.0,0.0
1.0,60.0,0.0,1.0,60.0,0.0,1.0,60.0,0.0,1.0,60.0,0.0,1.0,60.0,0.0,1.0,60.0,0.0,1.0,60.0,0.0,1.0,60.0,0.0,1.0,60.0,0.0,1.0,60.0,0.0,1.0,60.0,0.0,60.0,0.0,0.0,0.0,1.0,60.0,0.0,60.0,0.0,0.0,0.0,1.0,60.0,0.0,60.0,0.0,0.0,0.0,1.0,60.0,0.0,60.0,0.0,0.0,0.0,1.0,60.0,0.0,60.0,0.0,0.0,0.0,1.0,1505913426.371797,0.0,1.0,1505913426.371797,0.0,1.0,1505913426.371797,0.0,1.0,1505913426.371797,0.0,1.0,1505913426.371797,0.0,1.0,60.0,0.0,60.0,0.0,0.0,0.0,1.0,60.0,0.0,60.0,0.0,0.0,0.0,1.0,60.0,0.0,60.0,0.0,0.0,0.0,1.0,60.0,0.0,60.0,0.0,0.0,0.0,1.0,60.0,0.0,60.0,0.0,0.0,0.0
147.3026658644821,74.03807508429277,0.9130034479076128,247.0993833309834,74.04505195594597,1.091484061641495,763.8441810905016,74.04620817631594,2.00609429927772,6837.701539816165,74.12517445201378,35.64280135366789,34027.76248262588,74.29205551259301,178.29706237882874,147.3026658644821,74.03807508429277,0.9130034479076128,247.0993833309834,74.04505195594597,1.091484061641495,763.8441810905016,74.04620817631594,2.00609429927772,6837.701539816165,74.12517445201378,35.64280135366789,34027.76248262588,74.29205551259301,178.29706237882874,147.06887063671846,73.9999828376433,0.0155007323144888,95.2680295795578,0.0002402727022854,2.5325846784245628e-18,1.713214226195926e-10,246.6322319589362,73.99967814520078,0.0671257298428632,95.26779290816648,0.004505863606937,6.12524081741887e-17,3.0257570960422817e-10,762.3648644864293,73.99672539368919,0.2140882185049704,95.26549936356298,0.0458337653026319,5.80532796887109e-16,5.191265940009536e-10,6816.762189463059,73.99779030307089,0.1758717551535079,95.26632652588869,0.0309308742607754,1.0969692298838863e-16,1.7800466209932068e-10,33922.368441920284,73.9982002512077,0.1587237978995177,95.26664495203808,0.0251932440196469,-1.6831020485414463e-17,-8.945488739579719e-12,147.06887063671851,0.0020145464335008,2.8088900493080547e-05,246.63223195893627,0.0019833405074784,2.947983519361168e-05,762.3648644864322,0.0019075617729263,4.475087830697429e-05,6816.76218946316,441.73384244941184,665209923560.8765,33922.36844191895,23845.57388988797,35908819666462.32,1.0,74.0,0.0,95.26804291051644,0.0,0.0,0.0,1.0,74.0,0.0,95.26804291051644,0.0,0.0,0.0,1.0,74.0,0.0,95.26804291051644,0.0,0.0,0.0,1.0209145894157352,74.0,0.0,95.26804291051644,0.0,0.0,0.0,1.6792739101149134,74.0,0.0,95.26804291051644,0.0,0.0,0.0
1.0,60.0,0.0,1.0,60.0,0.0,1.0,60.0,0.0,1.0,60.0,0.0,1.0,60.0,0.0,1.0,60.0,0.0,1.0,60.0,0.0,1.0,60.0,0.0,1.0,60.0,0.0,1.0,60.0,0.0,1.0,60.0,0.0,60.0,0.0,0.0,0.0,1.0,60.0,0.0,60.0,0.0,0.0,0.0,1.0,60.0,0.0,60.0,0.0,0.0,0.0,1.0,60.0,0.0,60.0,0.0,0.0,0.0,1.0,60.0,0.0,60.0,0.0,0.0,0.0,1.0,1505913477.396451,0.0,1.0,1505913477.396451,0.0,1.0,1505913477.396451,0.0,1.0,1505913477.396451,0.0,1.0,1505913477.396451,0.0,1.0,60.0,0.0,60.0,0.0,0.0,0.0,1.0,60.0,0.0,60.0,0.0,0.0,0.0,1.0,60.0,0.0,60.0,0.0,0.0,0.0,1.0,60.0,0.0,60.0,0.0,0.0,0.0,1.0,60.0,0.0,60.0,0.0,0.0,0.0
99.10338582738731,60.000000233071134,2.6513384909776505e-06,135.13912974258727,60.00004985485453,0.0006271314427976,262.4149925795134,60.157652229755385,74.80127748478435,2855.2036319029226,235.2763607118936,57938.28902213104,27049.096756744708,328.3749304916094,63748.282035020056,99.10338582738731,60.000000233071134,2.6513384909776505e-06,135.13912974258727,60.00004985485453,0.0006271314427976,262.4149925795134,60.157652229755385,74.80127748478435,2855.2036319029226,235.2763607118936,57938.28902213104,27049.096756744708,328.3749304916094,63748.282035020056,1.0,60.0,0.0,60.0,0.0,0.0,0.0,1.0,60.0,0.0,60.0,0.0,0.0,0.0,1.0,60.0,0.0,60.0,0.0,0.0,0.0,1.0,60.0,0.0,60.0,0.0,0.0,0.0,1.0,60.0,0.0,60.0,0.0,0.0,0.0,1.0,1507658144.991819,0.0,1.0,1507658144.991819,0.0,1.0,1507658144.991819,0.0,1.0,1507658144.991819,0.0,1.0,1507658144.991819,0.0,1.0,60.0,0.0,60.0,0.0,0.0,0.0,1.0,60.0,0.0,60.0,0.0,0.0,0.0,1.0,60.0,0.0,60.0,0.0,0.0,0.0,1.0,60.0,0.0,60.0,0.0,0.0,0.0,1.0,60.0,0.0,60.0,0.0,0.0,0.0
88.3536689731811,68.31963396907267,47.95800046632576,136.6919668226875,67.34581135792773,49.56013964190424,349.3355132318956,67.92789008310002,48.55556916342994,3545.6220478792643,68.77621302996593,46.047992654588604,23768.79521810916,67.68863451490954,48.72746821826604,88.3536689731811,68.31963396907267,47.95800046632576,136.6919668226875,67.34581135792773,49.56013964190424,349.3355132318956,67.92789008310002,48.55556916342994,3545.6220478792643,68.77621302996593,46.047992654588604,23768.79521810916,67.68863451490954,48.72746821826604,50.2082271401925,74.00000000000003,2.132480599880018e-06,74.00000000000003,4.547473508864642e-12,0.0,0.0,68.6407080157482,74.00000000000001,9.5367431640625e-07,74.00000000000001,9.094947017729282e-13,0.0,0.0,193.2053809854443,73.99999999144818,0.0003460208519943,73.99999999144818,1.1973043001489716e-07,0.0,0.0,2209.2272734579246,73.99476183209785,0.2707524925491851,73.99476183209785,0.0733069122215965,0.0,0.0,12976.643455256764,73.98550054728277,0.4503133397344665,73.98550054728277,0.202782103942809,0.0,0.0,50.2082271401925,0.0066068709096838,0.0005442917303051,68.6407080157482,0.0078237751202594,0.0008474310130917,193.2053809854443,0.0078604770933558,0.0011565082880998,2209.2272734579246,11.19454637027715,16867527528.61856,12976.643455256764,38601.923599597816,58196961272785.75,1.0,74.0,0.0,74.0,0.0,0.0,0.0,1.0,74.0,0.0,74.0,0.0,0.0,0.0,1.0,74.0,0.0,74.0,0.0,0.0,0.0,1.0,74.0,0.0,74.0,0.0,0.0,0.0,1.0,74.0,0.0,74.0,0.0,0.0,0.0
46.431646040586045,72.51601171846809,18.573593655224613,87.40099305928526,71.19213678916567,31.425308906445927,284.83845890271266,69.413555062183,43.186829625490645,3099.446025126128,67.50969587074555,48.9364009921519,29201.18224192112,67.81546263592874,48.50853761167764,46.431646040586045,72.51601171846809,18.573593655224613,87.40099305928526,71.19213678916567,31.425308906445927,284.83845890271266,69.413555062183,43.186829625490645,3099.446025126128,67.50969587074555,48.9364009921519,29201.18224192112,67.81546263592874,48.50853761167764,41.50991260071727,74.00000000000004,2.132480599880018e-06,74.00000000000004,4.547473508864642e-12,0.0,0.0,69.87038835229077,73.99999999999999,1.3486991523486091e-06,73.99999999999999,1.8189894035458565e-12,0.0,0.0,191.3574387631397,73.99999458237761,0.0087089999640903,73.99999458237761,7.584668037452502e-05,0.0,0.0,1653.7519700547782,73.97894715091802,0.5424911655306178,73.97894715091802,0.2942966646787681,0.0,0.0,16221.689528408471,73.97846226657315,0.5486933515483368,73.97846226657315,0.3010643940333466,0.0,0.0,41.50991260071727,0.0092198103490832,0.0015845173412906,69.87038835229077,0.0082702364417182,0.0015206675756095,191.3574387631397,0.0081593848599942,0.0018991114425922,1653.7519700547782,0.0199840298617969,16557010.041119736,16221.689528408471,15006.914650410698,22625044325290.25,1.0,74.0,0.0,74.0,0.0,0.0,0.0,1.0,74.0,0.0,74.0,0.0,0.0,0.0,1.0,74.0,0.0,74.0,0.0,0.0,0.0,1.0,74.0,0.0,74.0,0.0,0.0,0.0,1.0,74.0,0.0,74.0,0.0,0.0,0.0
101.9042859389253,180.9807361311934,46547.8806165822,149.35213100204982,216.2591670190824,54613.93399183367,387.9287798867154,294.1861094746831,63622.95799603875,3808.73846189401,337.6313627638158,63379.23690464707,25276.515137987848,341.1040735322691,63196.09645649949,101.9042859389253,180.9807361311934,46547.8806165822,149.35213100204982,216.2591670190824,54613.93399183367,387.9287798867154,294.1861094746831,63622.95799603875,3808.73846189401,337.6313627638158,63379.23690464707,25276.515137987848,341.1040735322691,63196.09645649949,1.0,60.0,0.0,60.0,0.0,0.0,0.0,1.0,60.0,0.0,60.0,0.0,0.0,0.0,1.0,60.0,0.0,60.0,0.0,0.0,0.0,1.0,60.0,0.0,60.0,0.0,0.0,0.0,1.0,60.0,0.0,60.0,0.0,0.0,0.0,1.0,1507658094.163282,0.0,1.0,1507658094.163282,0.0,1.0,1507658094.163282,0.0,1.0,1507658094.163282,0.0,1.0,1507658094.163282,0.0,1.0,60.0,0.0,60.0,0.0,0.0,0.0,1.0,60.0,0.0,60.0,0.0,0.0,0.0,1.0,60.0,0.0,60.0,0.0,0.0,0.0,1.0,60.0,0.0,60.0,0.0,0.0,0.0,1.0,60.0,0.0,60.0,0.0,0.0,0.0
95.33380755633388,451.48464871284784,40083.65266165423,149.34133456609908,406.3762610314605,51081.15041585156,362.96025229811295,353.60563296008485,58794.79236189269,3205.8285685028072,309.5880659389032,60970.3816365721,22569.68244827265,304.2474023865751,60973.111899525575,95.33380755633388,451.48464871284784,40083.65266165423,149.34133456609908,406.3762610314605,51081.15041585156,362.96025229811295,353.60563296008485,58794.79236189269,3205.8285685028072,309.5880659389032,60970.3816365721,22569.68244827265,304.2474023865751,60973.111899525575,75.53174048369415,553.9875125607233,2.4836745090179444,553.9875125607233,6.168639066745527,0.0,0.0,104.7031769306072,553.8897718168347,7.378385475918921,553.8897718168347,54.44057223125128,0.0,0.0,215.9437482764793,553.3460244667201,17.962077536908378,553.3460244667201,322.6362294419086,0.0,0.0,1620.3727737077902,553.6654751567855,12.85081186843734,553.6654751567855,165.14336567797,0.0,0.0,11162.88570705612,553.7114736621094,11.935190131241514,553.7114736621094,142.44876346888486,0.0,0.0,75.53174048369415,0.0045001762539125,0.0004725947321175,104.7031769306072,0.0051718124605479,0.0006342410598409,215.9437482764793,0.0069517547968244,0.0007819531222705,1620.3727737077902,5.78268841302534,8704851771.195988,11162.88570705612,40719.62977401327,61389657140721.48,75.5298311759558,554.0,7.62939453125e-06,554.0,5.820766091346741e-11,0.0,0.0,104.67981409464622,554.0000000000001,1.7059844799040144e-05,554.0000000000001,2.910383045673371e-10,0.0,0.0,215.6578739284276,554.0,1.0789593218788871e-05,554.0,1.1641532182693479e-10,0.0,0.0,1619.2754964849746,553.9999999999989,3.814697265625e-05,553.9999999999989,1.455191522836685e-09,0.0,0.0,11156.365896259924,553.9999999999923,9.02722134872378e-05,553.9999999999923,8.149072527885437e-09,0.0,0.0
82.9653259075139,74.163381437529,3.8944610066091614,99.26149298475526,74.19154683316889,4.560434883961534,148.56307736345224,74.28194858952456,6.710649205836487,769.9700294706627,75.26099200784775,598.5759328916165,8326.594248228197,76.62895237619016,1686.009183961025,82.9653259075139,74.163381437529,3.8944610066091614,99.26149298475526,74.19154683316889,4.560434883961534,148.56307736345224,74.28194858952456,6.710649205836487,769.9700294706627,75.26099200784775,598.5759328916165,8326.594248228197,76.62895237619016,1686.009183961025,1.0,74.0,0.0,74.0,0.0,0.0,0.0,1.0,74.0,0.0,74.0,0.0,0.0,0.0,1.0,74.0,0.0,74.0,0.0,0.0,0.0,1.0,74.0,0.0,74.0,0.0,0.0,0.0,1.0,74.0,0.0,74.0,0.0,0.0,0.0,1.0,1505913111.110503,0.0,1.0,1505913111.110503,0.0,1.0,1505913111.110503,0.0,1.0,1505913111.110503,0.0,1.0,1505913111.110503,0.0,1.0,74.0,0.0,74.0,0.0,0.0,0.0,1.0,74.0,0.0,74.0,0.0,0.0,0.0,1.0,74.0,0.0,74.0,0.0,0.0,0.0,1.0,74.0,0.0,74.0,0.0,0.0,0.0,1.0,74.0,0.0,74.0,0.0,0.0,0.0
113.88708908990328,221.4844951978741,53696.09835458068,172.79145128049586,257.407764490249,58549.59506315229,455.7887738202576,306.9958161680224,61006.77935172031,3955.183752896785,338.7307159817195,59986.36134038084,37278.579698713474,343.6990161583817,59640.77390779546,113.88708908990328,221.4844951978741,53696.09835458068,172.79145128049586,257.407764490249,58549.59506315229,455.7887738202576,306.9958161680224,61006.77935172031,3955.183752896785,338.7307159817195,59986.36134038084,37278.579698713474,343.6990161583817,59640.77390779546,1.0,60.0,0.0,60.0,0.0,0.0,0.0,1.0,60.0,0.0,60.0,0.0,0.0,0.0,1.0,60.0,0.0,60.0,0.0,0.0,0.0,1.0,60.0,0.0,60.0,0.0,0.0,0.0,1.0,60.0,0.0,60.0,0.0,0.0,0.0,1.0,1507656307.817168,0.0,1.0,1507656307.817168,0.0,1.0,1507656307.817168,0.0,1.0,1507656307.817168,0.0,1.0,1507656307.817168,0.0,1.0,60.0,0.0,60.0,0.0,0.0,0.0,1.0,60.0,0.0,60.0,0.0,0.0,0.0,1.0,60.0,0.0,60.0,0.0,0.0,0.0,1.0,60.0,0.0,60.0,0.0,0.0,0.0,1.0,60.0,0.0,60.0,0.0,0.0,0.0
127.0276410918002,65.1618650434483,45.62554810273468,183.65836882067345,65.95791674467097,47.94342052805405,450.0651861987925,67.2593869305218,49.05639246968622,3715.182434149468,68.31667137252118,47.42804572282512,24857.95618476974,67.72535239711515,48.66627338512717,127.0276410918002,65.1618650434483,45.62554810273468,183.65836882067345,65.95791674467097,47.94342052805405,450.0651861987925,67.2593869305218,49.05639246968622,3715.182434149468,68.31667137252118,47.42804572282512,24857.95618476974,67.72535239711515,48.66627338512717,1.0,60.0,0.0,60.0,0.0,0.0,0.0,1.0,60.0,0.0,60.0,0.0,0.0,0.0,1.0,60.0,0.0,60.0,0.0,0.0,0.0,1.0,60.0,0.0,60.0,0.0,0.0,0.0,1.0,60.0,0.0,60.0,0.0,0.0,0.0,1.0,1507657229.310548,0.0,1.0,1507657229.310548,0.0,1.0,1507657229.310548,0.0,1.0,1507657229.310548,0.0,1.0,1507657229.310548,0.0,1.0,60.0,0.0,60.0,0.0,0.0,0.0,1.0,60.0,0.0,60.0,0.0,0.0,0.0,1.0,60.0,0.0,60.0,0.0,0.0,0.0,1.0,60.0,0.0,60.0,0.0,0.0,0.0,1.0,60.0,0.0,60.0,0.0,0.0,0.0
31.983700330195784,73.88605830011295,1.582243990987081,48.1632028435349,73.03721906963548,12.553746523181871,203.2299782376212,69.42372931321462,43.18180225090417,2710.5882960283097,67.34068686594678,48.98757272227886,5818.045953362768,67.27927226252125,48.9975463284818,31.983700330195784,73.88605830011295,1.582243990987081,48.1632028435349,73.03721906963548,12.553746523181871,203.2299782376212,69.42372931321462,43.18180225090417,2710.5882960283097,67.34068686594678,48.98757272227886,5818.045953362768,67.27927226252125,48.9975463284818,31.723346083469547,74.0,0.0,74.0,0.0,0.0,0.0,44.84820243572013,73.99999999999997,1.6518123698891422e-06,73.99999999999997,2.7284841053187847e-12,0.0,0.0,136.5557359989339,73.99999998407678,0.0004721496975079,73.99999998407678,2.229253368568607e-07,0.0,0.0,1413.2865041693462,73.99793452904338,0.1700362527082033,73.99793452904338,0.028912327235048,0.0,0.0,3009.0811934468584,73.99602253601266,0.235942102239115,73.99602253601266,0.055668675609013,0.0,0.0,31.723346083469547,0.0120666510789903,0.0022389013283574,44.84820243572013,0.013547413495375,0.0033531038960361,136.5557359989339,0.0385265489329137,40482277.77565968,1413.2865041693462,146780.8362491514,221273604963944.56,3009.0811934468584,410892.6435978052,619316348882415.2,1.0,74.0,0.0,74.0,0.0,0.0,0.0,1.0,74.0,0.0,74.0,0.0,0.0,0.0,1.0,74.0,0.0,74.0,0.0,0.0,0.0,1.0,74.0,0.0,74.0,0.0,0.0,0.0,1.0,74.0,0.0,74.0,0.0,0.0,0.0
146.57109419281022,325.37990183168205,63795.56858399671,202.1221756448792,338.8056476833085,63292.90453917705,418.3790163396895,333.7260546223461,63544.66238875763,3250.4375961121004,330.73755114346744,63670.883373511926,18771.814255179783,339.62006874884764,63278.32254013458,146.57109419281022,325.37990183168205,63795.56858399671,202.1221756448792,338.8056476833085,63292.90453917705,418.3790163396895,333.7260546223461,63544.66238875763,3250.4375961121004,330.73755114346744,63670.883373511926,18771.814255179783,339.62006874884764,63278.32254013458,1.0,60.0,0.0,60.0,0.0,0.0,0.0,1.0,60.0,0.0,60.0,0.0,0.0,0.0,1.0,60.0,0.0,60.0,0.0,0.0,0.0,1.0,60.0,0.0,60.0,0.0,0.0,0.0,1.0,60.0,0.0,60.0,0.0,0.0,0.0,1.0,1507658025.960985,0.0,1.0,1507658025.960985,0.0,1.0,1507658025.960985,0.0,1.0,1507658025.960985,0.0,1.0,1507658025.960985,0.0,1.0,60.0,0.0,60.0,0.0,0.0,0.0,1.0,60.0,0.0,60.0,0.0,0.0,0.0,1.0,60.0,0.0,60.0,0.0,0.0,0.0,1.0,60.0,0.0,60.0,0.0,0.0,0.0,1.0,60.0,0.0,60.0,0.0,0.0,0.0
99.88784479456136,212.51827193326943,52052.67021122974,148.86165907430913,251.5595653712053,57891.56950246236,389.05174589997216,304.2867465705271,60953.83890972914,4168.994827196083,336.84890938890743,60090.22578959426,22609.69314055673,341.92942690763334,59765.46051759463,99.88784479456136,212.51827193326943,52052.67021122974,148.86165907430913,251.5595653712053,57891.56950246236,389.05174589997216,304.2867465705271,60953.83890972914,4168.994827196083,336.84890938890743,60090.22578959426,22609.69314055673,341.92942690763334,59765.46051759463,1.0,60.0,0.0,60.0,0.0,0.0,0.0,1.0,60.0,0.0,60.0,0.0,0.0,0.0,1.0,60.0,0.0,60.0,0.0,0.0,0.0,1.0,60.0,0.0,60.0,0.0,0.0,0.0,1.0,60.0,0.0,60.0,0.0,0.0,0.0,1.0,1507656039.639901,0.0,1.0,1507656039.639901,0.0,1.0,1507656039.639901,0.0,1.0,1507656039.639901,0.0,1.0,1507656039.639901,0.0,1.0,60.0,0.0,60.0,0.0,0.0,0.0,1.0,60.0,0.0,60.0,0.0,0.0,0.0,1.0,60.0,0.0,60.0,0.0,0.0,0.0,1.0,60.0,0.0,60.0,0.0,0.0,0.0,1.0,60.0,0.0,60.0,0.0,0.0,0.0
1.0,60.0,0.0,1.0,60.0,0.0,1.0,60.0,0.0,1.0,60.0,0.0,1.0,60.0,0.0,1.0,60.0,0.0,1.0,60.0,0.0,1.0,60.0,0.0,1.0,60.0,0.0,1.0,60.0,0.0,1.0,60.0,0.0,60.0,0.0,0.0,0.0,1.0,60.0,0.0,60.0,0.0,0.0,0.0,1.0,60.0,0.0,60.0,0.0,0.0,0.0,1.0,60.0,0.0,60.0,0.0,0.0,0.0,1.0,60.0,0.0,60.0,0.0,0.0,0.0,1.0,1505913445.318321,0.0,1.0,1505913445.318321,0.0,1.0,1505913445.318321,0.0,1.0,1505913445.318321,0.0,1.0,1505913445.318321,0.0,1.0,60.0,0.0,60.0,0.0,0.0,0.0,1.0,60.0,0.0,60.0,0.0,0.0,0.0,1.0,60.0,0.0,60.0,0.0,0.0,0.0,1.0,60.0,0.0,60.0,0.0,0.0,0.0,1.0,60.0,0.0,60.0,0.0,0.0,0.0
131.49378976331346,74.01505216648751,0.3610254280001754,215.1634790207968,74.02783689795028,0.6673106582857145,715.6739957319493,74.04004816209441,1.1057146378288962,7483.217848631517,74.42794716836059,303.4353276323209,20957.622741965268,74.51287027309247,364.94977719711466,131.49378976331346,74.01505216648751,0.3610254280001754,215.1634790207968,74.02783689795028,0.6673106582857145,715.6739957319493,74.04004816209441,1.1057146378288962,7483.217848631517,74.42794716836059,303.4353276323209,20957.622741965268,74.51287027309247,364.94977719711466,131.4113203293297,74.0000000000001,3.162979879718208e-06,95.26804291051648,1.080922113397238e-11,-1.604182903373221e-27,-2.5069813930591644e-16,214.91391719532123,73.9999999999999,2.6973983046972182e-06,95.26804291051631,1.129568986323122e-11,3.729384914153551e-27,4.703598466810803e-16,714.4831089145247,73.9999990623683,0.0036230963374804,95.2680421822055,1.3126827070673254e-05,1.5738777050578245e-19,1.1047564707032844e-11,7460.520390579846,73.99909747183929,0.1124036461223916,95.26734186827484,0.0126345796616078,1.1063151460188307e-16,4.4006520143060916e-10,20888.3281088662,73.99838922682537,0.1501606802612752,95.26679173859394,0.0225482298965289,-3.56748227080534e-16,-2.2981934174768583e-10,131.41132032932978,0.0022598092684111,3.3081047217485134e-05,214.9139171953213,0.0022767512671838,3.3176096318296115e-05,714.4831089145259,0.0020293914224827,27.5804954661738,7460.520390579957,7923.746164052275,11932417240800.11,20888.328108865768,52153.868787300285,78536535064654.28,1.0,74.0,0.0,74.0,0.0,0.0,0.0,1.0,74.0,0.0,74.0,0.0,0.0,0.0,1.0,74.0,0.0,74.0,0.0,0.0,0.0,1.0,74.0,0.0,74.0,0.0,0.0,0.0,1.0,74.0,0.0,74.0,0.0,0.0,0.0
124.8038862423577,74.18701479093627,4.453380450449913,231.0415829314205,74.1140423185914,2.724009995914457,760.614721673229,74.0615142767724,1.474577116182445,7334.206804600144,74.08591574397366,18.590515646409585,36725.40862027155,74.26029794239273,155.5627966230595,124.8038862423577,74.18701479093627,4.453380450449913,231.0415829314205,74.1140423185914,2.724009995914457,760.614721673229,74.0615142767724,1.474577116182445,7334.206804600144,74.08591574397366,18.590515646409585,36725.40862027155,74.26029794239273,155.5627966230595,123.83137904678884,74.0,1.6518123698891422e-06,95.2680429105164,4.918844673007684e-12,-2.5224444019536783e-28,-7.548393724415079e-17,229.943728022694,73.99999999999625,6.397441799640053e-06,95.26804291051356,4.1352014718756406e-11,-5.972542200937569e-25,-3.8396896084318095e-14,758.6651746370366,73.99999264498058,0.0101474230845822,95.2680371974629,0.0001029701952575,9.459882686217677e-19,6.912177754306329e-11,7315.948859273785,73.99888166634186,0.1251216229061524,95.26717424102208,0.0156554205186694,9.139441864556152e-17,2.627106967616413e-10,36617.50602155383,73.99843143537512,0.1481804453972927,95.26682452404847,0.02195744439814,3.3835606086651185e-16,2.2986249090126474e-10,123.83137904678875,0.0024815235310125,9.112828636338976e-05,229.94372802269444,0.0021550563062372,6.050503139236622e-05,758.6651746370392,0.0019159139281612,3.8358078613992406e-05,7315.948859273885,223.56360710485907,336664610194.926,36617.50602155232,20782.524888200827,31296267032692.195,1.0,74.0,0.0,95.26804291051644,0.0,0.0,0.0,1.0,74.0,0.0,95.26804291051644,0.0,0.0,0.0,1.0,74.0,0.0,95.26804291051644,0.0,0.0,0.0,1.0202421551926075,73.99999999999999,9.5367431640625e-07,95.26804291051644,9.094947017729282e-13,0.0,0.0,1.6770576897845817,74.00000000000001,1.3486991523486091e-06,95.26804291051644,1.8189894035458565e-12,0.0,0.0
16.513350049683446,73.86586705936638,1.8598527456042573,27.176937597395103,72.87540833144985,14.478484314795423,178.71795799835178,69.8563745054713,40.87228085554215,3660.917574699836,68.48024127723329,46.992956834966215,14217.230052415827,67.62583281679119,48.78121292993637,16.513350049683446,73.86586705936638,1.8598527456042573,27.176937597395103,72.87540833144985,14.478484314795423,178.71795799835178,69.8563745054713,40.87228085554215,3660.917574699836,68.48024127723329,46.992956834966215,14217.230052415827,67.62583281679119,48.78121292993637,16.355131089542965,73.99999999999999,9.5367431640625e-07,73.99999999999999,9.094947017729282e-13,0.0,0.0,24.99294870654079,74.00000000000001,9.5367431640625e-07,74.00000000000001,9.094947017729282e-13,0.0,0.0,125.58797850729184,73.999999999895,3.831350217170842e-05,73.999999999895,1.467924448661506e-09,0.0,0.0,2205.9694053188496,73.99424790977882,0.2837184811741929,73.99424790977882,0.0804961765597909,0.0,0.0,7702.930335020863,73.98212406079159,0.4999435965410779,73.98212406079159,0.2499435997224282,0.0,0.0,16.355131089542965,0.0420827775825341,0.0248120955256809,24.99294870654079,0.0328822781223581,0.0184441358379872,125.58797850729184,0.0134004660824598,0.006149216397895,2205.9694053188496,2991.0384909878794,4509441387308.852,7702.930335020863,113699.46514167868,171406861820557.66,1.0,74.0,0.0,74.0,0.0,0.0,0.0,1.0,74.0,0.0,74.0,0.0,0.0,0.0,1.0,74.0,0.0,74.0,0.0,0.0,0.0,1.0,74.0,0.0,74.0,0.0,0.0,0.0,1.0,74.0,0.0,74.0,0.0,0.0,0.0
52.079581892283656,66.35138870755891,48.9421916225756,80.45932966135425,66.14965125586427,48.579039666004974,259.89708341403457,66.60280406470815,49.10337128403262,2928.6150751368077,66.09140092719272,48.41478261916109,9561.96603454273,66.73965545058272,49.08517881689114,52.079581892283656,66.35138870755891,48.9421916225756,80.45932966135425,66.14965125586427,48.579039666004974,259.89708341403457,66.60280406470815,49.10337128403262,2928.6150751368077,66.09140092719272,48.41478261916109,9561.96603454273,66.73965545058272,49.08517881689114,22.952823014536605,73.99999653085447,0.0069690765839372,73.99999653085447,4.856802843278274e-05,0.0,0.0,34.50251772343789,73.99970947724741,0.0637748707078227,73.99970947724741,0.0040672341337995,0.0,0.0,121.25124549117788,73.986631735157,0.4324083686706,73.986631735157,0.1869769972963695,0.0,0.0,1267.0110276102575,73.93549255306107,0.9481260709654604,73.93549255306107,0.8989430464444013,0.0,0.0,4579.958034716358,73.9637790490646,0.7111830676923784,73.9637790490646,0.5057813557723421,0.0,0.0,22.952823014536605,0.0238158049485031,0.0136088713061706,34.50251772343789,0.0227782818196326,0.0139651888622076,121.25124549117788,0.0149543273172483,5.951511190578247,1267.0110276102575,33543.266749046335,50570600420524.46,4579.958034716358,230382.44787431275,347284633486135.94,1.0,74.0,0.0,74.0,0.0,0.0,0.0,1.0,74.0,0.0,74.0,0.0,0.0,0.0,1.0,74.0,0.0,74.0,0.0,0.0,0.0,1.0,74.0,0.0,74.0,0.0,0.0,0.0,1.0,74.0,0.0,74.0,0.0,0.0,0.0
34.6406354364525,564.1828285474472,916.1866405181936,50.30596996928643,561.9449735113259,2035.395673890831,168.01872777994683,526.662344117137,18353.445544957765,3341.931860928488,364.04558488322107,61382.50679231185,25878.78310678658,344.9673188190105,62964.40850828398,34.6406354364525,564.1828285474472,916.1866405181936,50.30596996928643,561.9449735113259,2035.395673890831,168.01872777994683,526.662344117137,18353.445544957765,3341.931860928488,364.04558488322107,61382.50679231185,25878.78310678658,344.9673188190105,62964.40850828398,34.59507064862791,564.8468822119326,24.12774171216743,564.8468822119326,582.147920129064,0.0,0.0,50.1310318962309,563.6965596713973,34.06222201979015,563.6965596713973,1160.234968925477,0.0,0.0,155.77949532901022,563.3181446573996,36.7399844212932,563.3181446573996,1349.8264552768671,0.0,0.0,2010.471747797995,565.332589683401,18.36475384172461,565.332589683401,337.2641836671392,0.0,0.0,14590.81234035866,565.3457913086789,18.182453321658738,565.3457913086789,330.6016087942989,0.0,0.0,34.59507064862791,0.0107385390621927,0.001618104358466,50.1310318962309,0.0113293809667728,0.0018101874358049,155.77949532901022,0.0100671793152721,0.0025750107720082,2010.471747797995,0.6937516888524107,1035016395.3366252,14590.81234035866,25726.89782851213,38786687823991.66,1.0,566.0,0.0,566.0,0.0,0.0,0.0,1.0,566.0,0.0,566.0,0.0,0.0,0.0,1.0,566.0,0.0,566.0,0.0,0.0,0.0,1.0,566.0,0.0,566.0,0.0,0.0,0.0,1.0,566.0,0.0,566.0,0.0,0.0,0.0
169.89252154127612,74.16589563148361,11.46683334919999,277.3251215265404,74.21502348440558,33.330968630530144,810.7702113931447,74.3114427883222,66.58491152717032,7873.866280504001,74.26460704638393,144.99904264479662,25678.187523235392,74.41577397841628,280.22321003545767,169.89252154127612,74.16589563148361,11.46683334919999,277.3251215265404,74.21502348440558,33.330968630530144,810.7702113931447,74.3114427883222,66.58491152717032,7873.866280504001,74.26460704638393,144.99904264479662,25678.187523235392,74.41577397841628,280.22321003545767,168.92591412723866,73.99999997470722,0.0005950637345687,95.26804289087003,3.541008482280685e-07,9.071551954174434e-22,7.148797904073704e-13,276.1140263543897,73.99999375146938,0.0093530416784927,95.26803805693442,8.747938863962196e-05,-2.222380746387848e-19,-1.4384834916208346e-11,808.0180835070761,73.99913777647453,0.109865308141058,95.26737317498402,0.0120703859329296,6.690707019661872e-17,1.8830524976569735e-10,7852.914968917233,73.99829537339124,0.1544728675527393,95.266718838048,0.0238618668099661,6.670552823301067e-16,7.765511617643307e-10,25599.76676390813,73.99825642042103,0.1562276355691129,95.26668858138324,0.0244070741155155,-7.507151721672471e-16,-5.183240283357374e-10,168.92591412723874,0.001733502827721,1.193472983527132e-05,276.1140263543898,0.0017580709160512,1.2882177566856607e-05,808.0180835070784,0.0017918755177729,0.0079259130834391,7852.914968917393,3371.1054940720824,5076581958114.418,25599.766763907417,39270.329938848095,59136207314237.39,1.0,74.0,0.0,95.26804291051644,0.0,0.0,0.0,1.0,74.0,0.0,95.26804291051644,0.0,0.0,0.0,1.0,74.0,0.0,95.26804291051644,0.0,0.0,0.0,1.0235640936673438,74.00000000000001,9.5367431640625e-07,95.26804291051644,9.094947017729282e-13,0.0,0.0,1.687424606978735,74.0,0.0,95.26804291051644,0.0,0.0,0.0
1.0,60.0,0.0,1.0,60.0,0.0,1.0,60.0,0.0,1.0,60.0,0.0,1.0,60.0,0.0,1.0,60.0,0.0,1.0,60.0,0.0,1.0,60.0,0.0,1.0,60.0,0.0,1.0,60.0,0.0,1.0,60.0,0.0,60.0,0.0,0.0,0.0,1.0,60.0,0.0,60.0,0.0,0.0,0.0,1.0,60.0,0.0,60.0,0.0,0.0,0.0,1.0,60.0,0.0,60.0,0.0,0.0,0.0,1.0,60.0,0.0,60.0,0.0,0.0,0.0,1.0,1505913584.547635,0.0,1.0,1505913584.547635,0.0,1.0,1505913584.547635,0.0,1.0,1505913584.547635,0.0,1.0,1505913584.547635,0.0,1.0,60.0,0.0,60.0,0.0,0.0,0.0,1.0,60.0,0.0,60.0,0.0,0.0,0.0,1.0,60.0,0.0,60.0,0.0,0.0,0.0,1.0,60.0,0.0,60.0,0.0,0.0,0.0,1.0,60.0,0.0,60.0,0.0,0.0,0.0
50.54833485408302,339.08324085456815,59872.45991187205,95.51893214257316,298.9766221695302,60848.60366125808,310.96097478888765,290.4868009347205,60677.65922307869,3211.881487871857,300.80665849797725,60939.232341521856,18180.238828939026,303.08396017289806,60965.96615871666,50.54833485408302,339.08324085456815,59872.45991187205,95.51893214257316,298.9766221695302,60848.60366125808,310.96097478888765,290.4868009347205,60677.65922307869,3211.881487871857,300.80665849797725,60939.232341521856,18180.238828939026,303.08396017289806,60965.96615871666,28.53381199579061,553.9999873677486,0.0789957711454365,553.9999873677486,0.0062403318588621,0.0,0.0,46.16896539789349,553.9977754356578,1.048298543636009,553.9977754356578,1.0989298365893774,0.0,0.0,145.0670677809569,553.7982649926432,9.980801401752212,553.7982649926432,99.61639662121888,0.0,0.0,1566.3146229196896,553.6622818513183,12.911960033256314,553.6622818513183,166.71871190040838,0.0,0.0,8949.728280813057,553.6760898991322,12.645420992342894,553.6760898991322,159.90667207358638,0.0,0.0,28.53381199579061,0.0108077550328103,0.0003078358677019,46.16896539789349,0.0108575486944907,0.0003223514773954,145.0670677809569,0.0100969102029419,0.0003435832568705,1566.3146229196896,312.44649010121816,471048836916.1901,8949.728280813057,75444.446147902,113738816178841.23,28.533811266142248,553.9999999999999,1.3214498959113138e-05,553.9999999999999,1.7462298274040222e-10,0.0,0.0,46.168757491346646,554.0000000000001,1.3214498959113138e-05,554.0000000000001,1.7462298274040222e-10,0.0,0.0,145.007826675722,554.0,7.62939453125e-06,554.0,5.820766091346741e-11,0.0,0.0,1565.2438276267612,554.0000000000015,4.3158372875155485e-05,554.0000000000015,1.862645149230957e-09,0.0,0.0,8943.860047229726,553.9999999999927,8.765506967984051e-05,553.9999999999927,7.683411240577698e-09,0.0,0.0
1.0,60.0,0.0,1.0,60.0,0.0,1.0,60.0,0.0,1.0,60.0,0.0,1.0,60.0,0.0,1.0,60.0,0.0,1.0,60.0,0.0,1.0,60.0,0.0,1.0,60.0,0.0,1.0,60.0,0.0,1.0,60.0,0.0,60.0,0.0,0.0,0.0,1.0,60.0,0.0,60.0,0.0,0.0,0.0,1.0,60.0,0.0,60.0,0.0,0.0,0.0,1.0,60.0,0.0,60.0,0.0,0.0,0.0,1.0,60.0,0.0,60.0,0.0,0.0,0.0,1.0,1505913550.963871,0.0,1.0,1505913550.963871,0.0,1.0,1505913550.963871,0.0,1.0,1505913550.963871,0.0,1.0,1505913550.963871,0.0,1.0,60.0,0.0,60.0,0.0,0.0,0.0,1.0,60.0,0.0,60.0,0.0,0.0,0.0,1.0,60.0,0.0,60.0,0.0,0.0,0.0,1.0,60.0,0.0,60.0,0.0,0.0,0.0,1.0,60.0,0.0,60.0,0.0,0.0,0.0
1.0,60.0,0.0,1.0,60.0,0.0,1.0,60.0,0.0,1.0,60.0,0.0,1.0,60.0,0.0,1.0,60.0,0.0,1.0,60.0,0.0,1.0,60.0,0.0,1.0,60.0,0.0,1.0,60.0,0.0,1.0,60.0,0.0,60.0,0.0,0.0,0.0,1.0,60.0,0.0,60.0,0.0,0.0,0.0,1.0,60.0,0.0,60.0,0.0,0.0,0.0,1.0,60.0,0.0,60.0,0.0,0.0,0.0,1.0,60.0,0.0,60.0,0.0,0.0,0.0,1.0,1505913581.510492,0.0,1.0,1505913581.510492,0.0,1.0,1505913581.510492,0.0,1.0,1505913581.510492,0.0,1.0,1505913581.510492,0.0,1.0,60.0,0.0,60.0,0.0,0.0,0.0,1.0,60.0,0.0,60.0,0.0,0.0,0.0,1.0,60.0,0.0,60.0,0.0,0.0,0.0,1.0,60.0,0.0,60.0,0.0,0.0,0.0,1.0,60.0,0.0,60.0,0.0,0.0,0.0
1.0,60.0,0.0,1.0,60.0,0.0,1.0,60.0,0.0,1.0,60.0,0.0,1.0,60.0,0.0,1.0,60.0,0.0,1.0,60.0,0.0,1.0,60.0,0.0,1.0,60.0,0.0,1.0,60.0,0.0,1.0,60.0,0.0,60.0,0.0,0.0,0.0,1.0,60.0,0.0,60.0,0.0,0.0,0.0,1.0,60.0,0.0,60.0,0.0,0.0,0.0,1.0,60.0,0.0,60.0,0.0,0.0,0.0,1.0,60.0,0.0,60.0,0.0,0.0,0.0,1.0,1505913573.888025,0.0,1.0,1505913573.888025,0.0,1.0,1505913573.888025,0.0,1.0,1505913573.888025,0.0,1.0,1505913573.888025,0.0,1.0,60.0,0.0,60.0,0.0,0.0,0.0,1.0,60.0,0.0,60.0,0.0,0.0,0.0,1.0,60.0,0.0,60.0,0.0,0.0,0.0,1.0,60.0,0.0,60.0,0.0,0.0,0.0,1.0,60.0,0.0,60.0,0.0,0.0,0.0
155.7103551017738,74.01260813790398,0.3024363445547351,257.9700896993561,74.02310858325772,0.5540721367242439,786.2133747205655,74.03616125452353,0.8867592350006817,7208.946394549522,74.09525434810334,23.52771938649221,35742.506823501804,74.27105797351031,163.55149588079894,155.7103551017738,74.01260813790398,0.3024363445547351,257.9700896993561,74.02310858325772,0.5540721367242439,786.2133747205655,74.03616125452353,0.8867592350006817,7208.946394549522,74.09525434810334,23.52771938649221,35742.506823501804,74.27105797351031,163.55149588079894,155.62855436718175,73.9999999999998,3.693564745147149e-06,95.26804291051631,1.6917579376002573e-11,-1.4838632828835454e-26,-1.2701404381499126e-15,257.7217011878644,73.99999999619472,0.0002308069175023,95.26804290756066,5.3271833166945726e-08,-2.859700884149209e-23,0.0,785.028572024559,73.99992648405289,0.0320814255721928,95.26798580659312,0.0010292178667441,9.368554119257473e-18,1.2500955224237148e-10,7190.4364587581,73.99856269112263,0.1418458966027247,95.266926476884,0.0201202583830308,1.8485058173454766e-16,4.0295359799166725e-10,35636.104635448166,73.99835013928048,0.1519714712543596,95.26676137738431,0.0230953280752146,2.5232419323997954e-16,1.7071829669969978e-10,155.62855436718158,0.0019129101673082,3.338863582781564e-05,257.7217011878643,0.0019038504980027,3.480509473826448e-05,785.0285720245623,0.0018498256778884,3.206817247741269e-05,7190.436458758191,287.3287089655926,432689304188.8662,35636.10463544665,21859.64848341972,32918276942645.52,1.0,74.0,0.0,95.26804291051644,0.0,0.0,0.0,1.0,74.0,0.0,95.26804291051644,0.0,0.0,0.0,1.0,74.0,0.0,95.26804291051644,0.0,0.0,0.0,1.02058077200439,74.0,9.5367431640625e-07,95.26804291051644,9.094947017729282e-13,0.0,0.0,1.678181855407778,74.0,0.0,95.26804291051644,0.0,0.0,0.0
105.95810734986478,195.4812446555389,48467.4738667471,157.72145030792598,226.1398164705701,54377.18392089873,432.3058085383222,294.3603321796955,60796.57739434598,4355.925291848761,339.86333674688234,59903.272558533565,15650.117007564537,343.8928446613226,59624.70846205487,105.95810734986478,195.4812446555389,48467.4738667471,157.72145030792598,226.1398164705701,54377.18392089873,432.3058085383222,294.3603321796955,60796.57739434598,4355.925291848761,339.86333674688234,59903.272558533565,15650.117007564537,343.8928446613226,59624.70846205487,1.0,60.0,0.0,60.0,0.0,0.0,0.0,1.0,60.0,0.0,60.0,0.0,0.0,0.0,1.0,60.0,0.0,60.0,0.0,0.0,0.0,1.0,60.0,0.0,60.0,0.0,0.0,0.0,1.0,60.0,0.0,60.0,0.0,0.0,0.0,1.0,1507655992.147637,0.0,1.0,1507655992.147637,0.0,1.0,1507655992.147637,0.0,1.0,1507655992.147637,0.0,1.0,1507655992.147637,0.0,1.0,60.0,0.0,60.0,0.0,0.0,0.0,1.0,60.0,0.0,60.0,0.0,0.0,0.0,1.0,60.0,0.0,60.0,0.0,0.0,0.0,1.0,60.0,0.0,60.0,0.0,0.0,0.0,1.0,60.0,0.0,60.0,0.0,0.0,0.0
66.26559494091303,74.1232662495375,2.9531605514603143,96.0468876890635,74.14365230606995,3.527839709086038,189.0706424940797,74.20532782405269,11.232546276325593,1124.1662175717058,75.72984117798545,1006.9322505203136,8679.679961558004,76.7296052269948,1770.421053492255,66.26559494091303,74.1232662495375,2.9531605514603143,96.0468876890635,74.14365230606995,3.527839709086038,189.0706424940797,74.20532782405269,11.232546276325593,1124.1662175717058,75.72984117798545,1006.9322505203136,8679.679961558004,76.7296052269948,1770.421053492255,1.0000000008749428,74.0,9.5367431640625e-07,74.0,9.094947017729282e-13,0.0,0.0,1.000003681433896,74.00000000000001,9.5367431640625e-07,74.00000000000001,9.094947017729282e-13,0.0,0.0,1.0173519057361138,74.0,0.0,74.0,0.0,0.0,0.0,2.1939268928356843,73.99999999999999,9.5367431640625e-07,73.99999999999999,9.094947017729282e-13,0.0,0.0,2.898510873703515,73.99999999999999,9.5367431640625e-07,73.99999999999999,9.094947017729282e-13,0.0,0.0,1.0000000008749428,6.018066452158543,59314.31631387381,1.000003681433896,16.692186546355895,16074372961.56808,1.0173519057361138,2843423.5686431923,4273854735150499.0,2.1939268928356843,367222222.7586548,4.181525854282648e+17,2.898510873703515,488045256.75137687,4.967655628808863e+17,1.0000000008749428,74.0,9.5367431640625e-07,74.0,9.094947017729282e-13,0.0,0.0,1.000003681433896,74.00000000000001,9.5367431640625e-07,74.00000000000001,9.094947017729282e-13,0.0,0.0,1.0173519057361138,74.0,0.0,74.0,0.0,0.0,0.0,2.1939268928356843,73.99999999999999,9.5367431640625e-07,73.99999999999999,9.094947017729282e-13,0.0,0.0,2.898510873703515,73.99999999999999,9.5367431640625e-07,73.99999999999999,9.094947017729282e-13,0.0,0.0
104.28991407230345,340.4837212995056,59887.7376470673,150.47189159936096,351.0627181577228,59066.118098086525,350.3871724620488,331.6522529561853,60387.33814735182,3194.980024830832,302.44685338971755,60961.54234205887,26335.151542833886,302.928774050168,60965.22763365472,104.28991407230345,340.4837212995056,59887.7376470673,150.47189159936096,351.0627181577228,59066.118098086525,350.3871724620488,331.6522529561853,60387.33814735182,3194.980024830832,302.44685338971755,60961.54234205887,26335.151542833886,302.928774050168,60965.22763365472,1.0,60.0,0.0,60.0,0.0,0.0,0.0,1.0,60.0,0.0,60.0,0.0,0.0,0.0,1.0,60.0,0.0,60.0,0.0,0.0,0.0,1.0,60.0,0.0,60.0,0.0,0.0,0.0,1.0,60.0,0.0,60.0,0.0,0.0,0.0,1.0,1507659551.803127,0.0,1.0,1507659551.803127,0.0,1.0,1507659551.803127,0.0,1.0,1507659551.803127,0.0,1.0,1507659551.803127,0.0,1.0,60.0,0.0,60.0,0.0,0.0,0.0,1.0,60.0,0.0,60.0,0.0,0.0,0.0,1.0,60.0,0.0,60.0,0.0,0.0,0.0,1.0,60.0,0.0,60.0,0.0,0.0,0.0,1.0,60.0,0.0,60.0,0.0,0.0,0.0
83.90844542886053,402.3957612424005,51905.564707794896,136.71374610344142,400.8533523679288,52190.56185590947,401.6974214289057,372.0665528102213,56751.54191958616,3987.6057917870494,344.63820713401566,59568.1643549373,37996.02203883384,342.890300101823,59698.057619464285,83.90844542886053,402.3957612424005,51905.564707794896,136.71374610344142,400.8533523679288,52190.56185590947,401.6974214289057,372.0665528102213,56751.54191958616,3987.6057917870494,344.63820713401566,59568.1643549373,37996.02203883384,342.890300101823,59698.057619464285,58.15658344270829,553.9999219879437,0.1963108497539242,553.9999219879437,0.0385379497311078,0.0,0.0,94.32573844983706,553.995023581091,1.5679050278793008,553.995023581091,2.458326176449191,0.0,0.0,253.81512641625008,553.8086517095402,9.720567952474292,553.8086517095402,94.48944131867027,0.0,0.0,2298.330473544801,553.7591427101604,10.90529637127702,553.7591427101604,118.92548894538776,0.0,0.0,21761.99800958296,553.8372869878351,8.964025462363447,553.8372869878351,80.35375248990022,0.0,0.0,58.15658344270829,0.0057003303909208,0.0004705833954848,94.32573844983706,0.0056428618009927,0.0005643528750212,253.81512641625008,0.0059231204177215,0.0006928824113722,2298.330473544801,0.0063022824638759,26.44443212129918,21761.99800958296,3043.108729868271,4587942088151.616,1.0,554.0,0.0,554.0,0.0,0.0,0.0,1.0,554.0,0.0,554.0,0.0,0.0,0.0,1.0,554.0,0.0,554.0,0.0,0.0,0.0,1.0,554.0,0.0,554.0,0.0,0.0,0.0,1.0,554.0,0.0,554.0,0.0,0.0,0.0
1.0,60.0,0.0,1.0,60.0,0.0,1.0,60.0,0.0,1.0,60.0,0.0,1.0,60.0,0.0,1.0,60.0,0.0,1.0,60.0,0.0,1.0,60.0,0.0,1.0,60.0,0.0,1.0,60.0,0.0,1.0,60.0,0.0,60.0,0.0,0.0,0.0,1.0,60.0,0.0,60.0,0.0,0.0,0.0,1.0,60.0,0.0,60.0,0.0,0.0,0.0,1.0,60.0,0.0,60.0,0.0,0.0,0.0,1.0,60.0,0.0,60.0,0.0,0.0,0.0,1.0,1505913555.009291,0.0,1.0,1505913555.009291,0.0,1.0,1505913555.009291,0.0,1.0,1505913555.009291,0.0,1.0,1505913555.009291,0.0,1.0,60.0,0.0,60.0,0.0,0.0,0.0,1.0,60.0,0.0,60.0,0.0,0.0,0.0,1.0,60.0,0.0,60.0,0.0,0.0,0.0,1.0,60.0,0.0,60.0,0.0,0.0,0.0,1.0,60.0,0.0,60.0,0.0,0.0,0.0
125.37169248176224,400.45246659919576,56360.2562370917,193.0730240073416,393.0755129834352,57592.40146611696,507.21880719566695,363.02110714751,61489.83154521207,4002.708048366896,346.43201709919845,62871.08871007929,12972.879222575322,338.42777547898527,63339.12972897849,125.37169248176224,400.45246659919576,56360.2562370917,193.0730240073416,393.0755129834352,57592.40146611696,507.21880719566695,363.02110714751,61489.83154521207,4002.708048366896,346.43201709919845,62871.08871007929,12972.879222575322,338.42777547898527,63339.12972897849,1.0,60.0,0.0,60.0,0.0,0.0,0.0,1.0,60.0,0.0,60.0,0.0,0.0,0.0,1.0,60.0,0.0,60.0,0.0,0.0,0.0,1.0,60.0,0.0,60.0,0.0,0.0,0.0,1.0,60.0,0.0,60.0,0.0,0.0,0.0,1.0,1507657972.5672631,0.0,1.0,1507657972.5672631,0.0,1.0,1507657972.5672631,0.0,1.0,1507657972.5672631,0.0,1.0,1507657972.5672631,0.0,1.0,60.0,0.0,60.0,0.0,0.0,0.0,1.0,60.0,0.0,60.0,0.0,0.0,0.0,1.0,60.0,0.0,60.0,0.0,0.0,0.0,1.0,60.0,0.0,60.0,0.0,0.0,0.0,1.0,60.0,0.0,60.0,0.0,0.0,0.0
69.30332697389284,304.62383308792363,60927.50738636799,110.29001362306654,283.60666599997387,60399.68265527376,323.9218312958353,287.93342071611335,60599.75220834615,3195.577019328603,301.56635116916834,60950.87048429892,20507.58455790485,302.7298807405237,60963.49675687165,69.30332697389284,304.62383308792363,60927.50738636799,110.29001362306654,283.60666599997387,60399.68265527376,323.9218312958353,287.93342071611335,60599.75220834615,3195.577019328603,301.56635116916834,60950.87048429892,20507.58455790485,302.7298807405237,60963.49675687165,34.30250520160801,553.9105075226198,6.648403937960764,553.9105075226198,44.20127492229221,0.0,0.0,49.940875297280094,553.5308540411984,15.216372948809886,553.5308540411984,231.5380057172733,0.0,0.0,149.7666092043035,552.7775042562487,24.544213199243988,552.7775042562487,602.4184015699431,0.0,0.0,1563.9358821544647,553.4675101640653,16.210071977836662,553.4675101640653,262.7664335266454,0.0,0.0,10080.943793467204,553.6669039201129,12.823358002619289,553.6669039201129,164.43851046334018,0.0,0.0,34.30250520160801,0.0104815274467769,0.0014118311692331,49.940875297280094,0.0110596809056952,0.0014797347694478,149.7666092043035,0.0100355028539627,0.0011174634822066,1563.9358821544647,46.91975992834045,70725058920.75496,10080.943793467204,55401.391830997054,83523341164346.78,34.29629099883303,554.0000000000001,1.3214498959113138e-05,554.0000000000001,1.7462298274040222e-10,0.0,0.0,49.893447038525565,553.9999999999999,0.0,553.9999999999999,0.0,0.0,0.0,149.39598361258643,553.9999999999994,1.8688123647942943e-05,553.9999999999994,3.4924596548080444e-10,0.0,0.0,1562.25009275912,553.9999999999999,1.52587890625e-05,553.9999999999999,2.3283064365386963e-10,0.0,0.0,10074.14637877254,553.9999999999907,9.529110715329589e-05,553.9999999999907,9.080395102500916e-09,0.0,0.0
104.48310038436578,463.3354077341546,36567.92617992728,152.73274641773455,425.24572746614416,47024.48682136704,452.5689162955651,367.5934509511418,57326.051627894834,4337.376754888604,352.81734343895204,58889.37353022122,36618.46302122681,344.6839294614453,59566.37344784745,104.48310038436578,463.3354077341546,36567.92617992728,152.73274641773455,425.24572746614416,47024.48682136704,452.5689162955651,367.5934509511418,57326.051627894834,4337.376754888604,352.81734343895204,58889.37353022122,36618.46302122681,344.6839294614453,59566.37344784745,85.30713526464906,553.9993095481874,0.5840228750422191,553.9993095481874,0.3410827185725793,0.0,0.0,112.9279144115936,553.9806464467662,3.0919703648888186,553.9806464467662,9.560280737350697,0.0,0.0,281.9385369958278,553.7123589507137,11.916876309418736,553.7123589507137,142.01194097398547,0.0,0.0,2571.5884150616075,553.8089709846392,9.712458056750776,553.8089709846392,94.33184150414309,0.0,0.0,21105.963724682577,553.8393094083522,8.908160910798964,553.8393094083522,79.3553308126866,0.0,0.0,85.30713526464906,0.0046890695560379,0.0012030067813889,112.9279144115936,0.0053437166891964,0.0013940009347579,281.9385369958278,0.005464207670158,0.0010781742235107,2571.5884150616075,0.0056630467545217,27544.511465154512,21105.963724682577,6357.123979982884,9584305831609.52,1.0,554.0,0.0,554.0,0.0,0.0,0.0,1.0,554.0,0.0,554.0,0.0,0.0,0.0,1.0,554.0,0.0,554.0,0.0,0.0,0.0,1.0,554.0,0.0,554.0,0.0,0.0,0.0,1.0,554.0,0.0,554.0,0.0,0.0,0.0
1.0,60.0,0.0,1.0,60.0,0.0,1.0,60.0,0.0,1.0,60.0,0.0,1.0,60.0,0.0,1.0,60.0,0.0,1.0,60.0,0.0,1.0,60.0,0.0,1.0,60.0,0.0,1.0,60.0,0.0,1.0,60.0,0.0,60.0,0.0,0.0,0.0,1.0,60.0,0.0,60.0,0.0,0.0,0.0,1.0,60.0,0.0,60.0,0.0,0.0,0.0,1.0,60.0,0.0,60.0,0.0,0.0,0.0,1.0,60.0,0.0,60.0,0.0,0.0,0.0,1.0,1505913581.56287,0.0,1.0,1505913581.56287,0.0,1.0,1505913581.56287,0.0,1.0,1505913581.56287,0.0,1.0,1505913581.56287,0.0,1.0,60.0,0.0,60.0,0.0,0.0,0.0,1.0,60.0,0.0,60.0,0.0,0.0,0.0,1.0,60.0,0.0,60.0,0.0,0.0,0.0,1.0,60.0,0.0,60.0,0.0,0.0,0.0,1.0,60.0,0.0,60.0,0.0,0.0,0.0
1.0,60.0,0.0,1.0,60.0,0.0,1.0,60.0,0.0,1.0,60.0,0.0,1.0,60.0,0.0,1.0,60.0,0.0,1.0,60.0,0.0,1.0,60.0,0.0,1.0,60.0,0.0,1.0,60.0,0.0,1.0,60.0,0.0,60.0,0.0,0.0,0.0,1.0,60.0,0.0,60.0,0.0,0.0,0.0,1.0,60.0,0.0,60.0,0.0,0.0,0.0,1.0,60.0,0.0,60.0,0.0,0.0,0.0,1.0,60.0,0.0,60.0,0.0,0.0,0.0,1.0,1505913565.689218,0.0,1.0,1505913565.689218,0.0,1.0,1505913565.689218,0.0,1.0,1505913565.689218,0.0,1.0,1505913565.689218,0.0,1.0,60.0,0.0,60.0,0.0,0.0,0.0,1.0,60.0,0.0,60.0,0.0,0.0,0.0,1.0,60.0,0.0,60.0,0.0,0.0,0.0,1.0,60.0,0.0,60.0,0.0,0.0,0.0,1.0,60.0,0.0,60.0,0.0,0.0,0.0
103.81805817938763,194.5218859489252,48357.56430698818,148.12739191081147,220.1732599088725,53468.93742065369,381.6653102329681,268.2063185387534,59491.425676628096,3458.542441188703,304.07092062649133,60973.27344606548,13841.617230897891,303.36997100534825,60969.27328939854,103.81805817938763,194.5218859489252,48357.56430698818,148.12739191081147,220.1732599088725,53468.93742065369,381.6653102329681,268.2063185387534,59491.425676628096,3458.542441188703,304.07092062649133,60973.27344606548,13841.617230897891,303.36997100534825,60969.27328939854,28.270804442467767,554.0,7.62939453125e-06,554.0,5.820766091346741e-11,0.0,0.0,48.02769854901104,553.9999999999999,1.0789593218788871e-05,553.9999999999999,1.1641532182693479e-10,0.0,0.0,160.84009427664384,553.9999988754827,0.023569294054426,553.9999988754827,0.000555511622224,0.0,0.0,1708.7902897224203,553.8769095540333,7.796892268687237,553.8769095540333,60.79152904951479,0.0,0.0,6821.794197575111,553.6914541295687,12.342060583163647,553.6914541295687,152.32645943848183,0.0,0.0,28.270804442467767,0.0119213680102173,0.0010595670509959,48.02769854901104,0.0112084166631334,0.0011876520824354,160.84009427664384,0.0093361280290859,0.0010192834379437,1708.7902897224203,4216.752277990716,6357395316985.378,6821.794197575111,129521.21408058245,195257075036477.1,28.270804442467767,554.0,7.62939453125e-06,554.0,5.820766091346741e-11,0.0,0.0,48.02769854901104,553.9999999999999,1.0789593218788871e-05,553.9999999999999,1.1641532182693479e-10,0.0,0.0,160.84009391051538,554.0000000000001,0.0,554.0000000000001,0.0,0.0,0.0,1708.3645088341073,553.9999999999994,2.412626388678268e-05,553.9999999999994,5.820766091346742e-10,0.0,0.0,6817.533395088094,553.9999999999964,6.337451067289791e-05,553.9999999999964,4.016328603029251e-09,0.0,0.0
116.6071619514968,383.2306809667477,55174.14399985853,172.66252839946208,378.8486653604122,55813.99379996961,394.728851281595,352.18128469181846,58932.84306566168,3242.509896845841,310.5032189543813,60965.50359879847,22616.56086240556,304.39774727764126,60974.00581912871,116.6071619514968,383.2306809667477,55174.14399985853,172.66252839946208,378.8486653604122,55813.99379996961,394.728851281595,352.18128469181846,58932.84306566168,3242.509896845841,310.5032189543813,60965.50359879847,22616.56086240556,304.39774727764126,60974.00581912871,76.28686585308077,553.9927523231737,1.8921680220326969,553.9927523231737,3.580299823603127,0.0,0.0,111.43652438127876,553.9248286453077,6.093356914337961,553.9248286453077,37.128998485510245,0.0,0.0,233.6647230581644,553.4568520715327,16.37131842554635,553.4568520715327,268.0200669906335,0.0,0.0,1644.905433149362,553.6739656996482,12.686790216970875,553.6739656996482,160.95464600942796,0.0,0.0,11192.942810213151,553.7125556686849,11.912803004533243,553.7125556686849,141.91487542481627,0.0,0.0,76.28686585308077,0.0043812892904125,0.0003983084120497,111.43652438127876,0.004801548263481,0.0005215717332454,233.6647230581644,0.0064150111396562,0.000695135362914,1644.905433149362,5.636011977613133,8483914766.667587,11192.942810213151,40566.926545875176,61159445140494.63,76.28574661715005,554.0,7.62939453125e-06,554.0,5.820766091346741e-11,0.0,0.0,111.4195672264206,554.0,1.0789593218788871e-05,554.0,1.1641532182693479e-10,0.0,0.0,233.40781109402477,554.0000000000001,1.52587890625e-05,554.0000000000001,2.3283064365386963e-10,0.0,0.0,1643.8198145419956,553.9999999999987,3.9643496877339423e-05,553.9999999999987,1.5716068446636202e-09,0.0,0.0,11186.429960088655,553.9999999999924,9.05940405810388e-05,553.9999999999924,8.207280188798904e-09,0.0,0.0
65.48201654358526,74.06232520951679,1.4919637288821832,103.15052478493726,74.08942162904582,2.1416502108750137,247.14357219865656,74.12802259523518,3.2464350487916818,1109.3142224749934,74.76221000541723,289.76285583138537,8213.977925591773,76.37218869395322,1482.379140517368,65.48201654358526,74.06232520951679,1.4919637288821832,103.15052478493726,74.08942162904582,2.1416502108750137,247.14357219865656,74.12802259523518,3.2464350487916818,1109.3142224749934,74.76221000541723,289.76285583138537,8213.977925591773,76.37218869395322,1482.379140517368,1.0000296371314077,74.0,9.5367431640625e-07,74.0,9.094947017729282e-13,0.0,0.0,1.001919118091124,74.0,0.0,74.0,0.0,0.0,0.0,1.1242702674909435,74.0,0.0,74.0,0.0,0.0,0.0,1.811776964455016,74.0,0.0,74.0,0.0,0.0,0.0,1.979362954530549,74.0,0.0,74.0,0.0,0.0,0.0,1.0000296371314077,44632.62825527182,67206334406916.98,1.001919118091124,2884492.2817433723,4335469717180964.0,1.1242702674909435,166454832.48360282,2.229592871651495e+17,1.811776964455016,674732895.7148914,5.608245816702216e+17,1.979362954530549,745106116.9241723,5.66881888299234e+17,1.0000296371314077,74.0,9.5367431640625e-07,74.0,9.094947017729282e-13,0.0,0.0,1.001919118091124,74.0,0.0,74.0,0.0,0.0,0.0,1.1242702674909435,74.0,0.0,74.0,0.0,0.0,0.0,1.811776964455016,74.0,0.0,74.0,0.0,0.0,0.0,1.979362954530549,74.0,0.0,74.0,0.0,0.0,0.0
83.57970819691494,60.00996327997247,0.215279488039414,111.03314379393584,60.02989681031002,0.6254430496110217,248.6688715717372,60.06936295726669,1.3173533167341702,2036.1345648452811,60.09200428478847,1.7016334208542503,15587.617473762097,60.09794215303855,1.7145902877064143,83.57970819691494,60.00996327997247,0.215279488039414,111.03314379393584,60.02989681031002,0.6254430496110217,248.6688715717372,60.06936295726669,1.3173533167341702,2036.1345648452811,60.09200428478847,1.7016334208542503,15587.617473762097,60.09794215303855,1.7145902877064143,1.0,60.0,0.0,60.0,0.0,0.0,0.0,1.0,60.0,0.0,60.0,0.0,0.0,0.0,1.0,60.0,0.0,60.0,0.0,0.0,0.0,1.0,60.0,0.0,60.0,0.0,0.0,0.0,1.0,60.0,0.0,60.0,0.0,0.0,0.0,1.0,1507653177.876811,0.0,1.0,1507653177.876811,0.0,1.0,1507653177.876811,0.0,1.0,1507653177.876811,0.0,1.0,1507653177.876811,0.0,1.0,60.0,0.0,60.0,0.0,0.0,0.0,1.0,60.0,0.0,60.0,0.0,0.0,0.0,1.0,60.0,0.0,60.0,0.0,0.0,0.0,1.0,60.0,0.0,60.0,0.0,0.0,0.0,1.0,60.0,0.0,60.0,0.0,0.0,0.0
82.56498995443303,490.51024850935767,27282.939899757446,139.1600904284249,445.8207715927604,41696.511334888346,388.9439918199218,379.8944526216744,55666.324406042346,3994.546572792201,344.90931342886626,59548.1503250633,37965.17843752466,342.9486799584425,59693.93809973918,82.56498995443303,490.51024850935767,27282.939899757446,139.1600904284249,445.8207715927604,41696.511334888346,388.9439918199218,379.8944526216744,55666.324406042346,3994.546572792201,344.90931342886626,59548.1503250633,37965.17843752466,342.9486799584425,59693.93809973918,72.1883822572882,552.2747703466945,29.1425295981013,552.2747703466945,849.2870313762105,0.0,0.0,109.09929058342372,552.0191235578508,31.21905012876941,552.0191235578508,974.629090942617,0.0,0.0,252.57580613119012,552.5152235783055,27.04209665123684,552.5152235783055,731.2749912948348,0.0,0.0,2304.7839622797965,553.7053454717519,12.06119876558052,553.7053454717519,145.47251566284103,0.0,0.0,21748.985989601508,553.8338275033931,9.058785792266368,553.8338275033931,82.06160003016703,0.0,0.0,72.1883822572882,0.0046315063548864,0.0004190106187401,109.09929058342372,0.0049229509834724,0.0005454895199211,252.57580613119012,0.0059483974097252,0.0006831472031555,2304.7839622797965,0.0062844088878042,32.35082714362029,21748.985989601508,3107.808933415542,4685487338800.05,1.0,554.0,0.0,554.0,0.0,0.0,0.0,1.0,554.0,0.0,554.0,0.0,0.0,0.0,1.0,554.0,0.0,554.0,0.0,0.0,0.0,1.0,554.0,0.0,554.0,0.0,0.0,0.0,1.0,554.0,0.0,554.0,0.0,0.0,0.0
70.19481782610714,270.826670153407,59645.607591555374,124.93811025415908,267.60058277546904,59417.122074917614,370.4782917733448,285.61812141757804,60522.901028928805,3375.8879767129115,304.2477715290944,60972.93117738517,23936.79579137854,303.90942991732413,60971.220358944425,70.19481782610714,270.826670153407,59645.607591555374,124.93811025415908,267.60058277546904,59417.122074917614,370.4782917733448,285.61812141757804,60522.901028928805,3375.8879767129115,304.2477715290944,60972.93117738517,23936.79579137854,303.90942991732413,60971.220358944425,29.941154851941487,553.9999999999994,2.1579186437577742e-05,553.9999999999994,4.656612873077394e-10,0.0,0.0,52.48369982742344,553.9999999998639,0.0002589502372509,553.9999999998639,6.705522537231445e-08,0.0,0.0,169.15870577077325,553.9992871412487,0.5934237231495461,553.9992871412487,0.3521517151966691,0.0,0.0,1669.4552167963143,553.7848882409838,10.30625712297274,553.7848882409838,106.21893588482637,0.0,0.0,11822.405468777211,553.7229176756305,11.696234164141885,553.7229176756305,136.8018936224398,0.0,0.0,29.941154851941487,0.0103367775613917,0.0003208216315123,52.48369982742344,0.0095622446502553,0.0003071126674696,169.15870577077325,0.0086788529770933,0.0003680183666608,1669.4552167963143,1.4988649934071168,2246710422.614119,11822.405468777211,33678.2117936652,50774121719292.26,29.941154851941487,553.9999999999994,2.1579186437577742e-05,553.9999999999994,4.656612873077394e-10,0.0,0.0,52.48369982740899,554.0000000000001,1.7059844799040144e-05,554.0000000000001,2.910383045673371e-10,0.0,0.0,169.15846166902492,553.9999999999999,1.7059844799040144e-05,553.9999999999999,2.910383045673371e-10,0.0,0.0,1668.7282543503975,553.9999999999992,2.854658040446428e-05,553.9999999999992,8.149072527885437e-10,0.0,0.0,11815.774336010178,553.9999999999942,8.217109385886389e-05,553.9999999999942,6.752088665962219e-09,0.0,0.0
57.10903230113296,60.1404174461624,1.5843211122610228,74.73450802749834,60.15381238049248,2.0882330625522627,206.2971856837676,60.13169307239762,2.3086682958460187,2014.0150655668149,60.11267836209996,2.055200906321261,19106.225312438182,60.10091964852485,1.7599709321521004,57.10903230113296,60.1404174461624,1.5843211122610228,74.73450802749834,60.15381238049248,2.0882330625522627,206.2971856837676,60.13169307239762,2.3086682958460187,2014.0150655668149,60.11267836209996,2.055200906321261,19106.225312438182,60.10091964852485,1.7599709321521004,1.0,60.0,0.0,60.0,0.0,0.0,0.0,1.0,60.0,0.0,60.0,0.0,0.0,0.0,1.0,60.0,0.0,60.0,0.0,0.0,0.0,1.0,60.0,0.0,60.0,0.0,0.0,0.0,1.0,60.0,0.0,60.0,0.0,0.0,0.0,1.0,1507653427.0993311,0.0,1.0,1507653427.0993311,0.0,1.0,1507653427.0993311,0.0,1.0,1507653427.0993311,0.0,1.0,1507653427.0993311,0.0,1.0,60.0,0.0,60.0,0.0,0.0,0.0,1.0,60.0,0.0,60.0,0.0,0.0,0.0,1.0,60.0,0.0,60.0,0.0,0.0,0.0,1.0,60.0,0.0,60.0,0.0,0.0,0.0,1.0,60.0,0.0,60.0,0.0,0.0,0.0
25.211131259053225,60.73090043823807,15.529052665688596,42.71070006902219,60.49136196262351,10.449263584910112,180.35436494245096,61.49799863936909,19.96785425399275,3713.1066606958666,67.4508947006588,49.01613505922069,29391.56033353738,67.89581184182722,48.36840097450477,25.211131259053225,60.73090043823807,15.529052665688596,42.71070006902219,60.49136196262351,10.449263584910112,180.35436494245096,61.49799863936909,19.96785425399275,3713.1066606958666,67.4508947006588,49.01613505922069,29391.56033353738,67.89581184182722,48.36840097450477,1.0,60.0,0.0,60.0,0.0,0.0,0.0,1.0,60.0,0.0,60.0,0.0,0.0,0.0,1.0,60.0,0.0,60.0,0.0,0.0,0.0,1.0,60.0,0.0,60.0,0.0,0.0,0.0,1.0,60.0,0.0,60.0,0.0,0.0,0.0,1.0,1507657306.718175,0.0,1.0,1507657306.718175,0.0,1.0,1507657306.718175,0.0,1.0,1507657306.718175,0.0,1.0,1507657306.718175,0.0,1.0,60.0,0.0,60.0,0.0,0.0,0.0,1.0,60.0,0.0,60.0,0.0,0.0,0.0,1.0,60.0,0.0,60.0,0.0,0.0,0.0,1.0,60.0,0.0,60.0,0.0,0.0,0.0,1.0,60.0,0.0,60.0,0.0,0.0,0.0
181.24571778566693,74.03555818354339,0.8521320206282326,292.86331403229264,74.04063405942652,0.9735663088240472,815.8931443073792,74.04270491568957,1.0647667057055514,5852.097945546549,74.07849238177725,11.003111919822912,9781.275273480216,74.08807632110461,13.518998286715034,181.24571778566693,74.03555818354339,0.8521320206282326,292.86331403229264,74.04063405942652,0.9735663088240472,815.8931443073792,74.04270491568957,1.0647667057055514,5852.097945546549,74.07849238177725,11.003111919822912,9781.275273480216,74.08807632110461,13.518998286715034,180.9771857648554,73.99999999999993,9.5367431640625e-07,95.26804291051636,2.033691978340166e-12,2.308762814543101e-29,1.7949987384559386e-17,292.3674713116442,74.0,1.9073486328125e-06,95.2680429105164,3.749942721349417e-12,-9.64613560313012e-28,-5.303019129372814e-16,814.4465369557527,73.99999732335431,0.00612152423095,95.26804083141651,3.747305891010924e-05,5.985905252842009e-20,5.4807015908997826e-12,5839.458278374002,73.998138281336,0.1614329435734601,95.26659681705712,0.0260605952707919,1.8757236168725835e-16,6.512422557011722e-10,9758.083973181769,73.9973896044008,0.1911510506284073,95.26601528491456,0.0365387241563439,-1.8408918431812306e-15,-8.82299126930472e-10,180.9771857648553,0.0017274734615154,8.131353623240864e-05,292.36747131164435,0.001729384917357,0.1087628145182268,814.4465369557547,4.459337784592111,6712666688.377406,5839.458278374058,70736.4774163136,106518068096960.48,9758.083973181763,135599.25072154508,204182463893539.6,1.0,74.0,0.0,74.0,0.0,0.0,0.0,1.0,74.0,0.0,74.0,0.0,0.0,0.0,1.0,74.0,0.0,74.0,0.0,0.0,0.0,1.0,74.0,0.0,74.0,0.0,0.0,0.0,1.0,74.0,0.0,74.0,0.0,0.0,0.0
175.07190206272747,74.01414763794367,0.3393432191232932,283.55732839754364,74.02412539084756,0.578703019792556,825.8005657417763,74.0406397846138,2.1916633502687546,6883.8211961300585,74.09191836766688,18.758301391395435,13277.641373418466,74.09495385041566,21.092974721756946,175.07190206272747,74.01414763794367,0.3393432191232932,283.55732839754364,74.02412539084756,0.578703019792556,825.8005657417763,74.0406397846138,2.1916633502687546,6883.8211961300585,74.09191836766688,18.758301391395435,13277.641373418466,74.09495385041566,21.092974721756946,174.96869979909516,73.99999999999996,1.9073486328125e-06,95.26804291051644,3.749942721349417e-12,-3.345095142862855e-28,-1.8389855027973644e-16,283.2722725752254,73.9999999999999,3.4385216478958013e-06,95.26804291051629,1.672085664799873e-11,3.762507460187258e-27,3.182246693899874e-16,824.5110930926776,73.99999995619697,0.0007830932180288,95.26804287649227,6.132349887096444e-07,-2.741986401744989e-21,-6.75990728088045e-13,6863.633811386388,73.99894886554979,0.1213044822508873,95.26722643808948,0.0147147774141558,2.276375444463705e-16,3.451638276848841e-10,13236.49751852506,73.99815290011095,0.1607979684338681,95.26660817216197,0.0258559866524592,4.726474229454143e-16,4.813541514676567e-10,174.968699799095,0.0016774239589785,1.4600159526692636e-05,283.27227257522554,0.001722860357288,2.327211963006773e-05,824.5110930926833,0.0751302420337496,110484598.71250196,6863.63381138644,39960.95279073213,60176151802053.52,13236.497518524911,95954.64997938632,144490224118447.88,1.0,74.0,0.0,74.0,0.0,0.0,0.0,1.0,74.0,0.0,74.0,0.0,0.0,0.0,1.0,74.0,0.0,74.0,0.0,0.0,0.0,1.0,74.0,0.0,74.0,0.0,0.0,0.0,1.0,74.0,0.0,74.0,0.0,0.0,0.0
60.60240196072957,60.06162134744225,0.7735502394616559,76.93046451842616,60.09352041758847,1.3182686983886924,198.55169417204544,60.11647929148734,2.065958466153916,1993.462797883456,60.10188403427472,1.7502762046942737,16688.737910131058,60.09980357581093,1.7281021968606185,60.60240196072957,60.06162134744225,0.7735502394616559,76.93046451842616,60.09352041758847,1.3182686983886924,198.55169417204544,60.11647929148734,2.065958466153916,1993.462797883456,60.10188403427472,1.7502762046942737,16688.737910131058,60.09980357581093,1.7281021968606185,1.0,60.0,0.0,60.0,0.0,0.0,0.0,1.0,60.0,0.0,60.0,0.0,0.0,0.0,1.0,60.0,0.0,60.0,0.0,0.0,0.0,1.0,60.0,0.0,60.0,0.0,0.0,0.0,1.0,60.0,0.0,60.0,0.0,0.0,0.0,1.0,1507653220.803717,0.0,1.0,1507653220.803717,0.0,1.0,1507653220.803717,0.0,1.0,1507653220.803717,0.0,1.0,1507653220.803717,0.0,1.0,60.0,0.0,60.0,0.0,0.0,0.0,1.0,60.0,0.0,60.0,0.0,0.0,0.0,1.0,60.0,0.0,60.0,0.0,0.0,0.0,1.0,60.0,0.0,60.0,0.0,0.0,0.0,1.0,60.0,0.0,60.0,0.0,0.0,0.0
132.11197202309947,74.07764547490976,1.9317578246100309,233.3982819114591,74.07366019805478,3.7536998116456735,695.8829476993898,74.13894357734101,35.040142788076075,7520.839996211663,74.20734944560176,96.9349596340817,28636.772628851344,74.36946254699045,241.01706439231108,132.11197202309947,74.07764547490976,1.9317578246100309,233.3982819114591,74.07366019805478,3.7536998116456735,695.8829476993898,74.13894357734101,35.040142788076075,7520.839996211663,74.20734944560176,96.9349596340817,28636.772628851344,74.36946254699045,241.01706439231108,131.68546416324807,73.9999999999999,1.6518123698891422e-06,95.26804291051636,2.766120146724561e-12,7.209045363336797e-27,6.471902342523989e-15,232.724232253856,73.9999999967107,0.0002146233402048,95.26804290796144,4.606317816967226e-08,2.2814623456964824e-22,1.1146442219739528e-12,693.8297441533342,73.99992199472494,0.0330464485034469,95.26798231948328,0.0010920677586909,-8.327311936215985e-18,-3.736757817145234e-10,7500.7461595959485,73.99800502929153,0.1671095751658365,95.26649331383533,0.0279256101121063,2.7691735187138993e-16,2.979952142791304e-10,28551.657409594904,73.99807220130866,0.1642725334361266,95.26654548953664,0.0269854652415233,-8.136149157121057e-16,-4.780935189551054e-10,131.6854641632481,0.0022948141022651,5.9258147790285375e-05,232.724232253856,0.0021201567594639,4.999665868902687e-05,693.8297441533365,0.0021057564270022,8.737317910788417e-05,7500.746159596065,1831.3542362209653,2757856345142.185,28551.65740959388,32974.375236148655,49655493773672.07,1.0,74.0,0.0,95.26804291051644,0.0,0.0,0.0,1.0,74.0,0.0,95.26804291051644,0.0,0.0,0.0,1.0,74.0,0.0,95.26804291051644,0.0,0.0,0.0,1.0221016809210477,73.99999999999999,1.3486991523486091e-06,95.26804291051644,1.8189894035458565e-12,0.0,0.0,1.6830343271133827,74.00000000000001,1.3486991523486091e-06,95.26804291051644,1.8189894035458565e-12,0.0,0.0
122.13914450439655,481.1511547722557,30647.589502248826,171.53811745305148,438.6012627101829,43661.98756657953,423.09840166385214,375.349934034993,56313.27965314064,3854.955739026623,343.8989301601725,59625.473898254815,27572.596903423,341.45326074573,59799.22409562662,122.13914450439655,481.1511547722557,30647.589502248826,171.53811745305148,438.6012627101829,43661.98756657953,423.09840166385214,375.349934034993,56313.27965314064,3854.955739026623,343.8989301601725,59625.473898254815,27572.596903423,341.45326074573,59799.22409562662,1.0,60.0,0.0,60.0,0.0,0.0,0.0,1.0,60.0,0.0,60.0,0.0,0.0,0.0,1.0,60.0,0.0,60.0,0.0,0.0,0.0,1.0,60.0,0.0,60.0,0.0,0.0,0.0,1.0,60.0,0.0,60.0,0.0,0.0,0.0,1.0,1507656093.382624,0.0,1.0,1507656093.382624,0.0,1.0,1507656093.382624,0.0,1.0,1507656093.382624,0.0,1.0,1507656093.382624,0.0,1.0,60.0,0.0,60.0,0.0,0.0,0.0,1.0,60.0,0.0,60.0,0.0,0.0,0.0,1.0,60.0,0.0,60.0,0.0,0.0,0.0,1.0,60.0,0.0,60.0,0.0,0.0,0.0,1.0,60.0,0.0,60.0,0.0,0.0,0.0
93.22519745772098,238.02776235898207,56251.81137257377,135.4820492055731,275.81265008590947,60035.81364503064,406.9615077872365,327.9990363972761,60559.46536191911,4096.034655954943,343.14312377721893,59681.558683728574,35704.96546794572,342.74396661799165,59708.89031674006,93.22519745772098,238.02776235898207,56251.81137257377,135.4820492055731,275.81265008590947,60035.81364503064,406.9615077872365,327.9990363972761,60559.46536191911,4096.034655954943,343.14312377721893,59681.558683728574,35704.96546794572,342.74396661799165,59708.89031674006,1.0,60.0,0.0,60.0,0.0,0.0,0.0,1.0,60.0,0.0,60.0,0.0,0.0,0.0,1.0,60.0,0.0,60.0,0.0,0.0,0.0,1.0,60.0,0.0,60.0,0.0,0.0,0.0,1.0,60.0,0.0,60.0,0.0,0.0,0.0,1.0,1507656245.031814,0.0,1.0,1507656245.031814,0.0,1.0,1507656245.031814,0.0,1.0,1507656245.031814,0.0,1.0,1507656245.031814,0.0,1.0,60.0,0.0,60.0,0.0,0.0,0.0,1.0,60.0,0.0,60.0,0.0,0.0,0.0,1.0,60.0,0.0,60.0,0.0,0.0,0.0,1.0,60.0,0.0,60.0,0.0,0.0,0.0,1.0,60.0,0.0,60.0,0.0,0.0,0.0
73.89545408219996,74.19410370530936,4.620812712707448,101.46035283048916,74.19374061311629,4.612697889564513,224.6968680874326,74.20563896445753,8.960657319453276,1133.2361988220214,76.72223909749131,1824.23038474846,4083.0935318229785,76.93313820426191,1919.0924919645493,73.89545408219996,74.19410370530936,4.620812712707448,101.46035283048916,74.19374061311629,4.612697889564513,224.6968680874326,74.20563896445753,8.960657319453276,1133.2361988220214,76.72223909749131,1824.23038474846,4083.0935318229785,76.93313820426191,1919.0924919645493,1.0000299641119414,74.0,0.0,74.0,0.0,0.0,0.0,1.0019317941497567,74.0,9.5367431640625e-07,74.0,9.094947017729282e-13,0.0,0.0,1.124543275112961,74.0,0.0,74.0,0.0,0.0,0.0,1.811955126547174,74.0,0.0,74.0,0.0,0.0,0.0,1.9793844466559007,74.0,0.0,74.0,0.0,0.0,0.0,1.0000299641119414,45124.994210078185,67947746587638.41,1.0019317941497567,2903507.650067944,4363994591950255.0,1.124543275112961,166779994.06353718,2.2334056489331328e+17,1.811955126547174,674814535.7823459,5.608372171792323e+17,1.9793844466559007,745114282.29151,5.6688187268232166e+17,1.0000299641119414,74.0,0.0,74.0,0.0,0.0,0.0,1.0019317941497567,74.0,9.5367431640625e-07,74.0,9.094947017729282e-13,0.0,0.0,1.124543275112961,74.0,0.0,74.0,0.0,0.0,0.0,1.811955126547174,74.0,0.0,74.0,0.0,0.0,0.0,1.9793844466559007,74.0,0.0,74.0,0.0,0.0,0.0
126.85359842814417,230.2047820050749,55083.64114915746,188.53362019305192,262.0394079013396,58957.55936926803,491.7237858941804,307.8743398173875,60983.09164974924,3883.6117716227454,334.81929593091616,60210.81806048183,37962.09172507563,341.95393696550644,59764.26421491077,126.85359842814417,230.2047820050749,55083.64114915746,188.53362019305192,262.0394079013396,58957.55936926803,491.7237858941804,307.8743398173875,60983.09164974924,3883.6117716227454,334.81929593091616,60210.81806048183,37962.09172507563,341.95393696550644,59764.26421491077,1.0,60.0,0.0,60.0,0.0,0.0,0.0,1.0,60.0,0.0,60.0,0.0,0.0,0.0,1.0,60.0,0.0,60.0,0.0,0.0,0.0,1.0,60.0,0.0,60.0,0.0,0.0,0.0,1.0,60.0,0.0,60.0,0.0,0.0,0.0,1.0,1507656436.744784,0.0,1.0,1507656436.744784,0.0,1.0,1507656436.744784,0.0,1.0,1507656436.744784,0.0,1.0,1507656436.744784,0.0,1.0,60.0,0.0,60.0,0.0,0.0,0.0,1.0,60.0,0.0,60.0,0.0,0.0,0.0,1.0,60.0,0.0,60.0,0.0,0.0,0.0,1.0,60.0,0.0,60.0,0.0,0.0,0.0,1.0,60.0,0.0,60.0,0.0,0.0,0.0
74.33967243082752,87.42643168494905,11021.031448061807,81.20841149580536,89.02449174248892,12282.611806013992,235.81790928675528,80.45699266068853,5267.585145432241,5066.264912268715,74.40999957094922,282.8602544989144,9822.984871736631,74.26075941510686,155.07371653476548,74.33967243082752,87.42643168494905,11021.031448061807,81.20841149580536,89.02449174248892,12282.611806013992,235.81790928675528,80.45699266068853,5267.585145432241,5066.264912268715,74.40999957094922,282.8602544989144,9822.984871736631,74.26075941510686,155.07371653476548,73.10808106253731,74.0,0.0,95.2680429105164,1.8189894035458565e-12,2.940394323437467e-31,0.0,79.59684090849237,73.99999999999997,9.5367431640625e-07,95.2680429105164,1.2862197421537484e-12,-9.404202151345637e-30,-1.03400296153606e-17,233.0263128910376,73.99999852174886,0.0045492331140004,95.26804176227635,2.0695521925518067e-05,3.935036697473253e-20,4.848154889144006e-12,5051.969180385317,73.99821064754913,0.1582647544488422,95.26665302737916,0.0250477325007523,1.845371022679885e-16,6.535297759222285e-10,9796.239990597393,73.99744730774356,0.1890269168532378,95.26606010569756,0.0357311752950408,-1.8644984169323023e-15,-9.036549536090683e-10,73.10808106253731,0.0252866544186823,0.0599084369383326,79.59684090849237,0.0267045400353302,0.0649730545216095,233.0263128910379,2.473294108067252,3707254714.272778,5051.969180385363,67986.90513839964,102377828572774.6,9796.239990597389,132601.80108512173,199669365125820.47,1.0000336829961436,74.0,0.0,74.0,0.0,0.0,0.0,1.002072270427191,74.00000000000001,9.5367431640625e-07,74.00000000000001,9.094947017729282e-13,0.0,0.0,1.1274917678076628,74.0,0.0,74.0,0.0,0.0,0.0,1.8138572082007585,74.0,0.0,74.0,0.0,0.0,0.0,1.9796136352230165,74.0,9.5367431640625e-07,74.0,9.094947017729282e-13,0.0,0.0
172.4216527554429,74.00430412744879,0.1032805355453092,283.1481947941606,74.01173764875597,0.2816188034894367,847.4840722506142,74.03710016048477,8.053732742743705,7324.196619457411,74.63261676551609,464.6546045049054,18569.086378013868,74.59493766762719,428.73124710707725,172.4216527554429,74.00430412744879,0.1032805355453092,283.1481947941606,74.01173764875597,0.2816188034894367,847.4840722506142,74.03710016048477,8.053732742743705,7324.196619457411,74.63261676551609,464.6546045049054,18569.086378013868,74.59493766762719,428.73124710707725,172.3907308845353,73.99999999999997,1.6518123698891422e-06,95.26804291051648,8.628224332374099e-12,-3.1744717235925307e-27,-6.717217448979305e-16,283.0096892232764,73.99999999893993,0.0001218017962729,95.26804290969304,1.4835677582289528e-08,-1.2790674823872552e-22,-1.5572368638701348e-12,846.3678364870217,73.9999540544427,0.0253620918704801,95.26800722204516,0.0006432357040466,-2.014955126998139e-18,-2.1877425804182248e-11,7297.352712184402,73.99861502357038,0.139239907450408,95.26696712610624,0.0193877518267981,1.617023413989512e-17,2.435468357304625e-11,18503.02805970562,73.99810620465209,0.162817531251593,95.26657190155896,0.0265095484828634,-9.346381085921242e-16,-1.2981443956379646e-09,172.39073088453517,0.0017028421813751,1.4257906825658734e-05,283.00968922327667,0.0017170983459967,1.4464406383787238e-05,846.3678364870249,0.0017117910297028,1351.4900599651876,7297.352712184518,12159.399846992112,18310863712088.58,18503.02805970522,61317.60517742571,92335297098409.52,1.0,74.0,0.0,74.0,0.0,0.0,0.0,1.0,74.0,0.0,74.0,0.0,0.0,0.0,1.0,74.0,0.0,74.0,0.0,0.0,0.0,1.0,74.0,0.0,74.0,0.0,0.0,0.0,1.0,74.0,0.0,74.0,0.0,0.0,0.0
62.68953529235093,549.2030373838917,2343.3810575531093,88.68877186391857,522.0259218664809,14761.709277473565,285.16918028412584,405.23593150139504,51330.73844890032,3698.7018323606976,345.69703638359334,59484.90455659777,12027.244839954186,346.3853412336677,59434.91640426493,62.68953529235093,549.2030373838917,2343.3810575531093,88.68877186391857,522.0259218664809,14761.709277473565,285.16918028412584,405.23593150139504,51330.73844890032,3698.7018323606976,345.69703638359334,59484.90455659777,12027.244839954186,346.3853412336677,59434.91640426493,62.07991038318134,553.9999999943753,0.0016669135854522,553.9999999943753,2.77860090136528e-06,0.0,0.0,82.9442110134976,553.9999807454199,0.0975282638030429,553.9999807454199,0.0095117622404359,0.0,0.0,199.27375850853485,553.963344323928,4.255180412290497,553.963344323928,18.10656034114072,0.0,0.0,2139.4022307039068,553.8302636921105,9.155376872813529,553.8302636921105,83.8209256832488,0.0,0.0,6973.762065152226,553.8295412581722,9.174833092828258,553.8295412581722,84.17756228125654,0.0,0.0,62.07991038318134,0.0062679711788763,0.0013104516681733,82.9442110134976,0.0072583810238342,0.0017509099266329,199.27375850853485,0.007811270452109,5.959331004214613,2139.4022307039068,20883.420268698497,31484566288640.35,6973.762065152226,152059.75990756723,229230666636912.62,1.0,554.0,0.0,554.0,0.0,0.0,0.0,1.0,554.0,0.0,554.0,0.0,0.0,0.0,1.0,554.0,0.0,554.0,0.0,0.0,0.0,1.0,554.0,0.0,554.0,0.0,0.0,0.0,1.0,554.0,0.0,554.0,0.0,0.0,0.0
1.0,60.0,0.0,1.0,60.0,0.0,1.0,60.0,0.0,1.0,60.0,0.0,1.0,60.0,0.0,1.0,60.0,0.0,1.0,60.0,0.0,1.0,60.0,0.0,1.0,60.0,0.0,1.0,60.0,0.0,1.0,60.0,0.0,60.0,0.0,0.0,0.0,1.0,60.0,0.0,60.0,0.0,0.0,0.0,1.0,60.0,0.0,60.0,0.0,0.0,0.0,1.0,60.0,0.0,60.0,0.0,0.0,0.0,1.0,60.0,0.0,60.0,0.0,0.0,0.0,1.0,1505913558.734519,0.0,1.0,1505913558.734519,0.0,1.0,1505913558.734519,0.0,1.0,1505913558.734519,0.0,1.0,1505913558.734519,0.0,1.0,60.0,0.0,60.0,0.0,0.0,0.0,1.0,60.0,0.0,60.0,0.0,0.0,0.0,1.0,60.0,0.0,60.0,0.0,0.0,0.0,1.0,60.0,0.0,60.0,0.0,0.0,0.0,1.0,60.0,0.0,60.0,0.0,0.0,0.0
1.0,60.0,0.0,1.0,60.0,0.0,1.0,60.0,0.0,1.0,60.0,0.0,1.0,60.0,0.0,1.0,60.0,0.0,1.0,60.0,0.0,1.0,60.0,0.0,1.0,60.0,0.0,1.0,60.0,0.0,1.0,60.0,0.0,60.0,0.0,0.0,0.0,1.0,60.0,0.0,60.0,0.0,0.0,0.0,1.0,60.0,0.0,60.0,0.0,0.0,0.0,1.0,60.0,0.0,60.0,0.0,0.0,0.0,1.0,60.0,0.0,60.0,0.0,0.0,0.0,1.0,1505913541.981935,0.0,1.0,1505913541.981935,0.0,1.0,1505913541.981935,0.0,1.0,1505913541.981935,0.0,1.0,1505913541.981935,0.0,1.0,60.0,0.0,60.0,0.0,0.0,0.0,1.0,60.0,0.0,60.0,0.0,0.0,0.0,1.0,60.0,0.0,60.0,0.0,0.0,0.0,1.0,60.0,0.0,60.0,0.0,0.0,0.0,1.0,60.0,0.0,60.0,0.0,0.0,0.0
54.4383777377802,389.65126722025735,54153.533785750304,103.09267339633492,332.91504782028363,60311.05273550352,342.7981400630572,298.21328517871217,60904.39504979348,3231.887881642333,301.9418935394461,60953.630507321854,21783.56690204165,303.2457551193547,60967.22451864457,54.4383777377802,389.65126722025735,54153.533785750304,103.09267339633492,332.91504782028363,60311.05273550352,342.7981400630572,298.21328517871217,60904.39504979348,3231.887881642333,301.9418935394461,60953.630507321854,21783.56690204165,303.2457551193547,60967.22451864457,36.32174628679697,554.0000000000001,7.62939453125e-06,554.0000000000001,5.820766091346741e-11,0.0,0.0,56.943119577654926,553.9999999999999,1.0789593218788871e-05,553.9999999999999,1.1641532182693479e-10,0.0,0.0,165.26219828787845,553.999994595006,0.0516726906115182,553.999994595006,0.0026700669550336,0.0,0.0,1582.940302639685,553.8451552902277,8.744673221091135,553.8451552902277,76.46930974366842,0.0,0.0,10729.6865699327,553.7230720801682,11.692976666420552,553.7230720801682,136.72570332145548,0.0,0.0,36.32174628679697,0.0087167155359334,0.0004167322663653,56.943119577654926,0.0089568177216484,0.0004449488314734,165.26219828787845,0.0089406697008681,0.0005490561440401,1582.940302639685,13.650440739442477,20566404698.88396,10729.6865699327,46059.36136098685,69439689776640.52,36.32174628679697,554.0000000000001,7.62939453125e-06,554.0000000000001,5.820766091346741e-11,0.0,0.0,56.943119577654926,553.9999999999999,1.0789593218788871e-05,553.9999999999999,1.1641532182693479e-10,0.0,0.0,165.26219647969762,554.0000000000001,7.62939453125e-06,554.0000000000001,5.820766091346741e-11,0.0,0.0,1582.4441286887777,554.0000000000001,1.7059844799040144e-05,554.0000000000001,2.910383045673371e-10,0.0,0.0,10723.671691831,553.9999999999916,9.218632487178476e-05,553.9999999999916,8.498318493366241e-09,0.0,0.0
48.6864777461131,71.89024012773396,25.27970814566925,97.5486639079582,70.20923190740238,39.20379268411398,395.1114192097352,68.4599330562282,47.37680958048532,3820.694061451011,67.5833877779896,48.92793512032768,21451.54175000685,67.33470069746636,49.09356783426665,48.6864777461131,71.89024012773396,25.27970814566925,97.5486639079582,70.20923190740238,39.20379268411398,395.1114192097352,68.4599330562282,47.37680958048532,3820.694061451011,67.5833877779896,48.92793512032768,21451.54175000685,67.33470069746636,49.09356783426665,40.7327780415222,73.98799361794782,0.4098111705636741,73.98799361794782,0.1679451955187687,0.0,0.0,70.13747748269017,73.97109694655745,0.6354583870678054,73.97109694655745,0.4038073616948168,0.0,0.0,236.70139527283155,73.94828797810821,0.8492903939597614,73.94828797810821,0.7212941732723266,0.0,0.0,2055.0315010849004,73.98007044394835,0.5278414511293564,73.98007044394835,0.2786165975303447,0.0,0.0,11168.485356859142,73.98228962547083,0.4976259499467236,73.98228962547083,0.247631586060379,0.0,0.0,40.7327780415222,0.0076909802756491,0.0003239005977099,70.13747748269017,0.0072580862630828,0.0003643618135157,236.70139527283155,0.0062668623388842,0.0004821610244792,2055.0315010849004,75.68944175260769,114102601775.24492,11168.485356859142,53908.74746777216,81272985770190.98,1.0,74.0,0.0,74.0,0.0,0.0,0.0,1.0,74.0,0.0,74.0,0.0,0.0,0.0,1.0,74.0,0.0,74.0,0.0,0.0,0.0,1.0,74.0,0.0,74.0,0.0,0.0,0.0,1.0,74.0,0.0,74.0,0.0,0.0,0.0
93.44370650084794,69.35552219952115,45.40752316483578,136.18945819250786,69.85446791098488,42.263182428945576,332.6698865930823,68.63349145032839,46.97653227850424,3301.894356157074,66.27295866890192,48.73168257668658,16745.442795912288,67.10756834800729,49.18378398401728,93.44370650084794,69.35552219952115,45.40752316483578,136.18945819250786,69.85446791098488,42.263182428945576,332.6698865930823,68.63349145032839,46.97653227850424,3301.894356157074,66.27295866890192,48.73168257668658,16745.442795912288,67.10756834800729,49.18378398401728,1.0,60.0,0.0,60.0,0.0,0.0,0.0,1.0,60.0,0.0,60.0,0.0,0.0,0.0,1.0,60.0,0.0,60.0,0.0,0.0,0.0,1.0,60.0,0.0,60.0,0.0,0.0,0.0,1.0,60.0,0.0,60.0,0.0,0.0,0.0,1.0,1507657156.217934,0.0,1.0,1507657156.217934,0.0,1.0,1507657156.217934,0.0,1.0,1507657156.217934,0.0,1.0,1507657156.217934,0.0,1.0,60.0,0.0,60.0,0.0,0.0,0.0,1.0,60.0,0.0,60.0,0.0,0.0,0.0,1.0,60.0,0.0,60.0,0.0,0.0,0.0,1.0,60.0,0.0,60.0,0.0,0.0,0.0,1.0,60.0,0.0,60.0,0.0,0.0,0.0
12.683981166556563,60.000447132438886,0.0075877944063904,33.7362729813111,60.00610991394802,0.1041940200975659,162.61717928035705,60.05123434846068,0.8827776854805052,1943.0045205229187,60.08885291078167,1.6189392808564662,17079.4610449931,60.097075287550936,1.7043739159703364,12.683981166556563,60.000447132438886,0.0075877944063904,33.7362729813111,60.00610991394802,0.1041940200975659,162.61717928035705,60.05123434846068,0.8827776854805052,1943.0045205229187,60.08885291078167,1.6189392808564662,17079.4610449931,60.097075287550936,1.7043739159703364,1.0,60.0,0.0,60.0,0.0,0.0,0.0,1.0,60.0,0.0,60.0,0.0,0.0,0.0,1.0,60.0,0.0,60.0,0.0,0.0,0.0,1.0,60.0,0.0,60.0,0.0,0.0,0.0,1.0,60.0,0.0,60.0,0.0,0.0,0.0,1.0,1507653243.6231,0.0,1.0,1507653243.6231,0.0,1.0,1507653243.6231,0.0,1.0,1507653243.6231,0.0,1.0,1507653243.6231,0.0,1.0,60.0,0.0,60.0,0.0,0.0,0.0,1.0,60.0,0.0,60.0,0.0,0.0,0.0,1.0,60.0,0.0,60.0,0.0,0.0,0.0,1.0,60.0,0.0,60.0,0.0,0.0,0.0,1.0,60.0,0.0,60.0,0.0,0.0,0.0
44.776878875850784,74.03568635798658,0.8700348209158619,69.2738894170542,74.0803254165705,3.5112041912707355,204.8921940057264,74.46250848001017,125.83778986949436,1057.096968251009,75.73641840589542,716.8563510259627,4787.214982867336,76.49146920186017,1488.908842799632,44.776878875850784,74.03568635798658,0.8700348209158619,69.2738894170542,74.0803254165705,3.5112041912707355,204.8921940057264,74.46250848001017,125.83778986949436,1057.096968251009,75.73641840589542,716.8563510259627,4787.214982867336,76.49146920186017,1488.908842799632,1.0000000008939751,74.0,0.0,74.0,0.0,0.0,0.0,1.0000037292323136,73.99999999999999,1.3486991523486091e-06,73.99999999999999,1.8189894035458565e-12,0.0,0.0,1.0174229124259704,74.0,0.0,74.0,0.0,0.0,0.0,2.1943343840435032,74.0,9.5367431640625e-07,74.0,9.094947017729282e-13,0.0,0.0,2.898573896134544,74.0,0.0,74.0,0.0,0.0,0.0,1.0000000008939751,6.011857775499506,60004.6866728098,1.0000037292323136,16.760347716846947,16186365902.705704,1.0174229124259704,2849812.811467693,4283439366835328.0,2.1943343840435032,367238959.6638415,4.181654138126295e+17,2.898573896134544,488045867.32163066,4.967657756254476e+17,1.0000000008939751,74.0,0.0,74.0,0.0,0.0,0.0,1.0000037292323136,73.99999999999999,1.3486991523486091e-06,73.99999999999999,1.8189894035458565e-12,0.0,0.0,1.0174229124259704,74.0,0.0,74.0,0.0,0.0,0.0,2.1943343840435032,74.0,9.5367431640625e-07,74.0,9.094947017729282e-13,0.0,0.0,2.898573896134544,74.0,0.0,74.0,0.0,0.0,0.0
1.0,60.0,0.0,1.0,60.0,0.0,1.0,60.0,0.0,1.0,60.0,0.0,1.0,60.0,0.0,1.0,60.0,0.0,1.0,60.0,0.0,1.0,60.0,0.0,1.0,60.0,0.0,1.0,60.0,0.0,1.0,60.0,0.0,60.0,0.0,0.0,0.0,1.0,60.0,0.0,60.0,0.0,0.0,0.0,1.0,60.0,0.0,60.0,0.0,0.0,0.0,1.0,60.0,0.0,60.0,0.0,0.0,0.0,1.0,60.0,0.0,60.0,0.0,0.0,0.0,1.0,1505913430.710778,0.0,1.0,1505913430.710778,0.0,1.0,1505913430.710778,0.0,1.0,1505913430.710778,0.0,1.0,1505913430.710778,0.0,1.0,60.0,0.0,60.0,0.0,0.0,0.0,1.0,60.0,0.0,60.0,0.0,0.0,0.0,1.0,60.0,0.0,60.0,0.0,0.0,0.0,1.0,60.0,0.0,60.0,0.0,0.0,0.0,1.0,60.0,0.0,60.0,0.0,0.0,0.0
50.1376955600708,60.35544682628026,4.812913394740463,67.49781013024105,60.36207116106074,4.854224701435213,190.2332541736345,60.241227735202216,3.286688596498152,1924.7419678424696,60.1139991915294,1.7733798289250444,17881.93875222629,60.099588626772,1.7198022450716053,50.1376955600708,60.35544682628026,4.812913394740463,67.49781013024105,60.36207116106074,4.854224701435213,190.2332541736345,60.241227735202216,3.286688596498152,1924.7419678424696,60.1139991915294,1.7733798289250444,17881.93875222629,60.099588626772,1.7198022450716053,1.0,60.0,0.0,60.0,0.0,0.0,0.0,1.0,60.0,0.0,60.0,0.0,0.0,0.0,1.0,60.0,0.0,60.0,0.0,0.0,0.0,1.0,60.0,0.0,60.0,0.0,0.0,0.0,1.0,60.0,0.0,60.0,0.0,0.0,0.0,1.0,1507653299.7118778,0.0,1.0,1507653299.7118778,0.0,1.0,1507653299.7118778,0.0,1.0,1507653299.7118778,0.0,1.0,1507653299.7118778,0.0,1.0,60.0,0.0,60.0,0.0,0.0,0.0,1.0,60.0,0.0,60.0,0.0,0.0,0.0,1.0,60.0,0.0,60.0,0.0,0.0,0.0,1.0,60.0,0.0,60.0,0.0,0.0,0.0,1.0,60.0,0.0,60.0,0.0,0.0,0.0
1.0,60.0,0.0,1.0,60.0,0.0,1.0,60.0,0.0,1.0,60.0,0.0,1.0,60.0,0.0,1.0,60.0,0.0,1.0,60.0,0.0,1.0,60.0,0.0,1.0,60.0,0.0,1.0,60.0,0.0,1.0,60.0,0.0,60.0,0.0,0.0,0.0,1.0,60.0,0.0,60.0,0.0,0.0,0.0,1.0,60.0,0.0,60.0,0.0,0.0,0.0,1.0,60.0,0.0,60.0,0.0,0.0,0.0,1.0,60.0,0.0,60.0,0.0,0.0,0.0,1.0,1505913460.353275,0.0,1.0,1505913460.353275,0.0,1.0,1505913460.353275,0.0,1.0,1505913460.353275,0.0,1.0,1505913460.353275,0.0,1.0,60.0,0.0,60.0,0.0,0.0,0.0,1.0,60.0,0.0,60.0,0.0,0.0,0.0,1.0,60.0,0.0,60.0,0.0,0.0,0.0,1.0,60.0,0.0,60.0,0.0,0.0,0.0,1.0,60.0,0.0,60.0,0.0,0.0,0.0
1.0,60.0,0.0,1.0,60.0,0.0,1.0,60.0,0.0,1.0,60.0,0.0,1.0,60.0,0.0,1.0,60.0,0.0,1.0,60.0,0.0,1.0,60.0,0.0,1.0,60.0,0.0,1.0,60.0,0.0,1.0,60.0,0.0,60.0,0.0,0.0,0.0,1.0,60.0,0.0,60.0,0.0,0.0,0.0,1.0,60.0,0.0,60.0,0.0,0.0,0.0,1.0,60.0,0.0,60.0,0.0,0.0,0.0,1.0,60.0,0.0,60.0,0.0,0.0,0.0,1.0,1505913549.63317,0.0,1.0,1505913549.63317,0.0,1.0,1505913549.63317,0.0,1.0,1505913549.63317,0.0,1.0,1505913549.63317,0.0,1.0,60.0,0.0,60.0,0.0,0.0,0.0,1.0,60.0,0.0,60.0,0.0,0.0,0.0,1.0,60.0,0.0,60.0,0.0,0.0,0.0,1.0,60.0,0.0,60.0,0.0,0.0,0.0,1.0,60.0,0.0,60.0,0.0,0.0,0.0
130.3497074522168,74.60202417415753,146.46993591080627,232.5812640350747,74.73027357708659,177.55582090136704,756.4433517203443,74.49012476853609,118.8060585240728,3179.3565906100293,74.1887958605727,41.055739032191006,3980.776164162617,74.16495035165727,34.24278458743538,130.3497074522168,74.60202417415753,146.46993591080627,232.5812640350747,74.73027357708659,177.55582090136704,756.4433517203443,74.49012476853609,118.8060585240728,3179.3565906100293,74.1887958605727,41.055739032191006,3980.776164162617,74.16495035165727,34.24278458743538,129.88760510179006,73.99995220173345,0.0258683870728504,95.26800578294286,0.0006691734497508,-1.9170756257430266e-18,-3.885436470542221e-11,231.55315916080917,73.99922386652476,0.1042365879109434,95.26744004563184,0.0108652662593158,-5.486804261262553e-18,-2.015433913578804e-11,753.3345692972023,73.9930929623056,0.3108871507990913,95.26267792860116,0.0966508205319769,-1.0136625190942936e-16,-1.5289931046160844e-10,3168.493604535396,73.99253179199789,0.3232632640242406,95.2622420531335,0.1044991378676059,4.517091427945894e-15,4.063785387420718e-09,3967.148606710866,73.99305982097455,0.3116317381772697,95.26265218683729,0.0971143402393863,-1.1440911617960925e-15,-8.60803182694279e-10,129.8876051017901,0.0024111519302735,110141.22137348024,231.5531591608093,1.2412154422869524,1865950241.0294173,753.3345692972035,11502.595645530217,17321788326690.18,3168.4936045353925,283756.47021422896,427232412035959.75,3967.14860671086,360513.5819567275,542772593649339.5,1.0,74.0,0.0,74.0,0.0,0.0,0.0,1.0,74.0,0.0,74.0,0.0,0.0,0.0,1.0,74.0,0.0,74.0,0.0,0.0,0.0,1.0,74.0,0.0,74.0,0.0,0.0,0.0,1.0,74.0,0.0,74.0,0.0,0.0,0.0
111.79211036639217,60.06939166187593,0.7637883491202047,136.58273921520583,60.07016299238627,0.8193919237746741,261.3499913740576,60.08140789380497,1.2363863104178563,2048.048230331972,60.08450735587686,1.351462519330198,18347.801848076026,60.096421445037,1.6383893833226466,111.79211036639217,60.06939166187593,0.7637883491202047,136.58273921520583,60.07016299238627,0.8193919237746741,261.3499913740576,60.08140789380497,1.2363863104178563,2048.048230331972,60.08450735587686,1.351462519330198,18347.801848076026,60.096421445037,1.6383893833226466,1.0,60.0,0.0,60.0,0.0,0.0,0.0,1.0,60.0,0.0,60.0,0.0,0.0,0.0,1.0,60.0,0.0,60.0,0.0,0.0,0.0,1.0,60.0,0.0,60.0,0.0,0.0,0.0,1.0,60.0,0.0,60.0,0.0,0.0,0.0,1.0,1507653330.0874462,0.0,1.0,1507653330.0874462,0.0,1.0,1507653330.0874462,0.0,1.0,1507653330.0874462,0.0,1.0,1507653330.0874462,0.0,1.0,60.0,0.0,60.0,0.0,0.0,0.0,1.0,60.0,0.0,60.0,0.0,0.0,0.0,1.0,60.0,0.0,60.0,0.0,0.0,0.0,1.0,60.0,0.0,60.0,0.0,0.0,0.0,1.0,60.0,0.0,60.0,0.0,0.0,0.0
1.0,60.0,0.0,1.0,60.0,0.0,1.0,60.0,0.0,1.0,60.0,0.0,1.0,60.0,0.0,1.0,60.0,0.0,1.0,60.0,0.0,1.0,60.0,0.0,1.0,60.0,0.0,1.0,60.0,0.0,1.0,60.0,0.0,60.0,0.0,0.0,0.0,1.0,60.0,0.0,60.0,0.0,0.0,0.0,1.0,60.0,0.0,60.0,0.0,0.0,0.0,1.0,60.0,0.0,60.0,0.0,0.0,0.0,1.0,60.0,0.0,60.0,0.0,0.0,0.0,1.0,1505913461.329177,0.0,1.0,1505913461.329177,0.0,1.0,1505913461.329177,0.0,1.0,1505913461.329177,0.0,1.0,1505913461.329177,0.0,1.0,60.0,0.0,60.0,0.0,0.0,0.0,1.0,60.0,0.0,60.0,0.0,0.0,0.0,1.0,60.0,0.0,60.0,0.0,0.0,0.0,1.0,60.0,0.0,60.0,0.0,0.0,0.0,1.0,60.0,0.0,60.0,0.0,0.0,0.0
83.10337326717321,368.2827637382593,57252.7355636312,139.75678142209324,336.35240282060295,60143.0613319289,399.7898548427915,331.87656396235883,60369.61969773914,3991.168936898803,341.00414325435287,59824.85130166005,37741.00019449404,342.6982443650403,59711.71136790329,83.10337326717321,368.2827637382593,57252.7355636312,139.75678142209324,336.35240282060295,60143.0613319289,399.7898548427915,331.87656396235883,60369.61969773914,3991.168936898803,341.00414325435287,59824.85130166005,37741.00019449404,342.6982443650403,59711.71136790329,51.86076460924422,553.9999999999999,7.62939453125e-06,553.9999999999999,5.820766091346741e-11,0.0,0.0,78.17983126554601,553.9999999999999,1.0789593218788871e-05,553.9999999999999,1.1641532182693479e-10,0.0,0.0,219.99232383692117,553.9999999866716,0.0025659957496476,553.9999999866716,6.584334187209606e-06,0.0,0.0,2270.0728737368804,553.949769340439,4.9811065740614175,553.949769340439,24.81142270215787,0.0,0.0,21600.21464274112,553.8608689980332,8.289231420408727,553.8608689980332,68.71135754109127,0.0,0.0,51.86076460924422,0.0062862529294328,0.0004576179714072,78.17983126554601,0.006740972097469,0.0005992034872844,219.99232383692117,0.0067817158137415,0.0006304544574952,2270.0728737368804,0.00637917556071,103.46771159531671,21600.21464274112,3509.689534150846,5291382337477.118,1.0,554.0,0.0,554.0,0.0,0.0,0.0,1.0,554.0,0.0,554.0,0.0,0.0,0.0,1.0,554.0,0.0,554.0,0.0,0.0,0.0,1.0,554.0,0.0,554.0,0.0,0.0,0.0,1.0,554.0,0.0,554.0,0.0,0.0,0.0
168.9777091964508,74.00708160631017,0.1699337932432172,280.2088191053822,74.0157433407383,0.3792610620303094,854.8056609973097,74.02843800011449,0.7481726708247152,7529.629594691284,74.0658743698912,10.682779553299952,16860.516483176034,74.0799088491639,16.021959907612654,168.9777091964508,74.00708160631017,0.1699337932432172,280.2088191053822,74.0157433407383,0.3792610620303094,854.8056609973097,74.02843800011449,0.7481726708247152,7529.629594691284,74.0658743698912,10.682779553299952,16860.516483176034,74.0799088491639,16.021959907612654,168.9278447581284,73.99999933161978,0.0030589748518488,95.2680423913482,9.357327144245093e-06,3.574852655034521e-20,5.225174612395573e-12,280.024497103538,73.99995605696203,0.0248032376714436,95.26800877751307,0.0006152005989861,-2.949001831695445e-18,-7.197902397734453e-11,853.7375442683754,73.99842919209044,0.1482863556718893,95.26682278157922,0.02198884327845,-6.63696351253782e-17,-1.7738591453289118e-10,7512.193621835126,73.99795193591302,0.1693183467077077,95.2664520736952,0.0286687025318315,3.6309754183838985e-17,5.2279730319167787e-11,16814.625764680757,73.99780558210863,0.1752627597135992,95.26633839382907,0.0307170349424268,3.0952551099371067e-16,2.745370851461939e-10,168.92784475812837,0.0017618750284862,3.0746567891242935e-05,280.0244971035383,0.0017520553956468,3.210194033148894e-05,853.7375442683763,0.002114110459351,621486.4562839404,7512.193621835192,21824.7341512214,32865689988758.96,16814.625764680513,71747.12167831455,108039832224852.5,1.0,74.0,0.0,74.0,0.0,0.0,0.0,1.0,74.0,0.0,74.0,0.0,0.0,0.0,1.0,74.0,0.0,74.0,0.0,0.0,0.0,1.0,74.0,0.0,74.0,0.0,0.0,0.0,1.0,74.0,0.0,74.0,0.0,0.0,0.0
30.993877104202355,74.76713223323512,17.82268175800982,44.20495670784874,74.60295813116862,14.107549677243696,117.15479296096233,74.39197226422354,9.56660510378424,977.3363711687002,75.36900334742002,709.8900569446788,8716.894222365288,76.73460215890444,1759.3438164609197,30.993877104202355,74.76713223323512,17.82268175800982,44.20495670784874,74.60295813116862,14.107549677243696,117.15479296096233,74.39197226422354,9.56660510378424,977.3363711687002,75.36900334742002,709.8900569446788,8716.894222365288,76.73460215890444,1759.3438164609197,1.0000000009090562,74.0,9.5367431640625e-07,74.0,9.094947017729282e-13,0.0,0.0,1.0000037668728794,74.0,0.0,74.0,0.0,0.0,0.0,1.0174830766330871,74.0,0.0,74.0,0.0,0.0,0.0,2.1947831462000043,73.99999999999999,1.3486991523486091e-06,73.99999999999999,1.8189894035458565e-12,0.0,0.0,2.8986460351225443,74.0,0.0,74.0,0.0,0.0,0.0,1.0000000009090562,6.007031611319923,61297.397721687325,1.0000037668728794,16.893863757808493,16394702084.115871,1.0174830766330871,2861818.434537234,4301451128159657.5,2.1947831462000043,367320498.356354,4.182284249118041e+17,2.8986460351225443,488054628.1971991,4.9677057130580506e+17,1.0000000009090562,74.0,9.5367431640625e-07,74.0,9.094947017729282e-13,0.0,0.0,1.0000037668728794,74.0,0.0,74.0,0.0,0.0,0.0,1.0174830766330871,74.0,0.0,74.0,0.0,0.0,0.0,2.1947831462000043,73.99999999999999,1.3486991523486091e-06,73.99999999999999,1.8189894035458565e-12,0.0,0.0,2.8986460351225443,74.0,0.0,74.0,0.0,0.0,0.0
46.62242907552937,433.29700735139954,45057.46820231015,78.26177491930882,411.79367775219214,50022.896490945335,274.9975731821347,340.7155492834363,59852.05031026558,3120.748802296076,305.5834778253467,60979.77361076155,24467.66370263979,304.0446525090298,60972.23756379579,46.62242907552937,433.29700735139954,45057.46820231015,78.26177491930882,411.79367775219214,50022.896490945335,274.9975731821347,340.7155492834363,59852.05031026558,3120.748802296076,305.5834778253467,60979.77361076155,24467.66370263979,304.0446525090298,60972.23756379579,1.0,60.0,0.0,60.0,0.0,0.0,0.0,1.0,60.0,0.0,60.0,0.0,0.0,0.0,1.0,60.0,0.0,60.0,0.0,0.0,0.0,1.0,60.0,0.0,60.0,0.0,0.0,0.0,1.0,60.0,0.0,60.0,0.0,0.0,0.0,1.0,1507659514.158875,0.0,1.0,1507659514.158875,0.0,1.0,1507659514.158875,0.0,1.0,1507659514.158875,0.0,1.0,1507659514.158875,0.0,1.0,60.0,0.0,60.0,0.0,0.0,0.0,1.0,60.0,0.0,60.0,0.0,0.0,0.0,1.0,60.0,0.0,60.0,0.0,0.0,0.0,1.0,60.0,0.0,60.0,0.0,0.0,0.0,1.0,60.0,0.0,60.0,0.0,0.0,0.0
1.0,60.0,0.0,1.0,60.0,0.0,1.0,60.0,0.0,1.0,60.0,0.0,1.0,60.0,0.0,1.0,60.0,0.0,1.0,60.0,0.0,1.0,60.0,0.0,1.0,60.0,0.0,1.0,60.0,0.0,1.0,60.0,0.0,60.0,0.0,0.0,0.0,1.0,60.0,0.0,60.0,0.0,0.0,0.0,1.0,60.0,0.0,60.0,0.0,0.0,0.0,1.0,60.0,0.0,60.0,0.0,0.0,0.0,1.0,60.0,0.0,60.0,0.0,0.0,0.0,1.0,1505913460.178031,0.0,1.0,1505913460.178031,0.0,1.0,1505913460.178031,0.0,1.0,1505913460.178031,0.0,1.0,1505913460.178031,0.0,1.0,60.0,0.0,60.0,0.0,0.0,0.0,1.0,60.0,0.0,60.0,0.0,0.0,0.0,1.0,60.0,0.0,60.0,0.0,0.0,0.0,1.0,60.0,0.0,60.0,0.0,0.0,0.0,1.0,60.0,0.0,60.0,0.0,0.0,0.0
21.477420003685086,432.9471059479012,45134.94682591251,43.89626775447616,330.7350641736184,60415.99918998201,252.93132860860808,303.58895648855537,60960.88155265019,3770.420397317568,335.9003128359862,60149.03832966051,18536.940896432166,342.2504840963287,59743.476828530256,21.477420003685086,432.9471059479012,45134.94682591251,43.89626775447616,330.7350641736184,60415.99918998201,252.93132860860808,303.58895648855537,60960.88155265019,3770.420397317568,335.9003128359862,60149.03832966051,18536.940896432166,342.2504840963287,59743.476828530256,16.213410358353457,553.9999999999999,7.62939453125e-06,553.9999999999999,5.820766091346741e-11,0.0,0.0,24.05164652159554,554.0000000000001,1.3214498959113138e-05,554.0000000000001,1.7462298274040222e-10,0.0,0.0,124.67996765450552,553.9999999994017,0.0005437248474913,553.9999999994017,2.9563670977950096e-07,0.0,0.0,2105.6421178809783,553.9415473553873,5.373284817160847,553.9415473553873,28.872189726331268,0.0,0.0,10592.851771776715,553.8394298584685,8.904822690346883,553.8394298584685,79.29586714651668,0.0,0.0,16.213410358353457,0.0288676356116436,0.0089758929970873,24.05164652159554,0.0275424287889573,0.0089427347600538,124.67996765450552,0.0127725246628765,0.0036708432454122,2105.6421178809783,1615.8734025158562,2436168128926.7,10592.851771776715,77381.68085896235,116658952377615.28,1.0,554.0,0.0,554.0,0.0,0.0,0.0,1.0,554.0,0.0,554.0,0.0,0.0,0.0,1.0,554.0,0.0,554.0,0.0,0.0,0.0,1.0,554.0,0.0,554.0,0.0,0.0,0.0,1.0,554.0,0.0,554.0,0.0,0.0,0.0
48.46887308622814,456.5271443054994,38649.19409819454,94.11546539830344,391.0830757467041,53934.77556515372,370.5083929961458,335.33834467313864,60195.06010349149,4019.5135252693176,337.6890787889075,60045.934373581935,17685.911975573723,342.8933954223083,59698.521102799416,48.46887308622814,456.5271443054994,38649.19409819454,94.11546539830344,391.0830757467041,53934.77556515372,370.5083929961458,335.33834467313864,60195.06010349149,4019.5135252693176,337.6890787889075,60045.934373581935,17685.911975573723,342.8933954223083,59698.521102799416,38.90501908197322,554.0,0.0,554.0,0.0,0.0,0.0,63.07531826542103,554.0000000000001,1.52587890625e-05,554.0000000000001,2.3283064365386963e-10,0.0,0.0,206.4913956214284,553.9999999410034,0.0053985446910318,553.9999999410034,2.9144284781068567e-05,0.0,0.0,2259.5146523189537,553.9093240695858,6.692210957495393,553.9093240695858,44.78568749962142,0.0,0.0,10129.949316758157,553.8233139512373,9.34086131623671,553.8233139512373,87.2516901291674,0.0,0.0,38.90501908197322,0.0086234738214287,0.0007117526315752,63.07531826542103,0.0083829941877886,0.0007328137031435,206.4913956214284,0.0073411134621491,0.0010504544233223,2259.5146523189537,2506.6543254497037,3779156318560.2207,10129.949316758157,85148.22984919504,128366973869767.94,1.0,554.0,0.0,554.0,0.0,0.0,0.0,1.0,554.0,0.0,554.0,0.0,0.0,0.0,1.0,554.0,0.0,554.0,0.0,0.0,0.0,1.0,554.0,0.0,554.0,0.0,0.0,0.0,1.0,554.0,0.0,554.0,0.0,0.0,0.0
1.0,60.0,0.0,1.0,60.0,0.0,1.0,60.0,0.0,1.0,60.0,0.0,1.0,60.0,0.0,1.0,60.0,0.0,1.0,60.0,0.0,1.0,60.0,0.0,1.0,60.0,0.0,1.0,60.0,0.0,1.0,60.0,0.0,60.0,0.0,0.0,0.0,1.0,60.0,0.0,60.0,0.0,0.0,0.0,1.0,60.0,0.0,60.0,0.0,0.0,0.0,1.0,60.0,0.0,60.0,0.0,0.0,0.0,1.0,60.0,0.0,60.0,0.0,0.0,0.0,1.0,1505913583.089772,0.0,1.0,1505913583.089772,0.0,1.0,1505913583.089772,0.0,1.0,1505913583.089772,0.0,1.0,1505913583.089772,0.0,1.0,60.0,0.0,60.0,0.0,0.0,0.0,1.0,60.0,0.0,60.0,0.0,0.0,0.0,1.0,60.0,0.0,60.0,0.0,0.0,0.0,1.0,60.0,0.0,60.0,0.0,0.0,0.0,1.0,60.0,0.0,60.0,0.0,0.0,0.0
1.0,60.0,0.0,1.0,60.0,0.0,1.0,60.0,0.0,1.0,60.0,0.0,1.0,60.0,0.0,1.0,60.0,0.0,1.0,60.0,0.0,1.0,60.0,0.0,1.0,60.0,0.0,1.0,60.0,0.0,1.0,60.0,0.0,60.0,0.0,0.0,0.0,1.0,60.0,0.0,60.0,0.0,0.0,0.0,1.0,60.0,0.0,60.0,0.0,0.0,0.0,1.0,60.0,0.0,60.0,0.0,0.0,0.0,1.0,60.0,0.0,60.0,0.0,0.0,0.0,1.0,1505913440.167201,0.0,1.0,1505913440.167201,0.0,1.0,1505913440.167201,0.0,1.0,1505913440.167201,0.0,1.0,1505913440.167201,0.0,1.0,60.0,0.0,60.0,0.0,0.0,0.0,1.0,60.0,0.0,60.0,0.0,0.0,0.0,1.0,60.0,0.0,60.0,0.0,0.0,0.0,1.0,60.0,0.0,60.0,0.0,0.0,0.0,1.0,60.0,0.0,60.0,0.0,0.0,0.0
1.0,60.0,0.0,1.0,60.0,0.0,1.0,60.0,0.0,1.0,60.0,0.0,1.0,60.0,0.0,1.0,60.0,0.0,1.0,60.0,0.0,1.0,60.0,0.0,1.0,60.0,0.0,1.0,60.0,0.0,1.0,60.0,0.0,60.0,0.0,0.0,0.0,1.0,60.0,0.0,60.0,0.0,0.0,0.0,1.0,60.0,0.0,60.0,0.0,0.0,0.0,1.0,60.0,0.0,60.0,0.0,0.0,0.0,1.0,60.0,0.0,60.0,0.0,0.0,0.0,1.0,1505913456.127444,0.0,1.0,1505913456.127444,0.0,1.0,1505913456.127444,0.0,1.0,1505913456.127444,0.0,1.0,1505913456.127444,0.0,1.0,60.0,0.0,60.0,0.0,0.0,0.0,1.0,60.0,0.0,60.0,0.0,0.0,0.0,1.0,60.0,0.0,60.0,0.0,0.0,0.0,1.0,60.0,0.0,60.0,0.0,0.0,0.0,1.0,60.0,0.0,60.0,0.0,0.0,0.0
41.80014252528392,60.00052642341149,0.0071926112859728,59.93711180358417,60.00649146272976,0.1008585079739532,186.98950805875413,60.05442287822719,0.966501282264744,1983.025548558248,60.10355440001088,1.7704754386140849,8545.591838045959,60.10667548734973,1.8852531446773355,41.80014252528392,60.00052642341149,0.0071926112859728,59.93711180358417,60.00649146272976,0.1008585079739532,186.98950805875413,60.05442287822719,0.966501282264744,1983.025548558248,60.10355440001088,1.7704754386140849,8545.591838045959,60.10667548734973,1.8852531446773355,1.0,60.0,0.0,60.0,0.0,0.0,0.0,1.0,60.0,0.0,60.0,0.0,0.0,0.0,1.0,60.0,0.0,60.0,0.0,0.0,0.0,1.0,60.0,0.0,60.0,0.0,0.0,0.0,1.0,60.0,0.0,60.0,0.0,0.0,0.0,1.0,1507653038.614758,0.0,1.0,1507653038.614758,0.0,1.0,1507653038.614758,0.0,1.0,1507653038.614758,0.0,1.0,1507653038.614758,0.0,1.0,60.0,0.0,60.0,0.0,0.0,0.0,1.0,60.0,0.0,60.0,0.0,0.0,0.0,1.0,60.0,0.0,60.0,0.0,0.0,0.0,1.0,60.0,0.0,60.0,0.0,0.0,0.0,1.0,60.0,0.0,60.0,0.0,0.0,0.0
1.0,60.0,0.0,1.0,60.0,0.0,1.0,60.0,0.0,1.0,60.0,0.0,1.0,60.0,0.0,1.0,60.0,0.0,1.0,60.0,0.0,1.0,60.0,0.0,1.0,60.0,0.0,1.0,60.0,0.0,1.0,60.0,0.0,60.0,0.0,0.0,0.0,1.0,60.0,0.0,60.0,0.0,0.0,0.0,1.0,60.0,0.0,60.0,0.0,0.0,0.0,1.0,60.0,0.0,60.0,0.0,0.0,0.0,1.0,60.0,0.0,60.0,0.0,0.0,0.0,1.0,1505913574.254165,0.0,1.0,1505913574.254165,0.0,1.0,1505913574.254165,0.0,1.0,1505913574.254165,0.0,1.0,1505913574.254165,0.0,1.0,60.0,0.0,60.0,0.0,0.0,0.0,1.0,60.0,0.0,60.0,0.0,0.0,0.0,1.0,60.0,0.0,60.0,0.0,0.0,0.0,1.0,60.0,0.0,60.0,0.0,0.0,0.0,1.0,60.0,0.0,60.0,0.0,0.0,0.0
1.0,60.0,0.0,1.0,60.0,0.0,1.0,60.0,0.0,1.0,60.0,0.0,1.0,60.0,0.0,1.0,60.0,0.0,1.0,60.0,0.0,1.0,60.0,0.0,1.0,60.0,0.0,1.0,60.0,0.0,1.0,60.0,0.0,60.0,0.0,0.0,0.0,1.0,60.0,0.0,60.0,0.0,0.0,0.0,1.0,60.0,0.0,60.0,0.0,0.0,0.0,1.0,60.0,0.0,60.0,0.0,0.0,0.0,1.0,60.0,0.0,60.0,0.0,0.0,0.0,1.0,1505913434.611054,0.0,1.0,1505913434.611054,0.0,1.0,1505913434.611054,0.0,1.0,1505913434.611054,0.0,1.0,1505913434.611054,0.0,1.0,60.0,0.0,60.0,0.0,0.0,0.0,1.0,60.0,0.0,60.0,0.0,0.0,0.0,1.0,60.0,0.0,60.0,0.0,0.0,0.0,1.0,60.0,0.0,60.0,0.0,0.0,0.0,1.0,60.0,0.0,60.0,0.0,0.0,0.0
49.59472844752047,303.6015872057783,60963.22381165937,76.99167477645348,350.7156507681514,59059.953791628206,278.949850426514,359.99598796274336,58163.39605331263,3560.89287212632,338.4434092164177,59990.842729822354,37585.48265967185,341.64534825296334,59784.81663134693,49.59472844752047,303.6015872057783,60963.22381165937,76.99167477645348,350.7156507681514,59059.953791628206,278.949850426514,359.99598796274336,58163.39605331263,3560.89287212632,338.4434092164177,59990.842729822354,37585.48265967185,341.64534825296334,59784.81663134693,1.0,60.0,0.0,60.0,0.0,0.0,0.0,1.0,60.0,0.0,60.0,0.0,0.0,0.0,1.0,60.0,0.0,60.0,0.0,0.0,0.0,1.0,60.0,0.0,60.0,0.0,0.0,0.0,1.0,60.0,0.0,60.0,0.0,0.0,0.0,1.0,1507656454.448972,0.0,1.0,1507656454.448972,0.0,1.0,1507656454.448972,0.0,1.0,1507656454.448972,0.0,1.0,1507656454.448972,0.0,1.0,60.0,0.0,60.0,0.0,0.0,0.0,1.0,60.0,0.0,60.0,0.0,0.0,0.0,1.0,60.0,0.0,60.0,0.0,0.0,0.0,1.0,60.0,0.0,60.0,0.0,0.0,0.0,1.0,60.0,0.0,60.0,0.0,0.0,0.0
74.0265000733983,302.81453549400464,60990.24203791817,115.06661752301778,335.7169430471928,60178.071930950966,357.3038023067246,348.0381651462584,59304.60604462722,2580.175173065775,351.729230399088,58985.3945021742,3718.928213298579,353.9726520393274,58779.445951611415,74.0265000733983,302.81453549400464,60990.24203791817,115.06661752301778,335.7169430471928,60178.071930950966,357.3038023067246,348.0381651462584,59304.60604462722,2580.175173065775,351.729230399088,58985.3945021742,3718.928213298579,353.9726520393274,58779.445951611415,36.385666530491015,553.9999999999096,0.0002108806604169,553.9999999999096,4.44706529378891e-08,0.0,0.0,64.21925739587795,553.9999982768512,0.0291759388994464,553.9999982768512,0.0008512354106642,0.0,0.0,208.31258495351497,553.9786944370205,3.24414768230248,553.9786944370205,10.524494184588546,0.0,0.0,1524.6198345845455,553.6239508939749,13.624494318903476,553.6239508939749,185.6268454458332,0.0,0.0,2214.6131549861752,553.5775184119215,14.440478309948436,553.5775184119215,208.5274138200912,0.0,0.0,36.385666530491015,0.0085995168489686,0.0562563010998275,64.21925739587795,0.0081842908680858,524885.6921964281,208.31258495351497,1778.1304728415432,2680795193354.7183,1524.6198345845455,430703.2975024989,649166865235382.8,2214.6131549861752,626481.3098908856,944125772437729.4,1.0,554.0,0.0,554.0,0.0,0.0,0.0,1.0,554.0,0.0,554.0,0.0,0.0,0.0,1.0,554.0,0.0,554.0,0.0,0.0,0.0,1.0,554.0,0.0,554.0,0.0,0.0,0.0,1.0,554.0,0.0,554.0,0.0,0.0,0.0
133.87761104584104,332.49048912534863,60331.41649900848,212.62809769182653,324.4933389917845,60677.79341156982,454.6485722172715,314.0541922482481,60937.82197186157,3154.6535354961693,304.2891799190168,60978.586249151456,25016.77387841499,303.70566429930324,60970.992310450136,133.87761104584104,332.49048912534863,60331.41649900848,212.62809769182653,324.4933389917845,60677.79341156982,454.6485722172715,314.0541922482481,60937.82197186157,3154.6535354961693,304.2891799190168,60978.586249151456,25016.77387841499,303.70566429930324,60970.992310450136,1.0,60.0,0.0,60.0,0.0,0.0,0.0,1.0,60.0,0.0,60.0,0.0,0.0,0.0,1.0,60.0,0.0,60.0,0.0,0.0,0.0,1.0,60.0,0.0,60.0,0.0,0.0,0.0,1.0,60.0,0.0,60.0,0.0,0.0,0.0,1.0,1507659525.867573,0.0,1.0,1507659525.867573,0.0,1.0,1507659525.867573,0.0,1.0,1507659525.867573,0.0,1.0,1507659525.867573,0.0,1.0,60.0,0.0,60.0,0.0,0.0,0.0,1.0,60.0,0.0,60.0,0.0,0.0,0.0,1.0,60.0,0.0,60.0,0.0,0.0,0.0,1.0,60.0,0.0,60.0,0.0,0.0,0.0,1.0,60.0,0.0,60.0,0.0,0.0,0.0
1.0,60.0,0.0,1.0,60.0,0.0,1.0,60.0,0.0,1.0,60.0,0.0,1.0,60.0,0.0,1.0,60.0,0.0,1.0,60.0,0.0,1.0,60.0,0.0,1.0,60.0,0.0,1.0,60.0,0.0,1.0,60.0,0.0,60.0,0.0,0.0,0.0,1.0,60.0,0.0,60.0,0.0,0.0,0.0,1.0,60.0,0.0,60.0,0.0,0.0,0.0,1.0,60.0,0.0,60.0,0.0,0.0,0.0,1.0,60.0,0.0,60.0,0.0,0.0,0.0,1.0,1505913575.00218,0.0,1.0,1505913575.00218,0.0,1.0,1505913575.00218,0.0,1.0,1505913575.00218,0.0,1.0,1505913575.00218,0.0,1.0,60.0,0.0,60.0,0.0,0.0,0.0,1.0,60.0,0.0,60.0,0.0,0.0,0.0,1.0,60.0,0.0,60.0,0.0,0.0,0.0,1.0,60.0,0.0,60.0,0.0,0.0,0.0,1.0,60.0,0.0,60.0,0.0,0.0,0.0
95.85325739631656,413.0760717020456,49746.52186605477,165.49317317448262,399.2590510458867,52479.9968641724,525.266563998709,368.3773204587391,57222.51386411387,3390.059907831279,353.9006239975482,58789.50273150113,6092.4546814029545,353.5025170784685,58825.56806128504,95.85325739631656,413.0760717020456,49746.52186605477,165.49317317448262,399.2590510458867,52479.9968641724,525.266563998709,368.3773204587391,57222.51386411387,3390.059907831279,353.9006239975482,58789.50273150113,6092.4546814029545,353.5025170784685,58825.56806128504,1.0,60.0,0.0,60.0,0.0,0.0,0.0,1.0,60.0,0.0,60.0,0.0,0.0,0.0,1.0,60.0,0.0,60.0,0.0,0.0,0.0,1.0,60.0,0.0,60.0,0.0,0.0,0.0,1.0,60.0,0.0,60.0,0.0,0.0,0.0,1.0,1507655946.97112,0.0,1.0,1507655946.97112,0.0,1.0,1507655946.97112,0.0,1.0,1507655946.97112,0.0,1.0,1507655946.97112,0.0,1.0,60.0,0.0,60.0,0.0,0.0,0.0,1.0,60.0,0.0,60.0,0.0,0.0,0.0,1.0,60.0,0.0,60.0,0.0,0.0,0.0,1.0,60.0,0.0,60.0,0.0,0.0,0.0,1.0,60.0,0.0,60.0,0.0,0.0,0.0
180.21455383477573,73.97986361677519,1.7144477274323435,295.9727863420026,74.0234435005257,9.48150017675198,857.3877509792078,74.17662620364473,42.12605746744703,6318.032264299604,74.11939464598468,28.39459769988116,10829.965603592958,74.10927319597671,26.50413653517171,180.21455383477573,73.97986361677519,1.7144477274323435,295.9727863420026,74.0234435005257,9.48150017675198,857.3877509792078,74.17662620364473,42.12605746744703,6318.032264299604,74.11939464598468,28.39459769988116,10829.965603592958,74.10927319597671,26.50413653517171,179.71493148230823,74.00000000000003,2.132480599880018e-06,95.26804291051648,5.303219854654617e-12,-9.352125536001383e-28,-2.6549999966624387e-16,295.1090528401432,74.00000000000017,4.473129043410711e-06,95.26804291051668,2.8620195694310607e-11,1.8075159760129056e-26,8.932630540544308e-16,854.597098424645,73.99999863397733,0.0043731314728389,95.2680418494505,1.9124278878735448e-05,1.4209658496045197e-19,1.5237229806737145e-11,6295.346106918919,73.9983776503222,0.1506992484353668,95.266782746557,0.0227102634789844,7.825417842830399e-17,9.7015491047963e-11,10792.44695502869,73.9976544823117,0.1811953261210209,95.26622102762144,0.0328317462081031,8.927634305225329e-16,7.744783986315584e-10,179.71493148230832,0.0016296722693684,1.188200287752352e-05,295.10905284014325,0.0016489222875098,0.0168380321994184,854.5970984246472,2.2896859303253416,3445512804.711964,6295.346106918988,61676.827231690615,92876180220603.5,10792.446955028608,121846.86341574074,183476026949106.2,1.0,74.0,0.0,74.0,0.0,0.0,0.0,1.0,74.0,0.0,74.0,0.0,0.0,0.0,1.0,74.0,0.0,74.0,0.0,0.0,0.0,1.0,74.0,0.0,74.0,0.0,0.0,0.0,1.0,74.0,0.0,74.0,0.0,0.0,0.0
91.8121401723424,210.60719785388733,51717.40570509461,125.3551879487864,266.090206058411,59334.685141490765,372.59149745010615,339.9757107030086,59909.51810707247,4023.216064012304,353.36148438966995,58836.81736612746,36152.87995900768,344.50081287405686,59579.81524219697,91.8121401723424,210.60719785388733,51717.40570509461,125.3551879487864,266.090206058411,59334.685141490765,372.59149745010615,339.9757107030086,59909.51810707247,4023.216064012304,353.36148438966995,58836.81736612746,36152.87995900768,344.50081287405686,59579.81524219697,1.0,60.0,0.0,60.0,0.0,0.0,0.0,1.0,60.0,0.0,60.0,0.0,0.0,0.0,1.0,60.0,0.0,60.0,0.0,0.0,0.0,1.0,60.0,0.0,60.0,0.0,0.0,0.0,1.0,60.0,0.0,60.0,0.0,0.0,0.0,1.0,1507656271.401922,0.0,1.0,1507656271.401922,0.0,1.0,1507656271.401922,0.0,1.0,1507656271.401922,0.0,1.0,1507656271.401922,0.0,1.0,60.0,0.0,60.0,0.0,0.0,0.0,1.0,60.0,0.0,60.0,0.0,0.0,0.0,1.0,60.0,0.0,60.0,0.0,0.0,0.0,1.0,60.0,0.0,60.0,0.0,0.0,0.0,1.0,60.0,0.0,60.0,0.0,0.0,0.0
97.99817621790989,261.1154462956199,58881.43837143103,147.87459955584958,305.8560888372096,60986.85272906062,417.8763000396182,338.372538758723,59993.54369345994,3877.654125095215,341.6810098030008,59779.89124900397,11894.032475836048,345.30578640109263,59518.97607025236,97.99817621790989,261.1154462956199,58881.43837143103,147.87459955584958,305.8560888372096,60986.85272906062,417.8763000396182,338.372538758723,59993.54369345994,3877.654125095215,341.6810098030008,59779.89124900397,11894.032475836048,345.30578640109263,59518.97607025236,1.0,60.0,0.0,60.0,0.0,0.0,0.0,1.0,60.0,0.0,60.0,0.0,0.0,0.0,1.0,60.0,0.0,60.0,0.0,0.0,0.0,1.0,60.0,0.0,60.0,0.0,0.0,0.0,1.0,60.0,0.0,60.0,0.0,0.0,0.0,1.0,1507655974.584423,0.0,1.0,1507655974.584423,0.0,1.0,1507655974.584423,0.0,1.0,1507655974.584423,0.0,1.0,1507655974.584423,0.0,1.0,60.0,0.0,60.0,0.0,0.0,0.0,1.0,60.0,0.0,60.0,0.0,0.0,0.0,1.0,60.0,0.0,60.0,0.0,0.0,0.0,1.0,60.0,0.0,60.0,0.0,0.0,0.0,1.0,60.0,0.0,60.0,0.0,0.0,0.0
65.23156934194489,207.07850579044472,50933.29154154028,100.78927214539372,234.129146204891,55615.65175804423,289.9198217433172,276.40196899188686,60024.089227267206,3196.790071765537,297.66337663481954,60893.83921789763,26002.749312351792,302.61113745747053,60962.42663222789,65.23156934194489,207.07850579044472,50933.29154154028,100.78927214539372,234.129146204891,55615.65175804423,289.9198217433172,276.40196899188686,60024.089227267206,3196.790071765537,297.66337663481954,60893.83921789763,26002.749312351792,302.61113745747053,60962.42663222789,19.39594468963388,553.9999999617992,0.0043440877398055,553.9999999617992,1.887109829112888e-05,0.0,0.0,35.49126573733542,553.9999293275479,0.1868480303400146,553.9999293275479,0.034912186441943,0.0,0.0,126.96003674086737,553.9312401678018,5.827746493380762,553.9312401678018,33.962629191111766,0.0,0.0,1538.850905415977,553.5969646643077,14.104503477621336,553.5969646643077,198.9370183502324,0.0,0.0,12774.91712655989,553.7070399664809,12.026488721804464,553.7070399664809,144.63643097569005,0.0,0.0,19.39594468963388,0.0166584479828947,0.0008483220171812,35.49126573733542,0.0144052592974284,0.0006607270751923,126.96003674086737,0.0115803764774301,0.0005051804409475,1538.850905415977,0.0887467139595192,119617238.2416658,12774.91712655989,23055.985054867702,34760025188121.336,19.395944688133994,554.0000000000001,1.0789593218788871e-05,554.0000000000001,1.1641532182693479e-10,0.0,0.0,35.4912606598966,554.0000000000001,1.3214498959113138e-05,554.0000000000001,1.7462298274040222e-10,0.0,0.0,126.94236518049854,554.0,1.3214498959113138e-05,554.0,1.7462298274040222e-10,0.0,0.0,1537.5954169721606,553.9999999999999,2.95485179611772e-05,553.9999999999999,8.73114913702011e-10,0.0,0.0,12767.341134354194,553.9999999999974,6.291359902370698e-05,553.9999999999974,3.958120942115784e-09,0.0,0.0
60.43659901453118,60.03707885090056,0.4808666624921898,84.0714418341768,60.05740907230235,0.7521432236285364,203.4366566254474,60.0933647143525,1.3617118747729364,1939.855841502316,60.11049642623212,1.712331624740273,17948.156590071063,60.099685936264976,1.7140754042243316,60.43659901453118,60.03707885090056,0.4808666624921898,84.0714418341768,60.05740907230235,0.7521432236285364,203.4366566254474,60.0933647143525,1.3617118747729364,1939.855841502316,60.11049642623212,1.712331624740273,17948.156590071063,60.099685936264976,1.7140754042243316,1.0,60.0,0.0,60.0,0.0,0.0,0.0,1.0,60.0,0.0,60.0,0.0,0.0,0.0,1.0,60.0,0.0,60.0,0.0,0.0,0.0,1.0,60.0,0.0,60.0,0.0,0.0,0.0,1.0,60.0,0.0,60.0,0.0,0.0,0.0,1.0,1507653304.610963,0.0,1.0,1507653304.610963,0.0,1.0,1507653304.610963,0.0,1.0,1507653304.610963,0.0,1.0,1507653304.610963,0.0,1.0,60.0,0.0,60.0,0.0,0.0,0.0,1.0,60.0,0.0,60.0,0.0,0.0,0.0,1.0,60.0,0.0,60.0,0.0,0.0,0.0,1.0,60.0,0.0,60.0,0.0,0.0,0.0,1.0,60.0,0.0,60.0,0.0,0.0,0.0
74.81527017127719,399.8653389149797,52381.13108761272,121.10829493419344,411.4721952262904,50083.31939931502,372.3468006110119,374.40994275381365,56439.39225388818,3926.758163790559,344.3824964488742,59587.41313607214,31835.796249113304,342.2696597220746,59742.52697009168,74.81527017127719,399.8653389149797,52381.13108761272,121.10829493419344,411.4721952262904,50083.31939931502,372.3468006110119,374.40994275381365,56439.39225388818,3926.758163790559,344.3824964488742,59587.41313607214,31835.796249113304,342.2696597220746,59742.52697009168,1.0,60.0,0.0,60.0,0.0,0.0,0.0,1.0,60.0,0.0,60.0,0.0,0.0,0.0,1.0,60.0,0.0,60.0,0.0,0.0,0.0,1.0,60.0,0.0,60.0,0.0,0.0,0.0,1.0,60.0,0.0,60.0,0.0,0.0,0.0,1.0,1507656149.3145108,0.0,1.0,1507656149.3145108,0.0,1.0,1507656149.3145108,0.0,1.0,1507656149.3145108,0.0,1.0,1507656149.3145108,0.0,1.0,60.0,0.0,60.0,0.0,0.0,0.0,1.0,60.0,0.0,60.0,0.0,0.0,0.0,1.0,60.0,0.0,60.0,0.0,0.0,0.0,1.0,60.0,0.0,60.0,0.0,0.0,0.0,1.0,60.0,0.0,60.0,0.0,0.0,0.0
84.97986651633525,302.25110769435605,60985.44808156321,122.70563521797632,333.71804136516187,60290.185861388985,350.6742010784428,342.65121766491325,59722.0267962403,3776.190173747256,337.8138603437424,60036.66367809128,37776.25957924324,340.81154081563164,59842.09591652041,84.97986651633525,302.25110769435605,60985.44808156321,122.70563521797632,333.71804136516187,60290.185861388985,350.6742010784428,342.65121766491325,59722.0267962403,3776.190173747256,337.8138603437424,60036.66367809128,37776.25957924324,340.81154081563164,59842.09591652041,1.0,60.0,0.0,60.0,0.0,0.0,0.0,1.0,60.0,0.0,60.0,0.0,0.0,0.0,1.0,60.0,0.0,60.0,0.0,0.0,0.0,1.0,60.0,0.0,60.0,0.0,0.0,0.0,1.0,60.0,0.0,60.0,0.0,0.0,0.0,1.0,1507656480.519972,0.0,1.0,1507656480.519972,0.0,1.0,1507656480.519972,0.0,1.0,1507656480.519972,0.0,1.0,1507656480.519972,0.0,1.0,60.0,0.0,60.0,0.0,0.0,0.0,1.0,60.0,0.0,60.0,0.0,0.0,0.0,1.0,60.0,0.0,60.0,0.0,0.0,0.0,1.0,60.0,0.0,60.0,0.0,0.0,0.0,1.0,60.0,0.0,60.0,0.0,0.0,0.0
103.63984664288932,60.00598176572136,0.071758415152999,129.2859161316515,60.0158144132471,0.1908583870340408,253.2499881470048,60.03736068219312,0.5362556719305758,2071.8717527662816,60.07244020155908,1.2244421252999018,19440.39602261547,60.0955502312115,1.6627637171154674,103.63984664288932,60.00598176572136,0.071758415152999,129.2859161316515,60.0158144132471,0.1908583870340408,253.2499881470048,60.03736068219312,0.5362556719305758,2071.8717527662816,60.07244020155908,1.2244421252999018,19440.39602261547,60.0955502312115,1.6627637171154674,1.0,60.0,0.0,60.0,0.0,0.0,0.0,1.0,60.0,0.0,60.0,0.0,0.0,0.0,1.0,60.0,0.0,60.0,0.0,0.0,0.0,1.0,60.0,0.0,60.0,0.0,0.0,0.0,1.0,60.0,0.0,60.0,0.0,0.0,0.0,1.0,1507653475.9909,0.0,1.0,1507653475.9909,0.0,1.0,1507653475.9909,0.0,1.0,1507653475.9909,0.0,1.0,1507653475.9909,0.0,1.0,60.0,0.0,60.0,0.0,0.0,0.0,1.0,60.0,0.0,60.0,0.0,0.0,0.0,1.0,60.0,0.0,60.0,0.0,0.0,0.0,1.0,60.0,0.0,60.0,0.0,0.0,0.0,1.0,60.0,0.0,60.0,0.0,0.0,0.0
1.0,60.0,0.0,1.0,60.0,0.0,1.0,60.0,0.0,1.0,60.0,0.0,1.0,60.0,0.0,1.0,60.0,0.0,1.0,60.0,0.0,1.0,60.0,0.0,1.0,60.0,0.0,1.0,60.0,0.0,1.0,60.0,0.0,60.0,0.0,0.0,0.0,1.0,60.0,0.0,60.0,0.0,0.0,0.0,1.0,60.0,0.0,60.0,0.0,0.0,0.0,1.0,60.0,0.0,60.0,0.0,0.0,0.0,1.0,60.0,0.0,60.0,0.0,0.0,0.0,1.0,1505913468.430758,0.0,1.0,1505913468.430758,0.0,1.0,1505913468.430758,0.0,1.0,1505913468.430758,0.0,1.0,1505913468.430758,0.0,1.0,60.0,0.0,60.0,0.0,0.0,0.0,1.0,60.0,0.0,60.0,0.0,0.0,0.0,1.0,60.0,0.0,60.0,0.0,0.0,0.0,1.0,60.0,0.0,60.0,0.0,0.0,0.0,1.0,60.0,0.0,60.0,0.0,0.0,0.0
91.15095752706114,535.9728458540983,8458.933605781815,112.84560587109286,501.79086020868255,22948.11510917573,296.21022168360463,394.5379139865124,53279.81221457358,3901.1578524960814,344.1103434547244,59608.09882124524,30832.39331639502,342.3026256942017,59740.2765393173,91.15095752706114,535.9728458540983,8458.933605781815,112.84560587109286,501.79086020868255,22948.11510917573,296.21022168360463,394.5379139865124,53279.81221457358,3901.1578524960814,344.1103434547244,59608.09882124524,30832.39331639502,342.3026256942017,59740.2765393173,87.77745905082638,554.0,0.0,554.0,0.0,0.0,0.0,100.86291401389929,553.9999999999999,0.0,553.9999999999999,0.0,0.0,0.0,200.51082125637052,553.9999989026966,0.023282348421686,553.9999989026966,0.0005420677480287,0.0,0.0,2243.580771120784,553.9271615729159,5.998072819170775,553.9271615729159,35.97687754407525,0.0,0.0,17623.10339036352,553.8184258746447,9.469141923380176,553.8184258746447,89.664648765116,0.0,0.0,87.77745905082638,0.0065764143864533,0.0035125928740665,100.86291401389929,0.0075340565987106,0.003903892650677,200.51082125637052,0.0081418256462081,0.0030397179777523,2243.580771120784,0.3707460738408988,549204434.5862036,17623.10339036352,20212.82941937941,30473574056722.285,1.0,554.0,0.0,554.0,0.0,0.0,0.0,1.0,554.0,0.0,554.0,0.0,0.0,0.0,1.0,554.0,0.0,554.0,0.0,0.0,0.0,1.0,554.0,0.0,554.0,0.0,0.0,0.0,1.0,554.0,0.0,554.0,0.0,0.0,0.0
188.06554555294255,74.00901194808219,0.216359655620181,293.76041895610365,74.01848238007257,0.4482679267821368,814.7939427395926,74.03409817217046,1.4807602237979154,6912.25475883306,74.12089591643281,34.42502692826838,34185.141781277925,74.29001600658452,177.05255519914044,188.06554555294255,74.00901194808219,0.216359655620181,293.76041895610365,74.01848238007257,0.4482679267821368,814.7939427395926,74.03409817217046,1.4807602237979154,6912.25475883306,74.12089591643281,34.42502692826838,34185.141781277925,74.29001600658452,177.05255519914044,187.99489556677952,73.99999594278465,0.0075366433948711,95.26803975905112,5.680099366145456e-05,8.327941211935752e-20,5.462020685640183e-12,293.5325823555161,73.99986810772153,0.0429706239600709,95.26794046246712,0.0018464745235178,2.4191595881791762e-17,0.0,813.6295046055025,73.99758481409327,0.1838661729733146,95.26616691312252,0.0338067695638528,4.704086684621082e-16,7.169838525470892e-10,6891.8106242013255,73.99786605584858,0.1728313178002063,95.26638536660928,0.0298706644125559,1.1078653490807608e-16,2.0742915656783096e-10,34079.99969066663,73.99821285813577,0.1581669758154421,95.2666547444478,0.0250167922386026,1.5148341855366854e-17,8.119017627659606e-12,187.99489556677935,0.0015700512219721,1.869358687637539e-05,293.5325823555163,0.0016620993498782,2.078310605714044e-05,813.6295046055061,0.0017857630189309,3.661136857924679e-05,6891.810624201435,426.5903828653363,642405219198.8439,34079.99969066525,23678.53979153209,35657288569122.18,1.0,74.0,0.0,95.26804291051644,0.0,0.0,0.0,1.0,74.0,0.0,95.26804291051644,0.0,0.0,0.0,1.0,74.0,0.0,95.26804291051644,0.0,0.0,0.0,1.0209652700220526,74.0,9.5367431640625e-07,95.26804291051644,9.094947017729282e-13,0.0,0.0,1.6794383337651673,74.0,0.0,95.26804291051644,0.0,0.0,0.0
75.71350335665316,64.83793509349046,44.32547534004516,91.81576842552153,65.16339991885111,45.62690014433701,202.283463231528,68.37436482808246,47.11209958698328,3106.476786913912,69.3052486545583,43.76674604800154,26676.118196486343,67.95378979537415,48.25710915471882,75.71350335665316,64.83793509349046,44.32547534004516,91.81576842552153,65.16339991885111,45.62690014433701,202.283463231528,68.37436482808246,47.11209958698328,3106.476786913912,69.3052486545583,43.76674604800154,26676.118196486343,67.95378979537415,48.25710915471882,1.0,60.0,0.0,60.0,0.0,0.0,0.0,1.0,60.0,0.0,60.0,0.0,0.0,0.0,1.0,60.0,0.0,60.0,0.0,0.0,0.0,1.0,60.0,0.0,60.0,0.0,0.0,0.0,1.0,60.0,0.0,60.0,0.0,0.0,0.0,1.0,1507657269.541738,0.0,1.0,1507657269.541738,0.0,1.0,1507657269.541738,0.0,1.0,1507657269.541738,0.0,1.0,1507657269.541738,0.0,1.0,60.0,0.0,60.0,0.0,0.0,0.0,1.0,60.0,0.0,60.0,0.0,0.0,0.0,1.0,60.0,0.0,60.0,0.0,0.0,0.0,1.0,60.0,0.0,60.0,0.0,0.0,0.0,1.0,60.0,0.0,60.0,0.0,0.0,0.0
88.11048540943511,60.00778169999661,0.1193738326910534,114.84321869614712,60.02929235142201,0.4735454734377527,256.9271537645331,60.0765971542371,1.2944241088594026,2035.1141991442291,60.08511823397085,1.5076368841578187,7152.395739694196,60.10161539967783,1.8468440264528,88.11048540943511,60.00778169999661,0.1193738326910534,114.84321869614712,60.02929235142201,0.4735454734377527,256.9271537645331,60.0765971542371,1.2944241088594026,2035.1141991442291,60.08511823397085,1.5076368841578187,7152.395739694196,60.10161539967783,1.8468440264528,1.0,60.0,0.0,60.0,0.0,0.0,0.0,1.0,60.0,0.0,60.0,0.0,0.0,0.0,1.0,60.0,0.0,60.0,0.0,0.0,0.0,1.0,60.0,0.0,60.0,0.0,0.0,0.0,1.0,60.0,0.0,60.0,0.0,0.0,0.0,1.0,1507653021.4045188,0.0,1.0,1507653021.4045188,0.0,1.0,1507653021.4045188,0.0,1.0,1507653021.4045188,0.0,1.0,1507653021.4045188,0.0,1.0,60.0,0.0,60.0,0.0,0.0,0.0,1.0,60.0,0.0,60.0,0.0,0.0,0.0,1.0,60.0,0.0,60.0,0.0,0.0,0.0,1.0,60.0,0.0,60.0,0.0,0.0,0.0,1.0,60.0,0.0,60.0,0.0,0.0,0.0
74.0804516767408,60.07196514182411,1.0912915802241514,97.12692472152295,60.10639493509846,1.5852696942465627,221.50686260173265,60.11265753301526,1.650095160292949,2010.9262019808264,60.09916114612359,1.6280122846701488,18906.24974914776,60.09831639889144,1.6838463957969907,74.0804516767408,60.07196514182411,1.0912915802241514,97.12692472152295,60.10639493509846,1.5852696942465627,221.50686260173265,60.11265753301526,1.650095160292949,2010.9262019808264,60.09916114612359,1.6280122846701488,18906.24974914776,60.09831639889144,1.6838463957969907,1.0,60.0,0.0,60.0,0.0,0.0,0.0,1.0,60.0,0.0,60.0,0.0,0.0,0.0,1.0,60.0,0.0,60.0,0.0,0.0,0.0,1.0,60.0,0.0,60.0,0.0,0.0,0.0,1.0,60.0,0.0,60.0,0.0,0.0,0.0,1.0,1507653399.537777,0.0,1.0,1507653399.537777,0.0,1.0,1507653399.537777,0.0,1.0,1507653399.537777,0.0,1.0,1507653399.537777,0.0,1.0,60.0,0.0,60.0,0.0,0.0,0.0,1.0,60.0,0.0,60.0,0.0,0.0,0.0,1.0,60.0,0.0,60.0,0.0,0.0,0.0,1.0,60.0,0.0,60.0,0.0,0.0,0.0,1.0,60.0,0.0,60.0,0.0,0.0,0.0
48.65807523897068,490.1655265002237,32605.771830535265,93.47819409674383,424.5093994204416,51552.30990714904,345.6499910862989,359.4104135915483,61832.86432836112,3295.6646573699363,291.19490152405973,63507.18797883915,27753.72245871104,328.5638206483959,63742.38808514728,48.65807523897068,490.1655265002237,32605.771830535265,93.47819409674383,424.5093994204416,51552.30990714904,345.6499910862989,359.4104135915483,61832.86432836112,3295.6646573699363,291.19490152405973,63507.18797883915,27753.72245871104,328.5638206483959,63742.38808514728,41.362717609999045,565.998756417451,0.7932535682018469,565.998756417451,0.6292512234649621,0.0,0.0,67.33545277164971,565.9658218377037,4.158483133916933,565.9658218377037,17.292981975071598,0.0,0.0,204.78203889688265,565.296294949074,18.856817201475238,565.296294949074,355.57955496985227,0.0,0.0,1508.8983700127728,564.8474105333654,24.12222642375521,564.8474105333654,581.8818076389142,0.0,0.0,14749.750994491364,565.2465481374776,19.51099568769207,565.2465481374776,380.67895272513846,0.0,0.0,41.362717609999045,0.0074572718506905,0.0002389886956699,67.33545277164971,0.0074740169300861,0.0002812037768144,204.78203889688265,0.0072611472525002,0.0006902119893795,1508.8983700127728,0.0430900165953601,49530199.58458566,14749.750994491364,18247.81030525453,27511110339190.227,1.0,566.0,0.0,566.0,0.0,0.0,0.0,1.0,566.0,0.0,566.0,0.0,0.0,0.0,1.0,566.0,0.0,566.0,0.0,0.0,0.0,1.0,566.0,0.0,566.0,0.0,0.0,0.0,1.0,566.0,0.0,566.0,0.0,0.0,0.0
104.85010040158924,207.6403777313045,51124.954343048885,142.37601407810618,253.0746180930939,58085.18037046162,338.0760636827378,311.8175950136492,60961.53090059875,3642.981579470117,336.8502323981253,60093.18806373402,37721.42787620233,342.24736969112587,59743.63781064492,104.85010040158924,207.6403777313045,51124.954343048885,142.37601407810618,253.0746180930939,58085.18037046162,338.0760636827378,311.8175950136492,60961.53090059875,3642.981579470117,336.8502323981253,60093.18806373402,37721.42787620233,342.24736969112587,59743.63781064492,31.331115628655663,553.9999999999999,2.1579186437577742e-05,553.9999999999999,4.656612873077394e-10,0.0,0.0,55.636676962688426,553.9999999994563,0.0005182375396039,553.9999999994563,2.685701474547386e-07,0.0,0.0,172.3007092223549,553.9988631971661,0.7493859536588948,553.9988631971661,0.5615793075412512,0.0,0.0,2042.0238408946384,553.809403026958,9.701472953944943,553.809403026958,94.1185774761252,0.0,0.0,21555.79261650272,553.8326206226435,9.09161132921256,553.8326206226435,82.65739656146616,0.0,0.0,31.331115628655663,0.0117030522852087,0.0016652722456063,55.636676962688426,0.0099898429346397,0.0013912494259834,172.3007092223549,0.0087557796975603,0.0010848983530925,2042.0238408946384,0.0070881612711403,0.5183457022787921,21555.79261650272,2048.7790703259548,3088839909083.3745,1.0,554.0,0.0,554.0,0.0,0.0,0.0,1.0,554.0,0.0,554.0,0.0,0.0,0.0,1.0,554.0,0.0,554.0,0.0,0.0,0.0,1.0,554.0,0.0,554.0,0.0,0.0,0.0,1.0,554.0,0.0,554.0,0.0,0.0,0.0
51.51142088171228,60.03994094688919,0.5584239851950771,71.90022027530912,60.06545624948384,0.9285370134393816,195.5429286442653,60.09838433130681,1.5244531116773032,1987.732387405473,60.092017529028205,1.44489762681269,19526.10148811333,60.09484232044734,1.6031006867910946,51.51142088171228,60.03994094688919,0.5584239851950771,71.90022027530912,60.06545624948384,0.9285370134393816,195.5429286442653,60.09838433130681,1.5244531116773032,1987.732387405473,60.092017529028205,1.44489762681269,19526.10148811333,60.09484232044734,1.6031006867910946,1.0,60.0,0.0,60.0,0.0,0.0,0.0,1.0,60.0,0.0,60.0,0.0,0.0,0.0,1.0,60.0,0.0,60.0,0.0,0.0,0.0,1.0,60.0,0.0,60.0,0.0,0.0,0.0,1.0,60.0,0.0,60.0,0.0,0.0,0.0,1.0,1507653516.167463,0.0,1.0,1507653516.167463,0.0,1.0,1507653516.167463,0.0,1.0,1507653516.167463,0.0,1.0,1507653516.167463,0.0,1.0,60.0,0.0,60.0,0.0,0.0,0.0,1.0,60.0,0.0,60.0,0.0,0.0,0.0,1.0,60.0,0.0,60.0,0.0,0.0,0.0,1.0,60.0,0.0,60.0,0.0,0.0,0.0,1.0,60.0,0.0,60.0,0.0,0.0,0.0
1.0,60.0,0.0,1.0,60.0,0.0,1.0,60.0,0.0,1.0,60.0,0.0,1.0,60.0,0.0,1.0,60.0,0.0,1.0,60.0,0.0,1.0,60.0,0.0,1.0,60.0,0.0,1.0,60.0,0.0,1.0,60.0,0.0,60.0,0.0,0.0,0.0,1.0,60.0,0.0,60.0,0.0,0.0,0.0,1.0,60.0,0.0,60.0,0.0,0.0,0.0,1.0,60.0,0.0,60.0,0.0,0.0,0.0,1.0,60.0,0.0,60.0,0.0,0.0,0.0,1.0,1505913445.859412,0.0,1.0,1505913445.859412,0.0,1.0,1505913445.859412,0.0,1.0,1505913445.859412,0.0,1.0,1505913445.859412,0.0,1.0,60.0,0.0,60.0,0.0,0.0,0.0,1.0,60.0,0.0,60.0,0.0,0.0,0.0,1.0,60.0,0.0,60.0,0.0,0.0,0.0,1.0,60.0,0.0,60.0,0.0,0.0,0.0,1.0,60.0,0.0,60.0,0.0,0.0,0.0
90.76278654400365,60.03382518817179,0.356793043439211,117.99798731238351,60.05953642503335,0.6867794910854172,244.74186599871948,60.10140444771586,1.4577118835754843,2044.543376550356,60.10184073252383,1.7416343809809405,16265.602033487352,60.100059949315614,1.7402518407998286,90.76278654400365,60.03382518817179,0.356793043439211,117.99798731238351,60.05953642503335,0.6867794910854172,244.74186599871948,60.10140444771586,1.4577118835754843,2044.543376550356,60.10184073252383,1.7416343809809405,16265.602033487352,60.100059949315614,1.7402518407998286,1.0,60.0,0.0,60.0,0.0,0.0,0.0,1.0,60.0,0.0,60.0,0.0,0.0,0.0,1.0,60.0,0.0,60.0,0.0,0.0,0.0,1.0,60.0,0.0,60.0,0.0,0.0,0.0,1.0,60.0,0.0,60.0,0.0,0.0,0.0,1.0,1507653201.232496,0.0,1.0,1507653201.232496,0.0,1.0,1507653201.232496,0.0,1.0,1507653201.232496,0.0,1.0,1507653201.232496,0.0,1.0,60.0,0.0,60.0,0.0,0.0,0.0,1.0,60.0,0.0,60.0,0.0,0.0,0.0,1.0,60.0,0.0,60.0,0.0,0.0,0.0,1.0,60.0,0.0,60.0,0.0,0.0,0.0,1.0,60.0,0.0,60.0,0.0,0.0,0.0
50.10276453939989,417.5633279044552,53075.477520808665,83.94694662057002,421.7108995492645,52190.435001259786,279.2244015982637,372.6858844838866,60440.365166773496,3153.2140058989057,339.4909371463978,63285.17061336343,23812.000159319294,341.5976712591116,63168.097554513086,50.10276453939989,417.5633279044552,53075.477520808665,83.94694662057002,421.7108995492645,52190.435001259786,279.2244015982637,372.6858844838866,60440.365166773496,3153.2140058989057,339.4909371463978,63285.17061336343,23812.000159319294,341.5976712591116,63168.097554513086,1.0,60.0,0.0,60.0,0.0,0.0,0.0,1.0,60.0,0.0,60.0,0.0,0.0,0.0,1.0,60.0,0.0,60.0,0.0,0.0,0.0,1.0,60.0,0.0,60.0,0.0,0.0,0.0,1.0,60.0,0.0,60.0,0.0,0.0,0.0,1.0,1507658084.164878,0.0,1.0,1507658084.164878,0.0,1.0,1507658084.164878,0.0,1.0,1507658084.164878,0.0,1.0,1507658084.164878,0.0,1.0,60.0,0.0,60.0,0.0,0.0,0.0,1.0,60.0,0.0,60.0,0.0,0.0,0.0,1.0,60.0,0.0,60.0,0.0,0.0,0.0,1.0,60.0,0.0,60.0,0.0,0.0,0.0,1.0,60.0,0.0,60.0,0.0,0.0,0.0
119.07621580018738,228.84189183203804,54890.54483282752,163.30047458001786,261.39776884713086,58911.54394675135,392.660149193885,311.00107591870085,60950.10080348869,3782.8366519665287,334.7443699603995,60210.334857613176,37763.38610784,339.9007537742585,59902.565846293386,119.07621580018738,228.84189183203804,54890.54483282752,163.30047458001786,261.39776884713086,58911.54394675135,392.660149193885,311.00107591870085,60950.10080348869,3782.8366519665287,334.7443699603995,60210.334857613176,37763.38610784,339.9007537742585,59902.565846293386,1.0,60.0,0.0,60.0,0.0,0.0,0.0,1.0,60.0,0.0,60.0,0.0,0.0,0.0,1.0,60.0,0.0,60.0,0.0,0.0,0.0,1.0,60.0,0.0,60.0,0.0,0.0,0.0,1.0,60.0,0.0,60.0,0.0,0.0,0.0,1.0,1507656503.288789,0.0,1.0,1507656503.288789,0.0,1.0,1507656503.288789,0.0,1.0,1507656503.288789,0.0,1.0,1507656503.288789,0.0,1.0,60.0,0.0,60.0,0.0,0.0,0.0,1.0,60.0,0.0,60.0,0.0,0.0,0.0,1.0,60.0,0.0,60.0,0.0,0.0,0.0,1.0,60.0,0.0,60.0,0.0,0.0,0.0,1.0,60.0,0.0,60.0,0.0,0.0,0.0
114.75214582314948,71.95511483993002,25.33569494476888,196.7323514443783,70.7768674670075,35.46707023700765,595.9168752650968,69.31058182340976,44.11030680351449,4029.724618755008,68.36031724419253,47.39780198684002,13777.88577184049,67.54139448621314,48.89631048759657,114.75214582314948,71.95511483993002,25.33569494476888,196.7323514443783,70.7768674670075,35.46707023700765,595.9168752650968,69.31058182340976,44.11030680351449,4029.724618755008,68.36031724419253,47.39780198684002,13777.88577184049,67.54139448621314,48.89631048759657,97.08462699221852,73.99999999999999,9.5367431640625e-07,73.99999999999999,9.094947017729282e-13,0.0,0.0,150.17052576449586,73.99999999999999,9.5367431640625e-07,73.99999999999999,9.094947017729282e-13,0.0,0.0,393.70269849634536,73.99999999922477,0.0001041820990907,73.99999999922477,1.0853909770958126e-08,0.0,0.0,2392.177040189347,73.9927375782095,0.3187807433146173,73.9927375782095,0.1016211623082199,0.0,0.0,7380.713301561739,73.98074819453397,0.5188011608790095,73.98074819453397,0.269154644529408,0.0,0.0,97.08462699221852,0.0033775093626324,0.000271340663161,150.17052576449586,0.00353527217434,0.0003534864570172,393.70269849634536,0.0038196785665168,0.0004579092763913,2392.177040189347,3776.395935484986,5693486554515.402,7380.713301561739,122450.62750540471,184598546975718.62,1.0,74.0,0.0,74.0,0.0,0.0,0.0,1.0,74.0,0.0,74.0,0.0,0.0,0.0,1.0,74.0,0.0,74.0,0.0,0.0,0.0,1.0,74.0,0.0,74.0,0.0,0.0,0.0,1.0,74.0,0.0,74.0,0.0,0.0,0.0
81.77443416340596,219.27830982198412,53309.82589388419,127.93053281664068,253.5172652435943,58138.17031615153,355.2483737980308,295.5356278774005,60857.62881956333,3217.245121473868,302.87220117986635,60966.54572993236,20367.694384479448,302.9324910930264,60965.6740350132,81.77443416340596,219.27830982198412,53309.82589388419,127.93053281664068,253.5172652435943,58138.17031615153,355.2483737980308,295.5356278774005,60857.62881956333,3217.245121473868,302.87220117986635,60966.54572993236,20367.694384479448,302.9324910930264,60965.6740350132,1.0,60.0,0.0,60.0,0.0,0.0,0.0,1.0,60.0,0.0,60.0,0.0,0.0,0.0,1.0,60.0,0.0,60.0,0.0,0.0,0.0,1.0,60.0,0.0,60.0,0.0,0.0,0.0,1.0,60.0,0.0,60.0,0.0,0.0,0.0,1.0,1507659449.20362,0.0,1.0,1507659449.20362,0.0,1.0,1507659449.20362,0.0,1.0,1507659449.20362,0.0,1.0,1507659449.20362,0.0,1.0,60.0,0.0,60.0,0.0,0.0,0.0,1.0,60.0,0.0,60.0,0.0,0.0,0.0,1.0,60.0,0.0,60.0,0.0,0.0,0.0,1.0,60.0,0.0,60.0,0.0,0.0,0.0,1.0,60.0,0.0,60.0,0.0,0.0,0.0
143.8775603888812,74.06951358363742,1.6634944123106834,256.26935603862523,74.06169178056868,1.4780888791901816,813.9995980833887,74.06245037988097,11.194301184435062,6288.857783520886,74.51323342814342,367.660307692364,13938.242834269538,74.43744570878252,301.2519852199393,143.8775603888812,74.06951358363742,1.6634944123106834,256.26935603862523,74.06169178056868,1.4780888791901816,813.9995980833887,74.06245037988097,11.194301184435062,6288.857783520886,74.51323342814342,367.660307692364,13938.242834269538,74.43744570878252,301.2519852199393,143.46083342679242,74.00000000000007,9.5367431640625e-07,95.26804291051651,2.8760747774580336e-12,4.713483755858794e-28,2.9921352042636013e-16,255.61056759126416,74.00000000000003,1.6518123698891422e-06,95.26804291051648,4.192563418333924e-12,-9.008110381394442e-28,-3.056601882271315e-16,812.2626018272842,73.99999999943664,8.898348652213574e-05,95.26804291007878,7.918060886693559e-09,8.630965739735152e-24,1.4383510200607378e-13,6268.213238369316,73.99925641202046,0.1020278334974008,95.26746532542973,0.0104096788081733,2.6587785616327927e-16,6.727000263787557e-10,13894.046795873935,73.99831553856076,0.1535565783375325,95.26673450131688,0.0235796227507307,-1.678751765513024e-15,-1.718454208131513e-09,143.46083342679262,0.0020571377247322,2.289568995182516e-05,255.61056759126427,0.0019057864982107,2.020439974841653e-05,812.2626018272882,0.0027249160534267,1412395.4444364074,6268.21323836935,28252.817025576773,42545520489900.61,13894.046795873825,87500.8030448511,131761053109841.44,1.0,74.0,0.0,74.0,0.0,0.0,0.0,1.0,74.0,0.0,74.0,0.0,0.0,0.0,1.0,74.0,0.0,74.0,0.0,0.0,0.0,1.0,74.0,0.0,74.0,0.0,0.0,0.0,1.0,74.0,0.0,74.0,0.0,0.0,0.0
131.21298280754868,414.7884320791744,53607.83487873268,198.6154150411056,382.5232458918965,59145.30395593428,500.24204629185465,356.4499957965493,62098.21308235896,3780.148188203875,350.2114501002316,62602.85699205666,11098.636328540324,337.65638967093787,63376.589556602696,131.21298280754868,414.7884320791744,53607.83487873268,198.6154150411056,382.5232458918965,59145.30395593428,500.24204629185465,356.4499957965493,62098.21308235896,3780.148188203875,350.2114501002316,62602.85699205666,11098.636328540324,337.65638967093787,63376.589556602696,91.98044662033146,565.9999999999999,0.0,565.9999999999999,0.0,0.0,0.0,126.5729058784878,566.0000000000001,0.0,566.0000000000001,0.0,0.0,0.0,293.03050411767435,565.9999964920819,0.0421308263722232,565.9999964920819,0.0017750065308064,0.0,0.0,2168.9386873658627,565.7203397297427,11.892429814122224,565.7203397297427,141.42988688382317,0.0,0.0,6094.778384152395,565.5230666045225,15.52742195755978,565.5230666045225,241.1008326481096,0.0,0.0,91.98044662033146,0.0034507683537791,0.0001888389169285,126.5729058784878,0.0040576818230107,0.0002506004292523,293.03050411767435,0.0050670573022948,0.0547754429413354,2168.9386873658627,13385.152055875647,20180041205346.6,6094.778384152395,166648.59907942347,251221294529079.4,1.0,566.0,0.0,566.0,0.0,0.0,0.0,1.0,566.0,0.0,566.0,0.0,0.0,0.0,1.0,566.0,0.0,566.0,0.0,0.0,0.0,1.0,566.0,0.0,566.0,0.0,0.0,0.0,1.0,566.0,0.0,566.0,0.0,0.0,0.0
116.58363816138448,60.044143979122495,0.4485630023314116,142.38946646395837,60.06152310156843,0.6377535462020205,271.50839990568454,60.07751206498276,0.8859804092567174,2058.468416801209,60.09862388276738,1.605337569450512,19341.016198043457,60.09974607100448,1.7341573291123495,116.58363816138448,60.044143979122495,0.4485630023314116,142.38946646395837,60.06152310156843,0.6377535462020205,271.50839990568454,60.07751206498276,0.8859804092567174,2058.468416801209,60.09862388276738,1.605337569450512,19341.016198043457,60.09974607100448,1.7341573291123495,1.0,60.0,0.0,60.0,0.0,0.0,0.0,1.0,60.0,0.0,60.0,0.0,0.0,0.0,1.0,60.0,0.0,60.0,0.0,0.0,0.0,1.0,60.0,0.0,60.0,0.0,0.0,0.0,1.0,60.0,0.0,60.0,0.0,0.0,0.0,1.0,1507653457.380876,0.0,1.0,1507653457.380876,0.0,1.0,1507653457.380876,0.0,1.0,1507653457.380876,0.0,1.0,1507653457.380876,0.0,1.0,60.0,0.0,60.0,0.0,0.0,0.0,1.0,60.0,0.0,60.0,0.0,0.0,0.0,1.0,60.0,0.0,60.0,0.0,0.0,0.0,1.0,60.0,0.0,60.0,0.0,0.0,0.0,1.0,60.0,0.0,60.0,0.0,0.0,0.0
1.0,60.0,0.0,1.0,60.0,0.0,1.0,60.0,0.0,1.0,60.0,0.0,1.0,60.0,0.0,1.0,60.0,0.0,1.0,60.0,0.0,1.0,60.0,0.0,1.0,60.0,0.0,1.0,60.0,0.0,1.0,60.0,0.0,60.0,0.0,0.0,0.0,1.0,60.0,0.0,60.0,0.0,0.0,0.0,1.0,60.0,0.0,60.0,0.0,0.0,0.0,1.0,60.0,0.0,60.0,0.0,0.0,0.0,1.0,60.0,0.0,60.0,0.0,0.0,0.0,1.0,1505913555.978895,0.0,1.0,1505913555.978895,0.0,1.0,1505913555.978895,0.0,1.0,1505913555.978895,0.0,1.0,1505913555.978895,0.0,1.0,60.0,0.0,60.0,0.0,0.0,0.0,1.0,60.0,0.0,60.0,0.0,0.0,0.0,1.0,60.0,0.0,60.0,0.0,0.0,0.0,1.0,60.0,0.0,60.0,0.0,0.0,0.0,1.0,60.0,0.0,60.0,0.0,0.0,0.0
1.0,60.0,0.0,1.0,60.0,0.0,1.0,60.0,0.0,1.0,60.0,0.0,1.0,60.0,0.0,1.0,60.0,0.0,1.0,60.0,0.0,1.0,60.0,0.0,1.0,60.0,0.0,1.0,60.0,0.0,1.0,60.0,0.0,60.0,0.0,0.0,0.0,1.0,60.0,0.0,60.0,0.0,0.0,0.0,1.0,60.0,0.0,60.0,0.0,0.0,0.0,1.0,60.0,0.0,60.0,0.0,0.0,0.0,1.0,60.0,0.0,60.0,0.0,0.0,0.0,1.0,1505913440.8046231,0.0,1.0,1505913440.8046231,0.0,1.0,1505913440.8046231,0.0,1.0,1505913440.8046231,0.0,1.0,1505913440.8046231,0.0,1.0,60.0,0.0,60.0,0.0,0.0,0.0,1.0,60.0,0.0,60.0,0.0,0.0,0.0,1.0,60.0,0.0,60.0,0.0,0.0,0.0,1.0,60.0,0.0,60.0,0.0,0.0,0.0,1.0,60.0,0.0,60.0,0.0,0.0,0.0
1.0,60.0,0.0,1.0,60.0,0.0,1.0,60.0,0.0,1.0,60.0,0.0,1.0,60.0,0.0,1.0,60.0,0.0,1.0,60.0,0.0,1.0,60.0,0.0,1.0,60.0,0.0,1.0,60.0,0.0,1.0,60.0,0.0,60.0,0.0,0.0,0.0,1.0,60.0,0.0,60.0,0.0,0.0,0.0,1.0,60.0,0.0,60.0,0.0,0.0,0.0,1.0,60.0,0.0,60.0,0.0,0.0,0.0,1.0,60.0,0.0,60.0,0.0,0.0,0.0,1.0,1505913540.886177,0.0,1.0,1505913540.886177,0.0,1.0,1505913540.886177,0.0,1.0,1505913540.886177,0.0,1.0,1505913540.886177,0.0,1.0,60.0,0.0,60.0,0.0,0.0,0.0,1.0,60.0,0.0,60.0,0.0,0.0,0.0,1.0,60.0,0.0,60.0,0.0,0.0,0.0,1.0,60.0,0.0,60.0,0.0,0.0,0.0,1.0,60.0,0.0,60.0,0.0,0.0,0.0
113.07055855907116,419.9827216512107,48195.93919657631,203.7396793646292,373.18598095751486,56593.13141745037,614.221100135007,344.59292084600446,59577.0650123604,4432.889726477913,350.8294264175278,59066.652440327576,36628.7580996807,344.36645641179115,59590.075534541385,113.07055855907116,419.9827216512107,48195.93919657631,203.7396793646292,373.18598095751486,56593.13141745037,614.221100135007,344.59292084600446,59577.0650123604,4432.889726477913,350.8294264175278,59066.652440327576,36628.7580996807,344.36645641179115,59590.075534541385,82.42516530871505,553.686691674861,12.436886688881057,553.686691674861,154.6761505120667,0.0,0.0,129.3068529214203,553.3497381209112,17.911072769622585,553.3497381209112,320.80652775871573,0.0,0.0,354.3580132643956,553.227416099292,19.520746939252337,553.227416099292,381.0595610663295,0.0,0.0,2610.4675293518,553.7874697452384,10.244255792575109,553.7874697452384,104.94477674370864,0.0,0.0,21088.4202190844,553.8372071163217,8.966224568870649,553.8372071163217,80.39318301941967,0.0,0.0,82.42516530871505,0.0040805282449041,0.0003732635402921,129.3068529214203,0.0041151065695205,0.0004187396602101,354.3580132643956,0.0042602602855518,0.0005689030583179,2610.4675293518,0.0055807654280511,30644.77929020644,21088.4202190844,6440.293240084738,9709695398517.54,1.0,554.0,0.0,554.0,0.0,0.0,0.0,1.0,554.0,0.0,554.0,0.0,0.0,0.0,1.0,554.0,0.0,554.0,0.0,0.0,0.0,1.0,554.0,0.0,554.0,0.0,0.0,0.0,1.0,554.0,0.0,554.0,0.0,0.0,0.0
88.1471032448526,390.35413519296304,54059.360928581504,143.68804877015938,351.6532132594615,59008.2541268309,388.97094729639326,333.0881115960105,60308.16026583293,3770.056514366627,337.9698625156794,60025.143352343,32179.24605909167,341.3154995240575,59808.671750955495,88.1471032448526,390.35413519296304,54059.360928581504,143.68804877015938,351.6532132594615,59008.2541268309,388.97094729639326,333.0881115960105,60308.16026583293,3770.056514366627,337.9698625156794,60025.143352343,32179.24605909167,341.3154995240575,59808.671750955495,58.946236789597,553.9999990620959,0.021524978870683,553.9999990620959,0.0004633247153833,0.0,0.0,84.8280389735253,553.9996068845968,0.4406799911031082,553.9996068845968,0.1941988545586355,0.0,0.0,215.0342496959547,553.9064600599734,6.7970567639934645,553.9064600599734,46.199980652949314,0.0,0.0,2121.937510794993,553.77851218571,10.457816378542557,553.77851218571,109.36592340731296,0.0,0.0,18329.01979682676,553.8062250859605,9.781986445538031,553.8062250859605,95.68725882068978,0.0,0.0,58.946236789597,0.0054386376644136,0.0003206063006206,84.8280389735253,0.0061610604840416,0.00049104471713,215.0342496959547,0.007037244309225,0.0009693904502898,2121.937510794993,0.0672069182959663,91031982.94938149,18329.01979682676,16147.13143685762,24344048119570.605,1.0,554.0,0.0,554.0,0.0,0.0,0.0,1.0,554.0,0.0,554.0,0.0,0.0,0.0,1.0,554.0,0.0,554.0,0.0,0.0,0.0,1.0,554.0,0.0,554.0,0.0,0.0,0.0,1.0,554.0,0.0,554.0,0.0,0.0,0.0
97.55536684639412,60.00000047708328,8.444609193247743e-06,129.8688382201371,60.0000965787323,0.0017020751365635,261.49551735667217,60.01509366194854,0.2596244413716704,1957.309531523548,60.09342840532403,1.5179211231779846,12965.967156309767,60.10273458915703,1.7721323441892312,97.55536684639412,60.00000047708328,8.444609193247743e-06,129.8688382201371,60.0000965787323,0.0017020751365635,261.49551735667217,60.01509366194854,0.2596244413716704,1957.309531523548,60.09342840532403,1.5179211231779846,12965.967156309767,60.10273458915703,1.7721323441892312,1.0,60.0,0.0,60.0,0.0,0.0,0.0,1.0,60.0,0.0,60.0,0.0,0.0,0.0,1.0,60.0,0.0,60.0,0.0,0.0,0.0,1.0,60.0,0.0,60.0,0.0,0.0,0.0,1.0,60.0,0.0,60.0,0.0,0.0,0.0,1.0,1507653110.872303,0.0,1.0,1507653110.872303,0.0,1.0,1507653110.872303,0.0,1.0,1507653110.872303,0.0,1.0,1507653110.872303,0.0,1.0,60.0,0.0,60.0,0.0,0.0,0.0,1.0,60.0,0.0,60.0,0.0,0.0,0.0,1.0,60.0,0.0,60.0,0.0,0.0,0.0,1.0,60.0,0.0,60.0,0.0,0.0,0.0,1.0,60.0,0.0,60.0,0.0,0.0,0.0
1.0,60.0,0.0,1.0,60.0,0.0,1.0,60.0,0.0,1.0,60.0,0.0,1.0,60.0,0.0,1.0,60.0,0.0,1.0,60.0,0.0,1.0,60.0,0.0,1.0,60.0,0.0,1.0,60.0,0.0,1.0,60.0,0.0,60.0,0.0,0.0,0.0,1.0,60.0,0.0,60.0,0.0,0.0,0.0,1.0,60.0,0.0,60.0,0.0,0.0,0.0,1.0,60.0,0.0,60.0,0.0,0.0,0.0,1.0,60.0,0.0,60.0,0.0,0.0,0.0,1.0,1505913573.061467,0.0,1.0,1505913573.061467,0.0,1.0,1505913573.061467,0.0,1.0,1505913573.061467,0.0,1.0,1505913573.061467,0.0,1.0,60.0,0.0,60.0,0.0,0.0,0.0,1.0,60.0,0.0,60.0,0.0,0.0,0.0,1.0,60.0,0.0,60.0,0.0,0.0,0.0,1.0,60.0,0.0,60.0,0.0,0.0,0.0,1.0,60.0,0.0,60.0,0.0,0.0,0.0
113.92032713379837,217.9714185836785,53078.76962419458,171.19285328861622,248.08468689933815,57525.6281114514,423.2982529956731,299.2111504486065,60918.73926492564,3750.8888599616735,331.5707501798777,60376.42027308924,37751.767247097545,340.7841435738364,59843.6658626166,113.92032713379837,217.9714185836785,53078.76962419458,171.19285328861622,248.08468689933815,57525.6281114514,423.2982529956731,299.2111504486065,60918.73926492564,3750.8888599616735,331.5707501798777,60376.42027308924,37751.767247097545,340.7841435738364,59843.6658626166,36.427443801229465,553.9999999978787,0.0010237328434445,553.9999999978787,1.0480289347469809e-06,0.0,0.0,65.17062210844017,553.9999900862061,0.0699815261919563,553.9999900862061,0.0048974140081554,0.0,0.0,204.93255173584257,553.9736384505921,3.608588432611072,553.9736384505921,13.021910475974437,0.0,0.0,2062.335257113064,553.8111839183643,9.656059901112975,553.8111839183643,93.23949281388197,0.0,0.0,21460.991928275733,553.8354202214991,9.015282806355428,553.8354202214991,81.2753240785678,0.0,0.0,36.427443801229465,0.0090200795256159,0.0006275065610533,65.17062210844017,0.0079262937821913,0.0004989926552389,204.93255173584257,0.0071932121681346,0.0004012938456449,2062.335257113064,0.0070124084100268,0.0991045148908324,21460.991928275733,1745.1980999912737,2631145323960.2207,1.0,554.0,0.0,554.0,0.0,0.0,0.0,1.0,554.0,0.0,554.0,0.0,0.0,0.0,1.0,554.0,0.0,554.0,0.0,0.0,0.0,1.0,554.0,0.0,554.0,0.0,0.0,0.0,1.0,554.0,0.0,554.0,0.0,0.0,0.0
64.2499746225034,74.02472470057955,0.5928010430025097,103.05732673714787,74.05103266593319,1.2472463188896654,216.49074535997545,74.21021273190361,31.033786114436225,1227.1751434234484,75.32943438574722,614.4060629247415,7093.612415540479,76.46184349676834,1553.5579407033,64.2499746225034,74.02472470057955,0.5928010430025097,103.05732673714787,74.05103266593319,1.2472463188896654,216.49074535997545,74.21021273190361,31.033786114436225,1227.1751434234484,75.32943438574722,614.4060629247415,7093.612415540479,76.46184349676834,1553.5579407033,1.0000000008615888,74.0,0.0,74.0,0.0,0.0,0.0,1.0000036476380094,74.00000000000001,1.3486991523486091e-06,74.00000000000001,1.8189894035458565e-12,0.0,0.0,1.0173005709521383,74.00000000000001,1.3486991523486091e-06,74.00000000000001,1.8189894035458565e-12,0.0,0.0,2.193614395085317,74.0,9.5367431640625e-07,74.0,9.094947017729282e-13,0.0,0.0,2.8984620829052075,74.0,0.0,74.0,0.0,0.0,0.0,1.0000000008615888,6.022503973340334,58708.50457850692,1.0000036476380094,16.631077939898578,15975663860.74026,1.0173005709521383,2837734.4190688133,4265319255302455.0,2.193614395085317,367199099.2662517,4.181346903010748e+17,2.8984620829052075,488043402.65227896,4.967645067136338e+17,1.0000000008615888,74.0,0.0,74.0,0.0,0.0,0.0,1.0000036476380094,74.00000000000001,1.3486991523486091e-06,74.00000000000001,1.8189894035458565e-12,0.0,0.0,1.0173005709521383,74.00000000000001,1.3486991523486091e-06,74.00000000000001,1.8189894035458565e-12,0.0,0.0,2.193614395085317,74.0,9.5367431640625e-07,74.0,9.094947017729282e-13,0.0,0.0,2.8984620829052075,74.0,0.0,74.0,0.0,0.0,0.0
86.17909653853441,60.09772921997985,2.140451500908512,104.56389158833272,60.11907345163712,2.6034374295813905,225.6540748159492,60.10476826244497,2.2359724555058165,2015.4981280596517,60.09038182188932,1.7142622357382606,16956.029737205434,60.09774076453248,1.7170493241146687,86.17909653853441,60.09772921997985,2.140451500908512,104.56389158833272,60.11907345163712,2.6034374295813905,225.6540748159492,60.10476826244497,2.2359724555058165,2015.4981280596517,60.09038182188932,1.7142622357382606,16956.029737205434,60.09774076453248,1.7170493241146687,1.0,60.0,0.0,60.0,0.0,0.0,0.0,1.0,60.0,0.0,60.0,0.0,0.0,0.0,1.0,60.0,0.0,60.0,0.0,0.0,0.0,1.0,60.0,0.0,60.0,0.0,0.0,0.0,1.0,60.0,0.0,60.0,0.0,0.0,0.0,1.0,1507653233.4297109,0.0,1.0,1507653233.4297109,0.0,1.0,1507653233.4297109,0.0,1.0,1507653233.4297109,0.0,1.0,1507653233.4297109,0.0,1.0,60.0,0.0,60.0,0.0,0.0,0.0,1.0,60.0,0.0,60.0,0.0,0.0,0.0,1.0,60.0,0.0,60.0,0.0,0.0,0.0,1.0,60.0,0.0,60.0,0.0,0.0,0.0,1.0,60.0,0.0,60.0,0.0,0.0,0.0
136.16450711203356,305.1293806014117,60995.177798443525,217.6566431562549,325.1535887702188,60667.85094720985,551.3454304987287,337.8030442808552,60047.388984947786,3869.1498877819954,337.8975549798756,60029.51933561202,37788.16478688941,341.1141126463555,59821.39729563284,136.16450711203356,305.1293806014117,60995.177798443525,217.6566431562549,325.1535887702188,60667.85094720985,551.3454304987287,337.8030442808552,60047.388984947786,3869.1498877819954,337.8975549798756,60029.51933561202,37788.16478688941,341.1141126463555,59821.39729563284,1.0,60.0,0.0,60.0,0.0,0.0,0.0,1.0,60.0,0.0,60.0,0.0,0.0,0.0,1.0,60.0,0.0,60.0,0.0,0.0,0.0,1.0,60.0,0.0,60.0,0.0,0.0,0.0,1.0,60.0,0.0,60.0,0.0,0.0,0.0,1.0,1507656468.0726109,0.0,1.0,1507656468.0726109,0.0,1.0,1507656468.0726109,0.0,1.0,1507656468.0726109,0.0,1.0,1507656468.0726109,0.0,1.0,60.0,0.0,60.0,0.0,0.0,0.0,1.0,60.0,0.0,60.0,0.0,0.0,0.0,1.0,60.0,0.0,60.0,0.0,0.0,0.0,1.0,60.0,0.0,60.0,0.0,0.0,0.0,1.0,60.0,0.0,60.0,0.0,0.0,0.0
114.4091828455458,234.8080649494444,55789.67288126921,161.88746672625754,268.6625539931792,59527.186823099466,414.4028477365712,316.7222660801003,60896.621499649176,4092.101428024297,339.2680361109564,59946.53285413125,34064.84661799578,341.6724812938391,59784.35271337492,114.4091828455458,234.8080649494444,55789.67288126921,161.88746672625754,268.6625539931792,59527.186823099466,414.4028477365712,316.7222660801003,60896.621499649176,4092.101428024297,339.2680361109564,59946.53285413125,34064.84661799578,341.6724812938391,59784.35271337492,1.0,60.0,0.0,60.0,0.0,0.0,0.0,1.0,60.0,0.0,60.0,0.0,0.0,0.0,1.0,60.0,0.0,60.0,0.0,0.0,0.0,1.0,60.0,0.0,60.0,0.0,0.0,0.0,1.0,60.0,0.0,60.0,0.0,0.0,0.0,1.0,1507656204.2100348,0.0,1.0,1507656204.2100348,0.0,1.0,1507656204.2100348,0.0,1.0,1507656204.2100348,0.0,1.0,1507656204.2100348,0.0,1.0,60.0,0.0,60.0,0.0,0.0,0.0,1.0,60.0,0.0,60.0,0.0,0.0,0.0,1.0,60.0,0.0,60.0,0.0,0.0,0.0,1.0,60.0,0.0,60.0,0.0,0.0,0.0,1.0,60.0,0.0,60.0,0.0,0.0,0.0
1.0,60.0,0.0,1.0,60.0,0.0,1.0,60.0,0.0,1.0,60.0,0.0,1.0,60.0,0.0,1.0,60.0,0.0,1.0,60.0,0.0,1.0,60.0,0.0,1.0,60.0,0.0,1.0,60.0,0.0,1.0,60.0,0.0,60.0,0.0,0.0,0.0,1.0,60.0,0.0,60.0,0.0,0.0,0.0,1.0,60.0,0.0,60.0,0.0,0.0,0.0,1.0,60.0,0.0,60.0,0.0,0.0,0.0,1.0,60.0,0.0,60.0,0.0,0.0,0.0,1.0,1505913583.669847,0.0,1.0,1505913583.669847,0.0,1.0,1505913583.669847,0.0,1.0,1505913583.669847,0.0,1.0,1505913583.669847,0.0,1.0,60.0,0.0,60.0,0.0,0.0,0.0,1.0,60.0,0.0,60.0,0.0,0.0,0.0,1.0,60.0,0.0,60.0,0.0,0.0,0.0,1.0,60.0,0.0,60.0,0.0,0.0,0.0,1.0,60.0,0.0,60.0,0.0,0.0,0.0
1.0,60.0,0.0,1.0,60.0,0.0,1.0,60.0,0.0,1.0,60.0,0.0,1.0,60.0,0.0,1.0,60.0,0.0,1.0,60.0,0.0,1.0,60.0,0.0,1.0,60.0,0.0,1.0,60.0,0.0,1.0,60.0,0.0,60.0,0.0,0.0,0.0,1.0,60.0,0.0,60.0,0.0,0.0,0.0,1.0,60.0,0.0,60.0,0.0,0.0,0.0,1.0,60.0,0.0,60.0,0.0,0.0,0.0,1.0,60.0,0.0,60.0,0.0,0.0,0.0,1.0,1505913582.594026,0.0,1.0,1505913582.594026,0.0,1.0,1505913582.594026,0.0,1.0,1505913582.594026,0.0,1.0,1505913582.594026,0.0,1.0,60.0,0.0,60.0,0.0,0.0,0.0,1.0,60.0,0.0,60.0,0.0,0.0,0.0,1.0,60.0,0.0,60.0,0.0,0.0,0.0,1.0,60.0,0.0,60.0,0.0,0.0,0.0,1.0,60.0,0.0,60.0,0.0,0.0,0.0
112.09212841492216,69.81475175186604,41.0664379329528,188.5868757642805,69.14057720155095,44.4124175265324,545.6871657690502,69.0944457351945,44.721652703151456,3695.6151726423327,68.24590037296825,47.64403100561594,13103.549062465623,67.46023452221853,48.960542029084536,112.09212841492216,69.81475175186604,41.0664379329528,188.5868757642805,69.14057720155095,44.4124175265324,545.6871657690502,69.0944457351945,44.721652703151456,3695.6151726423327,68.24590037296825,47.64403100561594,13103.549062465623,67.46023452221853,48.960542029084536,78.54247706520302,74.00000000000003,1.6518123698891422e-06,74.00000000000003,2.7284841053187847e-12,0.0,0.0,122.91016102900592,74.00000000000001,9.5367431640625e-07,74.00000000000001,9.094947017729282e-13,0.0,0.0,352.768125136758,73.99999999671778,0.0002143731741283,73.99999999671778,4.595585778588429e-08,0.0,0.0,2163.937234395974,73.99082649639394,0.3582525608040741,73.99082649639394,0.1283448973226768,0.0,0.0,6944.196492454611,73.9792633637186,0.5384077449872704,73.9792633637186,0.2898828998622775,0.0,0.0,78.54247706520302,0.0046775178044463,0.0007294995832284,122.91016102900592,0.0045774608856448,0.0007429658273154,352.768125136758,0.0043053141899843,0.0006466981329709,2163.937234395974,4770.140842766009,7191703610723.775,6944.196492454611,131894.85651842487,198834802927064.1,1.0,74.0,0.0,74.0,0.0,0.0,0.0,1.0,74.0,0.0,74.0,0.0,0.0,0.0,1.0,74.0,0.0,74.0,0.0,0.0,0.0,1.0,74.0,0.0,74.0,0.0,0.0,0.0,1.0,74.0,0.0,74.0,0.0,0.0,0.0
36.25613171626517,60.007767070597325,0.17081040889434,52.34616052501157,60.030851679815854,0.6770050679283486,175.34456002997163,60.06577264733804,1.3772456526889982,1966.4878338864687,60.0870445863024,1.645524364301764,15372.366012488168,60.09744146191021,1.7050441797578058,36.25613171626517,60.007767070597325,0.17081040889434,52.34616052501157,60.030851679815854,0.6770050679283486,175.34456002997163,60.06577264733804,1.3772456526889982,1966.4878338864687,60.0870445863024,1.645524364301764,15372.366012488168,60.09744146191021,1.7050441797578058,1.0,60.0,0.0,60.0,0.0,0.0,0.0,1.0,60.0,0.0,60.0,0.0,0.0,0.0,1.0,60.0,0.0,60.0,0.0,0.0,0.0,1.0,60.0,0.0,60.0,0.0,0.0,0.0,1.0,60.0,0.0,60.0,0.0,0.0,0.0,1.0,1507653173.122615,0.0,1.0,1507653173.122615,0.0,1.0,1507653173.122615,0.0,1.0,1507653173.122615,0.0,1.0,1507653173.122615,0.0,1.0,60.0,0.0,60.0,0.0,0.0,0.0,1.0,60.0,0.0,60.0,0.0,0.0,0.0,1.0,60.0,0.0,60.0,0.0,0.0,0.0,1.0,60.0,0.0,60.0,0.0,0.0,0.0,1.0,60.0,0.0,60.0,0.0,0.0,0.0
1.0,60.0,0.0,1.0,60.0,0.0,1.0,60.0,0.0,1.0,60.0,0.0,1.0,60.0,0.0,1.0,60.0,0.0,1.0,60.0,0.0,1.0,60.0,0.0,1.0,60.0,0.0,1.0,60.0,0.0,1.0,60.0,0.0,60.0,0.0,0.0,0.0,1.0,60.0,0.0,60.0,0.0,0.0,0.0,1.0,60.0,0.0,60.0,0.0,0.0,0.0,1.0,60.0,0.0,60.0,0.0,0.0,0.0,1.0,60.0,0.0,60.0,0.0,0.0,0.0,1.0,1505913578.22454,0.0,1.0,1505913578.22454,0.0,1.0,1505913578.22454,0.0,1.0,1505913578.22454,0.0,1.0,1505913578.22454,0.0,1.0,60.0,0.0,60.0,0.0,0.0,0.0,1.0,60.0,0.0,60.0,0.0,0.0,0.0,1.0,60.0,0.0,60.0,0.0,0.0,0.0,1.0,60.0,0.0,60.0,0.0,0.0,0.0,1.0,60.0,0.0,60.0,0.0,0.0,0.0
76.69234827236794,483.2770354000649,35000.208238337655,125.7753419825484,434.1836393874337,49306.91660042078,401.7698091428279,383.9981733722046,58950.73731916573,3507.9403053148108,354.44857514316413,62269.108218369285,26726.461890240786,344.6291368665283,62985.831573676405,76.69234827236794,483.2770354000649,35000.208238337655,125.7753419825484,434.1836393874337,49306.91660042078,401.7698091428279,383.9981733722046,58950.73731916573,3507.9403053148108,354.44857514316413,62269.108218369285,26726.461890240786,344.6291368665283,62985.831573676405,64.14996250577423,566.0,7.62939453125e-06,566.0,5.820766091346741e-11,0.0,0.0,93.00175521132972,565.9999999997169,0.0003780209088695,565.9999999997169,1.4289980754256248e-07,0.0,0.0,257.2308738998044,565.9987017985405,0.8104864298303196,565.9987017985405,0.6568882529390976,0.0,0.0,2043.664065497983,565.3427194443635,18.225036170719054,565.3427194443635,332.15194342401816,0.0,0.0,15052.532608388205,565.2893204717532,18.949901738515347,565.2893204717532,359.0987758993869,0.0,0.0,64.14996250577423,0.0063174679755697,0.0016793614973444,93.00175521132972,0.0065789220875384,0.0018095353908361,257.2308738998044,0.0060604868038814,0.0014071913170519,2043.664065497983,0.1955276260651224,284032323.67568266,15052.532608388205,21948.78815401765,33090770939742.08,1.0,566.0,0.0,566.0,0.0,0.0,0.0,1.0,566.0,0.0,566.0,0.0,0.0,0.0,1.0,566.0,0.0,566.0,0.0,0.0,0.0,1.0,566.0,0.0,566.0,0.0,0.0,0.0,1.0,566.0,0.0,566.0,0.0,0.0,0.0
1.0,60.0,0.0,1.0,60.0,0.0,1.0,60.0,0.0,1.0,60.0,0.0,1.0,60.0,0.0,1.0,60.0,0.0,1.0,60.0,0.0,1.0,60.0,0.0,1.0,60.0,0.0,1.0,60.0,0.0,1.0,60.0,0.0,60.0,0.0,0.0,0.0,1.0,60.0,0.0,60.0,0.0,0.0,0.0,1.0,60.0,0.0,60.0,0.0,0.0,0.0,1.0,60.0,0.0,60.0,0.0,0.0,0.0,1.0,60.0,0.0,60.0,0.0,0.0,0.0,1.0,1505913459.127249,0.0,1.0,1505913459.127249,0.0,1.0,1505913459.127249,0.0,1.0,1505913459.127249,0.0,1.0,1505913459.127249,0.0,1.0,60.0,0.0,60.0,0.0,0.0,0.0,1.0,60.0,0.0,60.0,0.0,0.0,0.0,1.0,60.0,0.0,60.0,0.0,0.0,0.0,1.0,60.0,0.0,60.0,0.0,0.0,0.0,1.0,60.0,0.0,60.0,0.0,0.0,0.0
1.0,60.0,0.0,1.0,60.0,0.0,1.0,60.0,0.0,1.0,60.0,0.0,1.0,60.0,0.0,1.0,60.0,0.0,1.0,60.0,0.0,1.0,60.0,0.0,1.0,60.0,0.0,1.0,60.0,0.0,1.0,60.0,0.0,60.0,0.0,0.0,0.0,1.0,60.0,0.0,60.0,0.0,0.0,0.0,1.0,60.0,0.0,60.0,0.0,0.0,0.0,1.0,60.0,0.0,60.0,0.0,0.0,0.0,1.0,60.0,0.0,60.0,0.0,0.0,0.0,1.0,1505913545.325117,0.0,1.0,1505913545.325117,0.0,1.0,1505913545.325117,0.0,1.0,1505913545.325117,0.0,1.0,1505913545.325117,0.0,1.0,60.0,0.0,60.0,0.0,0.0,0.0,1.0,60.0,0.0,60.0,0.0,0.0,0.0,1.0,60.0,0.0,60.0,0.0,0.0,0.0,1.0,60.0,0.0,60.0,0.0,0.0,0.0,1.0,60.0,0.0,60.0,0.0,0.0,0.0
99.61900211133955,246.709302792038,57311.53889301335,134.86759201313308,271.5864085537105,59689.0605357621,273.8445363071226,307.37704483490614,60956.51274450088,3045.589968875671,308.0729850888564,60979.28619806832,20753.25569860336,303.85218020447485,60971.87175130968,99.61900211133955,246.709302792038,57311.53889301335,134.86759201313308,271.5864085537105,59689.0605357621,273.8445363071226,307.37704483490614,60956.51274450088,3045.589968875671,308.0729850888564,60979.28619806832,20753.25569860336,303.85218020447485,60971.87175130968,1.0,60.0,0.0,60.0,0.0,0.0,0.0,1.0,60.0,0.0,60.0,0.0,0.0,0.0,1.0,60.0,0.0,60.0,0.0,0.0,0.0,1.0,60.0,0.0,60.0,0.0,0.0,0.0,1.0,60.0,0.0,60.0,0.0,0.0,0.0,1.0,1507659456.512294,0.0,1.0,1507659456.512294,0.0,1.0,1507659456.512294,0.0,1.0,1507659456.512294,0.0,1.0,1507659456.512294,0.0,1.0,60.0,0.0,60.0,0.0,0.0,0.0,1.0,60.0,0.0,60.0,0.0,0.0,0.0,1.0,60.0,0.0,60.0,0.0,0.0,0.0,1.0,60.0,0.0,60.0,0.0,0.0,0.0,1.0,60.0,0.0,60.0,0.0,0.0,0.0
1.0,60.0,0.0,1.0,60.0,0.0,1.0,60.0,0.0,1.0,60.0,0.0,1.0,60.0,0.0,1.0,60.0,0.0,1.0,60.0,0.0,1.0,60.0,0.0,1.0,60.0,0.0,1.0,60.0,0.0,1.0,60.0,0.0,60.0,0.0,0.0,0.0,1.0,60.0,0.0,60.0,0.0,0.0,0.0,1.0,60.0,0.0,60.0,0.0,0.0,0.0,1.0,60.0,0.0,60.0,0.0,0.0,0.0,1.0,60.0,0.0,60.0,0.0,0.0,0.0,1.0,1505913554.368026,0.0,1.0,1505913554.368026,0.0,1.0,1505913554.368026,0.0,1.0,1505913554.368026,0.0,1.0,1505913554.368026,0.0,1.0,60.0,0.0,60.0,0.0,0.0,0.0,1.0,60.0,0.0,60.0,0.0,0.0,0.0,1.0,60.0,0.0,60.0,0.0,0.0,0.0,1.0,60.0,0.0,60.0,0.0,0.0,0.0,1.0,60.0,0.0,60.0,0.0,0.0,0.0
1.0,60.0,0.0,1.0,60.0,0.0,1.0,60.0,0.0,1.0,60.0,0.0,1.0,60.0,0.0,1.0,60.0,0.0,1.0,60.0,0.0,1.0,60.0,0.0,1.0,60.0,0.0,1.0,60.0,0.0,1.0,60.0,0.0,60.0,0.0,0.0,0.0,1.0,60.0,0.0,60.0,0.0,0.0,0.0,1.0,60.0,0.0,60.0,0.0,0.0,0.0,1.0,60.0,0.0,60.0,0.0,0.0,0.0,1.0,60.0,0.0,60.0,0.0,0.0,0.0,1.0,1505913559.9833891,0.0,1.0,1505913559.9833891,0.0,1.0,1505913559.9833891,0.0,1.0,1505913559.9833891,0.0,1.0,1505913559.9833891,0.0,1.0,60.0,0.0,60.0,0.0,0.0,0.0,1.0,60.0,0.0,60.0,0.0,0.0,0.0,1.0,60.0,0.0,60.0,0.0,0.0,0.0,1.0,60.0,0.0,60.0,0.0,0.0,0.0,1.0,60.0,0.0,60.0,0.0,0.0,0.0
1.0,60.0,0.0,1.0,60.0,0.0,1.0,60.0,0.0,1.0,60.0,0.0,1.0,60.0,0.0,1.0,60.0,0.0,1.0,60.0,0.0,1.0,60.0,0.0,1.0,60.0,0.0,1.0,60.0,0.0,1.0,60.0,0.0,60.0,0.0,0.0,0.0,1.0,60.0,0.0,60.0,0.0,0.0,0.0,1.0,60.0,0.0,60.0,0.0,0.0,0.0,1.0,60.0,0.0,60.0,0.0,0.0,0.0,1.0,60.0,0.0,60.0,0.0,0.0,0.0,1.0,1505913434.236967,0.0,1.0,1505913434.236967,0.0,1.0,1505913434.236967,0.0,1.0,1505913434.236967,0.0,1.0,1505913434.236967,0.0,1.0,60.0,0.0,60.0,0.0,0.0,0.0,1.0,60.0,0.0,60.0,0.0,0.0,0.0,1.0,60.0,0.0,60.0,0.0,0.0,0.0,1.0,60.0,0.0,60.0,0.0,0.0,0.0,1.0,60.0,0.0,60.0,0.0,0.0,0.0
1.0,60.0,0.0,1.0,60.0,0.0,1.0,60.0,0.0,1.0,60.0,0.0,1.0,60.0,0.0,1.0,60.0,0.0,1.0,60.0,0.0,1.0,60.0,0.0,1.0,60.0,0.0,1.0,60.0,0.0,1.0,60.0,0.0,60.0,0.0,0.0,0.0,1.0,60.0,0.0,60.0,0.0,0.0,0.0,1.0,60.0,0.0,60.0,0.0,0.0,0.0,1.0,60.0,0.0,60.0,0.0,0.0,0.0,1.0,60.0,0.0,60.0,0.0,0.0,0.0,1.0,1505913548.817665,0.0,1.0,1505913548.817665,0.0,1.0,1505913548.817665,0.0,1.0,1505913548.817665,0.0,1.0,1505913548.817665,0.0,1.0,60.0,0.0,60.0,0.0,0.0,0.0,1.0,60.0,0.0,60.0,0.0,0.0,0.0,1.0,60.0,0.0,60.0,0.0,0.0,0.0,1.0,60.0,0.0,60.0,0.0,0.0,0.0,1.0,60.0,0.0,60.0,0.0,0.0,0.0
58.09033740101948,394.1601501488048,53282.13924615071,135.62876570401346,347.02806731500715,59335.98498505903,586.2942787088998,330.89399188779487,60404.576489741776,4320.0687833573975,339.84025379234686,59904.21760712327,23784.4861733603,342.3567242664715,59735.45033204852,58.09033740101948,394.1601501488048,53282.13924615071,135.62876570401346,347.02806731500715,59335.98498505903,586.2942787088998,330.89399188779487,60404.576489741776,4320.0687833573975,339.84025379234686,59904.21760712327,23784.4861733603,342.3567242664715,59735.45033204852,39.26212443564548,554.0,1.3214498959113138e-05,554.0,1.7462298274040222e-10,0.0,0.0,78.76310032731735,553.9999999725513,0.0036823270926756,553.9999999725513,1.3559532817453144e-05,0.0,0.0,321.42315081544245,553.9974860584558,1.1143970580892375,553.9974860584558,1.2418808030779471,0.0,0.0,2447.540802923161,553.8388721561547,8.920268643815122,553.8388721561547,79.57119267783128,0.0,0.0,13597.45026704521,553.8086890563936,9.719619656325523,553.8086890563936,94.47100626362952,0.0,0.0,39.26212443564548,0.0079677002252297,0.0003234457670624,78.76310032731735,0.0064434489997512,0.0003023422457636,321.42315081544245,0.0046162334272,0.0003643558596448,2447.540802923161,123.95354815076672,186870350001.35117,13597.45026704521,47338.16351578427,71367412656152.81,1.0,554.0,0.0,554.0,0.0,0.0,0.0,1.0,554.0,0.0,554.0,0.0,0.0,0.0,1.0,554.0,0.0,554.0,0.0,0.0,0.0,1.0,554.0,0.0,554.0,0.0,0.0,0.0,1.0,554.0,0.0,554.0,0.0,0.0,0.0
153.5680037773781,73.93370624405631,1.21728000600433,264.57617884532203,73.96989225757233,1.054701172750356,824.0285745942465,74.01296669133632,1.0105644392369868,7821.101273735728,74.2597759220738,175.25840592839904,24039.74199006412,74.43063964741194,302.62840676441465,153.5680037773781,73.93370624405631,1.21728000600433,264.57617884532203,73.96989225757233,1.054701172750356,824.0285745942465,74.01296669133632,1.0105644392369868,7821.101273735728,74.2597759220738,175.25840592839904,24039.74199006412,74.43063964741194,302.62840676441465,153.51854372427087,73.9259596528412,1.0154225165989494,95.2105430642715,1.0310828872161435,-1.1511107321394683e-14,-4.492842628682282e-09,264.39035716254364,73.95327135629984,0.8074759721806635,95.23175071528672,0.6520174456491077,-2.9818500758804908e-15,-1.5187959512851667e-09,822.8289386072627,73.98368004847624,0.4777164226855568,95.25536684888324,0.2282129805034856,9.404467055594371e-15,5.0818513713425454e-09,7801.245098487498,73.99769327945971,0.1796907527335971,95.26625116315344,0.0322887666179667,1.6385967144710286e-15,2.223107177494453e-09,23966.08483261589,73.99808163799233,0.1638700339566074,95.26655281945958,0.0268533880289396,-1.1726110628429306e-15,-7.170464617827817e-10,153.51854372427084,0.0019277788475197,2.5059046779895928e-05,264.39035716254364,0.0018478454235745,2.5016955792405605e-05,822.8289386072687,0.0017624988028234,0.1497525278264336,7801.24509848768,4561.818501660593,6869684281562.053,23966.084832615237,43206.923036010165,65064054550156.51,1.0,74.0,0.0,74.0,0.0,0.0,0.0,1.0,74.0,0.0,74.0,0.0,0.0,0.0,1.0,74.0,0.0,74.0,0.0,0.0,0.0,1.0,74.0,0.0,74.0,0.0,0.0,0.0,1.0,74.0,0.0,74.0,0.0,0.0,0.0
70.21892450611323,60.15773594355999,2.0330318916903707,96.8842968434731,60.1384357093621,1.8008621728386058,232.78435279699104,60.09520256754838,1.323369890988488,2014.7665645640852,60.09443208382928,1.5672675153491582,18939.79715764324,60.09779407617217,1.6764975555342971,70.21892450611323,60.15773594355999,2.0330318916903707,96.8842968434731,60.1384357093621,1.8008621728386058,232.78435279699104,60.09520256754838,1.323369890988488,2014.7665645640852,60.09443208382928,1.5672675153491582,18939.79715764324,60.09779407617217,1.6764975555342971,1.0,60.0,0.0,60.0,0.0,0.0,0.0,1.0,60.0,0.0,60.0,0.0,0.0,0.0,1.0,60.0,0.0,60.0,0.0,0.0,0.0,1.0,60.0,0.0,60.0,0.0,0.0,0.0,1.0,60.0,0.0,60.0,0.0,0.0,0.0,1.0,1507653403.938304,0.0,1.0,1507653403.938304,0.0,1.0,1507653403.938304,0.0,1.0,1507653403.938304,0.0,1.0,1507653403.938304,0.0,1.0,60.0,0.0,60.0,0.0,0.0,0.0,1.0,60.0,0.0,60.0,0.0,0.0,0.0,1.0,60.0,0.0,60.0,0.0,0.0,0.0,1.0,60.0,0.0,60.0,0.0,0.0,0.0,1.0,60.0,0.0,60.0,0.0,0.0,0.0
1.0,60.0,0.0,1.0,60.0,0.0,1.0,60.0,0.0,1.0,60.0,0.0,1.0,60.0,0.0,1.0,60.0,0.0,1.0,60.0,0.0,1.0,60.0,0.0,1.0,60.0,0.0,1.0,60.0,0.0,1.0,60.0,0.0,60.0,0.0,0.0,0.0,1.0,60.0,0.0,60.0,0.0,0.0,0.0,1.0,60.0,0.0,60.0,0.0,0.0,0.0,1.0,60.0,0.0,60.0,0.0,0.0,0.0,1.0,60.0,0.0,60.0,0.0,0.0,0.0,1.0,1505913553.960279,0.0,1.0,1505913553.960279,0.0,1.0,1505913553.960279,0.0,1.0,1505913553.960279,0.0,1.0,1505913553.960279,0.0,1.0,60.0,0.0,60.0,0.0,0.0,0.0,1.0,60.0,0.0,60.0,0.0,0.0,0.0,1.0,60.0,0.0,60.0,0.0,0.0,0.0,1.0,60.0,0.0,60.0,0.0,0.0,0.0,1.0,60.0,0.0,60.0,0.0,0.0,0.0
1.0,60.0,0.0,1.0,60.0,0.0,1.0,60.0,0.0,1.0,60.0,0.0,1.0,60.0,0.0,1.0,60.0,0.0,1.0,60.0,0.0,1.0,60.0,0.0,1.0,60.0,0.0,1.0,60.0,0.0,1.0,60.0,0.0,60.0,0.0,0.0,0.0,1.0,60.0,0.0,60.0,0.0,0.0,0.0,1.0,60.0,0.0,60.0,0.0,0.0,0.0,1.0,60.0,0.0,60.0,0.0,0.0,0.0,1.0,60.0,0.0,60.0,0.0,0.0,0.0,1.0,1505913562.310983,0.0,1.0,1505913562.310983,0.0,1.0,1505913562.310983,0.0,1.0,1505913562.310983,0.0,1.0,1505913562.310983,0.0,1.0,60.0,0.0,60.0,0.0,0.0,0.0,1.0,60.0,0.0,60.0,0.0,0.0,0.0,1.0,60.0,0.0,60.0,0.0,0.0,0.0,1.0,60.0,0.0,60.0,0.0,0.0,0.0,1.0,60.0,0.0,60.0,0.0,0.0,0.0
1.0,60.0,0.0,1.0,60.0,0.0,1.0,60.0,0.0,1.0,60.0,0.0,1.0,60.0,0.0,1.0,60.0,0.0,1.0,60.0,0.0,1.0,60.0,0.0,1.0,60.0,0.0,1.0,60.0,0.0,1.0,60.0,0.0,60.0,0.0,0.0,0.0,1.0,60.0,0.0,60.0,0.0,0.0,0.0,1.0,60.0,0.0,60.0,0.0,0.0,0.0,1.0,60.0,0.0,60.0,0.0,0.0,0.0,1.0,60.0,0.0,60.0,0.0,0.0,0.0,1.0,1505913551.430261,0.0,1.0,1505913551.430261,0.0,1.0,1505913551.430261,0.0,1.0,1505913551.430261,0.0,1.0,1505913551.430261,0.0,1.0,60.0,0.0,60.0,0.0,0.0,0.0,1.0,60.0,0.0,60.0,0.0,0.0,0.0,1.0,60.0,0.0,60.0,0.0,0.0,0.0,1.0,60.0,0.0,60.0,0.0,0.0,0.0,1.0,60.0,0.0,60.0,0.0,0.0,0.0
1.0,60.0,0.0,1.0,60.0,0.0,1.0,60.0,0.0,1.0,60.0,0.0,1.0,60.0,0.0,1.0,60.0,0.0,1.0,60.0,0.0,1.0,60.0,0.0,1.0,60.0,0.0,1.0,60.0,0.0,1.0,60.0,0.0,60.0,0.0,0.0,0.0,1.0,60.0,0.0,60.0,0.0,0.0,0.0,1.0,60.0,0.0,60.0,0.0,0.0,0.0,1.0,60.0,0.0,60.0,0.0,0.0,0.0,1.0,60.0,0.0,60.0,0.0,0.0,0.0,1.0,1505913459.711451,0.0,1.0,1505913459.711451,0.0,1.0,1505913459.711451,0.0,1.0,1505913459.711451,0.0,1.0,1505913459.711451,0.0,1.0,60.0,0.0,60.0,0.0,0.0,0.0,1.0,60.0,0.0,60.0,0.0,0.0,0.0,1.0,60.0,0.0,60.0,0.0,0.0,0.0,1.0,60.0,0.0,60.0,0.0,0.0,0.0,1.0,60.0,0.0,60.0,0.0,0.0,0.0
132.56303576682532,370.85123390745,56919.957020081965,185.0960373251494,371.2972131887148,56859.900422597246,399.3914993445708,350.4849414900528,59101.46967894486,3321.5409771195705,313.33354260984026,60941.12797769564,13186.736139981522,305.3673673304715,60979.78911454369,132.56303576682532,370.85123390745,56919.957020081965,185.0960373251494,371.2972131887148,56859.900422597246,399.3914993445708,350.4849414900528,59101.46967894486,3321.5409771195705,313.33354260984026,60941.12797769564,13186.736139981522,305.3673673304715,60979.78911454369,1.0,60.0,0.0,60.0,0.0,0.0,0.0,1.0,60.0,0.0,60.0,0.0,0.0,0.0,1.0,60.0,0.0,60.0,0.0,0.0,0.0,1.0,60.0,0.0,60.0,0.0,0.0,0.0,1.0,60.0,0.0,60.0,0.0,0.0,0.0,1.0,1507659381.460442,0.0,1.0,1507659381.460442,0.0,1.0,1507659381.460442,0.0,1.0,1507659381.460442,0.0,1.0,1507659381.460442,0.0,1.0,60.0,0.0,60.0,0.0,0.0,0.0,1.0,60.0,0.0,60.0,0.0,0.0,0.0,1.0,60.0,0.0,60.0,0.0,0.0,0.0,1.0,60.0,0.0,60.0,0.0,0.0,0.0,1.0,60.0,0.0,60.0,0.0,0.0,0.0
135.03028909878472,443.43762274556383,42391.51450259905,222.83197445448312,406.7012868117025,51060.67495747877,649.3832349669696,370.0714336041435,57010.14653790995,2183.266187822297,360.9565163329908,58072.6822441721,2615.692365091589,362.09386156878566,57948.5876680332,135.03028909878472,443.43762274556383,42391.51450259905,222.83197445448312,406.7012868117025,51060.67495747877,649.3832349669696,370.0714336041435,57010.14653790995,2183.266187822297,360.9565163329908,58072.6822441721,2615.692365091589,362.09386156878566,57948.5876680332,104.80796381899046,553.99927258071,0.5994535846233346,553.99927258071,0.3593446001177653,0.0,0.0,156.38731957562604,553.981405122733,3.0307628743712014,553.981405122733,9.185523600666782,0.0,0.0,407.8114949709865,553.6764426026701,12.638538874864471,553.6764426026701,159.73266489146044,0.0,0.0,1331.4958391930022,553.3955135925073,17.269941559969677,553.3955135925073,298.2508814847679,0.0,0.0,1601.24580848981,553.3955231416129,17.269805319458197,553.3955231416129,298.2461757719866,0.0,0.0,104.80796381899046,0.0032810322917883,450917.8793430829,156.38731957562604,3.760163305743073,5664157195.632002,407.8114949709865,27003.51416165638,40711273556349.81,1331.4958391930022,692341.1947616172,1043332962092198.4,1601.24580848981,896354.9262602389,1350591357297227.5,1.0,554.0,0.0,554.0,0.0,0.0,0.0,1.0,554.0,0.0,554.0,0.0,0.0,0.0,1.0,554.0,0.0,554.0,0.0,0.0,0.0,1.0,554.0,0.0,554.0,0.0,0.0,0.0,1.0,554.0,0.0,554.0,0.0,0.0,0.0
72.32947300721004,202.789089704247,50149.03099146747,110.52045567246564,240.33936772772392,56564.59026666146,310.1319013999332,289.045959205355,60676.6121586417,3248.345452350902,304.3086579009707,60975.70791980898,24152.712936807133,303.99848028382024,60972.09876816014,72.32947300721004,202.789089704247,50149.03099146747,110.52045567246564,240.33936772772392,56564.59026666146,310.1319013999332,289.045959205355,60676.6121586417,3248.345452350902,304.3086579009707,60975.70791980898,24152.712936807133,303.99848028382024,60972.09876816014,1.0,60.0,0.0,60.0,0.0,0.0,0.0,1.0,60.0,0.0,60.0,0.0,0.0,0.0,1.0,60.0,0.0,60.0,0.0,0.0,0.0,1.0,60.0,0.0,60.0,0.0,0.0,0.0,1.0,60.0,0.0,60.0,0.0,0.0,0.0,1.0,1507659505.649278,0.0,1.0,1507659505.649278,0.0,1.0,1507659505.649278,0.0,1.0,1507659505.649278,0.0,1.0,1507659505.649278,0.0,1.0,60.0,0.0,60.0,0.0,0.0,0.0,1.0,60.0,0.0,60.0,0.0,0.0,0.0,1.0,60.0,0.0,60.0,0.0,0.0,0.0,1.0,60.0,0.0,60.0,0.0,0.0,0.0,1.0,60.0,0.0,60.0,0.0,0.0,0.0
91.3361755797672,178.05119785332417,44241.06129923192,134.05830491153884,203.2732682799104,50142.65739342496,320.5035116867358,246.52499584600736,57286.60047120456,3274.57189858161,295.9015945199528,60855.54379930282,17169.34368050201,302.3767448910333,60960.381492864944,91.3361755797672,178.05119785332417,44241.06129923192,134.05830491153884,203.2732682799104,50142.65739342496,320.5035116867358,246.52499584600736,57286.60047120456,3274.57189858161,295.9015945199528,60855.54379930282,17169.34368050201,302.3767448910333,60960.381492864944,1.0,60.0,0.0,60.0,0.0,0.0,0.0,1.0,60.0,0.0,60.0,0.0,0.0,0.0,1.0,60.0,0.0,60.0,0.0,0.0,0.0,1.0,60.0,0.0,60.0,0.0,0.0,0.0,1.0,60.0,0.0,60.0,0.0,0.0,0.0,1.0,1507659413.227676,0.0,1.0,1507659413.227676,0.0,1.0,1507659413.227676,0.0,1.0,1507659413.227676,0.0,1.0,1507659413.227676,0.0,1.0,60.0,0.0,60.0,0.0,0.0,0.0,1.0,60.0,0.0,60.0,0.0,0.0,0.0,1.0,60.0,0.0,60.0,0.0,0.0,0.0,1.0,60.0,0.0,60.0,0.0,0.0,0.0,1.0,60.0,0.0,60.0,0.0,0.0,0.0
41.662413874816274,396.406373332234,52854.486603482655,70.78313206719193,392.69199738811983,53539.45741792259,254.48169177964897,336.34377506124616,60092.94858168112,3166.325255812636,307.6366804243808,60979.269440020624,24141.281932161302,304.4343853732618,60974.107646156976,41.662413874816274,396.406373332234,52854.486603482655,70.78313206719193,392.69199738811983,53539.45741792259,254.48169177964897,336.34377506124616,60092.94858168112,3166.325255812636,307.6366804243808,60979.269440020624,24141.281932161302,304.4343853732618,60974.107646156976,1.0,60.0,0.0,60.0,0.0,0.0,0.0,1.0,60.0,0.0,60.0,0.0,0.0,0.0,1.0,60.0,0.0,60.0,0.0,0.0,0.0,1.0,60.0,0.0,60.0,0.0,0.0,0.0,1.0,60.0,0.0,60.0,0.0,0.0,0.0,1.0,1507659506.911634,0.0,1.0,1507659506.911634,0.0,1.0,1507659506.911634,0.0,1.0,1507659506.911634,0.0,1.0,1507659506.911634,0.0,1.0,60.0,0.0,60.0,0.0,0.0,0.0,1.0,60.0,0.0,60.0,0.0,0.0,0.0,1.0,60.0,0.0,60.0,0.0,0.0,0.0,1.0,60.0,0.0,60.0,0.0,0.0,0.0,1.0,60.0,0.0,60.0,0.0,0.0,0.0
65.52358923714245,250.88984110464415,57860.31721284375,113.37920138817468,285.0388896295377,60524.452648527295,333.77437467875995,329.3725055889321,60493.24355849088,3732.863217920995,340.45867215625213,59864.28850123264,12175.59094591626,344.7380292853798,59562.34296618727,65.52358923714245,250.88984110464415,57860.31721284375,113.37920138817468,285.0388896295377,60524.452648527295,333.77437467875995,329.3725055889321,60493.24355849088,3732.863217920995,340.45867215625213,59864.28850123264,12175.59094591626,344.7380292853798,59562.34296618727,1.0,60.0,0.0,60.0,0.0,0.0,0.0,1.0,60.0,0.0,60.0,0.0,0.0,0.0,1.0,60.0,0.0,60.0,0.0,0.0,0.0,1.0,60.0,0.0,60.0,0.0,0.0,0.0,1.0,60.0,0.0,60.0,0.0,0.0,0.0,1.0,1507655976.967075,0.0,1.0,1507655976.967075,0.0,1.0,1507655976.967075,0.0,1.0,1507655976.967075,0.0,1.0,1507655976.967075,0.0,1.0,60.0,0.0,60.0,0.0,0.0,0.0,1.0,60.0,0.0,60.0,0.0,0.0,0.0,1.0,60.0,0.0,60.0,0.0,0.0,0.0,1.0,60.0,0.0,60.0,0.0,0.0,0.0,1.0,60.0,0.0,60.0,0.0,0.0,0.0
68.81662018337055,60.03841469307224,0.8436468831582715,89.2156941659676,60.06920836236321,1.5176168168823096,211.93107697035543,60.07842994631299,1.6929677262569385,1991.203540172009,60.0865852719085,1.6341331172629907,15217.735737115192,60.09772925997114,1.7040511853974751,68.81662018337055,60.03841469307224,0.8436468831582715,89.2156941659676,60.06920836236321,1.5176168168823096,211.93107697035543,60.07842994631299,1.6929677262569385,1991.203540172009,60.0865852719085,1.6341331172629907,15217.735737115192,60.09772925997114,1.7040511853974751,1.0,60.0,0.0,60.0,0.0,0.0,0.0,1.0,60.0,0.0,60.0,0.0,0.0,0.0,1.0,60.0,0.0,60.0,0.0,0.0,0.0,1.0,60.0,0.0,60.0,0.0,0.0,0.0,1.0,60.0,0.0,60.0,0.0,0.0,0.0,1.0,1507653167.521723,0.0,1.0,1507653167.521723,0.0,1.0,1507653167.521723,0.0,1.0,1507653167.521723,0.0,1.0,1507653167.521723,0.0,1.0,60.0,0.0,60.0,0.0,0.0,0.0,1.0,60.0,0.0,60.0,0.0,0.0,0.0,1.0,60.0,0.0,60.0,0.0,0.0,0.0,1.0,60.0,0.0,60.0,0.0,0.0,0.0,1.0,60.0,0.0,60.0,0.0,0.0,0.0
1.0,60.0,0.0,1.0,60.0,0.0,1.0,60.0,0.0,1.0,60.0,0.0,1.0,60.0,0.0,1.0,60.0,0.0,1.0,60.0,0.0,1.0,60.0,0.0,1.0,60.0,0.0,1.0,60.0,0.0,1.0,60.0,0.0,60.0,0.0,0.0,0.0,1.0,60.0,0.0,60.0,0.0,0.0,0.0,1.0,60.0,0.0,60.0,0.0,0.0,0.0,1.0,60.0,0.0,60.0,0.0,0.0,0.0,1.0,60.0,0.0,60.0,0.0,0.0,0.0,1.0,1505913461.527735,0.0,1.0,1505913461.527735,0.0,1.0,1505913461.527735,0.0,1.0,1505913461.527735,0.0,1.0,1505913461.527735,0.0,1.0,60.0,0.0,60.0,0.0,0.0,0.0,1.0,60.0,0.0,60.0,0.0,0.0,0.0,1.0,60.0,0.0,60.0,0.0,0.0,0.0,1.0,60.0,0.0,60.0,0.0,0.0,0.0,1.0,60.0,0.0,60.0,0.0,0.0,0.0
1.0,60.0,0.0,1.0,60.0,0.0,1.0,60.0,0.0,1.0,60.0,0.0,1.0,60.0,0.0,1.0,60.0,0.0,1.0,60.0,0.0,1.0,60.0,0.0,1.0,60.0,0.0,1.0,60.0,0.0,1.0,60.0,0.0,60.0,0.0,0.0,0.0,1.0,60.0,0.0,60.0,0.0,0.0,0.0,1.0,60.0,0.0,60.0,0.0,0.0,0.0,1.0,60.0,0.0,60.0,0.0,0.0,0.0,1.0,60.0,0.0,60.0,0.0,0.0,0.0,1.0,1505913470.5934038,0.0,1.0,1505913470.5934038,0.0,1.0,1505913470.5934038,0.0,1.0,1505913470.5934038,0.0,1.0,1505913470.5934038,0.0,1.0,60.0,0.0,60.0,0.0,0.0,0.0,1.0,60.0,0.0,60.0,0.0,0.0,0.0,1.0,60.0,0.0,60.0,0.0,0.0,0.0,1.0,60.0,0.0,60.0,0.0,0.0,0.0,1.0,60.0,0.0,60.0,0.0,0.0,0.0
27.390597953014893,65.28176543891293,46.04968466118772,38.58788879283403,64.11721981616935,40.72495580776649,159.01983398193198,62.51277981401781,29.087931041526648,3201.464833246649,67.16189675074145,49.13652529129377,25925.9214415953,67.65373171638774,48.75748753963581,27.390597953014893,65.28176543891293,46.04968466118772,38.58788879283403,64.11721981616935,40.72495580776649,159.01983398193198,62.51277981401781,29.087931041526648,3201.464833246649,67.16189675074145,49.13652529129377,25925.9214415953,67.65373171638774,48.75748753963581,1.0,60.0,0.0,60.0,0.0,0.0,0.0,1.0,60.0,0.0,60.0,0.0,0.0,0.0,1.0,60.0,0.0,60.0,0.0,0.0,0.0,1.0,60.0,0.0,60.0,0.0,0.0,0.0,1.0,60.0,0.0,60.0,0.0,0.0,0.0,1.0,1507657250.184619,0.0,1.0,1507657250.184619,0.0,1.0,1507657250.184619,0.0,1.0,1507657250.184619,0.0,1.0,1507657250.184619,0.0,1.0,60.0,0.0,60.0,0.0,0.0,0.0,1.0,60.0,0.0,60.0,0.0,0.0,0.0,1.0,60.0,0.0,60.0,0.0,0.0,0.0,1.0,60.0,0.0,60.0,0.0,0.0,0.0,1.0,60.0,0.0,60.0,0.0,0.0,0.0
93.783898072544,60.00907794912487,0.2084613336851362,110.99348908936236,60.03146238566875,0.7180642722155426,199.46810439401744,60.09629186344704,2.096131320951826,1854.4548737574648,60.11925688891631,2.0469781080742,18288.90566036692,60.10159758044383,1.7250770109435507,93.783898072544,60.00907794912487,0.2084613336851362,110.99348908936236,60.03146238566875,0.7180642722155426,199.46810439401744,60.09629186344704,2.096131320951826,1854.4548737574648,60.11925688891631,2.0469781080742,18288.90566036692,60.10159758044383,1.7250770109435507,1.0,60.0,0.0,60.0,0.0,0.0,0.0,1.0,60.0,0.0,60.0,0.0,0.0,0.0,1.0,60.0,0.0,60.0,0.0,0.0,0.0,1.0,60.0,0.0,60.0,0.0,0.0,0.0,1.0,60.0,0.0,60.0,0.0,0.0,0.0,1.0,1507653345.249332,0.0,1.0,1507653345.249332,0.0,1.0,1507653345.249332,0.0,1.0,1507653345.249332,0.0,1.0,1507653345.249332,0.0,1.0,60.0,0.0,60.0,0.0,0.0,0.0,1.0,60.0,0.0,60.0,0.0,0.0,0.0,1.0,60.0,0.0,60.0,0.0,0.0,0.0,1.0,60.0,0.0,60.0,0.0,0.0,0.0,1.0,60.0,0.0,60.0,0.0,0.0,0.0
102.95348394603528,309.44446266362155,60993.92251432996,163.7465710686234,312.80154841846735,60956.96922952001,456.4928207646329,335.5462064725669,60167.300683349895,4007.3489637788575,340.3113581511334,59877.133580320384,28093.21978473745,340.92344334623385,59835.48920914872,102.95348394603528,309.44446266362155,60993.92251432996,163.7465710686234,312.80154841846735,60956.96922952001,456.4928207646329,335.5462064725669,60167.300683349895,4007.3489637788575,340.3113581511334,59877.133580320384,28093.21978473745,340.92344334623385,59835.48920914872,51.98216807690624,554.0,7.62939453125e-06,554.0,5.820766091346741e-11,0.0,0.0,83.78345549499156,553.9999999972522,0.0011650762432141,553.9999999972522,1.35740265250206e-06,0.0,0.0,254.5741227555552,553.9979747578473,1.0002327340902322,553.9979747578473,1.0004655223456211,0.0,0.0,2274.694887926461,553.7446335732018,11.228793471558465,553.7446335732018,126.085802826914,0.0,0.0,15980.273464642749,553.777773446334,10.475234263298226,553.777773446334,109.7305328709772,0.0,0.0,51.98216807690624,0.006261819047425,0.0004248218692329,83.78345549499156,0.0061840290906065,0.0004218253846633,254.5741227555552,0.0058260037079385,0.0004383171701332,2274.694887926461,4.268064092415884,6425160703.703429,15980.273464642749,28545.548659725217,43036041239036.25,1.0,554.0,0.0,554.0,0.0,0.0,0.0,1.0,554.0,0.0,554.0,0.0,0.0,0.0,1.0,554.0,0.0,554.0,0.0,0.0,0.0,1.0,554.0,0.0,554.0,0.0,0.0,0.0,1.0,554.0,0.0,554.0,0.0,0.0,0.0
45.34722965023182,62.06150507971756,24.61073196105281,70.41521286316336,64.32014326573783,41.80966151510439,330.38767828566967,67.91311836325626,48.14664038443335,3561.913283402785,66.90240706442381,49.14793911755896,17553.83156393838,67.19292071051022,49.13873328058981,45.34722965023182,62.06150507971756,24.61073196105281,70.41521286316336,64.32014326573783,41.80966151510439,330.38767828566967,67.91311836325626,48.14664038443335,3561.913283402785,66.90240706442381,49.14793911755896,17553.83156393838,67.19292071051022,49.13873328058981,1.0,60.0,0.0,60.0,0.0,0.0,0.0,1.0,60.0,0.0,60.0,0.0,0.0,0.0,1.0,60.0,0.0,60.0,0.0,0.0,0.0,1.0,60.0,0.0,60.0,0.0,0.0,0.0,1.0,60.0,0.0,60.0,0.0,0.0,0.0,1.0,1507657160.609515,0.0,1.0,1507657160.609515,0.0,1.0,1507657160.609515,0.0,1.0,1507657160.609515,0.0,1.0,1507657160.609515,0.0,1.0,60.0,0.0,60.0,0.0,0.0,0.0,1.0,60.0,0.0,60.0,0.0,0.0,0.0,1.0,60.0,0.0,60.0,0.0,0.0,0.0,1.0,60.0,0.0,60.0,0.0,0.0,0.0,1.0,60.0,0.0,60.0,0.0,0.0,0.0
7.151926829738108,60.07569104063774,0.7513063010164842,23.84723690752379,60.07401809580435,0.7371434391307048,148.33889101760104,60.0593692804315,0.6690446364450509,1955.837247034695,60.08362628175855,1.2418744827905357,19443.02917950133,60.09457807669853,1.604342746668408,7.151926829738108,60.07569104063774,0.7513063010164842,23.84723690752379,60.07401809580435,0.7371434391307048,148.33889101760104,60.0593692804315,0.6690446364450509,1955.837247034695,60.08362628175855,1.2418744827905357,19443.02917950133,60.09457807669853,1.604342746668408,1.0,60.0,0.0,60.0,0.0,0.0,0.0,1.0,60.0,0.0,60.0,0.0,0.0,0.0,1.0,60.0,0.0,60.0,0.0,0.0,0.0,1.0,60.0,0.0,60.0,0.0,0.0,0.0,1.0,60.0,0.0,60.0,0.0,0.0,0.0,1.0,1507653503.30404,0.0,1.0,1507653503.30404,0.0,1.0,1507653503.30404,0.0,1.0,1507653503.30404,0.0,1.0,1507653503.30404,0.0,1.0,60.0,0.0,60.0,0.0,0.0,0.0,1.0,60.0,0.0,60.0,0.0,0.0,0.0,1.0,60.0,0.0,60.0,0.0,0.0,0.0,1.0,60.0,0.0,60.0,0.0,0.0,0.0,1.0,60.0,0.0,60.0,0.0,0.0,0.0
87.02473949900883,226.23969905162517,54480.954426392615,125.69471506490768,257.0699293313915,58503.260587529374,338.230407796872,286.76770002688414,60577.74022770673,3409.2680494805218,304.8554783291749,60976.40777617397,13991.831782081028,303.60193986273566,60970.65849124707,87.02473949900883,226.23969905162517,54480.954426392615,125.69471506490768,257.0699293313915,58503.260587529374,338.230407796872,286.76770002688414,60577.74022770673,3409.2680494805218,304.8554783291749,60976.40777617397,13991.831782081028,303.60193986273566,60970.65849124707,1.0,60.0,0.0,60.0,0.0,0.0,0.0,1.0,60.0,0.0,60.0,0.0,0.0,0.0,1.0,60.0,0.0,60.0,0.0,0.0,0.0,1.0,60.0,0.0,60.0,0.0,0.0,0.0,1.0,60.0,0.0,60.0,0.0,0.0,0.0,1.0,1507659386.465117,0.0,1.0,1507659386.465117,0.0,1.0,1507659386.465117,0.0,1.0,1507659386.465117,0.0,1.0,1507659386.465117,0.0,1.0,60.0,0.0,60.0,0.0,0.0,0.0,1.0,60.0,0.0,60.0,0.0,0.0,0.0,1.0,60.0,0.0,60.0,0.0,0.0,0.0,1.0,60.0,0.0,60.0,0.0,0.0,0.0,1.0,60.0,0.0,60.0,0.0,0.0,0.0
1.0,60.0,0.0,1.0,60.0,0.0,1.0,60.0,0.0,1.0,60.0,0.0,1.0,60.0,0.0,1.0,60.0,0.0,1.0,60.0,0.0,1.0,60.0,0.0,1.0,60.0,0.0,1.0,60.0,0.0,1.0,60.0,0.0,60.0,0.0,0.0,0.0,1.0,60.0,0.0,60.0,0.0,0.0,0.0,1.0,60.0,0.0,60.0,0.0,0.0,0.0,1.0,60.0,0.0,60.0,0.0,0.0,0.0,1.0,60.0,0.0,60.0,0.0,0.0,0.0,1.0,1505913461.410848,0.0,1.0,1505913461.410848,0.0,1.0,1505913461.410848,0.0,1.0,1505913461.410848,0.0,1.0,1505913461.410848,0.0,1.0,60.0,0.0,60.0,0.0,0.0,0.0,1.0,60.0,0.0,60.0,0.0,0.0,0.0,1.0,60.0,0.0,60.0,0.0,0.0,0.0,1.0,60.0,0.0,60.0,0.0,0.0,0.0,1.0,60.0,0.0,60.0,0.0,0.0,0.0
89.81422307579126,71.95282836407121,24.49628819199279,140.55135774346002,70.79080991681455,34.65763815086757,373.4212114477183,69.1220911712245,44.53909920709248,3631.671004869321,68.4990084520511,46.893754044134766,24976.85245290196,67.76758346056913,48.59927889185565,89.81422307579126,71.95282836407121,24.49628819199279,140.55135774346002,70.79080991681455,34.65763815086757,373.4212114477183,69.1220911712245,44.53909920709248,3631.671004869321,68.4990084520511,46.893754044134766,24976.85245290196,67.76758346056913,48.59927889185565,1.0,60.0,0.0,60.0,0.0,0.0,0.0,1.0,60.0,0.0,60.0,0.0,0.0,0.0,1.0,60.0,0.0,60.0,0.0,0.0,0.0,1.0,60.0,0.0,60.0,0.0,0.0,0.0,1.0,60.0,0.0,60.0,0.0,0.0,0.0,1.0,1507657231.856617,0.0,1.0,1507657231.856617,0.0,1.0,1507657231.856617,0.0,1.0,1507657231.856617,0.0,1.0,1507657231.856617,0.0,1.0,60.0,0.0,60.0,0.0,0.0,0.0,1.0,60.0,0.0,60.0,0.0,0.0,0.0,1.0,60.0,0.0,60.0,0.0,0.0,0.0,1.0,60.0,0.0,60.0,0.0,0.0,0.0,1.0,60.0,0.0,60.0,0.0,0.0,0.0
68.92387008163827,254.3559317673563,58232.57046479785,104.04357687786909,285.58380248853206,60540.495308572616,312.16574291790937,310.0355078907917,60981.299824865695,3213.160046052298,303.7415459360682,60970.19715733787,17962.592899674415,303.649377879822,60970.66299882241,68.92387008163827,254.3559317673563,58232.57046479785,104.04357687786909,285.58380248853206,60540.495308572616,312.16574291790937,310.0355078907917,60981.299824865695,3213.160046052298,303.7415459360682,60970.19715733787,17962.592899674415,303.649377879822,60970.66299882241,27.1171277845883,553.9699570670383,3.8523118131120873,553.9699570670383,14.840306305442937,0.0,0.0,47.52833355287172,553.777602550619,10.479259485703158,553.777602550619,109.81487936869962,0.0,0.0,158.25427883712808,553.1333899287371,20.672550935682143,553.1333899287371,427.3543621883728,0.0,0.0,1586.250848899182,553.6108254391729,13.860042431741348,553.6108254391729,192.10077620967056,0.0,0.0,8863.352576938982,553.6678420841741,12.805298963141546,553.6678420841741,163.97568153543395,0.0,0.0,27.1171277845883,0.0113859442140572,0.0003356428825289,47.52833355287172,0.0106249694667399,0.0004093439293975,158.25427883712808,0.0092979362332872,0.0004524655911153,1586.250848899182,360.05086575908683,542820156874.1406,8863.352576938982,77365.50926906274,116634831357265.48,27.11547863873377,553.9999999999999,1.52587890625e-05,553.9999999999999,2.3283064365386963e-10,0.0,0.0,47.5069364270509,554.0,0.0,554.0,0.0,0.0,0.0,157.97665788194456,554.0,7.62939453125e-06,554.0,5.820766091346741e-11,0.0,0.0,1585.001196110756,554.0000000000007,3.0517578125e-05,554.0000000000007,9.313225746154783e-10,0.0,0.0,8857.392996535807,553.9999999999925,8.864555388353157e-05,553.9999999999925,7.8580342233181e-09,0.0,0.0
60.71277128713522,563.5449603923568,1236.2192904626136,112.82539328425555,562.2092259457602,1903.6361589528387,342.16276336935454,517.6557637489783,22120.90088221879,3660.422552452171,367.0463778864092,61069.053919409744,22815.709629751465,343.1991104064376,63074.87325372298,60.71277128713522,563.5449603923568,1236.2192904626136,112.82539328425555,562.2092259457602,1903.6361589528387,342.16276336935454,517.6557637489783,22120.90088221879,3660.422552452171,367.0463778864092,61069.053919409744,22815.709629751465,343.1991104064376,63074.87325372298,60.41820075501565,566.0000000000001,7.62939453125e-06,566.0000000000001,5.820766091346741e-11,0.0,0.0,111.98008842871086,565.9999999999999,1.0789593218788871e-05,565.9999999999999,1.1641532182693479e-10,0.0,0.0,309.4661640875742,565.9999999996812,0.0004008882035955,565.9999999996812,1.6071135178208348e-07,0.0,0.0,2221.391801781844,565.888826477997,7.499429483789897,565.888826477997,56.24144258233719,0.0,0.0,12781.163905650095,565.4590569946106,16.535553858046715,565.4590569946106,273.4245413923636,0.0,0.0,60.41820075501565,0.0057929997615225,0.0006745078615995,111.98008842871086,0.0047490977033443,0.0004675054637761,309.4661640875742,0.0048483241696435,0.0005476506375284,2221.391801781844,15.799030391410856,23809653220.16129,12781.163905650095,40589.13037790021,61192864654131.45,1.0,566.0,0.0,566.0,0.0,0.0,0.0,1.0,566.0,0.0,566.0,0.0,0.0,0.0,1.0,566.0,0.0,566.0,0.0,0.0,0.0,1.0,566.0,0.0,566.0,0.0,0.0,0.0,1.0,566.0,0.0,566.0,0.0,0.0,0.0
8.325098941816195,446.17852151854765,46235.82561185496,26.9658095650672,391.8093026289228,57742.85157875539,190.7192294320373,370.8239097164828,60624.4203970792,2967.877587964123,326.65587094412274,63798.247447571775,27909.78212427905,330.52674605682546,63677.59071574541,8.325098941816195,446.17852151854765,46235.82561185496,26.9658095650672,391.8093026289228,57742.85157875539,190.7192294320373,370.8239097164828,60624.4203970792,2967.877587964123,326.65587094412274,63798.247447571775,27909.78212427905,330.52674605682546,63677.59071574541,6.3524714760841485,566.0000000000002,1.3214498959113138e-05,566.0000000000002,1.7462298274040222e-10,0.0,0.0,17.67678874891187,565.9999999999999,7.62939453125e-06,565.9999999999999,5.820766091346741e-11,0.0,0.0,117.1226652004655,565.9999748224818,0.1128708265711158,565.9999748224818,0.0127398234908469,0.0,0.0,1564.9121078018738,565.6224783879529,13.816056352271328,565.6224783879529,190.88341312913693,0.0,0.0,14938.606289125628,565.3322101230091,18.369968275303133,565.3322101230091,337.4557344356436,0.0,0.0,6.3524714760841485,0.1528981709155867,0.1249499798213762,17.67678874891187,0.0593107772916097,0.0514241169127422,117.1226652004655,0.015044423845497,0.0093576765737473,1564.9121078018738,0.0202593616374423,16223227.207673743,14938.606289125628,16173.168254766206,24383331151067.81,1.0,566.0,0.0,566.0,0.0,0.0,0.0,1.0,566.0,0.0,566.0,0.0,0.0,0.0,1.0,566.0,0.0,566.0,0.0,0.0,0.0,1.0,566.0,0.0,566.0,0.0,0.0,0.0,1.0,566.0,0.0,566.0,0.0,0.0,0.0
1.0,60.0,0.0,1.0,60.0,0.0,1.0,60.0,0.0,1.0,60.0,0.0,1.0,60.0,0.0,1.0,60.0,0.0,1.0,60.0,0.0,1.0,60.0,0.0,1.0,60.0,0.0,1.0,60.0,0.0,1.0,60.0,0.0,60.0,0.0,0.0,0.0,1.0,60.0,0.0,60.0,0.0,0.0,0.0,1.0,60.0,0.0,60.0,0.0,0.0,0.0,1.0,60.0,0.0,60.0,0.0,0.0,0.0,1.0,60.0,0.0,60.0,0.0,0.0,0.0,1.0,1505913427.74956,0.0,1.0,1505913427.74956,0.0,1.0,1505913427.74956,0.0,1.0,1505913427.74956,0.0,1.0,1505913427.74956,0.0,1.0,60.0,0.0,60.0,0.0,0.0,0.0,1.0,60.0,0.0,60.0,0.0,0.0,0.0,1.0,60.0,0.0,60.0,0.0,0.0,0.0,1.0,60.0,0.0,60.0,0.0,0.0,0.0,1.0,60.0,0.0,60.0,0.0,0.0,0.0
78.4409186746736,60.00746179111081,0.1714986683323331,98.49477258098987,60.02604594173927,0.595138683436744,217.76603484349613,60.06138366581545,1.292225371503264,2007.6034555761264,60.08456495774452,1.3718772340484977,18241.330782398523,60.097027836584864,1.6548515662871068,78.4409186746736,60.00746179111081,0.1714986683323331,98.49477258098987,60.02604594173927,0.595138683436744,217.76603484349613,60.06138366581545,1.292225371503264,2007.6034555761264,60.08456495774452,1.3718772340484977,18241.330782398523,60.097027836584864,1.6548515662871068,1.0,60.0,0.0,60.0,0.0,0.0,0.0,1.0,60.0,0.0,60.0,0.0,0.0,0.0,1.0,60.0,0.0,60.0,0.0,0.0,0.0,1.0,60.0,0.0,60.0,0.0,0.0,0.0,1.0,60.0,0.0,60.0,0.0,0.0,0.0,1.0,1507653324.3789449,0.0,1.0,1507653324.3789449,0.0,1.0,1507653324.3789449,0.0,1.0,1507653324.3789449,0.0,1.0,1507653324.3789449,0.0,1.0,60.0,0.0,60.0,0.0,0.0,0.0,1.0,60.0,0.0,60.0,0.0,0.0,0.0,1.0,60.0,0.0,60.0,0.0,0.0,0.0,1.0,60.0,0.0,60.0,0.0,0.0,0.0,1.0,60.0,0.0,60.0,0.0,0.0,0.0
20.44128020895235,74.0442824699536,1.0829124710735414,22.70489527862735,74.1576973018071,4.3587005723484245,44.08177144868847,75.69278968712382,1045.0470262503711,654.7348656076186,79.574802202986,4149.63619537048,7134.638024852932,76.67380400942899,1737.1683365009212,20.44128020895235,74.0442824699536,1.0829124710735414,22.70489527862735,74.1576973018071,4.3587005723484245,44.08177144868847,75.69278968712382,1045.0470262503711,654.7348656076186,79.574802202986,4149.63619537048,7134.638024852932,76.67380400942899,1737.1683365009212,1.0,74.0,0.0,74.0,0.0,0.0,0.0,1.0,74.0,0.0,74.0,0.0,0.0,0.0,1.0,74.0,0.0,74.0,0.0,0.0,0.0,1.0,74.0,0.0,74.0,0.0,0.0,0.0,1.0,74.0,0.0,74.0,0.0,0.0,0.0,1.0,1505912987.95081,0.0,1.0,1505912987.95081,0.0,1.0,1505912987.95081,0.0,1.0,1505912987.95081,0.0,1.0,1505912987.95081,0.0,1.0,74.0,0.0,74.0,0.0,0.0,0.0,1.0,74.0,0.0,74.0,0.0,0.0,0.0,1.0,74.0,0.0,74.0,0.0,0.0,0.0,1.0,74.0,0.0,74.0,0.0,0.0,0.0,1.0,74.0,0.0,74.0,0.0,0.0,0.0
39.151678056329175,60.34815154929608,7.537908672125013,56.31287425955421,60.29409250064116,6.376108704100262,179.19977417213315,60.13982220929469,2.9174518980748867,1966.6767066012671,60.09405841483646,1.777456769049877,15336.76889069254,60.09842839289256,1.7222164925778998,39.151678056329175,60.34815154929608,7.537908672125013,56.31287425955421,60.29409250064116,6.376108704100262,179.19977417213315,60.13982220929469,2.9174518980748867,1966.6767066012671,60.09405841483646,1.777456769049877,15336.76889069254,60.09842839289256,1.7222164925778998,1.0,60.0,0.0,60.0,0.0,0.0,0.0,1.0,60.0,0.0,60.0,0.0,0.0,0.0,1.0,60.0,0.0,60.0,0.0,0.0,0.0,1.0,60.0,0.0,60.0,0.0,0.0,0.0,1.0,60.0,0.0,60.0,0.0,0.0,0.0,1.0,1507653172.003205,0.0,1.0,1507653172.003205,0.0,1.0,1507653172.003205,0.0,1.0,1507653172.003205,0.0,1.0,1507653172.003205,0.0,1.0,60.0,0.0,60.0,0.0,0.0,0.0,1.0,60.0,0.0,60.0,0.0,0.0,0.0,1.0,60.0,0.0,60.0,0.0,0.0,0.0,1.0,60.0,0.0,60.0,0.0,0.0,0.0,1.0,60.0,0.0,60.0,0.0,0.0,0.0
62.11099157987418,523.0978770216349,14112.735433323774,98.065932564275,487.4190071907229,28301.45115919062,330.15670792876125,385.27790701173706,54806.63161973798,4123.603485409534,343.87958158656267,59619.95896204656,22510.12479209156,343.239041439324,59672.08601011492,62.11099157987418,523.0978770216349,14112.735433323774,98.065932564275,487.4190071907229,28301.45115919062,330.15670792876125,385.27790701173706,54806.63161973798,4123.603485409534,343.87958158656267,59619.95896204656,22510.12479209156,343.239041439324,59672.08601011492,58.781966690677024,548.8809188646111,50.02620402560358,548.8809188646111,2502.621089211316,0.0,0.0,85.52549287928711,549.7100041793883,45.83507250175708,549.7100041793883,2100.8538712413283,0.0,0.0,218.1939524265754,551.9496567801092,31.759496899458,551.9496567801092,1008.665643306682,0.0,0.0,2370.644446138993,553.6871344044282,12.428102000346842,553.6871344044282,154.45771933102515,0.0,0.0,12909.71688183212,553.7853588708758,10.29498164018107,553.7853588708758,105.98664697166532,0.0,0.0,58.781966690677024,0.0055956343338301,0.0004314317835879,85.52549287928711,0.0062592448414868,0.00065524594434,218.1939524265754,0.0069268491169271,0.0009093126925422,2370.644446138993,240.67802977659056,362850376607.2449,12909.71688183212,53111.00628469735,80070293367517.05,1.0,554.0,0.0,554.0,0.0,0.0,0.0,1.0,554.0,0.0,554.0,0.0,0.0,0.0,1.0,554.0,0.0,554.0,0.0,0.0,0.0,1.0,554.0,0.0,554.0,0.0,0.0,0.0,1.0,554.0,0.0,554.0,0.0,0.0,0.0
45.66933003121485,60.00202609443003,0.0279583086044112,64.47753092761026,60.013432693799885,0.2094316388606785,186.67510202686935,60.05681847064062,1.0080180509007732,1890.6815436990807,60.084860746984575,1.4442109730835,17792.121464800988,60.0966190793076,1.691916365801717,45.66933003121485,60.00202609443003,0.0279583086044112,64.47753092761026,60.013432693799885,0.2094316388606785,186.67510202686935,60.05681847064062,1.0080180509007732,1890.6815436990807,60.084860746984575,1.4442109730835,17792.121464800988,60.0966190793076,1.691916365801717,1.0,60.0,0.0,60.0,0.0,0.0,0.0,1.0,60.0,0.0,60.0,0.0,0.0,0.0,1.0,60.0,0.0,60.0,0.0,0.0,0.0,1.0,60.0,0.0,60.0,0.0,0.0,0.0,1.0,60.0,0.0,60.0,0.0,0.0,0.0,1.0,1507653294.055073,0.0,1.0,1507653294.055073,0.0,1.0,1507653294.055073,0.0,1.0,1507653294.055073,0.0,1.0,1507653294.055073,0.0,1.0,60.0,0.0,60.0,0.0,0.0,0.0,1.0,60.0,0.0,60.0,0.0,0.0,0.0,1.0,60.0,0.0,60.0,0.0,0.0,0.0,1.0,60.0,0.0,60.0,0.0,0.0,0.0,1.0,60.0,0.0,60.0,0.0,0.0,0.0
1.0,60.0,0.0,1.0,60.0,0.0,1.0,60.0,0.0,1.0,60.0,0.0,1.0,60.0,0.0,1.0,60.0,0.0,1.0,60.0,0.0,1.0,60.0,0.0,1.0,60.0,0.0,1.0,60.0,0.0,1.0,60.0,0.0,60.0,0.0,0.0,0.0,1.0,60.0,0.0,60.0,0.0,0.0,0.0,1.0,60.0,0.0,60.0,0.0,0.0,0.0,1.0,60.0,0.0,60.0,0.0,0.0,0.0,1.0,60.0,0.0,60.0,0.0,0.0,0.0,1.0,1505913574.70922,0.0,1.0,1505913574.70922,0.0,1.0,1505913574.70922,0.0,1.0,1505913574.70922,0.0,1.0,1505913574.70922,0.0,1.0,60.0,0.0,60.0,0.0,0.0,0.0,1.0,60.0,0.0,60.0,0.0,0.0,0.0,1.0,60.0,0.0,60.0,0.0,0.0,0.0,1.0,60.0,0.0,60.0,0.0,0.0,0.0,1.0,60.0,0.0,60.0,0.0,0.0,0.0
78.71122201455862,60.0007981204954,0.0175561821215524,99.95908117470508,60.006588181966585,0.1445158980995984,228.93215011107827,60.03895838950336,0.8041018723242814,2026.560977886049,60.0915283291257,1.7227360638930804,19212.612892749097,60.09899998835999,1.7414211065097334,78.71122201455862,60.0007981204954,0.0175561821215524,99.95908117470508,60.006588181966585,0.1445158980995984,228.93215011107827,60.03895838950336,0.8041018723242814,2026.560977886049,60.0915283291257,1.7227360638930804,19212.612892749097,60.09899998835999,1.7414211065097334,1.0,60.0,0.0,60.0,0.0,0.0,0.0,1.0,60.0,0.0,60.0,0.0,0.0,0.0,1.0,60.0,0.0,60.0,0.0,0.0,0.0,1.0,60.0,0.0,60.0,0.0,0.0,0.0,1.0,60.0,0.0,60.0,0.0,0.0,0.0,1.0,1507653441.022466,0.0,1.0,1507653441.022466,0.0,1.0,1507653441.022466,0.0,1.0,1507653441.022466,0.0,1.0,1507653441.022466,0.0,1.0,60.0,0.0,60.0,0.0,0.0,0.0,1.0,60.0,0.0,60.0,0.0,0.0,0.0,1.0,60.0,0.0,60.0,0.0,0.0,0.0,1.0,60.0,0.0,60.0,0.0,0.0,0.0,1.0,60.0,0.0,60.0,0.0,0.0,0.0
50.53900935797556,498.04551906047936,24485.335724421864,92.214325655286,461.4849935092105,37116.57983144632,363.5444971183361,377.9595494769797,55954.30951163836,3885.605476032876,343.27382868576456,59672.300543313024,37453.34954316228,343.5629793609177,59650.51071237442,50.53900935797556,498.04551906047936,24485.335724421864,92.214325655286,461.4849935092105,37116.57983144632,363.5444971183361,377.9595494769797,55954.30951163836,3885.605476032876,343.27382868576456,59672.300543313024,37453.34954316228,343.5629793609177,59650.51071237442,1.0,60.0,0.0,60.0,0.0,0.0,0.0,1.0,60.0,0.0,60.0,0.0,0.0,0.0,1.0,60.0,0.0,60.0,0.0,0.0,0.0,1.0,60.0,0.0,60.0,0.0,0.0,0.0,1.0,60.0,0.0,60.0,0.0,0.0,0.0,1.0,1507656332.45293,0.0,1.0,1507656332.45293,0.0,1.0,1507656332.45293,0.0,1.0,1507656332.45293,0.0,1.0,1507656332.45293,0.0,1.0,60.0,0.0,60.0,0.0,0.0,0.0,1.0,60.0,0.0,60.0,0.0,0.0,0.0,1.0,60.0,0.0,60.0,0.0,0.0,0.0,1.0,60.0,0.0,60.0,0.0,0.0,0.0,1.0,60.0,0.0,60.0,0.0,0.0,0.0
1.0,60.0,0.0,1.0,60.0,0.0,1.0,60.0,0.0,1.0,60.0,0.0,1.0,60.0,0.0,1.0,60.0,0.0,1.0,60.0,0.0,1.0,60.0,0.0,1.0,60.0,0.0,1.0,60.0,0.0,1.0,60.0,0.0,60.0,0.0,0.0,0.0,1.0,60.0,0.0,60.0,0.0,0.0,0.0,1.0,60.0,0.0,60.0,0.0,0.0,0.0,1.0,60.0,0.0,60.0,0.0,0.0,0.0,1.0,60.0,0.0,60.0,0.0,0.0,0.0,1.0,1505913430.964775,0.0,1.0,1505913430.964775,0.0,1.0,1505913430.964775,0.0,1.0,1505913430.964775,0.0,1.0,1505913430.964775,0.0,1.0,60.0,0.0,60.0,0.0,0.0,0.0,1.0,60.0,0.0,60.0,0.0,0.0,0.0,1.0,60.0,0.0,60.0,0.0,0.0,0.0,1.0,60.0,0.0,60.0,0.0,0.0,0.0,1.0,60.0,0.0,60.0,0.0,0.0,0.0
1.0,60.0,0.0,1.0,60.0,0.0,1.0,60.0,0.0,1.0,60.0,0.0,1.0,60.0,0.0,1.0,60.0,0.0,1.0,60.0,0.0,1.0,60.0,0.0,1.0,60.0,0.0,1.0,60.0,0.0,1.0,60.0,0.0,60.0,0.0,0.0,0.0,1.0,60.0,0.0,60.0,0.0,0.0,0.0,1.0,60.0,0.0,60.0,0.0,0.0,0.0,1.0,60.0,0.0,60.0,0.0,0.0,0.0,1.0,60.0,0.0,60.0,0.0,0.0,0.0,1.0,1505913543.503314,0.0,1.0,1505913543.503314,0.0,1.0,1505913543.503314,0.0,1.0,1505913543.503314,0.0,1.0,1505913543.503314,0.0,1.0,60.0,0.0,60.0,0.0,0.0,0.0,1.0,60.0,0.0,60.0,0.0,0.0,0.0,1.0,60.0,0.0,60.0,0.0,0.0,0.0,1.0,60.0,0.0,60.0,0.0,0.0,0.0,1.0,60.0,0.0,60.0,0.0,0.0,0.0
142.39666933334962,71.20926379877889,31.32938406090125,230.32227921480893,70.36954246452112,37.75806086389639,682.6839009685293,69.7561588125873,41.59623589504372,4325.864529401149,68.32894329362955,47.42236827997476,29464.145943749336,68.00265240200396,48.162255236911726,142.39666933334962,71.20926379877889,31.32938406090125,230.32227921480893,70.36954246452112,37.75806086389639,682.6839009685293,69.7561588125873,41.59623589504372,4325.864529401149,68.32894329362955,47.42236827997476,29464.145943749336,68.00265240200396,48.162255236911726,114.42336248571974,73.94165898448242,0.9018705800461696,73.94165898448242,0.8133705431528142,0.0,0.0,170.94048970885038,73.9470623794102,0.859257991870555,73.9470623794102,0.7383242965934187,0.0,0.0,474.6954507189556,73.96925451623487,0.6553560009145284,73.96925451623487,0.4294914879346834,0.0,0.0,2561.5820124702923,73.97490658856444,0.5921807838806316,73.97490658856444,0.3506780807974792,0.0,0.0,16762.177466910794,73.97998877470063,0.5289203201705454,73.97998877470063,0.2797567050893121,0.0,0.0,114.42336248571974,0.0030181024351805,0.0003340004247701,170.94048970885038,0.0031425944541986,0.0003480280593454,474.6954507189556,0.003236037932225,0.0007679763851585,2561.5820124702923,0.0391350054854202,50196691.10709013,16762.177466910794,16952.358696227406,25558045316216.117,1.0,74.0,0.0,74.0,0.0,0.0,0.0,1.0,74.0,0.0,74.0,0.0,0.0,0.0,1.0,74.0,0.0,74.0,0.0,0.0,0.0,1.0,74.0,0.0,74.0,0.0,0.0,0.0,1.0,74.0,0.0,74.0,0.0,0.0,0.0
142.50864464877031,254.19045878846904,58220.15219769801,187.64725481749957,256.53191148065,58461.946387119686,385.0543491455252,281.5207336953777,60356.32673361885,3211.9275621859038,299.857153292544,60935.039414580526,24656.611192224093,303.2743894412406,60967.69910714442,142.50864464877031,254.19045878846904,58220.15219769801,187.64725481749957,256.53191148065,58461.946387119686,385.0543491455252,281.5207336953777,60356.32673361885,3211.9275621859038,299.857153292544,60935.039414580526,24656.611192224093,303.2743894412406,60967.69910714442,56.019876595291656,553.9999999999843,8.732241166885069e-05,553.9999999999843,7.62520357966423e-09,0.0,0.0,74.65316520439637,553.9999994050546,0.0171436060217749,553.9999994050546,0.0002939032274298,0.0,0.0,172.66582813127738,553.9871829815069,2.5162358513705154,553.9871829815069,6.3314428597223005,0.0,0.0,1560.028496587989,553.7405452795682,11.318273505294194,553.7405452795682,128.10331514064458,0.0,0.0,12146.356126048451,553.7203658102952,11.749940188456812,553.7203658102952,138.0610944323125,0.0,0.0,56.019876595291656,0.0061960294395853,0.0007361449645402,74.65316520439637,0.0072301967010148,0.0008333739517854,172.66582813127738,0.0086059563308113,0.0006823993494463,1560.028496587989,0.5293321814552999,784077405.3695838,12146.356126048451,29305.277751190784,44181502289875.305,56.01987659528985,554.0,7.62939453125e-06,554.0,5.820766091346741e-11,0.0,0.0,74.65316511448837,554.0,1.0789593218788871e-05,554.0,1.1641532182693479e-10,0.0,0.0,172.66134825048326,553.9999999999999,7.62939453125e-06,553.9999999999999,5.820766091346741e-11,0.0,0.0,1559.209150925139,553.9999999999986,3.7376247295885886e-05,553.9999999999986,1.3969838619232178e-09,0.0,0.0,12139.480546183711,553.999999999997,6.694766530908297e-05,553.999999999997,4.4819898903369895e-09,0.0,0.0
111.90687477307094,286.20460026136016,60522.58294269162,188.7540391455603,319.73811798891325,60811.70985442435,502.3127523866643,350.30729808361747,59111.51074673906,4010.065968866137,347.1139586423297,59380.5955582458,34302.29620676476,342.67536808135094,59714.19178458023,111.90687477307094,286.20460026136016,60522.58294269162,188.7540391455603,319.73811798891325,60811.70985442435,502.3127523866643,350.30729808361747,59111.51074673906,4010.065968866137,347.1139586423297,59380.5955582458,34302.29620676476,342.67536808135094,59714.19178458023,1.0,60.0,0.0,60.0,0.0,0.0,0.0,1.0,60.0,0.0,60.0,0.0,0.0,0.0,1.0,60.0,0.0,60.0,0.0,0.0,0.0,1.0,60.0,0.0,60.0,0.0,0.0,0.0,1.0,60.0,0.0,60.0,0.0,0.0,0.0,1.0,1507656213.070667,0.0,1.0,1507656213.070667,0.0,1.0,1507656213.070667,0.0,1.0,1507656213.070667,0.0,1.0,1507656213.070667,0.0,1.0,60.0,0.0,60.0,0.0,0.0,0.0,1.0,60.0,0.0,60.0,0.0,0.0,0.0,1.0,60.0,0.0,60.0,0.0,0.0,0.0,1.0,60.0,0.0,60.0,0.0,0.0,0.0,1.0,60.0,0.0,60.0,0.0,0.0,0.0
55.06490468740668,453.65899630611176,44204.4980093448,78.34496905361901,387.8746183926596,58355.06047651568,222.5242965722144,227.5257421520632,56636.91601088895,2459.290950182432,294.9501996469594,63650.844722940965,5136.556871329927,320.0325246606354,63928.7577351292,55.06490468740668,453.65899630611176,44204.4980093448,78.34496905361901,387.8746183926596,58355.06047651568,222.5242965722144,227.5257421520632,56636.91601088895,2459.290950182432,294.9501996469594,63650.844722940965,5136.556871329927,320.0325246606354,63928.7577351292,1.0,60.0,0.0,60.0,0.0,0.0,0.0,1.0,60.0,0.0,60.0,0.0,0.0,0.0,1.0,60.0,0.0,60.0,0.0,0.0,0.0,1.0,60.0,0.0,60.0,0.0,0.0,0.0,1.0,60.0,0.0,60.0,0.0,0.0,0.0,1.0,1507657934.3552089,0.0,1.0,1507657934.3552089,0.0,1.0,1507657934.3552089,0.0,1.0,1507657934.3552089,0.0,1.0,1507657934.3552089,0.0,1.0,60.0,0.0,60.0,0.0,0.0,0.0,1.0,60.0,0.0,60.0,0.0,0.0,0.0,1.0,60.0,0.0,60.0,0.0,0.0,0.0,1.0,60.0,0.0,60.0,0.0,0.0,0.0,1.0,60.0,0.0,60.0,0.0,0.0,0.0
163.456278145892,74.00558552977623,0.1340589835645005,269.53325549066,74.01386797466039,0.336927007570921,672.398624391902,74.03802128569419,10.078941829420726,6587.273667870102,74.70650626570392,520.8855537080844,24722.58929779733,74.47750051370387,332.212553498076,163.456278145892,74.00558552977623,0.1340589835645005,269.53325549066,74.01386797466039,0.336927007570921,672.398624391902,74.03802128569419,10.078941829420726,6587.273667870102,74.70650626570392,520.8855537080844,24722.58929779733,74.47750051370387,332.212553498076,163.4182127026796,73.99999999963444,7.157006469457138e-05,95.26804291023242,5.122276178972051e-09,2.6427087858026602e-23,1.731541121557417e-13,269.3730054458863,73.99999950587588,0.0026301573451104,95.26804252670266,6.917727660040004e-06,6.461669102347451e-20,1.1520674201271106e-11,670.7827576829199,73.99955525235276,0.0789067124577039,95.26769745063662,0.0062262692708827,-1.864926608672124e-17,-6.195662012478309e-11,6559.694849519106,73.99728701976814,0.1948701181418636,95.26593560284805,0.0379743629446238,-2.4260681214201422e-16,-2.1461337980559923e-10,24636.420672445467,73.99768117645665,0.1801614626060248,95.26624176219238,0.032458152608342,-5.005787716732324e-16,-5.886096805971602e-10,163.41821270267954,0.0017924984100226,1.3432248764841449e-05,269.3730054458857,0.0018183188318758,3.794120230626605e-05,670.782757682921,0.0022597368902217,0.014105524009025,6559.694849519178,4186.123706908385,6303920761427.418,24636.420672444576,40955.484182757646,61673749579794.49,1.0,74.0,0.0,95.26804291051644,0.0,0.0,0.0,1.0,74.0,0.0,95.26804291051644,0.0,0.0,0.0,1.0,74.0,0.0,95.26804291051644,0.0,0.0,0.0,1.0219184076978274,73.99999999999999,1.3486991523486091e-06,95.26804291051644,1.8189894035458565e-12,0.0,0.0,1.6824658115762188,74.0,9.5367431640625e-07,95.26804291051644,9.094947017729282e-13,0.0,0.0
1.0,60.0,0.0,1.0,60.0,0.0,1.0,60.0,0.0,1.0,60.0,0.0,1.0,60.0,0.0,1.0,60.0,0.0,1.0,60.0,0.0,1.0,60.0,0.0,1.0,60.0,0.0,1.0,60.0,0.0,1.0,60.0,0.0,60.0,0.0,0.0,0.0,1.0,60.0,0.0,60.0,0.0,0.0,0.0,1.0,60.0,0.0,60.0,0.0,0.0,0.0,1.0,60.0,0.0,60.0,0.0,0.0,0.0,1.0,60.0,0.0,60.0,0.0,0.0,0.0,1.0,1505913427.9871712,0.0,1.0,1505913427.9871712,0.0,1.0,1505913427.9871712,0.0,1.0,1505913427.9871712,0.0,1.0,1505913427.9871712,0.0,1.0,60.0,0.0,60.0,0.0,0.0,0.0,1.0,60.0,0.0,60.0,0.0,0.0,0.0,1.0,60.0,0.0,60.0,0.0,0.0,0.0,1.0,60.0,0.0,60.0,0.0,0.0,0.0,1.0,60.0,0.0,60.0,0.0,0.0,0.0
1.0,60.0,0.0,1.0,60.0,0.0,1.0,60.0,0.0,1.0,60.0,0.0,1.0,60.0,0.0,1.0,60.0,0.0,1.0,60.0,0.0,1.0,60.0,0.0,1.0,60.0,0.0,1.0,60.0,0.0,1.0,60.0,0.0,60.0,0.0,0.0,0.0,1.0,60.0,0.0,60.0,0.0,0.0,0.0,1.0,60.0,0.0,60.0,0.0,0.0,0.0,1.0,60.0,0.0,60.0,0.0,0.0,0.0,1.0,60.0,0.0,60.0,0.0,0.0,0.0,1.0,1505913545.764149,0.0,1.0,1505913545.764149,0.0,1.0,1505913545.764149,0.0,1.0,1505913545.764149,0.0,1.0,1505913545.764149,0.0,1.0,60.0,0.0,60.0,0.0,0.0,0.0,1.0,60.0,0.0,60.0,0.0,0.0,0.0,1.0,60.0,0.0,60.0,0.0,0.0,0.0,1.0,60.0,0.0,60.0,0.0,0.0,0.0,1.0,60.0,0.0,60.0,0.0,0.0,0.0
162.50899866365663,74.0075176237212,0.1803664546314394,274.60757713428313,74.01634447943951,0.3920007005863225,824.8108465891563,74.03201446651904,0.9003429456270169,5632.728208676129,74.08271420918074,12.637545433894047,9005.588335335739,74.09143289173346,14.728070824417046,162.50899866365663,74.0075176237212,0.1803664546314394,274.60757713428313,74.01634447943951,0.3920007005863225,824.8108465891563,74.03201446651904,0.9003429456270169,5632.728208676129,74.08271420918074,12.637545433894047,9005.588335335739,74.09143289173346,14.728070824417046,162.458095267688,74.0,9.5367431640625e-07,95.26804291051644,1.6396148910025613e-12,-6.351718330827541e-28,-5.702239155464007e-16,274.42056390346363,73.99999999999831,4.955437109667427e-06,95.2680429105152,2.6186498960465485e-11,-4.0221614466497222e-25,-2.6913950130320583e-14,823.7272837741829,73.99999145993247,0.0109343894625006,95.26803627697008,0.0001195608729176,-1.885752031786516e-20,-7.710962911791793e-13,5620.623005865496,73.99782539047159,0.1744700674718478,95.26635377990866,0.0304398044436311,2.1431223406547622e-16,3.4424047312795367e-10,8984.13390437215,73.99713131688905,0.200382968667252,95.26581466155088,0.0401533341319009,-1.8135180251943026e-15,-1.1816289593792515e-09,162.45809526768798,0.0018895476135323,6.685802461192617e-05,274.4205639034634,0.0018086644225759,3.890766496815107,823.7272837741867,14.223916351157598,21417339394.975662,5620.623005865545,82624.84562583732,124419108863752.44,8984.133904372165,149016.21808606814,224383448550605.7,1.0,74.0,0.0,74.0,0.0,0.0,0.0,1.0,74.0,0.0,74.0,0.0,0.0,0.0,1.0,74.0,0.0,74.0,0.0,0.0,0.0,1.0,74.0,0.0,74.0,0.0,0.0,0.0,1.0,74.0,0.0,74.0,0.0,0.0,0.0
1.0,60.0,0.0,1.0,60.0,0.0,1.0,60.0,0.0,1.0,60.0,0.0,1.0,60.0,0.0,1.0,60.0,0.0,1.0,60.0,0.0,1.0,60.0,0.0,1.0,60.0,0.0,1.0,60.0,0.0,1.0,60.0,0.0,60.0,0.0,0.0,0.0,1.0,60.0,0.0,60.0,0.0,0.0,0.0,1.0,60.0,0.0,60.0,0.0,0.0,0.0,1.0,60.0,0.0,60.0,0.0,0.0,0.0,1.0,60.0,0.0,60.0,0.0,0.0,0.0,1.0,1505913564.995865,0.0,1.0,1505913564.995865,0.0,1.0,1505913564.995865,0.0,1.0,1505913564.995865,0.0,1.0,1505913564.995865,0.0,1.0,60.0,0.0,60.0,0.0,0.0,0.0,1.0,60.0,0.0,60.0,0.0,0.0,0.0,1.0,60.0,0.0,60.0,0.0,0.0,0.0,1.0,60.0,0.0,60.0,0.0,0.0,0.0,1.0,60.0,0.0,60.0,0.0,0.0,0.0
47.849572423650216,74.06458012869797,1.573736842319704,68.55976509655592,74.10929100210667,2.8250236452677204,134.24902092156955,74.20039396861641,6.003265371909947,955.8758719906943,74.68306258049157,189.8504443607544,8675.149345278078,76.44402409339645,1519.9037718617392,47.849572423650216,74.06458012869797,1.573736842319704,68.55976509655592,74.10929100210667,2.8250236452677204,134.24902092156955,74.20039396861641,6.003265371909947,955.8758719906943,74.68306258049157,189.8504443607544,8675.149345278078,76.44402409339645,1519.9037718617392,1.0000000009015837,74.0,0.0,74.0,0.0,0.0,0.0,1.0000037484660758,74.00000000000001,1.3486991523486091e-06,74.00000000000001,1.8189894035458565e-12,0.0,0.0,1.0174724490127476,74.0,0.0,74.0,0.0,0.0,0.0,2.195088817981956,74.0,9.5367431640625e-07,74.0,9.094947017729282e-13,0.0,0.0,2.8987029159822053,74.0,9.5367431640625e-07,74.0,9.094947017729282e-13,0.0,0.0,1.0000000009015837,6.009415257580298,63716.23938346175,1.0000037484660758,17.152011067012022,16779862631.084646,1.0174724490127476,2884086.156849252,4334856500281467.0,2.195088817981956,367553745.239006,4.184082758909272e+17,2.8987029159822053,488082836.8425926,4.96785526914892e+17,1.0000000009015837,74.0,0.0,74.0,0.0,0.0,0.0,1.0000037484660758,74.00000000000001,1.3486991523486091e-06,74.00000000000001,1.8189894035458565e-12,0.0,0.0,1.0174724490127476,74.0,0.0,74.0,0.0,0.0,0.0,2.195088817981956,74.0,9.5367431640625e-07,74.0,9.094947017729282e-13,0.0,0.0,2.8987029159822053,74.0,9.5367431640625e-07,74.0,9.094947017729282e-13,0.0,0.0
1.0,60.0,0.0,1.0,60.0,0.0,1.0,60.0,0.0,1.0,60.0,0.0,1.0,60.0,0.0,1.0,60.0,0.0,1.0,60.0,0.0,1.0,60.0,0.0,1.0,60.0,0.0,1.0,60.0,0.0,1.0,60.0,0.0,60.0,0.0,0.0,0.0,1.0,60.0,0.0,60.0,0.0,0.0,0.0,1.0,60.0,0.0,60.0,0.0,0.0,0.0,1.0,60.0,0.0,60.0,0.0,0.0,0.0,1.0,60.0,0.0,60.0,0.0,0.0,0.0,1.0,1505913572.804934,0.0,1.0,1505913572.804934,0.0,1.0,1505913572.804934,0.0,1.0,1505913572.804934,0.0,1.0,1505913572.804934,0.0,1.0,60.0,0.0,60.0,0.0,0.0,0.0,1.0,60.0,0.0,60.0,0.0,0.0,0.0,1.0,60.0,0.0,60.0,0.0,0.0,0.0,1.0,60.0,0.0,60.0,0.0,0.0,0.0,1.0,60.0,0.0,60.0,0.0,0.0,0.0
34.01876745492868,60.001423992455976,0.0278120605253207,46.676216388361006,60.01718901514858,0.3197196929563688,155.68115529164342,60.10807033768885,1.9510595512051625,1823.680091249474,60.1149147437672,2.1369373460915995,4687.889114631561,60.11519102443588,2.126077781071672,34.01876745492868,60.001423992455976,0.0278120605253207,46.676216388361006,60.01718901514858,0.3197196929563688,155.68115529164342,60.10807033768885,1.9510595512051625,1823.680091249474,60.1149147437672,2.1369373460915995,4687.889114631561,60.11519102443588,2.126077781071672,1.0,60.0,0.0,60.0,0.0,0.0,0.0,1.0,60.0,0.0,60.0,0.0,0.0,0.0,1.0,60.0,0.0,60.0,0.0,0.0,0.0,1.0,60.0,0.0,60.0,0.0,0.0,0.0,1.0,60.0,0.0,60.0,0.0,0.0,0.0,1.0,1507652997.231142,0.0,1.0,1507652997.231142,0.0,1.0,1507652997.231142,0.0,1.0,1507652997.231142,0.0,1.0,1507652997.231142,0.0,1.0,60.0,0.0,60.0,0.0,0.0,0.0,1.0,60.0,0.0,60.0,0.0,0.0,0.0,1.0,60.0,0.0,60.0,0.0,0.0,0.0,1.0,60.0,0.0,60.0,0.0,0.0,0.0,1.0,60.0,0.0,60.0,0.0,0.0,0.0
145.16818037172433,67.01759011778367,48.9931709057264,256.5567377413284,67.66593879692233,48.54683492286858,628.9212643181143,68.12368919903454,47.74598552488807,3292.533409430658,67.69297946309703,48.620553598406325,7396.238472345566,67.47030832432503,48.863453733137256,145.16818037172433,67.01759011778367,48.9931709057264,256.5567377413284,67.66593879692233,48.54683492286858,628.9212643181143,68.12368919903454,47.74598552488807,3292.533409430658,67.69297946309703,48.620553598406325,7396.238472345566,67.47030832432503,48.863453733137256,72.68476970658973,74.0,9.5367431640625e-07,74.0,9.094947017729282e-13,0.0,0.0,140.20563273344092,74.00000000000001,9.5367431640625e-07,74.00000000000001,9.094947017729282e-13,0.0,0.0,363.6785096573805,73.99999999993867,2.9425141564448383e-05,73.99999999993867,8.658389560878276e-10,0.0,0.0,1799.65361323065,73.99897407826613,0.1198409436009638,73.99897407826613,0.0143618517631693,0.0,0.0,3925.782791116448,73.99708781285514,0.2018963575036437,73.99708781285514,0.0407621391732391,0.0,0.0,72.68476970658973,0.0043016198280652,0.0002103992536019,140.20563273344092,0.0037129339101488,0.0003366822424984,363.6785096573805,0.0043401549591403,155738.41061320127,1799.65361323065,72906.20847646355,109912232946832.95,3925.782791116448,300844.02650014346,453479101107494.6,1.0,74.0,0.0,74.0,0.0,0.0,0.0,1.0,74.0,0.0,74.0,0.0,0.0,0.0,1.0,74.0,0.0,74.0,0.0,0.0,0.0,1.0,74.0,0.0,74.0,0.0,0.0,0.0,1.0,74.0,0.0,74.0,0.0,0.0,0.0
156.58073184465283,74.00625952797799,0.2262810630700187,262.4849300719755,74.00554015945433,0.5368329952634667,789.3203148329857,73.99610135493391,1.1637004152426016,7739.519813677177,74.11756318228305,51.62804915194374,31691.760665853344,74.31716641023219,205.03959902576295,156.58073184465283,74.00625952797799,0.2262810630700187,262.4849300719755,74.00554015945433,0.5368329952634667,789.3203148329857,73.99610135493391,1.1637004152426016,7739.519813677177,74.11756318228305,51.62804915194374,31691.760665853344,74.31716641023219,205.03959902576295,156.4778388967039,74.0000000000001,2.3360154559928683e-06,95.26804291051651,5.624914082024125e-12,-3.397129527357207e-27,-1.2450611387968125e-15,261.87216294266705,74.00000000000018,4.370284743266906e-06,95.26804291051673,2.3738508636848905e-11,2.008289943217948e-26,1.2239135519174962e-15,784.5376907714407,73.99999984788072,0.0014593367324659,95.2680427923568,2.1296636987314624e-06,8.873398674406111e-21,2.602907701783177e-12,7712.806063165529,73.99894762452072,0.1213760654835899,95.2672254741186,0.0147321492722767,1.9248973293722872e-16,1.175870324192422e-09,31593.05780337986,73.99836116376767,0.1514629377399425,95.26676994064236,0.0229410215088137,-1.4244544026790122e-16,-9.764319986059308e-11,156.477838896704,0.001883205527824,1.9778275808127465e-05,261.8721629426676,0.0018602022975319,1.9935966137021403e-05,784.5376907714432,0.0018477440858694,2.2342857691383645e-05,7712.806063165623,966.0663149047704,1454809360641.7957,31593.057803378837,28031.76577913877,42212648952068.91,1.0,74.0,0.0,95.26804291051644,0.0,0.0,0.0,1.0,74.0,0.0,95.26804291051644,0.0,0.0,0.0,1.0000000000000004,74.0,9.5367431640625e-07,95.26804291051644,9.094947017729282e-13,0.0,0.0,1.0288112048680795,73.99999999999999,9.5367431640625e-07,95.26804291051644,9.094947017729282e-13,0.0,0.0,1.7013844643848457,74.0,0.0,95.26804291051644,0.0,0.0,0.0
1.0,60.0,0.0,1.0,60.0,0.0,1.0,60.0,0.0,1.0,60.0,0.0,1.0,60.0,0.0,1.0,60.0,0.0,1.0,60.0,0.0,1.0,60.0,0.0,1.0,60.0,0.0,1.0,60.0,0.0,1.0,60.0,0.0,60.0,0.0,0.0,0.0,1.0,60.0,0.0,60.0,0.0,0.0,0.0,1.0,60.0,0.0,60.0,0.0,0.0,0.0,1.0,60.0,0.0,60.0,0.0,0.0,0.0,1.0,60.0,0.0,60.0,0.0,0.0,0.0,1.0,1505913538.629953,0.0,1.0,1505913538.629953,0.0,1.0,1505913538.629953,0.0,1.0,1505913538.629953,0.0,1.0,1505913538.629953,0.0,1.0,60.0,0.0,60.0,0.0,0.0,0.0,1.0,60.0,0.0,60.0,0.0,0.0,0.0,1.0,60.0,0.0,60.0,0.0,0.0,0.0,1.0,60.0,0.0,60.0,0.0,0.0,0.0,1.0,60.0,0.0,60.0,0.0,0.0,0.0
114.53772674075078,363.7586646472906,57770.24358375251,190.7188513129514,338.53786247282744,59991.750207281584,520.4532478815544,331.7717728754885,60370.64206034703,3831.070385661317,340.3105915053739,59877.42364809513,33491.727950963665,341.84291897381934,59772.35151045835,114.53772674075078,363.7586646472906,57770.24358375251,190.7188513129514,338.53786247282744,59991.750207281584,520.4532478815544,331.7717728754885,60370.64206034703,3831.070385661317,340.3105915053739,59877.42364809513,33491.727950963665,341.84291897381934,59772.35151045835,70.42034509691999,554.0000000000001,7.62939453125e-06,554.0000000000001,5.820766091346741e-11,0.0,0.0,107.51677157457986,553.9999999999999,0.0,553.9999999999999,0.0,0.0,0.0,286.26983129315425,553.9999998920254,0.0073034030440345,553.9999998920254,5.333969602361322e-05,0.0,0.0,2173.768931748507,553.9403396745791,5.428502685363048,553.9403396745791,29.46864140499383,0.0,0.0,19111.292781142616,553.8345108638257,9.040146382662602,553.8345108638257,81.72424661996774,0.0,0.0,70.42034509691999,0.0047364542577749,0.0003966667613435,107.51677157457986,0.0048762310704569,0.000395536623037,286.26983129315425,0.005207991405727,0.0004765563272505,2173.768931748507,0.0111350017780824,6737956.356477298,19111.292781142616,11965.36951242186,18039507417181.55,1.0,554.0,0.0,554.0,0.0,0.0,0.0,1.0,554.0,0.0,554.0,0.0,0.0,0.0,1.0,554.0,0.0,554.0,0.0,0.0,0.0,1.0,554.0,0.0,554.0,0.0,0.0,0.0,1.0,554.0,0.0,554.0,0.0,0.0,0.0
100.70187101281704,260.5322176149059,58844.51222612728,149.98310199385398,303.05567842184644,60983.364969041686,395.7789345959192,339.32865110489075,59944.30885627838,3807.921063524473,342.43105251214854,59728.879587167685,37911.26643257279,342.5081910788664,59725.10931300656,100.70187101281704,260.5322176149059,58844.51222612728,149.98310199385398,303.05567842184644,60983.364969041686,395.7789345959192,339.32865110489075,59944.30885627838,3807.921063524473,342.43105251214854,59728.879587167685,37911.26643257279,342.5081910788664,59725.10931300656,40.87627544584596,553.9999999985896,0.00083464320869,553.9999999985896,6.966292858123779e-07,0.0,0.0,73.78768147139176,553.9999926544767,0.0602385946244873,553.9999926544767,0.0036286882823333,0.0,0.0,223.76786587027465,553.9772293764917,3.353829082129664,553.9772293764917,11.248169512138704,0.0,0.0,2177.634508064876,553.7820053338006,10.375058719191983,553.7820053338006,107.6418434266816,0.0,0.0,21684.2347400222,553.8338175690321,9.05905647962832,553.8338175690321,82.06650430109585,0.0,0.0,40.87627544584596,0.0077890130751206,0.0004042777588328,73.78768147139176,0.0069582464944319,0.000406950122293,223.76786587027465,0.0066063982539095,0.0004280859012394,2177.634508064876,0.0066437540108769,8.170829051839707,21684.2347400222,2700.9788689778,4072129856289.514,1.0,554.0,0.0,554.0,0.0,0.0,0.0,1.0,554.0,0.0,554.0,0.0,0.0,0.0,1.0,554.0,0.0,554.0,0.0,0.0,0.0,1.0,554.0,0.0,554.0,0.0,0.0,0.0,1.0,554.0,0.0,554.0,0.0,0.0,0.0
1.0,60.0,0.0,1.0,60.0,0.0,1.0,60.0,0.0,1.0,60.0,0.0,1.0,60.0,0.0,1.0,60.0,0.0,1.0,60.0,0.0,1.0,60.0,0.0,1.0,60.0,0.0,1.0,60.0,0.0,1.0,60.0,0.0,60.0,0.0,0.0,0.0,1.0,60.0,0.0,60.0,0.0,0.0,0.0,1.0,60.0,0.0,60.0,0.0,0.0,0.0,1.0,60.0,0.0,60.0,0.0,0.0,0.0,1.0,60.0,0.0,60.0,0.0,0.0,0.0,1.0,1505913537.013744,0.0,1.0,1505913537.013744,0.0,1.0,1505913537.013744,0.0,1.0,1505913537.013744,0.0,1.0,1505913537.013744,0.0,1.0,60.0,0.0,60.0,0.0,0.0,0.0,1.0,60.0,0.0,60.0,0.0,0.0,0.0,1.0,60.0,0.0,60.0,0.0,0.0,0.0,1.0,60.0,0.0,60.0,0.0,0.0,0.0,1.0,60.0,0.0,60.0,0.0,0.0,0.0
1.0,60.0,0.0,1.0,60.0,0.0,1.0,60.0,0.0,1.0,60.0,0.0,1.0,60.0,0.0,1.0,60.0,0.0,1.0,60.0,0.0,1.0,60.0,0.0,1.0,60.0,0.0,1.0,60.0,0.0,1.0,60.0,0.0,60.0,0.0,0.0,0.0,1.0,60.0,0.0,60.0,0.0,0.0,0.0,1.0,60.0,0.0,60.0,0.0,0.0,0.0,1.0,60.0,0.0,60.0,0.0,0.0,0.0,1.0,60.0,0.0,60.0,0.0,0.0,0.0,1.0,1505913537.538538,0.0,1.0,1505913537.538538,0.0,1.0,1505913537.538538,0.0,1.0,1505913537.538538,0.0,1.0,1505913537.538538,0.0,1.0,60.0,0.0,60.0,0.0,0.0,0.0,1.0,60.0,0.0,60.0,0.0,0.0,0.0,1.0,60.0,0.0,60.0,0.0,0.0,0.0,1.0,60.0,0.0,60.0,0.0,0.0,0.0,1.0,60.0,0.0,60.0,0.0,0.0,0.0
118.77938041247133,60.1709473890766,3.7311592142723375,144.3861862867996,60.14742791845413,3.2141217697899265,272.221948222584,60.11263546631771,2.345719603242742,2084.381037437021,60.08619052746821,1.571870783509894,19841.850187202595,60.09519133151053,1.663395873021727,118.77938041247133,60.1709473890766,3.7311592142723375,144.3861862867996,60.14742791845413,3.2141217697899265,272.221948222584,60.11263546631771,2.345719603242742,2084.381037437021,60.08619052746821,1.571870783509894,19841.850187202595,60.09519133151053,1.663395873021727,1.0,60.0,0.0,60.0,0.0,0.0,0.0,1.0,60.0,0.0,60.0,0.0,0.0,0.0,1.0,60.0,0.0,60.0,0.0,0.0,0.0,1.0,60.0,0.0,60.0,0.0,0.0,0.0,1.0,60.0,0.0,60.0,0.0,0.0,0.0,1.0,1507653592.534549,0.0,1.0,1507653592.534549,0.0,1.0,1507653592.534549,0.0,1.0,1507653592.534549,0.0,1.0,1507653592.534549,0.0,1.0,60.0,0.0,60.0,0.0,0.0,0.0,1.0,60.0,0.0,60.0,0.0,0.0,0.0,1.0,60.0,0.0,60.0,0.0,0.0,0.0,1.0,60.0,0.0,60.0,0.0,0.0,0.0,1.0,60.0,0.0,60.0,0.0,0.0,0.0
1.0,60.0,0.0,1.0,60.0,0.0,1.0,60.0,0.0,1.0,60.0,0.0,1.0,60.0,0.0,1.0,60.0,0.0,1.0,60.0,0.0,1.0,60.0,0.0,1.0,60.0,0.0,1.0,60.0,0.0,1.0,60.0,0.0,60.0,0.0,0.0,0.0,1.0,60.0,0.0,60.0,0.0,0.0,0.0,1.0,60.0,0.0,60.0,0.0,0.0,0.0,1.0,60.0,0.0,60.0,0.0,0.0,0.0,1.0,60.0,0.0,60.0,0.0,0.0,0.0,1.0,1505913548.030332,0.0,1.0,1505913548.030332,0.0,1.0,1505913548.030332,0.0,1.0,1505913548.030332,0.0,1.0,1505913548.030332,0.0,1.0,60.0,0.0,60.0,0.0,0.0,0.0,1.0,60.0,0.0,60.0,0.0,0.0,0.0,1.0,60.0,0.0,60.0,0.0,0.0,0.0,1.0,60.0,0.0,60.0,0.0,0.0,0.0,1.0,60.0,0.0,60.0,0.0,0.0,0.0
48.792316801368216,426.7399031918988,46646.69094776418,92.46036501921316,361.4589954627732,58016.61977396783,328.56875232123235,314.21227159922176,60931.14950232796,3335.914036063872,307.0686254168488,60980.823058785616,23919.12583916585,304.30640614319304,60973.561341689856,48.792316801368216,426.7399031918988,46646.69094776418,92.46036501921316,361.4589954627732,58016.61977396783,328.56875232123235,314.21227159922176,60931.14950232796,3335.914036063872,307.0686254168488,60980.823058785616,23919.12583916585,304.30640614319304,60973.561341689856,36.21778867679272,553.9999999999999,1.3214498959113138e-05,553.9999999999999,1.7462298274040222e-10,0.0,0.0,56.41274461196896,553.999999999937,0.0001766332535215,553.999999999937,3.119930624961853e-08,0.0,0.0,169.04576028843653,553.9994347626988,0.5284192533910114,553.9994347626988,0.2792269073543139,0.0,0.0,1668.7324462195434,553.7897451896288,10.189291890898062,553.7897451896288,103.821669237921,0.0,0.0,11832.893601344593,553.7238067341508,11.677465076275478,553.7238067341508,136.36319060763344,0.0,0.0,36.21778867679272,0.0085040424851074,0.0002546497379865,56.41274461196896,0.0088803631053838,0.0002751696856138,169.04576028843653,0.0086774344808134,0.0003461950260706,1668.7324462195434,1.4652216700267826,2195982572.204196,11832.893601344593,33570.150431921764,50611209269107.89,36.21778867679272,553.9999999999999,1.3214498959113138e-05,553.9999999999999,1.7462298274040222e-10,0.0,0.0,56.41274461196176,554.0000000000001,1.52587890625e-05,554.0000000000001,2.3283064365386963e-10,0.0,0.0,169.0455668654219,553.9999999999994,2.288818359375e-05,553.9999999999994,5.238689482212067e-10,0.0,0.0,1668.0222052801928,553.9999999999992,2.7508173183166418e-05,553.9999999999992,7.566995918750762e-10,0.0,0.0,11826.277881651897,553.9999999999945,8.001776490555966e-05,553.9999999999945,6.402842700481415e-09,0.0,0.0
191.96151207629453,68.99530156036501,45.409183180981024,284.7848208450264,68.68820230689107,46.522419150360285,512.6440263967681,68.80409427249838,46.03459052427935,3439.540741722072,69.25414062633246,44.03894181012947,27032.707994452958,67.97008848174464,48.22934000830082,191.96151207629453,68.99530156036501,45.409183180981024,284.7848208450264,68.68820230689107,46.522419150360285,512.6440263967681,68.80409427249838,46.03459052427935,3439.540741722072,69.25414062633246,44.03894181012947,27032.707994452958,67.97008848174464,48.22934000830082,122.56307026662948,73.99999999999999,1.9073486328125e-06,73.99999999999999,3.637978807091713e-12,0.0,0.0,175.52564727055028,73.99999999999999,1.3486991523486091e-06,73.99999999999999,1.8189894035458565e-12,0.0,0.0,320.46482743961786,73.99999995377453,0.0008044637151437,73.99999995377453,6.471618689829484e-07,0.0,0.0,2266.8263674288164,73.98815193064974,0.407102682555856,73.98815193064974,0.165732594144174,0.0,0.0,15314.537736303757,73.98234763659468,0.4968113140555703,73.98234763659468,0.2468214817736225,0.0,0.0,122.56307026662948,0.0028508659325049,0.0004644857813604,175.52564727055028,0.0033353544899781,0.0008077111645751,320.46482743961786,0.0050117692422025,0.0016475855514223,2266.8263674288164,0.3082107399974898,454970143.55034655,15314.537736303757,22849.59008724945,34448812756857.22,1.0,74.0,0.0,74.0,0.0,0.0,0.0,1.0,74.0,0.0,74.0,0.0,0.0,0.0,1.0,74.0,0.0,74.0,0.0,0.0,0.0,1.0,74.0,0.0,74.0,0.0,0.0,0.0,1.0,74.0,0.0,74.0,0.0,0.0,0.0
159.85403455592603,310.44651637329565,60986.24578670916,247.59238965920468,341.97433827302564,59765.40292219716,663.5717661898735,353.5470262658468,58813.482356221866,2043.7439938632824,357.2511489963273,58456.15637127144,2411.431233292093,359.256187321232,58250.993019555,159.85403455592603,310.44651637329565,60986.24578670916,247.59238965920468,341.97433827302564,59765.40292219716,663.5717661898735,353.5470262658468,58813.482356221866,2043.7439938632824,357.2511489963273,58456.15637127144,2411.431233292093,359.256187321232,58250.993019555,1.0,60.0,0.0,60.0,0.0,0.0,0.0,1.0,60.0,0.0,60.0,0.0,0.0,0.0,1.0,60.0,0.0,60.0,0.0,0.0,0.0,1.0,60.0,0.0,60.0,0.0,0.0,0.0,1.0,60.0,0.0,60.0,0.0,0.0,0.0,1.0,1507655932.146367,0.0,1.0,1507655932.146367,0.0,1.0,1507655932.146367,0.0,1.0,1507655932.146367,0.0,1.0,1507655932.146367,0.0,1.0,60.0,0.0,60.0,0.0,0.0,0.0,1.0,60.0,0.0,60.0,0.0,0.0,0.0,1.0,60.0,0.0,60.0,0.0,0.0,0.0,1.0,60.0,0.0,60.0,0.0,0.0,0.0,1.0,60.0,0.0,60.0,0.0,0.0,0.0
34.97610766311588,60.32618009665554,7.3952997837013745,53.94721168964435,60.28120508122856,6.375441744477938,186.5717343414578,60.13262103014999,2.823949930225353,2000.3112565213887,60.10297677334592,1.7951764977733546,19867.716683245155,60.09920918324313,1.7298773201046058,34.97610766311588,60.32618009665554,7.3952997837013745,53.94721168964435,60.28120508122856,6.375441744477938,186.5717343414578,60.13262103014999,2.823949930225353,2000.3112565213887,60.10297677334592,1.7951764977733546,19867.716683245155,60.09920918324313,1.7298773201046058,1.0,60.0,0.0,60.0,0.0,0.0,0.0,1.0,60.0,0.0,60.0,0.0,0.0,0.0,1.0,60.0,0.0,60.0,0.0,0.0,0.0,1.0,60.0,0.0,60.0,0.0,0.0,0.0,1.0,60.0,0.0,60.0,0.0,0.0,0.0,1.0,1507653647.764491,0.0,1.0,1507653647.764491,0.0,1.0,1507653647.764491,0.0,1.0,1507653647.764491,0.0,1.0,1507653647.764491,0.0,1.0,60.0,0.0,60.0,0.0,0.0,0.0,1.0,60.0,0.0,60.0,0.0,0.0,0.0,1.0,60.0,0.0,60.0,0.0,0.0,0.0,1.0,60.0,0.0,60.0,0.0,0.0,0.0,1.0,60.0,0.0,60.0,0.0,0.0,0.0
114.7784246946348,186.0787087674538,47896.576404920685,161.87571070781377,215.37431023605,54468.28598369144,364.9357002993077,283.01195350139074,63085.19270386917,3465.263995096297,327.2245037332421,63779.84522219616,20888.935053348192,336.8147615431352,63418.50484635367,114.7784246946348,186.0787087674538,47896.576404920685,161.87571070781377,215.37431023605,54468.28598369144,364.9357002993077,283.01195350139074,63085.19270386917,3465.263995096297,327.2245037332421,63779.84522219616,20888.935053348192,336.8147615431352,63418.50484635367,1.0,60.0,0.0,60.0,0.0,0.0,0.0,1.0,60.0,0.0,60.0,0.0,0.0,0.0,1.0,60.0,0.0,60.0,0.0,0.0,0.0,1.0,60.0,0.0,60.0,0.0,0.0,0.0,1.0,60.0,0.0,60.0,0.0,0.0,0.0,1.0,1507658043.581995,0.0,1.0,1507658043.581995,0.0,1.0,1507658043.581995,0.0,1.0,1507658043.581995,0.0,1.0,1507658043.581995,0.0,1.0,60.0,0.0,60.0,0.0,0.0,0.0,1.0,60.0,0.0,60.0,0.0,0.0,0.0,1.0,60.0,0.0,60.0,0.0,0.0,0.0,1.0,60.0,0.0,60.0,0.0,0.0,0.0,1.0,60.0,0.0,60.0,0.0,0.0,0.0
20.27814884439075,60.00287811359632,0.0610427365140822,30.058878519429204,60.02408886879228,0.4926702306188418,114.11797574616836,60.0901813860312,1.6860099016544154,1860.6402935405888,60.08351058087629,1.3189502513810112,19310.012575248227,60.09509714998365,1.6318172167457303,20.27814884439075,60.00287811359632,0.0610427365140822,30.058878519429204,60.02408886879228,0.4926702306188418,114.11797574616836,60.0901813860312,1.6860099016544154,1860.6402935405888,60.08351058087629,1.3189502513810112,19310.012575248227,60.09509714998365,1.6318172167457303,1.0,60.0,0.0,60.0,0.0,0.0,0.0,1.0,60.0,0.0,60.0,0.0,0.0,0.0,1.0,60.0,0.0,60.0,0.0,0.0,0.0,1.0,60.0,0.0,60.0,0.0,0.0,0.0,1.0,60.0,0.0,60.0,0.0,0.0,0.0,1.0,1507653494.4007552,0.0,1.0,1507653494.4007552,0.0,1.0,1507653494.4007552,0.0,1.0,1507653494.4007552,0.0,1.0,1507653494.4007552,0.0,1.0,60.0,0.0,60.0,0.0,0.0,0.0,1.0,60.0,0.0,60.0,0.0,0.0,0.0,1.0,60.0,0.0,60.0,0.0,0.0,0.0,1.0,60.0,0.0,60.0,0.0,0.0,0.0,1.0,60.0,0.0,60.0,0.0,0.0,0.0
127.0412547967154,243.3589629508664,56949.64874474068,180.64344798960516,255.8122503771152,58368.012219297685,535.8920951713419,301.16468239118177,60943.5758665832,4328.2233438396415,335.6122603986177,60163.35601522108,23916.11659901757,341.56294993545663,59790.7798769597,127.0412547967154,243.3589629508664,56949.64874474068,180.64344798960516,255.8122503771152,58368.012219297685,535.8920951713419,301.16468239118177,60943.5758665832,4328.2233438396415,335.6122603986177,60163.35601522108,23916.11659901757,341.56294993545663,59790.7798769597,47.14915206443091,553.9999999999999,7.62939453125e-06,553.9999999999999,5.820766091346741e-11,0.0,0.0,71.58751890998522,553.9999999956812,0.0014606056894793,553.9999999956812,2.133368980139494e-06,0.0,0.0,261.5448329532824,553.9983843691916,0.8933750662553598,553.9983843691916,0.7981190090067685,0.0,0.0,2415.052165202713,553.8469548348265,8.69372697830872,553.8469548348265,75.58088877337286,0.0,0.0,13634.192385110904,553.8104374970371,9.67511976776726,553.8104374970371,93.6079425206408,0.0,0.0,47.14915206443091,0.0070209821006532,0.0005432510305546,71.58751890998522,0.007235580898581,0.000484350354294,261.5448329532824,0.0056588516929014,0.000395154396213,2415.052165202713,117.73602467397797,177496347107.48166,13634.192385110904,46905.52775317544,70715187538952.9,1.0,554.0,0.0,554.0,0.0,0.0,0.0,1.0,554.0,0.0,554.0,0.0,0.0,0.0,1.0,554.0,0.0,554.0,0.0,0.0,0.0,1.0,554.0,0.0,554.0,0.0,0.0,0.0,1.0,554.0,0.0,554.0,0.0,0.0,0.0
46.84298533075821,74.01482594343109,0.355689058695134,73.68615232311276,74.04361415866335,1.0980832206369089,183.6654166920013,74.21548246645908,25.876195241644396,935.110781411118,74.98265227883226,251.9756919377341,5343.839415952948,76.04742144796046,1150.2504075963025,46.84298533075821,74.01482594343109,0.355689058695134,73.68615232311276,74.04361415866335,1.0980832206369089,183.6654166920013,74.21548246645908,25.876195241644396,935.110781411118,74.98265227883226,251.9756919377341,5343.839415952948,76.04742144796046,1150.2504075963025,1.0000186975107432,74.0,9.5367431640625e-07,74.0,9.094947017729282e-13,0.0,0.0,1.0014556946130722,73.99999999999999,9.5367431640625e-07,73.99999999999999,9.094947017729282e-13,0.0,0.0,1.1133330974167963,74.0,9.5367431640625e-07,74.0,9.094947017729282e-13,0.0,0.0,1.804332608516192,74.00000000000001,1.3486991523486091e-06,74.00000000000001,1.8189894035458565e-12,0.0,0.0,1.9784611071880511,74.0,0.0,74.0,0.0,0.0,0.0,1.0000186975107432,28159.437336806583,42400136257729.7,1.0014556946130722,2188965.9610243416,3291595766618866.5,1.1133330974167963,153296238.2095075,2.073510406200756e+17,1.804332608516192,671303529.3981107,5.6027620861485626e+17,1.9784611071880511,744759244.4874411,5.6687621357216666e+17,1.0000186975107432,74.0,9.5367431640625e-07,74.0,9.094947017729282e-13,0.0,0.0,1.0014556946130722,73.99999999999999,9.5367431640625e-07,73.99999999999999,9.094947017729282e-13,0.0,0.0,1.1133330974167963,74.0,9.5367431640625e-07,74.0,9.094947017729282e-13,0.0,0.0,1.804332608516192,74.00000000000001,1.3486991523486091e-06,74.00000000000001,1.8189894035458565e-12,0.0,0.0,1.9784611071880511,74.0,0.0,74.0,0.0,0.0,0.0
72.19252138362569,262.1606067912187,58998.082680270985,122.03211652041512,253.04765151346484,58096.172945480605,343.1954091346301,273.74740251037844,59891.86927051476,3336.5374400216224,302.48892846318074,60962.583514763566,23990.714964491537,303.68778123186564,60970.14699624568,72.19252138362569,262.1606067912187,58998.082680270985,122.03211652041512,253.04765151346484,58096.172945480605,343.1954091346301,273.74740251037844,59891.86927051476,3336.5374400216224,302.48892846318074,60962.583514763566,23990.714964491537,303.68778123186564,60970.14699624568,29.54338457139609,554.0000000000001,7.62939453125e-06,554.0000000000001,5.820766091346741e-11,0.0,0.0,47.68727409569063,553.9999999999928,5.860249136252295e-05,553.9999999999928,3.434251993894577e-09,0.0,0.0,148.47979063883534,553.9997034960952,0.3827177042573155,553.9997034960952,0.14647284115199,0.0,0.0,1638.0891271772375,553.801782775858,9.893433107774303,553.801782775858,97.8800186580047,0.0,0.0,11838.22582517671,553.7260621447347,11.629714465577509,553.7260621447347,135.25025855086278,0.0,0.0,29.54338457139609,0.0104356346373066,0.000302399735147,47.68727409569063,0.0105357672211708,0.0003418258571228,148.47979063883534,0.0098775183071799,0.0003756530056952,1638.0891271772375,1.3819920675081596,2070257365.2568,11838.22582517671,33296.01468729011,50197924261227.21,29.54338457139609,554.0000000000001,7.62939453125e-06,554.0000000000001,5.820766091346741e-11,0.0,0.0,47.68727409568993,554.0000000000001,7.62939453125e-06,554.0000000000001,5.820766091346741e-11,0.0,0.0,148.47970151973075,553.9999999999994,2.288818359375e-05,553.9999999999994,5.238689482212067e-10,0.0,0.0,1637.4318448296965,553.9999999999989,3.411968959808029e-05,553.9999999999989,1.164153218269348e-09,0.0,0.0,11831.661172964792,553.999999999995,7.780486318348365e-05,553.999999999995,6.05359673500061e-09,0.0,0.0
88.88545950818495,218.92567139465305,53251.74608974383,126.26469713626642,252.4927466629388,58036.05362847461,329.31129472487214,293.43907737118224,60806.67765577625,3061.0651146327064,301.9527061182852,60958.315582982665,8242.921402138636,301.676883037642,60958.639217678174,88.88545950818495,218.92567139465305,53251.74608974383,126.26469713626642,252.4927466629388,58036.05362847461,329.31129472487214,293.43907737118224,60806.67765577625,3061.0651146327064,301.9527061182852,60958.315582982665,8242.921402138636,301.676883037642,60958.639217678174,1.0,60.0,0.0,60.0,0.0,0.0,0.0,1.0,60.0,0.0,60.0,0.0,0.0,0.0,1.0,60.0,0.0,60.0,0.0,0.0,0.0,1.0,60.0,0.0,60.0,0.0,0.0,0.0,1.0,60.0,0.0,60.0,0.0,0.0,0.0,1.0,1507659348.933593,0.0,1.0,1507659348.933593,0.0,1.0,1507659348.933593,0.0,1.0,1507659348.933593,0.0,1.0,1507659348.933593,0.0,1.0,60.0,0.0,60.0,0.0,0.0,0.0,1.0,60.0,0.0,60.0,0.0,0.0,0.0,1.0,60.0,0.0,60.0,0.0,0.0,0.0,1.0,60.0,0.0,60.0,0.0,0.0,0.0,1.0,60.0,0.0,60.0,0.0,0.0,0.0
154.64505827454246,384.8284002210649,54937.20554333067,229.5445628657381,369.2910472122103,57104.92866845426,504.822156417794,358.66430342705,58309.01640628303,4170.888107481062,345.45805520214583,59505.29359153405,35201.305133869435,342.7486873718438,59708.359303409845,154.64505827454246,384.8284002210649,54937.20554333067,229.5445628657381,369.2910472122103,57104.92866845426,504.822156417794,358.66430342705,58309.01640628303,4170.888107481062,345.45805520214583,59505.29359153405,35201.305133869435,342.7486873718438,59708.359303409845,101.67690813276468,554.0,7.62939453125e-06,554.0,5.820766091346741e-11,0.0,0.0,143.69347413097108,554.0000000000006,2.0185480583683703e-05,554.0000000000006,4.07453626394272e-10,0.0,0.0,305.14129364000826,553.9999999966093,0.0012941666179917,553.9999999966093,1.6748672351241112e-06,0.0,0.0,2409.880145908489,553.9656633282846,4.118390076170996,553.9656633282846,16.961136819503736,0.0,0.0,20150.637705017845,553.852779062746,8.526750201723862,553.852779062746,72.70546900259797,0.0,0.0,101.67690813276468,0.0030776668178019,0.0001468644682577,143.69347413097108,0.003586256779564,0.0002512978396905,305.14129364000826,0.0049618156857118,0.0007231319062349,2409.880145908489,0.0065107762155691,739731.1747920418,20150.637705017845,9193.062859472408,13859881709206.04,1.0,554.0,0.0,554.0,0.0,0.0,0.0,1.0,554.0,0.0,554.0,0.0,0.0,0.0,1.0,554.0,0.0,554.0,0.0,0.0,0.0,1.0,554.0,0.0,554.0,0.0,0.0,0.0,1.0,554.0,0.0,554.0,0.0,0.0,0.0
1.0,60.0,0.0,1.0,60.0,0.0,1.0,60.0,0.0,1.0,60.0,0.0,1.0,60.0,0.0,1.0,60.0,0.0,1.0,60.0,0.0,1.0,60.0,0.0,1.0,60.0,0.0,1.0,60.0,0.0,1.0,60.0,0.0,60.0,0.0,0.0,0.0,1.0,60.0,0.0,60.0,0.0,0.0,0.0,1.0,60.0,0.0,60.0,0.0,0.0,0.0,1.0,60.0,0.0,60.0,0.0,0.0,0.0,1.0,60.0,0.0,60.0,0.0,0.0,0.0,1.0,1505913577.205702,0.0,1.0,1505913577.205702,0.0,1.0,1505913577.205702,0.0,1.0,1505913577.205702,0.0,1.0,1505913577.205702,0.0,1.0,60.0,0.0,60.0,0.0,0.0,0.0,1.0,60.0,0.0,60.0,0.0,0.0,0.0,1.0,60.0,0.0,60.0,0.0,0.0,0.0,1.0,60.0,0.0,60.0,0.0,0.0,0.0,1.0,60.0,0.0,60.0,0.0,0.0,0.0
55.53733783532856,516.2223352310597,22707.70953161473,87.86967583175617,489.3731000054617,32892.247512844624,348.16165226994264,374.5855096242649,60192.84312239455,3221.483487656857,342.14691124980726,63133.37116574904,23592.14047271633,342.21491416947515,63131.92442778834,55.53733783532856,516.2223352310597,22707.70953161473,87.86967583175617,489.3731000054617,32892.247512844624,348.16165226994264,374.5855096242649,60192.84312239455,3221.483487656857,342.14691124980726,63133.37116574904,23592.14047271633,342.21491416947515,63131.92442778834,1.0,60.0,0.0,60.0,0.0,0.0,0.0,1.0,60.0,0.0,60.0,0.0,0.0,0.0,1.0,60.0,0.0,60.0,0.0,0.0,0.0,1.0,60.0,0.0,60.0,0.0,0.0,0.0,1.0,60.0,0.0,60.0,0.0,0.0,0.0,1.0,1507658079.157963,0.0,1.0,1507658079.157963,0.0,1.0,1507658079.157963,0.0,1.0,1507658079.157963,0.0,1.0,1507658079.157963,0.0,1.0,60.0,0.0,60.0,0.0,0.0,0.0,1.0,60.0,0.0,60.0,0.0,0.0,0.0,1.0,60.0,0.0,60.0,0.0,0.0,0.0,1.0,60.0,0.0,60.0,0.0,0.0,0.0,1.0,60.0,0.0,60.0,0.0,0.0,0.0
175.1902833985031,74.02646146315384,1.2544538030897456,289.1407642057713,74.02740373205516,1.3662378669232569,846.3553582707269,74.03188512857191,1.2262700146675345,7725.949466255187,74.30952131175157,211.7104135542049,22978.73989448099,74.45711448013046,322.2070578578623,175.1902833985031,74.02646146315384,1.2544538030897456,289.1407642057713,74.02740373205516,1.3662378669232569,846.3553582707269,74.03188512857191,1.2262700146675345,7725.949466255187,74.30952131175157,211.7104135542049,22978.73989448099,74.45711448013046,322.2070578578623,174.67381650920942,74.00000000000003,0.0,95.2680429105164,5.4569682106375694e-12,9.405049818810353e-28,0.0,288.2002379108268,73.99999999999986,4.046097457045827e-06,95.26804291051636,1.667751423237155e-11,-2.8176730250650533e-27,-3.9031940774549623e-16,844.0787167179624,73.99999997066637,0.0006408308222078,95.26804288773134,4.106641427922428e-07,8.27627089308173e-22,4.282439326171471e-13,7704.403975992848,73.99937156071964,0.0937963481075097,95.26755476751482,0.0087977549183051,1.1379336101850163e-16,1.272128283572087e-09,22905.77865887384,73.99857875071903,0.141051302826459,95.2669389511714,0.0198954700290414,1.215498951947166e-16,7.805936264087531e-11,174.67381650920933,0.0016896056961407,1.9967835987118977e-05,288.2002379108267,0.0016947015991702,2.3186407021813715e-05,844.0787167179682,0.0017188860379597,0.8628758582008157,7704.403975993032,5517.383314645505,8308673365665.716,22905.778658873216,46017.43435731479,69296193021529.81,1.0,74.0,0.0,74.0,0.0,0.0,0.0,1.0,74.0,0.0,74.0,0.0,0.0,0.0,1.0,74.0,0.0,74.0,0.0,0.0,0.0,1.0,74.0,0.0,74.0,0.0,0.0,0.0,1.0,74.0,0.0,74.0,0.0,0.0,0.0
200.9982636602642,75.16866834380814,468.0878127428741,314.3730373642445,74.93881781426748,371.1613851762322,846.33893991919,74.45657207892468,171.54188170845464,2446.181392567393,74.2108191133453,66.33734914485194,2830.3356201783645,74.19388742219282,58.14952240389539,200.9982636602642,75.16866834380814,468.0878127428741,314.3730373642445,74.93881781426748,371.1613851762322,846.33893991919,74.45657207892468,171.54188170845464,2446.181392567393,74.2108191133453,66.33734914485194,2830.3356201783645,74.19388742219282,58.14952240389539,199.5345326316706,74.00000000000007,1.9073486328125e-06,95.26804291051648,3.749942721349417e-12,-3.468757109795021e-28,-1.9069693880751487e-16,312.2533510573786,74.00000000000004,1.6518123698891422e-06,95.26804291051644,8.198074455012805e-12,-7.933033736538412e-28,-1.7273050293251048e-16,842.4763851051666,74.00000000000014,3.932099938981686e-06,95.26804291051658,1.6553053431563327e-11,1.2262388233706348e-26,1.2826074245171649e-15,2437.009039698188,73.99999999999963,5.8788433103265525e-06,95.26804291051614,3.4858690736176505e-11,2.426972716229324e-26,1.9359222894395188e-15,2819.5454447773686,73.99999999999993,4.264961199760036e-06,95.26804291051636,1.8749713606747082e-11,4.7836603418754415e-27,5.259690169222963e-16,199.53453263167071,0.3696822374866159,554458776.9045999,312.253351057379,197.81932408991088,297896451420.33984,842.4763851051705,61645.27776746197,92828673394025.4,2437.0090396981896,441274.3904329169,664326479564094.8,2819.545444777363,516413.5120401265,777407561767033.4,1.0,74.0,0.0,74.0,0.0,0.0,0.0,1.0,74.0,0.0,74.0,0.0,0.0,0.0,1.0,74.0,0.0,74.0,0.0,0.0,0.0,1.0,74.0,0.0,74.0,0.0,0.0,0.0,1.0,74.0,0.0,74.0,0.0,0.0,0.0
149.8461632981789,74.00462608138427,0.2587077222069638,253.3541385753313,74.01890022925042,2.7738463461173524,788.1826026003636,74.15607323335651,51.88811575096679,7664.678723467638,74.489090672,339.6350440859478,39921.76848813408,74.35738327044268,234.93802051364312,149.8461632981789,74.00462608138427,0.2587077222069638,253.3541385753313,74.01890022925042,2.7738463461173524,788.1826026003636,74.15607323335651,51.88811575096679,7664.678723467638,74.489090672,339.6350440859478,39921.76848813408,74.35738327044268,234.93802051364312,149.79552465746966,73.99999999999403,9.047348957543505e-06,95.26804291051184,8.217726279746069e-11,-2.4275727571624104e-25,-9.947314141871331e-15,253.0910173533207,73.99999995760008,0.0007704632044599,95.26804287758203,5.936135494351987e-07,2.615821693166156e-21,1.9029269882539845e-12,785.9290326535735,73.99983697398315,0.0477738177182918,95.2679162791759,0.0022823376593805,-4.0967751434490064e-18,-2.5957416754845424e-11,7640.2021236516275,73.9983625350902,0.1513995619748946,95.2667710058161,0.0229218273661899,1.9962363373200028e-16,2.4067461259148466e-10,39799.793287145214,73.99832934674751,0.1529259771498265,95.26674522680894,0.0233863544872292,3.1643257169756263e-16,3.8968975027132646e-10,149.79552465746968,0.0020670116833948,8.998455403098159e-05,253.0910173533209,0.0019785565633257,7.849261192102181e-05,785.9290326535765,0.0018538568173697,5.040101953842669e-05,7640.202123651706,98.2544839648324,147959976781.89606,39799.793287143446,17688.22911774916,26636641782655.39,1.0,74.0,0.0,95.26804291051644,0.0,0.0,0.0,1.0,74.0,0.0,95.26804291051644,0.0,0.0,0.0,1.0,74.0,0.0,95.26804291051644,0.0,0.0,0.0,1.0199445337541784,74.0,0.0,95.26804291051644,0.0,0.0,0.0,1.6760555599458835,74.0,9.5367431640625e-07,95.26804291051644,9.094947017729282e-13,0.0,0.0
1.0,60.0,0.0,1.0,60.0,0.0,1.0,60.0,0.0,1.0,60.0,0.0,1.0,60.0,0.0,1.0,60.0,0.0,1.0,60.0,0.0,1.0,60.0,0.0,1.0,60.0,0.0,1.0,60.0,0.0,1.0,60.0,0.0,60.0,0.0,0.0,0.0,1.0,60.0,0.0,60.0,0.0,0.0,0.0,1.0,60.0,0.0,60.0,0.0,0.0,0.0,1.0,60.0,0.0,60.0,0.0,0.0,0.0,1.0,60.0,0.0,60.0,0.0,0.0,0.0,1.0,1505913570.389157,0.0,1.0,1505913570.389157,0.0,1.0,1505913570.389157,0.0,1.0,1505913570.389157,0.0,1.0,1505913570.389157,0.0,1.0,60.0,0.0,60.0,0.0,0.0,0.0,1.0,60.0,0.0,60.0,0.0,0.0,0.0,1.0,60.0,0.0,60.0,0.0,0.0,0.0,1.0,60.0,0.0,60.0,0.0,0.0,0.0,1.0,60.0,0.0,60.0,0.0,0.0,0.0
1.0,60.0,0.0,1.0,60.0,0.0,1.0,60.0,0.0,1.0,60.0,0.0,1.0,60.0,0.0,1.0,60.0,0.0,1.0,60.0,0.0,1.0,60.0,0.0,1.0,60.0,0.0,1.0,60.0,0.0,1.0,60.0,0.0,60.0,0.0,0.0,0.0,1.0,60.0,0.0,60.0,0.0,0.0,0.0,1.0,60.0,0.0,60.0,0.0,0.0,0.0,1.0,60.0,0.0,60.0,0.0,0.0,0.0,1.0,60.0,0.0,60.0,0.0,0.0,0.0,1.0,1505913456.332267,0.0,1.0,1505913456.332267,0.0,1.0,1505913456.332267,0.0,1.0,1505913456.332267,0.0,1.0,1505913456.332267,0.0,1.0,60.0,0.0,60.0,0.0,0.0,0.0,1.0,60.0,0.0,60.0,0.0,0.0,0.0,1.0,60.0,0.0,60.0,0.0,0.0,0.0,1.0,60.0,0.0,60.0,0.0,0.0,0.0,1.0,60.0,0.0,60.0,0.0,0.0,0.0
1.0,60.0,0.0,1.0,60.0,0.0,1.0,60.0,0.0,1.0,60.0,0.0,1.0,60.0,0.0,1.0,60.0,0.0,1.0,60.0,0.0,1.0,60.0,0.0,1.0,60.0,0.0,1.0,60.0,0.0,1.0,60.0,0.0,60.0,0.0,0.0,0.0,1.0,60.0,0.0,60.0,0.0,0.0,0.0,1.0,60.0,0.0,60.0,0.0,0.0,0.0,1.0,60.0,0.0,60.0,0.0,0.0,0.0,1.0,60.0,0.0,60.0,0.0,0.0,0.0,1.0,1505913467.856062,0.0,1.0,1505913467.856062,0.0,1.0,1505913467.856062,0.0,1.0,1505913467.856062,0.0,1.0,1505913467.856062,0.0,1.0,60.0,0.0,60.0,0.0,0.0,0.0,1.0,60.0,0.0,60.0,0.0,0.0,0.0,1.0,60.0,0.0,60.0,0.0,0.0,0.0,1.0,60.0,0.0,60.0,0.0,0.0,0.0,1.0,60.0,0.0,60.0,0.0,0.0,0.0
111.62402496432478,283.93203698481767,60476.86044150505,182.2977635124404,286.42336141340166,60585.35775274147,467.8872562947187,310.62233274199235,60989.56773555146,4010.649965289357,338.66145617668235,59983.78367340691,35456.661814924395,342.17867288523405,59748.79203705408,111.62402496432478,283.93203698481767,60476.86044150505,182.2977635124404,286.42336141340166,60585.35775274147,467.8872562947187,310.62233274199235,60989.56773555146,4010.649965289357,338.66145617668235,59983.78367340691,35456.661814924395,342.17867288523405,59748.79203705408,50.599581466482384,553.9999999999999,1.0789593218788871e-05,553.9999999999999,1.1641532182693479e-10,0.0,0.0,83.55542161444465,553.9999999987092,0.000798539244688,553.9999999987092,6.376649253070353e-07,0.0,0.0,237.3624931698064,553.9987468011295,0.7868155257490103,553.9987468011295,0.6190786715596914,0.0,0.0,2262.534633214036,553.8805503160186,7.680747076941412,553.8805503160186,58.99387565994402,0.0,0.0,20256.28961936485,553.8430083602772,8.80506806617617,553.8430083602772,77.5292236499954,0.0,0.0,50.599581466482384,0.0061652235192276,0.0002508199035675,83.55542161444465,0.0061055175914731,0.0003306119124589,237.3624931698064,0.0062950784239761,0.000620275422442,2262.534633214036,0.006625906278712,332484.4364836457,20256.28961936485,8389.16770307875,12647898487821.783,1.0,554.0,0.0,554.0,0.0,0.0,0.0,1.0,554.0,0.0,554.0,0.0,0.0,0.0,1.0,554.0,0.0,554.0,0.0,0.0,0.0,1.0,554.0,0.0,554.0,0.0,0.0,0.0,1.0,554.0,0.0,554.0,0.0,0.0,0.0
153.01798747946933,74.03915496768171,1.4944348072376668,258.30329713150144,74.03680147330971,2.0261990326098385,791.7681182051094,74.2192748623901,158.19345417226032,7586.622708583795,74.52487925489187,397.6072130047942,39139.40806963958,74.357576956945,240.86777803186945,153.01798747946933,74.03915496768171,1.4944348072376668,258.30329713150144,74.03680147330971,2.0261990326098385,791.7681182051094,74.2192748623901,158.19345417226032,7586.622708583795,74.52487925489187,397.6072130047942,39139.40806963958,74.357576956945,240.86777803186945,152.51393280693313,73.9999999180633,0.0010710407961169,95.2680428468717,1.147128386964527e-06,-3.5928941665916834e-21,-1.3295029473818233e-12,257.35702933756687,73.99998723597632,0.0133677287200629,95.268032995988,0.0001786961711331,-3.69746410201621e-19,-1.297063546334951e-11,788.8616670716048,73.99890537114044,0.1237885527033705,95.2671926537515,0.0153236057803951,-8.799216880689917e-19,-5.270459159027568e-12,7563.394542704101,73.9979981900482,0.1673957346942901,95.26648800147062,0.0280213319938411,1.0994374544000871e-16,1.8085980251424259e-10,39021.12102226223,73.99826318456483,0.1559243393784556,95.26669383542252,0.0243123996106078,3.3289953060511714e-16,5.005923235538978e-10,152.513932806933,0.0019451827501953,2.903236678287314e-05,257.3570293375667,0.001900635372006,2.847063056008397e-05,788.8616670716061,0.0018395055351604,2.786684579065273e-05,7563.394542704174,120.11625132864803,180881891217.2614,39021.12102226056,18388.728591886644,27691508693710.76,1.0,74.0,0.0,95.26804291051644,0.0,0.0,0.0,1.0,74.0,0.0,95.26804291051644,0.0,0.0,0.0,1.0,74.0,0.0,95.26804291051644,0.0,0.0,0.0,1.020200669425524,74.0,0.0,95.26804291051644,0.0,0.0,0.0,1.676918800443035,74.0,0.0,95.26804291051644,0.0,0.0,0.0
187.29010265041512,74.0317081283753,2.802524875540257,299.40060816339366,74.09569807985523,50.03631104381476,850.6093524250745,74.91582444373694,724.3142164903065,7359.743696104208,74.99400962871042,738.3370059409599,23419.13350963288,74.5257576329817,367.0317650212119,187.29010265041512,74.0317081283753,2.802524875540257,299.40060816339366,74.09569807985523,50.03631104381476,850.6093524250745,74.91582444373694,724.3142164903065,7359.743696104208,74.99400962871042,738.3370059409599,23419.13350963288,74.5257576329817,367.0317650212119,187.0617493730365,73.99999999997674,1.824486395808124e-05,95.26804291049832,3.3293593675836267e-10,2.182448382889792e-24,4.7408284988946686e-14,298.9201904545846,73.99999990760728,0.0011373192991823,95.26804283874986,1.2934951883214387e-06,-1.6212657019206608e-20,-4.849644422123272e-12,848.2266835566322,73.99979299687223,0.0538330839401472,95.26788211973624,0.0028980009265069,-9.228119086738704e-18,-3.459250095209542e-11,7333.294057877168,73.99821056440004,0.1582684310685245,95.26665296279344,0.0250488962728923,-8.562545599278375e-18,-8.504102927412623e-12,23343.192338863515,73.9980415122447,0.1655747347959003,95.2665216518785,0.0274149928027327,-5.148191629350159e-16,-6.107143423138604e-10,187.06174937303643,0.0015651814069851,1.0856837275546311e-05,298.9201904545847,0.0016227349135091,1.0912230740575098e-05,848.2266835566336,0.0017061652862895,1.093695522362692,7333.2940578772705,5938.564238343342,8942927823231.9,23343.192338862755,45264.52000367535,68162414803512.93,1.0,74.0,0.0,74.0,0.0,0.0,0.0,1.0,74.0,0.0,74.0,0.0,0.0,0.0,1.0,74.0,0.0,74.0,0.0,0.0,0.0,1.0,74.0,0.0,74.0,0.0,0.0,0.0,1.0,74.0,0.0,74.0,0.0,0.0,0.0
137.85405752671446,74.05419842463877,35.76978118574061,182.61722958744505,74.43249898734965,337.4495690559552,397.4193713848733,76.99456315514263,2436.808076268029,6425.518929505452,74.73693396971396,568.5335522011474,18843.071409231143,74.33869435516266,232.425510648216,137.85405752671446,74.05419842463877,35.76978118574061,182.61722958744505,74.43249898734965,337.4495690559552,397.4193713848733,76.99456315514263,2436.808076268029,6425.518929505452,74.73693396971396,568.5335522011474,18843.071409231143,74.33869435516266,232.425510648216,137.77987681397292,73.99999999999997,1.3486991523486091e-06,95.26804291051644,9.275062463698822e-12,-2.1558946248480004e-27,-5.300445317701387e-16,182.3084491544248,73.99999999999719,6.5380617145548286e-06,95.26804291051428,4.328707523713915e-11,3.5589723179456127e-26,2.084226319893864e-15,394.8608434913874,73.99998825843123,0.0128211470736028,95.26803379018568,0.0001643818122829,1.855688702695737e-19,5.365783695670365e-12,6403.7720408377,73.99863684034018,0.1381389768900856,95.2669840722827,0.0190823769362396,1.308607656835743e-16,2.3094431236769216e-10,18785.07132153877,73.99814398739943,0.1611853948623703,95.2666012492305,0.0259807315169382,3.621456678584099e-16,4.45223935768628e-10,137.77987681397292,0.0035592363947584,0.0019995340993468,182.3084491544249,0.0042831729644201,0.0030397437898647,394.8608434913892,0.0050329151800432,4645.529961366587,6403.772040837802,14526.205225708914,21874999031736.004,18785.071321538275,60682.864175777664,91379478884289.72,1.0,74.0,0.0,74.0,0.0,0.0,0.0,1.0,74.0,0.0,74.0,0.0,0.0,0.0,1.0,74.0,0.0,74.0,0.0,0.0,0.0,1.0,74.0,0.0,74.0,0.0,0.0,0.0,1.0,74.0,0.0,74.0,0.0,0.0,0.0
141.4764171734004,60.00348052142647,0.0800398573428537,176.0020027068853,60.01302644486197,0.2994153372960682,294.3687876242002,60.04191116243554,0.93928519622159,1680.280224896343,60.10097967206325,1.9098951418409345,3359.484815902202,60.11019452765356,2.0335286889408053,141.4764171734004,60.00348052142647,0.0800398573428537,176.0020027068853,60.01302644486197,0.2994153372960682,294.3687876242002,60.04191116243554,0.93928519622159,1680.280224896343,60.10097967206325,1.9098951418409345,3359.484815902202,60.11019452765356,2.0335286889408053,1.0,60.0,0.0,60.0,0.0,0.0,0.0,1.0,60.0,0.0,60.0,0.0,0.0,0.0,1.0,60.0,0.0,60.0,0.0,0.0,0.0,1.0,60.0,0.0,60.0,0.0,0.0,0.0,1.0,60.0,0.0,60.0,0.0,0.0,0.0,1.0,1507652985.120745,0.0,1.0,1507652985.120745,0.0,1.0,1507652985.120745,0.0,1.0,1507652985.120745,0.0,1.0,1507652985.120745,0.0,1.0,60.0,0.0,60.0,0.0,0.0,0.0,1.0,60.0,0.0,60.0,0.0,0.0,0.0,1.0,60.0,0.0,60.0,0.0,0.0,0.0,1.0,60.0,0.0,60.0,0.0,0.0,0.0,1.0,60.0,0.0,60.0,0.0,0.0,0.0
1.0,60.0,0.0,1.0,60.0,0.0,1.0,60.0,0.0,1.0,60.0,0.0,1.0,60.0,0.0,1.0,60.0,0.0,1.0,60.0,0.0,1.0,60.0,0.0,1.0,60.0,0.0,1.0,60.0,0.0,1.0,60.0,0.0,60.0,0.0,0.0,0.0,1.0,60.0,0.0,60.0,0.0,0.0,0.0,1.0,60.0,0.0,60.0,0.0,0.0,0.0,1.0,60.0,0.0,60.0,0.0,0.0,0.0,1.0,60.0,0.0,60.0,0.0,0.0,0.0,1.0,1505913430.097825,0.0,1.0,1505913430.097825,0.0,1.0,1505913430.097825,0.0,1.0,1505913430.097825,0.0,1.0,1505913430.097825,0.0,1.0,60.0,0.0,60.0,0.0,0.0,0.0,1.0,60.0,0.0,60.0,0.0,0.0,0.0,1.0,60.0,0.0,60.0,0.0,0.0,0.0,1.0,60.0,0.0,60.0,0.0,0.0,0.0,1.0,60.0,0.0,60.0,0.0,0.0,0.0
1.0,60.0,0.0,1.0,60.0,0.0,1.0,60.0,0.0,1.0,60.0,0.0,1.0,60.0,0.0,1.0,60.0,0.0,1.0,60.0,0.0,1.0,60.0,0.0,1.0,60.0,0.0,1.0,60.0,0.0,1.0,60.0,0.0,60.0,0.0,0.0,0.0,1.0,60.0,0.0,60.0,0.0,0.0,0.0,1.0,60.0,0.0,60.0,0.0,0.0,0.0,1.0,60.0,0.0,60.0,0.0,0.0,0.0,1.0,60.0,0.0,60.0,0.0,0.0,0.0,1.0,1505913476.050919,0.0,1.0,1505913476.050919,0.0,1.0,1505913476.050919,0.0,1.0,1505913476.050919,0.0,1.0,1505913476.050919,0.0,1.0,60.0,0.0,60.0,0.0,0.0,0.0,1.0,60.0,0.0,60.0,0.0,0.0,0.0,1.0,60.0,0.0,60.0,0.0,0.0,0.0,1.0,60.0,0.0,60.0,0.0,0.0,0.0,1.0,60.0,0.0,60.0,0.0,0.0,0.0
180.7329870438484,74.00393285015355,0.0951558603555895,293.55190513830985,74.01109049148545,0.3429001461754524,856.8810602059383,74.056668532064,9.113723478573776,6629.321946563359,74.1035985586582,23.246250086435797,11986.10922790372,74.10114028878597,23.665957617043205,180.7329870438484,74.00393285015355,0.0951558603555895,293.55190513830985,74.01109049148545,0.3429001461754524,856.8810602059383,74.056668532064,9.113723478573776,6629.321946563359,74.1035985586582,23.246250086435797,11986.10922790372,74.10114028878597,23.665957617043205,180.70313807761343,74.00000000000004,0.0,95.26804291051648,2.273736754432321e-12,1.5692219881824612e-27,0.0,293.4113431113007,74.0000000000001,2.86102294921875e-06,95.26804291051648,8.298360440173682e-12,1.8671444952399694e-27,5.587414247675606e-16,855.5773014808957,73.99999972103933,0.0019762179920294,95.26804269383209,3.905437552021547e-06,3.2671690460945514e-20,1.0963940395055804e-11,6608.166829484766,73.99868131407717,0.1358670820150888,95.26701861726508,0.0184598639752948,1.6281251998859661e-16,3.3582223330806747e-10,11947.20265314368,73.99791455743366,0.1708562169198357,95.26642304006847,0.0291918468601579,6.519894600726576e-16,5.231566730609314e-10,180.70313807761335,0.0016252880161162,1.4799833551384209e-05,293.41134311130094,0.0016615326643612,0.0001644288553066,855.5773014808992,0.4689349718518671,703621219.4569715,6608.166829484814,50132.45015422005,75492633943101.9,11947.202653143522,108336.26933392716,163133346443816.4,1.0,74.0,0.0,74.0,0.0,0.0,0.0,1.0,74.0,0.0,74.0,0.0,0.0,0.0,1.0,74.0,0.0,74.0,0.0,0.0,0.0,1.0,74.0,0.0,74.0,0.0,0.0,0.0,1.0,74.0,0.0,74.0,0.0,0.0,0.0
97.58225877006552,75.15075979330145,243.50727238604577,121.1173324991072,75.70704646008227,387.0871255746597,219.4796017631845,76.35053049070675,832.0719455389378,1316.5633362467877,78.67284586963824,3410.166207209092,6314.37362767239,77.13043823573847,2094.686868512492,97.58225877006552,75.15075979330145,243.50727238604577,121.1173324991072,75.70704646008227,387.0871255746597,219.4796017631845,76.35053049070675,832.0719455389378,1316.5633362467877,78.67284586963824,3410.166207209092,6314.37362767239,77.13043823573847,2094.686868512492,1.0000296603561107,74.0,0.0,74.0,0.0,0.0,0.0,1.0019200202829968,74.0,0.0,74.0,0.0,0.0,0.0,1.1242897379031889,74.0,9.5367431640625e-07,74.0,9.094947017729282e-13,0.0,0.0,1.811789682314405,74.00000000000001,1.3486991523486091e-06,74.00000000000001,1.8189894035458565e-12,0.0,0.0,1.9793644888574733,74.0,0.0,74.0,0.0,0.0,0.0,1.0000296603561107,44667.59664601084,67258985419303.92,1.0019200202829968,2885845.464467337,4337499325411247.0,1.1242897379031889,166478015.41214532,2.2298645955427792e+17,1.811789682314405,674738674.3993772,5.608254016886809e+17,1.9793644888574733,745106645.0692301,5.668818038227117e+17,1.0000296603561107,74.0,0.0,74.0,0.0,0.0,0.0,1.0019200202829968,74.0,0.0,74.0,0.0,0.0,0.0,1.1242897379031889,74.0,9.5367431640625e-07,74.0,9.094947017729282e-13,0.0,0.0,1.811789682314405,74.00000000000001,1.3486991523486091e-06,74.00000000000001,1.8189894035458565e-12,0.0,0.0,1.9793644888574733,74.0,0.0,74.0,0.0,0.0,0.0
1.0,60.0,0.0,1.0,60.0,0.0,1.0,60.0,0.0,1.0,60.0,0.0,1.0,60.0,0.0,1.0,60.0,0.0,1.0,60.0,0.0,1.0,60.0,0.0,1.0,60.0,0.0,1.0,60.0,0.0,1.0,60.0,0.0,60.0,0.0,0.0,0.0,1.0,60.0,0.0,60.0,0.0,0.0,0.0,1.0,60.0,0.0,60.0,0.0,0.0,0.0,1.0,60.0,0.0,60.0,0.0,0.0,0.0,1.0,60.0,0.0,60.0,0.0,0.0,0.0,1.0,1505913577.537784,0.0,1.0,1505913577.537784,0.0,1.0,1505913577.537784,0.0,1.0,1505913577.537784,0.0,1.0,1505913577.537784,0.0,1.0,60.0,0.0,60.0,0.0,0.0,0.0,1.0,60.0,0.0,60.0,0.0,0.0,0.0,1.0,60.0,0.0,60.0,0.0,0.0,0.0,1.0,60.0,0.0,60.0,0.0,0.0,0.0,1.0,60.0,0.0,60.0,0.0,0.0,0.0
84.58694417729492,290.35450860716674,60721.58821538067,128.74157356343642,331.94625043097426,60369.94044297945,367.77212337394417,352.8322661178358,58885.5343141895,3884.9104752832977,339.44707935900084,59933.6014954518,25907.216536980723,341.35769196817773,59805.590301711,84.58694417729492,290.35450860716674,60721.58821538067,128.74157356343642,331.94625043097426,60369.94044297945,367.77212337394417,352.8322661178358,58885.5343141895,3884.9104752832977,339.44707935900084,59933.6014954518,25907.216536980723,341.35769196817773,59805.590301711,1.0,60.0,0.0,60.0,0.0,0.0,0.0,1.0,60.0,0.0,60.0,0.0,0.0,0.0,1.0,60.0,0.0,60.0,0.0,0.0,0.0,1.0,60.0,0.0,60.0,0.0,0.0,0.0,1.0,60.0,0.0,60.0,0.0,0.0,0.0,1.0,1507656072.766232,0.0,1.0,1507656072.766232,0.0,1.0,1507656072.766232,0.0,1.0,1507656072.766232,0.0,1.0,1507656072.766232,0.0,1.0,60.0,0.0,60.0,0.0,0.0,0.0,1.0,60.0,0.0,60.0,0.0,0.0,0.0,1.0,60.0,0.0,60.0,0.0,0.0,0.0,1.0,60.0,0.0,60.0,0.0,0.0,0.0,1.0,60.0,0.0,60.0,0.0,0.0,0.0
107.78172946208522,210.4267881127489,51638.15370319266,154.18508202641297,238.89049220205936,56320.65438061964,441.91008659735314,305.0815077513522,60969.76941286719,3771.1737716655616,342.65460515975866,59717.38689343074,8664.032150996027,347.02633899717483,59386.437775294326,107.78172946208522,210.4267881127489,51638.15370319266,154.18508202641297,238.89049220205936,56320.65438061964,441.91008659735314,305.0815077513522,60969.76941286719,3771.1737716655616,342.65460515975866,59717.38689343074,8664.032150996027,347.02633899717483,59386.437775294326,1.0,60.0,0.0,60.0,0.0,0.0,0.0,1.0,60.0,0.0,60.0,0.0,0.0,0.0,1.0,60.0,0.0,60.0,0.0,0.0,0.0,1.0,60.0,0.0,60.0,0.0,0.0,0.0,1.0,60.0,0.0,60.0,0.0,0.0,0.0,1.0,1507655958.18261,0.0,1.0,1507655958.18261,0.0,1.0,1507655958.18261,0.0,1.0,1507655958.18261,0.0,1.0,1507655958.18261,0.0,1.0,60.0,0.0,60.0,0.0,0.0,0.0,1.0,60.0,0.0,60.0,0.0,0.0,0.0,1.0,60.0,0.0,60.0,0.0,0.0,0.0,1.0,60.0,0.0,60.0,0.0,0.0,0.0,1.0,60.0,0.0,60.0,0.0,0.0,0.0
82.65867592112033,428.5151061428912,46243.06768507409,144.64633820396057,381.77434910174935,55417.43227889026,426.6054606801577,343.95704762602435,59635.17560477126,4283.271362212883,345.6002141849118,59500.26334020068,37245.570918133904,344.41741436885286,59586.892095741845,82.65867592112033,428.5151061428912,46243.06768507409,144.64633820396057,381.77434910174935,55417.43227889026,426.6054606801577,343.95704762602435,59635.17560477126,4283.271362212883,345.6002141849118,59500.26334020068,37245.570918133904,344.41741436885286,59586.892095741845,61.66188012922647,553.9999999590782,0.0044961479081836,553.9999999590782,2.021534601226449e-05,0.0,0.0,94.21736100866543,553.9999444678225,0.1656287794677217,553.9999444678225,0.0274328925879672,0.0,0.0,245.2253786291796,553.9557573217438,4.674818247200834,553.9557573217438,21.85392564436188,0.0,0.0,2476.976730458713,553.8015776522495,9.898548800742812,553.8015776522495,97.98126836068695,0.0,0.0,21447.494188035853,553.8369915220816,8.972157841469118,553.8369915220816,80.49961633223575,0.0,0.0,61.66188012922647,0.0049839117998378,0.0001661195735955,94.21736100866543,0.0053756074916972,0.0002580776459308,245.2253786291796,0.0060737503783965,0.0005469535002051,2476.976730458713,0.0058590059636211,8981.217193237042,21447.494188035853,5571.747464060259,8400237693144.237,1.0,554.0,0.0,554.0,0.0,0.0,0.0,1.0,554.0,0.0,554.0,0.0,0.0,0.0,1.0,554.0,0.0,554.0,0.0,0.0,0.0,1.0,554.0,0.0,554.0,0.0,0.0,0.0,1.0,554.0,0.0,554.0,0.0,0.0,0.0
93.3788465340986,60.00203266207185,0.0243905267798254,122.16189409101344,60.00859606237041,0.1037010390823525,257.18339463551416,60.03909675473064,0.5329279583479547,2080.114055455236,60.08004600295346,1.2879843346531743,19991.622879759925,60.09564862493594,1.6504443194935448,93.3788465340986,60.00203266207185,0.0243905267798254,122.16189409101344,60.00859606237041,0.1037010390823525,257.18339463551416,60.03909675473064,0.5329279583479547,2080.114055455236,60.08004600295346,1.2879843346531743,19991.622879759925,60.09564862493594,1.6504443194935448,1.0,60.0,0.0,60.0,0.0,0.0,0.0,1.0,60.0,0.0,60.0,0.0,0.0,0.0,1.0,60.0,0.0,60.0,0.0,0.0,0.0,1.0,60.0,0.0,60.0,0.0,0.0,0.0,1.0,60.0,0.0,60.0,0.0,0.0,0.0,1.0,1507653666.388135,0.0,1.0,1507653666.388135,0.0,1.0,1507653666.388135,0.0,1.0,1507653666.388135,0.0,1.0,1507653666.388135,0.0,1.0,60.0,0.0,60.0,0.0,0.0,0.0,1.0,60.0,0.0,60.0,0.0,0.0,0.0,1.0,60.0,0.0,60.0,0.0,0.0,0.0,1.0,60.0,0.0,60.0,0.0,0.0,0.0,1.0,60.0,0.0,60.0,0.0,0.0,0.0
44.62124970733738,60.00070151587418,0.0093756418600605,56.69015424319183,60.007746580279296,0.1114147168209456,157.47829130617234,60.06513643829246,1.106510683472152,1932.5638525572224,60.09287901331477,1.7212526931111825,15427.849787855776,60.09815188327522,1.7168672030261405,44.62124970733738,60.00070151587418,0.0093756418600605,56.69015424319183,60.007746580279296,0.1114147168209456,157.47829130617234,60.06513643829246,1.106510683472152,1932.5638525572224,60.09287901331477,1.7212526931111825,15427.849787855776,60.09815188327522,1.7168672030261405,1.0,60.0,0.0,60.0,0.0,0.0,0.0,1.0,60.0,0.0,60.0,0.0,0.0,0.0,1.0,60.0,0.0,60.0,0.0,0.0,0.0,1.0,60.0,0.0,60.0,0.0,0.0,0.0,1.0,60.0,0.0,60.0,0.0,0.0,0.0,1.0,1507653176.023833,0.0,1.0,1507653176.023833,0.0,1.0,1507653176.023833,0.0,1.0,1507653176.023833,0.0,1.0,1507653176.023833,0.0,1.0,60.0,0.0,60.0,0.0,0.0,0.0,1.0,60.0,0.0,60.0,0.0,0.0,0.0,1.0,60.0,0.0,60.0,0.0,0.0,0.0,1.0,60.0,0.0,60.0,0.0,0.0,0.0,1.0,60.0,0.0,60.0,0.0,0.0,0.0
70.11410350326844,74.09221584883966,2.2046771335499216,87.954015074952,74.1386002729278,3.3098561004344447,144.4777012558028,74.29453443472761,17.287393723035162,911.6066311845152,75.04599904747475,325.4029711266466,8497.017373897805,76.46685358556472,1541.5313017113674,70.11410350326844,74.09221584883966,2.2046771335499216,87.954015074952,74.1386002729278,3.3098561004344447,144.4777012558028,74.29453443472761,17.287393723035162,911.6066311845152,75.04599904747475,325.4029711266466,8497.017373897805,76.46685358556472,1541.5313017113674,1.0,74.0,0.0,74.0,0.0,0.0,0.0,1.0,74.0,0.0,74.0,0.0,0.0,0.0,1.0,74.0,0.0,74.0,0.0,0.0,0.0,1.0,74.0,0.0,74.0,0.0,0.0,0.0,1.0,74.0,0.0,74.0,0.0,0.0,0.0,1.0,1505913122.58468,0.0,1.0,1505913122.58468,0.0,1.0,1505913122.58468,0.0,1.0,1505913122.58468,0.0,1.0,1505913122.58468,0.0,1.0,74.0,0.0,74.0,0.0,0.0,0.0,1.0,74.0,0.0,74.0,0.0,0.0,0.0,1.0,74.0,0.0,74.0,0.0,0.0,0.0,1.0,74.0,0.0,74.0,0.0,0.0,0.0,1.0,74.0,0.0,74.0,0.0,0.0,0.0
50.50696345484047,60.00239565291065,0.0524653486004353,68.97663331363357,60.01466170456664,0.3152290642906337,187.23003363269143,60.06466264819726,1.2652029282762671,1975.6319102509408,60.10146568323305,1.8222474012832208,15842.888799294253,60.099502817296425,1.7393331250195845,50.50696345484047,60.00239565291065,0.0524653486004353,68.97663331363357,60.01466170456664,0.3152290642906337,187.23003363269143,60.06466264819726,1.2652029282762671,1975.6319102509408,60.10146568323305,1.8222474012832208,15842.888799294253,60.099502817296425,1.7393331250195845,1.0,60.0,0.0,60.0,0.0,0.0,0.0,1.0,60.0,0.0,60.0,0.0,0.0,0.0,1.0,60.0,0.0,60.0,0.0,0.0,0.0,1.0,60.0,0.0,60.0,0.0,0.0,0.0,1.0,60.0,0.0,60.0,0.0,0.0,0.0,1.0,1507653188.421104,0.0,1.0,1507653188.421104,0.0,1.0,1507653188.421104,0.0,1.0,1507653188.421104,0.0,1.0,1507653188.421104,0.0,1.0,60.0,0.0,60.0,0.0,0.0,0.0,1.0,60.0,0.0,60.0,0.0,0.0,0.0,1.0,60.0,0.0,60.0,0.0,0.0,0.0,1.0,60.0,0.0,60.0,0.0,0.0,0.0,1.0,60.0,0.0,60.0,0.0,0.0,0.0
63.89107168872832,266.98129228915667,59406.76997395084,96.78774307879225,301.71278263884165,60977.15433173174,280.1275982177785,307.7486327135998,60989.599633721504,3133.8039887374284,302.86055571144834,60964.144945074455,24268.251954229818,303.75656449543857,60970.36116221445,63.89107168872832,266.98129228915667,59406.76997395084,96.78774307879225,301.71278263884165,60977.15433173174,280.1275982177785,307.7486327135998,60989.599633721504,3133.8039887374284,302.86055571144834,60964.144945074455,24268.251954229818,303.75656449543857,60970.36116221445,1.0,60.0,0.0,60.0,0.0,0.0,0.0,1.0,60.0,0.0,60.0,0.0,0.0,0.0,1.0,60.0,0.0,60.0,0.0,0.0,0.0,1.0,60.0,0.0,60.0,0.0,0.0,0.0,1.0,60.0,0.0,60.0,0.0,0.0,0.0,1.0,1507659509.959724,0.0,1.0,1507659509.959724,0.0,1.0,1507659509.959724,0.0,1.0,1507659509.959724,0.0,1.0,1507659509.959724,0.0,1.0,60.0,0.0,60.0,0.0,0.0,0.0,1.0,60.0,0.0,60.0,0.0,0.0,0.0,1.0,60.0,0.0,60.0,0.0,0.0,0.0,1.0,60.0,0.0,60.0,0.0,0.0,0.0,1.0,60.0,0.0,60.0,0.0,0.0,0.0
157.66830809589467,74.1426185368008,60.99939823350633,263.27441866232084,74.43922847685312,314.0194541549654,805.0578944659579,75.57492816059491,1269.1974743819628,7826.036040655973,74.9209494229043,707.8417735521572,41207.233393658185,74.4586287101228,320.87121611448134,157.66830809589467,74.1426185368008,60.99939823350633,263.27441866232084,74.43922847685312,314.0194541549654,805.0578944659579,75.57492816059491,1269.1974743819628,7826.036040655973,74.9209494229043,707.8417735521572,41207.233393658185,74.4586287101228,320.87121611448134,157.184527709978,74.0000000000001,1.9073486328125e-06,95.26804291051648,5.144878968614994e-12,-4.929494133126532e-27,-1.355009029606549e-15,262.44563352098544,73.99999999999528,7.688768146799611e-06,95.2680429105128,5.950938579327339e-11,-6.913341309289385e-25,-3.442710585758138e-14,801.8442601098815,73.99999218853424,0.0104575554945802,95.26803684291568,0.0001093604669222,-7.011423291994456e-19,-3.5151667106316725e-11,7798.453158863305,73.99881372162689,0.1288661704757794,95.26712146490006,0.0166064898930926,3.006435221385213e-16,4.707940431068801e-10,41078.04919029215,73.998429459467,0.14827373630801,95.26682298926352,0.0219851008787372,3.1204214222158673e-16,2.7692493982714877e-10,157.18452770997808,0.001898282496404,3.551490479233526e-05,262.44563352098555,0.0018688866928261,3.3308261045245675e-05,801.8442601098831,0.00181063279698,3.0148776698350665e-05,7798.453158863394,71.18195840692066,107191135924.90616,41078.04919029016,16628.27455525719,25040477416974.81,1.0,74.0,0.0,95.26804291051644,0.0,0.0,0.0,1.0,74.0,0.0,95.26804291051644,0.0,0.0,0.0,1.0,74.0,0.0,95.26804291051644,0.0,0.0,0.0,1.0206221784141325,74.0,0.0,95.26804291051644,0.0,0.0,0.0,2.141718694476854,74.00000000000001,1.3486991523486091e-06,95.26804291051646,2.033691978340166e-12,4.162496097820744e-29,3.236224698938868e-17
1.0,60.0,0.0,1.0,60.0,0.0,1.0,60.0,0.0,1.0,60.0,0.0,1.0,60.0,0.0,1.0,60.0,0.0,1.0,60.0,0.0,1.0,60.0,0.0,1.0,60.0,0.0,1.0,60.0,0.0,1.0,60.0,0.0,60.0,0.0,0.0,0.0,1.0,60.0,0.0,60.0,0.0,0.0,0.0,1.0,60.0,0.0,60.0,0.0,0.0,0.0,1.0,60.0,0.0,60.0,0.0,0.0,0.0,1.0,60.0,0.0,60.0,0.0,0.0,0.0,1.0,1505913454.824795,0.0,1.0,1505913454.824795,0.0,1.0,1505913454.824795,0.0,1.0,1505913454.824795,0.0,1.0,1505913454.824795,0.0,1.0,60.0,0.0,60.0,0.0,0.0,0.0,1.0,60.0,0.0,60.0,0.0,0.0,0.0,1.0,60.0,0.0,60.0,0.0,0.0,0.0,1.0,60.0,0.0,60.0,0.0,0.0,0.0,1.0,60.0,0.0,60.0,0.0,0.0,0.0
1.0,60.0,0.0,1.0,60.0,0.0,1.0,60.0,0.0,1.0,60.0,0.0,1.0,60.0,0.0,1.0,60.0,0.0,1.0,60.0,0.0,1.0,60.0,0.0,1.0,60.0,0.0,1.0,60.0,0.0,1.0,60.0,0.0,60.0,0.0,0.0,0.0,1.0,60.0,0.0,60.0,0.0,0.0,0.0,1.0,60.0,0.0,60.0,0.0,0.0,0.0,1.0,60.0,0.0,60.0,0.0,0.0,0.0,1.0,60.0,0.0,60.0,0.0,0.0,0.0,1.0,1505913576.701965,0.0,1.0,1505913576.701965,0.0,1.0,1505913576.701965,0.0,1.0,1505913576.701965,0.0,1.0,1505913576.701965,0.0,1.0,60.0,0.0,60.0,0.0,0.0,0.0,1.0,60.0,0.0,60.0,0.0,0.0,0.0,1.0,60.0,0.0,60.0,0.0,0.0,0.0,1.0,60.0,0.0,60.0,0.0,0.0,0.0,1.0,60.0,0.0,60.0,0.0,0.0,0.0
197.57913049255376,74.12497137318003,2.9841431944623764,314.15860633139783,74.08633442123252,2.0737236131126338,885.9043776449855,74.05026870258472,1.3214171681656808,7487.502114492627,74.070379298996,11.413022269739486,16464.421358758824,74.0823281694253,16.506841576319857,197.57913049255376,74.12497137318003,2.9841431944623764,314.15860633139783,74.08633442123252,2.0737236131126338,885.9043776449855,74.05026870258472,1.3214171681656808,7487.502114492627,74.070379298996,11.413022269739486,16464.421358758824,74.0823281694253,16.506841576319857,196.55021111625945,73.99998814663337,0.0128820416190926,95.26803370334603,0.000165946996276,2.2726108115119432e-18,6.754755787169068e-11,313.0253414594538,73.9997583087906,0.0581688793655244,95.26785517560177,0.0033836185266409,-7.983992039707576e-18,-6.784581355393982e-11,883.9476210783124,73.99722067706347,0.1972379184207107,95.26588407152911,0.0389027964629349,-1.853183138775849e-16,-4.6443141229328917e-10,7468.977977140089,73.99781152825078,0.1750251837862232,95.26634301247476,0.0306338149594012,-2.6401879424676588e-17,-4.017615447164407e-11,16418.251979221724,73.99773895708489,0.177903030882856,95.26628664307688,0.0316494883973064,3.290002702861641e-16,2.9069182296807355e-10,196.55021111625945,0.0015264316347313,3.4274367604602165e-05,313.0253414594535,0.0015731741043476,3.479736962337309e-05,883.9476210783148,0.0023741884704576,1099632.5853026598,7468.977977140154,23320.95669167616,35118804654648.656,16418.25197922151,73925.44586742435,111319883416967.88,1.0,74.0,0.0,74.0,0.0,0.0,0.0,1.0,74.0,0.0,74.0,0.0,0.0,0.0,1.0,74.0,0.0,74.0,0.0,0.0,0.0,1.0,74.0,0.0,74.0,0.0,0.0,0.0,1.0,74.0,0.0,74.0,0.0,0.0,0.0
4.155403518092904,79.47987102203842,119.3367307819326,7.795205185061931,76.96450427724626,97.13759670466423,38.16355356671275,79.07821056493215,3255.241511797157,766.2216104376257,79.69567498854886,4055.0947778941168,8495.389904732221,76.80249846154764,1809.407542249085,4.155403518092904,79.47987102203842,119.3367307819326,7.795205185061931,76.96450427724626,97.13759670466423,38.16355356671275,79.07821056493215,3255.241511797157,766.2216104376257,79.69567498854886,4055.0947778941168,8495.389904732221,76.80249846154764,1809.407542249085,1.029997895794192,98.0,0.0,138.59292911256307,1.4551915228366852e-11,1.6140701467248737e-13,0.0,1.1358433214017087,97.99999998491283,0.0007571729651796,138.59292901326918,4.797147087861211e-06,2.873878366748552e-07,0.1739176612222845,1.966438772581833,97.98518106625473,0.7502665403181288,138.5611854967033,1.2731070359264585,0.3991145001319766,0.4978139800390455,15.161315655194054,96.54607828115256,7.289385224535223,136.4644932676053,77.7153574557104,48.85959596138895,0.8900587695498149,137.3322642744706,96.14373327780667,8.190995623208511,135.96218196740378,95.22397660194385,65.22415715018603,0.9686852984119788,1.029997895794192,1.020331984019644,2.758791617152312e-06,1.1358433214017083,1.0212608426139838,1.103448795780615e-05,1.9664387725818329,1.0250087021426773,0.0004051952250856,15.161315655194054,0.9862282091299324,1040382.9587973796,137.33226427447065,839964.2217561429,1264205847235351.0,1.0299978957941918,98.0,0.0,138.5929291125633,0.0,-1.620433160414535e-77,0.0,1.135843320950745,98.0,1.3486991523486091e-06,138.5929291125633,2.5724394843074964e-12,-8.852815685265051e-47,-4.866886892253341e-35,1.9656719166374887,98.0,1.3486991523486091e-06,138.5929291125633,1.8189894035458565e-12,-2.1895474349478943e-35,0.0,14.581227073157525,98.0,0.0,138.5929291125633,3.637978807091713e-12,-1.2156051374026946e-28,0.0,130.62370343088728,98.0,2.3360154559928683e-06,138.59292911256338,1.2202151870040994e-11,-2.539034146041857e-28,-3.2900471342870965e-17
12.334777074357136,60.00778022976417,0.078232393052076,27.620465391825288,60.02406371391152,0.2530978255631453,145.96337344533185,60.05509708741224,0.7890988589060726,1935.570760328315,60.0923764534479,1.7097043610342553,19653.564347103016,60.09762916897427,1.70041738931468,12.334777074357136,60.00778022976417,0.078232393052076,27.620465391825288,60.02406371391152,0.2530978255631453,145.96337344533185,60.05509708741224,0.7890988589060726,1935.570760328315,60.0923764534479,1.7097043610342553,19653.564347103016,60.09762916897427,1.70041738931468,1.0,60.0,0.0,60.0,0.0,0.0,0.0,1.0,60.0,0.0,60.0,0.0,0.0,0.0,1.0,60.0,0.0,60.0,0.0,0.0,0.0,1.0,60.0,0.0,60.0,0.0,0.0,0.0,1.0,60.0,0.0,60.0,0.0,0.0,0.0,1.0,1507653574.0629358,0.0,1.0,1507653574.0629358,0.0,1.0,1507653574.0629358,0.0,1.0,1507653574.0629358,0.0,1.0,1507653574.0629358,0.0,1.0,60.0,0.0,60.0,0.0,0.0,0.0,1.0,60.0,0.0,60.0,0.0,0.0,0.0,1.0,60.0,0.0,60.0,0.0,0.0,0.0,1.0,60.0,0.0,60.0,0.0,0.0,0.0,1.0,60.0,0.0,60.0,0.0,0.0,0.0
1.0,60.0,0.0,1.0,60.0,0.0,1.0,60.0,0.0,1.0,60.0,0.0,1.0,60.0,0.0,1.0,60.0,0.0,1.0,60.0,0.0,1.0,60.0,0.0,1.0,60.0,0.0,1.0,60.0,0.0,1.0,60.0,0.0,60.0,0.0,0.0,0.0,1.0,60.0,0.0,60.0,0.0,0.0,0.0,1.0,60.0,0.0,60.0,0.0,0.0,0.0,1.0,60.0,0.0,60.0,0.0,0.0,0.0,1.0,60.0,0.0,60.0,0.0,0.0,0.0,1.0,1505913477.9277642,0.0,1.0,1505913477.9277642,0.0,1.0,1505913477.9277642,0.0,1.0,1505913477.9277642,0.0,1.0,1505913477.9277642,0.0,1.0,60.0,0.0,60.0,0.0,0.0,0.0,1.0,60.0,0.0,60.0,0.0,0.0,0.0,1.0,60.0,0.0,60.0,0.0,0.0,0.0,1.0,60.0,0.0,60.0,0.0,0.0,0.0,1.0,60.0,0.0,60.0,0.0,0.0,0.0
88.53297207009932,312.0577822294665,60982.963082488575,152.4435873653794,348.23707116213035,59305.04060689575,543.3974062163843,362.8038237852562,57878.31141894403,2221.793524901727,360.3354402084494,58140.727294370685,2731.937887878336,361.6045046062535,58003.433423552975,88.53297207009932,312.0577822294665,60982.963082488575,152.4435873653794,348.23707116213035,59305.04060689575,543.3974062163843,362.8038237852562,57878.31141894403,2221.793524901727,360.3354402084494,58140.727294370685,2731.937887878336,361.6045046062535,58003.433423552975,45.17277472178518,553.9997769070504,0.3319757026777046,553.9997769070504,0.1102078671683557,0.0,0.0,88.94667333884456,553.9902909832089,2.1900137054242137,553.9902909832089,4.796160029945894,0.0,0.0,333.2226516566339,553.7358120629526,11.420991447116585,553.7358120629526,130.43904563511023,0.0,0.0,1352.1188203668214,553.4283434738368,16.794985345061775,553.4283434738368,282.07153274083976,0.0,0.0,1669.6199186458305,553.4226190711709,16.878768026895617,553.4226190711709,284.89281010575365,0.0,0.0,45.17277472178518,0.0068887297165611,138292.45568932794,88.94667333884456,1.967252371273684,2957448795.9734626,333.2226516566339,22048.64803120871,33241282110082.67,1352.1188203668214,654739.887725416,986693780446715.6,1669.6199186458305,856175.43982769,1290084932027782.0,1.0,554.0,0.0,554.0,0.0,0.0,0.0,1.0,554.0,0.0,554.0,0.0,0.0,0.0,1.0,554.0,0.0,554.0,0.0,0.0,0.0,1.0,554.0,0.0,554.0,0.0,0.0,0.0,1.0,554.0,0.0,554.0,0.0,0.0,0.0
52.77435902304558,60.09258876564415,1.6653863521446508,70.85174681172914,60.15047916515989,2.7664263056553864,192.8367408019569,60.14425489766703,2.7489040936952733,2006.10295524328,60.10251990744375,1.929996640666559,19231.047934787348,60.100104114280605,1.7666484357523586,52.77435902304558,60.09258876564415,1.6653863521446508,70.85174681172914,60.15047916515989,2.7664263056553864,192.8367408019569,60.14425489766703,2.7489040936952733,2006.10295524328,60.10251990744375,1.929996640666559,19231.047934787348,60.100104114280605,1.7666484357523586,1.0,60.0,0.0,60.0,0.0,0.0,0.0,1.0,60.0,0.0,60.0,0.0,0.0,0.0,1.0,60.0,0.0,60.0,0.0,0.0,0.0,1.0,60.0,0.0,60.0,0.0,0.0,0.0,1.0,60.0,0.0,60.0,0.0,0.0,0.0,1.0,1507653446.812383,0.0,1.0,1507653446.812383,0.0,1.0,1507653446.812383,0.0,1.0,1507653446.812383,0.0,1.0,1507653446.812383,0.0,1.0,60.0,0.0,60.0,0.0,0.0,0.0,1.0,60.0,0.0,60.0,0.0,0.0,0.0,1.0,60.0,0.0,60.0,0.0,0.0,0.0,1.0,60.0,0.0,60.0,0.0,0.0,0.0,1.0,60.0,0.0,60.0,0.0,0.0,0.0
75.39122930263419,73.22430302455788,10.258040450257797,107.01217112338696,71.8903180634844,25.08401765411509,323.8907378719949,69.32857473894754,43.567504722860576,3538.9766932695948,67.0735883830547,49.14282380149416,17651.12636790407,67.22352308375034,49.12385378367162,75.39122930263419,73.22430302455788,10.258040450257797,107.01217112338696,71.8903180634844,25.08401765411509,323.8907378719949,69.32857473894754,43.567504722860576,3538.9766932695948,67.0735883830547,49.14282380149416,17651.12636790407,67.22352308375034,49.12385378367162,71.21354871359466,73.99999999999993,2.132480599880018e-06,73.99999999999993,4.547473508864642e-12,0.0,0.0,90.87400776751844,73.99999999832518,0.0001531263625454,73.99999999832518,2.3447682906407863e-08,0.0,0.0,215.2751310979672,73.99982101912234,0.0500569700568933,73.99982101912234,0.0025057002512767,0.0,0.0,1778.4078856664717,73.98055081793414,0.5214501685407792,73.98055081793414,0.271910278271207,0.0,0.0,9058.90457811826,73.97871391179186,0.5454833979059255,73.97871391179186,0.2975521373909942,0.0,0.0,71.21354871359466,0.0052431118924989,0.0009361351158499,90.87400776751844,0.0066029191099485,0.0015998315219529,215.2751310979672,0.0073669341079685,0.0021227855149161,1778.4078856664717,711.3933302243901,1072523929218.8243,9058.90457811826,81961.56974719698,123563209288699.88,1.0,74.0,0.0,74.0,0.0,0.0,0.0,1.0,74.0,0.0,74.0,0.0,0.0,0.0,1.0,74.0,0.0,74.0,0.0,0.0,0.0,1.0,74.0,0.0,74.0,0.0,0.0,0.0,1.0,74.0,0.0,74.0,0.0,0.0,0.0
50.16194394733854,452.6601482627133,39617.73896514627,96.53443927413096,396.2512381808132,52944.49902106161,344.9456237478334,350.5534169988724,59079.66718062106,3945.867993454432,344.31775962326134,59597.29121463183,37217.66268993123,344.3162457902628,59594.637460553255,50.16194394733854,452.6601482627133,39617.73896514627,96.53443927413096,396.2512381808132,52944.49902106161,344.9456237478334,350.5534169988724,59079.66718062106,3945.867993454432,344.31775962326134,59597.29121463183,37217.66268993123,344.3162457902628,59594.637460553255,39.83405764037783,554.0000000000003,1.52587890625e-05,554.0000000000003,2.3283064365386963e-10,0.0,0.0,65.66719028806305,553.9999999999999,0.0,553.9999999999999,0.0,0.0,0.0,202.83684887345535,553.9999850425571,0.0859591554319883,553.9999850425571,0.0073889764025807,0.0,0.0,2271.131844370552,553.9045161541419,6.867306800287866,553.9045161541419,47.15990268928,0.0,0.0,21423.27985546709,553.8496280734568,8.617489193544378,553.8496280734568,74.26112000085412,0.0,0.0,39.83405764037783,0.0076920612164817,0.0002125986918309,65.66719028806305,0.0076063656582266,0.0002232196135424,202.83684887345535,0.0072105621293774,0.0002341066833374,2271.131844370552,0.0063739485990944,4321.898171396567,21423.27985546709,5139.821543849418,7749046573221.94,1.0,554.0,0.0,554.0,0.0,0.0,0.0,1.0,554.0,0.0,554.0,0.0,0.0,0.0,1.0,554.0,0.0,554.0,0.0,0.0,0.0,1.0,554.0,0.0,554.0,0.0,0.0,0.0,1.0,554.0,0.0,554.0,0.0,0.0,0.0
109.99490829827523,402.040657579475,51976.21638434322,147.83484912956612,413.67256905617216,49629.13712701271,363.58258740441033,383.6568930798973,55125.00267295132,3423.3536503841133,347.65330747339385,59336.261574639786,37394.31965862216,343.0218705032928,59688.837924549785,109.99490829827523,402.040657579475,51976.21638434322,147.83484912956612,413.67256905617216,49629.13712701271,363.58258740441033,383.6568930798973,55125.00267295132,3423.3536503841133,347.65330747339385,59336.261574639786,37394.31965862216,343.0218705032928,59688.837924549785,76.1593477036558,554.0,0.0,554.0,0.0,0.0,0.0,105.83983283473589,554.0,0.0,554.0,0.0,0.0,0.0,238.19871965422269,553.9999978171173,0.032838149561559,553.9999978171173,0.0010783440666273,0.0,0.0,1993.4902970022567,553.9050059407783,6.849674545787362,553.9050059407783,46.91804138320731,0.0,0.0,21426.97303038875,553.8465890511053,8.70410672256345,553.8465890511053,75.76147383777425,0.0,0.0,76.1593477036558,0.00443785320254,0.0004711074183419,105.83983283473589,0.0052095460831225,0.0007626449839005,238.19871965422269,0.0064935729702854,0.0013382655534676,1993.4902970022567,0.0072815615242966,3.5615757785976943,21426.97303038875,2493.4033468346524,3759178317771.3057,1.0,554.0,0.0,554.0,0.0,0.0,0.0,1.0,554.0,0.0,554.0,0.0,0.0,0.0,1.0,554.0,0.0,554.0,0.0,0.0,0.0,1.0,554.0,0.0,554.0,0.0,0.0,0.0,1.0,554.0,0.0,554.0,0.0,0.0,0.0
1.0,60.0,0.0,1.0,60.0,0.0,1.0,60.0,0.0,1.0,60.0,0.0,1.0,60.0,0.0,1.0,60.0,0.0,1.0,60.0,0.0,1.0,60.0,0.0,1.0,60.0,0.0,1.0,60.0,0.0,1.0,60.0,0.0,60.0,0.0,0.0,0.0,1.0,60.0,0.0,60.0,0.0,0.0,0.0,1.0,60.0,0.0,60.0,0.0,0.0,0.0,1.0,60.0,0.0,60.0,0.0,0.0,0.0,1.0,60.0,0.0,60.0,0.0,0.0,0.0,1.0,1505913455.496425,0.0,1.0,1505913455.496425,0.0,1.0,1505913455.496425,0.0,1.0,1505913455.496425,0.0,1.0,1505913455.496425,0.0,1.0,60.0,0.0,60.0,0.0,0.0,0.0,1.0,60.0,0.0,60.0,0.0,0.0,0.0,1.0,60.0,0.0,60.0,0.0,0.0,0.0,1.0,60.0,0.0,60.0,0.0,0.0,0.0,1.0,60.0,0.0,60.0,0.0,0.0,0.0
1.0,60.0,0.0,1.0,60.0,0.0,1.0,60.0,0.0,1.0,60.0,0.0,1.0,60.0,0.0,1.0,60.0,0.0,1.0,60.0,0.0,1.0,60.0,0.0,1.0,60.0,0.0,1.0,60.0,0.0,1.0,60.0,0.0,60.0,0.0,0.0,0.0,1.0,60.0,0.0,60.0,0.0,0.0,0.0,1.0,60.0,0.0,60.0,0.0,0.0,0.0,1.0,60.0,0.0,60.0,0.0,0.0,0.0,1.0,60.0,0.0,60.0,0.0,0.0,0.0,1.0,1505913552.462616,0.0,1.0,1505913552.462616,0.0,1.0,1505913552.462616,0.0,1.0,1505913552.462616,0.0,1.0,1505913552.462616,0.0,1.0,60.0,0.0,60.0,0.0,0.0,0.0,1.0,60.0,0.0,60.0,0.0,0.0,0.0,1.0,60.0,0.0,60.0,0.0,0.0,0.0,1.0,60.0,0.0,60.0,0.0,0.0,0.0,1.0,60.0,0.0,60.0,0.0,0.0,0.0
23.409497916880603,60.00273489963914,0.0422864167526313,34.428693080643875,60.01930063677018,0.288739853793686,145.9984912777084,60.05736939775976,0.8394068956326919,1922.9346527299092,60.0870650236277,1.4120372237662195,13872.070770350932,60.10101185128228,1.7255280565345856,23.409497916880603,60.00273489963914,0.0422864167526313,34.428693080643875,60.01930063677018,0.288739853793686,145.9984912777084,60.05736939775976,0.8394068956326919,1922.9346527299092,60.0870650236277,1.4120372237662195,13872.070770350932,60.10101185128228,1.7255280565345856,1.0,60.0,0.0,60.0,0.0,0.0,0.0,1.0,60.0,0.0,60.0,0.0,0.0,0.0,1.0,60.0,0.0,60.0,0.0,0.0,0.0,1.0,60.0,0.0,60.0,0.0,0.0,0.0,1.0,60.0,0.0,60.0,0.0,0.0,0.0,1.0,1507653132.738262,0.0,1.0,1507653132.738262,0.0,1.0,1507653132.738262,0.0,1.0,1507653132.738262,0.0,1.0,1507653132.738262,0.0,1.0,60.0,0.0,60.0,0.0,0.0,0.0,1.0,60.0,0.0,60.0,0.0,0.0,0.0,1.0,60.0,0.0,60.0,0.0,0.0,0.0,1.0,60.0,0.0,60.0,0.0,0.0,0.0,1.0,60.0,0.0,60.0,0.0,0.0,0.0
91.28995543927168,60.00026107224543,0.0028228839018993,110.47354885071007,60.00384077068953,0.0457002715306771,231.12278647880612,60.05096118352415,0.7270899332402223,2027.4956829554424,60.09705652248202,1.5811986693242943,16535.430904567445,60.09932812934763,1.713274866653137,91.28995543927168,60.00026107224543,0.0028228839018993,110.47354885071007,60.00384077068953,0.0457002715306771,231.12278647880612,60.05096118352415,0.7270899332402223,2027.4956829554424,60.09705652248202,1.5811986693242943,16535.430904567445,60.09932812934763,1.713274866653137,1.0,60.0,0.0,60.0,0.0,0.0,0.0,1.0,60.0,0.0,60.0,0.0,0.0,0.0,1.0,60.0,0.0,60.0,0.0,0.0,0.0,1.0,60.0,0.0,60.0,0.0,0.0,0.0,1.0,60.0,0.0,60.0,0.0,0.0,0.0,1.0,1507653212.677453,0.0,1.0,1507653212.677453,0.0,1.0,1507653212.677453,0.0,1.0,1507653212.677453,0.0,1.0,1507653212.677453,0.0,1.0,60.0,0.0,60.0,0.0,0.0,0.0,1.0,60.0,0.0,60.0,0.0,0.0,0.0,1.0,60.0,0.0,60.0,0.0,0.0,0.0,1.0,60.0,0.0,60.0,0.0,0.0,0.0,1.0,60.0,0.0,60.0,0.0,0.0,0.0
86.72834023176797,310.46995988692106,60928.37352801961,130.03958282763068,342.0113375145156,59724.84844474301,363.4210871141522,352.13654793127563,58936.20792397838,3839.060450729279,341.70073671672213,59779.800587689104,37922.42298590292,342.4778112373648,59727.35387689558,86.72834023176797,310.46995988692106,60928.37352801961,130.03958282763068,342.0113375145156,59724.84844474301,363.4210871141522,352.13654793127563,58936.20792397838,3839.060450729279,341.70073671672213,59779.800587689104,37922.42298590292,342.4778112373648,59727.35387689558,1.0,60.0,0.0,60.0,0.0,0.0,0.0,1.0,60.0,0.0,60.0,0.0,0.0,0.0,1.0,60.0,0.0,60.0,0.0,0.0,0.0,1.0,60.0,0.0,60.0,0.0,0.0,0.0,1.0,60.0,0.0,60.0,0.0,0.0,0.0,1.0,1507656385.237103,0.0,1.0,1507656385.237103,0.0,1.0,1507656385.237103,0.0,1.0,1507656385.237103,0.0,1.0,1507656385.237103,0.0,1.0,60.0,0.0,60.0,0.0,0.0,0.0,1.0,60.0,0.0,60.0,0.0,0.0,0.0,1.0,60.0,0.0,60.0,0.0,0.0,0.0,1.0,60.0,0.0,60.0,0.0,0.0,0.0,1.0,60.0,0.0,60.0,0.0,0.0,0.0
169.87155736259433,74.04418349364657,1.0584516664021066,278.8858318860949,74.04773883571093,1.1434553083163337,833.6663845207606,74.04516170791122,1.37539249243855,5333.411065904983,74.07732408607444,16.939143463533586,7956.627508882799,74.08610087113105,20.12180539570727,169.87155736259433,74.04418349364657,1.0584516664021066,278.8858318860949,74.04773883571093,1.1434553083163337,833.6663845207606,74.04516170791122,1.37539249243855,5333.411065904983,74.07732408607444,16.939143463533586,7956.627508882799,74.08610087113105,20.12180539570727,169.55882740945074,73.99999999999993,2.3360154559928683e-06,95.26804291051631,9.837689346015368e-12,1.4524221408024472e-27,2.1731805395479328e-16,278.33109505104494,73.99999999923544,0.0001035296820259,95.26804290992264,1.0718400163518512e-08,-6.2868303151896355e-24,-1.8776638785022812e-14,832.1139776263826,73.99993384703238,0.0304325019386647,95.26799152582755,0.0009261371742468,2.289054548912125e-17,0.0,5321.290300252796,73.99717838081139,0.1987327529965563,95.26585121816538,0.0394947071135902,-2.1576007893283692e-18,-3.3570100133437586e-12,7936.833034422912,73.9966852825213,0.2153951192119337,95.26546820753308,0.0463950573803231,1.5323013273116865e-15,2.3588929529793412e-09,169.55882740945063,0.0017405464724868,3.2252867395362664e-05,278.3310950510446,0.0017563411237452,1869.9149585945916,832.1139776263855,110.8031020080867,166857284247.94476,5321.290300252825,107269.42503859013,161527000906299.4,7936.833034422866,172195.64287484428,259282145351628.75,1.0,74.0,0.0,74.0,0.0,0.0,0.0,1.0,74.0,0.0,74.0,0.0,0.0,0.0,1.0,74.0,0.0,74.0,0.0,0.0,0.0,1.0,74.0,0.0,74.0,0.0,0.0,0.0,1.0,74.0,0.0,74.0,0.0,0.0,0.0
77.61219251506452,60.04277432726869,0.7570578325207862,107.09018939611391,60.07821612686215,1.449384212382938,244.0623892055074,60.1025067434158,1.9742997648404528,2043.2688469774812,60.10023659383914,1.883306357673064,19725.641606951467,60.098259904054025,1.7023262120237632,77.61219251506452,60.04277432726869,0.7570578325207862,107.09018939611391,60.07821612686215,1.449384212382938,244.0623892055074,60.1025067434158,1.9742997648404528,2043.2688469774812,60.10023659383914,1.883306357673064,19725.641606951467,60.098259904054025,1.7023262120237632,1.0,60.0,0.0,60.0,0.0,0.0,0.0,1.0,60.0,0.0,60.0,0.0,0.0,0.0,1.0,60.0,0.0,60.0,0.0,0.0,0.0,1.0,60.0,0.0,60.0,0.0,0.0,0.0,1.0,60.0,0.0,60.0,0.0,0.0,0.0,1.0,1507653561.3079288,0.0,1.0,1507653561.3079288,0.0,1.0,1507653561.3079288,0.0,1.0,1507653561.3079288,0.0,1.0,1507653561.3079288,0.0,1.0,60.0,0.0,60.0,0.0,0.0,0.0,1.0,60.0,0.0,60.0,0.0,0.0,0.0,1.0,60.0,0.0,60.0,0.0,0.0,0.0,1.0,60.0,0.0,60.0,0.0,0.0,0.0,1.0,60.0,0.0,60.0,0.0,0.0,0.0
139.5947950817403,231.0866434956277,55241.24021591722,186.2949688055,257.45642232477417,58541.80178997303,427.8222365959539,308.4224935001825,60985.219501772575,3573.963217545055,343.79222449713785,59635.75101099,7154.200091622325,347.81442966239274,59322.66669416148,139.5947950817403,231.0866434956277,55241.24021591722,186.2949688055,257.45642232477417,58541.80178997303,427.8222365959539,308.4224935001825,60985.219501772575,3573.963217545055,343.79222449713785,59635.75101099,7154.200091622325,347.81442966239274,59322.66669416148,1.0,60.0,0.0,60.0,0.0,0.0,0.0,1.0,60.0,0.0,60.0,0.0,0.0,0.0,1.0,60.0,0.0,60.0,0.0,0.0,0.0,1.0,60.0,0.0,60.0,0.0,0.0,0.0,1.0,60.0,0.0,60.0,0.0,0.0,0.0,1.0,1507655951.420467,0.0,1.0,1507655951.420467,0.0,1.0,1507655951.420467,0.0,1.0,1507655951.420467,0.0,1.0,1507655951.420467,0.0,1.0,60.0,0.0,60.0,0.0,0.0,0.0,1.0,60.0,0.0,60.0,0.0,0.0,0.0,1.0,60.0,0.0,60.0,0.0,0.0,0.0,1.0,60.0,0.0,60.0,0.0,0.0,0.0,1.0,60.0,0.0,60.0,0.0,0.0,0.0
162.26341168216064,74.01329154824201,0.3188291126116383,273.24320296340284,74.02306123326856,0.5603387382889196,832.6925842593165,74.08427965456268,39.399002882993045,7107.638463890152,74.76048240232194,563.5655713068609,17466.658634472627,74.64014644395837,463.2083690553727,162.26341168216064,74.01329154824201,0.3188291126116383,273.24320296340284,74.02306123326856,0.5603387382889196,832.6925842593165,74.08427965456268,39.399002882993045,7107.638463890152,74.76048240232194,563.5655713068609,17466.658634472627,74.64014644395837,463.2083690553727,162.17352816822046,73.99999999994945,2.663467415574825e-05,95.26804291047716,7.094071791528756e-10,-8.170969612934191e-25,-2.626518663080389e-14,272.9770566381204,73.99999985190962,0.0014398868419844,95.26804279548632,2.073274117741841e-06,-9.228098381580932e-22,-2.07390623193042e-13,830.7622020541269,73.99976002859411,0.0579615570171928,95.26785651146724,0.0033595420918572,4.702451385254522e-20,4.911606404326998e-13,7078.148450797205,73.99831859858445,0.1534170549035713,95.26673687818644,0.0235367927352854,6.608934836151216e-17,1.7717443775231114e-10,17401.523356635767,73.99795314574794,0.1692683371014782,95.26645301343116,0.0286517699450996,-1.1250734225101498e-15,-1.971287847448996e-09,162.17352816822046,0.0018115165358079,1.5729701593776614e-05,272.97705663812013,0.0017813242959243,1.595520795342428e-05,830.7622020541303,0.0017479678470469,7058.7666416199645,7078.148450797298,14761.86249127144,22229879362062.453,17401.52335663548,66273.37044940688,99797622659984.88,1.0,74.0,0.0,74.0,0.0,0.0,0.0,1.0,74.0,0.0,74.0,0.0,0.0,0.0,1.0,74.0,0.0,74.0,0.0,0.0,0.0,1.0,74.0,0.0,74.0,0.0,0.0,0.0,1.0,74.0,0.0,74.0,0.0,0.0,0.0
106.48866605133036,60.03653089564048,0.402601487774973,131.93476108832755,60.04701435549551,0.5441177459138089,253.2780686106348,60.06172605076336,0.9429832948039802,2033.7856364410356,60.08321036472912,1.321902617763044,18277.759438358826,60.09676951834725,1.646775860501748,106.48866605133036,60.03653089564048,0.402601487774973,131.93476108832755,60.04701435549551,0.5441177459138089,253.2780686106348,60.06172605076336,0.9429832948039802,2033.7856364410356,60.08321036472912,1.321902617763044,18277.759438358826,60.09676951834725,1.646775860501748,1.0,60.0,0.0,60.0,0.0,0.0,0.0,1.0,60.0,0.0,60.0,0.0,0.0,0.0,1.0,60.0,0.0,60.0,0.0,0.0,0.0,1.0,60.0,0.0,60.0,0.0,0.0,0.0,1.0,60.0,0.0,60.0,0.0,0.0,0.0,1.0,1507653325.373875,0.0,1.0,1507653325.373875,0.0,1.0,1507653325.373875,0.0,1.0,1507653325.373875,0.0,1.0,1507653325.373875,0.0,1.0,60.0,0.0,60.0,0.0,0.0,0.0,1.0,60.0,0.0,60.0,0.0,0.0,0.0,1.0,60.0,0.0,60.0,0.0,0.0,0.0,1.0,60.0,0.0,60.0,0.0,0.0,0.0,1.0,60.0,0.0,60.0,0.0,0.0,0.0
69.90621128551614,487.070362511159,28534.94206968762,118.279161434593,433.42357121794737,44980.761127055564,367.4366248159373,367.9076974527172,57268.94143409537,3828.368592511195,344.81434344706537,59554.25061834567,32832.99498266068,342.3105278214924,59739.143978323234,69.90621128551614,487.070362511159,28534.94206968762,118.279161434593,433.42357121794737,44980.761127055564,367.4366248159373,367.9076974527172,57268.94143409537,3828.368592511195,344.81434344706537,59554.25061834567,32832.99498266068,342.3105278214924,59739.143978323234,60.42047107960077,553.9990431824093,0.6875077992743293,553.9990431824093,0.4726669740630314,0.0,0.0,89.3907533101562,553.9758227925312,3.4558582077593565,553.9758227925312,11.942955952137709,0.0,0.0,229.13726340454585,553.6473935402101,13.193303597684949,553.6473935402101,174.0632598206866,0.0,0.0,2207.981633078141,553.7425858110186,11.27370157903419,553.7425858110186,127.096347293118,0.0,0.0,18767.57229055333,553.804645080715,9.821770033290193,553.804645080715,96.46716658683728,0.0,0.0,60.42047107960077,0.0052640970508431,0.0002812686663522,89.3907533101562,0.0056990410740634,0.0002929586594645,229.13726340454585,0.006430333903264,0.000357856529672,2207.981633078141,0.0258456459050156,29072009.89128057,18767.57229055333,14124.755538310388,21295062319052.51,1.0,554.0,0.0,554.0,0.0,0.0,0.0,1.0,554.0,0.0,554.0,0.0,0.0,0.0,1.0,554.0,0.0,554.0,0.0,0.0,0.0,1.0,554.0,0.0,554.0,0.0,0.0,0.0,1.0,554.0,0.0,554.0,0.0,0.0,0.0
1.0,60.0,0.0,1.0,60.0,0.0,1.0,60.0,0.0,1.0,60.0,0.0,1.0,60.0,0.0,1.0,60.0,0.0,1.0,60.0,0.0,1.0,60.0,0.0,1.0,60.0,0.0,1.0,60.0,0.0,1.0,60.0,0.0,60.0,0.0,0.0,0.0,1.0,60.0,0.0,60.0,0.0,0.0,0.0,1.0,60.0,0.0,60.0,0.0,0.0,0.0,1.0,60.0,0.0,60.0,0.0,0.0,0.0,1.0,60.0,0.0,60.0,0.0,0.0,0.0,1.0,1505913462.930793,0.0,1.0,1505913462.930793,0.0,1.0,1505913462.930793,0.0,1.0,1505913462.930793,0.0,1.0,1505913462.930793,0.0,1.0,60.0,0.0,60.0,0.0,0.0,0.0,1.0,60.0,0.0,60.0,0.0,0.0,0.0,1.0,60.0,0.0,60.0,0.0,0.0,0.0,1.0,60.0,0.0,60.0,0.0,0.0,0.0,1.0,60.0,0.0,60.0,0.0,0.0,0.0
64.66991173590563,68.31886125427796,47.26112537928657,109.163042408744,69.00760540784489,44.97231783981806,350.87304168269685,68.71745496570155,46.073541713698425,3722.106156973272,68.34314878020082,47.32199218706319,25549.89466438585,67.779587584734,48.57594540859736,64.66991173590563,68.31886125427796,47.26112537928657,109.163042408744,69.00760540784489,44.97231783981806,350.87304168269685,68.71745496570155,46.073541713698425,3722.106156973272,68.34314878020082,47.32199218706319,25549.89466438585,67.779587584734,48.57594540859736,1.0,60.0,0.0,60.0,0.0,0.0,0.0,1.0,60.0,0.0,60.0,0.0,0.0,0.0,1.0,60.0,0.0,60.0,0.0,0.0,0.0,1.0,60.0,0.0,60.0,0.0,0.0,0.0,1.0,60.0,0.0,60.0,0.0,0.0,0.0,1.0,1507657237.572523,0.0,1.0,1507657237.572523,0.0,1.0,1507657237.572523,0.0,1.0,1507657237.572523,0.0,1.0,1507657237.572523,0.0,1.0,60.0,0.0,60.0,0.0,0.0,0.0,1.0,60.0,0.0,60.0,0.0,0.0,0.0,1.0,60.0,0.0,60.0,0.0,0.0,0.0,1.0,60.0,0.0,60.0,0.0,0.0,0.0,1.0,60.0,0.0,60.0,0.0,0.0,0.0
191.0887236045076,74.01947206551183,0.4694241058296029,306.63558561195265,74.02785013738932,0.6932424587785135,872.9741871901758,74.0328832598425,0.9548041162461232,7434.92217250545,74.06995378272671,11.805472395967628,16217.111408029465,74.08237927489539,16.779289095533386,191.0887236045076,74.01947206551183,0.4694241058296029,306.63558561195265,74.02785013738932,0.6932424587785135,872.9741871901758,74.0328832598425,0.9548041162461232,7434.92217250545,74.06995378272671,11.805472395967628,16217.111408029465,74.08237927489539,16.779289095533386,190.9331681256792,73.99993484973085,0.0302009855660308,95.26799230467913,0.0009120995291596,6.6904071109002176e-18,1.241644647478465e-10,306.27114652472926,73.99932512446397,0.0971998046812915,95.26751869801228,0.0094478020300812,2.282544275767585e-17,1.3161934021007592e-10,871.6366143949658,73.99605972484704,0.2348368079458145,95.26498231146178,0.0551483263661793,-3.9269241708004776e-16,-6.19928019942585e-10,7416.800995513488,73.9977210481757,0.17860608001542,95.2662727323978,0.0319001318184746,-6.770233174552989e-17,-1.1242225557683493e-10,16171.790448738251,73.99769679506892,0.1795537919086788,95.26625389388924,0.0322395641887851,3.4553442969746973e-16,3.0420778338240125e-10,190.933168125679,0.0015457533697407,1.8681273877843347e-05,306.2711465247292,0.001595480341412,2.278705442406076e-05,871.6366143949676,0.0027005173102917,1558960.6001862262,7416.800995513522,24285.13717977841,36570731474152.47,16171.790448738053,75303.94502991877,113395578648232.6,1.0,74.0,0.0,74.0,0.0,0.0,0.0,1.0,74.0,0.0,74.0,0.0,0.0,0.0,1.0,74.0,0.0,74.0,0.0,0.0,0.0,1.0,74.0,0.0,74.0,0.0,0.0,0.0,1.0,74.0,0.0,74.0,0.0,0.0,0.0
70.63804516877124,320.3443785020856,60828.36708817428,119.5250730873366,288.6069712259545,60661.375777325615,332.9093651411156,281.4525090408332,60330.57618049807,3289.395538790741,297.78190377155886,60897.89795081991,25981.590519244823,302.6750964544142,60963.19020878532,70.63804516877124,320.3443785020856,60828.36708817428,119.5250730873366,288.6069712259545,60661.375777325615,332.9093651411156,281.4525090408332,60330.57618049807,3289.395538790741,297.78190377155886,60897.89795081991,25981.590519244823,302.6750964544142,60963.19020878532,37.22640297764959,553.9998380890413,0.2828144043743378,553.9998380890413,0.0799839873216115,0.0,0.0,55.3086562062121,553.9899356956049,2.229723095149753,553.9899356956049,4.971665081044193,0.0,0.0,149.30852682893334,553.6460143597596,13.219062010780805,553.6460143597596,174.7436004448682,0.0,0.0,1584.455276010654,553.53133068043,15.208648622941729,553.53133068043,231.30299293610733,0.0,0.0,12768.052414805776,553.7015562451966,12.1384573236028,553.7015562451966,147.34214619692645,0.0,0.0,37.22640297764959,0.008348808404906,0.0002979577478736,55.3086562062121,0.0091289323635867,0.0003555883372165,149.30852682893334,0.0098517508270848,0.0004624205089564,1584.455276010654,0.1013991613460822,139096810.35481155,12768.052414805776,23487.554283879435,35410664519571.02,37.226390776510726,553.9999999999999,7.62939453125e-06,553.9999999999999,5.820766091346741e-11,0.0,0.0,55.30752939821264,553.9999999999999,0.0,553.9999999999999,0.0,0.0,0.0,149.20153679965608,554.0000000000001,1.7059844799040144e-05,554.0000000000001,2.910383045673371e-10,0.0,0.0,1582.9520663424396,554.0,2.642899791822628e-05,554.0,6.984919309616089e-10,0.0,0.0,12760.338759938952,553.9999999999974,6.563053334840871e-05,553.9999999999974,4.307366907596588e-09,0.0,0.0
57.70318520826525,60.61409721287266,9.552274755051712,78.44580271003076,60.50608608848564,7.970648648761197,186.0049777071571,60.290047798907054,4.677212812800917,3340.1115492893864,65.88711602290431,48.00840218305348,16402.809780523483,67.08289482489322,49.18436308631317,57.70318520826525,60.61409721287266,9.552274755051712,78.44580271003076,60.50608608848564,7.970648648761197,186.0049777071571,60.290047798907054,4.677212812800917,3340.1115492893864,65.88711602290431,48.00840218305348,16402.809780523483,67.08289482489322,49.18436308631317,1.0,60.0,0.0,60.0,0.0,0.0,0.0,1.0,60.0,0.0,60.0,0.0,0.0,0.0,1.0,60.0,0.0,60.0,0.0,0.0,0.0,1.0,60.0,0.0,60.0,0.0,0.0,0.0,1.0,60.0,0.0,60.0,0.0,0.0,0.0,1.0,1507657152.84766,0.0,1.0,1507657152.84766,0.0,1.0,1507657152.84766,0.0,1.0,1507657152.84766,0.0,1.0,1507657152.84766,0.0,1.0,60.0,0.0,60.0,0.0,0.0,0.0,1.0,60.0,0.0,60.0,0.0,0.0,0.0,1.0,60.0,0.0,60.0,0.0,0.0,0.0,1.0,60.0,0.0,60.0,0.0,0.0,0.0,1.0,60.0,0.0,60.0,0.0,0.0,0.0
1.0,60.0,0.0,1.0,60.0,0.0,1.0,60.0,0.0,1.0,60.0,0.0,1.0,60.0,0.0,1.0,60.0,0.0,1.0,60.0,0.0,1.0,60.0,0.0,1.0,60.0,0.0,1.0,60.0,0.0,1.0,60.0,0.0,60.0,0.0,0.0,0.0,1.0,60.0,0.0,60.0,0.0,0.0,0.0,1.0,60.0,0.0,60.0,0.0,0.0,0.0,1.0,60.0,0.0,60.0,0.0,0.0,0.0,1.0,60.0,0.0,60.0,0.0,0.0,0.0,1.0,1505913578.590199,0.0,1.0,1505913578.590199,0.0,1.0,1505913578.590199,0.0,1.0,1505913578.590199,0.0,1.0,1505913578.590199,0.0,1.0,60.0,0.0,60.0,0.0,0.0,0.0,1.0,60.0,0.0,60.0,0.0,0.0,0.0,1.0,60.0,0.0,60.0,0.0,0.0,0.0,1.0,60.0,0.0,60.0,0.0,0.0,0.0,1.0,60.0,0.0,60.0,0.0,0.0,0.0
1.0,60.0,0.0,1.0,60.0,0.0,1.0,60.0,0.0,1.0,60.0,0.0,1.0,60.0,0.0,1.0,60.0,0.0,1.0,60.0,0.0,1.0,60.0,0.0,1.0,60.0,0.0,1.0,60.0,0.0,1.0,60.0,0.0,60.0,0.0,0.0,0.0,1.0,60.0,0.0,60.0,0.0,0.0,0.0,1.0,60.0,0.0,60.0,0.0,0.0,0.0,1.0,60.0,0.0,60.0,0.0,0.0,0.0,1.0,60.0,0.0,60.0,0.0,0.0,0.0,1.0,1505913441.400456,0.0,1.0,1505913441.400456,0.0,1.0,1505913441.400456,0.0,1.0,1505913441.400456,0.0,1.0,1505913441.400456,0.0,1.0,60.0,0.0,60.0,0.0,0.0,0.0,1.0,60.0,0.0,60.0,0.0,0.0,0.0,1.0,60.0,0.0,60.0,0.0,0.0,0.0,1.0,60.0,0.0,60.0,0.0,0.0,0.0,1.0,60.0,0.0,60.0,0.0,0.0,0.0
36.29543842597076,60.00000461472097,6.240333095774987e-05,59.459843785858745,60.00040862434344,0.0058354768088975,171.37548031317814,60.027763393562935,0.4446897140446709,1945.645505633758,60.095423152946346,1.650845457757896,19750.14670537881,60.09628254493364,1.6751761659479598,36.29543842597076,60.00000461472097,6.240333095774987e-05,59.459843785858745,60.00040862434344,0.0058354768088975,171.37548031317814,60.027763393562935,0.4446897140446709,1945.645505633758,60.095423152946346,1.650845457757896,19750.14670537881,60.09628254493364,1.6751761659479598,1.0,60.0,0.0,60.0,0.0,0.0,0.0,1.0,60.0,0.0,60.0,0.0,0.0,0.0,1.0,60.0,0.0,60.0,0.0,0.0,0.0,1.0,60.0,0.0,60.0,0.0,0.0,0.0,1.0,60.0,0.0,60.0,0.0,0.0,0.0,1.0,1507653611.788969,0.0,1.0,1507653611.788969,0.0,1.0,1507653611.788969,0.0,1.0,1507653611.788969,0.0,1.0,1507653611.788969,0.0,1.0,60.0,0.0,60.0,0.0,0.0,0.0,1.0,60.0,0.0,60.0,0.0,0.0,0.0,1.0,60.0,0.0,60.0,0.0,0.0,0.0,1.0,60.0,0.0,60.0,0.0,0.0,0.0,1.0,60.0,0.0,60.0,0.0,0.0,0.0
116.5585888545872,60.02328816775548,0.2407062277829937,139.91883755750277,60.0409079371486,0.4599093049218936,264.5040442028833,60.08551904209594,1.2462088909796876,2057.6312050152083,60.09775238949943,1.6345287821950478,18936.11350652701,60.098192719238575,1.685723307766693,116.5585888545872,60.02328816775548,0.2407062277829937,139.91883755750277,60.0409079371486,0.4599093049218936,264.5040442028833,60.08551904209594,1.2462088909796876,2057.6312050152083,60.09775238949943,1.6345287821950478,18936.11350652701,60.098192719238575,1.685723307766693,1.0,60.0,0.0,60.0,0.0,0.0,0.0,1.0,60.0,0.0,60.0,0.0,0.0,0.0,1.0,60.0,0.0,60.0,0.0,0.0,0.0,1.0,60.0,0.0,60.0,0.0,0.0,0.0,1.0,60.0,0.0,60.0,0.0,0.0,0.0,1.0,1507653397.231242,0.0,1.0,1507653397.231242,0.0,1.0,1507653397.231242,0.0,1.0,1507653397.231242,0.0,1.0,1507653397.231242,0.0,1.0,60.0,0.0,60.0,0.0,0.0,0.0,1.0,60.0,0.0,60.0,0.0,0.0,0.0,1.0,60.0,0.0,60.0,0.0,0.0,0.0,1.0,60.0,0.0,60.0,0.0,0.0,0.0,1.0,60.0,0.0,60.0,0.0,0.0,0.0
165.03402836946472,74.0502326497562,7.752707937211197,271.6498220710714,74.14419194003217,29.58070703702833,776.1421287298617,74.40106215249105,151.9752287641959,6790.868096408709,74.61385982621339,429.0521778616712,20457.02505810004,74.33311984702445,214.86155106351,165.03402836946472,74.0502326497562,7.752707937211197,271.6498220710714,74.14419194003217,29.58070703702833,776.1421287298617,74.40106215249105,151.9752287641959,6790.868096408709,74.61385982621339,429.0521778616712,20457.02505810004,74.33311984702445,214.86155106351,164.86453703043006,74.0,1.6518123698891422e-06,95.2680429105164,2.8760747774580336e-12,-6.9623175284679325e-28,-4.4197023813429526e-16,271.1714140239595,73.99999999999982,4.573661349594802e-06,95.26804291051626,2.338745775091191e-11,-7.468551254053923e-28,-5.049209075235288e-17,773.925411796156,73.99999959232163,0.0023890388686948,95.26804259384993,5.707506716135248e-06,-2.0855475555804392e-20,-6.47264513185713e-12,6768.954820246464,73.9990142980402,0.1174685307989125,95.26727726287535,0.013798855728055,-2.871485388443496e-17,-4.4961760356324935e-11,20394.6391497738,73.99833579735599,0.152630492843516,95.26675023731129,0.0232960673456545,3.3100297667993123e-16,6.856368697699036e-10,164.86453703043006,0.0017779250886155,1.3307752422673884e-05,271.1714140239594,0.0017925714841917,1.5893166329634827e-05,773.9254117961588,0.0019187776595501,161.2971654789718,6768.9548202465385,10503.912392744747,15817873463032.596,20394.63914977329,54411.58283578282,81936191411354.81,1.0,74.0,0.0,74.0,0.0,0.0,0.0,1.0,74.0,0.0,74.0,0.0,0.0,0.0,1.0,74.0,0.0,74.0,0.0,0.0,0.0,1.0,74.0,0.0,74.0,0.0,0.0,0.0,1.0,74.0,0.0,74.0,0.0,0.0,0.0
35.94819196075374,81.74787578039894,6366.534867739749,61.88762973407344,86.18114132583763,9946.527643319789,172.70877325875472,88.57725158825704,11822.230954239316,1175.6943514804805,80.58707372451157,5053.024327819205,8604.212029069948,77.13661841582417,2106.3742259772653,35.94819196075374,81.74787578039894,6366.534867739749,61.88762973407344,86.18114132583763,9946.527643319789,172.70877325875472,88.57725158825704,11822.230954239316,1175.6943514804805,80.58707372451157,5053.024327819205,8604.212029069948,77.13661841582417,2106.3742259772653,1.0000000008568564,74.0,0.0,74.0,0.0,0.0,0.0,1.000003635531167,74.00000000000001,1.3486991523486091e-06,74.00000000000001,1.8189894035458565e-12,0.0,0.0,1.0172748081530107,74.00000000000001,9.5367431640625e-07,74.00000000000001,9.094947017729282e-13,0.0,0.0,2.193295013196521,74.00000000000001,9.5367431640625e-07,74.00000000000001,9.094947017729282e-13,0.0,0.0,2.8984081624255813,74.0,9.5367431640625e-07,74.0,9.094947017729282e-13,0.0,0.0,1.0000000008568564,6.02409214377259,57369.12825413832,1.000003635531167,16.486782117612474,15755975178.72879,1.0172748081530107,2824738.303943188,4245822181039600.0,2.193295013196521,367083127.34301496,4.180452490780189e+17,2.8984081624255813,488029996.35471374,4.967574650501705e+17,1.0000000008568564,74.0,0.0,74.0,0.0,0.0,0.0,1.000003635531167,74.00000000000001,1.3486991523486091e-06,74.00000000000001,1.8189894035458565e-12,0.0,0.0,1.0172748081530107,74.00000000000001,9.5367431640625e-07,74.00000000000001,9.094947017729282e-13,0.0,0.0,2.193295013196521,74.00000000000001,9.5367431640625e-07,74.00000000000001,9.094947017729282e-13,0.0,0.0,2.8984081624255813,74.0,9.5367431640625e-07,74.0,9.094947017729282e-13,0.0,0.0
165.8652098111829,74.44440952011712,229.32394522914728,274.0328010686441,75.30755360717794,872.1120054930061,803.2322478598428,76.70412596878552,2016.4121352794143,6482.107207256455,75.21395573781551,913.7827004046558,14798.26233219702,74.778364152049,568.2909668857537,165.8652098111829,74.44440952011712,229.32394522914728,274.0328010686441,75.30755360717794,872.1120054930061,803.2322478598428,76.70412596878552,2016.4121352794143,6482.107207256455,75.21395573781551,913.7827004046558,14798.26233219702,74.778364152049,568.2909668857537,165.1436685813317,73.98350500780504,0.4802684727900329,95.25523089699549,0.2306578059560706,-1.6054437513253944e-15,-2.478539994758948e-09,272.58971561749246,73.98076597513531,0.5185618578265783,95.25310354139512,0.2689064003925523,-1.7882612730592485e-15,-1.476232254060951e-09,798.1344603976789,73.98735644565134,0.4205352558689882,95.25822228981532,0.1768499014287954,-4.896359714793936e-16,-5.755254875567722e-10,6454.849397028122,73.99727016835813,0.1954742719712505,95.2659225136092,0.0382101910026904,3.584082961641946e-16,5.550060787227437e-10,14744.74061448,73.99748765000166,0.1875275661744132,95.26609144135249,0.0351665880752989,-1.557108584970424e-15,-2.326964069474176e-09,165.1436685813316,0.0017761567460805,1.3884271847595027e-05,272.5897156174927,0.0017814951165019,1.3673486161415574e-05,798.1344603976836,0.0020619604025671,371910.5578083695,6454.849397028169,23966.553819744884,36090999208468.12,14744.740614479802,81345.26491544269,122492379432126.9,1.0,74.0,0.0,74.0,0.0,0.0,0.0,1.0,74.0,0.0,74.0,0.0,0.0,0.0,1.0,74.0,0.0,74.0,0.0,0.0,0.0,1.0,74.0,0.0,74.0,0.0,0.0,0.0,1.0,74.0,0.0,74.0,0.0,0.0,0.0
99.07192116769583,60.00023634410181,0.0029280838452905,121.02104754799696,60.00270780376903,0.0369963254502181,273.87650297414194,60.02481359919344,0.4169744777532287,2052.2209650900427,60.07844965430955,1.3195739037946623,19356.24765729604,60.09731070392273,1.6944638538084291,99.07192116769583,60.00023634410181,0.0029280838452905,121.02104754799696,60.00270780376903,0.0369963254502181,273.87650297414194,60.02481359919344,0.4169744777532287,2052.2209650900427,60.07844965430955,1.3195739037946623,19356.24765729604,60.09731070392273,1.6944638538084291,1.0,60.0,0.0,60.0,0.0,0.0,0.0,1.0,60.0,0.0,60.0,0.0,0.0,0.0,1.0,60.0,0.0,60.0,0.0,0.0,0.0,1.0,60.0,0.0,60.0,0.0,0.0,0.0,1.0,60.0,0.0,60.0,0.0,0.0,0.0,1.0,1507653466.932114,0.0,1.0,1507653466.932114,0.0,1.0,1507653466.932114,0.0,1.0,1507653466.932114,0.0,1.0,1507653466.932114,0.0,1.0,60.0,0.0,60.0,0.0,0.0,0.0,1.0,60.0,0.0,60.0,0.0,0.0,0.0,1.0,60.0,0.0,60.0,0.0,0.0,0.0,1.0,60.0,0.0,60.0,0.0,0.0,0.0,1.0,60.0,0.0,60.0,0.0,0.0,0.0
1.0,60.0,0.0,1.0,60.0,0.0,1.0,60.0,0.0,1.0,60.0,0.0,1.0,60.0,0.0,1.0,60.0,0.0,1.0,60.0,0.0,1.0,60.0,0.0,1.0,60.0,0.0,1.0,60.0,0.0,1.0,60.0,0.0,60.0,0.0,0.0,0.0,1.0,60.0,0.0,60.0,0.0,0.0,0.0,1.0,60.0,0.0,60.0,0.0,0.0,0.0,1.0,60.0,0.0,60.0,0.0,0.0,0.0,1.0,60.0,0.0,60.0,0.0,0.0,0.0,1.0,1505913437.463137,0.0,1.0,1505913437.463137,0.0,1.0,1505913437.463137,0.0,1.0,1505913437.463137,0.0,1.0,1505913437.463137,0.0,1.0,60.0,0.0,60.0,0.0,0.0,0.0,1.0,60.0,0.0,60.0,0.0,0.0,0.0,1.0,60.0,0.0,60.0,0.0,0.0,0.0,1.0,60.0,0.0,60.0,0.0,0.0,0.0,1.0,60.0,0.0,60.0,0.0,0.0,0.0
137.260026291383,74.09022809027519,2.157333058322365,242.203505459198,74.0743806367342,1.779604331799419,788.7067121634433,74.05320723182592,1.4952195446458063,5473.638240054022,74.08915411307913,13.62089628799822,8629.498989316464,74.09586074930458,15.440888600088329,137.260026291383,74.09022809027519,2.157333058322365,242.203505459198,74.0743806367342,1.779604331799419,788.7067121634433,74.05320723182592,1.4952195446458063,5473.638240054022,74.08915411307913,13.62089628799822,8629.498989316464,74.09586074930458,15.440888600088329,136.74399670624246,74.00000000000004,2.523185072960464e-06,95.26804291051646,6.6212213726253296e-12,-1.2045096419093044e-28,-3.539534008990227e-17,241.45287006272247,73.99999999999274,9.67873722562048e-06,95.26804291051089,9.453933847153504e-11,-1.5174723771163771e-24,-4.3937767925329675e-14,786.9846863326251,73.9999857942542,0.0141024903210817,95.26803187612214,0.0001988802332562,3.2682940520347572e-19,9.184937522697172e-12,5460.959075832251,73.9976556881748,0.1811487502727274,95.26622196427056,0.0328148697253709,2.321871391444461e-16,3.124761444384689e-10,8607.944940808833,73.99699204615438,0.2051884645832078,95.26570648391096,0.0421023059980143,-1.804861367186601e-15,-1.2493743038822383e-09,136.74399670624248,0.0022440656511058,8.15232097491145e-05,241.45287006272252,0.00205454278634,17.74890957311852,786.9846863326289,23.65930187204719,35626097694.68305,5460.95907583229,89072.72770293758,134127959726336.88,8607.944940808835,156250.75640972168,235275834948551.5,1.0,74.0,0.0,74.0,0.0,0.0,0.0,1.0,74.0,0.0,74.0,0.0,0.0,0.0,1.0,74.0,0.0,74.0,0.0,0.0,0.0,1.0,74.0,0.0,74.0,0.0,0.0,0.0,1.0,74.0,0.0,74.0,0.0,0.0,0.0
130.14182303576337,260.4559096863325,58829.7282288166,219.5063146382097,278.21265360663455,60158.79104315126,537.4245321591372,308.8821703486292,60977.49337478948,4009.5614709852775,335.9792925725956,60147.42070729622,37500.32715394595,342.9941498222308,59691.684029658565,130.14182303576337,260.4559096863325,58829.7282288166,219.5063146382097,278.21265360663455,60158.79104315126,537.4245321591372,308.8821703486292,60977.49337478948,4009.5614709852775,335.9792925725956,60147.42070729622,37500.32715394595,342.9941498222308,59691.684029658565,52.80197806395822,553.9999999915661,0.0020410591102603,553.9999999915661,4.1659222915768615e-06,0.0,0.0,96.94164319950944,553.9999809367681,0.0970424471547362,553.9999809367681,0.0094172365497797,0.0,0.0,270.71169919192977,553.9716721741627,3.7407410359167614,553.9716721741627,13.993143497791609,0.0,0.0,2240.380237698177,553.8327706671103,9.08753678380373,553.8327706671103,82.58332479698582,0.0,0.0,21485.65430845593,553.848745812582,8.642724730189746,553.848745812582,74.69669076183345,0.0,0.0,52.80197806395822,0.0058741780557956,0.000219257843845,96.94164319950944,0.0052175445339672,0.0002338407358226,270.71169919192977,0.0054508450922491,0.000329691038187,2240.380237698177,0.0064578626801902,988.9714214773396,21485.65430845593,4416.155458549228,6658013952221.242,1.0,554.0,0.0,554.0,0.0,0.0,0.0,1.0,554.0,0.0,554.0,0.0,0.0,0.0,1.0,554.0,0.0,554.0,0.0,0.0,0.0,1.0,554.0,0.0,554.0,0.0,0.0,0.0,1.0,554.0,0.0,554.0,0.0,0.0,0.0
1.0,60.0,0.0,1.0,60.0,0.0,1.0,60.0,0.0,1.0,60.0,0.0,1.0,60.0,0.0,1.0,60.0,0.0,1.0,60.0,0.0,1.0,60.0,0.0,1.0,60.0,0.0,1.0,60.0,0.0,1.0,60.0,0.0,60.0,0.0,0.0,0.0,1.0,60.0,0.0,60.0,0.0,0.0,0.0,1.0,60.0,0.0,60.0,0.0,0.0,0.0,1.0,60.0,0.0,60.0,0.0,0.0,0.0,1.0,60.0,0.0,60.0,0.0,0.0,0.0,1.0,1505913434.6776571,0.0,1.0,1505913434.6776571,0.0,1.0,1505913434.6776571,0.0,1.0,1505913434.6776571,0.0,1.0,1505913434.6776571,0.0,1.0,60.0,0.0,60.0,0.0,0.0,0.0,1.0,60.0,0.0,60.0,0.0,0.0,0.0,1.0,60.0,0.0,60.0,0.0,0.0,0.0,1.0,60.0,0.0,60.0,0.0,0.0,0.0,1.0,60.0,0.0,60.0,0.0,0.0,0.0
164.54831265022378,74.12140348885706,3.1422467281663566,274.4812043148373,74.10379736828759,15.925164237476563,827.6943328961551,74.62704632213554,474.7782822490917,7381.1469072765085,74.95061824136229,703.8173747931269,23666.867370440566,74.51892464642386,361.5813700219596,164.54831265022378,74.12140348885706,3.1422467281663566,274.4812043148373,74.10379736828759,15.925164237476563,827.6943328961551,74.62704632213554,474.7782822490917,7381.1469072765085,74.95061824136229,703.8173747931269,23666.867370440566,74.51892464642386,361.5813700219596,163.71794626598168,73.99999999999717,7.072638022514023e-06,95.26804291051424,5.015432426794082e-11,1.5020579243294534e-25,1.1134614022716715e-14,273.47826385977373,73.99999997393104,0.0006041253933544,95.26804289026715,3.649674909095333e-07,-1.7833657827695262e-21,-1.6545474622137309e-12,825.2193376083483,73.99986452151902,0.0435508941878519,95.26793767686578,0.0018966803845614,-1.394565563947104e-17,-8.026436043994998e-11,7354.869002102245,73.99829456442096,0.1545095128247511,95.2667182096814,0.0238731895533419,-5.551249977961416e-17,-5.55464820416424e-11,23590.26867063196,73.99807075345683,0.1643342006432932,95.26654436492144,0.0270057295010701,-4.792462817021758e-16,-4.805108483519174e-10,163.7179462659816,0.0017881287720758,1.1864571327562624e-05,273.4782638597736,0.0017740814091356,1.2026485597250673e-05,825.2193376083493,0.0017536832609373,0.7158013953782153,7354.8690021023485,5659.795130796847,8523128809047.832,23590.26867063117,44588.69786791237,67144745630774.13,1.0,74.0,0.0,74.0,0.0,0.0,0.0,1.0,74.0,0.0,74.0,0.0,0.0,0.0,1.0,74.0,0.0,74.0,0.0,0.0,0.0,1.0,74.0,0.0,74.0,0.0,0.0,0.0,1.0,74.0,0.0,74.0,0.0,0.0,0.0
97.793609588795,314.81678656952926,60863.4363640233,156.76979546661585,304.8655509426169,60935.888330485126,412.71545133308985,321.282179038935,60758.05750749983,4074.545420592903,343.70249244946206,59635.21847999976,35276.28140548074,342.67676135148173,59713.2209428917,97.793609588795,314.81678656952926,60863.4363640233,156.76979546661585,304.8655509426169,60935.888330485126,412.71545133308985,321.282179038935,60758.05750749983,4074.545420592903,343.70249244946206,59635.21847999976,35276.28140548074,342.67676135148173,59713.2209428917,50.40903499082713,553.9985452805543,0.8477200540275873,553.9985452805543,0.7186292900005355,0.0,0.0,77.66665914740076,553.9679056390956,3.9816559669054414,553.9679056390956,15.8535842387937,0.0,0.0,218.37875750318204,553.6120027081673,13.839079458790188,553.6120027081673,191.5201202667085,0.0,0.0,2340.4980005607417,553.7967958066098,10.01706441981048,553.7967958066098,100.34157959063305,0.0,0.0,20189.1726324086,553.833327491535,9.072399873219515,553.833327491535,82.3084394595935,0.0,0.0,50.40903499082713,0.0063019400861486,0.0003297441754629,77.66665914740076,0.0066017681801789,0.0003798776226399,218.37875750318204,0.0067600925901669,0.0004129394646945,2340.4980005607417,0.0065681882541839,565612.4772530243,20189.1726324086,8906.484206464587,13427824871140.848,1.0,554.0,0.0,554.0,0.0,0.0,0.0,1.0,554.0,0.0,554.0,0.0,0.0,0.0,1.0,554.0,0.0,554.0,0.0,0.0,0.0,1.0,554.0,0.0,554.0,0.0,0.0,0.0,1.0,554.0,0.0,554.0,0.0,0.0,0.0
50.65498094366449,60.04472750009859,0.4940693233070306,79.92145816152697,60.070420099516106,0.7764728118081621,201.40020989579676,60.08145005958244,0.99584379777707,1957.5932963763132,60.095024794953005,1.660894936303066,18549.167462063808,60.09924584059525,1.6989785099162873,50.65498094366449,60.04472750009859,0.4940693233070306,79.92145816152697,60.070420099516106,0.7764728118081621,201.40020989579676,60.08145005958244,0.99584379777707,1957.5932963763132,60.095024794953005,1.660894936303066,18549.167462063808,60.09924584059525,1.6989785099162873,1.0,60.0,0.0,60.0,0.0,0.0,0.0,1.0,60.0,0.0,60.0,0.0,0.0,0.0,1.0,60.0,0.0,60.0,0.0,0.0,0.0,1.0,60.0,0.0,60.0,0.0,0.0,0.0,1.0,60.0,0.0,60.0,0.0,0.0,0.0,1.0,1507653362.909665,0.0,1.0,1507653362.909665,0.0,1.0,1507653362.909665,0.0,1.0,1507653362.909665,0.0,1.0,1507653362.909665,0.0,1.0,60.0,0.0,60.0,0.0,0.0,0.0,1.0,60.0,0.0,60.0,0.0,0.0,0.0,1.0,60.0,0.0,60.0,0.0,0.0,0.0,1.0,60.0,0.0,60.0,0.0,0.0,0.0,1.0,60.0,0.0,60.0,0.0,0.0,0.0
104.4811569200112,383.2502951559706,59046.89799773824,177.3633632030798,388.04762824330186,58352.50399365019,492.4610497172007,378.69989018135686,59676.906138816914,3454.277879311635,355.9527584740364,62145.01934541251,10050.69989681336,337.9758855258923,63361.11085325795,104.4811569200112,383.2502951559706,59046.89799773824,177.3633632030798,388.04762824330186,58352.50399365019,492.4610497172007,378.69989018135686,59676.906138816914,3454.277879311635,355.9527584740364,62145.01934541251,10050.69989681336,337.9758855258923,63361.11085325795,1.0,60.0,0.0,60.0,0.0,0.0,0.0,1.0,60.0,0.0,60.0,0.0,0.0,0.0,1.0,60.0,0.0,60.0,0.0,0.0,0.0,1.0,60.0,0.0,60.0,0.0,0.0,0.0,1.0,60.0,0.0,60.0,0.0,0.0,0.0,1.0,1507657959.11755,0.0,1.0,1507657959.11755,0.0,1.0,1507657959.11755,0.0,1.0,1507657959.11755,0.0,1.0,1507657959.11755,0.0,1.0,60.0,0.0,60.0,0.0,0.0,0.0,1.0,60.0,0.0,60.0,0.0,0.0,0.0,1.0,60.0,0.0,60.0,0.0,0.0,0.0,1.0,60.0,0.0,60.0,0.0,0.0,0.0,1.0,60.0,0.0,60.0,0.0,0.0,0.0
1.0,60.0,0.0,1.0,60.0,0.0,1.0,60.0,0.0,1.0,60.0,0.0,1.0,60.0,0.0,1.0,60.0,0.0,1.0,60.0,0.0,1.0,60.0,0.0,1.0,60.0,0.0,1.0,60.0,0.0,1.0,60.0,0.0,60.0,0.0,0.0,0.0,1.0,60.0,0.0,60.0,0.0,0.0,0.0,1.0,60.0,0.0,60.0,0.0,0.0,0.0,1.0,60.0,0.0,60.0,0.0,0.0,0.0,1.0,60.0,0.0,60.0,0.0,0.0,0.0,1.0,1505913552.314372,0.0,1.0,1505913552.314372,0.0,1.0,1505913552.314372,0.0,1.0,1505913552.314372,0.0,1.0,1505913552.314372,0.0,1.0,60.0,0.0,60.0,0.0,0.0,0.0,1.0,60.0,0.0,60.0,0.0,0.0,0.0,1.0,60.0,0.0,60.0,0.0,0.0,0.0,1.0,60.0,0.0,60.0,0.0,0.0,0.0,1.0,60.0,0.0,60.0,0.0,0.0,0.0
62.45720386301712,349.33262935804686,59131.12799026109,94.23018669121304,364.8616928289954,57557.83998418093,290.0041218346938,333.1035265481244,60250.60528825836,3095.85768783584,303.9326662872723,60961.899276689786,11017.480332652156,302.4606147631645,60960.46721468786,62.45720386301712,349.33262935804686,59131.12799026109,94.23018669121304,364.8616928289954,57557.83998418093,290.0041218346938,333.1035265481244,60250.60528825836,3095.85768783584,303.9326662872723,60961.899276689786,11017.480332652156,302.4606147631645,60960.46721468786,1.0,60.0,0.0,60.0,0.0,0.0,0.0,1.0,60.0,0.0,60.0,0.0,0.0,0.0,1.0,60.0,0.0,60.0,0.0,0.0,0.0,1.0,60.0,0.0,60.0,0.0,0.0,0.0,1.0,60.0,0.0,60.0,0.0,0.0,0.0,1.0,1507659367.4583142,0.0,1.0,1507659367.4583142,0.0,1.0,1507659367.4583142,0.0,1.0,1507659367.4583142,0.0,1.0,1507659367.4583142,0.0,1.0,60.0,0.0,60.0,0.0,0.0,0.0,1.0,60.0,0.0,60.0,0.0,0.0,0.0,1.0,60.0,0.0,60.0,0.0,0.0,0.0,1.0,60.0,0.0,60.0,0.0,0.0,0.0,1.0,60.0,0.0,60.0,0.0,0.0,0.0
181.84378353502703,70.47065756280499,37.60592318196359,219.21701226751628,70.0580894207106,40.26873988307671,410.8854327671775,69.10279975659684,44.97145923052813,3719.0010465221344,68.3386779307245,47.36973068141651,26001.77611682998,67.80557417888295,48.53746417322418,181.84378353502703,70.47065756280499,37.60592318196359,219.21701226751628,70.0580894207106,40.26873988307671,410.8854327671775,69.10279975659684,44.97145923052813,3719.0010465221344,68.3386779307245,47.36973068141651,26001.77611682998,67.80557417888295,48.53746417322418,134.9353290316228,73.93635615182713,0.9417873087986032,73.93635615182713,0.8869633350141157,0.0,0.0,156.27567573719122,73.93318228491775,0.9648748126568578,73.93318228491775,0.9309834040996066,0.0,0.0,265.2796937836603,73.9505413671897,0.8306471591417047,73.9505413671897,0.6899747029901846,0.0,0.0,2204.5546204068287,73.9778625310843,0.5562683680576141,73.9778625310843,0.3094344973014813,0.0,0.0,14416.115891768472,73.9843681680921,0.4675481714525159,73.9843681680921,0.2186012926285912,0.0,0.0,134.9353290316228,0.0045164750691313,0.0030252484087646,156.27567573719122,0.0052543159845532,0.0034993460579228,265.2796937836603,0.0063278158655556,0.0030249643982853,2204.5546204068287,1.999216678290248,3004181202.636555,14416.115891768472,29234.696785493496,44075031412750.02,1.0,74.0,0.0,74.0,0.0,0.0,0.0,1.0,74.0,0.0,74.0,0.0,0.0,0.0,1.0,74.0,0.0,74.0,0.0,0.0,0.0,1.0,74.0,0.0,74.0,0.0,0.0,0.0,1.0,74.0,0.0,74.0,0.0,0.0,0.0
76.64766573856184,74.21246556304156,5.054031928179028,111.57716889202166,74.18973894320494,4.5182314576723,233.0044187643187,74.2082894949273,13.079503455532176,1229.115691653165,75.71645555992762,819.5357958642552,8228.318898245758,76.62313589615668,1660.3232860575,76.64766573856184,74.21246556304156,5.054031928179028,111.57716889202166,74.18973894320494,4.5182314576723,233.0044187643187,74.2082894949273,13.079503455532176,1229.115691653165,75.71645555992762,819.5357958642552,8228.318898245758,76.62313589615668,1660.3232860575,1.0000000008979493,74.0,0.0,74.0,0.0,0.0,0.0,1.0000037392544034,74.00000000000001,9.5367431640625e-07,74.00000000000001,9.094947017729282e-13,0.0,0.0,1.0174458982282877,74.0,0.0,74.0,0.0,0.0,0.0,2.1946488896419343,73.99999999999999,0.0,73.99999999999999,0.0,0.0,0.0,2.898627339688849,74.0,0.0,74.0,0.0,0.0,0.0,1.0000000008979493,6.010578909012834,61457.088306147365,1.0000037392544034,16.914420041221906,16420314445.455387,1.0174458982282877,2863412.4345670426,4303841956909457.5,2.1946488896419343,367362046.4078639,4.182604083104473e+17,2.898627339688849,488060263.1979212,4.9677347736408096e+17,1.0000000008979493,74.0,0.0,74.0,0.0,0.0,0.0,1.0000037392544034,74.00000000000001,9.5367431640625e-07,74.00000000000001,9.094947017729282e-13,0.0,0.0,1.0174458982282877,74.0,0.0,74.0,0.0,0.0,0.0,2.1946488896419343,73.99999999999999,0.0,73.99999999999999,0.0,0.0,0.0,2.898627339688849,74.0,0.0,74.0,0.0,0.0,0.0
40.17503256327468,246.634211230596,57353.85480429597,91.9020489156434,269.9270101034694,59617.39608652964,381.7265974603853,308.49309516912086,60989.02661560693,3853.657326458479,334.3027681880372,60242.302542489415,26480.9051292429,340.386076188724,59871.647739638254,40.17503256327468,246.634211230596,57353.85480429597,91.9020489156434,269.9270101034694,59617.39608652964,381.7265974603853,308.49309516912086,60989.02661560693,3853.657326458479,334.3027681880372,60242.302542489415,26480.9051292429,340.386076188724,59871.647739638254,15.17629412882088,553.9999999999999,1.0789593218788871e-05,553.9999999999999,1.1641532182693479e-10,0.0,0.0,39.0473163683036,553.9999999999874,7.854942429341889e-05,553.9999999999874,6.170012056827545e-09,0.0,0.0,191.98822163494745,553.9995886988744,0.4507577919377824,553.9995886988744,0.2031825869926251,0.0,0.0,2140.3338231971406,553.7997419346734,9.944213441968715,553.7997419346734,98.8873809794313,0.0,0.0,15033.608251383812,553.8011393787945,9.909470285035468,553.8011393787945,98.19760133000092,0.0,0.0,15.17629412882088,0.0391525083866903,0.0181909468700186,39.0473163683036,0.0183493304327847,0.0077150033331905,191.98822163494745,0.0082156522852627,0.0021668380351622,2140.3338231971406,15.939049540980132,24020386335.35677,15033.608251383812,34410.009488039344,51877261145670.84,1.0,554.0,0.0,554.0,0.0,0.0,0.0,1.0,554.0,0.0,554.0,0.0,0.0,0.0,1.0,554.0,0.0,554.0,0.0,0.0,0.0,1.0,554.0,0.0,554.0,0.0,0.0,0.0,1.0,554.0,0.0,554.0,0.0,0.0,0.0
141.4661498805351,74.04740233862441,1.136453029950644,258.24035231193,74.04846540231274,1.2735056263718434,820.1232716440074,74.08870077166239,19.11702724985844,7758.153016777091,74.44295093658211,303.70958029462327,40388.14890299875,74.35091576264874,229.94009303308036,141.4661498805351,74.04740233862441,1.136453029950644,258.24035231193,74.04846540231274,1.2735056263718434,820.1232716440074,74.08870077166239,19.11702724985844,7758.153016777091,74.44295093658211,303.70958029462327,40388.14890299875,74.35091576264874,229.94009303308036,141.18659529388276,73.99999999999999,2.3360154559928683e-06,95.26804291051644,6.558459564010245e-12,1.2113494343632291e-27,2.7187147696910085e-16,257.715715866718,73.99999999793903,0.0001698691802627,95.26804290891565,2.8855541416691016e-08,-2.8345623276802263e-22,-4.595019217438096e-13,818.1466944648623,73.9999425006423,0.028372305040304,95.26799824756658,0.0008049876933,8.140750530141817e-18,9.284854222769128e-11,7734.12828730929,73.99853664104045,0.1431254133374885,95.26690624248992,0.0204848839430269,2.4628413477285966e-16,2.907965373112372e-10,40265.40201043149,73.9983651284485,0.1512796382010451,95.2667730202047,0.0228855289342391,3.014781062475788e-16,4.794004244163934e-10,141.18659529388276,0.0021502733959878,6.2309245975346e-05,257.7157158667182,0.0019152619015084,4.616308636398271e-05,818.1466944648677,0.0017775443709366,3.8529351620289366e-05,7734.128287309355,87.80760428672113,132227907846.117,40265.40201042962,17309.386373358368,26066150335067.195,1.0,74.0,0.0,95.26804291051644,0.0,0.0,0.0,1.0,74.0,0.0,95.26804291051644,0.0,0.0,0.0,1.0,74.0,0.0,95.26804291051644,0.0,0.0,0.0,1.020469638099335,73.99999999999999,9.5367431640625e-07,95.26804291051644,1.2862197421537484e-12,-3.8808115263921294e-30,-4.266997398475273e-18,2.1408757835641827,74.0,9.5367431640625e-07,95.26804291051644,9.094947017729282e-13,0.0,0.0
62.89029060866257,60.03077506030561,0.6869468330828568,97.02683718956844,60.114327206707344,2.1727607250936667,316.8248008641415,62.189424390567865,26.482371903597603,3818.0133904069344,67.37266814798492,49.094702936249625,19354.203212674853,67.3681840721754,49.055653725518816,62.89029060866257,60.03077506030561,0.6869468330828568,97.02683718956844,60.114327206707344,2.1727607250936667,316.8248008641415,62.189424390567865,26.482371903597603,3818.0133904069344,67.37266814798492,49.094702936249625,19354.203212674853,67.3681840721754,49.055653725518816,1.0,60.0,0.0,60.0,0.0,0.0,0.0,1.0,60.0,0.0,60.0,0.0,0.0,0.0,1.0,60.0,0.0,60.0,0.0,0.0,0.0,1.0,60.0,0.0,60.0,0.0,0.0,0.0,1.0,60.0,0.0,60.0,0.0,0.0,0.0,1.0,1507657171.7660651,0.0,1.0,1507657171.7660651,0.0,1.0,1507657171.7660651,0.0,1.0,1507657171.7660651,0.0,1.0,1507657171.7660651,0.0,1.0,60.0,0.0,60.0,0.0,0.0,0.0,1.0,60.0,0.0,60.0,0.0,0.0,0.0,1.0,60.0,0.0,60.0,0.0,0.0,0.0,1.0,60.0,0.0,60.0,0.0,0.0,0.0,1.0,60.0,0.0,60.0,0.0,0.0,0.0
55.86042558318264,67.02404175581441,49.161332706977184,114.71956124778993,66.98408168015229,49.35103729573439,388.7511449345517,67.55550684544754,49.1429983346834,3540.919183127713,66.88030679099572,49.24837629287413,20168.26579317064,67.20993973186235,49.15584659821525,55.86042558318264,67.02404175581441,49.161332706977184,114.71956124778993,66.98408168015229,49.35103729573439,388.7511449345517,67.55550684544754,49.1429983346834,3540.919183127713,66.88030679099572,49.24837629287413,20168.26579317064,67.20993973186235,49.15584659821525,27.71977606484057,73.99999999999996,2.132480599880018e-06,73.99999999999996,4.547473508864642e-12,0.0,0.0,56.47360435417373,73.99999999999993,2.86102294921875e-06,73.99999999999993,8.185452315956354e-12,0.0,0.0,207.3602735538576,73.99999999987725,4.151496669708045e-05,73.99999999987725,1.723492459859699e-09,0.0,0.0,1723.706587619323,73.99516438587318,0.2601446033303302,73.99516438587318,0.0676752146418948,0.0,0.0,10319.60811461351,73.98379285329206,0.4760644728819971,73.98379285329206,0.2266373823404137,0.0,0.0,27.71977606484057,0.0116734236514494,0.0006717741083515,56.47360435417373,0.0091399504470574,0.0005644359803033,207.3602735538576,0.0076969490141824,0.0057751767832679,1723.706587619323,176.87944359936776,266659733272.7412,10319.60811461351,62405.22975300633,94081778623005.2,1.0,74.0,0.0,74.0,0.0,0.0,0.0,1.0,74.0,0.0,74.0,0.0,0.0,0.0,1.0,74.0,0.0,74.0,0.0,0.0,0.0,1.0,74.0,0.0,74.0,0.0,0.0,0.0,1.0,74.0,0.0,74.0,0.0,0.0,0.0
76.14434263332176,60.08737332784645,1.908745833874036,88.94077786524629,60.13369959980015,2.880390524887389,203.9994041791294,60.1461963769198,2.999633660876043,1991.3443847192848,60.11331809429308,1.970985389235011,8389.458948197434,60.1089071668248,1.9333503242169168,76.14434263332176,60.08737332784645,1.908745833874036,88.94077786524629,60.13369959980015,2.880390524887389,203.9994041791294,60.1461963769198,2.999633660876043,1991.3443847192848,60.11331809429308,1.970985389235011,8389.458948197434,60.1089071668248,1.9333503242169168,1.0,60.0,0.0,60.0,0.0,0.0,0.0,1.0,60.0,0.0,60.0,0.0,0.0,0.0,1.0,60.0,0.0,60.0,0.0,0.0,0.0,1.0,60.0,0.0,60.0,0.0,0.0,0.0,1.0,60.0,0.0,60.0,0.0,0.0,0.0,1.0,1507653036.559303,0.0,1.0,1507653036.559303,0.0,1.0,1507653036.559303,0.0,1.0,1507653036.559303,0.0,1.0,1507653036.559303,0.0,1.0,60.0,0.0,60.0,0.0,0.0,0.0,1.0,60.0,0.0,60.0,0.0,0.0,0.0,1.0,60.0,0.0,60.0,0.0,0.0,0.0,1.0,60.0,0.0,60.0,0.0,0.0,0.0,1.0,60.0,0.0,60.0,0.0,0.0,0.0
140.32107877765674,72.359776891915,20.21376656603934,217.9676179211368,71.15794852612747,31.681273964765747,538.0117893295491,69.53403623394308,42.6511272383359,3472.1570849135774,68.94706205996702,45.31186962953416,27400.134796020284,68.0070525679051,48.149267670431975,140.32107877765674,72.359776891915,20.21376656603934,217.9676179211368,71.15794852612747,31.681273964765747,538.0117893295491,69.53403623394308,42.6511272383359,3472.1570849135774,68.94706205996702,45.31186962953416,27400.134796020284,68.0070525679051,48.149267670431975,122.97467363704244,74.0,2.132480599880018e-06,74.0,4.547473508864642e-12,0.0,0.0,172.48855001431076,73.99999999999999,1.6518123698891422e-06,73.99999999999999,2.7284841053187847e-12,0.0,0.0,364.2575375891386,73.99999999991478,3.466183060719728e-05,73.99999999991478,1.201442501042038e-09,0.0,0.0,2210.833022796284,73.9934444846625,0.3028766084830124,73.9934444846625,0.091734239966172,0.0,0.0,15595.345312839894,73.98370248271607,0.4773883460183744,73.98370248271607,0.2278996329141592,0.0,0.0,122.97467363704244,0.002567594854039,0.0001392506692774,172.48855001431076,0.0030038072475248,0.0002280758009687,364.2575375891386,0.0042038274064811,0.0007718146381776,2210.833022796284,0.1735716862319929,251734157.36880007,15595.345312839894,21095.849355168448,31804850234889.99,1.0,74.0,0.0,74.0,0.0,0.0,0.0,1.0,74.0,0.0,74.0,0.0,0.0,0.0,1.0,74.0,0.0,74.0,0.0,0.0,0.0,1.0,74.0,0.0,74.0,0.0,0.0,0.0,1.0,74.0,0.0,74.0,0.0,0.0,0.0
1.0,60.0,0.0,1.0,60.0,0.0,1.0,60.0,0.0,1.0,60.0,0.0,1.0,60.0,0.0,1.0,60.0,0.0,1.0,60.0,0.0,1.0,60.0,0.0,1.0,60.0,0.0,1.0,60.0,0.0,1.0,60.0,0.0,60.0,0.0,0.0,0.0,1.0,60.0,0.0,60.0,0.0,0.0,0.0,1.0,60.0,0.0,60.0,0.0,0.0,0.0,1.0,60.0,0.0,60.0,0.0,0.0,0.0,1.0,60.0,0.0,60.0,0.0,0.0,0.0,1.0,1505913477.245922,0.0,1.0,1505913477.245922,0.0,1.0,1505913477.245922,0.0,1.0,1505913477.245922,0.0,1.0,1505913477.245922,0.0,1.0,60.0,0.0,60.0,0.0,0.0,0.0,1.0,60.0,0.0,60.0,0.0,0.0,0.0,1.0,60.0,0.0,60.0,0.0,0.0,0.0,1.0,60.0,0.0,60.0,0.0,0.0,0.0,1.0,60.0,0.0,60.0,0.0,0.0,0.0
105.8683938102052,275.37943636121315,59935.38234697308,182.3556506936528,313.55783884569473,60911.97741546312,493.32461622766135,336.45862801070666,60106.84806792653,3766.004543136525,342.0132548203113,59760.0872066816,33413.86326107939,342.0490619366248,59757.82855460016,105.8683938102052,275.37943636121315,59935.38234697308,182.3556506936528,313.55783884569473,60911.97741546312,493.32461622766135,336.45862801070666,60106.84806792653,3766.004543136525,342.0132548203113,59760.0872066816,33413.86326107939,342.0490619366248,59757.82855460016,1.0,60.0,0.0,60.0,0.0,0.0,0.0,1.0,60.0,0.0,60.0,0.0,0.0,0.0,1.0,60.0,0.0,60.0,0.0,0.0,0.0,1.0,60.0,0.0,60.0,0.0,0.0,0.0,1.0,60.0,0.0,60.0,0.0,0.0,0.0,1.0,1507656197.248671,0.0,1.0,1507656197.248671,0.0,1.0,1507656197.248671,0.0,1.0,1507656197.248671,0.0,1.0,1507656197.248671,0.0,1.0,60.0,0.0,60.0,0.0,0.0,0.0,1.0,60.0,0.0,60.0,0.0,0.0,0.0,1.0,60.0,0.0,60.0,0.0,0.0,0.0,1.0,60.0,0.0,60.0,0.0,0.0,0.0,1.0,60.0,0.0,60.0,0.0,0.0,0.0
103.47793568622076,397.6654274673358,52648.63203163276,166.34931523682067,361.7115823841801,57912.31051972167,462.8534165982698,327.8264538616796,60525.52276195333,3330.683401726433,306.72011976222933,60983.0924548958,25288.07973819304,304.02216246417925,60972.732871619286,103.47793568622076,397.6654274673358,52648.63203163276,166.34931523682067,361.7115823841801,57912.31051972167,462.8534165982698,327.8264538616796,60525.52276195333,3330.683401726433,306.72011976222933,60983.0924548958,25288.07973819304,304.02216246417925,60972.732871619286,70.66886205231064,553.9999999999997,1.7059844799040144e-05,553.9999999999997,2.910383045673371e-10,0.0,0.0,101.52507865371658,553.9999999999999,7.62939453125e-06,553.9999999999999,5.820766091346741e-11,0.0,0.0,250.84231310358052,553.9999970406425,0.038235096423797,553.9999970406425,0.001461922598537,0.0,0.0,1663.4578258001404,553.8906691329198,7.348298789418091,553.8906691329198,53.99749509856338,0.0,0.0,12495.007281443288,553.7490681350483,11.130919750144828,553.7490681350483,123.89737448416416,0.0,0.0,70.66886205231064,0.0047016301582651,0.0004045630556669,101.52507865371658,0.0052803515671356,0.0005752608565114,250.84231310358052,0.0061181883289113,0.0011585664101154,1663.4578258001404,0.2278768580239247,330400088.5465148,12495.007281443288,26297.314556772784,39646685897319.16,70.66886205231064,553.9999999999997,1.7059844799040144e-05,553.9999999999997,2.910383045673371e-10,0.0,0.0,101.52507865371658,553.9999999999999,7.62939453125e-06,553.9999999999999,5.820766091346741e-11,0.0,0.0,250.8423116008841,554.0,7.62939453125e-06,554.0,5.820766091346741e-11,0.0,0.0,1663.089673398427,553.9999999999984,3.814697265625e-05,553.9999999999984,1.455191522836685e-09,0.0,0.0,12488.660327030912,553.9999999999957,7.357521637720455e-05,553.9999999999957,5.413312464952469e-09,0.0,0.0
40.39441666239911,324.76129888880286,60693.52395065103,94.99832260567077,359.956779725038,58204.29999468785,403.1908501470032,360.8024744257872,58108.92804927068,4287.966317270387,351.3999356007602,59019.694295431895,36871.45746420257,344.8723488830691,59552.56051472765,40.39441666239911,324.76129888880286,60693.52395065103,94.99832260567077,359.956779725038,58204.29999468785,403.1908501470032,360.8024744257872,58108.92804927068,4287.966317270387,351.3999356007602,59019.694295431895,36871.45746420257,344.8723488830691,59552.56051472765,1.0,60.0,0.0,60.0,0.0,0.0,0.0,1.0,60.0,0.0,60.0,0.0,0.0,0.0,1.0,60.0,0.0,60.0,0.0,0.0,0.0,1.0,60.0,0.0,60.0,0.0,0.0,0.0,1.0,60.0,0.0,60.0,0.0,0.0,0.0,1.0,1507656281.665275,0.0,1.0,1507656281.665275,0.0,1.0,1507656281.665275,0.0,1.0,1507656281.665275,0.0,1.0,1507656281.665275,0.0,1.0,60.0,0.0,60.0,0.0,0.0,0.0,1.0,60.0,0.0,60.0,0.0,0.0,0.0,1.0,60.0,0.0,60.0,0.0,0.0,0.0,1.0,60.0,0.0,60.0,0.0,0.0,0.0,1.0,60.0,0.0,60.0,0.0,0.0,0.0
1.0,60.0,0.0,1.0,60.0,0.0,1.0,60.0,0.0,1.0,60.0,0.0,1.0,60.0,0.0,1.0,60.0,0.0,1.0,60.0,0.0,1.0,60.0,0.0,1.0,60.0,0.0,1.0,60.0,0.0,1.0,60.0,0.0,60.0,0.0,0.0,0.0,1.0,60.0,0.0,60.0,0.0,0.0,0.0,1.0,60.0,0.0,60.0,0.0,0.0,0.0,1.0,60.0,0.0,60.0,0.0,0.0,0.0,1.0,60.0,0.0,60.0,0.0,0.0,0.0,1.0,1505913563.884401,0.0,1.0,1505913563.884401,0.0,1.0,1505913563.884401,0.0,1.0,1505913563.884401,0.0,1.0,1505913563.884401,0.0,1.0,60.0,0.0,60.0,0.0,0.0,0.0,1.0,60.0,0.0,60.0,0.0,0.0,0.0,1.0,60.0,0.0,60.0,0.0,0.0,0.0,1.0,60.0,0.0,60.0,0.0,0.0,0.0,1.0,60.0,0.0,60.0,0.0,0.0,0.0
39.947619080214245,542.4702063775244,5562.781539630379,68.35538434374081,495.9361516394088,25312.0776143414,311.44602439331914,395.5634100068718,53161.41402541316,3859.382485207228,348.17394787631065,59291.94328690214,35340.4067624433,343.2516664161837,59672.26257591864,39.947619080214245,542.4702063775244,5562.781539630379,68.35538434374081,495.9361516394088,25312.0776143414,311.44602439331914,395.5634100068718,53161.41402541316,3859.382485207228,348.17394787631065,59291.94328690214,35340.4067624433,343.2516664161837,59672.26257591864,39.01525504194113,553.9999999999999,7.62939453125e-06,553.9999999999999,5.820766091346741e-11,0.0,0.0,60.32100311086545,553.9999999998543,0.0002685503525817,553.9999999998543,7.211929187178613e-08,0.0,0.0,211.5532853094656,553.9993907035428,0.5486274497978546,553.9993907035428,0.3009920786716975,0.0,0.0,2251.5095845804262,553.8895951696967,7.384293936721697,553.8895951696967,54.52779694390483,0.0,0.0,20266.6193675938,553.8443950975129,8.766105688697964,553.8443950975129,76.84460894542279,0.0,0.0,39.01525504194113,0.0180995743128095,0.0115108414174805,60.32100311086545,0.0133670898370466,0.0076793103641886,211.5532853094656,0.0076226118985982,0.002592253181107,2251.5095845804262,0.0066460087214281,307308.3711197561,20266.6193675938,8315.064636584348,12536177793044.23,1.0,554.0,0.0,554.0,0.0,0.0,0.0,1.0,554.0,0.0,554.0,0.0,0.0,0.0,1.0,554.0,0.0,554.0,0.0,0.0,0.0,1.0,554.0,0.0,554.0,0.0,0.0,0.0,1.0,554.0,0.0,554.0,0.0,0.0,0.0
1.0,60.0,0.0,1.0,60.0,0.0,1.0,60.0,0.0,1.0,60.0,0.0,1.0,60.0,0.0,1.0,60.0,0.0,1.0,60.0,0.0,1.0,60.0,0.0,1.0,60.0,0.0,1.0,60.0,0.0,1.0,60.0,0.0,60.0,0.0,0.0,0.0,1.0,60.0,0.0,60.0,0.0,0.0,0.0,1.0,60.0,0.0,60.0,0.0,0.0,0.0,1.0,60.0,0.0,60.0,0.0,0.0,0.0,1.0,60.0,0.0,60.0,0.0,0.0,0.0,1.0,1505913470.9293618,0.0,1.0,1505913470.9293618,0.0,1.0,1505913470.9293618,0.0,1.0,1505913470.9293618,0.0,1.0,1505913470.9293618,0.0,1.0,60.0,0.0,60.0,0.0,0.0,0.0,1.0,60.0,0.0,60.0,0.0,0.0,0.0,1.0,60.0,0.0,60.0,0.0,0.0,0.0,1.0,60.0,0.0,60.0,0.0,0.0,0.0,1.0,60.0,0.0,60.0,0.0,0.0,0.0
47.68061836466251,60.00663126366221,0.080817483175906,64.96078027640463,60.028751106325785,0.3782594523650005,183.25789660010864,60.092698188509466,1.4365519416251118,1995.8862706968407,60.09722400560202,1.5851272475551923,19923.90784385884,60.09709746095346,1.664191093198497,47.68061836466251,60.00663126366221,0.080817483175906,64.96078027640463,60.028751106325785,0.3782594523650005,183.25789660010864,60.092698188509466,1.4365519416251118,1995.8862706968407,60.09722400560202,1.5851272475551923,19923.90784385884,60.09709746095346,1.664191093198497,1.0,60.0,0.0,60.0,0.0,0.0,0.0,1.0,60.0,0.0,60.0,0.0,0.0,0.0,1.0,60.0,0.0,60.0,0.0,0.0,0.0,1.0,60.0,0.0,60.0,0.0,0.0,0.0,1.0,60.0,0.0,60.0,0.0,0.0,0.0,1.0,1507653684.895618,0.0,1.0,1507653684.895618,0.0,1.0,1507653684.895618,0.0,1.0,1507653684.895618,0.0,1.0,1507653684.895618,0.0,1.0,60.0,0.0,60.0,0.0,0.0,0.0,1.0,60.0,0.0,60.0,0.0,0.0,0.0,1.0,60.0,0.0,60.0,0.0,0.0,0.0,1.0,60.0,0.0,60.0,0.0,0.0,0.0,1.0,60.0,0.0,60.0,0.0,0.0,0.0
38.15383401728715,74.34978781331475,8.424128688595374,48.38051409348933,74.37256562841522,9.532227307947323,96.16445437568764,74.37484729397299,11.16402534864028,911.1961792862196,74.73783188938742,205.0326179973299,8628.464590399099,76.46444796934601,1532.5547558246408,38.15383401728715,74.34978781331475,8.424128688595374,48.38051409348933,74.37256562841522,9.532227307947323,96.16445437568764,74.37484729397299,11.16402534864028,911.1961792862196,74.73783188938742,205.0326179973299,8628.464590399099,76.46444796934601,1532.5547558246408,1.0,74.0,0.0,74.0,0.0,0.0,0.0,1.0000000000139622,74.0,0.0,74.0,0.0,0.0,0.0,1.0002449755256335,74.0,9.5367431640625e-07,74.0,9.094947017729282e-13,0.0,0.0,1.9536045192867264,74.0,0.0,74.0,0.0,0.0,0.0,3.6667895714044136,74.0,9.5367431640625e-07,74.0,9.094947017729282e-13,0.0,0.0,1.0,12.01990008354187,5.684341886080804e-14,1.0000000000139622,12.019900083605965,0.2227343468951517,1.0002449755256335,706.6523572460028,1046057914119.237,1.9536045192867264,179213016.08821124,2.377619273900881e+17,3.6667895714044136,354939702.05667084,4.0852617803960576e+17,1.0,74.0,0.0,74.0,0.0,0.0,0.0,1.0000000000139622,74.0,0.0,74.0,0.0,0.0,0.0,1.0002449755256335,74.0,9.5367431640625e-07,74.0,9.094947017729282e-13,0.0,0.0,1.9536045192867264,74.0,0.0,74.0,0.0,0.0,0.0,3.6667895714044136,74.0,9.5367431640625e-07,74.0,9.094947017729282e-13,0.0,0.0
178.75741479504524,74.00519454217128,0.4021411431767774,288.1886401972954,74.02494071004192,5.532154121181519,828.5555472185512,74.20636090057867,73.97359096775108,7101.056896865709,74.55958397782973,359.051579304768,21945.91774008522,74.34113498407201,209.90195215541465,178.75741479504524,74.00519454217128,0.4021411431767774,288.1886401972954,74.02494071004192,5.532154121181519,828.5555472185512,74.20636090057867,73.97359096775108,7101.056896865709,74.55958397782973,359.051579304768,21945.91774008522,74.34113498407201,209.90195215541465,178.72379955776265,73.99999473088576,0.0085888044478758,95.26803881770168,7.376756184385161e-05,2.9461672714131065e-19,2.543370334339736e-11,288.0321577313664,73.9998474675519,0.0462107238064153,95.26792443010903,0.0021354309947128,2.7856221492826773e-18,1.5560995501352604e-11,826.9651659662372,73.99752140817286,0.1862636361899438,95.26611766285542,0.0346941421666997,-3.0027208434172936e-16,-6.172429856919496e-10,7078.028830344295,73.9976295915582,0.1821540536490736,95.26620169382986,0.0331800992607895,3.661567649654393e-16,3.6691981450585286e-10,21878.161888446848,73.99785838050553,0.1731418098571952,95.26637940481066,0.0299780863206251,-6.764948723216872e-16,-1.9313287814889157e-09,178.72379955776256,0.0016383356967353,1.1338460424198615e-05,288.0321577313664,0.0016849066201947,1.2047298675541647e-05,826.9651659662378,0.001753970577382,13.095448307667365,7078.028830344386,7866.626654938515,11846396969166.926,21878.16188844624,49497.056012270245,74535848199431.36,1.0,74.0,0.0,74.0,0.0,0.0,0.0,1.0,74.0,0.0,74.0,0.0,0.0,0.0,1.0,74.0,0.0,74.0,0.0,0.0,0.0,1.0,74.0,0.0,74.0,0.0,0.0,0.0,1.0,74.0,0.0,74.0,0.0,0.0,0.0
88.46812541216556,60.03412807705693,0.7307694851351698,108.91564186758936,60.07919327439702,1.5924034942222534,228.3221725383156,61.08288157271824,14.669743233424017,3055.608080151389,66.62450074241754,49.03906705429927,8276.147425470068,67.06161545725432,49.11338142341721,88.46812541216556,60.03412807705693,0.7307694851351698,108.91564186758936,60.07919327439702,1.5924034942222534,228.3221725383156,61.08288157271824,14.669743233424017,3055.608080151389,66.62450074241754,49.03906705429927,8276.147425470068,67.06161545725432,49.11338142341721,1.0,60.0,0.0,60.0,0.0,0.0,0.0,1.0,60.0,0.0,60.0,0.0,0.0,0.0,1.0,60.0,0.0,60.0,0.0,0.0,0.0,1.0,60.0,0.0,60.0,0.0,0.0,0.0,1.0,60.0,0.0,60.0,0.0,0.0,0.0,1.0,1507657101.043615,0.0,1.0,1507657101.043615,0.0,1.0,1507657101.043615,0.0,1.0,1507657101.043615,0.0,1.0,1507657101.043615,0.0,1.0,60.0,0.0,60.0,0.0,0.0,0.0,1.0,60.0,0.0,60.0,0.0,0.0,0.0,1.0,60.0,0.0,60.0,0.0,0.0,0.0,1.0,60.0,0.0,60.0,0.0,0.0,0.0,1.0,60.0,0.0,60.0,0.0,0.0,0.0
32.300439036922825,60.10717510686403,2.3147022714401837,49.182288462909405,60.16798535542925,3.4844777946132126,167.05016674698078,60.133954384166174,2.61966092358216,1970.1976737899963,60.0912873884858,1.722005822801748,9843.965798011965,60.101304023408616,1.8343098944578744,32.300439036922825,60.10717510686403,2.3147022714401837,49.182288462909405,60.16798535542925,3.4844777946132126,167.05016674698078,60.133954384166174,2.61966092358216,1970.1976737899963,60.0912873884858,1.722005822801748,9843.965798011965,60.101304023408616,1.8343098944578744,1.0,60.0,0.0,60.0,0.0,0.0,0.0,1.0,60.0,0.0,60.0,0.0,0.0,0.0,1.0,60.0,0.0,60.0,0.0,0.0,0.0,1.0,60.0,0.0,60.0,0.0,0.0,0.0,1.0,60.0,0.0,60.0,0.0,0.0,0.0,1.0,1507653056.08918,0.0,1.0,1507653056.08918,0.0,1.0,1507653056.08918,0.0,1.0,1507653056.08918,0.0,1.0,1507653056.08918,0.0,1.0,60.0,0.0,60.0,0.0,0.0,0.0,1.0,60.0,0.0,60.0,0.0,0.0,0.0,1.0,60.0,0.0,60.0,0.0,0.0,0.0,1.0,60.0,0.0,60.0,0.0,0.0,0.0,1.0,60.0,0.0,60.0,0.0,0.0,0.0
1.0,60.0,0.0,1.0,60.0,0.0,1.0,60.0,0.0,1.0,60.0,0.0,1.0,60.0,0.0,1.0,60.0,0.0,1.0,60.0,0.0,1.0,60.0,0.0,1.0,60.0,0.0,1.0,60.0,0.0,1.0,60.0,0.0,60.0,0.0,0.0,0.0,1.0,60.0,0.0,60.0,0.0,0.0,0.0,1.0,60.0,0.0,60.0,0.0,0.0,0.0,1.0,60.0,0.0,60.0,0.0,0.0,0.0,1.0,60.0,0.0,60.0,0.0,0.0,0.0,1.0,1505913469.124387,0.0,1.0,1505913469.124387,0.0,1.0,1505913469.124387,0.0,1.0,1505913469.124387,0.0,1.0,1505913469.124387,0.0,1.0,60.0,0.0,60.0,0.0,0.0,0.0,1.0,60.0,0.0,60.0,0.0,0.0,0.0,1.0,60.0,0.0,60.0,0.0,0.0,0.0,1.0,60.0,0.0,60.0,0.0,0.0,0.0,1.0,60.0,0.0,60.0,0.0,0.0,0.0
39.36218177233548,444.20399796998055,42113.86412931784,86.81192261029085,372.8330889431264,56630.49641214588,392.0013667149976,315.2092774212944,60914.71762732932,3452.6497502722746,303.9259516176164,60976.29196850619,25534.533153537333,303.6354299144507,60970.70434066932,39.36218177233548,444.20399796998055,42113.86412931784,86.81192261029085,372.8330889431264,56630.49641214588,392.0013667149976,315.2092774212944,60914.71762732932,3452.6497502722746,303.9259516176164,60976.29196850619,25534.533153537333,303.6354299144507,60970.70434066932,30.601996392005372,553.9999999999999,0.0,553.9999999999999,0.0,0.0,0.0,54.95877184073832,554.0,1.0789593218788871e-05,554.0,1.1641532182693479e-10,0.0,0.0,202.4704490194429,553.9999990627983,0.0215169175189348,553.9999990627983,0.0004629777395166,0.0,0.0,1704.8206064252884,553.9069244638602,6.780166059727786,553.9069244638602,45.97065179748461,0.0,0.0,12596.690057095331,553.7544658813599,11.010611590802508,553.7544658813599,121.23356760351452,0.0,0.0,30.601996392005372,0.010325745471815,0.0004528024647336,54.95877184073832,0.0092620869832298,0.0004332480855468,202.4704490194429,0.0073440963357745,0.0006257959261702,1704.8206064252884,0.1950772691491835,281276150.13110286,12596.690057095331,25731.63831736376,38793868340216.13,30.601996392005372,553.9999999999999,0.0,553.9999999999999,0.0,0.0,0.0,54.95877184073832,554.0,1.0789593218788871e-05,554.0,1.1641532182693479e-10,0.0,0.0,202.4704486353221,554.0000000000006,2.288818359375e-05,554.0000000000006,5.238689482212067e-10,0.0,0.0,1704.4993977370996,553.9999999999989,3.578503234728569e-05,553.9999999999989,1.280568540096283e-09,0.0,0.0,12590.42909112176,553.9999999999955,7.396972438684585e-05,553.9999999999955,5.471520125865936e-09,0.0,0.0
126.97984997953408,212.62052245155363,52101.30745192043,186.3987525129205,258.93889116288966,58697.072320305,440.2968376588012,312.38599682457453,60963.56386472374,4180.980462462803,337.2678353405538,60067.62051277282,22797.714599838637,341.9591077164044,59763.798590228886,126.97984997953408,212.62052245155363,52101.30745192043,186.3987525129205,258.93889116288966,58697.072320305,440.2968376588012,312.38599682457453,60963.56386472374,4180.980462462803,337.2678353405538,60067.62051277282,22797.714599838637,341.9591077164044,59763.798590228886,1.0,60.0,0.0,60.0,0.0,0.0,0.0,1.0,60.0,0.0,60.0,0.0,0.0,0.0,1.0,60.0,0.0,60.0,0.0,0.0,0.0,1.0,60.0,0.0,60.0,0.0,0.0,0.0,1.0,60.0,0.0,60.0,0.0,0.0,0.0,1.0,1507656041.0022929,0.0,1.0,1507656041.0022929,0.0,1.0,1507656041.0022929,0.0,1.0,1507656041.0022929,0.0,1.0,1507656041.0022929,0.0,1.0,60.0,0.0,60.0,0.0,0.0,0.0,1.0,60.0,0.0,60.0,0.0,0.0,0.0,1.0,60.0,0.0,60.0,0.0,0.0,0.0,1.0,60.0,0.0,60.0,0.0,0.0,0.0,1.0,60.0,0.0,60.0,0.0,0.0,0.0
34.0633807413315,74.24988530652597,5.934804690202327,41.49974871919056,74.34673389305256,8.201389041129005,87.55956457472712,74.43748143146533,11.034392766066956,713.1045259765095,78.16676014938778,2970.424118615921,8161.176096745338,77.0231912651767,2003.2825363896584,34.0633807413315,74.24988530652597,5.934804690202327,41.49974871919056,74.34673389305256,8.201389041129005,87.55956457472712,74.43748143146533,11.034392766066956,713.1045259765095,78.16676014938778,2970.424118615921,8161.176096745338,77.0231912651767,2003.2825363896584,1.0,74.0,0.0,74.0,0.0,0.0,0.0,1.0,74.0,0.0,74.0,0.0,0.0,0.0,1.0,74.0,0.0,74.0,0.0,0.0,0.0,1.0,74.0,0.0,74.0,0.0,0.0,0.0,1.0,74.0,0.0,74.0,0.0,0.0,0.0,1.0,1505913087.756569,0.0,1.0,1505913087.756569,0.0,1.0,1505913087.756569,0.0,1.0,1505913087.756569,0.0,1.0,1505913087.756569,0.0,1.0,74.0,0.0,74.0,0.0,0.0,0.0,1.0,74.0,0.0,74.0,0.0,0.0,0.0,1.0,74.0,0.0,74.0,0.0,0.0,0.0,1.0,74.0,0.0,74.0,0.0,0.0,0.0,1.0,74.0,0.0,74.0,0.0,0.0,0.0
1.0,60.0,0.0,1.0,60.0,0.0,1.0,60.0,0.0,1.0,60.0,0.0,1.0,60.0,0.0,1.0,60.0,0.0,1.0,60.0,0.0,1.0,60.0,0.0,1.0,60.0,0.0,1.0,60.0,0.0,1.0,60.0,0.0,60.0,0.0,0.0,0.0,1.0,60.0,0.0,60.0,0.0,0.0,0.0,1.0,60.0,0.0,60.0,0.0,0.0,0.0,1.0,60.0,0.0,60.0,0.0,0.0,0.0,1.0,60.0,0.0,60.0,0.0,0.0,0.0,1.0,1505913432.6250222,0.0,1.0,1505913432.6250222,0.0,1.0,1505913432.6250222,0.0,1.0,1505913432.6250222,0.0,1.0,1505913432.6250222,0.0,1.0,60.0,0.0,60.0,0.0,0.0,0.0,1.0,60.0,0.0,60.0,0.0,0.0,0.0,1.0,60.0,0.0,60.0,0.0,0.0,0.0,1.0,60.0,0.0,60.0,0.0,0.0,0.0,1.0,60.0,0.0,60.0,0.0,0.0,0.0
106.35104439623024,441.7832997236909,42765.4144436846,160.53219692967684,385.2955816230868,54818.51519719663,439.7417738149415,338.27013435938585,59999.381703846826,3956.4290965245614,338.7799840597435,59977.275710099806,27938.433375126093,340.69087489401744,59851.27340095582,106.35104439623024,441.7832997236909,42765.4144436846,160.53219692967684,385.2955816230868,54818.51519719663,439.7417738149415,338.27013435938585,59999.381703846826,3956.4290965245614,338.7799840597435,59977.275710099806,27938.433375126093,340.69087489401744,59851.27340095582,82.15791258816624,553.9999999999999,7.62939453125e-06,553.9999999999999,5.820766091346741e-11,0.0,0.0,105.66855725918008,553.9999999685376,0.0039423747385059,553.9999999685376,1.55423185788095e-05,0.0,0.0,247.6500316993144,553.9949302436623,1.582540340233071,553.9949302436623,2.504433928465005,0.0,0.0,2233.659176735533,553.7157349477999,11.846777163729731,553.7157349477999,140.34612916706828,0.0,0.0,15879.184648435974,553.7743593708956,10.55535679573388,553.7743593708956,111.41555708524538,0.0,0.0,82.15791258816624,0.0039417515098722,0.0002612383667828,105.66855725918008,0.0049171911951779,0.0003540034415835,247.6500316993144,0.006012009750829,0.0005208900820123,2233.659176735533,4.750458242149619,7152266118.730569,15879.184648435974,28984.09498514821,43697192952352.1,1.0,554.0,0.0,554.0,0.0,0.0,0.0,1.0,554.0,0.0,554.0,0.0,0.0,0.0,1.0,554.0,0.0,554.0,0.0,0.0,0.0,1.0,554.0,0.0,554.0,0.0,0.0,0.0,1.0,554.0,0.0,554.0,0.0,0.0,0.0
178.88189774097748,74.02170254241939,0.5203900177921241,293.50658030990894,74.03056268492166,0.7325752732258479,848.3672449094697,74.0395912621252,1.2618756416313772,7078.110716017719,74.08456586451788,16.121426875404726,14216.827475660442,74.09086045767197,19.51958249062409,178.88189774097748,74.02170254241939,0.5203900177921241,293.50658030990894,74.03056268492166,0.7325752732258479,848.3672449094697,74.0395912621252,1.2618756416313772,7078.110716017719,74.08456586451788,16.121426875404726,14216.827475660442,74.09086045767197,19.51958249062409,178.72013974204634,74.00000000000004,1.3486991523486091e-06,95.26804291051648,5.752149554916067e-12,4.106168715734226e-27,1.303304795919011e-15,293.1328154486908,73.99999999999999,1.3486991523486091e-06,95.26804291051644,2.5724394843074964e-12,-1.0112816684403602e-28,-5.559579767034447e-17,846.9965152568549,73.9999999887335,0.0003971535441669,95.26804290176509,1.5773093764502918e-07,-9.489305420569815e-23,-3.5431610537559873e-13,7058.577830341517,73.99910526952256,0.1119170502739398,95.26734792514095,0.0125254261420195,2.3694375651632405e-16,5.829951293485545e-10,14174.24204419444,73.99829790684002,0.1543580483056844,95.2667208059008,0.02382640707674,3.7201317259211216e-16,4.2414541443553616e-10,178.72013974204648,0.0016407275022702,1.3138851142152112e-05,293.1328154486908,0.0016605427906732,1.720519578665044e-05,846.9965152568581,0.0205838320400327,28417591.07621737,7058.577830341552,34014.94702220368,51222419374113.49,14174.242044194274,88421.72241866033,133147673254482.56,1.0,74.0,0.0,74.0,0.0,0.0,0.0,1.0,74.0,0.0,74.0,0.0,0.0,0.0,1.0,74.0,0.0,74.0,0.0,0.0,0.0,1.0,74.0,0.0,74.0,0.0,0.0,0.0,1.0,74.0,0.0,74.0,0.0,0.0,0.0
1.0,60.0,0.0,1.0,60.0,0.0,1.0,60.0,0.0,1.0,60.0,0.0,1.0,60.0,0.0,1.0,60.0,0.0,1.0,60.0,0.0,1.0,60.0,0.0,1.0,60.0,0.0,1.0,60.0,0.0,1.0,60.0,0.0,60.0,0.0,0.0,0.0,1.0,60.0,0.0,60.0,0.0,0.0,0.0,1.0,60.0,0.0,60.0,0.0,0.0,0.0,1.0,60.0,0.0,60.0,0.0,0.0,0.0,1.0,60.0,0.0,60.0,0.0,0.0,0.0,1.0,1505913548.503259,0.0,1.0,1505913548.503259,0.0,1.0,1505913548.503259,0.0,1.0,1505913548.503259,0.0,1.0,1505913548.503259,0.0,1.0,60.0,0.0,60.0,0.0,0.0,0.0,1.0,60.0,0.0,60.0,0.0,0.0,0.0,1.0,60.0,0.0,60.0,0.0,0.0,0.0,1.0,60.0,0.0,60.0,0.0,0.0,0.0,1.0,60.0,0.0,60.0,0.0,0.0,0.0
143.41563657573133,459.373772174453,42555.31538732254,213.5879304240924,420.06598601935485,52521.84272310132,520.0645698204976,374.6667963490417,60185.31088687055,3806.4304027296735,352.81467652814814,62402.59932367732,11138.849086135648,338.5992137986441,63329.30840895773,143.41563657573133,459.373772174453,42555.31538732254,213.5879304240924,420.06598601935485,52521.84272310132,520.0645698204976,374.6667963490417,60185.31088687055,3806.4304027296735,352.81467652814814,62402.59932367732,11138.849086135648,338.5992137986441,63329.30840895773,113.17819033185876,565.9999999999998,1.3214498959113138e-05,565.9999999999998,1.7462298274040222e-10,0.0,0.0,151.9670263805321,566.0000000000001,7.62939453125e-06,566.0000000000001,5.820766091346741e-11,0.0,0.0,323.36940325477764,565.999996982529,0.039074804930965,565.999996982529,0.0015268403803929,0.0,0.0,2203.591079555956,565.7261674837129,11.767933930576762,565.7261674837129,138.48426899441984,0.0,0.0,6137.596725633251,565.5266404973793,15.469189995198104,565.5266404973793,239.2958391075372,0.0,0.0,113.17819033185876,0.0027795029119501,0.0001383483782097,151.9670263805321,0.0033642330981126,0.0001945272626037,323.36940325477764,0.0045876379062314,0.0471257862346121,2203.591079555956,13106.22304162063,19759519217064.344,6137.596725633251,165399.82044987837,249338978279150.25,1.0,566.0,0.0,566.0,0.0,0.0,0.0,1.0,566.0,0.0,566.0,0.0,0.0,0.0,1.0,566.0,0.0,566.0,0.0,0.0,0.0,1.0,566.0,0.0,566.0,0.0,0.0,0.0,1.0,566.0,0.0,566.0,0.0,0.0,0.0
93.72060824154758,429.7165057460954,45947.192351755126,118.07294638643543,430.5905516675979,45727.24449428527,302.5967381580327,386.01876998080473,54748.00877474624,3837.118195622857,344.6088870491615,59572.44603473504,18315.193809832468,344.17737691546984,59604.49019934531,93.72060824154758,429.7165057460954,45947.192351755126,118.07294638643543,430.5905516675979,45727.24449428527,302.5967381580327,386.01876998080473,54748.00877474624,3837.118195622857,344.6088870491615,59572.44603473504,18315.193809832468,344.17737691546984,59604.49019934531,1.0,60.0,0.0,60.0,0.0,0.0,0.0,1.0,60.0,0.0,60.0,0.0,0.0,0.0,1.0,60.0,0.0,60.0,0.0,0.0,0.0,1.0,60.0,0.0,60.0,0.0,0.0,0.0,1.0,60.0,0.0,60.0,0.0,0.0,0.0,1.0,1507656011.4582212,0.0,1.0,1507656011.4582212,0.0,1.0,1507656011.4582212,0.0,1.0,1507656011.4582212,0.0,1.0,1507656011.4582212,0.0,1.0,60.0,0.0,60.0,0.0,0.0,0.0,1.0,60.0,0.0,60.0,0.0,0.0,0.0,1.0,60.0,0.0,60.0,0.0,0.0,0.0,1.0,60.0,0.0,60.0,0.0,0.0,0.0,1.0,60.0,0.0,60.0,0.0,0.0,0.0
14.444531124501353,60.00534123831518,0.1220398090199523,30.96707307677978,60.02570480010824,0.5746136865277549,158.26492731424446,60.06708134380386,1.33683336676404,1958.503971037134,60.08962650585766,1.5970889709928997,18747.81106342876,60.09782555258119,1.6903818490591218,14.444531124501353,60.00534123831518,0.1220398090199523,30.96707307677978,60.02570480010824,0.5746136865277549,158.26492731424446,60.06708134380386,1.33683336676404,1958.503971037134,60.08962650585766,1.5970889709928997,18747.81106342876,60.09782555258119,1.6903818490591218,1.0,60.0,0.0,60.0,0.0,0.0,0.0,1.0,60.0,0.0,60.0,0.0,0.0,0.0,1.0,60.0,0.0,60.0,0.0,0.0,0.0,1.0,60.0,0.0,60.0,0.0,0.0,0.0,1.0,60.0,0.0,60.0,0.0,0.0,0.0,1.0,1507653386.5204911,0.0,1.0,1507653386.5204911,0.0,1.0,1507653386.5204911,0.0,1.0,1507653386.5204911,0.0,1.0,1507653386.5204911,0.0,1.0,60.0,0.0,60.0,0.0,0.0,0.0,1.0,60.0,0.0,60.0,0.0,0.0,0.0,1.0,60.0,0.0,60.0,0.0,0.0,0.0,1.0,60.0,0.0,60.0,0.0,0.0,0.0,1.0,60.0,0.0,60.0,0.0,0.0,0.0
85.69174533977154,60.00115202034644,0.0138075538852717,113.97272155361846,60.00608872740112,0.0727790493206157,238.89443043499372,60.032945096889016,0.4363356724206824,2037.7547871088648,60.0738768708286,1.1989706959752766,19435.78005203029,60.09507591690557,1.6467525828638827,85.69174533977154,60.00115202034644,0.0138075538852717,113.97272155361846,60.00608872740112,0.0727790493206157,238.89443043499372,60.032945096889016,0.4363356724206824,2037.7547871088648,60.0738768708286,1.1989706959752766,19435.78005203029,60.09507591690557,1.6467525828638827,1.0,60.0,0.0,60.0,0.0,0.0,0.0,1.0,60.0,0.0,60.0,0.0,0.0,0.0,1.0,60.0,0.0,60.0,0.0,0.0,0.0,1.0,60.0,0.0,60.0,0.0,0.0,0.0,1.0,60.0,0.0,60.0,0.0,0.0,0.0,1.0,1507653481.54257,0.0,1.0,1507653481.54257,0.0,1.0,1507653481.54257,0.0,1.0,1507653481.54257,0.0,1.0,1507653481.54257,0.0,1.0,60.0,0.0,60.0,0.0,0.0,0.0,1.0,60.0,0.0,60.0,0.0,0.0,0.0,1.0,60.0,0.0,60.0,0.0,0.0,0.0,1.0,60.0,0.0,60.0,0.0,0.0,0.0,1.0,60.0,0.0,60.0,0.0,0.0,0.0
1.0,60.0,0.0,1.0,60.0,0.0,1.0,60.0,0.0,1.0,60.0,0.0,1.0,60.0,0.0,1.0,60.0,0.0,1.0,60.0,0.0,1.0,60.0,0.0,1.0,60.0,0.0,1.0,60.0,0.0,1.0,60.0,0.0,60.0,0.0,0.0,0.0,1.0,60.0,0.0,60.0,0.0,0.0,0.0,1.0,60.0,0.0,60.0,0.0,0.0,0.0,1.0,60.0,0.0,60.0,0.0,0.0,0.0,1.0,60.0,0.0,60.0,0.0,0.0,0.0,1.0,1505913436.1760788,0.0,1.0,1505913436.1760788,0.0,1.0,1505913436.1760788,0.0,1.0,1505913436.1760788,0.0,1.0,1505913436.1760788,0.0,1.0,60.0,0.0,60.0,0.0,0.0,0.0,1.0,60.0,0.0,60.0,0.0,0.0,0.0,1.0,60.0,0.0,60.0,0.0,0.0,0.0,1.0,60.0,0.0,60.0,0.0,0.0,0.0,1.0,60.0,0.0,60.0,0.0,0.0,0.0
174.81987621257142,74.01321944259597,4.099629975982681,288.9752973111412,74.05602817934613,21.490993541653552,848.3964020366042,74.16485328295983,64.56544143071915,3006.8779168831456,74.15013033602655,49.27100069837435,3627.5922423543047,74.14489147417669,45.25118995240064,174.81987621257142,74.01321944259597,4.099629975982681,288.9752973111412,74.05602817934613,21.490993541653552,848.3964020366042,74.16485328295983,64.56544143071915,3006.8779168831456,74.15013033602655,49.27100069837435,3627.5922423543047,74.14489147417669,45.25118995240064,174.75113449495137,73.99806847346694,0.1644312642570897,95.26654259394482,0.0270376406651848,-1.8992126953797068e-16,-5.164256172438234e-10,288.6371471844529,73.99315304688905,0.3095326522235453,95.26272459792636,0.0958104627925422,-6.9614240409245425e-16,-6.540634139603046e-10,846.0025839967484,73.9863222443112,0.4373802677547476,95.25741902465693,0.1913014986212147,2.679829289493125e-15,1.93709764914476e-09,2996.7111195346038,73.99144665654238,0.34593879336721,95.26139920412648,0.1196736487563612,-3.814579466436562e-16,-1.6351677442102274e-09,3614.922869394945,73.99232247443841,0.3277596885572354,95.26207947111624,0.1074264134431359,9.780529274230835e-16,1.0732410351068962e-09,174.75113449495137,0.0047633324664588,4582379.468935919,288.637147184453,11.12400171238353,16749216730.567738,846.0025839967523,22909.237031736367,34498809380742.43,2996.711119534614,325172.2376366229,489575628641290.0,3614.922869394945,398838.3478178007,600457107358922.1,1.0,74.0,0.0,74.0,0.0,0.0,0.0,1.0,74.0,0.0,74.0,0.0,0.0,0.0,1.0,74.0,0.0,74.0,0.0,0.0,0.0,1.0,74.0,0.0,74.0,0.0,0.0,0.0,1.0,74.0,0.0,74.0,0.0,0.0,0.0
1.0,60.0,0.0,1.0,60.0,0.0,1.0,60.0,0.0,1.0,60.0,0.0,1.0,60.0,0.0,1.0,60.0,0.0,1.0,60.0,0.0,1.0,60.0,0.0,1.0,60.0,0.0,1.0,60.0,0.0,1.0,60.0,0.0,60.0,0.0,0.0,0.0,1.0,60.0,0.0,60.0,0.0,0.0,0.0,1.0,60.0,0.0,60.0,0.0,0.0,0.0,1.0,60.0,0.0,60.0,0.0,0.0,0.0,1.0,60.0,0.0,60.0,0.0,0.0,0.0,1.0,1505913461.297334,0.0,1.0,1505913461.297334,0.0,1.0,1505913461.297334,0.0,1.0,1505913461.297334,0.0,1.0,1505913461.297334,0.0,1.0,60.0,0.0,60.0,0.0,0.0,0.0,1.0,60.0,0.0,60.0,0.0,0.0,0.0,1.0,60.0,0.0,60.0,0.0,0.0,0.0,1.0,60.0,0.0,60.0,0.0,0.0,0.0,1.0,60.0,0.0,60.0,0.0,0.0,0.0
170.0721218947334,74.00881200911593,0.2114105672790174,279.426350954118,74.01814474628209,0.4351446789478359,828.218969295278,74.03246048208243,0.7848665374649499,7680.620755376177,74.3222727441687,221.2405548156894,22724.0142937443,74.46358610390301,327.04289746237555,170.0721218947334,74.00881200911593,0.2114105672790174,279.426350954118,74.01814474628209,0.4351446789478359,828.218969295278,74.03246048208243,0.7848665374649499,7680.620755376177,74.3222727441687,221.2405548156894,22724.0142937443,74.46358610390301,327.04289746237555,170.00967701604563,74.00000000000003,2.523185072960464e-06,95.2680429105164,9.668061295755842e-12,3.421728310629998e-28,5.027491397163716e-17,279.2150959440092,73.99999999999984,4.370284743266906e-06,95.26804291051631,1.953297359697401e-11,-2.9560879784987798e-27,-3.3434996155987315e-16,827.0989681081122,73.99999995595152,0.0007852771136163,95.2680428763015,6.16660145212514e-07,-1.7828751075980645e-21,-8.416914213437819e-13,7660.248561504358,73.99934304816668,0.0959004380195831,95.26753262030174,0.0091968940123479,1.2358924263234403e-16,6.756627829791013e-10,22652.772872664154,73.99855731555475,0.142110875550535,95.2669223014122,0.0201955009497396,7.558134950310431e-17,4.891201605464565e-11,170.00967701604557,0.0017720903007901,4.4748122329682096e-05,279.2150959440094,0.0017672967056434,4.280597339624338e-05,827.098968108118,0.001756054178545,1.2957217728615842,7660.248561504532,5767.709229176045,8685639907695.682,22652.77287266355,46711.46547707504,70341280062313.19,1.0,74.0,0.0,74.0,0.0,0.0,0.0,1.0,74.0,0.0,74.0,0.0,0.0,0.0,1.0,74.0,0.0,74.0,0.0,0.0,0.0,1.0,74.0,0.0,74.0,0.0,0.0,0.0,1.0,74.0,0.0,74.0,0.0,0.0,0.0
172.19206275858937,74.09497695349417,5.385899415232417,259.166362133593,74.12912925351122,22.862683787723647,670.9230795493849,74.25401323717647,79.27868233551908,7549.563977573626,74.22038528166115,104.52767546637553,28290.516610442013,74.37613552237175,245.9043412497131,172.19206275858937,74.09497695349417,5.385899415232417,259.166362133593,74.12912925351122,22.862683787723647,670.9230795493849,74.25401323717647,79.27868233551908,7549.563977573626,74.22038528166115,104.52767546637553,28290.516610442013,74.37613552237175,245.9043412497131,171.56007082821046,73.99999999999656,6.325959759436416e-06,95.26804291051376,4.0017766878008836e-11,-1.1250266077002495e-25,0.0,258.23841655407745,73.99999996730455,0.0006765578271724,95.26804288512008,4.57730493509183e-07,-3.299553074513645e-21,-5.113875009208098e-12,668.2195475344702,73.99981970466138,0.0502404443146515,95.26790286514344,0.0025241022449336,1.640926386539287e-17,6.782119694308557e-11,7528.86054577415,73.99784689892584,0.1736052399258677,95.26637048653028,0.030138779329718,2.4294690338288307e-16,2.824012207579066e-10,28205.72382069552,73.99803287923099,0.1659392092665959,95.26651494620567,0.0275358211720231,-9.131528055799149e-16,-5.784726286339566e-10,171.5600708282105,0.0017500115678977,4.279320243438491e-05,258.23841655407773,0.0019378405917039,7.762661871676359e-05,668.2195475344721,0.0022011325432617,0.0001518620821156,7528.860545774246,1976.515463356892,2976456176095.998,28205.72382069456,33646.96666010892,50668314026802.9,1.0,74.0,0.0,95.26804291051644,0.0,0.0,0.0,1.0,74.0,0.0,95.26804291051644,0.0,0.0,0.0,1.0,74.0,0.0,95.26804291051644,0.0,0.0,0.0,1.022154953623138,74.0,9.5367431640625e-07,95.26804291051644,9.094947017729282e-13,0.0,0.0,1.6831987837311329,74.0,0.0,95.26804291051644,0.0,0.0,0.0
104.6099610498332,505.1676828169205,21716.57865181949,157.89290841825738,461.9423533612023,36973.86313540165,413.97453981016304,389.9172735492152,54105.19909149667,4048.5217238063337,344.370090081407,59589.24559942579,18182.505496820875,344.20455111010256,59602.231071048176,104.6099610498332,505.1676828169205,21716.57865181949,157.89290841825738,461.9423533612023,36973.86313540165,413.97453981016304,389.9172735492152,54105.19909149667,4048.5217238063337,344.370090081407,59589.24559942579,18182.505496820875,344.20455111010256,59602.231071048176,94.25929111044483,553.9999999999999,0.0,553.9999999999999,0.0,0.0,0.0,128.45032587557213,554.0,1.3214498959113138e-05,554.0,1.7462298274040222e-10,0.0,0.0,276.4217572891884,553.9999999944641,0.0016535381628762,553.9999999944641,2.7341884560883045e-06,0.0,0.0,2330.459356121705,553.9285553976432,5.940414904064816,553.9285553976432,35.2885292324354,0.0,0.0,10462.430889295583,553.8324411749586,9.096481935900412,553.8324411749586,82.74598361016251,0.0,0.0,94.25929111044483,0.0035489160049896,0.0003198954606984,128.45032587557213,0.0041233742527023,0.000389225725988,276.4217572891884,0.0053919276878895,0.000491002668149,2330.459356121705,1975.0227668017749,2977641523981.853,10462.430889295583,80749.65453047912,121736165488721.48,1.0,554.0,0.0,554.0,0.0,0.0,0.0,1.0,554.0,0.0,554.0,0.0,0.0,0.0,1.0,554.0,0.0,554.0,0.0,0.0,0.0,1.0,554.0,0.0,554.0,0.0,0.0,0.0,1.0,554.0,0.0,554.0,0.0,0.0,0.0
110.54470833786144,260.09365300324754,58804.30178785652,160.39455750551974,293.8916927458882,60826.81362950661,410.54614277216575,332.938114255964,60314.74856182997,3874.4037191543703,340.7233876781148,59847.25684053396,37969.19660944508,342.3499243547949,59736.43067040718,110.54470833786144,260.09365300324754,58804.30178785652,160.39455750551974,293.8916927458882,60826.81362950661,410.54614277216575,332.938114255964,60314.74856182997,3874.4037191543703,340.7233876781148,59847.25684053396,37969.19660944508,342.3499243547949,59736.43067040718,44.867701639679936,552.9660820083242,22.57623754025981,552.9660820083242,509.6865014742362,0.0,0.0,76.1760436630402,552.4313562765711,27.792973145074637,552.4313562765711,772.4493562428398,0.0,0.0,227.41487560083,552.646476472315,25.822637292433487,552.646476472315,666.8085967365769,0.0,0.0,2202.7356223940988,553.6752271727628,12.662239109416287,553.6752271727628,160.33229926403146,0.0,0.0,21705.51643873933,553.8270302313205,9.242139751741345,553.8270302313205,85.41714719071751,0.0,0.0,44.867701639679936,0.006814683177863,0.0001876480641797,76.1760436630402,0.006579887416204,0.0002254997307464,227.41487560083,0.0064749253891948,0.0003467682907891,2202.7356223940988,0.0065700252319286,12.172873815874835,21705.51643873933,2811.293836551873,4238446288423.028,1.0,554.0,0.0,554.0,0.0,0.0,0.0,1.0,554.0,0.0,554.0,0.0,0.0,0.0,1.0,554.0,0.0,554.0,0.0,0.0,0.0,1.0,554.0,0.0,554.0,0.0,0.0,0.0,1.0,554.0,0.0,554.0,0.0,0.0,0.0
205.46901428031987,70.14215284219291,39.48367590895123,333.30335686727625,70.29262211440614,38.51817083308742,731.9407453767128,70.28239920835854,38.5235661516108,3941.3605257575496,68.03090782387476,48.13870413058521,28900.47237483577,67.95333862497975,48.25978078363187,205.46901428031987,70.14215284219291,39.48367590895123,333.30335686727625,70.29262211440614,38.51817083308742,731.9407453767128,70.28239920835854,38.5235661516108,3941.3605257575496,68.03090782387476,48.13870413058521,28900.47237483577,67.95333862497975,48.25978078363187,148.25285338648027,73.97959561086269,0.5340834287119484,73.97959561086269,0.2852451088247108,0.0,0.0,243.9834442721977,73.9771153170382,0.5655633057013344,73.9771153170382,0.3198618527558211,0.0,0.0,535.2695639801876,73.9800566173204,0.5280242598521914,73.9800566173204,0.2788096189924545,0.0,0.0,2249.2630107835407,73.97407217518187,0.6019279818597462,73.97407217518187,0.3623172953457469,0.0,0.0,16339.157258436991,73.98004040731725,0.528238499431715,73.98004040731725,0.27903591228187,0.0,0.0,148.25285338648027,0.0021317102215652,0.0001452071588614,243.9834442721977,0.0021959020387969,0.0003209514816339,535.2695639801876,0.0031072017153563,0.0019284612844981,2249.2630107835407,0.0504861193819502,66037269.70924991,16339.157258436991,17643.9375163158,26600684842941.523,1.0,74.0,0.0,74.0,0.0,0.0,0.0,1.0,74.0,0.0,74.0,0.0,0.0,0.0,1.0,74.0,0.0,74.0,0.0,0.0,0.0,1.0,74.0,0.0,74.0,0.0,0.0,0.0,1.0,74.0,0.0,74.0,0.0,0.0,0.0
98.15457745464268,252.9831654737789,58090.969945000616,139.08925755844942,294.24761757104983,60844.02444056,372.8736380256022,332.9912878685318,60315.30592977582,3871.579641302917,339.7112335807552,59914.00716340986,32069.599686163925,341.62018630418487,59787.715461330976,98.15457745464268,252.9831654737789,58090.969945000616,139.08925755844942,294.24761757104983,60844.02444056,372.8736380256022,332.9912878685318,60315.30592977582,3871.579641302917,339.7112335807552,59914.00716340986,32069.599686163925,341.62018630418487,59787.715461330976,1.0,60.0,0.0,60.0,0.0,0.0,0.0,1.0,60.0,0.0,60.0,0.0,0.0,0.0,1.0,60.0,0.0,60.0,0.0,0.0,0.0,1.0,60.0,0.0,60.0,0.0,0.0,0.0,1.0,60.0,0.0,60.0,0.0,0.0,0.0,1.0,1507656155.169174,0.0,1.0,1507656155.169174,0.0,1.0,1507656155.169174,0.0,1.0,1507656155.169174,0.0,1.0,1507656155.169174,0.0,1.0,60.0,0.0,60.0,0.0,0.0,0.0,1.0,60.0,0.0,60.0,0.0,0.0,0.0,1.0,60.0,0.0,60.0,0.0,0.0,0.0,1.0,60.0,0.0,60.0,0.0,0.0,0.0,1.0,60.0,0.0,60.0,0.0,0.0,0.0
132.5840613405571,281.7644940826354,60372.168812493626,154.70254142975074,308.4527477087365,61006.84165994617,250.02149423242815,337.52730219472187,60072.36843348952,3296.757599251374,342.40468836441573,59734.52348298334,37327.09282782748,342.5328142520861,59723.72281549539,132.5840613405571,281.7644940826354,60372.168812493626,154.70254142975074,308.4527477087365,61006.84165994617,250.02149423242815,337.52730219472187,60072.36843348952,3296.757599251374,342.40468836441573,59734.52348298334,37327.09282782748,342.5328142520861,59723.72281549539,1.0,60.0,0.0,60.0,0.0,0.0,0.0,1.0,60.0,0.0,60.0,0.0,0.0,0.0,1.0,60.0,0.0,60.0,0.0,0.0,0.0,1.0,60.0,0.0,60.0,0.0,0.0,0.0,1.0,60.0,0.0,60.0,0.0,0.0,0.0,1.0,1507656404.861167,0.0,1.0,1507656404.861167,0.0,1.0,1507656404.861167,0.0,1.0,1507656404.861167,0.0,1.0,1507656404.861167,0.0,1.0,60.0,0.0,60.0,0.0,0.0,0.0,1.0,60.0,0.0,60.0,0.0,0.0,0.0,1.0,60.0,0.0,60.0,0.0,0.0,0.0,1.0,60.0,0.0,60.0,0.0,0.0,0.0,1.0,60.0,0.0,60.0,0.0,0.0,0.0
1.0,60.0,0.0,1.0,60.0,0.0,1.0,60.0,0.0,1.0,60.0,0.0,1.0,60.0,0.0,1.0,60.0,0.0,1.0,60.0,0.0,1.0,60.0,0.0,1.0,60.0,0.0,1.0,60.0,0.0,1.0,60.0,0.0,60.0,0.0,0.0,0.0,1.0,60.0,0.0,60.0,0.0,0.0,0.0,1.0,60.0,0.0,60.0,0.0,0.0,0.0,1.0,60.0,0.0,60.0,0.0,0.0,0.0,1.0,60.0,0.0,60.0,0.0,0.0,0.0,1.0,1505913424.997794,0.0,1.0,1505913424.997794,0.0,1.0,1505913424.997794,0.0,1.0,1505913424.997794,0.0,1.0,1505913424.997794,0.0,1.0,60.0,0.0,60.0,0.0,0.0,0.0,1.0,60.0,0.0,60.0,0.0,0.0,0.0,1.0,60.0,0.0,60.0,0.0,0.0,0.0,1.0,60.0,0.0,60.0,0.0,0.0,0.0,1.0,60.0,0.0,60.0,0.0,0.0,0.0
90.57302816797532,64.59075734905656,43.13323062014933,142.20856648523275,65.74914528941504,47.35491261078732,316.88718557397857,67.23282502327179,48.87922075329607,3163.30205741711,68.81583400712888,45.777542482767785,26982.448477862334,67.95838123388869,48.2439341127365,90.57302816797532,64.59075734905656,43.13323062014933,142.20856648523275,65.74914528941504,47.35491261078732,316.88718557397857,67.23282502327179,48.87922075329607,3163.30205741711,68.81583400712888,45.777542482767785,26982.448477862334,67.95838123388869,48.2439341127365,1.0,60.0,0.0,60.0,0.0,0.0,0.0,1.0,60.0,0.0,60.0,0.0,0.0,0.0,1.0,60.0,0.0,60.0,0.0,0.0,0.0,1.0,60.0,0.0,60.0,0.0,0.0,0.0,1.0,60.0,0.0,60.0,0.0,0.0,0.0,1.0,1507657275.801773,0.0,1.0,1507657275.801773,0.0,1.0,1507657275.801773,0.0,1.0,1507657275.801773,0.0,1.0,1507657275.801773,0.0,1.0,60.0,0.0,60.0,0.0,0.0,0.0,1.0,60.0,0.0,60.0,0.0,0.0,0.0,1.0,60.0,0.0,60.0,0.0,0.0,0.0,1.0,60.0,0.0,60.0,0.0,0.0,0.0,1.0,60.0,0.0,60.0,0.0,0.0,0.0
29.06866087367332,60.13006904247669,1.812798882197057,45.03358600652934,60.20877093670824,3.0904077599570883,167.15631153137332,60.18069080975139,2.9329022472516044,1979.929192410695,60.11017085170766,1.9799749338749284,17544.60146926637,60.099368541930026,1.761974039096458,29.06866087367332,60.13006904247669,1.812798882197057,45.03358600652934,60.20877093670824,3.0904077599570883,167.15631153137332,60.18069080975139,2.9329022472516044,1979.929192410695,60.11017085170766,1.9799749338749284,17544.60146926637,60.099368541930026,1.761974039096458,1.0,60.0,0.0,60.0,0.0,0.0,0.0,1.0,60.0,0.0,60.0,0.0,0.0,0.0,1.0,60.0,0.0,60.0,0.0,0.0,0.0,1.0,60.0,0.0,60.0,0.0,0.0,0.0,1.0,60.0,0.0,60.0,0.0,0.0,0.0,1.0,1507653266.879483,0.0,1.0,1507653266.879483,0.0,1.0,1507653266.879483,0.0,1.0,1507653266.879483,0.0,1.0,1507653266.879483,0.0,1.0,60.0,0.0,60.0,0.0,0.0,0.0,1.0,60.0,0.0,60.0,0.0,0.0,0.0,1.0,60.0,0.0,60.0,0.0,0.0,0.0,1.0,60.0,0.0,60.0,0.0,0.0,0.0,1.0,60.0,0.0,60.0,0.0,0.0,0.0
77.23976291115275,465.667583204661,40701.608882843226,142.54874605743592,432.1315888149634,49816.63934646401,391.99320471190737,399.2074412355806,56574.16697148155,3612.498404680957,337.8166686313295,63374.42990594536,15359.579307079935,336.16659202885467,63450.02955215122,77.23976291115275,465.667583204661,40701.608882843226,142.54874605743592,432.1315888149634,49816.63934646401,391.99320471190737,399.2074412355806,56574.16697148155,3612.498404680957,337.8166686313295,63374.42990594536,15359.579307079935,336.16659202885467,63450.02955215122,61.92424751450768,565.999978690587,0.1038391185705112,565.999978690587,0.0107825625455006,0.0,0.0,104.8362792876779,565.9973926884442,1.1486047403060948,565.9973926884442,1.3192928494536318,0.0,0.0,262.9561701106276,565.652763258868,13.250706307902933,565.652763258868,175.58121765829856,0.0,0.0,1989.4532598126375,564.3969744763931,28.435210991242496,564.3969744763931,808.5612241164781,0.0,0.0,8397.572044358923,565.039133610591,22.028961138019813,565.039133610591,485.2751288203872,0.0,0.0,61.92424751450768,0.0053356536061672,0.0004229732462002,104.8362792876779,0.005009412591695,0.0004257418138057,262.9561701106276,0.0057676415810516,0.0008559657595929,1989.4532598126375,2435.65821635632,3672122445233.799,8397.572044358923,101123.87451527474,152449971547591.16,1.0,566.0,0.0,566.0,0.0,0.0,0.0,1.0,566.0,0.0,566.0,0.0,0.0,0.0,1.0,566.0,0.0,566.0,0.0,0.0,0.0,1.0,566.0,0.0,566.0,0.0,0.0,0.0,1.0,566.0,0.0,566.0,0.0,0.0,0.0
109.28722621708808,60.00270493545082,0.0616308751218639,132.2577179852538,60.01387859031989,0.3083050993586767,256.2572063771296,60.06490685389456,1.3050101056483072,2031.324146232316,60.09270785411939,1.6932624665942058,18772.19093204896,60.0983818680074,1.7033695786581118,109.28722621708808,60.00270493545082,0.0616308751218639,132.2577179852538,60.01387859031989,0.3083050993586767,256.2572063771296,60.06490685389456,1.3050101056483072,2031.324146232316,60.09270785411939,1.6932624665942058,18772.19093204896,60.0983818680074,1.7033695786581118,1.0,60.0,0.0,60.0,0.0,0.0,0.0,1.0,60.0,0.0,60.0,0.0,0.0,0.0,1.0,60.0,0.0,60.0,0.0,0.0,0.0,1.0,60.0,0.0,60.0,0.0,0.0,0.0,1.0,60.0,0.0,60.0,0.0,0.0,0.0,1.0,1507653380.975401,0.0,1.0,1507653380.975401,0.0,1.0,1507653380.975401,0.0,1.0,1507653380.975401,0.0,1.0,1507653380.975401,0.0,1.0,60.0,0.0,60.0,0.0,0.0,0.0,1.0,60.0,0.0,60.0,0.0,0.0,0.0,1.0,60.0,0.0,60.0,0.0,0.0,0.0,1.0,60.0,0.0,60.0,0.0,0.0,0.0,1.0,60.0,0.0,60.0,0.0,0.0,0.0
105.07159871211692,176.71615415845662,44034.751768629394,149.3618861143666,205.0314109509261,50608.516070875645,410.2512649943519,297.21883565624364,60896.28177115756,3790.65762808428,343.15050518737564,59677.62055029428,35775.2068984411,342.9925062867887,59690.51040714984,105.07159871211692,176.71615415845662,44034.751768629394,149.3618861143666,205.0314109509261,50608.516070875645,410.2512649943519,297.21883565624364,60896.28177115756,3790.65762808428,343.15050518737564,59677.62055029428,35775.2068984411,342.9925062867887,59690.51040714984,24.82484280071384,554.0000000000001,7.62939453125e-06,554.0000000000001,5.820766091346741e-11,0.0,0.0,43.848706418446206,554.0000000000001,1.3214498959113138e-05,554.0000000000001,1.7462298274040222e-10,0.0,0.0,196.9729024070005,553.9999998493676,0.0086262409789842,553.9999998493676,7.441203342750669e-05,0.0,0.0,2172.609883426356,553.9363662603524,5.606337318812432,553.9363662603524,31.431018132308964,0.0,0.0,20496.881729199384,553.8500251583279,8.606107095404287,553.8500251583279,74.06507933756802,0.0,0.0,24.82484280071384,0.0160484702805822,0.0031492707075923,43.848706418446206,0.0134561488854419,0.0026916853057917,196.9729024070005,0.0078202227793801,0.0014803807560148,2172.609883426356,0.0067264215088456,57121.46810818857,20496.881729199384,6923.608561793907,10438361920112.04,1.0,554.0,0.0,554.0,0.0,0.0,0.0,1.0,554.0,0.0,554.0,0.0,0.0,0.0,1.0,554.0,0.0,554.0,0.0,0.0,0.0,1.0,554.0,0.0,554.0,0.0,0.0,0.0,1.0,554.0,0.0,554.0,0.0,0.0,0.0
36.92444760761736,60.10104201060382,1.9328344092523368,68.66334478475193,60.13420295592983,2.5658489878628643,209.88536244121445,60.12491285803836,2.428587332404277,1925.9460486018183,60.09771848312997,1.7577135571505096,16720.210286280584,60.09910814604629,1.7258311571490594,36.92444760761736,60.10104201060382,1.9328344092523368,68.66334478475193,60.13420295592983,2.5658489878628643,209.88536244121445,60.12491285803836,2.428587332404277,1925.9460486018183,60.09771848312997,1.7577135571505096,16720.210286280584,60.09910814604629,1.7258311571490594,1.0,60.0,0.0,60.0,0.0,0.0,0.0,1.0,60.0,0.0,60.0,0.0,0.0,0.0,1.0,60.0,0.0,60.0,0.0,0.0,0.0,1.0,60.0,0.0,60.0,0.0,0.0,0.0,1.0,60.0,0.0,60.0,0.0,0.0,0.0,1.0,1507653226.539839,0.0,1.0,1507653226.539839,0.0,1.0,1507653226.539839,0.0,1.0,1507653226.539839,0.0,1.0,1507653226.539839,0.0,1.0,60.0,0.0,60.0,0.0,0.0,0.0,1.0,60.0,0.0,60.0,0.0,0.0,0.0,1.0,60.0,0.0,60.0,0.0,0.0,0.0,1.0,60.0,0.0,60.0,0.0,0.0,0.0,1.0,60.0,0.0,60.0,0.0,0.0,0.0
78.1743918422529,554.2949437126376,5785.732421230931,131.24958065685482,526.0575357598101,18615.14873722149,348.25458406832144,439.99823087978746,47872.48864243014,2929.1389583309124,350.4986849686853,62581.2897261247,25776.37005439605,343.8105230023216,63037.02596291463,78.1743918422529,554.2949437126376,5785.732421230931,131.24958065685482,526.0575357598101,18615.14873722149,348.25458406832144,439.99823087978746,47872.48864243014,2929.1389583309124,350.4986849686853,62581.2897261247,25776.37005439605,343.8105230023216,63037.02596291463,76.36602925683599,565.9999084951605,0.2151776956030902,565.9999084951605,0.0463014406850561,0.0,0.0,120.89022903596695,565.9942957256727,1.698920324992929,565.9942957256727,2.88633027067408,0.0,0.0,261.71859143550256,565.6211550569358,13.840231851385354,565.6211550569358,191.5520177001017,0.0,0.0,1686.0776652868342,564.5921842938022,26.65281978087276,564.5921842938022,710.3728022716823,0.0,0.0,14477.731262960227,565.2178155461776,19.87897183239405,565.2178155461776,395.1735211131163,0.0,0.0,76.36602925683599,0.0041966963399459,0.0002534095496799,120.89022903596695,0.0043027689155507,0.0003350322803495,261.71859143550256,0.005953566174504,0.0014508781283735,1686.0776652868342,0.4121848760027435,608362993.3244344,14477.731262960227,24157.161950950263,36420141078956.414,1.0,566.0,0.0,566.0,0.0,0.0,0.0,1.0,566.0,0.0,566.0,0.0,0.0,0.0,1.0,566.0,0.0,566.0,0.0,0.0,0.0,1.0,566.0,0.0,566.0,0.0,0.0,0.0,1.0,566.0,0.0,566.0,0.0,0.0,0.0
1.0,60.0,0.0,1.0,60.0,0.0,1.0,60.0,0.0,1.0,60.0,0.0,1.0,60.0,0.0,1.0,60.0,0.0,1.0,60.0,0.0,1.0,60.0,0.0,1.0,60.0,0.0,1.0,60.0,0.0,1.0,60.0,0.0,60.0,0.0,0.0,0.0,1.0,60.0,0.0,60.0,0.0,0.0,0.0,1.0,60.0,0.0,60.0,0.0,0.0,0.0,1.0,60.0,0.0,60.0,0.0,0.0,0.0,1.0,60.0,0.0,60.0,0.0,0.0,0.0,1.0,1505913467.747298,0.0,1.0,1505913467.747298,0.0,1.0,1505913467.747298,0.0,1.0,1505913467.747298,0.0,1.0,1505913467.747298,0.0,1.0,60.0,0.0,60.0,0.0,0.0,0.0,1.0,60.0,0.0,60.0,0.0,0.0,0.0,1.0,60.0,0.0,60.0,0.0,0.0,0.0,1.0,60.0,0.0,60.0,0.0,0.0,0.0,1.0,60.0,0.0,60.0,0.0,0.0,0.0
62.54057240368257,305.6192311360324,60968.5573040968,104.17164884703212,334.91708209537927,60179.31816673498,344.4059406722224,343.78382577875016,59614.65090191758,4204.2131554372,344.53746387630724,59576.204460704015,29956.41957980373,342.5088861038895,59725.48401948478,62.54057240368257,305.6192311360324,60968.5573040968,104.17164884703212,334.91708209537927,60179.31816673498,344.4059406722224,343.78382577875016,59614.65090191758,4204.2131554372,344.53746387630724,59576.204460704015,29956.41957980373,342.5088861038895,59725.48401948478,31.085164032058263,553.9999976469336,0.0340942071749951,553.9999976469336,0.0011624149628914,0.0,0.0,57.9504792400457,553.9993193150859,0.5798774733547342,553.9993193150859,0.3362578841042705,0.0,0.0,197.83031538125985,553.8924708547689,7.287512279702085,553.8924708547689,53.10783522680868,0.0,0.0,2422.190367678666,553.7873676020158,10.24671616020822,553.7873676020158,104.99519206787228,0.0,0.0,17135.871353365263,553.7905483909362,10.16981931512754,553.7905483909362,103.42522490234114,0.0,0.0,31.085164032058263,0.0099917485999143,0.0003369419523817,57.9504792400457,0.0087028095131032,0.0003317307753681,197.83031538125985,0.0074325156702184,0.0003574256722984,2422.190367678666,1.0693940399351245,1603256145.580082,17135.871353365263,23316.14954138023,35152178040150.44,1.0,554.0,0.0,554.0,0.0,0.0,0.0,1.0,554.0,0.0,554.0,0.0,0.0,0.0,1.0,554.0,0.0,554.0,0.0,0.0,0.0,1.0,554.0,0.0,554.0,0.0,0.0,0.0,1.0,554.0,0.0,554.0,0.0,0.0,0.0
1.0,60.0,0.0,1.0,60.0,0.0,1.0,60.0,0.0,1.0,60.0,0.0,1.0,60.0,0.0,1.0,60.0,0.0,1.0,60.0,0.0,1.0,60.0,0.0,1.0,60.0,0.0,1.0,60.0,0.0,1.0,60.0,0.0,60.0,0.0,0.0,0.0,1.0,60.0,0.0,60.0,0.0,0.0,0.0,1.0,60.0,0.0,60.0,0.0,0.0,0.0,1.0,60.0,0.0,60.0,0.0,0.0,0.0,1.0,60.0,0.0,60.0,0.0,0.0,0.0,1.0,1505913430.974998,0.0,1.0,1505913430.974998,0.0,1.0,1505913430.974998,0.0,1.0,1505913430.974998,0.0,1.0,1505913430.974998,0.0,1.0,60.0,0.0,60.0,0.0,0.0,0.0,1.0,60.0,0.0,60.0,0.0,0.0,0.0,1.0,60.0,0.0,60.0,0.0,0.0,0.0,1.0,60.0,0.0,60.0,0.0,0.0,0.0,1.0,60.0,0.0,60.0,0.0,0.0,0.0
1.0,60.0,0.0,1.0,60.0,0.0,1.0,60.0,0.0,1.0,60.0,0.0,1.0,60.0,0.0,1.0,60.0,0.0,1.0,60.0,0.0,1.0,60.0,0.0,1.0,60.0,0.0,1.0,60.0,0.0,1.0,60.0,0.0,60.0,0.0,0.0,0.0,1.0,60.0,0.0,60.0,0.0,0.0,0.0,1.0,60.0,0.0,60.0,0.0,0.0,0.0,1.0,60.0,0.0,60.0,0.0,0.0,0.0,1.0,60.0,0.0,60.0,0.0,0.0,0.0,1.0,1505913424.235084,0.0,1.0,1505913424.235084,0.0,1.0,1505913424.235084,0.0,1.0,1505913424.235084,0.0,1.0,1505913424.235084,0.0,1.0,60.0,0.0,60.0,0.0,0.0,0.0,1.0,60.0,0.0,60.0,0.0,0.0,0.0,1.0,60.0,0.0,60.0,0.0,0.0,0.0,1.0,60.0,0.0,60.0,0.0,0.0,0.0,1.0,60.0,0.0,60.0,0.0,0.0,0.0
58.766897511944094,60.061182106538965,1.279768937222343,84.05976115494718,60.119311474595534,2.349943816408995,212.3387722664621,60.16833745292976,2.9752156617255423,2008.138407437184,60.10221278385793,1.7632426803475028,7434.949909721895,60.10553917333646,1.897819724506008,58.766897511944094,60.061182106538965,1.279768937222343,84.05976115494718,60.119311474595534,2.349943816408995,212.3387722664621,60.16833745292976,2.9752156617255423,2008.138407437184,60.10221278385793,1.7632426803475028,7434.949909721895,60.10553917333646,1.897819724506008,1.0,60.0,0.0,60.0,0.0,0.0,0.0,1.0,60.0,0.0,60.0,0.0,0.0,0.0,1.0,60.0,0.0,60.0,0.0,0.0,0.0,1.0,60.0,0.0,60.0,0.0,0.0,0.0,1.0,60.0,0.0,60.0,0.0,0.0,0.0,1.0,1507653024.9021869,0.0,1.0,1507653024.9021869,0.0,1.0,1507653024.9021869,0.0,1.0,1507653024.9021869,0.0,1.0,1507653024.9021869,0.0,1.0,60.0,0.0,60.0,0.0,0.0,0.0,1.0,60.0,0.0,60.0,0.0,0.0,0.0,1.0,60.0,0.0,60.0,0.0,0.0,0.0,1.0,60.0,0.0,60.0,0.0,0.0,0.0,1.0,60.0,0.0,60.0,0.0,0.0,0.0
47.524527407241095,60.01097081169841,0.1376457005694646,62.600162684728254,60.05007979582604,0.6378924067103071,183.4311924047428,60.13697438492397,1.8004916263626,1926.607573482225,60.11010321039314,1.6885004905807364,17897.15914559729,60.09929104180738,1.710808260689646,47.524527407241095,60.01097081169841,0.1376457005694646,62.600162684728254,60.05007979582604,0.6378924067103071,183.4311924047428,60.13697438492397,1.8004916263626,1926.607573482225,60.11010321039314,1.6885004905807364,17897.15914559729,60.09929104180738,1.710808260689646,1.0,60.0,0.0,60.0,0.0,0.0,0.0,1.0,60.0,0.0,60.0,0.0,0.0,0.0,1.0,60.0,0.0,60.0,0.0,0.0,0.0,1.0,60.0,0.0,60.0,0.0,0.0,0.0,1.0,60.0,0.0,60.0,0.0,0.0,0.0,1.0,1507653300.909856,0.0,1.0,1507653300.909856,0.0,1.0,1507653300.909856,0.0,1.0,1507653300.909856,0.0,1.0,1507653300.909856,0.0,1.0,60.0,0.0,60.0,0.0,0.0,0.0,1.0,60.0,0.0,60.0,0.0,0.0,0.0,1.0,60.0,0.0,60.0,0.0,0.0,0.0,1.0,60.0,0.0,60.0,0.0,0.0,0.0,1.0,60.0,0.0,60.0,0.0,0.0,0.0
175.997204864725,295.1097435638178,60838.42113237472,230.06365586814968,301.4191043711502,60951.65611306464,488.0191709440624,328.8808455985728,60513.57648024509,4038.1235353278894,342.1388896864503,59751.96196080813,35526.73206372892,342.59258808731124,59719.5582928737,175.997204864725,295.1097435638178,60838.42113237472,230.06365586814968,301.4191043711502,60951.65611306464,488.0191709440624,328.8808455985728,60513.57648024509,4038.1235353278894,342.1388896864503,59751.96196080813,35526.73206372892,342.59258808731124,59719.5582928737,83.74070073552825,554.0000000000001,7.62939453125e-06,554.0000000000001,5.820766091346741e-11,0.0,0.0,112.4071917530488,553.9999999999551,0.0001495049891835,553.9999999999551,2.2351741790771484e-08,0.0,0.0,265.59129037248334,553.9995967737599,0.4463111023056968,553.9995967737599,0.1991936000413261,0.0,0.0,2306.4104016933884,553.8942021832954,7.228618697569977,553.8942021832954,52.25292827485829,0.0,0.0,20326.018808348334,553.8451370936535,8.745186860116764,553.8451370936535,76.47829321835889,0.0,0.0,83.74070073552825,0.0055138378461522,0.0022093509097024,112.4071917530488,0.0059873805286724,0.0024306161101548,265.59129037248334,0.0059716029284261,0.0017419300401773,2306.4104016933884,0.006483638989051,294484.8937343615,20326.018808348334,8275.414575897677,12476399827578.428,1.0,554.0,0.0,554.0,0.0,0.0,0.0,1.0,554.0,0.0,554.0,0.0,0.0,0.0,1.0,554.0,0.0,554.0,0.0,0.0,0.0,1.0,554.0,0.0,554.0,0.0,0.0,0.0,1.0,554.0,0.0,554.0,0.0,0.0,0.0
113.49309592070114,399.0192036031586,52541.39547524124,171.01061490077527,365.1414538211316,57627.68794894218,429.33299923029335,343.4039793102329,59673.75148491598,3894.377747349789,344.8987029847177,59549.30060592161,32661.89732676112,342.28649767878574,59741.07027935873,113.49309592070114,399.0192036031586,52541.39547524124,171.01061490077527,365.1414538211316,57627.68794894218,429.33299923029335,343.4039793102329,59673.75148491598,3894.377747349789,344.8987029847177,59549.30060592161,32661.89732676112,342.28649767878574,59741.07027935873,77.8872914226734,553.9999999999997,2.0185480583683703e-05,553.9999999999997,4.07453626394272e-10,0.0,0.0,105.63179616541773,553.9999999999994,1.52587890625e-05,553.9999999999994,2.3283064365386963e-10,0.0,0.0,246.2867251539797,553.9999189200921,0.200133625418022,553.9999189200921,0.0400534680229611,0.0,0.0,2246.04755698422,553.8952031008255,7.194350964651028,553.8952031008255,51.75868580257521,0.0,0.0,18667.541860076137,553.822451031067,9.36363535282036,553.822451031067,87.67766702058725,0.0,0.0,77.8872914226734,0.0042250816430293,0.0003320182987913,105.63179616541773,0.0049695053954638,0.0004189685580392,246.2867251539797,0.0060418968119889,0.00052491943805,2246.04755698422,0.0350247505138217,43071758.00975722,18667.541860076137,14795.035013283608,22305593791458.65,1.0,554.0,0.0,554.0,0.0,0.0,0.0,1.0,554.0,0.0,554.0,0.0,0.0,0.0,1.0,554.0,0.0,554.0,0.0,0.0,0.0,1.0,554.0,0.0,554.0,0.0,0.0,0.0,1.0,554.0,0.0,554.0,0.0,0.0,0.0
1.0,60.0,0.0,1.0,60.0,0.0,1.0,60.0,0.0,1.0,60.0,0.0,1.0,60.0,0.0,1.0,60.0,0.0,1.0,60.0,0.0,1.0,60.0,0.0,1.0,60.0,0.0,1.0,60.0,0.0,1.0,60.0,0.0,60.0,0.0,0.0,0.0,1.0,60.0,0.0,60.0,0.0,0.0,0.0,1.0,60.0,0.0,60.0,0.0,0.0,0.0,1.0,60.0,0.0,60.0,0.0,0.0,0.0,1.0,60.0,0.0,60.0,0.0,0.0,0.0,1.0,1505913476.028115,0.0,1.0,1505913476.028115,0.0,1.0,1505913476.028115,0.0,1.0,1505913476.028115,0.0,1.0,1505913476.028115,0.0,1.0,60.0,0.0,60.0,0.0,0.0,0.0,1.0,60.0,0.0,60.0,0.0,0.0,0.0,1.0,60.0,0.0,60.0,0.0,0.0,0.0,1.0,60.0,0.0,60.0,0.0,0.0,0.0,1.0,60.0,0.0,60.0,0.0,0.0,0.0
109.94909038557176,73.78734520402959,2.930822381727012,143.58511985063058,72.97939198062403,13.24149040627799,289.87676434647494,69.01789109435695,44.998868805445454,3530.949121345418,67.39162194073647,49.02727653053444,29333.151776802413,67.8754291160597,48.4002664280988,109.94909038557176,73.78734520402959,2.930822381727012,143.58511985063058,72.97939198062403,13.24149040627799,289.87676434647494,69.01789109435695,44.998868805445454,3530.949121345418,67.39162194073647,49.02727653053444,29333.151776802413,67.8754291160597,48.4002664280988,107.54133448386342,73.99954765868475,0.0795774704249088,73.99954765868475,0.0063325737992272,0.0,0.0,132.29460707205146,73.9958677049028,0.2404892003692717,73.9958677049028,0.0578350554942517,0.0,0.0,185.79402414694084,73.95463792948105,0.7956200536857815,73.95463792948105,0.6330112698269659,0.0,0.0,1855.9199049108663,73.95384390325702,0.8025303540074409,73.95384390325702,0.6440549691033084,0.0,0.0,16423.361737882766,73.97672258609329,0.5703875496051115,73.97672258609329,0.3253419567445235,0.0,0.0,107.54133448386342,0.0043074961718083,0.0016901935847394,132.29460707205146,0.0051777928677875,0.0022084166090421,185.79402414694084,0.0099805702788975,0.009268173492586,1855.9199049108663,0.0321915373066324,36299455.43614842,16423.361737882766,16219.07649126681,24452531171085.93,1.0,74.0,0.0,74.0,0.0,0.0,0.0,1.0,74.0,0.0,74.0,0.0,0.0,0.0,1.0,74.0,0.0,74.0,0.0,0.0,0.0,1.0,74.0,0.0,74.0,0.0,0.0,0.0,1.0,74.0,0.0,74.0,0.0,0.0,0.0
1.0,60.0,0.0,1.0,60.0,0.0,1.0,60.0,0.0,1.0,60.0,0.0,1.0,60.0,0.0,1.0,60.0,0.0,1.0,60.0,0.0,1.0,60.0,0.0,1.0,60.0,0.0,1.0,60.0,0.0,1.0,60.0,0.0,60.0,0.0,0.0,0.0,1.0,60.0,0.0,60.0,0.0,0.0,0.0,1.0,60.0,0.0,60.0,0.0,0.0,0.0,1.0,60.0,0.0,60.0,0.0,0.0,0.0,1.0,60.0,0.0,60.0,0.0,0.0,0.0,1.0,1505913547.934548,0.0,1.0,1505913547.934548,0.0,1.0,1505913547.934548,0.0,1.0,1505913547.934548,0.0,1.0,1505913547.934548,0.0,1.0,60.0,0.0,60.0,0.0,0.0,0.0,1.0,60.0,0.0,60.0,0.0,0.0,0.0,1.0,60.0,0.0,60.0,0.0,0.0,0.0,1.0,60.0,0.0,60.0,0.0,0.0,0.0,1.0,60.0,0.0,60.0,0.0,0.0,0.0
1.0,60.0,0.0,1.0,60.0,0.0,1.0,60.0,0.0,1.0,60.0,0.0,1.0,60.0,0.0,1.0,60.0,0.0,1.0,60.0,0.0,1.0,60.0,0.0,1.0,60.0,0.0,1.0,60.0,0.0,1.0,60.0,0.0,60.0,0.0,0.0,0.0,1.0,60.0,0.0,60.0,0.0,0.0,0.0,1.0,60.0,0.0,60.0,0.0,0.0,0.0,1.0,60.0,0.0,60.0,0.0,0.0,0.0,1.0,60.0,0.0,60.0,0.0,0.0,0.0,1.0,1505913560.670592,0.0,1.0,1505913560.670592,0.0,1.0,1505913560.670592,0.0,1.0,1505913560.670592,0.0,1.0,1505913560.670592,0.0,1.0,60.0,0.0,60.0,0.0,0.0,0.0,1.0,60.0,0.0,60.0,0.0,0.0,0.0,1.0,60.0,0.0,60.0,0.0,0.0,0.0,1.0,60.0,0.0,60.0,0.0,0.0,0.0,1.0,60.0,0.0,60.0,0.0,0.0,0.0
83.0243437414377,209.43233901359335,51489.33683461546,118.72934417646312,240.8483365779237,56631.200771902,314.30286220235155,282.61373388866247,60401.1992021567,3183.735059506466,299.66389911222166,60927.750509964375,18499.59764157659,302.81043887864786,60964.349373982586,83.0243437414377,209.43233901359335,51489.33683461546,118.72934417646312,240.8483365779237,56631.200771902,314.30286220235155,282.61373388866247,60401.1992021567,3183.735059506466,299.66389911222166,60927.750509964375,18499.59764157659,302.81043887864786,60964.349373982586,25.11434217459787,553.9999999999607,0.0001396408479135,553.9999999999607,1.949956640601158e-08,0.0,0.0,43.464722450891685,553.9999989141438,0.023160588804498,553.9999989141438,0.000536412873771,0.0,0.0,141.62308197685118,553.9840539142572,2.8066193327982907,553.9840539142572,7.877112079237123,0.0,0.0,1545.0456481843223,553.7350060915483,11.438390140361976,553.7350060915483,130.83676900313006,0.0,0.0,9096.49488717902,553.6893762617324,12.38352290731003,553.6893762617324,153.35163959587226,0.0,0.0,25.11434217459787,0.012328300159001,0.0003604277620388,43.464722450891685,0.0115182687322685,0.0003187060711225,141.62308197685118,0.0103248624371483,0.0002962760218103,1545.0456481843223,245.1663629760464,369613177211.20703,9096.49488717902,72349.81546148611,109073624734264.77,25.11434217459588,553.9999999999999,1.3214498959113138e-05,553.9999999999999,1.7462298274040222e-10,0.0,0.0,43.46472235535234,553.9999999999997,2.0185480583683703e-05,553.9999999999997,4.07453626394272e-10,0.0,0.0,141.61851045092337,553.9999999999997,7.62939453125e-06,553.9999999999997,5.820766091346741e-11,0.0,0.0,1544.216847202442,554.0000000000013,4.178791484872178e-05,554.0000000000013,1.746229827404022e-09,0.0,0.0,9090.77507493819,553.9999999999923,9.05940405810388e-05,553.9999999999923,8.207280188798904e-09,0.0,0.0
1.0,60.0,0.0,1.0,60.0,0.0,1.0,60.0,0.0,1.0,60.0,0.0,1.0,60.0,0.0,1.0,60.0,0.0,1.0,60.0,0.0,1.0,60.0,0.0,1.0,60.0,0.0,1.0,60.0,0.0,1.0,60.0,0.0,60.0,0.0,0.0,0.0,1.0,60.0,0.0,60.0,0.0,0.0,0.0,1.0,60.0,0.0,60.0,0.0,0.0,0.0,1.0,60.0,0.0,60.0,0.0,0.0,0.0,1.0,60.0,0.0,60.0,0.0,0.0,0.0,1.0,1505913472.021415,0.0,1.0,1505913472.021415,0.0,1.0,1505913472.021415,0.0,1.0,1505913472.021415,0.0,1.0,1505913472.021415,0.0,1.0,60.0,0.0,60.0,0.0,0.0,0.0,1.0,60.0,0.0,60.0,0.0,0.0,0.0,1.0,60.0,0.0,60.0,0.0,0.0,0.0,1.0,60.0,0.0,60.0,0.0,0.0,0.0,1.0,60.0,0.0,60.0,0.0,0.0,0.0
1.0,60.0,0.0,1.0,60.0,0.0,1.0,60.0,0.0,1.0,60.0,0.0,1.0,60.0,0.0,1.0,60.0,0.0,1.0,60.0,0.0,1.0,60.0,0.0,1.0,60.0,0.0,1.0,60.0,0.0,1.0,60.0,0.0,60.0,0.0,0.0,0.0,1.0,60.0,0.0,60.0,0.0,0.0,0.0,1.0,60.0,0.0,60.0,0.0,0.0,0.0,1.0,60.0,0.0,60.0,0.0,0.0,0.0,1.0,60.0,0.0,60.0,0.0,0.0,0.0,1.0,1505913584.487982,0.0,1.0,1505913584.487982,0.0,1.0,1505913584.487982,0.0,1.0,1505913584.487982,0.0,1.0,1505913584.487982,0.0,1.0,60.0,0.0,60.0,0.0,0.0,0.0,1.0,60.0,0.0,60.0,0.0,0.0,0.0,1.0,60.0,0.0,60.0,0.0,0.0,0.0,1.0,60.0,0.0,60.0,0.0,0.0,0.0,1.0,60.0,0.0,60.0,0.0,0.0,0.0
109.10575031478714,494.2248350411472,25876.824575720995,164.62847844152776,478.6464223327283,31477.294093414937,444.10398295421953,405.1703830967652,51328.61431661711,3972.487079989367,347.6416297309884,59333.82571331944,28005.731738281866,341.95751762951767,59764.088881356445,109.10575031478714,494.2248350411472,25876.824575720995,164.62847844152776,478.6464223327283,31477.294093414937,444.10398295421953,405.1703830967652,51328.61431661711,3972.487079989367,347.6416297309884,59333.82571331944,28005.731738281866,341.95751762951767,59764.088881356445,1.0,60.0,0.0,60.0,0.0,0.0,0.0,1.0,60.0,0.0,60.0,0.0,0.0,0.0,1.0,60.0,0.0,60.0,0.0,0.0,0.0,1.0,60.0,0.0,60.0,0.0,0.0,0.0,1.0,60.0,0.0,60.0,0.0,0.0,0.0,1.0,1507656097.378664,0.0,1.0,1507656097.378664,0.0,1.0,1507656097.378664,0.0,1.0,1507656097.378664,0.0,1.0,1507656097.378664,0.0,1.0,60.0,0.0,60.0,0.0,0.0,0.0,1.0,60.0,0.0,60.0,0.0,0.0,0.0,1.0,60.0,0.0,60.0,0.0,0.0,0.0,1.0,60.0,0.0,60.0,0.0,0.0,0.0,1.0,60.0,0.0,60.0,0.0,0.0,0.0
85.57673539770117,62.90760221310381,32.23656278001454,124.19601691361454,63.648373836285074,37.73982688646311,276.58204084315776,65.9005006307122,47.77971542686828,2736.925828131992,67.1181707537901,49.076195047258814,6013.665065866075,67.18050380135861,49.03776215175276,85.57673539770117,62.90760221310381,32.23656278001454,124.19601691361454,63.648373836285074,37.73982688646311,276.58204084315776,65.9005006307122,47.77971542686828,2736.925828131992,67.1181707537901,49.076195047258814,6013.665065866075,67.18050380135861,49.03776215175276,1.0,60.0,0.0,60.0,0.0,0.0,0.0,1.0,60.0,0.0,60.0,0.0,0.0,0.0,1.0,60.0,0.0,60.0,0.0,0.0,0.0,1.0,60.0,0.0,60.0,0.0,0.0,0.0,1.0,60.0,0.0,60.0,0.0,0.0,0.0,1.0,1507657089.162984,0.0,1.0,1507657089.162984,0.0,1.0,1507657089.162984,0.0,1.0,1507657089.162984,0.0,1.0,1507657089.162984,0.0,1.0,60.0,0.0,60.0,0.0,0.0,0.0,1.0,60.0,0.0,60.0,0.0,0.0,0.0,1.0,60.0,0.0,60.0,0.0,0.0,0.0,1.0,60.0,0.0,60.0,0.0,0.0,0.0,1.0,60.0,0.0,60.0,0.0,0.0,0.0
1.0,60.0,0.0,1.0,60.0,0.0,1.0,60.0,0.0,1.0,60.0,0.0,1.0,60.0,0.0,1.0,60.0,0.0,1.0,60.0,0.0,1.0,60.0,0.0,1.0,60.0,0.0,1.0,60.0,0.0,1.0,60.0,0.0,60.0,0.0,0.0,0.0,1.0,60.0,0.0,60.0,0.0,0.0,0.0,1.0,60.0,0.0,60.0,0.0,0.0,0.0,1.0,60.0,0.0,60.0,0.0,0.0,0.0,1.0,60.0,0.0,60.0,0.0,0.0,0.0,1.0,1505913454.600143,0.0,1.0,1505913454.600143,0.0,1.0,1505913454.600143,0.0,1.0,1505913454.600143,0.0,1.0,1505913454.600143,0.0,1.0,60.0,0.0,60.0,0.0,0.0,0.0,1.0,60.0,0.0,60.0,0.0,0.0,0.0,1.0,60.0,0.0,60.0,0.0,0.0,0.0,1.0,60.0,0.0,60.0,0.0,0.0,0.0,1.0,60.0,0.0,60.0,0.0,0.0,0.0
113.69681604362172,469.52694572806297,39464.19217680121,176.38748697328091,425.4387662086697,51333.926964984574,446.3301787684416,373.7988125219706,60282.083041479054,2972.150021239584,318.7952198978289,63948.441688996594,6640.479711066186,325.28036591913934,63830.35166936178,113.69681604362172,469.52694572806297,39464.19217680121,176.38748697328091,425.4387662086697,51333.926964984574,446.3301787684416,373.7988125219706,60282.083041479054,2972.150021239584,318.7952198978289,63948.441688996594,6640.479711066186,325.28036591913934,63830.35166936178,92.34122697799864,564.1279266332247,30.72074974504221,564.1279266332247,943.7644648975112,0.0,0.0,127.92947166123211,563.7712720572501,33.50774702645468,563.7712720572501,1122.7691107888822,0.0,0.0,277.8950805984571,563.8955480761083,32.56415138751521,563.8955480761083,1060.423955589009,0.0,0.0,1522.0075305337466,565.2627404188937,19.300512851977057,565.2627404188937,372.5097963493317,0.0,0.0,3484.314089434479,565.4682413426049,16.394728218956814,565.4682413426049,268.78711337345885,0.0,0.0,92.34122697799864,0.0034957080482756,0.0002245133622579,127.92947166123211,0.0040409950869733,0.0002741256164968,277.8950805984571,0.005554239394135,218325.236862618,1522.0075305337466,86800.84862041565,130858437720497.69,3484.314089434479,339194.9015218101,511274808297116.3,1.0,566.0,0.0,566.0,0.0,0.0,0.0,1.0,566.0,0.0,566.0,0.0,0.0,0.0,1.0,566.0,0.0,566.0,0.0,0.0,0.0,1.0,566.0,0.0,566.0,0.0,0.0,0.0,1.0,566.0,0.0,566.0,0.0,0.0,0.0
166.86906999770233,74.08487699855334,5.280234027680309,266.05573215146165,74.0876366014042,35.26292351516713,613.7300625317915,75.05911751983967,850.4223752011603,5185.773619155869,74.86109603619809,662.6120570760095,10821.082100340962,74.5403568003802,390.386978724674,166.86906999770233,74.08487699855334,5.280234027680309,266.05573215146165,74.0876366014042,35.26292351516713,613.7300625317915,75.05911751983967,850.4223752011603,5185.773619155869,74.86109603619809,662.6120570760095,10821.082100340962,74.5403568003802,390.386978724674,164.54439550007925,73.99999999999999,2.3360154559928683e-06,95.2680429105164,5.4758832351546034e-12,-5.634945344584736e-28,-3.5770820931918748e-16,263.2092660376661,73.99999999999996,3.015782985847835e-06,95.26804291051651,1.833145176601317e-11,2.307265259935516e-26,1.9176896717794216e-15,608.6086672980263,73.99999993640616,0.0009435618215247,95.2680428611197,8.903089115760447e-07,-1.6337234697288582e-20,-3.1136417554196133e-12,5164.470257913022,73.99859333426413,0.1403258406231875,95.26695027893852,0.0196913415466042,2.7391508318049367e-16,2.759922349825565e-10,10784.04381291448,73.99773127297786,0.1782050255206985,95.26628067447538,0.0317570311208328,-1.972074657605381e-15,-1.1874125433974846e-09,164.5443955000793,0.0018077904433321,4.922317940040312e-05,263.209266037666,0.001958049720564,0.000233483179956,608.6086672980275,0.1087141440200851,159485169.2017712,5164.470257913072,53446.625846588846,80483179299785.3,10784.04381291445,117850.98234138305,177459590200940.0,1.0,74.0,0.0,74.0,0.0,0.0,0.0,1.0,74.0,0.0,74.0,0.0,0.0,0.0,1.0,74.0,0.0,74.0,0.0,0.0,0.0,1.0,74.0,0.0,74.0,0.0,0.0,0.0,1.0,74.0,0.0,74.0,0.0,0.0,0.0
31.990580997394584,60.01014797443087,0.2320248054807052,46.77672042793081,60.04579687608208,1.0321806195306635,174.14174605419723,60.10471970366032,2.2418980667212054,1949.353285070196,60.109471602337536,1.9615821557954405,18422.862980987014,60.10088903062088,1.7229917092213327,31.990580997394584,60.01014797443087,0.2320248054807052,46.77672042793081,60.04579687608208,1.0321806195306635,174.14174605419723,60.10471970366032,2.2418980667212054,1949.353285070196,60.109471602337536,1.9615821557954405,18422.862980987014,60.10088903062088,1.7229917092213327,1.0,60.0,0.0,60.0,0.0,0.0,0.0,1.0,60.0,0.0,60.0,0.0,0.0,0.0,1.0,60.0,0.0,60.0,0.0,0.0,0.0,1.0,60.0,0.0,60.0,0.0,0.0,0.0,1.0,60.0,0.0,60.0,0.0,0.0,0.0,1.0,1507653349.6427789,0.0,1.0,1507653349.6427789,0.0,1.0,1507653349.6427789,0.0,1.0,1507653349.6427789,0.0,1.0,1507653349.6427789,0.0,1.0,60.0,0.0,60.0,0.0,0.0,0.0,1.0,60.0,0.0,60.0,0.0,0.0,0.0,1.0,60.0,0.0,60.0,0.0,0.0,0.0,1.0,60.0,0.0,60.0,0.0,0.0,0.0,1.0,60.0,0.0,60.0,0.0,0.0,0.0
1.0,60.0,0.0,1.0,60.0,0.0,1.0,60.0,0.0,1.0,60.0,0.0,1.0,60.0,0.0,1.0,60.0,0.0,1.0,60.0,0.0,1.0,60.0,0.0,1.0,60.0,0.0,1.0,60.0,0.0,1.0,60.0,0.0,60.0,0.0,0.0,0.0,1.0,60.0,0.0,60.0,0.0,0.0,0.0,1.0,60.0,0.0,60.0,0.0,0.0,0.0,1.0,60.0,0.0,60.0,0.0,0.0,0.0,1.0,60.0,0.0,60.0,0.0,0.0,0.0,1.0,1505913541.131053,0.0,1.0,1505913541.131053,0.0,1.0,1505913541.131053,0.0,1.0,1505913541.131053,0.0,1.0,1505913541.131053,0.0,1.0,60.0,0.0,60.0,0.0,0.0,0.0,1.0,60.0,0.0,60.0,0.0,0.0,0.0,1.0,60.0,0.0,60.0,0.0,0.0,0.0,1.0,60.0,0.0,60.0,0.0,0.0,0.0,1.0,60.0,0.0,60.0,0.0,0.0,0.0
1.0,60.0,0.0,1.0,60.0,0.0,1.0,60.0,0.0,1.0,60.0,0.0,1.0,60.0,0.0,1.0,60.0,0.0,1.0,60.0,0.0,1.0,60.0,0.0,1.0,60.0,0.0,1.0,60.0,0.0,1.0,60.0,0.0,60.0,0.0,0.0,0.0,1.0,60.0,0.0,60.0,0.0,0.0,0.0,1.0,60.0,0.0,60.0,0.0,0.0,0.0,1.0,60.0,0.0,60.0,0.0,0.0,0.0,1.0,60.0,0.0,60.0,0.0,0.0,0.0,1.0,1505913456.287026,0.0,1.0,1505913456.287026,0.0,1.0,1505913456.287026,0.0,1.0,1505913456.287026,0.0,1.0,1505913456.287026,0.0,1.0,60.0,0.0,60.0,0.0,0.0,0.0,1.0,60.0,0.0,60.0,0.0,0.0,0.0,1.0,60.0,0.0,60.0,0.0,0.0,0.0,1.0,60.0,0.0,60.0,0.0,0.0,0.0,1.0,60.0,0.0,60.0,0.0,0.0,0.0
77.27269139961483,60.03230197818486,0.7269126534820316,98.14831123043798,60.06660758897242,1.4484196455960046,220.11444912826653,60.10011695184964,1.932547020601305,2015.16389643802,60.106694428731096,1.8359627688605544,17759.39490893696,60.09940766164125,1.7509557040175423,77.27269139961483,60.03230197818486,0.7269126534820316,98.14831123043798,60.06660758897242,1.4484196455960046,220.11444912826653,60.10011695184964,1.932547020601305,2015.16389643802,60.106694428731096,1.8359627688605544,17759.39490893696,60.09940766164125,1.7509557040175423,1.0,60.0,0.0,60.0,0.0,0.0,0.0,1.0,60.0,0.0,60.0,0.0,0.0,0.0,1.0,60.0,0.0,60.0,0.0,0.0,0.0,1.0,60.0,0.0,60.0,0.0,0.0,0.0,1.0,60.0,0.0,60.0,0.0,0.0,0.0,1.0,1507653277.53761,0.0,1.0,1507653277.53761,0.0,1.0,1507653277.53761,0.0,1.0,1507653277.53761,0.0,1.0,1507653277.53761,0.0,1.0,60.0,0.0,60.0,0.0,0.0,0.0,1.0,60.0,0.0,60.0,0.0,0.0,0.0,1.0,60.0,0.0,60.0,0.0,0.0,0.0,1.0,60.0,0.0,60.0,0.0,0.0,0.0,1.0,60.0,0.0,60.0,0.0,0.0,0.0
1.0,60.0,0.0,1.0,60.0,0.0,1.0,60.0,0.0,1.0,60.0,0.0,1.0,60.0,0.0,1.0,60.0,0.0,1.0,60.0,0.0,1.0,60.0,0.0,1.0,60.0,0.0,1.0,60.0,0.0,1.0,60.0,0.0,60.0,0.0,0.0,0.0,1.0,60.0,0.0,60.0,0.0,0.0,0.0,1.0,60.0,0.0,60.0,0.0,0.0,0.0,1.0,60.0,0.0,60.0,0.0,0.0,0.0,1.0,60.0,0.0,60.0,0.0,0.0,0.0,1.0,1505913464.791078,0.0,1.0,1505913464.791078,0.0,1.0,1505913464.791078,0.0,1.0,1505913464.791078,0.0,1.0,1505913464.791078,0.0,1.0,60.0,0.0,60.0,0.0,0.0,0.0,1.0,60.0,0.0,60.0,0.0,0.0,0.0,1.0,60.0,0.0,60.0,0.0,0.0,0.0,1.0,60.0,0.0,60.0,0.0,0.0,0.0,1.0,60.0,0.0,60.0,0.0,0.0,0.0
155.06432272364276,74.00728362679592,0.231177978519554,264.52661228762423,74.01777009054426,1.4391401934844907,823.9385949776516,74.10176130564956,20.837815975803093,6437.844671092187,74.1120814702446,25.90488903048754,11351.415284937351,74.10556322656473,25.14512791721427,155.06432272364276,74.00728362679592,0.231177978519554,264.52661228762423,74.01777009054426,1.4391401934844907,823.9385949776516,74.10176130564956,20.837815975803093,6437.844671092187,74.1120814702446,25.90488903048754,11351.415284937351,74.10556322656473,25.14512791721427,155.00288845502212,74.00000000000004,2.6973983046972182e-06,95.26804291051648,7.941821057362622e-12,4.37433536714264e-27,9.089351255069096e-16,264.2724252257115,73.99999999999999,1.3486991523486091e-06,95.26804291051636,1.2862197421537484e-11,3.147967276961378e-27,6.541103486186437e-16,822.0866759866693,73.99999933758761,0.003045285185586,95.26804239598376,9.27376186155301e-06,4.937810338436979e-20,6.011202448809028e-12,6415.882149202067,73.99852500562753,0.1436932343901217,95.26689720468724,0.0206477456094944,1.1978876030454007e-16,1.3330469190674646e-10,11313.187606329588,73.99777944306786,0.1763033356887605,95.26631809041932,0.0310828661749837,7.688475758633024e-16,6.532532715025273e-10,155.00288845502212,0.0019627856486434,6.135112653192086e-05,264.2724252257116,0.0018717793077246,0.0019565552168058,822.086675986671,1.1112603440318751,1670799356.924534,6415.8821492021325,56074.82443244544,84440706386172.53,11313.187606329446,115355.30036909186,173701832213707.12,1.0,74.0,0.0,74.0,0.0,0.0,0.0,1.0,74.0,0.0,74.0,0.0,0.0,0.0,1.0,74.0,0.0,74.0,0.0,0.0,0.0,1.0,74.0,0.0,74.0,0.0,0.0,0.0,1.0,74.0,0.0,74.0,0.0,0.0,0.0
180.3360500001804,74.01049036469642,0.2516587076797805,289.56682116969523,74.02007831415219,0.4815431745691967,851.5171100348364,74.03488930603997,1.7374485085738345,4984.022762335638,74.08258435219203,20.07756313275513,7103.665471138365,74.09075368379227,22.63408758673449,180.3360500001804,74.01049036469642,0.2516587076797805,289.56682116969523,74.02007831415219,0.4815431745691967,851.5171100348364,74.03488930603997,1.7374485085738345,4984.022762335638,74.08258435219203,20.07756313275513,7103.665471138365,74.09075368379227,22.63408758673449,180.2572253780164,73.99999999999865,3.814697265625e-06,95.26804291051536,1.4999770885397668e-11,5.592855625666872e-26,7.686762241116425e-15,289.3245717201808,73.9999999773175,0.0005635133952621,95.26804289289764,3.175473467131755e-07,3.035190843484489e-21,2.0622961967111057e-12,850.3304697491672,73.99979697852096,0.0533128456258429,95.26788521250111,0.0028422595087249,6.593435316035964e-17,2.568086861552904e-10,4972.548304535062,73.99661486416895,0.2176704906213468,95.26541351065538,0.0473804424873378,1.0408343331715685e-17,1.547345574367167e-11,7085.654449782014,73.99624441349927,0.2292686341125879,95.265125766475,0.0525641065878517,1.6587655155695485e-15,2.1041107327224787e-09,180.2572253780164,0.0016354180272147,0.0033020223667903,289.324571720181,0.0017248507378408,55486.968850111145,850.3304697491701,340.0477605864524,512079937154.5215,4972.548304535077,128692.62257917631,193783435221001.7,7085.65444978198,195098.2656285861,293763109608887.2,1.0,74.0,0.0,74.0,0.0,0.0,0.0,1.0,74.0,0.0,74.0,0.0,0.0,0.0,1.0,74.0,0.0,74.0,0.0,0.0,0.0,1.0,74.0,0.0,74.0,0.0,0.0,0.0,1.0,74.0,0.0,74.0,0.0,0.0,0.0
68.62777109376027,371.73778263629936,56711.17383610888,129.01103717574568,367.2060551012592,57316.322542172216,431.23221950688855,349.55682090136406,59164.73842624696,3812.706303432165,340.12664040459634,59886.54204488816,37890.46167055532,342.5082754358987,59725.12728764923,68.62777109376027,371.73778263629936,56711.17383610888,129.01103717574568,367.2060551012592,57316.322542172216,431.23221950688855,349.55682090136406,59164.73842624696,3812.706303432165,340.12664040459634,59886.54204488816,37890.46167055532,342.5082754358987,59725.12728764923,1.0,60.0,0.0,60.0,0.0,0.0,0.0,1.0,60.0,0.0,60.0,0.0,0.0,0.0,1.0,60.0,0.0,60.0,0.0,0.0,0.0,1.0,60.0,0.0,60.0,0.0,0.0,0.0,1.0,60.0,0.0,60.0,0.0,0.0,0.0,1.0,1507656436.534123,0.0,1.0,1507656436.534123,0.0,1.0,1507656436.534123,0.0,1.0,1507656436.534123,0.0,1.0,1507656436.534123,0.0,1.0,60.0,0.0,60.0,0.0,0.0,0.0,1.0,60.0,0.0,60.0,0.0,0.0,0.0,1.0,60.0,0.0,60.0,0.0,0.0,0.0,1.0,60.0,0.0,60.0,0.0,0.0,0.0,1.0,60.0,0.0,60.0,0.0,0.0,0.0
31.185656012463213,170.77710920343276,42451.47823956816,53.86757166699022,229.88525756378857,55058.299992484746,231.54786502432265,308.10288245749734,60995.36731964553,3234.444729978506,307.21704985592186,60984.94016831021,15885.093530118147,304.42516414722576,60976.18497936348,31.185656012463213,170.77710920343276,42451.47823956816,53.86757166699022,229.88525756378857,55058.299992484746,231.54786502432265,308.10288245749734,60995.36731964553,3234.444729978506,307.21704985592186,60984.94016831021,15885.093530118147,304.42516414722576,60976.18497936348,1.0,60.0,0.0,60.0,0.0,0.0,0.0,1.0,60.0,0.0,60.0,0.0,0.0,0.0,1.0,60.0,0.0,60.0,0.0,0.0,0.0,1.0,60.0,0.0,60.0,0.0,0.0,0.0,1.0,60.0,0.0,60.0,0.0,0.0,0.0,1.0,1507659402.424136,0.0,1.0,1507659402.424136,0.0,1.0,1507659402.424136,0.0,1.0,1507659402.424136,0.0,1.0,1507659402.424136,0.0,1.0,60.0,0.0,60.0,0.0,0.0,0.0,1.0,60.0,0.0,60.0,0.0,0.0,0.0,1.0,60.0,0.0,60.0,0.0,0.0,0.0,1.0,60.0,0.0,60.0,0.0,0.0,0.0,1.0,60.0,0.0,60.0,0.0,0.0,0.0
149.46793726711672,74.3896351268763,94.8793330286362,250.32117069489712,74.56735126047676,138.03596925420246,771.8582681142932,74.4525243261668,109.7087406293731,3221.2678976473144,74.18523135632384,40.281258586454,4039.38431812244,74.16246012879384,33.726232597081435,149.46793726711672,74.3896351268763,94.8793330286362,250.32117069489712,74.56735126047676,138.03596925420246,771.8582681142932,74.4525243261668,109.7087406293731,3221.2678976473144,74.18523135632384,40.281258586454,4039.38431812244,74.16246012879384,33.726232597081435,149.12499554039815,73.99996910333775,0.0207978921908034,95.2680189113584,0.0004325523195802,-1.221095208225046e-18,-5.0267176090152576e-11,249.46151071410975,73.99939761677473,0.0918313795896745,95.2675750066387,0.0084330022773428,-1.1876885039275349e-17,-5.7826913497883026e-11,768.9294880593526,73.9936248613068,0.2986826062876238,95.26309106949978,0.0892112992987677,-1.2714636444277552e-16,-1.1929710640778408e-10,3210.469511196641,73.99267326754055,0.3201883405114684,95.26235194071688,0.102520573399488,4.4244948355516806e-15,5.915377530427512e-09,4025.7648864273424,73.99316494994501,0.3092636138189732,95.26273384335444,0.0956439828323709,-1.1568619696768517e-15,-8.663147339640508e-10,149.12499554039826,0.0020629299533055,71194.9691880561,249.46151071411,0.9636668572433011,1448226575.0473807,768.9294880593538,10616.800800629611,15987876834965.672,3210.469511196637,278381.0708661483,419140542895607.6,4025.764886427338,355052.56698423525,534552680715053.0,1.0,74.0,0.0,74.0,0.0,0.0,0.0,1.0,74.0,0.0,74.0,0.0,0.0,0.0,1.0,74.0,0.0,74.0,0.0,0.0,0.0,1.0,74.0,0.0,74.0,0.0,0.0,0.0,1.0,74.0,0.0,74.0,0.0,0.0,0.0
36.01915997150771,60.00325888173895,0.0416674680895994,56.16399250236992,60.01756722722688,0.2644734979658097,183.9765073289899,60.05752996061962,1.0044133224796497,1938.9056678415716,60.09020454471039,1.646852021679024,6596.813166233955,60.10519518568687,1.9290460129573148,36.01915997150771,60.00325888173895,0.0416674680895994,56.16399250236992,60.01756722722688,0.2644734979658097,183.9765073289899,60.05752996061962,1.0044133224796497,1938.9056678415716,60.09020454471039,1.646852021679024,6596.813166233955,60.10519518568687,1.9290460129573148,1.0,60.0,0.0,60.0,0.0,0.0,0.0,1.0,60.0,0.0,60.0,0.0,0.0,0.0,1.0,60.0,0.0,60.0,0.0,0.0,0.0,1.0,60.0,0.0,60.0,0.0,0.0,0.0,1.0,60.0,0.0,60.0,0.0,0.0,0.0,1.0,1507653016.241917,0.0,1.0,1507653016.241917,0.0,1.0,1507653016.241917,0.0,1.0,1507653016.241917,0.0,1.0,1507653016.241917,0.0,1.0,60.0,0.0,60.0,0.0,0.0,0.0,1.0,60.0,0.0,60.0,0.0,0.0,0.0,1.0,60.0,0.0,60.0,0.0,0.0,0.0,1.0,60.0,0.0,60.0,0.0,0.0,0.0,1.0,60.0,0.0,60.0,0.0,0.0,0.0
64.83679289477304,422.4149585640863,47687.96743434814,115.47008714196708,409.6693210984996,50464.98198497736,362.9150727885059,367.70786098657686,57308.17320619666,3743.732816105184,341.9713712323229,59761.9476751152,32171.47597254228,341.78036039232063,59776.62458062456,64.83679289477304,422.4149585640863,47687.96743434814,115.47008714196708,409.6693210984996,50464.98198497736,362.9150727885059,367.70786098657686,57308.17320619666,3743.732816105184,341.9713712323229,59761.9476751152,32171.47597254228,341.78036039232063,59776.62458062456,1.0,60.0,0.0,60.0,0.0,0.0,0.0,1.0,60.0,0.0,60.0,0.0,0.0,0.0,1.0,60.0,0.0,60.0,0.0,0.0,0.0,1.0,60.0,0.0,60.0,0.0,0.0,0.0,1.0,60.0,0.0,60.0,0.0,0.0,0.0,1.0,1507656160.930805,0.0,1.0,1507656160.930805,0.0,1.0,1507656160.930805,0.0,1.0,1507656160.930805,0.0,1.0,1507656160.930805,0.0,1.0,60.0,0.0,60.0,0.0,0.0,0.0,1.0,60.0,0.0,60.0,0.0,0.0,0.0,1.0,60.0,0.0,60.0,0.0,0.0,0.0,1.0,60.0,0.0,60.0,0.0,0.0,0.0,1.0,60.0,0.0,60.0,0.0,0.0,0.0
1.0,60.0,0.0,1.0,60.0,0.0,1.0,60.0,0.0,1.0,60.0,0.0,1.0,60.0,0.0,1.0,60.0,0.0,1.0,60.0,0.0,1.0,60.0,0.0,1.0,60.0,0.0,1.0,60.0,0.0,1.0,60.0,0.0,60.0,0.0,0.0,0.0,1.0,60.0,0.0,60.0,0.0,0.0,0.0,1.0,60.0,0.0,60.0,0.0,0.0,0.0,1.0,60.0,0.0,60.0,0.0,0.0,0.0,1.0,60.0,0.0,60.0,0.0,0.0,0.0,1.0,1505913457.806557,0.0,1.0,1505913457.806557,0.0,1.0,1505913457.806557,0.0,1.0,1505913457.806557,0.0,1.0,1505913457.806557,0.0,1.0,60.0,0.0,60.0,0.0,0.0,0.0,1.0,60.0,0.0,60.0,0.0,0.0,0.0,1.0,60.0,0.0,60.0,0.0,0.0,0.0,1.0,60.0,0.0,60.0,0.0,0.0,0.0,1.0,60.0,0.0,60.0,0.0,0.0,0.0
180.14251347585142,74.00546036481255,0.1310189403347976,291.22403437984417,74.01352774462093,0.3245022324854289,845.8786680199538,74.03149774859385,1.2658301643632512,5270.272877309725,74.09189069368426,15.263069932652796,8013.118975389681,74.09816051167986,16.636216921215233,180.14251347585142,74.00546036481255,0.1310189403347976,291.22403437984417,74.01352774462093,0.3245022324854289,845.8786680199538,74.03149774859385,1.2658301643632512,5270.272877309725,74.09189069368426,15.263069932652796,8013.118975389681,74.09816051167986,16.636216921215233,180.1015283157872,74.00000000000001,2.6973983046972182e-06,95.26804291051646,1.0289757937229987e-11,-1.730112069521133e-28,-2.3778479222426053e-17,291.05988511130414,73.99999999990679,3.608872972187901e-05,95.26804291044408,1.3024250725036823e-09,4.6829542910308325e-24,4.4145499352131935e-14,844.8342372246753,73.99996720379647,0.0214276872091247,95.26801743587907,0.000459145779132,-1.4706923637427941e-18,-7.196916311841938e-11,5258.475408018011,73.99733411796298,0.1931715340489641,95.26597218611415,0.03731524156683,3.7041978691149566e-16,3.4232720529234016e-10,7993.376765645717,73.99673124769623,0.2138968149333303,95.26550391061726,0.0457518474386233,-1.7305274665884716e-15,-1.1652957365644651e-09,180.10152831578708,0.0016336318337144,1.6999061978095857e-05,291.0598851113048,0.0016784901997431,224.1375013800845,844.8342372246765,54.61868020322691,82248460026.81604,5258.47540801805,101290.869923925,152525109222208.97,7993.37676564571,169798.15704666064,255672642496108.3,1.0,74.0,0.0,74.0,0.0,0.0,0.0,1.0,74.0,0.0,74.0,0.0,0.0,0.0,1.0,74.0,0.0,74.0,0.0,0.0,0.0,1.0,74.0,0.0,74.0,0.0,0.0,0.0,1.0,74.0,0.0,74.0,0.0,0.0,0.0
1.0,60.0,0.0,1.0,60.0,0.0,1.0,60.0,0.0,1.0,60.0,0.0,1.0,60.0,0.0,1.0,60.0,0.0,1.0,60.0,0.0,1.0,60.0,0.0,1.0,60.0,0.0,1.0,60.0,0.0,1.0,60.0,0.0,60.0,0.0,0.0,0.0,1.0,60.0,0.0,60.0,0.0,0.0,0.0,1.0,60.0,0.0,60.0,0.0,0.0,0.0,1.0,60.0,0.0,60.0,0.0,0.0,0.0,1.0,60.0,0.0,60.0,0.0,0.0,0.0,1.0,1505913559.561315,0.0,1.0,1505913559.561315,0.0,1.0,1505913559.561315,0.0,1.0,1505913559.561315,0.0,1.0,1505913559.561315,0.0,1.0,60.0,0.0,60.0,0.0,0.0,0.0,1.0,60.0,0.0,60.0,0.0,0.0,0.0,1.0,60.0,0.0,60.0,0.0,0.0,0.0,1.0,60.0,0.0,60.0,0.0,0.0,0.0,1.0,60.0,0.0,60.0,0.0,0.0,0.0
1.0,60.0,0.0,1.0,60.0,0.0,1.0,60.0,0.0,1.0,60.0,0.0,1.0,60.0,0.0,1.0,60.0,0.0,1.0,60.0,0.0,1.0,60.0,0.0,1.0,60.0,0.0,1.0,60.0,0.0,1.0,60.0,0.0,60.0,0.0,0.0,0.0,1.0,60.0,0.0,60.0,0.0,0.0,0.0,1.0,60.0,0.0,60.0,0.0,0.0,0.0,1.0,60.0,0.0,60.0,0.0,0.0,0.0,1.0,60.0,0.0,60.0,0.0,0.0,0.0,1.0,1505913547.884808,0.0,1.0,1505913547.884808,0.0,1.0,1505913547.884808,0.0,1.0,1505913547.884808,0.0,1.0,1505913547.884808,0.0,1.0,60.0,0.0,60.0,0.0,0.0,0.0,1.0,60.0,0.0,60.0,0.0,0.0,0.0,1.0,60.0,0.0,60.0,0.0,0.0,0.0,1.0,60.0,0.0,60.0,0.0,0.0,0.0,1.0,60.0,0.0,60.0,0.0,0.0,0.0
1.0,60.0,0.0,1.0,60.0,0.0,1.0,60.0,0.0,1.0,60.0,0.0,1.0,60.0,0.0,1.0,60.0,0.0,1.0,60.0,0.0,1.0,60.0,0.0,1.0,60.0,0.0,1.0,60.0,0.0,1.0,60.0,0.0,60.0,0.0,0.0,0.0,1.0,60.0,0.0,60.0,0.0,0.0,0.0,1.0,60.0,0.0,60.0,0.0,0.0,0.0,1.0,60.0,0.0,60.0,0.0,0.0,0.0,1.0,60.0,0.0,60.0,0.0,0.0,0.0,1.0,1505913581.740365,0.0,1.0,1505913581.740365,0.0,1.0,1505913581.740365,0.0,1.0,1505913581.740365,0.0,1.0,1505913581.740365,0.0,1.0,60.0,0.0,60.0,0.0,0.0,0.0,1.0,60.0,0.0,60.0,0.0,0.0,0.0,1.0,60.0,0.0,60.0,0.0,0.0,0.0,1.0,60.0,0.0,60.0,0.0,0.0,0.0,1.0,60.0,0.0,60.0,0.0,0.0,0.0
1.0,60.0,0.0,1.0,60.0,0.0,1.0,60.0,0.0,1.0,60.0,0.0,1.0,60.0,0.0,1.0,60.0,0.0,1.0,60.0,0.0,1.0,60.0,0.0,1.0,60.0,0.0,1.0,60.0,0.0,1.0,60.0,0.0,60.0,0.0,0.0,0.0,1.0,60.0,0.0,60.0,0.0,0.0,0.0,1.0,60.0,0.0,60.0,0.0,0.0,0.0,1.0,60.0,0.0,60.0,0.0,0.0,0.0,1.0,60.0,0.0,60.0,0.0,0.0,0.0,1.0,1505913454.051641,0.0,1.0,1505913454.051641,0.0,1.0,1505913454.051641,0.0,1.0,1505913454.051641,0.0,1.0,1505913454.051641,0.0,1.0,60.0,0.0,60.0,0.0,0.0,0.0,1.0,60.0,0.0,60.0,0.0,0.0,0.0,1.0,60.0,0.0,60.0,0.0,0.0,0.0,1.0,60.0,0.0,60.0,0.0,0.0,0.0,1.0,60.0,0.0,60.0,0.0,0.0,0.0
1.0,60.0,0.0,1.0,60.0,0.0,1.0,60.0,0.0,1.0,60.0,0.0,1.0,60.0,0.0,1.0,60.0,0.0,1.0,60.0,0.0,1.0,60.0,0.0,1.0,60.0,0.0,1.0,60.0,0.0,1.0,60.0,0.0,60.0,0.0,0.0,0.0,1.0,60.0,0.0,60.0,0.0,0.0,0.0,1.0,60.0,0.0,60.0,0.0,0.0,0.0,1.0,60.0,0.0,60.0,0.0,0.0,0.0,1.0,60.0,0.0,60.0,0.0,0.0,0.0,1.0,1505913556.513624,0.0,1.0,1505913556.513624,0.0,1.0,1505913556.513624,0.0,1.0,1505913556.513624,0.0,1.0,1505913556.513624,0.0,1.0,60.0,0.0,60.0,0.0,0.0,0.0,1.0,60.0,0.0,60.0,0.0,0.0,0.0,1.0,60.0,0.0,60.0,0.0,0.0,0.0,1.0,60.0,0.0,60.0,0.0,0.0,0.0,1.0,60.0,0.0,60.0,0.0,0.0,0.0
117.76338771949528,473.8481006160375,33142.224171146576,171.38133525888475,427.28817960002897,46509.3446694125,454.07915015189496,360.3942934042637,58132.885966281465,3933.8532616312673,339.195900856116,59950.32134484607,26599.16974415165,341.064294020145,59825.78525563296,117.76338771949528,473.8481006160375,33142.224171146576,171.38133525888475,427.28817960002897,46509.3446694125,454.07915015189496,360.3942934042637,58132.885966281465,3933.8532616312673,339.195900856116,59950.32134484607,26599.16974415165,341.064294020145,59825.78525563296,98.64197063489034,553.9999999999994,2.0185480583683703e-05,553.9999999999994,4.07453626394272e-10,0.0,0.0,127.39963412861458,553.9999999999982,3.0517578125e-05,553.9999999999982,9.313225746154783e-10,0.0,0.0,276.0705027660454,553.9997897951391,0.3222439404619188,553.9997897951391,0.1038411571644246,0.0,0.0,2223.781874498672,553.813103067959,9.6068805533433,553.813103067959,92.29215396620566,0.0,0.0,15137.208460753456,553.8031077999212,9.860323539413477,553.8031077999212,97.22598030191148,0.0,0.0,98.64197063489034,0.0037676410391692,0.0007461304529476,127.39963412861458,0.0046202411549752,0.0010700277436566,276.0705027660454,0.0056080580010024,0.0011804532024892,2223.781874498672,14.875800040213404,22417756350.371983,15137.208460753456,34069.40216519087,51363765871601.43,1.0,554.0,0.0,554.0,0.0,0.0,0.0,1.0,554.0,0.0,554.0,0.0,0.0,0.0,1.0,554.0,0.0,554.0,0.0,0.0,0.0,1.0,554.0,0.0,554.0,0.0,0.0,0.0,1.0,554.0,0.0,554.0,0.0,0.0,0.0
102.10540579336548,60.0023853969664,0.0471283079555178,129.32609167739574,60.016726117463534,0.3133858246214913,260.13632723044566,60.09283819032217,1.6638445916873934,1980.7158900924007,60.11656064274596,2.122692635654857,5289.2949719560165,60.11569460077333,2.1173027552877097,102.10540579336548,60.0023853969664,0.0471283079555178,129.32609167739574,60.016726117463534,0.3133858246214913,260.13632723044566,60.09283819032217,1.6638445916873934,1980.7158900924007,60.11656064274596,2.122692635654857,5289.2949719560165,60.11569460077333,2.1173027552877097,1.0,60.0,0.0,60.0,0.0,0.0,0.0,1.0,60.0,0.0,60.0,0.0,0.0,0.0,1.0,60.0,0.0,60.0,0.0,0.0,0.0,1.0,60.0,0.0,60.0,0.0,0.0,0.0,1.0,60.0,0.0,60.0,0.0,0.0,0.0,1.0,1507653001.7834811,0.0,1.0,1507653001.7834811,0.0,1.0,1507653001.7834811,0.0,1.0,1507653001.7834811,0.0,1.0,1507653001.7834811,0.0,1.0,60.0,0.0,60.0,0.0,0.0,0.0,1.0,60.0,0.0,60.0,0.0,0.0,0.0,1.0,60.0,0.0,60.0,0.0,0.0,0.0,1.0,60.0,0.0,60.0,0.0,0.0,0.0,1.0,60.0,0.0,60.0,0.0,0.0,0.0
113.62427528559483,184.9508305358553,46112.56964029991,151.70657632484068,212.0349582673745,51987.84293697549,366.3765584964184,289.80260445444986,60698.5956354768,3811.467314641046,336.2264033865757,60136.77026317977,37220.31854123241,343.27728220017497,59671.492808922136,113.62427528559483,184.9508305358553,46112.56964029991,151.70657632484068,212.0349582673745,51987.84293697549,366.3765584964184,289.80260445444986,60698.5956354768,3811.467314641046,336.2264033865757,60136.77026317977,37220.31854123241,343.27728220017497,59671.492808922136,1.0,60.0,0.0,60.0,0.0,0.0,0.0,1.0,60.0,0.0,60.0,0.0,0.0,0.0,1.0,60.0,0.0,60.0,0.0,0.0,0.0,1.0,60.0,0.0,60.0,0.0,0.0,0.0,1.0,60.0,0.0,60.0,0.0,0.0,0.0,1.0,1507656315.449906,0.0,1.0,1507656315.449906,0.0,1.0,1507656315.449906,0.0,1.0,1507656315.449906,0.0,1.0,1507656315.449906,0.0,1.0,60.0,0.0,60.0,0.0,0.0,0.0,1.0,60.0,0.0,60.0,0.0,0.0,0.0,1.0,60.0,0.0,60.0,0.0,0.0,0.0,1.0,60.0,0.0,60.0,0.0,0.0,0.0,1.0,60.0,0.0,60.0,0.0,0.0,0.0
128.66706360776294,264.32635419938657,59187.24810111852,203.8261451740306,297.14366997978163,60908.61249406688,580.870364015718,325.84457253580183,60641.45695319124,4062.724672762381,339.0136265198285,59964.12452980424,33780.34650451197,341.6647195172661,59784.99400318143,128.66706360776294,264.32635419938657,59187.24810111852,203.8261451740306,297.14366997978163,60908.61249406688,580.870364015718,325.84457253580183,60641.45695319124,4062.724672762381,339.0136265198285,59964.12452980424,33780.34650451197,341.6647195172661,59784.99400318143,1.0,60.0,0.0,60.0,0.0,0.0,0.0,1.0,60.0,0.0,60.0,0.0,0.0,0.0,1.0,60.0,0.0,60.0,0.0,0.0,0.0,1.0,60.0,0.0,60.0,0.0,0.0,0.0,1.0,60.0,0.0,60.0,0.0,0.0,0.0,1.0,1507656198.971261,0.0,1.0,1507656198.971261,0.0,1.0,1507656198.971261,0.0,1.0,1507656198.971261,0.0,1.0,1507656198.971261,0.0,1.0,60.0,0.0,60.0,0.0,0.0,0.0,1.0,60.0,0.0,60.0,0.0,0.0,0.0,1.0,60.0,0.0,60.0,0.0,0.0,0.0,1.0,60.0,0.0,60.0,0.0,0.0,0.0,1.0,60.0,0.0,60.0,0.0,0.0,0.0
42.85585006725636,60.00032467073408,0.0072556137838546,62.44590462837312,60.00475031197305,0.102376802362869,200.3615175115696,60.03872084950314,0.7622277601408314,2034.012984757893,60.07938378023118,1.3682940443218286,19360.13948038193,60.097147626831614,1.6944365462354654,42.85585006725636,60.00032467073408,0.0072556137838546,62.44590462837312,60.00475031197305,0.102376802362869,200.3615175115696,60.03872084950314,0.7622277601408314,2034.012984757893,60.07938378023118,1.3682940443218286,19360.13948038193,60.097147626831614,1.6944365462354654,1.0,60.0,0.0,60.0,0.0,0.0,0.0,1.0,60.0,0.0,60.0,0.0,0.0,0.0,1.0,60.0,0.0,60.0,0.0,0.0,0.0,1.0,60.0,0.0,60.0,0.0,0.0,0.0,1.0,60.0,0.0,60.0,0.0,0.0,0.0,1.0,1507653469.734034,0.0,1.0,1507653469.734034,0.0,1.0,1507653469.734034,0.0,1.0,1507653469.734034,0.0,1.0,1507653469.734034,0.0,1.0,60.0,0.0,60.0,0.0,0.0,0.0,1.0,60.0,0.0,60.0,0.0,0.0,0.0,1.0,60.0,0.0,60.0,0.0,0.0,0.0,1.0,60.0,0.0,60.0,0.0,0.0,0.0,1.0,60.0,0.0,60.0,0.0,0.0,0.0
59.14863994383216,382.9811038595943,55229.98567145007,102.27332961219714,384.6192562751812,54973.6783433414,339.89206632499616,360.8164680772284,58098.03302217524,3783.1057752596143,340.1627648485008,59886.06010312782,37775.96425848649,341.12522980602887,59820.74580507497,59.14863994383216,382.9811038595943,55229.98567145007,102.27332961219714,384.6192562751812,54973.6783433414,339.89206632499616,360.8164680772284,58098.03302217524,3783.1057752596143,340.1627648485008,59886.06010312782,37775.96425848649,341.12522980602887,59820.74580507497,38.67038602219048,554.0000000000001,1.0789593218788871e-05,554.0000000000001,1.1641532182693479e-10,0.0,0.0,67.20171758582867,553.9999999999999,1.0789593218788871e-05,553.9999999999999,1.1641532182693479e-10,0.0,0.0,206.9528004553444,553.9999952543334,0.0484185853875007,553.9999952543334,0.0023443594109267,0.0,0.0,2145.626069239643,553.8893459859585,7.39262055201557,553.8893459859585,54.650838626082994,0.0,0.0,21500.86326765677,553.8358056811131,9.004722858605348,553.8358056811131,81.08503376028966,0.0,0.0,38.67038602219048,0.0079264577057386,0.0002211524082409,67.20171758582867,0.0074393954049798,0.0002275276386581,206.9528004553444,0.0070744509751485,0.0002524866832983,2145.626069239643,0.0067412401399598,0.0259440621186172,21500.86326765677,1527.4745061869753,2302893757636.204,1.0,554.0,0.0,554.0,0.0,0.0,0.0,1.0,554.0,0.0,554.0,0.0,0.0,0.0,1.0,554.0,0.0,554.0,0.0,0.0,0.0,1.0,554.0,0.0,554.0,0.0,0.0,0.0,1.0,554.0,0.0,554.0,0.0,0.0,0.0
103.26277323984677,427.3550063641088,46521.64727053573,164.49671886278156,385.8383414779364,54787.45983606022,445.52511928007874,354.4823341161452,58738.171640723136,4279.08832483838,350.7102123287937,59078.11833411429,36784.09764012047,344.7138050176638,59564.22209864148,103.26277323984677,427.3550063641088,46521.64727053573,164.49671886278156,385.8383414779364,54787.45983606022,445.52511928007874,354.4823341161452,58738.171640723136,4279.08832483838,350.7102123287937,59078.11833411429,36784.09764012047,344.7138050176638,59564.22209864148,76.78879856652108,553.9999999999932,5.860249136252295e-05,553.9999999999932,3.434251993894577e-09,0.0,0.0,108.49652617542334,553.9999997072616,0.0120254989989023,553.9999997072616,0.0001446126261726,0.0,0.0,265.5591367507724,553.9925477290836,1.918688691946008,553.9925477290836,3.6813662966014817,0.0,0.0,2518.484834676341,553.8654431178624,8.151870596480492,553.8654431178624,66.45299422176322,0.0,0.0,21203.39110091025,553.8458779564382,8.724249877176378,553.8458779564382,76.11253591941205,0.0,0.0,76.78879856652108,0.0043877708467062,0.0004037342345269,108.49652617542334,0.0048764593089458,0.0004438401959402,265.5591367507724,0.0056330407449196,0.0005694980149028,2518.484834676341,0.005773611948776,19401.78363783119,21203.39110091025,6097.264119816104,9192529819900.94,1.0,554.0,0.0,554.0,0.0,0.0,0.0,1.0,554.0,0.0,554.0,0.0,0.0,0.0,1.0,554.0,0.0,554.0,0.0,0.0,0.0,1.0,554.0,0.0,554.0,0.0,0.0,0.0,1.0,554.0,0.0,554.0,0.0,0.0,0.0
44.191814995763366,60.25476666627871,3.2589242679628114,70.72881167959567,60.19149829935256,2.4809736232214163,206.50994098692289,60.10766670038523,1.4952864616207082,1988.42172662101,60.09571451445807,1.588428973486316,18913.41603496714,60.09793368479438,1.6788772133263592,44.191814995763366,60.25476666627871,3.2589242679628114,70.72881167959567,60.19149829935256,2.4809736232214163,206.50994098692289,60.10766670038523,1.4952864616207082,1988.42172662101,60.09571451445807,1.588428973486316,18913.41603496714,60.09793368479438,1.6788772133263592,1.0,60.0,0.0,60.0,0.0,0.0,0.0,1.0,60.0,0.0,60.0,0.0,0.0,0.0,1.0,60.0,0.0,60.0,0.0,0.0,0.0,1.0,60.0,0.0,60.0,0.0,0.0,0.0,1.0,60.0,0.0,60.0,0.0,0.0,0.0,1.0,1507653403.9335868,0.0,1.0,1507653403.9335868,0.0,1.0,1507653403.9335868,0.0,1.0,1507653403.9335868,0.0,1.0,1507653403.9335868,0.0,1.0,60.0,0.0,60.0,0.0,0.0,0.0,1.0,60.0,0.0,60.0,0.0,0.0,0.0,1.0,60.0,0.0,60.0,0.0,0.0,0.0,1.0,60.0,0.0,60.0,0.0,0.0,0.0,1.0,60.0,0.0,60.0,0.0,0.0,0.0
18.46688659505936,64.48622100857527,42.680915182272656,29.96271261199244,65.7803801776359,47.5125274980701,138.81745117937422,70.3013076251724,38.10289927851864,3052.553384646823,69.41345258583617,43.258185052376575,26619.19787460156,67.9623011336649,48.2412771044983,18.46688659505936,64.48622100857527,42.680915182272656,29.96271261199244,65.7803801776359,47.5125274980701,138.81745117937422,70.3013076251724,38.10289927851864,3052.553384646823,69.41345258583617,43.258185052376575,26619.19787460156,67.9623011336649,48.2412771044983,1.0,60.0,0.0,60.0,0.0,0.0,0.0,1.0,60.0,0.0,60.0,0.0,0.0,0.0,1.0,60.0,0.0,60.0,0.0,0.0,0.0,1.0,60.0,0.0,60.0,0.0,0.0,0.0,1.0,60.0,0.0,60.0,0.0,0.0,0.0,1.0,1507657269.438458,0.0,1.0,1507657269.438458,0.0,1.0,1507657269.438458,0.0,1.0,1507657269.438458,0.0,1.0,1507657269.438458,0.0,1.0,60.0,0.0,60.0,0.0,0.0,0.0,1.0,60.0,0.0,60.0,0.0,0.0,0.0,1.0,60.0,0.0,60.0,0.0,0.0,0.0,1.0,60.0,0.0,60.0,0.0,0.0,0.0,1.0,60.0,0.0,60.0,0.0,0.0,0.0
1.0,60.0,0.0,1.0,60.0,0.0,1.0,60.0,0.0,1.0,60.0,0.0,1.0,60.0,0.0,1.0,60.0,0.0,1.0,60.0,0.0,1.0,60.0,0.0,1.0,60.0,0.0,1.0,60.0,0.0,1.0,60.0,0.0,60.0,0.0,0.0,0.0,1.0,60.0,0.0,60.0,0.0,0.0,0.0,1.0,60.0,0.0,60.0,0.0,0.0,0.0,1.0,60.0,0.0,60.0,0.0,0.0,0.0,1.0,60.0,0.0,60.0,0.0,0.0,0.0,1.0,1505913560.834064,0.0,1.0,1505913560.834064,0.0,1.0,1505913560.834064,0.0,1.0,1505913560.834064,0.0,1.0,1505913560.834064,0.0,1.0,60.0,0.0,60.0,0.0,0.0,0.0,1.0,60.0,0.0,60.0,0.0,0.0,0.0,1.0,60.0,0.0,60.0,0.0,0.0,0.0,1.0,60.0,0.0,60.0,0.0,0.0,0.0,1.0,60.0,0.0,60.0,0.0,0.0,0.0
1.0,60.0,0.0,1.0,60.0,0.0,1.0,60.0,0.0,1.0,60.0,0.0,1.0,60.0,0.0,1.0,60.0,0.0,1.0,60.0,0.0,1.0,60.0,0.0,1.0,60.0,0.0,1.0,60.0,0.0,1.0,60.0,0.0,60.0,0.0,0.0,0.0,1.0,60.0,0.0,60.0,0.0,0.0,0.0,1.0,60.0,0.0,60.0,0.0,0.0,0.0,1.0,60.0,0.0,60.0,0.0,0.0,0.0,1.0,60.0,0.0,60.0,0.0,0.0,0.0,1.0,1505913455.327118,0.0,1.0,1505913455.327118,0.0,1.0,1505913455.327118,0.0,1.0,1505913455.327118,0.0,1.0,1505913455.327118,0.0,1.0,60.0,0.0,60.0,0.0,0.0,0.0,1.0,60.0,0.0,60.0,0.0,0.0,0.0,1.0,60.0,0.0,60.0,0.0,0.0,0.0,1.0,60.0,0.0,60.0,0.0,0.0,0.0,1.0,60.0,0.0,60.0,0.0,0.0,0.0
86.76462565099042,343.7745895545065,59654.17374970893,141.24264288959122,318.50199428531045,60869.83788512269,403.2291008858073,320.7559855793663,60804.27344841117,4006.374989770917,338.4634014179902,59996.7532326376,37988.98516111049,342.2544674529045,59743.516920811504,86.76462565099042,343.7745895545065,59654.17374970893,141.24264288959122,318.50199428531045,60869.83788512269,403.2291008858073,320.7559855793663,60804.27344841117,4006.374989770917,338.4634014179902,59996.7532326376,37988.98516111049,342.2544674529045,59743.516920811504,49.85339430351734,553.8711845318094,7.976104805054735,553.8711845318094,63.61824786121724,0.0,0.0,73.97970865349656,553.5068536620323,15.600355689705117,553.5068536620323,243.37109764531488,0.0,0.0,213.2360813692082,553.0280099430288,21.89105578706833,553.0280099430288,479.218323472538,0.0,0.0,2259.273160113502,553.716716310206,11.8263220448581,553.716716310206,139.86189310869668,0.0,0.0,21709.21473196192,553.8345073382957,9.040242644198823,553.8345073382957,81.72598706599092,0.0,0.0,49.85339430351734,0.0067468965326103,0.0005938400631844,73.97970865349656,0.0071684980002715,0.0006557570339174,213.2360813692082,0.0070203229932799,0.000717236362908,2259.273160113502,0.0064107451282644,31.102427181280337,21709.21473196192,3095.0944921199766,4666318394748.947,1.0,554.0,0.0,554.0,0.0,0.0,0.0,1.0,554.0,0.0,554.0,0.0,0.0,0.0,1.0,554.0,0.0,554.0,0.0,0.0,0.0,1.0,554.0,0.0,554.0,0.0,0.0,0.0,1.0,554.0,0.0,554.0,0.0,0.0,0.0
116.17709037496024,453.0773699600329,39668.95541707534,168.9977685806394,407.4768932801348,50907.93733008536,410.8197214198914,357.12533431111467,58480.65827679412,4131.886375299321,343.46841489182214,59657.40417688661,30178.417307774827,342.3562421659138,59736.5956864023,116.17709037496024,453.0773699600329,39668.95541707534,168.9977685806394,407.4768932801348,50907.93733008536,410.8197214198914,357.12533431111467,58480.65827679412,4131.886375299321,343.46841489182214,59657.40417688661,30178.417307774827,342.3562421659138,59736.5956864023,92.44177273601032,553.9999999999974,3.890243159174183e-05,553.9999999999974,1.5133991837501524e-09,0.0,0.0,118.86821959639836,553.9999998490667,0.0086348805118986,553.9999998490667,7.456116145476699e-05,0.0,0.0,247.07093763258683,553.9933786515356,1.8085636011432928,553.9933786515356,3.270902299380396,0.0,0.0,2371.3976255598877,553.8319539780465,9.109692386677082,553.8319539780465,82.9864953798824,0.0,0.0,17253.335294376215,553.7972427825456,10.006045919109232,553.7972427825456,100.12095493532252,0.0,0.0,92.44177273601032,0.0034388394470839,0.0001899054202585,118.86821959639836,0.0043136792698251,0.0002570149610652,247.07093763258683,0.0059782328601431,0.0003764251459739,2371.3976255598877,0.8465352550950357,1267073221.35237,17253.335294376215,22570.9301937478,34028677849775.31,1.0,554.0,0.0,554.0,0.0,0.0,0.0,1.0,554.0,0.0,554.0,0.0,0.0,0.0,1.0,554.0,0.0,554.0,0.0,0.0,0.0,1.0,554.0,0.0,554.0,0.0,0.0,0.0,1.0,554.0,0.0,554.0,0.0,0.0,0.0
37.884155719440976,60.215393670333135,2.4141236757832303,55.38308657106575,60.209736552355935,2.835757976637069,186.97173052465817,60.1458119846669,2.5541236348362872,1994.7122714317647,60.11380838865199,2.0756834584367425,19086.89046750184,60.10102539852629,1.7618044577593537,37.884155719440976,60.215393670333135,2.4141236757832303,55.38308657106575,60.209736552355935,2.835757976637069,186.97173052465817,60.1458119846669,2.5541236348362872,1994.7122714317647,60.11380838865199,2.0756834584367425,19086.89046750184,60.10102539852629,1.7618044577593537,1.0,60.0,0.0,60.0,0.0,0.0,0.0,1.0,60.0,0.0,60.0,0.0,0.0,0.0,1.0,60.0,0.0,60.0,0.0,0.0,0.0,1.0,60.0,0.0,60.0,0.0,0.0,0.0,1.0,60.0,0.0,60.0,0.0,0.0,0.0,1.0,1507653427.094305,0.0,1.0,1507653427.094305,0.0,1.0,1507653427.094305,0.0,1.0,1507653427.094305,0.0,1.0,1507653427.094305,0.0,1.0,60.0,0.0,60.0,0.0,0.0,0.0,1.0,60.0,0.0,60.0,0.0,0.0,0.0,1.0,60.0,0.0,60.0,0.0,0.0,0.0,1.0,60.0,0.0,60.0,0.0,0.0,0.0,1.0,60.0,0.0,60.0,0.0,0.0,0.0
125.9830345491572,65.11417432211522,45.37104600573821,180.81126277936616,66.55150479054936,48.68627487312551,415.5483200992069,68.00414153938254,47.95851938981833,3189.906307608396,67.73591634180019,48.653215254199495,11959.297298156143,67.24254650059996,49.10945287671348,125.9830345491572,65.11417432211522,45.37104600573821,180.81126277936616,66.55150479054936,48.68627487312551,415.5483200992069,68.00414153938254,47.95851938981833,3189.906307608396,67.73591634180019,48.653215254199495,11959.297298156143,67.24254650059996,49.10945287671348,1.0,60.0,0.0,60.0,0.0,0.0,0.0,1.0,60.0,0.0,60.0,0.0,0.0,0.0,1.0,60.0,0.0,60.0,0.0,0.0,0.0,1.0,60.0,0.0,60.0,0.0,0.0,0.0,1.0,60.0,0.0,60.0,0.0,0.0,0.0,1.0,1507657126.986684,0.0,1.0,1507657126.986684,0.0,1.0,1507657126.986684,0.0,1.0,1507657126.986684,0.0,1.0,1507657126.986684,0.0,1.0,60.0,0.0,60.0,0.0,0.0,0.0,1.0,60.0,0.0,60.0,0.0,0.0,0.0,1.0,60.0,0.0,60.0,0.0,0.0,0.0,1.0,60.0,0.0,60.0,0.0,0.0,0.0,1.0,60.0,0.0,60.0,0.0,0.0,0.0
1.0,60.0,0.0,1.0,60.0,0.0,1.0,60.0,0.0,1.0,60.0,0.0,1.0,60.0,0.0,1.0,60.0,0.0,1.0,60.0,0.0,1.0,60.0,0.0,1.0,60.0,0.0,1.0,60.0,0.0,1.0,60.0,0.0,60.0,0.0,0.0,0.0,1.0,60.0,0.0,60.0,0.0,0.0,0.0,1.0,60.0,0.0,60.0,0.0,0.0,0.0,1.0,60.0,0.0,60.0,0.0,0.0,0.0,1.0,60.0,0.0,60.0,0.0,0.0,0.0,1.0,1505913564.633721,0.0,1.0,1505913564.633721,0.0,1.0,1505913564.633721,0.0,1.0,1505913564.633721,0.0,1.0,1505913564.633721,0.0,1.0,60.0,0.0,60.0,0.0,0.0,0.0,1.0,60.0,0.0,60.0,0.0,0.0,0.0,1.0,60.0,0.0,60.0,0.0,0.0,0.0,1.0,60.0,0.0,60.0,0.0,0.0,0.0,1.0,60.0,0.0,60.0,0.0,0.0,0.0
121.43802720020156,70.62693315784045,35.902508574569765,209.34529225218776,69.93247030658307,40.5259641337334,661.7666771791129,69.59540383017985,42.46382365491991,4303.480445252839,68.29598982610777,47.509964026301525,29440.93111114997,67.9975595696164,48.17258427596971,121.43802720020156,70.62693315784045,35.902508574569765,209.34529225218776,69.93247030658307,40.5259641337334,661.7666771791129,69.59540383017985,42.46382365491991,4303.480445252839,68.29598982610777,47.509964026301525,29440.93111114997,67.9975595696164,48.17258427596971,92.60403060963483,73.92569469279803,1.0172281072345202,73.92569469279803,1.0347530221479246,0.0,0.0,148.8739092370304,73.93810046474346,0.928849794710922,73.93810046474346,0.8627619411345222,0.0,0.0,452.5138060290704,73.96755133952172,0.6732223489498113,73.96755133952172,0.4532283311255014,0.0,0.0,2538.128293762277,73.97465935746463,0.5950855798362941,73.97465935746463,0.3541268473290984,0.0,0.0,16738.192759925583,73.97995888532655,0.5293146126725458,73.97995888532655,0.2801739591886871,0.0,0.0,92.60403060963483,0.0037478049213551,0.0004227803692313,148.8739092370304,0.0036152297325923,0.0004053190911096,452.5138060290704,0.0033959077319506,0.0008100047045927,2538.128293762277,0.0395171341044221,50691250.5328335,16738.192759925583,16977.679253673494,25596219159280.33,1.0,74.0,0.0,74.0,0.0,0.0,0.0,1.0,74.0,0.0,74.0,0.0,0.0,0.0,1.0,74.0,0.0,74.0,0.0,0.0,0.0,1.0,74.0,0.0,74.0,0.0,0.0,0.0,1.0,74.0,0.0,74.0,0.0,0.0,0.0
1.0,60.0,0.0,1.0,60.0,0.0,1.0,60.0,0.0,1.0,60.0,0.0,1.0,60.0,0.0,1.0,60.0,0.0,1.0,60.0,0.0,1.0,60.0,0.0,1.0,60.0,0.0,1.0,60.0,0.0,1.0,60.0,0.0,60.0,0.0,0.0,0.0,1.0,60.0,0.0,60.0,0.0,0.0,0.0,1.0,60.0,0.0,60.0,0.0,0.0,0.0,1.0,60.0,0.0,60.0,0.0,0.0,0.0,1.0,60.0,0.0,60.0,0.0,0.0,0.0,1.0,1505913429.339144,0.0,1.0,1505913429.339144,0.0,1.0,1505913429.339144,0.0,1.0,1505913429.339144,0.0,1.0,1505913429.339144,0.0,1.0,60.0,0.0,60.0,0.0,0.0,0.0,1.0,60.0,0.0,60.0,0.0,0.0,0.0,1.0,60.0,0.0,60.0,0.0,0.0,0.0,1.0,60.0,0.0,60.0,0.0,0.0,0.0,1.0,60.0,0.0,60.0,0.0,0.0,0.0
246.399091568462,74.02000537637619,0.9184875118780838,364.0639828776832,74.02253446599838,1.1020219543861458,927.7685097404268,74.02906373117021,1.11871475100088,7811.226676986179,74.05860929826893,8.315266956936284,18600.630639757062,74.07499917252937,14.299347782866787,246.399091568462,74.02000537637619,0.9184875118780838,364.0639828776832,74.02253446599838,1.1020219543861458,927.7685097404268,74.02906373117021,1.11871475100088,7811.226676986179,74.05860929826893,8.315266956936284,18600.630639757062,74.07499917252937,14.299347782866787,245.87194860563704,73.99999999999814,5.800974397943708e-06,95.26804291051502,3.4742816651331047e-11,-6.679842337822713e-26,-3.917449204996294e-15,363.1135324926152,73.99999998042482,0.000523513346475,95.26804289531132,2.740662241548612e-07,-7.817037301428231e-22,-4.519846819139131e-13,925.4891592960696,73.9998793216098,0.0411033198672818,95.2679491729134,0.001689482904112,5.0018375269177576e-18,6.820537026742564e-11,7793.137596166885,73.99846023902087,0.1468137689139785,95.26684689725973,0.021554282742727,1.8184975553295288e-16,4.454883838201823e-10,18550.92143164695,73.99805979960321,0.1648000032388786,95.26653585654094,0.0271590410675344,3.4084213152144674e-16,6.13396033721966e-10,245.87194860563704,0.0012744178040929,6.357979134596845e-05,363.11353249261526,0.001388525977405,6.405282560669831e-05,925.489159296072,0.0016101960718591,47746.12139948579,7793.137596166974,16408.116852969335,24708938232841.945,18550.921431646533,63435.40805507582,95524231378268.95,1.0,74.0,0.0,74.0,0.0,0.0,0.0,1.0,74.0,0.0,74.0,0.0,0.0,0.0,1.0,74.0,0.0,74.0,0.0,0.0,0.0,1.0,74.0,0.0,74.0,0.0,0.0,0.0,1.0,74.0,0.0,74.0,0.0,0.0,0.0
1.0,60.0,0.0,1.0,60.0,0.0,1.0,60.0,0.0,1.0,60.0,0.0,1.0,60.0,0.0,1.0,60.0,0.0,1.0,60.0,0.0,1.0,60.0,0.0,1.0,60.0,0.0,1.0,60.0,0.0,1.0,60.0,0.0,60.0,0.0,0.0,0.0,1.0,60.0,0.0,60.0,0.0,0.0,0.0,1.0,60.0,0.0,60.0,0.0,0.0,0.0,1.0,60.0,0.0,60.0,0.0,0.0,0.0,1.0,60.0,0.0,60.0,0.0,0.0,0.0,1.0,1505913582.400653,0.0,1.0,1505913582.400653,0.0,1.0,1505913582.400653,0.0,1.0,1505913582.400653,0.0,1.0,1505913582.400653,0.0,1.0,60.0,0.0,60.0,0.0,0.0,0.0,1.0,60.0,0.0,60.0,0.0,0.0,0.0,1.0,60.0,0.0,60.0,0.0,0.0,0.0,1.0,60.0,0.0,60.0,0.0,0.0,0.0,1.0,60.0,0.0,60.0,0.0,0.0,0.0
81.5077370644388,287.85977289350404,60642.42934173804,130.18187482952766,317.7332405857744,60892.21604239418,366.9374553327904,338.47386790955,60006.787302009725,3677.369984685498,335.7733686693278,60155.19757981288,37724.73990863064,341.4911142145661,59795.91283213375,81.5077370644388,287.85977289350404,60642.42934173804,130.18187482952766,317.7332405857744,60892.21604239418,366.9374553327904,338.47386790955,60006.787302009725,3677.369984685498,335.7733686693278,60155.19757981288,37724.73990863064,341.4911142145661,59795.91283213375,1.0,60.0,0.0,60.0,0.0,0.0,0.0,1.0,60.0,0.0,60.0,0.0,0.0,0.0,1.0,60.0,0.0,60.0,0.0,0.0,0.0,1.0,60.0,0.0,60.0,0.0,0.0,0.0,1.0,60.0,0.0,60.0,0.0,0.0,0.0,1.0,1507656451.340827,0.0,1.0,1507656451.340827,0.0,1.0,1507656451.340827,0.0,1.0,1507656451.340827,0.0,1.0,1507656451.340827,0.0,1.0,60.0,0.0,60.0,0.0,0.0,0.0,1.0,60.0,0.0,60.0,0.0,0.0,0.0,1.0,60.0,0.0,60.0,0.0,0.0,0.0,1.0,60.0,0.0,60.0,0.0,0.0,0.0,1.0,60.0,0.0,60.0,0.0,0.0,0.0
132.19449484235528,326.33168560724533,60633.18068754594,192.6559993592444,315.98590402871434,60921.88457895733,445.6320172727048,325.86842052885044,60636.42033750122,3935.2213690160193,336.61801550026075,60109.690386170754,26119.223362310026,340.8651773422859,59839.27113407946,132.19449484235528,326.33168560724533,60633.18068754594,192.6559993592444,315.98590402871434,60921.88457895733,445.6320172727048,325.86842052885044,60636.42033750122,3935.2213690160193,336.61801550026075,60109.690386170754,26119.223362310026,340.8651773422859,59839.27113407946,71.26921676815944,553.999999999995,5.285799583645255e-05,553.999999999995,2.7939677238464355e-09,0.0,0.0,99.82717138500637,553.999999694933,0.0122761201755531,553.999999694933,0.0001507031265646,0.0,0.0,239.8116646042536,553.9873135555152,2.5033862326155023,553.9873135555152,6.266942629648838,0.0,0.0,2204.428498019449,553.719874213868,11.760257985867364,553.719874213868,138.30366789415712,0.0,0.0,14853.898405827404,553.7912486325325,10.152812339301596,553.7912486325325,103.07959839707472,0.0,0.0,71.26921676815944,0.0045548060243238,0.000318333273256,99.82717138500637,0.0052850512110058,0.0004829159548995,239.8116646042536,0.0062665688476728,0.0007251742237125,2204.428498019449,22.293021875476025,33600292533.04893,14853.898405827404,36121.462458509886,54457422718583.89,1.0,554.0,0.0,554.0,0.0,0.0,0.0,1.0,554.0,0.0,554.0,0.0,0.0,0.0,1.0,554.0,0.0,554.0,0.0,0.0,0.0,1.0,554.0,0.0,554.0,0.0,0.0,0.0,1.0,554.0,0.0,554.0,0.0,0.0,0.0
1.0,60.0,0.0,1.0,60.0,0.0,1.0,60.0,0.0,1.0,60.0,0.0,1.0,60.0,0.0,1.0,60.0,0.0,1.0,60.0,0.0,1.0,60.0,0.0,1.0,60.0,0.0,1.0,60.0,0.0,1.0,60.0,0.0,60.0,0.0,0.0,0.0,1.0,60.0,0.0,60.0,0.0,0.0,0.0,1.0,60.0,0.0,60.0,0.0,0.0,0.0,1.0,60.0,0.0,60.0,0.0,0.0,0.0,1.0,60.0,0.0,60.0,0.0,0.0,0.0,1.0,1505913573.7789938,0.0,1.0,1505913573.7789938,0.0,1.0,1505913573.7789938,0.0,1.0,1505913573.7789938,0.0,1.0,1505913573.7789938,0.0,1.0,60.0,0.0,60.0,0.0,0.0,0.0,1.0,60.0,0.0,60.0,0.0,0.0,0.0,1.0,60.0,0.0,60.0,0.0,0.0,0.0,1.0,60.0,0.0,60.0,0.0,0.0,0.0,1.0,60.0,0.0,60.0,0.0,0.0,0.0
144.43266229456626,74.02031677999211,3.1362190403824566,252.19257196240585,74.08329032233209,17.091926491938466,764.4991020350467,74.33080197922871,125.37465259470991,6800.444455178222,74.60039411052931,419.6485135406456,20565.39392420418,74.33067691267205,213.2866717302313,144.43266229456626,74.02031677999211,3.1362190403824566,252.19257196240585,74.08329032233209,17.091926491938466,764.4991020350467,74.33080197922871,125.37465259470991,6800.444455178222,74.60039411052931,419.6485135406456,20565.39392420418,74.33067691267205,213.2866717302313,143.7531262549575,74.00000000000003,2.3360154559928683e-06,95.26804291051648,6.8212102632969626e-12,5.831621476969402e-28,1.2339775859338991e-16,251.18570730483745,73.9999999999999,3.568322550558035e-06,95.26804291051634,1.3680263652069086e-11,1.0282708786708312e-27,1.2884334769796494e-16,761.7894623788658,73.99999966350866,0.0021704569406986,95.26804264914482,4.710883331431823e-06,-9.015235557543421e-21,-1.5903590552538913e-12,6777.991177688437,73.99903584812472,0.1161774356667062,95.26729400193994,0.0134971965580916,-3.316465168342868e-17,-5.250635698454768e-11,20502.138421046744,73.99834795834572,0.1520718706122733,95.266759683346,0.023125853831516,3.2905670271501944e-16,8.575762532938855e-10,143.75312625495755,0.0020843715104809,4.331720568939608e-05,251.1857073048373,0.0019503936861243,3.217203895149165e-05,761.7894623788678,0.0019419337621821,133.13218167895667,6777.9911776885165,10274.268783043017,15472054749626.133,20502.13842104621,54013.97579775043,81337472585106.95,1.0,74.0,0.0,74.0,0.0,0.0,0.0,1.0,74.0,0.0,74.0,0.0,0.0,0.0,1.0,74.0,0.0,74.0,0.0,0.0,0.0,1.0,74.0,0.0,74.0,0.0,0.0,0.0,1.0,74.0,0.0,74.0,0.0,0.0,0.0
108.00104226112468,63.78283876223127,38.65408749620019,144.53814109716862,64.29116886979102,41.708648980248654,328.05109608385783,66.38976455548831,48.93191028213732,3574.6098993562737,67.76956393601873,48.668348777776366,22466.63033331264,67.41468450122665,49.03644434310172,108.00104226112468,63.78283876223127,38.65408749620019,144.53814109716862,64.29116886979102,41.708648980248654,328.05109608385783,66.38976455548831,48.93191028213732,3574.6098993562737,67.76956393601873,48.668348777776366,22466.63033331264,67.41468450122665,49.03644434310172,1.0,60.0,0.0,60.0,0.0,0.0,0.0,1.0,60.0,0.0,60.0,0.0,0.0,0.0,1.0,60.0,0.0,60.0,0.0,0.0,0.0,1.0,60.0,0.0,60.0,0.0,0.0,0.0,1.0,60.0,0.0,60.0,0.0,0.0,0.0,1.0,1507657204.049524,0.0,1.0,1507657204.049524,0.0,1.0,1507657204.049524,0.0,1.0,1507657204.049524,0.0,1.0,1507657204.049524,0.0,1.0,60.0,0.0,60.0,0.0,0.0,0.0,1.0,60.0,0.0,60.0,0.0,0.0,0.0,1.0,60.0,0.0,60.0,0.0,0.0,0.0,1.0,60.0,0.0,60.0,0.0,0.0,0.0,1.0,60.0,0.0,60.0,0.0,0.0,0.0
1.0,60.0,0.0,1.0,60.0,0.0,1.0,60.0,0.0,1.0,60.0,0.0,1.0,60.0,0.0,1.0,60.0,0.0,1.0,60.0,0.0,1.0,60.0,0.0,1.0,60.0,0.0,1.0,60.0,0.0,1.0,60.0,0.0,60.0,0.0,0.0,0.0,1.0,60.0,0.0,60.0,0.0,0.0,0.0,1.0,60.0,0.0,60.0,0.0,0.0,0.0,1.0,60.0,0.0,60.0,0.0,0.0,0.0,1.0,60.0,0.0,60.0,0.0,0.0,0.0,1.0,1505913568.992651,0.0,1.0,1505913568.992651,0.0,1.0,1505913568.992651,0.0,1.0,1505913568.992651,0.0,1.0,1505913568.992651,0.0,1.0,60.0,0.0,60.0,0.0,0.0,0.0,1.0,60.0,0.0,60.0,0.0,0.0,0.0,1.0,60.0,0.0,60.0,0.0,0.0,0.0,1.0,60.0,0.0,60.0,0.0,0.0,0.0,1.0,60.0,0.0,60.0,0.0,0.0,0.0
179.3897242202209,396.65569098451135,52967.06844299418,252.87840559026583,400.6246845083999,52233.60046121557,502.0663252499402,386.9584475076133,54593.26211485356,4092.193645166668,347.3726875394699,59357.6577945037,31071.841822775947,342.7565641813188,59708.31701753316,179.3897242202209,396.65569098451135,52967.06844299418,252.87840559026583,400.6246845083999,52233.60046121557,502.0663252499402,386.9584475076133,54593.26211485356,4092.193645166668,347.3726875394699,59357.6577945037,31071.841822775947,342.7565641813188,59708.31701753316,1.0,60.0,0.0,60.0,0.0,0.0,0.0,1.0,60.0,0.0,60.0,0.0,0.0,0.0,1.0,60.0,0.0,60.0,0.0,0.0,0.0,1.0,60.0,0.0,60.0,0.0,0.0,0.0,1.0,60.0,0.0,60.0,0.0,0.0,0.0,1.0,1507656134.5062132,0.0,1.0,1507656134.5062132,0.0,1.0,1507656134.5062132,0.0,1.0,1507656134.5062132,0.0,1.0,1507656134.5062132,0.0,1.0,60.0,0.0,60.0,0.0,0.0,0.0,1.0,60.0,0.0,60.0,0.0,0.0,0.0,1.0,60.0,0.0,60.0,0.0,0.0,0.0,1.0,60.0,0.0,60.0,0.0,0.0,0.0,1.0,60.0,0.0,60.0,0.0,0.0,0.0
197.56847512610665,74.06007945043015,2.755962116999399,311.96227195917226,74.04455716747361,2.178035388425087,870.6553028896764,74.0369212418378,1.4208742152222842,7740.0583546135485,74.06019697710707,8.540425289802442,18426.08623121191,74.07584279980195,14.460129838016655,197.56847512610665,74.06007945043015,2.755962116999399,311.96227195917226,74.04455716747361,2.178035388425087,870.6553028896764,74.0369212418378,1.4208742152222842,7740.0583546135485,74.06019697710707,8.540425289802442,18426.08623121191,74.07584279980195,14.460129838016655,196.2991111075317,73.99999999999442,9.196902047150567e-06,95.26804291051212,8.50231625397106e-11,-4.788510675143089e-25,-1.7713199318661113e-14,310.3519077368028,73.99999996119504,0.0007370742667138,95.26804288037452,5.43278474761368e-07,-2.5080147108983628e-21,-1.0299784087120545e-12,867.937971184415,73.99984659351837,0.0463429305583837,95.26792375119892,0.0021476672127391,7.115482798047457e-18,8.605711263198929e-11,7721.6485298540065,73.99841842868571,0.1487934707125414,95.26681442111322,0.0221394969266839,1.810253446145333e-16,4.3756840839067506e-10,18376.28957742332,73.99803791614251,0.1657266548743637,95.26651885861484,0.0274653241358464,3.349381743524834e-16,5.99400624610159e-10,196.2991111075318,0.0015556966661981,5.211585954901263e-05,310.35190773680296,0.0016046335027589,5.359436538060562e-05,867.9379711844182,0.0017199899657423,60694.91384341791,7721.648529854096,16853.65926099376,25379871865891.21,18376.289577422904,64150.894057949445,96601600347357.72,1.0,74.0,0.0,74.0,0.0,0.0,0.0,1.0,74.0,0.0,74.0,0.0,0.0,0.0,1.0,74.0,0.0,74.0,0.0,0.0,0.0,1.0,74.0,0.0,74.0,0.0,0.0,0.0,1.0,74.0,0.0,74.0,0.0,0.0,0.0
58.50355918514983,60.00000209868045,2.2692849142913477e-05,80.30265805881645,60.000223930735714,0.0026653000063561,198.148542270196,60.02072432383413,0.296311436015003,1987.5364723225448,60.08910630928923,1.4523859941136834,16531.368457218392,60.09831116836446,1.6958336542329562,58.50355918514983,60.00000209868045,2.2692849142913477e-05,80.30265805881645,60.000223930735714,0.0026653000063561,198.148542270196,60.02072432383413,0.296311436015003,1987.5364723225448,60.08910630928923,1.4523859941136834,16531.368457218392,60.09831116836446,1.6958336542329562,1.0,60.0,0.0,60.0,0.0,0.0,0.0,1.0,60.0,0.0,60.0,0.0,0.0,0.0,1.0,60.0,0.0,60.0,0.0,0.0,0.0,1.0,60.0,0.0,60.0,0.0,0.0,0.0,1.0,60.0,0.0,60.0,0.0,0.0,0.0,1.0,1507653214.197604,0.0,1.0,1507653214.197604,0.0,1.0,1507653214.197604,0.0,1.0,1507653214.197604,0.0,1.0,1507653214.197604,0.0,1.0,60.0,0.0,60.0,0.0,0.0,0.0,1.0,60.0,0.0,60.0,0.0,0.0,0.0,1.0,60.0,0.0,60.0,0.0,0.0,0.0,1.0,60.0,0.0,60.0,0.0,0.0,0.0,1.0,60.0,0.0,60.0,0.0,0.0,0.0
73.50192196434013,339.6095168707785,59941.656356324056,106.20319308789269,359.6873041187639,58223.914815115575,330.50333663984867,350.3540800683921,59115.972655038575,3680.6368187627904,337.16435157028513,60078.94559184013,37667.22366780431,340.531539305627,59861.311597861495,73.50192196434013,339.6095168707785,59941.656356324056,106.20319308789269,359.6873041187639,58223.914815115575,330.50333663984867,350.3540800683921,59115.972655038575,3680.6368187627904,337.16435157028513,60078.94559184013,37667.22366780431,340.531539305627,59861.311597861495,1.0,60.0,0.0,60.0,0.0,0.0,0.0,1.0,60.0,0.0,60.0,0.0,0.0,0.0,1.0,60.0,0.0,60.0,0.0,0.0,0.0,1.0,60.0,0.0,60.0,0.0,0.0,0.0,1.0,60.0,0.0,60.0,0.0,0.0,0.0,1.0,1507656487.725307,0.0,1.0,1507656487.725307,0.0,1.0,1507656487.725307,0.0,1.0,1507656487.725307,0.0,1.0,1507656487.725307,0.0,1.0,60.0,0.0,60.0,0.0,0.0,0.0,1.0,60.0,0.0,60.0,0.0,0.0,0.0,1.0,60.0,0.0,60.0,0.0,0.0,0.0,1.0,60.0,0.0,60.0,0.0,0.0,0.0,1.0,60.0,0.0,60.0,0.0,0.0,0.0
51.56063665670219,74.16204854356383,3.862905332272022,73.19312375494613,74.19379210401105,4.6138065088562135,139.39365266510626,74.29393397284285,15.708659700027964,828.9697812140151,76.74612324837064,1536.643237006262,8531.504854776313,76.95593652736656,1910.507445303635,51.56063665670219,74.16204854356383,3.862905332272022,73.19312375494613,74.19379210401105,4.6138065088562135,139.39365266510626,74.29393397284285,15.708659700027964,828.9697812140151,76.74612324837064,1536.643237006262,8531.504854776313,76.95593652736656,1910.507445303635,1.0000301223933163,74.0,0.0,74.0,0.0,0.0,0.0,1.001937910362258,73.99999999999999,9.5367431640625e-07,73.99999999999999,9.094947017729282e-13,0.0,0.0,1.1246745745831013,74.0,0.0,74.0,0.0,0.0,0.0,1.81204068615276,74.0,0.0,74.0,0.0,0.0,0.0,1.9793947664101608,74.0,9.5367431640625e-07,74.0,9.094947017729282e-13,0.0,0.0,1.0000301223933163,45363.34625994983,68306679685995.2,1.001937910362258,2912683.230852833,4377759813104993.0,1.1246745745831013,166936366.90481544,2.2352391965797504e+17,1.81204068615276,674853925.797717,5.608435942638427e+17,1.9793947664101608,745118412.0015143,5.66882183230731e+17,1.0000301223933163,74.0,0.0,74.0,0.0,0.0,0.0,1.001937910362258,73.99999999999999,9.5367431640625e-07,73.99999999999999,9.094947017729282e-13,0.0,0.0,1.1246745745831013,74.0,0.0,74.0,0.0,0.0,0.0,1.81204068615276,74.0,0.0,74.0,0.0,0.0,0.0,1.9793947664101608,74.0,9.5367431640625e-07,74.0,9.094947017729282e-13,0.0,0.0
99.08877228087248,500.054451979072,23631.88693540424,166.1192104009492,448.52020533095583,40911.9410646845,510.3252646487657,382.51363412086783,55270.24089602349,4262.902402486707,347.5941850593432,59337.48542679362,21900.65371625885,344.09267389947235,59610.54613521787,99.08877228087248,500.054451979072,23631.88693540424,166.1192104009492,448.52020533095583,40911.9410646845,510.3252646487657,382.51363412086783,55270.24089602349,4262.902402486707,347.5941850593432,59337.48542679362,21900.65371625885,344.09267389947235,59610.54613521787,88.22253202531782,554.0000000000001,7.62939453125e-06,554.0000000000001,5.820766091346741e-11,0.0,0.0,130.5998831433291,554.0000000000001,1.3214498959113138e-05,554.0000000000001,1.7462298274040222e-10,0.0,0.0,333.09258789880323,553.9999380041361,0.1750027218089717,553.9999380041361,0.0306259526405483,0.0,0.0,2482.06638992472,553.8525609800861,8.533061441969894,553.8525609800861,72.81313757243333,0.0,0.0,12597.450407585,553.8123837878611,9.625342017458053,553.8123837878611,92.64720895304345,0.0,0.0,88.22253202531782,0.0036069802909188,0.0002000737901527,130.5998831433291,0.003920071455404,0.0002290596079213,333.09258789880323,0.0045062843961729,0.0005299499082932,2482.06638992472,333.0702752527892,502146451306.5203,12597.450407585,56483.75610629619,85154870054693.08,1.0,554.0,0.0,554.0,0.0,0.0,0.0,1.0,554.0,0.0,554.0,0.0,0.0,0.0,1.0,554.0,0.0,554.0,0.0,0.0,0.0,1.0,554.0,0.0,554.0,0.0,0.0,0.0,1.0,554.0,0.0,554.0,0.0,0.0,0.0
176.86195750730576,74.01696188705944,2.117691450761413,282.04692663773585,74.04494546512299,26.98395231086579,816.9591147066135,74.68865598087125,556.570525842646,7856.2953614935695,74.84538224872706,650.2858617603532,41538.17418954792,74.45119883936418,315.7661558671507,176.86195750730576,74.01696188705944,2.117691450761413,282.04692663773585,74.04494546512299,26.98395231086579,816.9591147066135,74.68865598087125,556.570525842646,7856.2953614935695,74.84538224872706,650.2858617603532,41538.17418954792,74.45119883936418,315.7661558671507,176.39426262506657,73.9932843164402,0.3065525557382743,95.26282655859808,0.0939744694296678,-2.129564158610491e-17,-3.433835166776288e-11,281.15004618106025,73.98868491390616,0.3978481797709683,95.25925411890066,0.1582831741470727,-2.7979073180269353e-16,-2.892405533536897e-10,814.0461455273693,73.98950192581748,0.3832268635991123,95.25988870049424,0.1468628289840126,1.9513572135164222e-16,3.7754241438107976e-10,7828.923054904713,73.99720847161373,0.1976704446598454,95.26587459101728,0.039073604692021,-8.159557014687617e-17,-6.71893913722078e-11,41408.04105804861,73.99811814765239,0.1623033933390772,95.26658117825936,0.0263423914893792,2.1346198204984652e-16,1.9406497559642662e-10,176.39426262506646,0.0016701969991668,1.814973686018925e-05,281.1500461810602,0.0017352758323051,2.1729292158338004e-05,814.0461455273711,0.0017821076317749,2.565008606323815e-05,7828.923054904808,65.37305568171547,98443437950.01128,41408.04105804655,16362.304034168585,24639957378277.816,1.0,74.0,0.0,95.26804291051644,0.0,0.0,0.0,1.0,74.0,0.0,95.26804291051644,0.0,0.0,0.0,1.0,74.0,0.0,95.26804291051644,0.0,0.0,0.0,1.0206429668411925,74.0,0.0,95.26804291051644,0.0,0.0,0.0,2.1421405793370343,73.99999999999999,1.3486991523486091e-06,95.26804291051644,1.8189894035458565e-12,0.0,0.0
1.0,60.0,0.0,1.0,60.0,0.0,1.0,60.0,0.0,1.0,60.0,0.0,1.0,60.0,0.0,1.0,60.0,0.0,1.0,60.0,0.0,1.0,60.0,0.0,1.0,60.0,0.0,1.0,60.0,0.0,1.0,60.0,0.0,60.0,0.0,0.0,0.0,1.0,60.0,0.0,60.0,0.0,0.0,0.0,1.0,60.0,0.0,60.0,0.0,0.0,0.0,1.0,60.0,0.0,60.0,0.0,0.0,0.0,1.0,60.0,0.0,60.0,0.0,0.0,0.0,1.0,1505913438.438039,0.0,1.0,1505913438.438039,0.0,1.0,1505913438.438039,0.0,1.0,1505913438.438039,0.0,1.0,1505913438.438039,0.0,1.0,60.0,0.0,60.0,0.0,0.0,0.0,1.0,60.0,0.0,60.0,0.0,0.0,0.0,1.0,60.0,0.0,60.0,0.0,0.0,0.0,1.0,60.0,0.0,60.0,0.0,0.0,0.0,1.0,60.0,0.0,60.0,0.0,0.0,0.0
1.0,60.0,0.0,1.0,60.0,0.0,1.0,60.0,0.0,1.0,60.0,0.0,1.0,60.0,0.0,1.0,60.0,0.0,1.0,60.0,0.0,1.0,60.0,0.0,1.0,60.0,0.0,1.0,60.0,0.0,1.0,60.0,0.0,60.0,0.0,0.0,0.0,1.0,60.0,0.0,60.0,0.0,0.0,0.0,1.0,60.0,0.0,60.0,0.0,0.0,0.0,1.0,60.0,0.0,60.0,0.0,0.0,0.0,1.0,60.0,0.0,60.0,0.0,0.0,0.0,1.0,1505913436.572616,0.0,1.0,1505913436.572616,0.0,1.0,1505913436.572616,0.0,1.0,1505913436.572616,0.0,1.0,1505913436.572616,0.0,1.0,60.0,0.0,60.0,0.0,0.0,0.0,1.0,60.0,0.0,60.0,0.0,0.0,0.0,1.0,60.0,0.0,60.0,0.0,0.0,0.0,1.0,60.0,0.0,60.0,0.0,0.0,0.0,1.0,60.0,0.0,60.0,0.0,0.0,0.0
91.97176577090691,265.81274664278254,59281.253496999896,134.4946205196603,305.0417257336917,60969.45660477015,351.82137389664564,315.93003903023424,60889.71540777298,3270.1247042249224,305.8310695112729,60975.44004508464,12739.565836200827,303.2479433316421,60967.38672256199,91.97176577090691,265.81274664278254,59281.253496999896,134.4946205196603,305.0417257336917,60969.45660477015,351.82137389664564,315.93003903023424,60889.71540777298,3270.1247042249224,305.8310695112729,60975.44004508464,12739.565836200827,303.2479433316421,60967.38672256199,1.0,60.0,0.0,60.0,0.0,0.0,0.0,1.0,60.0,0.0,60.0,0.0,0.0,0.0,1.0,60.0,0.0,60.0,0.0,0.0,0.0,1.0,60.0,0.0,60.0,0.0,0.0,0.0,1.0,60.0,0.0,60.0,0.0,0.0,0.0,1.0,1507659378.561985,0.0,1.0,1507659378.561985,0.0,1.0,1507659378.561985,0.0,1.0,1507659378.561985,0.0,1.0,1507659378.561985,0.0,1.0,60.0,0.0,60.0,0.0,0.0,0.0,1.0,60.0,0.0,60.0,0.0,0.0,0.0,1.0,60.0,0.0,60.0,0.0,0.0,0.0,1.0,60.0,0.0,60.0,0.0,0.0,0.0,1.0,60.0,0.0,60.0,0.0,0.0,0.0
148.13376415450207,74.02070077114011,0.4964426259703032,250.3680594848212,74.03123427416863,0.7719016122273388,738.7382600087013,74.06732926430402,7.498310360095274,6607.924410576808,74.14823545443582,44.69977904877123,33121.81136399963,74.30431554836187,186.8014626102449,148.13376415450207,74.02070077114011,0.4964426259703032,250.3680594848212,74.03123427416863,0.7719016122273388,738.7382600087013,74.06732926430402,7.498310360095274,6607.924410576808,74.14823545443582,44.69977904877123,33121.81136399963,74.30431554836187,186.8014626102449,148.00599529243652,74.00000000000007,2.523185072960464e-06,95.26804291051651,6.510991198991339e-12,2.6527059328509417e-27,9.001073037705518e-16,250.04317107521285,73.9999999999999,3.438521647895802e-06,95.26804291051634,1.237046536401562e-11,-3.471233139060588e-28,-5.292756790190628e-17,737.3663462547189,73.99999999986184,4.405521187763632e-05,95.2680429104092,1.940919708164484e-09,-2.846687813730344e-23,-1.6680170636478058e-13,6585.682686756051,73.99939199699209,0.0922587257436044,95.26757064145436,0.0085116724758336,4.727435241503797e-17,1.69909651746817e-10,33017.324496147216,73.99853884031559,0.1430178332065535,95.2669079507756,0.0204541006150975,2.6150113820886183e-16,1.5977250957139763e-10,148.00599529243644,0.0020255711271957,4.3874085526531455e-05,250.04317107521285,0.0019673133703674,4.091014416873759e-05,737.3663462547191,0.0020017206241836,0.0001587549486393,6585.682686756131,558.1395818803726,840506762200.1454,33017.324496146066,24992.66596588493,37636186020588.65,1.0,74.0,0.0,95.26804291051644,0.0,0.0,0.0,1.0,74.0,0.0,95.26804291051644,0.0,0.0,0.0,1.0,74.0,0.0,95.26804291051644,0.0,0.0,0.0,1.0209563052877972,74.00000000000001,9.5367431640625e-07,95.26804291051644,9.094947017729282e-13,0.0,0.0,1.6794092754394632,74.0,0.0,95.26804291051644,0.0,0.0,0.0
49.65099300291796,468.2320096887059,35002.6961530002,87.5198287995986,408.6265232317677,50660.63285169631,357.276219967692,351.2623049161076,59026.76078615603,4185.437388578703,342.14917139109025,59752.05185717334,20508.46288453098,343.09620969183123,59683.80703314152,49.65099300291796,468.2320096887059,35002.6961530002,87.5198287995986,408.6265232317677,50660.63285169631,357.276219967692,351.2623049161076,59026.76078615603,4185.437388578703,342.14917139109025,59752.05185717334,20508.46288453098,343.09620969183123,59683.80703314152,41.02836698308767,553.9999999901702,0.0022035878672572,553.9999999901702,4.855799488723278e-06,0.0,0.0,61.75697048347588,553.9999645921566,0.1322553337013908,553.9999645921566,0.0174914732924662,0.0,0.0,210.6403331968345,553.9399849111909,5.444616796520372,553.9399849111909,29.64385206095176,0.0,0.0,2391.5466943759243,553.7093071199462,11.979890667132445,553.7093071199462,143.51778039644702,0.0,0.0,11755.930492564172,553.7856296315834,10.288489069939228,553.7856296315834,105.85300734225892,0.0,0.0,41.02836698308767,0.0089802320716359,0.0013298594264917,61.75697048347588,0.0091120862457243,0.0013983125344475,210.6403331968345,0.0071771541460107,0.0009458574043022,2391.5466943759243,656.6806522789574,990038911627.2314,11755.930492564172,64538.3643305742,97297473012563.02,1.0,554.0,0.0,554.0,0.0,0.0,0.0,1.0,554.0,0.0,554.0,0.0,0.0,0.0,1.0,554.0,0.0,554.0,0.0,0.0,0.0,1.0,554.0,0.0,554.0,0.0,0.0,0.0,1.0,554.0,0.0,554.0,0.0,0.0,0.0
176.12736547942012,81.06237828473608,5840.638520000684,286.2264564002544,78.8723881351603,4030.731075939895,842.5235942620521,75.92375385602226,1563.3893954692194,7796.516079790535,74.64016291828712,470.49274580140815,40541.91863318338,74.38966990986235,262.7036631236706,176.12736547942012,81.06237828473608,5840.638520000684,286.2264564002544,78.8723881351603,4030.731075939895,842.5235942620521,75.92375385602226,1563.3893954692194,7796.516079790535,74.64016291828712,470.49274580140815,40541.91863318338,74.38966990986235,262.7036631236706,174.5799149081665,74.0000000000001,3.438521647895802e-06,95.26804291051651,1.2040074848185876e-11,6.90424731749451e-28,1.3316021446377706e-16,284.354880532583,73.9999999992618,0.0001017083710319,95.26804290994306,1.0344593377666129e-08,-1.384163849732973e-22,-7.135110798511345e-13,839.1959896684418,73.99995886428339,0.0239978819472981,95.26801095811555,0.0005758983379564,7.871498972567316e-18,1.3490491277534153e-10,7771.236343092264,73.99858801216644,0.1405910234889278,95.2669461449998,0.0197658358856642,2.6852477003223873e-16,3.2069661102222327e-10,40417.55233667386,73.99837631585555,0.1507612075309383,95.2667817100114,0.0227289416961866,2.9916462042170667e-16,3.6498822814790334e-10,174.5799149081666,0.0017010319397595,2.6296320310346952e-05,284.3548805325832,0.0017229242686099,2.8622421725649626e-05,839.1959896684469,0.0017313589250314,3.285287004097298e-05,7771.2363430923315,84.725180361308,127586055566.25616,40417.55233667189,17190.93845447741,25887782007302.34,1.0,74.0,0.0,95.26804291051644,0.0,0.0,0.0,1.0,74.0,0.0,95.26804291051644,0.0,0.0,0.0,1.0,74.0,0.0,95.26804291051644,0.0,0.0,0.0,1.020569255906649,74.0,0.0,95.26804291051644,4.547473508864641e-13,0.0,0.0,2.141630641097649,73.99999999999999,1.3486991523486091e-06,95.2680429105164,2.033691978340166e-12,4.1614858828413844e-29,3.2354392849491336e-17
95.03105015350708,310.0440745906217,60993.689151998944,154.01854876287797,299.92111435681494,60946.51815653009,409.813307315766,316.3595697560215,60900.913357962425,3991.7576830895455,335.4139057859484,60177.974215810325,24903.58602702188,341.1770316110738,59817.71877444749,95.03105015350708,310.0440745906217,60993.689151998944,154.01854876287797,299.92111435681494,60946.51815653009,409.813307315766,316.3595697560215,60900.913357962425,3991.7576830895455,335.4139057859484,60177.974215810325,24903.58602702188,341.1770316110738,59817.71877444749,48.09864664462167,554.0,7.62939453125e-06,554.0,5.820766091346741e-11,0.0,0.0,74.79404195248237,554.0000000000006,2.288818359375e-05,554.0000000000006,5.238689482212067e-10,0.0,0.0,212.63515791525435,553.9999993705335,0.017633960379855,553.9999993705335,0.0003109565586782,0.0,0.0,2225.4085601656507,553.9257992433178,6.053896930797386,553.9257992433178,36.649668048718006,0.0,0.0,14177.099277669857,553.8318094202949,9.11360841290492,553.8318094202949,83.05785830377134,0.0,0.0,48.09864664462167,0.0069486807457439,0.0006098451614707,74.79404195248237,0.0071083497117514,0.0006919987589186,212.63515791525435,0.0070121283392352,0.0006390213300764,2225.4085601656507,57.0854538267595,86055405792.22037,14177.099277669857,41617.23932859588,62742736141675.61,1.0,554.0,0.0,554.0,0.0,0.0,0.0,1.0,554.0,0.0,554.0,0.0,0.0,0.0,1.0,554.0,0.0,554.0,0.0,0.0,0.0,1.0,554.0,0.0,554.0,0.0,0.0,0.0,1.0,554.0,0.0,554.0,0.0,0.0,0.0
1.0,60.0,0.0,1.0,60.0,0.0,1.0,60.0,0.0,1.0,60.0,0.0,1.0,60.0,0.0,1.0,60.0,0.0,1.0,60.0,0.0,1.0,60.0,0.0,1.0,60.0,0.0,1.0,60.0,0.0,1.0,60.0,0.0,60.0,0.0,0.0,0.0,1.0,60.0,0.0,60.0,0.0,0.0,0.0,1.0,60.0,0.0,60.0,0.0,0.0,0.0,1.0,60.0,0.0,60.0,0.0,0.0,0.0,1.0,60.0,0.0,60.0,0.0,0.0,0.0,1.0,1505913537.640193,0.0,1.0,1505913537.640193,0.0,1.0,1505913537.640193,0.0,1.0,1505913537.640193,0.0,1.0,1505913537.640193,0.0,1.0,60.0,0.0,60.0,0.0,0.0,0.0,1.0,60.0,0.0,60.0,0.0,0.0,0.0,1.0,60.0,0.0,60.0,0.0,0.0,0.0,1.0,60.0,0.0,60.0,0.0,0.0,0.0,1.0,60.0,0.0,60.0,0.0,0.0,0.0
99.2449839051132,243.3469183046845,59149.80206190706,128.06569106311616,233.86637884085363,57725.58357144715,291.178060174132,204.41733358474,52180.61432260413,3588.164649847776,316.6405506252693,63972.257985887176,14880.1276016702,331.4787331416505,63644.025051705226,99.2449839051132,243.3469183046845,59149.80206190706,128.06569106311616,233.86637884085363,57725.58357144715,291.178060174132,204.41733358474,52180.61432260413,3588.164649847776,316.6405506252693,63972.257985887176,14880.1276016702,331.4787331416505,63644.025051705226,1.0,60.0,0.0,60.0,0.0,0.0,0.0,1.0,60.0,0.0,60.0,0.0,0.0,0.0,1.0,60.0,0.0,60.0,0.0,0.0,0.0,1.0,60.0,0.0,60.0,0.0,0.0,0.0,1.0,60.0,0.0,60.0,0.0,0.0,0.0,1.0,1507657985.804634,0.0,1.0,1507657985.804634,0.0,1.0,1507657985.804634,0.0,1.0,1507657985.804634,0.0,1.0,1507657985.804634,0.0,1.0,60.0,0.0,60.0,0.0,0.0,0.0,1.0,60.0,0.0,60.0,0.0,0.0,0.0,1.0,60.0,0.0,60.0,0.0,0.0,0.0,1.0,60.0,0.0,60.0,0.0,0.0,0.0,1.0,60.0,0.0,60.0,0.0,0.0,0.0
90.6461493999286,194.45019104390548,48340.39136973001,137.75801304668698,227.24632453781345,54644.51480105412,345.96129676675696,301.55282747936343,60969.53964114191,3806.2395863034017,339.4554901023128,59937.27018423194,34035.313846594065,341.72202096827823,59781.340740552725,90.6461493999286,194.45019104390548,48340.39136973001,137.75801304668698,227.24632453781345,54644.51480105412,345.96129676675696,301.55282747936343,60969.53964114191,3806.2395863034017,339.4554901023128,59937.27018423194,34035.313846594065,341.72202096827823,59781.340740552725,1.0,60.0,0.0,60.0,0.0,0.0,0.0,1.0,60.0,0.0,60.0,0.0,0.0,0.0,1.0,60.0,0.0,60.0,0.0,0.0,0.0,1.0,60.0,0.0,60.0,0.0,0.0,0.0,1.0,60.0,0.0,60.0,0.0,0.0,0.0,1.0,1507656211.161124,0.0,1.0,1507656211.161124,0.0,1.0,1507656211.161124,0.0,1.0,1507656211.161124,0.0,1.0,1507656211.161124,0.0,1.0,60.0,0.0,60.0,0.0,0.0,0.0,1.0,60.0,0.0,60.0,0.0,0.0,0.0,1.0,60.0,0.0,60.0,0.0,0.0,0.0,1.0,60.0,0.0,60.0,0.0,0.0,0.0,1.0,60.0,0.0,60.0,0.0,0.0,0.0
