1.0,60.0,0.0,1.0,60.0,0.0,1.0,60.0,0.0,1.0,60.0,0.0,1.0,60.0,0.0,1.0,60.0,0.0,1.0,60.0,0.0,1.0,60.0,0.0,1.0,60.0,0.0,1.0,60.0,0.0,1.0,60.0,0.0,60.0,0.0,0.0,0.0,1.0,60.0,0.0,60.0,0.0,0.0,0.0,1.0,60.0,0.0,60.0,0.0,0.0,0.0,1.0,60.0,0.0,60.0,0.0,0.0,0.0,1.0,60.0,0.0,60.0,0.0,0.0,0.0,1.0,1505913570.210413,0.0,1.0,1505913570.210413,0.0,1.0,1505913570.210413,0.0,1.0,1505913570.210413,0.0,1.0,1505913570.210413,0.0,1.0,60.0,0.0,60.0,0.0,0.0,0.0,1.0,60.0,0.0,60.0,0.0,0.0,0.0,1.0,60.0,0.0,60.0,0.0,0.0,0.0,1.0,60.0,0.0,60.0,0.0,0.0,0.0,1.0,60.0,0.0,60.0,0.0,0.0,0.0
1.0,60.0,0.0,1.0,60.0,0.0,1.0,60.0,0.0,1.0,60.0,0.0,1.0,60.0,0.0,1.0,60.0,0.0,1.0,60.0,0.0,1.0,60.0,0.0,1.0,60.0,0.0,1.0,60.0,0.0,1.0,60.0,0.0,60.0,0.0,0.0,0.0,1.0,60.0,0.0,60.0,0.0,0.0,0.0,1.0,60.0,0.0,60.0,0.0,0.0,0.0,1.0,60.0,0.0,60.0,0.0,0.0,0.0,1.0,60.0,0.0,60.0,0.0,0.0,0.0,1.0,1505913443.476903,0.0,1.0,1505913443.476903,0.0,1.0,1505913443.476903,0.0,1.0,1505913443.476903,0.0,1.0,1505913443.476903,0.0,1.0,60.0,0.0,60.0,0.0,0.0,0.0,1.0,60.0,0.0,60.0,0.0,0.0,0.0,1.0,60.0,0.0,60.0,0.0,0.0,0.0,1.0,60.0,0.0,60.0,0.0,0.0,0.0,1.0,60.0,0.0,60.0,0.0,0.0,0.0
185.3181888979456,74.03731687694476,0.8942125939611287,296.3155748500963,74.04287171278867,1.027596005871601,837.7531997542035,74.0502797640427,2.7507823199566697,4905.2796489048405,74.10506680214384,18.178199732951725,7173.402213563057,74.10750090592114,18.707491724565447,185.3181888979456,74.03731687694476,0.8942125939611287,296.3155748500963,74.04287171278867,1.027596005871601,837.7531997542035,74.0502797640427,2.7507823199566697,4905.2796489048405,74.10506680214384,18.178199732951725,7173.402213563057,74.10750090592114,18.707491724565447,185.0300432320776,74.00000000000004,1.9073486328125e-06,95.26804291051648,5.823607568738997e-12,-1.168355108701517e-27,-2.872497706499021e-16,295.786284624282,73.99999999752754,0.0001859958332096,95.26804290859596,3.4594450117790456e-08,2.1296931316996243e-22,6.417704352883937e-13,836.1951174649678,73.99990065257711,0.037294155994741,95.26796574185516,0.00139085407136,-6.955111492837173e-18,-1.955524342672249e-10,4893.159350522918,73.99680258997846,0.2115502702509018,95.26555932518468,0.0447535168432295,8.551777153620843e-16,8.010574954229648e-10,7154.446576198844,73.99630763230464,0.2273312872485011,95.2651748710657,0.0516795141620605,-1.5750690341744785e-15,-1.3154985564883251e-09,185.0300432320776,0.0015909956475768,9.693197729978828e-05,295.7862846242823,0.0016543840240724,5944.649689410792,836.1951174649689,165.44936989394742,249149933665.5661,4893.159350522938,121486.41131240252,182933365120490.1,7154.446576198826,191803.2235923225,288802430295090.4,1.0,74.0,0.0,74.0,0.0,0.0,0.0,1.0,74.0,0.0,74.0,0.0,0.0,0.0,1.0,74.0,0.0,74.0,0.0,0.0,0.0,1.0,74.0,0.0,74.0,0.0,0.0,0.0,1.0,74.0,0.0,74.0,0.0,0.0,0.0
1.0,60.0,0.0,1.0,60.0,0.0,1.0,60.0,0.0,1.0,60.0,0.0,1.0,60.0,0.0,1.0,60.0,0.0,1.0,60.0,0.0,1.0,60.0,0.0,1.0,60.0,0.0,1.0,60.0,0.0,1.0,60.0,0.0,60.0,0.0,0.0,0.0,1.0,60.0,0.0,60.0,0.0,0.0,0.0,1.0,60.0,0.0,60.0,0.0,0.0,0.0,1.0,60.0,0.0,60.0,0.0,0.0,0.0,1.0,60.0,0.0,60.0,0.0,0.0,0.0,1.0,1505913556.941356,0.0,1.0,1505913556.941356,0.0,1.0,1505913556.941356,0.0,1.0,1505913556.941356,0.0,1.0,1505913556.941356,0.0,1.0,60.0,0.0,60.0,0.0,0.0,0.0,1.0,60.0,0.0,60.0,0.0,0.0,0.0,1.0,60.0,0.0,60.0,0.0,0.0,0.0,1.0,60.0,0.0,60.0,0.0,0.0,0.0,1.0,60.0,0.0,60.0,0.0,0.0,0.0
1.0,60.0,0.0,1.0,60.0,0.0,1.0,60.0,0.0,1.0,60.0,0.0,1.0,60.0,0.0,1.0,60.0,0.0,1.0,60.0,0.0,1.0,60.0,0.0,1.0,60.0,0.0,1.0,60.0,0.0,1.0,60.0,0.0,60.0,0.0,0.0,0.0,1.0,60.0,0.0,60.0,0.0,0.0,0.0,1.0,60.0,0.0,60.0,0.0,0.0,0.0,1.0,60.0,0.0,60.0,0.0,0.0,0.0,1.0,60.0,0.0,60.0,0.0,0.0,0.0,1.0,1505913450.7167714,0.0,1.0,1505913450.7167714,0.0,1.0,1505913450.7167714,0.0,1.0,1505913450.7167714,0.0,1.0,1505913450.7167714,0.0,1.0,60.0,0.0,60.0,0.0,0.0,0.0,1.0,60.0,0.0,60.0,0.0,0.0,0.0,1.0,60.0,0.0,60.0,0.0,0.0,0.0,1.0,60.0,0.0,60.0,0.0,0.0,0.0,1.0,60.0,0.0,60.0,0.0,0.0,0.0
166.90124739474774,74.07145733677739,1.7338201320571898,274.66289387308615,74.06443974631165,2.3485260966308488,799.0907697896881,74.17709161173731,90.61965884167148,5797.268916727711,74.67744087125979,494.97236307047206,12417.356778273936,74.49591543201795,345.39483124534945,166.90124739474774,74.07145733677739,1.7338201320571898,274.66289387308615,74.06443974631165,2.3485260966308488,799.0907697896881,74.17709161173731,90.61965884167148,5797.268916727711,74.67744087125979,494.97236307047206,12417.356778273936,74.49591543201795,345.39483124534945,166.39949688628255,74.00000000000007,3.162979879718208e-06,95.26804291051651,1.3520610761878295e-11,2.1918394225742508e-27,2.297799961873747e-16,273.89171690171287,74.00000000000013,4.1569699702650776e-06,95.26804291051646,2.0438351433989948e-11,-7.019804224417647e-27,-5.11160637735329e-16,796.5271329000162,73.99999999497773,0.0002651814866207,95.2680429066154,7.032122143452543e-08,-8.073448868115162e-22,-1.00952205501304e-12,5775.038830745752,73.99899747377567,0.1184667128913636,95.26726419460051,0.0140343620632847,3.910003980658096e-16,6.540361583600517e-10,12375.230437353994,73.99806734653849,0.1644792183242193,95.26654171860594,0.0270534132605462,-1.901341438659247e-15,-1.689061173497698e-09,166.3994968862826,0.0017657411257021,1.5758151077800204e-05,273.89171690171315,0.0017758807927922,1.6641623294608108e-05,796.5271329000196,0.0102158127574048,12594979.67362391,5775.038830745796,38091.2418237522,57360692415721.58,12375.230437353945,100393.35157464854,151173704097543.6,1.0,74.0,0.0,74.0,0.0,0.0,0.0,1.0,74.0,0.0,74.0,0.0,0.0,0.0,1.0,74.0,0.0,74.0,0.0,0.0,0.0,1.0,74.0,0.0,74.0,0.0,0.0,0.0,1.0,74.0,0.0,74.0,0.0,0.0,0.0
1.0,60.0,0.0,1.0,60.0,0.0,1.0,60.0,0.0,1.0,60.0,0.0,1.0,60.0,0.0,1.0,60.0,0.0,1.0,60.0,0.0,1.0,60.0,0.0,1.0,60.0,0.0,1.0,60.0,0.0,1.0,60.0,0.0,60.0,0.0,0.0,0.0,1.0,60.0,0.0,60.0,0.0,0.0,0.0,1.0,60.0,0.0,60.0,0.0,0.0,0.0,1.0,60.0,0.0,60.0,0.0,0.0,0.0,1.0,60.0,0.0,60.0,0.0,0.0,0.0,1.0,1505913540.203105,0.0,1.0,1505913540.203105,0.0,1.0,1505913540.203105,0.0,1.0,1505913540.203105,0.0,1.0,1505913540.203105,0.0,1.0,60.0,0.0,60.0,0.0,0.0,0.0,1.0,60.0,0.0,60.0,0.0,0.0,0.0,1.0,60.0,0.0,60.0,0.0,0.0,0.0,1.0,60.0,0.0,60.0,0.0,0.0,0.0,1.0,60.0,0.0,60.0,0.0,0.0,0.0
167.782257458305,74.00558260849806,0.1339514384462745,274.90416335361493,74.01390374354061,0.3334987658518003,823.0009179915671,74.0307103070799,0.979089434556954,7084.246578817276,74.08212377405883,15.656073354948608,14383.212930427151,74.0895543561368,19.23910922833965,167.782257458305,74.00558260849806,0.1339514384462745,274.90416335361493,74.01390374354061,0.3334987658518003,823.0009179915671,74.0307103070799,0.979089434556954,7084.246578817276,74.08212377405883,15.656073354948608,14383.212930427151,74.0895543561368,19.23910922833965,167.74322984762034,74.00000000000004,1.6518123698891422e-06,95.26804291051644,5.6979679748754595e-12,-2.483304791051676e-27,-6.721835513517662e-16,274.7449050121494,74.00000000000004,9.5367431640625e-07,95.26804291051648,1.016845989170083e-12,1.5604476793521223e-28,2.426409155777977e-16,821.9694564316083,73.99999999126393,0.0003497164158812,95.2680429037306,1.2230157160528917e-07,1.0790599753499088e-22,1.5251874446584737e-13,7065.26131955797,73.99913117695209,0.1102849391636524,95.26736804879064,0.0121627678063305,2.3645373025409604e-16,5.027069358754992e-10,14340.74842560265,73.99832244655063,0.1532414241875934,95.2667398670894,0.0234829340870419,3.6223471664904776e-16,4.381661417147324e-10,167.74322984762009,0.0017772658298186,3.2725724774922433e-05,274.74490501215,0.0017859245534345,3.284689547794199e-05,821.969456431611,0.0163994601162673,22035070.476140887,7065.261319558002,33030.0249569597,49739277642184.57,14340.748425602444,87146.91355832093,131228144777875.95,1.0,74.0,0.0,74.0,0.0,0.0,0.0,1.0,74.0,0.0,74.0,0.0,0.0,0.0,1.0,74.0,0.0,74.0,0.0,0.0,0.0,1.0,74.0,0.0,74.0,0.0,0.0,0.0,1.0,74.0,0.0,74.0,0.0,0.0,0.0
1.0,60.0,0.0,1.0,60.0,0.0,1.0,60.0,0.0,1.0,60.0,0.0,1.0,60.0,0.0,1.0,60.0,0.0,1.0,60.0,0.0,1.0,60.0,0.0,1.0,60.0,0.0,1.0,60.0,0.0,1.0,60.0,0.0,60.0,0.0,0.0,0.0,1.0,60.0,0.0,60.0,0.0,0.0,0.0,1.0,60.0,0.0,60.0,0.0,0.0,0.0,1.0,60.0,0.0,60.0,0.0,0.0,0.0,1.0,60.0,0.0,60.0,0.0,0.0,0.0,1.0,1505913456.876312,0.0,1.0,1505913456.876312,0.0,1.0,1505913456.876312,0.0,1.0,1505913456.876312,0.0,1.0,1505913456.876312,0.0,1.0,60.0,0.0,60.0,0.0,0.0,0.0,1.0,60.0,0.0,60.0,0.0,0.0,0.0,1.0,60.0,0.0,60.0,0.0,0.0,0.0,1.0,60.0,0.0,60.0,0.0,0.0,0.0,1.0,60.0,0.0,60.0,0.0,0.0,0.0
153.10514578110147,74.12528481100388,2.991150243925404,257.47963910066943,74.09105563836833,2.186094078207134,796.0381338193351,74.07340345313379,5.799852255851874,4556.381569197511,74.11826411452266,21.298635468337125,6456.360710357541,74.1167900794048,20.88466309127853,153.10514578110147,74.12528481100388,2.991150243925404,257.47963910066943,74.09105563836833,2.186094078207134,796.0381338193351,74.07340345313379,5.799852255851874,4556.381569197511,74.11826411452266,21.298635468337125,6456.360710357541,74.1167900794048,20.88466309127853,152.30590650450085,73.999999999996,7.448434520632414e-06,95.26804291051327,5.629507724343033e-11,3.7316590158080697e-25,1.6212209689811932e-14,256.5031426652933,73.99999995628168,0.0007823460729985,95.26804287655798,6.120653779377533e-07,3.500356903757841e-22,3.8306079440367e-13,794.0928829785163,73.99974010529544,0.0603196344482826,95.26784103595124,0.0036384582999744,-2.1844566775356602e-17,-1.4352766795581883e-10,4544.174305073634,73.99622902928581,0.2297376106743402,95.26511381694012,0.0527793697583547,1.4855620997317082e-15,1.189369901064074e-09,6438.238364332265,73.99585937422621,0.2407314189612885,95.26482669133613,0.0579516160751154,-1.4626460847557118e-15,-9.34286156915152e-10,152.30590650450085,0.0019671585312591,0.0092621015532644,256.50314266529307,0.0019888435157681,105105.42043504104,794.0928829785178,432.81591517172063,651780742261.2998,4544.174305073631,143278.99616404035,215745360818831.2,6438.238364332245,215088.3757669916,323858399899844.7,1.0,74.0,0.0,74.0,0.0,0.0,0.0,1.0,74.0,0.0,74.0,0.0,0.0,0.0,1.0,74.0,0.0,74.0,0.0,0.0,0.0,1.0,74.0,0.0,74.0,0.0,0.0,0.0,1.0,74.0,0.0,74.0,0.0,0.0,0.0
1.0,60.0,0.0,1.0,60.0,0.0,1.0,60.0,0.0,1.0,60.0,0.0,1.0,60.0,0.0,1.0,60.0,0.0,1.0,60.0,0.0,1.0,60.0,0.0,1.0,60.0,0.0,1.0,60.0,0.0,1.0,60.0,0.0,60.0,0.0,0.0,0.0,1.0,60.0,0.0,60.0,0.0,0.0,0.0,1.0,60.0,0.0,60.0,0.0,0.0,0.0,1.0,60.0,0.0,60.0,0.0,0.0,0.0,1.0,60.0,0.0,60.0,0.0,0.0,0.0,1.0,1505913553.281626,0.0,1.0,1505913553.281626,0.0,1.0,1505913553.281626,0.0,1.0,1505913553.281626,0.0,1.0,1505913553.281626,0.0,1.0,60.0,0.0,60.0,0.0,0.0,0.0,1.0,60.0,0.0,60.0,0.0,0.0,0.0,1.0,60.0,0.0,60.0,0.0,0.0,0.0,1.0,60.0,0.0,60.0,0.0,0.0,0.0,1.0,60.0,0.0,60.0,0.0,0.0,0.0
130.8858365256647,74.00974376843962,0.2337555015319594,237.1865295059669,74.01941048432009,0.4654748568036666,766.6657329017349,74.03411607414861,0.8181735564012342,7404.128579059991,74.07786535997154,16.261237811552743,37271.126353108266,74.25384141837719,151.33843674340548,130.8858365256647,74.00974376843962,0.2337555015319594,237.1865295059669,74.01941048432009,0.4654748568036666,766.6657329017349,74.03411607414861,0.8181735564012342,7404.128579059991,74.07786535997154,16.261237811552743,37271.126353108266,74.25384141837719,151.33843674340548,130.8326981388674,73.99999999999999,2.132480599880018e-06,95.26804291051644,7.458411103860604e-12,-8.747459404820606e-29,-1.6870971110892885e-17,236.9947001138013,73.99999999999984,3.438521647895802e-06,95.26804291051636,1.237046536401562e-11,-1.038786135368788e-26,-1.5838873827463392e-15,765.5759098634659,73.99999799205182,0.0053020069756942,95.26804135083118,2.811127797031085e-05,-1.5295775150273644e-20,-1.9132032280162727e-12,7387.136602736482,73.9990264088792,0.1167447121447478,95.26728666998972,0.01362932781376,8.69606590037557e-17,4.939869915284176e-10,37163.61181922281,73.99847428178677,0.1461428315964944,95.26685780496923,0.0213577272270413,3.5437727005389843e-16,3.5260346999858377e-10,130.83269813886736,0.0023065489702536,5.830155716684874e-05,236.9947001138011,0.0020764783794393,4.3565052232153255e-05,765.5759098634677,0.0018969222064666,3.298074082344677e-05,7387.136602736579,194.628683068458,293091135234.88544,37163.61181922115,20214.836106209703,30441399644354.8,1.0,74.0,0.0,95.26804291051644,0.0,0.0,0.0,1.0,74.0,0.0,95.26804291051644,0.0,0.0,0.0,1.0,74.0,0.0,95.26804291051644,0.0,0.0,0.0,1.020183604003824,74.0,0.0,95.26804291051644,0.0,0.0,0.0,1.6768615929394657,73.99999999999999,9.5367431640625e-07,95.26804291051644,9.094947017729282e-13,0.0,0.0
129.3261115372193,74.00785624486224,0.1884881561109068,215.79478490177985,74.01860315632054,0.4461296745184882,709.6021659519374,74.0353477919313,0.976105339644164,7473.378804683221,74.42283359833837,299.811720311287,21019.62049034441,74.51067602472429,363.3895078692658,129.3261115372193,74.00785624486224,0.1884881561109068,215.79478490177985,74.01860315632054,0.4461296745184882,709.6021659519374,74.0353477919313,0.976105339644164,7473.378804683221,74.42283359833837,299.811720311287,21019.62049034441,74.51067602472429,363.3895078692658,129.28377747058116,73.99999999999996,2.523185072960464e-06,95.2680429105164,6.6212213726253296e-12,-9.775925410042556e-28,-2.872722579733636e-16,215.62751556349252,74.0,1.9073486328125e-06,95.26804291051646,4.290077928115626e-12,2.0993822140709127e-27,7.299470203366597e-16,708.5599687978993,73.999999172578,0.0034035123907439,95.26804226781158,1.1583896593948935e-05,1.4969092411176532e-19,1.8088867118478408e-11,7450.982046465598,73.99910828862645,0.1117280809481849,95.26735027023608,0.0124831640723641,1.1160064043396531e-16,0.0,20950.4182119038,73.9983961410713,0.1498380882027346,95.2667971092278,0.0224514526762504,-3.391857213784926e-16,-2.0699143494191632e-10,129.2837774705812,0.0022884967506108,2.84109717906334e-05,215.62751556349264,0.0022653904452459,2.9301587542283668e-05,708.5599687979001,0.0020460711605084,24.33867065784124,7450.98204646571,7828.780203264959,11789408131284.912,20950.41821190336,51929.99824938268,78199428515113.02,1.0,74.0,0.0,74.0,0.0,0.0,0.0,1.0,74.0,0.0,74.0,0.0,0.0,0.0,1.0,74.0,0.0,74.0,0.0,0.0,0.0,1.0,74.0,0.0,74.0,0.0,0.0,0.0,1.0,74.0,0.0,74.0,0.0,0.0,0.0
1.0,60.0,0.0,1.0,60.0,0.0,1.0,60.0,0.0,1.0,60.0,0.0,1.0,60.0,0.0,1.0,60.0,0.0,1.0,60.0,0.0,1.0,60.0,0.0,1.0,60.0,0.0,1.0,60.0,0.0,1.0,60.0,0.0,60.0,0.0,0.0,0.0,1.0,60.0,0.0,60.0,0.0,0.0,0.0,1.0,60.0,0.0,60.0,0.0,0.0,0.0,1.0,60.0,0.0,60.0,0.0,0.0,0.0,1.0,60.0,0.0,60.0,0.0,0.0,0.0,1.0,1505913464.632097,0.0,1.0,1505913464.632097,0.0,1.0,1505913464.632097,0.0,1.0,1505913464.632097,0.0,1.0,1505913464.632097,0.0,1.0,60.0,0.0,60.0,0.0,0.0,0.0,1.0,60.0,0.0,60.0,0.0,0.0,0.0,1.0,60.0,0.0,60.0,0.0,0.0,0.0,1.0,60.0,0.0,60.0,0.0,0.0,0.0,1.0,60.0,0.0,60.0,0.0,0.0,0.0
153.95617934700118,73.99620544199298,4.074466929019764,242.9618525647913,74.09158062564356,75.4493637813557,543.1960994074402,75.5106911765175,1231.4828938106648,5098.4474058805245,74.89599711425544,690.8477411230207,10631.91782499491,74.55040437804766,398.2501117720976,153.95617934700118,73.99620544199298,4.074466929019764,242.9618525647913,74.09158062564356,75.4493637813557,543.1960994074402,75.5106911765175,1231.4828938106648,5098.4474058805245,74.89599711425544,690.8477411230207,10631.91782499491,74.55040437804766,398.2501117720976,153.58508401699532,73.99999999999999,1.9073486328125e-06,95.26804291051644,3.666290353202634e-12,3.9354687906134974e-28,3.059717295291733e-16,242.1964249947192,74.00000000000014,3.932099938981686e-06,95.26804291051664,1.9464036594429395e-11,1.567457707042641e-26,1.1593098378825665e-15,540.2287891160074,73.99999990799543,0.0011349269308903,95.26804283905147,1.288059138973838e-06,-1.5003818812787454e-20,-2.19181465784124e-12,5079.660135666289,73.99853362393189,0.1432728677785211,95.26690389895184,0.0205271146414816,2.3788368867440943e-16,2.3802563504105804e-10,10597.792294678273,73.99768561920425,0.1799888183098175,95.2662452130798,0.0323959747165645,-1.963845787313913e-15,-1.2196084732466635e-09,153.58508401699518,0.0020110759652838,0.0001508984332506,242.1964249947192,0.0022670359901211,0.000521590344461,540.2287891160087,0.1565210262715095,230735287.1789649,5079.660135666338,55715.33518297835,83899413485652.88,10597.792294678238,120222.50695839552,181030338478201.7,1.0,74.0,0.0,74.0,0.0,0.0,0.0,1.0,74.0,0.0,74.0,0.0,0.0,0.0,1.0,74.0,0.0,74.0,0.0,0.0,0.0,1.0,74.0,0.0,74.0,0.0,0.0,0.0,1.0,74.0,0.0,74.0,0.0,0.0,0.0
173.68118016050067,74.11275721977623,58.222311954029465,282.66504708884787,74.57227532738564,382.1169359639225,814.9728828908226,76.04454460282341,1525.9241719659706,6533.818579704679,75.17284105369939,882.8826043281961,14982.812128521327,74.76674143091341,559.8140208090572,173.68118016050067,74.11275721977623,58.222311954029465,282.66504708884787,74.57227532738564,382.1169359639225,814.9728828908226,76.04454460282341,1525.9241719659706,6533.818579704679,75.17284105369939,882.8826043281961,14982.812128521327,74.76674143091341,559.8140208090572,173.48948126235214,73.9958284317033,0.2416289597099568,95.2648026570888,0.0583845541705159,-2.8379891162647464e-16,-4.2242750866796535e-10,282.0135580295366,73.99160685491563,0.3426858419970053,95.26152363348172,0.1174335863051965,-2.356467335874335e-16,-5.098591030428124e-10,811.0621926489847,73.99045528912191,0.3654242066409273,95.26062919113828,0.1335348507991511,-2.2417658750146284e-16,-4.0683925473023785e-10,6507.273860668412,73.99736300041148,0.1921224621312651,95.26599462040308,0.0369110404553794,3.224938982515328e-16,5.081040405921627e-10,14929.432105090022,73.99752529915193,0.1861174030730792,95.2661206851555,0.034639687726667,-1.5209078789259953e-15,-1.892513160918733e-09,173.48948126235203,0.0016900421575065,1.2979366411672847e-05,282.01355802953674,0.0017222062418667,1.3566726536512349e-05,811.0621926489882,0.0019722602902559,280757.9774593411,6507.273860668461,23151.53497110526,34863689069804.19,14929.432105089829,80126.25480870232,120656851495250.12,1.0,74.0,0.0,74.0,0.0,0.0,0.0,1.0,74.0,0.0,74.0,0.0,0.0,0.0,1.0,74.0,0.0,74.0,0.0,0.0,0.0,1.0,74.0,0.0,74.0,0.0,0.0,0.0,1.0,74.0,0.0,74.0,0.0,0.0,0.0
1.0,60.0,0.0,1.0,60.0,0.0,1.0,60.0,0.0,1.0,60.0,0.0,1.0,60.0,0.0,1.0,60.0,0.0,1.0,60.0,0.0,1.0,60.0,0.0,1.0,60.0,0.0,1.0,60.0,0.0,1.0,60.0,0.0,60.0,0.0,0.0,0.0,1.0,60.0,0.0,60.0,0.0,0.0,0.0,1.0,60.0,0.0,60.0,0.0,0.0,0.0,1.0,60.0,0.0,60.0,0.0,0.0,0.0,1.0,60.0,0.0,60.0,0.0,0.0,0.0,1.0,1505913561.445498,0.0,1.0,1505913561.445498,0.0,1.0,1505913561.445498,0.0,1.0,1505913561.445498,0.0,1.0,1505913561.445498,0.0,1.0,60.0,0.0,60.0,0.0,0.0,0.0,1.0,60.0,0.0,60.0,0.0,0.0,0.0,1.0,60.0,0.0,60.0,0.0,0.0,0.0,1.0,60.0,0.0,60.0,0.0,0.0,0.0,1.0,60.0,0.0,60.0,0.0,0.0,0.0
159.06785095866582,74.03934120316967,0.94264114580983,259.60107977895507,74.04601095474753,1.1021459059920744,761.107057629635,74.04718208487795,1.1719543926428742,7522.906579539976,74.38392412977574,268.12860802260275,21637.133136284923,74.49309159125116,349.3684585795172,159.06785095866582,74.03934120316967,0.94264114580983,259.60107977895507,74.04601095474753,1.1021459059920744,761.107057629635,74.04718208487795,1.1719543926428742,7522.906579539976,74.38392412977574,268.12860802260275,21637.133136284923,74.49309159125116,349.3684585795172,158.8071042652353,73.9999999999999,3.438521647895802e-06,95.26804291051631,1.412647595044206e-11,2.0907910922352744e-27,2.1869020348288006e-16,259.1033925483627,73.9999999999999,3.932099938981686e-06,95.26804291051631,1.7494479890657516e-11,1.4337934963438631e-27,1.2745025750045883e-16,759.6117977684439,73.99999973170532,0.001938070357826,95.26804270211704,3.756116711883832e-06,4.696131187319583e-21,3.593234761111435e-12,7500.876615323086,73.99920304127944,0.1056256926942706,95.2674238695708,0.0111567869571445,1.2133566623937336e-16,3.2783244905552833e-10,21566.67079047969,73.99845834655912,0.1469039533454589,95.26684542729068,0.0215807715085247,-1.819675469776325e-16,-1.0712768085222778e-10,158.80710426523518,0.0018607335109963,2.2789787824617865e-05,259.1033925483628,0.0018842981116357,2.430376135741001e-05,759.6117977684454,0.001908658536751,7.891923838516267,7500.876615323205,6996.899457590766,10536679343472.412,21566.670790479257,49915.899188222014,75166573025953.23,1.0,74.0,0.0,74.0,0.0,0.0,0.0,1.0,74.0,0.0,74.0,0.0,0.0,0.0,1.0,74.0,0.0,74.0,0.0,0.0,0.0,1.0,74.0,0.0,74.0,0.0,0.0,0.0,1.0,74.0,0.0,74.0,0.0,0.0,0.0
1.0,60.0,0.0,1.0,60.0,0.0,1.0,60.0,0.0,1.0,60.0,0.0,1.0,60.0,0.0,1.0,60.0,0.0,1.0,60.0,0.0,1.0,60.0,0.0,1.0,60.0,0.0,1.0,60.0,0.0,1.0,60.0,0.0,60.0,0.0,0.0,0.0,1.0,60.0,0.0,60.0,0.0,0.0,0.0,1.0,60.0,0.0,60.0,0.0,0.0,0.0,1.0,60.0,0.0,60.0,0.0,0.0,0.0,1.0,60.0,0.0,60.0,0.0,0.0,0.0,1.0,1505913481.0745769,0.0,1.0,1505913481.0745769,0.0,1.0,1505913481.0745769,0.0,1.0,1505913481.0745769,0.0,1.0,1505913481.0745769,0.0,1.0,60.0,0.0,60.0,0.0,0.0,0.0,1.0,60.0,0.0,60.0,0.0,0.0,0.0,1.0,60.0,0.0,60.0,0.0,0.0,0.0,1.0,60.0,0.0,60.0,0.0,0.0,0.0,1.0,60.0,0.0,60.0,0.0,0.0,0.0
178.61145268548037,74.96677540443744,604.9611582404658,285.71380076138365,76.24753432555706,1568.9898320462537,810.4009980921059,77.27610666758184,2464.651482515668,6456.3176128823925,75.24099928996219,936.8450863694144,14667.291191946237,74.78533274185666,574.5311065299193,178.61145268548037,74.96677540443744,604.9611582404658,285.71380076138365,76.24753432555706,1568.9898320462537,810.4009980921059,77.27610666758184,2464.651482515668,6456.3176128823925,75.24099928996219,936.8450863694144,14667.291191946237,74.78533274185666,574.5311065299193,178.1535671914945,73.95616149091073,0.7821875173962293,95.23399509875492,0.6118173123704764,-7.140295678590542e-16,-9.572055952001376e-10,284.3300517225659,73.96530885539187,0.6960406230975467,95.24109887056908,0.484472549002021,-5.7499223430655635e-16,-2.5543381232891536e-10,805.2078766824518,73.9845287829593,0.4651426448231448,95.25602605209043,0.2163576800330702,-8.49565510520406e-16,-1.1057323128192055e-09,6429.4890869847495,73.99720105580984,0.1979327778781734,95.2658688308355,0.0391773845585703,3.852268731837026e-16,5.554332633270802e-10,14614.6575619829,73.99745994273951,0.18855861095997,95.26606991986876,0.0355543497671533,-1.5851202112614213e-15,-2.2037166616014613e-09,178.15356719149435,0.0016404572895317,9.5373664483362e-06,284.3300517225656,0.0017061723070159,1.1518066607720964e-05,805.2078766824558,0.0021014584869293,455086.3468341818,6429.489086984799,24573.32731242438,37004718643539.305,14614.657561982713,82242.37500065411,123843203600234.38,1.0,74.0,0.0,74.0,0.0,0.0,0.0,1.0,74.0,0.0,74.0,0.0,0.0,0.0,1.0,74.0,0.0,74.0,0.0,0.0,0.0,1.0,74.0,0.0,74.0,0.0,0.0,0.0,1.0,74.0,0.0,74.0,0.0,0.0,0.0
183.42988282253344,74.05734205384537,1.3729213295728186,291.5681093712547,74.05603473085483,1.3423640039200109,829.4304097321092,74.05522724400002,3.021183393391766,4868.240903335359,74.10675780218999,18.470588656172367,7101.385915023441,74.1086822027773,18.9129346402724,183.42988282253344,74.05734205384537,1.3729213295728186,291.5681093712547,74.05603473085483,1.3423640039200109,829.4304097321092,74.05522724400002,3.021183393391766,4868.240903335359,74.10675780218999,18.470588656172367,7101.385915023441,74.1086822027773,18.9129346402724,182.99162256789415,74.00000000000003,2.132480599880018e-06,95.26804291051648,1.0577153579663907e-11,-2.1119294442665127e-27,-3.204790023313884e-16,290.8873935082928,73.99999999676659,0.0002127249606574,95.26804290800489,4.525190921574238e-08,4.768564186677706e-22,9.596071359393329e-13,827.7360157902153,73.99989085687615,0.0390895361465918,95.26795813299238,0.0015279918361557,-7.140207164231457e-18,-1.0238025021982996e-10,4856.018525320694,73.99675099966535,0.2132497330638752,95.26551925280476,0.045475448651814,9.103363189463153e-16,9.65370574377652e-10,7082.414373019384,73.99626694924117,0.2285799093562232,95.26514327089112,0.0522487749612992,-1.5590072317480556e-15,-1.2844853044574134e-09,182.9916225678943,0.0016141500781843,0.0001438066326615,290.88739350829326,0.0016867265989013,7774.122796994257,827.7360157902153,181.76259997797183,273716227257.4253,4856.018525320712,123446.5984234312,185884758845109.6,7082.414373019369,193916.54038669297,291984089171232.4,1.0,74.0,0.0,74.0,0.0,0.0,0.0,1.0,74.0,0.0,74.0,0.0,0.0,0.0,1.0,74.0,0.0,74.0,0.0,0.0,0.0,1.0,74.0,0.0,74.0,0.0,0.0,0.0,1.0,74.0,0.0,74.0,0.0,0.0,0.0
1.0,60.0,0.0,1.0,60.0,0.0,1.0,60.0,0.0,1.0,60.0,0.0,1.0,60.0,0.0,1.0,60.0,0.0,1.0,60.0,0.0,1.0,60.0,0.0,1.0,60.0,0.0,1.0,60.0,0.0,1.0,60.0,0.0,60.0,0.0,0.0,0.0,1.0,60.0,0.0,60.0,0.0,0.0,0.0,1.0,60.0,0.0,60.0,0.0,0.0,0.0,1.0,60.0,0.0,60.0,0.0,0.0,0.0,1.0,60.0,0.0,60.0,0.0,0.0,0.0,1.0,1505913468.53511,0.0,1.0,1505913468.53511,0.0,1.0,1505913468.53511,0.0,1.0,1505913468.53511,0.0,1.0,1505913468.53511,0.0,1.0,60.0,0.0,60.0,0.0,0.0,0.0,1.0,60.0,0.0,60.0,0.0,0.0,0.0,1.0,60.0,0.0,60.0,0.0,0.0,0.0,1.0,60.0,0.0,60.0,0.0,0.0,0.0,1.0,60.0,0.0,60.0,0.0,0.0,0.0
177.28043248182942,74.07862414948221,1.9438071661797949,290.7415017529761,74.0654865465111,3.0940092790542613,849.5805847674225,74.34226224538725,229.1141887886306,6865.650534019195,74.93458311411042,697.946763519456,16270.917352824446,74.69667320938494,506.1571600907955,177.28043248182942,74.07862414948221,1.9438071661797949,290.7415017529761,74.0654865465111,3.0940092790542613,849.5805847674225,74.34226224538725,229.1141887886306,6865.650534019195,74.93458311411042,697.946763519456,16270.917352824446,74.69667320938494,506.1571600907955,176.5424775773267,73.9999996291876,0.0022784584745727,95.26804262248577,5.191373020353944e-06,2.444875978272581e-20,5.304071526542218e-12,289.1599961196391,73.99996931577942,0.0207262668223385,95.26801907637363,0.0004295781363907,3.761185207184583e-18,1.0986084130010059e-10,843.4591225236697,73.99857426407951,0.1412737419331868,95.2669354661757,0.0199582701598046,2.0092800149685045e-17,4.1362545053752686e-11,6832.556387307503,73.99791524731546,0.1708279584651602,95.266423575932,0.0291821913933745,1.4144487823962868e-16,1.9175701392174154e-10,16206.620133060378,73.99776237964315,0.1769793152976959,95.2663048364642,0.0313216780432412,-1.2870747475094657e-15,-2.038060886952391e-09,176.5424775773266,0.0016650177544809,1.5310105379781325e-05,289.1599961196391,0.0016826688286304,1.6302806371622196e-05,843.4591225236717,0.0017455540434585,41938.06797400502,6832.556387307571,18303.084244937967,27562538765638.23,16206.620133060112,72450.02539201076,109098278925686.8,1.0,74.0,0.0,74.0,0.0,0.0,0.0,1.0,74.0,0.0,74.0,0.0,0.0,0.0,1.0,74.0,0.0,74.0,0.0,0.0,0.0,1.0,74.0,0.0,74.0,0.0,0.0,0.0,1.0,74.0,0.0,74.0,0.0,0.0,0.0
1.0,60.0,0.0,1.0,60.0,0.0,1.0,60.0,0.0,1.0,60.0,0.0,1.0,60.0,0.0,1.0,60.0,0.0,1.0,60.0,0.0,1.0,60.0,0.0,1.0,60.0,0.0,1.0,60.0,0.0,1.0,60.0,0.0,60.0,0.0,0.0,0.0,1.0,60.0,0.0,60.0,0.0,0.0,0.0,1.0,60.0,0.0,60.0,0.0,0.0,0.0,1.0,60.0,0.0,60.0,0.0,0.0,0.0,1.0,60.0,0.0,60.0,0.0,0.0,0.0,1.0,1505913473.3759902,0.0,1.0,1505913473.3759902,0.0,1.0,1505913473.3759902,0.0,1.0,1505913473.3759902,0.0,1.0,1505913473.3759902,0.0,1.0,60.0,0.0,60.0,0.0,0.0,0.0,1.0,60.0,0.0,60.0,0.0,0.0,0.0,1.0,60.0,0.0,60.0,0.0,0.0,0.0,1.0,60.0,0.0,60.0,0.0,0.0,0.0,1.0,60.0,0.0,60.0,0.0,0.0,0.0
1.0,60.0,0.0,1.0,60.0,0.0,1.0,60.0,0.0,1.0,60.0,0.0,1.0,60.0,0.0,1.0,60.0,0.0,1.0,60.0,0.0,1.0,60.0,0.0,1.0,60.0,0.0,1.0,60.0,0.0,1.0,60.0,0.0,60.0,0.0,0.0,0.0,1.0,60.0,0.0,60.0,0.0,0.0,0.0,1.0,60.0,0.0,60.0,0.0,0.0,0.0,1.0,60.0,0.0,60.0,0.0,0.0,0.0,1.0,60.0,0.0,60.0,0.0,0.0,0.0,1.0,1505913470.323939,0.0,1.0,1505913470.323939,0.0,1.0,1505913470.323939,0.0,1.0,1505913470.323939,0.0,1.0,1505913470.323939,0.0,1.0,60.0,0.0,60.0,0.0,0.0,0.0,1.0,60.0,0.0,60.0,0.0,0.0,0.0,1.0,60.0,0.0,60.0,0.0,0.0,0.0,1.0,60.0,0.0,60.0,0.0,0.0,0.0,1.0,60.0,0.0,60.0,0.0,0.0,0.0
1.0,60.0,0.0,1.0,60.0,0.0,1.0,60.0,0.0,1.0,60.0,0.0,1.0,60.0,0.0,1.0,60.0,0.0,1.0,60.0,0.0,1.0,60.0,0.0,1.0,60.0,0.0,1.0,60.0,0.0,1.0,60.0,0.0,60.0,0.0,0.0,0.0,1.0,60.0,0.0,60.0,0.0,0.0,0.0,1.0,60.0,0.0,60.0,0.0,0.0,0.0,1.0,60.0,0.0,60.0,0.0,0.0,0.0,1.0,60.0,0.0,60.0,0.0,0.0,0.0,1.0,1505913460.517621,0.0,1.0,1505913460.517621,0.0,1.0,1505913460.517621,0.0,1.0,1505913460.517621,0.0,1.0,1505913460.517621,0.0,1.0,60.0,0.0,60.0,0.0,0.0,0.0,1.0,60.0,0.0,60.0,0.0,0.0,0.0,1.0,60.0,0.0,60.0,0.0,0.0,0.0,1.0,60.0,0.0,60.0,0.0,0.0,0.0,1.0,60.0,0.0,60.0,0.0,0.0,0.0
1.0,60.0,0.0,1.0,60.0,0.0,1.0,60.0,0.0,1.0,60.0,0.0,1.0,60.0,0.0,1.0,60.0,0.0,1.0,60.0,0.0,1.0,60.0,0.0,1.0,60.0,0.0,1.0,60.0,0.0,1.0,60.0,0.0,60.0,0.0,0.0,0.0,1.0,60.0,0.0,60.0,0.0,0.0,0.0,1.0,60.0,0.0,60.0,0.0,0.0,0.0,1.0,60.0,0.0,60.0,0.0,0.0,0.0,1.0,60.0,0.0,60.0,0.0,0.0,0.0,1.0,1505913429.693406,0.0,1.0,1505913429.693406,0.0,1.0,1505913429.693406,0.0,1.0,1505913429.693406,0.0,1.0,1505913429.693406,0.0,1.0,60.0,0.0,60.0,0.0,0.0,0.0,1.0,60.0,0.0,60.0,0.0,0.0,0.0,1.0,60.0,0.0,60.0,0.0,0.0,0.0,1.0,60.0,0.0,60.0,0.0,0.0,0.0,1.0,60.0,0.0,60.0,0.0,0.0,0.0
1.0,60.0,0.0,1.0,60.0,0.0,1.0,60.0,0.0,1.0,60.0,0.0,1.0,60.0,0.0,1.0,60.0,0.0,1.0,60.0,0.0,1.0,60.0,0.0,1.0,60.0,0.0,1.0,60.0,0.0,1.0,60.0,0.0,60.0,0.0,0.0,0.0,1.0,60.0,0.0,60.0,0.0,0.0,0.0,1.0,60.0,0.0,60.0,0.0,0.0,0.0,1.0,60.0,0.0,60.0,0.0,0.0,0.0,1.0,60.0,0.0,60.0,0.0,0.0,0.0,1.0,1505913456.596764,0.0,1.0,1505913456.596764,0.0,1.0,1505913456.596764,0.0,1.0,1505913456.596764,0.0,1.0,1505913456.596764,0.0,1.0,60.0,0.0,60.0,0.0,0.0,0.0,1.0,60.0,0.0,60.0,0.0,0.0,0.0,1.0,60.0,0.0,60.0,0.0,0.0,0.0,1.0,60.0,0.0,60.0,0.0,0.0,0.0,1.0,60.0,0.0,60.0,0.0,0.0,0.0
69.62657688708939,74.13359140223449,5.019403705851801,97.2422776790242,74.2236296732508,31.859355771909577,199.9374273432589,75.15777705057847,363.5539134611354,931.447162631484,76.16204199940594,902.2321418884976,4604.76320774649,76.61232612577912,1563.8353075170562,69.62657688708939,74.13359140223449,5.019403705851801,97.2422776790242,74.2236296732508,31.859355771909577,199.9374273432589,75.15777705057847,363.5539134611354,931.447162631484,76.16204199940594,902.2321418884976,4604.76320774649,76.61232612577912,1563.8353075170562,1.0,74.0,0.0,74.0,0.0,0.0,0.0,1.0,74.0,0.0,74.0,0.0,0.0,0.0,1.0,74.0,0.0,74.0,0.0,0.0,0.0,1.0,74.0,0.0,74.0,0.0,0.0,0.0,1.0,74.0,0.0,74.0,0.0,0.0,0.0,1.0,1505912869.529025,0.0,1.0,1505912869.529025,0.0,1.0,1505912869.529025,0.0,1.0,1505912869.529025,0.0,1.0,1505912869.529025,0.0,1.0,74.0,0.0,74.0,0.0,0.0,0.0,1.0,74.0,0.0,74.0,0.0,0.0,0.0,1.0,74.0,0.0,74.0,0.0,0.0,0.0,1.0,74.0,0.0,74.0,0.0,0.0,0.0,1.0,74.0,0.0,74.0,0.0,0.0,0.0
1.0,60.0,0.0,1.0,60.0,0.0,1.0,60.0,0.0,1.0,60.0,0.0,1.0,60.0,0.0,1.0,60.0,0.0,1.0,60.0,0.0,1.0,60.0,0.0,1.0,60.0,0.0,1.0,60.0,0.0,1.0,60.0,0.0,60.0,0.0,0.0,0.0,1.0,60.0,0.0,60.0,0.0,0.0,0.0,1.0,60.0,0.0,60.0,0.0,0.0,0.0,1.0,60.0,0.0,60.0,0.0,0.0,0.0,1.0,60.0,0.0,60.0,0.0,0.0,0.0,1.0,1505913567.624575,0.0,1.0,1505913567.624575,0.0,1.0,1505913567.624575,0.0,1.0,1505913567.624575,0.0,1.0,1505913567.624575,0.0,1.0,60.0,0.0,60.0,0.0,0.0,0.0,1.0,60.0,0.0,60.0,0.0,0.0,0.0,1.0,60.0,0.0,60.0,0.0,0.0,0.0,1.0,60.0,0.0,60.0,0.0,0.0,0.0,1.0,60.0,0.0,60.0,0.0,0.0,0.0
1.0,60.0,0.0,1.0,60.0,0.0,1.0,60.0,0.0,1.0,60.0,0.0,1.0,60.0,0.0,1.0,60.0,0.0,1.0,60.0,0.0,1.0,60.0,0.0,1.0,60.0,0.0,1.0,60.0,0.0,1.0,60.0,0.0,60.0,0.0,0.0,0.0,1.0,60.0,0.0,60.0,0.0,0.0,0.0,1.0,60.0,0.0,60.0,0.0,0.0,0.0,1.0,60.0,0.0,60.0,0.0,0.0,0.0,1.0,60.0,0.0,60.0,0.0,0.0,0.0,1.0,1505913465.435391,0.0,1.0,1505913465.435391,0.0,1.0,1505913465.435391,0.0,1.0,1505913465.435391,0.0,1.0,1505913465.435391,0.0,1.0,60.0,0.0,60.0,0.0,0.0,0.0,1.0,60.0,0.0,60.0,0.0,0.0,0.0,1.0,60.0,0.0,60.0,0.0,0.0,0.0,1.0,60.0,0.0,60.0,0.0,0.0,0.0,1.0,60.0,0.0,60.0,0.0,0.0,0.0
161.1398722150926,74.14989824583952,3.5750884160943315,271.6218600752971,74.09888243952317,2.363407062556689,830.4094299237328,74.06121482085328,5.0017972440709855,7382.853102004587,74.58989365905153,428.8370712406886,19025.5232793973,74.57897578659652,415.4851001476764,161.1398722150926,74.14989824583952,3.5750884160943315,271.6218600752971,74.09888243952317,2.363407062556689,830.4094299237328,74.06121482085328,5.0017972440709855,7382.853102004587,74.58989365905153,428.8370712406886,19025.5232793973,74.57897578659652,415.4851001476764,160.13343120745284,74.00000000000003,2.6973983046972182e-06,95.26804291051644,7.77072613829435e-12,-4.201015952356349e-28,-9.428628761759911e-17,270.50274738724164,73.99999999987455,4.188574076842832e-05,95.26804291041896,1.7544167531102064e-09,-3.0684848314093605e-24,-4.858337589281136e-14,828.385121420166,73.99997729650146,0.0178283052364139,95.2680252754445,0.0003178484676027,-1.376855008631954e-18,-2.499098716850304e-11,7355.959533255278,73.99872232431755,0.1337379043643377,95.26705047198357,0.0178858270637647,-8.402487711779855e-18,-4.658416204470266e-11,18957.95025372848,73.99816502691905,0.1602693235945802,95.26661759163632,0.0256862560854642,-8.235842222878803e-16,-8.858428115559946e-10,160.13343120745282,0.0018351056544969,1.6223277323744247e-05,270.5027473872417,0.0017969056049212,1.5380505229336613e-05,828.3851214201674,0.0017482463083669,667.8241546147924,7355.959533255406,11217.353131424172,16892244104075.695,18957.95025372808,59413.04856703853,89467427966648.31,1.0,74.0,0.0,74.0,0.0,0.0,0.0,1.0,74.0,0.0,74.0,0.0,0.0,0.0,1.0,74.0,0.0,74.0,0.0,0.0,0.0,1.0,74.0,0.0,74.0,0.0,0.0,0.0,1.0,74.0,0.0,74.0,0.0,0.0,0.0
61.08039205129183,74.20202887894227,4.807880260678758,99.67484543082917,74.18028490638062,4.300282115227674,215.66182485344305,74.23146627003263,14.913867550822944,1213.5984390484327,74.74292421302269,186.51583891577505,7532.5320744658175,76.08062425973965,1248.4193959035092,61.08039205129183,74.20202887894227,4.807880260678758,99.67484543082917,74.18028490638062,4.300282115227674,215.66182485344305,74.23146627003263,14.913867550822944,1213.5984390484327,74.74292421302269,186.51583891577505,7532.5320744658175,76.08062425973965,1248.4193959035092,1.00000000088266,74.0,0.0,74.0,0.0,0.0,0.0,1.000003700840458,74.00000000000001,1.3486991523486091e-06,74.00000000000001,1.8189894035458565e-12,0.0,0.0,1.0173785699651223,74.00000000000001,1.3486991523486091e-06,74.00000000000001,1.8189894035458565e-12,0.0,0.0,2.194029762996859,74.0,0.0,74.0,0.0,0.0,0.0,2.898525459739608,74.0,0.0,74.0,0.0,0.0,0.0,1.00000000088266,6.015532492119872,59242.98903014397,1.000003700840458,16.68194910327458,16062770826.825825,1.0173785699651223,2842664.7301774924,4272715950382537.5,2.194029762996859,367196138.7860009,4.181324154581978e+17,2.898525459739608,488041585.59874296,4.967635562394943e+17,1.00000000088266,74.0,0.0,74.0,0.0,0.0,0.0,1.000003700840458,74.00000000000001,1.3486991523486091e-06,74.00000000000001,1.8189894035458565e-12,0.0,0.0,1.0173785699651223,74.00000000000001,1.3486991523486091e-06,74.00000000000001,1.8189894035458565e-12,0.0,0.0,2.194029762996859,74.0,0.0,74.0,0.0,0.0,0.0,2.898525459739608,74.0,0.0,74.0,0.0,0.0,0.0
62.40134852605865,74.53181116407625,110.83313971366806,96.36728560839845,74.94566571143288,279.2756698215981,251.7609683047124,75.89009762376666,616.5934816903564,1176.0047523186854,76.61046625519161,1315.7249238199065,8038.720613399714,76.78564798206679,1773.9597480983684,62.40134852605865,74.53181116407625,110.83313971366806,96.36728560839845,74.94566571143288,279.2756698215981,251.7609683047124,75.89009762376666,616.5934816903564,1176.0047523186854,76.61046625519161,1315.7249238199065,8038.720613399714,76.78564798206679,1773.9597480983684,1.0000298270375167,74.0,0.0,74.0,0.0,0.0,0.0,1.00192648695369,74.0,0.0,74.0,0.0,0.0,0.0,1.1244291184014636,74.0,0.0,74.0,0.0,0.0,0.0,1.8118806717994027,74.0,0.0,74.0,0.0,0.0,0.0,1.979375465515354,74.0,0.0,74.0,0.0,0.0,0.0,1.0000298270375167,44918.59080596879,67636945274062.26,1.00192648695369,2895546.550425592,4352052526547812.0,1.1244291184014636,166644058.5409478,2.231812103283922e+17,1.8118806717994027,674780459.9899974,5.608320051733149e+17,1.979375465515354,745110914.3428985,5.66881946445594e+17,1.0000298270375167,74.0,0.0,74.0,0.0,0.0,0.0,1.00192648695369,74.0,0.0,74.0,0.0,0.0,0.0,1.1244291184014636,74.0,0.0,74.0,0.0,0.0,0.0,1.8118806717994027,74.0,0.0,74.0,0.0,0.0,0.0,1.979375465515354,74.0,0.0,74.0,0.0,0.0,0.0
132.28870845851964,74.00790971814878,0.1897706719819325,245.01445349125305,74.01669212740778,0.4003391005953745,807.5419953758403,74.03193377239194,1.1824792455809074,5212.905864870148,74.07703774941152,17.782199042288998,7692.625801217869,74.08621825101972,20.80426538259325,132.28870845851964,74.00790971814878,0.1897706719819325,245.01445349125305,74.01669212740778,0.4003391005953745,807.5419953758403,74.03193377239194,1.1824792455809074,5212.905864870148,74.07703774941152,17.782199042288998,7692.625801217869,74.08621825101972,20.80426538259325,132.24510985859658,73.99999999999997,0.0,95.2680429105164,2.273736754432321e-12,1.491524938552875e-27,0.0,244.84404473258584,73.99999999773459,0.0001780946889427,95.2680429087568,3.1717718868575585e-08,2.6478497228808884e-22,5.89241407585747e-13,806.4899827509415,73.9999060600119,0.0362650111519391,95.26796994210896,0.0013151510338502,3.4057667877790307e-17,8.040468862634222e-10,5201.399855314802,73.99701965291513,0.2042448939794077,95.2657279272767,0.0417159767166595,1.8675489155856253e-18,3.1959460259612784e-12,7673.768812763053,73.99656068285401,0.2194051302014605,95.2653714257772,0.0481386111587198,1.5819820232897057e-15,1.757797388947387e-09,132.24510985859658,0.0023126362349417,0.000150675281611,244.84404473258584,0.0020232165564021,5541.738442454719,806.4899827509439,157.34437606468398,236944332975.37265,5201.399855314822,113303.7793532106,170612887470072.34,7673.768812763001,178668.44779822812,269027360693357.28,1.0,74.0,0.0,74.0,0.0,0.0,0.0,1.0,74.0,0.0,74.0,0.0,0.0,0.0,1.0,74.0,0.0,74.0,0.0,0.0,0.0,1.0,74.0,0.0,74.0,0.0,0.0,0.0,1.0,74.0,0.0,74.0,0.0,0.0,0.0
149.49895311223818,74.04431872632983,1.691292076055106,254.95257304483505,74.03960530808891,2.180460265186412,788.7223281564347,74.22459595748884,162.03110500860384,7582.890574929926,74.52619537589784,398.6035101571042,39128.28341078286,74.35775060266486,240.9846855801516,149.49895311223818,74.04431872632983,1.691292076055106,254.95257304483505,74.03960530808891,2.180460265186412,788.7223281564347,74.22459595748884,162.03110500860384,7582.890574929926,74.52619537589784,398.6035101571042,39128.28341078286,74.35775060266486,240.9846855801516,148.9415444523643,73.99999990721709,0.0011397249996737,95.2680428384468,1.29897307488932e-06,-1.9104238195837818e-21,-7.860398442413536e-13,253.9474211419028,73.99998625966033,0.0138695555251944,95.268032237629,0.0001923645704664,-4.562515904426821e-19,-1.8437742226723248e-11,785.7567987230334,73.99887870776945,0.1252870060652595,95.26717194294775,0.0156968338887963,-6.375036925213878e-19,-3.0804627344972968e-12,7559.615620457581,73.9979931551078,0.1676060887246142,95.26648409059378,0.0280918009775632,1.0765624070432424e-16,1.868003373049657e-10,39009.97255836538,73.99826233857846,0.1559623046777082,95.26669317830384,0.0243242404803822,3.332401077965725e-16,4.1604330376854125e-10,148.94154445236424,0.0019965356967019,3.2548115663680606e-05,253.94742114190277,0.0019278042531343,3.0463873472156647e-05,785.756798723035,0.0018469532411205,2.8488519720352287e-05,7559.615620457655,120.4183631582976,181336844227.7028,39009.97255836373,18397.685567180582,27704996801295.67,1.0,74.0,0.0,95.26804291051644,0.0,0.0,0.0,1.0,74.0,0.0,95.26804291051644,0.0,0.0,0.0,1.0,74.0,0.0,95.26804291051644,0.0,0.0,0.0,1.0200221056796306,73.99999999999999,1.3486991523486091e-06,95.26804291051644,1.8189894035458565e-12,0.0,0.0,1.6763180447490815,74.0,9.5367431640625e-07,95.26804291051644,9.094947017729282e-13,0.0,0.0
119.32245633033222,74.09398323501324,2.246766958656736,209.9915590628183,74.0807089977675,1.9344594239992148,710.0449355504599,74.0665264096308,5.365993599889407,7532.38879510899,74.1764458883853,78.59820652293638,29630.34328660074,74.35203123676114,228.13741896985448,119.32245633033222,74.09398323501324,2.246766958656736,209.9915590628183,74.0807089977675,1.9344594239992148,710.0449355504599,74.0665264096308,5.365993599889407,7532.38879510899,74.1764458883853,78.59820652293638,29630.34328660074,74.35203123676114,228.13741896985448,118.85519341850626,73.99999999999993,2.6973983046972182e-06,95.26804291051636,8.348051665364355e-12,3.8609838369018875e-28,7.075327705548034e-17,209.2854593364092,73.99999999999349,9.295267433937991e-06,95.2680429105115,8.747239945328759e-11,-1.1367818216864987e-24,-3.3110787843226795e-14,708.3165115100746,73.9999907257788,0.0113946920164288,95.26803570671196,0.0001298390061492,-1.0682606792604757e-18,-5.25461066480113e-11,7513.360449804607,73.99838705499317,0.1502618666408983,95.26679005162588,0.0225786285664071,2.6476933061230307e-16,5.124448524703391e-10,29544.030139499933,73.99817583320231,0.1597967696466254,95.26662598539647,0.0255350075894966,-5.410018068920841e-16,-3.661564648660931e-10,118.85519341850627,0.0026325534034275,0.0001239671509437,209.2854593364093,0.0023960368923466,9.452346871803884e-05,708.3165115100772,0.002056816032968,5.62391198826969e-05,7513.360449804742,1480.6605368905084,2229742842356.169,29544.030139498867,31201.785194678105,46986238800628.26,1.0,74.0,0.0,95.26804291051644,0.0,0.0,0.0,1.0,74.0,0.0,95.26804291051644,0.0,0.0,0.0,1.0,74.0,0.0,95.26804291051644,0.0,0.0,0.0,1.0216449680442758,74.0,0.0,95.26804291051644,0.0,0.0,0.0,1.681609594284467,74.0,0.0,95.26804291051644,0.0,0.0,0.0
1.0,60.0,0.0,1.0,60.0,0.0,1.0,60.0,0.0,1.0,60.0,0.0,1.0,60.0,0.0,1.0,60.0,0.0,1.0,60.0,0.0,1.0,60.0,0.0,1.0,60.0,0.0,1.0,60.0,0.0,1.0,60.0,0.0,60.0,0.0,0.0,0.0,1.0,60.0,0.0,60.0,0.0,0.0,0.0,1.0,60.0,0.0,60.0,0.0,0.0,0.0,1.0,60.0,0.0,60.0,0.0,0.0,0.0,1.0,60.0,0.0,60.0,0.0,0.0,0.0,1.0,1505913551.484325,0.0,1.0,1505913551.484325,0.0,1.0,1505913551.484325,0.0,1.0,1505913551.484325,0.0,1.0,1505913551.484325,0.0,1.0,60.0,0.0,60.0,0.0,0.0,0.0,1.0,60.0,0.0,60.0,0.0,0.0,0.0,1.0,60.0,0.0,60.0,0.0,0.0,0.0,1.0,60.0,0.0,60.0,0.0,0.0,0.0,1.0,60.0,0.0,60.0,0.0,0.0,0.0
1.0,60.0,0.0,1.0,60.0,0.0,1.0,60.0,0.0,1.0,60.0,0.0,1.0,60.0,0.0,1.0,60.0,0.0,1.0,60.0,0.0,1.0,60.0,0.0,1.0,60.0,0.0,1.0,60.0,0.0,1.0,60.0,0.0,60.0,0.0,0.0,0.0,1.0,60.0,0.0,60.0,0.0,0.0,0.0,1.0,60.0,0.0,60.0,0.0,0.0,0.0,1.0,60.0,0.0,60.0,0.0,0.0,0.0,1.0,60.0,0.0,60.0,0.0,0.0,0.0,1.0,1505913584.8494382,0.0,1.0,1505913584.8494382,0.0,1.0,1505913584.8494382,0.0,1.0,1505913584.8494382,0.0,1.0,1505913584.8494382,0.0,1.0,60.0,0.0,60.0,0.0,0.0,0.0,1.0,60.0,0.0,60.0,0.0,0.0,0.0,1.0,60.0,0.0,60.0,0.0,0.0,0.0,1.0,60.0,0.0,60.0,0.0,0.0,0.0,1.0,60.0,0.0,60.0,0.0,0.0,0.0
73.15968200346559,74.15560140062938,3.7102861821222177,113.225167511364,74.15112368690095,3.611898958238272,240.320242050958,74.25235102543567,80.16573518938094,934.380261283026,77.61446365344544,2662.0674071130825,7422.0417360126685,76.55334896780647,1655.173113445691,73.15968200346559,74.15560140062938,3.7102861821222177,113.225167511364,74.15112368690095,3.611898958238272,240.320242050958,74.25235102543567,80.16573518938094,934.380261283026,77.61446365344544,2662.0674071130825,7422.0417360126685,76.55334896780647,1655.173113445691,1.0,74.0,0.0,74.0,0.0,0.0,0.0,1.0,74.0,0.0,74.0,0.0,0.0,0.0,1.0,74.0,0.0,74.0,0.0,0.0,0.0,1.0,74.0,0.0,74.0,0.0,0.0,0.0,1.0,74.0,0.0,74.0,0.0,0.0,0.0,1.0,1505912989.267541,0.0,1.0,1505912989.267541,0.0,1.0,1505912989.267541,0.0,1.0,1505912989.267541,0.0,1.0,1505912989.267541,0.0,1.0,74.0,0.0,74.0,0.0,0.0,0.0,1.0,74.0,0.0,74.0,0.0,0.0,0.0,1.0,74.0,0.0,74.0,0.0,0.0,0.0,1.0,74.0,0.0,74.0,0.0,0.0,0.0,1.0,74.0,0.0,74.0,0.0,0.0,0.0
1.0,60.0,0.0,1.0,60.0,0.0,1.0,60.0,0.0,1.0,60.0,0.0,1.0,60.0,0.0,1.0,60.0,0.0,1.0,60.0,0.0,1.0,60.0,0.0,1.0,60.0,0.0,1.0,60.0,0.0,1.0,60.0,0.0,60.0,0.0,0.0,0.0,1.0,60.0,0.0,60.0,0.0,0.0,0.0,1.0,60.0,0.0,60.0,0.0,0.0,0.0,1.0,60.0,0.0,60.0,0.0,0.0,0.0,1.0,60.0,0.0,60.0,0.0,0.0,0.0,1.0,1505913580.302046,0.0,1.0,1505913580.302046,0.0,1.0,1505913580.302046,0.0,1.0,1505913580.302046,0.0,1.0,1505913580.302046,0.0,1.0,60.0,0.0,60.0,0.0,0.0,0.0,1.0,60.0,0.0,60.0,0.0,0.0,0.0,1.0,60.0,0.0,60.0,0.0,0.0,0.0,1.0,60.0,0.0,60.0,0.0,0.0,0.0,1.0,60.0,0.0,60.0,0.0,0.0,0.0
1.0,60.0,0.0,1.0,60.0,0.0,1.0,60.0,0.0,1.0,60.0,0.0,1.0,60.0,0.0,1.0,60.0,0.0,1.0,60.0,0.0,1.0,60.0,0.0,1.0,60.0,0.0,1.0,60.0,0.0,1.0,60.0,0.0,60.0,0.0,0.0,0.0,1.0,60.0,0.0,60.0,0.0,0.0,0.0,1.0,60.0,0.0,60.0,0.0,0.0,0.0,1.0,60.0,0.0,60.0,0.0,0.0,0.0,1.0,60.0,0.0,60.0,0.0,0.0,0.0,1.0,1505913571.414517,0.0,1.0,1505913571.414517,0.0,1.0,1505913571.414517,0.0,1.0,1505913571.414517,0.0,1.0,1505913571.414517,0.0,1.0,60.0,0.0,60.0,0.0,0.0,0.0,1.0,60.0,0.0,60.0,0.0,0.0,0.0,1.0,60.0,0.0,60.0,0.0,0.0,0.0,1.0,60.0,0.0,60.0,0.0,0.0,0.0,1.0,60.0,0.0,60.0,0.0,0.0,0.0
1.0,60.0,0.0,1.0,60.0,0.0,1.0,60.0,0.0,1.0,60.0,0.0,1.0,60.0,0.0,1.0,60.0,0.0,1.0,60.0,0.0,1.0,60.0,0.0,1.0,60.0,0.0,1.0,60.0,0.0,1.0,60.0,0.0,60.0,0.0,0.0,0.0,1.0,60.0,0.0,60.0,0.0,0.0,0.0,1.0,60.0,0.0,60.0,0.0,0.0,0.0,1.0,60.0,0.0,60.0,0.0,0.0,0.0,1.0,60.0,0.0,60.0,0.0,0.0,0.0,1.0,1505913433.216731,0.0,1.0,1505913433.216731,0.0,1.0,1505913433.216731,0.0,1.0,1505913433.216731,0.0,1.0,1505913433.216731,0.0,1.0,60.0,0.0,60.0,0.0,0.0,0.0,1.0,60.0,0.0,60.0,0.0,0.0,0.0,1.0,60.0,0.0,60.0,0.0,0.0,0.0,1.0,60.0,0.0,60.0,0.0,0.0,0.0,1.0,60.0,0.0,60.0,0.0,0.0,0.0
1.0,60.0,0.0,1.0,60.0,0.0,1.0,60.0,0.0,1.0,60.0,0.0,1.0,60.0,0.0,1.0,60.0,0.0,1.0,60.0,0.0,1.0,60.0,0.0,1.0,60.0,0.0,1.0,60.0,0.0,1.0,60.0,0.0,60.0,0.0,0.0,0.0,1.0,60.0,0.0,60.0,0.0,0.0,0.0,1.0,60.0,0.0,60.0,0.0,0.0,0.0,1.0,60.0,0.0,60.0,0.0,0.0,0.0,1.0,60.0,0.0,60.0,0.0,0.0,0.0,1.0,1505913556.554669,0.0,1.0,1505913556.554669,0.0,1.0,1505913556.554669,0.0,1.0,1505913556.554669,0.0,1.0,1505913556.554669,0.0,1.0,60.0,0.0,60.0,0.0,0.0,0.0,1.0,60.0,0.0,60.0,0.0,0.0,0.0,1.0,60.0,0.0,60.0,0.0,0.0,0.0,1.0,60.0,0.0,60.0,0.0,0.0,0.0,1.0,60.0,0.0,60.0,0.0,0.0,0.0
164.40127610259424,74.07280775010865,1.7483671371619494,268.43431377202745,74.0671496397363,2.0139671287306555,688.6545778602988,74.13091470677583,19.904585337361823,6485.041182376805,74.1626363066499,50.12681578792854,32679.458511163783,74.31072517369385,191.1698034119017,164.40127610259424,74.07280775010865,1.7483671371619494,268.43431377202745,74.0671496397363,2.0139671287306555,688.6545778602988,74.13091470677583,19.904585337361823,6485.041182376805,74.1626363066499,50.12681578792854,32679.458511163783,74.31072517369385,191.1698034119017,163.90270723972955,74.00000000000001,1.9073486328125e-06,95.26804291051644,7.332580706405269e-12,-9.943620716992225e-29,-2.066166716955729e-17,267.70103777316007,74.0,2.523185072960464e-06,95.26804291051636,9.00353819507624e-12,3.9083100480953166e-28,6.138903346906538e-17,686.7595001018035,73.99999999960572,7.445992010476355e-05,95.2680429102102,5.544282387522972e-09,-6.785311208931195e-23,-3.900959968406586e-13,6461.5737450144015,73.9993167039004,0.0978042869654725,95.26751215731504,0.0095656785488245,7.156702307423614e-17,1.3563756525111388e-10,32574.95117018587,73.9985044537188,0.1446907435984155,95.26688124100043,0.0209354112830624,1.8133620761759936e-16,1.0572542793293096e-10,163.90270723972966,0.0018112323873151,2.788963757439048e-05,267.70103777316007,0.0018346476024501,3.738316771342163e-05,686.7595001018046,0.0022037499795,0.0003836111965571,6461.573745014493,627.2575216771174,944592310455.635,32574.95117018485,25580.83758996508,38521892342812.88,1.0,74.0,0.0,95.26804291051644,0.0,0.0,0.0,1.0,74.0,0.0,95.26804291051644,0.0,0.0,0.0,1.0,74.0,0.0,95.26804291051644,0.0,0.0,0.0,1.0210133270914747,74.0,0.0,95.26804291051644,0.0,0.0,0.0,1.6795939157519388,74.0,0.0,95.26804291051644,0.0,0.0,0.0
1.0,60.0,0.0,1.0,60.0,0.0,1.0,60.0,0.0,1.0,60.0,0.0,1.0,60.0,0.0,1.0,60.0,0.0,1.0,60.0,0.0,1.0,60.0,0.0,1.0,60.0,0.0,1.0,60.0,0.0,1.0,60.0,0.0,60.0,0.0,0.0,0.0,1.0,60.0,0.0,60.0,0.0,0.0,0.0,1.0,60.0,0.0,60.0,0.0,0.0,0.0,1.0,60.0,0.0,60.0,0.0,0.0,0.0,1.0,60.0,0.0,60.0,0.0,0.0,0.0,1.0,1505913552.704338,0.0,1.0,1505913552.704338,0.0,1.0,1505913552.704338,0.0,1.0,1505913552.704338,0.0,1.0,1505913552.704338,0.0,1.0,60.0,0.0,60.0,0.0,0.0,0.0,1.0,60.0,0.0,60.0,0.0,0.0,0.0,1.0,60.0,0.0,60.0,0.0,0.0,0.0,1.0,60.0,0.0,60.0,0.0,0.0,0.0,1.0,60.0,0.0,60.0,0.0,0.0,0.0
155.9314905755879,73.98524828287661,0.3544519465813209,269.5824263016268,73.99072070726909,0.5458364028554571,830.5915707026843,74.0150396051189,0.8822557076236992,7270.479940054305,74.07293526501654,13.299927610691157,15423.6339020697,74.08444414687537,17.76114681508261,155.9314905755879,73.98524828287661,0.3544519465813209,269.5824263016268,73.99072070726909,0.5458364028554571,830.5915707026843,74.0150396051189,0.8822557076236992,7270.479940054305,74.07293526501654,13.299927610691157,15423.6339020697,74.08444414687537,17.76114681508261,155.90616102322286,73.98134668651147,0.5106842887061993,95.25355456648218,0.2607984427313568,5.807031111405277e-16,3.595052414195587e-10,269.4594552168172,73.9797637821097,0.5318811389114112,95.2523251645689,0.2828975459296998,-2.148363379761056e-15,-9.84707396279415e-10,829.649909653627,73.98767657348255,0.4151820135910546,95.25847093430728,0.1723761044095226,-2.294178323220404e-17,-1.5769636044816268e-11,7252.344009931466,73.99740073949359,0.1907429969579218,95.26602393404048,0.0363828908884897,-2.5800596164625204e-16,-3.0588756511455125e-10,15379.822993730078,73.99755163031789,0.1851247713690113,95.26614113777028,0.0342711809744287,3.956903319272648e-16,3.4379246363676244e-10,155.9061610232229,0.0018870347990999,1.818830540121875e-05,269.45945521681733,0.0018078989720787,1.9772873278216077e-05,829.6499096536301,0.0049867392598282,4875734.727642826,7252.344009931484,27698.43432266472,41710685378114.91,15379.822993729897,80050.14804261786,120542214032522.44,1.0,74.0,0.0,74.0,0.0,0.0,0.0,1.0,74.0,0.0,74.0,0.0,0.0,0.0,1.0,74.0,0.0,74.0,0.0,0.0,0.0,1.0,74.0,0.0,74.0,0.0,0.0,0.0,1.0,74.0,0.0,74.0,0.0,0.0,0.0
1.0,60.0,0.0,1.0,60.0,0.0,1.0,60.0,0.0,1.0,60.0,0.0,1.0,60.0,0.0,1.0,60.0,0.0,1.0,60.0,0.0,1.0,60.0,0.0,1.0,60.0,0.0,1.0,60.0,0.0,1.0,60.0,0.0,60.0,0.0,0.0,0.0,1.0,60.0,0.0,60.0,0.0,0.0,0.0,1.0,60.0,0.0,60.0,0.0,0.0,0.0,1.0,60.0,0.0,60.0,0.0,0.0,0.0,1.0,60.0,0.0,60.0,0.0,0.0,0.0,1.0,1505913453.297596,0.0,1.0,1505913453.297596,0.0,1.0,1505913453.297596,0.0,1.0,1505913453.297596,0.0,1.0,1505913453.297596,0.0,1.0,60.0,0.0,60.0,0.0,0.0,0.0,1.0,60.0,0.0,60.0,0.0,0.0,0.0,1.0,60.0,0.0,60.0,0.0,0.0,0.0,1.0,60.0,0.0,60.0,0.0,0.0,0.0,1.0,60.0,0.0,60.0,0.0,0.0,0.0
168.10892349104313,74.00426536238514,0.1353929369033721,277.0644613572579,74.01291785679881,1.0462366932797522,834.7260873553216,74.0917214594798,18.78286240864417,6465.237633045057,74.11059705526048,25.561967004886355,11427.067910987029,74.1047691050912,24.95605162724769,168.10892349104313,74.00426536238514,0.1353929369033721,277.0644613572579,74.01291785679881,1.0462366932797522,834.7260873553216,74.0917214594798,18.78286240864417,6465.237633045057,74.11059705526048,25.561967004886355,11427.067910987029,74.1047691050912,24.95605162724769,168.06992050814662,74.00000000000004,2.6973983046972182e-06,95.26804291051648,7.499885442698834e-12,2.4077626627185376e-27,6.618407611459837e-16,276.8709235931781,74.00000000000003,2.523185072960464e-06,95.26804291051644,6.926505289687981e-12,1.779151695226247e-27,4.268773953110863e-16,833.0350258196187,73.99999940307441,0.0028908377676624,95.268042446851,8.35694299895287e-06,4.6892690488150117e-20,4.62929077290663e-12,6443.47377172174,73.99854460654052,0.1427353854385159,95.26691242968953,0.0203733902562817,1.2824847085814463e-16,1.480447275712771e-10,11388.874952539902,73.99779620369172,0.1756368173061364,95.26633110917588,0.0308482915934291,7.507202572999376e-16,6.043397279992446e-10,168.06992050814662,0.0017904704334961,4.349423026814827e-05,276.8709235931781,0.0017805494586765,0.0014269762699533,833.0350258196214,1.0015511478934942,1505622418.712109,6443.473771721808,55329.657030138536,83318631511794.6,11388.874952539736,114484.60583886396,172390841405583.5,1.0,74.0,0.0,74.0,0.0,0.0,0.0,1.0,74.0,0.0,74.0,0.0,0.0,0.0,1.0,74.0,0.0,74.0,0.0,0.0,0.0,1.0,74.0,0.0,74.0,0.0,0.0,0.0,1.0,74.0,0.0,74.0,0.0,0.0,0.0
1.0,60.0,0.0,1.0,60.0,0.0,1.0,60.0,0.0,1.0,60.0,0.0,1.0,60.0,0.0,1.0,60.0,0.0,1.0,60.0,0.0,1.0,60.0,0.0,1.0,60.0,0.0,1.0,60.0,0.0,1.0,60.0,0.0,60.0,0.0,0.0,0.0,1.0,60.0,0.0,60.0,0.0,0.0,0.0,1.0,60.0,0.0,60.0,0.0,0.0,0.0,1.0,60.0,0.0,60.0,0.0,0.0,0.0,1.0,60.0,0.0,60.0,0.0,0.0,0.0,1.0,1505913556.041512,0.0,1.0,1505913556.041512,0.0,1.0,1505913556.041512,0.0,1.0,1505913556.041512,0.0,1.0,1505913556.041512,0.0,1.0,60.0,0.0,60.0,0.0,0.0,0.0,1.0,60.0,0.0,60.0,0.0,0.0,0.0,1.0,60.0,0.0,60.0,0.0,0.0,0.0,1.0,60.0,0.0,60.0,0.0,0.0,0.0,1.0,60.0,0.0,60.0,0.0,0.0,0.0
1.0,60.0,0.0,1.0,60.0,0.0,1.0,60.0,0.0,1.0,60.0,0.0,1.0,60.0,0.0,1.0,60.0,0.0,1.0,60.0,0.0,1.0,60.0,0.0,1.0,60.0,0.0,1.0,60.0,0.0,1.0,60.0,0.0,60.0,0.0,0.0,0.0,1.0,60.0,0.0,60.0,0.0,0.0,0.0,1.0,60.0,0.0,60.0,0.0,0.0,0.0,1.0,60.0,0.0,60.0,0.0,0.0,0.0,1.0,60.0,0.0,60.0,0.0,0.0,0.0,1.0,1505913449.5787392,0.0,1.0,1505913449.5787392,0.0,1.0,1505913449.5787392,0.0,1.0,1505913449.5787392,0.0,1.0,1505913449.5787392,0.0,1.0,60.0,0.0,60.0,0.0,0.0,0.0,1.0,60.0,0.0,60.0,0.0,0.0,0.0,1.0,60.0,0.0,60.0,0.0,0.0,0.0,1.0,60.0,0.0,60.0,0.0,0.0,0.0,1.0,60.0,0.0,60.0,0.0,0.0,0.0
171.09221293169497,74.00484098343014,0.116160181341911,290.4498976195066,74.01222593001603,0.2932909402316,866.0542943732779,74.02725275664214,0.6680189000753671,7688.859199081832,74.06117915484835,9.142937695311048,17898.470355652677,74.07681124306067,14.932427013185588,171.09221293169497,74.00484098343014,0.116160181341911,290.4498976195066,74.01222593001603,0.2932909402316,866.0542943732779,74.02725275664214,0.6680189000753671,7688.859199081832,74.06117915484835,9.142937695311048,17898.470355652677,74.07681124306067,14.932427013185588,171.05770232204932,73.99999999962773,7.217745944375802e-05,95.26804291022728,5.2095861479443706e-09,-1.58354091924905e-23,-1.4549819570284812e-13,290.3019326855309,73.99999952362008,0.0025825062033848,95.26804254048557,6.669338290521471e-06,2.8651968200512243e-20,1.1633569812317212e-11,865.0584881858538,73.99965275098006,0.0697234946183817,95.26777318309496,0.0048613657017995,-6.738834882214757e-18,-4.5323201548285494e-11,7672.041391158433,73.99827327458173,0.1554708145077777,95.26670167282822,0.0241711741637118,1.5065479863928272e-16,4.14818754886263e-10,17851.281666670817,73.99796371046578,0.1688310010912468,95.26646121954666,0.0285039069294725,2.9791760217739933e-16,2.7894433330661937e-10,171.05770232204918,0.0018111708239416,7.561929132651308e-05,290.3019326855316,0.001714605031483,5.600263992889096e-05,865.058488185857,0.0017727611424737,137388.25829097757,7672.041391158519,18400.461188645848,27709167746491.39,17851.28166667046,66577.06985976412,100254894862658.72,1.0,74.0,0.0,74.0,0.0,0.0,0.0,1.0,74.0,0.0,74.0,0.0,0.0,0.0,1.0,74.0,0.0,74.0,0.0,0.0,0.0,1.0,74.0,0.0,74.0,0.0,0.0,0.0,1.0,74.0,0.0,74.0,0.0,0.0,0.0
1.0,60.0,0.0,1.0,60.0,0.0,1.0,60.0,0.0,1.0,60.0,0.0,1.0,60.0,0.0,1.0,60.0,0.0,1.0,60.0,0.0,1.0,60.0,0.0,1.0,60.0,0.0,1.0,60.0,0.0,1.0,60.0,0.0,60.0,0.0,0.0,0.0,1.0,60.0,0.0,60.0,0.0,0.0,0.0,1.0,60.0,0.0,60.0,0.0,0.0,0.0,1.0,60.0,0.0,60.0,0.0,0.0,0.0,1.0,60.0,0.0,60.0,0.0,0.0,0.0,1.0,1505913436.197564,0.0,1.0,1505913436.197564,0.0,1.0,1505913436.197564,0.0,1.0,1505913436.197564,0.0,1.0,1505913436.197564,0.0,1.0,60.0,0.0,60.0,0.0,0.0,0.0,1.0,60.0,0.0,60.0,0.0,0.0,0.0,1.0,60.0,0.0,60.0,0.0,0.0,0.0,1.0,60.0,0.0,60.0,0.0,0.0,0.0,1.0,60.0,0.0,60.0,0.0,0.0,0.0
1.0,60.0,0.0,1.0,60.0,0.0,1.0,60.0,0.0,1.0,60.0,0.0,1.0,60.0,0.0,1.0,60.0,0.0,1.0,60.0,0.0,1.0,60.0,0.0,1.0,60.0,0.0,1.0,60.0,0.0,1.0,60.0,0.0,60.0,0.0,0.0,0.0,1.0,60.0,0.0,60.0,0.0,0.0,0.0,1.0,60.0,0.0,60.0,0.0,0.0,0.0,1.0,60.0,0.0,60.0,0.0,0.0,0.0,1.0,60.0,0.0,60.0,0.0,0.0,0.0,1.0,1505913567.9307554,0.0,1.0,1505913567.9307554,0.0,1.0,1505913567.9307554,0.0,1.0,1505913567.9307554,0.0,1.0,1505913567.9307554,0.0,1.0,60.0,0.0,60.0,0.0,0.0,0.0,1.0,60.0,0.0,60.0,0.0,0.0,0.0,1.0,60.0,0.0,60.0,0.0,0.0,0.0,1.0,60.0,0.0,60.0,0.0,0.0,0.0,1.0,60.0,0.0,60.0,0.0,0.0,0.0
1.0,60.0,0.0,1.0,60.0,0.0,1.0,60.0,0.0,1.0,60.0,0.0,1.0,60.0,0.0,1.0,60.0,0.0,1.0,60.0,0.0,1.0,60.0,0.0,1.0,60.0,0.0,1.0,60.0,0.0,1.0,60.0,0.0,60.0,0.0,0.0,0.0,1.0,60.0,0.0,60.0,0.0,0.0,0.0,1.0,60.0,0.0,60.0,0.0,0.0,0.0,1.0,60.0,0.0,60.0,0.0,0.0,0.0,1.0,60.0,0.0,60.0,0.0,0.0,0.0,1.0,1505913428.054004,0.0,1.0,1505913428.054004,0.0,1.0,1505913428.054004,0.0,1.0,1505913428.054004,0.0,1.0,1505913428.054004,0.0,1.0,60.0,0.0,60.0,0.0,0.0,0.0,1.0,60.0,0.0,60.0,0.0,0.0,0.0,1.0,60.0,0.0,60.0,0.0,0.0,0.0,1.0,60.0,0.0,60.0,0.0,0.0,0.0,1.0,60.0,0.0,60.0,0.0,0.0,0.0
1.0,60.0,0.0,1.0,60.0,0.0,1.0,60.0,0.0,1.0,60.0,0.0,1.0,60.0,0.0,1.0,60.0,0.0,1.0,60.0,0.0,1.0,60.0,0.0,1.0,60.0,0.0,1.0,60.0,0.0,1.0,60.0,0.0,60.0,0.0,0.0,0.0,1.0,60.0,0.0,60.0,0.0,0.0,0.0,1.0,60.0,0.0,60.0,0.0,0.0,0.0,1.0,60.0,0.0,60.0,0.0,0.0,0.0,1.0,60.0,0.0,60.0,0.0,0.0,0.0,1.0,1505913564.0267198,0.0,1.0,1505913564.0267198,0.0,1.0,1505913564.0267198,0.0,1.0,1505913564.0267198,0.0,1.0,1505913564.0267198,0.0,1.0,60.0,0.0,60.0,0.0,0.0,0.0,1.0,60.0,0.0,60.0,0.0,0.0,0.0,1.0,60.0,0.0,60.0,0.0,0.0,0.0,1.0,60.0,0.0,60.0,0.0,0.0,0.0,1.0,60.0,0.0,60.0,0.0,0.0,0.0
1.0,60.0,0.0,1.0,60.0,0.0,1.0,60.0,0.0,1.0,60.0,0.0,1.0,60.0,0.0,1.0,60.0,0.0,1.0,60.0,0.0,1.0,60.0,0.0,1.0,60.0,0.0,1.0,60.0,0.0,1.0,60.0,0.0,60.0,0.0,0.0,0.0,1.0,60.0,0.0,60.0,0.0,0.0,0.0,1.0,60.0,0.0,60.0,0.0,0.0,0.0,1.0,60.0,0.0,60.0,0.0,0.0,0.0,1.0,60.0,0.0,60.0,0.0,0.0,0.0,1.0,1505913444.368298,0.0,1.0,1505913444.368298,0.0,1.0,1505913444.368298,0.0,1.0,1505913444.368298,0.0,1.0,1505913444.368298,0.0,1.0,60.0,0.0,60.0,0.0,0.0,0.0,1.0,60.0,0.0,60.0,0.0,0.0,0.0,1.0,60.0,0.0,60.0,0.0,0.0,0.0,1.0,60.0,0.0,60.0,0.0,0.0,0.0,1.0,60.0,0.0,60.0,0.0,0.0,0.0
161.99880131229878,74.021784639432,0.5225678580900421,275.13507153064165,74.03082855636117,0.7851701912568387,823.3024922526978,74.08607566626924,34.417288927821566,6036.254416349388,74.59534658313288,432.3340769248972,13098.821463830698,74.46748512402758,324.3787490012228,161.99880131229878,74.021784639432,0.5225678580900421,275.13507153064165,74.03082855636117,0.7851701912568387,823.3024922526978,74.08607566626924,34.417288927821566,6036.254416349388,74.59534658313288,432.3340769248972,13098.821463830698,74.46748512402758,324.3787490012228,161.85171484663863,73.99999999999996,2.3360154559928683e-06,95.26804291051636,6.8212102632969626e-12,1.6922759307265e-27,3.5808746777871248e-16,274.7797173937873,74.0000000000001,2.523185072960464e-06,95.26804291051651,7.332580706405269e-12,-3.587176473787248e-27,-7.453728223282172e-16,821.6357151572782,73.99999999812127,0.0001622311859042,95.26804290905716,2.6318967112555785e-08,-2.6813873494709143e-22,-3.5014028774619894e-13,6015.081724091696,73.9991249094105,0.1106819880318,95.26736318046456,0.0122505024746715,3.62232338451536e-16,2.801976909946915e-09,13056.098256174835,73.99818549460727,0.1593730938097135,95.2666334898758,0.0253997830304797,-1.8169525686020545e-15,-1.7077742466986952e-09,161.85171484663852,0.0018195308793602,1.847477931054409e-05,274.7797173937876,0.0017713861985832,1.766740182316064e-05,821.6357151572818,0.0049041921385619,4711483.640062172,6015.08172409174,33249.29229714298,50069476788963.99,13056.098256174771,94256.04830657168,141932645858661.03,1.0,74.0,0.0,74.0,0.0,0.0,0.0,1.0,74.0,0.0,74.0,0.0,0.0,0.0,1.0,74.0,0.0,74.0,0.0,0.0,0.0,1.0,74.0,0.0,74.0,0.0,0.0,0.0,1.0,74.0,0.0,74.0,0.0,0.0,0.0
1.0,60.0,0.0,1.0,60.0,0.0,1.0,60.0,0.0,1.0,60.0,0.0,1.0,60.0,0.0,1.0,60.0,0.0,1.0,60.0,0.0,1.0,60.0,0.0,1.0,60.0,0.0,1.0,60.0,0.0,1.0,60.0,0.0,60.0,0.0,0.0,0.0,1.0,60.0,0.0,60.0,0.0,0.0,0.0,1.0,60.0,0.0,60.0,0.0,0.0,0.0,1.0,60.0,0.0,60.0,0.0,0.0,0.0,1.0,60.0,0.0,60.0,0.0,0.0,0.0,1.0,1505913586.753116,0.0,1.0,1505913586.753116,0.0,1.0,1505913586.753116,0.0,1.0,1505913586.753116,0.0,1.0,1505913586.753116,0.0,1.0,60.0,0.0,60.0,0.0,0.0,0.0,1.0,60.0,0.0,60.0,0.0,0.0,0.0,1.0,60.0,0.0,60.0,0.0,0.0,0.0,1.0,60.0,0.0,60.0,0.0,0.0,0.0,1.0,60.0,0.0,60.0,0.0,0.0,0.0
143.64204161308638,74.00976519162515,0.2342692452411938,256.33899266958406,74.01899640765444,0.455638705585443,823.8771098306723,74.0433452965698,9.409161220738495,7287.214261360985,74.64397478251297,472.9897104474585,18462.661598860832,74.59912944514802,431.7494655945249,143.64204161308638,74.00976519162515,0.2342692452411938,256.33899266958406,74.01899640765444,0.455638705585443,823.8771098306723,74.0433452965698,9.409161220738495,7287.214261360985,74.64397478251297,472.9897104474585,18462.661598860832,74.59912944514802,431.7494655945249,143.58359610000684,73.9999999999999,1.9073486328125e-06,95.26804291051636,4.834030647877921e-12,-4.266395809644376e-27,-1.2537096041931658e-15,256.13605695300555,73.9999999982838,0.0001550065515758,95.2680429091834,2.4027031380011443e-08,-2.2298114302190874e-22,-7.110689896952788e-13,822.609303209605,73.99994630842531,0.0274167681476924,95.26800120528316,0.0007516791756643,-8.950188542106048e-19,0.0,7260.026375487441,73.99859006454969,0.1404888193723786,95.2669477391887,0.0197371083686448,2.989213214217732e-17,4.143010604683022e-11,18396.51911741146,73.99809281348432,0.1633920864572139,95.26656149999845,0.0266969739168416,-9.56165596507044e-16,-2.1694868128085782e-09,143.58359610000676,0.0020525234162068,2.124495758769151e-05,256.13605695300566,0.0018998135824671,1.815751388674556e-05,822.6093032096072,0.0017616485669613,1579.339408564593,7260.0263754875505,12378.527530116457,18640845839167.355,18396.519117411084,61751.18652018169,92988180086565.66,1.0,74.0,0.0,74.0,0.0,0.0,0.0,1.0,74.0,0.0,74.0,0.0,0.0,0.0,1.0,74.0,0.0,74.0,0.0,0.0,0.0,1.0,74.0,0.0,74.0,0.0,0.0,0.0,1.0,74.0,0.0,74.0,0.0,0.0,0.0
1.0,60.0,0.0,1.0,60.0,0.0,1.0,60.0,0.0,1.0,60.0,0.0,1.0,60.0,0.0,1.0,60.0,0.0,1.0,60.0,0.0,1.0,60.0,0.0,1.0,60.0,0.0,1.0,60.0,0.0,1.0,60.0,0.0,60.0,0.0,0.0,0.0,1.0,60.0,0.0,60.0,0.0,0.0,0.0,1.0,60.0,0.0,60.0,0.0,0.0,0.0,1.0,60.0,0.0,60.0,0.0,0.0,0.0,1.0,60.0,0.0,60.0,0.0,0.0,0.0,1.0,1505913435.8172169,0.0,1.0,1505913435.8172169,0.0,1.0,1505913435.8172169,0.0,1.0,1505913435.8172169,0.0,1.0,1505913435.8172169,0.0,1.0,60.0,0.0,60.0,0.0,0.0,0.0,1.0,60.0,0.0,60.0,0.0,0.0,0.0,1.0,60.0,0.0,60.0,0.0,0.0,0.0,1.0,60.0,0.0,60.0,0.0,0.0,0.0,1.0,60.0,0.0,60.0,0.0,0.0,0.0
1.0,60.0,0.0,1.0,60.0,0.0,1.0,60.0,0.0,1.0,60.0,0.0,1.0,60.0,0.0,1.0,60.0,0.0,1.0,60.0,0.0,1.0,60.0,0.0,1.0,60.0,0.0,1.0,60.0,0.0,1.0,60.0,0.0,60.0,0.0,0.0,0.0,1.0,60.0,0.0,60.0,0.0,0.0,0.0,1.0,60.0,0.0,60.0,0.0,0.0,0.0,1.0,60.0,0.0,60.0,0.0,0.0,0.0,1.0,60.0,0.0,60.0,0.0,0.0,0.0,1.0,1505913572.880359,0.0,1.0,1505913572.880359,0.0,1.0,1505913572.880359,0.0,1.0,1505913572.880359,0.0,1.0,1505913572.880359,0.0,1.0,60.0,0.0,60.0,0.0,0.0,0.0,1.0,60.0,0.0,60.0,0.0,0.0,0.0,1.0,60.0,0.0,60.0,0.0,0.0,0.0,1.0,60.0,0.0,60.0,0.0,0.0,0.0,1.0,60.0,0.0,60.0,0.0,0.0,0.0
1.0,60.0,0.0,1.0,60.0,0.0,1.0,60.0,0.0,1.0,60.0,0.0,1.0,60.0,0.0,1.0,60.0,0.0,1.0,60.0,0.0,1.0,60.0,0.0,1.0,60.0,0.0,1.0,60.0,0.0,1.0,60.0,0.0,60.0,0.0,0.0,0.0,1.0,60.0,0.0,60.0,0.0,0.0,0.0,1.0,60.0,0.0,60.0,0.0,0.0,0.0,1.0,60.0,0.0,60.0,0.0,0.0,0.0,1.0,60.0,0.0,60.0,0.0,0.0,0.0,1.0,1505913473.0505009,0.0,1.0,1505913473.0505009,0.0,1.0,1505913473.0505009,0.0,1.0,1505913473.0505009,0.0,1.0,1505913473.0505009,0.0,1.0,60.0,0.0,60.0,0.0,0.0,0.0,1.0,60.0,0.0,60.0,0.0,0.0,0.0,1.0,60.0,0.0,60.0,0.0,0.0,0.0,1.0,60.0,0.0,60.0,0.0,0.0,0.0,1.0,60.0,0.0,60.0,0.0,0.0,0.0
1.0,60.0,0.0,1.0,60.0,0.0,1.0,60.0,0.0,1.0,60.0,0.0,1.0,60.0,0.0,1.0,60.0,0.0,1.0,60.0,0.0,1.0,60.0,0.0,1.0,60.0,0.0,1.0,60.0,0.0,1.0,60.0,0.0,60.0,0.0,0.0,0.0,1.0,60.0,0.0,60.0,0.0,0.0,0.0,1.0,60.0,0.0,60.0,0.0,0.0,0.0,1.0,60.0,0.0,60.0,0.0,0.0,0.0,1.0,60.0,0.0,60.0,0.0,0.0,0.0,1.0,1505913457.35147,0.0,1.0,1505913457.35147,0.0,1.0,1505913457.35147,0.0,1.0,1505913457.35147,0.0,1.0,1505913457.35147,0.0,1.0,60.0,0.0,60.0,0.0,0.0,0.0,1.0,60.0,0.0,60.0,0.0,0.0,0.0,1.0,60.0,0.0,60.0,0.0,0.0,0.0,1.0,60.0,0.0,60.0,0.0,0.0,0.0,1.0,60.0,0.0,60.0,0.0,0.0,0.0
89.15117708904181,74.1344410257809,3.210416784119843,105.2908957352428,74.16661765379514,4.042906131739073,142.92295768147002,74.57472566948756,268.9849024410614,756.183558611443,78.76475148296306,3527.820978695254,7235.618807973959,76.63465243598914,1709.753487918234,89.15117708904181,74.1344410257809,3.210416784119843,105.2908957352428,74.16661765379514,4.042906131739073,142.92295768147002,74.57472566948756,268.9849024410614,756.183558611443,78.76475148296306,3527.820978695254,7235.618807973959,76.63465243598914,1709.753487918234,1.0,74.0,0.0,74.0,0.0,0.0,0.0,1.0,74.0,0.0,74.0,0.0,0.0,0.0,1.0,74.0,0.0,74.0,0.0,0.0,0.0,1.0,74.0,0.0,74.0,0.0,0.0,0.0,1.0,74.0,0.0,74.0,0.0,0.0,0.0,1.0,1505912988.2327812,0.0,1.0,1505912988.2327812,0.0,1.0,1505912988.2327812,0.0,1.0,1505912988.2327812,0.0,1.0,1505912988.2327812,0.0,1.0,74.0,0.0,74.0,0.0,0.0,0.0,1.0,74.0,0.0,74.0,0.0,0.0,0.0,1.0,74.0,0.0,74.0,0.0,0.0,0.0,1.0,74.0,0.0,74.0,0.0,0.0,0.0,1.0,74.0,0.0,74.0,0.0,0.0,0.0
1.0,60.0,0.0,1.0,60.0,0.0,1.0,60.0,0.0,1.0,60.0,0.0,1.0,60.0,0.0,1.0,60.0,0.0,1.0,60.0,0.0,1.0,60.0,0.0,1.0,60.0,0.0,1.0,60.0,0.0,1.0,60.0,0.0,60.0,0.0,0.0,0.0,1.0,60.0,0.0,60.0,0.0,0.0,0.0,1.0,60.0,0.0,60.0,0.0,0.0,0.0,1.0,60.0,0.0,60.0,0.0,0.0,0.0,1.0,60.0,0.0,60.0,0.0,0.0,0.0,1.0,1505913543.335318,0.0,1.0,1505913543.335318,0.0,1.0,1505913543.335318,0.0,1.0,1505913543.335318,0.0,1.0,1505913543.335318,0.0,1.0,60.0,0.0,60.0,0.0,0.0,0.0,1.0,60.0,0.0,60.0,0.0,0.0,0.0,1.0,60.0,0.0,60.0,0.0,0.0,0.0,1.0,60.0,0.0,60.0,0.0,0.0,0.0,1.0,60.0,0.0,60.0,0.0,0.0,0.0
1.0,60.0,0.0,1.0,60.0,0.0,1.0,60.0,0.0,1.0,60.0,0.0,1.0,60.0,0.0,1.0,60.0,0.0,1.0,60.0,0.0,1.0,60.0,0.0,1.0,60.0,0.0,1.0,60.0,0.0,1.0,60.0,0.0,60.0,0.0,0.0,0.0,1.0,60.0,0.0,60.0,0.0,0.0,0.0,1.0,60.0,0.0,60.0,0.0,0.0,0.0,1.0,60.0,0.0,60.0,0.0,0.0,0.0,1.0,60.0,0.0,60.0,0.0,0.0,0.0,1.0,1505913536.785618,0.0,1.0,1505913536.785618,0.0,1.0,1505913536.785618,0.0,1.0,1505913536.785618,0.0,1.0,1505913536.785618,0.0,1.0,60.0,0.0,60.0,0.0,0.0,0.0,1.0,60.0,0.0,60.0,0.0,0.0,0.0,1.0,60.0,0.0,60.0,0.0,0.0,0.0,1.0,60.0,0.0,60.0,0.0,0.0,0.0,1.0,60.0,0.0,60.0,0.0,0.0,0.0
148.57163988184672,73.9947866949393,5.5978617155033135,235.40121428605872,74.11195086112627,92.2292498107272,525.3180226245398,75.6527538648738,1347.0545414488524,5079.150854214016,74.90448893301689,697.3875745453179,10589.903136684828,74.55289986602429,400.054365121212,148.57163988184672,73.9947866949393,5.5978617155033135,235.40121428605872,74.11195086112627,92.2292498107272,525.3180226245398,75.6527538648738,1347.0545414488524,5079.150854214016,74.90448893301689,697.3875745453179,10589.903136684828,74.55289986602429,400.054365121212,148.07962728311458,74.00000000000003,1.6518123698891422e-06,95.26804291051648,4.547473508864642e-12,7.373812349440428e-28,2.340460332866305e-16,234.4946501340895,74.00000000000014,3.932099938981686e-06,95.26804291051664,1.7711810955143344e-11,1.4602033676145827e-26,1.2633593792553877e-15,522.1785181254901,73.99999989929142,0.0011874003558474,95.2680428322906,1.4099196054573403e-06,-1.3497099557682804e-20,-1.972862226553953e-12,5060.257307292958,73.99851967445309,0.1439526527593059,95.26689306369964,0.0207223662364413,2.3074939517764656e-16,2.593559208504744e-10,10555.758351044253,73.9976750920505,0.1803976330945823,95.2662370361543,0.0325433060261275,-1.962224914898713e-15,-1.222807905095077e-09,148.07962728311458,0.002122322254352,0.0002037320885099,234.4946501340896,0.0023921332024324,0.000635746415767,522.1785181254913,0.1711677285103396,252563674.60886252,5060.257307293006,56245.34919491456,84697509827137.9,10555.758351044218,120769.34903525848,181853704006529.6,1.0,74.0,0.0,74.0,0.0,0.0,0.0,1.0,74.0,0.0,74.0,0.0,0.0,0.0,1.0,74.0,0.0,74.0,0.0,0.0,0.0,1.0,74.0,0.0,74.0,0.0,0.0,0.0,1.0,74.0,0.0,74.0,0.0,0.0,0.0
1.0,60.0,0.0,1.0,60.0,0.0,1.0,60.0,0.0,1.0,60.0,0.0,1.0,60.0,0.0,1.0,60.0,0.0,1.0,60.0,0.0,1.0,60.0,0.0,1.0,60.0,0.0,1.0,60.0,0.0,1.0,60.0,0.0,60.0,0.0,0.0,0.0,1.0,60.0,0.0,60.0,0.0,0.0,0.0,1.0,60.0,0.0,60.0,0.0,0.0,0.0,1.0,60.0,0.0,60.0,0.0,0.0,0.0,1.0,60.0,0.0,60.0,0.0,0.0,0.0,1.0,1505913582.7399962,0.0,1.0,1505913582.7399962,0.0,1.0,1505913582.7399962,0.0,1.0,1505913582.7399962,0.0,1.0,1505913582.7399962,0.0,1.0,60.0,0.0,60.0,0.0,0.0,0.0,1.0,60.0,0.0,60.0,0.0,0.0,0.0,1.0,60.0,0.0,60.0,0.0,0.0,0.0,1.0,60.0,0.0,60.0,0.0,0.0,0.0,1.0,60.0,0.0,60.0,0.0,0.0,0.0
1.0295978048598773,97.99999996059346,1.4970955817261709e-06,1.1349129640086857,97.99986041434356,0.0052823197947873,1.9911036348530389,97.61832434918227,12.884710534710392,12.485467270349126,91.30190089488867,130.3803101037447,19.024225157031907,90.34667260614928,136.62813023875424,1.0295978048598773,97.99999996059346,1.4970955817261709e-06,1.1349129640086857,97.99986041434356,0.0052823197947873,1.9911036348530389,97.61832434918227,12.884710534710392,12.485467270349126,91.30190089488867,130.3803101037447,19.024225157031907,90.34667260614928,136.62813023875424,1.0295978037915356,98.0,1.3486991523486091e-06,138.59292911359103,1.6125341165027892e-08,3.32738680360182e-26,1.9428253020467715e-16,1.1349087523977686,98.0,0.0,138.59294352165358,0.0002255300187243,1.4343027387585734e-24,0.0,1.9664287057976853,98.0,1.9073486328125e-06,138.7369536449225,2.2174753482486267,7.585800522432119e-16,2.6708034933886507e-10,8.791399583649406,97.99999999999996,2.6973983046972182e-06,140.77692652931296,25.92201459960597,-9.581672036341817e-14,-6.976889521077798e-09,12.4619090978305,97.99999999999996,1.9073486328125e-06,140.96508460003236,27.57615465699564,-1.8514257657065423e-14,-1.8484570670722391e-09,1.0295978037915356,1.024089423656188,0.680599769915615,1.1349087523977686,1.0345684945208238,15653617.51934487,1.9664287057976853,152095.58930647274,229018129665079.7,8.791399583649405,73036710.94321698,1.0465260853112925e+17,12.461909097830494,110967391.80030178,1.5479353315077635e+17,1.0295978037915356,98.0,1.3486991523486091e-06,138.5929291125633,2.5724394843074964e-12,-3.1618637857727364e-31,-1.7382529989504828e-19,1.1349087523977686,98.0,0.0,138.5929291125633,0.0,-8.786785588330436e-46,0.0,1.9664287057976853,98.0,1.9073486328125e-06,138.5929291125633,3.637978807091713e-12,-4.790554749874625e-37,0.0,8.791399583649405,97.99999999999996,2.3360154559928683e-06,138.5929291125633,5.4569682106375694e-12,-1.1105443616836308e-28,0.0,12.4619090978305,97.99999999999996,1.9073486328125e-06,138.5929291125633,6.558459564010245e-12,-9.245344643051248e-30,-2.074996224781336e-18
73.15968200346559,74.15560140062938,3.7102861821222177,113.225167511364,74.15112368690095,3.611898958238272,240.320242050958,74.25235102543567,80.16573518938094,934.380261283026,77.61446365344544,2662.0674071130825,7422.0417360126685,76.55334896780647,1655.173113445691,73.15968200346559,74.15560140062938,3.7102861821222177,113.225167511364,74.15112368690095,3.611898958238272,240.320242050958,74.25235102543567,80.16573518938094,934.380261283026,77.61446365344544,2662.0674071130825,7422.0417360126685,76.55334896780647,1655.173113445691,1.0,74.0,0.0,74.0,0.0,0.0,0.0,1.0,74.0,0.0,74.0,0.0,0.0,0.0,1.0,74.0,0.0,74.0,0.0,0.0,0.0,1.0,74.0,0.0,74.0,0.0,0.0,0.0,1.0,74.0,0.0,74.0,0.0,0.0,0.0,1.0,1505912989.267541,0.0,1.0,1505912989.267541,0.0,1.0,1505912989.267541,0.0,1.0,1505912989.267541,0.0,1.0,1505912989.267541,0.0,1.0,74.0,0.0,74.0,0.0,0.0,0.0,1.0,74.0,0.0,74.0,0.0,0.0,0.0,1.0,74.0,0.0,74.0,0.0,0.0,0.0,1.0,74.0,0.0,74.0,0.0,0.0,0.0,1.0,74.0,0.0,74.0,0.0,0.0,0.0
136.28617892942023,74.38330579581847,220.63831278094585,253.78906478312223,74.47021518028002,232.06280066109048,800.6372039602925,74.33717315768425,144.6907339212339,2537.221411749309,74.18228110573484,62.73626803427942,2972.595008226392,74.17007259925278,55.44345185905513,136.28617892942023,74.38330579581847,220.63831278094585,253.78906478312223,74.47021518028002,232.06280066109048,800.6372039602925,74.33717315768425,144.6907339212339,2537.221411749309,74.18228110573484,62.73626803427942,2972.595008226392,74.17007259925278,55.44345185905513,135.3109742204118,73.89121924386772,1.2292669900991522,95.18357148870456,1.5110973329474289,1.8657269658201308e-15,9.188426695924755e-10,252.05774853813045,73.92447544558887,1.0254949065919592,95.20939066029922,1.0516398034460508,-4.9998720598607275e-15,-2.951648716604822e-09,796.6951163127584,73.96909652913969,0.6570339165637797,95.24404045050376,0.4316935675151399,1.4374040786570032e-14,1.0259022804997064e-08,2527.271435551915,73.98906244650479,0.3911599658237429,95.25954735202544,0.1530061188632316,-3.337805438476301e-16,-5.658958738865802e-10,2960.8310230914703,73.99055535121451,0.3635049952593583,95.26070691098792,0.1321358815785061,8.02684483754679e-16,1.4644157583774403e-09,135.3109742204118,0.1736634967344721,258072925.6922192,252.05774853813045,122.68520338748314,184750357730.6977,796.6951163127617,51761.043772377976,77944989537457.61,2527.271435551923,415812.6887087211,626005173774294.0,2960.831023091469,490638.30322242726,738618275393527.0,1.0,74.0,0.0,74.0,0.0,0.0,0.0,1.0,74.0,0.0,74.0,0.0,0.0,0.0,1.0,74.0,0.0,74.0,0.0,0.0,0.0,1.0,74.0,0.0,74.0,0.0,0.0,0.0,1.0,74.0,0.0,74.0,0.0,0.0,0.0
1.0,60.0,0.0,1.0,60.0,0.0,1.0,60.0,0.0,1.0,60.0,0.0,1.0,60.0,0.0,1.0,60.0,0.0,1.0,60.0,0.0,1.0,60.0,0.0,1.0,60.0,0.0,1.0,60.0,0.0,1.0,60.0,0.0,60.0,0.0,0.0,0.0,1.0,60.0,0.0,60.0,0.0,0.0,0.0,1.0,60.0,0.0,60.0,0.0,0.0,0.0,1.0,60.0,0.0,60.0,0.0,0.0,0.0,1.0,60.0,0.0,60.0,0.0,0.0,0.0,1.0,1505913438.023822,0.0,1.0,1505913438.023822,0.0,1.0,1505913438.023822,0.0,1.0,1505913438.023822,0.0,1.0,1505913438.023822,0.0,1.0,60.0,0.0,60.0,0.0,0.0,0.0,1.0,60.0,0.0,60.0,0.0,0.0,0.0,1.0,60.0,0.0,60.0,0.0,0.0,0.0,1.0,60.0,0.0,60.0,0.0,0.0,0.0,1.0,60.0,0.0,60.0,0.0,0.0,0.0
1.0,60.0,0.0,1.0,60.0,0.0,1.0,60.0,0.0,1.0,60.0,0.0,1.0,60.0,0.0,1.0,60.0,0.0,1.0,60.0,0.0,1.0,60.0,0.0,1.0,60.0,0.0,1.0,60.0,0.0,1.0,60.0,0.0,60.0,0.0,0.0,0.0,1.0,60.0,0.0,60.0,0.0,0.0,0.0,1.0,60.0,0.0,60.0,0.0,0.0,0.0,1.0,60.0,0.0,60.0,0.0,0.0,0.0,1.0,60.0,0.0,60.0,0.0,0.0,0.0,1.0,1505913544.366279,0.0,1.0,1505913544.366279,0.0,1.0,1505913544.366279,0.0,1.0,1505913544.366279,0.0,1.0,1505913544.366279,0.0,1.0,60.0,0.0,60.0,0.0,0.0,0.0,1.0,60.0,0.0,60.0,0.0,0.0,0.0,1.0,60.0,0.0,60.0,0.0,0.0,0.0,1.0,60.0,0.0,60.0,0.0,0.0,0.0,1.0,60.0,0.0,60.0,0.0,0.0,0.0
1.0,60.0,0.0,1.0,60.0,0.0,1.0,60.0,0.0,1.0,60.0,0.0,1.0,60.0,0.0,1.0,60.0,0.0,1.0,60.0,0.0,1.0,60.0,0.0,1.0,60.0,0.0,1.0,60.0,0.0,1.0,60.0,0.0,60.0,0.0,0.0,0.0,1.0,60.0,0.0,60.0,0.0,0.0,0.0,1.0,60.0,0.0,60.0,0.0,0.0,0.0,1.0,60.0,0.0,60.0,0.0,0.0,0.0,1.0,60.0,0.0,60.0,0.0,0.0,0.0,1.0,1505913583.962586,0.0,1.0,1505913583.962586,0.0,1.0,1505913583.962586,0.0,1.0,1505913583.962586,0.0,1.0,1505913583.962586,0.0,1.0,60.0,0.0,60.0,0.0,0.0,0.0,1.0,60.0,0.0,60.0,0.0,0.0,0.0,1.0,60.0,0.0,60.0,0.0,0.0,0.0,1.0,60.0,0.0,60.0,0.0,0.0,0.0,1.0,60.0,0.0,60.0,0.0,0.0,0.0
1.0,60.0,0.0,1.0,60.0,0.0,1.0,60.0,0.0,1.0,60.0,0.0,1.0,60.0,0.0,1.0,60.0,0.0,1.0,60.0,0.0,1.0,60.0,0.0,1.0,60.0,0.0,1.0,60.0,0.0,1.0,60.0,0.0,60.0,0.0,0.0,0.0,1.0,60.0,0.0,60.0,0.0,0.0,0.0,1.0,60.0,0.0,60.0,0.0,0.0,0.0,1.0,60.0,0.0,60.0,0.0,0.0,0.0,1.0,60.0,0.0,60.0,0.0,0.0,0.0,1.0,1505913474.972494,0.0,1.0,1505913474.972494,0.0,1.0,1505913474.972494,0.0,1.0,1505913474.972494,0.0,1.0,1505913474.972494,0.0,1.0,60.0,0.0,60.0,0.0,0.0,0.0,1.0,60.0,0.0,60.0,0.0,0.0,0.0,1.0,60.0,0.0,60.0,0.0,0.0,0.0,1.0,60.0,0.0,60.0,0.0,0.0,0.0,1.0,60.0,0.0,60.0,0.0,0.0,0.0
1.0,60.0,0.0,1.0,60.0,0.0,1.0,60.0,0.0,1.0,60.0,0.0,1.0,60.0,0.0,1.0,60.0,0.0,1.0,60.0,0.0,1.0,60.0,0.0,1.0,60.0,0.0,1.0,60.0,0.0,1.0,60.0,0.0,60.0,0.0,0.0,0.0,1.0,60.0,0.0,60.0,0.0,0.0,0.0,1.0,60.0,0.0,60.0,0.0,0.0,0.0,1.0,60.0,0.0,60.0,0.0,0.0,0.0,1.0,60.0,0.0,60.0,0.0,0.0,0.0,1.0,1505913538.955513,0.0,1.0,1505913538.955513,0.0,1.0,1505913538.955513,0.0,1.0,1505913538.955513,0.0,1.0,1505913538.955513,0.0,1.0,60.0,0.0,60.0,0.0,0.0,0.0,1.0,60.0,0.0,60.0,0.0,0.0,0.0,1.0,60.0,0.0,60.0,0.0,0.0,0.0,1.0,60.0,0.0,60.0,0.0,0.0,0.0,1.0,60.0,0.0,60.0,0.0,0.0,0.0
1.0,60.0,0.0,1.0,60.0,0.0,1.0,60.0,0.0,1.0,60.0,0.0,1.0,60.0,0.0,1.0,60.0,0.0,1.0,60.0,0.0,1.0,60.0,0.0,1.0,60.0,0.0,1.0,60.0,0.0,1.0,60.0,0.0,60.0,0.0,0.0,0.0,1.0,60.0,0.0,60.0,0.0,0.0,0.0,1.0,60.0,0.0,60.0,0.0,0.0,0.0,1.0,60.0,0.0,60.0,0.0,0.0,0.0,1.0,60.0,0.0,60.0,0.0,0.0,0.0,1.0,1505913449.024733,0.0,1.0,1505913449.024733,0.0,1.0,1505913449.024733,0.0,1.0,1505913449.024733,0.0,1.0,1505913449.024733,0.0,1.0,60.0,0.0,60.0,0.0,0.0,0.0,1.0,60.0,0.0,60.0,0.0,0.0,0.0,1.0,60.0,0.0,60.0,0.0,0.0,0.0,1.0,60.0,0.0,60.0,0.0,0.0,0.0,1.0,60.0,0.0,60.0,0.0,0.0,0.0
59.50732157368216,76.37836231338123,599.5848910499144,72.54368021792433,77.30348930966697,823.1233738912106,160.61243739918945,77.34370385249488,1232.6925404977192,1251.7067732404707,78.93825065354606,3616.23818588786,6243.794509690903,77.16470919036281,2120.003453763771,59.50732157368216,76.37836231338123,599.5848910499144,72.54368021792433,77.30348930966697,823.1233738912106,160.61243739918945,77.34370385249488,1232.6925404977192,1251.7067732404707,78.93825065354606,3616.23818588786,6243.794509690903,77.16470919036281,2120.003453763771,1.0000288381960143,73.99999999999999,9.5367431640625e-07,73.99999999999999,9.094947017729282e-13,0.0,0.0,1.0018879081167686,74.0,9.5367431640625e-07,74.0,9.094947017729282e-13,0.0,0.0,1.1235929270880078,74.0,9.5367431640625e-07,74.0,9.094947017729282e-13,0.0,0.0,1.8113334129433736,74.00000000000001,9.5367431640625e-07,74.00000000000001,9.094947017729282e-13,0.0,0.0,1.9793094293895472,74.0,0.0,74.0,0.0,0.0,0.0,1.0000288381960143,43429.57567351189,65394730492372.52,1.0018879081167686,2837670.9663046263,4265228441352968.0,1.1235929270880078,165647347.37492087,2.2201143171821e+17,1.8113334129433736,674529304.0847207,5.607926047926302e+17,1.9793094293895472,745085481.2686893,5.668814710061538e+17,1.0000288381960143,73.99999999999999,9.5367431640625e-07,73.99999999999999,9.094947017729282e-13,0.0,0.0,1.0018879081167686,74.0,9.5367431640625e-07,74.0,9.094947017729282e-13,0.0,0.0,1.1235929270880078,74.0,9.5367431640625e-07,74.0,9.094947017729282e-13,0.0,0.0,1.8113334129433736,74.00000000000001,9.5367431640625e-07,74.00000000000001,9.094947017729282e-13,0.0,0.0,1.9793094293895472,74.0,0.0,74.0,0.0,0.0,0.0
1.0,60.0,0.0,1.0,60.0,0.0,1.0,60.0,0.0,1.0,60.0,0.0,1.0,60.0,0.0,1.0,60.0,0.0,1.0,60.0,0.0,1.0,60.0,0.0,1.0,60.0,0.0,1.0,60.0,0.0,1.0,60.0,0.0,60.0,0.0,0.0,0.0,1.0,60.0,0.0,60.0,0.0,0.0,0.0,1.0,60.0,0.0,60.0,0.0,0.0,0.0,1.0,60.0,0.0,60.0,0.0,0.0,0.0,1.0,60.0,0.0,60.0,0.0,0.0,0.0,1.0,1505913455.996151,0.0,1.0,1505913455.996151,0.0,1.0,1505913455.996151,0.0,1.0,1505913455.996151,0.0,1.0,1505913455.996151,0.0,1.0,60.0,0.0,60.0,0.0,0.0,0.0,1.0,60.0,0.0,60.0,0.0,0.0,0.0,1.0,60.0,0.0,60.0,0.0,0.0,0.0,1.0,60.0,0.0,60.0,0.0,0.0,0.0,1.0,60.0,0.0,60.0,0.0,0.0,0.0
181.0453078244361,74.00516883901797,0.1240254195436136,293.44559598687414,74.01295094113135,0.3106548602818293,836.0909317232185,74.02908541344462,0.7097539758315179,7649.841512070708,74.34084418479065,236.0737800324823,22362.021108666588,74.47290969590114,334.3481927729836,181.0453078244361,74.00516883901797,0.1240254195436136,293.44559598687414,74.01295094113135,0.3106548602818293,836.0909317232185,74.02908541344462,0.7097539758315179,7649.841512070708,74.34084418479065,236.0737800324823,22362.021108666588,74.47290969590114,334.3481927729836,181.0063164056396,73.9999999999999,3.693564745147149e-06,95.26804291051636,1.4008875769604272e-11,-5.219088019441876e-27,-7.919810607741881e-16,293.28724612692014,73.99999999999986,3.5683225505580347e-06,95.26804291051634,1.3853010579375964e-11,7.2841777570865785e-28,8.738577031602288e-17,835.0780145945604,73.99999991952829,0.001061411666162,95.26804284800956,1.126594725065025e-06,-6.7401663682504426e-21,-9.416763661458312e-12,7629.188306388343,73.99929872852788,0.0990823333116082,95.26749819489272,0.0098173087744726,1.3400017947218047e-16,4.4844487798246464e-10,22291.34271579708,73.99852492092447,0.1436973598684198,95.26689713889358,0.0206489312331541,-3.3536128387691082e-18,-2.014967463224892e-12,181.0063164056396,0.0016233277187296,1.463700809701418e-05,293.2872461269203,0.00165887852867,1.598345162476771e-05,835.0780145945648,0.0017350827132144,2.367097978544233,7629.188306388501,6156.813417229877,9271592831171.01,22291.34271579654,47760.34391551423,71920702031433.3,1.0,74.0,0.0,74.0,0.0,0.0,0.0,1.0,74.0,0.0,74.0,0.0,0.0,0.0,1.0,74.0,0.0,74.0,0.0,0.0,0.0,1.0,74.0,0.0,74.0,0.0,0.0,0.0,1.0,74.0,0.0,74.0,0.0,0.0,0.0
1.0,60.0,0.0,1.0,60.0,0.0,1.0,60.0,0.0,1.0,60.0,0.0,1.0,60.0,0.0,1.0,60.0,0.0,1.0,60.0,0.0,1.0,60.0,0.0,1.0,60.0,0.0,1.0,60.0,0.0,1.0,60.0,0.0,60.0,0.0,0.0,0.0,1.0,60.0,0.0,60.0,0.0,0.0,0.0,1.0,60.0,0.0,60.0,0.0,0.0,0.0,1.0,60.0,0.0,60.0,0.0,0.0,0.0,1.0,60.0,0.0,60.0,0.0,0.0,0.0,1.0,1505913476.45066,0.0,1.0,1505913476.45066,0.0,1.0,1505913476.45066,0.0,1.0,1505913476.45066,0.0,1.0,1505913476.45066,0.0,1.0,60.0,0.0,60.0,0.0,0.0,0.0,1.0,60.0,0.0,60.0,0.0,0.0,0.0,1.0,60.0,0.0,60.0,0.0,0.0,0.0,1.0,60.0,0.0,60.0,0.0,0.0,0.0,1.0,60.0,0.0,60.0,0.0,0.0,0.0
187.92801594221083,74.07659493702681,29.44987358249545,299.99495351165723,74.32852193364593,240.9026144441932,825.2488949871007,75.5622060369305,1272.0149520000823,7531.928378311013,74.6478982938584,495.4386334637011,38299.92606536842,74.37213781443542,251.3989525946917,187.92801594221083,74.07659493702681,29.44987358249545,299.99495351165723,74.32852193364593,240.9026144441932,825.2488949871007,75.5622060369305,1272.0149520000823,7531.928378311013,74.6478982938584,495.4386334637011,38299.92606536842,74.37213781443542,251.3989525946917,187.5636436308912,73.99711226487433,0.2010471406122945,95.26579986301704,0.0404199527483797,-9.100196801341767e-17,-1.9376582056642067e-10,299.2916955673273,73.99335369668084,0.3049656917127677,95.26288044816876,0.0930040731218468,8.186536591957342e-16,1.2002391575449e-09,822.1518353535729,73.99111414041644,0.3525947754149999,95.26114093238716,0.1243230756499542,-1.1957489876599528e-16,-2.903477285299144e-10,7509.886122348593,73.99750399976811,0.18691648727563,95.26610414095728,0.0349377732154607,1.3564791399970115e-16,2.7786560404957455e-10,38185.15303156948,73.99818685426014,0.1593133796548592,95.26663454598356,0.0253807529370533,3.414550011707768e-16,3.38808893939065e-10,187.5636436308912,0.0015618067636816,1.1616532751925891e-05,299.2916955673272,0.0016258661809018,1.6307338517504428e-05,822.1518353535754,0.0017645155522394,2.5370490335815007e-05,7509.8861223486865,149.76910012074592,225536511604.8944,38185.15303156793,19196.88418616277,28908491397393.53,1.0,74.0,0.0,95.26804291051644,0.0,0.0,0.0,1.0,74.0,0.0,95.26804291051644,0.0,0.0,0.0,1.0,74.0,0.0,95.26804291051644,0.0,0.0,0.0,1.0202760553874748,74.0,0.0,95.26804291051644,0.0,0.0,0.0,1.677170993472491,74.0,0.0,95.26804291051644,0.0,0.0,0.0
1.0,60.0,0.0,1.0,60.0,0.0,1.0,60.0,0.0,1.0,60.0,0.0,1.0,60.0,0.0,1.0,60.0,0.0,1.0,60.0,0.0,1.0,60.0,0.0,1.0,60.0,0.0,1.0,60.0,0.0,1.0,60.0,0.0,60.0,0.0,0.0,0.0,1.0,60.0,0.0,60.0,0.0,0.0,0.0,1.0,60.0,0.0,60.0,0.0,0.0,0.0,1.0,60.0,0.0,60.0,0.0,0.0,0.0,1.0,60.0,0.0,60.0,0.0,0.0,0.0,1.0,1505913449.617191,0.0,1.0,1505913449.617191,0.0,1.0,1505913449.617191,0.0,1.0,1505913449.617191,0.0,1.0,1505913449.617191,0.0,1.0,60.0,0.0,60.0,0.0,0.0,0.0,1.0,60.0,0.0,60.0,0.0,0.0,0.0,1.0,60.0,0.0,60.0,0.0,0.0,0.0,1.0,60.0,0.0,60.0,0.0,0.0,0.0,1.0,60.0,0.0,60.0,0.0,0.0,0.0
42.91938098757392,74.02537389819983,0.6086390845484857,64.63179329260151,74.06526098242287,1.7249091469839186,181.69475609779403,74.30921871221807,66.59758629966291,1088.417111710421,75.58022844749048,644.5314213002757,4863.582460967667,76.43813684823722,1454.3421973079212,42.91938098757392,74.02537389819983,0.6086390845484857,64.63179329260151,74.06526098242287,1.7249091469839186,181.69475609779403,74.30921871221807,66.59758629966291,1088.417111710421,75.58022844749048,644.5314213002757,4863.582460967667,76.43813684823722,1454.3421973079212,1.0000296262357888,74.0,0.0,74.0,0.0,0.0,0.0,1.001918694740099,74.0,0.0,74.0,0.0,0.0,0.0,1.1242611289506388,74.00000000000001,9.5367431640625e-07,74.00000000000001,9.094947017729282e-13,0.0,0.0,1.8117709946424767,74.0,0.0,74.0,0.0,0.0,0.0,1.979362234304076,74.0,9.5367431640625e-07,74.0,9.094947017729282e-13,0.0,0.0,1.0000296262357888,44616.216481918585,67181613482364.9,1.001918694740099,2883856.8686652104,4334516018975112.0,1.1242611289506388,166443926.07179436,2.2294646571002173e+17,1.8117709946424767,674730081.3797451,5.608240275440026e+17,1.979362234304076,745105756.6231942,5.66881756946804e+17,1.0000296262357888,74.0,0.0,74.0,0.0,0.0,0.0,1.001918694740099,74.0,0.0,74.0,0.0,0.0,0.0,1.1242611289506388,74.00000000000001,9.5367431640625e-07,74.00000000000001,9.094947017729282e-13,0.0,0.0,1.8117709946424767,74.0,0.0,74.0,0.0,0.0,0.0,1.979362234304076,74.0,9.5367431640625e-07,74.0,9.094947017729282e-13,0.0,0.0
1.0,60.0,0.0,1.0,60.0,0.0,1.0,60.0,0.0,1.0,60.0,0.0,1.0,60.0,0.0,1.0,60.0,0.0,1.0,60.0,0.0,1.0,60.0,0.0,1.0,60.0,0.0,1.0,60.0,0.0,1.0,60.0,0.0,60.0,0.0,0.0,0.0,1.0,60.0,0.0,60.0,0.0,0.0,0.0,1.0,60.0,0.0,60.0,0.0,0.0,0.0,1.0,60.0,0.0,60.0,0.0,0.0,0.0,1.0,60.0,0.0,60.0,0.0,0.0,0.0,1.0,1505913572.232066,0.0,1.0,1505913572.232066,0.0,1.0,1505913572.232066,0.0,1.0,1505913572.232066,0.0,1.0,1505913572.232066,0.0,1.0,60.0,0.0,60.0,0.0,0.0,0.0,1.0,60.0,0.0,60.0,0.0,0.0,0.0,1.0,60.0,0.0,60.0,0.0,0.0,0.0,1.0,60.0,0.0,60.0,0.0,0.0,0.0,1.0,60.0,0.0,60.0,0.0,0.0,0.0
139.30604248922114,74.55033726686115,133.92317515519338,241.3264801055812,74.69403323311937,168.7696394196646,764.9163961710159,74.48244084274441,116.947184857926,3189.873665277443,74.18808567619755,40.901435194286925,3992.590472895473,74.16445458557247,34.139947809530895,139.30604248922114,74.55033726686115,133.92317515519338,241.3264801055812,74.69403323311937,168.7696394196646,764.9163961710159,74.48244084274441,116.947184857926,3189.873665277443,74.18808567619755,40.901435194286925,3992.590472895473,74.16445458557247,34.139947809530895,138.85458894862776,73.99995631880559,0.0247292300843349,95.26800898090154,0.0006115348205639,-1.81922065426202e-18,-4.1232595530765424e-11,240.3126566151128,73.99926254518951,0.1016062178199503,95.26747008938511,0.0103238234996752,-7.122155513644867e-18,-2.7780628067437432e-11,761.8220755968142,73.99320168714002,0.3084317800794199,95.26276237813904,0.0951301629629597,-9.941026551216475e-17,-1.3256087080551035e-10,3179.015743201522,73.9925599807503,0.3226529336273241,95.26226394803408,0.1041049155783184,4.506192948212158e-15,4.227498437016802e-09,3978.963550852936,73.99308075144766,0.3111617002590807,95.26266844409864,0.0968216037081219,-1.1454978323184793e-15,-8.325087735625913e-10,138.85458894862782,0.0022516753316355,100654.27989076458,240.31265661511296,1.1793872951157731,1772960483.3944552,761.8220755968155,11321.531374385058,17049125212354.994,3179.015743201519,282685.4313703089,425620125989711.25,3978.9635508529295,359426.3304872897,541136068851077.3,1.0,74.0,0.0,74.0,0.0,0.0,0.0,1.0,74.0,0.0,74.0,0.0,0.0,0.0,1.0,74.0,0.0,74.0,0.0,0.0,0.0,1.0,74.0,0.0,74.0,0.0,0.0,0.0,1.0,74.0,0.0,74.0,0.0,0.0,0.0
1.0,60.0,0.0,1.0,60.0,0.0,1.0,60.0,0.0,1.0,60.0,0.0,1.0,60.0,0.0,1.0,60.0,0.0,1.0,60.0,0.0,1.0,60.0,0.0,1.0,60.0,0.0,1.0,60.0,0.0,1.0,60.0,0.0,60.0,0.0,0.0,0.0,1.0,60.0,0.0,60.0,0.0,0.0,0.0,1.0,60.0,0.0,60.0,0.0,0.0,0.0,1.0,60.0,0.0,60.0,0.0,0.0,0.0,1.0,60.0,0.0,60.0,0.0,0.0,0.0,1.0,1505913439.517538,0.0,1.0,1505913439.517538,0.0,1.0,1505913439.517538,0.0,1.0,1505913439.517538,0.0,1.0,1505913439.517538,0.0,1.0,60.0,0.0,60.0,0.0,0.0,0.0,1.0,60.0,0.0,60.0,0.0,0.0,0.0,1.0,60.0,0.0,60.0,0.0,0.0,0.0,1.0,60.0,0.0,60.0,0.0,0.0,0.0,1.0,60.0,0.0,60.0,0.0,0.0,0.0
26.64913141224056,74.10173662762327,48.41711109063543,51.33400775290232,74.81523309272694,610.9739825026709,187.8658144628302,79.30769475063278,4292.4965898465725,1062.1678347652262,78.76600776523854,3465.567997264369,2977.873565053986,76.59186991462461,1590.4984524293686,26.64913141224056,74.10173662762327,48.41711109063543,51.33400775290232,74.81523309272694,610.9739825026709,187.8658144628302,79.30769475063278,4292.4965898465725,1062.1678347652262,78.76600776523854,3465.567997264369,2977.873565053986,76.59186991462461,1590.4984524293686,1.0000293103523803,74.00000000000001,1.3486991523486091e-06,74.00000000000001,1.8189894035458565e-12,0.0,0.0,1.0019063938303476,74.0,0.0,74.0,0.0,0.0,0.0,1.1239950099957705,74.0,0.0,74.0,0.0,0.0,0.0,1.8115969771323093,74.00000000000001,9.5367431640625e-07,74.00000000000001,9.094947017729282e-13,0.0,0.0,1.9793412379120927,74.00000000000001,1.3486991523486091e-06,74.00000000000001,1.8189894035458565e-12,0.0,0.0,1.0000293103523803,44140.55328062888,66465341537426.92,1.0019063938303476,2865403.333590048,4306832551750191.0,1.1239950099957705,166126785.72918382,2.2257434341125027e+17,1.8115969771323093,674650218.0203285,5.608114931865509e+17,1.9793412379120927,745097661.8567816,5.66881593182064e+17,1.0000293103523803,74.00000000000001,1.3486991523486091e-06,74.00000000000001,1.8189894035458565e-12,0.0,0.0,1.0019063938303476,74.0,0.0,74.0,0.0,0.0,0.0,1.1239950099957705,74.0,0.0,74.0,0.0,0.0,0.0,1.8115969771323093,74.00000000000001,9.5367431640625e-07,74.00000000000001,9.094947017729282e-13,0.0,0.0,1.9793412379120927,74.00000000000001,1.3486991523486091e-06,74.00000000000001,1.8189894035458565e-12,0.0,0.0
1.0,60.0,0.0,1.0,60.0,0.0,1.0,60.0,0.0,1.0,60.0,0.0,1.0,60.0,0.0,1.0,60.0,0.0,1.0,60.0,0.0,1.0,60.0,0.0,1.0,60.0,0.0,1.0,60.0,0.0,1.0,60.0,0.0,60.0,0.0,0.0,0.0,1.0,60.0,0.0,60.0,0.0,0.0,0.0,1.0,60.0,0.0,60.0,0.0,0.0,0.0,1.0,60.0,0.0,60.0,0.0,0.0,0.0,1.0,60.0,0.0,60.0,0.0,0.0,0.0,1.0,1505913437.188258,0.0,1.0,1505913437.188258,0.0,1.0,1505913437.188258,0.0,1.0,1505913437.188258,0.0,1.0,1505913437.188258,0.0,1.0,60.0,0.0,60.0,0.0,0.0,0.0,1.0,60.0,0.0,60.0,0.0,0.0,0.0,1.0,60.0,0.0,60.0,0.0,0.0,0.0,1.0,60.0,0.0,60.0,0.0,0.0,0.0,1.0,60.0,0.0,60.0,0.0,0.0,0.0
1.0,60.0,0.0,1.0,60.0,0.0,1.0,60.0,0.0,1.0,60.0,0.0,1.0,60.0,0.0,1.0,60.0,0.0,1.0,60.0,0.0,1.0,60.0,0.0,1.0,60.0,0.0,1.0,60.0,0.0,1.0,60.0,0.0,60.0,0.0,0.0,0.0,1.0,60.0,0.0,60.0,0.0,0.0,0.0,1.0,60.0,0.0,60.0,0.0,0.0,0.0,1.0,60.0,0.0,60.0,0.0,0.0,0.0,1.0,60.0,0.0,60.0,0.0,0.0,0.0,1.0,1505913463.977246,0.0,1.0,1505913463.977246,0.0,1.0,1505913463.977246,0.0,1.0,1505913463.977246,0.0,1.0,1505913463.977246,0.0,1.0,60.0,0.0,60.0,0.0,0.0,0.0,1.0,60.0,0.0,60.0,0.0,0.0,0.0,1.0,60.0,0.0,60.0,0.0,0.0,0.0,1.0,60.0,0.0,60.0,0.0,0.0,0.0,1.0,60.0,0.0,60.0,0.0,0.0,0.0
1.0,60.0,0.0,1.0,60.0,0.0,1.0,60.0,0.0,1.0,60.0,0.0,1.0,60.0,0.0,1.0,60.0,0.0,1.0,60.0,0.0,1.0,60.0,0.0,1.0,60.0,0.0,1.0,60.0,0.0,1.0,60.0,0.0,60.0,0.0,0.0,0.0,1.0,60.0,0.0,60.0,0.0,0.0,0.0,1.0,60.0,0.0,60.0,0.0,0.0,0.0,1.0,60.0,0.0,60.0,0.0,0.0,0.0,1.0,60.0,0.0,60.0,0.0,0.0,0.0,1.0,1505913471.909007,0.0,1.0,1505913471.909007,0.0,1.0,1505913471.909007,0.0,1.0,1505913471.909007,0.0,1.0,1505913471.909007,0.0,1.0,60.0,0.0,60.0,0.0,0.0,0.0,1.0,60.0,0.0,60.0,0.0,0.0,0.0,1.0,60.0,0.0,60.0,0.0,0.0,0.0,1.0,60.0,0.0,60.0,0.0,0.0,0.0,1.0,60.0,0.0,60.0,0.0,0.0,0.0
1.0,60.0,0.0,1.0,60.0,0.0,1.0,60.0,0.0,1.0,60.0,0.0,1.0,60.0,0.0,1.0,60.0,0.0,1.0,60.0,0.0,1.0,60.0,0.0,1.0,60.0,0.0,1.0,60.0,0.0,1.0,60.0,0.0,60.0,0.0,0.0,0.0,1.0,60.0,0.0,60.0,0.0,0.0,0.0,1.0,60.0,0.0,60.0,0.0,0.0,0.0,1.0,60.0,0.0,60.0,0.0,0.0,0.0,1.0,60.0,0.0,60.0,0.0,0.0,0.0,1.0,1505913584.413504,0.0,1.0,1505913584.413504,0.0,1.0,1505913584.413504,0.0,1.0,1505913584.413504,0.0,1.0,1505913584.413504,0.0,1.0,60.0,0.0,60.0,0.0,0.0,0.0,1.0,60.0,0.0,60.0,0.0,0.0,0.0,1.0,60.0,0.0,60.0,0.0,0.0,0.0,1.0,60.0,0.0,60.0,0.0,0.0,0.0,1.0,60.0,0.0,60.0,0.0,0.0,0.0
1.0,60.0,0.0,1.0,60.0,0.0,1.0,60.0,0.0,1.0,60.0,0.0,1.0,60.0,0.0,1.0,60.0,0.0,1.0,60.0,0.0,1.0,60.0,0.0,1.0,60.0,0.0,1.0,60.0,0.0,1.0,60.0,0.0,60.0,0.0,0.0,0.0,1.0,60.0,0.0,60.0,0.0,0.0,0.0,1.0,60.0,0.0,60.0,0.0,0.0,0.0,1.0,60.0,0.0,60.0,0.0,0.0,0.0,1.0,60.0,0.0,60.0,0.0,0.0,0.0,1.0,1505913446.3458052,0.0,1.0,1505913446.3458052,0.0,1.0,1505913446.3458052,0.0,1.0,1505913446.3458052,0.0,1.0,1505913446.3458052,0.0,1.0,60.0,0.0,60.0,0.0,0.0,0.0,1.0,60.0,0.0,60.0,0.0,0.0,0.0,1.0,60.0,0.0,60.0,0.0,0.0,0.0,1.0,60.0,0.0,60.0,0.0,0.0,0.0,1.0,60.0,0.0,60.0,0.0,0.0,0.0
1.0,60.0,0.0,1.0,60.0,0.0,1.0,60.0,0.0,1.0,60.0,0.0,1.0,60.0,0.0,1.0,60.0,0.0,1.0,60.0,0.0,1.0,60.0,0.0,1.0,60.0,0.0,1.0,60.0,0.0,1.0,60.0,0.0,60.0,0.0,0.0,0.0,1.0,60.0,0.0,60.0,0.0,0.0,0.0,1.0,60.0,0.0,60.0,0.0,0.0,0.0,1.0,60.0,0.0,60.0,0.0,0.0,0.0,1.0,60.0,0.0,60.0,0.0,0.0,0.0,1.0,1505913477.673526,0.0,1.0,1505913477.673526,0.0,1.0,1505913477.673526,0.0,1.0,1505913477.673526,0.0,1.0,1505913477.673526,0.0,1.0,60.0,0.0,60.0,0.0,0.0,0.0,1.0,60.0,0.0,60.0,0.0,0.0,0.0,1.0,60.0,0.0,60.0,0.0,0.0,0.0,1.0,60.0,0.0,60.0,0.0,0.0,0.0,1.0,60.0,0.0,60.0,0.0,0.0,0.0
177.7908608165009,67.9079094528865,48.17570317332957,276.3779247024441,68.52457956819627,46.676556054885616,725.544924927439,69.75174184531132,41.72857235664651,6642.800878583193,70.61522862732323,37.38244884866981,34292.039414933235,70.67645240867822,36.2235404322255,177.7908608165009,67.9079094528865,48.17570317332957,276.3779247024441,68.52457956819627,46.676556054885616,725.544924927439,69.75174184531132,41.72857235664651,6642.800878583193,70.61522862732323,37.38244884866981,34292.039414933235,70.67645240867822,36.2235404322255,100.03409033541116,73.99998779149158,0.0130735982414935,73.99998779149158,0.0001709189709799,0.0,0.0,167.02569562163495,73.99969256429421,0.0656049186602933,73.99969256429421,0.0043040053524237,0.0,0.0,498.0646514056118,73.99566493480104,0.2463171126731058,73.99566493480104,0.0606721199956155,0.0,0.0,4933.881476913438,73.99576948080842,0.2433297585197038,73.99576948080842,0.0592093713812573,0.0,0.0,25935.10562504809,73.99686889305869,0.2093458699666256,73.99686889305869,0.0438256932720833,0.0,0.0,100.03409033541116,0.0030015720971243,6.2292422841562e-05,167.02569562163495,0.0029449494367539,5.658346061408103e-05,498.0646514056118,0.0029199645183209,5.972316385851067e-05,4933.881476913438,206.31516541334813,311048063796.6536,25935.10562504809,28012.747286092177,42232827120890.07,1.0,74.0,0.0,74.0,0.0,0.0,0.0,1.0,74.0,0.0,74.0,0.0,0.0,0.0,1.0,74.0,0.0,74.0,0.0,0.0,0.0,1.0,74.0,0.0,74.0,0.0,0.0,0.0,1.0,74.0,0.0,74.0,0.0,0.0,0.0
1.0,60.0,0.0,1.0,60.0,0.0,1.0,60.0,0.0,1.0,60.0,0.0,1.0,60.0,0.0,1.0,60.0,0.0,1.0,60.0,0.0,1.0,60.0,0.0,1.0,60.0,0.0,1.0,60.0,0.0,1.0,60.0,0.0,60.0,0.0,0.0,0.0,1.0,60.0,0.0,60.0,0.0,0.0,0.0,1.0,60.0,0.0,60.0,0.0,0.0,0.0,1.0,60.0,0.0,60.0,0.0,0.0,0.0,1.0,60.0,0.0,60.0,0.0,0.0,0.0,1.0,1505913452.824894,0.0,1.0,1505913452.824894,0.0,1.0,1505913452.824894,0.0,1.0,1505913452.824894,0.0,1.0,1505913452.824894,0.0,1.0,60.0,0.0,60.0,0.0,0.0,0.0,1.0,60.0,0.0,60.0,0.0,0.0,0.0,1.0,60.0,0.0,60.0,0.0,0.0,0.0,1.0,60.0,0.0,60.0,0.0,0.0,0.0,1.0,60.0,0.0,60.0,0.0,0.0,0.0
1.0,60.0,0.0,1.0,60.0,0.0,1.0,60.0,0.0,1.0,60.0,0.0,1.0,60.0,0.0,1.0,60.0,0.0,1.0,60.0,0.0,1.0,60.0,0.0,1.0,60.0,0.0,1.0,60.0,0.0,1.0,60.0,0.0,60.0,0.0,0.0,0.0,1.0,60.0,0.0,60.0,0.0,0.0,0.0,1.0,60.0,0.0,60.0,0.0,0.0,0.0,1.0,60.0,0.0,60.0,0.0,0.0,0.0,1.0,60.0,0.0,60.0,0.0,0.0,0.0,1.0,1505913549.233071,0.0,1.0,1505913549.233071,0.0,1.0,1505913549.233071,0.0,1.0,1505913549.233071,0.0,1.0,1505913549.233071,0.0,1.0,60.0,0.0,60.0,0.0,0.0,0.0,1.0,60.0,0.0,60.0,0.0,0.0,0.0,1.0,60.0,0.0,60.0,0.0,0.0,0.0,1.0,60.0,0.0,60.0,0.0,0.0,0.0,1.0,60.0,0.0,60.0,0.0,0.0,0.0
182.83895072830987,74.00860883701782,0.2065857022216732,295.4399615468004,74.01764739844756,0.4375779360279921,859.2518456404297,74.04847730883023,5.592095817666632,6732.530388188975,74.09985572570963,21.73035336765224,12393.23655011414,74.09920014054157,22.80755314286944,182.83895072830987,74.00860883701782,0.2065857022216732,295.4399615468004,74.01764739844756,0.4375779360279921,859.2518456404297,74.04847730883023,5.592095817666632,6732.530388188975,74.09985572570963,21.73035336765224,12393.23655011414,74.09920014054157,22.80755314286944,182.77335177812844,74.00000000000004,2.86102294921875e-06,95.26804291051648,8.782630136842257e-12,2.8027237374769748e-27,5.490663664525992e-16,295.2217991644309,73.99999999999997,1.3486991523486091e-06,95.26804291051644,9.721388017365802e-12,8.468803639883271e-30,2.031946375845538e-18,857.928392027966,73.9999998406457,0.0014936345333511,95.26804278673704,2.230944119221473e-06,1.783481863385384e-20,6.692528699900968e-12,6711.575351408419,73.99877199761782,0.1311126437460862,95.2670890557458,0.0171905253500881,1.785169125605487e-16,2.7225029495396004e-10,12353.551648349989,73.9979943610277,0.1675557310720322,95.26648502728924,0.0280749230150831,5.715476658057124e-16,5.454549080216801e-10,182.7733517781284,0.0016152034171218,1.992295441903697e-05,295.22179916443093,0.001655846359458,5.131395626838488e-05,857.9283920279703,0.2685992857476149,401939096.52413166,6711.575351408457,46684.93634433937,70301309014873.89,12353.551648349843,104190.56729107523,156891157495866.44,1.0,74.0,0.0,74.0,0.0,0.0,0.0,1.0,74.0,0.0,74.0,0.0,0.0,0.0,1.0,74.0,0.0,74.0,0.0,0.0,0.0,1.0,74.0,0.0,74.0,0.0,0.0,0.0,1.0,74.0,0.0,74.0,0.0,0.0,0.0
164.42077758368896,74.02533474934428,0.6079678248524942,275.6606229186675,74.03386969078701,0.9037092095695698,837.4648787461548,74.15379931442506,90.02097725914791,6998.781303436983,74.83668103090197,622.5203792639368,16907.592504347682,74.66548699823944,482.525378262676,164.42077758368896,74.02533474934428,0.6079678248524942,275.6606229186675,74.03386969078701,0.9037092095695698,837.4648787461548,74.15379931442506,90.02097725914791,6998.781303436983,74.83668103090197,622.5203792639368,16907.592504347682,74.66548699823944,482.525378262676,164.24588067462793,73.99999999662259,0.0002174272869339,95.26804290789303,4.727462559556797e-08,-1.7003190121976545e-22,-2.994233367302058e-13,275.2265730130478,73.99999815833434,0.0050777280046524,95.26804147999204,2.5783321689232737e-05,6.712247647555421e-20,5.9104031646721465e-12,834.4067961422558,73.99944493831437,0.0881507544518652,95.26761176380263,0.007770555510433,-3.2420734315574506e-17,-1.5744218258917038e-10,6967.733855712748,73.99814173431284,0.161283187295018,95.26659949915,0.0260122665040398,7.902184953627078e-17,2.5687865018372e-10,16842.909415468886,73.99786735826544,0.1727785754306349,95.2663863782574,0.0298524361278396,-1.1983007941886769e-15,-2.299724815361205e-09,164.24588067462804,0.0018001167668916,2.2626598194960085e-05,275.2265730130481,0.0017706719952441,1.976813815438212e-05,834.4067961422586,0.0017470276369286,16327.157351590358,6967.733855712821,16314.642050719483,24568184056980.324,16842.909415468595,69051.01104869487,103980135524666.88,1.0,74.0,0.0,74.0,0.0,0.0,0.0,1.0,74.0,0.0,74.0,0.0,0.0,0.0,1.0,74.0,0.0,74.0,0.0,0.0,0.0,1.0,74.0,0.0,74.0,0.0,0.0,0.0,1.0,74.0,0.0,74.0,0.0,0.0,0.0
137.7487832094968,74.1514246944171,3.611343429464797,237.984461103122,74.10342306448845,2.4740437005466447,660.2417392537833,74.06570763429194,1.6246106499665984,1440.4854080130865,74.06790106035781,1.7703704756240768,1580.3710017625503,74.06988314185674,1.831075364194476,137.7487832094968,74.1514246944171,3.611343429464797,237.984461103122,74.10342306448845,2.4740437005466447,660.2417392537833,74.06570763429194,1.6246106499665984,1440.4854080130865,74.06790106035781,1.7703704756240768,1580.3710017625503,74.06988314185674,1.831075364194476,136.8796186944236,74.00000000000004,2.132480599880018e-06,95.26804291051651,8.580155856231252e-12,2.5828945361255468e-27,4.490311859012913e-16,236.95571005660832,73.99999999999997,2.3360154559928683e-06,95.26804291051646,9.837689346015368e-12,-2.945844800019954e-27,-4.4077079328981313e-16,658.2554914079351,73.9999999999999,3.438521647895802e-06,95.26804291051636,1.7711810955143344e-11,3.472802076198607e-27,2.7811485194224503e-16,1435.3194367292429,74.00000000000018,5.309833872633001e-06,95.26804291051656,2.820900121018135e-11,-2.687406511356705e-27,-5.307039801331908e-16,1574.4624822960166,74.00000000000018,4.955437109667427e-06,95.26804291051664,2.4573193670414726e-11,9.77095246833303e-27,2.067544401975548e-15,136.87961869442373,489.1117126640737,736556742901.5299,236.9557100566082,15556.070736557826,23425864590589.45,658.2554914079366,308315.0307114172,464200959485509.5,1435.3194367292456,858638.9610874703,1292299445553226.2,1574.462482296014,937483.9419292604,1410891616179809.8,1.0,74.0,0.0,74.0,0.0,0.0,0.0,1.0,74.0,0.0,74.0,0.0,0.0,0.0,1.0,74.0,0.0,74.0,0.0,0.0,0.0,1.0,74.0,0.0,74.0,0.0,0.0,0.0,1.0,74.0,0.0,74.0,0.0,0.0,0.0
1.0,60.0,0.0,1.0,60.0,0.0,1.0,60.0,0.0,1.0,60.0,0.0,1.0,60.0,0.0,1.0,60.0,0.0,1.0,60.0,0.0,1.0,60.0,0.0,1.0,60.0,0.0,1.0,60.0,0.0,1.0,60.0,0.0,60.0,0.0,0.0,0.0,1.0,60.0,0.0,60.0,0.0,0.0,0.0,1.0,60.0,0.0,60.0,0.0,0.0,0.0,1.0,60.0,0.0,60.0,0.0,0.0,0.0,1.0,60.0,0.0,60.0,0.0,0.0,0.0,1.0,1505913443.697362,0.0,1.0,1505913443.697362,0.0,1.0,1505913443.697362,0.0,1.0,1505913443.697362,0.0,1.0,1505913443.697362,0.0,1.0,60.0,0.0,60.0,0.0,0.0,0.0,1.0,60.0,0.0,60.0,0.0,0.0,0.0,1.0,60.0,0.0,60.0,0.0,0.0,0.0,1.0,60.0,0.0,60.0,0.0,0.0,0.0,1.0,60.0,0.0,60.0,0.0,0.0,0.0
1.0,60.0,0.0,1.0,60.0,0.0,1.0,60.0,0.0,1.0,60.0,0.0,1.0,60.0,0.0,1.0,60.0,0.0,1.0,60.0,0.0,1.0,60.0,0.0,1.0,60.0,0.0,1.0,60.0,0.0,1.0,60.0,0.0,60.0,0.0,0.0,0.0,1.0,60.0,0.0,60.0,0.0,0.0,0.0,1.0,60.0,0.0,60.0,0.0,0.0,0.0,1.0,60.0,0.0,60.0,0.0,0.0,0.0,1.0,60.0,0.0,60.0,0.0,0.0,0.0,1.0,1505913454.1976366,0.0,1.0,1505913454.1976366,0.0,1.0,1505913454.1976366,0.0,1.0,1505913454.1976366,0.0,1.0,1505913454.1976366,0.0,1.0,60.0,0.0,60.0,0.0,0.0,0.0,1.0,60.0,0.0,60.0,0.0,0.0,0.0,1.0,60.0,0.0,60.0,0.0,0.0,0.0,1.0,60.0,0.0,60.0,0.0,0.0,0.0,1.0,60.0,0.0,60.0,0.0,0.0,0.0
79.16369327388142,75.90796022986741,748.1049413650118,121.8422650184138,76.07393827133295,805.9302218208104,264.18360038199074,75.97668436742505,749.9479036954242,993.2931905994336,76.63898776795695,1540.4458415253384,7811.382198170659,76.79372328612725,1820.64332722996,79.16369327388142,75.90796022986741,748.1049413650118,121.8422650184138,76.07393827133295,805.9302218208104,264.18360038199074,75.97668436742505,749.9479036954242,993.2931905994336,76.63898776795695,1540.4458415253384,7811.382198170659,76.79372328612725,1820.64332722996,1.0,74.0,0.0,74.0,0.0,0.0,0.0,1.0,74.0,0.0,74.0,0.0,0.0,0.0,1.0,74.0,0.0,74.0,0.0,0.0,0.0,1.0,74.0,0.0,74.0,0.0,0.0,0.0,1.0,74.0,0.0,74.0,0.0,0.0,0.0,1.0,1505913015.285527,0.0,1.0,1505913015.285527,0.0,1.0,1505913015.285527,0.0,1.0,1505913015.285527,0.0,1.0,1505913015.285527,0.0,1.0,74.0,0.0,74.0,0.0,0.0,0.0,1.0,74.0,0.0,74.0,0.0,0.0,0.0,1.0,74.0,0.0,74.0,0.0,0.0,0.0,1.0,74.0,0.0,74.0,0.0,0.0,0.0,1.0,74.0,0.0,74.0,0.0,0.0,0.0
1.0,60.0,0.0,1.0,60.0,0.0,1.0,60.0,0.0,1.0,60.0,0.0,1.0,60.0,0.0,1.0,60.0,0.0,1.0,60.0,0.0,1.0,60.0,0.0,1.0,60.0,0.0,1.0,60.0,0.0,1.0,60.0,0.0,60.0,0.0,0.0,0.0,1.0,60.0,0.0,60.0,0.0,0.0,0.0,1.0,60.0,0.0,60.0,0.0,0.0,0.0,1.0,60.0,0.0,60.0,0.0,0.0,0.0,1.0,60.0,0.0,60.0,0.0,0.0,0.0,1.0,1505913445.524119,0.0,1.0,1505913445.524119,0.0,1.0,1505913445.524119,0.0,1.0,1505913445.524119,0.0,1.0,1505913445.524119,0.0,1.0,60.0,0.0,60.0,0.0,0.0,0.0,1.0,60.0,0.0,60.0,0.0,0.0,0.0,1.0,60.0,0.0,60.0,0.0,0.0,0.0,1.0,60.0,0.0,60.0,0.0,0.0,0.0,1.0,60.0,0.0,60.0,0.0,0.0,0.0
156.82757810641385,74.02508824347629,1.4244433207568363,248.06331800244277,74.05738488576321,10.164266363488425,672.5416296623179,74.19057335277687,59.49089690009714,7522.436670618279,74.21496667702256,101.9588222570128,28396.814299182985,74.373661307979,244.28771032800336,156.82757810641385,74.02508824347629,1.4244433207568363,248.06331800244277,74.05738488576321,10.164266363488425,672.5416296623179,74.19057335277687,59.49089690009714,7522.436670618279,74.21496667702256,101.9588222570128,28396.814299182985,74.373661307979,244.28771032800336,156.67553285506668,73.999999999999,4.370284743266906e-06,95.2680429105156,2.0962817091669618e-11,-3.395411493775096e-27,-2.64314379676745e-16,247.66860693494272,73.99999998549913,0.0004505715024784,95.2680428992528,2.030146788537967e-07,-4.017531477877058e-22,-6.611202860836897e-13,670.5084124275743,73.99986487002107,0.0434948440443402,95.26793794756657,0.0018918014584414,-6.946378749466443e-19,-3.1934068152143415e-12,7502.31483639838,73.99789997912576,0.1714522740706777,95.2664117164107,0.0293958822840068,2.4980019457206017e-16,2.6798331512490404e-10,28312.262773855316,73.99804585756775,0.1653909772614741,95.26652502709752,0.0273541753595054,-8.809883175552885e-16,-5.839124057385633e-10,156.67553285506676,0.0019053654821137,3.656713816072589e-05,247.66860693494263,0.00199904928393,5.591615747225512e-05,670.5084124275758,0.0021872947153607,0.0001246093276439,7502.314836398487,1927.78866609786,2903077973605.4053,28312.26277385433,33424.976405650654,50334030609489.96,1.0,74.0,0.0,95.26804291051644,0.0,0.0,0.0,1.0,74.0,0.0,95.26804291051644,0.0,0.0,0.0,1.0,74.0,0.0,95.26804291051644,0.0,0.0,0.0,1.0221374920358786,74.0,0.0,95.26804291051644,0.0,0.0,0.0,1.6831449178164388,74.00000000000001,9.5367431640625e-07,95.26804291051644,9.094947017729282e-13,0.0,0.0
145.78636719922488,72.71030157775293,16.392456401526942,247.15298328974168,71.94376764047308,24.55932335914804,710.9682904703018,71.20176409493385,31.38418171079684,6546.135983290723,70.73841671928842,35.81204440914007,36813.20023749541,70.69906287241542,35.99759542460197,145.78636719922488,72.71030157775293,16.392456401526942,247.15298328974168,71.94376764047308,24.55932335914804,710.9682904703018,71.20176409493385,31.38418171079684,6546.135983290723,70.73841671928842,35.81204440914007,36813.20023749541,70.69906287241542,35.99759542460197,132.3190585908323,74.0,1.3486991523486091e-06,74.0,1.8189894035458565e-12,0.0,0.0,210.56799690116776,74.00000000000001,9.5367431640625e-07,74.00000000000001,9.094947017729282e-13,0.0,0.0,566.5595031932123,73.99999942264262,0.0028430624516996,73.99999942264262,8.083004104264546e-06,0.0,0.0,4964.708272571284,73.99825526473585,0.1562793959540073,73.99825526473585,0.0244232495997494,0.0,0.0,27915.710257030165,73.99733595639465,0.1931049282492178,73.99733595639465,0.0372895133141355,0.0,0.0,132.3190585908323,0.0022273580758395,2.290884266825588e-05,210.56799690116776,0.0023163447600893,2.6616798421778986e-05,566.5595031932123,0.0025607077915135,3.503384084203184e-05,4964.708272571284,85.08944761713308,128281316030.6226,27915.710257030165,23834.120978535742,35933108313350.52,1.0,74.0,0.0,74.0,0.0,0.0,0.0,1.0,74.0,0.0,74.0,0.0,0.0,0.0,1.0,74.0,0.0,74.0,0.0,0.0,0.0,1.0,74.0,0.0,74.0,0.0,0.0,0.0,1.0,74.0,0.0,74.0,0.0,0.0,0.0
1.0,60.0,0.0,1.0,60.0,0.0,1.0,60.0,0.0,1.0,60.0,0.0,1.0,60.0,0.0,1.0,60.0,0.0,1.0,60.0,0.0,1.0,60.0,0.0,1.0,60.0,0.0,1.0,60.0,0.0,1.0,60.0,0.0,60.0,0.0,0.0,0.0,1.0,60.0,0.0,60.0,0.0,0.0,0.0,1.0,60.0,0.0,60.0,0.0,0.0,0.0,1.0,60.0,0.0,60.0,0.0,0.0,0.0,1.0,60.0,0.0,60.0,0.0,0.0,0.0,1.0,1505913430.369592,0.0,1.0,1505913430.369592,0.0,1.0,1505913430.369592,0.0,1.0,1505913430.369592,0.0,1.0,1505913430.369592,0.0,1.0,60.0,0.0,60.0,0.0,0.0,0.0,1.0,60.0,0.0,60.0,0.0,0.0,0.0,1.0,60.0,0.0,60.0,0.0,0.0,0.0,1.0,60.0,0.0,60.0,0.0,0.0,0.0,1.0,60.0,0.0,60.0,0.0,0.0,0.0
1.0,60.0,0.0,1.0,60.0,0.0,1.0,60.0,0.0,1.0,60.0,0.0,1.0,60.0,0.0,1.0,60.0,0.0,1.0,60.0,0.0,1.0,60.0,0.0,1.0,60.0,0.0,1.0,60.0,0.0,1.0,60.0,0.0,60.0,0.0,0.0,0.0,1.0,60.0,0.0,60.0,0.0,0.0,0.0,1.0,60.0,0.0,60.0,0.0,0.0,0.0,1.0,60.0,0.0,60.0,0.0,0.0,0.0,1.0,60.0,0.0,60.0,0.0,0.0,0.0,1.0,1505913562.691297,0.0,1.0,1505913562.691297,0.0,1.0,1505913562.691297,0.0,1.0,1505913562.691297,0.0,1.0,1505913562.691297,0.0,1.0,60.0,0.0,60.0,0.0,0.0,0.0,1.0,60.0,0.0,60.0,0.0,0.0,0.0,1.0,60.0,0.0,60.0,0.0,0.0,0.0,1.0,60.0,0.0,60.0,0.0,0.0,0.0,1.0,60.0,0.0,60.0,0.0,0.0,0.0
74.75984450787334,372.3619580505208,60485.15742235408,132.36915001680453,414.85550942747705,53634.397286011634,486.2069396167316,433.2070282006298,49554.96148284164,6092.319629066461,441.5131822041805,47483.372272581095,46500.75566887298,437.3854457533962,48516.86495835869,74.75984450787334,372.3619580505208,60485.15742235408,132.36915001680453,414.85550942747705,53634.397286011634,486.2069396167316,433.2070282006298,49554.96148284164,6092.319629066461,441.5131822041805,47483.372272581095,46500.75566887298,437.3854457533962,48516.86495835869,1.0,60.0,0.0,60.0,0.0,0.0,0.0,1.0,60.0,0.0,60.0,0.0,0.0,0.0,1.0,60.0,0.0,60.0,0.0,0.0,0.0,1.0,60.0,0.0,60.0,0.0,0.0,0.0,1.0,60.0,0.0,60.0,0.0,0.0,0.0,1.0,1507658862.129273,0.0,1.0,1507658862.129273,0.0,1.0,1507658862.129273,0.0,1.0,1507658862.129273,0.0,1.0,1507658862.129273,0.0,1.0,60.0,0.0,60.0,0.0,0.0,0.0,1.0,60.0,0.0,60.0,0.0,0.0,0.0,1.0,60.0,0.0,60.0,0.0,0.0,0.0,1.0,60.0,0.0,60.0,0.0,0.0,0.0,1.0,60.0,0.0,60.0,0.0,0.0,0.0
1.0,60.0,0.0,1.0,60.0,0.0,1.0,60.0,0.0,1.0,60.0,0.0,1.0,60.0,0.0,1.0,60.0,0.0,1.0,60.0,0.0,1.0,60.0,0.0,1.0,60.0,0.0,1.0,60.0,0.0,1.0,60.0,0.0,60.0,0.0,0.0,0.0,1.0,60.0,0.0,60.0,0.0,0.0,0.0,1.0,60.0,0.0,60.0,0.0,0.0,0.0,1.0,60.0,0.0,60.0,0.0,0.0,0.0,1.0,60.0,0.0,60.0,0.0,0.0,0.0,1.0,1505913442.799618,0.0,1.0,1505913442.799618,0.0,1.0,1505913442.799618,0.0,1.0,1505913442.799618,0.0,1.0,1505913442.799618,0.0,1.0,60.0,0.0,60.0,0.0,0.0,0.0,1.0,60.0,0.0,60.0,0.0,0.0,0.0,1.0,60.0,0.0,60.0,0.0,0.0,0.0,1.0,60.0,0.0,60.0,0.0,0.0,0.0,1.0,60.0,0.0,60.0,0.0,0.0,0.0
1.0,60.0,0.0,1.0,60.0,0.0,1.0,60.0,0.0,1.0,60.0,0.0,1.0,60.0,0.0,1.0,60.0,0.0,1.0,60.0,0.0,1.0,60.0,0.0,1.0,60.0,0.0,1.0,60.0,0.0,1.0,60.0,0.0,60.0,0.0,0.0,0.0,1.0,60.0,0.0,60.0,0.0,0.0,0.0,1.0,60.0,0.0,60.0,0.0,0.0,0.0,1.0,60.0,0.0,60.0,0.0,0.0,0.0,1.0,60.0,0.0,60.0,0.0,0.0,0.0,1.0,1505913543.989225,0.0,1.0,1505913543.989225,0.0,1.0,1505913543.989225,0.0,1.0,1505913543.989225,0.0,1.0,1505913543.989225,0.0,1.0,60.0,0.0,60.0,0.0,0.0,0.0,1.0,60.0,0.0,60.0,0.0,0.0,0.0,1.0,60.0,0.0,60.0,0.0,0.0,0.0,1.0,60.0,0.0,60.0,0.0,0.0,0.0,1.0,60.0,0.0,60.0,0.0,0.0,0.0
1.0,60.0,0.0,1.0,60.0,0.0,1.0,60.0,0.0,1.0,60.0,0.0,1.0,60.0,0.0,1.0,60.0,0.0,1.0,60.0,0.0,1.0,60.0,0.0,1.0,60.0,0.0,1.0,60.0,0.0,1.0,60.0,0.0,60.0,0.0,0.0,0.0,1.0,60.0,0.0,60.0,0.0,0.0,0.0,1.0,60.0,0.0,60.0,0.0,0.0,0.0,1.0,60.0,0.0,60.0,0.0,0.0,0.0,1.0,60.0,0.0,60.0,0.0,0.0,0.0,1.0,1505913563.401597,0.0,1.0,1505913563.401597,0.0,1.0,1505913563.401597,0.0,1.0,1505913563.401597,0.0,1.0,1505913563.401597,0.0,1.0,60.0,0.0,60.0,0.0,0.0,0.0,1.0,60.0,0.0,60.0,0.0,0.0,0.0,1.0,60.0,0.0,60.0,0.0,0.0,0.0,1.0,60.0,0.0,60.0,0.0,0.0,0.0,1.0,60.0,0.0,60.0,0.0,0.0,0.0
1.0,60.0,0.0,1.0,60.0,0.0,1.0,60.0,0.0,1.0,60.0,0.0,1.0,60.0,0.0,1.0,60.0,0.0,1.0,60.0,0.0,1.0,60.0,0.0,1.0,60.0,0.0,1.0,60.0,0.0,1.0,60.0,0.0,60.0,0.0,0.0,0.0,1.0,60.0,0.0,60.0,0.0,0.0,0.0,1.0,60.0,0.0,60.0,0.0,0.0,0.0,1.0,60.0,0.0,60.0,0.0,0.0,0.0,1.0,60.0,0.0,60.0,0.0,0.0,0.0,1.0,1505913438.4278634,0.0,1.0,1505913438.4278634,0.0,1.0,1505913438.4278634,0.0,1.0,1505913438.4278634,0.0,1.0,1505913438.4278634,0.0,1.0,60.0,0.0,60.0,0.0,0.0,0.0,1.0,60.0,0.0,60.0,0.0,0.0,0.0,1.0,60.0,0.0,60.0,0.0,0.0,0.0,1.0,60.0,0.0,60.0,0.0,0.0,0.0,1.0,60.0,0.0,60.0,0.0,0.0,0.0
1.0,60.0,0.0,1.0,60.0,0.0,1.0,60.0,0.0,1.0,60.0,0.0,1.0,60.0,0.0,1.0,60.0,0.0,1.0,60.0,0.0,1.0,60.0,0.0,1.0,60.0,0.0,1.0,60.0,0.0,1.0,60.0,0.0,60.0,0.0,0.0,0.0,1.0,60.0,0.0,60.0,0.0,0.0,0.0,1.0,60.0,0.0,60.0,0.0,0.0,0.0,1.0,60.0,0.0,60.0,0.0,0.0,0.0,1.0,60.0,0.0,60.0,0.0,0.0,0.0,1.0,1505913544.033629,0.0,1.0,1505913544.033629,0.0,1.0,1505913544.033629,0.0,1.0,1505913544.033629,0.0,1.0,1505913544.033629,0.0,1.0,60.0,0.0,60.0,0.0,0.0,0.0,1.0,60.0,0.0,60.0,0.0,0.0,0.0,1.0,60.0,0.0,60.0,0.0,0.0,0.0,1.0,60.0,0.0,60.0,0.0,0.0,0.0,1.0,60.0,0.0,60.0,0.0,0.0,0.0
1.0,60.0,0.0,1.0,60.0,0.0,1.0,60.0,0.0,1.0,60.0,0.0,1.0,60.0,0.0,1.0,60.0,0.0,1.0,60.0,0.0,1.0,60.0,0.0,1.0,60.0,0.0,1.0,60.0,0.0,1.0,60.0,0.0,60.0,0.0,0.0,0.0,1.0,60.0,0.0,60.0,0.0,0.0,0.0,1.0,60.0,0.0,60.0,0.0,0.0,0.0,1.0,60.0,0.0,60.0,0.0,0.0,0.0,1.0,60.0,0.0,60.0,0.0,0.0,0.0,1.0,1505913440.693265,0.0,1.0,1505913440.693265,0.0,1.0,1505913440.693265,0.0,1.0,1505913440.693265,0.0,1.0,1505913440.693265,0.0,1.0,60.0,0.0,60.0,0.0,0.0,0.0,1.0,60.0,0.0,60.0,0.0,0.0,0.0,1.0,60.0,0.0,60.0,0.0,0.0,0.0,1.0,60.0,0.0,60.0,0.0,0.0,0.0,1.0,60.0,0.0,60.0,0.0,0.0,0.0
1.0,60.0,0.0,1.0,60.0,0.0,1.0,60.0,0.0,1.0,60.0,0.0,1.0,60.0,0.0,1.0,60.0,0.0,1.0,60.0,0.0,1.0,60.0,0.0,1.0,60.0,0.0,1.0,60.0,0.0,1.0,60.0,0.0,60.0,0.0,0.0,0.0,1.0,60.0,0.0,60.0,0.0,0.0,0.0,1.0,60.0,0.0,60.0,0.0,0.0,0.0,1.0,60.0,0.0,60.0,0.0,0.0,0.0,1.0,60.0,0.0,60.0,0.0,0.0,0.0,1.0,1505913584.659801,0.0,1.0,1505913584.659801,0.0,1.0,1505913584.659801,0.0,1.0,1505913584.659801,0.0,1.0,1505913584.659801,0.0,1.0,60.0,0.0,60.0,0.0,0.0,0.0,1.0,60.0,0.0,60.0,0.0,0.0,0.0,1.0,60.0,0.0,60.0,0.0,0.0,0.0,1.0,60.0,0.0,60.0,0.0,0.0,0.0,1.0,60.0,0.0,60.0,0.0,0.0,0.0
171.53550354822625,74.4990169679307,404.6360489333347,279.71320513829573,75.19782198110892,978.7940189557904,823.4478909599472,76.26187029647632,1850.3782337264477,7831.031003613029,74.95486666426302,736.2194342246021,41063.15366726736,74.46150073311367,323.27536607172266,171.53550354822625,74.4990169679307,404.6360489333347,279.71320513829573,75.19782198110892,978.7940189557904,823.4478909599472,76.26187029647632,1850.3782337264477,7831.031003613029,74.95486666426302,736.2194342246021,41063.15366726736,74.46150073311367,323.27536607172266,171.3320361276197,74.00000000000007,1.3486991523486091e-06,95.26804291051646,4.897778860262863e-12,1.2424111415383799e-27,4.3198151566714923e-16,279.0334228403473,73.99999999998519,1.3951052511527816e-05,95.26804291050492,1.946658630121864e-10,-2.6314607055043134e-24,-9.889169790074553e-14,819.9258158719513,73.99998859360437,0.0126368281002703,95.26803405053342,0.0001596894244357,-4.2127423023743915e-19,-1.3711029046507848e-11,7803.344612510759,73.99876597392301,0.1314337938489725,95.2670843768371,0.0172748421655342,3.044076254163081e-16,3.661188236781018e-10,40934.45299234634,73.99841761931594,0.1488315344578489,95.26681379243584,0.0221508256490778,3.064370372551918e-16,2.8107369494186824e-10,171.33203612761972,0.0017158970193235,1.6184681615609186e-05,279.0334228403472,0.0017463893215713,1.9710175517841945e-05,819.9258158719542,0.0017695838433896,2.6238287441435832e-05,7803.344612510855,74.0469565289006,111505578895.29106,40934.45299234428,16753.633474025642,25229253022979.21,1.0,74.0,0.0,95.26804291051644,0.0,0.0,0.0,1.0,74.0,0.0,95.26804291051644,0.0,0.0,0.0,1.0,74.0,0.0,95.26804291051644,0.0,0.0,0.0,1.020596846909151,74.0,0.0,95.26804291051644,4.547473508864641e-13,0.0,0.0,2.1418678078484508,74.0,9.5367431640625e-07,95.26804291051644,1.2862197421537484e-12,0.0,0.0
1.0,60.0,0.0,1.0,60.0,0.0,1.0,60.0,0.0,1.0,60.0,0.0,1.0,60.0,0.0,1.0,60.0,0.0,1.0,60.0,0.0,1.0,60.0,0.0,1.0,60.0,0.0,1.0,60.0,0.0,1.0,60.0,0.0,60.0,0.0,0.0,0.0,1.0,60.0,0.0,60.0,0.0,0.0,0.0,1.0,60.0,0.0,60.0,0.0,0.0,0.0,1.0,60.0,0.0,60.0,0.0,0.0,0.0,1.0,60.0,0.0,60.0,0.0,0.0,0.0,1.0,1505913578.40483,0.0,1.0,1505913578.40483,0.0,1.0,1505913578.40483,0.0,1.0,1505913578.40483,0.0,1.0,1505913578.40483,0.0,1.0,60.0,0.0,60.0,0.0,0.0,0.0,1.0,60.0,0.0,60.0,0.0,0.0,0.0,1.0,60.0,0.0,60.0,0.0,0.0,0.0,1.0,60.0,0.0,60.0,0.0,0.0,0.0,1.0,60.0,0.0,60.0,0.0,0.0,0.0
129.10493705068484,371.749355526221,60557.5132252537,193.76508658373203,398.6864493526599,56666.83239495586,553.494280904109,419.8810101516044,52585.24789378644,5904.839686472978,433.4162533491758,49490.624957192216,52158.38297296847,435.9104069718381,48872.979107570754,129.10493705068484,371.749355526221,60557.5132252537,193.76508658373203,398.6864493526599,56666.83239495586,553.494280904109,419.8810101516044,52585.24789378644,5904.839686472978,433.4162533491758,49490.624957192216,52158.38297296847,435.9104069718381,48872.979107570754,79.5422654931713,565.9999318759616,0.1856630256657188,565.9999318759616,0.0344707590993493,0.0,0.0,129.69592179354618,565.9959347610259,1.4342225750176518,565.9959347610259,2.056994394690264,0.0,0.0,393.7643334191839,565.8656587825601,8.243701138559862,565.8656587825601,67.95860846189316,0.0,0.0,4358.687537346228,565.8270383632768,9.353537964567664,565.8270383632768,87.48867245460859,0.0,0.0,38751.1151216146,565.8889976373723,7.493655580894764,565.8889976373723,56.15487396507525,0.0,0.0,79.5422654931713,0.0038630219965886,0.0001312823668968,129.69592179354618,0.0038382843426591,0.0001159903178479,393.7643334191839,0.003697980552579,8.598895202286299e-05,4358.687537346228,0.0052614429812328,2923356.8483056733,38751.1151216146,5819.453611134593,8773711007283.888,1.0,566.0,0.0,566.0,0.0,0.0,0.0,1.0,566.0,0.0,566.0,0.0,0.0,0.0,1.0,566.0,0.0,566.0,0.0,0.0,0.0,1.0,566.0,0.0,566.0,0.0,0.0,0.0,1.0,566.0,0.0,566.0,0.0,0.0,0.0
1.0,60.0,0.0,1.0,60.0,0.0,1.0,60.0,0.0,1.0,60.0,0.0,1.0,60.0,0.0,1.0,60.0,0.0,1.0,60.0,0.0,1.0,60.0,0.0,1.0,60.0,0.0,1.0,60.0,0.0,1.0,60.0,0.0,60.0,0.0,0.0,0.0,1.0,60.0,0.0,60.0,0.0,0.0,0.0,1.0,60.0,0.0,60.0,0.0,0.0,0.0,1.0,60.0,0.0,60.0,0.0,0.0,0.0,1.0,60.0,0.0,60.0,0.0,0.0,0.0,1.0,1505913465.673436,0.0,1.0,1505913465.673436,0.0,1.0,1505913465.673436,0.0,1.0,1505913465.673436,0.0,1.0,1505913465.673436,0.0,1.0,60.0,0.0,60.0,0.0,0.0,0.0,1.0,60.0,0.0,60.0,0.0,0.0,0.0,1.0,60.0,0.0,60.0,0.0,0.0,0.0,1.0,60.0,0.0,60.0,0.0,0.0,0.0,1.0,60.0,0.0,60.0,0.0,0.0,0.0
1.0,60.0,0.0,1.0,60.0,0.0,1.0,60.0,0.0,1.0,60.0,0.0,1.0,60.0,0.0,1.0,60.0,0.0,1.0,60.0,0.0,1.0,60.0,0.0,1.0,60.0,0.0,1.0,60.0,0.0,1.0,60.0,0.0,60.0,0.0,0.0,0.0,1.0,60.0,0.0,60.0,0.0,0.0,0.0,1.0,60.0,0.0,60.0,0.0,0.0,0.0,1.0,60.0,0.0,60.0,0.0,0.0,0.0,1.0,60.0,0.0,60.0,0.0,0.0,0.0,1.0,1505913429.624715,0.0,1.0,1505913429.624715,0.0,1.0,1505913429.624715,0.0,1.0,1505913429.624715,0.0,1.0,1505913429.624715,0.0,1.0,60.0,0.0,60.0,0.0,0.0,0.0,1.0,60.0,0.0,60.0,0.0,0.0,0.0,1.0,60.0,0.0,60.0,0.0,0.0,0.0,1.0,60.0,0.0,60.0,0.0,0.0,0.0,1.0,60.0,0.0,60.0,0.0,0.0,0.0
169.1884235600741,74.03171983420334,0.7602698729979238,278.5929543589607,74.03915825329595,0.9382647145230294,828.739964222327,74.04247713161344,1.331091826960801,7572.7347817375585,74.45985724679271,328.3086266844429,20549.58453763888,74.52666065112453,375.5624039015184,169.1884235600741,74.03171983420334,0.7602698729979238,278.5929543589607,74.03915825329595,0.9382647145230294,828.739964222327,74.04247713161344,1.331091826960801,7572.7347817375585,74.45985724679271,328.3086266844429,20549.58453763888,74.52666065112453,375.5624039015184,168.96481402905536,74.0000000000001,3.5683225505580347e-06,95.26804291051651,1.3124799524722962e-11,-1.1962814779252509e-27,-1.8790362786741024e-16,278.13840379548856,73.9999999999999,1.3486991523486091e-06,95.26804291051631,8.829596408280667e-12,6.66673056193819e-27,1.6816512305161385e-15,827.2814861378444,73.99999798906035,0.0053059524213374,95.26804134850735,2.8153131097500483e-05,2.27274485686697e-19,1.1408312171973971e-11,7548.917288574386,73.99902310468882,0.1169426354998581,95.26728410345406,0.0136755799976526,9.091326398876314e-17,1.4883108880263775e-10,20480.660790300408,73.9983421532383,0.1523387878384783,95.26675517423472,0.0232071062800969,-4.699522373804357e-16,-2.8048995887548953e-10,168.96481402905553,0.0017332213403995,1.1979176834439266e-05,278.1384037954885,0.0017459537398047,1.3468338335201578e-05,827.2814861378474,0.001750592159633,59.15187735756616,7548.917288574501,8576.652396830052,12915627357466.012,20480.660790299968,53678.02477073072,80831622097991.31,1.0,74.0,0.0,74.0,0.0,0.0,0.0,1.0,74.0,0.0,74.0,0.0,0.0,0.0,1.0,74.0,0.0,74.0,0.0,0.0,0.0,1.0,74.0,0.0,74.0,0.0,0.0,0.0,1.0,74.0,0.0,74.0,0.0,0.0,0.0
1.0,60.0,0.0,1.0,60.0,0.0,1.0,60.0,0.0,1.0,60.0,0.0,1.0,60.0,0.0,1.0,60.0,0.0,1.0,60.0,0.0,1.0,60.0,0.0,1.0,60.0,0.0,1.0,60.0,0.0,1.0,60.0,0.0,60.0,0.0,0.0,0.0,1.0,60.0,0.0,60.0,0.0,0.0,0.0,1.0,60.0,0.0,60.0,0.0,0.0,0.0,1.0,60.0,0.0,60.0,0.0,0.0,0.0,1.0,60.0,0.0,60.0,0.0,0.0,0.0,1.0,1505913443.5630472,0.0,1.0,1505913443.5630472,0.0,1.0,1505913443.5630472,0.0,1.0,1505913443.5630472,0.0,1.0,1505913443.5630472,0.0,1.0,60.0,0.0,60.0,0.0,0.0,0.0,1.0,60.0,0.0,60.0,0.0,0.0,0.0,1.0,60.0,0.0,60.0,0.0,0.0,0.0,1.0,60.0,0.0,60.0,0.0,0.0,0.0,1.0,60.0,0.0,60.0,0.0,0.0,0.0
1.0,60.0,0.0,1.0,60.0,0.0,1.0,60.0,0.0,1.0,60.0,0.0,1.0,60.0,0.0,1.0,60.0,0.0,1.0,60.0,0.0,1.0,60.0,0.0,1.0,60.0,0.0,1.0,60.0,0.0,1.0,60.0,0.0,60.0,0.0,0.0,0.0,1.0,60.0,0.0,60.0,0.0,0.0,0.0,1.0,60.0,0.0,60.0,0.0,0.0,0.0,1.0,60.0,0.0,60.0,0.0,0.0,0.0,1.0,60.0,0.0,60.0,0.0,0.0,0.0,1.0,1505913582.2297769,0.0,1.0,1505913582.2297769,0.0,1.0,1505913582.2297769,0.0,1.0,1505913582.2297769,0.0,1.0,1505913582.2297769,0.0,1.0,60.0,0.0,60.0,0.0,0.0,0.0,1.0,60.0,0.0,60.0,0.0,0.0,0.0,1.0,60.0,0.0,60.0,0.0,0.0,0.0,1.0,60.0,0.0,60.0,0.0,0.0,0.0,1.0,60.0,0.0,60.0,0.0,0.0,0.0
1.0,60.0,0.0,1.0,60.0,0.0,1.0,60.0,0.0,1.0,60.0,0.0,1.0,60.0,0.0,1.0,60.0,0.0,1.0,60.0,0.0,1.0,60.0,0.0,1.0,60.0,0.0,1.0,60.0,0.0,1.0,60.0,0.0,60.0,0.0,0.0,0.0,1.0,60.0,0.0,60.0,0.0,0.0,0.0,1.0,60.0,0.0,60.0,0.0,0.0,0.0,1.0,60.0,0.0,60.0,0.0,0.0,0.0,1.0,60.0,0.0,60.0,0.0,0.0,0.0,1.0,1505913441.0215778,0.0,1.0,1505913441.0215778,0.0,1.0,1505913441.0215778,0.0,1.0,1505913441.0215778,0.0,1.0,1505913441.0215778,0.0,1.0,60.0,0.0,60.0,0.0,0.0,0.0,1.0,60.0,0.0,60.0,0.0,0.0,0.0,1.0,60.0,0.0,60.0,0.0,0.0,0.0,1.0,60.0,0.0,60.0,0.0,0.0,0.0,1.0,60.0,0.0,60.0,0.0,0.0,0.0
1.0,60.0,0.0,1.0,60.0,0.0,1.0,60.0,0.0,1.0,60.0,0.0,1.0,60.0,0.0,1.0,60.0,0.0,1.0,60.0,0.0,1.0,60.0,0.0,1.0,60.0,0.0,1.0,60.0,0.0,1.0,60.0,0.0,60.0,0.0,0.0,0.0,1.0,60.0,0.0,60.0,0.0,0.0,0.0,1.0,60.0,0.0,60.0,0.0,0.0,0.0,1.0,60.0,0.0,60.0,0.0,0.0,0.0,1.0,60.0,0.0,60.0,0.0,0.0,0.0,1.0,1505913450.610174,0.0,1.0,1505913450.610174,0.0,1.0,1505913450.610174,0.0,1.0,1505913450.610174,0.0,1.0,1505913450.610174,0.0,1.0,60.0,0.0,60.0,0.0,0.0,0.0,1.0,60.0,0.0,60.0,0.0,0.0,0.0,1.0,60.0,0.0,60.0,0.0,0.0,0.0,1.0,60.0,0.0,60.0,0.0,0.0,0.0,1.0,60.0,0.0,60.0,0.0,0.0,0.0
1.0,60.0,0.0,1.0,60.0,0.0,1.0,60.0,0.0,1.0,60.0,0.0,1.0,60.0,0.0,1.0,60.0,0.0,1.0,60.0,0.0,1.0,60.0,0.0,1.0,60.0,0.0,1.0,60.0,0.0,1.0,60.0,0.0,60.0,0.0,0.0,0.0,1.0,60.0,0.0,60.0,0.0,0.0,0.0,1.0,60.0,0.0,60.0,0.0,0.0,0.0,1.0,60.0,0.0,60.0,0.0,0.0,0.0,1.0,60.0,0.0,60.0,0.0,0.0,0.0,1.0,1505913548.0542214,0.0,1.0,1505913548.0542214,0.0,1.0,1505913548.0542214,0.0,1.0,1505913548.0542214,0.0,1.0,1505913548.0542214,0.0,1.0,60.0,0.0,60.0,0.0,0.0,0.0,1.0,60.0,0.0,60.0,0.0,0.0,0.0,1.0,60.0,0.0,60.0,0.0,0.0,0.0,1.0,60.0,0.0,60.0,0.0,0.0,0.0,1.0,60.0,0.0,60.0,0.0,0.0,0.0
1.0,60.0,0.0,1.0,60.0,0.0,1.0,60.0,0.0,1.0,60.0,0.0,1.0,60.0,0.0,1.0,60.0,0.0,1.0,60.0,0.0,1.0,60.0,0.0,1.0,60.0,0.0,1.0,60.0,0.0,1.0,60.0,0.0,60.0,0.0,0.0,0.0,1.0,60.0,0.0,60.0,0.0,0.0,0.0,1.0,60.0,0.0,60.0,0.0,0.0,0.0,1.0,60.0,0.0,60.0,0.0,0.0,0.0,1.0,60.0,0.0,60.0,0.0,0.0,0.0,1.0,1505913439.4862866,0.0,1.0,1505913439.4862866,0.0,1.0,1505913439.4862866,0.0,1.0,1505913439.4862866,0.0,1.0,1505913439.4862866,0.0,1.0,60.0,0.0,60.0,0.0,0.0,0.0,1.0,60.0,0.0,60.0,0.0,0.0,0.0,1.0,60.0,0.0,60.0,0.0,0.0,0.0,1.0,60.0,0.0,60.0,0.0,0.0,0.0,1.0,60.0,0.0,60.0,0.0,0.0,0.0
1.0,60.0,0.0,1.0,60.0,0.0,1.0,60.0,0.0,1.0,60.0,0.0,1.0,60.0,0.0,1.0,60.0,0.0,1.0,60.0,0.0,1.0,60.0,0.0,1.0,60.0,0.0,1.0,60.0,0.0,1.0,60.0,0.0,60.0,0.0,0.0,0.0,1.0,60.0,0.0,60.0,0.0,0.0,0.0,1.0,60.0,0.0,60.0,0.0,0.0,0.0,1.0,60.0,0.0,60.0,0.0,0.0,0.0,1.0,60.0,0.0,60.0,0.0,0.0,0.0,1.0,1505913441.483887,0.0,1.0,1505913441.483887,0.0,1.0,1505913441.483887,0.0,1.0,1505913441.483887,0.0,1.0,1505913441.483887,0.0,1.0,60.0,0.0,60.0,0.0,0.0,0.0,1.0,60.0,0.0,60.0,0.0,0.0,0.0,1.0,60.0,0.0,60.0,0.0,0.0,0.0,1.0,60.0,0.0,60.0,0.0,0.0,0.0,1.0,60.0,0.0,60.0,0.0,0.0,0.0
1.0,60.0,0.0,1.0,60.0,0.0,1.0,60.0,0.0,1.0,60.0,0.0,1.0,60.0,0.0,1.0,60.0,0.0,1.0,60.0,0.0,1.0,60.0,0.0,1.0,60.0,0.0,1.0,60.0,0.0,1.0,60.0,0.0,60.0,0.0,0.0,0.0,1.0,60.0,0.0,60.0,0.0,0.0,0.0,1.0,60.0,0.0,60.0,0.0,0.0,0.0,1.0,60.0,0.0,60.0,0.0,0.0,0.0,1.0,60.0,0.0,60.0,0.0,0.0,0.0,1.0,1505913560.2018151,0.0,1.0,1505913560.2018151,0.0,1.0,1505913560.2018151,0.0,1.0,1505913560.2018151,0.0,1.0,1505913560.2018151,0.0,1.0,60.0,0.0,60.0,0.0,0.0,0.0,1.0,60.0,0.0,60.0,0.0,0.0,0.0,1.0,60.0,0.0,60.0,0.0,0.0,0.0,1.0,60.0,0.0,60.0,0.0,0.0,0.0,1.0,60.0,0.0,60.0,0.0,0.0,0.0
1.0,60.0,0.0,1.0,60.0,0.0,1.0,60.0,0.0,1.0,60.0,0.0,1.0,60.0,0.0,1.0,60.0,0.0,1.0,60.0,0.0,1.0,60.0,0.0,1.0,60.0,0.0,1.0,60.0,0.0,1.0,60.0,0.0,60.0,0.0,0.0,0.0,1.0,60.0,0.0,60.0,0.0,0.0,0.0,1.0,60.0,0.0,60.0,0.0,0.0,0.0,1.0,60.0,0.0,60.0,0.0,0.0,0.0,1.0,60.0,0.0,60.0,0.0,0.0,0.0,1.0,1505913437.957998,0.0,1.0,1505913437.957998,0.0,1.0,1505913437.957998,0.0,1.0,1505913437.957998,0.0,1.0,1505913437.957998,0.0,1.0,60.0,0.0,60.0,0.0,0.0,0.0,1.0,60.0,0.0,60.0,0.0,0.0,0.0,1.0,60.0,0.0,60.0,0.0,0.0,0.0,1.0,60.0,0.0,60.0,0.0,0.0,0.0,1.0,60.0,0.0,60.0,0.0,0.0,0.0
1.0,60.0,0.0,1.0,60.0,0.0,1.0,60.0,0.0,1.0,60.0,0.0,1.0,60.0,0.0,1.0,60.0,0.0,1.0,60.0,0.0,1.0,60.0,0.0,1.0,60.0,0.0,1.0,60.0,0.0,1.0,60.0,0.0,60.0,0.0,0.0,0.0,1.0,60.0,0.0,60.0,0.0,0.0,0.0,1.0,60.0,0.0,60.0,0.0,0.0,0.0,1.0,60.0,0.0,60.0,0.0,0.0,0.0,1.0,60.0,0.0,60.0,0.0,0.0,0.0,1.0,1505913443.590786,0.0,1.0,1505913443.590786,0.0,1.0,1505913443.590786,0.0,1.0,1505913443.590786,0.0,1.0,1505913443.590786,0.0,1.0,60.0,0.0,60.0,0.0,0.0,0.0,1.0,60.0,0.0,60.0,0.0,0.0,0.0,1.0,60.0,0.0,60.0,0.0,0.0,0.0,1.0,60.0,0.0,60.0,0.0,0.0,0.0,1.0,60.0,0.0,60.0,0.0,0.0,0.0
173.51122363809642,75.78445962429916,432.0414726779081,283.20959244858363,75.36652801295689,331.3827412244891,811.1790309225694,74.60143459621419,145.7205730737087,3104.7154424948767,74.19871566874527,43.2109393418059,3830.507998394023,74.17189246956123,35.682736734771424,173.51122363809642,75.78445962429916,432.0414726779081,283.20959244858363,75.36652801295689,331.3827412244891,811.1790309225694,74.60143459621419,145.7205730737087,3104.7154424948767,74.19871566874527,43.2109393418059,3830.507998394023,74.17189246956123,35.682736734771424,171.6879641404219,73.99985732420114,0.0446927381799964,95.26793208631184,0.0019974408460257,-8.949924519992655e-18,-1.4847978322397538e-10,280.8669629784554,73.99854201635611,0.1428623299158083,95.26691041776476,0.0204096453089732,5.337973057965466e-17,2.2620277826673056e-10,807.088191907901,73.9915163881301,0.3445266237720912,95.26145336606471,0.118698594487796,-2.9923285876464285e-16,-5.759919348489217e-10,3093.5501159541946,73.9921379773578,0.3316722864101372,95.26193616791716,0.1100065055725281,4.8250285175691e-15,3.5465390733109437e-09,3816.8429793197247,73.9927666901481,0.3181415048436968,95.2624245044325,0.1012140171042119,-1.119177562147343e-15,-8.35336140131356e-10,171.6879641404219,0.0019367647440643,328766.87480574584,280.8669629784551,2.3293810162256183,3505228180.542352,807.0881919079021,14128.133843274669,21275556808629.46,3093.5501159541896,298719.5579020449,449756824500576.56,3816.8429793197192,375740.51532139815,565691839835734.9,1.0,74.0,0.0,74.0,0.0,0.0,0.0,1.0,74.0,0.0,74.0,0.0,0.0,0.0,1.0,74.0,0.0,74.0,0.0,0.0,0.0,1.0,74.0,0.0,74.0,0.0,0.0,0.0,1.0,74.0,0.0,74.0,0.0,0.0,0.0
153.21311674098766,74.02007332449125,0.4813568494300853,265.80151515221417,74.02939825858995,0.7046945189676991,821.348010603275,74.03855976927686,1.07666418237568,7139.927912471127,74.08099411148528,14.90327450474888,14703.320878942732,74.08882248909161,18.771604942357047,153.21311674098766,74.02007332449125,0.4813568494300853,265.80151515221417,74.02939825858995,0.7046945189676991,821.348010603275,74.03855976927686,1.07666418237568,7139.927912471127,74.08099411148528,14.90327450474888,14703.320878942732,74.08882248909161,18.771604942357047,153.08497104895974,73.99999999999997,1.9073486328125e-06,95.26804291051636,5.823607568738997e-12,4.6422013338293755e-28,1.1413236083121572e-16,265.47592754937705,73.9999999999999,3.015782985847835e-06,95.26804291051634,1.1936576582599346e-11,-5.07585635307178e-28,-6.053404381285262e-17,820.0419640214209,73.99999999450743,0.0002773028444502,95.26804290625007,7.689686844916695e-08,9.596339653870748e-24,1.0064206143077171e-14,7120.848677865144,73.9991772438588,0.1073215217967786,95.26740383136308,0.0115179090407764,2.254906655154656e-16,8.044721756741118e-10,14660.058139419329,73.99836662154196,0.1512105501833957,95.26677417996342,0.0228646304867652,3.4656305188003283e-16,3.73057719233478e-10,153.0849710489596,0.0020284690046892,8.872216793013628e-05,265.47592754937693,0.0018805104446241,6.732985972838553e-05,820.0419640214225,0.0109747301426704,13853748.96656501,7120.848677865173,31278.700563296374,47102046649696.93,14660.05813941914,84852.07515893801,127772710614723.86,1.0,74.0,0.0,74.0,0.0,0.0,0.0,1.0,74.0,0.0,74.0,0.0,0.0,0.0,1.0,74.0,0.0,74.0,0.0,0.0,0.0,1.0,74.0,0.0,74.0,0.0,0.0,0.0,1.0,74.0,0.0,74.0,0.0,0.0,0.0
1.0,60.0,0.0,1.0,60.0,0.0,1.0,60.0,0.0,1.0,60.0,0.0,1.0,60.0,0.0,1.0,60.0,0.0,1.0,60.0,0.0,1.0,60.0,0.0,1.0,60.0,0.0,1.0,60.0,0.0,1.0,60.0,0.0,60.0,0.0,0.0,0.0,1.0,60.0,0.0,60.0,0.0,0.0,0.0,1.0,60.0,0.0,60.0,0.0,0.0,0.0,1.0,60.0,0.0,60.0,0.0,0.0,0.0,1.0,60.0,0.0,60.0,0.0,0.0,0.0,1.0,1505913427.15644,0.0,1.0,1505913427.15644,0.0,1.0,1505913427.15644,0.0,1.0,1505913427.15644,0.0,1.0,1505913427.15644,0.0,1.0,60.0,0.0,60.0,0.0,0.0,0.0,1.0,60.0,0.0,60.0,0.0,0.0,0.0,1.0,60.0,0.0,60.0,0.0,0.0,0.0,1.0,60.0,0.0,60.0,0.0,0.0,0.0,1.0,60.0,0.0,60.0,0.0,0.0,0.0
73.67215592823356,74.13765272004756,3.2852414250673974,96.99338806887764,74.16453548223177,4.34907345080137,170.0924841907677,74.84205152451983,532.9865397641934,790.6255781114295,79.39937986622226,3869.604829027,8493.362866177473,76.95503516514842,1899.921846981636,73.67215592823356,74.13765272004756,3.2852414250673974,96.99338806887764,74.16453548223177,4.34907345080137,170.0924841907677,74.84205152451983,532.9865397641934,790.6255781114295,79.39937986622226,3869.604829027,8493.362866177473,76.95503516514842,1899.921846981636,1.0,74.0,0.0,74.0,0.0,0.0,0.0,1.0,74.0,0.0,74.0,0.0,0.0,0.0,1.0,74.0,0.0,74.0,0.0,0.0,0.0,1.0,74.0,0.0,74.0,0.0,0.0,0.0,1.0,74.0,0.0,74.0,0.0,0.0,0.0,1.0,1505913226.955408,0.0,1.0,1505913226.955408,0.0,1.0,1505913226.955408,0.0,1.0,1505913226.955408,0.0,1.0,1505913226.955408,0.0,1.0,74.0,0.0,74.0,0.0,0.0,0.0,1.0,74.0,0.0,74.0,0.0,0.0,0.0,1.0,74.0,0.0,74.0,0.0,0.0,0.0,1.0,74.0,0.0,74.0,0.0,0.0,0.0,1.0,74.0,0.0,74.0,0.0,0.0,0.0
1.0,60.0,0.0,1.0,60.0,0.0,1.0,60.0,0.0,1.0,60.0,0.0,1.0,60.0,0.0,1.0,60.0,0.0,1.0,60.0,0.0,1.0,60.0,0.0,1.0,60.0,0.0,1.0,60.0,0.0,1.0,60.0,0.0,60.0,0.0,0.0,0.0,1.0,60.0,0.0,60.0,0.0,0.0,0.0,1.0,60.0,0.0,60.0,0.0,0.0,0.0,1.0,60.0,0.0,60.0,0.0,0.0,0.0,1.0,60.0,0.0,60.0,0.0,0.0,0.0,1.0,1505913472.004455,0.0,1.0,1505913472.004455,0.0,1.0,1505913472.004455,0.0,1.0,1505913472.004455,0.0,1.0,1505913472.004455,0.0,1.0,60.0,0.0,60.0,0.0,0.0,0.0,1.0,60.0,0.0,60.0,0.0,0.0,0.0,1.0,60.0,0.0,60.0,0.0,0.0,0.0,1.0,60.0,0.0,60.0,0.0,0.0,0.0,1.0,60.0,0.0,60.0,0.0,0.0,0.0
1.0,60.0,0.0,1.0,60.0,0.0,1.0,60.0,0.0,1.0,60.0,0.0,1.0,60.0,0.0,1.0,60.0,0.0,1.0,60.0,0.0,1.0,60.0,0.0,1.0,60.0,0.0,1.0,60.0,0.0,1.0,60.0,0.0,60.0,0.0,0.0,0.0,1.0,60.0,0.0,60.0,0.0,0.0,0.0,1.0,60.0,0.0,60.0,0.0,0.0,0.0,1.0,60.0,0.0,60.0,0.0,0.0,0.0,1.0,60.0,0.0,60.0,0.0,0.0,0.0,1.0,1505913457.052192,0.0,1.0,1505913457.052192,0.0,1.0,1505913457.052192,0.0,1.0,1505913457.052192,0.0,1.0,1505913457.052192,0.0,1.0,60.0,0.0,60.0,0.0,0.0,0.0,1.0,60.0,0.0,60.0,0.0,0.0,0.0,1.0,60.0,0.0,60.0,0.0,0.0,0.0,1.0,60.0,0.0,60.0,0.0,0.0,0.0,1.0,60.0,0.0,60.0,0.0,0.0,0.0
170.08647370673856,73.99743373729592,2.755568490586484,262.02997705503816,74.07129158310647,58.73553512264152,573.7209596614756,75.34931743740928,1100.1522434686467,5131.637640224358,74.88502761899619,682.3995527457591,10688.704203863605,74.54716115472552,395.90522249940665,170.08647370673856,73.99743373729592,2.755568490586484,262.02997705503816,74.07129158310647,58.73553512264152,573.7209596614756,75.34931743740928,1100.1522434686467,5131.637640224358,74.88502761899619,682.3995527457591,10688.704203863605,74.54716115472552,395.90522249940665,169.80920678708964,73.99999999999999,2.86102294921875e-06,95.2680429105164,8.185452315956354e-12,1.987053928351624e-28,0.0,261.38736089569824,74.00000000000018,4.370284743266906e-06,95.26804291051668,2.2954608474035847e-11,1.896584707051068e-26,1.2161815360051237e-15,570.9216852351087,73.9999999178717,0.0010722815625827,95.26804284672296,1.1497877501512437e-06,-1.6625896376461567e-20,-2.4510366534457498e-12,5112.95957304166,73.99855164203298,0.1423900058090186,95.26691789450614,0.0202749137542923,2.4885945540997394e-16,2.482425940368461e-10,10654.59856145486,73.9976993002017,0.1794561335945741,95.26625583974182,0.0322045038847136,-1.9669578750333857e-15,-1.218264705545995e-09,169.80920678708955,0.0017944785563667,0.0001048968280515,261.38736089569846,0.0020611361037963,0.0004078207074518,570.9216852351099,0.1398627784421413,205967034.80681628,5112.95957304171,55030.7328194831,82868536817192.0,10654.598561454834,119511.8357563759,179960298915735.78,1.0,74.0,0.0,74.0,0.0,0.0,0.0,1.0,74.0,0.0,74.0,0.0,0.0,0.0,1.0,74.0,0.0,74.0,0.0,0.0,0.0,1.0,74.0,0.0,74.0,0.0,0.0,0.0,1.0,74.0,0.0,74.0,0.0,0.0,0.0
1.0,60.0,0.0,1.0,60.0,0.0,1.0,60.0,0.0,1.0,60.0,0.0,1.0,60.0,0.0,1.0,60.0,0.0,1.0,60.0,0.0,1.0,60.0,0.0,1.0,60.0,0.0,1.0,60.0,0.0,1.0,60.0,0.0,60.0,0.0,0.0,0.0,1.0,60.0,0.0,60.0,0.0,0.0,0.0,1.0,60.0,0.0,60.0,0.0,0.0,0.0,1.0,60.0,0.0,60.0,0.0,0.0,0.0,1.0,60.0,0.0,60.0,0.0,0.0,0.0,1.0,1505913584.130394,0.0,1.0,1505913584.130394,0.0,1.0,1505913584.130394,0.0,1.0,1505913584.130394,0.0,1.0,1505913584.130394,0.0,1.0,60.0,0.0,60.0,0.0,0.0,0.0,1.0,60.0,0.0,60.0,0.0,0.0,0.0,1.0,60.0,0.0,60.0,0.0,0.0,0.0,1.0,60.0,0.0,60.0,0.0,0.0,0.0,1.0,60.0,0.0,60.0,0.0,0.0,0.0
1.0,60.0,0.0,1.0,60.0,0.0,1.0,60.0,0.0,1.0,60.0,0.0,1.0,60.0,0.0,1.0,60.0,0.0,1.0,60.0,0.0,1.0,60.0,0.0,1.0,60.0,0.0,1.0,60.0,0.0,1.0,60.0,0.0,60.0,0.0,0.0,0.0,1.0,60.0,0.0,60.0,0.0,0.0,0.0,1.0,60.0,0.0,60.0,0.0,0.0,0.0,1.0,60.0,0.0,60.0,0.0,0.0,0.0,1.0,60.0,0.0,60.0,0.0,0.0,0.0,1.0,1505913427.789852,0.0,1.0,1505913427.789852,0.0,1.0,1505913427.789852,0.0,1.0,1505913427.789852,0.0,1.0,1505913427.789852,0.0,1.0,60.0,0.0,60.0,0.0,0.0,0.0,1.0,60.0,0.0,60.0,0.0,0.0,0.0,1.0,60.0,0.0,60.0,0.0,0.0,0.0,1.0,60.0,0.0,60.0,0.0,0.0,0.0,1.0,60.0,0.0,60.0,0.0,0.0,0.0
182.2743248205533,74.12878337462041,81.22371984789515,290.6231537422393,74.5711659823113,444.36914518142754,832.9932498856447,75.88401891533253,1521.9488263050366,7270.186350242629,75.07830711359689,803.3395959173657,22968.855281559365,74.53890746310327,376.9124753677697,182.2743248205533,74.12878337462041,81.22371984789515,290.6231537422393,74.5711659823113,444.36914518142754,832.9932498856447,75.88401891533253,1521.9488263050366,7270.186350242629,75.07830711359689,803.3395959173657,22968.855281559365,74.53890746310327,376.9124753677697,182.00705677211067,73.99999999911124,0.000111559515502,95.26804290982616,1.2445529162893553e-08,-3.3240607433574404e-23,-9.642010402167753e-14,289.95737668216134,73.99999916547512,0.0034180902189145,95.26804226229449,1.1683340744640164e-05,-5.1783050387798056e-20,-7.1042628164620876e-12,829.6058108672113,73.99956367457341,0.0781560336244054,95.26770399262932,0.0061083655918992,-1.0570195134429545e-17,-8.187659618687608e-11,7242.795348182895,73.99805227200609,0.1651193453557709,95.266530009498,0.0272643982107183,1.0669495367678424e-16,1.0393249889302739e-10,22893.36694265821,73.99798853085775,0.1677990521894026,95.26648049871964,0.0281565219156618,-5.655582245369993e-16,-8.70053102914178e-10,182.0070567721108,0.0016071843901823,1.0272786009431232e-05,289.95737668216134,0.0016730616840819,1.1356274869677023e-05,829.6058108672138,0.0017450663319617,2.3053018959196088,7242.795348183012,6463.885899921113,9734010429511.908,22893.366942657445,46489.024442743554,70006300608287.58,1.0,74.0,0.0,74.0,0.0,0.0,0.0,1.0,74.0,0.0,74.0,0.0,0.0,0.0,1.0,74.0,0.0,74.0,0.0,0.0,0.0,1.0,74.0,0.0,74.0,0.0,0.0,0.0,1.0,74.0,0.0,74.0,0.0,0.0,0.0
1.0,60.0,0.0,1.0,60.0,0.0,1.0,60.0,0.0,1.0,60.0,0.0,1.0,60.0,0.0,1.0,60.0,0.0,1.0,60.0,0.0,1.0,60.0,0.0,1.0,60.0,0.0,1.0,60.0,0.0,1.0,60.0,0.0,60.0,0.0,0.0,0.0,1.0,60.0,0.0,60.0,0.0,0.0,0.0,1.0,60.0,0.0,60.0,0.0,0.0,0.0,1.0,60.0,0.0,60.0,0.0,0.0,0.0,1.0,60.0,0.0,60.0,0.0,0.0,0.0,1.0,1505913572.253624,0.0,1.0,1505913572.253624,0.0,1.0,1505913572.253624,0.0,1.0,1505913572.253624,0.0,1.0,1505913572.253624,0.0,1.0,60.0,0.0,60.0,0.0,0.0,0.0,1.0,60.0,0.0,60.0,0.0,0.0,0.0,1.0,60.0,0.0,60.0,0.0,0.0,0.0,1.0,60.0,0.0,60.0,0.0,0.0,0.0,1.0,60.0,0.0,60.0,0.0,0.0,0.0
1.0,60.0,0.0,1.0,60.0,0.0,1.0,60.0,0.0,1.0,60.0,0.0,1.0,60.0,0.0,1.0,60.0,0.0,1.0,60.0,0.0,1.0,60.0,0.0,1.0,60.0,0.0,1.0,60.0,0.0,1.0,60.0,0.0,60.0,0.0,0.0,0.0,1.0,60.0,0.0,60.0,0.0,0.0,0.0,1.0,60.0,0.0,60.0,0.0,0.0,0.0,1.0,60.0,0.0,60.0,0.0,0.0,0.0,1.0,60.0,0.0,60.0,0.0,0.0,0.0,1.0,1505913452.7117288,0.0,1.0,1505913452.7117288,0.0,1.0,1505913452.7117288,0.0,1.0,1505913452.7117288,0.0,1.0,1505913452.7117288,0.0,1.0,60.0,0.0,60.0,0.0,0.0,0.0,1.0,60.0,0.0,60.0,0.0,0.0,0.0,1.0,60.0,0.0,60.0,0.0,0.0,0.0,1.0,60.0,0.0,60.0,0.0,0.0,0.0,1.0,60.0,0.0,60.0,0.0,0.0,0.0
169.95338049008484,482.0836753711279,30354.706618537315,302.56336255463964,463.9318700396605,36381.38816585476,889.2715509291531,453.48742400129953,39550.43460575282,6310.808407601022,416.552194167018,49006.18745488624,57408.512207158914,425.5279597265471,46944.79824984263,169.95338049008484,482.0836753711279,30354.706618537315,302.56336255463964,463.9318700396605,36381.38816585476,889.2715509291531,453.48742400129953,39550.43460575282,6310.808407601022,416.552194167018,49006.18745488624,57408.512207158914,425.5279597265471,46944.79824984263,145.21163457288014,553.9999999999994,2.642899791822628e-05,553.9999999999994,6.984919309616089e-10,0.0,0.0,247.39875474126185,553.9999999999994,2.5303839037745665e-05,553.9999999999994,6.402842700481415e-10,0.0,0.0,708.3343559749428,553.9999999355772,0.005641332391449,553.9999999355772,3.182463115081191e-05,0.0,0.0,4555.2602895281125,553.9603040294977,4.428118523496319,553.9603040294977,19.608233658131205,0.0,0.0,42481.70381542937,553.9199353207084,6.288524566177133,553.9199353207084,39.54554121941328,0.0,0.0,145.21163457288014,0.0020417800711908,2.842074523234844e-05,247.39875474126185,0.0019745711936205,2.8519333073653333e-05,708.3343559749428,0.0021992411550505,0.0010616553319051,4555.2602895281125,0.0033285836649345,66354.57198586593,42481.70381542937,3651.5615839392894,5505280526855.331,1.0,554.0,0.0,554.0,0.0,0.0,0.0,1.0,554.0,0.0,554.0,0.0,0.0,0.0,1.0,554.0,0.0,554.0,0.0,0.0,0.0,1.0,554.0,0.0,554.0,0.0,0.0,0.0,1.0,554.0,0.0,554.0,0.0,0.0,0.0
1.0,60.0,0.0,1.0,60.0,0.0,1.0,60.0,0.0,1.0,60.0,0.0,1.0,60.0,0.0,1.0,60.0,0.0,1.0,60.0,0.0,1.0,60.0,0.0,1.0,60.0,0.0,1.0,60.0,0.0,1.0,60.0,0.0,60.0,0.0,0.0,0.0,1.0,60.0,0.0,60.0,0.0,0.0,0.0,1.0,60.0,0.0,60.0,0.0,0.0,0.0,1.0,60.0,0.0,60.0,0.0,0.0,0.0,1.0,60.0,0.0,60.0,0.0,0.0,0.0,1.0,1505913554.9893038,0.0,1.0,1505913554.9893038,0.0,1.0,1505913554.9893038,0.0,1.0,1505913554.9893038,0.0,1.0,1505913554.9893038,0.0,1.0,60.0,0.0,60.0,0.0,0.0,0.0,1.0,60.0,0.0,60.0,0.0,0.0,0.0,1.0,60.0,0.0,60.0,0.0,0.0,0.0,1.0,60.0,0.0,60.0,0.0,0.0,0.0,1.0,60.0,0.0,60.0,0.0,0.0,0.0
1.0,60.0,0.0,1.0,60.0,0.0,1.0,60.0,0.0,1.0,60.0,0.0,1.0,60.0,0.0,1.0,60.0,0.0,1.0,60.0,0.0,1.0,60.0,0.0,1.0,60.0,0.0,1.0,60.0,0.0,1.0,60.0,0.0,60.0,0.0,0.0,0.0,1.0,60.0,0.0,60.0,0.0,0.0,0.0,1.0,60.0,0.0,60.0,0.0,0.0,0.0,1.0,60.0,0.0,60.0,0.0,0.0,0.0,1.0,60.0,0.0,60.0,0.0,0.0,0.0,1.0,1505913567.327691,0.0,1.0,1505913567.327691,0.0,1.0,1505913567.327691,0.0,1.0,1505913567.327691,0.0,1.0,1505913567.327691,0.0,1.0,60.0,0.0,60.0,0.0,0.0,0.0,1.0,60.0,0.0,60.0,0.0,0.0,0.0,1.0,60.0,0.0,60.0,0.0,0.0,0.0,1.0,60.0,0.0,60.0,0.0,0.0,0.0,1.0,60.0,0.0,60.0,0.0,0.0,0.0
1.0,60.0,0.0,1.0,60.0,0.0,1.0,60.0,0.0,1.0,60.0,0.0,1.0,60.0,0.0,1.0,60.0,0.0,1.0,60.0,0.0,1.0,60.0,0.0,1.0,60.0,0.0,1.0,60.0,0.0,1.0,60.0,0.0,60.0,0.0,0.0,0.0,1.0,60.0,0.0,60.0,0.0,0.0,0.0,1.0,60.0,0.0,60.0,0.0,0.0,0.0,1.0,60.0,0.0,60.0,0.0,0.0,0.0,1.0,60.0,0.0,60.0,0.0,0.0,0.0,1.0,1505913434.978003,0.0,1.0,1505913434.978003,0.0,1.0,1505913434.978003,0.0,1.0,1505913434.978003,0.0,1.0,1505913434.978003,0.0,1.0,60.0,0.0,60.0,0.0,0.0,0.0,1.0,60.0,0.0,60.0,0.0,0.0,0.0,1.0,60.0,0.0,60.0,0.0,0.0,0.0,1.0,60.0,0.0,60.0,0.0,0.0,0.0,1.0,60.0,0.0,60.0,0.0,0.0,0.0
1.0,60.0,0.0,1.0,60.0,0.0,1.0,60.0,0.0,1.0,60.0,0.0,1.0,60.0,0.0,1.0,60.0,0.0,1.0,60.0,0.0,1.0,60.0,0.0,1.0,60.0,0.0,1.0,60.0,0.0,1.0,60.0,0.0,60.0,0.0,0.0,0.0,1.0,60.0,0.0,60.0,0.0,0.0,0.0,1.0,60.0,0.0,60.0,0.0,0.0,0.0,1.0,60.0,0.0,60.0,0.0,0.0,0.0,1.0,60.0,0.0,60.0,0.0,0.0,0.0,1.0,1505913428.199147,0.0,1.0,1505913428.199147,0.0,1.0,1505913428.199147,0.0,1.0,1505913428.199147,0.0,1.0,1505913428.199147,0.0,1.0,60.0,0.0,60.0,0.0,0.0,0.0,1.0,60.0,0.0,60.0,0.0,0.0,0.0,1.0,60.0,0.0,60.0,0.0,0.0,0.0,1.0,60.0,0.0,60.0,0.0,0.0,0.0,1.0,60.0,0.0,60.0,0.0,0.0,0.0
1.0,60.0,0.0,1.0,60.0,0.0,1.0,60.0,0.0,1.0,60.0,0.0,1.0,60.0,0.0,1.0,60.0,0.0,1.0,60.0,0.0,1.0,60.0,0.0,1.0,60.0,0.0,1.0,60.0,0.0,1.0,60.0,0.0,60.0,0.0,0.0,0.0,1.0,60.0,0.0,60.0,0.0,0.0,0.0,1.0,60.0,0.0,60.0,0.0,0.0,0.0,1.0,60.0,0.0,60.0,0.0,0.0,0.0,1.0,60.0,0.0,60.0,0.0,0.0,0.0,1.0,1505913474.447277,0.0,1.0,1505913474.447277,0.0,1.0,1505913474.447277,0.0,1.0,1505913474.447277,0.0,1.0,1505913474.447277,0.0,1.0,60.0,0.0,60.0,0.0,0.0,0.0,1.0,60.0,0.0,60.0,0.0,0.0,0.0,1.0,60.0,0.0,60.0,0.0,0.0,0.0,1.0,60.0,0.0,60.0,0.0,0.0,0.0,1.0,60.0,0.0,60.0,0.0,0.0,0.0
1.0,60.0,0.0,1.0,60.0,0.0,1.0,60.0,0.0,1.0,60.0,0.0,1.0,60.0,0.0,1.0,60.0,0.0,1.0,60.0,0.0,1.0,60.0,0.0,1.0,60.0,0.0,1.0,60.0,0.0,1.0,60.0,0.0,60.0,0.0,0.0,0.0,1.0,60.0,0.0,60.0,0.0,0.0,0.0,1.0,60.0,0.0,60.0,0.0,0.0,0.0,1.0,60.0,0.0,60.0,0.0,0.0,0.0,1.0,60.0,0.0,60.0,0.0,0.0,0.0,1.0,1505913555.542808,0.0,1.0,1505913555.542808,0.0,1.0,1505913555.542808,0.0,1.0,1505913555.542808,0.0,1.0,1505913555.542808,0.0,1.0,60.0,0.0,60.0,0.0,0.0,0.0,1.0,60.0,0.0,60.0,0.0,0.0,0.0,1.0,60.0,0.0,60.0,0.0,0.0,0.0,1.0,60.0,0.0,60.0,0.0,0.0,0.0,1.0,60.0,0.0,60.0,0.0,0.0,0.0
1.0,60.0,0.0,1.0,60.0,0.0,1.0,60.0,0.0,1.0,60.0,0.0,1.0,60.0,0.0,1.0,60.0,0.0,1.0,60.0,0.0,1.0,60.0,0.0,1.0,60.0,0.0,1.0,60.0,0.0,1.0,60.0,0.0,60.0,0.0,0.0,0.0,1.0,60.0,0.0,60.0,0.0,0.0,0.0,1.0,60.0,0.0,60.0,0.0,0.0,0.0,1.0,60.0,0.0,60.0,0.0,0.0,0.0,1.0,60.0,0.0,60.0,0.0,0.0,0.0,1.0,1505913472.746921,0.0,1.0,1505913472.746921,0.0,1.0,1505913472.746921,0.0,1.0,1505913472.746921,0.0,1.0,1505913472.746921,0.0,1.0,60.0,0.0,60.0,0.0,0.0,0.0,1.0,60.0,0.0,60.0,0.0,0.0,0.0,1.0,60.0,0.0,60.0,0.0,0.0,0.0,1.0,60.0,0.0,60.0,0.0,0.0,0.0,1.0,60.0,0.0,60.0,0.0,0.0,0.0
1.0,60.0,0.0,1.0,60.0,0.0,1.0,60.0,0.0,1.0,60.0,0.0,1.0,60.0,0.0,1.0,60.0,0.0,1.0,60.0,0.0,1.0,60.0,0.0,1.0,60.0,0.0,1.0,60.0,0.0,1.0,60.0,0.0,60.0,0.0,0.0,0.0,1.0,60.0,0.0,60.0,0.0,0.0,0.0,1.0,60.0,0.0,60.0,0.0,0.0,0.0,1.0,60.0,0.0,60.0,0.0,0.0,0.0,1.0,60.0,0.0,60.0,0.0,0.0,0.0,1.0,1505913473.4459438,0.0,1.0,1505913473.4459438,0.0,1.0,1505913473.4459438,0.0,1.0,1505913473.4459438,0.0,1.0,1505913473.4459438,0.0,1.0,60.0,0.0,60.0,0.0,0.0,0.0,1.0,60.0,0.0,60.0,0.0,0.0,0.0,1.0,60.0,0.0,60.0,0.0,0.0,0.0,1.0,60.0,0.0,60.0,0.0,0.0,0.0,1.0,60.0,0.0,60.0,0.0,0.0,0.0
1.0,60.0,0.0,1.0,60.0,0.0,1.0,60.0,0.0,1.0,60.0,0.0,1.0,60.0,0.0,1.0,60.0,0.0,1.0,60.0,0.0,1.0,60.0,0.0,1.0,60.0,0.0,1.0,60.0,0.0,1.0,60.0,0.0,60.0,0.0,0.0,0.0,1.0,60.0,0.0,60.0,0.0,0.0,0.0,1.0,60.0,0.0,60.0,0.0,0.0,0.0,1.0,60.0,0.0,60.0,0.0,0.0,0.0,1.0,60.0,0.0,60.0,0.0,0.0,0.0,1.0,1505913458.194464,0.0,1.0,1505913458.194464,0.0,1.0,1505913458.194464,0.0,1.0,1505913458.194464,0.0,1.0,1505913458.194464,0.0,1.0,60.0,0.0,60.0,0.0,0.0,0.0,1.0,60.0,0.0,60.0,0.0,0.0,0.0,1.0,60.0,0.0,60.0,0.0,0.0,0.0,1.0,60.0,0.0,60.0,0.0,0.0,0.0,1.0,60.0,0.0,60.0,0.0,0.0,0.0
1.0,60.0,0.0,1.0,60.0,0.0,1.0,60.0,0.0,1.0,60.0,0.0,1.0,60.0,0.0,1.0,60.0,0.0,1.0,60.0,0.0,1.0,60.0,0.0,1.0,60.0,0.0,1.0,60.0,0.0,1.0,60.0,0.0,60.0,0.0,0.0,0.0,1.0,60.0,0.0,60.0,0.0,0.0,0.0,1.0,60.0,0.0,60.0,0.0,0.0,0.0,1.0,60.0,0.0,60.0,0.0,0.0,0.0,1.0,60.0,0.0,60.0,0.0,0.0,0.0,1.0,1505913441.023664,0.0,1.0,1505913441.023664,0.0,1.0,1505913441.023664,0.0,1.0,1505913441.023664,0.0,1.0,1505913441.023664,0.0,1.0,60.0,0.0,60.0,0.0,0.0,0.0,1.0,60.0,0.0,60.0,0.0,0.0,0.0,1.0,60.0,0.0,60.0,0.0,0.0,0.0,1.0,60.0,0.0,60.0,0.0,0.0,0.0,1.0,60.0,0.0,60.0,0.0,0.0,0.0
1.0,60.0,0.0,1.0,60.0,0.0,1.0,60.0,0.0,1.0,60.0,0.0,1.0,60.0,0.0,1.0,60.0,0.0,1.0,60.0,0.0,1.0,60.0,0.0,1.0,60.0,0.0,1.0,60.0,0.0,1.0,60.0,0.0,60.0,0.0,0.0,0.0,1.0,60.0,0.0,60.0,0.0,0.0,0.0,1.0,60.0,0.0,60.0,0.0,0.0,0.0,1.0,60.0,0.0,60.0,0.0,0.0,0.0,1.0,60.0,0.0,60.0,0.0,0.0,0.0,1.0,1505913563.929115,0.0,1.0,1505913563.929115,0.0,1.0,1505913563.929115,0.0,1.0,1505913563.929115,0.0,1.0,1505913563.929115,0.0,1.0,60.0,0.0,60.0,0.0,0.0,0.0,1.0,60.0,0.0,60.0,0.0,0.0,0.0,1.0,60.0,0.0,60.0,0.0,0.0,0.0,1.0,60.0,0.0,60.0,0.0,0.0,0.0,1.0,60.0,0.0,60.0,0.0,0.0,0.0
202.8149675267397,74.08646396662432,2.0676591814963103,314.7912382425102,74.07003199305333,1.6758687572646522,850.1422534728616,74.05234281403358,1.653690701411506,7748.593180317898,74.14813610532785,62.36651097738832,30805.098167096363,74.33400884170935,215.0159280948528,202.8149675267397,74.08646396662432,2.0676591814963103,314.7912382425102,74.07003199305333,1.6758687572646522,850.1422534728616,74.05234281403358,1.653690701411506,7748.593180317898,74.14813610532785,62.36651097738832,30805.098167096363,74.33400884170935,215.0159280948528,202.08429308577712,74.00000000000003,9.5367431640625e-07,95.26804291051644,2.8760747774580336e-12,-1.3319287577396162e-27,-8.455128164279988e-16,313.872677655226,74.0000000000001,2.3360154559928683e-06,95.26804291051648,9.462679393748115e-12,7.081750276063607e-29,1.0903234347930869e-17,848.3185798053881,73.99999901677099,0.003710149169347,95.26804214678768,1.3765206858809785e-05,-3.3917830401803083e-20,-3.0313536539071905e-12,7730.337158165364,73.99872465926704,0.133615656885799,95.26705228565648,0.0178531437650235,2.353715830014442e-16,6.335590917276122e-10,30717.571741631156,73.99828136167817,0.1551063596919377,95.26670795446836,0.0240579828168847,-3.2158764186211923e-16,-2.1795062504064543e-10,202.0842930857772,0.0014588493737626,1.6353370037410863e-05,313.87267765522654,0.0015534609770273,1.8550086407074028e-05,848.3185798053905,0.0017099183370476,2.427443305054109e-05,7730.337158165476,1170.7449718642613,1763037453260.663,30717.57174163013,29396.754719999943,44268126959458.67,1.0,74.0,0.0,95.26804291051644,0.0,0.0,0.0,1.0,74.0,0.0,95.26804291051644,0.0,0.0,0.0,1.0000000000000002,74.0,0.0,95.26804291051644,0.0,0.0,0.0,1.0488226077002245,74.00000000000001,1.3486991523486091e-06,95.26804291051644,1.8189894035458565e-12,0.0,0.0,2.379065620725385,74.0,0.0,95.26804291051644,0.0,0.0,0.0
140.10448793028294,74.01163158601057,0.2790227704726931,224.5374963125909,74.02373846081792,0.5691595454209164,722.7244899568742,74.03814542005084,1.0532532291535972,7489.117300155509,74.42595100491933,302.0208010672532,20984.470610190016,74.51201502051765,364.3416318902237,140.10448793028294,74.01163158601057,0.2790227704726931,224.5374963125909,74.02373846081792,0.5691595454209164,722.7244899568742,74.03814542005084,1.0532532291535972,7489.117300155509,74.42595100491933,302.0208010672532,20984.470610190016,74.51201502051765,364.3416318902237,140.03658637187294,74.00000000000004,1.6518123698891422e-06,95.26804291051646,4.547473508864642e-12,-1.5799798448246523e-27,-5.014882367898852e-16,224.31540570587015,73.99999999999997,9.5367431640625e-07,95.2680429105164,4.637531231849411e-12,3.5690763450215975e-27,1.7549739011777805e-15,721.579009105967,73.99999910698712,0.0035358398397154,95.26804221686344,1.2502163372127424e-05,1.6039776085735097e-19,1.1891746382260699e-11,7466.507904354667,73.99910169443791,0.1121404070419479,95.26734514818676,0.0125754708915337,1.1133879913623007e-16,3.8014885459375815e-10,20915.202909277104,73.99839192181555,0.1500350249356972,95.26679383192496,0.0225105087074553,-3.496626613251075e-16,-2.230827010274724e-10,140.03658637187297,0.0021145341657382,2.7687036884339324e-05,224.3154057058704,0.0021789567533003,2.9657982381884462e-05,721.5790091059682,0.0020092380696214,26.268029268762216,7466.507904354778,7886.673865773869,11876590123836.91,20915.20290927668,52066.60997147951,78405139859098.75,1.0,74.0,0.0,74.0,0.0,0.0,0.0,1.0,74.0,0.0,74.0,0.0,0.0,0.0,1.0,74.0,0.0,74.0,0.0,0.0,0.0,1.0,74.0,0.0,74.0,0.0,0.0,0.0,1.0,74.0,0.0,74.0,0.0,0.0,0.0
1.0,60.0,0.0,1.0,60.0,0.0,1.0,60.0,0.0,1.0,60.0,0.0,1.0,60.0,0.0,1.0,60.0,0.0,1.0,60.0,0.0,1.0,60.0,0.0,1.0,60.0,0.0,1.0,60.0,0.0,1.0,60.0,0.0,60.0,0.0,0.0,0.0,1.0,60.0,0.0,60.0,0.0,0.0,0.0,1.0,60.0,0.0,60.0,0.0,0.0,0.0,1.0,60.0,0.0,60.0,0.0,0.0,0.0,1.0,60.0,0.0,60.0,0.0,0.0,0.0,1.0,1505913552.830014,0.0,1.0,1505913552.830014,0.0,1.0,1505913552.830014,0.0,1.0,1505913552.830014,0.0,1.0,1505913552.830014,0.0,1.0,60.0,0.0,60.0,0.0,0.0,0.0,1.0,60.0,0.0,60.0,0.0,0.0,0.0,1.0,60.0,0.0,60.0,0.0,0.0,0.0,1.0,60.0,0.0,60.0,0.0,0.0,0.0,1.0,60.0,0.0,60.0,0.0,0.0,0.0
1.0,60.0,0.0,1.0,60.0,0.0,1.0,60.0,0.0,1.0,60.0,0.0,1.0,60.0,0.0,1.0,60.0,0.0,1.0,60.0,0.0,1.0,60.0,0.0,1.0,60.0,0.0,1.0,60.0,0.0,1.0,60.0,0.0,60.0,0.0,0.0,0.0,1.0,60.0,0.0,60.0,0.0,0.0,0.0,1.0,60.0,0.0,60.0,0.0,0.0,0.0,1.0,60.0,0.0,60.0,0.0,0.0,0.0,1.0,60.0,0.0,60.0,0.0,0.0,0.0,1.0,1505913558.200714,0.0,1.0,1505913558.200714,0.0,1.0,1505913558.200714,0.0,1.0,1505913558.200714,0.0,1.0,1505913558.200714,0.0,1.0,60.0,0.0,60.0,0.0,0.0,0.0,1.0,60.0,0.0,60.0,0.0,0.0,0.0,1.0,60.0,0.0,60.0,0.0,0.0,0.0,1.0,60.0,0.0,60.0,0.0,0.0,0.0,1.0,60.0,0.0,60.0,0.0,0.0,0.0
1.0,60.0,0.0,1.0,60.0,0.0,1.0,60.0,0.0,1.0,60.0,0.0,1.0,60.0,0.0,1.0,60.0,0.0,1.0,60.0,0.0,1.0,60.0,0.0,1.0,60.0,0.0,1.0,60.0,0.0,1.0,60.0,0.0,60.0,0.0,0.0,0.0,1.0,60.0,0.0,60.0,0.0,0.0,0.0,1.0,60.0,0.0,60.0,0.0,0.0,0.0,1.0,60.0,0.0,60.0,0.0,0.0,0.0,1.0,60.0,0.0,60.0,0.0,0.0,0.0,1.0,1505913555.533845,0.0,1.0,1505913555.533845,0.0,1.0,1505913555.533845,0.0,1.0,1505913555.533845,0.0,1.0,1505913555.533845,0.0,1.0,60.0,0.0,60.0,0.0,0.0,0.0,1.0,60.0,0.0,60.0,0.0,0.0,0.0,1.0,60.0,0.0,60.0,0.0,0.0,0.0,1.0,60.0,0.0,60.0,0.0,0.0,0.0,1.0,60.0,0.0,60.0,0.0,0.0,0.0
1.0,60.0,0.0,1.0,60.0,0.0,1.0,60.0,0.0,1.0,60.0,0.0,1.0,60.0,0.0,1.0,60.0,0.0,1.0,60.0,0.0,1.0,60.0,0.0,1.0,60.0,0.0,1.0,60.0,0.0,1.0,60.0,0.0,60.0,0.0,0.0,0.0,1.0,60.0,0.0,60.0,0.0,0.0,0.0,1.0,60.0,0.0,60.0,0.0,0.0,0.0,1.0,60.0,0.0,60.0,0.0,0.0,0.0,1.0,60.0,0.0,60.0,0.0,0.0,0.0,1.0,1505913451.955551,0.0,1.0,1505913451.955551,0.0,1.0,1505913451.955551,0.0,1.0,1505913451.955551,0.0,1.0,1505913451.955551,0.0,1.0,60.0,0.0,60.0,0.0,0.0,0.0,1.0,60.0,0.0,60.0,0.0,0.0,0.0,1.0,60.0,0.0,60.0,0.0,0.0,0.0,1.0,60.0,0.0,60.0,0.0,0.0,0.0,1.0,60.0,0.0,60.0,0.0,0.0,0.0
12.082052376170322,74.18467854168752,4.398178836739135,18.08874615777168,74.35599402613664,8.417124996899474,64.97826376993936,74.45625550240115,15.764140353286164,912.2859398213858,77.76142946375963,2758.2547463297906,8673.958147818485,76.99140522750714,2001.2280943412609,12.082052376170322,74.18467854168752,4.398178836739135,18.08874615777168,74.35599402613664,8.417124996899474,64.97826376993936,74.45625550240115,15.764140353286164,912.2859398213858,77.76142946375963,2758.2547463297906,8673.958147818485,76.99140522750714,2001.2280943412609,1.0000297700366618,74.00000000000001,1.3486991523486091e-06,74.00000000000001,1.8189894035458565e-12,0.0,0.0,1.0019242771449983,74.0,0.0,74.0,0.0,0.0,0.0,1.1243815240401285,74.0,9.5367431640625e-07,74.0,9.094947017729282e-13,0.0,0.0,1.811849611871256,74.0,0.0,74.0,0.0,0.0,0.0,1.979371718677137,74.0,9.5367431640625e-07,74.0,9.094947017729282e-13,0.0,0.0,1.0000297700366618,44832.76252162073,67507708806707.92,1.0019242771449983,2892231.831276424,4347080457103205.0,1.1243815240401285,166587384.39521584,2.231147740944046e+17,1.811849611871256,674766278.0451831,5.608298868053143e+17,1.979371718677137,745109546.9365263,5.668820345400023e+17,1.0000297700366618,74.00000000000001,1.3486991523486091e-06,74.00000000000001,1.8189894035458565e-12,0.0,0.0,1.0019242771449983,74.0,0.0,74.0,0.0,0.0,0.0,1.1243815240401285,74.0,9.5367431640625e-07,74.0,9.094947017729282e-13,0.0,0.0,1.811849611871256,74.0,0.0,74.0,0.0,0.0,0.0,1.979371718677137,74.0,9.5367431640625e-07,74.0,9.094947017729282e-13,0.0,0.0
1.0,60.0,0.0,1.0,60.0,0.0,1.0,60.0,0.0,1.0,60.0,0.0,1.0,60.0,0.0,1.0,60.0,0.0,1.0,60.0,0.0,1.0,60.0,0.0,1.0,60.0,0.0,1.0,60.0,0.0,1.0,60.0,0.0,60.0,0.0,0.0,0.0,1.0,60.0,0.0,60.0,0.0,0.0,0.0,1.0,60.0,0.0,60.0,0.0,0.0,0.0,1.0,60.0,0.0,60.0,0.0,0.0,0.0,1.0,60.0,0.0,60.0,0.0,0.0,0.0,1.0,1505913465.271132,0.0,1.0,1505913465.271132,0.0,1.0,1505913465.271132,0.0,1.0,1505913465.271132,0.0,1.0,1505913465.271132,0.0,1.0,60.0,0.0,60.0,0.0,0.0,0.0,1.0,60.0,0.0,60.0,0.0,0.0,0.0,1.0,60.0,0.0,60.0,0.0,0.0,0.0,1.0,60.0,0.0,60.0,0.0,0.0,0.0,1.0,60.0,0.0,60.0,0.0,0.0,0.0
1.0,60.0,0.0,1.0,60.0,0.0,1.0,60.0,0.0,1.0,60.0,0.0,1.0,60.0,0.0,1.0,60.0,0.0,1.0,60.0,0.0,1.0,60.0,0.0,1.0,60.0,0.0,1.0,60.0,0.0,1.0,60.0,0.0,60.0,0.0,0.0,0.0,1.0,60.0,0.0,60.0,0.0,0.0,0.0,1.0,60.0,0.0,60.0,0.0,0.0,0.0,1.0,60.0,0.0,60.0,0.0,0.0,0.0,1.0,60.0,0.0,60.0,0.0,0.0,0.0,1.0,1505913429.878492,0.0,1.0,1505913429.878492,0.0,1.0,1505913429.878492,0.0,1.0,1505913429.878492,0.0,1.0,1505913429.878492,0.0,1.0,60.0,0.0,60.0,0.0,0.0,0.0,1.0,60.0,0.0,60.0,0.0,0.0,0.0,1.0,60.0,0.0,60.0,0.0,0.0,0.0,1.0,60.0,0.0,60.0,0.0,0.0,0.0,1.0,60.0,0.0,60.0,0.0,0.0,0.0
150.6003990328731,74.07517308216322,5.202841017313403,257.3692930718551,74.13404355522336,20.789057491261698,790.7414240743866,74.26608318217794,56.89932387282079,7856.391294266247,74.26040176272299,142.69573155862872,25757.27319215401,74.41374193904606,278.8544975449777,150.6003990328731,74.07517308216322,5.202841017313403,257.3692930718551,74.13404355522336,20.789057491261698,790.7414240743866,74.26608318217794,56.89932387282079,7856.391294266247,74.26040176272299,142.69573155862872,25757.27319215401,74.41374193904606,278.8544975449777,150.21213300792283,73.99999998857476,0.0003999319407639,95.26804290164176,1.5994555729555357e-07,9.061887184323806e-22,1.1200211321811678e-12,256.66863547788427,73.99999611115065,0.0073786091862402,95.2680398898303,5.444387352326912e-05,8.640549707547592e-20,5.012924374357311e-12,788.4482107085518,73.99926371893784,0.1015253305800203,95.26747100109732,0.0103073927493824,3.690366958585585e-17,1.0373568281833559e-10,7835.818712313221,73.99832253539972,0.1532373666910183,95.266739936103,0.0234816905503976,6.291952678580848e-16,7.277574475731483e-10,25678.99535783976,73.99826496790797,0.1558442780954672,95.266695220631,0.0242874390150973,-7.282799501643157e-16,-4.924813722202943e-10,150.2121330079229,0.0019600860360481,1.937930127963315e-05,256.66863547788466,0.0018954399913522,1.7721245937934587e-05,788.4482107085547,0.0018367760499264,0.0067719755902081,7835.818712313377,3317.3893672067284,4995690425854.332,25678.995357839056,39077.8164363481,58846313555082.81,1.0,74.0,0.0,95.26804291051644,0.0,0.0,0.0,1.0,74.0,0.0,95.26804291051644,0.0,0.0,0.0,1.0,74.0,0.0,95.26804291051644,0.0,0.0,0.0,1.0234558177798494,74.0,0.0,95.26804291051644,0.0,0.0,0.0,1.6871080836106138,74.0,0.0,95.26804291051644,0.0,0.0,0.0
1.0,60.0,0.0,1.0,60.0,0.0,1.0,60.0,0.0,1.0,60.0,0.0,1.0,60.0,0.0,1.0,60.0,0.0,1.0,60.0,0.0,1.0,60.0,0.0,1.0,60.0,0.0,1.0,60.0,0.0,1.0,60.0,0.0,60.0,0.0,0.0,0.0,1.0,60.0,0.0,60.0,0.0,0.0,0.0,1.0,60.0,0.0,60.0,0.0,0.0,0.0,1.0,60.0,0.0,60.0,0.0,0.0,0.0,1.0,60.0,0.0,60.0,0.0,0.0,0.0,1.0,1505913451.729182,0.0,1.0,1505913451.729182,0.0,1.0,1505913451.729182,0.0,1.0,1505913451.729182,0.0,1.0,1505913451.729182,0.0,1.0,60.0,0.0,60.0,0.0,0.0,0.0,1.0,60.0,0.0,60.0,0.0,0.0,0.0,1.0,60.0,0.0,60.0,0.0,0.0,0.0,1.0,60.0,0.0,60.0,0.0,0.0,0.0,1.0,60.0,0.0,60.0,0.0,0.0,0.0
1.0,60.0,0.0,1.0,60.0,0.0,1.0,60.0,0.0,1.0,60.0,0.0,1.0,60.0,0.0,1.0,60.0,0.0,1.0,60.0,0.0,1.0,60.0,0.0,1.0,60.0,0.0,1.0,60.0,0.0,1.0,60.0,0.0,60.0,0.0,0.0,0.0,1.0,60.0,0.0,60.0,0.0,0.0,0.0,1.0,60.0,0.0,60.0,0.0,0.0,0.0,1.0,60.0,0.0,60.0,0.0,0.0,0.0,1.0,60.0,0.0,60.0,0.0,0.0,0.0,1.0,1505913553.634568,0.0,1.0,1505913553.634568,0.0,1.0,1505913553.634568,0.0,1.0,1505913553.634568,0.0,1.0,1505913553.634568,0.0,1.0,60.0,0.0,60.0,0.0,0.0,0.0,1.0,60.0,0.0,60.0,0.0,0.0,0.0,1.0,60.0,0.0,60.0,0.0,0.0,0.0,1.0,60.0,0.0,60.0,0.0,0.0,0.0,1.0,60.0,0.0,60.0,0.0,0.0,0.0
1.0,60.0,0.0,1.0,60.0,0.0,1.0,60.0,0.0,1.0,60.0,0.0,1.0,60.0,0.0,1.0,60.0,0.0,1.0,60.0,0.0,1.0,60.0,0.0,1.0,60.0,0.0,1.0,60.0,0.0,1.0,60.0,0.0,60.0,0.0,0.0,0.0,1.0,60.0,0.0,60.0,0.0,0.0,0.0,1.0,60.0,0.0,60.0,0.0,0.0,0.0,1.0,60.0,0.0,60.0,0.0,0.0,0.0,1.0,60.0,0.0,60.0,0.0,0.0,0.0,1.0,1505913544.155964,0.0,1.0,1505913544.155964,0.0,1.0,1505913544.155964,0.0,1.0,1505913544.155964,0.0,1.0,1505913544.155964,0.0,1.0,60.0,0.0,60.0,0.0,0.0,0.0,1.0,60.0,0.0,60.0,0.0,0.0,0.0,1.0,60.0,0.0,60.0,0.0,0.0,0.0,1.0,60.0,0.0,60.0,0.0,0.0,0.0,1.0,60.0,0.0,60.0,0.0,0.0,0.0
1.0,60.0,0.0,1.0,60.0,0.0,1.0,60.0,0.0,1.0,60.0,0.0,1.0,60.0,0.0,1.0,60.0,0.0,1.0,60.0,0.0,1.0,60.0,0.0,1.0,60.0,0.0,1.0,60.0,0.0,1.0,60.0,0.0,60.0,0.0,0.0,0.0,1.0,60.0,0.0,60.0,0.0,0.0,0.0,1.0,60.0,0.0,60.0,0.0,0.0,0.0,1.0,60.0,0.0,60.0,0.0,0.0,0.0,1.0,60.0,0.0,60.0,0.0,0.0,0.0,1.0,1505913455.356242,0.0,1.0,1505913455.356242,0.0,1.0,1505913455.356242,0.0,1.0,1505913455.356242,0.0,1.0,1505913455.356242,0.0,1.0,60.0,0.0,60.0,0.0,0.0,0.0,1.0,60.0,0.0,60.0,0.0,0.0,0.0,1.0,60.0,0.0,60.0,0.0,0.0,0.0,1.0,60.0,0.0,60.0,0.0,0.0,0.0,1.0,60.0,0.0,60.0,0.0,0.0,0.0
1.0,60.0,0.0,1.0,60.0,0.0,1.0,60.0,0.0,1.0,60.0,0.0,1.0,60.0,0.0,1.0,60.0,0.0,1.0,60.0,0.0,1.0,60.0,0.0,1.0,60.0,0.0,1.0,60.0,0.0,1.0,60.0,0.0,60.0,0.0,0.0,0.0,1.0,60.0,0.0,60.0,0.0,0.0,0.0,1.0,60.0,0.0,60.0,0.0,0.0,0.0,1.0,60.0,0.0,60.0,0.0,0.0,0.0,1.0,60.0,0.0,60.0,0.0,0.0,0.0,1.0,1505913572.7885606,0.0,1.0,1505913572.7885606,0.0,1.0,1505913572.7885606,0.0,1.0,1505913572.7885606,0.0,1.0,1505913572.7885606,0.0,1.0,60.0,0.0,60.0,0.0,0.0,0.0,1.0,60.0,0.0,60.0,0.0,0.0,0.0,1.0,60.0,0.0,60.0,0.0,0.0,0.0,1.0,60.0,0.0,60.0,0.0,0.0,0.0,1.0,60.0,0.0,60.0,0.0,0.0,0.0
1.0,60.0,0.0,1.0,60.0,0.0,1.0,60.0,0.0,1.0,60.0,0.0,1.0,60.0,0.0,1.0,60.0,0.0,1.0,60.0,0.0,1.0,60.0,0.0,1.0,60.0,0.0,1.0,60.0,0.0,1.0,60.0,0.0,60.0,0.0,0.0,0.0,1.0,60.0,0.0,60.0,0.0,0.0,0.0,1.0,60.0,0.0,60.0,0.0,0.0,0.0,1.0,60.0,0.0,60.0,0.0,0.0,0.0,1.0,60.0,0.0,60.0,0.0,0.0,0.0,1.0,1505913548.61438,0.0,1.0,1505913548.61438,0.0,1.0,1505913548.61438,0.0,1.0,1505913548.61438,0.0,1.0,1505913548.61438,0.0,1.0,60.0,0.0,60.0,0.0,0.0,0.0,1.0,60.0,0.0,60.0,0.0,0.0,0.0,1.0,60.0,0.0,60.0,0.0,0.0,0.0,1.0,60.0,0.0,60.0,0.0,0.0,0.0,1.0,60.0,0.0,60.0,0.0,0.0,0.0
1.0,60.0,0.0,1.0,60.0,0.0,1.0,60.0,0.0,1.0,60.0,0.0,1.0,60.0,0.0,1.0,60.0,0.0,1.0,60.0,0.0,1.0,60.0,0.0,1.0,60.0,0.0,1.0,60.0,0.0,1.0,60.0,0.0,60.0,0.0,0.0,0.0,1.0,60.0,0.0,60.0,0.0,0.0,0.0,1.0,60.0,0.0,60.0,0.0,0.0,0.0,1.0,60.0,0.0,60.0,0.0,0.0,0.0,1.0,60.0,0.0,60.0,0.0,0.0,0.0,1.0,1505913432.327717,0.0,1.0,1505913432.327717,0.0,1.0,1505913432.327717,0.0,1.0,1505913432.327717,0.0,1.0,1505913432.327717,0.0,1.0,60.0,0.0,60.0,0.0,0.0,0.0,1.0,60.0,0.0,60.0,0.0,0.0,0.0,1.0,60.0,0.0,60.0,0.0,0.0,0.0,1.0,60.0,0.0,60.0,0.0,0.0,0.0,1.0,60.0,0.0,60.0,0.0,0.0,0.0
166.5589262617811,74.07320282452227,1.7760443667275467,274.28494146169805,74.06538911417285,2.3830640179212423,798.6138135140665,74.17798161998644,91.07492711153736,5795.828231950488,74.6779085666677,495.31376779702623,12413.905012143989,74.49607523096681,345.50604863255563,166.5589262617811,74.07320282452227,1.7760443667275467,274.28494146169805,74.06538911417285,2.3830640179212423,798.6138135140665,74.17798161998644,91.07492711153736,5795.828231950488,74.6779085666677,495.31376779702623,12413.905012143989,74.49607523096681,345.50604863255563,166.04597374643157,74.0000000000001,3.162979879718208e-06,95.26804291051654,1.3830600733622805e-11,2.1186258806595867e-27,2.1675199710921279e-16,273.5034798335696,74.0000000000001,4.046097457045827e-06,95.26804291051646,1.9931218958673638e-11,-6.882616800135047e-27,-5.04501146751662e-16,796.0388304275062,73.9999999949524,0.0002658511487181,95.26804290659572,7.067683385995939e-08,-8.120510396843084e-22,-1.0128489887034758e-12,5773.588326871412,73.99899677897994,0.1185077542242334,95.26726365491685,0.0140440878112713,3.9103768383986044e-16,6.48110902214998e-10,12371.7768108604,73.99806672165852,0.164505802820713,95.26654123323183,0.0270621591616873,-1.901606306350931e-15,-1.6728601994581065e-09,166.04597374643168,0.001769840253393,1.5991139144452325e-05,273.50347983357,0.0017785358668105,1.6795252035908458e-05,796.0388304275099,0.0102592840261368,12658482.941882685,5773.588326871456,38117.64076539503,57400444947605.59,12371.776810860352,100425.81150494356,151222579452680.22,1.0,74.0,0.0,74.0,0.0,0.0,0.0,1.0,74.0,0.0,74.0,0.0,0.0,0.0,1.0,74.0,0.0,74.0,0.0,0.0,0.0,1.0,74.0,0.0,74.0,0.0,0.0,0.0,1.0,74.0,0.0,74.0,0.0,0.0,0.0
1.0,60.0,0.0,1.0,60.0,0.0,1.0,60.0,0.0,1.0,60.0,0.0,1.0,60.0,0.0,1.0,60.0,0.0,1.0,60.0,0.0,1.0,60.0,0.0,1.0,60.0,0.0,1.0,60.0,0.0,1.0,60.0,0.0,60.0,0.0,0.0,0.0,1.0,60.0,0.0,60.0,0.0,0.0,0.0,1.0,60.0,0.0,60.0,0.0,0.0,0.0,1.0,60.0,0.0,60.0,0.0,0.0,0.0,1.0,60.0,0.0,60.0,0.0,0.0,0.0,1.0,1505913579.493943,0.0,1.0,1505913579.493943,0.0,1.0,1505913579.493943,0.0,1.0,1505913579.493943,0.0,1.0,1505913579.493943,0.0,1.0,60.0,0.0,60.0,0.0,0.0,0.0,1.0,60.0,0.0,60.0,0.0,0.0,0.0,1.0,60.0,0.0,60.0,0.0,0.0,0.0,1.0,60.0,0.0,60.0,0.0,0.0,0.0,1.0,60.0,0.0,60.0,0.0,0.0,0.0
172.59851987131398,74.00303402324074,0.1959030485622861,281.11939251968363,74.00764678576148,0.4588557149463668,798.8388823227948,74.03182838114397,3.2950642519881512,6763.504129721928,74.13356707911326,39.96563141713432,33583.920493424914,74.29769333751345,182.5795147016579,172.59851987131398,74.00303402324074,0.1959030485622861,281.11939251968363,74.00764678576148,0.4588557149463668,798.8388823227948,74.03182838114397,3.2950642519881512,6763.504129721928,74.13356707911326,39.96563141713432,33583.920493424914,74.29769333751345,182.5795147016579,172.55340427570027,73.99675980493168,0.2129606350872737,95.26552609222684,0.0453522320967749,-1.2359682323944435e-16,-4.968922908891865e-10,280.94540774687897,73.99278350874422,0.3177716158172899,95.26243756786764,0.1009787998191313,-1.850117782272716e-16,-1.6932165790039942e-10,797.7539835954308,73.99078421387924,0.3590766979144939,95.26088467248682,0.1289360749851766,4.915445012228285e-16,4.923410752679434e-10,6742.265939451757,73.99751106865564,0.1866516650529892,95.2661096316828,0.0348388440670532,1.0257188521091047e-16,2.716377506777153e-10,33479.39058651119,73.99815663512594,0.1606353332336048,95.26661107332664,0.0258037102830712,-1.3502646856942598e-16,-7.20870324824933e-11,172.5534042757001,0.0016995928660988,1.3755804299415014e-05,280.9454077468793,0.0017331079756607,1.8379090633155645e-05,797.753983595433,0.0018300030757935,7.105452776710373e-05,6742.265939451855,497.55450723280114,749270972921.8966,33479.390586509995,24423.460325862467,36779039231624.6,1.0,74.0,0.0,95.26804291051644,0.0,0.0,0.0,1.0,74.0,0.0,95.26804291051644,0.0,0.0,0.0,1.0,74.0,0.0,95.26804291051644,0.0,0.0,0.0,1.0211199013933372,74.00000000000001,1.3486991523486091e-06,95.26804291051644,1.8189894035458565e-12,0.0,0.0,1.6799378045425306,74.0,0.0,95.26804291051644,0.0,0.0,0.0
132.78027631951431,74.01042736322822,0.2501481471172156,236.44976423629905,74.02044737792815,0.4903799537178202,729.882206396806,74.03548366369584,0.8637933883828737,2185.1639415306267,74.04986431442471,1.2788067529972975,2529.396425672409,74.05255402992198,1.3564970204361089,132.78027631951431,74.01042736322822,0.2501481471172156,236.44976423629905,74.02044737792815,0.4903799537178202,729.882206396806,74.03548366369584,0.8637933883828737,2185.1639415306267,74.04986431442471,1.2788067529972975,2529.396425672409,74.05255402992198,1.3564970204361089,132.72258670206088,73.9999999999999,2.3360154559928683e-06,95.26804291051636,5.4758832351546034e-12,-1.4225514350904783e-27,-9.030403941711266e-16,236.2482400700104,73.9999999999999,3.3036247397782844e-06,95.26804291051631,1.263510420308176e-11,5.5387345249456095e-27,6.644628936566602e-16,728.7519767308603,73.99999999999993,1.6518123698891422e-06,95.26804291051646,2.766120146724561e-12,-4.5239531810245315e-27,-4.061367589479221e-15,2179.6616057192937,74.0000000000002,6.607249479556569e-06,95.26804291051658,4.4999312656193e-11,1.692851805235194e-27,7.755459349823701e-17,2522.567128204474,74.00000000000037,7.136645101116069e-06,95.26804291051668,5.284665120073514e-11,7.187904101834801e-27,2.6825154888464287e-16,132.72258670206077,0.9696014003022696,1456683661.5562768,236.2482400700101,365.4768769127749,550373577136.5253,728.7519767308618,79682.40621637144,119988524580391.58,2179.661605719294,498913.6455452613,751072286810440.2,2522.567128204469,577855.1020526917,869866355106246.2,1.0,74.0,0.0,74.0,0.0,0.0,0.0,1.0,74.0,0.0,74.0,0.0,0.0,0.0,1.0,74.0,0.0,74.0,0.0,0.0,0.0,1.0,74.0,0.0,74.0,0.0,0.0,0.0,1.0,74.0,0.0,74.0,0.0,0.0,0.0
1.0,60.0,0.0,1.0,60.0,0.0,1.0,60.0,0.0,1.0,60.0,0.0,1.0,60.0,0.0,1.0,60.0,0.0,1.0,60.0,0.0,1.0,60.0,0.0,1.0,60.0,0.0,1.0,60.0,0.0,1.0,60.0,0.0,60.0,0.0,0.0,0.0,1.0,60.0,0.0,60.0,0.0,0.0,0.0,1.0,60.0,0.0,60.0,0.0,0.0,0.0,1.0,60.0,0.0,60.0,0.0,0.0,0.0,1.0,60.0,0.0,60.0,0.0,0.0,0.0,1.0,1505913468.045374,0.0,1.0,1505913468.045374,0.0,1.0,1505913468.045374,0.0,1.0,1505913468.045374,0.0,1.0,1505913468.045374,0.0,1.0,60.0,0.0,60.0,0.0,0.0,0.0,1.0,60.0,0.0,60.0,0.0,0.0,0.0,1.0,60.0,0.0,60.0,0.0,0.0,0.0,1.0,60.0,0.0,60.0,0.0,0.0,0.0,1.0,60.0,0.0,60.0,0.0,0.0,0.0
1.0,60.0,0.0,1.0,60.0,0.0,1.0,60.0,0.0,1.0,60.0,0.0,1.0,60.0,0.0,1.0,60.0,0.0,1.0,60.0,0.0,1.0,60.0,0.0,1.0,60.0,0.0,1.0,60.0,0.0,1.0,60.0,0.0,60.0,0.0,0.0,0.0,1.0,60.0,0.0,60.0,0.0,0.0,0.0,1.0,60.0,0.0,60.0,0.0,0.0,0.0,1.0,60.0,0.0,60.0,0.0,0.0,0.0,1.0,60.0,0.0,60.0,0.0,0.0,0.0,1.0,1505913581.620415,0.0,1.0,1505913581.620415,0.0,1.0,1505913581.620415,0.0,1.0,1505913581.620415,0.0,1.0,1505913581.620415,0.0,1.0,60.0,0.0,60.0,0.0,0.0,0.0,1.0,60.0,0.0,60.0,0.0,0.0,0.0,1.0,60.0,0.0,60.0,0.0,0.0,0.0,1.0,60.0,0.0,60.0,0.0,0.0,0.0,1.0,60.0,0.0,60.0,0.0,0.0,0.0
1.0,60.0,0.0,1.0,60.0,0.0,1.0,60.0,0.0,1.0,60.0,0.0,1.0,60.0,0.0,1.0,60.0,0.0,1.0,60.0,0.0,1.0,60.0,0.0,1.0,60.0,0.0,1.0,60.0,0.0,1.0,60.0,0.0,60.0,0.0,0.0,0.0,1.0,60.0,0.0,60.0,0.0,0.0,0.0,1.0,60.0,0.0,60.0,0.0,0.0,0.0,1.0,60.0,0.0,60.0,0.0,0.0,0.0,1.0,60.0,0.0,60.0,0.0,0.0,0.0,1.0,1505913459.2459,0.0,1.0,1505913459.2459,0.0,1.0,1505913459.2459,0.0,1.0,1505913459.2459,0.0,1.0,1505913459.2459,0.0,1.0,60.0,0.0,60.0,0.0,0.0,0.0,1.0,60.0,0.0,60.0,0.0,0.0,0.0,1.0,60.0,0.0,60.0,0.0,0.0,0.0,1.0,60.0,0.0,60.0,0.0,0.0,0.0,1.0,60.0,0.0,60.0,0.0,0.0,0.0
1.0,60.0,0.0,1.0,60.0,0.0,1.0,60.0,0.0,1.0,60.0,0.0,1.0,60.0,0.0,1.0,60.0,0.0,1.0,60.0,0.0,1.0,60.0,0.0,1.0,60.0,0.0,1.0,60.0,0.0,1.0,60.0,0.0,60.0,0.0,0.0,0.0,1.0,60.0,0.0,60.0,0.0,0.0,0.0,1.0,60.0,0.0,60.0,0.0,0.0,0.0,1.0,60.0,0.0,60.0,0.0,0.0,0.0,1.0,60.0,0.0,60.0,0.0,0.0,0.0,1.0,1505913479.871268,0.0,1.0,1505913479.871268,0.0,1.0,1505913479.871268,0.0,1.0,1505913479.871268,0.0,1.0,1505913479.871268,0.0,1.0,60.0,0.0,60.0,0.0,0.0,0.0,1.0,60.0,0.0,60.0,0.0,0.0,0.0,1.0,60.0,0.0,60.0,0.0,0.0,0.0,1.0,60.0,0.0,60.0,0.0,0.0,0.0,1.0,60.0,0.0,60.0,0.0,0.0,0.0
1.0,60.0,0.0,1.0,60.0,0.0,1.0,60.0,0.0,1.0,60.0,0.0,1.0,60.0,0.0,1.0,60.0,0.0,1.0,60.0,0.0,1.0,60.0,0.0,1.0,60.0,0.0,1.0,60.0,0.0,1.0,60.0,0.0,60.0,0.0,0.0,0.0,1.0,60.0,0.0,60.0,0.0,0.0,0.0,1.0,60.0,0.0,60.0,0.0,0.0,0.0,1.0,60.0,0.0,60.0,0.0,0.0,0.0,1.0,60.0,0.0,60.0,0.0,0.0,0.0,1.0,1505913575.865289,0.0,1.0,1505913575.865289,0.0,1.0,1505913575.865289,0.0,1.0,1505913575.865289,0.0,1.0,1505913575.865289,0.0,1.0,60.0,0.0,60.0,0.0,0.0,0.0,1.0,60.0,0.0,60.0,0.0,0.0,0.0,1.0,60.0,0.0,60.0,0.0,0.0,0.0,1.0,60.0,0.0,60.0,0.0,0.0,0.0,1.0,60.0,0.0,60.0,0.0,0.0,0.0
1.0,60.0,0.0,1.0,60.0,0.0,1.0,60.0,0.0,1.0,60.0,0.0,1.0,60.0,0.0,1.0,60.0,0.0,1.0,60.0,0.0,1.0,60.0,0.0,1.0,60.0,0.0,1.0,60.0,0.0,1.0,60.0,0.0,60.0,0.0,0.0,0.0,1.0,60.0,0.0,60.0,0.0,0.0,0.0,1.0,60.0,0.0,60.0,0.0,0.0,0.0,1.0,60.0,0.0,60.0,0.0,0.0,0.0,1.0,60.0,0.0,60.0,0.0,0.0,0.0,1.0,1505913541.885958,0.0,1.0,1505913541.885958,0.0,1.0,1505913541.885958,0.0,1.0,1505913541.885958,0.0,1.0,1505913541.885958,0.0,1.0,60.0,0.0,60.0,0.0,0.0,0.0,1.0,60.0,0.0,60.0,0.0,0.0,0.0,1.0,60.0,0.0,60.0,0.0,0.0,0.0,1.0,60.0,0.0,60.0,0.0,0.0,0.0,1.0,60.0,0.0,60.0,0.0,0.0,0.0
1.0,60.0,0.0,1.0,60.0,0.0,1.0,60.0,0.0,1.0,60.0,0.0,1.0,60.0,0.0,1.0,60.0,0.0,1.0,60.0,0.0,1.0,60.0,0.0,1.0,60.0,0.0,1.0,60.0,0.0,1.0,60.0,0.0,60.0,0.0,0.0,0.0,1.0,60.0,0.0,60.0,0.0,0.0,0.0,1.0,60.0,0.0,60.0,0.0,0.0,0.0,1.0,60.0,0.0,60.0,0.0,0.0,0.0,1.0,60.0,0.0,60.0,0.0,0.0,0.0,1.0,1505913426.741833,0.0,1.0,1505913426.741833,0.0,1.0,1505913426.741833,0.0,1.0,1505913426.741833,0.0,1.0,1505913426.741833,0.0,1.0,60.0,0.0,60.0,0.0,0.0,0.0,1.0,60.0,0.0,60.0,0.0,0.0,0.0,1.0,60.0,0.0,60.0,0.0,0.0,0.0,1.0,60.0,0.0,60.0,0.0,0.0,0.0,1.0,60.0,0.0,60.0,0.0,0.0,0.0
1.0,60.0,0.0,1.0,60.0,0.0,1.0,60.0,0.0,1.0,60.0,0.0,1.0,60.0,0.0,1.0,60.0,0.0,1.0,60.0,0.0,1.0,60.0,0.0,1.0,60.0,0.0,1.0,60.0,0.0,1.0,60.0,0.0,60.0,0.0,0.0,0.0,1.0,60.0,0.0,60.0,0.0,0.0,0.0,1.0,60.0,0.0,60.0,0.0,0.0,0.0,1.0,60.0,0.0,60.0,0.0,0.0,0.0,1.0,60.0,0.0,60.0,0.0,0.0,0.0,1.0,1505913566.502665,0.0,1.0,1505913566.502665,0.0,1.0,1505913566.502665,0.0,1.0,1505913566.502665,0.0,1.0,1505913566.502665,0.0,1.0,60.0,0.0,60.0,0.0,0.0,0.0,1.0,60.0,0.0,60.0,0.0,0.0,0.0,1.0,60.0,0.0,60.0,0.0,0.0,0.0,1.0,60.0,0.0,60.0,0.0,0.0,0.0,1.0,60.0,0.0,60.0,0.0,0.0,0.0
181.70477153267845,74.00914790983623,0.219470759273463,294.00668901875787,74.01835850699204,0.4408666649233055,829.608559725167,74.03334230961613,1.1198730156665988,7002.690014066264,74.11441511243304,31.73329137449491,34523.77395142278,74.28583423960859,174.0950950180841,181.70477153267845,74.00914790983623,0.219470759273463,294.00668901875787,74.01835850699204,0.4408666649233055,829.608559725167,74.03334230961613,1.1198730156665988,7002.690014066264,74.11441511243304,31.73329137449491,34523.77395142278,74.28583423960859,174.0950950180841,181.63551149525415,73.99999987870541,0.00130312118916,95.2680428163002,1.6981248336439374e-06,-1.390461068860484e-20,-5.0036732101841504e-12,293.78159999237937,73.99998428726249,0.0148316580690423,95.2680307055577,0.0002199780810769,1.3326871532853377e-18,3.331144149323395e-11,828.4526616432056,73.99883253694814,0.12784021171237,95.26713607971682,0.0163431197306636,1.9263271719056792e-16,4.561123794699283e-10,6982.69752920993,73.99803796607212,0.1657245468189936,95.26651889739765,0.0274646254183608,1.3003039567011014e-16,2.1988415726686928e-10,34418.379950570685,73.9982429281462,0.1568308600937095,95.26667810127957,0.0245959186777326,8.136392216127014e-17,4.734927124104318e-11,181.6355114952541,0.0016179154965065,1.4812683933413669e-05,293.78159999237977,0.0016568651678861,1.6880768573582155e-05,828.4526616432097,0.001751521622827,2.781246405868461e-05,6982.697529210039,392.2244665355397,590653163772.9298,34418.37995056916,23280.130519677183,35057337054496.26,1.0,74.0,0.0,95.26804291051644,0.0,0.0,0.0,1.0,74.0,0.0,95.26804291051644,0.0,0.0,0.0,1.0,74.0,0.0,95.26804291051644,0.0,0.0,0.0,1.0209314157076952,74.00000000000001,9.5367431640625e-07,95.26804291051644,9.094947017729282e-13,0.0,0.0,1.6793285395655104,74.00000000000001,9.5367431640625e-07,95.26804291051644,9.094947017729282e-13,0.0,0.0
1.0,60.0,0.0,1.0,60.0,0.0,1.0,60.0,0.0,1.0,60.0,0.0,1.0,60.0,0.0,1.0,60.0,0.0,1.0,60.0,0.0,1.0,60.0,0.0,1.0,60.0,0.0,1.0,60.0,0.0,1.0,60.0,0.0,60.0,0.0,0.0,0.0,1.0,60.0,0.0,60.0,0.0,0.0,0.0,1.0,60.0,0.0,60.0,0.0,0.0,0.0,1.0,60.0,0.0,60.0,0.0,0.0,0.0,1.0,60.0,0.0,60.0,0.0,0.0,0.0,1.0,1505913550.804288,0.0,1.0,1505913550.804288,0.0,1.0,1505913550.804288,0.0,1.0,1505913550.804288,0.0,1.0,1505913550.804288,0.0,1.0,60.0,0.0,60.0,0.0,0.0,0.0,1.0,60.0,0.0,60.0,0.0,0.0,0.0,1.0,60.0,0.0,60.0,0.0,0.0,0.0,1.0,60.0,0.0,60.0,0.0,0.0,0.0,1.0,60.0,0.0,60.0,0.0,0.0,0.0
1.0,60.0,0.0,1.0,60.0,0.0,1.0,60.0,0.0,1.0,60.0,0.0,1.0,60.0,0.0,1.0,60.0,0.0,1.0,60.0,0.0,1.0,60.0,0.0,1.0,60.0,0.0,1.0,60.0,0.0,1.0,60.0,0.0,60.0,0.0,0.0,0.0,1.0,60.0,0.0,60.0,0.0,0.0,0.0,1.0,60.0,0.0,60.0,0.0,0.0,0.0,1.0,60.0,0.0,60.0,0.0,0.0,0.0,1.0,60.0,0.0,60.0,0.0,0.0,0.0,1.0,1505913462.754357,0.0,1.0,1505913462.754357,0.0,1.0,1505913462.754357,0.0,1.0,1505913462.754357,0.0,1.0,1505913462.754357,0.0,1.0,60.0,0.0,60.0,0.0,0.0,0.0,1.0,60.0,0.0,60.0,0.0,0.0,0.0,1.0,60.0,0.0,60.0,0.0,0.0,0.0,1.0,60.0,0.0,60.0,0.0,0.0,0.0,1.0,60.0,0.0,60.0,0.0,0.0,0.0
1.0,60.0,0.0,1.0,60.0,0.0,1.0,60.0,0.0,1.0,60.0,0.0,1.0,60.0,0.0,1.0,60.0,0.0,1.0,60.0,0.0,1.0,60.0,0.0,1.0,60.0,0.0,1.0,60.0,0.0,1.0,60.0,0.0,60.0,0.0,0.0,0.0,1.0,60.0,0.0,60.0,0.0,0.0,0.0,1.0,60.0,0.0,60.0,0.0,0.0,0.0,1.0,60.0,0.0,60.0,0.0,0.0,0.0,1.0,60.0,0.0,60.0,0.0,0.0,0.0,1.0,1505913460.773296,0.0,1.0,1505913460.773296,0.0,1.0,1505913460.773296,0.0,1.0,1505913460.773296,0.0,1.0,1505913460.773296,0.0,1.0,60.0,0.0,60.0,0.0,0.0,0.0,1.0,60.0,0.0,60.0,0.0,0.0,0.0,1.0,60.0,0.0,60.0,0.0,0.0,0.0,1.0,60.0,0.0,60.0,0.0,0.0,0.0,1.0,60.0,0.0,60.0,0.0,0.0,0.0
163.08785997296584,74.01666097289024,0.3995859166170703,272.4855185176066,74.02645997075425,0.6350971523852422,854.9342176669028,74.03954354423985,2.9245611529495363,4702.089503899721,74.08948047572765,22.90360159209921,6493.300758122484,74.09636509895223,24.86878792839252,163.08785997296584,74.01666097289024,0.3995859166170703,272.4855185176066,74.02645997075425,0.6350971523852422,854.9342176669028,74.03954354423985,2.9245611529495363,4702.089503899721,74.08948047572765,22.90360159209921,6493.300758122484,74.09636509895223,24.86878792839252,162.97464320678233,73.99999999992066,3.337860107421875e-05,95.26804291045478,1.1141443735954684e-09,-3.3220641765987356e-24,-4.2605353696914085e-14,272.1851155003995,73.99999974244817,0.0018988706999353,95.26804271046149,3.605709935075132e-06,1.5285861141629652e-20,3.9791304144516015e-12,853.6384086971416,73.99955461137702,0.0789635508675955,95.26769695275593,0.0062352423656193,8.814992038950143e-17,2.102395029556077e-10,4690.700357263018,73.9961166569868,0.2331345573683554,95.2650265329014,0.054351721839339,1.0808986622998858e-16,1.1153250043721942e-10,6476.149735369902,73.99585838533069,0.2407601554035173,95.2648259232226,0.0579654524299257,1.7383193478031665e-15,1.0706804187415706e-08,162.97464320678233,0.0018207081276374,0.1881864438974349,272.1851155003997,0.0022191675845035,630031.0625076224,853.6384086971462,745.9949052397752,1123400921586.0088,4690.700357263044,147632.95207103688,222300705567409.1,6476.149735369874,215151.9710807936,323954034863241.44,1.0,74.0,0.0,74.0,0.0,0.0,0.0,1.0,74.0,0.0,74.0,0.0,0.0,0.0,1.0,74.0,0.0,74.0,0.0,0.0,0.0,1.0,74.0,0.0,74.0,0.0,0.0,0.0,1.0,74.0,0.0,74.0,0.0,0.0,0.0
133.83478048959216,440.3113010138462,43233.147130906415,213.29774633302563,455.8494982180837,38837.90261886871,625.576826058906,442.48111012509713,42623.22586653981,6123.460980818296,425.0958674158911,47036.67589205648,32482.14690632392,426.90603294895936,46602.31366730529,133.83478048959216,440.3113010138462,43233.147130906415,213.29774633302563,455.8494982180837,38837.90261886871,625.576826058906,442.48111012509713,42623.22586653981,6123.460980818296,425.0958674158911,47036.67589205648,32482.14690632392,426.90603294895936,46602.31366730529,1.0,60.0,0.0,60.0,0.0,0.0,0.0,1.0,60.0,0.0,60.0,0.0,0.0,0.0,1.0,60.0,0.0,60.0,0.0,0.0,0.0,1.0,60.0,0.0,60.0,0.0,0.0,0.0,1.0,60.0,0.0,60.0,0.0,0.0,0.0,1.0,1507656026.584481,0.0,1.0,1507656026.584481,0.0,1.0,1507656026.584481,0.0,1.0,1507656026.584481,0.0,1.0,1507656026.584481,0.0,1.0,60.0,0.0,60.0,0.0,0.0,0.0,1.0,60.0,0.0,60.0,0.0,0.0,0.0,1.0,60.0,0.0,60.0,0.0,0.0,0.0,1.0,60.0,0.0,60.0,0.0,0.0,0.0,1.0,60.0,0.0,60.0,0.0,0.0,0.0
1.0,60.0,0.0,1.0,60.0,0.0,1.0,60.0,0.0,1.0,60.0,0.0,1.0,60.0,0.0,1.0,60.0,0.0,1.0,60.0,0.0,1.0,60.0,0.0,1.0,60.0,0.0,1.0,60.0,0.0,1.0,60.0,0.0,60.0,0.0,0.0,0.0,1.0,60.0,0.0,60.0,0.0,0.0,0.0,1.0,60.0,0.0,60.0,0.0,0.0,0.0,1.0,60.0,0.0,60.0,0.0,0.0,0.0,1.0,60.0,0.0,60.0,0.0,0.0,0.0,1.0,1505913562.881166,0.0,1.0,1505913562.881166,0.0,1.0,1505913562.881166,0.0,1.0,1505913562.881166,0.0,1.0,1505913562.881166,0.0,1.0,60.0,0.0,60.0,0.0,0.0,0.0,1.0,60.0,0.0,60.0,0.0,0.0,0.0,1.0,60.0,0.0,60.0,0.0,0.0,0.0,1.0,60.0,0.0,60.0,0.0,0.0,0.0,1.0,60.0,0.0,60.0,0.0,0.0,0.0
164.5353560935263,254.81956037775316,58286.20172082487,242.05545171658105,305.88192253543303,61007.74988318863,626.1726630267068,379.40056077584177,55767.103498936485,6199.759301952601,421.17099915394544,47965.63989024269,52924.75829964192,426.5521542843301,46691.84097899353,164.5353560935263,254.81956037775316,58286.20172082487,242.05545171658105,305.88192253543303,61007.74988318863,626.1726630267068,379.40056077584177,55767.103498936485,6199.759301952601,421.17099915394544,47965.63989024269,52924.75829964192,426.5521542843301,46691.84097899353,1.0,60.0,0.0,60.0,0.0,0.0,0.0,1.0,60.0,0.0,60.0,0.0,0.0,0.0,1.0,60.0,0.0,60.0,0.0,0.0,0.0,1.0,60.0,0.0,60.0,0.0,0.0,0.0,1.0,60.0,0.0,60.0,0.0,0.0,0.0,1.0,1507656179.51198,0.0,1.0,1507656179.51198,0.0,1.0,1507656179.51198,0.0,1.0,1507656179.51198,0.0,1.0,1507656179.51198,0.0,1.0,60.0,0.0,60.0,0.0,0.0,0.0,1.0,60.0,0.0,60.0,0.0,0.0,0.0,1.0,60.0,0.0,60.0,0.0,0.0,0.0,1.0,60.0,0.0,60.0,0.0,0.0,0.0,1.0,60.0,0.0,60.0,0.0,0.0,0.0
1.0,60.0,0.0,1.0,60.0,0.0,1.0,60.0,0.0,1.0,60.0,0.0,1.0,60.0,0.0,1.0,60.0,0.0,1.0,60.0,0.0,1.0,60.0,0.0,1.0,60.0,0.0,1.0,60.0,0.0,1.0,60.0,0.0,60.0,0.0,0.0,0.0,1.0,60.0,0.0,60.0,0.0,0.0,0.0,1.0,60.0,0.0,60.0,0.0,0.0,0.0,1.0,60.0,0.0,60.0,0.0,0.0,0.0,1.0,60.0,0.0,60.0,0.0,0.0,0.0,1.0,1505913468.423992,0.0,1.0,1505913468.423992,0.0,1.0,1505913468.423992,0.0,1.0,1505913468.423992,0.0,1.0,1505913468.423992,0.0,1.0,60.0,0.0,60.0,0.0,0.0,0.0,1.0,60.0,0.0,60.0,0.0,0.0,0.0,1.0,60.0,0.0,60.0,0.0,0.0,0.0,1.0,60.0,0.0,60.0,0.0,0.0,0.0,1.0,60.0,0.0,60.0,0.0,0.0,0.0
1.0,60.0,0.0,1.0,60.0,0.0,1.0,60.0,0.0,1.0,60.0,0.0,1.0,60.0,0.0,1.0,60.0,0.0,1.0,60.0,0.0,1.0,60.0,0.0,1.0,60.0,0.0,1.0,60.0,0.0,1.0,60.0,0.0,60.0,0.0,0.0,0.0,1.0,60.0,0.0,60.0,0.0,0.0,0.0,1.0,60.0,0.0,60.0,0.0,0.0,0.0,1.0,60.0,0.0,60.0,0.0,0.0,0.0,1.0,60.0,0.0,60.0,0.0,0.0,0.0,1.0,1505913453.034358,0.0,1.0,1505913453.034358,0.0,1.0,1505913453.034358,0.0,1.0,1505913453.034358,0.0,1.0,1505913453.034358,0.0,1.0,60.0,0.0,60.0,0.0,0.0,0.0,1.0,60.0,0.0,60.0,0.0,0.0,0.0,1.0,60.0,0.0,60.0,0.0,0.0,0.0,1.0,60.0,0.0,60.0,0.0,0.0,0.0,1.0,60.0,0.0,60.0,0.0,0.0,0.0
166.47291453497542,73.93369255110845,4.4832403587197405,273.3055070342503,74.04443632600366,68.41962772791521,799.2149901917641,75.00725515823673,834.9249782473735,7523.204609780722,74.61799888859183,474.0405039854222,38457.77030039308,74.36856749621364,249.23942958579937,166.47291453497542,73.93369255110845,4.4832403587197405,273.3055070342503,74.04443632600366,68.41962772791521,799.2149901917641,75.00725515823673,834.9249782473735,7523.204609780722,74.61799888859183,474.0405039854222,38457.77030039308,74.36856749621364,249.23942958579937,165.54063468617724,73.99966207314677,0.0687812602416952,95.26778042412828,0.0047308617604358,2.3408676696471048e-17,1.6822881702721802e-10,272.1900149773877,73.99812838974215,0.1618611771964572,95.26658913378164,0.0261990406834229,2.7337487511572353e-16,7.920102718210416e-10,796.2702382067292,73.99417366765606,0.2855428280661633,95.26351734404544,0.0815347066600225,-3.111404004161103e-17,-4.039615868483703e-11,7501.143046200129,73.99761201853556,0.1828278918136592,95.2661880440576,0.033426038025027,7.798544796646873e-17,1.1011058270052855e-10,38342.517446271966,73.99820247612243,0.1586256702982848,95.26664668023751,0.0251621032775801,3.3872536659493124e-16,3.9276473221871246e-10,165.5406346861772,0.0017893543722576,2.488813515116789e-05,272.1900149773877,0.0017955056671005,2.5332757623841444e-05,796.2702382067313,0.0018224778133576,2.784921176087158e-05,7501.143046200224,143.28766628802137,215776026263.8348,38342.51744627042,19031.48598129646,28659422194208.18,1.0,74.0,0.0,95.26804291051644,0.0,0.0,0.0,1.0,74.0,0.0,95.26804291051644,0.0,0.0,0.0,1.0,74.0,0.0,95.26804291051644,0.0,0.0,0.0,1.0203421448847616,74.0,0.0,95.26804291051644,0.0,0.0,0.0,1.6773913932558242,74.0,9.5367431640625e-07,95.26804291051644,9.094947017729282e-13,0.0,0.0
179.1755489917847,74.01046373715936,0.2510202325820501,289.9871745738808,74.01999196019024,0.4794369522996931,854.6637017323062,74.03251776164471,0.7969033669405692,7657.74725996365,74.06243963952788,9.33123251339839,17770.661940659887,74.07749018692819,15.06436393011336,179.1755489917847,74.01046373715936,0.2510202325820501,289.9871745738808,74.01999196019024,0.4794369522996931,854.6637017323062,74.03251776164471,0.7969033669405692,7657.74725996365,74.06243963952788,9.33123251339839,17770.661940659887,74.07749018692819,15.06436393011336,179.09743040869552,73.99999999919535,0.0001060938566984,95.26804290989143,1.125590687925932e-08,-9.697868103765576e-23,-5.12332524583714e-13,289.7456063309985,73.99999922076674,0.0033029205797105,95.26804230524247,1.0909284355880158e-05,6.962441576496304e-20,6.664491273469865e-12,853.4911414871359,73.99958557320436,0.076169569977572,95.26772100247808,0.0058018033905682,-3.937943706885685e-18,-1.5649385542912207e-11,7640.652404917195,73.99823761896391,0.1570675918436332,95.26667397738107,0.0246702284075581,1.4114652005001972e-16,3.561512584206124e-10,17723.396086001132,73.99794566345534,0.1695773901861819,95.26644720158124,0.0287564912623565,2.940411549391612e-16,2.7104027491784686e-10,179.0974304086955,0.001672341027559,3.456608498614204e-05,289.7456063309988,0.0016939335913141,3.123670029355671e-05,853.4911414871385,0.0018102406387337,163966.98730691386,7640.652404917273,18780.41723211471,28281334672063.14,17723.396086000757,67167.12202171037,101143383652107.2,1.0,74.0,0.0,74.0,0.0,0.0,0.0,1.0,74.0,0.0,74.0,0.0,0.0,0.0,1.0,74.0,0.0,74.0,0.0,0.0,0.0,1.0,74.0,0.0,74.0,0.0,0.0,0.0,1.0,74.0,0.0,74.0,0.0,0.0,0.0
1.0,60.0,0.0,1.0,60.0,0.0,1.0,60.0,0.0,1.0,60.0,0.0,1.0,60.0,0.0,1.0,60.0,0.0,1.0,60.0,0.0,1.0,60.0,0.0,1.0,60.0,0.0,1.0,60.0,0.0,1.0,60.0,0.0,60.0,0.0,0.0,0.0,1.0,60.0,0.0,60.0,0.0,0.0,0.0,1.0,60.0,0.0,60.0,0.0,0.0,0.0,1.0,60.0,0.0,60.0,0.0,0.0,0.0,1.0,60.0,0.0,60.0,0.0,0.0,0.0,1.0,1505913446.227095,0.0,1.0,1505913446.227095,0.0,1.0,1505913446.227095,0.0,1.0,1505913446.227095,0.0,1.0,1505913446.227095,0.0,1.0,60.0,0.0,60.0,0.0,0.0,0.0,1.0,60.0,0.0,60.0,0.0,0.0,0.0,1.0,60.0,0.0,60.0,0.0,0.0,0.0,1.0,60.0,0.0,60.0,0.0,0.0,0.0,1.0,60.0,0.0,60.0,0.0,0.0,0.0
1.0,60.0,0.0,1.0,60.0,0.0,1.0,60.0,0.0,1.0,60.0,0.0,1.0,60.0,0.0,1.0,60.0,0.0,1.0,60.0,0.0,1.0,60.0,0.0,1.0,60.0,0.0,1.0,60.0,0.0,1.0,60.0,0.0,60.0,0.0,0.0,0.0,1.0,60.0,0.0,60.0,0.0,0.0,0.0,1.0,60.0,0.0,60.0,0.0,0.0,0.0,1.0,60.0,0.0,60.0,0.0,0.0,0.0,1.0,60.0,0.0,60.0,0.0,0.0,0.0,1.0,1505913580.889197,0.0,1.0,1505913580.889197,0.0,1.0,1505913580.889197,0.0,1.0,1505913580.889197,0.0,1.0,1505913580.889197,0.0,1.0,60.0,0.0,60.0,0.0,0.0,0.0,1.0,60.0,0.0,60.0,0.0,0.0,0.0,1.0,60.0,0.0,60.0,0.0,0.0,0.0,1.0,60.0,0.0,60.0,0.0,0.0,0.0,1.0,60.0,0.0,60.0,0.0,0.0,0.0
1.0,60.0,0.0,1.0,60.0,0.0,1.0,60.0,0.0,1.0,60.0,0.0,1.0,60.0,0.0,1.0,60.0,0.0,1.0,60.0,0.0,1.0,60.0,0.0,1.0,60.0,0.0,1.0,60.0,0.0,1.0,60.0,0.0,60.0,0.0,0.0,0.0,1.0,60.0,0.0,60.0,0.0,0.0,0.0,1.0,60.0,0.0,60.0,0.0,0.0,0.0,1.0,60.0,0.0,60.0,0.0,0.0,0.0,1.0,60.0,0.0,60.0,0.0,0.0,0.0,1.0,1505913451.715438,0.0,1.0,1505913451.715438,0.0,1.0,1505913451.715438,0.0,1.0,1505913451.715438,0.0,1.0,1505913451.715438,0.0,1.0,60.0,0.0,60.0,0.0,0.0,0.0,1.0,60.0,0.0,60.0,0.0,0.0,0.0,1.0,60.0,0.0,60.0,0.0,0.0,0.0,1.0,60.0,0.0,60.0,0.0,0.0,0.0,1.0,60.0,0.0,60.0,0.0,0.0,0.0
74.91888467674237,74.23311569844726,5.540433867516185,109.19250819786907,74.20219209786309,4.812259056360745,229.23187922776268,74.21469976931232,13.480659262309928,1223.830780507399,75.72628088589553,824.2100171221364,8222.469441551293,76.62536921292715,1661.7310086468806,74.91888467674237,74.23311569844726,5.540433867516185,109.19250819786907,74.20219209786309,4.812259056360745,229.23187922776268,74.21469976931232,13.480659262309928,1223.830780507399,75.72628088589553,824.2100171221364,8222.469441551293,76.62536921292715,1661.7310086468806,1.0000000008972767,74.00000000000001,9.5367431640625e-07,74.00000000000001,9.094947017729282e-13,0.0,0.0,1.0000037374889306,74.0,0.0,74.0,0.0,0.0,0.0,1.0174355697181972,74.00000000000001,1.3486991523486091e-06,74.00000000000001,1.8189894035458565e-12,0.0,0.0,2.19441704337602,73.99999999999999,1.3486991523486091e-06,73.99999999999999,1.8189894035458565e-12,0.0,0.0,2.8985869459209863,74.0,0.0,74.0,0.0,0.0,0.0,1.0000000008972767,6.010794078756452,60195.89210763584,1.0000037374889306,16.779820677186006,16217294187.904297,1.0174355697181972,2851591.385155532,4286108041483841.0,2.19441704337602,367248529.1823592,4.181728521845658e+17,2.8985869459209863,488046824.8537055,4.967663576338488e+17,1.0000000008972767,74.00000000000001,9.5367431640625e-07,74.00000000000001,9.094947017729282e-13,0.0,0.0,1.0000037374889306,74.0,0.0,74.0,0.0,0.0,0.0,1.0174355697181972,74.00000000000001,1.3486991523486091e-06,74.00000000000001,1.8189894035458565e-12,0.0,0.0,2.19441704337602,73.99999999999999,1.3486991523486091e-06,73.99999999999999,1.8189894035458565e-12,0.0,0.0,2.8985869459209863,74.0,0.0,74.0,0.0,0.0,0.0
1.0,60.0,0.0,1.0,60.0,0.0,1.0,60.0,0.0,1.0,60.0,0.0,1.0,60.0,0.0,1.0,60.0,0.0,1.0,60.0,0.0,1.0,60.0,0.0,1.0,60.0,0.0,1.0,60.0,0.0,1.0,60.0,0.0,60.0,0.0,0.0,0.0,1.0,60.0,0.0,60.0,0.0,0.0,0.0,1.0,60.0,0.0,60.0,0.0,0.0,0.0,1.0,60.0,0.0,60.0,0.0,0.0,0.0,1.0,60.0,0.0,60.0,0.0,0.0,0.0,1.0,1505913475.395592,0.0,1.0,1505913475.395592,0.0,1.0,1505913475.395592,0.0,1.0,1505913475.395592,0.0,1.0,1505913475.395592,0.0,1.0,60.0,0.0,60.0,0.0,0.0,0.0,1.0,60.0,0.0,60.0,0.0,0.0,0.0,1.0,60.0,0.0,60.0,0.0,0.0,0.0,1.0,60.0,0.0,60.0,0.0,0.0,0.0,1.0,60.0,0.0,60.0,0.0,0.0,0.0
1.0,60.0,0.0,1.0,60.0,0.0,1.0,60.0,0.0,1.0,60.0,0.0,1.0,60.0,0.0,1.0,60.0,0.0,1.0,60.0,0.0,1.0,60.0,0.0,1.0,60.0,0.0,1.0,60.0,0.0,1.0,60.0,0.0,60.0,0.0,0.0,0.0,1.0,60.0,0.0,60.0,0.0,0.0,0.0,1.0,60.0,0.0,60.0,0.0,0.0,0.0,1.0,60.0,0.0,60.0,0.0,0.0,0.0,1.0,60.0,0.0,60.0,0.0,0.0,0.0,1.0,1505913551.510902,0.0,1.0,1505913551.510902,0.0,1.0,1505913551.510902,0.0,1.0,1505913551.510902,0.0,1.0,1505913551.510902,0.0,1.0,60.0,0.0,60.0,0.0,0.0,0.0,1.0,60.0,0.0,60.0,0.0,0.0,0.0,1.0,60.0,0.0,60.0,0.0,0.0,0.0,1.0,60.0,0.0,60.0,0.0,0.0,0.0,1.0,60.0,0.0,60.0,0.0,0.0,0.0
1.0,60.0,0.0,1.0,60.0,0.0,1.0,60.0,0.0,1.0,60.0,0.0,1.0,60.0,0.0,1.0,60.0,0.0,1.0,60.0,0.0,1.0,60.0,0.0,1.0,60.0,0.0,1.0,60.0,0.0,1.0,60.0,0.0,60.0,0.0,0.0,0.0,1.0,60.0,0.0,60.0,0.0,0.0,0.0,1.0,60.0,0.0,60.0,0.0,0.0,0.0,1.0,60.0,0.0,60.0,0.0,0.0,0.0,1.0,60.0,0.0,60.0,0.0,0.0,0.0,1.0,1505913428.726643,0.0,1.0,1505913428.726643,0.0,1.0,1505913428.726643,0.0,1.0,1505913428.726643,0.0,1.0,1505913428.726643,0.0,1.0,60.0,0.0,60.0,0.0,0.0,0.0,1.0,60.0,0.0,60.0,0.0,0.0,0.0,1.0,60.0,0.0,60.0,0.0,0.0,0.0,1.0,60.0,0.0,60.0,0.0,0.0,0.0,1.0,60.0,0.0,60.0,0.0,0.0,0.0
1.0,60.0,0.0,1.0,60.0,0.0,1.0,60.0,0.0,1.0,60.0,0.0,1.0,60.0,0.0,1.0,60.0,0.0,1.0,60.0,0.0,1.0,60.0,0.0,1.0,60.0,0.0,1.0,60.0,0.0,1.0,60.0,0.0,60.0,0.0,0.0,0.0,1.0,60.0,0.0,60.0,0.0,0.0,0.0,1.0,60.0,0.0,60.0,0.0,0.0,0.0,1.0,60.0,0.0,60.0,0.0,0.0,0.0,1.0,60.0,0.0,60.0,0.0,0.0,0.0,1.0,1505913463.677286,0.0,1.0,1505913463.677286,0.0,1.0,1505913463.677286,0.0,1.0,1505913463.677286,0.0,1.0,1505913463.677286,0.0,1.0,60.0,0.0,60.0,0.0,0.0,0.0,1.0,60.0,0.0,60.0,0.0,0.0,0.0,1.0,60.0,0.0,60.0,0.0,0.0,0.0,1.0,60.0,0.0,60.0,0.0,0.0,0.0,1.0,60.0,0.0,60.0,0.0,0.0,0.0
1.0,60.0,0.0,1.0,60.0,0.0,1.0,60.0,0.0,1.0,60.0,0.0,1.0,60.0,0.0,1.0,60.0,0.0,1.0,60.0,0.0,1.0,60.0,0.0,1.0,60.0,0.0,1.0,60.0,0.0,1.0,60.0,0.0,60.0,0.0,0.0,0.0,1.0,60.0,0.0,60.0,0.0,0.0,0.0,1.0,60.0,0.0,60.0,0.0,0.0,0.0,1.0,60.0,0.0,60.0,0.0,0.0,0.0,1.0,60.0,0.0,60.0,0.0,0.0,0.0,1.0,1505913472.863302,0.0,1.0,1505913472.863302,0.0,1.0,1505913472.863302,0.0,1.0,1505913472.863302,0.0,1.0,1505913472.863302,0.0,1.0,60.0,0.0,60.0,0.0,0.0,0.0,1.0,60.0,0.0,60.0,0.0,0.0,0.0,1.0,60.0,0.0,60.0,0.0,0.0,0.0,1.0,60.0,0.0,60.0,0.0,0.0,0.0,1.0,60.0,0.0,60.0,0.0,0.0,0.0
42.111283756585706,74.02181747509883,0.5231440774732619,73.90644931151289,74.0511819965824,1.2284668592292292,185.6896007573856,74.164728146008,11.550826525493903,1164.7378913621892,74.84098480317483,249.50874545009535,8395.176430722378,76.29305162155137,1401.3457544595367,42.111283756585706,74.02181747509883,0.5231440774732619,73.90644931151289,74.0511819965824,1.2284668592292292,185.6896007573856,74.164728146008,11.550826525493903,1164.7378913621892,74.84098480317483,249.50874545009535,8395.176430722378,76.29305162155137,1401.3457544595367,1.0000000008983618,74.0,0.0,74.0,0.0,0.0,0.0,1.0000037405061053,74.0,9.5367431640625e-07,74.0,9.094947017729282e-13,0.0,0.0,1.0174672861029663,74.0,0.0,74.0,0.0,0.0,0.0,2.1952049529080067,74.00000000000001,9.5367431640625e-07,74.00000000000001,9.094947017729282e-13,0.0,0.0,2.8987246873820816,74.00000000000001,1.3486991523486091e-06,74.00000000000001,1.8189894035458565e-12,0.0,0.0,1.0000000008983618,6.010448975116013,64694.81780223428,1.0000037405061053,17.255411155033332,16934016647.85493,1.0174672861029663,2892905.683996865,4348086520775876.0,2.1952049529080067,367646315.6847738,4.184795614056496e+17,2.8987246873820816,488093997.02199817,4.967913595496613e+17,1.0000000008983618,74.0,0.0,74.0,0.0,0.0,0.0,1.0000037405061053,74.0,9.5367431640625e-07,74.0,9.094947017729282e-13,0.0,0.0,1.0174672861029663,74.0,0.0,74.0,0.0,0.0,0.0,2.1952049529080067,74.00000000000001,9.5367431640625e-07,74.00000000000001,9.094947017729282e-13,0.0,0.0,2.8987246873820816,74.00000000000001,1.3486991523486091e-06,74.00000000000001,1.8189894035458565e-12,0.0,0.0
1.0,60.0,0.0,1.0,60.0,0.0,1.0,60.0,0.0,1.0,60.0,0.0,1.0,60.0,0.0,1.0,60.0,0.0,1.0,60.0,0.0,1.0,60.0,0.0,1.0,60.0,0.0,1.0,60.0,0.0,1.0,60.0,0.0,60.0,0.0,0.0,0.0,1.0,60.0,0.0,60.0,0.0,0.0,0.0,1.0,60.0,0.0,60.0,0.0,0.0,0.0,1.0,60.0,0.0,60.0,0.0,0.0,0.0,1.0,60.0,0.0,60.0,0.0,0.0,0.0,1.0,1505913573.858835,0.0,1.0,1505913573.858835,0.0,1.0,1505913573.858835,0.0,1.0,1505913573.858835,0.0,1.0,1505913573.858835,0.0,1.0,60.0,0.0,60.0,0.0,0.0,0.0,1.0,60.0,0.0,60.0,0.0,0.0,0.0,1.0,60.0,0.0,60.0,0.0,0.0,0.0,1.0,60.0,0.0,60.0,0.0,0.0,0.0,1.0,60.0,0.0,60.0,0.0,0.0,0.0
152.05911306175076,74.03812474083651,1.0472247249936115,257.5032606581516,74.05484997469328,3.849251219007783,790.5454370111905,74.15553138132421,30.35329367740087,3813.815298471575,74.14933392440074,30.194223193717328,5029.696037406629,74.13828352346124,26.96820903848857,152.05911306175076,74.03812474083651,1.0472247249936115,257.5032606581516,74.05484997469328,3.849251219007783,790.5454370111905,74.15553138132421,30.35329367740087,3813.815298471575,74.14933392440074,30.194223193717328,5029.696037406629,74.13828352346124,26.96820903848857,151.82086988389784,73.99999995182772,0.000821232094891,95.26804287309828,6.744221537909535e-07,7.530068461254674e-21,2.6167729385694093e-12,257.0205292889436,73.99998777332465,0.0130833210365511,95.2680334133764,0.0001711732893454,4.2440385432483613e-19,1.2856187996114479e-11,788.6250313647544,73.99828746736945,0.1548306302115785,95.26671269705622,0.0239725240517145,-1.9514961154632988e-16,-5.635460085750783e-10,3802.4471110069153,73.99456212741919,0.2758634547900676,95.26381907328984,0.0761006456887116,3.0467885155181308e-15,1.6378082340972672e-08,5014.263938316313,73.99458268300546,0.2753417704725405,95.26383503949516,0.0758130905669531,-1.311325243911771e-15,-1.1937660126170091e-09,151.82086988389773,0.0019702132280077,111.0030030418762,257.02052928894346,0.0214317173772608,29394902.585606687,788.625031364757,2851.957766491713,4294793143766.01,3802.4471110069135,206613.35785786528,311099322958300.8,5014.263938316295,281407.2014371412,423695942294485.8,1.0,74.0,0.0,74.0,0.0,0.0,0.0,1.0,74.0,0.0,74.0,0.0,0.0,0.0,1.0,74.0,0.0,74.0,0.0,0.0,0.0,1.0,74.0,0.0,74.0,0.0,0.0,0.0,1.0,74.0,0.0,74.0,0.0,0.0,0.0
1.0,60.0,0.0,1.0,60.0,0.0,1.0,60.0,0.0,1.0,60.0,0.0,1.0,60.0,0.0,1.0,60.0,0.0,1.0,60.0,0.0,1.0,60.0,0.0,1.0,60.0,0.0,1.0,60.0,0.0,1.0,60.0,0.0,60.0,0.0,0.0,0.0,1.0,60.0,0.0,60.0,0.0,0.0,0.0,1.0,60.0,0.0,60.0,0.0,0.0,0.0,1.0,60.0,0.0,60.0,0.0,0.0,0.0,1.0,60.0,0.0,60.0,0.0,0.0,0.0,1.0,1505913434.1781151,0.0,1.0,1505913434.1781151,0.0,1.0,1505913434.1781151,0.0,1.0,1505913434.1781151,0.0,1.0,1505913434.1781151,0.0,1.0,60.0,0.0,60.0,0.0,0.0,0.0,1.0,60.0,0.0,60.0,0.0,0.0,0.0,1.0,60.0,0.0,60.0,0.0,0.0,0.0,1.0,60.0,0.0,60.0,0.0,0.0,0.0,1.0,60.0,0.0,60.0,0.0,0.0,0.0
189.74159385189475,74.08474648038734,2.028599833147382,306.07517802292284,74.06910778357016,1.8144905174458472,862.1413316734813,74.10050656955191,21.66025778691801,7786.404985022237,74.44913160310476,307.9445821394038,40350.79289293005,74.35185555837283,230.5555703101381,189.74159385189475,74.08474648038734,2.028599833147382,306.07517802292284,74.06910778357016,1.8144905174458472,862.1413316734813,74.10050656955191,21.66025778691801,7786.404985022237,74.44913160310476,307.9445821394038,40350.79289293005,74.35185555837283,230.5555703101381,189.07124860454635,73.99999999999997,1.6518123698891422e-06,95.2680429105164,5.69796797487546e-12,2.3317714449146768e-27,6.311663459238943e-16,305.18851702730564,73.99999999705871,0.0002029176030643,95.26804290823178,4.117555363336579e-08,-3.5382552972849536e-22,0.0,859.7869321599771,73.99993482669935,0.0302063232023079,95.26799228678928,0.0009124219614022,8.632062254382516e-18,2.1188568380219449e-10,7761.956320336714,73.99851615790905,0.1441235144253314,95.26689033222556,0.0207715874103087,2.4045357253675253e-16,3.092582644691846e-10,40227.831104760335,73.99836073667755,0.151482670125259,95.26676960890128,0.022946999348278,3.0366849666825557e-16,4.954507024955758e-10,189.0712486045464,0.0015582141163348,1.7002780704465167e-05,305.188517027306,0.0016008340559617,2.26171011004463e-05,859.7869321599832,0.0016899207392419,3.230855924018177e-05,7761.956320336792,89.03664425434667,134078746591.0362,40227.8311047585,17355.884735611555,26136171274535.52,1.0,74.0,0.0,95.26804291051644,0.0,0.0,0.0,1.0,74.0,0.0,95.26804291051644,0.0,0.0,0.0,1.0,74.0,0.0,95.26804291051644,0.0,0.0,0.0,1.0205695748126928,74.0,0.0,95.26804291051644,4.547473508864641e-13,0.0,0.0,2.1413925071369544,74.0,0.0,95.26804291051644,9.094947017729282e-13,0.0,0.0
1.0,60.0,0.0,1.0,60.0,0.0,1.0,60.0,0.0,1.0,60.0,0.0,1.0,60.0,0.0,1.0,60.0,0.0,1.0,60.0,0.0,1.0,60.0,0.0,1.0,60.0,0.0,1.0,60.0,0.0,1.0,60.0,0.0,60.0,0.0,0.0,0.0,1.0,60.0,0.0,60.0,0.0,0.0,0.0,1.0,60.0,0.0,60.0,0.0,0.0,0.0,1.0,60.0,0.0,60.0,0.0,0.0,0.0,1.0,60.0,0.0,60.0,0.0,0.0,0.0,1.0,1505913452.645459,0.0,1.0,1505913452.645459,0.0,1.0,1505913452.645459,0.0,1.0,1505913452.645459,0.0,1.0,1505913452.645459,0.0,1.0,60.0,0.0,60.0,0.0,0.0,0.0,1.0,60.0,0.0,60.0,0.0,0.0,0.0,1.0,60.0,0.0,60.0,0.0,0.0,0.0,1.0,60.0,0.0,60.0,0.0,0.0,0.0,1.0,60.0,0.0,60.0,0.0,0.0,0.0
1.0,60.0,0.0,1.0,60.0,0.0,1.0,60.0,0.0,1.0,60.0,0.0,1.0,60.0,0.0,1.0,60.0,0.0,1.0,60.0,0.0,1.0,60.0,0.0,1.0,60.0,0.0,1.0,60.0,0.0,1.0,60.0,0.0,60.0,0.0,0.0,0.0,1.0,60.0,0.0,60.0,0.0,0.0,0.0,1.0,60.0,0.0,60.0,0.0,0.0,0.0,1.0,60.0,0.0,60.0,0.0,0.0,0.0,1.0,60.0,0.0,60.0,0.0,0.0,0.0,1.0,1505913464.69856,0.0,1.0,1505913464.69856,0.0,1.0,1505913464.69856,0.0,1.0,1505913464.69856,0.0,1.0,1505913464.69856,0.0,1.0,60.0,0.0,60.0,0.0,0.0,0.0,1.0,60.0,0.0,60.0,0.0,0.0,0.0,1.0,60.0,0.0,60.0,0.0,0.0,0.0,1.0,60.0,0.0,60.0,0.0,0.0,0.0,1.0,60.0,0.0,60.0,0.0,0.0,0.0
1.0,60.0,0.0,1.0,60.0,0.0,1.0,60.0,0.0,1.0,60.0,0.0,1.0,60.0,0.0,1.0,60.0,0.0,1.0,60.0,0.0,1.0,60.0,0.0,1.0,60.0,0.0,1.0,60.0,0.0,1.0,60.0,0.0,60.0,0.0,0.0,0.0,1.0,60.0,0.0,60.0,0.0,0.0,0.0,1.0,60.0,0.0,60.0,0.0,0.0,0.0,1.0,60.0,0.0,60.0,0.0,0.0,0.0,1.0,60.0,0.0,60.0,0.0,0.0,0.0,1.0,1505913582.353808,0.0,1.0,1505913582.353808,0.0,1.0,1505913582.353808,0.0,1.0,1505913582.353808,0.0,1.0,1505913582.353808,0.0,1.0,60.0,0.0,60.0,0.0,0.0,0.0,1.0,60.0,0.0,60.0,0.0,0.0,0.0,1.0,60.0,0.0,60.0,0.0,0.0,0.0,1.0,60.0,0.0,60.0,0.0,0.0,0.0,1.0,60.0,0.0,60.0,0.0,0.0,0.0
192.3931475339215,74.09869033013547,2.359181994114806,310.5409535616276,74.07460391441728,1.7928359465813628,884.59745799649,74.0477662728468,1.255755141050031,7493.16883765007,74.06995755592132,11.344660028390535,16500.76357259176,74.08210369725953,16.461853218193937,192.3931475339215,74.09869033013547,2.359181994114806,310.5409535616276,74.07460391441728,1.7928359465813628,884.59745799649,74.0477662728468,1.255755141050031,7493.16883765007,74.06995755592132,11.344660028390535,16500.76357259176,74.08210369725953,16.461853218193937,191.60193358428305,73.99999064964854,0.0114413652748392,95.26803564757736,0.0001309048393522,1.488293258970019e-18,4.6784405382214075e-11,309.5729454849305,73.99979125075791,0.0540596505753749,95.26788076343335,0.0029224458203316,-1.1239883463108062e-17,-8.240232535683478e-11,882.740853842158,73.99735932572713,0.1922562525571277,95.26599176611124,0.03696246664731,-1.601469812516023e-16,-3.0881131423375164e-10,7474.74176940226,73.9978246748461,0.1744987678761112,95.26635322404884,0.0304498199902809,-2.0914145454078792e-17,-3.141866164812378e-11,16454.618443703454,73.99774513922816,0.1776596924230903,95.26629144503411,0.031562966311867,3.261877434285752e-16,2.709149407094317e-10,191.601933584283,0.0015561410289844,2.8865993847477875e-05,309.57294548493013,0.0015869118166387,3.125453559204885e-05,882.7408538421604,0.002339603287225,1044776.5675125612,7474.741769402325,23180.86296803421,34907842094252.97,16454.618443703224,73723.31892525239,111015527504210.6,1.0,74.0,0.0,74.0,0.0,0.0,0.0,1.0,74.0,0.0,74.0,0.0,0.0,0.0,1.0,74.0,0.0,74.0,0.0,0.0,0.0,1.0,74.0,0.0,74.0,0.0,0.0,0.0,1.0,74.0,0.0,74.0,0.0,0.0,0.0
1.0,60.0,0.0,1.0,60.0,0.0,1.0,60.0,0.0,1.0,60.0,0.0,1.0,60.0,0.0,1.0,60.0,0.0,1.0,60.0,0.0,1.0,60.0,0.0,1.0,60.0,0.0,1.0,60.0,0.0,1.0,60.0,0.0,60.0,0.0,0.0,0.0,1.0,60.0,0.0,60.0,0.0,0.0,0.0,1.0,60.0,0.0,60.0,0.0,0.0,0.0,1.0,60.0,0.0,60.0,0.0,0.0,0.0,1.0,60.0,0.0,60.0,0.0,0.0,0.0,1.0,1505913539.644072,0.0,1.0,1505913539.644072,0.0,1.0,1505913539.644072,0.0,1.0,1505913539.644072,0.0,1.0,1505913539.644072,0.0,1.0,60.0,0.0,60.0,0.0,0.0,0.0,1.0,60.0,0.0,60.0,0.0,0.0,0.0,1.0,60.0,0.0,60.0,0.0,0.0,0.0,1.0,60.0,0.0,60.0,0.0,0.0,0.0,1.0,60.0,0.0,60.0,0.0,0.0,0.0
1.0,60.0,0.0,1.0,60.0,0.0,1.0,60.0,0.0,1.0,60.0,0.0,1.0,60.0,0.0,1.0,60.0,0.0,1.0,60.0,0.0,1.0,60.0,0.0,1.0,60.0,0.0,1.0,60.0,0.0,1.0,60.0,0.0,60.0,0.0,0.0,0.0,1.0,60.0,0.0,60.0,0.0,0.0,0.0,1.0,60.0,0.0,60.0,0.0,0.0,0.0,1.0,60.0,0.0,60.0,0.0,0.0,0.0,1.0,60.0,0.0,60.0,0.0,0.0,0.0,1.0,1505913581.0474892,0.0,1.0,1505913581.0474892,0.0,1.0,1505913581.0474892,0.0,1.0,1505913581.0474892,0.0,1.0,1505913581.0474892,0.0,1.0,60.0,0.0,60.0,0.0,0.0,0.0,1.0,60.0,0.0,60.0,0.0,0.0,0.0,1.0,60.0,0.0,60.0,0.0,0.0,0.0,1.0,60.0,0.0,60.0,0.0,0.0,0.0,1.0,60.0,0.0,60.0,0.0,0.0,0.0
1.0,60.0,0.0,1.0,60.0,0.0,1.0,60.0,0.0,1.0,60.0,0.0,1.0,60.0,0.0,1.0,60.0,0.0,1.0,60.0,0.0,1.0,60.0,0.0,1.0,60.0,0.0,1.0,60.0,0.0,1.0,60.0,0.0,60.0,0.0,0.0,0.0,1.0,60.0,0.0,60.0,0.0,0.0,0.0,1.0,60.0,0.0,60.0,0.0,0.0,0.0,1.0,60.0,0.0,60.0,0.0,0.0,0.0,1.0,60.0,0.0,60.0,0.0,0.0,0.0,1.0,1505913439.549747,0.0,1.0,1505913439.549747,0.0,1.0,1505913439.549747,0.0,1.0,1505913439.549747,0.0,1.0,1505913439.549747,0.0,1.0,60.0,0.0,60.0,0.0,0.0,0.0,1.0,60.0,0.0,60.0,0.0,0.0,0.0,1.0,60.0,0.0,60.0,0.0,0.0,0.0,1.0,60.0,0.0,60.0,0.0,0.0,0.0,1.0,60.0,0.0,60.0,0.0,0.0,0.0
1.0,60.0,0.0,1.0,60.0,0.0,1.0,60.0,0.0,1.0,60.0,0.0,1.0,60.0,0.0,1.0,60.0,0.0,1.0,60.0,0.0,1.0,60.0,0.0,1.0,60.0,0.0,1.0,60.0,0.0,1.0,60.0,0.0,60.0,0.0,0.0,0.0,1.0,60.0,0.0,60.0,0.0,0.0,0.0,1.0,60.0,0.0,60.0,0.0,0.0,0.0,1.0,60.0,0.0,60.0,0.0,0.0,0.0,1.0,60.0,0.0,60.0,0.0,0.0,0.0,1.0,1505913480.5566368,0.0,1.0,1505913480.5566368,0.0,1.0,1505913480.5566368,0.0,1.0,1505913480.5566368,0.0,1.0,1505913480.5566368,0.0,1.0,60.0,0.0,60.0,0.0,0.0,0.0,1.0,60.0,0.0,60.0,0.0,0.0,0.0,1.0,60.0,0.0,60.0,0.0,0.0,0.0,1.0,60.0,0.0,60.0,0.0,0.0,0.0,1.0,60.0,0.0,60.0,0.0,0.0,0.0
151.99276409872368,74.02395190991642,0.5742721458127562,262.27317891523444,74.03293774332494,0.7894680866838826,817.8131133544271,74.04232515449304,1.700503214829041,5161.698225366445,74.0963115840018,15.9969552684488,7788.788193849844,74.10125236150282,17.159909734298704,151.99276409872368,74.02395190991642,0.5742721458127562,262.27317891523444,74.03293774332494,0.7894680866838826,817.8131133544271,74.04232515449304,1.700503214829041,5161.698225366445,74.0963115840018,15.9969552684488,7788.788193849844,74.10125236150282,17.159909734298704,151.8410758906991,74.0,9.5367431640625e-07,95.26804291051644,2.033691978340166e-12,4.595536365122679e-28,3.572901437065138e-16,261.91323564093386,73.99999999977273,5.651677089702245e-05,95.26804291033986,3.1941469788035357e-09,3.473641978779736e-23,3.44487609084449e-13,816.4562231549367,73.99995591130838,0.0248443098431457,95.2680086643758,0.0006172397315822,-2.093212570715304e-18,-3.767081063793544e-11,5149.587912608427,73.99720555991411,0.1977734873127133,95.26587232937214,0.0391143522838319,4.788923439057556e-16,3.5729262078887326e-10,7768.994246444131,73.99662802654835,0.2172469978022718,95.2654237344243,0.0471962580541003,-1.7031160047409386e-15,-1.0984906037833068e-09,151.84107589069902,0.001980312474866,4.829028716693768e-05,261.9132356409337,0.0018855929081232,546.1784198310637,816.4562231549382,73.4246199318272,110568497660.91289,5149.587912608456,106175.46579600948,159879878698366.53,7768.994246444118,175160.0685278041,263745372143450.44,1.0,74.0,0.0,74.0,0.0,0.0,0.0,1.0,74.0,0.0,74.0,0.0,0.0,0.0,1.0,74.0,0.0,74.0,0.0,0.0,0.0,1.0,74.0,0.0,74.0,0.0,0.0,0.0,1.0,74.0,0.0,74.0,0.0,0.0,0.0
1.0,60.0,0.0,1.0,60.0,0.0,1.0,60.0,0.0,1.0,60.0,0.0,1.0,60.0,0.0,1.0,60.0,0.0,1.0,60.0,0.0,1.0,60.0,0.0,1.0,60.0,0.0,1.0,60.0,0.0,1.0,60.0,0.0,60.0,0.0,0.0,0.0,1.0,60.0,0.0,60.0,0.0,0.0,0.0,1.0,60.0,0.0,60.0,0.0,0.0,0.0,1.0,60.0,0.0,60.0,0.0,0.0,0.0,1.0,60.0,0.0,60.0,0.0,0.0,0.0,1.0,1505913545.5332232,0.0,1.0,1505913545.5332232,0.0,1.0,1505913545.5332232,0.0,1.0,1505913545.5332232,0.0,1.0,1505913545.5332232,0.0,1.0,60.0,0.0,60.0,0.0,0.0,0.0,1.0,60.0,0.0,60.0,0.0,0.0,0.0,1.0,60.0,0.0,60.0,0.0,0.0,0.0,1.0,60.0,0.0,60.0,0.0,0.0,0.0,1.0,60.0,0.0,60.0,0.0,0.0,0.0
1.0,60.0,0.0,1.0,60.0,0.0,1.0,60.0,0.0,1.0,60.0,0.0,1.0,60.0,0.0,1.0,60.0,0.0,1.0,60.0,0.0,1.0,60.0,0.0,1.0,60.0,0.0,1.0,60.0,0.0,1.0,60.0,0.0,60.0,0.0,0.0,0.0,1.0,60.0,0.0,60.0,0.0,0.0,0.0,1.0,60.0,0.0,60.0,0.0,0.0,0.0,1.0,60.0,0.0,60.0,0.0,0.0,0.0,1.0,60.0,0.0,60.0,0.0,0.0,0.0,1.0,1505913450.217814,0.0,1.0,1505913450.217814,0.0,1.0,1505913450.217814,0.0,1.0,1505913450.217814,0.0,1.0,1505913450.217814,0.0,1.0,60.0,0.0,60.0,0.0,0.0,0.0,1.0,60.0,0.0,60.0,0.0,0.0,0.0,1.0,60.0,0.0,60.0,0.0,0.0,0.0,1.0,60.0,0.0,60.0,0.0,0.0,0.0,1.0,60.0,0.0,60.0,0.0,0.0,0.0
1.0,60.0,0.0,1.0,60.0,0.0,1.0,60.0,0.0,1.0,60.0,0.0,1.0,60.0,0.0,1.0,60.0,0.0,1.0,60.0,0.0,1.0,60.0,0.0,1.0,60.0,0.0,1.0,60.0,0.0,1.0,60.0,0.0,60.0,0.0,0.0,0.0,1.0,60.0,0.0,60.0,0.0,0.0,0.0,1.0,60.0,0.0,60.0,0.0,0.0,0.0,1.0,60.0,0.0,60.0,0.0,0.0,0.0,1.0,60.0,0.0,60.0,0.0,0.0,0.0,1.0,1505913552.251217,0.0,1.0,1505913552.251217,0.0,1.0,1505913552.251217,0.0,1.0,1505913552.251217,0.0,1.0,1505913552.251217,0.0,1.0,60.0,0.0,60.0,0.0,0.0,0.0,1.0,60.0,0.0,60.0,0.0,0.0,0.0,1.0,60.0,0.0,60.0,0.0,0.0,0.0,1.0,60.0,0.0,60.0,0.0,0.0,0.0,1.0,60.0,0.0,60.0,0.0,0.0,0.0
1.0,60.0,0.0,1.0,60.0,0.0,1.0,60.0,0.0,1.0,60.0,0.0,1.0,60.0,0.0,1.0,60.0,0.0,1.0,60.0,0.0,1.0,60.0,0.0,1.0,60.0,0.0,1.0,60.0,0.0,1.0,60.0,0.0,60.0,0.0,0.0,0.0,1.0,60.0,0.0,60.0,0.0,0.0,0.0,1.0,60.0,0.0,60.0,0.0,0.0,0.0,1.0,60.0,0.0,60.0,0.0,0.0,0.0,1.0,60.0,0.0,60.0,0.0,0.0,0.0,1.0,1505913578.5879214,0.0,1.0,1505913578.5879214,0.0,1.0,1505913578.5879214,0.0,1.0,1505913578.5879214,0.0,1.0,1505913578.5879214,0.0,1.0,60.0,0.0,60.0,0.0,0.0,0.0,1.0,60.0,0.0,60.0,0.0,0.0,0.0,1.0,60.0,0.0,60.0,0.0,0.0,0.0,1.0,60.0,0.0,60.0,0.0,0.0,0.0,1.0,60.0,0.0,60.0,0.0,0.0,0.0
1.0,60.0,0.0,1.0,60.0,0.0,1.0,60.0,0.0,1.0,60.0,0.0,1.0,60.0,0.0,1.0,60.0,0.0,1.0,60.0,0.0,1.0,60.0,0.0,1.0,60.0,0.0,1.0,60.0,0.0,1.0,60.0,0.0,60.0,0.0,0.0,0.0,1.0,60.0,0.0,60.0,0.0,0.0,0.0,1.0,60.0,0.0,60.0,0.0,0.0,0.0,1.0,60.0,0.0,60.0,0.0,0.0,0.0,1.0,60.0,0.0,60.0,0.0,0.0,0.0,1.0,1505913588.850824,0.0,1.0,1505913588.850824,0.0,1.0,1505913588.850824,0.0,1.0,1505913588.850824,0.0,1.0,1505913588.850824,0.0,1.0,60.0,0.0,60.0,0.0,0.0,0.0,1.0,60.0,0.0,60.0,0.0,0.0,0.0,1.0,60.0,0.0,60.0,0.0,0.0,0.0,1.0,60.0,0.0,60.0,0.0,0.0,0.0,1.0,60.0,0.0,60.0,0.0,0.0,0.0
29.81193475554696,74.03406946479289,0.8181681462701818,54.99870579251298,74.07427949698379,2.0982011214027807,153.3727121963824,74.33930123602524,49.05301366080676,818.2724912856786,75.14575459462189,231.8835842736098,2591.3917986985457,75.0767818166072,250.76582885961489,29.81193475554696,74.03406946479289,0.8181681462701818,54.99870579251298,74.07427949698379,2.0982011214027807,153.3727121963824,74.33930123602524,49.05301366080676,818.2724912856786,75.14575459462189,231.8835842736098,2591.3917986985457,75.0767818166072,250.76582885961489,1.0,74.0,0.0,74.0,0.0,0.0,0.0,1.0,74.0,0.0,74.0,0.0,0.0,0.0,1.0,74.0,0.0,74.0,0.0,0.0,0.0,1.0,74.0,0.0,74.0,0.0,0.0,0.0,1.0,74.0,0.0,74.0,0.0,0.0,0.0,1.0,1505912820.04921,0.0,1.0,1505912820.04921,0.0,1.0,1505912820.04921,0.0,1.0,1505912820.04921,0.0,1.0,1505912820.04921,0.0,1.0,74.0,0.0,74.0,0.0,0.0,0.0,1.0,74.0,0.0,74.0,0.0,0.0,0.0,1.0,74.0,0.0,74.0,0.0,0.0,0.0,1.0,74.0,0.0,74.0,0.0,0.0,0.0,1.0,74.0,0.0,74.0,0.0,0.0,0.0
1.0,60.0,0.0,1.0,60.0,0.0,1.0,60.0,0.0,1.0,60.0,0.0,1.0,60.0,0.0,1.0,60.0,0.0,1.0,60.0,0.0,1.0,60.0,0.0,1.0,60.0,0.0,1.0,60.0,0.0,1.0,60.0,0.0,60.0,0.0,0.0,0.0,1.0,60.0,0.0,60.0,0.0,0.0,0.0,1.0,60.0,0.0,60.0,0.0,0.0,0.0,1.0,60.0,0.0,60.0,0.0,0.0,0.0,1.0,60.0,0.0,60.0,0.0,0.0,0.0,1.0,1505913565.202258,0.0,1.0,1505913565.202258,0.0,1.0,1505913565.202258,0.0,1.0,1505913565.202258,0.0,1.0,1505913565.202258,0.0,1.0,60.0,0.0,60.0,0.0,0.0,0.0,1.0,60.0,0.0,60.0,0.0,0.0,0.0,1.0,60.0,0.0,60.0,0.0,0.0,0.0,1.0,60.0,0.0,60.0,0.0,0.0,0.0,1.0,60.0,0.0,60.0,0.0,0.0,0.0
1.0,60.0,0.0,1.0,60.0,0.0,1.0,60.0,0.0,1.0,60.0,0.0,1.0,60.0,0.0,1.0,60.0,0.0,1.0,60.0,0.0,1.0,60.0,0.0,1.0,60.0,0.0,1.0,60.0,0.0,1.0,60.0,0.0,60.0,0.0,0.0,0.0,1.0,60.0,0.0,60.0,0.0,0.0,0.0,1.0,60.0,0.0,60.0,0.0,0.0,0.0,1.0,60.0,0.0,60.0,0.0,0.0,0.0,1.0,60.0,0.0,60.0,0.0,0.0,0.0,1.0,1505913453.852064,0.0,1.0,1505913453.852064,0.0,1.0,1505913453.852064,0.0,1.0,1505913453.852064,0.0,1.0,1505913453.852064,0.0,1.0,60.0,0.0,60.0,0.0,0.0,0.0,1.0,60.0,0.0,60.0,0.0,0.0,0.0,1.0,60.0,0.0,60.0,0.0,0.0,0.0,1.0,60.0,0.0,60.0,0.0,0.0,0.0,1.0,60.0,0.0,60.0,0.0,0.0,0.0
145.93758679017242,68.51967080389434,46.69105396155192,226.26725553603185,69.56093655052123,42.447484364508455,617.8262953589291,70.32196618183275,38.01502943891501,6180.94514195484,70.60088942831527,36.79008837873516,17887.494912026817,70.640609103601,36.40442547126804,145.93758679017242,68.51967080389434,46.69105396155192,226.26725553603185,69.56093655052123,42.447484364508455,617.8262953589291,70.32196618183275,38.01502943891501,6180.94514195484,70.60088942831527,36.79008837873516,17887.494912026817,70.640609103601,36.40442547126804,1.0,60.0,0.0,60.0,0.0,0.0,0.0,1.0,60.0,0.0,60.0,0.0,0.0,0.0,1.0,60.0,0.0,60.0,0.0,0.0,0.0,1.0,60.0,0.0,60.0,0.0,0.0,0.0,1.0,60.0,0.0,60.0,0.0,0.0,0.0,1.0,1507657105.065136,0.0,1.0,1507657105.065136,0.0,1.0,1507657105.065136,0.0,1.0,1507657105.065136,0.0,1.0,1507657105.065136,0.0,1.0,60.0,0.0,60.0,0.0,0.0,0.0,1.0,60.0,0.0,60.0,0.0,0.0,0.0,1.0,60.0,0.0,60.0,0.0,0.0,0.0,1.0,60.0,0.0,60.0,0.0,0.0,0.0,1.0,60.0,0.0,60.0,0.0,0.0,0.0
1.0,60.0,0.0,1.0,60.0,0.0,1.0,60.0,0.0,1.0,60.0,0.0,1.0,60.0,0.0,1.0,60.0,0.0,1.0,60.0,0.0,1.0,60.0,0.0,1.0,60.0,0.0,1.0,60.0,0.0,1.0,60.0,0.0,60.0,0.0,0.0,0.0,1.0,60.0,0.0,60.0,0.0,0.0,0.0,1.0,60.0,0.0,60.0,0.0,0.0,0.0,1.0,60.0,0.0,60.0,0.0,0.0,0.0,1.0,60.0,0.0,60.0,0.0,0.0,0.0,1.0,1505913574.333756,0.0,1.0,1505913574.333756,0.0,1.0,1505913574.333756,0.0,1.0,1505913574.333756,0.0,1.0,1505913574.333756,0.0,1.0,60.0,0.0,60.0,0.0,0.0,0.0,1.0,60.0,0.0,60.0,0.0,0.0,0.0,1.0,60.0,0.0,60.0,0.0,0.0,0.0,1.0,60.0,0.0,60.0,0.0,0.0,0.0,1.0,60.0,0.0,60.0,0.0,0.0,0.0
1.0,60.0,0.0,1.0,60.0,0.0,1.0,60.0,0.0,1.0,60.0,0.0,1.0,60.0,0.0,1.0,60.0,0.0,1.0,60.0,0.0,1.0,60.0,0.0,1.0,60.0,0.0,1.0,60.0,0.0,1.0,60.0,0.0,60.0,0.0,0.0,0.0,1.0,60.0,0.0,60.0,0.0,0.0,0.0,1.0,60.0,0.0,60.0,0.0,0.0,0.0,1.0,60.0,0.0,60.0,0.0,0.0,0.0,1.0,60.0,0.0,60.0,0.0,0.0,0.0,1.0,1505913436.328432,0.0,1.0,1505913436.328432,0.0,1.0,1505913436.328432,0.0,1.0,1505913436.328432,0.0,1.0,1505913436.328432,0.0,1.0,60.0,0.0,60.0,0.0,0.0,0.0,1.0,60.0,0.0,60.0,0.0,0.0,0.0,1.0,60.0,0.0,60.0,0.0,0.0,0.0,1.0,60.0,0.0,60.0,0.0,0.0,0.0,1.0,60.0,0.0,60.0,0.0,0.0,0.0
1.0,60.0,0.0,1.0,60.0,0.0,1.0,60.0,0.0,1.0,60.0,0.0,1.0,60.0,0.0,1.0,60.0,0.0,1.0,60.0,0.0,1.0,60.0,0.0,1.0,60.0,0.0,1.0,60.0,0.0,1.0,60.0,0.0,60.0,0.0,0.0,0.0,1.0,60.0,0.0,60.0,0.0,0.0,0.0,1.0,60.0,0.0,60.0,0.0,0.0,0.0,1.0,60.0,0.0,60.0,0.0,0.0,0.0,1.0,60.0,0.0,60.0,0.0,0.0,0.0,1.0,1505913451.278585,0.0,1.0,1505913451.278585,0.0,1.0,1505913451.278585,0.0,1.0,1505913451.278585,0.0,1.0,1505913451.278585,0.0,1.0,60.0,0.0,60.0,0.0,0.0,0.0,1.0,60.0,0.0,60.0,0.0,0.0,0.0,1.0,60.0,0.0,60.0,0.0,0.0,0.0,1.0,60.0,0.0,60.0,0.0,0.0,0.0,1.0,60.0,0.0,60.0,0.0,0.0,0.0
57.19270702671622,74.01339049740373,0.3215234575636714,75.42442828869007,74.04457525832446,1.0829206124544726,188.88748714055865,74.11536375894322,3.1196283392273467,1002.1378217434756,74.8524421301249,332.5540437784339,8097.066737324541,76.41264678636439,1509.3522476746205,57.19270702671622,74.01339049740373,0.3215234575636714,75.42442828869007,74.04457525832446,1.0829206124544726,188.88748714055865,74.11536375894322,3.1196283392273467,1002.1378217434756,74.8524421301249,332.5540437784339,8097.066737324541,76.41264678636439,1509.3522476746205,1.0000000009363523,74.00000000000001,1.3486991523486091e-06,74.00000000000001,1.8189894035458565e-12,0.0,0.0,1.0000038341540085,74.0,0.0,74.0,0.0,0.0,0.0,1.0175704217694244,74.0,0.0,74.0,0.0,0.0,0.0,2.1950365926109607,73.99999999999999,1.3486991523486091e-06,73.99999999999999,1.8189894035458565e-12,0.0,0.0,2.8986787749020286,74.00000000000001,1.3486991523486091e-06,74.00000000000001,1.8189894035458565e-12,0.0,0.0,1.0000000009363523,5.998494278505123,60518.67049966312,1.0000038341540085,16.802129467296613,16269412515.832651,1.0175704217694244,2854264.6626727544,4290118576463537.5,2.1950365926109607,367184147.56590295,4.181231890011741e+17,2.8986787749020286,488036588.79228777,4.967609421933673e+17,1.0000000009363523,74.00000000000001,1.3486991523486091e-06,74.00000000000001,1.8189894035458565e-12,0.0,0.0,1.0000038341540085,74.0,0.0,74.0,0.0,0.0,0.0,1.0175704217694244,74.0,0.0,74.0,0.0,0.0,0.0,2.1950365926109607,73.99999999999999,1.3486991523486091e-06,73.99999999999999,1.8189894035458565e-12,0.0,0.0,2.8986787749020286,74.00000000000001,1.3486991523486091e-06,74.00000000000001,1.8189894035458565e-12,0.0,0.0
172.4109650807415,74.03513324590875,0.8424093028297648,283.5316130767505,74.04117862726625,0.9959057680289334,842.5357129309938,74.03965638752248,1.0589700386717595,7820.465988635643,74.27025164225142,181.05418375748104,23861.885639586864,74.43585511329131,305.8692879644286,172.4109650807415,74.03513324590875,0.8424093028297648,283.5316130767505,74.04117862726625,0.9959057680289334,842.5357129309938,74.03965638752248,1.0589700386717595,7820.465988635643,74.27025164225142,181.05418375748104,23861.885639586864,74.43585511329131,305.8692879644286,172.15834648798898,73.99999999999997,2.6973983046972182e-06,95.2680429105164,7.290154618149881e-12,-2.022554003776887e-28,-1.111910822478795e-16,283.0372764057685,74.00000000000014,3.5683225505580347e-06,95.26804291051651,1.2732925824820994e-11,5.06030527551988e-27,0.0,840.8734809568823,73.99999999309834,0.0003108159056778,95.26804290515562,9.660652789125544e-08,-8.090380261477082e-22,-7.719881005833028e-13,7799.951541753109,73.99946308644024,0.0866977598357116,95.2676258604226,0.0075165015605307,7.03087193480497e-17,2.454768839314837e-10,23787.987862236077,73.99865117067249,0.1374110303942074,95.26699520336916,0.0188817912739978,2.6554125859295554e-16,1.963520873733297e-10,172.1583464879889,0.0017445856620364,3.846892689497342e-05,283.03727640576864,0.0017355018540751,3.299612538552306e-05,840.8734809568878,0.0017254738080289,0.2030398827961448,7799.951541753291,4713.833401464748,7098604287892.719,23787.98786223542,43672.60972033656,65765298338437.3,1.0,74.0,0.0,74.0,0.0,0.0,0.0,1.0,74.0,0.0,74.0,0.0,0.0,0.0,1.0,74.0,0.0,74.0,0.0,0.0,0.0,1.0,74.0,0.0,74.0,0.0,0.0,0.0,1.0,74.0,0.0,74.0,0.0,0.0,0.0
168.06568845926833,73.95295114604146,0.552940876131288,275.073376134658,73.93326068383432,0.9726628820499172,808.623839845184,73.96155102668159,1.3883751270022913,7750.43228793279,74.12196370950187,54.8526939270614,31412.59343611301,74.32125451888949,208.1572154591213,168.06568845926833,73.95295114604146,0.552940876131288,275.073376134658,73.93326068383432,0.9726628820499172,808.623839845184,73.96155102668159,1.3883751270022913,7750.43228793279,74.12196370950187,54.8526939270614,31412.59343611301,74.32125451888949,208.1572154591213,166.9207968611269,73.99999999999996,1.3486991523486091e-06,95.26804291051644,5.752149554916067e-12,-5.129051917511644e-28,-1.6279696294493898e-16,272.14363557479174,74.0000000000001,4.370284743266906e-06,95.26804291051644,1.974357778280356e-11,-1.2922206959628193e-26,-1.3220428349935846e-15,800.6654422280068,73.99999971912497,0.0019829907171525,95.26804269234516,3.932252184313914e-06,-9.4906308606475e-21,-3.173980904169253e-12,7722.976458599152,73.99888026557052,0.1251999530402303,95.2671731529714,0.0156750282412758,1.9970417784008398e-16,2.365363525520052e-09,31314.263737953603,73.9983360637807,0.1526182768368627,95.2667504442558,0.0232923384246532,-1.9745072038355823e-16,-1.373883102766997e-10,166.92079686112675,0.0017569809536573,1.377736825852418e-05,272.14363557479174,0.0017873654345671,1.6789168162258462e-05,800.6654422280105,0.0018106360356276,2.2333489965254364e-05,7722.976458599254,1027.9007890130324,1547926662012.89,31314.263737952573,28461.09294128825,42859154621275.93,1.0,74.0,0.0,95.26804291051644,0.0,0.0,0.0,1.0,74.0,0.0,95.26804291051644,0.0,0.0,0.0,1.0000000000000004,74.0,9.5367431640625e-07,95.26804291051644,9.094947017729282e-13,0.0,0.0,1.0289411366462002,74.0,0.0,95.26804291051644,0.0,0.0,0.0,1.701700132245624,73.99999999999999,1.3486991523486091e-06,95.26804291051644,1.8189894035458565e-12,0.0,0.0
45.53517388303976,74.4247859257987,10.014421701503124,67.15366691497323,74.35058849152084,8.298182642530264,192.97890500477868,74.27609346952812,16.7744845418174,1044.7600952662694,77.16443732597773,2135.080763864,3943.748275196526,77.05410931202425,2001.750975262331,45.53517388303976,74.4247859257987,10.014421701503124,67.15366691497323,74.35058849152084,8.298182642530264,192.97890500477868,74.27609346952812,16.7744845418174,1044.7600952662694,77.16443732597773,2135.080763864,3943.748275196526,77.05410931202425,2001.750975262331,1.0000301451513764,74.0,0.0,74.0,0.0,0.0,0.0,1.0019387887071778,74.00000000000001,9.5367431640625e-07,74.00000000000001,9.094947017729282e-13,0.0,0.0,1.1246934077106183,74.0,9.5367431640625e-07,74.0,9.094947017729282e-13,0.0,0.0,1.8120529518664088,74.0,0.0,74.0,0.0,0.0,0.0,1.9793962457564924,73.99999999999999,1.3486991523486091e-06,73.99999999999999,1.8189894035458565e-12,0.0,0.0,1.0000301451513764,45397.605661924856,68358253564956.59,1.0019387887071778,2914000.188479894,4379734399309964.0,1.1246934077106183,166958751.53839257,2.2355009959319104e+17,1.8120529518664088,674859402.8793187,5.608442264188898e+17,1.9793962457564924,745118816.8314701,5.668819429581287e+17,1.0000301451513764,74.0,0.0,74.0,0.0,0.0,0.0,1.0019387887071778,74.00000000000001,9.5367431640625e-07,74.00000000000001,9.094947017729282e-13,0.0,0.0,1.1246934077106183,74.0,9.5367431640625e-07,74.0,9.094947017729282e-13,0.0,0.0,1.8120529518664088,74.0,0.0,74.0,0.0,0.0,0.0,1.9793962457564924,73.99999999999999,1.3486991523486091e-06,73.99999999999999,1.8189894035458565e-12,0.0,0.0
1.0,60.0,0.0,1.0,60.0,0.0,1.0,60.0,0.0,1.0,60.0,0.0,1.0,60.0,0.0,1.0,60.0,0.0,1.0,60.0,0.0,1.0,60.0,0.0,1.0,60.0,0.0,1.0,60.0,0.0,1.0,60.0,0.0,60.0,0.0,0.0,0.0,1.0,60.0,0.0,60.0,0.0,0.0,0.0,1.0,60.0,0.0,60.0,0.0,0.0,0.0,1.0,60.0,0.0,60.0,0.0,0.0,0.0,1.0,60.0,0.0,60.0,0.0,0.0,0.0,1.0,1505913574.969083,0.0,1.0,1505913574.969083,0.0,1.0,1505913574.969083,0.0,1.0,1505913574.969083,0.0,1.0,1505913574.969083,0.0,1.0,60.0,0.0,60.0,0.0,0.0,0.0,1.0,60.0,0.0,60.0,0.0,0.0,0.0,1.0,60.0,0.0,60.0,0.0,0.0,0.0,1.0,60.0,0.0,60.0,0.0,0.0,0.0,1.0,60.0,0.0,60.0,0.0,0.0,0.0
1.0,60.0,0.0,1.0,60.0,0.0,1.0,60.0,0.0,1.0,60.0,0.0,1.0,60.0,0.0,1.0,60.0,0.0,1.0,60.0,0.0,1.0,60.0,0.0,1.0,60.0,0.0,1.0,60.0,0.0,1.0,60.0,0.0,60.0,0.0,0.0,0.0,1.0,60.0,0.0,60.0,0.0,0.0,0.0,1.0,60.0,0.0,60.0,0.0,0.0,0.0,1.0,60.0,0.0,60.0,0.0,0.0,0.0,1.0,60.0,0.0,60.0,0.0,0.0,0.0,1.0,1505913575.849778,0.0,1.0,1505913575.849778,0.0,1.0,1505913575.849778,0.0,1.0,1505913575.849778,0.0,1.0,1505913575.849778,0.0,1.0,60.0,0.0,60.0,0.0,0.0,0.0,1.0,60.0,0.0,60.0,0.0,0.0,0.0,1.0,60.0,0.0,60.0,0.0,0.0,0.0,1.0,60.0,0.0,60.0,0.0,0.0,0.0,1.0,60.0,0.0,60.0,0.0,0.0,0.0
1.0,60.0,0.0,1.0,60.0,0.0,1.0,60.0,0.0,1.0,60.0,0.0,1.0,60.0,0.0,1.0,60.0,0.0,1.0,60.0,0.0,1.0,60.0,0.0,1.0,60.0,0.0,1.0,60.0,0.0,1.0,60.0,0.0,60.0,0.0,0.0,0.0,1.0,60.0,0.0,60.0,0.0,0.0,0.0,1.0,60.0,0.0,60.0,0.0,0.0,0.0,1.0,60.0,0.0,60.0,0.0,0.0,0.0,1.0,60.0,0.0,60.0,0.0,0.0,0.0,1.0,1505913576.242795,0.0,1.0,1505913576.242795,0.0,1.0,1505913576.242795,0.0,1.0,1505913576.242795,0.0,1.0,1505913576.242795,0.0,1.0,60.0,0.0,60.0,0.0,0.0,0.0,1.0,60.0,0.0,60.0,0.0,0.0,0.0,1.0,60.0,0.0,60.0,0.0,0.0,0.0,1.0,60.0,0.0,60.0,0.0,0.0,0.0,1.0,60.0,0.0,60.0,0.0,0.0,0.0
1.0,60.0,0.0,1.0,60.0,0.0,1.0,60.0,0.0,1.0,60.0,0.0,1.0,60.0,0.0,1.0,60.0,0.0,1.0,60.0,0.0,1.0,60.0,0.0,1.0,60.0,0.0,1.0,60.0,0.0,1.0,60.0,0.0,60.0,0.0,0.0,0.0,1.0,60.0,0.0,60.0,0.0,0.0,0.0,1.0,60.0,0.0,60.0,0.0,0.0,0.0,1.0,60.0,0.0,60.0,0.0,0.0,0.0,1.0,60.0,0.0,60.0,0.0,0.0,0.0,1.0,1505913453.297569,0.0,1.0,1505913453.297569,0.0,1.0,1505913453.297569,0.0,1.0,1505913453.297569,0.0,1.0,1505913453.297569,0.0,1.0,60.0,0.0,60.0,0.0,0.0,0.0,1.0,60.0,0.0,60.0,0.0,0.0,0.0,1.0,60.0,0.0,60.0,0.0,0.0,0.0,1.0,60.0,0.0,60.0,0.0,0.0,0.0,1.0,60.0,0.0,60.0,0.0,0.0,0.0
1.0,60.0,0.0,1.0,60.0,0.0,1.0,60.0,0.0,1.0,60.0,0.0,1.0,60.0,0.0,1.0,60.0,0.0,1.0,60.0,0.0,1.0,60.0,0.0,1.0,60.0,0.0,1.0,60.0,0.0,1.0,60.0,0.0,60.0,0.0,0.0,0.0,1.0,60.0,0.0,60.0,0.0,0.0,0.0,1.0,60.0,0.0,60.0,0.0,0.0,0.0,1.0,60.0,0.0,60.0,0.0,0.0,0.0,1.0,60.0,0.0,60.0,0.0,0.0,0.0,1.0,1505913426.153983,0.0,1.0,1505913426.153983,0.0,1.0,1505913426.153983,0.0,1.0,1505913426.153983,0.0,1.0,1505913426.153983,0.0,1.0,60.0,0.0,60.0,0.0,0.0,0.0,1.0,60.0,0.0,60.0,0.0,0.0,0.0,1.0,60.0,0.0,60.0,0.0,0.0,0.0,1.0,60.0,0.0,60.0,0.0,0.0,0.0,1.0,60.0,0.0,60.0,0.0,0.0,0.0
1.0,60.0,0.0,1.0,60.0,0.0,1.0,60.0,0.0,1.0,60.0,0.0,1.0,60.0,0.0,1.0,60.0,0.0,1.0,60.0,0.0,1.0,60.0,0.0,1.0,60.0,0.0,1.0,60.0,0.0,1.0,60.0,0.0,60.0,0.0,0.0,0.0,1.0,60.0,0.0,60.0,0.0,0.0,0.0,1.0,60.0,0.0,60.0,0.0,0.0,0.0,1.0,60.0,0.0,60.0,0.0,0.0,0.0,1.0,60.0,0.0,60.0,0.0,0.0,0.0,1.0,1505913588.718946,0.0,1.0,1505913588.718946,0.0,1.0,1505913588.718946,0.0,1.0,1505913588.718946,0.0,1.0,1505913588.718946,0.0,1.0,60.0,0.0,60.0,0.0,0.0,0.0,1.0,60.0,0.0,60.0,0.0,0.0,0.0,1.0,60.0,0.0,60.0,0.0,0.0,0.0,1.0,60.0,0.0,60.0,0.0,0.0,0.0,1.0,60.0,0.0,60.0,0.0,0.0,0.0
182.33110349250003,74.00448764410571,0.1182641879177026,288.00486781443686,74.01457030582655,2.2642967923229658,730.2876498049405,74.36657841791461,279.6314395105328,6659.732675719218,74.61470580957344,469.447366778474,19796.452943431388,74.31978674523442,217.8664479497256,182.33110349250003,74.00448764410571,0.1182641879177026,288.00486781443686,74.01457030582655,2.2642967923229658,730.2876498049405,74.36657841791461,279.6314395105328,6659.732675719218,74.61470580957344,469.447366778474,19796.452943431388,74.31978674523442,217.8664479497256,182.29710654843933,73.99999999999987,3.568322550558035e-06,95.26804291051634,1.2862197421537484e-11,-2.5620977996082835e-27,-5.323736041228855e-16,287.8575396422795,74.00000000000003,1.9073486328125e-06,95.26804291051648,5.823607568738997e-12,1.959397321789011e-28,4.817340439598449e-17,728.9974066524327,73.99999866603787,0.0043215105284902,95.26804187435371,1.8675453247851743e-05,-2.362885535356491e-19,-4.6812452252197505e-11,6639.326429252486,73.99887532122504,0.1254760449410598,95.2671693124459,0.0157442378540508,2.0998885116318807e-17,2.7240262064859963e-11,19737.372332644496,73.99826091252278,0.1560262802314682,95.2666920706172,0.0243442001228686,3.631034675639977e-16,4.531412057584425e-10,182.2971065484391,0.0016016793970091,8.927519067669709e-06,287.85753964227973,0.0016945508359557,2.9026899113593117e-05,728.9974066524343,0.0021412978380796,527.779697398781,6639.326429252571,11984.887468516472,18048060952620.23,19737.37233264405,56859.96386460464,85622969814958.34,1.0,74.0,0.0,74.0,0.0,0.0,0.0,1.0,74.0,0.0,74.0,0.0,0.0,0.0,1.0,74.0,0.0,74.0,0.0,0.0,0.0,1.0,74.0,0.0,74.0,0.0,0.0,0.0,1.0,74.0,0.0,74.0,0.0,0.0,0.0
1.0,60.0,0.0,1.0,60.0,0.0,1.0,60.0,0.0,1.0,60.0,0.0,1.0,60.0,0.0,1.0,60.0,0.0,1.0,60.0,0.0,1.0,60.0,0.0,1.0,60.0,0.0,1.0,60.0,0.0,1.0,60.0,0.0,60.0,0.0,0.0,0.0,1.0,60.0,0.0,60.0,0.0,0.0,0.0,1.0,60.0,0.0,60.0,0.0,0.0,0.0,1.0,60.0,0.0,60.0,0.0,0.0,0.0,1.0,60.0,0.0,60.0,0.0,0.0,0.0,1.0,1505913456.293617,0.0,1.0,1505913456.293617,0.0,1.0,1505913456.293617,0.0,1.0,1505913456.293617,0.0,1.0,1505913456.293617,0.0,1.0,60.0,0.0,60.0,0.0,0.0,0.0,1.0,60.0,0.0,60.0,0.0,0.0,0.0,1.0,60.0,0.0,60.0,0.0,0.0,0.0,1.0,60.0,0.0,60.0,0.0,0.0,0.0,1.0,60.0,0.0,60.0,0.0,0.0,0.0
154.513591251851,74.00733090332739,0.2326781609008321,263.98742730895384,74.01783752240777,1.444600071736204,823.417992023889,74.10188496166262,20.86312460533464,6437.219546655628,74.11209888273098,25.908911548685865,11350.48138691796,74.10557252694923,25.14734228406633,154.513591251851,74.00733090332739,0.2326781609008321,263.98742730895384,74.01783752240777,1.444600071736204,823.417992023889,74.10188496166262,20.86312460533464,6437.219546655628,74.11209888273098,25.908911548685865,11350.48138691796,74.10557252694923,25.14734228406633,154.45197783413892,74.00000000000004,2.523185072960464e-06,95.26804291051648,7.117921924190582e-12,4.398140355009336e-27,9.769804402928053e-16,263.7327957635966,73.99999999999999,1.3486991523486091e-06,95.26804291051636,1.2862197421537484e-11,3.15357301004588e-27,6.552751536180488e-16,821.5649942106234,73.99999933678087,0.00304713868207,95.26804239535711,9.28505414777022e-06,4.9397302787783774e-20,6.0098818676764015e-12,6415.255745689627,73.99852477569429,0.1437044327658644,95.26689702608672,0.0206509639965588,1.1973649552489608e-16,1.33236146591138e-10,11312.253485681757,73.99777924677011,0.1763111269091858,95.26631793794571,0.031085613471987,7.68947466129141e-16,6.53309272387344e-10,154.45197783413892,0.0019700751130629,6.174126671974275e-05,263.7327957635966,0.0018756976528916,0.0019639828347588,821.564994210625,1.1126127227629328,1672834220.483466,6415.255745689692,56083.56579702361,84453869147318.6,11312.253485681613,115365.49780424262,173717186319405.94,1.0,74.0,0.0,74.0,0.0,0.0,0.0,1.0,74.0,0.0,74.0,0.0,0.0,0.0,1.0,74.0,0.0,74.0,0.0,0.0,0.0,1.0,74.0,0.0,74.0,0.0,0.0,0.0,1.0,74.0,0.0,74.0,0.0,0.0,0.0
1.0,60.0,0.0,1.0,60.0,0.0,1.0,60.0,0.0,1.0,60.0,0.0,1.0,60.0,0.0,1.0,60.0,0.0,1.0,60.0,0.0,1.0,60.0,0.0,1.0,60.0,0.0,1.0,60.0,0.0,1.0,60.0,0.0,60.0,0.0,0.0,0.0,1.0,60.0,0.0,60.0,0.0,0.0,0.0,1.0,60.0,0.0,60.0,0.0,0.0,0.0,1.0,60.0,0.0,60.0,0.0,0.0,0.0,1.0,60.0,0.0,60.0,0.0,0.0,0.0,1.0,1505913448.315557,0.0,1.0,1505913448.315557,0.0,1.0,1505913448.315557,0.0,1.0,1505913448.315557,0.0,1.0,1505913448.315557,0.0,1.0,60.0,0.0,60.0,0.0,0.0,0.0,1.0,60.0,0.0,60.0,0.0,0.0,0.0,1.0,60.0,0.0,60.0,0.0,0.0,0.0,1.0,60.0,0.0,60.0,0.0,0.0,0.0,1.0,60.0,0.0,60.0,0.0,0.0,0.0
1.0,60.0,0.0,1.0,60.0,0.0,1.0,60.0,0.0,1.0,60.0,0.0,1.0,60.0,0.0,1.0,60.0,0.0,1.0,60.0,0.0,1.0,60.0,0.0,1.0,60.0,0.0,1.0,60.0,0.0,1.0,60.0,0.0,60.0,0.0,0.0,0.0,1.0,60.0,0.0,60.0,0.0,0.0,0.0,1.0,60.0,0.0,60.0,0.0,0.0,0.0,1.0,60.0,0.0,60.0,0.0,0.0,0.0,1.0,60.0,0.0,60.0,0.0,0.0,0.0,1.0,1505913586.764217,0.0,1.0,1505913586.764217,0.0,1.0,1505913586.764217,0.0,1.0,1505913586.764217,0.0,1.0,1505913586.764217,0.0,1.0,60.0,0.0,60.0,0.0,0.0,0.0,1.0,60.0,0.0,60.0,0.0,0.0,0.0,1.0,60.0,0.0,60.0,0.0,0.0,0.0,1.0,60.0,0.0,60.0,0.0,0.0,0.0,1.0,60.0,0.0,60.0,0.0,0.0,0.0
1.0,60.0,0.0,1.0,60.0,0.0,1.0,60.0,0.0,1.0,60.0,0.0,1.0,60.0,0.0,1.0,60.0,0.0,1.0,60.0,0.0,1.0,60.0,0.0,1.0,60.0,0.0,1.0,60.0,0.0,1.0,60.0,0.0,60.0,0.0,0.0,0.0,1.0,60.0,0.0,60.0,0.0,0.0,0.0,1.0,60.0,0.0,60.0,0.0,0.0,0.0,1.0,60.0,0.0,60.0,0.0,0.0,0.0,1.0,60.0,0.0,60.0,0.0,0.0,0.0,1.0,1505913454.715888,0.0,1.0,1505913454.715888,0.0,1.0,1505913454.715888,0.0,1.0,1505913454.715888,0.0,1.0,1505913454.715888,0.0,1.0,60.0,0.0,60.0,0.0,0.0,0.0,1.0,60.0,0.0,60.0,0.0,0.0,0.0,1.0,60.0,0.0,60.0,0.0,0.0,0.0,1.0,60.0,0.0,60.0,0.0,0.0,0.0,1.0,60.0,0.0,60.0,0.0,0.0,0.0
197.44585447454068,317.761930002404,60893.1808626234,270.40511204840067,350.5634598304461,59111.2249676009,651.7332129362301,397.5823918008984,52803.82285805137,6386.175361688262,424.7273113783295,47125.40236788264,51572.465501972605,427.0606337660737,46566.46273386877,197.44585447454068,317.761930002404,60893.1808626234,270.40511204840067,350.5634598304461,59111.2249676009,651.7332129362301,397.5823918008984,52803.82285805137,6386.175361688262,424.7273113783295,47125.40236788264,51572.465501972605,427.0606337660737,46566.46273386877,1.0,60.0,0.0,60.0,0.0,0.0,0.0,1.0,60.0,0.0,60.0,0.0,0.0,0.0,1.0,60.0,0.0,60.0,0.0,0.0,0.0,1.0,60.0,0.0,60.0,0.0,0.0,0.0,1.0,60.0,0.0,60.0,0.0,0.0,0.0,1.0,1507656159.3668768,0.0,1.0,1507656159.3668768,0.0,1.0,1507656159.3668768,0.0,1.0,1507656159.3668768,0.0,1.0,1507656159.3668768,0.0,1.0,60.0,0.0,60.0,0.0,0.0,0.0,1.0,60.0,0.0,60.0,0.0,0.0,0.0,1.0,60.0,0.0,60.0,0.0,0.0,0.0,1.0,60.0,0.0,60.0,0.0,0.0,0.0,1.0,60.0,0.0,60.0,0.0,0.0,0.0
1.0,60.0,0.0,1.0,60.0,0.0,1.0,60.0,0.0,1.0,60.0,0.0,1.0,60.0,0.0,1.0,60.0,0.0,1.0,60.0,0.0,1.0,60.0,0.0,1.0,60.0,0.0,1.0,60.0,0.0,1.0,60.0,0.0,60.0,0.0,0.0,0.0,1.0,60.0,0.0,60.0,0.0,0.0,0.0,1.0,60.0,0.0,60.0,0.0,0.0,0.0,1.0,60.0,0.0,60.0,0.0,0.0,0.0,1.0,60.0,0.0,60.0,0.0,0.0,0.0,1.0,1505913426.5255392,0.0,1.0,1505913426.5255392,0.0,1.0,1505913426.5255392,0.0,1.0,1505913426.5255392,0.0,1.0,1505913426.5255392,0.0,1.0,60.0,0.0,60.0,0.0,0.0,0.0,1.0,60.0,0.0,60.0,0.0,0.0,0.0,1.0,60.0,0.0,60.0,0.0,0.0,0.0,1.0,60.0,0.0,60.0,0.0,0.0,0.0,1.0,60.0,0.0,60.0,0.0,0.0,0.0
1.0,60.0,0.0,1.0,60.0,0.0,1.0,60.0,0.0,1.0,60.0,0.0,1.0,60.0,0.0,1.0,60.0,0.0,1.0,60.0,0.0,1.0,60.0,0.0,1.0,60.0,0.0,1.0,60.0,0.0,1.0,60.0,0.0,60.0,0.0,0.0,0.0,1.0,60.0,0.0,60.0,0.0,0.0,0.0,1.0,60.0,0.0,60.0,0.0,0.0,0.0,1.0,60.0,0.0,60.0,0.0,0.0,0.0,1.0,60.0,0.0,60.0,0.0,0.0,0.0,1.0,1505913539.063954,0.0,1.0,1505913539.063954,0.0,1.0,1505913539.063954,0.0,1.0,1505913539.063954,0.0,1.0,1505913539.063954,0.0,1.0,60.0,0.0,60.0,0.0,0.0,0.0,1.0,60.0,0.0,60.0,0.0,0.0,0.0,1.0,60.0,0.0,60.0,0.0,0.0,0.0,1.0,60.0,0.0,60.0,0.0,0.0,0.0,1.0,60.0,0.0,60.0,0.0,0.0,0.0
1.0,60.0,0.0,1.0,60.0,0.0,1.0,60.0,0.0,1.0,60.0,0.0,1.0,60.0,0.0,1.0,60.0,0.0,1.0,60.0,0.0,1.0,60.0,0.0,1.0,60.0,0.0,1.0,60.0,0.0,1.0,60.0,0.0,60.0,0.0,0.0,0.0,1.0,60.0,0.0,60.0,0.0,0.0,0.0,1.0,60.0,0.0,60.0,0.0,0.0,0.0,1.0,60.0,0.0,60.0,0.0,0.0,0.0,1.0,60.0,0.0,60.0,0.0,0.0,0.0,1.0,1505913425.807418,0.0,1.0,1505913425.807418,0.0,1.0,1505913425.807418,0.0,1.0,1505913425.807418,0.0,1.0,1505913425.807418,0.0,1.0,60.0,0.0,60.0,0.0,0.0,0.0,1.0,60.0,0.0,60.0,0.0,0.0,0.0,1.0,60.0,0.0,60.0,0.0,0.0,0.0,1.0,60.0,0.0,60.0,0.0,0.0,0.0,1.0,60.0,0.0,60.0,0.0,0.0,0.0
54.21525833985314,74.01987546532665,0.4766161616889804,80.63406155722605,74.05161503954258,1.2371445573571689,176.5445362410531,74.21835238199769,67.26756001364447,1130.6519935879408,77.0122628688565,2130.3229191905148,3371.763165871312,76.2309832405218,1347.6628462860872,54.21525833985314,74.01987546532665,0.4766161616889804,80.63406155722605,74.05161503954258,1.2371445573571689,176.5445362410531,74.21835238199769,67.26756001364447,1130.6519935879408,77.0122628688565,2130.3229191905148,3371.763165871312,76.2309832405218,1347.6628462860872,1.0000000008856456,74.0,9.5367431640625e-07,74.0,9.094947017729282e-13,0.0,0.0,1.000003708429037,74.0,0.0,74.0,0.0,0.0,0.0,1.017397861899839,74.00000000000001,9.5367431640625e-07,74.00000000000001,9.094947017729282e-13,0.0,0.0,2.194320300139489,74.00000000000001,9.5367431640625e-07,74.00000000000001,9.094947017729282e-13,0.0,0.0,2.898575127954424,74.0,0.0,74.0,0.0,0.0,0.0,1.0000000008856456,6.014559228665508,60620.702345845086,1.000003708429037,16.829121311337268,16285864904.392172,1.017397861899839,2855710.492523656,4292286987866388.0,2.194320300139489,367316333.0934575,4.182250810349549e+17,2.898575127954424,488055616.10693073,4.9677092023641216e+17,1.0000000008856456,74.0,9.5367431640625e-07,74.0,9.094947017729282e-13,0.0,0.0,1.000003708429037,74.0,0.0,74.0,0.0,0.0,0.0,1.017397861899839,74.00000000000001,9.5367431640625e-07,74.00000000000001,9.094947017729282e-13,0.0,0.0,2.194320300139489,74.00000000000001,9.5367431640625e-07,74.00000000000001,9.094947017729282e-13,0.0,0.0,2.898575127954424,74.0,0.0,74.0,0.0,0.0,0.0
173.7532846850961,74.09258077598722,2.2133674250071635,285.3367215022987,74.07373891856744,1.7643359688081546,849.6476836776917,74.05951874986404,7.912511825882576,7337.315421417666,74.62865015408599,459.43743943470594,18635.09619718672,74.59354391773665,426.83050971999,173.7532846850961,74.09258077598722,2.2133674250071635,285.3367215022987,74.07373891856744,1.7643359688081546,849.6476836776917,74.05951874986404,7.912511825882576,7337.315421417666,74.62865015408599,459.43743943470594,18635.09619718672,74.59354391773665,426.83050971999,173.08302576806653,73.99999999999996,1.3486991523486091e-06,95.26804291051644,5.322681277320784e-12,-2.6264614798612548e-27,-8.707119796640485e-16,284.46001734346765,73.99999999921087,0.0001051336725823,95.26804290990351,1.1053089110646397e-08,-9.824578179289328e-23,0.0,847.7165700393283,73.99995835667893,0.0241454917557024,95.2680105638311,0.0005830047721246,-2.869121186839604e-18,-3.1149620476263504e-11,7309.738449423873,73.99863067915891,0.1384507736081837,95.2669792865848,0.0191686167127045,8.072623374614682e-18,1.4615046224495216e-11,18568.102599681115,73.99811466617567,0.1624534368044723,95.26657847402944,0.0263911191295846,-9.200334952911706e-16,-1.1646300041412751e-09,173.08302576806642,0.0016926332261317,1.2168608752661052e-05,284.46001734346794,0.0017069498134677,1.3031645730678271e-05,847.7165700393313,0.0017087820389391,1224.9396407567506,7309.738449424,12021.951634469522,18103881807187.277,18568.10259968072,61043.63663554173,91922757472097.22,1.0,74.0,0.0,74.0,0.0,0.0,0.0,1.0,74.0,0.0,74.0,0.0,0.0,0.0,1.0,74.0,0.0,74.0,0.0,0.0,0.0,1.0,74.0,0.0,74.0,0.0,0.0,0.0,1.0,74.0,0.0,74.0,0.0,0.0,0.0
136.1180382778682,74.00537726608475,0.1290254710447698,238.906129873202,74.01380759317951,0.3311916205911984,751.1629437537082,74.03142610325497,0.8181469076125722,5713.42711499966,74.07910824341927,11.582355831335008,9468.957059604862,74.0887729539226,13.954604953678428,136.1180382778682,74.00537726608475,0.1290254710447698,238.906129873202,74.01380759317951,0.3311916205911984,751.1629437537082,74.03142610325497,0.8181469076125722,5713.42711499966,74.07910824341927,11.582355831335008,9468.957059604862,74.0887729539226,13.954604953678428,136.08754065658692,73.99999999999999,9.5367431640625e-07,95.26804291051648,5.98126754901655e-12,-1.5745055498213349e-27,-6.790274700504536e-16,238.7686832641217,73.99999999999997,4.862803948967728e-06,95.26804291051634,2.5175923902982335e-11,-4.14354657517513e-27,-2.898835524082741e-16,750.186768537125,73.99999583289514,0.0076380274924978,95.2680396736938,5.83394639761537e-05,2.746998495005391e-20,2.177291064007768e-12,5701.332930818797,73.99802318855099,0.1663473849393794,95.26650741899444,0.02767145247617,1.9237527366987187e-16,4.1593333004528067e-10,9446.682948402778,73.99729381773349,0.1946258673500608,95.26594088313011,0.0378792282417634,-1.814504505235728e-15,-9.97750115188345e-10,136.08754065658675,0.0023531856473125,0.000150618362832,238.76868326412207,0.0021456162172215,0.3925515716959901,750.1867685371277,6.9416222677997865,10450537798.060385,5701.332930818848,75109.45716477367,113102763122870.3,9446.682948402766,140574.9717025906,211674099200619.44,1.0,74.0,0.0,74.0,0.0,0.0,0.0,1.0,74.0,0.0,74.0,0.0,0.0,0.0,1.0,74.0,0.0,74.0,0.0,0.0,0.0,1.0,74.0,0.0,74.0,0.0,0.0,0.0,1.0,74.0,0.0,74.0,0.0,0.0,0.0
170.07927096907724,73.93492661954953,0.7636009080379154,275.75231910561496,73.91854324142356,1.1859569541366,808.0243807579977,73.95884599057375,1.4859414406855649,7747.546876037642,74.122832381347,55.24326893811576,31378.70674485832,74.32181779259102,208.5220079961028,170.07927096907724,73.93492661954953,0.7636009080379154,275.75231910561496,73.91854324142356,1.1859569541366,808.0243807579977,73.95884599057375,1.4859414406855649,7747.546876037642,74.122832381347,55.24326893811576,31378.70674485832,74.32181779259102,208.5220079961028,168.47679688702698,74.0,9.5367431640625e-07,95.26804291051646,4.637531231849411e-12,-5.448646749207587e-28,-2.679189772708154e-16,272.16768237092725,74.00000000000013,4.573661349594802e-06,95.26804291051646,2.161844226794476e-11,-1.348716874790393e-26,-1.2623537504636252e-15,799.5123935414608,73.99999969915389,0.0020522778803219,95.26804267683252,4.2118444980588064e-06,-9.421860839052367e-21,-6.807935496026425e-12,7719.905790207985,73.9988722618418,0.1256465775238261,95.26716693606656,0.0157870624434508,2.0185763598213086e-16,0.0,31280.310899945234,73.99833313712999,0.1527524199406353,95.26674817098332,0.0233333017977202,-2.0391288544049238e-16,-1.432368621345142e-10,168.4767968870269,0.0017418272930659,1.439604790573414e-05,272.1676823709272,0.00178826325759,1.7873796720519792e-05,799.5123935414647,0.0018134937764558,2.3090203665130626e-05,7719.9057902080895,1035.2480892450994,1558991050473.8008,31280.31089994421,28511.152354647715,42934536956511.3,1.0,74.0,0.0,95.26804291051644,0.0,0.0,0.0,1.0,74.0,0.0,95.26804291051644,0.0,0.0,0.0,1.0000000000000004,74.0,9.5367431640625e-07,95.26804291051644,9.094947017729282e-13,0.0,0.0,1.0289526477578317,73.99999999999999,1.3486991523486091e-06,95.26804291051644,1.8189894035458565e-12,0.0,0.0,1.7017280368276055,74.0,9.5367431640625e-07,95.26804291051644,9.094947017729282e-13,0.0,0.0
143.41709126580508,73.81911182356573,1.696146806730212,251.5196421406301,73.84519176957825,1.7958647398218088,804.9003729677162,73.94630167705621,1.6875772430539655,5409.42353101679,74.05767749657608,16.245755754568563,8195.787712816445,74.0725789049813,19.5527240712654,143.41709126580508,73.81911182356573,1.696146806730212,251.5196421406301,73.84519176957825,1.7958647398218088,804.9003729677162,73.94630167705621,1.6875772430539655,5409.42353101679,74.05767749657608,16.245755754568563,8195.787712816445,74.0725789049813,19.5527240712654,139.9638182309312,74.0,9.5367431640625e-07,95.26804291051646,2.033691978340166e-12,-1.243224742277395e-28,-9.665725859530355e-17,245.89089304278443,73.999999999703,6.451943311913623e-05,95.2680429102858,4.162785963480096e-09,-3.327096967439054e-23,-1.3114458650171804e-13,795.1156729672317,73.99995152784398,0.0260501020973383,95.26800525949535,0.0006786078192817,1.3941486961367936e-17,3.2399548118293946e-10,5386.982524991574,73.99731039294016,0.1940290309568608,95.26595375783064,0.0376472648540584,-1.115272653834879e-17,-6.027181254786403e-11,8165.08947430917,73.99678941095522,0.2119857041558513,95.26554908847824,0.0449379387664521,1.4817363281349358e-15,2.992186386838318e-09,139.96381823093114,0.0021533559723679,5.519042472322034e-05,245.89089304278443,0.002001243023434,726.4616134941342,795.1156729672338,81.1891247224342,122261068332.466,5386.982524991613,102250.72338934374,153970320205276.94,8165.089474309121,166786.29426346027,251137966149415.88,1.0,74.0,0.0,74.0,0.0,0.0,0.0,1.0,74.0,0.0,74.0,0.0,0.0,0.0,1.0,74.0,0.0,74.0,0.0,0.0,0.0,1.0,74.0,0.0,74.0,0.0,0.0,0.0,1.0,74.0,0.0,74.0,0.0,0.0,0.0
1.0,60.0,0.0,1.0,60.0,0.0,1.0,60.0,0.0,1.0,60.0,0.0,1.0,60.0,0.0,1.0,60.0,0.0,1.0,60.0,0.0,1.0,60.0,0.0,1.0,60.0,0.0,1.0,60.0,0.0,1.0,60.0,0.0,60.0,0.0,0.0,0.0,1.0,60.0,0.0,60.0,0.0,0.0,0.0,1.0,60.0,0.0,60.0,0.0,0.0,0.0,1.0,60.0,0.0,60.0,0.0,0.0,0.0,1.0,60.0,0.0,60.0,0.0,0.0,0.0,1.0,1505913432.828668,0.0,1.0,1505913432.828668,0.0,1.0,1505913432.828668,0.0,1.0,1505913432.828668,0.0,1.0,1505913432.828668,0.0,1.0,60.0,0.0,60.0,0.0,0.0,0.0,1.0,60.0,0.0,60.0,0.0,0.0,0.0,1.0,60.0,0.0,60.0,0.0,0.0,0.0,1.0,60.0,0.0,60.0,0.0,0.0,0.0,1.0,60.0,0.0,60.0,0.0,0.0,0.0
1.0,60.0,0.0,1.0,60.0,0.0,1.0,60.0,0.0,1.0,60.0,0.0,1.0,60.0,0.0,1.0,60.0,0.0,1.0,60.0,0.0,1.0,60.0,0.0,1.0,60.0,0.0,1.0,60.0,0.0,1.0,60.0,0.0,60.0,0.0,0.0,0.0,1.0,60.0,0.0,60.0,0.0,0.0,0.0,1.0,60.0,0.0,60.0,0.0,0.0,0.0,1.0,60.0,0.0,60.0,0.0,0.0,0.0,1.0,60.0,0.0,60.0,0.0,0.0,0.0,1.0,1505913471.630766,0.0,1.0,1505913471.630766,0.0,1.0,1505913471.630766,0.0,1.0,1505913471.630766,0.0,1.0,1505913471.630766,0.0,1.0,60.0,0.0,60.0,0.0,0.0,0.0,1.0,60.0,0.0,60.0,0.0,0.0,0.0,1.0,60.0,0.0,60.0,0.0,0.0,0.0,1.0,60.0,0.0,60.0,0.0,0.0,0.0,1.0,60.0,0.0,60.0,0.0,0.0,0.0
1.0,60.0,0.0,1.0,60.0,0.0,1.0,60.0,0.0,1.0,60.0,0.0,1.0,60.0,0.0,1.0,60.0,0.0,1.0,60.0,0.0,1.0,60.0,0.0,1.0,60.0,0.0,1.0,60.0,0.0,1.0,60.0,0.0,60.0,0.0,0.0,0.0,1.0,60.0,0.0,60.0,0.0,0.0,0.0,1.0,60.0,0.0,60.0,0.0,0.0,0.0,1.0,60.0,0.0,60.0,0.0,0.0,0.0,1.0,60.0,0.0,60.0,0.0,0.0,0.0,1.0,1505913429.5266962,0.0,1.0,1505913429.5266962,0.0,1.0,1505913429.5266962,0.0,1.0,1505913429.5266962,0.0,1.0,1505913429.5266962,0.0,1.0,60.0,0.0,60.0,0.0,0.0,0.0,1.0,60.0,0.0,60.0,0.0,0.0,0.0,1.0,60.0,0.0,60.0,0.0,0.0,0.0,1.0,60.0,0.0,60.0,0.0,0.0,0.0,1.0,60.0,0.0,60.0,0.0,0.0,0.0
1.0,60.0,0.0,1.0,60.0,0.0,1.0,60.0,0.0,1.0,60.0,0.0,1.0,60.0,0.0,1.0,60.0,0.0,1.0,60.0,0.0,1.0,60.0,0.0,1.0,60.0,0.0,1.0,60.0,0.0,1.0,60.0,0.0,60.0,0.0,0.0,0.0,1.0,60.0,0.0,60.0,0.0,0.0,0.0,1.0,60.0,0.0,60.0,0.0,0.0,0.0,1.0,60.0,0.0,60.0,0.0,0.0,0.0,1.0,60.0,0.0,60.0,0.0,0.0,0.0,1.0,1505913557.103585,0.0,1.0,1505913557.103585,0.0,1.0,1505913557.103585,0.0,1.0,1505913557.103585,0.0,1.0,1505913557.103585,0.0,1.0,60.0,0.0,60.0,0.0,0.0,0.0,1.0,60.0,0.0,60.0,0.0,0.0,0.0,1.0,60.0,0.0,60.0,0.0,0.0,0.0,1.0,60.0,0.0,60.0,0.0,0.0,0.0,1.0,60.0,0.0,60.0,0.0,0.0,0.0
1.0,60.0,0.0,1.0,60.0,0.0,1.0,60.0,0.0,1.0,60.0,0.0,1.0,60.0,0.0,1.0,60.0,0.0,1.0,60.0,0.0,1.0,60.0,0.0,1.0,60.0,0.0,1.0,60.0,0.0,1.0,60.0,0.0,60.0,0.0,0.0,0.0,1.0,60.0,0.0,60.0,0.0,0.0,0.0,1.0,60.0,0.0,60.0,0.0,0.0,0.0,1.0,60.0,0.0,60.0,0.0,0.0,0.0,1.0,60.0,0.0,60.0,0.0,0.0,0.0,1.0,1505913544.412135,0.0,1.0,1505913544.412135,0.0,1.0,1505913544.412135,0.0,1.0,1505913544.412135,0.0,1.0,1505913544.412135,0.0,1.0,60.0,0.0,60.0,0.0,0.0,0.0,1.0,60.0,0.0,60.0,0.0,0.0,0.0,1.0,60.0,0.0,60.0,0.0,0.0,0.0,1.0,60.0,0.0,60.0,0.0,0.0,0.0,1.0,60.0,0.0,60.0,0.0,0.0,0.0
1.0,60.0,0.0,1.0,60.0,0.0,1.0,60.0,0.0,1.0,60.0,0.0,1.0,60.0,0.0,1.0,60.0,0.0,1.0,60.0,0.0,1.0,60.0,0.0,1.0,60.0,0.0,1.0,60.0,0.0,1.0,60.0,0.0,60.0,0.0,0.0,0.0,1.0,60.0,0.0,60.0,0.0,0.0,0.0,1.0,60.0,0.0,60.0,0.0,0.0,0.0,1.0,60.0,0.0,60.0,0.0,0.0,0.0,1.0,60.0,0.0,60.0,0.0,0.0,0.0,1.0,1505913471.072238,0.0,1.0,1505913471.072238,0.0,1.0,1505913471.072238,0.0,1.0,1505913471.072238,0.0,1.0,1505913471.072238,0.0,1.0,60.0,0.0,60.0,0.0,0.0,0.0,1.0,60.0,0.0,60.0,0.0,0.0,0.0,1.0,60.0,0.0,60.0,0.0,0.0,0.0,1.0,60.0,0.0,60.0,0.0,0.0,0.0,1.0,60.0,0.0,60.0,0.0,0.0,0.0
152.54645922261062,73.9958460100726,4.460411169325199,240.84069288673695,74.09700572778705,79.91834733035556,538.0128303670829,75.55024933079146,1263.6685237496183,5092.7357137135305,74.8984617658265,692.7458665206967,10619.645892880324,74.55113002784364,398.7747623782425,152.54645922261062,73.9958460100726,4.460411169325199,240.84069288673695,74.09700572778705,79.91834733035556,538.0128303670829,75.55024933079146,1263.6685237496183,5092.7357137135305,74.8984617658265,692.7458665206967,10619.645892880324,74.55113002784364,398.7747623782425,152.14393248011262,74.0,9.5367431640625e-07,95.26804291051646,2.033691978340166e-12,4.72295043893433e-28,3.6719623281678496e-16,240.0370008765137,74.0000000000001,3.3036247397782844e-06,95.26804291051658,1.3374520831214559e-11,1.5107939975406513e-26,1.6447693006817149e-15,534.9968756763178,73.99999990557264,0.0011497745308741,95.26804283716956,1.321981472298576e-06,-1.4511026947352418e-20,-2.1468098507089577e-12,5073.917869588449,73.99852957535876,0.143470494435018,95.26690075422415,0.0205837827734285,2.3524969317659075e-16,2.5213893117388805e-10,10585.51481312712,73.99768255810041,0.180107789914585,95.26624283537932,0.0324388159879163,-1.963240151511323e-15,-1.2149802220706238e-09,152.14393248011257,0.0020400325546835,0.0001646756085757,240.03700087651387,0.0023011019885644,0.0005522336986164,534.996875676319,0.1605984232256481,236811258.73230475,5073.917869588499,55869.16175469241,84131045955683.66,10585.514813127087,120381.51863729957,181269758183181.6,1.0,74.0,0.0,74.0,0.0,0.0,0.0,1.0,74.0,0.0,74.0,0.0,0.0,0.0,1.0,74.0,0.0,74.0,0.0,0.0,0.0,1.0,74.0,0.0,74.0,0.0,0.0,0.0,1.0,74.0,0.0,74.0,0.0,0.0,0.0
181.5006796546978,74.07062573950607,27.155207271870488,294.313880089551,74.31236141266406,229.05727626952284,821.1566715458699,75.53400640125894,1249.0968612992492,7529.466331771122,74.64660910500203,494.45364263647207,38306.044633666745,74.3719921089164,251.30057494240737,181.5006796546978,74.07062573950607,27.155207271870488,294.313880089551,74.31236141266406,229.05727626952284,821.1566715458699,75.53400640125894,1249.0968612992492,7529.466331771122,74.64660910500203,494.45364263647207,38306.044633666745,74.3719921089164,251.30057494240737,181.1761943455164,73.99733771493928,0.1930411953175681,95.26597498004617,0.0372649030896354,-8.486114245054704e-17,-1.7422471765941362e-10,293.65787916733865,73.99368136935907,0.2973565265414481,95.26313496096073,0.0884209038767949,7.819605365664106e-16,1.0815599470033826e-09,818.130597838733,73.9912751337978,0.3493880414704967,95.26126597901876,0.1220720035225895,-9.620812285545999e-17,-2.0416844460794568e-10,7507.475126382258,73.99750898086077,0.1867299192985256,95.26610800999792,0.0348680627612338,1.3312178694091002e-16,2.6429573138746355e-10,38191.29820941613,73.99818756630569,0.1592820984451962,95.26663509906363,0.0253707868851051,3.413695487110523e-16,3.3315936399035863e-10,181.1761943455164,0.0016193025849978,1.3348764241280804e-05,293.6578791673388,0.0016576605254768,1.7132184751339303e-05,818.1305978387356,0.001773195459023,2.549444108207661e-05,7507.475126382351,149.47022088102582,225086424245.5354,38191.29820941457,19189.345324346843,28897138806628.004,1.0,74.0,0.0,95.26804291051644,0.0,0.0,0.0,1.0,74.0,0.0,95.26804291051644,0.0,0.0,0.0,1.0,74.0,0.0,95.26804291051644,0.0,0.0,0.0,1.0202832381025342,74.0,0.0,95.26804291051644,0.0,0.0,0.0,1.6771949781727258,73.99999999999999,9.5367431640625e-07,95.26804291051644,9.094947017729282e-13,0.0,0.0
82.25815075893131,509.4749751472328,20012.884439113288,157.227785319587,471.8243685847014,33841.92742866036,564.9352510916999,433.6793091668025,44961.03182404285,6247.750843106734,425.7393129612959,46903.245937681066,41509.11013389711,425.9646797203754,46838.03210086405,82.25815075893131,509.4749751472328,20012.884439113288,157.227785319587,471.8243685847014,33841.92742866036,564.9352510916999,433.6793091668025,44961.03182404285,6247.750843106734,425.7393129612959,46903.245937681066,41509.11013389711,425.9646797203754,46838.03210086405,74.84408961399623,553.9999999827835,0.0029163254562394,553.9999999827835,8.504954166710377e-06,0.0,0.0,131.07335400611973,553.9999733283195,0.1147859288627445,553.9999733283195,0.013175809464883,0.0,0.0,427.3561806017895,553.9772638451901,3.3512898327841034,553.9772638451901,11.231143543322103,0.0,0.0,4626.680888050774,553.8660159305462,8.1345054294056,553.8660159305462,66.17017858102918,0.0,0.0,30753.24935703113,553.9076002119375,6.755513125295845,553.9076002119375,45.63695758604445,0.0,0.0,74.84408961399623,0.0040131591608763,7.8672579289959e-05,131.07335400611973,0.0037536879538471,6.937348656630933e-05,427.3561806017895,0.003399732009167,5.788503160878396e-05,4626.680888050774,7.324151793122519,11037596272.183874,30753.24935703113,16809.905280996136,25343266073199.99,1.0,554.0,0.0,554.0,0.0,0.0,0.0,1.0,554.0,0.0,554.0,0.0,0.0,0.0,1.0,554.0,0.0,554.0,0.0,0.0,0.0,1.0,554.0,0.0,554.0,0.0,0.0,0.0,1.0,554.0,0.0,554.0,0.0,0.0,0.0
1.0,60.0,0.0,1.0,60.0,0.0,1.0,60.0,0.0,1.0,60.0,0.0,1.0,60.0,0.0,1.0,60.0,0.0,1.0,60.0,0.0,1.0,60.0,0.0,1.0,60.0,0.0,1.0,60.0,0.0,1.0,60.0,0.0,60.0,0.0,0.0,0.0,1.0,60.0,0.0,60.0,0.0,0.0,0.0,1.0,60.0,0.0,60.0,0.0,0.0,0.0,1.0,60.0,0.0,60.0,0.0,0.0,0.0,1.0,60.0,0.0,60.0,0.0,0.0,0.0,1.0,1505913540.060256,0.0,1.0,1505913540.060256,0.0,1.0,1505913540.060256,0.0,1.0,1505913540.060256,0.0,1.0,1505913540.060256,0.0,1.0,60.0,0.0,60.0,0.0,0.0,0.0,1.0,60.0,0.0,60.0,0.0,0.0,0.0,1.0,60.0,0.0,60.0,0.0,0.0,0.0,1.0,60.0,0.0,60.0,0.0,0.0,0.0,1.0,60.0,0.0,60.0,0.0,0.0,0.0
142.92224559594146,74.01764211714594,2.7233893564325617,249.5302629285089,74.07685670340742,15.772184241387553,761.4099983451288,74.32222004299419,122.1248458097134,6799.822222992152,74.59863039969538,418.4168147046057,20579.15403923361,74.33035558199911,213.07951953826975,142.92224559594146,74.01764211714594,2.7233893564325617,249.5302629285089,74.07685670340742,15.772184241387553,761.4099983451288,74.32222004299419,122.1248458097134,6799.822222992152,74.59863039969538,418.4168147046057,20579.15403923361,74.33035558199911,213.07951953826975,142.33833987116083,74.00000000000001,1.6518123698891422e-06,95.26804291051648,7.346668290394296e-12,6.217115129442297e-28,1.4411111463838415e-16,248.61097990542663,73.9999999999999,3.162979879718208e-06,95.26804291051636,1.0259567873325504e-11,8.357104795953347e-28,1.7522228027966756e-16,758.7813191531823,73.99999967226849,0.0021420185405035,95.26804265594906,4.588243427864261e-06,-7.823872119727723e-21,-1.56358971777196e-12,6777.43695240385,73.99903868976092,0.1160061167733261,95.2672962091858,0.0134574191288265,-3.3780946593597106e-17,-5.57481181247718e-11,20515.917721183014,73.99834956864228,0.1519977466948066,95.26676093414206,0.0231033150002986,3.289831910733444e-16,1.435378603256415e-09,142.3383398711609,0.0020972559753368,3.879031498061559e-05,248.6109799054265,0.0019685463112068,3.0382240092069623e-05,758.7813191531842,0.0019483134758057,129.66639244287398,6777.436952403932,10243.987528629918,15426454410687.152,20515.917721182483,53961.32669109084,81258193251837.28,1.0,74.0,0.0,74.0,0.0,0.0,0.0,1.0,74.0,0.0,74.0,0.0,0.0,0.0,1.0,74.0,0.0,74.0,0.0,0.0,0.0,1.0,74.0,0.0,74.0,0.0,0.0,0.0,1.0,74.0,0.0,74.0,0.0,0.0,0.0
1.0,60.0,0.0,1.0,60.0,0.0,1.0,60.0,0.0,1.0,60.0,0.0,1.0,60.0,0.0,1.0,60.0,0.0,1.0,60.0,0.0,1.0,60.0,0.0,1.0,60.0,0.0,1.0,60.0,0.0,1.0,60.0,0.0,60.0,0.0,0.0,0.0,1.0,60.0,0.0,60.0,0.0,0.0,0.0,1.0,60.0,0.0,60.0,0.0,0.0,0.0,1.0,60.0,0.0,60.0,0.0,0.0,0.0,1.0,60.0,0.0,60.0,0.0,0.0,0.0,1.0,1505913563.551114,0.0,1.0,1505913563.551114,0.0,1.0,1505913563.551114,0.0,1.0,1505913563.551114,0.0,1.0,1505913563.551114,0.0,1.0,60.0,0.0,60.0,0.0,0.0,0.0,1.0,60.0,0.0,60.0,0.0,0.0,0.0,1.0,60.0,0.0,60.0,0.0,0.0,0.0,1.0,60.0,0.0,60.0,0.0,0.0,0.0,1.0,60.0,0.0,60.0,0.0,0.0,0.0
149.52611745681403,76.5550879916603,1022.2721334977076,258.3967786384994,75.7476221496832,698.8311923978198,783.4379920488951,74.96290750770319,382.3730576615544,6883.096260690437,74.66980049372808,434.2561749653487,20954.195310828145,74.36072337027902,223.31052485418056,149.52611745681403,76.5550879916603,1022.2721334977076,258.3967786384994,75.7476221496832,698.8311923978198,783.4379920488951,74.96290750770319,382.3730576615544,6883.096260690437,74.66980049372808,434.2561749653487,20954.195310828145,74.36072337027902,223.31052485418056,148.4071719766084,73.9814946275957,0.5086578072310365,95.2536694691232,0.2587327648570863,-4.199778384358538e-16,-4.328830459842824e-10,256.7300747140748,73.97947769686665,0.5356221419444429,95.25210297049186,0.2868910789411529,-3.0550748422481345e-15,-4.2291028532346334e-09,779.2949413031488,73.98702949412579,0.4259329151568117,95.25796834577493,0.1814188482139798,1.030409857074419e-15,5.979053818628031e-10,6858.199470360275,73.99713039543683,0.2004151420374117,95.26581394581846,0.0401662291578759,7.227251440841099e-16,7.021720653664935e-10,20887.360768240844,73.99772071180861,0.1786192583870322,95.26627247112584,0.0319048394667333,-7.963070339264017e-16,-1.7069529545224831e-09,148.4071719766083,0.0019745402517396,1.3944833785607322e-05,256.73007471407465,0.0018915259216363,1.4397711281735375e-05,779.2949413031508,0.0018783414691531,68.52861348390303,6858.199470360354,9523.298383320744,14341172939052.598,20887.36076824032,52678.85136658555,79327032697090.05,1.0,74.0,0.0,74.0,0.0,0.0,0.0,1.0,74.0,0.0,74.0,0.0,0.0,0.0,1.0,74.0,0.0,74.0,0.0,0.0,0.0,1.0,74.0,0.0,74.0,0.0,0.0,0.0,1.0,74.0,0.0,74.0,0.0,0.0,0.0
1.0,60.0,0.0,1.0,60.0,0.0,1.0,60.0,0.0,1.0,60.0,0.0,1.0,60.0,0.0,1.0,60.0,0.0,1.0,60.0,0.0,1.0,60.0,0.0,1.0,60.0,0.0,1.0,60.0,0.0,1.0,60.0,0.0,60.0,0.0,0.0,0.0,1.0,60.0,0.0,60.0,0.0,0.0,0.0,1.0,60.0,0.0,60.0,0.0,0.0,0.0,1.0,60.0,0.0,60.0,0.0,0.0,0.0,1.0,60.0,0.0,60.0,0.0,0.0,0.0,1.0,1505913449.056139,0.0,1.0,1505913449.056139,0.0,1.0,1505913449.056139,0.0,1.0,1505913449.056139,0.0,1.0,1505913449.056139,0.0,1.0,60.0,0.0,60.0,0.0,0.0,0.0,1.0,60.0,0.0,60.0,0.0,0.0,0.0,1.0,60.0,0.0,60.0,0.0,0.0,0.0,1.0,60.0,0.0,60.0,0.0,0.0,0.0,1.0,60.0,0.0,60.0,0.0,0.0,0.0
1.0,60.0,0.0,1.0,60.0,0.0,1.0,60.0,0.0,1.0,60.0,0.0,1.0,60.0,0.0,1.0,60.0,0.0,1.0,60.0,0.0,1.0,60.0,0.0,1.0,60.0,0.0,1.0,60.0,0.0,1.0,60.0,0.0,60.0,0.0,0.0,0.0,1.0,60.0,0.0,60.0,0.0,0.0,0.0,1.0,60.0,0.0,60.0,0.0,0.0,0.0,1.0,60.0,0.0,60.0,0.0,0.0,0.0,1.0,60.0,0.0,60.0,0.0,0.0,0.0,1.0,1505913447.673964,0.0,1.0,1505913447.673964,0.0,1.0,1505913447.673964,0.0,1.0,1505913447.673964,0.0,1.0,1505913447.673964,0.0,1.0,60.0,0.0,60.0,0.0,0.0,0.0,1.0,60.0,0.0,60.0,0.0,0.0,0.0,1.0,60.0,0.0,60.0,0.0,0.0,0.0,1.0,60.0,0.0,60.0,0.0,0.0,0.0,1.0,60.0,0.0,60.0,0.0,0.0,0.0
153.54764843579017,74.02226178131681,0.5337907829316464,252.60884113150655,74.0329385241827,0.7926553494853579,796.4331842441327,74.05043636814528,3.96377800476148,6752.081923205493,74.09764713949932,20.58809830280552,12715.077510718562,74.09803816271746,22.15319166170684,153.54764843579017,74.02226178131681,0.5337907829316464,252.60884113150655,74.0329385241827,0.7926553494853579,796.4331842441327,74.05043636814528,3.96377800476148,6752.081923205493,74.09764713949932,20.58809830280552,12715.077510718562,74.09803816271746,22.15319166170684,153.4052206825529,73.99999999999997,2.3360154559928683e-06,95.26804291051636,1.0606439709309235e-11,9.1978004971684e-28,1.3055941237784667e-16,252.26197421443612,73.99999999999993,4.046097457045827e-06,95.2680429105164,1.6370904631912708e-11,-1.551649676314586e-27,0.0,794.9970570259846,73.99999990086373,0.0011780838845124,95.2680428335118,1.3878816389720124e-06,7.432806500823006e-21,2.2052369987877017e-12,6731.2887121178255,73.99884121248081,0.1273643688868528,95.26714281844454,0.0162216824619463,1.9100125106311224e-16,2.440979481869851e-10,12674.614548534171,73.99805590416757,0.1649653361408209,95.2665328307707,0.027213562128054,5.322685283109302e-16,1.5948937210923767e-09,153.4052206825529,0.002020300344164,9.297621552088696e-05,252.2619742144361,0.0019933396416929,9.579160323944785e-05,794.9970570259892,0.1678816892117291,250051375.36358216,6731.288712117874,44053.59672122414,66338977033168.83,12674.61454853402,100993.474186011,152077266765635.47,1.0,74.0,0.0,74.0,0.0,0.0,0.0,1.0,74.0,0.0,74.0,0.0,0.0,0.0,1.0,74.0,0.0,74.0,0.0,0.0,0.0,1.0,74.0,0.0,74.0,0.0,0.0,0.0,1.0,74.0,0.0,74.0,0.0,0.0,0.0
1.0,60.0,0.0,1.0,60.0,0.0,1.0,60.0,0.0,1.0,60.0,0.0,1.0,60.0,0.0,1.0,60.0,0.0,1.0,60.0,0.0,1.0,60.0,0.0,1.0,60.0,0.0,1.0,60.0,0.0,1.0,60.0,0.0,60.0,0.0,0.0,0.0,1.0,60.0,0.0,60.0,0.0,0.0,0.0,1.0,60.0,0.0,60.0,0.0,0.0,0.0,1.0,60.0,0.0,60.0,0.0,0.0,0.0,1.0,60.0,0.0,60.0,0.0,0.0,0.0,1.0,1505913572.934851,0.0,1.0,1505913572.934851,0.0,1.0,1505913572.934851,0.0,1.0,1505913572.934851,0.0,1.0,1505913572.934851,0.0,1.0,60.0,0.0,60.0,0.0,0.0,0.0,1.0,60.0,0.0,60.0,0.0,0.0,0.0,1.0,60.0,0.0,60.0,0.0,0.0,0.0,1.0,60.0,0.0,60.0,0.0,0.0,0.0,1.0,60.0,0.0,60.0,0.0,0.0,0.0
1.0,60.0,0.0,1.0,60.0,0.0,1.0,60.0,0.0,1.0,60.0,0.0,1.0,60.0,0.0,1.0,60.0,0.0,1.0,60.0,0.0,1.0,60.0,0.0,1.0,60.0,0.0,1.0,60.0,0.0,1.0,60.0,0.0,60.0,0.0,0.0,0.0,1.0,60.0,0.0,60.0,0.0,0.0,0.0,1.0,60.0,0.0,60.0,0.0,0.0,0.0,1.0,60.0,0.0,60.0,0.0,0.0,0.0,1.0,60.0,0.0,60.0,0.0,0.0,0.0,1.0,1505913477.616783,0.0,1.0,1505913477.616783,0.0,1.0,1505913477.616783,0.0,1.0,1505913477.616783,0.0,1.0,1505913477.616783,0.0,1.0,60.0,0.0,60.0,0.0,0.0,0.0,1.0,60.0,0.0,60.0,0.0,0.0,0.0,1.0,60.0,0.0,60.0,0.0,0.0,0.0,1.0,60.0,0.0,60.0,0.0,0.0,0.0,1.0,60.0,0.0,60.0,0.0,0.0,0.0
180.0885653233926,74.03909714851153,0.9368035754823724,283.742408918262,74.04521121196274,1.0831598635104456,761.6173791874513,74.04707702559139,1.1454695741012983,2039.3400183613587,74.05519639313717,1.4152574933905269,2322.333145530211,74.05742632839053,1.4819784315141078,180.0885653233926,74.03909714851153,0.9368035754823724,283.742408918262,74.04521121196274,1.0831598635104456,761.6173791874513,74.04707702559139,1.1454695741012983,2039.3400183613587,74.05519639313717,1.4152574933905269,2322.333145530211,74.05742632839053,1.4819784315141078,179.7951918712846,74.0,1.9073486328125e-06,95.26804291051644,3.666290353202634e-12,-4.950755196490521e-28,-3.8490741777921884e-16,283.20769557161344,73.99999999999997,2.132480599880018e-06,95.2680429105164,4.547473508864642e-12,1.383282531667354e-27,0.0,760.0526782860085,73.99999999999993,1.3486991523486091e-06,95.26804291051646,4.897778860262863e-12,-3.667099626335543e-27,-1.2750362595150052e-15,2033.6557633257348,74.00000000000013,5.955694197080992e-06,95.26804291051656,3.6208856249494387e-11,-8.813063252444281e-28,-5.485919325178064e-17,2315.481597977452,74.00000000000047,7.747686771999322e-06,95.26804291051675,6.126950640342043e-11,1.2621808259893403e-26,4.649246287862041e-16,179.79519187128463,3.632880050175712,5468335652.594506,283.2076955716132,808.9389869743216,1218189553067.5142,760.0526782860097,105770.1498669402,159269593506270.03,2033.6557633257369,552412.47496965,831580695605457.6,2315.481597977452,631586.7298791355,950716597780346.0,1.0,74.0,0.0,74.0,0.0,0.0,0.0,1.0,74.0,0.0,74.0,0.0,0.0,0.0,1.0,74.0,0.0,74.0,0.0,0.0,0.0,1.0,74.0,0.0,74.0,0.0,0.0,0.0,1.0,74.0,0.0,74.0,0.0,0.0,0.0
1.0,60.0,0.0,1.0,60.0,0.0,1.0,60.0,0.0,1.0,60.0,0.0,1.0,60.0,0.0,1.0,60.0,0.0,1.0,60.0,0.0,1.0,60.0,0.0,1.0,60.0,0.0,1.0,60.0,0.0,1.0,60.0,0.0,60.0,0.0,0.0,0.0,1.0,60.0,0.0,60.0,0.0,0.0,0.0,1.0,60.0,0.0,60.0,0.0,0.0,0.0,1.0,60.0,0.0,60.0,0.0,0.0,0.0,1.0,60.0,0.0,60.0,0.0,0.0,0.0,1.0,1505913547.186223,0.0,1.0,1505913547.186223,0.0,1.0,1505913547.186223,0.0,1.0,1505913547.186223,0.0,1.0,1505913547.186223,0.0,1.0,60.0,0.0,60.0,0.0,0.0,0.0,1.0,60.0,0.0,60.0,0.0,0.0,0.0,1.0,60.0,0.0,60.0,0.0,0.0,0.0,1.0,60.0,0.0,60.0,0.0,0.0,0.0,1.0,60.0,0.0,60.0,0.0,0.0,0.0
1.0,60.0,0.0,1.0,60.0,0.0,1.0,60.0,0.0,1.0,60.0,0.0,1.0,60.0,0.0,1.0,60.0,0.0,1.0,60.0,0.0,1.0,60.0,0.0,1.0,60.0,0.0,1.0,60.0,0.0,1.0,60.0,0.0,60.0,0.0,0.0,0.0,1.0,60.0,0.0,60.0,0.0,0.0,0.0,1.0,60.0,0.0,60.0,0.0,0.0,0.0,1.0,60.0,0.0,60.0,0.0,0.0,0.0,1.0,60.0,0.0,60.0,0.0,0.0,0.0,1.0,1505913545.761792,0.0,1.0,1505913545.761792,0.0,1.0,1505913545.761792,0.0,1.0,1505913545.761792,0.0,1.0,1505913545.761792,0.0,1.0,60.0,0.0,60.0,0.0,0.0,0.0,1.0,60.0,0.0,60.0,0.0,0.0,0.0,1.0,60.0,0.0,60.0,0.0,0.0,0.0,1.0,60.0,0.0,60.0,0.0,0.0,0.0,1.0,60.0,0.0,60.0,0.0,0.0,0.0
158.76130153917842,74.02399765565256,0.5753678481923998,273.1790399538355,74.03230140875966,0.7741904292206527,811.6021981473,74.03967639247894,0.9677791009180507,7609.89026285775,74.35239082795059,244.06708884491763,22170.52381391645,74.47833568734113,338.1817851828482,158.76130153917842,74.02399765565256,0.5753678481923998,273.1790399538355,74.03230140875966,0.7741904292206527,811.6021981473,74.03967639247894,0.9677791009180507,7609.89026285775,74.35239082795059,244.06708884491763,22170.52381391645,74.47833568734113,338.1817851828482,158.6025557456243,73.9999999999999,3.693564745147149e-06,95.26804291051636,1.3649997544965694e-11,-3.146762662807991e-27,-1.2633776316857722e-15,272.811370460746,74.0,2.132480599880018e-06,95.26804291051648,1.3949703907363044e-11,2.45559243568729e-28,3.1709333244317256e-17,810.2609147377832,73.99999989017724,0.0012399647643293,95.268042825211,1.5375126167837055e-06,-1.1479699306864251e-20,-4.576303559878318e-12,7588.648911933336,73.99927490533518,0.100751176228337,95.26747969016157,0.0101507995113934,1.3412673359652126e-16,5.097233219670077e-10,22099.64668252281,73.99850794213158,0.1445219151247439,95.26688395062344,0.0208865839513237,-4.6166151686569205e-17,-2.7303707925089778e-11,158.60255574562447,0.0018576020633593,1.91596222749774e-05,272.8113704607462,0.0017851121157956,1.8628816500622463e-05,810.2609147377867,0.0017885115982385,3.230459444153797,7588.648911933487,6365.969100115833,9586560737962.05,22099.64668252229,48310.085943982434,72748513606462.69,1.0,74.0,0.0,74.0,0.0,0.0,0.0,1.0,74.0,0.0,74.0,0.0,0.0,0.0,1.0,74.0,0.0,74.0,0.0,0.0,0.0,1.0,74.0,0.0,74.0,0.0,0.0,0.0,1.0,74.0,0.0,74.0,0.0,0.0,0.0
107.19068639266312,84.04321237884521,8217.90728468277,215.6780736350827,81.47176784819881,6127.565552508687,773.5668194658504,77.38584027307023,2764.8322987170923,7749.528088232145,74.83785728922638,634.5795135260722,40623.096863678686,74.4292045025469,295.54230888316306,107.19068639266312,84.04321237884521,8217.90728468277,215.6780736350827,81.47176784819881,6127.565552508687,773.5668194658504,77.38584027307023,2764.8322987170923,7749.528088232145,74.83785728922638,634.5795135260722,40623.096863678686,74.4292045025469,295.54230888316306,105.54138794929708,74.0000000000001,3.015782985847835e-06,95.26804291051646,1.1936576582599346e-11,-1.2829541959887719e-27,-1.5300355271651478e-16,213.1498153861484,73.99999999964686,7.019068883765105e-05,95.26804291024216,4.926734499454528e-09,-2.611641804095047e-23,-1.8391949404736e-13,768.6531925112973,73.99996808923065,0.0211364560584323,95.26801812364504,0.00044674977471,3.586955025998351e-18,9.511733012627654e-11,7722.146484067257,73.99862677544608,0.1386479639696407,95.26697625437536,0.0192232579129267,2.7928215119387475e-16,3.259154530331574e-10,40496.15977044735,73.99838499611944,0.1503577270733374,95.26678845239772,0.0226074460906602,2.970049286706537e-16,3.1586651576206625e-10,105.5413879492972,0.0029128460867589,0.0001044773561261,213.1498153861484,0.0023256185927578,6.483587110908535e-05,768.6531925113011,0.0018920567814337,4.08628625887617e-05,7722.146484067329,82.3992841585052,124083437802.79327,40496.15977044535,17099.035199063554,25749386727250.41,1.0,74.0,0.0,95.26804291051644,0.0,0.0,0.0,1.0,74.0,0.0,95.26804291051644,0.0,0.0,0.0,1.0,74.0,0.0,95.26804291051644,0.0,0.0,0.0,1.020357764923627,74.0,9.5367431640625e-07,95.26804291051644,1.016845989170083e-12,0.0,0.0,2.140443027275764,74.00000000000003,1.9073486328125e-06,95.26804291051646,3.666290353202634e-12,-8.32063989568805e-29,-6.469065605971271e-17
1.0,60.0,0.0,1.0,60.0,0.0,1.0,60.0,0.0,1.0,60.0,0.0,1.0,60.0,0.0,1.0,60.0,0.0,1.0,60.0,0.0,1.0,60.0,0.0,1.0,60.0,0.0,1.0,60.0,0.0,1.0,60.0,0.0,60.0,0.0,0.0,0.0,1.0,60.0,0.0,60.0,0.0,0.0,0.0,1.0,60.0,0.0,60.0,0.0,0.0,0.0,1.0,60.0,0.0,60.0,0.0,0.0,0.0,1.0,60.0,0.0,60.0,0.0,0.0,0.0,1.0,1505913436.857218,0.0,1.0,1505913436.857218,0.0,1.0,1505913436.857218,0.0,1.0,1505913436.857218,0.0,1.0,1505913436.857218,0.0,1.0,60.0,0.0,60.0,0.0,0.0,0.0,1.0,60.0,0.0,60.0,0.0,0.0,0.0,1.0,60.0,0.0,60.0,0.0,0.0,0.0,1.0,60.0,0.0,60.0,0.0,0.0,0.0,1.0,60.0,0.0,60.0,0.0,0.0,0.0
1.0,60.0,0.0,1.0,60.0,0.0,1.0,60.0,0.0,1.0,60.0,0.0,1.0,60.0,0.0,1.0,60.0,0.0,1.0,60.0,0.0,1.0,60.0,0.0,1.0,60.0,0.0,1.0,60.0,0.0,1.0,60.0,0.0,60.0,0.0,0.0,0.0,1.0,60.0,0.0,60.0,0.0,0.0,0.0,1.0,60.0,0.0,60.0,0.0,0.0,0.0,1.0,60.0,0.0,60.0,0.0,0.0,0.0,1.0,60.0,0.0,60.0,0.0,0.0,0.0,1.0,1505913443.42276,0.0,1.0,1505913443.42276,0.0,1.0,1505913443.42276,0.0,1.0,1505913443.42276,0.0,1.0,1505913443.42276,0.0,1.0,60.0,0.0,60.0,0.0,0.0,0.0,1.0,60.0,0.0,60.0,0.0,0.0,0.0,1.0,60.0,0.0,60.0,0.0,0.0,0.0,1.0,60.0,0.0,60.0,0.0,0.0,0.0,1.0,60.0,0.0,60.0,0.0,0.0,0.0
163.63482670037396,74.01061380338001,0.2546186284198484,267.7436321727348,74.02066065542942,0.4954299563451059,797.13687850021,74.03472958602215,0.8717820450092404,7165.267538431437,74.09921028121137,25.26506874531424,35450.06455708978,74.27449163295891,166.01548871801606,163.63482670037396,74.01061380338001,0.2546186284198484,267.7436321727348,74.02066065542942,0.4954299563451059,797.13687850021,74.03472958602215,0.8717820450092404,7165.267538431437,74.09921028121137,25.26506874531424,35450.06455708978,74.27449163295891,166.01548871801606,163.5624605388228,73.99999999999687,7.2000831940372e-06,95.268042910514,5.1841198001056897e-11,-3.3124202493466827e-25,0.0,267.51314189956366,73.99999997146348,0.0006320695520734,95.26804288835056,3.995119186793543e-07,-9.7910872396312e-22,-7.657018678316931e-13,795.9829721649081,73.99985630870226,0.0448515054340085,95.26793129751783,0.0020116575396968,2.431932907774388e-17,2.4243378017271577e-10,7146.4650780397815,73.99845146577884,0.1472313861959449,95.26684008265008,0.0216770810811794,2.150013660208327e-16,4.842177791347349e-10,35343.93383530654,73.99832508298297,0.1531209748806924,95.26674191493444,0.0234460329484136,2.225356117628841e-16,1.3522683615647695e-10,163.5624605388228,0.0018287348149456,3.719722739617754e-05,267.51314189956383,0.0018363946916555,3.580276584957977e-05,795.9829721649098,0.0018243679512345,3.172832682008909e-05,7146.465078039886,309.5633374468624,466172717183.6394,35343.933835305,22191.629118528057,33418196709082.02,1.0,74.0,0.0,95.26804291051644,0.0,0.0,0.0,1.0,74.0,0.0,95.26804291051644,0.0,0.0,0.0,1.0,74.0,0.0,95.26804291051644,0.0,0.0,0.0,1.0206732410549904,73.99999999999999,9.5367431640625e-07,95.26804291051644,9.094947017729282e-13,0.0,0.0,1.6784859470157407,74.0,0.0,95.26804291051644,0.0,0.0,0.0
1.0,60.0,0.0,1.0,60.0,0.0,1.0,60.0,0.0,1.0,60.0,0.0,1.0,60.0,0.0,1.0,60.0,0.0,1.0,60.0,0.0,1.0,60.0,0.0,1.0,60.0,0.0,1.0,60.0,0.0,1.0,60.0,0.0,60.0,0.0,0.0,0.0,1.0,60.0,0.0,60.0,0.0,0.0,0.0,1.0,60.0,0.0,60.0,0.0,0.0,0.0,1.0,60.0,0.0,60.0,0.0,0.0,0.0,1.0,60.0,0.0,60.0,0.0,0.0,0.0,1.0,1505913439.277085,0.0,1.0,1505913439.277085,0.0,1.0,1505913439.277085,0.0,1.0,1505913439.277085,0.0,1.0,1505913439.277085,0.0,1.0,60.0,0.0,60.0,0.0,0.0,0.0,1.0,60.0,0.0,60.0,0.0,0.0,0.0,1.0,60.0,0.0,60.0,0.0,0.0,0.0,1.0,60.0,0.0,60.0,0.0,0.0,0.0,1.0,60.0,0.0,60.0,0.0,0.0,0.0
174.92263592654166,74.70041375610052,438.47152095798447,284.0221318633777,75.84019920812739,1285.3812800042242,811.718957637797,77.05383430029623,2298.112291497368,6468.96097142016,75.23010222690628,928.6321686946428,14714.208348196413,74.78229156737855,572.308633339162,174.92263592654166,74.70041375610052,438.47152095798447,284.0221318633777,75.84019920812739,1285.3812800042242,811.718957637797,77.05383430029623,2298.112291497368,6468.96097142016,75.23010222690628,928.6321686946428,14714.208348196413,74.78229156737855,572.308633339162,174.597756156174,73.96826215573343,0.6658246983740744,95.2433924550114,0.4433225289649272,-2.2729366571933907e-15,-1.3529393399474652e-09,282.89587667971324,73.9716211856786,0.6296809060181837,95.24600118029916,0.3964980434038807,-1.5958681032585116e-15,-7.232850679708948e-10,806.8702987368761,73.98558475855116,0.4490051014318599,95.25684622149085,0.2016055811118349,-7.0293730537648025e-16,-2.3215616874573844e-09,6442.315946757559,73.99722573464634,0.1970584136359317,95.26588799997732,0.0388320183847099,3.7640527627833613e-16,5.781892469629818e-10,14661.610829769592,73.99746981431247,0.1881919174147777,95.26607758756565,0.0354161977802505,-1.575831489444278e-15,-2.346630456101425e-09,174.597756156174,0.0016728068186009,9.0364046912984e-06,282.89587667971296,0.0017140717589949,1.082306949780677e-05,806.8702987368808,0.0020768779431357,424024.790840083,6442.315946757606,24356.65951086078,36678446103396.2,14661.6108297694,81922.75166417568,123361930712607.16,1.0,74.0,0.0,74.0,0.0,0.0,0.0,1.0,74.0,0.0,74.0,0.0,0.0,0.0,1.0,74.0,0.0,74.0,0.0,0.0,0.0,1.0,74.0,0.0,74.0,0.0,0.0,0.0,1.0,74.0,0.0,74.0,0.0,0.0,0.0
138.16911670965322,74.00537555469903,0.1289844161892688,224.8515822708308,74.01479419891808,0.3548419059125081,715.1323756921047,74.03294408042773,0.9098076621394284,7476.556888857329,74.42001374555021,297.8134776825,21056.439528767703,74.50946372684973,362.52747224967607,138.16911670965322,74.00537555469903,0.1289844161892688,224.8515822708308,74.01479419891808,0.3548419059125081,715.1323756921047,74.03294408042773,0.9098076621394284,7476.556888857329,74.42001374555021,297.8134776825,21056.439528767703,74.50946372684973,362.52747224967607,138.13816939112849,73.99999999999993,3.015782985847835e-06,95.26804291051636,9.140308630886367e-12,1.3441998681855514e-29,4.673730595327559e-18,224.7129781442896,74.00000000000003,2.6973983046972182e-06,95.26804291051648,9.374856803373544e-12,2.0110821280639704e-27,3.066394034202556e-16,714.1534798359708,73.99999922892127,0.0032855880920492,95.26804231157652,1.0795089110618768e-05,1.3645696130183121e-19,1.4516477278479786e-11,7454.300032529868,73.99911425315366,0.111353811336369,95.2673549031948,0.0123996712991356,1.11324780198316e-16,4.688151860724261e-10,20987.280599689435,73.9983999610312,0.1496595652866952,95.26680007637816,0.0223979854818026,-3.2953897227728915e-16,-1.9798521641560148e-10,138.13816939112857,0.0021353019964773,2.2996905791747863e-05,224.7129781442897,0.0021710334515603,2.559101429772981e-05,714.1534798359709,0.0020297786560337,22.68133073055071,7454.300032529982,7776.414647095927,11710550908035.63,20987.280599689,51806.31498590987,78013184948043.08,1.0,74.0,0.0,74.0,0.0,0.0,0.0,1.0,74.0,0.0,74.0,0.0,0.0,0.0,1.0,74.0,0.0,74.0,0.0,0.0,0.0,1.0,74.0,0.0,74.0,0.0,0.0,0.0,1.0,74.0,0.0,74.0,0.0,0.0,0.0
1.0,60.0,0.0,1.0,60.0,0.0,1.0,60.0,0.0,1.0,60.0,0.0,1.0,60.0,0.0,1.0,60.0,0.0,1.0,60.0,0.0,1.0,60.0,0.0,1.0,60.0,0.0,1.0,60.0,0.0,1.0,60.0,0.0,60.0,0.0,0.0,0.0,1.0,60.0,0.0,60.0,0.0,0.0,0.0,1.0,60.0,0.0,60.0,0.0,0.0,0.0,1.0,60.0,0.0,60.0,0.0,0.0,0.0,1.0,60.0,0.0,60.0,0.0,0.0,0.0,1.0,1505913478.949287,0.0,1.0,1505913478.949287,0.0,1.0,1505913478.949287,0.0,1.0,1505913478.949287,0.0,1.0,1505913478.949287,0.0,1.0,60.0,0.0,60.0,0.0,0.0,0.0,1.0,60.0,0.0,60.0,0.0,0.0,0.0,1.0,60.0,0.0,60.0,0.0,0.0,0.0,1.0,60.0,0.0,60.0,0.0,0.0,0.0,1.0,60.0,0.0,60.0,0.0,0.0,0.0
146.52917550256555,74.02008956277903,0.4817459161677107,248.47793626164352,74.03059218741177,0.7332768081305403,777.8916225016444,74.0396323706713,0.971741619835484,7195.327833174859,74.09621095869227,23.763909115139537,35699.45007141038,74.27160485078468,163.8813232371749,146.52917550256555,74.02008956277903,0.4817459161677107,248.47793626164352,74.03059218741177,0.7332768081305403,777.8916225016444,74.0396323706713,0.971741619835484,7195.327833174859,74.09621095869227,23.763909115139537,35699.45007141038,74.27160485078468,163.8813232371749,146.4065210413057,73.99999999999984,1.9073486328125e-06,95.26804291051631,5.144878968614994e-12,-1.9331919516332988e-26,-5.3139175738594766e-15,248.1612077265001,73.99999999496075,0.0002656149901754,95.26804290660216,7.055132300739515e-08,-5.838859235059844e-23,-3.259795345246877e-13,776.6068351192674,73.99991941558811,0.0335883205142948,95.26798031612468,0.0011281752749709,1.0149005049085392e-17,9.552977404299829e-11,7176.667326349267,73.99854821913266,0.1425581440132799,95.26691523576964,0.020322824424511,1.9264615550767798e-16,3.7212104007175263e-10,35592.96164458377,73.998346800619,0.1521251403539905,95.26675878408278,0.0231420583277213,2.490671062310172e-16,1.6714333620560964e-10,146.4065210413056,0.0020532538132348,4.8177496497740304e-05,248.1612077265001,0.0019843254685687,4.337345059878164e-05,776.6068351192711,0.0018705535123843,3.435852947979064e-05,7176.667326349361,290.2217507872447,437045969742.0813,35592.961644582254,21903.88370740343,32984889463091.44,1.0,74.0,0.0,95.26804291051644,0.0,0.0,0.0,1.0,74.0,0.0,95.26804291051644,0.0,0.0,0.0,1.0,74.0,0.0,95.26804291051644,0.0,0.0,0.0,1.020609602395253,74.00000000000001,1.3486991523486091e-06,95.26804291051644,1.8189894035458565e-12,0.0,0.0,1.6782767980735382,74.0,0.0,95.26804291051644,0.0,0.0,0.0
217.94171493470697,74.01222038140449,0.2931398169521344,323.05667859268624,74.02207677054172,0.5293588631229795,869.3620029861028,74.03434041974283,0.8319703245178971,7712.481939639588,74.06105864181829,8.751384042219797,18207.531935010567,74.07645153582618,14.63880696490196,217.94171493470697,74.01222038140449,0.2931398169521344,323.05667859268624,74.02207677054172,0.5293588631229795,869.3620029861028,74.03434041974283,0.8319703245178971,7712.481939639588,74.06105864181829,8.751384042219797,18207.531935010567,74.07645153582618,14.63880696490196,217.83074281445712,73.99999999997475,1.854154786608084e-05,95.26804291049685,3.4381907183770446e-10,-2.5955877564818383e-24,-6.564545175496039e-14,322.7595085893884,73.99999990112177,0.0011765628112482,95.26804283371229,1.3843000488589757e-06,-1.5151814654739348e-21,-3.819393800538338e-13,868.1104856154407,73.99978775526343,0.0545103776865376,95.26787804829092,0.0029713812755289,1.1666228633736234e-17,1.2956585886251508e-10,7695.509927543258,73.9983606587779,0.1514862685632431,95.26676954839262,0.022948089563215,1.733483860510116e-16,4.38142937905745e-10,18159.577774060188,73.99800804079696,0.166983414948902,95.26649565301436,0.0278834608679972,3.1979745738173965e-16,4.3309418365530385e-10,217.8307428144575,0.0014102004069715,5.256606928982515e-05,322.75950858938893,0.0015475680034251,5.634543983342858e-05,868.1104856154442,0.0017349072116507,83974.13103952,7695.509927543349,17469.27123885787,26306909323980.125,18159.577774059777,65127.677012755245,98072425025819.62,1.0,74.0,0.0,74.0,0.0,0.0,0.0,1.0,74.0,0.0,74.0,0.0,0.0,0.0,1.0,74.0,0.0,74.0,0.0,0.0,0.0,1.0,74.0,0.0,74.0,0.0,0.0,0.0,1.0,74.0,0.0,74.0,0.0,0.0,0.0
1.0,60.0,0.0,1.0,60.0,0.0,1.0,60.0,0.0,1.0,60.0,0.0,1.0,60.0,0.0,1.0,60.0,0.0,1.0,60.0,0.0,1.0,60.0,0.0,1.0,60.0,0.0,1.0,60.0,0.0,1.0,60.0,0.0,60.0,0.0,0.0,0.0,1.0,60.0,0.0,60.0,0.0,0.0,0.0,1.0,60.0,0.0,60.0,0.0,0.0,0.0,1.0,60.0,0.0,60.0,0.0,0.0,0.0,1.0,60.0,0.0,60.0,0.0,0.0,0.0,1.0,1505913579.83231,0.0,1.0,1505913579.83231,0.0,1.0,1505913579.83231,0.0,1.0,1505913579.83231,0.0,1.0,1505913579.83231,0.0,1.0,60.0,0.0,60.0,0.0,0.0,0.0,1.0,60.0,0.0,60.0,0.0,0.0,0.0,1.0,60.0,0.0,60.0,0.0,0.0,0.0,1.0,60.0,0.0,60.0,0.0,0.0,0.0,1.0,60.0,0.0,60.0,0.0,0.0,0.0
1.0,60.0,0.0,1.0,60.0,0.0,1.0,60.0,0.0,1.0,60.0,0.0,1.0,60.0,0.0,1.0,60.0,0.0,1.0,60.0,0.0,1.0,60.0,0.0,1.0,60.0,0.0,1.0,60.0,0.0,1.0,60.0,0.0,60.0,0.0,0.0,0.0,1.0,60.0,0.0,60.0,0.0,0.0,0.0,1.0,60.0,0.0,60.0,0.0,0.0,0.0,1.0,60.0,0.0,60.0,0.0,0.0,0.0,1.0,60.0,0.0,60.0,0.0,0.0,0.0,1.0,1505913447.024368,0.0,1.0,1505913447.024368,0.0,1.0,1505913447.024368,0.0,1.0,1505913447.024368,0.0,1.0,1505913447.024368,0.0,1.0,60.0,0.0,60.0,0.0,0.0,0.0,1.0,60.0,0.0,60.0,0.0,0.0,0.0,1.0,60.0,0.0,60.0,0.0,0.0,0.0,1.0,60.0,0.0,60.0,0.0,0.0,0.0,1.0,60.0,0.0,60.0,0.0,0.0,0.0
1.0,60.0,0.0,1.0,60.0,0.0,1.0,60.0,0.0,1.0,60.0,0.0,1.0,60.0,0.0,1.0,60.0,0.0,1.0,60.0,0.0,1.0,60.0,0.0,1.0,60.0,0.0,1.0,60.0,0.0,1.0,60.0,0.0,60.0,0.0,0.0,0.0,1.0,60.0,0.0,60.0,0.0,0.0,0.0,1.0,60.0,0.0,60.0,0.0,0.0,0.0,1.0,60.0,0.0,60.0,0.0,0.0,0.0,1.0,60.0,0.0,60.0,0.0,0.0,0.0,1.0,1505913428.342017,0.0,1.0,1505913428.342017,0.0,1.0,1505913428.342017,0.0,1.0,1505913428.342017,0.0,1.0,1505913428.342017,0.0,1.0,60.0,0.0,60.0,0.0,0.0,0.0,1.0,60.0,0.0,60.0,0.0,0.0,0.0,1.0,60.0,0.0,60.0,0.0,0.0,0.0,1.0,60.0,0.0,60.0,0.0,0.0,0.0,1.0,60.0,0.0,60.0,0.0,0.0,0.0
1.0,60.0,0.0,1.0,60.0,0.0,1.0,60.0,0.0,1.0,60.0,0.0,1.0,60.0,0.0,1.0,60.0,0.0,1.0,60.0,0.0,1.0,60.0,0.0,1.0,60.0,0.0,1.0,60.0,0.0,1.0,60.0,0.0,60.0,0.0,0.0,0.0,1.0,60.0,0.0,60.0,0.0,0.0,0.0,1.0,60.0,0.0,60.0,0.0,0.0,0.0,1.0,60.0,0.0,60.0,0.0,0.0,0.0,1.0,60.0,0.0,60.0,0.0,0.0,0.0,1.0,1505913577.8632526,0.0,1.0,1505913577.8632526,0.0,1.0,1505913577.8632526,0.0,1.0,1505913577.8632526,0.0,1.0,1505913577.8632526,0.0,1.0,60.0,0.0,60.0,0.0,0.0,0.0,1.0,60.0,0.0,60.0,0.0,0.0,0.0,1.0,60.0,0.0,60.0,0.0,0.0,0.0,1.0,60.0,0.0,60.0,0.0,0.0,0.0,1.0,60.0,0.0,60.0,0.0,0.0,0.0
78.238527673519,74.0791251012023,1.8928423764245963,100.05722941325092,74.11833793397157,2.8392146239229987,160.67425617392269,74.18112638286688,5.7750658692666565,955.8976880032608,75.60070396964498,871.6119435337188,8676.482724771215,76.79043200771112,1800.3287069286434,78.238527673519,74.0791251012023,1.8928423764245963,100.05722941325092,74.11833793397157,2.8392146239229987,160.67425617392269,74.18112638286688,5.7750658692666565,955.8976880032608,75.60070396964498,871.6119435337188,8676.482724771215,76.79043200771112,1800.3287069286434,1.0000000009018697,74.0,0.0,74.0,0.0,0.0,0.0,1.0000037489044138,74.00000000000001,1.3486991523486091e-06,74.00000000000001,1.8189894035458565e-12,0.0,0.0,1.0174487537178751,74.0,9.5367431640625e-07,74.0,9.094947017729282e-13,0.0,0.0,2.194410409882225,74.0,9.5367431640625e-07,74.0,9.094947017729282e-13,0.0,0.0,2.8985837577096816,74.0,0.0,74.0,0.0,0.0,0.0,1.0000000009018697,6.009320615077227,59781.36635327035,1.0000037489044138,16.733790314059494,16150196698.930054,1.0174487537178751,2847616.439760763,4280145231096945.0,2.194410409882225,367198925.654064,4.181346434978564e+17,2.8985837577096816,488040668.4265568,4.967631738551437e+17,1.0000000009018697,74.0,0.0,74.0,0.0,0.0,0.0,1.0000037489044138,74.00000000000001,1.3486991523486091e-06,74.00000000000001,1.8189894035458565e-12,0.0,0.0,1.0174487537178751,74.0,9.5367431640625e-07,74.0,9.094947017729282e-13,0.0,0.0,2.194410409882225,74.0,9.5367431640625e-07,74.0,9.094947017729282e-13,0.0,0.0,2.8985837577096816,74.0,0.0,74.0,0.0,0.0,0.0
1.0,60.0,0.0,1.0,60.0,0.0,1.0,60.0,0.0,1.0,60.0,0.0,1.0,60.0,0.0,1.0,60.0,0.0,1.0,60.0,0.0,1.0,60.0,0.0,1.0,60.0,0.0,1.0,60.0,0.0,1.0,60.0,0.0,60.0,0.0,0.0,0.0,1.0,60.0,0.0,60.0,0.0,0.0,0.0,1.0,60.0,0.0,60.0,0.0,0.0,0.0,1.0,60.0,0.0,60.0,0.0,0.0,0.0,1.0,60.0,0.0,60.0,0.0,0.0,0.0,1.0,1505913578.152067,0.0,1.0,1505913578.152067,0.0,1.0,1505913578.152067,0.0,1.0,1505913578.152067,0.0,1.0,1505913578.152067,0.0,1.0,60.0,0.0,60.0,0.0,0.0,0.0,1.0,60.0,0.0,60.0,0.0,0.0,0.0,1.0,60.0,0.0,60.0,0.0,0.0,0.0,1.0,60.0,0.0,60.0,0.0,0.0,0.0,1.0,60.0,0.0,60.0,0.0,0.0,0.0
155.67410837565126,74.09024517357147,2.157739974381002,258.94563074970904,74.07501470061915,1.7947256095621924,783.5167297681113,74.05394337469838,1.292161010098425,7429.214141027375,74.07904982523532,15.917849524137637,37380.14171615065,74.2531668668505,150.56931921224714,155.67410837565126,74.09024517357147,2.157739974381002,258.94563074970904,74.07501470061915,1.7947256095621924,783.5167297681113,74.05394337469838,1.292161010098425,7429.214141027375,74.07904982523532,15.917849524137637,37380.14171615065,74.2531668668505,150.56931921224714,155.08874017019448,73.99999999999996,9.5367431640625e-07,95.2680429105164,1.016845989170083e-12,9.495270004151015e-28,1.4764615552007279e-15,258.1362670427356,73.99999999999996,2.86102294921875e-06,95.26804291051644,8.185452315956354e-12,-5.6129051960579886e-27,0.0,781.7556615007593,73.99999843399003,0.0046823209217558,95.26804169410924,2.1924129214312985e-05,-5.298066272908851e-20,-5.059117644172715e-12,7411.615884838765,73.99905146728291,0.1152326269613558,95.26730613414858,0.013278558316415,8.128821526244956e-17,2.2302610331411582e-10,37271.8728099381,73.99848217298342,0.1457644486669539,95.26686393445164,0.021247274495181,3.544680818232004e-16,3.6427334527431686e-10,155.08874017019434,0.001901474707945,2.1541405313783413e-05,258.1362670427355,0.0018908168891565,2.4341763434541654e-05,781.7556615007619,0.0018559702082331,2.7377576547938496e-05,7411.615884838858,189.61935077935885,285547521806.139,37271.872809936496,20110.282570952037,30283955196202.17,1.0,74.0,0.0,95.26804291051644,0.0,0.0,0.0,1.0,74.0,0.0,95.26804291051644,0.0,0.0,0.0,1.0,74.0,0.0,95.26804291051644,0.0,0.0,0.0,1.0201847774758284,74.00000000000001,9.5367431640625e-07,95.26804291051644,9.094947017729282e-13,0.0,0.0,1.6768655281006493,74.0,0.0,95.26804291051644,0.0,0.0,0.0
61.74639814101808,74.01637151908609,0.3926484799430909,88.43763694902357,74.0452247779881,1.0849509458175817,182.77386887995064,74.221379041023,77.24267511483322,911.8127722662158,77.9220443225902,2783.337649401762,8609.03564750619,76.86618446453521,1839.617361410472,61.74639814101808,74.01637151908609,0.3926484799430909,88.43763694902357,74.0452247779881,1.0849509458175817,182.77386887995064,74.221379041023,77.24267511483322,911.8127722662158,77.9220443225902,2783.337649401762,8609.03564750619,76.86618446453521,1839.617361410472,1.0,74.0,0.0,74.0,0.0,0.0,0.0,1.0,74.0,0.0,74.0,0.0,0.0,0.0,1.0,74.0,0.0,74.0,0.0,0.0,0.0,1.0,74.0,0.0,74.0,0.0,0.0,0.0,1.0,74.0,0.0,74.0,0.0,0.0,0.0,1.0,1505913229.686354,0.0,1.0,1505913229.686354,0.0,1.0,1505913229.686354,0.0,1.0,1505913229.686354,0.0,1.0,1505913229.686354,0.0,1.0,74.0,0.0,74.0,0.0,0.0,0.0,1.0,74.0,0.0,74.0,0.0,0.0,0.0,1.0,74.0,0.0,74.0,0.0,0.0,0.0,1.0,74.0,0.0,74.0,0.0,0.0,0.0,1.0,74.0,0.0,74.0,0.0,0.0,0.0
173.33056969547198,73.96028270852578,0.7117808170514763,253.277062073795,73.97349648767269,0.8509216126067258,686.4201425293065,73.99728701313356,1.235075980689544,7552.863858682278,74.11171690903103,48.66179113903036,31882.271531859,74.31289339720196,202.10284170076105,173.33056969547198,73.96028270852578,0.7117808170514763,253.277062073795,73.97349648767269,0.8509216126067258,686.4201425293065,73.99728701313356,1.235075980689544,7552.863858682278,74.11171690903103,48.66179113903036,31882.271531859,74.31289339720196,202.10284170076105,172.7573173062694,73.99999999999993,3.015782985847835e-06,95.2680429105164,9.275062463698822e-12,-1.3092773549142975e-28,-3.2189667089676167e-17,252.4171664116428,73.99999999999997,1.9073486328125e-06,95.2680429105164,3.749942721349417e-12,6.998895749128613e-28,3.8476836288794645e-16,683.0098441182124,73.99999992575165,0.0010195501032486,95.26804285284364,1.0394824130598848e-06,6.992816981444479e-21,2.5427198223727207e-12,7526.4216773821745,73.99901002064074,0.1177231117661721,95.2672739403982,0.0138587310439106,1.7116065712850172e-16,0.0,31782.418065900318,73.99838481066428,0.1503663589505476,95.266788308345,0.0226100419040449,-8.968961526880659e-17,-6.147821024749048e-11,172.7573173062695,0.0019657315213624,0.0002689618707841,252.4171664116428,0.0022060109280995,0.0003904754354916,683.0098441182155,0.0022130287536498,0.0003195910189895,7526.421677382273,908.7876876025108,1368552690345.28,31782.41806589929,27627.2932692208,41603570501556.36,1.0,74.0,0.0,95.26804291051644,0.0,0.0,0.0,1.0,74.0,0.0,95.26804291051644,0.0,0.0,0.0,1.0000000000000002,74.00000000000001,9.5367431640625e-07,95.26804291051644,9.094947017729282e-13,0.0,0.0,1.0279670733509376,74.0,0.0,95.26804291051644,0.0,0.0,0.0,1.699301890223755,74.00000000000001,1.3486991523486091e-06,95.26804291051644,1.8189894035458565e-12,0.0,0.0
1.0,60.0,0.0,1.0,60.0,0.0,1.0,60.0,0.0,1.0,60.0,0.0,1.0,60.0,0.0,1.0,60.0,0.0,1.0,60.0,0.0,1.0,60.0,0.0,1.0,60.0,0.0,1.0,60.0,0.0,1.0,60.0,0.0,60.0,0.0,0.0,0.0,1.0,60.0,0.0,60.0,0.0,0.0,0.0,1.0,60.0,0.0,60.0,0.0,0.0,0.0,1.0,60.0,0.0,60.0,0.0,0.0,0.0,1.0,60.0,0.0,60.0,0.0,0.0,0.0,1.0,1505913537.879576,0.0,1.0,1505913537.879576,0.0,1.0,1505913537.879576,0.0,1.0,1505913537.879576,0.0,1.0,1505913537.879576,0.0,1.0,60.0,0.0,60.0,0.0,0.0,0.0,1.0,60.0,0.0,60.0,0.0,0.0,0.0,1.0,60.0,0.0,60.0,0.0,0.0,0.0,1.0,60.0,0.0,60.0,0.0,0.0,0.0,1.0,60.0,0.0,60.0,0.0,0.0,0.0
1.0,60.0,0.0,1.0,60.0,0.0,1.0,60.0,0.0,1.0,60.0,0.0,1.0,60.0,0.0,1.0,60.0,0.0,1.0,60.0,0.0,1.0,60.0,0.0,1.0,60.0,0.0,1.0,60.0,0.0,1.0,60.0,0.0,60.0,0.0,0.0,0.0,1.0,60.0,0.0,60.0,0.0,0.0,0.0,1.0,60.0,0.0,60.0,0.0,0.0,0.0,1.0,60.0,0.0,60.0,0.0,0.0,0.0,1.0,60.0,0.0,60.0,0.0,0.0,0.0,1.0,1505913442.895995,0.0,1.0,1505913442.895995,0.0,1.0,1505913442.895995,0.0,1.0,1505913442.895995,0.0,1.0,1505913442.895995,0.0,1.0,60.0,0.0,60.0,0.0,0.0,0.0,1.0,60.0,0.0,60.0,0.0,0.0,0.0,1.0,60.0,0.0,60.0,0.0,0.0,0.0,1.0,60.0,0.0,60.0,0.0,0.0,0.0,1.0,60.0,0.0,60.0,0.0,0.0,0.0
144.34817716542256,74.15518138184994,3.702267618029509,260.82006500453,74.0989521995603,2.5799751320710134,850.394844720782,74.08294739180397,14.852622366078322,3839.408508150224,74.1181770554982,33.47431465864702,4929.845728011031,74.11947866946669,33.135281222264894,144.34817716542256,74.15518138184994,3.702267618029509,260.82006500453,74.0989521995603,2.5799751320710134,850.394844720782,74.08294739180397,14.852622366078322,3839.408508150224,74.1181770554982,33.47431465864702,4929.845728011031,74.11947866946669,33.135281222264894,143.41484960122008,73.99999897467336,0.0037887425802622,95.26804211408812,1.4354570339495865e-05,-8.668330039137472e-20,-7.074428027183468e-12,259.7479407837372,73.99992675484962,0.0320222850518699,95.26798601693592,0.0010254267399432,1.648436907841593e-17,1.497091165727899e-10,848.1862126846472,73.99709783259536,0.2015488056772896,95.26578865283533,0.0406219210699418,-8.33623123539021e-17,-2.3182240923499167e-10,3827.906352724875,73.99426409169604,0.2833192821814477,95.26358757926155,0.0802698156558108,1.6096626999227376e-16,3.4395215399602144e-10,4914.392742173206,73.9944393095857,0.2789601128368562,95.26372367664368,0.0778187445539515,1.6543205410235124e-15,1.2827544630072415e-09,143.41484960122,0.0021356930003788,2432.498780779156,259.74794078373736,0.1208927953852694,179174428.10689265,848.1862126846529,4860.918778565194,7320098584252.75,3827.906352724896,218061.87859306505,328334844179457.75,4914.392742173188,288871.2727879325,434931794211275.6,1.0,74.0,0.0,74.0,0.0,0.0,0.0,1.0,74.0,0.0,74.0,0.0,0.0,0.0,1.0,74.0,0.0,74.0,0.0,0.0,0.0,1.0,74.0,0.0,74.0,0.0,0.0,0.0,1.0,74.0,0.0,74.0,0.0,0.0,0.0
1.0,60.0,0.0,1.0,60.0,0.0,1.0,60.0,0.0,1.0,60.0,0.0,1.0,60.0,0.0,1.0,60.0,0.0,1.0,60.0,0.0,1.0,60.0,0.0,1.0,60.0,0.0,1.0,60.0,0.0,1.0,60.0,0.0,60.0,0.0,0.0,0.0,1.0,60.0,0.0,60.0,0.0,0.0,0.0,1.0,60.0,0.0,60.0,0.0,0.0,0.0,1.0,60.0,0.0,60.0,0.0,0.0,0.0,1.0,60.0,0.0,60.0,0.0,0.0,0.0,1.0,1505913550.033235,0.0,1.0,1505913550.033235,0.0,1.0,1505913550.033235,0.0,1.0,1505913550.033235,0.0,1.0,1505913550.033235,0.0,1.0,60.0,0.0,60.0,0.0,0.0,0.0,1.0,60.0,0.0,60.0,0.0,0.0,0.0,1.0,60.0,0.0,60.0,0.0,0.0,0.0,1.0,60.0,0.0,60.0,0.0,0.0,0.0,1.0,60.0,0.0,60.0,0.0,0.0,0.0
200.85374982454255,74.02306661967238,0.5533634521589192,323.18421237007595,74.03102302209435,0.810968878084168,918.0258695929996,74.05606489715369,10.040529818388675,4063.6295266767934,74.10819212233794,30.64710655622639,5262.7613073347775,74.11156841400408,30.94239527536229,200.85374982454255,74.02306661967238,0.5533634521589192,323.18421237007595,74.03102302209435,0.810968878084168,918.0258695929996,74.05606489715369,10.040529818388675,4063.6295266767934,74.10819212233794,30.64710655622639,5262.7613073347775,74.11156841400408,30.94239527536229,200.66070992963608,73.99999984843217,0.0014566918629735,95.26804279278528,2.1219511836558244e-06,-1.0176260700659636e-20,-3.9154927237964226e-12,322.76771439371987,73.99997710141274,0.0179047393730151,95.26802512390816,0.0003205796920155,5.3239400311834886e-18,9.194246526762011e-11,916.4143115077568,73.99804005266431,0.1656364128738876,95.26652051815324,0.0274354212697289,-5.319222999059333e-17,-1.1550022535169012e-10,4052.484233645556,73.99475005891016,0.271056476430222,95.26396504597412,0.0734716134147674,2.093136463442689e-16,3.305689383455333e-10,5247.356948292135,73.99480854377997,0.269543013104973,95.26401047316143,0.0726534359137076,1.7990935971604904e-15,1.2672890217749295e-09,200.6607099296359,0.0014730297924885,359.5815490996769,322.76771439372004,0.0387139427555828,56015193.62887784,916.414311507764,3282.769296384657,4943554507239.953,4052.48423364558,199586.8756126936,300520797883197.0,5247.35694829211,269689.9943376225,406057155767562.3,1.0,74.0,0.0,74.0,0.0,0.0,0.0,1.0,74.0,0.0,74.0,0.0,0.0,0.0,1.0,74.0,0.0,74.0,0.0,0.0,0.0,1.0,74.0,0.0,74.0,0.0,0.0,0.0,1.0,74.0,0.0,74.0,0.0,0.0,0.0
129.13486718547372,357.81638202466974,58426.69531706447,223.16134983403612,391.0338820347111,53947.30535126658,669.7919876157771,423.74562356242194,47378.29172566248,6388.344867581913,425.86932099774,46861.56570632567,52255.41783918057,427.1107089283404,46555.635928169824,129.13486718547372,357.81638202466974,58426.69531706447,223.16134983403612,391.0338820347111,53947.30535126658,669.7919876157771,423.74562356242194,47378.29172566248,6388.344867581913,425.86932099774,46861.56570632567,52255.41783918057,427.1107089283404,46555.635928169824,77.85117420256735,553.9999856407417,0.0842227612478579,553.9999856407417,0.0070934735122136,0.0,0.0,149.54285403037468,553.9986455486223,0.8179835854216999,553.9986455486223,0.6690971460193396,0.0,0.0,493.25703527843217,553.9255954280001,6.062204428051316,553.9255954280001,36.75032252748497,0.0,0.0,4732.066943457419,553.8781062645356,7.758907605907687,553.8781062645356,60.20064723701216,0.0,0.0,38834.11927266866,553.9101566317,6.6614226794801175,553.9101566317,44.37455211469205,0.0,0.0,77.85117420256735,0.0038977770739022,0.0001023850739272,149.54285403037468,0.0032998303258511,7.26902536268776e-05,493.25703527843217,0.0029478610545202,5.844659971566639e-05,4732.066943457419,0.018543890358276,23357583.42683408,38834.11927266866,7207.3629356143165,10866166925241.654,1.0,554.0,0.0,554.0,0.0,0.0,0.0,1.0,554.0,0.0,554.0,0.0,0.0,0.0,1.0,554.0,0.0,554.0,0.0,0.0,0.0,1.0,554.0,0.0,554.0,0.0,0.0,0.0,1.0,554.0,0.0,554.0,0.0,0.0,0.0
24.35908091879633,77.00738365528183,2450.2026080221085,44.81750949575417,82.57729908374458,7003.987263521938,165.85459351106476,86.83873531180691,10421.527161644495,955.1510624745758,79.6997752458024,4157.3155445945695,2812.532215991331,76.75695709919354,1696.4110948103616,24.35908091879633,77.00738365528183,2450.2026080221085,44.81750949575417,82.57729908374458,7003.987263521938,165.85459351106476,86.83873531180691,10421.527161644495,955.1510624745758,79.6997752458024,4157.3155445945695,2812.532215991331,76.75695709919354,1696.4110948103616,1.0000300249327123,74.0,0.0,74.0,0.0,0.0,0.0,1.0019341458741962,74.0,0.0,74.0,0.0,0.0,0.0,1.1245937933822006,74.0,0.0,74.0,0.0,0.0,0.0,1.8119880557297003,74.0,0.0,74.0,0.0,0.0,0.0,1.979388418518336,74.0,0.0,74.0,0.0,0.0,0.0,1.0000300249327123,45216.57813046441,68085655422183.56,1.0019341458741962,2907035.4397480665,4369286562709593.0,1.1245937933822006,166840146.83663717,2.2341107721533955e+17,1.8119880557297003,674829627.6504606,5.6083955802810304e+17,1.979388418518336,745115796.058852,5.668818770581874e+17,1.0000300249327123,74.0,0.0,74.0,0.0,0.0,0.0,1.0019341458741962,74.0,0.0,74.0,0.0,0.0,0.0,1.1245937933822006,74.0,0.0,74.0,0.0,0.0,0.0,1.8119880557297003,74.0,0.0,74.0,0.0,0.0,0.0,1.979388418518336,74.0,0.0,74.0,0.0,0.0,0.0
1.0,60.0,0.0,1.0,60.0,0.0,1.0,60.0,0.0,1.0,60.0,0.0,1.0,60.0,0.0,1.0,60.0,0.0,1.0,60.0,0.0,1.0,60.0,0.0,1.0,60.0,0.0,1.0,60.0,0.0,1.0,60.0,0.0,60.0,0.0,0.0,0.0,1.0,60.0,0.0,60.0,0.0,0.0,0.0,1.0,60.0,0.0,60.0,0.0,0.0,0.0,1.0,60.0,0.0,60.0,0.0,0.0,0.0,1.0,60.0,0.0,60.0,0.0,0.0,0.0,1.0,1505913563.47307,0.0,1.0,1505913563.47307,0.0,1.0,1505913563.47307,0.0,1.0,1505913563.47307,0.0,1.0,1505913563.47307,0.0,1.0,60.0,0.0,60.0,0.0,0.0,0.0,1.0,60.0,0.0,60.0,0.0,0.0,0.0,1.0,60.0,0.0,60.0,0.0,0.0,0.0,1.0,60.0,0.0,60.0,0.0,0.0,0.0,1.0,60.0,0.0,60.0,0.0,0.0,0.0
165.83627362542146,74.0188710854829,0.4525499337596557,274.67958019670255,74.02872085540002,0.6884805594954742,825.7585080822544,74.03926294565366,1.265784469335813,5390.694428768339,74.0899308933333,14.330299386496336,8348.186451927037,74.09663597129716,15.961193481527514,165.83627362542146,74.0188710854829,0.4525499337596557,274.67958019670255,74.02872085540002,0.6884805594954742,825.7585080822544,74.03926294565366,1.265784469335813,5390.694428768339,74.0899308933333,14.330299386496336,8348.186451927037,74.09663597129716,15.961193481527514,165.70587735476656,73.99999999999993,2.132480599880018e-06,95.2680429105164,4.570154315443184e-12,-9.492294238268187e-29,-6.60086748276954e-17,274.3508707278156,73.99999999997634,1.8044364860939505e-05,95.26804291049808,3.2561942650438886e-10,-1.3495173707931e-24,-3.9210898734926933e-14,824.4484105198442,73.99997912797,0.0170940923678286,95.26802669804798,0.0002922079938798,-3.9610156077490754e-19,-8.590440361503239e-12,5378.486223570793,73.99751484188768,0.1865101539851416,95.26611256252352,0.0347860375395612,2.647357279740882e-16,2.9767337033915303e-10,8327.54218114168,73.99687732500308,0.2090638629485442,95.2656173750615,0.0437076987909677,-1.773070549337305e-15,-1.0864495326073127e-09,165.70587735476644,0.001783095170147,2.2799745917389785e-05,274.35087072781573,0.0017824997445489,56.962624677810055,824.4484105198468,34.76087180860525,52344240233.72521,5378.486223570833,94424.21830248005,142185864099816.3,8327.54218114168,162210.04546721838,244248115900774.72,1.0,74.0,0.0,74.0,0.0,0.0,0.0,1.0,74.0,0.0,74.0,0.0,0.0,0.0,1.0,74.0,0.0,74.0,0.0,0.0,0.0,1.0,74.0,0.0,74.0,0.0,0.0,0.0,1.0,74.0,0.0,74.0,0.0,0.0,0.0
1.0,60.0,0.0,1.0,60.0,0.0,1.0,60.0,0.0,1.0,60.0,0.0,1.0,60.0,0.0,1.0,60.0,0.0,1.0,60.0,0.0,1.0,60.0,0.0,1.0,60.0,0.0,1.0,60.0,0.0,1.0,60.0,0.0,60.0,0.0,0.0,0.0,1.0,60.0,0.0,60.0,0.0,0.0,0.0,1.0,60.0,0.0,60.0,0.0,0.0,0.0,1.0,60.0,0.0,60.0,0.0,0.0,0.0,1.0,60.0,0.0,60.0,0.0,0.0,0.0,1.0,1505913567.08013,0.0,1.0,1505913567.08013,0.0,1.0,1505913567.08013,0.0,1.0,1505913567.08013,0.0,1.0,1505913567.08013,0.0,1.0,60.0,0.0,60.0,0.0,0.0,0.0,1.0,60.0,0.0,60.0,0.0,0.0,0.0,1.0,60.0,0.0,60.0,0.0,0.0,0.0,1.0,60.0,0.0,60.0,0.0,0.0,0.0,1.0,60.0,0.0,60.0,0.0,0.0,0.0
1.0,60.0,0.0,1.0,60.0,0.0,1.0,60.0,0.0,1.0,60.0,0.0,1.0,60.0,0.0,1.0,60.0,0.0,1.0,60.0,0.0,1.0,60.0,0.0,1.0,60.0,0.0,1.0,60.0,0.0,1.0,60.0,0.0,60.0,0.0,0.0,0.0,1.0,60.0,0.0,60.0,0.0,0.0,0.0,1.0,60.0,0.0,60.0,0.0,0.0,0.0,1.0,60.0,0.0,60.0,0.0,0.0,0.0,1.0,60.0,0.0,60.0,0.0,0.0,0.0,1.0,1505913562.853536,0.0,1.0,1505913562.853536,0.0,1.0,1505913562.853536,0.0,1.0,1505913562.853536,0.0,1.0,1505913562.853536,0.0,1.0,60.0,0.0,60.0,0.0,0.0,0.0,1.0,60.0,0.0,60.0,0.0,0.0,0.0,1.0,60.0,0.0,60.0,0.0,0.0,0.0,1.0,60.0,0.0,60.0,0.0,0.0,0.0,1.0,60.0,0.0,60.0,0.0,0.0,0.0
6.8402256243528985,74.46767408227412,11.02260838312668,8.668328796716956,74.93703998386319,25.0272567031152,51.03274744716017,75.24641630373063,174.90695647643588,1031.1059481549623,75.07228721145985,331.4848086537959,8222.792465824414,76.37453886900535,1454.4145502151266,6.8402256243528985,74.46767408227412,11.02260838312668,8.668328796716956,74.93703998386319,25.0272567031152,51.03274744716017,75.24641630373063,174.90695647643588,1031.1059481549623,75.07228721145985,331.4848086537959,8222.792465824414,76.37453886900535,1454.4145502151266,1.0000000008760257,74.0,0.0,74.0,0.0,0.0,0.0,1.000003684160205,74.0,0.0,74.0,0.0,0.0,0.0,1.017355567860457,74.0,0.0,74.0,0.0,0.0,0.0,2.1939388534374618,74.0,0.0,74.0,0.0,0.0,0.0,2.898512484339041,74.0,0.0,74.0,0.0,0.0,0.0,1.0000000008760257,6.017709523564952,59290.25253915327,1.000003684160205,16.689231161777457,16070459331.326187,1.017355567860457,2843182.521882053,4273492960379508.0,2.1939388534374618,367217228.17988086,4.18148712795321e+17,2.898512484339041,488044572.382628,4.967651744404568e+17,1.0000000008760257,74.0,0.0,74.0,0.0,0.0,0.0,1.000003684160205,74.0,0.0,74.0,0.0,0.0,0.0,1.017355567860457,74.0,0.0,74.0,0.0,0.0,0.0,2.1939388534374618,74.0,0.0,74.0,0.0,0.0,0.0,2.898512484339041,74.0,0.0,74.0,0.0,0.0,0.0
1.0,60.0,0.0,1.0,60.0,0.0,1.0,60.0,0.0,1.0,60.0,0.0,1.0,60.0,0.0,1.0,60.0,0.0,1.0,60.0,0.0,1.0,60.0,0.0,1.0,60.0,0.0,1.0,60.0,0.0,1.0,60.0,0.0,60.0,0.0,0.0,0.0,1.0,60.0,0.0,60.0,0.0,0.0,0.0,1.0,60.0,0.0,60.0,0.0,0.0,0.0,1.0,60.0,0.0,60.0,0.0,0.0,0.0,1.0,60.0,0.0,60.0,0.0,0.0,0.0,1.0,1505913457.845715,0.0,1.0,1505913457.845715,0.0,1.0,1505913457.845715,0.0,1.0,1505913457.845715,0.0,1.0,1505913457.845715,0.0,1.0,60.0,0.0,60.0,0.0,0.0,0.0,1.0,60.0,0.0,60.0,0.0,0.0,0.0,1.0,60.0,0.0,60.0,0.0,0.0,0.0,1.0,60.0,0.0,60.0,0.0,0.0,0.0,1.0,60.0,0.0,60.0,0.0,0.0,0.0
1.0,60.0,0.0,1.0,60.0,0.0,1.0,60.0,0.0,1.0,60.0,0.0,1.0,60.0,0.0,1.0,60.0,0.0,1.0,60.0,0.0,1.0,60.0,0.0,1.0,60.0,0.0,1.0,60.0,0.0,1.0,60.0,0.0,60.0,0.0,0.0,0.0,1.0,60.0,0.0,60.0,0.0,0.0,0.0,1.0,60.0,0.0,60.0,0.0,0.0,0.0,1.0,60.0,0.0,60.0,0.0,0.0,0.0,1.0,60.0,0.0,60.0,0.0,0.0,0.0,1.0,1505913478.121793,0.0,1.0,1505913478.121793,0.0,1.0,1505913478.121793,0.0,1.0,1505913478.121793,0.0,1.0,1505913478.121793,0.0,1.0,60.0,0.0,60.0,0.0,0.0,0.0,1.0,60.0,0.0,60.0,0.0,0.0,0.0,1.0,60.0,0.0,60.0,0.0,0.0,0.0,1.0,60.0,0.0,60.0,0.0,0.0,0.0,1.0,60.0,0.0,60.0,0.0,0.0,0.0
154.29869191358026,74.0753155591502,1.801901327538872,260.610883359239,74.06636370475728,1.5890830919406649,803.4946034497684,74.05690008586178,3.0676400861257207,6822.5680326020265,74.09565571906884,19.5206463399918,13045.318848218549,74.09694412814272,21.534900527390164,154.29869191358026,74.0753155591502,1.801901327538872,260.610883359239,74.06636370475728,1.5890830919406649,803.4946034497684,74.05690008586178,3.0676400861257207,6822.5680326020265,74.09565571906884,19.5206463399918,13045.318848218549,74.09694412814272,21.534900527390164,153.81447964963758,74.0,1.6518123698891422e-06,95.26804291051646,3.551690349880416e-12,1.0258523788642991e-27,4.118642197541146e-16,259.890211020566,73.99999999999993,3.162979879718208e-06,95.26804291051644,1.080922113397238e-11,-1.0787092099767245e-27,-1.6857827821545048e-16,801.7379687913858,73.99999993863246,0.0009268978466446,95.26804286284886,8.591396182619972e-07,8.713564067422809e-22,2.356377376644716e-13,6801.746773366344,73.99890599615856,0.1237532097792709,95.2671931392348,0.0153148569306722,2.1350149460476232e-16,2.8426071840035456e-10,13004.047593464618,73.99811406114718,0.1624794977195119,95.26657800407536,0.0263995871791848,5.027316127611459e-16,5.827156658405811e-10,153.81447964963752,0.0019615111153014,5.087351248165986e-05,259.8902110205664,0.0019036758834817,5.304087473711127e-05,801.7379687913907,0.1046031360717324,154787222.23690733,6801.7467733664025,41590.71732682777,62630303833202.73,13004.047593464456,97972.28807306568,147528221941015.22,1.0,74.0,0.0,74.0,0.0,0.0,0.0,1.0,74.0,0.0,74.0,0.0,0.0,0.0,1.0,74.0,0.0,74.0,0.0,0.0,0.0,1.0,74.0,0.0,74.0,0.0,0.0,0.0,1.0,74.0,0.0,74.0,0.0,0.0,0.0
176.05418273409714,74.01931152202121,0.4631468424813647,282.1799702835864,74.02931938662907,0.7068829048766929,807.3330286056917,74.04766488226295,3.5854810168293625,7900.24238283169,74.2002152791533,105.00197060668232,27388.586104819857,74.3804078399337,254.4980102476757,176.05418273409714,74.01931152202121,0.4631468424813647,282.1799702835864,74.02931938662907,0.7068829048766929,807.3330286056917,74.04766488226295,3.5854810168293625,7900.24238283169,74.2002152791533,105.00197060668232,27388.586104819857,74.3804078399337,254.4980102476757,175.91251312196098,73.99999888029815,0.0039592719305472,95.26804204078164,1.5675834220020463e-05,-8.570133638738793e-20,-8.578733102394237e-12,281.8346126676375,73.99993903239965,0.0292154530801459,95.26799555359013,0.0008535426986782,3.462117744203637e-18,1.2425936252938417e-10,805.9772720097501,73.99810572742395,0.1628380416553033,95.26657153087328,0.0265162278101342,2.8678979025549717e-16,6.155827963581064e-10,7881.593585086784,73.99734865774684,0.1926441330058554,95.2659834798138,0.0371117619815777,3.2794162214551536e-16,1.1289394837927966e-09,27308.708970867465,73.9979160095732,0.1707967299547171,95.2664241680128,0.0291715229632245,-1.2332470078879184e-15,-7.809199277417157e-10,175.91251312196084,0.0016671457029951,1.3387418780121475e-05,281.8346126676375,0.0017265311007325,1.7060280721860507e-05,805.9772720097521,0.0017985899664622,0.0003383833038447,7881.593585086898,2433.893087794982,3665225810557.764,27308.708970866523,35645.98434726817,53678524909912.22,1.0,74.0,0.0,95.26804291051644,0.0,0.0,0.0,1.0,74.0,0.0,95.26804291051644,0.0,0.0,0.0,1.0,74.0,0.0,95.26804291051644,0.0,0.0,0.0,1.0235160977478714,74.0,9.5367431640625e-07,95.26804291051644,9.094947017729282e-13,0.0,0.0,1.687284462161083,74.0,9.5367431640625e-07,95.26804291051644,9.094947017729282e-13,0.0,0.0
73.99892180206623,74.03701062382225,1.8225316891739567,108.473478660943,74.05325315760291,2.718216499798473,193.1648662264684,74.12399363889341,4.8871361108749625,860.3792070445941,75.93707418874591,1240.6261160473375,6445.279254656837,76.7149988185378,1778.5439519643917,73.99892180206623,74.03701062382225,1.8225316891739567,108.473478660943,74.05325315760291,2.718216499798473,193.1648662264684,74.12399363889341,4.8871361108749625,860.3792070445941,75.93707418874591,1240.6261160473375,6445.279254656837,76.7149988185378,1778.5439519643917,1.0,74.0,0.0,74.0,0.0,0.0,0.0,1.0,74.0,0.0,74.0,0.0,0.0,0.0,1.0,74.0,0.0,74.0,0.0,0.0,0.0,1.0,74.0,0.0,74.0,0.0,0.0,0.0,1.0,74.0,0.0,74.0,0.0,0.0,0.0,1.0,1505912937.229328,0.0,1.0,1505912937.229328,0.0,1.0,1505912937.229328,0.0,1.0,1505912937.229328,0.0,1.0,1505912937.229328,0.0,1.0,74.0,0.0,74.0,0.0,0.0,0.0,1.0,74.0,0.0,74.0,0.0,0.0,0.0,1.0,74.0,0.0,74.0,0.0,0.0,0.0,1.0,74.0,0.0,74.0,0.0,0.0,0.0,1.0,74.0,0.0,74.0,0.0,0.0,0.0
162.6035895885199,74.0289083082477,0.6929638386982333,268.91565187991483,74.037363762629,0.895761197361935,809.608921546768,74.04711961920349,2.5408090872397224,6850.8204818330405,74.09355227334783,19.091588913226584,13173.58879219478,74.09582656403519,21.28675501948419,162.6035895885199,74.0289083082477,0.6929638386982333,268.91565187991483,74.037363762629,0.895761197361935,809.608921546768,74.04711961920349,2.5408090872397224,6850.8204818330405,74.09355227334783,19.091588913226584,13173.58879219478,74.09582656403519,21.28675501948419,162.40773144143083,74.00000000000004,2.3360154559928683e-06,95.26804291051648,5.4569682106375694e-12,-4.091902327425246e-28,0.0,268.4969726979032,73.99999999999999,0.0,95.2680429105164,2.273736754432321e-12,-9.983734929684654e-28,0.0,808.1431623815398,73.9999999492,0.0008433247668903,95.26804287105732,7.111966627856428e-07,-8.419287785480377e-22,-2.1368537148996946e-13,6830.3727515221335,73.99893012505163,0.1223809815063354,95.26721188138252,0.014977104634454,2.2080614884769062e-16,2.9020352238291467e-10,13132.392181783132,73.99813587030035,0.16153742853159,95.26659494429018,0.0260943408165985,4.865343950491188e-16,5.4565468983526e-10,162.40773144143068,0.0018205737774027,2.414092065042181e-05,268.49697269790335,0.0018257405028112,3.307905081070099e-05,808.1431623815448,0.0868866739055069,128132832.46263792,6830.3727515221935,40673.40982700377,61248993249062.17,13132.392181782974,96839.32843493312,145822303072232.66,1.0,74.0,0.0,74.0,0.0,0.0,0.0,1.0,74.0,0.0,74.0,0.0,0.0,0.0,1.0,74.0,0.0,74.0,0.0,0.0,0.0,1.0,74.0,0.0,74.0,0.0,0.0,0.0,1.0,74.0,0.0,74.0,0.0,0.0,0.0
1.0,60.0,0.0,1.0,60.0,0.0,1.0,60.0,0.0,1.0,60.0,0.0,1.0,60.0,0.0,1.0,60.0,0.0,1.0,60.0,0.0,1.0,60.0,0.0,1.0,60.0,0.0,1.0,60.0,0.0,1.0,60.0,0.0,60.0,0.0,0.0,0.0,1.0,60.0,0.0,60.0,0.0,0.0,0.0,1.0,60.0,0.0,60.0,0.0,0.0,0.0,1.0,60.0,0.0,60.0,0.0,0.0,0.0,1.0,60.0,0.0,60.0,0.0,0.0,0.0,1.0,1505913548.1090882,0.0,1.0,1505913548.1090882,0.0,1.0,1505913548.1090882,0.0,1.0,1505913548.1090882,0.0,1.0,1505913548.1090882,0.0,1.0,60.0,0.0,60.0,0.0,0.0,0.0,1.0,60.0,0.0,60.0,0.0,0.0,0.0,1.0,60.0,0.0,60.0,0.0,0.0,0.0,1.0,60.0,0.0,60.0,0.0,0.0,0.0,1.0,60.0,0.0,60.0,0.0,0.0,0.0
39.10700466920255,74.03136986119735,0.7518927589026134,72.46367901074633,74.0612325798799,1.467203032391808,182.24093701943585,74.17618640031196,16.80540941442996,1162.1760032684165,75.82996232272784,883.0269635898668,8154.1813333872815,76.64917331852791,1678.5368158192084,39.10700466920255,74.03136986119735,0.7518927589026134,72.46367901074633,74.0612325798799,1.467203032391808,182.24093701943585,74.17618640031196,16.80540941442996,1162.1760032684165,75.82996232272784,883.0269635898668,8154.1813333872815,76.64917331852791,1678.5368158192084,1.0000000008951506,74.0,0.0,74.0,0.0,0.0,0.0,1.0000037322679869,74.0,9.5367431640625e-07,74.0,9.094947017729282e-13,0.0,0.0,1.0174359744673178,74.0,0.0,74.0,0.0,0.0,0.0,2.1946010228920416,74.00000000000001,9.5367431640625e-07,74.00000000000001,9.094947017729282e-13,0.0,0.0,2.8986201741938618,74.0,0.0,74.0,0.0,0.0,0.0,1.0000000008951506,6.011479628858697,61418.60777976819,1.0000037322679869,16.911223969663205,16414144970.008322,1.0174359744673178,2863081.693942899,4303345782121135.0,2.1946010228920416,367365457.03937554,4.182630384369548e+17,2.8986201741938618,488060858.233245,4.967737924723228e+17,1.0000000008951506,74.0,0.0,74.0,0.0,0.0,0.0,1.0000037322679869,74.0,9.5367431640625e-07,74.0,9.094947017729282e-13,0.0,0.0,1.0174359744673178,74.0,0.0,74.0,0.0,0.0,0.0,2.1946010228920416,74.00000000000001,9.5367431640625e-07,74.00000000000001,9.094947017729282e-13,0.0,0.0,2.8986201741938618,74.0,0.0,74.0,0.0,0.0,0.0
