1.0,60.0,0.0,1.0,60.0,0.0,1.0,60.0,0.0,1.0,60.0,0.0,1.0,60.0,0.0,1.0,60.0,0.0,1.0,60.0,0.0,1.0,60.0,0.0,1.0,60.0,0.0,1.0,60.0,0.0,1.0,60.0,0.0,60.0,0.0,0.0,0.0,1.0,60.0,0.0,60.0,0.0,0.0,0.0,1.0,60.0,0.0,60.0,0.0,0.0,0.0,1.0,60.0,0.0,60.0,0.0,0.0,0.0,1.0,60.0,0.0,60.0,0.0,0.0,0.0,1.0,1505913547.933508,0.0,1.0,1505913547.933508,0.0,1.0,1505913547.933508,0.0,1.0,1505913547.933508,0.0,1.0,1505913547.933508,0.0,1.0,60.0,0.0,60.0,0.0,0.0,0.0,1.0,60.0,0.0,60.0,0.0,0.0,0.0,1.0,60.0,0.0,60.0,0.0,0.0,0.0,1.0,60.0,0.0,60.0,0.0,0.0,0.0,1.0,60.0,0.0,60.0,0.0,0.0,0.0
145.1284677223088,71.80329094344144,25.928396112660263,257.34444202553254,70.99700527862692,33.023948802626364,798.7912323657727,70.30068012734326,38.10561889450037,6784.581739326562,69.53169797133486,42.70059781895088,54866.95898875158,69.39666667175102,43.40961316218635,145.1284677223088,71.80329094344144,25.928396112660263,257.34444202553254,70.99700527862692,33.023948802626364,798.7912323657727,70.30068012734326,38.10561889450037,6784.581739326562,69.53169797133486,42.70059781895088,54866.95898875158,69.39666667175102,43.40961316218635,122.3566806215904,73.99999999999999,1.3486991523486091e-06,73.99999999999999,1.8189894035458565e-12,0.0,0.0,202.1441562415793,73.99999999998998,1.1523290608973095e-05,73.99999999998998,1.3278622645884752e-10,0.0,0.0,587.7212692342679,73.99998747159118,0.0132437747400269,73.99998747159118,0.0001753975693645,0.0,0.0,4617.798576745738,73.99828489944781,0.1549466557942516,73.99828489944781,0.0240084661418222,0.0,0.0,36805.047331091344,73.99786964068541,0.1726861087166512,73.99786964068541,0.029820492143699,0.0,0.0,122.3566806215904,0.0024029208434469,2.157436483101177e-05,202.1441562415793,0.0024106482917629,2.583725910496116e-05,587.7212692342679,0.0024689400024434,3.560441323965001e-05,4617.798576745738,0.0082026231751279,7620293.326787891,36805.047331091344,6782.277399425583,10225297462593.266,1.0,74.0,0.0,74.0,0.0,0.0,0.0,1.0,74.0,0.0,74.0,0.0,0.0,0.0,1.0,74.0,0.0,74.0,0.0,0.0,0.0,1.0,74.0,0.0,74.0,0.0,0.0,0.0,1.0,74.0,0.0,74.0,0.0,0.0,0.0
1.0,60.0,0.0,1.0,60.0,0.0,1.0,60.0,0.0,1.0,60.0,0.0,1.0,60.0,0.0,1.0,60.0,0.0,1.0,60.0,0.0,1.0,60.0,0.0,1.0,60.0,0.0,1.0,60.0,0.0,1.0,60.0,0.0,60.0,0.0,0.0,0.0,1.0,60.0,0.0,60.0,0.0,0.0,0.0,1.0,60.0,0.0,60.0,0.0,0.0,0.0,1.0,60.0,0.0,60.0,0.0,0.0,0.0,1.0,60.0,0.0,60.0,0.0,0.0,0.0,1.0,1505913573.755126,0.0,1.0,1505913573.755126,0.0,1.0,1505913573.755126,0.0,1.0,1505913573.755126,0.0,1.0,1505913573.755126,0.0,1.0,60.0,0.0,60.0,0.0,0.0,0.0,1.0,60.0,0.0,60.0,0.0,0.0,0.0,1.0,60.0,0.0,60.0,0.0,0.0,0.0,1.0,60.0,0.0,60.0,0.0,0.0,0.0,1.0,60.0,0.0,60.0,0.0,0.0,0.0
133.41855635619208,74.00337426545715,0.4213228609924045,237.11443244667527,74.017132525819,10.286347580929943,771.6483016481518,74.49893114983861,403.3299180710774,7819.414154780383,74.81775356962976,629.0558923344634,41641.35294500399,74.44837678572594,313.79244044553434,133.41855635619208,74.00337426545715,0.4213228609924045,237.11443244667527,74.017132525819,10.286347580929943,771.6483016481518,74.49893114983861,403.3299180710774,7819.414154780383,74.81775356962976,629.0558923344634,41641.35294500399,74.44837678572594,313.79244044553434,133.3483705155232,73.99866686584622,0.1366093002248812,95.26700739459852,0.0186621009079317,-2.2418790270978677e-17,-8.604028198842992e-11,236.82701925744,73.99569535931464,0.2454515016486326,95.2646992946942,0.0602464396615687,-5.658624980315595e-16,-6.46072289861432e-10,769.654907094787,73.99240163771456,0.3260664608411339,95.26214095912852,0.1063193368854626,-9.568034367959092e-17,-9.982853725470192e-11,7793.060725678371,73.99730001251876,0.1944030214089888,95.265945694895,0.0377925347329437,-2.3072827391138444e-17,-2.2721504911896967e-11,41511.71251750829,73.99812995458312,0.1617935065375084,95.2665903492685,0.0261771387577027,2.1917005796840592e-16,1.857129185681839e-10,133.3483705155231,0.0022729690033975,6.437452960734243e-05,236.8270192574401,0.0020827135238622,4.870002756279778e-05,769.6549070947876,0.0018870759306203,3.341089402405524e-05,7793.060725678465,63.22938550289884,95215241856.98112,41511.71251750614,16259.645307274432,24485365478366.69,1.0,74.0,0.0,95.26804291051644,0.0,0.0,0.0,1.0,74.0,0.0,95.26804291051644,0.0,0.0,0.0,1.0,74.0,0.0,95.26804291051644,0.0,0.0,0.0,1.02051595341664,74.0,0.0,95.26804291051644,0.0,0.0,0.0,2.1412069074142406,74.0,9.5367431640625e-07,95.26804291051644,9.094947017729282e-13,0.0,0.0
1.0,60.0,0.0,1.0,60.0,0.0,1.0,60.0,0.0,1.0,60.0,0.0,1.0,60.0,0.0,1.0,60.0,0.0,1.0,60.0,0.0,1.0,60.0,0.0,1.0,60.0,0.0,1.0,60.0,0.0,1.0,60.0,0.0,60.0,0.0,0.0,0.0,1.0,60.0,0.0,60.0,0.0,0.0,0.0,1.0,60.0,0.0,60.0,0.0,0.0,0.0,1.0,60.0,0.0,60.0,0.0,0.0,0.0,1.0,60.0,0.0,60.0,0.0,0.0,0.0,1.0,1505913559.526466,0.0,1.0,1505913559.526466,0.0,1.0,1505913559.526466,0.0,1.0,1505913559.526466,0.0,1.0,1505913559.526466,0.0,1.0,60.0,0.0,60.0,0.0,0.0,0.0,1.0,60.0,0.0,60.0,0.0,0.0,0.0,1.0,60.0,0.0,60.0,0.0,0.0,0.0,1.0,60.0,0.0,60.0,0.0,0.0,0.0,1.0,60.0,0.0,60.0,0.0,0.0,0.0
1.0,60.0,0.0,1.0,60.0,0.0,1.0,60.0,0.0,1.0,60.0,0.0,1.0,60.0,0.0,1.0,60.0,0.0,1.0,60.0,0.0,1.0,60.0,0.0,1.0,60.0,0.0,1.0,60.0,0.0,1.0,60.0,0.0,60.0,0.0,0.0,0.0,1.0,60.0,0.0,60.0,0.0,0.0,0.0,1.0,60.0,0.0,60.0,0.0,0.0,0.0,1.0,60.0,0.0,60.0,0.0,0.0,0.0,1.0,60.0,0.0,60.0,0.0,0.0,0.0,1.0,1505913477.7912116,0.0,1.0,1505913477.7912116,0.0,1.0,1505913477.7912116,0.0,1.0,1505913477.7912116,0.0,1.0,1505913477.7912116,0.0,1.0,60.0,0.0,60.0,0.0,0.0,0.0,1.0,60.0,0.0,60.0,0.0,0.0,0.0,1.0,60.0,0.0,60.0,0.0,0.0,0.0,1.0,60.0,0.0,60.0,0.0,0.0,0.0,1.0,60.0,0.0,60.0,0.0,0.0,0.0
155.74219478229162,74.00511810901155,0.1228088732086689,259.8695094010945,74.0133804579141,0.3222818174263011,795.3039303898893,74.03889043113756,3.0742052202867853,4771.757024043983,74.10596618562714,19.08515771127168,6926.705479915486,74.10816936317146,19.344019839592875,155.74219478229162,74.00511810901155,0.1228088732086689,259.8695094010945,74.0133804579141,0.3222818174263011,795.3039303898893,74.03889043113756,3.0742052202867853,4771.757024043983,74.10596618562714,19.08515771127168,6926.705479915486,74.10816936317146,19.344019839592875,155.70898206330327,73.9999999999999,2.523185072960464e-06,95.2680429105164,9.330635534153404e-12,-9.469256990570895e-27,-1.4369315421006677e-15,259.7246831696309,73.99999999359653,0.0002994005799951,95.26804290554244,8.96407075609716e-08,8.234055899126522e-22,1.0530050531138384e-12,794.2742530998836,73.99986246166186,0.0438807227443616,95.26793607686096,0.0019255178285675,-1.006922079972934e-17,-8.507011344491311e-11,4760.302134821252,73.99662210476852,0.2174376302308904,95.2654191347309,0.0472791230404254,1.0417711489363488e-15,9.852600168269623e-10,6908.69805246551,73.996165806065,0.2316549460981122,95.26506470894093,0.0536640140517192,-1.527316649487954e-15,-1.2837735487084103e-09,155.70898206330338,0.0019244263680191,0.0004164221479633,259.72468316963125,0.0019062505469981,15395.051562305536,794.2742530998842,229.05047509402544,344927582594.82104,4760.302134821267,128343.99292020212,193258582222442.2,6908.698052465492,199170.50984046503,299894051739796.75,1.0,74.0,0.0,74.0,0.0,0.0,0.0,1.0,74.0,0.0,74.0,0.0,0.0,0.0,1.0,74.0,0.0,74.0,0.0,0.0,0.0,1.0,74.0,0.0,74.0,0.0,0.0,0.0,1.0,74.0,0.0,74.0,0.0,0.0,0.0
122.77616005356371,64.63606925209892,45.80514117188795,176.51151403219285,65.65775195848776,49.04433483549838,495.174149849492,67.2468879032171,49.70064673998513,3881.7122465167326,67.44519605377151,49.0849755172585,21413.726974242443,67.30871719001784,49.11244534285378,122.77616005356371,64.63606925209892,45.80514117188795,176.51151403219285,65.65775195848776,49.04433483549838,495.174149849492,67.2468879032171,49.70064673998513,3881.7122465167326,67.44519605377151,49.0849755172585,21413.726974242443,67.30871719001784,49.11244534285378,1.0,60.0,0.0,60.0,0.0,0.0,0.0,1.0,60.0,0.0,60.0,0.0,0.0,0.0,1.0,60.0,0.0,60.0,0.0,0.0,0.0,1.0,60.0,0.0,60.0,0.0,0.0,0.0,1.0,60.0,0.0,60.0,0.0,0.0,0.0,1.0,1507657190.985329,0.0,1.0,1507657190.985329,0.0,1.0,1507657190.985329,0.0,1.0,1507657190.985329,0.0,1.0,1507657190.985329,0.0,1.0,60.0,0.0,60.0,0.0,0.0,0.0,1.0,60.0,0.0,60.0,0.0,0.0,0.0,1.0,60.0,0.0,60.0,0.0,0.0,0.0,1.0,60.0,0.0,60.0,0.0,0.0,0.0,1.0,60.0,0.0,60.0,0.0,0.0,0.0
169.48389588261662,79.50476972897955,4549.683225489423,271.8994385692329,79.65594755470661,4665.784345194954,817.4029269980617,77.57856925126589,2935.46341127052,7796.236212339892,74.92327228941177,707.3369281157737,40739.97524358629,74.4476386259495,311.21674487878136,169.48389588261662,79.50476972897955,4549.683225489423,271.8994385692329,79.65594755470661,4665.784345194954,817.4029269980617,77.57856925126589,2935.46341127052,7796.236212339892,74.92327228941177,707.3369281157737,40739.97524358629,74.4476386259495,311.21674487878136,168.22704465617215,74.00000000000007,2.86102294921875e-06,95.26804291051648,8.235824805649297e-12,-2.7536435602013287e-27,-1.0092210377306212e-15,269.718923472431,73.99999999984203,4.696301365755131e-05,95.2680429103938,2.2055453262985063e-09,-2.553225666460931e-23,-1.759294346568709e-13,812.4297586093115,73.9999750228628,0.0186997143066369,95.26802350938276,0.0003496793151498,2.1773766015783666e-18,3.2631307482556606e-11,7768.378442924489,73.99866058456765,0.136930719389908,95.26700251561395,0.0187500219126377,2.933443575778481e-16,3.3674158911845446e-10,40612.27954934384,73.99839266407268,0.1500003981794048,95.266794408473,0.02250011945398,2.9721606260123945e-16,3.0972304549535216e-10,168.22704465617227,0.0017712991195203,3.169252050470628e-05,269.7189234724312,0.0018196134833505,3.3514375227774e-05,812.4297586093138,0.0017883659036335,3.371150429639802e-05,7768.378442924565,80.37062869451053,121028473647.59685,40612.27954934184,17017.849889239063,25627131379849.062,1.0,74.0,0.0,95.26804291051644,0.0,0.0,0.0,1.0,74.0,0.0,95.26804291051644,0.0,0.0,0.0,1.0,74.0,0.0,95.26804291051644,0.0,0.0,0.0,1.0205801429613166,74.0,0.0,95.26804291051644,4.547473508864641e-13,0.0,0.0,2.1416581447702407,74.0,9.5367431640625e-07,95.26804291051644,1.016845989170083e-12,0.0,0.0
1.0,60.0,0.0,1.0,60.0,0.0,1.0,60.0,0.0,1.0,60.0,0.0,1.0,60.0,0.0,1.0,60.0,0.0,1.0,60.0,0.0,1.0,60.0,0.0,1.0,60.0,0.0,1.0,60.0,0.0,1.0,60.0,0.0,60.0,0.0,0.0,0.0,1.0,60.0,0.0,60.0,0.0,0.0,0.0,1.0,60.0,0.0,60.0,0.0,0.0,0.0,1.0,60.0,0.0,60.0,0.0,0.0,0.0,1.0,60.0,0.0,60.0,0.0,0.0,0.0,1.0,1505913464.570425,0.0,1.0,1505913464.570425,0.0,1.0,1505913464.570425,0.0,1.0,1505913464.570425,0.0,1.0,1505913464.570425,0.0,1.0,60.0,0.0,60.0,0.0,0.0,0.0,1.0,60.0,0.0,60.0,0.0,0.0,0.0,1.0,60.0,0.0,60.0,0.0,0.0,0.0,1.0,60.0,0.0,60.0,0.0,0.0,0.0,1.0,60.0,0.0,60.0,0.0,0.0,0.0
143.75377367733245,309.12350991250383,61004.31226705568,224.4270085803485,349.1941143001662,59227.896360390856,643.0165349578413,377.15217752511353,56085.90288814338,6301.4662289999305,382.8290989259688,55256.27251286406,21646.82876296657,382.4878902554081,55307.724258731214,143.75377367733245,309.12350991250383,61004.31226705568,224.4270085803485,349.1941143001662,59227.896360390856,643.0165349578413,377.15217752511353,56085.90288814338,6301.4662289999305,382.8290989259688,55256.27251286406,21646.82876296657,382.4878902554081,55307.724258731214,72.49472084553334,553.9999999999006,0.0002211208609953,553.9999999999006,4.8894435167312615e-08,0.0,0.0,131.38182276325503,553.9999988145452,0.0241994821520271,553.9999988145452,0.0005856149364262,0.0,0.0,412.8241395536986,553.9918555906634,2.005809532593738,553.9918555906634,4.023271881043911,0.0,0.0,4118.562834146796,553.9247243325201,6.0975825790636025,553.9247243325201,37.18051330849994,0.0,0.0,14132.612277014265,553.9430569126554,5.303455725309593,553.9430569126554,28.126642630319107,0.0,0.0,72.49472084553334,0.0043273692384683,0.0002064961614049,131.38182276325503,0.0038192058279221,0.0001494149514716,412.8241395536986,0.0035461138941953,0.0081425351691012,4118.562834146796,6022.723914204637,9080153920078.61,14132.612277014265,70746.25121232143,106655994596900.22,1.0,554.0,0.0,554.0,0.0,0.0,0.0,1.0,554.0,0.0,554.0,0.0,0.0,0.0,1.0,554.0,0.0,554.0,0.0,0.0,0.0,1.0,554.0,0.0,554.0,0.0,0.0,0.0,1.0,554.0,0.0,554.0,0.0,0.0,0.0
1.0,60.0,0.0,1.0,60.0,0.0,1.0,60.0,0.0,1.0,60.0,0.0,1.0,60.0,0.0,1.0,60.0,0.0,1.0,60.0,0.0,1.0,60.0,0.0,1.0,60.0,0.0,1.0,60.0,0.0,1.0,60.0,0.0,60.0,0.0,0.0,0.0,1.0,60.0,0.0,60.0,0.0,0.0,0.0,1.0,60.0,0.0,60.0,0.0,0.0,0.0,1.0,60.0,0.0,60.0,0.0,0.0,0.0,1.0,60.0,0.0,60.0,0.0,0.0,0.0,1.0,1505913588.364558,0.0,1.0,1505913588.364558,0.0,1.0,1505913588.364558,0.0,1.0,1505913588.364558,0.0,1.0,1505913588.364558,0.0,1.0,60.0,0.0,60.0,0.0,0.0,0.0,1.0,60.0,0.0,60.0,0.0,0.0,0.0,1.0,60.0,0.0,60.0,0.0,0.0,0.0,1.0,60.0,0.0,60.0,0.0,0.0,0.0,1.0,60.0,0.0,60.0,0.0,0.0,0.0
1.0,60.0,0.0,1.0,60.0,0.0,1.0,60.0,0.0,1.0,60.0,0.0,1.0,60.0,0.0,1.0,60.0,0.0,1.0,60.0,0.0,1.0,60.0,0.0,1.0,60.0,0.0,1.0,60.0,0.0,1.0,60.0,0.0,60.0,0.0,0.0,0.0,1.0,60.0,0.0,60.0,0.0,0.0,0.0,1.0,60.0,0.0,60.0,0.0,0.0,0.0,1.0,60.0,0.0,60.0,0.0,0.0,0.0,1.0,60.0,0.0,60.0,0.0,0.0,0.0,1.0,1505913470.82701,0.0,1.0,1505913470.82701,0.0,1.0,1505913470.82701,0.0,1.0,1505913470.82701,0.0,1.0,1505913470.82701,0.0,1.0,60.0,0.0,60.0,0.0,0.0,0.0,1.0,60.0,0.0,60.0,0.0,0.0,0.0,1.0,60.0,0.0,60.0,0.0,0.0,0.0,1.0,60.0,0.0,60.0,0.0,0.0,0.0,1.0,60.0,0.0,60.0,0.0,0.0,0.0
129.28609266316585,68.94120309144306,45.23174978790121,209.4954216626936,69.65385151799411,41.95959123246121,643.8888733162271,69.73052267111119,41.72369251357395,6671.3381514950415,69.44128385587427,43.38916763933412,46642.6312014135,69.39235572698246,43.45672209418353,129.28609266316585,68.94120309144306,45.23174978790121,209.4954216626936,69.65385151799411,41.95959123246121,643.8888733162271,69.73052267111119,41.72369251357395,6671.3381514950415,69.44128385587427,43.38916763933412,46642.6312014135,69.39235572698246,43.45672209418353,1.0,60.0,0.0,60.0,0.0,0.0,0.0,1.0,60.0,0.0,60.0,0.0,0.0,0.0,1.0,60.0,0.0,60.0,0.0,0.0,0.0,1.0,60.0,0.0,60.0,0.0,0.0,0.0,1.0,60.0,0.0,60.0,0.0,0.0,0.0,1.0,1507657232.559785,0.0,1.0,1507657232.559785,0.0,1.0,1507657232.559785,0.0,1.0,1507657232.559785,0.0,1.0,1507657232.559785,0.0,1.0,60.0,0.0,60.0,0.0,0.0,0.0,1.0,60.0,0.0,60.0,0.0,0.0,0.0,1.0,60.0,0.0,60.0,0.0,0.0,0.0,1.0,60.0,0.0,60.0,0.0,0.0,0.0,1.0,60.0,0.0,60.0,0.0,0.0,0.0
1.0,60.0,0.0,1.0,60.0,0.0,1.0,60.0,0.0,1.0,60.0,0.0,1.0,60.0,0.0,1.0,60.0,0.0,1.0,60.0,0.0,1.0,60.0,0.0,1.0,60.0,0.0,1.0,60.0,0.0,1.0,60.0,0.0,60.0,0.0,0.0,0.0,1.0,60.0,0.0,60.0,0.0,0.0,0.0,1.0,60.0,0.0,60.0,0.0,0.0,0.0,1.0,60.0,0.0,60.0,0.0,0.0,0.0,1.0,60.0,0.0,60.0,0.0,0.0,0.0,1.0,1505913582.90954,0.0,1.0,1505913582.90954,0.0,1.0,1505913582.90954,0.0,1.0,1505913582.90954,0.0,1.0,1505913582.90954,0.0,1.0,60.0,0.0,60.0,0.0,0.0,0.0,1.0,60.0,0.0,60.0,0.0,0.0,0.0,1.0,60.0,0.0,60.0,0.0,0.0,0.0,1.0,60.0,0.0,60.0,0.0,0.0,0.0,1.0,60.0,0.0,60.0,0.0,0.0,0.0
1.0,60.0,0.0,1.0,60.0,0.0,1.0,60.0,0.0,1.0,60.0,0.0,1.0,60.0,0.0,1.0,60.0,0.0,1.0,60.0,0.0,1.0,60.0,0.0,1.0,60.0,0.0,1.0,60.0,0.0,1.0,60.0,0.0,60.0,0.0,0.0,0.0,1.0,60.0,0.0,60.0,0.0,0.0,0.0,1.0,60.0,0.0,60.0,0.0,0.0,0.0,1.0,60.0,0.0,60.0,0.0,0.0,0.0,1.0,60.0,0.0,60.0,0.0,0.0,0.0,1.0,1505913471.211093,0.0,1.0,1505913471.211093,0.0,1.0,1505913471.211093,0.0,1.0,1505913471.211093,0.0,1.0,1505913471.211093,0.0,1.0,60.0,0.0,60.0,0.0,0.0,0.0,1.0,60.0,0.0,60.0,0.0,0.0,0.0,1.0,60.0,0.0,60.0,0.0,0.0,0.0,1.0,60.0,0.0,60.0,0.0,0.0,0.0,1.0,60.0,0.0,60.0,0.0,0.0,0.0
90.91655522054188,220.84532452218212,53581.12527365376,129.69815198068116,254.94251928276512,58281.25444418593,318.78163259633703,285.57225028950984,60506.35852265492,3242.147542700853,299.1989704986865,60917.0888581287,17273.701256021395,302.95619039974014,60965.18938715964,90.91655522054188,220.84532452218212,53581.12527365376,129.69815198068116,254.94251928276512,58281.25444418593,318.78163259633703,285.57225028950984,60506.35852265492,3242.147542700853,299.1989704986865,60917.0888581287,17273.701256021395,302.95619039974014,60965.18938715964,1.0,60.0,0.0,60.0,0.0,0.0,0.0,1.0,60.0,0.0,60.0,0.0,0.0,0.0,1.0,60.0,0.0,60.0,0.0,0.0,0.0,1.0,60.0,0.0,60.0,0.0,0.0,0.0,1.0,60.0,0.0,60.0,0.0,0.0,0.0,1.0,1507659414.5336,0.0,1.0,1507659414.5336,0.0,1.0,1507659414.5336,0.0,1.0,1507659414.5336,0.0,1.0,1507659414.5336,0.0,1.0,60.0,0.0,60.0,0.0,0.0,0.0,1.0,60.0,0.0,60.0,0.0,0.0,0.0,1.0,60.0,0.0,60.0,0.0,0.0,0.0,1.0,60.0,0.0,60.0,0.0,0.0,0.0,1.0,60.0,0.0,60.0,0.0,0.0,0.0
137.55248960074036,187.9487835010624,46835.80785012319,201.5262504180585,242.2497669153471,56816.40731548311,534.2847446692383,308.1942047382078,61007.572683507286,5118.035910894085,333.6773894383825,60294.85849466808,34398.263039063146,336.03446478587813,60162.194271566295,137.55248960074036,187.9487835010624,46835.80785012319,201.5262504180585,242.2497669153471,56816.40731548311,534.2847446692383,308.1942047382078,61007.572683507286,5118.035910894085,333.6773894383825,60294.85849466808,34398.263039063146,336.03446478587813,60162.194271566295,1.0,60.0,0.0,60.0,0.0,0.0,0.0,1.0,60.0,0.0,60.0,0.0,0.0,0.0,1.0,60.0,0.0,60.0,0.0,0.0,0.0,1.0,60.0,0.0,60.0,0.0,0.0,0.0,1.0,60.0,0.0,60.0,0.0,0.0,0.0,1.0,1507659472.717405,0.0,1.0,1507659472.717405,0.0,1.0,1507659472.717405,0.0,1.0,1507659472.717405,0.0,1.0,1507659472.717405,0.0,1.0,60.0,0.0,60.0,0.0,0.0,0.0,1.0,60.0,0.0,60.0,0.0,0.0,0.0,1.0,60.0,0.0,60.0,0.0,0.0,0.0,1.0,60.0,0.0,60.0,0.0,0.0,0.0,1.0,60.0,0.0,60.0,0.0,0.0,0.0
1.0,60.0,0.0,1.0,60.0,0.0,1.0,60.0,0.0,1.0,60.0,0.0,1.0,60.0,0.0,1.0,60.0,0.0,1.0,60.0,0.0,1.0,60.0,0.0,1.0,60.0,0.0,1.0,60.0,0.0,1.0,60.0,0.0,60.0,0.0,0.0,0.0,1.0,60.0,0.0,60.0,0.0,0.0,0.0,1.0,60.0,0.0,60.0,0.0,0.0,0.0,1.0,60.0,0.0,60.0,0.0,0.0,0.0,1.0,60.0,0.0,60.0,0.0,0.0,0.0,1.0,1505913453.546263,0.0,1.0,1505913453.546263,0.0,1.0,1505913453.546263,0.0,1.0,1505913453.546263,0.0,1.0,1505913453.546263,0.0,1.0,60.0,0.0,60.0,0.0,0.0,0.0,1.0,60.0,0.0,60.0,0.0,0.0,0.0,1.0,60.0,0.0,60.0,0.0,0.0,0.0,1.0,60.0,0.0,60.0,0.0,0.0,0.0,1.0,60.0,0.0,60.0,0.0,0.0,0.0
161.87650211743636,74.01436826526552,0.3446359201834639,271.00110260568266,74.02434905314989,0.5881292260401096,822.4768058069151,74.05716533580771,16.020942874852153,6207.031161579244,74.53849986292695,388.4912999980525,13649.67056539082,74.44682437509388,308.87878813994394,161.87650211743636,74.01436826526552,0.3446359201834639,271.00110260568266,74.02434905314989,0.5881292260401096,822.4768058069151,74.05716533580771,16.020942874852153,6207.031161579244,74.53849986292695,388.4912999980525,13649.67056539082,74.44682437509388,308.87878813994394,161.7795894812968,73.99999999999997,2.523185072960464e-06,95.2680429105164,7.332580706405269e-12,1.910921471399205e-28,3.970668688291838e-17,270.7259808283112,74.00000000000007,3.015782985847835e-06,95.26804291051646,9.275062463698822e-12,-5.911937191744099e-27,-1.453498674998274e-15,821.0994733625328,73.99999999914941,0.0001092987324161,95.26804290985572,1.1946213773313364e-08,-7.534629962710723e-23,-3.232672540132195e-13,6186.519363711908,73.9992140486725,0.1048937600644696,95.2674324195905,0.0110027009004625,3.003312983890569e-16,8.853233794791195e-10,13606.28965460074,73.99827262468412,0.1555000662511751,95.26670116802131,0.0241802706041198,-1.7321229492667164e-15,-1.9333105392006227e-09,161.77958948129685,0.0018218796287183,1.9493312245992427e-05,270.72598082831183,0.0017978380505681,1.7814172904309562e-05,821.0994733625361,0.0031856679230076,2132632.6215087776,6186.5193637119455,29862.423256142687,44969355998690.8,13606.289654600638,89730.00135439707,135117639679616.7,1.0,74.0,0.0,74.0,0.0,0.0,0.0,1.0,74.0,0.0,74.0,0.0,0.0,0.0,1.0,74.0,0.0,74.0,0.0,0.0,0.0,1.0,74.0,0.0,74.0,0.0,0.0,0.0,1.0,74.0,0.0,74.0,0.0,0.0,0.0
108.76402682045082,449.28705168042086,40763.39490044377,195.72990150139373,414.3870929029253,49477.00457304617,626.117339801446,389.7317769215402,54163.02573150014,6369.639739913599,383.6568151535488,55128.51275622996,41355.258446528365,382.40848973556496,55319.13107794046,108.76402682045082,449.28705168042086,40763.39490044377,195.72990150139373,414.3870929029253,49477.00457304617,626.117339801446,389.7317769215402,54163.02573150014,6369.639739913599,383.6568151535488,55128.51275622996,41355.258446528365,382.40848973556496,55319.13107794046,85.7093670527455,553.9999999999992,1.8688123647942943e-05,553.9999999999992,3.4924596548080444e-10,0.0,0.0,140.41325387865936,553.9999999280285,0.0059627074027002,553.9999999280285,3.555387957021594e-05,0.0,0.0,417.915246468174,553.9967671426266,1.2637329984304235,553.9967671426266,1.5970210913219491,0.0,0.0,4173.694121593153,553.9313300239046,5.823937896805898,553.9313300239046,33.91825262585189,0.0,0.0,26992.330788633422,553.9542882682855,4.75178975799332,553.9542882682855,22.57950590417022,0.0,0.0,85.7093670527455,0.0034238567127376,2.252895230036323e-05,140.41325387865936,0.003468650080921,3.1181651769358975e-05,417.915246468174,0.0034735906076912,5.088095033996647e-05,4173.694121593153,10.465442690143806,15773070254.381002,26992.330788633422,19644.68937084499,29617041186797.785,1.0,554.0,0.0,554.0,0.0,0.0,0.0,1.0,554.0,0.0,554.0,0.0,0.0,0.0,1.0,554.0,0.0,554.0,0.0,0.0,0.0,1.0,554.0,0.0,554.0,0.0,0.0,0.0,1.0,554.0,0.0,554.0,0.0,0.0,0.0
217.46397403170369,74.02403285913806,0.5762115950792577,326.07390721095663,74.03287455301736,0.7895204804981404,843.1102426498288,74.04809274782149,3.880028334589042,7673.662322244575,74.170572883366,75.9830653797062,29842.87312734714,74.3489908915512,226.16815342504745,217.46397403170369,74.02403285913806,0.5762115950792577,326.07390721095663,74.03287455301736,0.7895204804981404,843.1102426498288,74.04809274782149,3.880028334589042,7673.662322244575,74.170572883366,75.9830653797062,29842.87312734714,74.3489908915512,226.16815342504745,217.24621233216095,74.00000000000003,9.5367431640625e-07,95.26804291051648,4.637531231849411e-12,-2.2917891428521587e-28,-1.126910646873202e-16,325.6273077906428,73.99999999999739,5.223489356090223e-06,95.2680429105145,2.8238309271291702e-11,-7.292237104801096e-25,-5.175531865557756e-14,841.6265828296164,73.99999330008319,0.009684978046084,95.26803770631764,9.3798799753131e-05,-5.301555208070845e-19,-2.5669627044851802e-11,7654.922329102555,73.99844087333169,0.1477340262956271,95.26683185497436,0.021825342525517,2.6078952250314606e-16,1.068682975491332e-09,29756.69167824696,73.99819163338938,0.1591033072373977,95.26663825816314,0.0253138623738777,-5.075555818163067e-16,-3.7053182020545455e-10,217.2462123321613,0.0014008999773463,4.3555384500286576e-05,325.6273077906428,0.0015260365343455,4.7488121256115774e-05,841.6265828296204,0.0017299978527917,4.46335253724414e-05,7654.922329102694,1431.2560975132226,2155344186245.632,29756.69167824589,30931.528093352987,46579271566587.77,1.0,74.0,0.0,95.26804291051644,0.0,0.0,0.0,1.0,74.0,0.0,95.26804291051644,0.0,0.0,0.0,1.0,74.0,0.0,95.26804291051644,0.0,0.0,0.0,1.0219344614477264,74.0,0.0,95.26804291051644,0.0,0.0,0.0,1.682515781109574,74.0,0.0,95.26804291051644,0.0,0.0,0.0
17.09988363779239,60.00000764515579,0.0001748775111991,34.08886748179644,60.00057708508989,0.0130325733243807,156.8935227127784,60.02434007352169,0.5230423722928208,1937.032974407388,60.094222489642,1.6897756151365684,18432.096886462023,60.09927417410239,1.695573361583229,17.09988363779239,60.00000764515579,0.0001748775111991,34.08886748179644,60.00057708508989,0.0130325733243807,156.8935227127784,60.02434007352169,0.5230423722928208,1937.032974407388,60.094222489642,1.6897756151365684,18432.096886462023,60.09927417410239,1.695573361583229,1.0,60.0,0.0,60.0,0.0,0.0,0.0,1.0,60.0,0.0,60.0,0.0,0.0,0.0,1.0,60.0,0.0,60.0,0.0,0.0,0.0,1.0,60.0,0.0,60.0,0.0,0.0,0.0,1.0,60.0,0.0,60.0,0.0,0.0,0.0,1.0,1507653351.898383,0.0,1.0,1507653351.898383,0.0,1.0,1507653351.898383,0.0,1.0,1507653351.898383,0.0,1.0,1507653351.898383,0.0,1.0,60.0,0.0,60.0,0.0,0.0,0.0,1.0,60.0,0.0,60.0,0.0,0.0,0.0,1.0,60.0,0.0,60.0,0.0,0.0,0.0,1.0,60.0,0.0,60.0,0.0,0.0,0.0,1.0,60.0,0.0,60.0,0.0,0.0,0.0
105.21045959905643,475.6992047819981,32548.82887544105,190.3805429275846,435.694733679306,44444.14404678808,626.2705093166611,398.1639610721251,52693.044926851966,6433.193369553347,385.2213107399146,54887.03971125706,52163.22594547788,383.3484104143164,55176.64739925036,105.21045959905643,475.6992047819981,32548.82887544105,190.3805429275846,435.694733679306,44444.14404678808,626.2705093166611,398.1639610721251,52693.044926851966,6433.193369553347,385.2213107399146,54887.03971125706,52163.22594547788,383.3484104143164,55176.64739925036,88.53388619581223,554.0,1.0789593218788871e-05,554.0,1.1641532182693479e-10,0.0,0.0,144.78535471320552,554.0,7.62939453125e-06,554.0,5.820766091346741e-11,0.0,0.0,428.69528919718056,553.9999973568154,0.0361349300137788,553.9999973568154,0.0013057331671006,0.0,0.0,4235.443306609864,553.9660650268399,4.094230716244243,553.9660650268399,16.76272515783785,0.0,0.0,34145.62937771674,553.9585592991318,4.524377183111096,553.9585592991318,20.469988895056304,0.0,0.0,88.53388619581223,0.003319714553372,2.589283342798e-05,144.78535471320552,0.0033706130636293,3.786973471178865e-05,428.69528919718056,0.0033899250987104,6.1004763079726855e-05,4235.443306609864,0.0210292424768,26564243.058977924,34145.62937771674,8211.57535599851,12380157623374.33,1.0,554.0,0.0,554.0,0.0,0.0,0.0,1.0,554.0,0.0,554.0,0.0,0.0,0.0,1.0,554.0,0.0,554.0,0.0,0.0,0.0,1.0,554.0,0.0,554.0,0.0,0.0,0.0,1.0,554.0,0.0,554.0,0.0,0.0,0.0
153.4548180467209,249.5363276968857,57706.92636544022,232.5391513449933,300.4382627850196,60965.94360467247,646.7463683167988,356.3225581882403,58576.25814986689,6473.895465452394,382.0054414617085,55380.351956176135,48749.52388508438,382.7642351350604,55265.524014527145,153.4548180467209,249.5363276968857,57706.92636544022,232.5391513449933,300.4382627850196,60965.94360467247,646.7463683167988,356.3225581882403,58576.25814986689,6473.895465452394,382.0054414617085,55380.351956176135,48749.52388508438,382.7642351350604,55265.524014527145,1.0,60.0,0.0,60.0,0.0,0.0,0.0,1.0,60.0,0.0,60.0,0.0,0.0,0.0,1.0,60.0,0.0,60.0,0.0,0.0,0.0,1.0,60.0,0.0,60.0,0.0,0.0,0.0,1.0,60.0,0.0,60.0,0.0,0.0,0.0,1.0,1507656131.634124,0.0,1.0,1507656131.634124,0.0,1.0,1507656131.634124,0.0,1.0,1507656131.634124,0.0,1.0,1507656131.634124,0.0,1.0,60.0,0.0,60.0,0.0,0.0,0.0,1.0,60.0,0.0,60.0,0.0,0.0,0.0,1.0,60.0,0.0,60.0,0.0,0.0,0.0,1.0,60.0,0.0,60.0,0.0,0.0,0.0,1.0,60.0,0.0,60.0,0.0,0.0,0.0
1.0,60.0,0.0,1.0,60.0,0.0,1.0,60.0,0.0,1.0,60.0,0.0,1.0,60.0,0.0,1.0,60.0,0.0,1.0,60.0,0.0,1.0,60.0,0.0,1.0,60.0,0.0,1.0,60.0,0.0,1.0,60.0,0.0,60.0,0.0,0.0,0.0,1.0,60.0,0.0,60.0,0.0,0.0,0.0,1.0,60.0,0.0,60.0,0.0,0.0,0.0,1.0,60.0,0.0,60.0,0.0,0.0,0.0,1.0,60.0,0.0,60.0,0.0,0.0,0.0,1.0,1505913427.892262,0.0,1.0,1505913427.892262,0.0,1.0,1505913427.892262,0.0,1.0,1505913427.892262,0.0,1.0,1505913427.892262,0.0,1.0,60.0,0.0,60.0,0.0,0.0,0.0,1.0,60.0,0.0,60.0,0.0,0.0,0.0,1.0,60.0,0.0,60.0,0.0,0.0,0.0,1.0,60.0,0.0,60.0,0.0,0.0,0.0,1.0,60.0,0.0,60.0,0.0,0.0,0.0
90.9728646293402,60.00000015019464,2.25291933020344e-06,110.2888101754868,60.00003230417734,0.0004845616126658,246.7101310016664,60.00388482508193,0.0582576597976185,2289.999713431603,60.01543857224657,0.3869329816875505,12101.795068998115,60.01985217292616,0.63951934143779,90.9728646293402,60.00000015019464,2.25291933020344e-06,110.2888101754868,60.00003230417734,0.0004845616126658,246.7101310016664,60.00388482508193,0.0582576597976185,2289.999713431603,60.01543857224657,0.3869329816875505,12101.795068998115,60.01985217292616,0.63951934143779,1.0,60.0,0.0,60.0,0.0,0.0,0.0,1.0,60.0,0.0,60.0,0.0,0.0,0.0,1.0,60.0,0.0,60.0,0.0,0.0,0.0,1.0,60.0,0.0,60.0,0.0,0.0,0.0,1.0,60.0,0.0,60.0,0.0,0.0,0.0,1.0,1507653066.898685,0.0,1.0,1507653066.898685,0.0,1.0,1507653066.898685,0.0,1.0,1507653066.898685,0.0,1.0,1507653066.898685,0.0,1.0,60.0,0.0,60.0,0.0,0.0,0.0,1.0,60.0,0.0,60.0,0.0,0.0,0.0,1.0,60.0,0.0,60.0,0.0,0.0,0.0,1.0,60.0,0.0,60.0,0.0,0.0,0.0,1.0,60.0,0.0,60.0,0.0,0.0,0.0
1.0,60.0,0.0,1.0,60.0,0.0,1.0,60.0,0.0,1.0,60.0,0.0,1.0,60.0,0.0,1.0,60.0,0.0,1.0,60.0,0.0,1.0,60.0,0.0,1.0,60.0,0.0,1.0,60.0,0.0,1.0,60.0,0.0,60.0,0.0,0.0,0.0,1.0,60.0,0.0,60.0,0.0,0.0,0.0,1.0,60.0,0.0,60.0,0.0,0.0,0.0,1.0,60.0,0.0,60.0,0.0,0.0,0.0,1.0,60.0,0.0,60.0,0.0,0.0,0.0,1.0,1505913440.128873,0.0,1.0,1505913440.128873,0.0,1.0,1505913440.128873,0.0,1.0,1505913440.128873,0.0,1.0,1505913440.128873,0.0,1.0,60.0,0.0,60.0,0.0,0.0,0.0,1.0,60.0,0.0,60.0,0.0,0.0,0.0,1.0,60.0,0.0,60.0,0.0,0.0,0.0,1.0,60.0,0.0,60.0,0.0,0.0,0.0,1.0,60.0,0.0,60.0,0.0,0.0,0.0
1.0,60.0,0.0,1.0,60.0,0.0,1.0,60.0,0.0,1.0,60.0,0.0,1.0,60.0,0.0,1.0,60.0,0.0,1.0,60.0,0.0,1.0,60.0,0.0,1.0,60.0,0.0,1.0,60.0,0.0,1.0,60.0,0.0,60.0,0.0,0.0,0.0,1.0,60.0,0.0,60.0,0.0,0.0,0.0,1.0,60.0,0.0,60.0,0.0,0.0,0.0,1.0,60.0,0.0,60.0,0.0,0.0,0.0,1.0,60.0,0.0,60.0,0.0,0.0,0.0,1.0,1505913551.123157,0.0,1.0,1505913551.123157,0.0,1.0,1505913551.123157,0.0,1.0,1505913551.123157,0.0,1.0,1505913551.123157,0.0,1.0,60.0,0.0,60.0,0.0,0.0,0.0,1.0,60.0,0.0,60.0,0.0,0.0,0.0,1.0,60.0,0.0,60.0,0.0,0.0,0.0,1.0,60.0,0.0,60.0,0.0,0.0,0.0,1.0,60.0,0.0,60.0,0.0,0.0,0.0
1.0,60.0,0.0,1.0,60.0,0.0,1.0,60.0,0.0,1.0,60.0,0.0,1.0,60.0,0.0,1.0,60.0,0.0,1.0,60.0,0.0,1.0,60.0,0.0,1.0,60.0,0.0,1.0,60.0,0.0,1.0,60.0,0.0,60.0,0.0,0.0,0.0,1.0,60.0,0.0,60.0,0.0,0.0,0.0,1.0,60.0,0.0,60.0,0.0,0.0,0.0,1.0,60.0,0.0,60.0,0.0,0.0,0.0,1.0,60.0,0.0,60.0,0.0,0.0,0.0,1.0,1505913572.269323,0.0,1.0,1505913572.269323,0.0,1.0,1505913572.269323,0.0,1.0,1505913572.269323,0.0,1.0,1505913572.269323,0.0,1.0,60.0,0.0,60.0,0.0,0.0,0.0,1.0,60.0,0.0,60.0,0.0,0.0,0.0,1.0,60.0,0.0,60.0,0.0,0.0,0.0,1.0,60.0,0.0,60.0,0.0,0.0,0.0,1.0,60.0,0.0,60.0,0.0,0.0,0.0
44.46398644999607,74.03236794493067,0.8722826355096913,68.2465069276941,74.06450210460181,1.9800128532560848,134.37820724206742,74.211868489219,18.02385868757119,1051.6282321088545,75.89651001773724,1116.6067656662974,8598.989984047603,76.76275546735403,1793.5842795071924,44.46398644999607,74.03236794493067,0.8722826355096913,68.2465069276941,74.06450210460181,1.9800128532560848,134.37820724206742,74.211868489219,18.02385868757119,1051.6282321088545,75.89651001773724,1116.6067656662974,8598.989984047603,76.76275546735403,1793.5842795071924,1.0000000009117624,74.0,0.0,74.0,0.0,0.0,0.0,1.000003773559145,74.0,0.0,74.0,0.0,0.0,0.0,1.0174899865117548,74.0,9.5367431640625e-07,74.0,9.094947017729282e-13,0.0,0.0,2.194757573883165,74.0,0.0,74.0,0.0,0.0,0.0,2.898640369844632,74.0,0.0,74.0,0.0,0.0,0.0,1.0000000009117624,6.0061735357073385,60927.60204657568,1.000003773559145,16.853551180291927,16335285703.52615,1.0174899865117548,2858337.6026855223,4296228954600116.0,2.194757573883165,367280305.74564266,4.181973910695665e+17,2.898640369844632,488049646.7748869,4.96767888539608e+17,1.0000000009117624,74.0,0.0,74.0,0.0,0.0,0.0,1.000003773559145,74.0,0.0,74.0,0.0,0.0,0.0,1.0174899865117548,74.0,9.5367431640625e-07,74.0,9.094947017729282e-13,0.0,0.0,2.194757573883165,74.0,0.0,74.0,0.0,0.0,0.0,2.898640369844632,74.0,0.0,74.0,0.0,0.0,0.0
1.0,60.0,0.0,1.0,60.0,0.0,1.0,60.0,0.0,1.0,60.0,0.0,1.0,60.0,0.0,1.0,60.0,0.0,1.0,60.0,0.0,1.0,60.0,0.0,1.0,60.0,0.0,1.0,60.0,0.0,1.0,60.0,0.0,60.0,0.0,0.0,0.0,1.0,60.0,0.0,60.0,0.0,0.0,0.0,1.0,60.0,0.0,60.0,0.0,0.0,0.0,1.0,60.0,0.0,60.0,0.0,0.0,0.0,1.0,60.0,0.0,60.0,0.0,0.0,0.0,1.0,1505913556.68312,0.0,1.0,1505913556.68312,0.0,1.0,1505913556.68312,0.0,1.0,1505913556.68312,0.0,1.0,1505913556.68312,0.0,1.0,60.0,0.0,60.0,0.0,0.0,0.0,1.0,60.0,0.0,60.0,0.0,0.0,0.0,1.0,60.0,0.0,60.0,0.0,0.0,0.0,1.0,60.0,0.0,60.0,0.0,0.0,0.0,1.0,60.0,0.0,60.0,0.0,0.0,0.0
1.0,60.0,0.0,1.0,60.0,0.0,1.0,60.0,0.0,1.0,60.0,0.0,1.0,60.0,0.0,1.0,60.0,0.0,1.0,60.0,0.0,1.0,60.0,0.0,1.0,60.0,0.0,1.0,60.0,0.0,1.0,60.0,0.0,60.0,0.0,0.0,0.0,1.0,60.0,0.0,60.0,0.0,0.0,0.0,1.0,60.0,0.0,60.0,0.0,0.0,0.0,1.0,60.0,0.0,60.0,0.0,0.0,0.0,1.0,60.0,0.0,60.0,0.0,0.0,0.0,1.0,1505913437.047743,0.0,1.0,1505913437.047743,0.0,1.0,1505913437.047743,0.0,1.0,1505913437.047743,0.0,1.0,1505913437.047743,0.0,1.0,60.0,0.0,60.0,0.0,0.0,0.0,1.0,60.0,0.0,60.0,0.0,0.0,0.0,1.0,60.0,0.0,60.0,0.0,0.0,0.0,1.0,60.0,0.0,60.0,0.0,0.0,0.0,1.0,60.0,0.0,60.0,0.0,0.0,0.0
6.030052887509378,61.68686304265408,19.780409520042213,22.638746916532515,60.60727940474105,7.585975168472942,148.14038566687103,60.15860268507631,2.1914540247894365,1940.9766301029945,60.09379903237853,1.5570738625888223,14605.993197063775,60.09966975312843,1.702890831274999,6.030052887509378,61.68686304265408,19.780409520042213,22.638746916532515,60.60727940474105,7.585975168472942,148.14038566687103,60.15860268507631,2.1914540247894365,1940.9766301029945,60.09379903237853,1.5570738625888223,14605.993197063775,60.09966975312843,1.702890831274999,1.0,60.0,0.0,60.0,0.0,0.0,0.0,1.0,60.0,0.0,60.0,0.0,0.0,0.0,1.0,60.0,0.0,60.0,0.0,0.0,0.0,1.0,60.0,0.0,60.0,0.0,0.0,0.0,1.0,60.0,0.0,60.0,0.0,0.0,0.0,1.0,1507653151.093308,0.0,1.0,1507653151.093308,0.0,1.0,1507653151.093308,0.0,1.0,1507653151.093308,0.0,1.0,1507653151.093308,0.0,1.0,60.0,0.0,60.0,0.0,0.0,0.0,1.0,60.0,0.0,60.0,0.0,0.0,0.0,1.0,60.0,0.0,60.0,0.0,0.0,0.0,1.0,60.0,0.0,60.0,0.0,0.0,0.0,1.0,60.0,0.0,60.0,0.0,0.0,0.0
1.0,60.0,0.0,1.0,60.0,0.0,1.0,60.0,0.0,1.0,60.0,0.0,1.0,60.0,0.0,1.0,60.0,0.0,1.0,60.0,0.0,1.0,60.0,0.0,1.0,60.0,0.0,1.0,60.0,0.0,1.0,60.0,0.0,60.0,0.0,0.0,0.0,1.0,60.0,0.0,60.0,0.0,0.0,0.0,1.0,60.0,0.0,60.0,0.0,0.0,0.0,1.0,60.0,0.0,60.0,0.0,0.0,0.0,1.0,60.0,0.0,60.0,0.0,0.0,0.0,1.0,1505913573.4019608,0.0,1.0,1505913573.4019608,0.0,1.0,1505913573.4019608,0.0,1.0,1505913573.4019608,0.0,1.0,1505913573.4019608,0.0,1.0,60.0,0.0,60.0,0.0,0.0,0.0,1.0,60.0,0.0,60.0,0.0,0.0,0.0,1.0,60.0,0.0,60.0,0.0,0.0,0.0,1.0,60.0,0.0,60.0,0.0,0.0,0.0,1.0,60.0,0.0,60.0,0.0,0.0,0.0
1.0,60.0,0.0,1.0,60.0,0.0,1.0,60.0,0.0,1.0,60.0,0.0,1.0,60.0,0.0,1.0,60.0,0.0,1.0,60.0,0.0,1.0,60.0,0.0,1.0,60.0,0.0,1.0,60.0,0.0,1.0,60.0,0.0,60.0,0.0,0.0,0.0,1.0,60.0,0.0,60.0,0.0,0.0,0.0,1.0,60.0,0.0,60.0,0.0,0.0,0.0,1.0,60.0,0.0,60.0,0.0,0.0,0.0,1.0,60.0,0.0,60.0,0.0,0.0,0.0,1.0,1505913452.004956,0.0,1.0,1505913452.004956,0.0,1.0,1505913452.004956,0.0,1.0,1505913452.004956,0.0,1.0,1505913452.004956,0.0,1.0,60.0,0.0,60.0,0.0,0.0,0.0,1.0,60.0,0.0,60.0,0.0,0.0,0.0,1.0,60.0,0.0,60.0,0.0,0.0,0.0,1.0,60.0,0.0,60.0,0.0,0.0,0.0,1.0,60.0,0.0,60.0,0.0,0.0,0.0
1.0,60.0,0.0,1.0,60.0,0.0,1.0,60.0,0.0,1.0,60.0,0.0,1.0,60.0,0.0,1.0,60.0,0.0,1.0,60.0,0.0,1.0,60.0,0.0,1.0,60.0,0.0,1.0,60.0,0.0,1.0,60.0,0.0,60.0,0.0,0.0,0.0,1.0,60.0,0.0,60.0,0.0,0.0,0.0,1.0,60.0,0.0,60.0,0.0,0.0,0.0,1.0,60.0,0.0,60.0,0.0,0.0,0.0,1.0,60.0,0.0,60.0,0.0,0.0,0.0,1.0,1505913451.02483,0.0,1.0,1505913451.02483,0.0,1.0,1505913451.02483,0.0,1.0,1505913451.02483,0.0,1.0,1505913451.02483,0.0,1.0,60.0,0.0,60.0,0.0,0.0,0.0,1.0,60.0,0.0,60.0,0.0,0.0,0.0,1.0,60.0,0.0,60.0,0.0,0.0,0.0,1.0,60.0,0.0,60.0,0.0,0.0,0.0,1.0,60.0,0.0,60.0,0.0,0.0,0.0
1.0,60.0,0.0,1.0,60.0,0.0,1.0,60.0,0.0,1.0,60.0,0.0,1.0,60.0,0.0,1.0,60.0,0.0,1.0,60.0,0.0,1.0,60.0,0.0,1.0,60.0,0.0,1.0,60.0,0.0,1.0,60.0,0.0,60.0,0.0,0.0,0.0,1.0,60.0,0.0,60.0,0.0,0.0,0.0,1.0,60.0,0.0,60.0,0.0,0.0,0.0,1.0,60.0,0.0,60.0,0.0,0.0,0.0,1.0,60.0,0.0,60.0,0.0,0.0,0.0,1.0,1505913547.2642698,0.0,1.0,1505913547.2642698,0.0,1.0,1505913547.2642698,0.0,1.0,1505913547.2642698,0.0,1.0,1505913547.2642698,0.0,1.0,60.0,0.0,60.0,0.0,0.0,0.0,1.0,60.0,0.0,60.0,0.0,0.0,0.0,1.0,60.0,0.0,60.0,0.0,0.0,0.0,1.0,60.0,0.0,60.0,0.0,0.0,0.0,1.0,60.0,0.0,60.0,0.0,0.0,0.0
1.0,60.0,0.0,1.0,60.0,0.0,1.0,60.0,0.0,1.0,60.0,0.0,1.0,60.0,0.0,1.0,60.0,0.0,1.0,60.0,0.0,1.0,60.0,0.0,1.0,60.0,0.0,1.0,60.0,0.0,1.0,60.0,0.0,60.0,0.0,0.0,0.0,1.0,60.0,0.0,60.0,0.0,0.0,0.0,1.0,60.0,0.0,60.0,0.0,0.0,0.0,1.0,60.0,0.0,60.0,0.0,0.0,0.0,1.0,60.0,0.0,60.0,0.0,0.0,0.0,1.0,1505913555.84778,0.0,1.0,1505913555.84778,0.0,1.0,1505913555.84778,0.0,1.0,1505913555.84778,0.0,1.0,1505913555.84778,0.0,1.0,60.0,0.0,60.0,0.0,0.0,0.0,1.0,60.0,0.0,60.0,0.0,0.0,0.0,1.0,60.0,0.0,60.0,0.0,0.0,0.0,1.0,60.0,0.0,60.0,0.0,0.0,0.0,1.0,60.0,0.0,60.0,0.0,0.0,0.0
1.0,60.0,0.0,1.0,60.0,0.0,1.0,60.0,0.0,1.0,60.0,0.0,1.0,60.0,0.0,1.0,60.0,0.0,1.0,60.0,0.0,1.0,60.0,0.0,1.0,60.0,0.0,1.0,60.0,0.0,1.0,60.0,0.0,60.0,0.0,0.0,0.0,1.0,60.0,0.0,60.0,0.0,0.0,0.0,1.0,60.0,0.0,60.0,0.0,0.0,0.0,1.0,60.0,0.0,60.0,0.0,0.0,0.0,1.0,60.0,0.0,60.0,0.0,0.0,0.0,1.0,1505913457.696349,0.0,1.0,1505913457.696349,0.0,1.0,1505913457.696349,0.0,1.0,1505913457.696349,0.0,1.0,1505913457.696349,0.0,1.0,60.0,0.0,60.0,0.0,0.0,0.0,1.0,60.0,0.0,60.0,0.0,0.0,0.0,1.0,60.0,0.0,60.0,0.0,0.0,0.0,1.0,60.0,0.0,60.0,0.0,0.0,0.0,1.0,60.0,0.0,60.0,0.0,0.0,0.0
49.73089650313772,185.18756527282008,47672.981120256045,77.9738994130614,218.573336056704,55092.54737921512,252.59203600261728,300.20442636729,63838.911892534816,3438.410046957101,329.03850393682814,63727.01518161516,20580.812554271557,337.31124674080985,63395.0781255176,49.73089650313772,185.18756527282008,47672.981120256045,77.9738994130614,218.573336056704,55092.54737921512,252.59203600261728,300.20442636729,63838.911892534816,3438.410046957101,329.03850393682814,63727.01518161516,20580.812554271557,337.31124674080985,63395.0781255176,1.0,60.0,0.0,60.0,0.0,0.0,0.0,1.0,60.0,0.0,60.0,0.0,0.0,0.0,1.0,60.0,0.0,60.0,0.0,0.0,0.0,1.0,60.0,0.0,60.0,0.0,0.0,0.0,1.0,60.0,0.0,60.0,0.0,0.0,0.0,1.0,1507658040.617503,0.0,1.0,1507658040.617503,0.0,1.0,1507658040.617503,0.0,1.0,1507658040.617503,0.0,1.0,1507658040.617503,0.0,1.0,60.0,0.0,60.0,0.0,0.0,0.0,1.0,60.0,0.0,60.0,0.0,0.0,0.0,1.0,60.0,0.0,60.0,0.0,0.0,0.0,1.0,60.0,0.0,60.0,0.0,0.0,0.0,1.0,60.0,0.0,60.0,0.0,0.0,0.0
1.0,60.0,0.0,1.0,60.0,0.0,1.0,60.0,0.0,1.0,60.0,0.0,1.0,60.0,0.0,1.0,60.0,0.0,1.0,60.0,0.0,1.0,60.0,0.0,1.0,60.0,0.0,1.0,60.0,0.0,1.0,60.0,0.0,60.0,0.0,0.0,0.0,1.0,60.0,0.0,60.0,0.0,0.0,0.0,1.0,60.0,0.0,60.0,0.0,0.0,0.0,1.0,60.0,0.0,60.0,0.0,0.0,0.0,1.0,60.0,0.0,60.0,0.0,0.0,0.0,1.0,1505913433.624935,0.0,1.0,1505913433.624935,0.0,1.0,1505913433.624935,0.0,1.0,1505913433.624935,0.0,1.0,1505913433.624935,0.0,1.0,60.0,0.0,60.0,0.0,0.0,0.0,1.0,60.0,0.0,60.0,0.0,0.0,0.0,1.0,60.0,0.0,60.0,0.0,0.0,0.0,1.0,60.0,0.0,60.0,0.0,0.0,0.0,1.0,60.0,0.0,60.0,0.0,0.0,0.0
88.05306965137125,74.00820676498681,0.1969442229628839,102.58338657775305,74.03207504830044,0.9264801160425122,137.90008393769077,74.78126772798285,486.9436935548984,1087.8076062190223,79.24275657525222,3908.98317611216,7756.86462206037,77.01547033218733,2029.310240336663,88.05306965137125,74.00820676498681,0.1969442229628839,102.58338657775305,74.03207504830044,0.9264801160425122,137.90008393769077,74.78126772798285,486.9436935548984,1087.8076062190223,79.24275657525222,3908.98317611216,7756.86462206037,77.01547033218733,2029.310240336663,1.00000000089239,74.0,9.5367431640625e-07,74.0,9.094947017729282e-13,0.0,0.0,1.0000037253552283,74.00000000000001,1.3486991523486091e-06,74.00000000000001,1.8189894035458565e-12,0.0,0.0,1.0174249871296173,74.0,9.5367431640625e-07,74.0,9.094947017729282e-13,0.0,0.0,2.19452114338037,73.99999999999999,0.0,73.99999999999999,0.0,0.0,0.0,2.898607377606135,74.0,0.0,74.0,0.0,0.0,0.0,1.00000000089239,6.0123706886285655,61194.396624557245,1.0000037253552283,16.88822375644948,16378166251.294891,1.0174249871296173,2861019.146536596,4300251493949623.0,2.19452114338037,367351952.0154256,4.1825261365743296e+17,2.898607377606135,488059434.4190525,4.967730251735742e+17,1.00000000089239,74.0,9.5367431640625e-07,74.0,9.094947017729282e-13,0.0,0.0,1.0000037253552283,74.00000000000001,1.3486991523486091e-06,74.00000000000001,1.8189894035458565e-12,0.0,0.0,1.0174249871296173,74.0,9.5367431640625e-07,74.0,9.094947017729282e-13,0.0,0.0,2.19452114338037,73.99999999999999,0.0,73.99999999999999,0.0,0.0,0.0,2.898607377606135,74.0,0.0,74.0,0.0,0.0,0.0
1.0,60.0,0.0,1.0,60.0,0.0,1.0,60.0,0.0,1.0,60.0,0.0,1.0,60.0,0.0,1.0,60.0,0.0,1.0,60.0,0.0,1.0,60.0,0.0,1.0,60.0,0.0,1.0,60.0,0.0,1.0,60.0,0.0,60.0,0.0,0.0,0.0,1.0,60.0,0.0,60.0,0.0,0.0,0.0,1.0,60.0,0.0,60.0,0.0,0.0,0.0,1.0,60.0,0.0,60.0,0.0,0.0,0.0,1.0,60.0,0.0,60.0,0.0,0.0,0.0,1.0,1505913572.781477,0.0,1.0,1505913572.781477,0.0,1.0,1505913572.781477,0.0,1.0,1505913572.781477,0.0,1.0,1505913572.781477,0.0,1.0,60.0,0.0,60.0,0.0,0.0,0.0,1.0,60.0,0.0,60.0,0.0,0.0,0.0,1.0,60.0,0.0,60.0,0.0,0.0,0.0,1.0,60.0,0.0,60.0,0.0,0.0,0.0,1.0,60.0,0.0,60.0,0.0,0.0,0.0
1.0,60.0,0.0,1.0,60.0,0.0,1.0,60.0,0.0,1.0,60.0,0.0,1.0,60.0,0.0,1.0,60.0,0.0,1.0,60.0,0.0,1.0,60.0,0.0,1.0,60.0,0.0,1.0,60.0,0.0,1.0,60.0,0.0,60.0,0.0,0.0,0.0,1.0,60.0,0.0,60.0,0.0,0.0,0.0,1.0,60.0,0.0,60.0,0.0,0.0,0.0,1.0,60.0,0.0,60.0,0.0,0.0,0.0,1.0,60.0,0.0,60.0,0.0,0.0,0.0,1.0,1505913556.064225,0.0,1.0,1505913556.064225,0.0,1.0,1505913556.064225,0.0,1.0,1505913556.064225,0.0,1.0,1505913556.064225,0.0,1.0,60.0,0.0,60.0,0.0,0.0,0.0,1.0,60.0,0.0,60.0,0.0,0.0,0.0,1.0,60.0,0.0,60.0,0.0,0.0,0.0,1.0,60.0,0.0,60.0,0.0,0.0,0.0,1.0,60.0,0.0,60.0,0.0,0.0,0.0
1.0,60.0,0.0,1.0,60.0,0.0,1.0,60.0,0.0,1.0,60.0,0.0,1.0,60.0,0.0,1.0,60.0,0.0,1.0,60.0,0.0,1.0,60.0,0.0,1.0,60.0,0.0,1.0,60.0,0.0,1.0,60.0,0.0,60.0,0.0,0.0,0.0,1.0,60.0,0.0,60.0,0.0,0.0,0.0,1.0,60.0,0.0,60.0,0.0,0.0,0.0,1.0,60.0,0.0,60.0,0.0,0.0,0.0,1.0,60.0,0.0,60.0,0.0,0.0,0.0,1.0,1505913566.687358,0.0,1.0,1505913566.687358,0.0,1.0,1505913566.687358,0.0,1.0,1505913566.687358,0.0,1.0,1505913566.687358,0.0,1.0,60.0,0.0,60.0,0.0,0.0,0.0,1.0,60.0,0.0,60.0,0.0,0.0,0.0,1.0,60.0,0.0,60.0,0.0,0.0,0.0,1.0,60.0,0.0,60.0,0.0,0.0,0.0,1.0,60.0,0.0,60.0,0.0,0.0,0.0
170.29943748747772,75.0140680425812,385.7211175347575,274.81655043328567,74.92612492877063,348.9316915649997,787.0728682126677,74.69075015579313,264.6239770276152,6845.425865265291,74.64082651558614,429.1818261097678,20735.16110321311,74.34718403284585,218.7448266792908,170.29943748747772,75.0140680425812,385.7211175347575,274.81655043328567,74.92612492877063,348.9316915649997,787.0728682126677,74.69075015579313,264.6239770276152,6845.425865265291,74.64082651558614,429.1818261097678,20735.16110321311,74.34718403284585,218.7448266792908,168.81070273338506,74.00000000000001,0.0,95.26804291051646,2.7284841053187847e-12,3.500149570139053e-28,0.0,272.5394950626534,73.9999999999999,1.3486991523486091e-06,95.26804291051631,5.752149554916067e-12,-1.8341531722546347e-28,-5.821632746578688e-17,782.4510321055493,73.99999974809243,0.0018779489146108,95.2680427148458,3.5266921258922973e-06,-6.652816082042113e-21,-1.5165126295990653e-12,6820.604632136034,73.99906671872911,0.1143025226345003,95.2673179807374,0.0130650666806104,-3.602891928369897e-17,-6.481994516560654e-11,20669.076599965392,73.99836560141513,0.1512577563228252,95.26677338758071,0.0228789088478151,3.329601761277812e-16,6.959502726007659e-10,168.810702733385,0.0017429992101573,1.727568397722361e-05,272.5394950626536,0.0017869184546805,1.902920922233293e-05,782.4510321055511,0.0018809098353237,99.6668239913158,6820.604632136119,9945.303148618154,14976667520714.207,20669.07659996487,53437.13060066488,80468855412931.03,1.0,74.0,0.0,74.0,0.0,0.0,0.0,1.0,74.0,0.0,74.0,0.0,0.0,0.0,1.0,74.0,0.0,74.0,0.0,0.0,0.0,1.0,74.0,0.0,74.0,0.0,0.0,0.0,1.0,74.0,0.0,74.0,0.0,0.0,0.0
181.4765776420787,66.03740943312025,48.073486086565936,239.07600246488727,66.87578188661601,48.98686482601897,432.5377195375428,67.65731750607408,48.62739063918525,3646.551540304506,68.1355773709892,47.84776704205342,26112.45290870787,67.78563718941818,48.56501783133081,181.4765776420787,66.03740943312025,48.073486086565936,239.07600246488727,66.87578188661601,48.98686482601897,432.5377195375428,67.65731750607408,48.62739063918525,3646.551540304506,68.1355773709892,47.84776704205342,26112.45290870787,67.78563718941818,48.56501783133081,1.0,60.0,0.0,60.0,0.0,0.0,0.0,1.0,60.0,0.0,60.0,0.0,0.0,0.0,1.0,60.0,0.0,60.0,0.0,0.0,0.0,1.0,60.0,0.0,60.0,0.0,0.0,0.0,1.0,60.0,0.0,60.0,0.0,0.0,0.0,1.0,1507657245.924207,0.0,1.0,1507657245.924207,0.0,1.0,1507657245.924207,0.0,1.0,1507657245.924207,0.0,1.0,1507657245.924207,0.0,1.0,60.0,0.0,60.0,0.0,0.0,0.0,1.0,60.0,0.0,60.0,0.0,0.0,0.0,1.0,60.0,0.0,60.0,0.0,0.0,0.0,1.0,60.0,0.0,60.0,0.0,0.0,0.0,1.0,60.0,0.0,60.0,0.0,0.0,0.0
1.0,60.0,0.0,1.0,60.0,0.0,1.0,60.0,0.0,1.0,60.0,0.0,1.0,60.0,0.0,1.0,60.0,0.0,1.0,60.0,0.0,1.0,60.0,0.0,1.0,60.0,0.0,1.0,60.0,0.0,1.0,60.0,0.0,60.0,0.0,0.0,0.0,1.0,60.0,0.0,60.0,0.0,0.0,0.0,1.0,60.0,0.0,60.0,0.0,0.0,0.0,1.0,60.0,0.0,60.0,0.0,0.0,0.0,1.0,60.0,0.0,60.0,0.0,0.0,0.0,1.0,1505913581.726097,0.0,1.0,1505913581.726097,0.0,1.0,1505913581.726097,0.0,1.0,1505913581.726097,0.0,1.0,1505913581.726097,0.0,1.0,60.0,0.0,60.0,0.0,0.0,0.0,1.0,60.0,0.0,60.0,0.0,0.0,0.0,1.0,60.0,0.0,60.0,0.0,0.0,0.0,1.0,60.0,0.0,60.0,0.0,0.0,0.0,1.0,60.0,0.0,60.0,0.0,0.0,0.0
1.0,60.0,0.0,1.0,60.0,0.0,1.0,60.0,0.0,1.0,60.0,0.0,1.0,60.0,0.0,1.0,60.0,0.0,1.0,60.0,0.0,1.0,60.0,0.0,1.0,60.0,0.0,1.0,60.0,0.0,1.0,60.0,0.0,60.0,0.0,0.0,0.0,1.0,60.0,0.0,60.0,0.0,0.0,0.0,1.0,60.0,0.0,60.0,0.0,0.0,0.0,1.0,60.0,0.0,60.0,0.0,0.0,0.0,1.0,60.0,0.0,60.0,0.0,0.0,0.0,1.0,1505913583.928685,0.0,1.0,1505913583.928685,0.0,1.0,1505913583.928685,0.0,1.0,1505913583.928685,0.0,1.0,1505913583.928685,0.0,1.0,60.0,0.0,60.0,0.0,0.0,0.0,1.0,60.0,0.0,60.0,0.0,0.0,0.0,1.0,60.0,0.0,60.0,0.0,0.0,0.0,1.0,60.0,0.0,60.0,0.0,0.0,0.0,1.0,60.0,0.0,60.0,0.0,0.0,0.0
128.23540874595182,231.71928794425807,55341.81439238038,187.27997264707167,278.01034011608886,60168.59961969321,511.8417043603534,322.7867157439978,60759.73640985136,5030.220726942222,335.37496230614653,60200.16390722564,38598.98043720312,336.2827483679725,60147.41726670173,128.23540874595182,231.71928794425807,55341.81439238038,187.27997264707167,278.01034011608886,60168.59961969321,511.8417043603534,322.7867157439978,60759.73640985136,5030.220726942222,335.37496230614653,60200.16390722564,38598.98043720312,336.2827483679725,60147.41726670173,1.0,60.0,0.0,60.0,0.0,0.0,0.0,1.0,60.0,0.0,60.0,0.0,0.0,0.0,1.0,60.0,0.0,60.0,0.0,0.0,0.0,1.0,60.0,0.0,60.0,0.0,0.0,0.0,1.0,60.0,0.0,60.0,0.0,0.0,0.0,1.0,1507659517.680555,0.0,1.0,1507659517.680555,0.0,1.0,1507659517.680555,0.0,1.0,1507659517.680555,0.0,1.0,1507659517.680555,0.0,1.0,60.0,0.0,60.0,0.0,0.0,0.0,1.0,60.0,0.0,60.0,0.0,0.0,0.0,1.0,60.0,0.0,60.0,0.0,0.0,0.0,1.0,60.0,0.0,60.0,0.0,0.0,0.0,1.0,60.0,0.0,60.0,0.0,0.0,0.0
68.09712460047746,316.71028642573793,60912.203708988935,115.67046246630474,340.81165629089463,59857.75410206807,406.9896734752326,351.27716460724616,59028.09200617017,3857.022299339859,347.62929419756694,59333.481879749714,32529.747258029223,342.56456596885585,59721.248063779465,68.09712460047746,316.71028642573793,60912.203708988935,115.67046246630474,340.81165629089463,59857.75410206807,406.9896734752326,351.27716460724616,59028.09200617017,3857.022299339859,347.62929419756694,59333.481879749714,32529.747258029223,342.56456596885585,59721.248063779465,1.0,60.0,0.0,60.0,0.0,0.0,0.0,1.0,60.0,0.0,60.0,0.0,0.0,0.0,1.0,60.0,0.0,60.0,0.0,0.0,0.0,1.0,60.0,0.0,60.0,0.0,0.0,0.0,1.0,60.0,0.0,60.0,0.0,0.0,0.0,1.0,1507656168.148542,0.0,1.0,1507656168.148542,0.0,1.0,1507656168.148542,0.0,1.0,1507656168.148542,0.0,1.0,1507656168.148542,0.0,1.0,60.0,0.0,60.0,0.0,0.0,0.0,1.0,60.0,0.0,60.0,0.0,0.0,0.0,1.0,60.0,0.0,60.0,0.0,0.0,0.0,1.0,60.0,0.0,60.0,0.0,0.0,0.0,1.0,60.0,0.0,60.0,0.0,0.0,0.0
1.0,60.0,0.0,1.0,60.0,0.0,1.0,60.0,0.0,1.0,60.0,0.0,1.0,60.0,0.0,1.0,60.0,0.0,1.0,60.0,0.0,1.0,60.0,0.0,1.0,60.0,0.0,1.0,60.0,0.0,1.0,60.0,0.0,60.0,0.0,0.0,0.0,1.0,60.0,0.0,60.0,0.0,0.0,0.0,1.0,60.0,0.0,60.0,0.0,0.0,0.0,1.0,60.0,0.0,60.0,0.0,0.0,0.0,1.0,60.0,0.0,60.0,0.0,0.0,0.0,1.0,1505913449.617158,0.0,1.0,1505913449.617158,0.0,1.0,1505913449.617158,0.0,1.0,1505913449.617158,0.0,1.0,1505913449.617158,0.0,1.0,60.0,0.0,60.0,0.0,0.0,0.0,1.0,60.0,0.0,60.0,0.0,0.0,0.0,1.0,60.0,0.0,60.0,0.0,0.0,0.0,1.0,60.0,0.0,60.0,0.0,0.0,0.0,1.0,60.0,0.0,60.0,0.0,0.0,0.0
163.20090302327395,74.10442123221316,44.666011307966976,269.0251889120225,74.36396598610476,260.239119481369,810.2865850533965,75.4803602333235,1193.1274059103152,7832.623787701732,74.91508655856238,703.34094074737,41234.37646439155,74.45807273814212,320.4824951292949,163.20090302327395,74.10442123221316,44.666011307966976,269.0251889120225,74.36396598610476,260.239119481369,810.2865850533965,75.4803602333235,1193.1274059103152,7832.623787701732,74.91508655856238,703.34094074737,41234.37646439155,74.45807273814212,320.4824951292949,162.834263529973,73.99999999999999,2.86102294921875e-06,95.2680429105164,8.185452315956354e-12,-3.0600246065300696e-27,0.0,268.32341608392613,73.99999999999613,6.942853822021978e-06,95.26804291051346,4.8819198476812485e-11,-5.014097757785788e-25,-2.5974382151960345e-14,807.246297516791,73.99999265934701,0.0101375090435493,95.2680372086222,0.000102769089608,-7.01337619487443e-19,-4.1882747752157397e-11,7805.193430821333,73.99882130014478,0.1284539160456855,95.26712735152012,0.016500408547472,2.9810811046226344e-16,5.37464056763088e-10,41105.26387432563,73.99843136933258,0.1481835643916161,95.26682447275014,0.0219583687558042,3.127609834590569e-16,3.011726750328375e-10,162.834263529973,0.0018263111764434,3.029644996636376e-05,268.32341608392653,0.0018257483166009,3.0329889698007237e-05,807.2462975167929,0.0017982874612318,2.928714814512051e-05,7805.193430821419,70.72722398586153,106506347335.6203,41105.2638743236,16608.053640283855,25010027124161.465,1.0,74.0,0.0,95.26804291051644,0.0,0.0,0.0,1.0,74.0,0.0,95.26804291051644,0.0,0.0,0.0,1.0,74.0,0.0,95.26804291051644,0.0,0.0,0.0,1.0206215935698604,73.99999999999999,9.5367431640625e-07,95.26804291051644,1.2862197421537484e-12,-3.90863681315773e-30,-4.2975916248202535e-18,2.142068824890349,74.0,0.0,95.26804291051644,9.094947017729282e-13,0.0,0.0
1.0,60.0,0.0,1.0,60.0,0.0,1.0,60.0,0.0,1.0,60.0,0.0,1.0,60.0,0.0,1.0,60.0,0.0,1.0,60.0,0.0,1.0,60.0,0.0,1.0,60.0,0.0,1.0,60.0,0.0,1.0,60.0,0.0,60.0,0.0,0.0,0.0,1.0,60.0,0.0,60.0,0.0,0.0,0.0,1.0,60.0,0.0,60.0,0.0,0.0,0.0,1.0,60.0,0.0,60.0,0.0,0.0,0.0,1.0,60.0,0.0,60.0,0.0,0.0,0.0,1.0,1505913465.771723,0.0,1.0,1505913465.771723,0.0,1.0,1505913465.771723,0.0,1.0,1505913465.771723,0.0,1.0,1505913465.771723,0.0,1.0,60.0,0.0,60.0,0.0,0.0,0.0,1.0,60.0,0.0,60.0,0.0,0.0,0.0,1.0,60.0,0.0,60.0,0.0,0.0,0.0,1.0,60.0,0.0,60.0,0.0,0.0,0.0,1.0,60.0,0.0,60.0,0.0,0.0,0.0
93.34319783713914,529.7430643431327,11265.329816495709,148.75338324756072,492.4427184661965,26526.325340673266,428.2331322245163,401.26350247607513,52075.74717011224,3954.962950279493,346.5895061552385,59417.9765475879,27980.49808846537,341.80054594667115,59775.002916522615,93.34319783713914,529.7430643431327,11265.329816495709,148.75338324756072,492.4427184661965,26526.325340673266,428.2331322245163,401.26350247607513,52075.74717011224,3954.962950279493,346.5895061552385,59417.9765475879,27980.49808846537,341.80054594667115,59775.002916522615,88.70803324926611,554.0,7.62939453125e-06,554.0,5.820766091346741e-11,0.0,0.0,130.1576148383031,553.9999999918072,0.0020118468901183,553.9999999918072,4.04752790927887e-06,0.0,0.0,295.7454491578076,553.9970940772465,1.1981307926567144,553.9970940772465,1.4355173963122068,0.0,0.0,2295.27402835549,553.7336556423517,11.46748330549066,553.7336556423517,131.503173361707,0.0,0.0,15965.874532035632,553.7764335888105,10.506751409868144,553.7764335888105,110.39182518876623,0.0,0.0,88.70803324926611,0.003611301595486,0.0002183172457602,130.1576148383031,0.00396250219261,0.0002610826278939,295.7454491578076,0.0050220767364244,0.0004037066415926,2295.27402835549,4.451213270122016,6701371521.9454975,15965.874532035632,28717.65661537183,43295510975292.02,1.0,554.0,0.0,554.0,0.0,0.0,0.0,1.0,554.0,0.0,554.0,0.0,0.0,0.0,1.0,554.0,0.0,554.0,0.0,0.0,0.0,1.0,554.0,0.0,554.0,0.0,0.0,0.0,1.0,554.0,0.0,554.0,0.0,0.0,0.0
98.38041157559115,447.2865810029386,41328.67519041008,183.3959328727917,411.7175869124814,50043.22685300693,607.8546835698318,385.8427098015278,54792.57151607791,6356.1273218072265,383.0029747306874,55228.89641765769,56170.65466157527,383.1179363982977,55211.686420321406,98.38041157559115,447.2865810029386,41328.67519041008,183.3959328727917,411.7175869124814,50043.22685300693,607.8546835698318,385.8427098015278,54792.57151607791,6356.1273218072265,383.0029747306874,55228.89641765769,56170.65466157527,383.1179363982977,55211.686420321406,77.12836687601882,554.0000000000001,7.62939453125e-06,554.0000000000001,5.820766091346741e-11,0.0,0.0,130.57403827381927,554.0,0.0,554.0,0.0,0.0,0.0,400.9406485059078,553.9999999999999,1.7059844799040144e-05,553.9999999999999,2.910383045673371e-10,0.0,0.0,4155.923432901892,553.9930573764403,1.8519200410835448,553.9930573764403,3.4296078385668807,0.0,0.0,36742.15575351774,553.9648518462079,4.166767642099488,553.9648518462079,17.36195258324733,0.0,0.0,77.12836687601882,0.0038824592757471,7.386487682594528e-05,130.57403827381927,0.0037787324674881,8.410185172670483e-05,400.9406485059078,0.0036375962669386,0.0001035028763897,4155.923432901892,0.0037236188436926,374279.3861616243,36742.15575351774,4973.519249211081,7498325825497.75,1.0,554.0,0.0,554.0,0.0,0.0,0.0,1.0,554.0,0.0,554.0,0.0,0.0,0.0,1.0,554.0,0.0,554.0,0.0,0.0,0.0,1.0,554.0,0.0,554.0,0.0,0.0,0.0,1.0,554.0,0.0,554.0,0.0,0.0,0.0
1.0,60.0,0.0,1.0,60.0,0.0,1.0,60.0,0.0,1.0,60.0,0.0,1.0,60.0,0.0,1.0,60.0,0.0,1.0,60.0,0.0,1.0,60.0,0.0,1.0,60.0,0.0,1.0,60.0,0.0,1.0,60.0,0.0,60.0,0.0,0.0,0.0,1.0,60.0,0.0,60.0,0.0,0.0,0.0,1.0,60.0,0.0,60.0,0.0,0.0,0.0,1.0,60.0,0.0,60.0,0.0,0.0,0.0,1.0,60.0,0.0,60.0,0.0,0.0,0.0,1.0,1505913471.726285,0.0,1.0,1505913471.726285,0.0,1.0,1505913471.726285,0.0,1.0,1505913471.726285,0.0,1.0,1505913471.726285,0.0,1.0,60.0,0.0,60.0,0.0,0.0,0.0,1.0,60.0,0.0,60.0,0.0,0.0,0.0,1.0,60.0,0.0,60.0,0.0,0.0,0.0,1.0,60.0,0.0,60.0,0.0,0.0,0.0,1.0,60.0,0.0,60.0,0.0,0.0,0.0
159.69109593353673,64.31375395115921,41.78408216507796,243.94985336295773,66.01340443379992,48.02662918972783,679.9328289239793,68.29963619639472,47.31220914889219,6632.010798360986,69.26871573086969,43.99458960039647,38654.09992534629,69.35658632672504,43.58998092283672,159.69109593353673,64.31375395115921,41.78408216507796,243.94985336295773,66.01340443379992,48.02662918972783,679.9328289239793,68.29963619639472,47.31220914889219,6632.010798360986,69.26871573086969,43.99458960039647,38654.09992534629,69.35658632672504,43.58998092283672,49.20486400344488,74.00000000000003,2.3360154559928683e-06,74.00000000000003,5.4569682106375694e-12,0.0,0.0,104.78350927363456,73.9999999999977,6.468133910298602e-06,73.9999999999977,4.183675628155471e-11,0.0,0.0,403.08381342275993,73.99999061035321,0.0114653813303586,73.99999061035321,0.0001314549690505,0.0,0.0,4388.863780225859,73.99731572759937,0.1938365505459089,73.99731572759937,0.0375726083275367,0.0,0.0,25818.87060623181,73.99771572223912,0.1788146265703153,73.99771572223912,0.0319746706754813,0.0,0.0,49.20486400344488,0.0065384156895333,0.0003951127981157,104.78350927363456,0.0048416848968996,0.0002364403154011,403.08381342275993,0.0036238916079864,0.0001187100447667,4388.863780225859,56.36273078371213,84970705596.75835,25818.87060623181,24426.824004885384,36826672062862.24,1.0,74.0,0.0,74.0,0.0,0.0,0.0,1.0,74.0,0.0,74.0,0.0,0.0,0.0,1.0,74.0,0.0,74.0,0.0,0.0,0.0,1.0,74.0,0.0,74.0,0.0,0.0,0.0,1.0,74.0,0.0,74.0,0.0,0.0,0.0
1.0,60.0,0.0,1.0,60.0,0.0,1.0,60.0,0.0,1.0,60.0,0.0,1.0,60.0,0.0,1.0,60.0,0.0,1.0,60.0,0.0,1.0,60.0,0.0,1.0,60.0,0.0,1.0,60.0,0.0,1.0,60.0,0.0,60.0,0.0,0.0,0.0,1.0,60.0,0.0,60.0,0.0,0.0,0.0,1.0,60.0,0.0,60.0,0.0,0.0,0.0,1.0,60.0,0.0,60.0,0.0,0.0,0.0,1.0,60.0,0.0,60.0,0.0,0.0,0.0,1.0,1505913580.28973,0.0,1.0,1505913580.28973,0.0,1.0,1505913580.28973,0.0,1.0,1505913580.28973,0.0,1.0,1505913580.28973,0.0,1.0,60.0,0.0,60.0,0.0,0.0,0.0,1.0,60.0,0.0,60.0,0.0,0.0,0.0,1.0,60.0,0.0,60.0,0.0,0.0,0.0,1.0,60.0,0.0,60.0,0.0,0.0,0.0,1.0,60.0,0.0,60.0,0.0,0.0,0.0
1.0,60.0,0.0,1.0,60.0,0.0,1.0,60.0,0.0,1.0,60.0,0.0,1.0,60.0,0.0,1.0,60.0,0.0,1.0,60.0,0.0,1.0,60.0,0.0,1.0,60.0,0.0,1.0,60.0,0.0,1.0,60.0,0.0,60.0,0.0,0.0,0.0,1.0,60.0,0.0,60.0,0.0,0.0,0.0,1.0,60.0,0.0,60.0,0.0,0.0,0.0,1.0,60.0,0.0,60.0,0.0,0.0,0.0,1.0,60.0,0.0,60.0,0.0,0.0,0.0,1.0,1505913555.8342054,0.0,1.0,1505913555.8342054,0.0,1.0,1505913555.8342054,0.0,1.0,1505913555.8342054,0.0,1.0,1505913555.8342054,0.0,1.0,60.0,0.0,60.0,0.0,0.0,0.0,1.0,60.0,0.0,60.0,0.0,0.0,0.0,1.0,60.0,0.0,60.0,0.0,0.0,0.0,1.0,60.0,0.0,60.0,0.0,0.0,0.0,1.0,60.0,0.0,60.0,0.0,0.0,0.0
1.0,60.0,0.0,1.0,60.0,0.0,1.0,60.0,0.0,1.0,60.0,0.0,1.0,60.0,0.0,1.0,60.0,0.0,1.0,60.0,0.0,1.0,60.0,0.0,1.0,60.0,0.0,1.0,60.0,0.0,1.0,60.0,0.0,60.0,0.0,0.0,0.0,1.0,60.0,0.0,60.0,0.0,0.0,0.0,1.0,60.0,0.0,60.0,0.0,0.0,0.0,1.0,60.0,0.0,60.0,0.0,0.0,0.0,1.0,60.0,0.0,60.0,0.0,0.0,0.0,1.0,1505913434.373706,0.0,1.0,1505913434.373706,0.0,1.0,1505913434.373706,0.0,1.0,1505913434.373706,0.0,1.0,1505913434.373706,0.0,1.0,60.0,0.0,60.0,0.0,0.0,0.0,1.0,60.0,0.0,60.0,0.0,0.0,0.0,1.0,60.0,0.0,60.0,0.0,0.0,0.0,1.0,60.0,0.0,60.0,0.0,0.0,0.0,1.0,60.0,0.0,60.0,0.0,0.0,0.0
192.9478424407848,66.61158145141165,48.88313905339055,282.5629268048364,67.31014089773443,48.93613729393656,726.4981940253723,68.61825775478589,46.39879827510504,6729.833595532186,69.32586478695228,43.693594289029534,43896.12354340734,69.37048097050744,43.517236910668544,192.9478424407848,66.61158145141165,48.88313905339055,282.5629268048364,67.31014089773443,48.93613729393656,726.4981940253723,68.61825775478589,46.39879827510504,6729.833595532186,69.32586478695228,43.693594289029534,43896.12354340734,69.37048097050744,43.517236910668544,90.65204297485032,74.00000000000001,9.5367431640625e-07,74.00000000000001,9.094947017729282e-13,0.0,0.0,146.88864671056453,73.99999999999838,4.76837158203125e-06,73.99999999999838,2.273736754432321e-11,0.0,0.0,446.3169424242399,73.99999191408105,0.0106396803225179,73.99999191408105,0.0001132027973653,0.0,0.0,4480.341848579928,73.99829096714734,0.1546723606854929,73.99829096714734,0.0239235391600232,0.0,0.0,29363.10248410647,73.99792332345594,0.1704968006893991,73.99792332345594,0.0290691590453207,0.0,0.0,90.65204297485032,0.0037362371136164,0.000378342251876,146.88864671056453,0.0035245342178026,0.0002595935165146,446.3169424242399,0.0032805141377264,0.0001326848130726,4480.341848579928,7.173178389061835,10809833232.653786,29363.10248410647,17512.703967442674,26402840177755.016,1.0,74.0,0.0,74.0,0.0,0.0,0.0,1.0,74.0,0.0,74.0,0.0,0.0,0.0,1.0,74.0,0.0,74.0,0.0,0.0,0.0,1.0,74.0,0.0,74.0,0.0,0.0,0.0,1.0,74.0,0.0,74.0,0.0,0.0,0.0
1.0,60.0,0.0,1.0,60.0,0.0,1.0,60.0,0.0,1.0,60.0,0.0,1.0,60.0,0.0,1.0,60.0,0.0,1.0,60.0,0.0,1.0,60.0,0.0,1.0,60.0,0.0,1.0,60.0,0.0,1.0,60.0,0.0,60.0,0.0,0.0,0.0,1.0,60.0,0.0,60.0,0.0,0.0,0.0,1.0,60.0,0.0,60.0,0.0,0.0,0.0,1.0,60.0,0.0,60.0,0.0,0.0,0.0,1.0,60.0,0.0,60.0,0.0,0.0,0.0,1.0,1505913440.024384,0.0,1.0,1505913440.024384,0.0,1.0,1505913440.024384,0.0,1.0,1505913440.024384,0.0,1.0,1505913440.024384,0.0,1.0,60.0,0.0,60.0,0.0,0.0,0.0,1.0,60.0,0.0,60.0,0.0,0.0,0.0,1.0,60.0,0.0,60.0,0.0,0.0,0.0,1.0,60.0,0.0,60.0,0.0,0.0,0.0,1.0,60.0,0.0,60.0,0.0,0.0,0.0
154.968313640896,74.00834787456355,0.2002794949758026,265.95438057369853,74.01743991614259,0.4191089715222915,796.8844438555014,74.03848520640783,3.1052805318295214,7641.855412668003,74.16656600898199,74.1988383068974,29941.403509951,74.34687246202306,224.7960120340776,154.968313640896,74.00834787456355,0.2002794949758026,265.95438057369853,74.01743991614259,0.4191089715222915,796.8844438555014,74.03848520640783,3.1052805318295214,7641.855412668003,74.16656600898199,74.1988383068974,29941.403509951,74.34687246202306,224.7960120340776,154.91441130849492,73.99999999999996,2.523185072960464e-06,95.26804291051636,6.431098710768742e-12,5.26401864857025e-28,2.1876015666052127e-16,265.76114201421245,73.99999999999865,3.693564745147149e-06,95.26804291051543,1.3830600733622805e-11,-2.847625217439777e-25,-5.112896753044852e-14,795.7622715468941,73.99999464042028,0.0086622232384425,95.26803874743212,7.503411143261502e-05,-3.441999972782172e-19,-1.5748253023193834e-11,7623.631486433597,73.99847758584,0.1459845215834666,95.26686037139068,0.0213114805419536,2.558086454099612e-16,5.304173205081307e-10,29855.46238298488,73.99820264205702,0.158618349274055,95.2666468091264,0.0251597807264261,-4.844810797252943e-16,-3.569647800650732e-10,154.914411308495,0.0019486820495416,4.980355271666021e-05,265.76114201421245,0.001861958577817,4.943580799174682e-05,795.7622715468974,0.0018293008153386,4.549809550105968e-05,7623.631486433722,1397.5545893917222,2104592685709.912,29855.462382983813,30743.2283941886,46295719963066.66,1.0,74.0,0.0,95.26804291051644,0.0,0.0,0.0,1.0,74.0,0.0,95.26804291051644,0.0,0.0,0.0,1.0,74.0,0.0,95.26804291051644,0.0,0.0,0.0,1.0219404342354268,74.0,0.0,95.26804291051644,0.0,0.0,0.0,1.6825343638426815,74.00000000000001,9.5367431640625e-07,95.26804291051644,9.094947017729282e-13,0.0,0.0
1.0,60.0,0.0,1.0,60.0,0.0,1.0,60.0,0.0,1.0,60.0,0.0,1.0,60.0,0.0,1.0,60.0,0.0,1.0,60.0,0.0,1.0,60.0,0.0,1.0,60.0,0.0,1.0,60.0,0.0,1.0,60.0,0.0,60.0,0.0,0.0,0.0,1.0,60.0,0.0,60.0,0.0,0.0,0.0,1.0,60.0,0.0,60.0,0.0,0.0,0.0,1.0,60.0,0.0,60.0,0.0,0.0,0.0,1.0,60.0,0.0,60.0,0.0,0.0,0.0,1.0,1505913450.897415,0.0,1.0,1505913450.897415,0.0,1.0,1505913450.897415,0.0,1.0,1505913450.897415,0.0,1.0,1505913450.897415,0.0,1.0,60.0,0.0,60.0,0.0,0.0,0.0,1.0,60.0,0.0,60.0,0.0,0.0,0.0,1.0,60.0,0.0,60.0,0.0,0.0,0.0,1.0,60.0,0.0,60.0,0.0,0.0,0.0,1.0,60.0,0.0,60.0,0.0,0.0,0.0
1.0,60.0,0.0,1.0,60.0,0.0,1.0,60.0,0.0,1.0,60.0,0.0,1.0,60.0,0.0,1.0,60.0,0.0,1.0,60.0,0.0,1.0,60.0,0.0,1.0,60.0,0.0,1.0,60.0,0.0,1.0,60.0,0.0,60.0,0.0,0.0,0.0,1.0,60.0,0.0,60.0,0.0,0.0,0.0,1.0,60.0,0.0,60.0,0.0,0.0,0.0,1.0,60.0,0.0,60.0,0.0,0.0,0.0,1.0,60.0,0.0,60.0,0.0,0.0,0.0,1.0,1505913585.32733,0.0,1.0,1505913585.32733,0.0,1.0,1505913585.32733,0.0,1.0,1505913585.32733,0.0,1.0,1505913585.32733,0.0,1.0,60.0,0.0,60.0,0.0,0.0,0.0,1.0,60.0,0.0,60.0,0.0,0.0,0.0,1.0,60.0,0.0,60.0,0.0,0.0,0.0,1.0,60.0,0.0,60.0,0.0,0.0,0.0,1.0,60.0,0.0,60.0,0.0,0.0,0.0
205.64824854411248,74.08430659563706,2.0162506932238102,304.0419618084392,74.07087436898885,1.6959616959093182,809.7055331963741,74.05244932396107,1.307214100166675,5799.502788766525,74.08078745314972,11.324651069204268,9632.49716495972,74.08961388718376,13.754864375744546,205.64824854411248,74.08430659563706,2.0162506932238102,304.0419618084392,74.07087436898885,1.6959616959093182,809.7055331963741,74.05244932396107,1.307214100166675,5799.502788766525,74.08078745314972,11.324651069204268,9632.49716495972,74.08961388718376,13.754864375744546,204.9258525552171,74.00000000000001,0.0,95.26804291051648,1.8189894035458565e-12,-2.0503076055634246e-27,0.0,303.14409588469,74.00000000000007,4.046097457045827e-06,95.2680429105164,1.895265630462264e-11,-1.9730887020378904e-27,-1.578031013513549e-16,807.9423131409641,73.99999671126439,0.0067854485204554,95.26804035597212,4.60423116237508e-05,5.200431513363277e-20,4.6398090462525496e-12,5786.610464414861,73.99808372449006,0.16378090549125,95.26655444014249,0.0268241850035337,1.919496048109477e-16,6.144603615743146e-10,9609.25991883422,73.9973439240005,0.1928159982588896,95.26597980290173,0.0371780091845721,-1.8244250882287426e-15,-1.0073885647019026e-09,204.925852555217,0.0015255047536808,7.410726765353001e-05,303.1440958846904,0.0016738333805094,0.1898869149253387,807.9423131409665,5.478693670303973,8247705774.684076,5786.6104644149145,72809.37869817777,109639382265557.6,9609.259918834216,137972.15848208434,207755210513386.25,1.0,74.0,0.0,74.0,0.0,0.0,0.0,1.0,74.0,0.0,74.0,0.0,0.0,0.0,1.0,74.0,0.0,74.0,0.0,0.0,0.0,1.0,74.0,0.0,74.0,0.0,0.0,0.0,1.0,74.0,0.0,74.0,0.0,0.0,0.0
1.0,60.0,0.0,1.0,60.0,0.0,1.0,60.0,0.0,1.0,60.0,0.0,1.0,60.0,0.0,1.0,60.0,0.0,1.0,60.0,0.0,1.0,60.0,0.0,1.0,60.0,0.0,1.0,60.0,0.0,1.0,60.0,0.0,60.0,0.0,0.0,0.0,1.0,60.0,0.0,60.0,0.0,0.0,0.0,1.0,60.0,0.0,60.0,0.0,0.0,0.0,1.0,60.0,0.0,60.0,0.0,0.0,0.0,1.0,60.0,0.0,60.0,0.0,0.0,0.0,1.0,1505913424.836971,0.0,1.0,1505913424.836971,0.0,1.0,1505913424.836971,0.0,1.0,1505913424.836971,0.0,1.0,1505913424.836971,0.0,1.0,60.0,0.0,60.0,0.0,0.0,0.0,1.0,60.0,0.0,60.0,0.0,0.0,0.0,1.0,60.0,0.0,60.0,0.0,0.0,0.0,1.0,60.0,0.0,60.0,0.0,0.0,0.0,1.0,60.0,0.0,60.0,0.0,0.0,0.0
1.0,60.0,0.0,1.0,60.0,0.0,1.0,60.0,0.0,1.0,60.0,0.0,1.0,60.0,0.0,1.0,60.0,0.0,1.0,60.0,0.0,1.0,60.0,0.0,1.0,60.0,0.0,1.0,60.0,0.0,1.0,60.0,0.0,60.0,0.0,0.0,0.0,1.0,60.0,0.0,60.0,0.0,0.0,0.0,1.0,60.0,0.0,60.0,0.0,0.0,0.0,1.0,60.0,0.0,60.0,0.0,0.0,0.0,1.0,60.0,0.0,60.0,0.0,0.0,0.0,1.0,1505913570.284303,0.0,1.0,1505913570.284303,0.0,1.0,1505913570.284303,0.0,1.0,1505913570.284303,0.0,1.0,1505913570.284303,0.0,1.0,60.0,0.0,60.0,0.0,0.0,0.0,1.0,60.0,0.0,60.0,0.0,0.0,0.0,1.0,60.0,0.0,60.0,0.0,0.0,0.0,1.0,60.0,0.0,60.0,0.0,0.0,0.0,1.0,60.0,0.0,60.0,0.0,0.0,0.0
1.0,60.0,0.0,1.0,60.0,0.0,1.0,60.0,0.0,1.0,60.0,0.0,1.0,60.0,0.0,1.0,60.0,0.0,1.0,60.0,0.0,1.0,60.0,0.0,1.0,60.0,0.0,1.0,60.0,0.0,1.0,60.0,0.0,60.0,0.0,0.0,0.0,1.0,60.0,0.0,60.0,0.0,0.0,0.0,1.0,60.0,0.0,60.0,0.0,0.0,0.0,1.0,60.0,0.0,60.0,0.0,0.0,0.0,1.0,60.0,0.0,60.0,0.0,0.0,0.0,1.0,1505913478.2467391,0.0,1.0,1505913478.2467391,0.0,1.0,1505913478.2467391,0.0,1.0,1505913478.2467391,0.0,1.0,1505913478.2467391,0.0,1.0,60.0,0.0,60.0,0.0,0.0,0.0,1.0,60.0,0.0,60.0,0.0,0.0,0.0,1.0,60.0,0.0,60.0,0.0,0.0,0.0,1.0,60.0,0.0,60.0,0.0,0.0,0.0,1.0,60.0,0.0,60.0,0.0,0.0,0.0
1.0,60.0,0.0,1.0,60.0,0.0,1.0,60.0,0.0,1.0,60.0,0.0,1.0,60.0,0.0,1.0,60.0,0.0,1.0,60.0,0.0,1.0,60.0,0.0,1.0,60.0,0.0,1.0,60.0,0.0,1.0,60.0,0.0,60.0,0.0,0.0,0.0,1.0,60.0,0.0,60.0,0.0,0.0,0.0,1.0,60.0,0.0,60.0,0.0,0.0,0.0,1.0,60.0,0.0,60.0,0.0,0.0,0.0,1.0,60.0,0.0,60.0,0.0,0.0,0.0,1.0,1505913448.508557,0.0,1.0,1505913448.508557,0.0,1.0,1505913448.508557,0.0,1.0,1505913448.508557,0.0,1.0,1505913448.508557,0.0,1.0,60.0,0.0,60.0,0.0,0.0,0.0,1.0,60.0,0.0,60.0,0.0,0.0,0.0,1.0,60.0,0.0,60.0,0.0,0.0,0.0,1.0,60.0,0.0,60.0,0.0,0.0,0.0,1.0,60.0,0.0,60.0,0.0,0.0,0.0
1.0,60.0,0.0,1.0,60.0,0.0,1.0,60.0,0.0,1.0,60.0,0.0,1.0,60.0,0.0,1.0,60.0,0.0,1.0,60.0,0.0,1.0,60.0,0.0,1.0,60.0,0.0,1.0,60.0,0.0,1.0,60.0,0.0,60.0,0.0,0.0,0.0,1.0,60.0,0.0,60.0,0.0,0.0,0.0,1.0,60.0,0.0,60.0,0.0,0.0,0.0,1.0,60.0,0.0,60.0,0.0,0.0,0.0,1.0,60.0,0.0,60.0,0.0,0.0,0.0,1.0,1505913473.23334,0.0,1.0,1505913473.23334,0.0,1.0,1505913473.23334,0.0,1.0,1505913473.23334,0.0,1.0,1505913473.23334,0.0,1.0,60.0,0.0,60.0,0.0,0.0,0.0,1.0,60.0,0.0,60.0,0.0,0.0,0.0,1.0,60.0,0.0,60.0,0.0,0.0,0.0,1.0,60.0,0.0,60.0,0.0,0.0,0.0,1.0,60.0,0.0,60.0,0.0,0.0,0.0
173.95976664999398,74.00598598519038,0.3864898328029085,279.2938788983831,74.01162586836644,0.6975796844471915,790.9927004623207,74.03688136333786,3.817992809150384,6739.306782073306,74.13590221387473,40.66402767084945,33513.040664623615,74.29873336551331,183.21706782402543,173.95976664999398,74.00598598519038,0.3864898328029085,279.2938788983831,74.01162586836644,0.6975796844471915,790.9927004623207,74.03688136333786,3.817992809150384,6739.306782073306,74.13590221387473,40.66402767084945,33513.040664623615,74.29873336551331,183.21706782402543,173.87005369135375,73.99360562084117,0.2991327801127593,95.26307612486896,0.0894804201379884,-4.0422946134312174e-16,-8.961771461282213e-10,279.0310771011634,73.98902479749158,0.3918320814106792,95.25951810965572,0.1535323800226251,-7.946948298271746e-16,-3.0075669762296363e-09,789.7479138850806,73.98931883612863,0.3865516872901189,95.2597464925994,0.1494222069468378,5.758552230651437e-16,8.349714540257796e-10,6717.774598341183,73.99746741554102,0.1882810889800546,95.26607572433144,0.0354497684675152,1.0108583590123655e-16,2.2081411958175736e-10,33408.36695383564,73.9981501749283,0.1609165286229257,95.26660605538063,0.0258941291840528,-1.5160852532459152e-16,-8.079831152147571e-11,173.8700536913536,0.0016988173496697,2.134226050520448e-05,279.0310771011633,0.0017511935805107,2.48114610425542e-05,789.7479138850827,0.0018512702600177,8.137994918948232e-05,6717.774598341272,506.2810355791308,762412356166.5881,33408.3669538345,24509.053999730648,36907931781233.02,1.0,74.0,0.0,95.26804291051644,0.0,0.0,0.0,1.0,74.0,0.0,95.26804291051644,0.0,0.0,0.0,1.0,74.0,0.0,95.26804291051644,0.0,0.0,0.0,1.0211293135726789,74.0,0.0,95.26804291051644,0.0,0.0,0.0,1.6799681002024218,74.0,0.0,95.26804291051644,0.0,0.0,0.0
112.35211387851476,241.61411826930112,56733.56545202284,177.31895043287582,280.9355148711109,60328.22431580756,478.3565703913594,319.79261086869803,60834.1129655751,4163.441711669865,337.5437671087405,60055.97184300758,30800.24100932573,341.50888572324664,59796.07536431407,112.35211387851476,241.61411826930112,56733.56545202284,177.31895043287582,280.9355148711109,60328.22431580756,478.3565703913594,319.79261086869803,60834.1129655751,4163.441711669865,337.5437671087405,60055.97184300758,30800.24100932573,341.50888572324664,59796.07536431407,1.0,60.0,0.0,60.0,0.0,0.0,0.0,1.0,60.0,0.0,60.0,0.0,0.0,0.0,1.0,60.0,0.0,60.0,0.0,0.0,0.0,1.0,60.0,0.0,60.0,0.0,0.0,0.0,1.0,60.0,0.0,60.0,0.0,0.0,0.0,1.0,1507656129.362493,0.0,1.0,1507656129.362493,0.0,1.0,1507656129.362493,0.0,1.0,1507656129.362493,0.0,1.0,1507656129.362493,0.0,1.0,60.0,0.0,60.0,0.0,0.0,0.0,1.0,60.0,0.0,60.0,0.0,0.0,0.0,1.0,60.0,0.0,60.0,0.0,0.0,0.0,1.0,60.0,0.0,60.0,0.0,0.0,0.0,1.0,60.0,0.0,60.0,0.0,0.0,0.0
1.0,60.0,0.0,1.0,60.0,0.0,1.0,60.0,0.0,1.0,60.0,0.0,1.0,60.0,0.0,1.0,60.0,0.0,1.0,60.0,0.0,1.0,60.0,0.0,1.0,60.0,0.0,1.0,60.0,0.0,1.0,60.0,0.0,60.0,0.0,0.0,0.0,1.0,60.0,0.0,60.0,0.0,0.0,0.0,1.0,60.0,0.0,60.0,0.0,0.0,0.0,1.0,60.0,0.0,60.0,0.0,0.0,0.0,1.0,60.0,0.0,60.0,0.0,0.0,0.0,1.0,1505913453.158,0.0,1.0,1505913453.158,0.0,1.0,1505913453.158,0.0,1.0,1505913453.158,0.0,1.0,1505913453.158,0.0,1.0,60.0,0.0,60.0,0.0,0.0,0.0,1.0,60.0,0.0,60.0,0.0,0.0,0.0,1.0,60.0,0.0,60.0,0.0,0.0,0.0,1.0,60.0,0.0,60.0,0.0,0.0,0.0,1.0,60.0,0.0,60.0,0.0,0.0,0.0
85.10390675641214,275.5431357723761,60018.87492483496,119.92583980715632,313.5966881127625,60961.6950999547,357.2296845209533,342.9003535446131,59702.8186294233,3817.122917392151,345.88929503653384,59471.86961011496,32562.619846392496,342.39387242364126,59733.327433246326,85.10390675641214,275.5431357723761,60018.87492483496,119.92583980715632,313.5966881127625,60961.6950999547,357.2296845209533,342.9003535446131,59702.8186294233,3817.122917392151,345.88929503653384,59471.86961011496,32562.619846392496,342.39387242364126,59733.327433246326,37.132502443299,553.9999999999999,1.3214498959113138e-05,553.9999999999999,1.7462298274040222e-10,0.0,0.0,61.56241365332871,553.9999999999984,2.7508173183166418e-05,553.9999999999984,7.566995918750762e-10,0.0,0.0,204.5493072441764,553.9998590839766,0.2638418004399319,553.9998590839766,0.0696124956593848,0.0,0.0,2209.1509332369337,553.8894694310377,7.388496738911147,553.8894694310377,54.58988406090066,0.0,0.0,18617.90250198648,553.8213230303702,9.393321965178428,553.8213230303702,88.23449754150353,0.0,0.0,37.132502443299,0.0092111988888245,0.0009389953764029,61.56241365332871,0.0086556639566423,0.000844753085439,204.5493072441764,0.007283463521401,0.0006565306624143,2209.1509332369337,0.0366961775250935,45428309.01017743,18617.90250198648,14889.03051687004,22447303861724.047,1.0,554.0,0.0,554.0,0.0,0.0,0.0,1.0,554.0,0.0,554.0,0.0,0.0,0.0,1.0,554.0,0.0,554.0,0.0,0.0,0.0,1.0,554.0,0.0,554.0,0.0,0.0,0.0,1.0,554.0,0.0,554.0,0.0,0.0,0.0
100.10237294273956,482.2875093712452,35350.739170866786,183.71036554570043,441.9150826774896,47389.90136831917,603.4726051617732,404.4498723509618,55645.57917410586,6308.833331012759,392.6970474284544,57652.57111212477,32480.80702685233,391.7333307819412,57806.14923255657,100.10237294273956,482.2875093712452,35350.739170866786,183.71036554570043,441.9150826774896,47389.90136831917,603.4726051617732,404.4498723509618,55645.57917410586,6308.833331012759,392.6970474284544,57652.57111212477,32480.80702685233,391.7333307819412,57806.14923255657,83.54146695669104,565.999993680412,0.0565483105562379,565.999993680412,0.0031977114267647,0.0,0.0,138.65986124733303,565.9990597053371,0.6897740320508495,565.9990597053371,0.4757882152916864,0.0,0.0,410.8652378394772,565.9216319229704,6.296674155581595,565.9216319229704,39.648105421569205,0.0,0.0,4148.739245738734,565.9042176248308,6.961085229443391,565.9042176248308,48.45670757157495,0.0,0.0,21296.0213349863,565.948736161818,5.092825751747991,565.948736161818,25.936874137667477,0.0,0.0,83.54146695669104,0.0035674706525421,6.031719305743397e-05,138.65986124733303,0.0035575034726583,8.014626000532019e-05,410.8652378394772,0.003546563025157,9.19307230133554e-05,4148.739245738734,269.0436670120489,405620495316.8555,21296.0213349863,34430.82500507452,51908714801914.09,1.0,566.0,0.0,566.0,0.0,0.0,0.0,1.0,566.0,0.0,566.0,0.0,0.0,0.0,1.0,566.0,0.0,566.0,0.0,0.0,0.0,1.0,566.0,0.0,566.0,0.0,0.0,0.0,1.0,566.0,0.0,566.0,0.0,0.0,0.0
162.2737865802601,250.42142224634784,60091.62509236058,247.51810835282697,308.9846867901349,63989.35284296758,675.3271943489516,370.449818458994,60703.01109190594,6347.918153572421,389.2565971087889,58190.63491678907,39859.97102910511,390.88543409069314,57939.23891206505,162.2737865802601,250.42142224634784,60091.62509236058,247.51810835282697,308.9846867901349,63989.35284296758,675.3271943489516,370.449818458994,60703.01109190594,6347.918153572421,389.2565971087889,58190.63491678907,39859.97102910511,390.88543409069314,57939.23891206505,1.0,60.0,0.0,60.0,0.0,0.0,0.0,1.0,60.0,0.0,60.0,0.0,0.0,0.0,1.0,60.0,0.0,60.0,0.0,0.0,0.0,1.0,60.0,0.0,60.0,0.0,0.0,0.0,1.0,60.0,0.0,60.0,0.0,0.0,0.0,1.0,1507658049.689433,0.0,1.0,1507658049.689433,0.0,1.0,1507658049.689433,0.0,1.0,1507658049.689433,0.0,1.0,1507658049.689433,0.0,1.0,60.0,0.0,60.0,0.0,0.0,0.0,1.0,60.0,0.0,60.0,0.0,0.0,0.0,1.0,60.0,0.0,60.0,0.0,0.0,0.0,1.0,60.0,0.0,60.0,0.0,0.0,0.0,1.0,60.0,0.0,60.0,0.0,0.0,0.0
1.0,60.0,0.0,1.0,60.0,0.0,1.0,60.0,0.0,1.0,60.0,0.0,1.0,60.0,0.0,1.0,60.0,0.0,1.0,60.0,0.0,1.0,60.0,0.0,1.0,60.0,0.0,1.0,60.0,0.0,1.0,60.0,0.0,60.0,0.0,0.0,0.0,1.0,60.0,0.0,60.0,0.0,0.0,0.0,1.0,60.0,0.0,60.0,0.0,0.0,0.0,1.0,60.0,0.0,60.0,0.0,0.0,0.0,1.0,60.0,0.0,60.0,0.0,0.0,0.0,1.0,1505913579.886983,0.0,1.0,1505913579.886983,0.0,1.0,1505913579.886983,0.0,1.0,1505913579.886983,0.0,1.0,1505913579.886983,0.0,1.0,60.0,0.0,60.0,0.0,0.0,0.0,1.0,60.0,0.0,60.0,0.0,0.0,0.0,1.0,60.0,0.0,60.0,0.0,0.0,0.0,1.0,60.0,0.0,60.0,0.0,0.0,0.0,1.0,60.0,0.0,60.0,0.0,0.0,0.0
1.0,60.0,0.0,1.0,60.0,0.0,1.0,60.0,0.0,1.0,60.0,0.0,1.0,60.0,0.0,1.0,60.0,0.0,1.0,60.0,0.0,1.0,60.0,0.0,1.0,60.0,0.0,1.0,60.0,0.0,1.0,60.0,0.0,60.0,0.0,0.0,0.0,1.0,60.0,0.0,60.0,0.0,0.0,0.0,1.0,60.0,0.0,60.0,0.0,0.0,0.0,1.0,60.0,0.0,60.0,0.0,0.0,0.0,1.0,60.0,0.0,60.0,0.0,0.0,0.0,1.0,1505913430.902363,0.0,1.0,1505913430.902363,0.0,1.0,1505913430.902363,0.0,1.0,1505913430.902363,0.0,1.0,1505913430.902363,0.0,1.0,60.0,0.0,60.0,0.0,0.0,0.0,1.0,60.0,0.0,60.0,0.0,0.0,0.0,1.0,60.0,0.0,60.0,0.0,0.0,0.0,1.0,60.0,0.0,60.0,0.0,0.0,0.0,1.0,60.0,0.0,60.0,0.0,0.0,0.0
1.0,60.0,0.0,1.0,60.0,0.0,1.0,60.0,0.0,1.0,60.0,0.0,1.0,60.0,0.0,1.0,60.0,0.0,1.0,60.0,0.0,1.0,60.0,0.0,1.0,60.0,0.0,1.0,60.0,0.0,1.0,60.0,0.0,60.0,0.0,0.0,0.0,1.0,60.0,0.0,60.0,0.0,0.0,0.0,1.0,60.0,0.0,60.0,0.0,0.0,0.0,1.0,60.0,0.0,60.0,0.0,0.0,0.0,1.0,60.0,0.0,60.0,0.0,0.0,0.0,1.0,1505913567.362988,0.0,1.0,1505913567.362988,0.0,1.0,1505913567.362988,0.0,1.0,1505913567.362988,0.0,1.0,1505913567.362988,0.0,1.0,60.0,0.0,60.0,0.0,0.0,0.0,1.0,60.0,0.0,60.0,0.0,0.0,0.0,1.0,60.0,0.0,60.0,0.0,0.0,0.0,1.0,60.0,0.0,60.0,0.0,0.0,0.0,1.0,60.0,0.0,60.0,0.0,0.0,0.0
1.0,60.0,0.0,1.0,60.0,0.0,1.0,60.0,0.0,1.0,60.0,0.0,1.0,60.0,0.0,1.0,60.0,0.0,1.0,60.0,0.0,1.0,60.0,0.0,1.0,60.0,0.0,1.0,60.0,0.0,1.0,60.0,0.0,60.0,0.0,0.0,0.0,1.0,60.0,0.0,60.0,0.0,0.0,0.0,1.0,60.0,0.0,60.0,0.0,0.0,0.0,1.0,60.0,0.0,60.0,0.0,0.0,0.0,1.0,60.0,0.0,60.0,0.0,0.0,0.0,1.0,1505913556.945226,0.0,1.0,1505913556.945226,0.0,1.0,1505913556.945226,0.0,1.0,1505913556.945226,0.0,1.0,1505913556.945226,0.0,1.0,60.0,0.0,60.0,0.0,0.0,0.0,1.0,60.0,0.0,60.0,0.0,0.0,0.0,1.0,60.0,0.0,60.0,0.0,0.0,0.0,1.0,60.0,0.0,60.0,0.0,0.0,0.0,1.0,60.0,0.0,60.0,0.0,0.0,0.0
56.29671611899197,191.05789083338465,47563.429431232245,97.2467892585365,271.7625568771817,59757.838463911816,342.49091405482864,342.2298364281712,59747.40961661972,3964.967468605014,341.3143203736598,59809.01458723308,18213.403312927952,343.54032621215924,59651.3700962983,56.29671611899197,191.05789083338465,47563.429431232245,97.2467892585365,271.7625568771817,59757.838463911816,342.49091405482864,342.2298364281712,59747.40961661972,3964.967468605014,341.3143203736598,59809.01458723308,18213.403312927952,343.54032621215924,59651.3700962983,1.0,60.0,0.0,60.0,0.0,0.0,0.0,1.0,60.0,0.0,60.0,0.0,0.0,0.0,1.0,60.0,0.0,60.0,0.0,0.0,0.0,1.0,60.0,0.0,60.0,0.0,0.0,0.0,1.0,60.0,0.0,60.0,0.0,0.0,0.0,1.0,1507656009.861167,0.0,1.0,1507656009.861167,0.0,1.0,1507656009.861167,0.0,1.0,1507656009.861167,0.0,1.0,1507656009.861167,0.0,1.0,60.0,0.0,60.0,0.0,0.0,0.0,1.0,60.0,0.0,60.0,0.0,0.0,0.0,1.0,60.0,0.0,60.0,0.0,0.0,0.0,1.0,60.0,0.0,60.0,0.0,0.0,0.0,1.0,60.0,0.0,60.0,0.0,0.0,0.0
147.4335887321891,74.09619925524201,2.299529620360772,256.98385699333267,74.07595289142355,1.819994864590626,814.0885364098093,74.08814749445564,29.50435144298353,7129.865356361956,74.73658158359402,543.4815539997544,17668.045285951797,74.6321002730923,456.44112937615137,147.4335887321891,74.09619925524201,2.299529620360772,256.98385699333267,74.07595289142355,1.819994864590626,814.0885364098093,74.08814749445564,29.50435144298353,7129.865356361956,74.73658158359402,543.4815539997544,17668.045285951797,74.6321002730923,456.44112937615137,146.8426266229596,73.99999999998943,1.225016839853776e-05,95.26804291050811,1.5056807710598538e-10,1.1468891805179464e-24,2.6718521724272843e-14,256.16925838687234,73.99999994195845,0.0009014356451292,95.26804286543228,8.125862223555545e-07,6.4197170205561524e-21,2.4228095023942884e-12,811.8105410236444,73.99982405127389,0.0496311515946388,95.26790624139636,0.00246325120861,6.057892621615358e-18,6.841212961314178e-11,7100.353383177315,73.9983788187568,0.1506449772746764,95.2667836541374,0.0226939091780877,6.854310152294751e-17,1.0537366331274256e-10,17602.127919630668,73.99798320822582,0.1680208839015572,95.26647636437932,0.0282310174270605,-1.0954260539587786e-15,-1.7090694967252735e-09,146.84262662295956,0.00201613934745,2.6508799646549647e-05,256.16925838687274,0.0019028943917771,2.1476297894285817e-05,811.8105410236461,0.0017877597987108,5175.537455561357,7100.353383177417,14233.159600309533,21433713438658.29,17602.12791963037,65300.00281365949,98331942467621.69,1.0,74.0,0.0,74.0,0.0,0.0,0.0,1.0,74.0,0.0,74.0,0.0,0.0,0.0,1.0,74.0,0.0,74.0,0.0,0.0,0.0,1.0,74.0,0.0,74.0,0.0,0.0,0.0,1.0,74.0,0.0,74.0,0.0,0.0,0.0
174.4505058257542,74.17610560007923,12.17075618056242,281.61040258856514,74.22299140620383,34.564306017959105,814.7260786157103,74.31532011943007,67.41264293831682,7877.43832992665,74.26494342848444,145.18328377077796,25672.61340518,74.41593595374547,280.33231074351534,174.4505058257542,74.17610560007923,12.17075618056242,281.61040258856514,74.22299140620383,34.564306017959105,814.7260786157103,74.31532011943007,67.41264293831682,7877.43832992665,74.26494342848444,145.18328377077796,25672.61340518,74.41593595374547,280.33231074351534,1.0302001507624636,97.99999999957254,0.0001274502858908,138.59292910226026,5.376894809923998e-07,6.910457199327742e-19,7.39604136335362e-12,1.1366337974950396,97.99999082554451,0.0186716154247996,138.59286965044262,0.0028681339700058,2.9598185184518855e-10,2.970979269129665e-07,1.9781938238380905,97.87516955611608,2.1743905417076963,138.3273559371369,10.581978169347844,0.0400087924879397,0.0059801376560235,15.067136467679768,96.2354285607668,7.996249266168644,136.00960096459536,93.4917795537498,20.58375450074638,0.3116874140422925,50.10157276474048,96.67920757798012,6.960288745066061,136.7060754576382,69.18602487649216,35.751140599494256,0.7308483872928003,1.0302001507624636,1.018445563063918,3.159217365489297e-07,1.1366337974950396,1.0187965997846211,2.4903946929111243e-06,1.9781938238380905,1.0172679007344725,1.3986098416987958,15.06713646767977,1615526.029872957,2430232390956471.0,50.10157276474046,19897721.18563406,2.9568342510329828e+16,1.0302001507508751,98.0,1.3486991523486091e-06,138.5929291125633,4.067383956680332e-12,-6.2869587621655445e-62,-2.443967603715272e-50,1.1366335230740874,98.0,0.0,138.5929291125633,0.0,-1.113123662895268e-34,0.0,1.971695434019192,98.0,0.0,138.5929291125633,3.637978807091713e-12,-4.1594570970105445e-29,0.0,14.367477554998286,98.00000000000004,2.6973983046972182e-06,138.59292911256335,7.275957614183426e-12,2.523392369336846e-28,0.0,48.36015756371562,98.00000000000004,3.5683225505580347e-06,138.59292911256335,1.3242442745250659e-11,6.475732635418055e-28,9.514691746201891e-17
188.7442823885131,74.00420881188657,0.1009937820772393,304.66554389076265,74.01138224587059,0.2731805134098977,855.8717039564282,74.03192586363149,1.7472349967456466,5066.396806650013,74.0974168951926,16.855391436622995,7517.703618168193,74.10213451399893,17.774171107123948,188.7442823885131,74.00420881188657,0.1009937820772393,304.66554389076265,74.01138224587059,0.2731805134098977,855.8717039564282,74.03192586363149,1.7472349967456466,5066.396806650013,74.0974168951926,16.855391436622995,7517.703618168193,74.10213451399893,17.774171107123948,188.7111828397122,73.99999999999997,2.132480599880018e-06,95.2680429105164,4.570154315443184e-12,7.491047603431306e-28,5.209216159568793e-16,304.5210598551787,73.99999999934441,9.583833780489312e-05,95.26804291000708,9.185000783309928e-09,6.181515472330382e-23,1.616726573627608e-13,854.860980400728,73.99993696079385,0.0297076575745694,95.26799394445892,0.0008825449185678,-5.3769523293728776e-18,-4.984064901013564e-11,5054.789872749241,73.99703592776038,0.2036865866807116,95.265740568655,0.041488225593639,6.365883339673211e-16,6.689451933500718e-10,7498.829841503748,73.9964924173867,0.2215713280564684,95.26531840117066,0.0490938534167071,-1.6614179393119321e-15,-1.1530251267154107e-09,188.7111828397123,0.0016007764731096,5.108766113377731e-05,304.5210598551793,0.001624846115794,1576.2059633196045,854.8609804007297,104.98366481928,158093830670.69174,5054.789872749268,112620.68275165092,169584413047324.44,7498.829841503727,182204.40327275693,274351019340635.2,1.0,74.0,0.0,74.0,0.0,0.0,0.0,1.0,74.0,0.0,74.0,0.0,0.0,0.0,1.0,74.0,0.0,74.0,0.0,0.0,0.0,1.0,74.0,0.0,74.0,0.0,0.0,0.0,1.0,74.0,0.0,74.0,0.0,0.0,0.0
1.0,60.0,0.0,1.0,60.0,0.0,1.0,60.0,0.0,1.0,60.0,0.0,1.0,60.0,0.0,1.0,60.0,0.0,1.0,60.0,0.0,1.0,60.0,0.0,1.0,60.0,0.0,1.0,60.0,0.0,1.0,60.0,0.0,60.0,0.0,0.0,0.0,1.0,60.0,0.0,60.0,0.0,0.0,0.0,1.0,60.0,0.0,60.0,0.0,0.0,0.0,1.0,60.0,0.0,60.0,0.0,0.0,0.0,1.0,60.0,0.0,60.0,0.0,0.0,0.0,1.0,1505913546.330683,0.0,1.0,1505913546.330683,0.0,1.0,1505913546.330683,0.0,1.0,1505913546.330683,0.0,1.0,1505913546.330683,0.0,1.0,60.0,0.0,60.0,0.0,0.0,0.0,1.0,60.0,0.0,60.0,0.0,0.0,0.0,1.0,60.0,0.0,60.0,0.0,0.0,0.0,1.0,60.0,0.0,60.0,0.0,0.0,0.0,1.0,60.0,0.0,60.0,0.0,0.0,0.0
70.14681990394405,60.00000032945969,3.747818936972181e-06,106.1768018760943,60.00006347444102,0.0007984533322087,233.4412210875661,60.17723841865672,84.09086809339807,2826.2341061107995,237.0748843457969,58214.32470435496,27020.1257928716,328.6629705365412,63739.31576439884,70.14681990394405,60.00000032945969,3.747818936972181e-06,106.1768018760943,60.00006347444102,0.0007984533322087,233.4412210875661,60.17723841865672,84.09086809339807,2826.2341061107995,237.0748843457969,58214.32470435496,27020.1257928716,328.6629705365412,63739.31576439884,1.0,60.0,0.0,60.0,0.0,0.0,0.0,1.0,60.0,0.0,60.0,0.0,0.0,0.0,1.0,60.0,0.0,60.0,0.0,0.0,0.0,1.0,60.0,0.0,60.0,0.0,0.0,0.0,1.0,60.0,0.0,60.0,0.0,0.0,0.0,1.0,1507658144.9916642,0.0,1.0,1507658144.9916642,0.0,1.0,1507658144.9916642,0.0,1.0,1507658144.9916642,0.0,1.0,1507658144.9916642,0.0,1.0,60.0,0.0,60.0,0.0,0.0,0.0,1.0,60.0,0.0,60.0,0.0,0.0,0.0,1.0,60.0,0.0,60.0,0.0,0.0,0.0,1.0,60.0,0.0,60.0,0.0,0.0,0.0,1.0,60.0,0.0,60.0,0.0,0.0,0.0
1.0,60.0,0.0,1.0,60.0,0.0,1.0,60.0,0.0,1.0,60.0,0.0,1.0,60.0,0.0,1.0,60.0,0.0,1.0,60.0,0.0,1.0,60.0,0.0,1.0,60.0,0.0,1.0,60.0,0.0,1.0,60.0,0.0,60.0,0.0,0.0,0.0,1.0,60.0,0.0,60.0,0.0,0.0,0.0,1.0,60.0,0.0,60.0,0.0,0.0,0.0,1.0,60.0,0.0,60.0,0.0,0.0,0.0,1.0,60.0,0.0,60.0,0.0,0.0,0.0,1.0,1505913443.449022,0.0,1.0,1505913443.449022,0.0,1.0,1505913443.449022,0.0,1.0,1505913443.449022,0.0,1.0,1505913443.449022,0.0,1.0,60.0,0.0,60.0,0.0,0.0,0.0,1.0,60.0,0.0,60.0,0.0,0.0,0.0,1.0,60.0,0.0,60.0,0.0,0.0,0.0,1.0,60.0,0.0,60.0,0.0,0.0,0.0,1.0,60.0,0.0,60.0,0.0,0.0,0.0
1.0,60.0,0.0,1.0,60.0,0.0,1.0,60.0,0.0,1.0,60.0,0.0,1.0,60.0,0.0,1.0,60.0,0.0,1.0,60.0,0.0,1.0,60.0,0.0,1.0,60.0,0.0,1.0,60.0,0.0,1.0,60.0,0.0,60.0,0.0,0.0,0.0,1.0,60.0,0.0,60.0,0.0,0.0,0.0,1.0,60.0,0.0,60.0,0.0,0.0,0.0,1.0,60.0,0.0,60.0,0.0,0.0,0.0,1.0,60.0,0.0,60.0,0.0,0.0,0.0,1.0,1505913550.829158,0.0,1.0,1505913550.829158,0.0,1.0,1505913550.829158,0.0,1.0,1505913550.829158,0.0,1.0,1505913550.829158,0.0,1.0,60.0,0.0,60.0,0.0,0.0,0.0,1.0,60.0,0.0,60.0,0.0,0.0,0.0,1.0,60.0,0.0,60.0,0.0,0.0,0.0,1.0,60.0,0.0,60.0,0.0,0.0,0.0,1.0,60.0,0.0,60.0,0.0,0.0,0.0
1.0,60.0,0.0,1.0,60.0,0.0,1.0,60.0,0.0,1.0,60.0,0.0,1.0,60.0,0.0,1.0,60.0,0.0,1.0,60.0,0.0,1.0,60.0,0.0,1.0,60.0,0.0,1.0,60.0,0.0,1.0,60.0,0.0,60.0,0.0,0.0,0.0,1.0,60.0,0.0,60.0,0.0,0.0,0.0,1.0,60.0,0.0,60.0,0.0,0.0,0.0,1.0,60.0,0.0,60.0,0.0,0.0,0.0,1.0,60.0,0.0,60.0,0.0,0.0,0.0,1.0,1505913571.1130786,0.0,1.0,1505913571.1130786,0.0,1.0,1505913571.1130786,0.0,1.0,1505913571.1130786,0.0,1.0,1505913571.1130786,0.0,1.0,60.0,0.0,60.0,0.0,0.0,0.0,1.0,60.0,0.0,60.0,0.0,0.0,0.0,1.0,60.0,0.0,60.0,0.0,0.0,0.0,1.0,60.0,0.0,60.0,0.0,0.0,0.0,1.0,60.0,0.0,60.0,0.0,0.0,0.0
1.0,60.0,0.0,1.0,60.0,0.0,1.0,60.0,0.0,1.0,60.0,0.0,1.0,60.0,0.0,1.0,60.0,0.0,1.0,60.0,0.0,1.0,60.0,0.0,1.0,60.0,0.0,1.0,60.0,0.0,1.0,60.0,0.0,60.0,0.0,0.0,0.0,1.0,60.0,0.0,60.0,0.0,0.0,0.0,1.0,60.0,0.0,60.0,0.0,0.0,0.0,1.0,60.0,0.0,60.0,0.0,0.0,0.0,1.0,60.0,0.0,60.0,0.0,0.0,0.0,1.0,1505913429.257417,0.0,1.0,1505913429.257417,0.0,1.0,1505913429.257417,0.0,1.0,1505913429.257417,0.0,1.0,1505913429.257417,0.0,1.0,60.0,0.0,60.0,0.0,0.0,0.0,1.0,60.0,0.0,60.0,0.0,0.0,0.0,1.0,60.0,0.0,60.0,0.0,0.0,0.0,1.0,60.0,0.0,60.0,0.0,0.0,0.0,1.0,60.0,0.0,60.0,0.0,0.0,0.0
58.37725406420329,468.1458694895944,35039.86350330082,104.83512029302376,408.9496877775172,50609.846092061394,358.5222385269993,354.45041694062013,58737.09207705812,3842.5687455821535,343.7308232875112,59636.910414180114,37942.71842911437,343.10586487235616,59682.602130792206,58.37725406420329,468.1458694895944,35039.86350330082,104.83512029302376,408.9496877775172,50609.846092061394,358.5222385269993,354.45041694062013,58737.09207705812,3842.5687455821535,343.7308232875112,59636.910414180114,37942.71842911437,343.10586487235616,59682.602130792206,48.94767245540212,546.7707614985344,59.32100749661112,546.7707614985344,3518.9819304129924,0.0,0.0,74.86917157222649,548.5988951470465,51.37094376908546,548.5988951470465,2638.97386372654,0.0,0.0,214.60845854058056,551.8336286967993,32.64190955133103,551.8336286967993,1065.4942591572762,0.0,0.0,2208.3331872063936,553.616599248444,13.75692462477265,553.616599248444,189.2529751316761,0.0,0.0,21748.77039712836,553.820697926703,9.409732991909992,553.820697926703,88.54307497903939,0.0,0.0,48.94767245540212,0.0066676030870814,0.0004645986057758,74.86917157222649,0.0069106786886393,0.0004639492919564,214.60845854058056,0.006908529984873,0.0005095379942717,2208.3331872063936,0.0065556959562804,1.0420614827021235,21748.77039712836,2194.7162851030207,3308862506955.581,1.0,554.0,0.0,554.0,0.0,0.0,0.0,1.0,554.0,0.0,554.0,0.0,0.0,0.0,1.0,554.0,0.0,554.0,0.0,0.0,0.0,1.0,554.0,0.0,554.0,0.0,0.0,0.0,1.0,554.0,0.0,554.0,0.0,0.0,0.0
173.18122840006004,74.00654384820369,0.1570101978977618,286.44263644172327,74.0149419754742,0.3585700652001833,859.8583855226932,74.02877381234956,0.7217735979456847,7610.902493478989,74.06358314833636,9.901509026164604,17366.534494064967,74.07839419096878,15.475852698698873,173.18122840006004,74.00654384820369,0.1570101978977618,286.44263644172327,74.0149419754742,0.3585700652001833,859.8583855226932,74.02877381234956,0.7217735979456847,7610.902493478989,74.06358314833636,9.901509026164604,17366.534494064967,74.07839419096878,15.475852698698873,173.134008621238,73.99999998254916,0.0004942766191971,95.26804289696136,2.4430937631922693e-07,2.865565670318978e-22,2.865721319091343e-13,286.2642439300575,73.99999510441283,0.0082787802216443,95.268039107841,6.853820195829037e-05,5.269333764155484e-19,3.5674282382876284e-11,858.8007159216838,73.9992430794062,0.1029384057673205,95.26745496928656,0.0105963153819175,-5.169349658075207e-17,-3.3303385161354475e-10,7593.744324015929,73.99811546646316,0.1624189579792703,95.26657909565132,0.0263799179110719,1.0882520619744139e-16,1.6559851561392679e-10,17319.981048030626,73.9978849819335,0.1720633010588954,95.26640006738712,0.029605779571284,2.945152078370406e-16,2.4770783083136983e-10,173.13400862123802,0.0017043384932737,2.0449255573381733e-05,286.2642439300571,0.0017081129200223,2.5494145342121632e-05,858.8007159216861,0.0018897398034469,299473.8532974825,7593.744324016015,20082.10777192273,30241517866143.77,17319.981048030313,69151.12171390612,104130845762877.72,1.0,74.0,0.0,74.0,0.0,0.0,0.0,1.0,74.0,0.0,74.0,0.0,0.0,0.0,1.0,74.0,0.0,74.0,0.0,0.0,0.0,1.0,74.0,0.0,74.0,0.0,0.0,0.0,1.0,74.0,0.0,74.0,0.0,0.0,0.0
1.0,60.0,0.0,1.0,60.0,0.0,1.0,60.0,0.0,1.0,60.0,0.0,1.0,60.0,0.0,1.0,60.0,0.0,1.0,60.0,0.0,1.0,60.0,0.0,1.0,60.0,0.0,1.0,60.0,0.0,1.0,60.0,0.0,60.0,0.0,0.0,0.0,1.0,60.0,0.0,60.0,0.0,0.0,0.0,1.0,60.0,0.0,60.0,0.0,0.0,0.0,1.0,60.0,0.0,60.0,0.0,0.0,0.0,1.0,60.0,0.0,60.0,0.0,0.0,0.0,1.0,1505913476.62465,0.0,1.0,1505913476.62465,0.0,1.0,1505913476.62465,0.0,1.0,1505913476.62465,0.0,1.0,1505913476.62465,0.0,1.0,60.0,0.0,60.0,0.0,0.0,0.0,1.0,60.0,0.0,60.0,0.0,0.0,0.0,1.0,60.0,0.0,60.0,0.0,0.0,0.0,1.0,60.0,0.0,60.0,0.0,0.0,0.0,1.0,60.0,0.0,60.0,0.0,0.0,0.0
1.0,60.0,0.0,1.0,60.0,0.0,1.0,60.0,0.0,1.0,60.0,0.0,1.0,60.0,0.0,1.0,60.0,0.0,1.0,60.0,0.0,1.0,60.0,0.0,1.0,60.0,0.0,1.0,60.0,0.0,1.0,60.0,0.0,60.0,0.0,0.0,0.0,1.0,60.0,0.0,60.0,0.0,0.0,0.0,1.0,60.0,0.0,60.0,0.0,0.0,0.0,1.0,60.0,0.0,60.0,0.0,0.0,0.0,1.0,60.0,0.0,60.0,0.0,0.0,0.0,1.0,1505913435.657993,0.0,1.0,1505913435.657993,0.0,1.0,1505913435.657993,0.0,1.0,1505913435.657993,0.0,1.0,1505913435.657993,0.0,1.0,60.0,0.0,60.0,0.0,0.0,0.0,1.0,60.0,0.0,60.0,0.0,0.0,0.0,1.0,60.0,0.0,60.0,0.0,0.0,0.0,1.0,60.0,0.0,60.0,0.0,0.0,0.0,1.0,60.0,0.0,60.0,0.0,0.0,0.0
1.0,60.0,0.0,1.0,60.0,0.0,1.0,60.0,0.0,1.0,60.0,0.0,1.0,60.0,0.0,1.0,60.0,0.0,1.0,60.0,0.0,1.0,60.0,0.0,1.0,60.0,0.0,1.0,60.0,0.0,1.0,60.0,0.0,60.0,0.0,0.0,0.0,1.0,60.0,0.0,60.0,0.0,0.0,0.0,1.0,60.0,0.0,60.0,0.0,0.0,0.0,1.0,60.0,0.0,60.0,0.0,0.0,0.0,1.0,60.0,0.0,60.0,0.0,0.0,0.0,1.0,1505913544.852781,0.0,1.0,1505913544.852781,0.0,1.0,1505913544.852781,0.0,1.0,1505913544.852781,0.0,1.0,1505913544.852781,0.0,1.0,60.0,0.0,60.0,0.0,0.0,0.0,1.0,60.0,0.0,60.0,0.0,0.0,0.0,1.0,60.0,0.0,60.0,0.0,0.0,0.0,1.0,60.0,0.0,60.0,0.0,0.0,0.0,1.0,60.0,0.0,60.0,0.0,0.0,0.0
1.0,60.0,0.0,1.0,60.0,0.0,1.0,60.0,0.0,1.0,60.0,0.0,1.0,60.0,0.0,1.0,60.0,0.0,1.0,60.0,0.0,1.0,60.0,0.0,1.0,60.0,0.0,1.0,60.0,0.0,1.0,60.0,0.0,60.0,0.0,0.0,0.0,1.0,60.0,0.0,60.0,0.0,0.0,0.0,1.0,60.0,0.0,60.0,0.0,0.0,0.0,1.0,60.0,0.0,60.0,0.0,0.0,0.0,1.0,60.0,0.0,60.0,0.0,0.0,0.0,1.0,1505913468.627089,0.0,1.0,1505913468.627089,0.0,1.0,1505913468.627089,0.0,1.0,1505913468.627089,0.0,1.0,1505913468.627089,0.0,1.0,60.0,0.0,60.0,0.0,0.0,0.0,1.0,60.0,0.0,60.0,0.0,0.0,0.0,1.0,60.0,0.0,60.0,0.0,0.0,0.0,1.0,60.0,0.0,60.0,0.0,0.0,0.0,1.0,60.0,0.0,60.0,0.0,0.0,0.0
149.05740218883983,74.2308866687356,57.8766449066934,257.62391219732706,74.40146284150542,99.76054858669067,751.8217358749008,74.58258514341381,232.13356847923117,6733.1180681221285,74.64053271000508,450.08875365562926,20212.428569174663,74.33729954233027,218.2938843064813,149.05740218883983,74.2308866687356,57.8766449066934,257.62391219732706,74.40146284150542,99.76054858669067,751.8217358749008,74.58258514341381,232.13356847923117,6733.1180681221285,74.64053271000508,450.08875365562926,20212.428569174663,74.33729954233027,218.2938843064813,148.8944059109403,73.99999999999997,1.6518123698891422e-06,95.2680429105164,5.6979679748754595e-12,5.729366793481981e-28,1.5508310265082792e-16,257.09332048865383,74.00000000000004,1.9073486328125e-06,95.26804291051646,5.144878968614994e-12,-2.049795982294376e-27,-5.634436292752984e-16,749.5416601969487,73.99999937485501,0.0029583821201646,95.26804242493144,8.752024768909953e-06,-6.461054818154736e-20,-2.290071647885824e-11,6711.321967826018,73.99896572708555,0.1203276816667135,95.26723953531142,0.0144787509752859,-1.4042803989311368e-17,-2.1302532080656053e-11,20150.795560475475,73.99830898431729,0.1538549963489241,95.26672941031676,0.0236713599015274,3.4376376149520755e-16,4.242271722388176e-10,148.8944059109403,0.0020002326129614,3.4209518054529536e-05,257.0933204886541,0.0019022635708875,2.896108858457232e-05,749.5416601969507,0.0020059977100755,247.33749510260844,6711.3219678260975,11021.497817951958,16597301347422.178,20150.795560474977,55288.24280304667,83256269604035.61,1.0,74.0,0.0,74.0,0.0,0.0,0.0,1.0,74.0,0.0,74.0,0.0,0.0,0.0,1.0,74.0,0.0,74.0,0.0,0.0,0.0,1.0,74.0,0.0,74.0,0.0,0.0,0.0,1.0,74.0,0.0,74.0,0.0,0.0,0.0
1.0,60.0,0.0,1.0,60.0,0.0,1.0,60.0,0.0,1.0,60.0,0.0,1.0,60.0,0.0,1.0,60.0,0.0,1.0,60.0,0.0,1.0,60.0,0.0,1.0,60.0,0.0,1.0,60.0,0.0,1.0,60.0,0.0,60.0,0.0,0.0,0.0,1.0,60.0,0.0,60.0,0.0,0.0,0.0,1.0,60.0,0.0,60.0,0.0,0.0,0.0,1.0,60.0,0.0,60.0,0.0,0.0,0.0,1.0,60.0,0.0,60.0,0.0,0.0,0.0,1.0,1505913565.20224,0.0,1.0,1505913565.20224,0.0,1.0,1505913565.20224,0.0,1.0,1505913565.20224,0.0,1.0,1505913565.20224,0.0,1.0,60.0,0.0,60.0,0.0,0.0,0.0,1.0,60.0,0.0,60.0,0.0,0.0,0.0,1.0,60.0,0.0,60.0,0.0,0.0,0.0,1.0,60.0,0.0,60.0,0.0,0.0,0.0,1.0,60.0,0.0,60.0,0.0,0.0,0.0
1.0,60.0,0.0,1.0,60.0,0.0,1.0,60.0,0.0,1.0,60.0,0.0,1.0,60.0,0.0,1.0,60.0,0.0,1.0,60.0,0.0,1.0,60.0,0.0,1.0,60.0,0.0,1.0,60.0,0.0,1.0,60.0,0.0,60.0,0.0,0.0,0.0,1.0,60.0,0.0,60.0,0.0,0.0,0.0,1.0,60.0,0.0,60.0,0.0,0.0,0.0,1.0,60.0,0.0,60.0,0.0,0.0,0.0,1.0,60.0,0.0,60.0,0.0,0.0,0.0,1.0,1505913444.73599,0.0,1.0,1505913444.73599,0.0,1.0,1505913444.73599,0.0,1.0,1505913444.73599,0.0,1.0,1505913444.73599,0.0,1.0,60.0,0.0,60.0,0.0,0.0,0.0,1.0,60.0,0.0,60.0,0.0,0.0,0.0,1.0,60.0,0.0,60.0,0.0,0.0,0.0,1.0,60.0,0.0,60.0,0.0,0.0,0.0,1.0,60.0,0.0,60.0,0.0,0.0,0.0
169.2688878462888,74.08521595753217,2.037921254851426,273.79943118762884,74.07187185676408,1.719791153021106,805.8091803634012,74.05244829190734,1.377627342329106,7077.867704854904,74.10891543820306,28.566823000648583,34953.905304305845,74.28087759584545,170.27739913174537,169.2688878462888,74.08521595753217,2.037921254851426,273.79943118762884,74.07187185676408,1.719791153021106,805.8091803634012,74.05244829190734,1.377627342329106,7077.867704854904,74.10891543820306,28.566823000648583,34953.905304305845,74.28087759584545,170.27739913174537,168.66787074181138,73.99999999911522,0.0001112860699011,95.2680429098292,1.2384589888370924e-08,-9.137538420099172e-23,-4.3048530219933444e-13,272.9794851921203,73.99999915539995,0.0034386642113379,95.26804225446844,1.182441155834081e-05,1.0566461818919253e-19,9.715013090869437e-12,804.0469738324404,73.99955700623137,0.078750977737521,95.26769881296852,0.0062017164946155,6.616876965071943e-17,4.709371985498993e-10,7057.865670406633,73.9982433988031,0.1568098565296035,95.266678466862,0.0245893311048348,2.0669521702928155e-16,2.6356675885074156e-10,34847.56816586727,73.99828181805077,0.1550857671449293,95.26670830895516,0.0240515951709312,1.5164191327362875e-16,9.226006306222128e-11,168.66787074181133,0.0017551952121594,2.45445145143506e-05,272.97948519212,0.0017929691498745,2.8358587496973333e-05,804.0469738324432,0.001805824079939,3.106703034340495e-05,7057.865670406751,351.15720435334833,528809450263.0403,34847.5681658658,22764.86304139916,34281412108074.41,1.0,74.0,0.0,95.26804291051644,0.0,0.0,0.0,1.0,74.0,0.0,95.26804291051644,0.0,0.0,0.0,1.0,74.0,0.0,95.26804291051644,0.0,0.0,0.0,1.0208005674275618,74.00000000000001,1.3486991523486091e-06,95.26804291051644,1.8189894035458565e-12,0.0,0.0,1.6789026724455254,74.0,0.0,95.26804291051644,0.0,0.0,0.0
1.0,60.0,0.0,1.0,60.0,0.0,1.0,60.0,0.0,1.0,60.0,0.0,1.0,60.0,0.0,1.0,60.0,0.0,1.0,60.0,0.0,1.0,60.0,0.0,1.0,60.0,0.0,1.0,60.0,0.0,1.0,60.0,0.0,60.0,0.0,0.0,0.0,1.0,60.0,0.0,60.0,0.0,0.0,0.0,1.0,60.0,0.0,60.0,0.0,0.0,0.0,1.0,60.0,0.0,60.0,0.0,0.0,0.0,1.0,60.0,0.0,60.0,0.0,0.0,0.0,1.0,1505913461.3744118,0.0,1.0,1505913461.3744118,0.0,1.0,1505913461.3744118,0.0,1.0,1505913461.3744118,0.0,1.0,1505913461.3744118,0.0,1.0,60.0,0.0,60.0,0.0,0.0,0.0,1.0,60.0,0.0,60.0,0.0,0.0,0.0,1.0,60.0,0.0,60.0,0.0,0.0,0.0,1.0,60.0,0.0,60.0,0.0,0.0,0.0,1.0,60.0,0.0,60.0,0.0,0.0,0.0
89.45475974716845,389.3319104690831,54230.45235384544,160.6294899541916,354.4074091175663,58761.35172909331,503.30927361770864,336.1925144794293,60151.99233317564,5028.469513032607,335.44672757651773,60193.68914079993,29468.00847487765,336.2039759420137,60151.7377417496,89.45475974716845,389.3319104690831,54230.45235384544,160.6294899541916,354.4074091175663,58761.35172909331,503.30927361770864,336.1925144794293,60151.99233317564,5028.469513032607,335.44672757651773,60193.68914079993,29468.00847487765,336.2039759420137,60151.7377417496,59.63624715136808,554.0,1.3214498959113138e-05,554.0,1.7462298274040222e-10,0.0,0.0,95.72964582385195,553.9999999999999,7.62939453125e-06,553.9999999999999,5.820766091346741e-11,0.0,0.0,281.3863073450893,553.9999999999616,0.0001354083202308,553.9999999999616,1.833541318774224e-08,0.0,0.0,2803.751479005408,553.9839812731253,2.8130045283987606,553.9839812731253,7.912994476791938,0.0,0.0,16477.763357812957,553.932291825108,5.78301426623989,553.932291825108,33.443254003534086,0.0,0.0,59.63624715136808,0.0049442767582456,3.927956956975922e-05,95.72964582385195,0.0051061178708369,5.672570119597097e-05,281.3863073450893,0.0051682228749998,9.482600600301632e-05,2803.751479005408,80.54650623811122,121428918512.35889,16477.763357812957,37927.178387635584,57179817309748.27,59.63624715136808,554.0,1.3214498959113138e-05,554.0,1.7462298274040222e-10,0.0,0.0,95.72964582385195,553.9999999999999,7.62939453125e-06,553.9999999999999,5.820766091346741e-11,0.0,0.0,281.3863073450672,553.9999999999994,1.3214498959113138e-05,553.9999999999994,1.7462298274040222e-10,0.0,0.0,2803.660562954464,554.0,7.62939453125e-06,554.0,5.820766091346741e-11,0.0,0.0,16475.504897725492,553.9999999999986,4.640779518354965e-05,553.9999999999986,2.153683453798294e-09,0.0,0.0
194.75981434650657,74.01756430995377,0.5106675681117849,306.5660655174434,74.02314671534755,0.7780536745412974,865.3984951006598,74.02914118440509,1.0444549587537042,7344.847375748004,74.07272671069346,12.76302016866066,15710.150991039174,74.08412033627742,17.409336425482252,194.75981434650657,74.01756430995377,0.5106675681117849,306.5660655174434,74.02314671534755,0.7780536745412974,865.3984951006598,74.02914118440509,1.0444549587537042,7344.847375748004,74.07272671069346,12.76302016866066,15710.150991039174,74.08412033627742,17.409336425482252,194.5981815509228,73.99764455482223,0.1815783147406486,95.26621331648386,0.032970684384054,1.4449826226640983e-16,3.731758703595712e-10,306.1954152265023,73.99412267647551,0.2867890974376976,95.2634777375952,0.0822479864091292,-8.604600954251122e-17,-1.0486891041554672e-10,864.0566583471591,73.99182283744713,0.3382505133011953,95.26169139170362,0.1144134097485221,-7.098469775092447e-16,-4.4010487790506086e-10,7326.405652284459,73.99752035737399,0.1863031080263843,95.26611684665194,0.0347088480602906,-1.6582731612506582e-16,-2.061384254582861e-10,15665.505363092218,73.99760514565033,0.1830907574967608,95.26618270557286,0.0335222254807376,3.7889977194949775e-16,3.777468624109913e-10,194.59818155092265,0.0015220197221931,2.1730407636664665e-05,306.1954152265023,0.0015972800418716,2.417304180976322e-05,864.0566583471613,0.0038284633538018,3235275.13849303,7326.405652284488,26423.753387058736,39791194735049.56,15665.505363092032,78300.44896002638,117907595065412.34,1.0,74.0,0.0,74.0,0.0,0.0,0.0,1.0,74.0,0.0,74.0,0.0,0.0,0.0,1.0,74.0,0.0,74.0,0.0,0.0,0.0,1.0,74.0,0.0,74.0,0.0,0.0,0.0,1.0,74.0,0.0,74.0,0.0,0.0,0.0
1.0,60.0,0.0,1.0,60.0,0.0,1.0,60.0,0.0,1.0,60.0,0.0,1.0,60.0,0.0,1.0,60.0,0.0,1.0,60.0,0.0,1.0,60.0,0.0,1.0,60.0,0.0,1.0,60.0,0.0,1.0,60.0,0.0,60.0,0.0,0.0,0.0,1.0,60.0,0.0,60.0,0.0,0.0,0.0,1.0,60.0,0.0,60.0,0.0,0.0,0.0,1.0,60.0,0.0,60.0,0.0,0.0,0.0,1.0,60.0,0.0,60.0,0.0,0.0,0.0,1.0,1505913459.4706929,0.0,1.0,1505913459.4706929,0.0,1.0,1505913459.4706929,0.0,1.0,1505913459.4706929,0.0,1.0,1505913459.4706929,0.0,1.0,60.0,0.0,60.0,0.0,0.0,0.0,1.0,60.0,0.0,60.0,0.0,0.0,0.0,1.0,60.0,0.0,60.0,0.0,0.0,0.0,1.0,60.0,0.0,60.0,0.0,0.0,0.0,1.0,60.0,0.0,60.0,0.0,0.0,0.0
57.10845833583002,60.01120925451804,0.5379185660899566,75.53271420680515,60.04765756021315,2.2852767868994306,212.5017470487545,60.09621087171176,4.57730814651859,2258.962059565057,60.03267067030136,1.2694578242758323,22464.405678192965,60.021462194709294,0.7499428744886245,57.10845833583002,60.01120925451804,0.5379185660899566,75.53271420680515,60.04765756021315,2.2852767868994306,212.5017470487545,60.09621087171176,4.57730814651859,2258.962059565057,60.03267067030136,1.2694578242758323,22464.405678192965,60.021462194709294,0.7499428744886245,1.0,60.0,0.0,60.0,0.0,0.0,0.0,1.0,60.0,0.0,60.0,0.0,0.0,0.0,1.0,60.0,0.0,60.0,0.0,0.0,0.0,1.0,60.0,0.0,60.0,0.0,0.0,0.0,1.0,60.0,0.0,60.0,0.0,0.0,0.0,1.0,1507653569.670231,0.0,1.0,1507653569.670231,0.0,1.0,1507653569.670231,0.0,1.0,1507653569.670231,0.0,1.0,1507653569.670231,0.0,1.0,60.0,0.0,60.0,0.0,0.0,0.0,1.0,60.0,0.0,60.0,0.0,0.0,0.0,1.0,60.0,0.0,60.0,0.0,0.0,0.0,1.0,60.0,0.0,60.0,0.0,0.0,0.0,1.0,60.0,0.0,60.0,0.0,0.0,0.0
153.7176655030527,74.0324474933946,0.7784243170535774,265.6949928755474,74.0391508836731,1.0444149416343862,828.3974316987927,74.1611864696254,94.3435960073848,6984.963306698779,74.8413619147294,625.9991846301638,16874.67711041376,74.66702534922567,483.6397659585991,153.7176655030527,74.0324474933946,0.7784243170535774,265.6949928755474,74.0391508836731,1.0444149416343862,828.3974316987927,74.1611864696254,94.3435960073848,6984.963306698779,74.8413619147294,625.9991846301638,16874.67711041376,74.66702534922567,483.6397659585991,153.50824762360412,73.99999999567306,0.0002461108046158,95.26804290715548,6.057052883149781e-08,-1.2255593978118168e-22,-1.6512148949870538e-13,265.21140139626993,73.99999787064567,0.0054599414619913,95.2680412565282,2.981096076837364e-05,6.744414444601057e-20,4.579427450819689e-12,825.2271669116162,73.99941817565295,0.0902507747213318,95.26759097581493,0.0081452023378005,-3.1986473124272704e-17,-1.0728146819772271e-10,6953.8038026219565,73.99813129150121,0.1617356699993316,95.26659138771709,0.0261584269501327,7.9973209203082e-17,2.0336768593450486e-10,16809.970713964183,73.99786240943831,0.1729788963546587,95.26638253427149,0.0299216985840757,-1.2025892876978509e-15,-2.198000464071737e-09,153.50824762360432,0.0019293521543592,2.599807720301094e-05,265.21140139627005,0.0018383664737782,2.121743047590493e-05,825.2271669116193,0.0017669302605456,17114.38190074119,6953.803802622035,16406.32469908007,24706247265274.727,16809.970713963892,69211.24495027753,104221411895510.72,1.0,74.0,0.0,74.0,0.0,0.0,0.0,1.0,74.0,0.0,74.0,0.0,0.0,0.0,1.0,74.0,0.0,74.0,0.0,0.0,0.0,1.0,74.0,0.0,74.0,0.0,0.0,0.0,1.0,74.0,0.0,74.0,0.0,0.0,0.0
68.23715111286603,60.00329920878601,0.0395877094938441,85.18827635875613,60.01345174864144,0.1624316927659492,205.4164193757893,60.04488119048065,0.6329026007915672,2024.2650848691728,60.08986453768271,1.510465461388776,19901.70711805956,60.09781598185333,1.6991359060612012,68.23715111286603,60.00329920878601,0.0395877094938441,85.18827635875613,60.01345174864144,0.1624316927659492,205.4164193757893,60.04488119048065,0.6329026007915672,2024.2650848691728,60.08986453768271,1.510465461388776,19901.70711805956,60.09781598185333,1.6991359060612012,1.0,60.0,0.0,60.0,0.0,0.0,0.0,1.0,60.0,0.0,60.0,0.0,0.0,0.0,1.0,60.0,0.0,60.0,0.0,0.0,0.0,1.0,60.0,0.0,60.0,0.0,0.0,0.0,1.0,60.0,0.0,60.0,0.0,0.0,0.0,1.0,1507653651.3233788,0.0,1.0,1507653651.3233788,0.0,1.0,1507653651.3233788,0.0,1.0,1507653651.3233788,0.0,1.0,1507653651.3233788,0.0,1.0,60.0,0.0,60.0,0.0,0.0,0.0,1.0,60.0,0.0,60.0,0.0,0.0,0.0,1.0,60.0,0.0,60.0,0.0,0.0,0.0,1.0,60.0,0.0,60.0,0.0,0.0,0.0,1.0,60.0,0.0,60.0,0.0,0.0,0.0
112.49988393495968,504.36820775822815,22053.621791522743,198.0099181687334,463.7499683284954,36435.15729560104,631.6734320568596,411.74937756510735,50031.45738057228,6339.19927118502,384.8312509268288,54948.36191583544,34483.0199834754,382.5373040662748,55299.99548740065,112.49988393495968,504.36820775822815,22053.621791522743,198.0099181687334,463.7499683284954,36435.15729560104,631.6734320568596,411.74937756510735,50031.45738057228,6339.19927118502,384.8312509268288,54948.36191583544,34483.0199834754,382.5373040662748,55299.99548740065,101.19655322671684,553.9999999999999,1.3214498959113138e-05,553.9999999999999,1.7462298274040222e-10,0.0,0.0,161.83226337618206,553.9999999999994,2.412626388678268e-05,553.9999999999994,5.820766091346742e-10,0.0,0.0,449.7652104402349,553.9999625008896,0.1361049544749734,553.9999625008896,0.0185245586326345,0.0,0.0,4168.652572119951,553.9557452222547,4.675457380873759,553.9557452222547,21.859901720366903,0.0,0.0,22515.849051656613,553.9554552011117,4.690751156338065,553.9554552011117,22.003146410686888,0.0,0.0,101.19655322671684,0.0028994754978948,2.145334791935177e-05,161.83226337618206,0.0030136944557436,3.372989304363853e-05,449.7652104402349,0.0032286901742775,5.159448047616106e-05,4168.652572119951,150.79636705701574,227343792649.929,22515.849051656613,30748.320278916104,46356936569088.14,1.0,554.0,0.0,554.0,0.0,0.0,0.0,1.0,554.0,0.0,554.0,0.0,0.0,0.0,1.0,554.0,0.0,554.0,0.0,0.0,0.0,1.0,554.0,0.0,554.0,0.0,0.0,0.0,1.0,554.0,0.0,554.0,0.0,0.0,0.0
1.0,60.0,0.0,1.0,60.0,0.0,1.0,60.0,0.0,1.0,60.0,0.0,1.0,60.0,0.0,1.0,60.0,0.0,1.0,60.0,0.0,1.0,60.0,0.0,1.0,60.0,0.0,1.0,60.0,0.0,1.0,60.0,0.0,60.0,0.0,0.0,0.0,1.0,60.0,0.0,60.0,0.0,0.0,0.0,1.0,60.0,0.0,60.0,0.0,0.0,0.0,1.0,60.0,0.0,60.0,0.0,0.0,0.0,1.0,60.0,0.0,60.0,0.0,0.0,0.0,1.0,1505913473.116982,0.0,1.0,1505913473.116982,0.0,1.0,1505913473.116982,0.0,1.0,1505913473.116982,0.0,1.0,1505913473.116982,0.0,1.0,60.0,0.0,60.0,0.0,0.0,0.0,1.0,60.0,0.0,60.0,0.0,0.0,0.0,1.0,60.0,0.0,60.0,0.0,0.0,0.0,1.0,60.0,0.0,60.0,0.0,0.0,0.0,1.0,60.0,0.0,60.0,0.0,0.0,0.0
1.0,60.0,0.0,1.0,60.0,0.0,1.0,60.0,0.0,1.0,60.0,0.0,1.0,60.0,0.0,1.0,60.0,0.0,1.0,60.0,0.0,1.0,60.0,0.0,1.0,60.0,0.0,1.0,60.0,0.0,1.0,60.0,0.0,60.0,0.0,0.0,0.0,1.0,60.0,0.0,60.0,0.0,0.0,0.0,1.0,60.0,0.0,60.0,0.0,0.0,0.0,1.0,60.0,0.0,60.0,0.0,0.0,0.0,1.0,60.0,0.0,60.0,0.0,0.0,0.0,1.0,1505913457.177507,0.0,1.0,1505913457.177507,0.0,1.0,1505913457.177507,0.0,1.0,1505913457.177507,0.0,1.0,1505913457.177507,0.0,1.0,60.0,0.0,60.0,0.0,0.0,0.0,1.0,60.0,0.0,60.0,0.0,0.0,0.0,1.0,60.0,0.0,60.0,0.0,0.0,0.0,1.0,60.0,0.0,60.0,0.0,0.0,0.0,1.0,60.0,0.0,60.0,0.0,0.0,0.0
6.541983338469594,74.15663008322463,5.086180637344113,12.551061727499654,74.42599500044732,42.14879128486336,96.6890783805056,75.18404556203754,474.24013444334383,1114.807228891744,77.55162628036567,2461.7740432172404,8479.342131006932,76.65795331284997,1695.8967547087714,6.541983338469594,74.15663008322463,5.086180637344113,12.551061727499654,74.42599500044732,42.14879128486336,96.6890783805056,75.18404556203754,474.24013444334383,1114.807228891744,77.55162628036567,2461.7740432172404,8479.342131006932,76.65795331284997,1695.8967547087714,1.0000300519872236,73.99999999999999,1.3486991523486091e-06,73.99999999999999,1.8189894035458565e-12,0.0,0.0,1.0019351913642025,74.0,9.5367431640625e-07,74.0,9.094947017729282e-13,0.0,0.0,1.1246162387940577,74.0,0.0,74.0,0.0,0.0,0.0,1.812002682404537,74.0,9.5367431640625e-07,74.0,9.094947017729282e-13,0.0,0.0,1.979390182716678,74.0,0.0,74.0,0.0,0.0,0.0,1.0000300519872236,45257.324579125576,68147023901668.15,1.0019351913642025,2908604.258927307,4371640662583385.5,1.1246162387940577,166866899.79395297,2.2344247839304173e+17,1.812002682404537,674836446.9009135,5.6084079015882246e+17,1.979390182716678,745116596.3296688,5.668820736068275e+17,1.0000300519872236,73.99999999999999,1.3486991523486091e-06,73.99999999999999,1.8189894035458565e-12,0.0,0.0,1.0019351913642025,74.0,9.5367431640625e-07,74.0,9.094947017729282e-13,0.0,0.0,1.1246162387940577,74.0,0.0,74.0,0.0,0.0,0.0,1.812002682404537,74.0,9.5367431640625e-07,74.0,9.094947017729282e-13,0.0,0.0,1.979390182716678,74.0,0.0,74.0,0.0,0.0,0.0
1.0,60.0,0.0,1.0,60.0,0.0,1.0,60.0,0.0,1.0,60.0,0.0,1.0,60.0,0.0,1.0,60.0,0.0,1.0,60.0,0.0,1.0,60.0,0.0,1.0,60.0,0.0,1.0,60.0,0.0,1.0,60.0,0.0,60.0,0.0,0.0,0.0,1.0,60.0,0.0,60.0,0.0,0.0,0.0,1.0,60.0,0.0,60.0,0.0,0.0,0.0,1.0,60.0,0.0,60.0,0.0,0.0,0.0,1.0,60.0,0.0,60.0,0.0,0.0,0.0,1.0,1505913562.732989,0.0,1.0,1505913562.732989,0.0,1.0,1505913562.732989,0.0,1.0,1505913562.732989,0.0,1.0,1505913562.732989,0.0,1.0,60.0,0.0,60.0,0.0,0.0,0.0,1.0,60.0,0.0,60.0,0.0,0.0,0.0,1.0,60.0,0.0,60.0,0.0,0.0,0.0,1.0,60.0,0.0,60.0,0.0,0.0,0.0,1.0,60.0,0.0,60.0,0.0,0.0,0.0
159.73468552672992,245.27578155160813,57199.12085693506,239.45269120747983,297.56565779785234,60919.99318681384,655.544810609518,355.66428358412367,58640.73317195722,6492.533332207274,382.22184944294366,55347.64225457238,48654.69621412421,382.7812855569285,55262.91053746687,159.73468552672992,245.27578155160813,57199.12085693506,239.45269120747983,297.56565779785234,60919.99318681384,655.544810609518,355.66428358412367,58640.73317195722,6492.533332207274,382.22184944294366,55347.64225457238,48654.69621412421,382.7812855569285,55262.91053746687,1.0,60.0,0.0,60.0,0.0,0.0,0.0,1.0,60.0,0.0,60.0,0.0,0.0,0.0,1.0,60.0,0.0,60.0,0.0,0.0,0.0,1.0,60.0,0.0,60.0,0.0,0.0,0.0,1.0,60.0,0.0,60.0,0.0,0.0,0.0,1.0,1507656130.611347,0.0,1.0,1507656130.611347,0.0,1.0,1507656130.611347,0.0,1.0,1507656130.611347,0.0,1.0,1507656130.611347,0.0,1.0,60.0,0.0,60.0,0.0,0.0,0.0,1.0,60.0,0.0,60.0,0.0,0.0,0.0,1.0,60.0,0.0,60.0,0.0,0.0,0.0,1.0,60.0,0.0,60.0,0.0,0.0,0.0,1.0,60.0,0.0,60.0,0.0,0.0,0.0
1.0,60.0,0.0,1.0,60.0,0.0,1.0,60.0,0.0,1.0,60.0,0.0,1.0,60.0,0.0,1.0,60.0,0.0,1.0,60.0,0.0,1.0,60.0,0.0,1.0,60.0,0.0,1.0,60.0,0.0,1.0,60.0,0.0,60.0,0.0,0.0,0.0,1.0,60.0,0.0,60.0,0.0,0.0,0.0,1.0,60.0,0.0,60.0,0.0,0.0,0.0,1.0,60.0,0.0,60.0,0.0,0.0,0.0,1.0,60.0,0.0,60.0,0.0,0.0,0.0,1.0,1505913427.12052,0.0,1.0,1505913427.12052,0.0,1.0,1505913427.12052,0.0,1.0,1505913427.12052,0.0,1.0,1505913427.12052,0.0,1.0,60.0,0.0,60.0,0.0,0.0,0.0,1.0,60.0,0.0,60.0,0.0,0.0,0.0,1.0,60.0,0.0,60.0,0.0,0.0,0.0,1.0,60.0,0.0,60.0,0.0,0.0,0.0,1.0,60.0,0.0,60.0,0.0,0.0,0.0
147.6590504052594,74.14935105550491,3.562119594336764,249.06704339687727,74.10221611795428,2.4427386961551747,772.3785320722078,74.05988315310336,1.4345780394451142,7379.855291367432,74.08270416417271,17.271363302353166,37036.05421910848,74.25691294627836,153.16887057815984,147.6590504052594,74.14935105550491,3.562119594336764,249.06704339687727,74.10221611795428,2.4427386961551747,772.3785320722078,74.05988315310336,1.4345780394451142,7379.855291367432,74.08270416417271,17.271363302353166,37036.05421910848,74.25691294627836,153.16887057815984,146.74017394555622,73.99999999999993,2.132480599880018e-06,95.26804291051636,7.103380699760832e-12,9.084313922032894e-28,1.8236073447729703e-16,248.0062656349401,73.99999999999949,4.264961199760036e-06,95.26804291051602,1.846632631372536e-11,-1.1036511815512191e-26,-1.4503827942530061e-15,770.4513367342362,73.99999647170172,0.0070282399006121,95.2680401698905,4.939615610055636e-05,1.4217008542958336e-19,1.1337767277594584e-11,7361.866546202712,73.99896575895477,0.1203258284485338,95.26723956006572,0.014478304991826,9.121089995943764e-17,3.004268703537532e-10,36927.92504796385,73.9984557662583,0.1470268267035164,95.26684342304432,0.0216168877705058,3.504248272332198e-16,2.925073391477341e-10,146.74017394555597,0.0020564903620713,5.290325845543124e-05,248.00626563493967,0.0019872459581143,4.503933560196989e-05,770.4513367342386,0.0018857014735977,3.513221109004455e-05,7361.866546202801,206.7529749478061,311349264705.356,36927.92504796232,20460.1555489938,30810819726477.453,1.0,74.0,0.0,95.26804291051644,0.0,0.0,0.0,1.0,74.0,0.0,95.26804291051644,0.0,0.0,0.0,1.0,74.0,0.0,95.26804291051644,0.0,0.0,0.0,1.0202280433628277,74.0,9.5367431640625e-07,95.26804291051644,9.094947017729282e-13,0.0,0.0,1.6770104738556144,73.99999999999999,9.5367431640625e-07,95.26804291051644,9.094947017729282e-13,0.0,0.0
