1.000000002,66.00000005,4.65e-06,1.000007522,66.00025678,0.023110374,1.035974764,67.23216486,109.3766071,7.465812648,75.35205814,724.9296254,95.68907354,71.47085617,390.5816869,1.000000002,66.00000005,4.65e-06,1.000007522,66.00025678,0.023110374,1.035974764,67.23216486,109.3766071,7.465812648,75.35205814,724.9296254,95.68907354,71.47085617,390.5816869,1.000000002,66.00000005,0.002156161,136.0771504,0.000723205,-1.47e-12,-2.54e-08,1.000007516,66.00025678,0.152020965,136.0664707,0.286023578,-2.71e-06,-3.34e-05,1.034187739,67.23429398,10.46723347,133.3013141,151.3129561,-2.631675124,-0.024610917,6.427145239,76.65293641,28.73820805,125.3325961,866.8570288,151.8703911,0.325643816,76.80511564,72.17529238,21.69647759,118.1850844,665.6046491,58.99422713,0.125345337,1.000000002,5.903738967,4.4e-08,1.000007516,5.903706902,0.000160956,1.034187739,5.771415723,0.645491376,6.427145239,2.749995916,9.421451163,76.80511564,1.982213579,800.48819,1.0,66.0,0.0,122.3315168,0.0,-7.050000000000001e-192,0.0,1.000000001,66.0,0.0,122.3315168,1.82e-12,-3.81e-114,0.0,1.000932811,66.0,9.54e-07,122.3315168,1.41e-09,-3.42e-27,-9.54e-17,2.066608433,66.19298812,1.50950754,121.3688989,45.45033488,-0.249395676,-0.024522138,19.79021207,66.48721537,2.784946265,116.0242003,377.260852,3.092885606,0.057183675
1.0,102.0,2.55e-11,1.000000006,101.9999997,1.06e-05,1.002932692,101.8788751,5.06582202,2.88951396,85.25491096,400.8410923,28.93370674,91.12373418,313.2863395,1.0,102.0,2.55e-11,1.000000006,101.9999997,1.06e-05,1.002932692,101.8788751,5.06582202,2.88951396,85.25491096,400.8410923,28.93370674,91.12373418,313.2863395,1.0,102.0,0.0,144.2497834,0.0,0.0,0.0,1.0,102.0,0.0,144.2497834,0.0,0.0,0.0,1.0,102.0,1.91e-06,144.2497834,4.07e-12,1.47e-39,5.71e-28,1.071603152,102.0,0.0,144.2497834,0.0,1.2999999999999999e-46,0.0,4.219206459,102.0,0.0,144.2497834,5.46e-12,8.77e-28,0.0,1.0,39.03801203,0.0,1.0,39.03801203,0.0,1.0,39.03801203,0.0,1.071603152,39.03604036,6e-05,4.219206459,39.02666808,0.003409775,1.0,102.0,0.0,144.2497834,0.0,0.0,0.0,1.0,102.0,0.0,144.2497834,0.0,0.0,0.0,1.0,102.0,1.91e-06,144.2497834,4.07e-12,1.47e-39,5.71e-28,1.071603152,102.0,0.0,144.2497834,0.0,1.2999999999999999e-46,0.0,4.219206459,102.0,0.0,144.2497834,5.46e-12,8.77e-28,0.0
1.981130005,66.0,4.96e-10,1.988847616,65.99999862,8.3e-06,2.075849014,65.97871894,0.148492019,10.37906196,69.29482041,201.0644938,96.8132605,73.64825679,3325.755282,1.981130005,66.0,4.96e-10,1.988847616,65.99999862,8.3e-06,2.075849014,65.97871894,0.148492019,10.37906196,69.29482041,201.0644938,96.8132605,73.64825679,3325.755282,1.981129248,66.0,1.35e-06,122.3315168,1.82e-12,-7.63e-41,0.0,1.988634618,66.0,9.54e-07,122.3315168,6.4e-09,-1.8000000000000002e-29,-2.36e-19,2.008263023,66.00000676,0.024673786,122.3290263,0.109643516,-3.71e-08,-4.55e-06,7.120064766,69.00352254,16.1646491,121.7718847,286.4002274,-4.211222871,-0.024058569,71.30854703,72.17522841,27.00530145,125.5116558,4459.899803,53.29040785,0.029749532,1.981129248,3.956564597,15.91119147,1.988634618,3.971762651,15.91211496,2.008263023,3.971590137,15.87928098,7.120064766,2.497037904,9.597525479,71.30854703,238056.2981,365179000000000.0,1.0,66.0,0.0,122.3315168,0.0,-2.81e-65,0.0,1.000000061,66.0,0.0,122.3315168,1.82e-12,1.05e-44,0.0,1.003947804,66.0,0.0,122.3315168,0.0,6.159999999999999e-48,0.0,2.325481667,66.0,0.0,122.3315168,3.64e-12,4.26e-15,0.0,18.26464596,66.42330803,8.758746049,125.2601003,3912.312274,322.6474946,0.588994665
1.049801509,151.7304922,366.0270087,1.316638617,134.3558895,1479.502428,3.417972185,92.42375466,1679.923107,13.51044108,80.77008745,1102.805972,107.1875094,75.63968274,756.410576,1.049801509,151.7304922,366.0270087,1.316638617,134.3558895,1479.502428,3.417972185,92.42375466,1679.923107,13.51044108,80.77008745,1102.805972,107.1875094,75.63968274,756.410576,1.019803402,154.2523041,12.41926681,171.6507044,300.2643633,-0.311101301,-0.001560681,1.194667696,141.3347597,33.23856728,161.7452211,1146.942688,-15.95318823,-0.027346446,2.92202922,96.90854044,42.73676131,127.2915635,1857.794022,-153.1009608,-0.194305234,11.5270409,83.15127405,35.34753829,121.0481503,1306.680706,-125.7745108,-0.181939741,84.91827402,77.74213702,30.32860902,118.009257,992.3783566,-19.95335686,-0.03408905,1.019803402,1.632346401,0.11372257,1.194667696,1.546842175,0.94910457,2.92202922,1.257573522,3.723819454,11.5270409,1.473855278,5.096413794,84.91827402,1.736459145,8.002668691,1.0,156.0,8.8e-05,181.3629326,702.249998,-1.47e-09,-6.29e-07,1.000000103,155.9999945,0.022301649,181.3626312,702.2499993,-0.000113686,-0.000192364,1.007452464,155.6475631,5.620952772,180.9935912,702.9439278,-8.565785478,-0.05750644,3.059083235,130.6283289,40.49356374,154.6100403,1748.249178,-188.9066806,-0.18945159,22.97055549,109.3844519,44.9709907,134.2238836,2079.881742,-19.5807208,-0.019757808
1.032338959,60.0,5.78e-11,1.143110817,60.00000051,1.52e-05,2.01133065,60.08809359,5.57910568,29.34546692,112.8503148,28980.28692,170.6401894,128.6781999,34965.09537,1.032338959,60.0,5.78e-11,1.143110817,60.00000051,1.52e-05,2.01133065,60.08809359,5.57910568,29.34546692,112.8503148,28980.28692,170.6401894,128.6781999,34965.09537,1.032338959,60.0,6.74e-07,60.0,4.55e-13,0.0,0.0,1.143110798,60.0,0.0,60.0,0.0,0.0,0.0,2.005665638,60.0,0.0,60.0,0.0,0.0,0.0,14.48153761,60.0,0.0,60.0,0.0,0.0,0.0,45.80348683,60.0,1.35e-06,60.0,1.82e-12,0.0,0.0,1.032338959,0.999300866,4.87e-07,1.143110798,0.999279571,2.35e-05,2.005665638,0.996307052,0.001078279,14.48153761,3.902530656,5255.617874,45.80348683,28.25314053,48831.54508,1.032338959,60.0,6.74e-07,60.0,4.55e-13,0.0,0.0,1.143110798,60.0,0.0,60.0,0.0,0.0,0.0,2.005665638,60.0,0.0,60.0,0.0,0.0,0.0,14.48153761,60.0,0.0,60.0,0.0,0.0,0.0,45.80348843,60.0,2.34e-06,60.0,5.46e-12,0.0,0.0
1.000238848,66.0,0.0,1.011928091,66.0,5e-11,1.641920156,66.00057068,0.009196647,10.57242492,68.34787022,153.3045827,102.0576735,70.42067012,345.2935061,1.000238848,66.0,0.0,1.011928091,66.0,5e-11,1.641920156,66.00057068,0.009196647,10.57242492,68.34787022,153.3045827,102.0576735,70.42067012,345.2935061,1.000237545,66.0,1.35e-06,105.2727764,336.0716609,-3.87e-17,-1.57e-12,1.011633608,66.0,0.0,106.0447913,340.0089864,1.15e-17,0.0,1.575266247,66.00000111,0.009289886,106.9381695,342.121449,3.19e-06,1.86e-05,8.504084087,68.2610841,13.38248776,113.8597489,384.8996939,39.38339208,0.159438186,77.37948302,71.39902208,20.83456093,117.1630667,553.9694992,80.43365898,0.208095486,1.000237545,2.777551752,0.001672486,1.011633608,2.759774201,0.080394117,1.575266247,2.229980889,2.248163085,8.504084087,1.938613884,3.947172809,77.37948302,626.2544258,940172000000.0,1.0,66.0,0.0,93.33809512,0.0,-5.010000000000001e-43,0.0,1.0,66.0,0.0,93.33809513,1.3e-06,-1.64e-24,0.0,1.000029756,66.00000175,0.011659526,93.38343178,3.393107416,-4.2e-06,-0.000195768,2.104904822,75.13506828,25.70517637,115.0905977,943.8334846,42.16192089,0.063180421,20.49290778,86.32537205,36.54120659,122.9586384,1497.269873,34.12067823,0.035876134
1.681450746,72.53174601,68.52831886,1.842588088,73.9306459,142.4098464,2.578503381,81.47401437,728.5130409,11.86833809,74.74978027,611.0307239,105.4875075,71.53606269,390.3462856,1.681450746,72.53174601,68.52831886,1.842588088,73.9306459,142.4098464,2.578503381,81.47401437,728.5130409,11.86833809,74.74978027,611.0307239,105.4875075,71.53606269,390.3462856,1.676933237,72.4587731,7.850135007,109.4270244,61.62461963,-4.07e-06,-0.000140216,1.791307169,73.06768864,7.945489006,109.8306586,63.13079651,-0.003479356,-0.004160501,1.956707791,73.56315798,7.988064162,109.758045,64.35823374,-2.558891732,-0.110601264,3.316829974,71.44294041,7.580319831,103.0560749,85.95504207,5.352784563,0.088319184,18.95805404,70.34014254,7.05454658,100.2453099,75.93146426,5.926753749,0.110939473,1.676933237,2.030331463,5.432974215,1.791307169,2.211398639,5.568628055,1.956707791,2.6006704,8.096774834,3.316829974,6.246111096,33.29325283,18.95805404,7.924354402,30.61867531,1.676933237,72.4587731,7.850135007,109.4270244,61.62461963,-4.07e-06,-0.000140216,1.791307169,73.06768864,7.945489006,109.8306586,63.13079651,-0.003479356,-0.004160501,1.956707791,73.56315798,7.988064162,109.758045,64.35823374,-2.558891732,-0.110601264,3.316829974,71.44294041,7.580319831,103.0560749,85.95504207,5.352784563,0.088319184,18.95805404,70.34014254,7.05454658,100.2453099,75.93146426,5.926753749,0.110939473
1.403249451,60.00000005,1.34e-05,1.579890532,60.0003988,0.107675695,1.854956709,63.06470911,818.0790183,3.747108474,170.9742089,17647.76136,20.56947842,217.4782073,17719.7302,1.403249451,60.00000005,1.34e-05,1.579890532,60.0003988,0.107675695,1.854956709,63.06470911,818.0790183,3.747108474,170.9742089,17647.76136,20.56947842,217.4782073,17719.7302,1.40324945,60.0,0.0,84.85281374,4.55e-13,0.0,0.0,1.579888199,60.0,9.54e-07,84.85281374,9.09e-13,0.0,0.0,1.833901513,60.0,6.74e-07,84.85281374,6.43e-13,1.0299999999999999e-74,2.26e-62,2.175048724,60.0,6.74e-07,84.85281374,4.55e-13,3.16e-45,0.0,7.479434756,60.0,1.17e-06,84.85281374,1.44e-12,6.49e-31,8.24e-19,1.40324945,7.752103967,139.1220541,1.579888199,9.828789425,157.8278059,1.833901513,12.11386251,168.4436728,2.175048724,14.20412151,165.6121801,7.479434756,21.02135167,87.59697765,1.40324945,60.0,0.0,84.85281374,4.55e-13,0.0,0.0,1.579888199,60.0,9.54e-07,84.85281374,9.09e-13,0.0,0.0,1.833901513,60.0,6.74e-07,84.85281374,6.43e-13,1.0299999999999999e-74,2.26e-62,2.175048724,60.0,6.74e-07,84.85281374,4.55e-13,3.16e-45,0.0,7.479434756,60.0,1.17e-06,84.85281374,1.44e-12,6.49e-31,8.24e-19
1.0,102.0,0.0,1.0,102.0,0.0,1.000000374,101.9999985,6.08e-06,1.756431067,98.03229888,128.4114166,26.23847551,92.84986391,276.835192,1.0,102.0,0.0,1.0,102.0,0.0,1.000000374,101.9999985,6.08e-06,1.756431067,98.03229888,128.4114166,26.23847551,92.84986391,276.835192,1.0,102.0,0.0,144.2497834,0.0,0.0,0.0,1.0,102.0,0.0,144.2497834,0.0,0.0,0.0,1.0,102.0,0.0,144.2497834,3.64e-12,9.779999999999999e-180,0.0,1.071067011,102.0,0.0,144.2497834,3.64e-12,-2.4500000000000002e-36,0.0,4.149814308,102.0,1.91e-06,144.2497834,4.07e-12,-3.24e-30,-1.26e-18,1.0,39.14471602,0.0,1.0,39.14471602,0.0,1.0,39.14471602,2.27e-13,1.071067011,39.13727618,0.000779728,4.149814308,39.98866844,166621761.0,1.0,102.0,0.0,144.2497834,0.0,0.0,0.0,1.0,102.0,0.0,144.2497834,0.0,0.0,0.0,1.0,102.0,0.0,144.2497834,3.64e-12,9.779999999999999e-180,0.0,1.071067011,102.0,0.0,144.2497834,3.64e-12,-2.4500000000000002e-36,0.0,4.149814308,102.0,1.91e-06,144.2497834,4.07e-12,-3.24e-30,-1.26e-18
2.988160551,66.00018349,0.002937388,2.997768552,66.01110987,0.179136898,3.323998763,66.59466491,10.30232385,14.74923095,70.25555715,181.8641754,102.3970504,70.94606648,359.6658635,2.988160551,66.00018349,0.002937388,2.997768552,66.01110987,0.179136898,3.323998763,66.59466491,10.30232385,14.74923095,70.25555715,181.8641754,102.3970504,70.94606648,359.6658635,2.988070114,66.0,4.67e-06,122.3315168,2.96e-11,-1.83e-24,-8.75e-14,2.992825111,66.00000028,0.001824576,122.3315168,6.87e-06,-7.36e-14,-1.64e-08,3.017960799,66.04116835,0.703630876,122.2989002,2.456772832,-0.004010643,-0.003674413,11.22588135,70.69864438,14.73042801,118.6567502,330.2008909,-11.96055995,-0.051466658,78.55305787,71.90577286,21.15817912,118.1249772,544.4587551,57.91910288,0.15550481,2.988070114,2.842235921,16.33081875,2.992825111,2.851322634,16.35716699,3.017960799,2.845114915,16.33433713,11.22588135,1.668366355,10.57757713,78.55305787,1.885135736,10.72854519,1.0,66.0,5.88e-06,122.3315168,3.46e-11,1.62e-13,0.020476905,1.000000044,66.00000042,0.002231964,122.331517,5.25e-06,1.69e-07,0.058985617,1.008213261,66.06156297,0.857301387,122.331767,1.623853687,0.147849204,0.143317766,3.650523605,69.62344902,5.509265416,119.9550671,171.1942539,17.7453963,0.24815046,20.66283013,67.17626425,3.568133048,117.4773987,201.6185059,9.497288693,0.187640771
1.000000571,66.0,9.09e-13,1.000281354,66.0,2.36e-11,1.18325069,66.00064376,0.012552623,10.31397895,68.8817291,208.1495239,102.8615002,70.83549051,354.6674856,1.000000571,66.0,9.09e-13,1.000281354,66.0,2.36e-11,1.18325069,66.00064376,0.012552623,10.31397895,68.8817291,208.1495239,102.8615002,70.83549051,354.6674856,1.000000128,66.0,9.54e-07,122.3315139,0.000125434,4.25e-35,3.98e-27,1.00012714,66.0,0.0,122.3290563,0.1081178,-1.1e-25,0.0,1.129529064,66.00003189,0.053574738,120.4137546,79.3310452,-6.46e-05,-0.000135351,8.237888384,68.86347653,15.79210053,113.3944569,420.8513303,3.004349783,0.010332644,80.59024188,71.47595482,20.88403113,116.2170904,554.6343087,16.98389331,0.043934642,1.000000128,4.943955408,2.42e-06,1.00012714,4.943476442,0.00236454,1.129529064,4.519630635,1.9132226,8.237888384,2.055451697,5.568102905,80.59024188,1.817404052,4.642726794,1.0,66.0,9.54e-07,122.3315168,2.03e-12,-1.3199999999999999e-28,-1.02e-16,1.000000002,66.0,0.0,122.3315168,1.54e-06,9.4e-50,0.0,1.001934088,66.0,1.35e-06,122.2991578,1.420592873,-5.45e-16,-3.39e-10,2.582693119,66.00491903,0.242907722,115.362509,239.9516493,-0.053081932,-0.014107288,20.95904545,66.67377794,2.762491368,115.601619,243.6261418,4.314681497,0.100090407
2.991551156,66.0,0.0,2.994926484,66.0,0.0,3.010157432,66.00001119,0.000936949,9.255394098,68.78572266,221.2600972,128.463369,139.8705472,73498.99464,2.991551156,66.0,0.0,2.994926484,66.0,0.0,3.010157432,66.00001119,0.000936949,9.255394098,68.78572266,221.2600972,128.463369,139.8705472,73498.99464,2.991551156,66.0,0.0,122.3315168,1.82e-12,-6.41e-29,0.0,2.994926484,66.0,0.0,122.3315168,3.62e-08,-1.95e-19,0.0,3.009957431,66.00001024,0.030361514,122.3270783,0.195372556,-5.95e-05,-0.004434113,8.135171675,68.75297398,15.63196061,121.8071813,271.8832775,31.53271697,0.184757702,67.87800172,89.31075728,83.48854609,211.9023662,104979.7392,2983.293727,0.110406866,2.991551156,2.681436906,14.41536448,2.994926484,2.683554564,14.42107172,3.009957431,2.679945556,14.38981854,8.135171675,2.197649699,12.83640365,67.87800172,16.10301575,53565.13892,1.0,66.0,0.0,122.3315168,3.64e-12,4.8199999999999995e-284,0.0,1.000000053,66.0,9.54e-07,122.3315168,3.75e-12,-7.86e-72,-4.32e-60,1.0037604,66.0,0.0,122.3315168,0.0,-3.45e-123,0.0,2.337089454,66.00071981,0.354883814,122.3362576,6.335761227,5.88e-06,6.58e-06,16.88522781,77.18695949,43.64639581,207.9640922,102398.146,1980.279066,0.141797818
4.78595891,82.49486572,907.4033947,5.235875658,83.52513352,981.0582055,6.273132476,90.73309928,3695.635946,17.67732737,103.2561401,12406.55336,180.8349168,166.4892354,93621.84617,4.78595891,82.49486572,907.4033947,5.235875658,83.52513352,981.0582055,6.273132476,90.73309928,3695.635946,17.67732737,103.2561401,12406.55336,180.8349168,166.4892354,93621.84617,4.785908747,82.49497215,30.12326647,128.7588826,956.7181211,-64.51147776,-0.122995411,5.232421195,83.53208556,31.33035365,129.6207375,1022.228124,-58.80609764,-0.111112226,6.028482769,91.43727676,61.8886733,134.5264545,3841.592811,-264.9897102,-0.249063982,14.10887951,109.0861952,112.7289963,156.3692108,23213.66785,-882.5373571,-0.056169577,64.69731993,116.5003998,123.1710494,355.6970808,233632.5831,-1106.714896,-0.018608835,4.785908747,0.448399323,1.099823906,5.232421195,0.479320609,1.169024422,6.028482769,0.548116993,1.336057742,14.10887951,1036068.421,1588510000000000.0,64.69731993,14890442.29,2.26e+16,1.66908243,102.0780941,44.11133797,137.7541398,2068.654672,-518.9201772,-0.443919735,1.788513576,105.7285948,45.31934539,140.4766585,2170.582031,-555.2068271,-0.462301504,2.211670763,125.0097588,92.72473772,154.9402976,8626.432784,-893.5486196,-0.363884485,5.418798047,168.7804493,162.909131,193.8690028,29286.25512,-1903.840284,-0.105018818,18.5042129,169.4461705,195.7231985,336.0460401,203558.5112,-16809.04883,-0.192075117
4.985980849,101.9999934,2.66e-05,4.992470623,101.9992842,0.00286258,5.093501562,101.9243654,0.296818777,6.490196075,99.88663022,63.44518027,30.51272318,93.83273497,254.5972541,4.985980849,101.9999934,2.66e-05,4.992470623,101.9992842,0.00286258,5.093501562,101.9243654,0.296818777,6.490196075,99.88663022,63.44518027,30.51272318,93.83273497,254.5972541,1.0,102.0,0.0,144.2497834,0.0,0.0,0.0,1.0,102.0,0.0,144.2497834,0.0,0.0,0.0,1.0,102.0,1.35e-06,144.2497834,4.07e-12,-2.88e-180,-1.12e-168,1.071686433,102.0,1.91e-06,144.2497834,4.07e-12,-2.29e-36,-8.92e-25,4.104683111,102.0,1.35e-06,144.2497834,2.57e-12,-3.37e-29,-1.85e-17,1.0,39.02072215,0.0,1.0,39.02072215,0.0,1.0,39.02072215,2.27e-13,1.071686433,39.02038952,1.21e-05,4.104683111,40.64667333,289615235.6,1.0,102.0,0.0,144.2497834,0.0,0.0,0.0,1.0,102.0,0.0,144.2497834,0.0,0.0,0.0,1.0,102.0,1.35e-06,144.2497834,4.07e-12,-2.88e-180,-1.12e-168,1.071686433,102.0,1.91e-06,144.2497834,4.07e-12,-2.29e-36,-8.92e-25,4.104683111,102.0,1.35e-06,144.2497834,2.57e-12,-3.37e-29,-1.85e-17
1.0,97.99999999,2.56e-07,1.000001411,97.99994638,0.002037619,1.012933796,97.58600241,15.8453586,4.260824029,93.9698923,232.05846,30.14723314,93.09328638,262.0326478,1.0,97.99999999,2.56e-07,1.000001411,97.99994638,0.002037619,1.012933796,97.58600241,15.8453586,4.260824029,93.9698923,232.05846,30.14723314,93.09328638,262.0326478,1.0,97.99999999,0.000506305,114.9086594,2.56e-07,6.130000000000001e-252,0.0,1.000001411,97.99994638,0.045139962,114.9086136,0.002037616,7.95e-101,0.0,1.011216366,97.57850576,3.979839653,114.5494004,15.83912366,-2.7e-08,-6.45e-07,1.84746955,83.48014095,18.4642448,106.634539,395.7255187,-32.04970603,-0.122457976,10.96397185,78.31837968,18.74890454,110.2413114,551.8991383,7.912316166,0.0204594,1.0,6.478250983,5.23e-08,1.000001411,6.47827519,0.000415345,1.011216366,6.668549338,3.228627334,1.84746955,13.23498703,3928.320273,10.96397185,4870824.143,7310000000000000.0,1.0,98.0,0.0,138.5929291,0.0,0.0,0.0,1.0,98.0,0.0,138.5929291,0.0,0.0,0.0,1.000000001,98.0,0.0,138.5929291,0.0,-1.24e-236,0.0,1.141548562,98.0,1.35e-06,138.5929291,4.07e-12,4.7699999999999996e-30,1.85e-18,5.155282955,98.0,1.91e-06,138.5929291,6.56e-12,9.360000000000001e-29,2.1e-17
2.701542769,66.00000006,5.78e-06,2.897832419,66.00017701,0.016512803,3.460024524,66.44718718,42.28589831,12.16140294,74.75956129,696.7348745,103.5429417,74.97081826,774.0478166,2.701542769,66.00000006,5.78e-06,2.897832419,66.00017701,0.016512803,3.460024524,66.44718718,42.28589831,12.16140294,74.75956129,696.7348745,103.5429417,74.97081826,774.0478166,2.681631979,66.00000006,0.002410386,122.3315168,6.14e-06,-1e-14,-2.95e-09,2.802450421,66.0001893,0.130526663,122.3315015,0.017801245,-7.82e-08,-8.34e-06,2.987960421,66.54433549,6.978100933,122.329349,50.3868739,-0.549415589,-0.021877785,9.141658957,77.24435719,29.75787312,120.2175943,935.5150156,-96.47569229,-0.186650014,80.47206368,77.00894186,30.94796605,118.851738,1036.234764,-58.77685275,-0.095495472,2.681631979,1.505312616,4.783919931,2.802450421,1.54261014,4.850791197,2.987960421,1.588971238,4.873518616,9.141658957,1.806740067,4.022512926,80.47206368,1.81677407,3.68889742,1.840805537,66.0,0.0,122.3315168,0.0,-1.5e-73,0.0,1.901192021,66.0,0.0,122.3315168,0.0,-2.7800000000000002e-49,0.0,1.966855041,66.0,0.0,122.3314863,0.001339439,-6.17e-82,0.0,3.276912835,66.00045719,0.074067865,118.4749386,149.3660908,-0.002789791,-0.00308188,20.59928978,66.23727236,1.670619695,115.7721338,233.0302911,-0.193008472,-0.007568471
3.344096247,65.99999264,4.42e-05,3.577371527,65.99901781,0.005925564,3.968878034,65.92792839,5.651734514,12.09125023,70.52307901,406.4265319,101.7051787,70.83385995,381.5179106,3.344096247,65.99999264,4.42e-05,3.577371527,65.99901781,0.005925564,3.968878034,65.92792839,5.651734514,12.09125023,70.52307901,406.4265319,101.7051787,70.83385995,381.5179106,3.344092145,66.0,1.39e-05,122.3315168,1.94e-10,-1.95e-13,-0.003299219,3.576785709,66.00000035,0.005594884,122.3315171,3.14e-05,-2.05e-07,-0.024190319,3.884871129,66.05559844,2.236239804,122.3765986,5.018915733,0.149317601,0.102253054,9.974135037,71.64128861,21.81494528,121.0872814,534.1426569,109.4084065,0.322023083,78.65231382,71.62684645,21.7610133,116.9996927,580.6999972,55.31182274,0.138642812,3.344092145,1.035680046,3.891836661,3.576785709,1.126496036,4.154735874,3.884871129,1.236178649,4.406087161,9.974135037,1.651463497,3.793219797,78.65231382,1.859059287,3.768146802,1.677378591,66.0,9.54e-07,122.3315168,2.03e-12,-3.35e-73,-2.5999999999999998e-61,1.791587414,66.0,9.54e-07,122.3315168,2.03e-12,3.8399999999999995e-40,2.98e-28,1.925955411,66.0,0.0,122.3314844,0.001421396,-3.45e-19,0.0,3.317530993,66.0,1.35e-06,117.9244209,167.3502669,2.71e-14,1.55e-09,21.06889503,66.00003179,0.072704809,114.4647443,261.2071629,-0.000121143,-0.000103096
1.0,98.0,0.0,1.0,98.0,0.0,1.000000002,97.99999997,1.24e-06,1.765903374,95.73015181,125.7575195,26.69075902,92.75749119,272.5669322,1.0,98.0,0.0,1.0,98.0,0.0,1.000000002,97.99999997,1.24e-06,1.765903374,95.73015181,125.7575195,26.69075902,92.75749119,272.5669322,1.0,98.0,0.0,126.3762538,360.3708063,3.23e-43,0.0,1.0,98.0,0.0,126.1762722,360.7733217,4.46e-25,0.0,1.000000002,97.99999997,0.001110587,125.9766042,360.9748042,6.15e-07,2.91e-05,1.296514705,93.4602233,12.3248506,121.8308537,390.9963589,72.02826349,0.307892636,10.67414167,78.88903359,18.99965089,110.1787427,507.5222331,147.7054702,0.411596497,1.0,30.10067511,0.0,1.0,30.10067511,0.0,1.000000002,30.10067508,8.07e-07,1.296514705,25.9804594,89.00685092,10.67414167,258.8404987,368000000000.0,1.0,98.0,0.0,138.5929291,0.0,0.0,0.0,1.0,98.0,0.0,138.5929291,0.0,0.0,0.0,1.000000001,98.0,0.0,138.5929291,3.64e-12,3.0499999999999998e-46,0.0,1.141622935,98.0,1.91e-06,138.5929291,4.07e-12,3.91e-29,1.52e-17,5.305888389,98.0,1.91e-06,138.5929291,3.64e-12,-7.13e-30,0.0
1.0,102.0,0.0,1.0,102.0,0.0,1.000000314,101.9999872,0.000537446,1.903558268,93.55727503,268.9765187,28.02538078,91.46653725,305.683388,1.0,102.0,0.0,1.0,102.0,0.0,1.000000314,101.9999872,0.000537446,1.903558268,93.55727503,268.9765187,28.02538078,91.46653725,305.683388,1.0,102.0,0.0,144.2497834,0.0,0.0,0.0,1.0,102.0,0.0,144.2497834,0.0,0.0,0.0,1.0,102.0,0.0,144.2497834,3.64e-12,-1.7e-63,0.0,1.071686216,102.0,1.35e-06,144.2497834,2.57e-12,-1.89e-36,-1.04e-24,4.219877966,102.0,1.35e-06,144.2497834,1.82e-12,-8.5e-29,0.0,1.0,39.02030683,0.0,1.0,39.02030683,0.0,1.0,39.02030683,0.0,1.071686216,39.02043001,4.98e-07,4.219877966,39.01955018,0.00677078,1.0,102.0,0.0,144.2497834,0.0,0.0,0.0,1.0,102.0,0.0,144.2497834,0.0,0.0,0.0,1.0,102.0,0.0,144.2497834,3.64e-12,-1.7e-63,0.0,1.071686216,102.0,1.35e-06,144.2497834,2.57e-12,-1.89e-36,-1.04e-24,4.219877966,102.0,1.35e-06,144.2497834,1.82e-12,-8.5e-29,0.0
2.855439277,66.0,9.09e-13,3.201647209,66.0,9.09e-13,3.716457985,66.00000049,3.04e-05,10.59864912,67.81582974,143.8204538,100.0189582,70.49275693,349.7884627,2.855439277,66.0,9.09e-13,3.201647209,66.0,9.09e-13,3.716457985,66.00000049,3.04e-05,10.59864912,67.81582974,143.8204538,100.0189582,70.49275693,349.7884627,2.855439277,66.0,9.54e-07,117.1814684,190.2914294,-7.13e-14,-5.42e-09,3.201647208,66.0,9.54e-07,115.4383154,238.0036837,-5.08e-22,-3.45e-17,3.71569755,66.0000003,0.005226321,113.4215134,282.3237701,-7.44e-06,-8.47e-05,9.290416809,67.79471987,12.58188258,114.1015145,347.0205737,34.24170969,0.154869043,78.3401367,71.06841931,20.74768129,115.9889993,549.929152,79.64512711,0.207506203,2.855439277,0.580031773,1.938200449,3.201647208,0.798986319,2.689605002,3.71569755,1.12532576,3.646329607,9.290416809,1.81076059,5.006029393,78.3401367,1.869253709,4.576859315,1.783953738,66.0,0.0,122.3315168,0.0,-5.33e-120,0.0,1.864120407,66.0,0.0,122.3315168,1.82e-12,-2.67e-31,0.0,1.953413427,66.0,0.0,122.331486,0.001352313,-1.41e-25,0.0,3.311135441,66.0,9.54e-07,118.0269392,164.0635341,-9.62e-14,-7.88e-09,20.76390874,66.00000011,0.001155037,114.8082261,253.1157857,-1.01e-05,-0.000549713
1.991007619,60.00006912,0.000414732,1.996440022,60.00558697,0.033490584,2.261589059,60.69879723,3.704473506,9.958660355,66.35057851,136.350445,94.82548734,70.27075738,361.9282197,1.991007619,60.00006912,0.000414732,1.996440022,60.00558697,0.033490584,2.261589059,60.69879723,3.704473506,9.958660355,66.35057851,136.350445,94.82548734,70.27075738,361.9282197,1.990984682,60.0,0.0,84.85281374,0.0,0.0,0.0,1.994581015,60.0,6.74e-07,84.85281374,4.55e-13,0.0,0.0,1.998190399,60.0,6.74e-07,84.85281374,4.55e-13,-8.29e-88,0.0,2.106613887,60.0,0.0,84.85281374,0.0,5.14e-32,0.0,7.034898696,60.00024038,0.071490866,84.85392437,0.369761685,5.23e-07,1.2e-05,1.990984682,16.98219506,290.9290225,1.994581015,17.01308865,290.9328402,1.998190399,17.04398253,290.9347491,2.106613887,17.74328517,285.0045631,7.034898696,22.6468351,21932604.2,1.990984682,60.0,0.0,84.85281374,0.0,0.0,0.0,1.994581015,60.0,6.74e-07,84.85281374,4.55e-13,0.0,0.0,1.998190399,60.0,6.74e-07,84.85281374,4.55e-13,-8.29e-88,0.0,2.106613887,60.0,0.0,84.85281374,0.0,5.14e-32,0.0,7.034801877,60.0,6.74e-07,84.85281374,2.32e-12,-7.280000000000001e-29,-7.16e-17
3.59131002,90.3051032,354.4150538,4.370560936,92.39023136,311.261939,5.41117309,94.2182649,265.5168265,7.246783391,94.81331429,233.5019784,33.96618553,91.75315579,302.4714725,3.59131002,90.3051032,354.4150538,4.370560936,92.39023136,311.261939,5.41117309,94.2182649,265.5168265,7.246783391,94.81331429,233.5019784,33.96618553,91.75315579,302.4714725,1.000000015,60.00000055,0.004585223,84.85281491,4.69e-05,4.11e-13,1.38e-08,1.000019856,60.00075451,0.169325009,84.85415417,0.05198323,6.88e-07,1.95e-05,1.027078884,61.00186811,6.088287805,86.37132276,56.18160366,1.039896616,0.026287192,1.959957819,75.42781864,18.66117682,106.6698207,492.47631,102.2560135,0.293642229,12.91548516,75.05252705,18.58530614,105.6296239,484.1164734,38.48926085,0.11244508,1.000000015,5.206688217,5.76e-06,1.000019856,5.207082771,0.007851615,1.027078884,5.730974762,10.15096078,1.959957819,13.10511189,93.73179415,12.91548516,11.91183752,83.11689603,1.0,60.0,0.0,84.85281374,0.0,0.0,0.0,1.0,60.0,0.0,84.85281374,0.0,-6.11e-82,0.0,1.000000001,60.0,0.0,84.85281374,0.0,-9.829999999999999e-52,0.0,1.164224299,60.0,1.35e-06,84.85281374,1.82e-12,-9.520000000000001e-31,0.0,7.799341625,60.0,1.35e-06,84.85281374,1.87e-12,-1.57e-28,-1.72e-16
1.995790644,90.0,0.0,1.997472256,90.0,2.73e-12,1.999156708,90.0,1.06e-08,2.285441586,88.79157507,34.79245708,15.28757679,82.84876856,162.3727333,1.995790644,90.0,0.0,1.997472256,90.0,2.73e-12,1.999156708,90.0,1.06e-08,2.285441586,88.79157507,34.79245708,15.28757679,82.84876856,162.3727333,1.0,90.0,0.0,108.1665383,0.0,0.0,0.0,1.0,90.0,0.0,108.1665383,0.0,0.0,0.0,1.0,90.0,1.35e-06,108.1665383,2.03e-12,1.6399999999999999e-40,1.27e-28,1.064565957,89.99999991,0.001604694,108.1665382,2.58e-06,-1.92e-15,-2.73e-09,4.478661919,88.92541723,5.61720665,107.3266745,31.55562062,-0.108775764,-0.030396722,1.0,40.43467021,0.0,1.0,40.43467021,0.0,1.0,40.43467021,2.27e-13,1.064565957,40.43348026,3.29e-05,4.478661919,36.85372316,107.6304085,1.0,90.0,0.0,108.1665383,0.0,0.0,0.0,1.0,90.0,0.0,108.1665383,0.0,0.0,0.0,1.0,90.0,1.35e-06,108.1665383,2.03e-12,1.6399999999999999e-40,1.27e-28,1.064565956,89.99999991,0.001604695,108.1665382,2.58e-06,-1.92e-15,-2.73e-09,3.941860265,88.92899495,5.566246456,107.3306685,30.98363674,-0.208060851,-0.087512365
2.006992799,71.080574,55.47722153,2.616590648,70.66512162,52.90813626,4.025378998,69.50994285,46.57408873,12.82380915,69.22937055,177.4650428,100.9281244,70.89469992,431.8931155,2.006992799,71.080574,55.47722153,2.616590648,70.66512162,52.90813626,4.025378998,69.50994285,46.57408873,12.82380915,69.22937055,177.4650428,100.9281244,70.89469992,431.8931155,1.637293788,72.22777666,7.801232237,109.2742036,60.85922442,-4.18e-06,-0.000142018,1.763173544,72.92514256,7.927463749,109.7358646,62.84468252,-0.003546671,-0.004197767,1.946322423,73.51230357,7.985120675,109.7207068,64.32019293,-2.569711778,-0.110678722,3.321878249,71.43002805,7.575964885,103.0384646,85.9157034,5.412731551,0.089355145,19.321043,70.26508538,7.044224266,100.3623266,76.72544202,6.414265841,0.119031857,1.637293788,1.953192664,5.215891342,1.763173544,2.157638197,5.38920153,1.946322423,2.578273653,8.022796666,3.321878249,6.234756047,33.29592115,19.321043,7.776647472,31.54979446,1.637293788,72.22777666,7.801232237,109.2742036,60.85922442,-4.18e-06,-0.000142018,1.763173544,72.92514256,7.927463749,109.7358646,62.84468252,-0.003546671,-0.004197767,1.946322423,73.51230357,7.985120675,109.7207068,64.32019293,-2.569711778,-0.110678722,3.321878249,71.43002805,7.575964885,103.0384646,85.9157034,5.412731551,0.089355145,19.321043,70.26508538,7.044224266,100.3623266,76.72544202,6.414265841,0.119031857
1.000002416,66.0,1.82e-12,1.000536553,66.0,5.64e-11,1.160341602,66.00082913,0.013504958,10.06165371,68.13260945,161.6025261,101.9283985,70.6150288,346.6141011,1.000002416,66.0,1.82e-12,1.000536553,66.0,5.64e-11,1.160341602,66.00082913,0.013504958,10.06165371,68.13260945,161.6025261,101.9283985,70.6150288,346.6141011,1.000000222,66.0,9.54e-07,105.5434476,337.6768865,7.18e-20,4.1e-15,1.000134003,66.0,0.0,106.2094148,340.5941942,1.37e-33,0.0,1.08637442,66.00000138,0.01116255,106.8814208,342.0646246,2.49e-06,1.2e-05,7.560872064,68.27007946,14.11211861,111.3058295,408.086871,7.580103926,0.028460353,77.22526138,71.26003209,20.90868904,115.9535352,557.4422465,37.45569187,0.096324955,1.000000222,4.587029641,2.55e-06,1.000134003,4.58672549,0.001474707,1.08637442,4.410244454,0.828511213,7.560872064,2.226918048,5.274056742,77.22526138,1.896163442,4.569598501,1.0,66.0,0.0,93.33809512,9.09e-13,-1.28e-42,0.0,1.0,66.0,9.54e-07,93.33809512,5.57e-07,-2.18e-24,-3.07e-15,1.000029768,66.0000015,0.011634473,93.35993827,1.635991545,-3.01e-06,-0.000202116,1.928144484,74.90160811,26.86831039,109.4326031,901.8339539,80.61021474,0.129046431,18.87496587,87.07186429,38.11094753,120.5803542,1579.127983,117.6145868,0.123969345
1.000000049,60.00000061,1.07e-05,1.000055107,60.00071547,0.012758915,1.082225912,60.88266799,13.90806494,9.241047063,69.07689719,235.6161846,101.058304,70.65060323,339.0249384,1.000000049,60.00000061,1.07e-05,1.000055107,60.00071547,0.012758915,1.082225912,60.88266799,13.90806494,9.241047063,69.07689719,235.6161846,101.058304,70.65060323,339.0249384,1.0,60.0,0.0,84.85281374,0.0,0.0,0.0,1.0,60.0,0.0,84.85281374,0.0,-3.8399999999999994e-228,0.0,1.0,60.0,9.54e-07,84.85281374,9.09e-13,5.59e-62,0.0,1.092520245,60.0,6.74e-07,84.85281374,1.02e-12,2.85e-38,4.44e-26,5.641757959,60.0,6.74e-07,84.85281374,6.43e-13,1.2200000000000001e-29,2.68e-17,1.0,36.46332002,0.0,1.0,36.46332002,0.0,1.0,36.46332002,2.5e-12,1.092520245,36.33108688,90.32344135,5.641757959,6114412.053,9170010000000000.0,1.0,60.0,0.0,84.85281374,0.0,0.0,0.0,1.0,60.0,0.0,84.85281374,0.0,-3.8399999999999994e-228,0.0,1.0,60.0,9.54e-07,84.85281374,9.09e-13,5.59e-62,0.0,1.092520245,60.0,6.74e-07,84.85281374,1.02e-12,2.85e-38,4.44e-26,5.641757959,60.0,6.74e-07,84.85281374,6.43e-13,1.2200000000000001e-29,2.68e-17
1.00000022,60.00005734,0.017316603,1.000123332,60.02799128,8.452583599,1.076577045,72.69638912,3672.883837,3.593211465,132.8604345,14401.39437,24.12478939,106.906405,7894.635285,1.00000022,60.00005734,0.017316603,1.000123332,60.02799128,8.452583599,1.076577045,72.69638912,3672.883837,3.593211465,132.8604345,14401.39437,24.12478939,106.906405,7894.635285,1.0,60.0,0.0,84.85281374,4.55e-13,0.0,0.0,1.0,60.0,0.0,84.85281374,4.55e-13,0.0,0.0,1.0,60.0,0.0,84.85281374,0.0,-3.67e-278,0.0,1.073327144,60.0,6.74e-07,84.85281374,4.55e-13,-2.02e-39,0.0,4.625866473,60.0,9.54e-07,84.85281374,1.64e-12,-3.6000000000000003e-29,-3.23e-17,1.0,44.58677483,0.0,1.0,44.58677483,0.0,1.0,44.58677483,5.21e-11,1.073327144,43.28875339,60.28921245,4.625866473,36.2139252,303.1681712,1.0,60.0,0.0,84.85281374,4.55e-13,0.0,0.0,1.0,60.0,0.0,84.85281374,4.55e-13,0.0,0.0,1.0,60.0,0.0,84.85281374,0.0,-3.67e-278,0.0,1.073327144,60.0,6.74e-07,84.85281374,4.55e-13,-2.02e-39,0.0,4.625844579,60.0,1.51e-06,84.85281374,2.65e-12,-5.44e-29,-3.09e-17
2.992117117,66.0000106,0.000933217,2.995668856,66.0042027,0.361117911,3.190355395,67.6122076,129.5585147,12.14475842,72.6834465,517.6944081,98.51423688,70.71834367,389.969612,2.992117117,66.0000106,0.000933217,2.995668856,66.0042027,0.361117911,3.190355395,67.6122076,129.5585147,12.14475842,72.6834465,517.6944081,98.51423688,70.71834367,389.969612,2.992116994,66.00001032,0.030473781,122.331525,0.000929963,1.07e-10,4.99e-07,2.995574741,66.00397164,0.59785619,122.3344719,0.357765131,1.25e-05,0.00016768,3.117664769,67.47055865,11.40998404,123.3772287,130.2712269,1.27430024,0.051717997,9.213359094,73.95906033,25.55325397,126.0325357,663.4128179,63.39554977,0.229113188,73.44593274,71.9163313,22.30462198,122.6952371,529.1606281,46.20470659,0.154273732,2.992116994,1.374757112,3.803576478,2.995574741,1.377688822,3.807551847,3.117664769,1.398680612,3.814051224,9.213359094,1.869299602,6.515634245,73.44593274,35.3763426,51199323322.0,1.0,66.0,9.54e-07,122.3315168,2.03e-12,0.0,0.0,1.00000006,66.0,9.54e-07,122.3315168,9.09e-13,1.7e-64,0.0,1.003926392,66.0,0.0,122.3315168,0.0,-7.5e-43,0.0,2.338444589,66.0,9.54e-07,122.3315168,2.03e-12,-1.4e-28,-1.09e-16,18.34804492,66.00006323,0.105342277,122.3319377,0.563459027,5.66e-08,7.16e-07
1.99403003,66.0,8.19e-12,1.998535943,66.00000007,6.04e-06,2.163274584,66.04841241,4.288701499,10.80688048,71.9832486,417.503143,101.2569594,71.79749516,1189.26427,1.99403003,66.0,8.19e-12,1.998535943,66.00000007,6.04e-06,2.163274584,66.04841241,4.288701499,10.80688048,71.9832486,417.503143,101.2569594,71.79749516,1189.26427,1.993995262,66.0,2.86e-06,122.3315168,8.19e-12,4.35e-14,0.0,1.996423874,66.00000007,0.002458932,122.3315168,6.05e-06,1.17e-07,0.096463075,2.034730047,66.0505496,2.131861978,122.3657397,4.549762183,0.270828968,0.276122207,8.580289375,72.84735026,22.58138712,121.7071206,561.6968311,125.7749147,0.362909018,77.62766679,73.05489251,39.08660029,119.1931991,1698.282602,72.4251754,0.068037766,1.993995262,2.488179669,6.219740924,1.996423874,2.491217585,6.219753747,2.034730047,2.524704657,6.193626625,8.580289375,1.958337764,5.051045496,77.62766679,1.886967387,4.747848435,1.0,66.0,0.0,122.3315168,1.82e-12,3.88e-28,0.0,1.000000001,66.0,0.0,122.3315168,1.82e-12,2.81e-16,0.0,1.001007575,66.00005404,0.025464657,122.3315131,0.001584042,0.000171415,0.177068745,2.821653096,68.31766634,4.737131919,120.7861512,116.15074,6.475720549,0.128053626,21.20734553,67.37956332,3.827739597,117.5463117,203.1190074,10.1769958,0.186796326
1.0,98.0,0.0,1.0,98.0,0.0,1.000000063,97.99999874,4.89e-05,2.67130575,91.4554476,191.917469,31.79077354,90.79862096,281.6885346,1.0,98.0,0.0,1.0,98.0,0.0,1.000000063,97.99999874,4.89e-05,2.67130575,91.4554476,191.917469,31.79077354,90.79862096,281.6885346,1.0,98.0,0.0,114.9093945,0.050023627,7.17e-46,0.0,1.0,98.0,0.0,114.9571302,3.926511274,2.65e-26,0.0,1.000000032,97.99999886,0.006496521,119.6536071,454.1708929,1.37e-06,9.92e-06,1.595234118,90.13113277,13.36060393,132.1163967,1100.597773,47.69002599,0.108313223,12.72501851,78.1599531,17.72461563,113.8250695,751.8380391,143.035147,0.308772378,1.0,25.066046,0.0,1.0,25.066046,0.0,1.000000032,25.06604534,1.41e-05,1.595234118,18.84468414,116.6729447,12.72501851,12.19312632,112.3230072,1.0,98.0,0.0,138.5929291,0.0,0.0,0.0,1.0,98.0,0.0,138.5929291,0.0,0.0,0.0,1.000000001,98.0,1.35e-06,138.5929291,1.82e-12,0.0,0.0,1.141915829,98.0,0.0,138.5929291,1.82e-12,-1.8e-83,0.0,5.308789649,98.0,1.35e-06,138.5929291,2.57e-12,-1.49e-28,-8.21e-17
1.000000095,97.99999638,0.000137542,1.00006129,97.99767152,0.08847826,1.045587056,96.59073391,52.55613756,4.690773283,93.8064109,239.9958053,31.53172771,92.68491844,278.8492742,1.000000095,97.99999638,0.000137542,1.00006129,97.99767152,0.08847826,1.045587056,96.59073391,52.55613756,4.690773283,93.8064109,239.9958053,31.53172771,92.68491844,278.8492742,1.000000095,97.99999638,0.011727851,114.9086563,0.000137542,1.56e-95,0.0,1.00006128,97.99767149,0.297452704,114.9066735,0.088478111,1.41e-44,0.0,1.039425206,96.55866706,7.259008949,113.6819084,52.69321092,-8.88e-08,-2.16e-06,1.948189572,82.27180241,18.71617773,105.2764979,395.5431591,-15.68123337,-0.06181621,11.79779734,77.10544876,18.90481286,107.6862507,497.7840105,79.74170061,0.226601929,1.000000095,4.664739918,4.11e-05,1.00006128,4.666010252,0.026415913,1.039425206,5.452289886,15.73201875,1.948189572,13.2513065,95.36964833,11.79779734,13.05708716,81.16286314,1.0,98.0,0.0,138.5929291,0.0,0.0,0.0,1.0,98.0,0.0,138.5929291,0.0,0.0,0.0,1.000000001,98.0,1.91e-06,138.5929291,3.64e-12,-6.4e-146,0.0,1.141834032,98.0,0.0,138.5929291,0.0,-4.2599999999999995e-68,0.0,5.31040977,98.0,1.91e-06,138.5929291,6.56e-12,1.96e-28,4.4e-17
1.00000017,60.00000712,0.000299141,1.000164898,60.00692456,0.290783434,1.160424313,65.8034969,210.0659809,5.621319505,90.49175519,342.4503357,32.71161601,91.58959183,307.1251668,1.00000017,60.00000712,0.000299141,1.000164898,60.00692456,0.290783434,1.160424313,65.8034969,210.0659809,5.621319505,90.49175519,342.4503357,32.71161601,91.58959183,307.1251668,1.0,60.0,0.0,84.85281451,4.13e-05,1.75e-53,0.0,1.0,60.0,6.74e-07,84.85361353,0.042979159,5.380000000000001e-31,3.85e-24,1.000080785,60.00009073,0.058716286,85.66438962,42.10135711,3.15e-08,8.27e-08,1.823222348,66.51802981,14.32481833,99.83936134,397.4018114,47.09767093,0.178222894,12.32670911,74.38119469,18.42777701,106.1156342,488.1042763,61.82711678,0.179181137,1.0,13.6388371,0.0,1.0,13.6388371,3.57e-11,1.000080785,13.63817806,0.005897283,1.823222348,12.49849746,30.50270157,12.32670911,12.52286316,92.48328929,1.0,60.0,0.0,84.85281374,0.0,0.0,0.0,1.0,60.0,0.0,84.85281374,0.0,0.0,0.0,1.000078397,60.0,6.74e-07,84.85281374,6.43e-13,7.79e-33,1.71e-20,1.510490306,60.0,6.74e-07,84.85281374,1.02e-12,4.5199999999999997e-41,7.03e-29,7.660127434,60.0,6.74e-07,84.85281374,6.43e-13,6.59e-29,1.45e-16
1.347895187,147.0442012,18879.71662,1.530724397,174.8683639,22332.3456,1.809636025,206.4843996,24376.23519,2.587060147,203.4805154,24699.55942,13.50106348,206.0753128,36531.72166,1.347895187,147.0442012,18879.71662,1.530724397,174.8683639,22332.3456,1.809636025,206.4843996,24376.23519,2.587060147,203.4805154,24699.55942,13.50106348,206.0753128,36531.72166,1.347895187,147.0442012,137.4034811,308.4921002,46071.04524,-8848.704733,-0.314143659,1.530724397,174.8683639,149.4401071,322.6182931,47590.26333,-11766.59363,-0.384087163,1.809635787,206.4844188,156.1289069,340.7311035,48582.93272,-14739.57197,-0.460519156,2.306898499,220.9055289,157.7828262,344.4743554,47046.12773,-11119.64471,-0.352727512,9.97763103,257.6593507,198.0813389,348.7209762,49136.72656,-6582.16712,-0.193210677,1.347895187,6.81758076,121.9281053,1.530724397,9.053603835,144.2257127,1.809635787,11.59435349,157.4254739,2.306898499,14.94239344,279.378822,9.97763103,16.80048983,475.0811279,1.347895187,147.0442012,137.4034811,308.4921002,46071.04524,-8848.704733,-0.314143659,1.530724397,174.8683639,149.4401071,322.6182931,47590.26333,-11766.59363,-0.384087163,1.809635787,206.4844188,156.1289069,340.7311035,48582.93272,-14739.57197,-0.460519156,2.306898499,220.9055289,157.7828262,344.4743554,47046.12773,-11119.64471,-0.352727512,9.97763103,257.6593507,198.0813389,348.7209762,49136.72656,-6582.16712,-0.193210677
3.937507076,101.997692,0.009226855,3.986843855,101.973982,0.103395133,4.282886106,101.7235575,1.029355977,5.659131559,99.12365309,85.37856593,31.94595902,92.50385586,283.7238119,3.937507076,101.997692,0.009226855,3.986843855,101.973982,0.103395133,4.282886106,101.7235575,1.029355977,5.659131559,99.12365309,85.37856593,31.94595902,92.50385586,283.7238119,1.0,102.0,0.0,144.2497834,0.0,0.0,0.0,1.0,102.0,0.0,144.2497834,0.0,0.0,0.0,1.0,102.0,1.35e-06,144.2497834,1.82e-12,-1.29e-146,0.0,1.071636989,102.0,1.35e-06,144.2497834,1.82e-12,-4.38e-34,0.0,4.213491732,102.0,1.91e-06,144.2497834,5.14e-12,1.55e-28,4.27e-17,1.0,39.02992296,0.0,1.0,39.02992296,0.0,1.0,39.02992296,0.0,1.071636989,39.02967774,1.79e-06,4.213491732,39.09664065,2.89409015,1.0,102.0,0.0,144.2497834,0.0,0.0,0.0,1.0,102.0,0.0,144.2497834,0.0,0.0,0.0,1.0,102.0,1.35e-06,144.2497834,1.82e-12,-1.29e-146,0.0,1.071636989,102.0,1.35e-06,144.2497834,1.82e-12,-4.38e-34,0.0,4.213491732,102.0,1.91e-06,144.2497834,5.14e-12,1.55e-28,4.27e-17
1.000000028,60.00000105,3.99e-05,1.000029149,60.00110763,0.042088682,1.030795091,61.13464471,41.82950695,3.439171089,84.30431281,394.4891172,30.63121762,91.40307771,307.3080571,1.000000028,60.00000105,3.99e-05,1.000029149,60.00110763,0.042088682,1.030795091,61.13464471,41.82950695,3.439171089,84.30431281,394.4891172,30.63121762,91.40307771,307.3080571,1.000000028,60.00000105,0.006313979,84.85281526,5.78e-05,1.13e-12,2.77e-08,1.000029149,60.00110763,0.205155264,84.85440373,0.06042443,1.25e-06,2.92e-05,1.030792474,61.13454095,6.467253893,86.46502366,59.4266364,1.254330856,0.029850755,2.177632947,74.05291375,18.3446542,104.731188,475.9651315,81.40297844,0.241868972,12.36140916,75.74697166,18.71770325,107.1286305,495.8707231,102.0846877,0.291143711,1.000000028,5.022065085,9.35e-07,1.000029149,5.022234525,0.000986808,1.030792474,5.196019813,0.983896587,2.177632947,9.817491899,30.93940131,12.36140916,12.42017625,72.88718325,1.0,60.0,0.0,84.85281374,0.0,0.0,0.0,1.0,60.0,9.54e-07,84.85281374,9.09e-13,0.0,0.0,1.000016782,60.0,9.54e-07,84.85281374,9.09e-13,0.0,0.0,1.372314842,60.0,0.0,84.85281374,9.09e-13,3.6800000000000003e-29,0.0,7.237733708,60.0,6.74e-07,84.85281374,6.43e-13,-3.14e-30,-6.9e-18
1.988501779,90.0,2.73e-12,1.993085117,90.0,1.82e-12,1.997689706,90.0,9.87e-09,2.285763652,88.79413767,34.72176589,16.67084112,81.50995601,182.6204721,1.988501779,90.0,2.73e-12,1.993085117,90.0,1.82e-12,1.997689706,90.0,9.87e-09,2.285763652,88.79413767,34.72176589,16.67084112,81.50995601,182.6204721,1.0,90.0,0.0,108.1665383,0.0,0.0,0.0,1.0,90.0,0.0,108.1665383,0.0,2.04e-256,0.0,1.0,90.0,9.54e-07,108.1665383,1.02e-12,2.74e-77,4.27e-65,1.064705787,89.99999991,0.001604697,108.1665382,2.58e-06,6.69e-08,0.095987747,4.477150299,88.92882111,5.56668146,107.3283703,30.98843925,0.054550426,0.023394026,1.0,40.40367603,0.0,1.0,40.40367603,0.0,1.0,40.40367603,2.27e-13,1.064705787,40.40416377,1.46e-05,4.477150299,36.86925187,108.143899,1.0,90.0,0.0,108.1665383,0.0,0.0,0.0,1.0,90.0,0.0,108.1665383,0.0,0.0,0.0,1.0,90.0,9.54e-07,108.1665383,1.02e-12,8.32e-150,1.29e-137,1.064705787,89.99999991,0.001604696,108.1665382,2.58e-06,-1.87e-15,-2.69e-09,3.94244724,88.92914005,5.565883339,107.3307093,30.97959303,-0.15194162,-0.063957282
1.696858669,102.9600975,1960.359968,1.807052748,106.1008374,2000.998206,2.220105112,103.7134453,1971.906373,11.52788549,75.80119446,714.7379295,105.9477452,74.95839039,3103.476639,1.696858669,102.9600975,1960.359968,1.807052748,106.1008374,2000.998206,2.220105112,103.7134453,1971.906373,11.52788549,75.80119446,714.7379295,105.9477452,74.95839039,3103.476639,1.696858669,102.9600975,44.27595248,157.3586258,1960.359968,-0.004961528,-0.002007399,1.807052748,106.1008374,44.73251844,159.4094746,2000.998285,-0.820551349,-0.024458747,2.219434223,103.7248469,44.40801895,154.4296571,1975.023148,-44.89944357,-0.097323522,9.650975936,76.90608603,28.87011202,121.9793803,904.6171806,286.8287725,0.529829944,81.31391531,77.05033088,63.29374577,120.6218223,4435.331963,138.2827955,0.05007603,1.696858669,1.477461894,2.706217457,1.807052748,1.594683132,2.762721522,2.219434223,1.672850612,3.361886425,9.650975936,1.824373725,7.798092937,81.31391531,1.815785818,8.909664851,1.69684517,102.9603915,44.27600587,157.3589573,1960.364696,-8.63e-05,-0.000148348,1.805194865,106.1421087,44.73701925,159.4570573,2001.400896,-0.069978571,-0.004300499,1.963225018,108.6480996,44.93849758,159.7784066,2021.678383,-48.67207872,-0.111415611,3.324961024,96.57212894,42.62436553,134.3106237,1947.575228,101.1247843,0.089572432,20.88933596,97.15320299,42.81547278,126.957561,1925.360655,29.59498596,0.028489516
1.000050906,66.0,0.0,1.002900067,66.0,8.88e-10,1.206878343,66.00435209,0.274721709,8.801598923,70.68624896,372.2275208,100.6978845,71.05531165,373.2945236,1.000050906,66.0,0.0,1.002900067,66.0,8.88e-10,1.206878343,66.00435209,0.274721709,8.801598923,70.68624896,372.2275208,100.6978845,71.05531165,373.2945236,1.000001224,66.0,0.0,122.3314598,0.002504307,-2.08e-26,0.0,1.000283593,66.0,2.03e-05,122.3202783,0.4936981,-1.27e-13,-8.9e-09,1.068814832,66.00311545,0.529510129,120.2762498,84.73424137,-0.011408007,-0.002340492,6.240291328,71.9448396,22.34681319,119.3679901,576.0885921,2.961483733,0.007819579,77.83544326,71.96242244,21.52771185,117.3469133,569.1045178,-13.47445544,-0.034439438,1.000001224,3.927970586,5.36e-06,1.000283593,3.928561077,0.00124027,1.068814832,4.049626027,0.284432662,6.240291328,2.781690105,7.875897254,77.83544326,1.895084554,8.615364478,1.0,66.0,0.0,122.3315168,1.82e-12,-2.5400000000000002e-195,0.0,1.000000001,66.0,0.0,122.3315168,0.0,-3.3e-76,0.0,1.001007908,66.0,0.0,122.3315168,1.35e-09,-1e-24,0.0,2.077412103,66.00009529,0.033815412,121.250379,45.94444607,-0.001233732,-0.005382571,20.11349392,66.55541184,2.521494293,116.1489784,228.1779094,1.72200917,0.045219421
1.0309665,98.00026035,0.06040023,1.138844367,98.07369198,17.09110788,1.864965946,112.070275,3066.331462,4.857034569,183.2922856,12996.63423,24.66291972,204.1443644,15678.00745,1.0309665,98.00026035,0.06040023,1.138844367,98.07369198,17.09110788,1.864965946,112.070275,3066.331462,4.857034569,183.2922856,12996.63423,24.66291972,204.1443644,15678.00745,1.030965343,98.0,0.0,138.5929291,1.82e-12,0.0,0.0,1.138482627,98.0,1.35e-06,138.5929291,1.82e-12,0.0,0.0,1.751859973,97.99999882,0.006699903,138.5929263,0.000113863,5.72e-12,8.34e-08,3.033900812,95.13258532,10.0369164,133.5478946,175.8240427,38.4557529,0.319172044,12.45885647,81.03977548,18.890189,113.5801863,507.4473244,173.1167493,0.482476621,1.030965343,1.034073249,0.480625637,1.138482627,1.319635561,6.531496604,1.751859973,4.091391805,56.01676617,3.033900812,8.870639824,109.5314171,12.45885647,12.58356286,23982725.61,1.030965343,98.0,0.0,138.5929291,1.82e-12,0.0,0.0,1.138482627,98.0,1.35e-06,138.5929291,1.82e-12,0.0,0.0,1.751859918,98.0,1.91e-06,138.5929291,3.64e-12,0.0,0.0,2.804967872,98.0,1.35e-06,138.5929291,2.57e-12,6.25e-29,3.44e-17,6.898197511,98.0,0.0,138.5929291,3.64e-12,-3.5000000000000003e-29,0.0
1.000000001,66.0,1.1e-10,1.00000638,66.00000045,3.93e-05,1.044267308,66.16119883,13.32532596,10.06571127,73.22551168,446.8043756,94.59409357,71.26128918,446.4195078,1.000000001,66.0,1.1e-10,1.00000638,66.00000045,3.93e-05,1.044267308,66.16119883,13.32532596,10.06571127,73.22551168,446.8043756,94.59409357,71.26128918,446.4195078,1.0,66.0,0.0,105.2615789,1.82e-12,-2.91e-28,0.0,1.000000002,66.00000001,0.000418591,105.2615789,5.03e-07,-3.63e-16,-1.26e-09,1.001847911,66.0140744,0.474333591,105.255149,0.385461448,-0.000286647,-0.001080195,2.485256368,69.50775274,6.619646105,102.4927786,76.12775149,-5.276552475,-0.10102761,18.40191048,69.97890327,6.929257519,100.1960987,75.90301794,4.071956536,0.076643835,1.0,10.01634407,1.14e-13,1.000000002,10.01634406,8.8e-08,1.001847911,10.00652796,0.094195474,2.485256368,8.246850928,21.98332153,18.40191048,8.164462415,31.98946305,1.0,66.0,0.0,105.2615789,1.82e-12,-2.91e-28,0.0,1.000000002,66.00000001,0.000418591,105.2615789,5.03e-07,-3.63e-16,-1.26e-09,1.001847911,66.0140744,0.474333591,105.255149,0.385461448,-0.000286647,-0.001080195,2.485256368,69.50775274,6.619646105,102.4927786,76.12775149,-5.276552475,-0.10102761,18.39990339,69.97900247,6.929220413,100.1962582,75.90314816,4.071814485,0.076641188
3.856496705,102.0,3.64e-12,3.912630283,102.0,1.64e-10,3.970518985,101.9992465,0.031563787,5.10364754,98.14591435,137.7861002,28.5690717,94.28663458,239.6754988,3.856496705,102.0,3.64e-12,3.912630283,102.0,1.64e-10,3.970518985,101.9992465,0.031563787,5.10364754,98.14591435,137.7861002,28.5690717,94.28663458,239.6754988,1.0,102.0,0.0,144.2497834,0.0,0.0,0.0,1.0,102.0,0.0,144.2497834,0.0,0.0,0.0,1.0,102.0,1.35e-06,144.2497834,1.82e-12,-1.16e-63,0.0,1.071574848,102.0,1.35e-06,144.2497834,4.07e-12,2.4600000000000002e-29,9.57e-18,4.021590727,102.0,1.35e-06,144.2497834,2.57e-12,2.4600000000000002e-29,1.35e-17,1.0,39.04227018,0.0,1.0,39.04227018,0.0,1.0,39.04227018,2.27e-13,1.071574848,39.04139341,0.001912179,4.021590727,41.54009995,91.78358878,1.0,102.0,0.0,144.2497834,0.0,0.0,0.0,1.0,102.0,0.0,144.2497834,0.0,0.0,0.0,1.0,102.0,1.35e-06,144.2497834,1.82e-12,-1.16e-63,0.0,1.071574848,102.0,1.35e-06,144.2497834,4.07e-12,2.4600000000000002e-29,9.57e-18,4.021590727,102.0,1.35e-06,144.2497834,2.57e-12,2.4600000000000002e-29,1.35e-17
2.034839817,66.1536057,2.434096501,2.226222014,66.67770713,10.38402718,3.283404719,68.22146041,30.86548204,11.34415315,71.09929225,331.5041417,100.9302642,71.60057385,410.8875628,2.034839817,66.1536057,2.434096501,2.226222014,66.67770713,10.38402718,3.283404719,68.22146041,30.86548204,11.34415315,71.09929225,331.5041417,100.9302642,71.60057385,410.8875628,1.988377773,66.0,0.0,122.2677041,2.798760773,-1.6e-15,0.0,2.017605903,66.0,9.04e-05,121.7664276,24.4048722,-2.1e-10,-4.71e-07,2.327659303,66.00489902,0.663993611,117.9843681,165.5707332,-0.074199479,-0.008684522,8.091310507,71.19268797,20.98285601,119.1254148,518.2233388,6.009028581,0.017321952,78.49375061,72.4664061,22.55737531,117.9074076,606.4085262,65.75085944,0.160486174,1.988377773,0.874728894,0.769409497,2.017605903,0.904479037,0.823210524,2.327659303,1.230542091,1.459354502,8.091310507,2.00815991,3.075767404,78.49375061,1.861600267,3.417050757,1.0,66.0,0.0,122.3315168,0.0,-5.3400000000000005e-73,0.0,1.000000001,66.0,0.0,122.3315168,3.64e-12,6.800000000000001e-122,0.0,1.000976741,66.0,0.0,122.3315168,1.5e-09,-1.89e-43,0.0,2.082279538,66.00003386,0.020156935,121.1252482,51.05727327,-0.000772513,-0.00536355,19.7287018,66.46101159,2.306427404,116.2995125,222.6623977,1.89231632,0.054991111
1.999978517,66.0,1.77e-10,1.999987458,66.00000062,9.85e-06,2.016269332,66.03380565,0.543878904,9.146511368,69.90127492,262.9031939,97.99796227,71.05905755,377.3865046,1.999978517,66.0,1.77e-10,1.999987458,66.00000062,9.85e-06,2.016269332,66.03380565,0.543878904,9.146511368,69.90127492,262.9031939,97.99796227,71.05905755,377.3865046,1.999978517,66.0,0.0,96.72269573,151.9641379,1.69e-55,0.0,1.999987117,66.0,9.54e-07,101.4152959,286.0060636,-7.89e-22,-4.89e-17,2.005416683,66.0000561,0.071059188,107.5637841,342.271763,1.82e-06,1.39e-06,6.939539871,69.79045746,18.07586241,116.4159344,457.894137,30.5045058,0.094221597,75.05737314,71.88989982,21.74244301,117.4815594,577.2076441,48.38608718,0.122283828,1.999978517,4.640520673,21.53483723,1.999987117,4.6405406,21.53483722,2.005416683,4.633088366,21.5302101,6.939539871,2.746386715,15.92240226,75.05737314,3.252489989,1929800282.0,1.0,66.0,0.0,122.3315168,0.0,3.25e-193,0.0,1.000000001,66.0,0.0,122.3315168,1.82e-12,-1.1400000000000001e-302,0.0,1.000954806,66.0,9.54e-07,122.3315168,9.09e-13,7.31e-34,0.0,2.017548578,66.00157068,0.137279519,121.7789627,23.90895431,-0.001242272,-0.001850678,19.40593928,66.52063054,2.444690226,116.5531278,216.7581037,-0.715222427,-0.019875231
1.0,90.0,0.0,1.0,90.0,0.0,1.0,90.0,1.95e-08,1.28684872,87.85310955,59.79757491,17.31980539,82.22295704,396.773767,1.0,90.0,0.0,1.0,90.0,0.0,1.0,90.0,1.95e-08,1.28684872,87.85310955,59.79757491,17.31980539,82.22295704,396.773767,1.0,90.0,0.0,108.1665383,0.0,-4.8300000000000005e-185,0.0,1.0,90.0,0.0,108.1665383,0.0,-1.02e-110,0.0,1.0,90.0,0.0,108.1665383,4.55e-13,-3.4200000000000003e-36,0.0,1.065143379,89.99368762,0.435122574,108.1650847,0.189822924,-0.008909708,-0.175274174,5.369392255,89.38981707,27.20849142,109.0351241,812.8636774,147.0743901,0.29501991,1.0,40.42551398,0.0,1.0,40.42551398,0.0,1.0,40.42551398,2.27e-13,1.065143379,40.39197282,0.799700448,5.369392255,30.58290557,235.3399556,1.0,90.0,0.0,108.1665383,0.0,0.0,0.0,1.0,90.0,0.0,108.1665383,0.0,-3.17e-286,0.0,1.0,90.0,0.0,108.1665383,4.55e-13,1.2099999999999998e-52,0.0,1.065095995,89.99368734,0.435132251,108.1650872,0.189832031,-1e-05,-0.000197332,3.630552901,86.43387548,9.709093241,105.4053442,94.26808708,-2.392922717,-0.332794818
1.999411025,102.0,0.0,1.999646573,102.0,1.82e-12,1.999893367,101.9997682,0.00972251,3.234508404,93.42569014,275.3248425,29.16327449,92.45141435,273.5635948,1.999411025,102.0,0.0,1.999646573,102.0,1.82e-12,1.999893367,101.9997682,0.00972251,3.234508404,93.42569014,275.3248425,29.16327449,92.45141435,273.5635948,1.0,102.0,0.0,144.2497834,0.0,0.0,0.0,1.0,102.0,0.0,144.2497834,0.0,0.0,0.0,1.0,102.0,1.35e-06,144.2497834,2.57e-12,0.0,0.0,1.071414972,102.0,1.91e-06,144.2497834,5.14e-12,2.4100000000000002e-29,6.61e-18,4.218137621,102.0,0.0,144.2497834,0.0,-3.36e-29,0.0,1.0,39.07452798,0.0,1.0,39.07452798,0.0,1.0,39.07452798,2.27e-13,1.071414972,39.07147438,0.000130597,4.218137621,39.03804301,0.008306448,1.0,102.0,0.0,144.2497834,0.0,0.0,0.0,1.0,102.0,0.0,144.2497834,0.0,0.0,0.0,1.0,102.0,1.35e-06,144.2497834,2.57e-12,0.0,0.0,1.071414972,102.0,1.91e-06,144.2497834,5.14e-12,2.4100000000000002e-29,6.61e-18,4.218137621,102.0,0.0,144.2497834,0.0,-3.36e-29,0.0
3.985508951,101.9999958,0.000175105,3.991440194,101.9984847,0.063638978,4.051144575,101.4549763,22.53264872,5.79235775,95.38039905,218.4326769,29.01374123,91.40239326,306.6733472,3.985508951,101.9999958,0.000175105,3.991440194,101.9984847,0.063638978,4.051144575,101.4549763,22.53264872,5.79235775,95.38039905,218.4326769,29.01374123,91.40239326,306.6733472,1.0,102.0,0.0,144.2497834,0.0,0.0,0.0,1.0,102.0,0.0,144.2497834,0.0,0.0,0.0,1.0,102.0,1.91e-06,144.2497834,3.64e-12,-6.1e-122,0.0,1.067190864,102.0,0.0,144.2497834,3.64e-12,-5.699999999999999e-68,0.0,3.637529832,102.0,1.35e-06,144.2497834,1.82e-12,-2.1900000000000002e-29,0.0,1.0,39.02491403,0.0,1.0,39.02491403,0.0,1.0,39.02491403,2.72e-09,1.067190864,41.46983947,89.42087115,3.637529832,47.20637107,252.4149117,1.0,102.0,0.0,144.2497834,0.0,0.0,0.0,1.0,102.0,0.0,144.2497834,0.0,0.0,0.0,1.0,102.0,1.91e-06,144.2497834,3.64e-12,-6.1e-122,0.0,1.067190864,102.0,0.0,144.2497834,3.64e-12,-5.699999999999999e-68,0.0,3.637529832,102.0,1.35e-06,144.2497834,1.82e-12,-2.1900000000000002e-29,0.0
1.032101218,98.0,1.82e-12,1.142147545,98.0,8.51e-10,1.873963081,97.99902497,0.252355001,4.776464996,127.3633315,6977.202338,24.5961405,193.3542579,15407.60278,1.032101218,98.0,1.82e-12,1.142147545,98.0,8.51e-10,1.873963081,97.99902497,0.252355001,4.776464996,127.3633315,6977.202338,24.5961405,193.3542579,15407.60278,1.032101218,98.0,1.35e-06,138.5929291,2.57e-12,3.45e-40,1.9e-28,1.142147545,98.0,2.91e-05,138.5929291,6.84e-09,1.7700000000000003e-21,7.41e-13,1.87395664,97.99822753,0.25951983,138.5889884,0.159338961,1.17e-05,0.000119134,4.093606327,93.56130104,12.20526575,131.3054353,240.3988281,91.42737813,0.545339041,13.55320412,82.01746826,18.75886151,115.4386029,706.2668159,210.9742719,0.454485656,1.032101218,1.00163032,0.002616752,1.142147545,1.017344046,0.151968664,1.87395664,1.632615412,5.600505587,4.093606327,5.667594662,62.51759426,13.55320412,11.56657829,149.0042985,1.032101218,98.0,1.35e-06,138.5929291,2.57e-12,0.0,0.0,1.142147545,98.0,1.91e-06,138.5929291,4.07e-12,6.720000000000001e-32,2.61e-20,1.873869232,98.0,2.34e-06,138.5929291,5.46e-12,-4.59e-30,0.0,3.615440903,98.0,1.91e-06,138.5929291,5.14e-12,6.05e-29,1.66e-17,7.852822147,98.0,1.35e-06,138.5929291,5.75e-12,-7.040000000000001e-29,-2.23e-17
1.0,330.0,0.0,1.0,330.0,0.0,1.000000978,329.9997514,0.067131485,1.731070972,282.6524378,10541.38556,21.55886625,212.8436167,16120.07586,1.0,330.0,0.0,1.0,330.0,0.0,1.000000978,329.9997514,0.067131485,1.731070972,282.6524378,10541.38556,21.55886625,212.8436167,16120.07586,1.0,330.0,0.0,431.4904402,0.0,0.0,0.0,1.0,330.0,0.0,431.4904402,0.0,0.0,0.0,1.000000029,330.0,3.81e-06,431.4904402,3.25e-11,1.18e-57,5.73e-47,1.213743613,330.0,3.81e-06,431.4904402,2.06e-11,-8.930000000000001e-35,-6.1399999999999995e-24,6.274438238,330.0,0.0,431.4904402,2.91e-11,-1.5600000000000002e-27,0.0,1.0,25.0590601,0.0,1.0,25.0590601,0.0,1.000000029,25.0590601,1.36e-11,1.213743613,25.05510811,9.3e-05,6.274438238,25.04692927,0.012714565,1.0,330.0,0.0,431.4904402,0.0,0.0,0.0,1.0,330.0,0.0,431.4904402,0.0,0.0,0.0,1.000000029,330.0,3.81e-06,431.4904402,3.25e-11,1.18e-57,5.73e-47,1.213743613,330.0,3.81e-06,431.4904402,2.06e-11,-8.930000000000001e-35,-6.1399999999999995e-24,6.274438238,330.0,0.0,431.4904402,2.91e-11,-1.5600000000000002e-27,0.0
2.958426413,66.00000005,4.89e-06,2.97495321,66.00017049,0.015344077,3.045069096,66.5259854,47.06065291,10.92298839,75.33847957,1794.628683,155.7726747,146.5135462,73612.32812,2.958426413,66.00000005,4.89e-06,2.97495321,66.00017049,0.015344077,3.045069096,66.5259854,47.06065291,10.92298839,75.33847957,1794.628683,155.7726747,146.5135462,73612.32812,2.958426412,66.00000005,0.002210511,122.3315168,4.89e-06,4.87e-15,4.56e-09,2.974953091,66.00017049,0.123871216,122.3316415,0.015356707,4.06e-08,1.31e-05,3.040131433,66.52682017,6.86558632,122.7023614,47.16471247,0.31316512,0.035644779,9.150410987,76.52799356,43.48643963,128.4081476,2754.626152,41.34484779,0.021243802,62.95057471,106.1012733,110.702852,293.3305337,183053.6702,3414.513507,0.072171966,2.958426412,1.866747092,7.085856688,2.974953091,1.87720929,7.106042163,3.040131433,1.880951483,7.081465857,9.150410987,94421.37596,144854000000000.0,62.95057471,11533409.89,1.76e+16,1.0,66.0,0.0,122.3315168,1.82e-12,0.0,0.0,1.000000051,66.0,1.35e-06,122.3315168,1.82e-12,-1.59e-159,0.0,1.00373389,66.0,0.0,122.3315168,3.64e-12,1.62e-71,0.0,2.337767708,66.19334341,5.876903157,123.6319754,1736.307128,0.422800635,0.0017267,14.76957574,88.405821,59.73141128,296.6863616,188537.2653,5586.043103,0.215398063
1.000000026,60.00000099,3.78e-05,1.00002823,60.00107273,0.040762434,1.030449248,61.12288165,41.40868631,2.942882527,84.79217066,385.1778844,28.67369926,92.97164889,269.0487839,1.000000026,60.00000099,3.78e-05,1.00002823,60.00107273,0.040762434,1.030449248,61.12288165,41.40868631,2.942882527,84.79217066,385.1778844,28.67369926,92.97164889,269.0487839,1.000000026,60.00000099,0.00614773,84.85281523,5.64e-05,1.04e-12,2.62e-08,1.00002823,60.00107273,0.201897087,84.85437906,0.059508709,1.19e-06,2.83e-05,1.030448961,61.12287029,6.434922935,86.4567896,59.13441014,1.235630985,0.029553172,1.931667357,75.78398506,18.72584438,107.1868257,495.9817698,117.9201905,0.336230779,10.74706528,78.10395395,18.92217477,110.6264759,518.4666155,140.9615652,0.384703882,1.000000026,5.037463746,1.19e-05,1.00002823,5.038064469,0.012806691,1.030448961,5.666850533,13.00958776,1.931667357,13.82708352,111.451517,10.74706528,14.4835676,114.1367401,1.0,60.0,0.0,84.85281374,0.0,0.0,0.0,1.0,60.0,0.0,84.85281374,0.0,0.0,0.0,1.0,60.0,6.74e-07,84.85281374,6.43e-13,0.0,0.0,1.129314497,60.0,9.54e-07,84.85281374,9.09e-13,7.779999999999999e-38,0.0,5.592969018,60.0,9.54e-07,84.85281374,1.29e-12,-2.27e-30,-2.49e-18
2.842160863,387.6775973,99249.86341,4.658796368,304.9077504,93523.66815,15.79081334,176.4149569,47267.22505,51.39601659,174.888769,78874.8374,164.3213408,250.7691968,186814.9783,2.842160863,387.6775973,99249.86341,4.658796368,304.9077504,93523.66815,15.79081334,176.4149569,47267.22505,51.39601659,174.888769,78874.8374,164.3213408,250.7691968,186814.9783,1.702750249,594.5650552,242.4351828,612.262355,97006.67738,-3503.261959,-0.052016562,2.635449995,475.3419619,312.3568238,577.7206377,245797.455,-46517.14938,-0.313537009,6.715279093,284.5945917,291.691305,657.3413215,354449.1082,-99818.02263,-0.583380915,12.1142594,218.3531631,248.8897759,720.8431571,364898.9189,-101491.1727,-0.680001565,12.90807704,212.969,244.23088,726.909327,365254.1836,-101127.6613,-0.689773788,1.702750249,14.10735616,50096.91477,2.635449995,67.3069158,240041.8268,6.715279093,198.1781171,683122.9138,12.1142594,272.347738,918951.66,12.90807704,279.8947899,958820.5783,1.702750249,594.5650552,242.4351828,612.262355,97006.67738,-1706.949531,-0.025344849,2.635449995,475.3419619,312.3568238,577.7206377,245797.455,-41884.20408,-0.28230982,6.715279093,284.5945917,291.691305,657.3413215,354449.1082,-103240.7769,-0.603385013,12.1142594,218.3531631,248.8897759,720.8431571,364898.9189,-102395.7623,-0.686062411,12.90807703,212.969,244.23088,726.9093271,365254.1836,-101223.6186,-0.690428295
1.000000006,60.00000008,9.92e-07,1.000014047,60.00018595,0.002470941,1.042077484,60.49985462,6.477716438,5.007977129,70.21150224,64.20286262,31.91152224,77.29650958,398.6872082,1.000000006,60.00000008,9.92e-07,1.000014047,60.00018595,0.002470941,1.042077484,60.49985462,6.477716438,5.007977129,70.21150224,64.20286262,31.91152224,77.29650958,398.6872082,1.0,60.0,0.0,84.85281374,0.0,0.0,0.0,1.000000037,60.0,0.0,84.85281374,0.0,0.0,0.0,1.00332306,60.0,0.0,84.85281374,4.55e-13,-5.56e-34,0.0,1.585902778,60.0,6.74e-07,84.85281374,1.02e-12,2.05e-41,3.19e-29,5.501802902,60.45896968,17.13027057,85.82418079,812.776342,0.809337808,0.001716106,1.0,8.233272076,8.08e-10,1.000000037,8.233273714,7.32e-05,1.00332306,8.381166725,6.582134963,1.585902778,24.34164652,457.4869776,5.501802902,30.06286498,29879358.51,1.0,60.0,0.0,84.85281374,0.0,0.0,0.0,1.000000037,60.0,0.0,84.85281374,0.0,0.0,0.0,1.00332306,60.0,0.0,84.85281374,4.55e-13,-5.56e-34,0.0,1.585902778,60.0,6.74e-07,84.85281374,1.02e-12,2.05e-41,3.19e-29,5.479300747,60.0,1.35e-06,84.85281374,2.03e-12,-1.44e-28,-1.12e-16
1.069769126,71.23131254,443.4515148,1.271957119,81.45235879,1151.951104,2.35400519,100.3704029,1919.710165,11.9728341,86.90859772,1469.845556,117.173673,117.8495329,52211.63485,1.069769126,71.23131254,443.4515148,1.271957119,81.45235879,1151.951104,2.35400519,100.3704029,1919.710165,11.9728341,86.90859772,1469.845556,117.173673,117.8495329,52211.63485,1.069768969,71.23131349,21.05828988,124.2391454,445.7625606,-2.617334476,-0.018460146,1.271853457,81.45376621,33.94142114,128.9277009,1157.99081,-14.10084992,-0.038335815,2.280732593,101.5573237,43.99813477,139.6718945,1956.767173,-38.37041883,-0.051618234,9.328529755,92.69768589,41.48184756,130.097672,1765.05647,35.16112857,0.042755975,91.76825577,131.84507,256.4126211,174.7822417,72178.50271,2526.119362,0.057086336,1.069768969,0.831000532,0.193913894,1.271853457,0.964498296,1.425811953,2.280732593,1.679984304,6.499523475,9.328529755,1.973087321,11.00431249,91.76825577,1.605932424,7.356238449,1.0,66.0,0.0,122.3315168,0.0,-7.360000000000001e-161,0.0,1.000000001,66.0,1.35e-06,122.3315168,2.57e-12,-2.0099999999999999e-28,-1.1e-16,1.00097772,66.0,1.56e-05,122.3314853,0.001382539,-7.5e-16,-1.3e-09,2.396623868,66.3326522,1.970068256,118.229935,163.5719546,-1.307899761,-0.051915843,19.45264313,66.47587975,2.341814573,116.6575063,213.1771298,3.146722568,0.092046552
1.000000166,66.0,9.09e-13,1.000106013,66.0,0.0,1.075604747,65.99983051,0.001101184,7.581713802,69.31360861,292.3749521,94.62106388,75.13512513,1868.253243,1.000000166,66.0,9.09e-13,1.000106013,66.0,0.0,1.075604747,65.99983051,0.001101184,7.581713802,69.31360861,292.3749521,94.62106388,75.13512513,1868.253243,1.000000029,66.0,1.35e-06,122.3315168,4.07e-12,-1.34e-28,-5.22e-17,1.000029785,66.0,9.54e-07,122.3315168,7.14e-09,-4.97e-22,-6.16e-12,1.033172328,66.00000091,0.00905086,122.3281689,0.14713398,-1e-05,-0.002882188,5.805539038,70.30575771,19.20881684,119.6538916,426.1878104,-112.3028441,-0.400321783,74.16934532,77.01981642,48.50459795,120.0678278,2596.562381,-86.85033045,-0.054021366,1.000000029,5.011715888,1.13e-11,1.000029785,5.011715291,4.17e-08,1.033172328,5.0033852,0.031624072,5.805539038,2.881313582,4.404923262,74.16934532,1.972495641,4.085109591,1.0,66.0,0.0,122.3315168,0.0,-2.8900000000000003e-58,0.0,1.000000001,66.0,9.54e-07,122.3315168,9.09e-13,3.7499999999999995e-40,0.0,1.000968649,66.0,0.0,122.3315168,1.38e-06,2.9399999999999998e-24,0.0,2.133133772,66.0,0.0,120.3722049,80.93868106,2.72e-14,0.0,18.95348185,66.26218685,6.956881122,117.8134923,3131.393081,170.1373671,0.437061217
24.69024671,154.8129297,42030.16601,26.60496149,153.2333347,41226.49993,29.28359628,150.4841611,39725.88124,35.13179526,141.830711,34558.90026,61.93448326,115.4960689,20793.88397,24.69024671,154.8129297,42030.16601,26.60496149,153.2333347,41226.49993,29.28359628,150.4841611,39725.88124,35.13179526,141.830711,34558.90026,61.93448326,115.4960689,20793.88397,23.73341145,158.4316694,208.2904522,337.4296099,144782.1256,-25873.7722,-0.334231975,25.32210927,157.6546034,207.1394254,341.0816058,149948.2537,-28553.68433,-0.363666758,27.16336614,156.5267957,205.6075912,344.7778784,154442.4005,-31092.35056,-0.392361907,28.79145272,153.8607488,202.677863,344.7396782,151290.4031,-29209.33743,-0.377680419,35.61400616,137.1548418,185.7240104,298.9240323,129948.6319,-4610.962608,-0.07014075,23.73341145,0.100275015,0.303848931,25.32210927,0.109165867,0.390110162,27.16336614,0.265135375,6.498736012,28.79145272,1.307945904,47.91376357,35.61400616,4.560686855,141.4656201,1.0,74.0,0.0,74.0,0.0,0.0,0.0,1.0,74.0,0.0,74.0,0.0,0.0,0.0,1.0,74.0,0.0,74.0,0.0,0.0,0.0,1.0,74.0,0.0,74.0,0.0,0.0,0.0,1.0,74.0,0.0,74.0,0.0,0.0,0.0
1.000005422,60.00016178,0.004853259,1.001118034,60.03210416,0.962094129,1.28774712,64.95845564,124.167387,5.597292408,73.14357439,221.5530146,23.571592,78.10956913,212.784109,1.000005422,60.00016178,0.004853259,1.001118034,60.03210416,0.962094129,1.28774712,64.95845564,124.167387,5.597292408,73.14357439,221.5530146,23.571592,78.10956913,212.784109,1.0,60.0,0.0,84.85281374,0.0,0.0,0.0,1.0,60.0,0.0,84.85281374,0.0,0.0,0.0,1.0,60.0,0.0,84.85281374,4.55e-13,-2.07e-155,0.0,1.070241674,60.0,6.74e-07,84.85281374,6.43e-13,4.7200000000000004e-29,1.04e-16,4.9279199,60.0,4.96e-06,84.85281374,3.97e-10,2.12e-23,2.15e-13,1.0,39.22294497,0.0,1.0,39.22294497,0.0,1.0,39.22294497,2.05e-12,1.070241674,39.2990184,0.113907466,4.9279199,33.335007,167.1998226,1.0,60.0,0.0,84.85281374,0.0,0.0,0.0,1.0,60.0,0.0,84.85281374,0.0,0.0,0.0,1.0,60.0,0.0,84.85281374,4.55e-13,-2.07e-155,0.0,1.070241674,60.0,6.74e-07,84.85281374,6.43e-13,4.7200000000000004e-29,1.04e-16,4.9279199,60.0,1.17e-06,84.85281374,2.27e-12,4.04e-30,2.56e-18
1.000004546,81.99992726,0.001164153,1.001116439,81.98222135,0.288911768,1.313160185,78.79774901,86.37415786,10.78957569,73.4014468,506.1268106,98.62954559,70.68574538,377.8525839,1.000004546,81.99992726,0.001164153,1.001116439,81.98222135,0.288911768,1.313160185,78.79774901,86.37415786,10.78957569,73.4014468,506.1268106,98.62954559,70.68574538,377.8525839,1.000000043,81.99999931,0.003327109,105.2615784,1.11e-05,4.3e-110,0.0,1.000038154,81.99938956,0.098826101,105.2611034,0.009766598,-7.83e-22,-5.87e-15,1.033666035,81.47888725,2.840113641,104.8561354,8.066245492,-1.53e-08,-2.03e-06,2.334845678,73.79228786,7.997302834,100.2211463,68.94783469,-4.76202994,-0.117332143,17.83831049,70.51881843,7.164000196,99.72629833,72.96090638,1.388909972,0.026922201,1.000000043,4.892606458,4.43e-06,1.000038154,4.892992203,0.003908864,1.033666035,5.222275544,3.228263498,2.334845678,8.887180464,24.21704228,17.83831049,8.42601915,29.57332062,1.000000043,81.99999931,0.003327109,105.2615784,1.11e-05,4.3e-110,0.0,1.000038154,81.99938956,0.098826101,105.2611034,0.009766598,-7.83e-22,-5.87e-15,1.033666035,81.47888725,2.840113641,104.8561354,8.066245492,-1.53e-08,-2.03e-06,2.334845678,73.79228786,7.997302834,100.2211463,68.94783469,-4.76202994,-0.117332143,17.83831049,70.51881843,7.164000196,99.72629833,72.96090638,1.388909972,0.026922201
4.990731663,72.02213631,216.1323278,4.994435575,72.01328016,216.0795046,4.998147304,72.00442004,216.0265007,5.930890457,73.3174827,222.1691355,20.1734501,79.3781178,205.7168045,4.990731663,72.02213631,216.1323278,4.994435575,72.01328016,216.0795046,4.998147304,72.00442004,216.0265007,5.930890457,73.3174827,222.1691355,20.1734501,79.3781178,205.7168045,1.99692678,75.02308462,14.99998224,96.0648907,224.9994671,0.0,0.0,1.998154933,75.01385078,14.99999361,96.05767959,224.9998082,0.0,0.0,1.999384692,75.00461763,14.99999929,96.05046937,224.9999787,5.869999999999999e-74,0.0,2.210878038,76.43156574,14.93153105,97.16884399,222.9506195,-1.19e-08,-7.43e-06,5.834101335,84.03299364,11.97518375,103.3033951,143.4051156,0.133952697,0.027935017,1.99692678,11.65983958,136.3501836,1.998154933,11.66702777,136.3503903,1.999384692,11.67421731,136.3505257,2.210878038,14.41812972,194.5568811,5.834101335,28.06052381,261.3028445,1.99692678,75.02308462,14.99998224,75.02308462,224.9994671,0.0,0.0,1.998154933,75.01385078,14.99999361,75.01385078,224.9998082,0.0,0.0,1.999384599,75.00461693,14.99999929,75.00461693,224.9999787,0.0,0.0,1.999938443,75.00046169,14.99999999,75.00046169,224.9999998,0.0,0.0,1.999993844,75.00004617,15.0,75.00004617,225.0,0.0,0.0
1.0,98.0,0.0,1.0,98.0,0.0,1.00000167,97.99994586,0.002094463,2.584169725,92.79575747,234.7307622,29.11254525,92.42360388,282.6558178,1.0,98.0,0.0,1.0,98.0,0.0,1.00000167,97.99994586,0.002094463,2.584169725,92.79575747,234.7307622,29.11254525,92.42360388,282.6558178,1.0,98.0,0.0,114.9086594,0.0,2.33e-50,0.0,1.0,98.0,0.0,114.9086594,3.06e-07,4.0200000000000003e-29,0.0,1.000001449,97.99994498,0.045726706,114.9202152,0.843787279,6.82e-08,1.62e-06,1.598898312,87.12392896,17.1756158,111.1216992,393.5461642,54.96263762,0.19827307,11.25326096,77.3525551,18.89088247,107.7249744,503.2927404,100.2175768,0.281605775,1.0,19.4261539,0.0,1.0,19.4261539,0.0,1.000001449,19.42613393,0.000275768,1.598898312,16.11399912,52.96785505,11.25326096,13.80405695,110.3535893,1.0,98.0,0.0,138.5929291,0.0,0.0,0.0,1.0,98.0,0.0,138.5929291,0.0,0.0,0.0,1.000000001,98.0,1.35e-06,138.5929291,2.57e-12,3.42e-37,1.88e-25,1.141273796,98.0,1.91e-06,138.5929291,5.14e-12,4.3800000000000004e-29,1.2e-17,5.1177257,98.0,1.91e-06,138.5929291,4.07e-12,-1.29e-28,-5.01e-17
1.99732803,102.0,1.82e-12,1.99839596,102.0,0.0,1.999465241,101.9999996,1.72e-06,2.741760695,99.51967334,84.43751567,27.21407309,94.25104048,240.0000625,1.99732803,102.0,1.82e-12,1.99839596,102.0,0.0,1.999465241,101.9999996,1.72e-06,2.741760695,99.51967334,84.43751567,27.21407309,94.25104048,240.0000625,1.0,102.0,0.0,144.2497834,0.0,0.0,0.0,1.0,102.0,0.0,144.2497834,0.0,0.0,0.0,1.0,102.0,1.35e-06,144.2497834,1.82e-12,-1.02e-51,0.0,1.071638278,102.0,0.0,144.2497834,1.82e-12,3.7499999999999998e-34,0.0,4.219945002,102.0,1.35e-06,144.2497834,2.57e-12,1.2799999999999999e-28,7.04e-17,1.0,39.02992296,0.0,1.0,39.02992296,0.0,1.0,39.02992296,0.0,1.071638278,39.02943564,3.65e-06,4.219945002,39.01908977,0.081051975,1.0,102.0,0.0,144.2497834,0.0,0.0,0.0,1.0,102.0,0.0,144.2497834,0.0,0.0,0.0,1.0,102.0,1.35e-06,144.2497834,1.82e-12,-1.02e-51,0.0,1.071638278,102.0,0.0,144.2497834,1.82e-12,3.7499999999999998e-34,0.0,4.219945002,102.0,1.35e-06,144.2497834,2.57e-12,1.2799999999999999e-28,7.04e-17
1.539080165,66.0,9.09e-13,1.935171757,66.00000001,9.35e-08,2.890293121,66.0049309,0.078901586,10.43293317,68.17069484,141.8624826,91.1821939,70.76652899,433.54932,1.539080165,66.0,9.09e-13,1.935171757,66.00000001,9.35e-08,2.890293121,66.0049309,0.078901586,10.43293317,68.17069484,141.8624826,91.1821939,70.76652899,433.54932,1.0,66.0,0.0,105.2615789,0.0,-9.6e-43,0.0,1.000000002,66.00000001,0.000425392,105.2615789,4.01e-07,-7.24e-25,-2.84e-18,1.001866705,66.01422618,0.476882105,105.2565744,0.365177895,-7.49e-07,-2.94e-06,2.464452819,69.52832477,6.633560175,102.6334776,75.83800206,-6.249238166,-0.119868655,17.67811783,69.98635077,6.918082929,99.98964672,74.66458448,4.290456463,0.081923642,1.0,10.00244403,1.14e-13,1.000000002,10.00244402,9.03e-08,1.001866705,9.99266225,0.094805538,2.464452819,8.325507389,21.71953309,17.67811783,636.4665458,945555000000.0,1.0,66.0,0.0,105.2615789,0.0,-9.6e-43,0.0,1.000000002,66.00000001,0.000425392,105.2615789,4.01e-07,-7.24e-25,-2.84e-18,1.001866705,66.01422618,0.476882105,105.2565744,0.365177895,-7.49e-07,-2.94e-06,2.464452819,69.52832477,6.633560175,102.6334776,75.83800206,-6.249238166,-0.119868655,17.67811783,69.98635077,6.918082929,99.98964672,74.66458448,4.290456463,0.081923642
1.619391217,171.6474847,18167.55716,1.946330682,202.6436276,19971.39408,2.532968808,239.6205067,20006.55832,3.10666985,251.6043933,19825.82887,12.35177006,195.4433863,23015.31303,1.619391217,171.6474847,18167.55716,1.946330682,202.6436276,19971.39408,2.532968808,239.6205067,20006.55832,3.10666985,251.6043933,19825.82887,12.35177006,195.4433863,23015.31303,1.619391217,171.6474847,134.7870808,265.3496711,30278.76498,-9915.655112,-0.472673307,1.946330682,202.6436276,141.3201828,278.8068417,30959.19356,-12323.39119,-0.566961659,2.532968808,239.6205067,141.4445415,298.5994124,30212.38836,-14474.88103,-0.680142366,3.031748001,256.3394027,139.2339911,310.0509949,29540.3716,-14070.22924,-0.676873902,9.363259948,238.6734079,150.4564711,350.6673019,34570.18632,-7517.282394,-0.309100224,1.619391217,3.900720939,149.3562766,1.946330682,7.080110434,257.790465,2.532968808,12.04552796,387.0229447,3.031748001,15.26445981,456.4878275,9.363259948,18.06697224,533.845963,1.619391217,171.6474847,134.7870808,265.3496711,30278.76498,-9915.655112,-0.472673307,1.946330682,202.6436276,141.3201828,278.8068417,30959.19356,-12323.39119,-0.566961659,2.532968808,239.6205067,141.4445415,298.5994124,30212.38836,-14474.88103,-0.680142366,3.031748001,256.3394027,139.2339911,310.0509949,29540.3716,-14070.22924,-0.676873902,9.363259948,238.6734079,150.4564711,350.6673019,34570.18632,-7517.282394,-0.309100224
1.99995786,102.0,8.53e-09,1.999974962,101.9999948,0.000217169,2.006632313,101.8680699,5.495401421,3.557862538,93.33282479,266.924727,28.55436754,93.18641815,264.5970457,1.99995786,102.0,8.53e-09,1.999974962,101.9999948,0.000217169,2.006632313,101.8680699,5.495401421,3.557862538,93.33282479,266.924727,28.55436754,93.18641815,264.5970457,1.0,102.0,0.0,144.2497834,0.0,0.0,0.0,1.0,102.0,0.0,144.2497834,0.0,0.0,0.0,1.0,102.0,1.91e-06,144.2497834,3.64e-12,-2.7300000000000004e-123,0.0,1.071637969,102.0,0.0,144.2497834,3.64e-12,9.250000000000001e-32,0.0,4.220731526,102.0,1.91e-06,144.2497834,4.07e-12,-1.02e-28,-3.98e-17,1.0,39.02892613,0.0,1.0,39.02892613,0.0,1.0,39.02892613,4.55e-13,1.071637969,39.02949374,6.2e-06,4.220731526,39.0112868,0.236749887,1.0,102.0,0.0,144.2497834,0.0,0.0,0.0,1.0,102.0,0.0,144.2497834,0.0,0.0,0.0,1.0,102.0,1.91e-06,144.2497834,3.64e-12,-2.7300000000000004e-123,0.0,1.071637969,102.0,0.0,144.2497834,3.64e-12,9.250000000000001e-32,0.0,4.220731526,102.0,1.91e-06,144.2497834,4.07e-12,-1.02e-28,-3.98e-17
1.428667052,84.8621477,1341.809866,1.779173478,90.54000693,1606.040842,2.661932679,93.04865149,1666.919853,11.55996088,87.91961654,15237.73452,120.8334774,136.5693507,75837.35728,1.428667052,84.8621477,1341.809866,1.779173478,90.54000693,1606.040842,2.661932679,93.04865149,1666.919853,11.55996088,87.91961654,15237.73452,120.8334774,136.5693507,75837.35728,1.428659105,84.86221463,36.63080911,144.643394,1342.075614,-15.41579958,-0.081925665,1.778026926,90.55112784,40.08545406,146.636248,1607.478901,-19.13959471,-0.07102861,2.49303392,94.36416997,41.81206954,146.703011,1749.409333,17.00859285,0.050967293,8.836664278,93.08476775,140.7211819,140.1523641,22729.71665,147.4975462,0.009922713,96.74933751,153.3793348,305.4239765,203.3834422,106827.5908,8512.908648,0.122157989,1.428659105,0.747252443,1.806046261,1.778026926,1.086795995,3.033118059,2.49303392,1.586108635,4.380733172,8.836664278,1.891662163,4.731821225,96.74933751,1.513686551,4.277029759,1.299418608,86.73825519,37.89944246,147.2566634,1436.367739,-2.78e-12,-2.43e-08,1.485028517,95.39510311,42.20766747,152.5163128,1781.487193,-2.29e-06,-2.39e-05,1.786828614,105.5744938,44.67173471,159.0330644,1995.566846,-1.833076794,-0.022127206,2.991097781,99.22733681,43.43242794,137.5067142,2015.544926,35.60214452,0.030764705,20.85151959,93.0260415,41.01915347,126.3880135,1877.303149,-78.50750649,-0.066329449
1.639223173,72.20019224,60.76069202,1.798390767,72.77625706,62.50245328,2.318137966,72.31319387,61.88964884,10.10636467,72.13570381,390.5359201,97.81695605,70.7676772,372.3942156,1.639223173,72.20019224,60.76069202,1.798390767,72.77625706,62.50245328,2.318137966,72.31319387,61.88964884,10.10636467,72.13570381,390.5359201,97.81695605,70.7676772,372.3942156,1.635218675,72.21537593,7.798404769,109.2660081,60.81511694,-6.67e-14,-8.97e-09,1.761647384,72.91759216,7.926436353,109.7313777,62.82839327,-1.16e-07,-2.4e-05,1.914276321,73.63308339,7.991581333,110.1946747,63.8660258,-0.094376049,-0.021969821,2.964039707,71.88692703,7.715887675,104.1470251,86.06773783,2.087374932,0.0343144,18.36072181,70.21251619,7.046628018,100.2190647,76.2101482,8.04742924,0.150197311,1.635218675,3.880237749,22.12981452,1.761647384,4.30383583,22.86241914,1.914276321,4.743516861,23.28571602,2.964039707,7.086775983,33.38671003,18.36072181,8.187601393,31.03762952,1.635218675,72.21537593,7.798404769,109.2660081,60.81511694,-6.67e-14,-8.97e-09,1.761647384,72.91759216,7.926436353,109.7313777,62.82839327,-1.16e-07,-2.4e-05,1.914276321,73.63308339,7.991581333,110.1946747,63.8660258,-0.094376049,-0.021969821,2.964039707,71.88692703,7.715887675,104.1470251,86.06773783,2.087374932,0.0343144,18.36072181,70.21251619,7.046628018,100.2190647,76.2101482,8.04742924,0.150197311
3.581245458,66.0,9.09e-13,3.737148121,66.0,0.0,3.946801881,66.00009029,0.008000345,10.82575988,69.05967525,241.595165,95.7000354,70.57187184,358.1022112,3.581245458,66.0,9.09e-13,3.737148121,66.0,0.0,3.946801881,66.00009029,0.008000345,10.82575988,69.05967525,241.595165,95.7000354,70.57187184,358.1022112,3.581245458,66.0,9.54e-07,122.3315168,2.23e-09,-1.2900000000000001e-47,-2.8700000000000003e-37,3.737148121,66.0,9.54e-07,122.3315148,8.77e-05,-9.57e-25,-1.07e-16,3.946327692,66.0000886,0.089297711,122.2540817,3.398735393,-3.11e-05,-0.000189134,9.617942693,69.06134553,16.31408168,118.0395321,368.265848,-15.67617715,-0.060229614,76.16752906,71.12684649,20.84865414,116.8663824,543.9462255,50.06907513,0.132801758,3.581245458,1.080798373,4.040803506,3.737148121,1.145724506,4.217610832,3.946327692,1.226589001,4.37204431,9.617942693,1.709083354,3.719443486,76.16752906,1.919271361,3.648665648,1.810335304,66.0,0.0,122.3315168,0.0,1.71e-241,0.0,1.881452383,66.0,9.54e-07,122.3315168,3.75e-12,1.02e-40,5.6e-29,1.959724378,66.0,9.54e-07,122.3315168,1.38e-06,-2.18e-34,-1.95e-25,3.125977895,66.0,0.0,120.3501507,81.79062523,-1.96e-15,0.0,19.92129172,66.00000033,0.001991688,115.8279786,228.0879193,-3.64e-05,-0.001209047
1.927680609,66.00000065,1.04e-05,1.956217883,66.00044545,0.007127099,2.195014482,66.27372632,4.362623101,11.50610534,68.81237356,192.1019323,98.95066065,70.47432899,351.4627192,1.927680609,66.00000065,1.04e-05,1.956217883,66.00044545,0.007127099,2.195014482,66.27372632,4.362623101,11.50610534,68.81237356,192.1019323,98.95066065,70.47432899,351.4627192,1.927680394,66.0,0.0,122.3315138,0.000129834,-1.21e-20,0.0,1.956087219,66.0,1.35e-06,122.3290047,0.11038371,3.99e-17,8.9e-11,2.113717265,66.00001382,0.035269288,120.4425055,78.21473953,-9.04e-05,-0.000289832,8.769996413,68.63235271,15.16517269,114.4347339,395.2735627,47.65521836,0.175261395,75.38789449,71.22469729,20.98847514,116.7626246,550.7665372,65.00147477,0.170332632,1.927680394,2.376781643,5.978997452,1.956087219,2.41340361,5.984386861,2.113717265,2.377201032,5.983187686,8.769996413,1.903742046,4.661333638,75.38789449,1.94070118,4.106147827,1.927680263,66.0,9.54e-07,122.3315168,9.09e-13,9.96e-59,0.0,1.955958393,66.0,9.54e-07,122.3315168,9.09e-13,1.16e-46,0.0,1.986052088,66.0,9.54e-07,122.3315168,1.36e-09,-6.8e-25,-1.94e-14,3.069317507,66.0,0.0,121.2666367,45.27474818,3.01e-14,0.0,18.94430748,66.00148909,0.133667042,117.1543693,191.1239192,-0.048764181,-0.026388766
2.99752413,102.0,4.02e-08,2.998514549,101.9999889,0.000467841,3.009056769,101.8703011,5.416003303,4.656627964,94.4132384,244.5953427,30.11670669,92.81390373,276.1859862,2.99752413,102.0,4.02e-08,2.998514549,101.9999889,0.000467841,3.009056769,101.8703011,5.416003303,4.656627964,94.4132384,244.5953427,30.11670669,92.81390373,276.1859862,1.0,102.0,0.0,144.2497834,0.0,0.0,0.0,1.0,102.0,0.0,144.2497834,0.0,0.0,0.0,1.0,102.0,1.35e-06,144.2497834,4.07e-12,9.970000000000001e-157,3.88e-145,1.07169279,102.0,1.35e-06,144.2497834,1.82e-12,1.51e-44,0.0,4.21851653,102.0,1.91e-06,144.2497834,5.14e-12,2.68e-28,7.36e-17,1.0,39.01726413,0.0,1.0,39.01726413,0.0,1.0,39.01726413,0.0,1.07169279,39.01919741,5.35e-05,4.21851653,39.03458672,0.18851202,1.0,102.0,0.0,144.2497834,0.0,0.0,0.0,1.0,102.0,0.0,144.2497834,0.0,0.0,0.0,1.0,102.0,1.35e-06,144.2497834,4.07e-12,9.970000000000001e-157,3.88e-145,1.07169279,102.0,1.35e-06,144.2497834,1.82e-12,1.51e-44,0.0,4.21851653,102.0,1.91e-06,144.2497834,5.14e-12,2.68e-28,7.36e-17
1.000634525,155.9393397,5.800322598,1.016117859,154.5036187,139.038414,1.816920474,114.7857778,2082.532156,12.10585772,74.09452577,704.972502,100.3838232,70.94539396,404.3048481,1.000634525,155.9393397,5.800322598,1.016117859,154.5036187,139.038414,1.816920474,114.7857778,2082.532156,12.10585772,74.09452577,704.972502,100.3838232,70.94539396,404.3048481,1.000035931,155.9967663,0.539465951,176.3906546,337.5528954,-8.98e-07,-9.06e-08,1.004468761,155.5996008,5.989624949,176.3058969,341.5815777,-0.012165406,-0.000110201,1.583199106,122.8469245,43.41256015,148.0939115,1914.902548,-48.8455038,-0.061106434,9.821862056,76.47317707,28.85998092,115.7626469,903.6458429,-123.5210036,-0.228610286,77.78118943,71.97351729,22.40265149,116.2697874,608.6924225,-14.35792593,-0.034534169,1.000035931,3.434921827,0.000391711,1.004468761,3.421205176,0.049282205,1.583199106,2.47366437,3.564076932,9.821862056,1.803196085,8.089596817,77.78118943,1.896079377,8.512725213,1.000000141,155.9999874,0.033739156,169.3871189,0.001138331,-6.58e-50,0.0,1.000077387,155.9930357,0.79166959,169.3807167,0.62674074,-9.240000000000001e-29,0.0,1.042615701,152.321355,17.81980976,166.0054076,317.5456197,-4.69e-07,-3.34e-06,2.414102376,108.6104964,44.9365138,130.290592,2038.705288,-49.89435686,-0.066273472,18.75227195,90.77626989,40.19739129,122.4828248,1722.467349,68.1826365,0.06944126
1.0,102.0,0.0,1.0,102.0,0.0,1.000002008,101.999992,3.22e-05,1.814519427,97.87629548,130.4272405,27.36416189,92.7858534,274.1833712,1.0,102.0,0.0,1.0,102.0,0.0,1.000002008,101.999992,3.22e-05,1.814519427,97.87629548,130.4272405,27.36416189,92.7858534,274.1833712,1.0,102.0,0.0,144.2497834,0.0,0.0,0.0,1.0,102.0,0.0,144.2497834,0.0,0.0,0.0,1.0,102.0,1.35e-06,144.2497834,1.82e-12,4.05e-157,0.0,1.071619206,102.0,1.91e-06,144.2497834,3.64e-12,6.649999999999999e-40,0.0,4.21932232,102.0,1.35e-06,144.2497834,4.07e-12,2.13e-28,8.28e-17,1.0,39.03416395,0.0,1.0,39.03416395,0.0,1.0,39.03416395,2.27e-13,1.071619206,39.03302081,2.04e-05,4.21932232,39.02543752,0.002921012,1.0,102.0,0.0,144.2497834,0.0,0.0,0.0,1.0,102.0,0.0,144.2497834,0.0,0.0,0.0,1.0,102.0,1.35e-06,144.2497834,1.82e-12,4.05e-157,0.0,1.071619206,102.0,1.91e-06,144.2497834,3.64e-12,6.649999999999999e-40,0.0,4.21932232,102.0,1.35e-06,144.2497834,4.07e-12,2.13e-28,8.28e-17
1.109991806,66.54718909,8.455609502,1.351215995,67.66340321,23.84754117,2.31342325,69.60091741,45.06566221,10.35103956,71.3849864,352.2035079,97.13905097,70.72703756,364.5079081,1.109991806,66.54718909,8.455609502,1.351215995,67.66340321,23.84754117,2.31342325,69.60091741,45.06566221,10.35103956,71.3849864,352.2035079,97.13905097,70.72703756,364.5079081,1.000128135,66.0,0.0,122.3254269,0.267567895,-2.62e-20,0.0,1.004654567,66.0,0.000156847,122.1916405,6.120602948,-6.05e-11,-1.56e-07,1.202221655,66.01085788,0.988479233,119.4623668,115.2654578,-0.049549318,-0.004669048,7.274814762,71.60928988,21.75711278,118.7995916,553.0100693,11.69122264,0.031779801,74.83285385,71.44002082,21.31171132,116.9051692,561.8424187,41.64143248,0.107441888,1.000128135,2.586065127,8.17e-06,1.004654567,2.585028722,0.000459836,1.202221655,2.60961657,0.150022507,7.274814762,2.23589844,2.979327907,74.83285385,1.953021446,3.50772283,1.0,66.0,9.54e-07,122.3315168,3.75e-12,-1.13e-57,-6.2099999999999995e-46,1.000000002,66.0,0.0,122.3315168,0.0,-2.34e-208,0.0,1.001186518,66.0,0.0,122.3314845,0.00141716,1.32e-51,0.0,2.299976245,66.0,2.32e-05,118.4560685,149.9882438,-1.39e-10,-4.88e-07,19.56266381,66.10226664,1.103059931,115.3835936,240.8078003,-0.212648567,-0.012423125
3.962332562,101.9999945,2.2e-05,3.978030885,101.9993013,0.002794208,4.080996753,101.9131863,0.339719043,5.4953339,99.49771752,74.04544296,32.27803838,92.23396005,273.4539031,3.962332562,101.9999945,2.2e-05,3.978030885,101.9993013,0.002794208,4.080996753,101.9131863,0.339719043,5.4953339,99.49771752,74.04544296,32.27803838,92.23396005,273.4539031,1.0,102.0,0.0,144.2497834,0.0,0.0,0.0,1.0,102.0,0.0,144.2497834,0.0,0.0,0.0,1.0,102.0,1.91e-06,144.2497834,4.07e-12,0.0,0.0,1.071659912,102.0,1.35e-06,144.2497834,2.57e-12,-9.780000000000001e-32,-5.37e-20,4.130664993,102.0,1.91e-06,144.2497834,5.14e-12,-6.21e-29,-1.71e-17,1.0,39.02319193,0.0,1.0,39.02319193,0.0,1.0,39.02319193,2.27e-13,1.071659912,39.02537289,6.75e-05,4.130664993,40.12160437,41.13135376,1.0,102.0,0.0,144.2497834,0.0,0.0,0.0,1.0,102.0,0.0,144.2497834,0.0,0.0,0.0,1.0,102.0,1.91e-06,144.2497834,4.07e-12,0.0,0.0,1.071659912,102.0,1.35e-06,144.2497834,2.57e-12,-9.780000000000001e-32,-5.37e-20,4.130664993,102.0,1.91e-06,144.2497834,5.14e-12,-6.21e-29,-1.71e-17
1.000003469,66.0,3.06e-08,1.000822523,66.00001239,0.001135097,1.213584435,66.37739385,34.95868694,11.5653335,72.02946205,463.3118166,103.2190382,70.74042397,382.1048949,1.000003469,66.0,3.06e-08,1.000822523,66.00001239,0.001135097,1.213584435,66.37739385,34.95868694,11.5653335,72.02946205,463.3118166,103.2190382,70.74042397,382.1048949,1.0,66.0,9.54e-07,100.6535464,36.09311906,-1.28e-29,-2.23e-24,1.000000001,66.00000001,0.000408301,100.4472853,40.38640224,-6.64e-17,-2.56e-14,1.002159691,66.02156108,0.586951783,100.1620666,45.00185293,-0.000213991,-5.43e-05,3.109597822,71.2906599,7.527248913,102.0083996,76.75719964,-3.909585929,-0.072178066,19.93275146,70.58031787,7.223775509,100.3999731,75.35121824,3.806071547,0.071463225,1.0,10.32515001,7.11e-14,1.000000001,10.32515,1.02e-07,1.002159691,10.30615923,0.179560289,3.109597822,6.560309466,28.4162833,19.93275146,7.534426114,31.34694797,1.0,66.0,9.54e-07,100.6535464,36.09311906,-1.28e-29,-2.23e-24,1.000000001,66.00000001,0.000408301,100.4472853,40.38640224,-6.64e-17,-2.56e-14,1.002159691,66.02156108,0.586951783,100.1620666,45.00185293,-0.000213991,-5.43e-05,3.109597822,71.2906599,7.527248913,102.0083996,76.75719964,-3.909585929,-0.072178066,19.93275146,70.58031787,7.223775509,100.3999731,75.35121824,3.806071547,0.071463225
4.981195144,102.0,1.82e-12,4.988703821,102.0,3.64e-12,4.996230576,101.9999997,1.3e-06,5.766331305,100.7678484,43.33841309,30.73269071,93.11581081,271.5038507,4.981195144,102.0,1.82e-12,4.988703821,102.0,3.64e-12,4.996230576,101.9999997,1.3e-06,5.766331305,100.7678484,43.33841309,30.73269071,93.11581081,271.5038507,1.0,102.0,0.0,144.2497834,0.0,0.0,0.0,1.0,102.0,0.0,144.2497834,0.0,0.0,0.0,1.0,102.0,1.35e-06,144.2497834,1.82e-12,-4.02e-286,0.0,1.07224199,102.0,0.0,144.2497834,1.82e-12,-6.41e-47,0.0,3.8812455,102.0,0.0,144.2497834,0.0,-7.36e-30,0.0,1.0,38.89708591,0.0,1.0,38.89708591,0.0,1.0,38.89708591,2.27e-13,1.07224199,38.92377715,0.431096321,3.8812455,43.48244559,155.6370956,1.0,102.0,0.0,144.2497834,0.0,0.0,0.0,1.0,102.0,0.0,144.2497834,0.0,0.0,0.0,1.0,102.0,1.35e-06,144.2497834,1.82e-12,-4.02e-286,0.0,1.07224199,102.0,0.0,144.2497834,1.82e-12,-6.41e-47,0.0,3.8812455,102.0,0.0,144.2497834,0.0,-7.36e-30,0.0
1.03340074,97.95340067,1.768603008,1.161107446,97.40209789,22.36279334,2.25657947,93.56486222,148.8668019,7.978035674,105.0847233,3116.79228,28.95644456,173.72041,14245.79664,1.03340074,97.95340067,1.768603008,1.161107446,97.40209789,22.36279334,2.25657947,93.56486222,148.8668019,7.978035674,105.0847233,3116.79228,28.95644456,173.72041,14245.79664,1.03340074,97.95340067,1.329888344,137.7418114,42.77976037,0.006223761,0.000715821,1.161107446,97.40209789,4.728931522,135.4894008,132.4153495,0.830635387,0.015375171,2.256579397,93.56485462,12.20102495,130.0455972,276.3995421,15.94954649,0.085660436,7.540389336,92.03057674,13.82765598,129.5206017,286.7462752,-1.156523368,-0.005721519,18.39050757,83.93276854,18.34850933,118.1336596,483.9179566,181.3195323,0.530028064,1.03340074,0.998039399,0.001251627,1.161107446,0.978553362,0.014037631,2.256579397,0.916472167,0.570257873,7.540389336,2.827188463,31.72415637,18.39050757,8.452597176,113.8376591,1.032133482,98.0,1.91e-06,138.5929291,4.07e-12,1.1400000000000001e-29,4.45e-18,1.142838272,98.0,0.0,138.5929291,0.0,1.88e-35,0.0,1.993204195,98.0,1.91e-06,138.5929291,4.07e-12,-6.75e-29,-2.63e-17,6.355868928,98.0,1.35e-06,138.5929291,2.57e-12,5.36e-29,2.95e-17,11.58252003,98.0,1.35e-06,138.5929291,5.75e-12,8.49e-29,2.7e-17
2.823546534,74.14837918,31.38446689,3.412931498,72.85455958,35.26972793,4.547544482,71.23239524,35.41078427,12.5950127,69.04673186,108.0751567,105.4033643,71.20303542,371.5866009,2.823546534,74.14837918,31.38446689,3.412931498,72.85455958,35.26972793,4.547544482,71.23239524,35.41078427,12.5950127,69.04673186,108.0751567,105.4033643,71.20303542,371.5866009,2.823534749,74.14841319,5.602171075,126.9130753,31.38432252,0.000462477,0.000805352,3.411827941,72.85677669,5.938512752,126.1501537,35.2707571,0.035385524,0.007802001,4.444202237,71.35406555,5.965129499,124.6059466,46.94437899,2.322005967,0.07034517,10.88118542,69.38902977,10.95783751,117.114122,283.546308,5.951182156,0.033886301,83.17546461,72.20537656,21.26412429,117.6937121,563.4619875,54.41301788,0.139556204,2.823534749,0.391153428,0.701731419,3.411827941,0.493296443,0.959398791,4.444202237,0.754249674,2.122175345,10.88118542,1.637731552,7.901626904,83.17546461,1.776653931,28.81086639,1.3212315,75.08243559,5.147678198,127.4612574,26.49859083,1.73e-14,2.49e-09,1.505930517,73.96849514,5.667894397,126.8082737,32.12502689,2.63e-08,6.49e-06,1.798121091,72.67363286,5.962064975,126.0435405,35.55171859,0.044939359,0.009531886,3.453903664,69.47526629,5.442951375,119.613682,179.1192858,13.69099457,0.189252182,21.10279908,66.93329636,3.213800596,116.1692737,233.3057853,3.79108429,0.077267126
1.171681429,74.58610276,2.000894583,1.444828714,75.23150574,3.409416575,2.199220401,76.17968305,4.012697516,5.442327079,84.2956167,196.7180794,32.88369474,90.97066534,281.538225,1.171681429,74.58610276,2.000894583,1.444828714,75.23150574,3.409416575,2.199220401,76.17968305,4.012697516,5.442327079,84.2956167,196.7180794,32.88369474,90.97066534,281.538225,1.0,74.0,0.0,74.0,0.0,0.0,0.0,1.0,74.0,0.0,74.0,0.0,0.0,0.0,1.0,74.0,0.0,74.0,0.0,0.0,0.0,1.0,74.0,0.0,97.98574333,41.31471735,4.55e-108,0.0,1.000006907,73.99997237,0.014868443,99.62835244,48.91410202,-6.96e-10,-6.69e-09,1.0,1814.319524,0.0,1.0,1814.319524,0.0,1.0,1814.319524,0.0,1.0,1814.319524,0.0,1.000006907,1814.313258,11.36966837,1.0,74.0,0.0,74.0,0.0,0.0,0.0,1.0,74.0,0.0,74.0,0.0,0.0,0.0,1.0,74.0,0.0,74.0,0.0,0.0,0.0,1.0,74.0,0.0,74.0,0.0,0.0,0.0,1.0,74.0,0.0,74.0,0.0,0.0,0.0
1.0,73.0,0.0,1.0,73.0,0.0,1.00000026,72.99999983,5.68e-05,2.742236449,76.15892328,141.8446185,31.03180562,77.47582174,286.4752453,1.0,73.0,0.0,1.0,73.0,0.0,1.00000026,72.99999983,5.68e-05,2.742236449,76.15892328,141.8446185,31.03180562,77.47582174,286.4752453,1.0,73.0,0.0,94.49338601,0.0,1.58e-96,0.0,1.0,73.0,0.0,94.49338601,0.0,6.22e-57,0.0,1.000000144,72.99999813,0.004924981,94.49338457,2.43e-05,2.33e-17,4.2e-11,1.279515689,70.3139777,5.263347499,94.55047681,182.3792419,4.787599596,0.06774894,9.616974715,65.70795002,12.10660989,103.8848166,1170.414115,133.379097,0.323304412,1.0,22.73221111,0.0,1.0,22.73221111,0.0,1.000000144,22.73221155,1.31e-06,1.279515689,22.62346078,14.34728968,9.616974715,16.40114296,164.1661306,1.0,73.0,0.0,73.0,0.0,0.0,0.0,1.0,73.0,0.0,73.0,0.0,0.0,0.0,1.0,73.0,0.0,73.0,0.0,0.0,0.0,1.0,73.0,0.0,73.0,0.0,0.0,0.0,1.0,73.0,0.0,73.0,0.0,0.0,0.0
1.87545943,66.0,6.89e-09,2.107413012,66.00000357,0.00032093,2.650257274,66.15118998,13.38107543,11.17900919,71.5556501,445.051194,100.2306477,70.43194115,361.5797953,1.87545943,66.0,6.89e-09,2.107413012,66.00000357,0.00032093,2.650257274,66.15118998,13.38107543,11.17900919,71.5556501,445.051194,100.2306477,70.43194115,361.5797953,1.778185279,66.0,8.52e-05,122.3315168,7.29e-09,2.17e-14,1.01e-05,1.86035527,66.00000404,0.019066602,122.3315204,0.000364594,1.63e-07,0.001623645,2.021760827,66.19456523,4.180073566,122.4966467,17.51063778,0.521373284,0.116449028,8.015010997,73.15579293,24.34781286,123.290724,629.0046651,121.6336584,0.34450758,74.46644227,71.50309871,21.52470506,117.3510972,565.9043392,43.23868476,0.111437343,1.778185279,2.217555923,5.913570408,1.86035527,2.33920587,5.973072829,2.021760827,2.422818915,5.898666054,8.015010997,2.059270727,4.016008582,74.46644227,1.963230724,3.67956225,1.778185229,66.0,0.0,122.3315168,0.0,-1.5500000000000002e-163,0.0,1.860299737,66.0,0.0,122.3315168,1.82e-12,-2.3200000000000002e-181,0.0,1.951998695,66.0,1.35e-06,122.3315168,1.31e-09,-3.39e-25,-6.95e-15,3.060821653,66.0,0.0,121.2627502,45.43439699,8.16e-16,0.0,19.87646197,66.00825002,0.314534849,115.9156941,225.9193265,-0.045240268,-0.00956929
1.00014606,66.00090947,0.014550705,1.006554449,66.04509434,0.71947591,1.306755768,67.73317252,24.72978786,10.14368862,69.11298707,181.7405415,101.2550421,71.60587396,484.9396026,1.00014606,66.00090947,0.014550705,1.006554449,66.04509434,0.71947591,1.306755768,67.73317252,24.72978786,10.14368862,69.11298707,181.7405415,101.2550421,71.60587396,484.9396026,1.0,66.0,0.0,122.3315168,3.64e-12,1.1599999999999999e-83,0.0,1.000000004,66.0,9.54e-07,122.3315168,8.07e-07,-2.85e-29,-3.33e-20,1.005386851,66.00000356,0.01790665,122.3107079,0.913950805,-6.26e-08,-3.66e-06,6.994234912,68.71768816,15.29581838,116.5109992,360.559001,-4.412788487,-0.017417779,78.54720667,72.62795909,24.57893516,116.7167296,712.24718,-13.04970617,-0.027334644,1.0,10.10636401,2.98e-13,1.000000004,10.10636397,3.86e-07,1.005386851,10.05573642,0.486976536,6.994234912,2.675717721,14.35859476,78.54720667,1.878528957,8.748673883,1.0,66.0,0.0,122.3315168,1.82e-12,-1.56e-118,0.0,1.000000001,66.0,0.0,122.3315168,1.2e-06,-4.73e-148,0.0,1.001767134,66.0,0.0,122.3017623,1.306358897,2.23e-22,0.0,2.649112165,66.0,9.54e-07,114.6378505,257.0055044,-3.76e-16,-2.46e-11,20.42537128,66.00007232,0.029485215,114.0567119,269.6410501,-0.000264251,-0.000545782
1.996004892,60.00376832,1.691962208,1.998973519,60.30968041,138.9441088,2.178759842,90.43595977,12683.19854,9.769859256,194.1839303,33113.03133,38.30629692,188.6229235,21472.43399,1.996004892,60.00376832,1.691962208,1.998973519,60.30968041,138.9441088,2.178759842,90.43595977,12683.19854,9.769859256,194.1839303,33113.03133,38.30629692,188.6229235,21472.43399,1.99598814,60.0,0.0,84.85281374,4.55e-13,2.68e-31,0.0,1.997590949,60.0,1.65e-06,84.85281374,1.39e-11,4.92e-18,8.06e-07,1.99922827,60.0005886,0.149554522,84.85399004,0.046568936,6.2e-05,0.002050248,4.830588343,79.40227098,18.99574105,112.6623933,509.8111638,190.6106294,0.528753403,19.73583511,83.11894677,18.54816103,117.6109841,514.0980087,379.5275125,1.046889683,1.99598814,7.972900809,63.80462826,1.997590949,7.979322867,63.80479323,1.99922827,7.985632992,63.80464266,4.830588343,4.710974014,49.2048771,19.73583511,7.931527638,215.6454786,1.99598814,60.0,0.0,84.85281374,4.55e-13,0.0,0.0,1.997590949,60.0,0.0,84.85281374,0.0,0.0,0.0,1.999197302,60.0,9.54e-07,84.85281374,9.09e-13,4.43e-40,0.0,2.364157184,60.0,0.0,84.85281374,0.0,2.2200000000000002e-29,0.0,7.726945553,60.0,9.54e-07,84.85281374,1.02e-12,-2.4400000000000002e-29,-3.8e-17
2.987590594,65.99999996,2.37e-07,2.992559648,65.99995233,0.000289993,3.037891426,65.97609566,3.301812269,11.9435592,70.66374566,380.2263907,104.8081074,71.06325754,355.1727496,2.987590594,65.99999996,2.37e-07,2.992559648,65.99995233,0.000289993,3.037891426,65.97609566,3.301812269,11.9435592,70.66374566,380.2263907,104.8081074,71.06325754,355.1727496,2.987590574,66.0,1.91e-06,122.3315168,4.07e-12,2.27e-13,0.088109436,2.992535784,66.00000004,0.001925866,122.3315168,3.92e-06,3.38e-07,0.154900904,3.00509004,66.03326501,1.729954311,122.3252868,3.305267778,0.28539845,0.139281891,10.11382958,71.77510219,20.87751793,118.6473686,526.0651526,-0.330721577,-0.000923001,83.48336807,71.9205384,20.70752046,117.596844,534.8300969,24.951754,0.067396816,2.987590574,3.205661173,20.78720012,2.992535784,3.21637439,20.82227086,3.00509004,3.22047923,20.82705543,10.11382958,1.862252922,11.79445346,83.48336807,1.771638281,9.655425357,1.0,66.0,0.0,122.3315168,0.0,6.32e-44,0.0,1.000000001,66.0,9.54e-07,122.3315168,1.14e-06,8.600000000000001e-26,8.45e-17,1.00174798,66.00000005,0.000774822,122.3022579,1.284617209,5.46e-07,0.000621645,2.900627509,67.12959637,3.504164452,116.2236234,234.8996636,3.712447427,0.069172222,22.78996687,67.558789,4.034308471,116.5963873,231.9600061,11.16395796,0.181919137
2.975197901,66.0,1.82e-12,2.992308758,66.0,1.59e-09,3.255935173,66.00231451,0.20819139,11.31291909,70.12361957,312.4879182,106.5405978,71.28092246,358.3618317,2.975197901,66.0,1.82e-12,2.992308758,66.0,1.59e-09,3.255935173,66.00231451,0.20819139,11.31291909,70.12361957,312.4879182,106.5405978,71.28092246,358.3618317,2.975197901,66.0,1.35e-06,122.3254251,0.267646673,8.21e-17,1.18e-10,2.992308758,66.0,3.98e-05,122.1909911,6.148898637,9.43e-11,9.54e-07,3.25560803,66.00231328,0.456277189,119.0322378,130.3658993,-0.001268685,-0.000243525,10.06361815,70.31324281,18.57224331,116.6973941,465.0783576,84.224839,0.256757194,84.28744051,71.67593608,20.88506628,116.6466397,553.8096511,60.45743517,0.156704645,2.975197901,0.784423036,1.233204779,2.992308758,0.790185571,1.239170772,3.25560803,0.927954976,1.488022517,10.06361815,1.61175823,3.019332117,84.28744051,29.87692993,42374142212.0,1.986848337,66.0,0.0,122.3315168,0.0,2.1900000000000003e-43,0.0,1.992088119,66.0,9.54e-07,122.3315168,9.09e-13,8.96e-26,0.0,1.998325334,66.00000001,0.00032345,122.3315168,1.56e-06,7.34e-08,0.181704331,3.304642409,66.4819135,2.355996894,120.3089957,93.66874832,3.062070586,0.134407984,22.29339044,66.78394272,2.967142342,115.7049094,243.4154784,10.11291879,0.218527535
1.007003175,65.98281469,0.103132355,1.06756635,65.83527642,1.039139855,1.79756151,65.54332886,17.46555746,12.06903551,74.704579,673.0962353,120.8162167,155.9429386,98715.71453,1.007003175,65.98281469,0.103132355,1.06756635,65.83527642,1.039139855,1.79756151,65.54332886,17.46555746,12.06903551,74.704579,673.0962353,120.8162167,155.9429386,98715.71453,1.004113763,66.0,9.54e-07,122.3315168,2.91e-11,-7.47e-14,-0.014511312,1.037030812,66.00000001,0.001082654,122.3315167,1.03e-05,-1.62e-07,-0.04667828,1.354015191,66.0390917,1.875293177,122.2831555,5.6762267,-0.48853699,-0.123417324,8.846132651,77.04063388,29.5257468,118.5000206,947.114621,-241.1088649,-0.424421675,97.45119829,176.8473178,346.5513228,215.7955944,127340.703,5743.692862,0.080552485,1.004113763,1.599627659,0.0515507,1.037030812,1.711986498,0.435039532,1.354015191,2.464827239,2.39689295,8.846132651,1.85205335,3.611044888,97.45119829,48024.46291,72303800000000.0,1.0,66.0,9.54e-07,113.9313895,702.1149875,-1.19e-13,-4.7e-09,1.0,66.00000001,0.001102518,113.793433,702.21074,-3.97e-07,-1.36e-05,1.001195739,66.05286753,2.180661174,112.0184339,698.1526359,-1.324588103,-0.022989128,3.143436961,97.07006802,42.78968327,125.5646128,1908.105444,-409.5652901,-0.413010975,22.28585453,98.61146376,45.99322057,129.7442767,3174.346962,-249.4744641,-0.111494401
1.004059761,101.8301795,7.103622836,1.036736735,100.5117322,60.2923041,1.335334957,91.53545235,329.6735644,3.0200652,86.87629755,374.4419675,29.31899142,90.97313411,315.5752932,1.004059761,101.8301795,7.103622836,1.036736735,100.5117322,60.2923041,1.335334957,91.53545235,329.6735644,3.0200652,86.87629755,374.4419675,29.31899142,90.97313411,315.5752932,1.0,102.0,0.0,144.2497834,0.0,0.0,0.0,1.0,102.0,0.0,144.2497834,0.0,0.0,0.0,1.0,102.0,0.0,144.2497834,3.64e-12,-8.97e-87,0.0,1.071365721,102.0,1.91e-06,144.2497834,5.14e-12,2.53e-29,6.96e-18,4.218173266,102.0,1.91e-06,144.2497834,5.14e-12,-8.67e-29,-2.38e-17,1.0,39.08447289,0.0,1.0,39.08447289,0.0,1.0,39.08447289,2.27e-13,1.071365721,39.08076633,0.000192602,4.218173266,39.03764008,0.001353898,1.0,102.0,0.0,144.2497834,0.0,0.0,0.0,1.0,102.0,0.0,144.2497834,0.0,0.0,0.0,1.0,102.0,0.0,144.2497834,3.64e-12,-8.97e-87,0.0,1.071365721,102.0,1.91e-06,144.2497834,5.14e-12,2.53e-29,6.96e-18,4.218173266,102.0,1.91e-06,144.2497834,5.14e-12,-8.67e-29,-2.38e-17
1.000000818,66.0,0.0,1.000303863,66.0,5.46e-11,1.129663734,66.00149212,0.135060344,9.121993408,69.97610911,332.5821223,97.29301745,71.05769188,386.8564435,1.000000818,66.0,0.0,1.000303863,66.0,5.46e-11,1.129663734,66.00149212,0.135060344,9.121993408,69.97610911,332.5821223,97.29301745,71.05769188,386.8564435,1.0,66.0,0.0,93.33809512,0.0,-3.2300000000000003e-107,0.0,1.0,66.0,0.0,93.33809512,8.37e-11,4.59e-50,0.0,1.000029692,66.00000003,0.000726122,93.33887738,0.017698765,4.58e-15,4.74e-11,1.855028762,67.33408866,4.423304879,96.72551816,47.43197932,2.025656783,0.069668127,18.80884162,69.70617545,6.750041037,99.23871351,69.65037966,3.764600392,0.076840387,1.0,15.03980398,0.0,1.0,15.03980398,8.53e-14,1.000029692,15.03976516,5.15e-05,1.855028762,12.34584475,27.78166534,18.80884162,8.037900687,44.98070649,1.0,66.0,0.0,93.33809512,0.0,-3.2300000000000003e-107,0.0,1.0,66.0,0.0,93.33809512,8.37e-11,4.59e-50,0.0,1.000029692,66.00000003,0.000726122,93.33887738,0.017698765,4.58e-15,4.74e-11,1.855028762,67.33408866,4.423304879,96.72551816,47.43197932,2.025656783,0.069668127,18.80884162,69.70617545,6.750041037,99.23871351,69.65037966,3.764600392,0.076840387
1.163576843,107.3305249,11232.42903,1.424794583,144.6838499,18220.38927,2.609080226,205.9355706,22789.08157,4.675734583,240.1921063,21921.23339,14.4143123,203.1040285,24511.87382,1.163576843,107.3305249,11232.42903,1.424794583,144.6838499,18220.38927,2.609080226,205.9355706,22789.08157,4.675734583,240.1921063,21921.23339,14.4143123,203.1040285,24511.87382,1.163576843,107.3305249,105.9831545,247.2124042,27087.56447,-3092.56217,-0.185858639,1.424794583,144.6838499,134.9829221,263.5509882,30646.24921,-4827.381287,-0.227823252,2.609080226,205.9355706,150.9605299,291.5512127,33367.26266,-5934.534633,-0.251808741,4.663900659,240.6493158,147.9670928,309.2382464,32389.91257,-8872.321262,-0.388106982,11.62427463,237.4516023,155.8850156,346.812061,36401.82857,-7098.640356,-0.276604093,1.163576843,0.595026586,1.084309378,1.424794583,0.949965122,20.41171704,2.609080226,5.142689479,240.8707254,4.663900659,11.18937249,494.7234143,11.62427463,14.76672047,551.9283424,1.163576843,107.3305249,105.9831545,247.2124042,27087.56447,-3092.56217,-0.185858639,1.424794583,144.6838499,134.9829221,263.5509882,30646.24921,-4827.381287,-0.227823252,2.609080226,205.9355706,150.9605299,291.5512127,33367.26266,-5934.534633,-0.251808741,4.663900659,240.6493158,147.9670928,309.2382464,32389.91257,-8872.321262,-0.388106982,11.62427463,237.4516023,155.8850156,346.812061,36401.82857,-7098.640356,-0.276604093
1.994815916,66.00000001,1.08e-07,2.000704327,66.00002875,0.000460048,2.262512348,66.11372107,2.213945673,10.90351919,70.44436212,335.3728757,101.0693081,70.40508061,351.4860737,1.994815916,66.00000001,1.08e-07,2.000704327,66.00002875,0.000460048,2.262512348,66.11372107,2.213945673,10.90351919,70.44436212,335.3728757,101.0693081,70.40508061,351.4860737,1.99481537,66.0,9.54e-07,122.3295074,0.088295005,-1.3e-20,-4.59e-14,2.000526076,66.0,0.000102802,122.2594437,3.160258258,-3.68e-11,-2.01e-07,2.191243735,66.00565525,0.713400859,119.9883284,95.75452473,-0.028589706,-0.00409543,8.238073668,70.94263332,20.50296601,118.4937604,507.0253659,-17.30826422,-0.050138757,76.86293326,71.38025491,20.98361935,116.8381639,550.3591469,32.76830462,0.085940276,1.99481537,1.346402451,1.818137569,2.000526076,1.349250616,1.816194247,2.191243735,1.463211212,1.916441307,8.238073668,1.977899771,3.255290869,76.86293326,1.901607911,3.562030601,1.0,66.0,0.0,122.3315168,3.64e-12,-2.2699999999999997e-104,0.0,1.000000001,66.0,9.54e-07,122.3315168,2.03e-12,1.77e-67,1.38e-55,1.001057993,66.0,9.54e-07,122.3315168,1.41e-06,7.59e-22,6.7e-13,2.151262179,66.00105544,0.112534968,120.2461152,85.813799,-0.016632962,-0.015955247,20.17839721,66.48715566,2.368237167,115.8640802,234.3835039,3.959112789,0.109212248
1.001112593,74.0,0.0,1.020207111,74.0,1.82e-12,1.502841622,74.00004018,0.000661996,5.640845137,75.3344412,47.78993413,35.19905243,76.92203957,539.1779409,1.001112593,74.0,0.0,1.020207111,74.0,1.82e-12,1.502841622,74.00004018,0.000661996,5.640845137,75.3344412,47.78993413,35.19905243,76.92203957,539.1779409,1.001083192,74.0,0.0,74.0,0.0,0.0,0.0,1.018297158,74.0,9.54e-07,123.1566909,4436.107326,-1.34e-275,-2.11e-271,1.378765596,74.0,0.0,125.6372961,4675.096593,5.929999999999999e-91,0.0,3.417864721,74.00000094,0.012113623,126.1466024,4690.099354,2.41e-06,2.9e-06,10.81162874,77.48458403,21.76643448,127.7876993,4632.212209,263.8195174,0.178553009,1.001083192,1.977760643,0.006960151,1.018297158,1.989889762,0.39207413,1.378765596,3.074319645,16.81711001,3.417864721,11.03658449,1034.334678,10.81162874,21.27544503,2965.56569,1.001083192,74.0,0.0,74.0,0.0,0.0,0.0,1.018297158,74.0,9.54e-07,74.0,9.09e-13,0.0,0.0,1.378763695,74.0,1.35e-06,74.0,1.82e-12,0.0,0.0,2.684099186,74.0,0.0,74.0,0.0,0.0,0.0,2.965799663,74.0,0.0,74.0,0.0,0.0,0.0
1.111876305,80.39008992,23.16675084,1.268761631,78.61072183,42.74124416,1.726344583,75.26815002,62.39288052,9.622656632,70.31346578,227.2885903,101.7931906,70.82170478,357.0375115,1.111876305,80.39008992,23.16675084,1.268761631,78.61072183,42.74124416,1.726344583,75.26815002,62.39288052,9.622656632,70.31346578,227.2885903,101.7931906,70.82170478,357.0375115,1.000000093,81.99999851,0.004889135,105.2615778,2.39e-05,-4.64e-133,0.0,1.000060553,81.99903121,0.124497594,105.2608242,0.015499651,1.9900000000000003e-21,1.18e-14,1.039269716,81.395426,3.050848118,104.7912946,9.307674236,-1.79e-08,-2.37e-06,2.403786198,73.6065505,7.990318985,100.0841271,68.84194803,-4.815634115,-0.118770951,19.17744483,70.38025459,7.133614688,99.85223139,74.17086411,2.65129692,0.050595599,1.000000093,4.670482888,1e-05,1.000060553,4.671109762,0.006509764,1.039269716,5.062282506,3.909087329,2.403786198,8.634050837,26.16210815,19.17744483,7.841810704,33.36974762,1.000000093,81.99999851,0.004889135,105.2615778,2.39e-05,-4.64e-133,0.0,1.000060553,81.99903121,0.124497594,105.2608242,0.015499651,1.9900000000000003e-21,1.18e-14,1.039269716,81.395426,3.050848118,104.7912946,9.307674236,-1.79e-08,-2.37e-06,2.403786198,73.6065505,7.990318985,100.0841271,68.84194803,-4.815634115,-0.118770951,19.17744483,70.38025459,7.133614688,99.85223139,74.17086411,2.65129692,0.050595599
10.7821133,114.7708533,24649.75295,11.50889211,114.4067525,24233.6427,13.97510156,110.5589315,21296.95723,35.91105358,99.50671988,18525.54407,191.2934806,122.1937009,30303.44535,10.7821133,114.7708533,24649.75295,11.50889211,114.4067525,24233.6427,13.97510156,110.5589315,21296.95723,35.91105358,99.50671988,18525.54407,191.2934806,122.1937009,30303.44535,10.75454056,114.9112761,157.1790054,200.9526203,39258.73852,16080.417,0.585702463,11.37808164,115.032251,156.453914,224.121458,66502.60279,4517.805737,0.116125547,12.99998313,114.3513169,150.6263721,318.9127675,173164.4139,-21185.00832,-0.33945197,21.84895905,123.6931887,169.7818549,351.9104256,203005.5974,-5834.743882,-0.076663391,112.2495617,155.8051251,219.2498183,309.700825,129272.8383,338.1161808,0.004451751,10.75454056,0.095247969,0.097410867,11.37808164,0.103495175,0.104134735,12.99998313,0.172131413,0.303044338,21.84895905,1.029305048,15.33289898,112.2495617,1.376124904,25.85418888,1.969054164,69.93713563,3.999505978,101.8194625,15.99604807,0.0,0.0,1.98131589,69.96227939,3.999822141,101.8367347,15.99857716,0.0,0.0,1.993732767,69.98742613,3.999980237,101.8540123,15.9998419,0.0,0.0,1.999371502,69.99874261,3.999999802,101.8617886,15.99999842,0.0,0.0,1.999937132,69.99987426,3.999999998,101.8625662,15.99999998,0.0,0.0
1.000087361,66.0,0.0,1.003698633,66.0,4.75e-08,1.192706177,66.01648105,1.027649735,9.911342042,70.77416121,361.9709813,97.69942776,70.82795677,370.160935,1.000087361,66.0,0.0,1.003698633,66.0,4.75e-08,1.192706177,66.01648105,1.027649735,9.911342042,70.77416121,361.9709813,97.69942776,70.82795677,370.160935,1.000087361,66.0,0.0,122.3295078,0.088276334,-7.85e-21,0.0,1.003698599,66.0,0.000142898,122.2594521,3.159888853,-2.58e-11,-1.02e-07,1.18892817,66.01031531,0.963468351,119.9582289,96.98457652,-0.038137877,-0.004019552,7.892115755,71.20215717,20.91214436,116.8717054,542.5396697,1.637014341,0.004368544,76.51801169,71.51841939,21.32921758,116.5957957,566.1772235,74.88882953,0.191252354,1.000087361,2.696587095,1.12e-05,1.003698599,2.695380669,0.000599773,1.18892817,2.700471849,0.161914677,7.892115755,2.062254557,3.145642317,76.51801169,1.910222778,3.574403197,1.0,66.0,0.0,122.3315168,1.82e-12,7.08e-59,0.0,1.000000002,66.0,9.54e-07,122.3315168,1.6e-06,-6.1000000000000005e-22,-5.06e-13,1.001957366,66.0,0.0,122.2987994,1.436313886,2.46e-16,0.0,2.642514851,66.0,9.54e-07,114.8238754,252.7542966,-5.84e-16,-3.85e-11,20.08586235,66.00729953,0.295873483,114.4769621,260.6945968,-0.152814502,-0.0319884
1.0,98.0,0.0,1.0,98.0,0.0,1.000000025,97.99999921,3.05e-05,1.974254448,95.73484865,136.0007488,27.47318336,93.37065248,257.9358889,1.0,98.0,0.0,1.0,98.0,0.0,1.000000025,97.99999921,3.05e-05,1.974254448,95.73484865,136.0007488,27.47318336,93.37065248,257.9358889,1.0,98.0,0.0,114.9086615,0.000156285,1.41e-49,0.0,1.0,98.0,0.0,114.9099721,0.095525537,1.18e-28,0.0,1.000000022,97.9999992,0.005521697,115.6868351,53.95087146,9.2e-08,2.27e-06,1.32726414,92.68082792,13.18464817,120.1289794,394.7240891,37.54073727,0.151250483,10.42468856,79.34391384,18.97174423,110.7016208,512.4037505,151.5471151,0.418282078,1.0,25.49720001,0.0,1.0,25.49720001,0.0,1.000000022,25.49719958,9.21e-06,1.32726414,22.88947878,57.78724276,10.42468856,515868.5266,777000000000000.0,1.0,98.0,0.0,138.5929291,0.0,0.0,0.0,1.0,98.0,0.0,138.5929291,0.0,0.0,0.0,1.000000001,98.0,1.91e-06,138.5929291,3.64e-12,-1.72e-227,0.0,1.141476078,98.0,1.35e-06,138.5929291,4.07e-12,3.9000000000000003e-29,1.52e-17,5.293596948,98.0,2.34e-06,138.5929291,1.06e-11,-8.76e-28,-1.24e-16
1.035533114,66.0,1.82e-12,1.135125465,66.0,3.11e-07,1.590382083,66.0203136,1.798685146,10.08495128,71.17006277,398.4204474,98.89864294,71.00747316,386.737389,1.035533114,66.0,1.82e-12,1.135125465,66.0,3.11e-07,1.590382083,66.0203136,1.798685146,10.08495128,71.17006277,398.4204474,98.89864294,71.00747316,386.737389,1.035532941,66.0,9.54e-07,121.5717852,32.61255935,-4.91e-37,-9.010000000000001e-32,1.135037685,66.0,0.000557905,119.9558626,96.79806999,-1.47e-08,-2.68e-06,1.545857772,66.02049374,1.357945856,115.7732513,229.9441092,-0.28576204,-0.013877714,8.149316322,71.71487842,21.91798164,116.8312656,584.8549307,2.312317597,0.005776295,78.30535004,71.74644771,21.71695756,116.6406809,582.5379992,28.09024999,0.069949588,1.035532941,1.072553181,0.33813849,1.135037685,1.343009618,1.069742357,1.545857772,2.099224587,2.419363527,8.149316322,2.024643999,4.005138963,78.30535004,1.869230709,4.330147281,1.0,66.0,9.54e-07,122.3315168,2.03e-12,-2.0099999999999999e-28,-1.56e-16,1.000000001,66.0,0.0,122.3315168,9.37e-07,-7.929999999999999e-38,0.0,1.001655505,66.0,0.0,122.3041083,1.203444211,-1.56e-28,0.0,2.513361947,66.00000057,0.00262258,115.8377249,227.8343467,-1.44e-05,-0.000364164,19.8926518,66.12335992,1.210413735,115.0226014,249.7788043,0.556808713,0.029107045
4.304846906,102.0,0.0,4.556139129,102.0,1.82e-12,4.842176147,101.9999881,0.000499883,5.842921038,99.73077141,84.73365532,30.18121534,94.50265194,236.1246052,4.304846906,102.0,0.0,4.556139129,102.0,1.82e-12,4.842176147,101.9999881,0.000499883,5.842921038,99.73077141,84.73365532,30.18121534,94.50265194,236.1246052,1.0,102.0,0.0,144.2497834,0.0,0.0,0.0,1.0,102.0,0.0,144.2497834,0.0,0.0,0.0,1.0,102.0,0.0,144.2497834,0.0,-7.509999999999999e-52,0.0,1.070968571,102.0,0.0,144.2497834,3.64e-12,-2.74e-35,0.0,4.148795069,102.0,0.0,144.2497834,1.82e-12,-1.7300000000000001e-29,0.0,1.0,39.16355085,0.0,1.0,39.16355085,0.0,1.0,39.16355085,2.27e-13,1.070968571,39.15594916,0.00081563,4.148795069,39.88939544,31.44958713,1.0,102.0,0.0,144.2497834,0.0,0.0,0.0,1.0,102.0,0.0,144.2497834,0.0,0.0,0.0,1.0,102.0,0.0,144.2497834,0.0,-7.509999999999999e-52,0.0,1.070968571,102.0,0.0,144.2497834,3.64e-12,-2.74e-35,0.0,4.148795069,102.0,0.0,144.2497834,1.82e-12,-1.7300000000000001e-29,0.0
1.06347745,73.99999078,0.000129023,1.252535253,73.99773306,0.031734721,2.07473744,73.64216095,6.100946626,5.967795011,76.50097522,92.12547057,30.15064319,80.99810019,2805.868406,1.06347745,73.99999078,0.000129023,1.252535253,73.99773306,0.031734721,2.07473744,73.64216095,6.100946626,5.967795011,76.50097522,92.12547057,30.15064319,80.99810019,2805.868406,1.03214238,74.0,9.54e-07,74.0,9.09e-13,0.0,0.0,1.12712964,74.0,1.35e-06,123.1563766,4436.051695,-1.27e-234,-1.41e-230,1.502823546,74.0,0.0,125.6371253,4675.068178,3.96e-87,0.0,1.933561939,74.00000197,0.017504687,126.1465824,4690.095977,9.77e-06,8.15e-06,5.828803329,77.10201741,21.69367384,128.0188384,4711.942831,428.0616831,0.288178616,1.03214238,7.12173269,1169.021849,1.12712964,23.19350571,3877.241889,1.502823546,66.85154203,8626.277873,1.933561939,96.02947044,9674.991861,5.828803329,43.4570878,6219.652588,1.03214238,74.0,9.54e-07,74.0,9.09e-13,0.0,0.0,1.12712964,74.0,1.35e-06,74.0,1.82e-12,0.0,0.0,1.502823546,74.0,0.0,74.0,0.0,0.0,0.0,1.93355855,74.0,0.0,74.0,0.0,0.0,0.0,1.99314842,74.0,0.0,74.0,0.0,0.0,0.0
1.995183591,66.00000003,2.64e-06,1.997114256,66.00013855,0.01246925,2.037487841,66.64230636,57.39409153,10.33495448,72.87754749,545.0190154,101.0153769,78.96560449,9823.361517,1.995183591,66.00000003,2.64e-06,1.997114256,66.00013855,0.01246925,2.037487841,66.64230636,57.39409153,10.33495448,72.87754749,545.0190154,101.0153769,78.96560449,9823.361517,1.995183591,66.00000003,0.001624489,122.3315168,2.64e-06,-4.73e-12,-8.42e-06,1.997114251,66.00013855,0.111665797,122.3316172,0.012478958,-4.85e-06,-0.00195635,2.035741552,66.64284485,7.579101996,122.7254943,57.6210587,-0.73552399,-0.045600941,8.902147973,73.54598754,24.93744736,119.0007353,707.9262221,50.09479853,0.109221015,80.7265396,81.52585792,110.6614707,125.2540307,13100.65442,253.863295,0.033625667,1.995183591,2.993275642,8.994683353,1.997114251,2.996167409,8.994703001,2.035741552,2.976228569,8.9363398,8.902147973,1.991512901,8.517753961,80.7265396,1.830214564,9.308697599,1.0,66.0,0.0,122.3315168,1.82e-12,1.85e-150,0.0,1.000000002,66.0,0.0,122.3315168,1.6e-06,5.68e-49,0.0,1.001999012,66.0,0.0,122.2987664,1.437761802,-2.46e-16,0.0,2.588134542,66.00471393,0.23779189,115.3495299,240.2686413,-0.041965132,-0.011385262,20.77843521,66.30993532,1.90346104,114.6699523,260.3158306,2.875424614,0.093632957
1.999958552,66.0,9.09e-13,2.000635632,66.00000002,1.78e-06,2.142306099,66.03196625,2.875939105,9.359592465,71.60678622,456.2008311,99.21549309,76.54659273,3928.294788,1.999958552,66.0,9.09e-13,2.000635632,66.00000002,1.78e-06,2.142306099,66.03196625,2.875939105,9.359592465,71.60678622,456.2008311,99.21549309,76.54659273,3928.294788,1.0,66.0,0.0,93.33809512,9.09e-13,-1.41e-98,0.0,1.0,66.0,9.54e-07,93.33809512,1.61e-07,-9.83e-36,-2.5700000000000002e-26,1.000029957,66.00000004,0.000813273,93.34778542,0.219066683,7.36e-14,1.93e-10,1.799714812,67.35029808,4.447635811,97.01703983,50.63577294,1.722828019,0.056736692,17.0102778,69.83193112,6.7889641,99.5242692,71.33423338,2.023874884,0.04040176,1.0,15.02827001,0.0,1.0,15.02827001,7.11e-13,1.000029957,15.02811969,0.000755468,1.799714812,12.27582139,14.87625081,17.0102778,8.837001038,27.59668186,1.0,66.0,0.0,93.33809512,9.09e-13,-1.41e-98,0.0,1.0,66.0,9.54e-07,93.33809512,1.61e-07,-9.83e-36,-2.5700000000000002e-26,1.000029957,66.00000004,0.000813273,93.34778542,0.219066683,7.36e-14,1.93e-10,1.799714812,67.35029808,4.447635811,97.01703983,50.63577294,1.722828019,0.056736692,17.0102778,69.83193112,6.7889641,99.5242692,71.33423338,2.023874884,0.04040176
1.999900023,330.0,1.46e-11,1.999940013,330.0,0.0,1.999981016,329.9998714,0.034729758,2.836418423,291.176601,8975.061422,19.36966159,234.9001037,16632.98172,1.999900023,330.0,1.46e-11,1.999940013,330.0,0.0,1.999981016,329.9998714,0.034729758,2.836418423,291.176601,8975.061422,19.36966159,234.9001037,16632.98172,1.0,330.0,0.0,431.4904402,0.0,0.0,0.0,1.0,330.0,0.0,431.4904402,0.0,0.0,0.0,1.00000003,330.0,0.0,431.4904402,1.46e-11,1.87e-64,0.0,1.214292515,330.0,0.0,431.4904402,0.0,1.43e-37,0.0,6.273654525,330.0,1.08e-05,431.4904402,1.24e-10,-1.79e-27,-2.51e-17,1.0,25.0117538,0.0,1.0,25.0117538,0.0,1.00000003,25.0117538,1.6e-10,1.214292515,25.02465394,0.000797618,6.273654525,25.05031958,0.005023336,1.0,330.0,0.0,431.4904402,0.0,0.0,0.0,1.0,330.0,0.0,431.4904402,0.0,0.0,0.0,1.00000003,330.0,0.0,431.4904402,1.46e-11,1.87e-64,0.0,1.214292515,330.0,0.0,431.4904402,0.0,1.43e-37,0.0,6.273654525,330.0,1.08e-05,431.4904402,1.24e-10,-1.79e-27,-2.51e-17
4.986482613,102.0,0.0,4.99188224,102.0,3.64e-12,4.997299934,101.9999321,0.002843517,6.059579746,98.70014455,121.4539147,31.84757048,93.21611299,270.1794184,4.986482613,102.0,0.0,4.99188224,102.0,3.64e-12,4.997299934,101.9999321,0.002843517,6.059579746,98.70014455,121.4539147,31.84757048,93.21611299,270.1794184,1.0,102.0,0.0,144.2497834,0.0,0.0,0.0,1.0,102.0,0.0,144.2497834,0.0,0.0,0.0,1.0,102.0,1.35e-06,144.2497834,2.57e-12,-4.97e-145,-2.73e-133,1.071659385,102.0,1.35e-06,144.2497834,1.82e-12,2.2e-43,0.0,4.219795461,102.0,2.34e-06,144.2497834,9.09e-12,-1.51e-28,-2.4e-17,1.0,39.02600908,0.0,1.0,39.02600908,0.0,1.0,39.02600908,4.55e-13,1.071659385,39.02546976,4.06e-06,4.219795461,39.02041546,0.041876029,1.0,102.0,0.0,144.2497834,0.0,0.0,0.0,1.0,102.0,0.0,144.2497834,0.0,0.0,0.0,1.0,102.0,1.35e-06,144.2497834,2.57e-12,-4.97e-145,-2.73e-133,1.071659385,102.0,1.35e-06,144.2497834,1.82e-12,2.2e-43,0.0,4.219795461,102.0,2.34e-06,144.2497834,9.09e-12,-1.51e-28,-2.4e-17
12.92074145,117.4657057,22019.00673,13.52640453,118.2464524,22491.1446,20.14389977,135.7712117,34674.00743,116.5151613,166.4572893,53825.8385,234.8810965,159.8354931,49930.45186,12.92074145,117.4657057,22019.00673,13.52640453,118.2464524,22491.1446,20.14389977,135.7712117,34674.00743,116.5151613,166.4572893,53825.8385,234.8810965,159.8354931,49930.45186,12.92014615,117.4628705,148.3908582,409.645518,251159.728,-18072.52317,-0.243486236,13.51471807,118.1939175,150.0246604,410.6863518,251566.7272,-17707.38323,-0.235796703,19.87038957,135.1762009,187.4172029,389.9655228,225240.8946,-6616.694759,-0.074848146,112.660571,166.6444451,235.8250541,346.206632,162719.7148,-6995.694722,-0.075859026,211.5585413,165.8995634,234.2227784,328.9882142,144240.9057,-4241.256358,-0.049577669,12.92014615,0.158429562,0.336949433,13.51471807,0.161817749,0.343839725,19.87038957,0.144831727,0.316918189,112.660571,0.168864409,1.824608757,211.5585413,0.738853196,17.16515646,1.969427374,69.93790555,3.999518006,101.8199913,15.99614428,0.0,0.0,1.981542632,69.96274142,3.999826471,101.8370521,15.9986118,0.0,0.0,1.993809298,69.98758015,3.999980718,101.8541181,15.99984575,0.0,0.0,1.999379198,69.99875801,3.999999807,101.8617991,15.99999846,0.0,0.0,1.999937902,69.9998758,3.999999998,101.8625673,15.99999998,0.0,0.0
2.126968776,108.3137382,2017.784001,2.674407244,99.65227788,1896.232945,3.732048932,90.07379798,1591.091651,12.52914294,73.97939954,677.3524488,103.0470493,71.16550594,412.3143006,2.126968776,108.3137382,2017.784001,2.674407244,99.65227788,1896.232945,3.732048932,90.07379798,1591.091651,12.52914294,73.97939954,677.3524488,103.0470493,71.16550594,412.3143006,2.126691095,108.3192631,44.9200807,149.4726117,2017.81365,5.91e-05,9.32e-05,2.667042756,99.7452408,43.56983355,143.3796515,1898.330397,0.027151749,0.002358885,3.511737567,91.62833879,40.61697603,137.3458017,1649.926914,12.0426634,0.059396171,10.14072735,76.0975362,28.40411835,118.6431518,865.3614554,104.4144482,0.207800182,79.98194834,72.38630727,22.56286993,117.197431,668.4288867,22.15473453,0.047178674,2.126691095,0.896985046,2.562509181,2.667042756,1.010378511,2.949442179,3.511737567,1.163323077,3.460444184,10.14072735,1.783210577,9.194067567,79.98194834,1.851933213,14.15348465,1.000000103,155.9999907,0.028853407,169.387122,0.000832519,4.63e-58,0.0,1.000064142,155.9942275,0.720754624,169.3818143,0.519487228,4.51e-34,0.0,1.040030855,152.5358943,17.31385244,166.2022841,299.7694864,-3.93e-07,-2.62e-06,2.357096642,109.4417317,44.97186063,131.0358738,2042.377622,-56.71047652,-0.074764773,19.09606824,91.76419789,40.28674491,124.3218165,1782.412632,146.6501768,0.134110091
8.771855637,80.7733798,1494.678611,8.980560364,80.54514362,1484.716654,9.932957191,78.8091246,1393.500773,18.47922222,73.44409017,1063.7646,52.65732538,80.52958707,1261.211764,8.771855637,80.7733798,1494.678611,8.980560364,80.54514362,1484.716654,9.932957191,78.8091246,1393.500773,18.47922222,73.44409017,1063.7646,52.65732538,80.52958707,1261.211764,7.80404408,83.34957195,40.24781808,596.5138223,372099.6697,22851.11547,0.930759503,7.881531915,83.41003049,40.30736486,596.1036874,371978.8753,23119.98493,0.940472439,7.960210972,83.47010108,40.36597082,595.6752972,371852.7152,23391.42789,0.950293892,8.367852604,82.50661554,39.75856272,567.5110712,349671.7972,21841.15457,0.929002392,17.94713401,73.00019038,28.98029154,309.2627737,209466.105,18295.28843,1.379371909,7.80404408,2.249313882,36.94788,7.881531915,2.284921422,37.45214356,7.960210972,2.320977687,37.96022463,8.367852604,3.183222748,54.13638468,17.94713401,8.599473602,96.89850856,1.0,74.0,0.0,74.0,0.0,0.0,0.0,1.0,74.0,0.0,74.0,0.0,0.0,0.0,1.0,74.0,0.0,74.0,0.0,0.0,0.0,1.0,74.0,0.0,74.0,0.0,0.0,0.0,1.0,74.0,0.0,74.0,0.0,0.0,0.0
1.000049308,65.99970417,0.001774912,1.003437016,65.97944945,0.122880951,1.250814293,64.8508827,5.574573622,8.678881774,67.18448402,201.9110013,94.69301941,69.98674376,365.7124453,1.000049308,65.99970417,0.001774912,1.003437016,65.97944945,0.122880951,1.250814293,64.8508827,5.574573622,8.678881774,67.18448402,201.9110013,94.69301941,69.98674376,365.7124453,1.0,66.0,9.54e-07,122.3315168,9.09e-13,-2.2e-34,0.0,1.000000153,66.0,0.0,122.3315168,1.33e-10,-1.63e-20,0.0,1.011221832,66.00000427,0.01959481,122.3306221,0.039440823,5.94e-06,0.001525894,5.924080074,69.08949141,16.38625246,122.0756366,289.2472765,12.02549456,0.070765305,69.31263789,71.25203717,21.13067445,122.352128,488.7654748,40.73724171,0.136729224,1.0,8.068275928,9.48e-11,1.000000153,8.068275001,6.87e-06,1.011221832,8.001243651,0.491274846,5.924080074,3.087135549,12.68310023,69.31263789,1602.298716,2455060000000.0,1.0,66.0,9.54e-07,122.3315168,9.09e-13,-6.91e-65,0.0,1.00000005,66.0,9.54e-07,122.3315168,2.03e-12,-2e-28,-1.56e-16,1.003708853,66.0,1.35e-06,122.3315168,2.57e-12,2.0099999999999999e-28,1.1e-16,2.333469552,66.0,1.35e-06,122.3315168,2.57e-12,1.14e-28,6.26e-17,18.36149153,66.00324074,0.711546532,122.3506741,25.35914559,0.000129226,3.61e-05
1.98396432,65.99999992,4.63e-07,1.99345596,65.99991639,0.000509529,2.181733774,65.96793359,5.043737041,11.28907826,70.89826897,408.0144684,100.8132204,70.98652728,375.6086843,1.98396432,65.99999992,4.63e-07,1.99345596,65.99991639,0.000509529,2.181733774,65.96793359,5.043737041,11.28907826,70.89826897,408.0144684,100.8132204,70.98652728,375.6086843,1.983897644,66.0,3.16e-06,122.3315168,1.14e-11,-6.61e-27,-8.95e-16,1.990307245,66.00000008,0.002719196,122.3315168,7.57e-06,-3.55e-15,-1.03e-09,2.005032847,66.05477214,2.219570433,122.3351491,5.153341112,-0.002547483,-0.000933351,8.322986434,72.31526781,22.98869899,119.2981566,603.5518627,-15.12767032,-0.038541097,77.74917832,71.93422715,21.60952722,117.6912457,567.3541891,36.07565018,0.093001516,1.983897644,4.742077675,22.81019702,1.990307245,4.757583657,22.81115877,2.005032847,4.755876665,22.79729965,8.322986434,2.261602653,13.3621505,77.74917832,1.903970579,10.60946503,1.0,66.0,0.0,122.3315168,0.0,-1.4500000000000001e-58,0.0,1.000000002,66.0,0.0,122.3315168,1.44e-06,-1.85e-55,0.0,1.001898417,66.0,0.0,122.2998802,1.388912806,9.069999999999999e-46,0.0,2.528198176,66.00015777,0.043510468,115.8264889,228.1289856,-0.00044996,-0.000684683,20.17898284,66.53537397,2.477470965,116.0056252,231.4894661,-0.907923661,-0.024090815
1.999968667,66.0,5.65e-09,2.000030274,66.00000347,0.000311934,2.04849437,66.18693352,16.78881363,9.434254748,72.66236174,528.8093983,96.59494768,70.96809989,388.4561896,1.999968667,66.0,5.65e-09,2.000030274,66.00000347,0.000311934,2.04849437,66.18693352,16.78881363,9.434254748,72.66236174,528.8093983,96.59494768,70.96809989,388.4561896,1.999968667,66.0,7.51e-05,122.3315168,5.66e-09,3.3e-21,2.38e-12,2.000030274,66.00000347,0.017661646,122.3315194,0.000312273,7.81e-12,1.16e-07,2.04782971,66.18699069,4.098072302,122.461225,16.81076257,0.014754058,0.004167991,8.047634481,73.36700128,24.67300969,122.3867099,653.4742344,40.73850858,0.107122447,75.34308556,71.72210897,21.91414089,117.2390245,583.2038979,66.16487558,0.165975211,1.999968667,2.386493545,5.69548677,2.000030274,2.386521387,5.695354285,2.04782971,2.389259923,5.582015326,8.047634481,2.037795938,3.619553196,75.34308556,1.940315554,3.660166597,1.0,66.0,0.0,122.3315168,0.0,-5.1e-164,0.0,1.000000001,66.0,0.0,122.3315168,3.64e-12,-1.8800000000000002e-37,0.0,1.000977579,66.0,1.35e-06,122.3315168,1.42e-06,-1.6200000000000002e-21,-1.01e-12,2.145846327,66.0,0.0,120.2596226,85.27380522,-1.8e-14,0.0,19.0362294,66.00000148,0.004219994,115.6995843,231.4031477,-0.000144337,-0.002248443
2.469130842,66.0,9.09e-13,2.956404073,66.0,9.82e-11,3.724111988,66.00047086,0.00929893,10.91249762,69.04027644,215.2956936,107.3642133,71.15648977,358.4289943,2.469130842,66.0,9.09e-13,2.956404073,66.0,9.82e-11,3.724111988,66.00047086,0.00929893,10.91249762,69.04027644,215.2956936,107.3642133,71.15648977,358.4289943,2.46910657,66.0,9.54e-07,105.3464796,336.532912,-8.47e-29,-4.8399999999999995e-24,2.954701651,66.0,1.35e-06,106.0897955,340.177806,-1.98e-13,-7.95e-09,3.604488291,66.00002465,0.04709823,106.8457173,342.023424,0.000514944,0.00059119,8.596400527,69.13240255,16.15441431,112.7676967,432.4464071,50.71208142,0.169051202,83.56489173,72.131649,20.98550707,117.0839244,550.8900625,49.91219958,0.130737096,2.46910657,1.974847491,14.16126898,2.954701651,2.173038452,15.35786738,3.604488291,2.353926635,16.38070246,8.596400527,2.229771448,14.50602614,83.56489173,1.770736855,9.893966528,1.489523491,66.0,0.0,105.4988459,337.4291332,9.999999999999999e-90,0.0,1.651424551,66.0,1.35e-06,106.1823151,340.5039742,-1.29e-13,-5.19e-09,1.867709905,66.0,9.54e-07,106.879952,342.0628387,-1.31e-13,-7.42e-09,3.0849819,66.13227098,1.252899093,111.7681038,310.8553079,2.025088558,0.091675133,22.41114978,67.0971867,3.458673406,115.49675,252.1356399,10.20979527,0.18600946
1.000000098,60.00000411,0.000172592,1.00011855,60.00497851,0.209072512,1.143662569,65.27513206,193.7284438,5.460660384,90.8045971,337.2401311,32.47926535,91.73032873,303.9840156,1.000000098,60.00000411,0.000172592,1.00011855,60.00497851,0.209072512,1.143662569,65.27513206,193.7284438,5.460660384,90.8045971,337.2401311,32.47926535,91.73032873,303.9840156,1.0,60.0,0.0,84.85281374,0.0,4.3e-36,0.0,1.0,60.0,0.0,84.85281374,9.09e-13,1.11e-20,0.0,1.000020975,60.00002413,0.03027937,84.85284809,0.001305294,2.68e-05,0.029008201,1.703575098,66.11411908,13.96259549,93.50309897,275.7998569,86.40838048,0.443074623,12.10292208,74.47865777,18.44258632,105.3671792,483.7062203,138.3463518,0.404496163,1.0,15.58533597,0.0,1.0,15.58533597,9.09e-13,1.000020975,15.58512671,0.002335235,1.703575098,14.35086514,45.41226153,12.10292208,12.75867081,92.30198639,1.0,60.0,0.0,84.85281374,0.0,0.0,0.0,1.0,60.0,0.0,84.85281374,9.09e-13,0.0,0.0,1.00002034,60.0,6.74e-07,84.85281374,4.55e-13,-3.5e-97,0.0,1.429473492,60.0,9.54e-07,84.85281374,9.09e-13,1.5e-29,0.0,7.483917702,60.0,6.74e-07,84.85281374,6.43e-13,-5.1e-29,-1.12e-16
1.99994464,90.0,0.0,1.999966783,90.0,0.0,1.999988928,90.0,9.85e-09,2.285443642,88.79941676,34.5760971,16.66062734,82.44778671,169.5110136,1.99994464,90.0,0.0,1.999966783,90.0,0.0,1.999988928,90.0,9.85e-09,2.285443642,88.79941676,34.5760971,16.66062734,82.44778671,169.5110136,1.0,90.0,0.0,108.1665383,0.0,0.0,0.0,1.0,90.0,0.0,108.1665383,0.0,0.0,0.0,1.0,90.0,1.35e-06,108.1665383,1.87e-12,-1.5499999999999998e-40,-1.71e-28,1.064661655,89.9999767,0.026439859,108.166533,0.000700931,-1.38e-10,-7.3e-07,4.777564483,88.18240345,7.160076302,106.7453349,51.26759015,-0.166266004,-0.042160879,1.0,40.41436291,0.0,1.0,40.41436291,0.0,1.0,40.41436291,4.55e-13,1.064661655,40.41370129,0.00295758,4.777564483,34.48384241,163.7379247,1.0,90.0,0.0,108.1665383,0.0,0.0,0.0,1.0,90.0,0.0,108.1665383,0.0,0.0,0.0,1.0,90.0,1.35e-06,108.1665383,1.87e-12,-1.5499999999999998e-40,-1.71e-28,1.06466148,89.9999767,0.026439861,108.166533,0.000700931,-1.38e-10,-7.31e-07,3.829145066,88.06906255,7.362038032,106.6634781,54.20053746,-0.394630777,-0.095040806
2.07736757,63.62344651,8.611314454,2.329607669,63.70884602,8.497537323,2.756290147,63.90636568,8.178757202,10.22904849,67.8956352,295.6940269,113.0454316,121.1764262,60801.28652,2.07736757,63.62344651,8.611314454,2.329607669,63.70884602,8.497537323,2.756290147,63.90636568,8.178757202,10.22904849,67.8956352,295.6940269,113.0454316,121.1764262,60801.28652,1.000000024,66.0,9.54e-07,122.3315168,2.03e-12,3.2500000000000004e-33,2.5300000000000003e-21,1.000026769,66.0,0.0,122.3315168,1.53e-06,3.52e-19,0.0,1.033898403,66.00000698,0.025064195,122.2982926,1.458739852,6e-05,0.001982557,6.536817202,69.19512144,20.80171805,117.5219127,536.3449443,60.98639819,0.164691621,85.51211957,138.3380034,281.3355734,182.5593037,86217.64595,4178.091673,0.08031888,1.000000024,5.063095089,5.31e-10,1.000026769,5.063091093,6.66e-07,1.033898403,5.042706556,0.075614031,6.536817202,2.557073878,4.672807479,85.51211957,1.710353259,3.845387168,1.0,66.0,9.54e-07,122.3315168,2.03e-12,0.0,0.0,1.000000002,66.0,0.0,122.3315168,1.52e-06,-7.28e-65,0.0,1.001932116,66.0,9.54e-07,122.2993369,1.412737436,-1.0799999999999999e-30,-9.53e-25,2.513076319,66.0,9.54e-07,115.9811323,224.0718832,-4.86e-14,-3.4e-09,18.64018603,66.00000999,0.010949179,116.2024564,218.1504049,-0.00067086,-0.004148321
1.220487621,66.0,0.0,1.532381737,66.0,2.73e-12,2.45997555,66.00028868,0.025967642,11.0387109,69.08782772,254.3033101,97.45986626,70.81486796,382.8232412,1.220487621,66.0,0.0,1.532381737,66.0,2.73e-12,2.45997555,66.00028868,0.025967642,11.0387109,69.08782772,254.3033101,97.45986626,70.81486796,382.8232412,1.0,66.0,0.0,93.33809512,9.09e-13,-3.52e-51,0.0,1.0,66.0,9.54e-07,93.33809512,1.84e-07,1.47e-30,3.58e-21,1.000030143,66.00000044,0.002651414,93.34822565,0.229003092,4.92e-09,3.88e-06,1.870632444,67.64513105,4.859592646,97.73467811,57.15106989,3.865920743,0.110272955,16.82253587,69.75771134,6.781102245,99.58486608,72.00091539,5.782692423,0.114566358,1.0,15.0205431,0.0,1.0,15.0205431,7.11e-13,1.000030143,15.02039149,0.00076538,1.870632444,11.90371234,21.31142668,16.82253587,8.94410032,29.39700484,1.0,66.0,0.0,93.33809512,9.09e-13,-3.52e-51,0.0,1.0,66.0,9.54e-07,93.33809512,1.84e-07,1.47e-30,3.58e-21,1.000030143,66.00000044,0.002651414,93.34822565,0.229003092,4.92e-09,3.88e-06,1.870632444,67.64513105,4.859592646,97.73467811,57.15106989,3.865920743,0.110272955,16.82253587,69.75771134,6.781102245,99.58486608,72.00091539,5.782692423,0.114566358
1.000000473,66.0,0.0,1.000209023,65.99999998,8.67e-07,1.120248951,66.02734648,3.273319919,9.955719614,70.83964298,419.6967541,98.85875592,70.84653138,393.8365487,1.000000473,66.0,0.0,1.000209023,65.99999998,8.67e-07,1.120248951,66.02734648,3.273319919,9.955719614,70.83964298,419.6967541,98.85875592,70.84653138,393.8365487,1.00000006,66.0,0.0,104.9259476,333.6575401,1.92e-14,0.0,1.000061084,66.00000001,0.000841634,105.8330518,339.1266585,1.36e-07,8.76e-06,1.065585264,66.03749017,1.836493766,107.3940144,348.2963755,0.66961359,0.019537568,7.158975388,72.63243442,23.51446174,118.3790862,649.9666567,13.73730163,0.031606417,76.05324153,71.8470972,22.16022719,116.8005616,599.7615095,-9.612491981,-0.02337645,1.00000006,4.997882932,7.49e-07,1.000061084,4.997730037,0.000764555,1.065585264,4.838951131,0.76171197,7.158975388,2.33088869,4.693162315,76.05324153,1.924339417,4.282898955,1.0,66.0,0.0,122.3315168,1.82e-12,-1.42e-87,0.0,1.000000001,66.0,9.54e-07,122.3315168,2.03e-12,-4.82e-85,-3.74e-73,1.000975384,66.0,0.0,122.3314852,0.001389933,1.02e-45,0.0,2.146153453,66.0,9.54e-07,118.4824398,149.1065941,-4.75e-15,-4.08e-10,19.12544746,66.0,2.57e-05,115.2231106,243.293561,-2.76e-10,-6.86e-07
1.000000146,60.00000611,0.000256798,1.000150449,60.00631791,0.265312103,1.15551026,65.65240848,205.4514344,5.421681603,90.43232501,347.6529085,33.54633448,90.51704797,328.64908,1.000000146,60.00000611,0.000256798,1.000150449,60.00631791,0.265312103,1.15551026,65.65240848,205.4514344,5.421681603,90.43232501,347.6529085,33.54633448,90.51704797,328.64908,1.0,60.0,0.0,84.85281377,1.26e-06,1.17e-83,0.0,1.0,60.0,0.0,84.8529032,0.004807275,4.39e-49,0.0,1.000000357,60.00000009,0.001828817,85.12859641,14.64503864,2.39e-14,3.41e-12,1.634541363,63.63067383,11.17066753,94.32507245,300.3537671,11.47420527,0.062143909,13.0738286,72.76809814,17.87639789,103.4715239,473.5703,55.96228585,0.167453812,1.0,22.42650199,0.0,1.0,22.42650199,0.0,1.000000357,22.42649515,0.000135571,1.634541363,16.97374958,83.04867273,13.0738286,11.81463011,97.46243411,1.0,60.0,0.0,84.85281374,4.55e-13,0.0,0.0,1.0,60.0,0.0,84.85281374,0.0,0.0,0.0,1.000000355,60.0,6.74e-07,84.85281374,1.02e-12,1.5100000000000002e-35,2.3499999999999997e-23,1.478370664,60.0,9.54e-07,84.85281374,1.29e-12,-1.0800000000000001e-29,-1.19e-17,8.609443779,60.0,9.54e-07,84.85281374,1.29e-12,6.0899999999999995e-30,6.7e-18
1.932774074,60.00000054,2.05e-05,1.959133433,60.00056361,0.021416847,2.01692143,60.57922533,21.67506074,3.343797554,74.32753603,359.845889,28.67588919,90.70820998,319.5723199,1.932774074,60.00000054,2.05e-05,1.959133433,60.00056361,0.021416847,2.01692143,60.57922533,21.67506074,3.343797554,74.32753603,359.845889,28.67588919,90.70820998,319.5723199,1.932774074,60.00000054,0.004529762,84.85281452,2.95e-05,1.07e-12,5.1e-08,1.959133433,60.00056361,0.146344959,84.85361902,0.030601735,1.14e-06,5.27e-05,2.01692143,60.57922533,4.655648258,85.67469457,30.75398698,1.140844077,0.052461961,2.932235616,70.44349178,16.96426146,99.62567623,407.0515769,168.2102793,0.584410618,12.3484611,75.77803602,18.72479226,107.1670957,495.8594863,66.22417216,0.188874318,1.932774074,2.425121506,6.201105618,1.959133433,2.460136412,6.214643218,2.01692143,2.865888521,15.02708742,2.932235616,9.180977384,119.7328922,12.3484611,12.53162271,101.4794626,1.932774046,60.0,0.0,84.85281374,0.0,0.0,0.0,1.959104375,60.0,6.74e-07,84.85281374,4.55e-13,7.520000000000001e-129,0.0,1.986177957,60.0,0.0,84.85281374,9.09e-13,1.28e-65,0.0,2.126373023,60.0,6.74e-07,84.85281374,6.43e-13,8.38e-35,1.84e-22,7.221218357,60.0,9.54e-07,84.85281374,1.02e-12,8.5e-30,1.32e-17
1.000000071,66.0,0.0,1.000073797,66.0,0.0,1.090818537,65.99999984,2.14e-06,8.136590023,67.38084946,115.8727731,95.92357217,69.97428843,321.76168,1.000000071,66.0,0.0,1.000073797,66.0,0.0,1.090818537,65.99999984,2.14e-06,8.136590023,67.38084946,115.8727731,95.92357217,69.97428843,321.76168,1.000000069,66.0,9.54e-07,105.6176769,338.0745855,-2.25e-20,-1.28e-15,1.000066369,66.0,9.54e-07,106.2214912,340.6336235,1.51e-17,8.6e-13,1.071306811,66.00000001,0.001002479,106.1951604,340.5470405,1.61e-07,8.69e-06,6.619701109,67.56484571,11.66366519,112.6613239,354.9325265,-6.857477019,-0.032471891,72.99922047,70.83679975,20.08161831,116.3556779,520.4578352,17.82086322,0.048924288,1.000000069,4.92347167,1.07e-06,1.000066369,4.923227446,0.001005423,1.071306811,4.690162908,0.877788749,6.619701109,2.501601218,4.014766687,72.99922047,2.00283814,3.717658116,1.0,66.0,0.0,122.3315168,0.0,-9.16e-149,0.0,1.000000001,66.0,9.54e-07,122.3315168,9.09e-13,-1.1e-39,0.0,1.00097188,66.0,9.54e-07,122.3314838,0.001449088,-1.07e-21,-2.96e-14,2.139813383,66.0,1.35e-06,118.6213707,144.4300048,-1.7e-14,-1.05e-09,19.20143937,66.00282584,0.184125056,115.1387989,245.3686553,-0.05437719,-0.018853602
1.283453606,135.347604,16966.05747,1.469341754,166.2988654,21433.98133,1.777134872,203.3111032,24261.34734,2.065221702,216.4785056,24660.49964,11.41042318,186.8220198,24060.63413,1.283453606,135.347604,16966.05747,1.469341754,166.2988654,21433.98133,1.777134872,203.3111032,24261.34734,2.065221702,216.4785056,24660.49964,11.41042318,186.8220198,24060.63413,1.283453606,135.347604,130.2538194,260.885906,29923.57369,-6377.39208,-0.311855212,1.469341754,166.2988654,146.4034881,278.1948986,32664.7936,-8852.666487,-0.385143905,1.777134872,203.3111032,155.7605449,301.7732608,34585.92451,-11310.48688,-0.462513263,2.006994081,221.0183152,156.9871532,313.9576052,34856.09783,-11669.51721,-0.473466356,8.017975076,240.4810942,156.7047177,323.8496788,35635.0653,-3529.979469,-0.140179423,1.283453606,13.40072148,599.6123532,1.469341754,19.21938404,757.5171784,1.777134872,26.17747598,857.4416063,2.006994081,29.49672413,870.7003924,8.017975076,21.50147729,685.1375568,1.283453606,135.347604,130.2538194,260.885906,29923.57369,-6377.39208,-0.311855212,1.469341754,166.2988654,146.4034881,278.1948986,32664.7936,-8852.666487,-0.385143905,1.777134872,203.3111032,155.7605449,301.7732608,34585.92451,-11310.48688,-0.462513263,2.006994081,221.0183152,156.9871532,313.9576052,34856.09783,-11669.51721,-0.473466356,8.017975076,240.4810942,156.7047177,323.8496788,35635.0653,-3529.979469,-0.140179423
1.0,330.0,0.0,1.0,330.0,0.0,1.000000971,329.9997533,0.066619877,1.75065518,280.5302627,10804.76422,24.83350499,196.9460843,15575.79983,1.0,330.0,0.0,1.0,330.0,0.0,1.000000971,329.9997533,0.066619877,1.75065518,280.5302627,10804.76422,24.83350499,196.9460843,15575.79983,1.0,330.0,0.0,431.4904402,0.0,0.0,0.0,1.0,330.0,0.0,431.4904402,0.0,0.0,0.0,1.000000028,330.0,6.61e-06,431.4904402,4.37e-11,-1.54e-88,0.0,1.213482089,330.0,0.0,431.4904402,1.46e-11,-7.480000000000001e-37,0.0,6.272969307,330.0,0.0,431.4904402,2.91e-11,-2.61e-27,0.0,1.0,25.07085085,0.0,1.0,25.07085085,0.0,1.000000028,25.07085085,1.82e-12,1.213482089,25.06966098,6.45e-05,6.272969307,25.05330897,0.005338524,1.0,330.0,0.0,431.4904402,0.0,0.0,0.0,1.0,330.0,0.0,431.4904402,0.0,0.0,0.0,1.000000028,330.0,6.61e-06,431.4904402,4.37e-11,-1.54e-88,0.0,1.213482089,330.0,0.0,431.4904402,1.46e-11,-7.480000000000001e-37,0.0,6.272969307,330.0,0.0,431.4904402,2.91e-11,-2.61e-27,0.0
1.000000146,60.00000613,0.000257442,1.000150694,60.0063282,0.265744474,1.155600958,65.65527406,205.5393818,5.052042797,93.0039493,290.8312867,30.4647492,93.65836112,258.4976471,1.000000146,60.00000613,0.000257442,1.000150694,60.0063282,0.265744474,1.155600958,65.65527406,205.5393818,5.052042797,93.0039493,290.8312867,30.4647492,93.65836112,258.4976471,1.0,60.0,0.0,114.9086594,0.0,1.61e-87,0.0,1.0,60.0,0.0,114.9086594,0.0,2.55e-51,0.0,1.00000003,60.00000114,0.006572003,114.9086582,9.09e-05,3.82e-15,6.49e-11,1.264758386,66.0655214,13.91758827,110.8227373,325.3820134,25.42981726,0.113002536,10.08851289,76.81048805,18.8733856,109.7489918,506.893903,136.2157328,0.38005094,1.0,24.99475718,0.0,1.0,24.99475718,0.0,1.00000003,24.99475718,3.22e-10,1.264758386,23.98124005,24.86785421,10.08851289,15.52282072,133.1888891,1.0,60.0,0.0,84.85281374,4.55e-13,-1.62e-285,0.0,1.0,60.0,0.0,84.85281374,9.09e-13,-5.76e-74,0.0,1.0,60.0,6.74e-07,84.85281374,1.02e-12,-8.39e-44,-1.3e-31,1.062878937,60.0,0.0,84.85281374,0.0,-2.7400000000000003e-32,0.0,5.625523839,60.0,6.74e-07,84.85281374,1.02e-12,2.2600000000000002e-29,3.52e-17
1.384562748,153.2136008,19778.85849,1.563612125,179.1829335,22729.06469,1.826025477,208.0418297,24425.25314,2.151874609,216.7649441,24511.21703,13.05254315,182.7234737,22510.45518,1.384562748,153.2136008,19778.85849,1.563612125,179.1829335,22729.06469,1.826025477,208.0418297,24425.25314,2.151874609,216.7649441,24511.21703,13.05254315,182.7234737,22510.45518,1.384562748,153.2136008,140.6373296,500.0504049,19778.85849,2.4999999999999998e-250,0.0,1.563612125,179.1829335,150.7616154,508.6084188,22729.06469,-2.17e-148,0.0,1.826025477,208.0418297,156.2858059,519.47801,24425.25314,-1.44e-46,0.0,2.096749088,220.8864431,156.5009484,507.2211634,25208.37107,-1667.225415,-0.13793823,9.860307488,222.4547144,152.7861215,381.7090419,35067.16634,-3316.813558,-0.134198908,1.384562748,15.59040465,609.8846002,1.563612125,20.15060593,700.8547301,1.826025477,25.21821305,753.1570011,2.096749088,26.59149021,759.8727821,9.860307488,17.68275751,689.3554113,1.384562748,153.2136008,140.6373296,500.0504049,19778.85849,2.4999999999999998e-250,0.0,1.563612125,179.1829335,150.7616154,508.6084188,22729.06469,-2.17e-148,0.0,1.826025477,208.0418297,156.2858059,519.47801,24425.25314,-1.44e-46,0.0,2.096749088,220.8864431,156.5009484,507.2211634,25208.37107,-1667.225415,-0.13793823,9.860307488,222.4547144,152.7861215,381.7090419,35067.16634,-3316.813558,-0.134198908
1.000100696,60.00382668,0.145424368,1.004147425,60.15756197,5.988180509,1.31516172,69.582201,292.296475,5.929717635,92.92747226,274.3852394,30.96439059,93.04895593,270.2336228,1.000100696,60.00382668,0.145424368,1.004147425,60.15756197,5.988180509,1.31516172,69.582201,292.296475,5.929717635,92.92747226,274.3852394,30.96439059,93.04895593,270.2336228,1.000100546,60.00382037,0.380998027,114.9106542,0.145159497,1.3e-56,0.0,1.003994104,60.15117215,2.392005155,114.9876668,5.721688663,1.0400000000000001e-32,0.0,1.158662071,65.20355231,13.06361478,117.7094016,170.6580311,1.88e-09,3.92e-07,2.140355471,76.86514346,18.87968187,118.6147519,425.5222625,6.372618138,0.022140558,11.3146987,77.50458886,18.9409179,109.8897858,508.1210382,143.1287926,0.398360069,1.000100546,2.658727767,0.075595113,1.003994104,2.76506357,2.979699656,1.158662071,6.411092872,88.87405556,2.140355471,14.17032124,178.6444087,11.3146987,13.79589394,129.6345192,1.0,60.0,0.0,84.85281374,0.0,0.0,0.0,1.0,60.0,0.0,84.85281374,4.55e-13,0.0,0.0,1.0,60.0,6.74e-07,84.85281374,1.44e-12,-8.59e-40,-1.09e-27,1.190423837,60.0,6.74e-07,84.85281374,4.55e-13,-8.060000000000001e-32,0.0,6.102526929,60.0,1.51e-06,84.85281374,2.45e-12,5.97e-29,4.15e-17
13.26621878,117.5134776,22204.9141,13.66911345,116.7970196,21889.01276,14.82214686,113.3025847,20652.38021,41.09515952,114.4196239,26932.94783,188.6974326,125.6114611,32881.65688,13.26621878,117.5134776,22204.9141,13.66911345,116.7970196,21889.01276,14.82214686,113.3025847,20652.38021,41.09515952,114.4196239,26932.94783,188.6974326,125.6114611,32881.65688,12.34125196,121.8240661,153.6315602,470.5590952,275410.2747,-26593.60966,-0.330451053,12.59915298,121.6204046,153.1361452,471.6853458,276761.0686,-26620.25193,-0.331027656,12.86458312,121.4133108,152.6331623,472.7988739,278093.9578,-26617.59085,-0.331275044,24.94299027,146.6820898,203.7174191,397.6657551,214574.1712,-12293.87224,-0.131525869,111.3811104,163.766061,227.5972634,327.0110747,136503.1697,-4963.408792,-0.061365468,12.34125196,1.309869688,21.70068242,12.59915298,1.337606872,22.1241195,12.86458312,1.365713845,22.55170333,24.94299027,1.082643395,21.39232347,111.3811104,1.420827602,36.73428691,1.0,74.0,0.0,74.0,0.0,0.0,0.0,1.0,74.0,0.0,74.0,0.0,0.0,0.0,1.0,74.0,0.0,74.0,0.0,0.0,0.0,1.0,74.0,0.0,74.0,0.0,0.0,0.0,1.0,74.0,0.0,74.0,0.0,0.0,0.0
2.994472327,102.0,0.0,2.996679772,102.0,5.46e-12,2.998898758,101.9999084,0.003835658,3.946953382,98.07688214,140.0158859,27.7936235,94.32233373,238.6357477,2.994472327,102.0,0.0,2.996679772,102.0,5.46e-12,2.998898758,101.9999084,0.003835658,3.946953382,98.07688214,140.0158859,27.7936235,94.32233373,238.6357477,1.0,102.0,0.0,144.2497834,0.0,0.0,0.0,1.0,102.0,0.0,144.2497834,0.0,0.0,0.0,1.0,102.0,0.0,144.2497834,1.82e-12,-4.3099999999999996e-297,0.0,1.071677487,102.0,0.0,144.2497834,1.82e-12,7.130000000000001e-47,0.0,4.059135823,102.0,1.35e-06,144.2497834,5.75e-12,-1.61e-28,-5.11e-17,1.0,39.02241206,0.0,1.0,39.02241206,0.0,1.0,39.02241206,0.0,1.071677487,39.02207168,0.000130361,4.059135823,41.04444699,74.87137448,1.0,102.0,0.0,144.2497834,0.0,0.0,0.0,1.0,102.0,0.0,144.2497834,0.0,0.0,0.0,1.0,102.0,0.0,144.2497834,1.82e-12,-4.3099999999999996e-297,0.0,1.071677487,102.0,0.0,144.2497834,1.82e-12,7.130000000000001e-47,0.0,4.059135823,102.0,1.35e-06,144.2497834,5.75e-12,-1.61e-28,-5.11e-17
5.100399718,100.996914,41.12343181,5.360095799,99.07762129,114.1994546,6.155758573,94.19355263,266.496325,8.148221526,91.15420953,323.6744839,33.635061,91.14080332,313.2218459,5.100399718,100.996914,41.12343181,5.360095799,99.07762129,114.1994546,6.155758573,94.19355263,266.496325,8.148221526,91.15420953,323.6744839,33.635061,91.14080332,313.2218459,1.0,102.0,0.0,144.2497834,0.0,0.0,0.0,1.0,102.0,0.0,144.2497834,0.0,0.0,0.0,1.0,102.0,0.0,144.2497834,0.0,-9.34e-286,0.0,1.072177713,102.0,1.35e-06,144.2497834,1.82e-12,-5.74e-68,0.0,3.964359997,102.0,1.35e-06,144.2497834,5.75e-12,-3.8000000000000003e-29,-1.21e-17,1.0,39.01862121,0.0,1.0,39.01862121,0.0,1.0,39.01862121,3.64e-12,1.072177713,38.93391727,0.168406314,3.964359997,42.32750875,121.3669227,1.0,102.0,0.0,144.2497834,0.0,0.0,0.0,1.0,102.0,0.0,144.2497834,0.0,0.0,0.0,1.0,102.0,0.0,144.2497834,0.0,-9.34e-286,0.0,1.072177713,102.0,1.35e-06,144.2497834,1.82e-12,-5.74e-68,0.0,3.964359997,102.0,1.35e-06,144.2497834,5.75e-12,-3.8000000000000003e-29,-1.21e-17
2.062955851,65.76700996,1.343655886,2.209569757,65.40289716,3.226085748,2.625493043,64.63318411,6.55838959,10.26405234,68.08062937,123.9621347,107.3236738,75.78206433,2778.485311,2.062955851,65.76700996,1.343655886,2.209569757,65.40289716,3.226085748,2.625493043,64.63318411,6.55838959,10.26405234,68.08062937,123.9621347,107.3236738,75.78206433,2778.485311,1.982847823,66.0,1.35e-06,122.3315167,3.45e-06,1.05e-18,4.2e-10,1.989679683,66.00000003,0.000611182,122.3313777,0.006112109,2.93e-10,6.14e-06,2.021852458,66.01628043,0.441703276,122.096197,10.64982577,0.037485986,0.026007793,8.272695104,68.94745599,11.81236427,117.6971459,274.2907642,11.6492353,0.064175271,75.3357411,76.5491894,49.11101196,149.6341176,43793.40446,1043.003677,0.101562276,1.982847823,2.844556164,8.203838289,1.989679683,2.854469837,8.204206839,2.021852458,2.869345918,8.158685344,8.272695104,2.217899329,45204664.87,75.3357411,2101370.987,3159890000000000.0,1.0,66.0,1.35e-06,122.3315168,2.57e-12,-2.1500000000000002e-296,-1.18e-284,1.000000002,66.0,0.0,122.3315168,1.82e-12,-2.02e-147,0.0,1.001300949,66.0,0.0,122.3314817,0.001540159,-1.07e-69,0.0,2.319179311,66.00000022,0.003506635,118.3765359,152.6361366,-1.02e-06,-2.35e-05,19.23768535,70.08247274,26.09983095,147.5843962,41743.53937,274.7173514,0.05152081
1.000000068,81.99999892,1.77e-05,1.000084976,81.99871103,0.025841073,1.15562698,80.56332936,74.05733672,10.21806405,73.69100206,516.6804667,109.6995468,98.909264,33057.53122,1.000000068,81.99999892,1.77e-05,1.000084976,81.99871103,0.025841073,1.15562698,80.56332936,74.05733672,10.21806405,73.69100206,516.6804667,109.6995468,98.909264,33057.53122,1.000000051,81.99999918,0.003614082,105.2615783,1.31e-05,-7.33e-136,0.0,1.000042136,81.99932585,0.103855263,105.2610538,0.010785916,1.04e-21,7.44e-15,1.034798799,81.46194297,2.884338258,104.8429693,8.319407185,-1.64e-08,-2.16e-06,2.362319409,73.70462661,7.994545301,100.1359956,68.76664896,-4.72688738,-0.11737025,17.74534958,70.44501952,7.160573265,99.65020315,72.75358365,0.89740397,0.017444293,1.000000051,4.844862504,5.29e-06,1.000042136,4.845290959,0.004367264,1.034798799,5.187233865,3.368489833,2.362319409,8.779444604,24.93857993,17.74534958,8.471306176,29.67989614,1.000000051,81.99999918,0.003614082,105.2615783,1.31e-05,-7.33e-136,0.0,1.000042136,81.99932585,0.103855263,105.2610538,0.010785916,1.04e-21,7.44e-15,1.034798799,81.46194297,2.884338258,104.8429693,8.319407185,-1.64e-08,-2.16e-06,2.362319409,73.70462661,7.994545301,100.1359956,68.76664896,-4.72688738,-0.11737025,17.74534958,70.44501952,7.160573265,99.65020315,72.75358365,0.89740397,0.017444293
1.003086279,101.8707751,5.410746327,1.041117065,100.3413068,66.91376323,1.556315098,87.19316996,401.8192578,3.940673729,81.31033786,413.5805873,29.6856806,90.67839617,321.3105474,1.003086279,101.8707751,5.410746327,1.041117065,100.3413068,66.91376323,1.556315098,87.19316996,401.8192578,3.940673729,81.31033786,413.5805873,29.6856806,90.67839617,321.3105474,1.0,102.0,0.0,144.2497834,0.0,0.0,0.0,1.0,102.0,0.0,144.2497834,0.0,0.0,0.0,1.0,102.0,1.35e-06,144.2497834,1.82e-12,0.0,0.0,1.071710293,102.0,1.35e-06,144.2497834,1.82e-12,1.55e-30,0.0,4.22026565,102.0,0.001053064,144.2497833,1.34e-06,3.01e-15,3.3e-09,1.0,39.0160439,0.0,1.0,39.0160439,0.0,1.0,39.0160439,4.55e-13,1.071710293,39.01590956,2.34e-06,4.22026565,39.96210994,1425164623.0,1.0,102.0,0.0,144.2497834,0.0,0.0,0.0,1.0,102.0,0.0,144.2497834,0.0,0.0,0.0,1.0,102.0,1.35e-06,144.2497834,1.82e-12,0.0,0.0,1.071710293,102.0,1.35e-06,144.2497834,1.82e-12,1.55e-30,0.0,4.22026565,102.0,0.001053064,144.2497833,1.34e-06,3.01e-15,3.3e-09
2.997749158,90.0,4.55e-12,2.998648903,90.0,5.77e-10,2.999673845,89.99875579,0.037324753,3.921764356,84.55914514,125.8497108,36.22558586,76.78338434,291.1442726,2.997749158,90.0,4.55e-12,2.998648903,90.0,5.77e-10,2.999673845,89.99875579,0.037324753,3.921764356,84.55914514,125.8497108,36.22558586,76.78338434,291.1442726,1.0,90.0,0.0,108.1665383,0.0,0.0,0.0,1.0,90.0,0.0,108.1665383,0.0,-5.15232964241e-312,0.0,1.0,90.0,0.0,108.1665383,9.09e-13,-5.12e-91,0.0,1.049988401,89.99696284,0.301836853,108.1663717,0.091500431,-2.39e-06,-8.58e-05,4.873173406,87.26522244,8.635063318,106.0321405,74.56542583,-0.308695035,-0.056079436,1.0,43.9960711,0.0,1.0,43.9960711,0.0,1.0,43.9960711,2.27e-13,1.049988401,43.97783374,0.465850385,4.873173406,34.1059773,267.0134034,1.0,90.0,0.0,108.1665383,0.0,0.0,0.0,1.0,90.0,0.0,108.1665383,0.0,-5.15232964241e-312,0.0,1.0,90.0,0.0,108.1665383,9.09e-13,-5.12e-91,0.0,1.049988401,89.99696284,0.301836853,108.1663717,0.091500431,-2.39e-06,-8.58e-05,4.873173406,87.26522244,8.635063318,106.0321405,74.56542583,-0.308695035,-0.056079436
3.99976369,102.0,1.82e-12,3.999858212,102.0,3.98e-10,4.000052494,101.9989812,0.04267298,5.109536898,98.02726177,141.5448492,29.81291325,94.13341162,244.6741152,3.99976369,102.0,1.82e-12,3.999858212,102.0,3.98e-10,4.000052494,101.9989812,0.04267298,5.109536898,98.02726177,141.5448492,29.81291325,94.13341162,244.6741152,1.0,102.0,0.0,144.2497834,0.0,0.0,0.0,1.0,102.0,0.0,144.2497834,0.0,0.0,0.0,1.0,102.0,1.91e-06,144.2497834,4.07e-12,-4.6e-40,-1.79e-28,1.067304518,102.0,1.91e-06,144.2497834,3.64e-12,-3.9e-69,0.0,4.199907101,102.0,1.35e-06,144.2497834,2.57e-12,9.21e-29,5.06e-17,1.0,39.93084908,0.0,1.0,39.93084908,0.0,1.0,39.93084908,9.09e-13,1.067304518,39.87301722,0.050118121,4.199907101,39.23336292,0.180005038,1.0,102.0,0.0,144.2497834,0.0,0.0,0.0,1.0,102.0,0.0,144.2497834,0.0,0.0,0.0,1.0,102.0,1.91e-06,144.2497834,4.07e-12,-4.6e-40,-1.79e-28,1.067304518,102.0,1.91e-06,144.2497834,3.64e-12,-3.9e-69,0.0,4.199907101,102.0,1.35e-06,144.2497834,2.57e-12,9.21e-29,5.06e-17
1.982581566,66.0,4.85e-10,1.989587971,66.00000123,3.12e-05,2.080667714,66.10452452,6.485882922,10.93327138,71.78253829,423.9718843,102.6937227,74.61677764,1655.615943,1.982581566,66.0,4.85e-10,1.989587971,66.00000123,3.12e-05,2.080667714,66.10452452,6.485882922,10.93327138,71.78253829,423.9718843,102.6937227,74.61677764,1655.615943,1.982581566,66.0,5.56e-06,122.331516,3.54e-05,-7.02e-19,-2.12e-11,1.989587675,66.00000015,0.003733538,122.3308557,0.02905744,-2.48e-10,-3.89e-07,2.069915712,66.06553343,2.42769735,121.8364502,24.37061651,-0.078454947,-0.006645623,8.758063162,72.131428,22.64900776,118.8488378,597.0232521,-20.94516313,-0.052914521,80.73045141,76.37289938,45.56613597,119.0846506,2427.520908,-17.21664001,-0.010653886,1.982581566,2.403671137,5.85527673,1.989587675,2.41215749,5.855511839,2.069915712,2.405223764,5.803081311,8.758063162,1.906240864,4.652448798,80.73045141,1.812876334,81075.05366,1.0,66.0,0.0,122.3315168,0.0,-3.23e-149,0.0,1.000000001,66.0,0.0,122.3315168,3.64e-12,-3.63e-31,0.0,1.001056688,66.0,1.35e-06,122.3314848,0.001405559,3.02e-19,5.98e-12,2.295946581,66.0,1.35e-06,118.3805128,152.5035543,6.47e-14,3.88e-09,19.80727684,66.0,0.000136132,114.7721518,253.9463692,-1.18e-08,-5.42e-06
1.010454164,65.99999938,3.73e-06,1.100623087,65.99964664,0.002120051,2.011755056,65.88019859,0.70464605,10.15554304,67.66414731,159.9277868,93.27021662,70.528295,363.5430874,1.010454164,65.99999938,3.73e-06,1.100623087,65.99964664,0.002120051,2.011755056,65.88019859,0.70464605,10.15554304,67.66414731,159.9277868,93.27021662,70.528295,363.5430874,1.01045406,66.0,9.54e-07,122.3315168,9.09e-13,-2.9500000000000003e-35,0.0,1.100558267,66.0,0.0,122.3315168,5.35e-10,6.96e-22,0.0,1.971054948,66.0000012,0.010413617,122.3304281,0.047892939,1.32e-05,0.005780893,8.143060111,68.12489495,13.66474889,121.6641481,211.8894437,27.63723245,0.202096722,72.50165375,71.19464104,20.84435702,122.2801089,471.9363874,25.16096913,0.088929432,1.01045406,1.642330293,0.157730996,1.100558267,1.725756779,1.388930532,1.971054948,2.141093178,7.280284266,8.143060111,2.193445495,9.479634677,72.50165375,2.035573946,14.79535654,1.0,66.0,0.0,93.33809512,9.09e-13,-3.65e-50,0.0,1.0,66.0,0.0,93.33809514,1.8e-06,-2.1700000000000002e-29,0.0,1.000030804,66.00000237,0.014619896,93.37037326,2.416727231,6.27e-08,2.76e-06,1.879158436,75.20792333,27.27502975,110.4512642,935.6525296,72.98259911,0.112326981,17.55127423,87.10228834,38.1580845,120.699251,1590.148318,116.8543981,0.121130895
1.0,330.0,0.0,1.0,330.0,0.0,1.000000956,329.9997569,0.065650034,1.807438805,273.0949773,12126.17453,18.63674766,227.324011,17180.15831,1.0,330.0,0.0,1.0,330.0,0.0,1.000000956,329.9997569,0.065650034,1.807438805,273.0949773,12126.17453,18.63674766,227.324011,17180.15831,1.0,330.0,0.0,431.4904402,0.0,0.0,0.0,1.0,330.0,0.0,431.4904402,0.0,0.0,0.0,1.000000028,330.0,3.81e-06,431.4904402,2.06e-11,2.95e-101,2.03e-90,1.21320927,330.0,0.0,431.4904402,1.46e-11,-1.47e-75,0.0,6.274739147,330.0,5.39e-06,431.4904402,3.25e-11,3.4599999999999997e-28,1.68e-17,1.0,25.09694505,0.0,1.0,25.09694505,0.0,1.000000028,25.09694505,1.72e-10,1.21320927,25.08489136,0.000801311,6.274739147,25.04557999,0.001869511,1.0,330.0,0.0,431.4904402,0.0,0.0,0.0,1.0,330.0,0.0,431.4904402,0.0,0.0,0.0,1.000000028,330.0,3.81e-06,431.4904402,2.06e-11,2.95e-101,2.03e-90,1.21320927,330.0,0.0,431.4904402,1.46e-11,-1.47e-75,0.0,6.274739147,330.0,5.39e-06,431.4904402,3.25e-11,3.4599999999999997e-28,1.68e-17
3.999095534,102.0,1.82e-12,3.999457242,102.0,3.64e-12,3.999837317,101.9998135,0.007812406,5.052351264,98.26339101,134.8440104,30.17860701,93.75659343,255.1198136,3.999095534,102.0,1.82e-12,3.999457242,102.0,3.64e-12,3.999837317,101.9998135,0.007812406,5.052351264,98.26339101,134.8440104,30.17860701,93.75659343,255.1198136,1.0,102.0,0.0,144.2497834,0.0,0.0,0.0,1.0,102.0,0.0,144.2497834,0.0,0.0,0.0,1.0,102.0,0.0,144.2497834,3.64e-12,6.85e-75,0.0,1.071668276,102.0,0.0,144.2497834,0.0,2.53e-91,0.0,4.219977157,102.0,1.35e-06,144.2497834,1.82e-12,2.1800000000000002e-29,0.0,1.0,39.02396703,0.0,1.0,39.02396703,0.0,1.0,39.02396703,2.27e-13,1.071668276,39.02379985,9.82e-06,4.219977157,39.01849866,0.007234737,1.0,102.0,0.0,144.2497834,0.0,0.0,0.0,1.0,102.0,0.0,144.2497834,0.0,0.0,0.0,1.0,102.0,0.0,144.2497834,3.64e-12,6.85e-75,0.0,1.071668276,102.0,0.0,144.2497834,0.0,2.53e-91,0.0,4.219977157,102.0,1.35e-06,144.2497834,1.82e-12,2.1800000000000002e-29,0.0
1.000002324,66.0,0.0,1.000435696,66.0,3.25e-10,1.106795374,66.0029099,0.068087694,9.980250628,72.62315892,436.3138577,108.1421581,95.25089414,28314.97605,1.000002324,66.0,0.0,1.000435696,66.0,3.25e-10,1.106795374,66.0029099,0.068087694,9.980250628,72.62315892,436.3138577,108.1421581,95.25089414,28314.97605,1.0,66.0,0.0,105.2612145,0.007484182,-1.82e-22,0.0,1.000000001,66.0,1.7e-05,105.2378986,0.485478797,-1.09e-12,-9.22e-08,1.001080346,66.00166628,0.163272078,103.8479428,25.85824727,-0.005214086,-0.006280104,2.463387011,68.96750943,6.218845441,99.9199168,72.32314572,-5.785728022,-0.119008197,19.15280099,70.00181785,6.927047979,99.90861905,74.05169565,2.147498543,0.041279771,1.0,10.00707889,4.26e-14,1.000000001,10.00707888,4.23e-08,1.001080346,9.99994916,0.047815648,2.463387011,8.084794118,16.73521281,19.15280099,7.837351177,29.12916278,1.0,66.0,0.0,105.2612145,0.007484182,-1.5900000000000002e-37,0.0,1.000000001,66.0,1.7e-05,105.2378986,0.485478797,-2.01e-21,-1.7e-16,1.001080346,66.00166628,0.163272078,103.8479428,25.85824727,-1.12e-05,-1.34e-05,2.463387011,68.96750943,6.218845441,99.9199168,72.32314572,-7.849216357,-0.161452644,19.15280099,70.00181785,6.927047979,99.90861905,74.05169565,0.758907342,0.014587913
1.002085061,66.0,0.0,1.024808655,66.0,1.82e-12,1.353404312,66.00000055,5.1e-05,8.442856006,68.02186634,164.6922836,95.88914778,70.18173088,333.2602593,1.002085061,66.0,0.0,1.024808655,66.0,1.82e-12,1.353404312,66.00000055,5.1e-05,8.442856006,68.02186634,164.6922836,95.88914778,70.18173088,333.2602593,1.0,66.0,0.0,93.33809512,0.0,2.87e-73,0.0,1.0,66.0,9.54e-07,93.33809513,1.95e-07,2.1200000000000003e-43,5.02e-34,1.000029699,66.00000041,0.002573981,93.34842446,0.233493476,7.61e-13,6.12e-10,1.868249071,67.63802353,4.850284054,97.73135439,57.1277056,3.123734033,0.089260448,17.35974245,69.74917562,6.776677018,99.61899304,72.22405279,5.762214877,0.113887165,1.0,15.0418632,0.0,1.0,15.0418632,6.25e-13,1.000029699,15.04171338,0.000758606,1.868249071,11.92287783,21.2888909,17.35974245,8.6651514,30.30179874,1.0,66.0,0.0,93.33809512,0.0,2.87e-73,0.0,1.0,66.0,9.54e-07,93.33809513,1.95e-07,2.1200000000000003e-43,5.02e-34,1.000029699,66.00000041,0.002573981,93.34842446,0.233493476,7.61e-13,6.12e-10,1.868249071,67.63802353,4.850284054,97.73135439,57.1277056,3.123734033,0.089260448,17.35974245,69.74917562,6.776677018,99.61899304,72.22405279,5.762214877,0.113887165
1.0,98.0,2.45e-08,1.000000345,97.99998688,0.000498624,1.008112808,97.73990252,9.998886458,4.300197963,92.6272151,265.4474396,31.46835014,92.29244654,287.8287002,1.0,98.0,2.45e-08,1.000000345,97.99998688,0.000498624,1.008112808,97.73990252,9.998886458,4.300197963,92.6272151,265.4474396,31.46835014,92.29244654,287.8287002,1.0,98.0,0.000156664,114.9086594,2.45e-08,3.6e-50,0.0,1.000000345,97.99998688,0.022329861,114.9086482,0.000498623,-6.46e-26,-4.29e-18,1.007015687,97.73526124,3.160693938,114.6829624,9.989986174,5.29e-08,1.24e-06,1.992721185,81.77397397,18.79641105,104.7294339,395.1150316,10.37257583,0.041491141,12.07630072,76.70521972,18.86058413,107.1284483,494.3785216,115.0958761,0.329345503,1.0,7.155205965,1.96e-09,1.000000345,7.155209672,3.98e-05,1.007015687,7.230003012,0.797445952,1.992721185,10.97587427,28.9789472,12.07630072,12.76111854,50632661.33,1.0,98.0,0.0,138.5929291,0.0,0.0,0.0,1.0,98.0,0.0,138.5929291,0.0,0.0,0.0,1.000000001,98.0,0.0,138.5929291,0.0,-2.04e-209,0.0,1.141827874,98.0,0.0,138.5929291,1.82e-12,7.44e-32,0.0,5.308678947,98.0,1.91e-06,138.5929291,4.07e-12,-5.09e-29,-1.98e-17
2.310862692,100.2690447,3.927614944,3.239350815,100.7651847,3.414492399,4.82549218,101.171069,2.628597429,6.237659935,100.3702747,38.03246771,27.94700141,93.33034982,263.8452155,2.310862692,100.2690447,3.927614944,3.239350815,100.7651847,3.414492399,4.82549218,101.171069,2.628597429,6.237659935,100.3702747,38.03246771,27.94700141,93.33034982,263.8452155,1.0,98.0,0.0,138.5857062,0.388067529,4.17e-95,0.0,1.0,98.0,0.0,138.4008004,10.25826824,5.62e-56,0.0,1.000000001,97.99999999,0.000489154,134.3134295,195.9229853,1.2e-16,1.75e-14,1.27273856,94.01275678,11.64547697,123.0612109,385.4772708,17.91731581,0.080995767,9.944050717,77.63669899,18.95040761,108.1850015,499.930487,95.54661643,0.27035351,1.0,30.14428306,0.0,1.0,30.14428306,0.0,1.000000001,30.14428303,6.6e-07,1.27273856,26.23842351,79.13861499,9.944050717,15.74370584,132.1458433,1.0,98.0,0.0,138.5929291,0.0,0.0,0.0,1.0,98.0,0.0,138.5929291,0.0,0.0,0.0,1.000000001,98.0,1.35e-06,138.5929291,1.82e-12,0.0,0.0,1.139193345,98.0,1.91e-06,138.5929291,4.07e-12,-3.43e-29,-1.33e-17,4.614962208,98.0,1.91e-06,138.5929291,4.07e-12,1.09e-28,4.23e-17
1.808626437,66.00000001,9.6e-08,1.880438764,66.00002936,0.000727981,2.094409855,66.28747489,17.85960848,11.80606175,71.66274846,438.6770089,98.68414604,70.7945388,382.1025897,1.808626437,66.00000001,9.6e-08,1.880438764,66.00002936,0.000727981,2.094409855,66.28747489,17.85960848,11.80606175,71.66274846,438.6770089,98.68414604,70.7945388,382.1025897,1.808626435,66.0,7.55e-05,122.3315155,5.85e-05,-1.99e-16,-3.44e-10,1.880431884,66.00000349,0.017719264,122.3303399,0.051882487,-9.72e-09,-2.41e-06,2.063305005,66.18220785,4.04543031,121.5347793,44.94231015,-0.340397933,-0.013005882,9.192999121,72.46543401,23.23976241,118.9341771,628.2567971,52.03749497,0.124986058,75.63951031,71.75328961,21.83999982,117.5469958,579.5246041,85.56266329,0.215943909,1.808626435,2.222994451,5.778889334,1.880431884,2.324870929,5.82054665,2.063305005,2.351666849,5.730522417,9.192999121,1.783597347,3.620052561,75.63951031,1.932574224,3.620927921,1.80862634,66.0,9.54e-07,122.3315168,9.09e-13,0.0,0.0,1.880336544,66.0,0.0,122.3315168,0.0,9.78e-47,0.0,1.959330415,66.0,0.0,122.3315168,1.42e-06,-2.0999999999999998e-40,0.0,3.134582077,66.0,0.0,120.2526564,85.54091333,-6.05e-20,0.0,20.03936691,66.00584074,0.264678721,115.7060723,231.3222062,-0.029506496,-0.007329763
1.00010699,101.9955069,0.188689618,1.005470244,101.7715028,9.544659565,1.284036524,92.8379042,300.3498072,3.779171952,81.75729769,413.778928,29.56703616,90.74699871,320.12369,1.00010699,101.9955069,0.188689618,1.005470244,101.7715028,9.544659565,1.284036524,92.8379042,300.3498072,3.779171952,81.75729769,413.778928,29.56703616,90.74699871,320.12369,1.0,102.0,0.0,144.2497834,0.0,0.0,0.0,1.0,102.0,0.0,144.2497834,0.0,0.0,0.0,1.0,102.0,1.35e-06,144.2497834,1.82e-12,-5.16e-75,0.0,1.071651567,102.0,0.0,144.2497834,3.64e-12,-4.81e-34,0.0,4.219328498,102.0,1.35e-06,144.2497834,1.82e-12,-4.2600000000000004e-29,0.0,1.0,39.02726102,0.0,1.0,39.02726102,0.0,1.0,39.02726102,2.27e-13,1.071651567,39.02693858,6.75e-06,4.219328498,39.02551172,0.043251941,1.0,102.0,0.0,144.2497834,0.0,0.0,0.0,1.0,102.0,0.0,144.2497834,0.0,0.0,0.0,1.0,102.0,1.35e-06,144.2497834,1.82e-12,-5.16e-75,0.0,1.071651567,102.0,0.0,144.2497834,3.64e-12,-4.81e-34,0.0,4.219328498,102.0,1.35e-06,144.2497834,1.82e-12,-4.2600000000000004e-29,0.0
1.084699992,66.0,0.0,1.227435524,66.0,2.93e-08,1.683752837,66.00518614,0.101349022,10.38202413,69.60967297,260.1292929,98.25469206,70.54760757,351.1127602,1.084699992,66.0,0.0,1.227435524,66.0,2.93e-08,1.683752837,66.00518614,0.101349022,10.38202413,69.60967297,260.1292929,98.25469206,70.54760757,351.1127602,1.00000007,66.0,0.0,122.3315168,1.19e-08,5.3e-24,0.0,1.00006728,66.0,1.35e-06,122.3315095,0.000318314,7.31e-14,3.04e-06,1.072290476,66.00039039,0.187442247,122.1201957,9.239991692,0.0028522,0.005005856,7.893419969,69.79924899,18.09690842,115.4486481,460.8960985,73.52356494,0.225605135,75.84220839,71.26114864,20.8932774,116.579516,549.4141267,63.92751343,0.167517093,1.00000007,4.954193811,1.06e-06,1.00006728,4.953945625,0.001023915,1.072290476,4.71349103,0.9174703,7.893419969,2.08450129,3.819365322,75.84220839,1.927455649,3.634717144,1.0,66.0,9.54e-07,122.3315168,9.09e-13,3.18e-195,0.0,1.000000002,66.0,0.0,122.3315167,1.75e-06,-2.42e-22,0.0,1.002020184,66.0,0.0,122.2977875,1.480688898,-3.25e-37,0.0,2.539958855,66.0,0.0,115.7889405,229.100881,1.9e-16,0.0,18.91100424,66.00030635,0.060630535,115.861261,227.225418,-0.020026626,-0.021912298
1.000000469,66.00000399,4.83e-05,1.000279845,66.00236775,0.029420387,1.229271933,67.86183406,36.72322415,13.62869536,85.86230691,12410.19669,202.8745969,133.4374361,56731.97409,1.000000469,66.00000399,4.83e-05,1.000279845,66.00236775,0.029420387,1.229271933,67.86183406,36.72322415,13.62869536,85.86230691,12410.19669,202.8745969,133.4374361,56731.97409,1.000000319,66.00000225,0.005191247,122.331518,2.69e-05,-1.18e-17,-1.13e-10,1.00016628,66.00110437,0.115723531,122.3321121,0.01339201,-6.38e-10,-8.24e-07,1.095249669,66.71765252,5.050598592,122.6615985,25.98191493,-0.046066522,-0.004104979,8.406676443,92.34723993,141.2770459,138.1402991,23168.63947,51.67856441,0.003372424,88.78744055,192.0661023,343.3825576,347.0334993,242145.8795,-4798.045512,-0.03038315,1.000000319,4.469878006,3.63e-06,1.00016628,4.469427169,0.001787416,1.095249669,4.237597397,0.849332702,8.406676443,146234.5761,220155000000000.0,88.78744055,8328548.494,1.25e+16,1.0,66.0,0.0,122.3315168,3.64e-12,1.39e-103,0.0,1.000000001,66.0,9.54e-07,122.3315168,2.03e-12,1.5299999999999999e-255,1.19e-243,1.000986106,66.0,0.0,122.3315168,1.44e-06,-5.52e-57,0.0,2.173797991,66.29890388,7.41833757,122.327127,3317.997859,0.099161238,0.000232074,16.548884,86.41863029,57.94281704,311.9689591,215122.1922,5800.862269,0.215862295
1.000000089,60.0000105,0.002895239,1.000086467,60.01270548,3.601379671,1.090002182,74.95905248,4133.101651,3.316992926,199.0451542,24919.4937,15.36756461,218.4088849,38032.10434,1.000000089,60.0000105,0.002895239,1.000086467,60.01270548,3.601379671,1.090002182,74.95905248,4133.101651,3.316992926,199.0451542,24919.4937,15.36756461,218.4088849,38032.10434,1.0,60.0,0.0,84.85281374,0.0,0.0,0.0,1.0,60.0,0.0,84.85281374,0.0,0.0,0.0,1.0,60.0,0.0,84.85281374,0.0,0.0,0.0,1.045118695,60.0,0.0,84.85281374,0.0,6.53e-98,0.0,3.120326972,60.0,0.0,84.85281374,9.09e-13,-3.8000000000000003e-29,0.0,1.0,44.92674088,0.0,1.0,44.92674088,0.0,1.0,44.92674088,7.5e-12,1.045118695,45.58605639,9.781567502,3.120326972,56.13189928,113.9446423,1.0,60.0,0.0,84.85281374,0.0,0.0,0.0,1.0,60.0,0.0,84.85281374,0.0,0.0,0.0,1.0,60.0,0.0,84.85281374,0.0,0.0,0.0,1.045118695,60.0,0.0,84.85281374,0.0,6.53e-98,0.0,3.120326972,60.0,0.0,84.85281374,4.55e-13,-1.8499999999999998e-30,0.0
15.87633279,144.5107904,35558.33066,16.49070468,144.3238788,35526.90473,22.48344422,151.6538905,41587.67814,110.1337408,168.0585754,53780.41366,213.5981819,159.3566329,49127.34998,15.87633279,144.5107904,35558.33066,16.49070468,144.3238788,35526.90473,22.48344422,151.6538905,41587.67814,110.1337408,168.0585754,53780.41366,213.5981819,159.3566329,49127.34998,15.87573477,144.5094912,188.5725995,392.2617741,210213.4536,-36344.61053,-0.423431659,16.47905506,144.299365,188.5501771,393.7681847,212161.8686,-36493.98357,-0.423207016,22.23352886,151.346607,205.0527657,382.9474526,201944.3019,-26344.19387,-0.28907819,106.5974891,168.4652766,235.5785565,343.9037243,155933.0303,-10084.34331,-0.112136748,190.8849034,166.2341957,233.0840304,326.0418229,138886.755,-4468.988806,-0.053628685,15.87573477,0.129742413,0.280889144,16.47905506,0.133672277,0.290295642,22.23352886,0.13518886,0.325263107,106.5974891,0.18432926,2.220248097,190.8849034,0.819836081,19.25855871,4.907111704,185.2833294,235.5199384,279.8980513,59383.09848,16967.44265,0.494781242,4.943930524,185.5725401,235.7224173,279.7028609,59468.67771,17196.19729,0.501139173,4.981197052,185.8583647,235.9218036,279.5060121,59552.80738,17426.53609,0.507548737,4.998114583,185.9858749,236.0105194,279.4168852,59590.19213,17530.70261,0.510449923,4.999811407,185.9985879,236.0193566,279.4079538,59593.91442,17541.13675,0.510740619
4.970921861,102.0,1.82e-12,4.982519262,102.0,1.82e-12,4.994162046,101.9999998,8.95e-07,5.747665055,100.8070075,42.02582407,31.03352688,94.27783488,252.3800037,4.970921861,102.0,1.82e-12,4.982519262,102.0,1.82e-12,4.994162046,101.9999998,8.95e-07,5.747665055,100.8070075,42.02582407,31.03352688,94.27783488,252.3800037,1.0,102.0,0.0,144.2497834,0.0,0.0,0.0,1.0,102.0,0.0,144.2497834,0.0,0.0,0.0,1.0,102.0,1.91e-06,144.2497834,5.14e-12,-7.93e-40,-2.18e-28,1.071451455,102.0,0.0,144.2497834,0.0,1.12e-37,0.0,4.218385286,102.0,1.35e-06,144.2497834,1.82e-12,-1.72e-28,0.0,1.0,39.06664181,0.0,1.0,39.06664181,0.0,1.0,39.06664181,2.27e-13,1.071451455,39.06459488,5.89e-05,4.218385286,39.03541235,0.008685045,1.0,102.0,0.0,144.2497834,0.0,0.0,0.0,1.0,102.0,0.0,144.2497834,0.0,0.0,0.0,1.0,102.0,1.91e-06,144.2497834,5.14e-12,-7.93e-40,-2.18e-28,1.071451455,102.0,0.0,144.2497834,0.0,1.12e-37,0.0,4.218385286,102.0,1.35e-06,144.2497834,1.82e-12,-1.72e-28,0.0
1.000000025,60.00000095,3.6e-05,1.000027427,60.00104221,0.039602742,1.030160348,61.11255008,41.03961526,3.221052997,86.13100039,376.7279583,29.04464617,93.33894805,256.5809698,1.000000025,60.00000095,3.6e-05,1.000027427,60.00104221,0.039602742,1.030160348,61.11255008,41.03961526,3.221052997,86.13100039,376.7279583,29.04464617,93.33894805,256.5809698,1.000000025,60.00000095,0.00600162,84.85281517,5.44e-05,9.56e-13,2.5e-08,1.000027427,60.00104221,0.199004377,84.85434416,0.058193672,1.13e-06,2.74e-05,1.030157405,61.11243327,6.405853309,86.44505985,58.71626966,1.215293892,0.029274948,1.944535795,75.71357788,18.71361615,107.0896014,495.3513554,109.6410282,0.313021925,10.55370425,78.80741918,18.80880039,112.0910944,540.6598827,20.57216689,0.054092414,1.000000025,5.051344419,1.01e-05,1.000027427,5.051895165,0.011079247,1.030157405,5.639735522,11.4799229,1.944535795,13.36892076,98.4078636,10.55370425,14.74578636,111.2034669,1.0,60.0,0.0,84.85281374,0.0,0.0,0.0,1.0,60.0,0.0,84.85281374,0.0,0.0,0.0,1.000000001,60.0,6.74e-07,84.85281374,6.43e-13,-1.91e-48,-4.19e-36,1.140440672,60.0,6.74e-07,84.85281374,6.43e-13,-1.32e-31,-2.89e-19,5.219370069,60.0,9.54e-07,84.85281374,3.31e-12,9.01e-29,5.3e-17
4.99808098,102.0,1.82e-12,4.998848477,102.0,1.68e-07,5.000415084,101.9934267,0.275485784,6.356286301,97.69261655,153.1949352,32.44226891,92.29323069,291.1645646,4.99808098,102.0,1.82e-12,4.998848477,102.0,1.68e-07,5.000415084,101.9934267,0.275485784,6.356286301,97.69261655,153.1949352,32.44226891,92.29323069,291.1645646,1.0,102.0,0.0,144.2497834,0.0,0.0,0.0,1.0,102.0,0.0,144.2497834,0.0,0.0,0.0,1.0,102.0,1.91e-06,144.2497834,4.07e-12,-8.53e-40,-3.32e-28,1.071572995,102.0,1.35e-06,144.2497834,2.57e-12,-1.51e-44,-8.28e-33,4.104658718,102.0,1.91e-06,144.2497834,4.07e-12,-2.25e-32,-8.75e-21,1.0,39.04299998,0.0,1.0,39.04299998,0.0,1.0,39.04299998,0.0,1.071572995,39.04171083,3.52e-05,4.104658718,40.45420142,53.70162482,1.0,102.0,0.0,144.2497834,0.0,0.0,0.0,1.0,102.0,0.0,144.2497834,0.0,0.0,0.0,1.0,102.0,1.91e-06,144.2497834,4.07e-12,-8.53e-40,-3.32e-28,1.071572995,102.0,1.35e-06,144.2497834,2.57e-12,-1.51e-44,-8.28e-33,4.104658718,102.0,1.91e-06,144.2497834,4.07e-12,-2.25e-32,-8.75e-21
4.980192398,102.0,0.0,4.988096943,102.0,1.79e-08,4.996405126,101.9968856,0.130508898,6.328733522,97.7113111,153.114372,33.47629963,91.85361798,301.2343048,4.980192398,102.0,0.0,4.988096943,102.0,1.79e-08,4.996405126,101.9968856,0.130508898,6.328733522,97.7113111,153.114372,33.47629963,91.85361798,301.2343048,1.0,102.0,0.0,144.2497834,0.0,0.0,0.0,1.0,102.0,0.0,144.2497834,0.0,0.0,0.0,1.0,102.0,1.91e-06,144.2497834,4.07e-12,-5.09e-75,-1.98e-63,1.071654995,102.0,0.0,144.2497834,0.0,-1.46e-37,0.0,4.219905602,102.0,1.35e-06,144.2497834,1.82e-12,2.84e-30,0.0,1.0,39.02707386,0.0,1.0,39.02707386,0.0,1.0,39.02707386,2.27e-13,1.071654995,39.02629497,1.91e-05,4.219905602,39.02019458,0.298081514,1.0,102.0,0.0,144.2497834,0.0,0.0,0.0,1.0,102.0,0.0,144.2497834,0.0,0.0,0.0,1.0,102.0,1.91e-06,144.2497834,4.07e-12,-5.09e-75,-1.98e-63,1.071654995,102.0,0.0,144.2497834,0.0,-1.46e-37,0.0,4.219905602,102.0,1.35e-06,144.2497834,1.82e-12,2.84e-30,0.0
2.892593563,66.00000005,4.75e-06,2.934864801,66.0001549,0.015111117,3.036913841,66.48566274,46.91266623,11.39822919,71.8657026,515.3881661,103.7256566,70.88638601,386.5751393,2.892593563,66.00000005,4.75e-06,2.934864801,66.0001549,0.015111117,3.036913841,66.48566274,46.91266623,11.39822919,71.8657026,515.3881661,103.7256566,70.88638601,386.5751393,2.892593561,66.00000005,0.002173587,122.3315168,4.73e-06,9.73e-15,8.66e-09,2.93485884,66.00016709,0.122629639,122.3316333,0.015046391,4.35e-08,1.58e-05,3.018719878,66.52462743,6.851367388,122.643888,46.96064589,0.100944645,0.012680214,9.518005126,73.21504905,24.43966181,122.4266568,630.5078242,-23.68510369,-0.06819901,79.37770588,72.09903493,21.95711136,118.2485889,573.4925975,-18.21594204,-0.047075028,2.892593561,1.859906656,7.05258994,2.93485884,1.873949486,7.080193964,3.018719878,1.890676955,7.08031567,9.518005126,1.870017855,8.524840045,79.37770588,1.859367523,8.836365805,1.0,66.0,0.0,122.3315168,1.82e-12,-2.2e-108,0.0,1.0,66.0,0.0,122.3315168,1.93e-07,7.62e-113,0.0,1.00093098,66.0,9.54e-07,122.3231647,0.3669348,3.01e-41,5.21e-35,2.408580425,66.00000097,0.003408854,118.8041544,138.1958974,-1.23e-05,-0.00030675,20.25433866,66.48790666,2.369984605,116.236291,224.7556915,-1.279690014,-0.036022325
1.999965296,66.0,0.0,1.999979228,66.0,0.0,2.011205809,66.00013982,0.011687966,9.713458208,71.82567048,465.9001864,106.3903518,109.8468796,46456.7717,1.999965296,66.0,0.0,1.999979228,66.0,0.0,2.011205809,66.00013982,0.011687966,9.713458208,71.82567048,465.9001864,106.3903518,109.8468796,46456.7717,1.999965296,66.0,9.54e-07,122.3315168,3.22e-10,-4.9400000000000004e-26,-2.89e-15,1.999979221,66.0,1.35e-06,122.3315162,2.5e-05,-5.040000000000001e-21,-7.47e-13,2.009275734,66.00012781,0.107252015,122.2598349,3.146186069,-2.09e-05,-0.000109619,8.113965488,72.52298081,23.35794991,116.6625799,628.5312389,-28.2942356,-0.068572034,85.72149863,119.7960324,239.0310139,160.4668105,60885.2543,5173.71967,0.149233893,1.999965296,4.111572207,16.90553036,1.999979221,4.111600692,16.90553015,2.009275734,4.099558297,16.88712761,8.113965488,2.253035554,11.23287155,85.72149863,1.723751121,9.004759801,1.0,66.0,9.54e-07,122.3315168,2.03e-12,-8.97e-120,-6.98e-108,1.000000002,66.0,0.0,122.3315168,1.7e-06,4.79e-59,0.0,1.00197973,66.0,0.0,122.2980891,1.467462125,-2.42e-28,0.0,2.540336235,66.0,5.85e-05,115.740249,230.358234,-1.41e-08,-1.58e-05,20.1449195,66.10889163,1.137911297,114.722593,256.510588,-0.628432829,-0.034482645
1.000000099,60.00000066,5.38e-06,1.000113961,60.00083165,0.00824444,1.139748283,61.03036776,11.60483004,9.864088381,68.79237375,214.9454157,99.46520546,71.83557212,777.6500748,1.000000099,60.00000066,5.38e-06,1.000113961,60.00083165,0.00824444,1.139748283,61.03036776,11.60483004,9.864088381,68.79237375,214.9454157,99.46520546,71.83557212,777.6500748,1.0,60.0,0.0,84.85281374,0.0,0.0,0.0,1.0,60.0,0.0,84.85281374,0.0,0.0,0.0,1.0,60.0,0.0,84.85281374,4.55e-13,5.8e-214,0.0,1.067060455,60.0,9.54e-07,84.85281374,5.53e-12,5.56e-27,2.5e-15,4.228641366,61.29791205,4.974749072,87.8871031,175.986321,5.452689822,0.083036449,1.0,39.90919089,0.0,1.0,39.90919089,0.0,1.0,39.90919089,2.27e-13,1.067060455,39.92044264,0.002507346,4.228641366,39.40791929,129.6970268,1.0,60.0,0.0,84.85281374,0.0,0.0,0.0,1.0,60.0,0.0,84.85281374,0.0,0.0,0.0,1.0,60.0,0.0,84.85281374,4.55e-13,5.8e-214,0.0,1.067060455,60.0,0.0,84.85281374,0.0,-7.15e-40,0.0,3.926864873,60.0,9.54e-07,84.85281374,1.29e-12,2.59e-29,2.84e-17
1.005168447,66.00000002,3.02e-07,1.04257461,66.00006767,0.001082648,1.435783113,66.18130969,2.899415677,9.80949258,68.4514346,153.5118501,100.1089074,70.46499966,350.6156276,1.005168447,66.00000002,3.02e-07,1.04257461,66.00006767,0.001082648,1.435783113,66.18130969,2.899415677,9.80949258,68.4514346,153.5118501,100.1089074,70.46499966,350.6156276,1.00516821,66.0,0.0,122.3315168,0.0,9.739999999999999e-30,0.0,1.042464688,66.0,0.0,122.3315168,1.66e-06,1.2500000000000001e-22,0.0,1.370669636,66.00000029,0.005113565,122.2975562,1.490852216,4.95e-06,0.00079268,6.919382964,68.17145489,13.80998637,117.2686577,312.70926,-10.41871286,-0.047923985,75.2566818,71.25586464,21.10296432,116.5863005,557.3575233,-12.68799432,-0.03284213,1.00516821,1.537376139,0.06375568,1.042464688,1.663029948,0.487025489,1.370669636,2.432145093,2.445434726,6.919382964,2.399183584,4.297015133,75.2566818,1.944773378,4.307219811,1.0,66.0,0.0,93.33809512,0.0,-1.31e-102,0.0,1.0,66.0,0.0,93.33809512,9.57e-09,9.01e-47,0.0,1.000029699,66.0000004,0.005986648,93.34373332,0.422504549,4.03e-13,1.04e-10,1.879952422,73.9922916,25.60135775,107.8294747,827.094413,43.01411453,0.074804408,18.89339666,86.93179704,38.02264597,120.3701908,1571.81112,108.1405969,0.114515345
1.995601414,102.0,0.0,1.997358522,102.0,0.0,1.999126317,101.9998422,0.006621174,2.995267511,95.90865808,207.3856523,28.54474906,92.55759413,283.4056656,1.995601414,102.0,0.0,1.997358522,102.0,0.0,1.999126317,101.9998422,0.006621174,2.995267511,95.90865808,207.3856523,28.54474906,92.55759413,283.4056656,1.0,102.0,0.0,144.2497834,0.0,0.0,0.0,1.0,102.0,0.0,144.2497834,0.0,0.0,0.0,1.0,102.0,1.91e-06,144.2497834,3.64e-12,-1.6900000000000002e-86,0.0,1.071727963,102.0,1.35e-06,144.2497834,2.57e-12,8.170000000000001e-33,4.4900000000000005e-21,4.220082522,102.0,2.7e-06,144.2497834,8.13e-12,3.14e-28,6.11e-17,1.0,39.01227307,0.0,1.0,39.01227307,0.0,1.0,39.01227307,2.27e-13,1.071727963,39.01259287,1.5e-06,4.220082522,39.01748585,0.040863271,1.0,102.0,0.0,144.2497834,0.0,0.0,0.0,1.0,102.0,0.0,144.2497834,0.0,0.0,0.0,1.0,102.0,1.91e-06,144.2497834,3.64e-12,-1.6900000000000002e-86,0.0,1.071727963,102.0,1.35e-06,144.2497834,2.57e-12,8.170000000000001e-33,4.4900000000000005e-21,4.220082522,102.0,2.7e-06,144.2497834,8.13e-12,3.14e-28,6.11e-17
1.999920938,66.0,0.0,2.00008826,66.0,5.46e-12,2.095301694,66.00047279,0.042550436,9.390957847,69.6982015,305.1195572,97.87674081,70.70976672,373.1513409,1.999920938,66.0,0.0,2.00008826,66.0,5.46e-12,2.095301694,66.00047279,0.042550436,9.390957847,69.6982015,305.1195572,97.87674081,70.70976672,373.1513409,1.999920703,66.0,0.0,122.3315168,1.17e-06,1.94e-22,0.0,1.99998284,66.0,2.52e-06,122.3314311,0.003765119,-3.49e-13,-2.26e-06,2.048060577,66.00048369,0.208642662,122.0631411,11.71374403,-0.005166959,-0.007235784,7.953423252,70.12906688,18.82994493,117.9921253,449.0065902,46.28521094,0.148097622,77.41764055,71.42990723,21.34345172,116.5005995,568.1284972,39.04938573,0.099297594,1.999920703,2.538705726,6.445421862,1.99998284,2.538727542,6.445366452,2.048060577,2.526756428,6.360857924,7.953423252,2.094058303,4.580670676,77.41764055,1.890050985,4.161644105,1.0,66.0,0.0,122.3315168,0.0,-1.75e-58,0.0,1.000000001,66.0,1.35e-06,122.3315168,1.82e-12,-1.73e-165,0.0,1.000955062,66.0,9.54e-07,122.3315168,1.31e-06,2.6399999999999998e-28,2.41e-19,2.159777433,66.0,1.35e-06,120.0059308,94.91587917,-7.59e-14,-5.77e-09,19.86643614,66.00109561,0.114656585,114.6994791,255.6225454,-0.035798118,-0.019528173
1.000001422,73.99999305,9.72e-05,1.000409283,73.99769198,0.032388123,1.152807163,73.49144191,31.70515842,9.861862785,86.18632427,1440.640437,43.29452081,88.20558555,1477.76436,1.000001422,73.99999305,9.72e-05,1.000409283,73.99769198,0.032388123,1.152807163,73.49144191,31.70515842,9.861862785,86.18632427,1440.640437,43.29452081,88.20558555,1477.76436,1.000000926,74.0,1.56e-05,104.6518036,2.45e-10,0.0,0.0,1.000244025,74.0000003,0.008768183,104.6518038,7.69e-05,0.0,0.0,1.090535503,74.1672598,4.875420222,104.7701409,23.76972234,1.19e-182,0.0,4.704533593,98.1891786,50.31824558,122.9519095,2531.925839,0.001185134,8.58e-05,14.1447021,110.4472555,57.70391885,142.7805157,4439.22696,-198.6058259,-0.063520732,1.000000926,4.008707093,3.74e-06,1.000244025,4.008214859,0.001005421,1.090535503,3.839866616,0.620404585,4.704533593,6.459259691,491.5225924,14.1447021,15.64316589,2056.672891,1.000000926,74.0,1.35e-06,74.0,1.82e-12,0.0,0.0,1.000243982,74.0,0.0,74.0,0.0,0.0,0.0,1.085478675,74.0,0.0,74.0,0.0,0.0,0.0,3.032433391,74.0,0.0,74.0,0.0,0.0,0.0,3.88445677,74.0,1.35e-06,74.0,1.82e-12,0.0,0.0
2.271948607,66.0,0.0,2.471623359,66.0,1.3e-07,2.848886322,66.01076228,0.968665375,10.15587498,71.60698574,536.7283851,109.0395077,113.6086622,47784.41213,2.271948607,66.0,0.0,2.471623359,66.0,1.3e-07,2.848886322,66.01076228,0.968665375,10.15587498,71.60698574,536.7283851,109.0395077,113.6086622,47784.41213,2.271948607,66.0,0.0,115.942642,225.0874735,-1.23e-16,0.0,2.471623359,66.0,0.00036005,114.5539681,258.8897153,-5.02e-08,-8.66e-06,2.848845018,66.01076422,0.984207376,112.8585114,292.8091608,-0.430178636,-0.025542952,8.99311035,72.15767301,24.43386015,116.3119164,713.1263568,6.481661974,0.013432128,88.42713968,124.1516848,241.5001131,170.1101606,66854.9766,13456.56841,0.308222504,2.271948607,0.772366018,2.35850064,2.471623359,1.059214267,3.203825019,2.848845018,1.458678643,4.131379537,8.99311035,1.850709123,4.461075465,88.42713968,1.654109919,3.852304674,1.0,66.0,0.0,122.3315168,3.64e-12,-4e-253,0.0,1.000000001,66.0,9.54e-07,122.3315168,9.09e-13,2.11e-127,0.0,1.001013289,66.0,0.0,122.3315168,1.4e-06,-1.2300000000000001e-33,0.0,2.147787241,66.01708081,1.77533098,120.3743812,272.0264653,-0.042349409,-0.001446362,17.394933,80.57314372,49.81556739,248.6392018,157132.3093,3105.86187,0.157293723
1.000000006,66.0,9.09e-13,1.000011552,66.0,2e-11,1.029687437,66.0010594,0.106758941,9.400444604,69.88386842,315.5049022,100.6591982,71.2160182,458.1634401,1.000000006,66.0,9.09e-13,1.000011552,66.0,2e-11,1.029687437,66.0010594,0.106758941,9.400444604,69.88386842,315.5049022,100.6591982,71.2160182,458.1634401,1.000000006,66.0,9.54e-07,122.3315167,4.01e-06,-7.6300000000000005e-22,-3.99e-13,1.000011547,66.0,4.37e-06,122.3313644,0.006698378,-7.06e-17,-1.98e-10,1.028030486,66.0011751,0.325204631,122.050546,12.2735516,-0.000606931,-0.000532728,7.744481726,70.3997231,19.25684048,115.7130882,491.3889914,-4.447523326,-0.01286251,80.1946341,71.95067908,23.63837414,116.5144192,675.5421573,50.82704362,0.110354099,1.000000006,5.467545027,4.32e-09,1.000011547,5.467535132,8.57e-06,1.028030486,5.424972611,0.14575144,7.744481726,2.256220678,7.959791921,80.1946341,1.838840512,731.8676792,1.0,66.0,9.54e-07,122.3315168,9.09e-13,-3.95e-28,0.0,1.000000001,66.0,9.54e-07,122.3315168,1.25e-06,4.75e-22,4.45e-13,1.001799549,66.0,0.0,122.3013211,1.325709805,1.5e-16,0.0,2.646062722,66.07230681,0.928683712,114.9085025,251.7573392,0.184301485,0.01250752,20.7818234,66.45552185,2.29336354,115.0892795,252.7892845,5.448170243,0.149432632
3.949005746,102.0,1.82e-12,3.969296991,102.0,1.82e-12,3.989740907,101.9998884,0.004673122,5.073345873,97.99374881,144.5212307,31.74017481,92.06606914,296.6388341,3.949005746,102.0,1.82e-12,3.969296991,102.0,1.82e-12,3.989740907,101.9998884,0.004673122,5.073345873,97.99374881,144.5212307,31.74017481,92.06606914,296.6388341,1.0,102.0,0.0,144.2497834,0.0,0.0,0.0,1.0,102.0,0.0,144.2497834,0.0,0.0,0.0,1.0,102.0,0.0,144.2497834,0.0,8.000000000000001e-64,0.0,1.07165262,102.0,0.0,144.2497834,0.0,7.95e-34,0.0,4.219208306,102.0,0.0,144.2497834,1.82e-12,-2.63e-30,0.0,1.0,39.02560616,0.0,1.0,39.02560616,0.0,1.0,39.02560616,0.0,1.07165262,39.02674152,2.85e-05,4.219208306,39.0267202,0.023715716,1.0,102.0,0.0,144.2497834,0.0,0.0,0.0,1.0,102.0,0.0,144.2497834,0.0,0.0,0.0,1.0,102.0,0.0,144.2497834,0.0,8.000000000000001e-64,0.0,1.07165262,102.0,0.0,144.2497834,0.0,7.95e-34,0.0,4.219208306,102.0,0.0,144.2497834,1.82e-12,-2.63e-30,0.0
5.957859732,82.49490195,898.1553304,6.350867129,82.64869583,903.5509477,6.810052546,82.70477523,905.2274635,13.31259359,75.62233418,608.7288465,195.8270875,595.1573659,431417.2917,5.957859732,82.49490195,898.1553304,6.350867129,82.64869583,903.5509477,6.810052546,82.70477523,905.2274635,13.31259359,75.62233418,608.7288465,195.8270875,595.1573659,431417.2917,4.315469772,84.96674449,34.89717279,168.7872412,1219.096103,-112.4139928,-0.430751603,4.573815945,85.23191338,35.08214021,168.8599002,1232.04461,-121.0018329,-0.459584647,4.866603302,85.42486046,35.21898617,168.6231613,1242.77161,-128.0941504,-0.414183195,9.739513563,77.08682653,28.47211987,137.6704185,1163.3615,145.6416081,0.177082756,166.0778116,688.1757829,671.9620681,703.9177371,458014.2648,9550.345336,0.051292446,4.315469772,1.398006197,8.269958676,4.573815945,1.434838277,8.441805887,4.866603302,1.473876458,8.627744527,9.739513563,1.890593923,4875359.35,166.0778116,775397.0032,1166880000000000.0,2.654877306,94.26397815,41.77206689,171.5973901,1746.073384,27.80607756,0.083305518,2.785124263,94.97470836,42.0498517,171.8597465,1769.34594,35.17146105,0.104597074,2.928437535,95.63559094,42.2958028,172.049085,1790.159744,45.63048397,0.132585905,4.389816674,86.42757611,37.69875347,150.6249837,1575.549481,679.360427,0.6910058,20.09600313,75.12119044,34.10649708,162.710579,52672.71523,382.5311047,0.048875335
2.999843024,101.9999998,8.37e-06,2.999925388,101.9997258,0.011514732,3.027745742,101.6250149,15.56743628,4.715350505,94.43101747,242.5235478,30.22075987,93.02070773,264.537778,2.999843024,101.9999998,8.37e-06,2.999925388,101.9997258,0.011514732,3.027745742,101.6250149,15.56743628,4.715350505,94.43101747,242.5235478,30.22075987,93.02070773,264.537778,1.0,102.0,0.0,144.2497834,0.0,0.0,0.0,1.0,102.0,0.0,144.2497834,0.0,0.0,0.0,1.0,102.0,1.35e-06,144.2497834,1.82e-12,-6.5000000000000004e-192,0.0,1.071600343,102.0,0.0,144.2497834,0.0,-4.3e-62,0.0,4.218486761,102.0,1.35e-06,144.2497834,1.82e-12,-5.5399999999999995e-30,0.0,1.0,39.03736401,0.0,1.0,39.03736401,0.0,1.0,39.03736401,4.55e-13,1.071600343,39.03656704,1.99e-05,4.218486761,39.03433025,0.007591944,1.0,102.0,0.0,144.2497834,0.0,0.0,0.0,1.0,102.0,0.0,144.2497834,0.0,0.0,0.0,1.0,102.0,1.35e-06,144.2497834,1.82e-12,-6.5000000000000004e-192,0.0,1.071600343,102.0,0.0,144.2497834,0.0,-4.3e-62,0.0,4.218486761,102.0,1.35e-06,144.2497834,1.82e-12,-5.5399999999999995e-30,0.0
3.999846596,101.999997,0.000123973,4.000025098,101.9987683,0.051730505,4.050421273,101.4909168,21.06605472,5.791781774,95.51176054,214.7738035,30.66062526,93.59745585,257.4204238,3.999846596,101.999997,0.000123973,4.000025098,101.9987683,0.051730505,4.050421273,101.4909168,21.06605472,5.791781774,95.51176054,214.7738035,30.66062526,93.59745585,257.4204238,1.0,102.0,0.0,144.2497834,0.0,0.0,0.0,1.0,102.0,0.0,144.2497834,0.0,0.0,0.0,1.0,102.0,0.0,144.2497834,1.82e-12,-1.38e-86,0.0,1.071603701,102.0,1.35e-06,144.2497834,1.82e-12,-4.85e-41,0.0,4.180238511,102.0,2.34e-06,144.2497834,5.75e-12,5.33e-31,1.69e-19,1.0,39.03707194,0.0,1.0,39.03707194,0.0,1.0,39.03707194,2.27e-13,1.071603701,39.03593557,1.84e-05,4.180238511,39.50428488,1272643.281,1.0,102.0,0.0,144.2497834,0.0,0.0,0.0,1.0,102.0,0.0,144.2497834,0.0,0.0,0.0,1.0,102.0,0.0,144.2497834,1.82e-12,-1.38e-86,0.0,1.071603701,102.0,1.35e-06,144.2497834,1.82e-12,-4.85e-41,0.0,4.180238511,102.0,2.34e-06,144.2497834,5.75e-12,5.33e-31,1.69e-19
4.983200127,102.0,1.11e-07,4.989905142,101.9999833,0.000701191,5.009574358,101.894356,4.414322091,6.702099864,96.52556652,188.1714475,33.98426191,91.54620167,300.3287341,4.983200127,102.0,1.11e-07,4.989905142,101.9999833,0.000701191,5.009574358,101.894356,4.414322091,6.702099864,96.52556652,188.1714475,33.98426191,91.54620167,300.3287341,1.0,102.0,0.0,144.2497834,0.0,0.0,0.0,1.0,102.0,0.0,144.2497834,0.0,0.0,0.0,1.0,102.0,1.35e-06,144.2497834,1.82e-12,9.02e-286,0.0,1.071767265,102.0,0.0,144.2497834,1.82e-12,6.89e-33,0.0,4.164117459,102.0,1.35e-06,144.2497834,1.82e-12,-1.58e-29,0.0,1.0,39.013556,0.0,1.0,39.013556,0.0,1.0,39.013556,0.0,1.071767265,39.0052643,0.001300434,4.164117459,39.70535845,26.58289398,1.0,102.0,0.0,144.2497834,0.0,0.0,0.0,1.0,102.0,0.0,144.2497834,0.0,0.0,0.0,1.0,102.0,1.35e-06,144.2497834,1.82e-12,9.02e-286,0.0,1.071767265,102.0,0.0,144.2497834,1.82e-12,6.89e-33,0.0,4.164117459,102.0,1.35e-06,144.2497834,1.82e-12,-1.58e-29,0.0
1.00100309,60.00601408,0.036198512,1.020974585,60.12522505,0.924108071,1.490375284,64.00423676,202.8717756,11.59926003,81.25604941,1168.020422,106.2499307,77.81707425,899.6804637,1.00100309,60.00601408,0.036198512,1.020974585,60.12522505,0.924108071,1.490375284,64.00423676,202.8717756,11.59926003,81.25604941,1168.020422,106.2499307,77.81707425,899.6804637,1.0,60.0,0.0,84.85281374,0.0,0.0,0.0,1.0,60.0,0.0,84.85281374,0.0,0.0,0.0,1.000000217,60.0,0.0,84.85281374,9.09e-13,-2.4399999999999998e-42,0.0,1.261017861,60.0,0.0,84.85281374,4.55e-13,-2.15e-33,0.0,5.893396958,60.00006651,0.03262136,84.85305494,0.022959237,4.53e-08,9.16e-06,1.0,22.13556099,0.0,1.0,22.13556099,0.0,1.000000217,22.13556163,1.91e-06,1.261017861,22.77763846,1.631456836,5.893396958,27.04547669,66.06696885,1.0,60.0,0.0,84.85281374,0.0,0.0,0.0,1.0,60.0,0.0,84.85281374,0.0,0.0,0.0,1.000000217,60.0,0.0,84.85281374,9.09e-13,-2.4399999999999998e-42,0.0,1.261017861,60.0,0.0,84.85281374,4.55e-13,-2.15e-33,0.0,5.89337246,60.0,6.74e-07,84.85281374,1.02e-12,-2.1800000000000002e-29,-3.39e-17
1.000000089,60.00000268,8.05e-05,1.00009159,60.00274744,0.082415772,1.093762669,62.57174628,70.53850936,3.323430872,80.38893445,195.9593855,17.00161247,81.62836355,181.0647967,1.000000089,60.00000268,8.05e-05,1.00009159,60.00274744,0.082415772,1.093762669,62.57174628,70.53850936,3.323430872,80.38893445,195.9593855,17.00161247,81.62836355,181.0647967,1.0,60.0,0.0,84.85281374,0.0,0.0,0.0,1.0,60.0,0.0,84.85281374,0.0,0.0,0.0,1.0,60.0,9.54e-07,84.85281374,1.29e-12,-6.96e-41,-7.65e-29,1.064721972,60.0,0.0,84.85281374,0.0,0.0,0.0,4.029973864,60.0,1.35e-06,84.85281374,1.87e-12,-4.34e-30,-4.77e-18,1.0,40.40073609,0.0,1.0,40.40073609,0.0,1.0,40.40073609,4.55e-13,1.064721972,40.40098145,300489.4192,4.029973864,19675296.36,2.98e+16,1.0,60.0,0.0,84.85281374,0.0,0.0,0.0,1.0,60.0,0.0,84.85281374,0.0,0.0,0.0,1.0,60.0,9.54e-07,84.85281374,1.29e-12,-6.96e-41,-7.65e-29,1.064721972,60.0,0.0,84.85281374,0.0,0.0,0.0,4.029973864,60.0,1.35e-06,84.85281374,1.87e-12,-4.34e-30,-4.77e-18
2.052362913,89.23413674,22.38935099,2.170425843,87.64411474,65.12584387,2.571642218,83.41829822,152.6536523,3.853886016,78.97370599,170.1827458,47.77343701,98.07775916,15096.35179,2.052362913,89.23413674,22.38935099,2.170425843,87.64411474,65.12584387,2.571642218,83.41829822,152.6536523,3.853886016,78.97370599,170.1827458,47.77343701,98.07775916,15096.35179,1.0,90.0,0.0,108.1665383,0.0,1.8e-270,0.0,1.0,90.0,0.0,108.1665383,0.0,4.88e-162,0.0,1.0,90.0,9.54e-07,108.1665383,1.02e-12,-1.36e-54,-2.11e-42,1.047470761,89.99976153,0.084580876,108.1665347,0.007188328,-0.000103533,-0.046185266,4.753302497,86.17576964,10.00510734,105.1908499,100.1036377,-3.815178254,-0.518182089,1.0,44.65011501,0.0,1.0,44.65011501,0.0,1.0,44.65011501,4.55e-13,1.047470761,44.6405075,0.028906657,4.753302497,35.16268651,297.7569839,1.0,90.0,0.0,108.1665383,0.0,1.8e-270,0.0,1.0,90.0,0.0,108.1665383,0.0,4.88e-162,0.0,1.0,90.0,9.54e-07,108.1665383,1.02e-12,-1.36e-54,-2.11e-42,1.047470761,89.99976153,0.084580876,108.1665347,0.007188328,-0.000103533,-0.046185266,4.753302497,86.17576964,10.00510734,105.1908499,100.1036377,-3.815178254,-0.518182089
1.000000014,65.99999995,2.81e-07,1.000031585,65.9999182,0.000497333,1.084803256,65.95809212,6.365342021,12.48678723,71.93631667,358.0975815,77.32436408,71.49382186,364.1915887,1.000000014,65.99999995,2.81e-07,1.000031585,65.9999182,0.000497333,1.084803256,65.95809212,6.365342021,12.48678723,71.93631667,358.0975815,77.32436408,71.49382186,364.1915887,1.000000006,66.0,1.65e-06,122.3315173,1.01e-05,1.02e-28,1.93e-20,1.000017892,66.00000003,0.001568661,122.3318303,0.005962489,5.12e-16,4.23e-12,1.056182087,66.05937822,2.275327706,122.4990533,7.514396668,0.00122729,0.000231125,9.775758606,73.28644777,20.72784324,120.665898,508.1510561,28.81248934,0.084386283,60.99256027,72.44507854,21.02394107,118.7318415,536.3311627,20.47587933,0.055879113,1.000000006,5.783650135,1.34e-07,1.000017892,5.783573971,0.000408207,1.056182087,5.557840055,1.156836662,9.775758606,390.0563332,584664000000.0,60.99256027,6802307.416,1.02e+16,1.0,66.0,9.54e-07,136.0771774,0.00040095,-7.59e-35,-3.97e-27,1.000000001,66.00000003,0.001568664,136.0735639,0.219385182,-1.47e-19,-2e-16,1.001448524,66.06041416,2.331013701,134.2109394,110.5702503,-0.000288065,-1.18e-05,2.651578671,84.68428325,36.50319236,125.5505022,1506.192305,-83.80166085,-0.086633749,14.5445601,87.83866432,38.58176421,122.014385,1620.781927,110.2932024,0.112893204
1.000000057,60.00001541,0.004159388,1.000059456,60.01605207,4.333801589,1.061956189,75.75221193,4004.96504,2.979737771,215.6547927,17798.37954,19.72991012,225.860669,17294.60373,1.000000057,60.00001541,0.004159388,1.000059456,60.01605207,4.333801589,1.061956189,75.75221193,4004.96504,2.979737771,215.6547927,17798.37954,19.72991012,225.860669,17294.60373,1.0,60.0,0.0,84.85281374,0.0,0.0,0.0,1.0,60.0,0.0,84.85281374,0.0,0.0,0.0,1.000000045,60.0,0.0,84.85281374,9.09e-13,-3.14e-104,0.0,1.221930683,60.0,6.74e-07,84.85281374,1.02e-12,2.29e-30,3.56e-18,6.612905423,60.00000418,0.007373118,84.85283064,0.00102677,1.57e-10,6.66e-07,1.0,24.41270185,0.0,1.0,24.41270185,0.0,1.000000045,24.4127019,7.29e-08,1.221930683,24.61790023,0.224774549,6.612905423,23.77386503,33.36280034,1.0,60.0,0.0,84.85281374,0.0,0.0,0.0,1.0,60.0,0.0,84.85281374,0.0,1.1800000000000002e-163,0.0,1.000000045,60.0,0.0,84.85281374,9.09e-13,-1.7e-61,0.0,1.221930683,60.0,6.74e-07,84.85281374,1.02e-12,8.47e-30,1.32e-17,6.612903296,60.0,0.0,84.85281374,4.55e-13,-9.83e-29,0.0
1.999955381,102.0,3.64e-12,1.999973228,102.0,0.0,1.999996263,101.9999896,4.15e-05,2.869720621,99.27415571,89.14721214,28.9659835,92.52233766,281.3349211,1.999955381,102.0,3.64e-12,1.999973228,102.0,0.0,1.999996263,101.9999896,4.15e-05,2.869720621,99.27415571,89.14721214,28.9659835,92.52233766,281.3349211,1.0,102.0,0.0,144.2497834,0.0,0.0,0.0,1.0,102.0,0.0,144.2497834,0.0,0.0,0.0,1.0,102.0,0.0,144.2497834,3.64e-12,-4.51e-51,0.0,1.074776614,102.0,0.0,144.2497834,0.0,-6.92e-61,0.0,4.221978563,102.0,9.44e-06,144.2497834,1.05e-10,1.26e-19,1.77e-09,1.0,38.3633728,0.0,1.0,38.3633728,0.0,1.0,38.3633728,5.46e-12,1.074776614,38.45709699,0.119774574,4.221978563,38.9980099,110095.5709,1.0,102.0,0.0,144.2497834,0.0,0.0,0.0,1.0,102.0,0.0,144.2497834,0.0,0.0,0.0,1.0,102.0,0.0,144.2497834,3.64e-12,-4.51e-51,0.0,1.074776614,102.0,0.0,144.2497834,0.0,-6.92e-61,0.0,4.221978563,102.0,9.44e-06,144.2497834,1.05e-10,1.26e-19,1.77e-09
2.043635412,66.17087104,2.842232965,2.231178572,66.81365546,19.4369916,3.296423363,71.89327458,329.0464333,12.67214189,73.53456878,563.2696481,103.101103,70.94714287,394.345077,2.043635412,66.17087104,2.842232965,2.231178572,66.81365546,19.4369916,3.296423363,71.89327458,329.0464333,12.67214189,73.53456878,563.2696481,103.101103,70.94714287,394.345077,1.987497131,66.0019105,0.414657968,122.3331052,0.172267483,2.65e-06,6.22e-05,1.998296124,66.10683391,3.098973714,122.4130682,9.614357865,0.006235358,0.002986551,2.320507478,71.17251413,20.94687016,125.990489,439.348739,8.968380415,0.090228331,9.126844912,75.21330123,27.28208546,122.323329,801.2831304,140.5452193,0.299055099,79.09342979,71.97588049,22.186259,117.0055163,598.9273208,88.4196184,0.215751795,1.987497131,1.351430807,1.839732507,1.998296124,1.353903776,1.83769145,2.320507478,1.34474506,1.735237166,9.126844912,1.770029348,2.821779426,79.09342979,1.847217715,3.339314247,1.0,66.0,0.0,122.3315168,0.0,0.0,0.0,1.000000001,66.0,1.35e-06,122.3315168,1.82e-12,-2.67e-208,0.0,1.001007992,66.0,0.0,122.3314835,0.001460874,-1.1499999999999999e-24,0.0,2.333161068,66.00000009,0.001047467,117.9201433,167.4867704,-4.05e-07,-2.99e-05,20.31283134,66.2474242,1.705248256,114.9580748,252.9606681,-0.751068723,-0.027693632
1.999941335,102.0,1.27e-11,1.999964805,101.9999999,4.09e-06,2.00170809,101.9649022,1.468926372,3.383916781,94.04960022,251.5848647,28.38219581,93.214846,266.269709,1.999941335,102.0,1.27e-11,1.999964805,101.9999999,4.09e-06,2.00170809,101.9649022,1.468926372,3.383916781,94.04960022,251.5848647,28.38219581,93.214846,266.269709,1.0,102.0,0.0,144.2497834,0.0,0.0,0.0,1.0,102.0,0.0,144.2497834,0.0,0.0,0.0,1.0,102.0,1.35e-06,144.2497834,2.57e-12,9.209999999999999e-40,5.06e-28,1.071632886,102.0,1.35e-06,144.2497834,1.82e-12,3.09e-36,0.0,4.218462514,101.9998012,0.091373448,144.24952,0.00966272,0.00031739,0.049804326,1.0,39.03067088,0.0,1.0,39.03067088,0.0,1.0,39.03067088,0.0,1.071632886,39.03044886,6.97e-07,4.218462514,7165.446777,10700000000000.0,1.0,102.0,0.0,144.2497834,0.0,0.0,0.0,1.0,102.0,0.0,144.2497834,0.0,0.0,0.0,1.0,102.0,1.35e-06,144.2497834,2.57e-12,9.209999999999999e-40,5.06e-28,1.071632886,102.0,1.35e-06,144.2497834,1.82e-12,3.09e-36,0.0,4.218462514,101.9998012,0.091373448,144.24952,0.00966272,0.00031739,0.049804326
1.000113534,379.9670712,10.03284819,1.007081311,378.0273439,589.2506232,1.529220544,285.4956681,19088.1169,8.370559287,142.0552474,16365.64558,21.87995088,209.885422,38979.83216,1.000113534,379.9670712,10.03284819,1.007081311,378.0273439,589.2506232,1.529220544,285.4956681,19088.1169,8.370559287,142.0552474,16365.64558,21.87995088,209.885422,38979.83216,1.000105808,379.9695431,3.040068211,391.7933941,584.1214222,4.29e-05,5.84e-07,1.006224692,378.2980864,22.44048779,390.5425335,2540.223506,0.131141133,0.000117118,1.431406004,300.8849578,129.188729,347.0470459,94888.37005,-634.4620296,-0.016068912,6.577586333,145.7763883,118.0090979,353.828807,242169.0453,-13351.64186,-0.230101531,9.416454232,128.7431676,105.6349643,332.1866521,231598.3873,-10182.3113,-0.200411785,1.000105808,2.881544866,0.000677522,1.006224692,2.868121315,0.036534768,1.431406004,2.358270997,2698.029987,6.577586333,7633540.908,1.14e+16,9.416454232,113801193.3,1.58e+17,1.000105808,379.9695431,3.040068211,391.7933941,584.1214222,4.29e-05,5.84e-07,1.006224692,378.2980864,22.44048779,390.5425335,2540.223506,0.131141133,0.000117118,1.431406004,300.8849578,129.188729,347.0470459,94888.37005,-634.4620296,-0.016068912,6.544238732,146.1421406,118.1978205,355.8105923,243621.6095,-13645.23336,-0.234083733,8.704738673,133.2190704,108.6556331,360.3721401,252650.0194,-14737.15805,-0.269984708
34.65733465,169.4174358,52072.1614,40.28726508,167.855385,51027.2941,47.92497853,164.940183,49355.51569,53.75707624,161.95205,47165.20542,77.53003177,136.5657463,34489.7447,34.65733465,169.4174358,52072.1614,40.28726508,167.855385,51027.2941,47.92497853,164.940183,49355.51569,53.75707624,161.95205,47165.20542,77.53003177,136.5657463,34489.7447,34.43464945,170.1250262,228.7596623,300.4925145,97416.13889,-6734.295933,-0.10269865,39.83848462,169.0701521,226.8691675,305.724499,105008.1139,-10932.04589,-0.159274516,46.77818792,167.4056248,224.274789,312.3812391,114453.7017,-17284.31978,-0.240356994,50.74505836,166.0541541,222.5261575,317.9930863,118472.5737,-21841.93512,-0.2991906,59.32032035,152.0401964,209.4233583,288.3955014,106463.8298,-1287.626042,-0.019740383,34.43464945,0.393098791,14.77745118,39.83848462,0.517764977,19.46749888,46.77818792,0.672545126,25.24863978,50.74505836,0.785718126,28.85922567,59.32032035,2.69568136,75.34690002,1.0,74.0,0.0,74.0,0.0,0.0,0.0,1.0,74.0,0.0,74.0,0.0,0.0,0.0,1.0,74.0,0.0,74.0,0.0,0.0,0.0,1.0,74.0,0.0,74.0,0.0,0.0,0.0,1.0,74.0,0.0,74.0,0.0,0.0,0.0
1.99827886,101.9999996,1.63e-06,1.999063536,101.9998065,0.000773907,2.045554734,101.9102459,0.350960716,3.344615686,99.4950877,60.80141252,28.88258879,93.13251149,266.703992,1.99827886,101.9999996,1.63e-06,1.999063536,101.9998065,0.000773907,2.045554734,101.9102459,0.350960716,3.344615686,99.4950877,60.80141252,28.88258879,93.13251149,266.703992,1.0,102.0,0.0,144.2497834,0.0,0.0,0.0,1.0,102.0,0.0,144.2497834,0.0,0.0,0.0,1.0,102.0,0.0,144.2497834,3.64e-12,4.64e-51,0.0,1.074849341,102.0,1.35e-06,144.2497834,1.82e-12,-4.87e-55,0.0,4.222594462,102.0,1.35e-06,144.2497834,1.82e-12,-3.19e-30,0.0,1.0,38.35221505,0.0,1.0,38.35221505,0.0,1.0,38.35221505,5.46e-12,1.074849341,38.4438618,0.114152758,4.222594462,38.99137028,0.192040239,1.0,102.0,0.0,144.2497834,0.0,0.0,0.0,1.0,102.0,0.0,144.2497834,0.0,0.0,0.0,1.0,102.0,0.0,144.2497834,3.64e-12,4.64e-51,0.0,1.074849341,102.0,1.35e-06,144.2497834,1.82e-12,-4.87e-55,0.0,4.222594462,102.0,1.35e-06,144.2497834,1.82e-12,-3.19e-30,0.0
1.000070003,66.00000001,1.26e-07,1.003340078,66.00004156,0.000665024,1.303025801,66.16898563,2.675232968,10.13931672,68.5253754,142.5440163,95.29016935,70.46393974,341.9837602,1.000070003,66.00000001,1.26e-07,1.003340078,66.00004156,0.000665024,1.303025801,66.16898563,2.675232968,10.13931672,68.5253754,142.5440163,95.29016935,70.46393974,341.9837602,1.000070001,66.0,0.0,122.3283826,0.137717887,-1.99e-88,0.0,1.003333848,66.0,1.35e-06,122.2052588,5.527004412,2.11e-15,6.67e-10,1.273879169,66.00000026,0.004875268,116.9285635,197.7473698,-1.44e-06,-2.1e-05,8.071080426,67.82137167,12.67304443,112.4189774,369.9588695,0.992183229,0.004288512,74.46449044,70.97182149,20.51627256,116.2943669,536.8402636,34.72071333,0.09271159,1.000070001,2.760911862,2.26e-05,1.003333848,2.758967249,0.001827932,1.273879169,2.545500561,0.660686259,8.071080426,2.03013356,3.577036524,74.46449044,1.963321327,3.691185865,1.0,66.0,0.0,122.3315168,0.0,-6.759999999999999e-134,0.0,1.000000001,66.0,0.0,122.3315168,1.82e-12,-5.77e-40,0.0,1.001020726,66.0,9.54e-07,122.3315168,1.44e-06,-6.74e-24,-5.88e-15,2.135125135,66.0,6.37e-05,120.4308035,78.66861922,-1.48e-08,-2.62e-05,18.67847101,66.06174493,0.858560845,116.3501395,215.0844096,-0.245382018,-0.019488054
1.003908351,66.0,9.09e-13,1.036061444,65.99999999,3.71e-08,1.388298148,65.99643603,0.04014447,8.735555171,68.42763529,189.2551038,98.61277329,70.72306518,356.2689708,1.003908351,66.0,9.09e-13,1.036061444,65.99999999,3.71e-08,1.388298148,65.99643603,0.04014447,8.735555171,68.42763529,189.2551038,98.61277329,70.72306518,356.2689708,1.00000045,66.0,0.0,122.3315168,0.0,-7.39e-57,0.0,1.000155517,66.0,0.0,122.3315168,2.97e-07,-1.02e-37,0.0,1.057194969,66.0000017,0.012355839,122.3139025,0.774028618,-6.88e-09,-6.33e-07,5.907640739,68.95637511,16.04159941,118.6352056,347.0418865,-9.425185816,-0.038504075,73.75845356,71.50901224,21.33364215,117.2169204,560.2976772,42.86659969,0.111151652,1.00000045,4.216908575,2.86e-07,1.000155517,4.217032229,9.9e-05,1.057194969,4.25154861,0.060251988,5.907640739,2.828759777,4.360197672,73.75845356,1.984906252,4.497051111,1.0,66.0,0.0,93.33809512,0.0,2.96e-73,0.0,1.0,66.0,0.0,93.33809513,1.13e-06,9.62e-43,0.0,1.000029731,66.00000179,0.012704083,93.36574022,2.070162561,8.87e-12,4.85e-10,1.935930292,75.02157971,27.02874901,109.6675373,911.9252038,50.36928568,0.079766843,18.83134025,87.05855272,38.10258655,120.5669355,1578.502645,110.8340467,0.116857514
2.000025589,66.00000188,0.000169547,2.002357881,66.00168192,0.151369848,2.205915318,67.36542191,120.9665786,10.40493918,73.66314416,585.8604925,101.1928869,71.37189984,386.4503009,2.000025589,66.00000188,0.000169547,2.002357881,66.00168192,0.151369848,2.205915318,67.36542191,120.9665786,10.40493918,73.66314416,585.8604925,101.1928869,71.37189984,386.4503009,1.999986058,66.00000188,0.013021145,122.3315182,0.000169712,2.17e-12,6.12e-08,2.000076688,66.00168384,0.389284587,122.3326856,0.151623341,1.23e-06,4.49e-05,2.07403881,67.45142196,11.33672574,123.2736893,128.5831082,0.578635396,0.025569194,8.215067113,74.91654775,26.88409755,122.9304833,767.0856661,-15.39562824,-0.035722367,79.86653797,72.18188715,21.73149008,117.8757307,571.7345918,-1.08824343,-0.002789534,1.999986058,2.392637707,5.724776303,2.000076688,2.392630418,5.724742798,2.07403881,2.387629642,5.720736678,8.215067113,2.160668747,9.071857742,79.86653797,1.848243882,8.879583088,1.0,66.0,0.0,122.3315168,1.82e-12,0.0,0.0,1.000000001,66.0,9.54e-07,122.3315168,2.03e-12,-1.96e-67,-1.5199999999999999e-55,1.000965332,66.0,0.0,122.3314862,0.001345337,-1.06e-24,0.0,2.259827567,66.00459019,0.23465134,118.6705754,142.8476711,-0.016227466,-0.005786169,21.00782416,66.95144006,3.242228019,116.3923842,227.8169366,-0.667380559,-0.013644839
1.260147698,78.81731667,49.70249157,1.491536158,78.03539916,144.5226228,2.572934466,81.972279,722.2164589,11.81960809,75.14149859,630.8312832,100.1721531,71.49101168,411.9669009,1.260147698,78.81731667,49.70249157,1.491536158,78.03539916,144.5226228,2.572934466,81.972279,722.2164589,11.81960809,75.14149859,630.8312832,100.1721531,71.49101168,411.9669009,1.000009464,81.99984857,0.049221975,105.261461,0.002422803,-5e-46,0.0,1.000967502,81.98453493,0.497194025,105.2495319,0.247201899,-7.4e-27,0.0,1.098907715,80.55991236,4.579033726,104.1436486,20.96754987,-1.68e-07,-1.39e-05,2.461163253,73.3963414,7.977035661,99.83464576,68.00754735,-4.59549818,-0.11760146,18.28785642,70.59858715,7.166538005,99.94711647,74.10722703,1.234012299,0.023558223,1.000009464,3.337926756,0.001296124,1.000967502,3.349127391,0.132245287,1.098907715,4.391105037,11.21676458,2.461163253,8.503809376,29.36273799,18.28785642,8.215970254,29.71364178,1.000009464,81.99984857,0.049221975,105.261461,0.002422803,-5e-46,0.0,1.000967502,81.98453493,0.497194025,105.2495319,0.247201899,-7.4e-27,0.0,1.098907715,80.55991236,4.579033726,104.1436486,20.96754987,-1.68e-07,-1.39e-05,2.461163253,73.3963414,7.977035661,99.83464576,68.00754735,-4.59549818,-0.11760146,18.28785642,70.59858715,7.166538005,99.94711647,74.10722703,1.234012299,0.023558223
1.993362254,66.00000195,3.12e-05,1.996368595,66.00086212,0.013793195,2.173880199,66.3500538,5.479574073,11.19902067,69.29694405,199.6977408,100.8119095,70.86823418,361.069464,1.993362254,66.00000195,3.12e-05,1.996368595,66.00086212,0.013793195,2.173880199,66.3500538,5.479574073,11.19902067,69.29694405,199.6977408,100.8119095,70.86823418,361.069464,1.993361438,66.0,9.54e-07,122.331516,3.59e-05,-8.52e-73,-1.49e-64,1.996081185,66.0,9.54e-07,122.3308493,0.02933027,2.25e-17,1.38e-10,2.069822445,66.00001771,0.039921384,121.7443325,25.34229051,-4.01e-05,-0.000199422,8.815977225,68.85345228,15.33143669,114.597687,395.3483454,-9.184677899,-0.033600562,80.23332272,71.38565046,20.92440122,116.1638069,556.0770519,-11.05531861,-0.028535446,1.993361438,2.443499928,6.001142761,1.996081185,2.4467451,6.001124073,2.069822445,2.43278824,5.940047541,8.815977225,1.898550244,4.7992436,80.23332272,1.825526968,4.660382849,1.0,66.0,1.35e-06,122.3315168,2.57e-12,-6.04e-28,-3.32e-16,1.000000002,66.0,0.0,122.3315168,1.64e-06,-4.5599999999999997e-94,0.0,1.001969598,66.0,1.3e-05,122.2984747,1.450554862,-5.53e-13,-3.52e-08,2.586934384,66.29753781,1.865991699,116.2631716,221.1032576,-0.687900997,-0.024793943,20.64385723,66.44308759,2.262901788,115.2197779,249.5189493,3.845551436,0.107593712
21.39655502,143.1231761,35903.09894,22.85154228,142.2454398,35475.25657,25.15554834,139.0209525,34217.14572,33.5099618,122.4949838,27377.0656,60.11592524,102.5262837,15971.03529,21.39655502,143.1231761,35903.09894,22.85154228,142.2454398,35475.25657,25.15554834,139.0209525,34217.14572,33.5099618,122.4949838,27377.0656,60.11592524,102.5262837,15971.03529,20.61973295,146.2547355,192.3163811,330.9857863,158270.4793,-21662.46505,-0.287136755,21.88798299,145.8660729,191.6404688,335.0800114,162891.8212,-24386.11933,-0.319425979,23.26631328,145.437214,190.9120079,339.1969478,167516.6099,-27371.12327,-0.354564963,23.95644289,145.1206162,190.4681941,343.8796351,167595.0498,-29688.3114,-0.385338886,27.91380838,133.3055948,179.0865958,311.1366977,149951.9149,-10311.775,-0.150445182,20.61973295,1.982483434,102.9396486,21.88798299,2.088857464,108.2528573,23.26631328,2.197922819,113.6769866,23.95644289,2.275541097,116.7628357,27.91380838,5.923207385,205.7756321,1.984381492,69.96851713,3.999876102,101.8410202,15.99900883,0.0,0.0,1.990599407,69.98111003,3.999955396,101.8496724,15.99964317,0.0,0.0,1.996856598,69.9937033,3.999995044,101.8583256,15.99996035,0.0,0.0,1.999685214,69.99937033,3.99999995,101.8622199,15.9999996,0.0,0.0,1.999968517,69.99993703,4.0,101.8626094,16.0,0.0,0.0
1.999974346,89.99986425,0.004072564,2.000921076,89.98587821,0.423451108,2.101052651,88.57580009,40.378303,3.717585542,79.77447925,161.3158778,32.30937476,77.19256966,334.7740015,1.999974346,89.99986425,0.004072564,2.000921076,89.98587821,0.423451108,2.101052651,88.57580009,40.378303,3.717585542,79.77447925,161.3158778,32.30937476,77.19256966,334.7740015,1.0,90.0,0.0,108.1665383,0.0,0.0,0.0,1.0,90.0,0.0,108.1665383,0.0,0.0,0.0,1.0,90.0,0.0,108.1665383,0.0,-4.66e-81,0.0,1.049719923,89.99999999,0.000478224,108.1665383,2.3e-07,-1.52e-17,-2.16e-10,4.042223527,89.09778276,5.12372143,107.4616944,26.25297014,-0.084447305,-0.042065347,1.0,44.00025487,0.0,1.0,44.00025487,0.0,1.0,44.00025487,0.0,1.049719923,44.00036677,2.78e-05,4.042223527,41.4245132,112.427846,1.0,90.0,0.0,108.1665383,0.0,0.0,0.0,1.0,90.0,0.0,108.1665383,0.0,0.0,0.0,1.0,90.0,0.0,108.1665383,0.0,-4.66e-81,0.0,1.049719923,89.99999999,0.000478224,108.1665383,2.3e-07,-1.52e-17,-2.16e-10,4.042223527,89.09778276,5.12372143,107.4616944,26.25297014,-0.084447305,-0.042065347
1.0,98.0,0.0,1.0,98.0,0.0,1.000001735,98.00000578,6.7e-05,2.549099057,96.93424334,119.0323638,28.0800503,94.37879523,233.2446475,1.0,98.0,0.0,1.0,98.0,0.0,1.000001735,98.00000578,6.7e-05,2.549099057,96.93424334,119.0323638,28.0800503,94.37879523,233.2446475,1.0,98.0,0.0,114.90866,4.31e-05,6.27e-88,0.0,1.0,98.0,0.0,114.9092651,0.044078064,1.15e-51,0.0,1.000000028,97.99999896,0.006297249,115.5141611,42.43562018,-6.41e-14,-1.56e-12,1.3402579,92.36520096,13.50449567,119.4915934,395.3852372,-10.64637554,-0.04209061,9.897675026,80.38196495,18.94861348,112.2866803,509.1145353,13.40879574,0.037247084,1.0,25.11798,0.0,1.0,25.11798,0.0,1.000000028,25.11797945,1.11e-05,1.3402579,22.18703104,51.98420258,9.897675026,15.72253502,102.8052552,1.0,98.0,0.0,138.5929291,0.0,0.0,0.0,1.0,98.0,0.0,138.5929291,0.0,0.0,0.0,1.000000001,98.0,0.0,138.5929291,0.0,1.39e-91,0.0,1.141518849,98.0,1.35e-06,138.5929291,1.82e-12,-9.23e-33,0.0,5.308267399,98.0,0.0,138.5929291,0.0,1.95e-28,0.0
3.530101161,66.0,2.28e-10,3.704133641,66.00000038,3.45e-05,3.964668492,66.05687483,5.119746817,12.46361773,70.85811274,391.9677336,104.1779647,72.15192854,1621.42693,3.530101161,66.0,2.28e-10,3.704133641,66.00000038,3.45e-05,3.964668492,66.05687483,5.119746817,12.46361773,70.85811274,391.9677336,104.1779647,72.15192854,1621.42693,3.530101161,66.0,1.51e-05,122.3315162,2.77e-05,-3.89e-18,-4.9e-11,3.704133641,66.00000038,0.005871178,122.3309464,0.025084032,-5.4e-10,-5.81e-07,3.96397292,66.05692843,2.2628119,121.8797869,22.66706741,-0.058925132,-0.005541675,10.54456441,71.34433203,21.25326546,119.134299,537.1922565,44.16236341,0.121859447,80.88484561,73.27777237,45.26373366,118.8752156,2705.884226,69.55101088,0.036548385,3.530101161,1.082358733,4.058012503,3.704133641,1.149281591,4.241829462,3.96397292,1.223946732,4.390070215,10.54456441,1.563461852,3.771578397,80.88484561,24376.80369,36699800000000.0,1.759775244,66.0,0.0,122.3315168,0.0,-3.630000000000001e-43,0.0,1.848029741,66.0,0.0,122.3315168,0.0,-3.68e-31,0.0,1.947463105,66.0,1.35e-06,122.3314823,0.001515074,-3.93e-19,-7.48e-12,3.317930821,66.01488119,0.422318403,118.0637574,163.1447829,-0.07257744,-0.013454736,21.47634342,66.72425378,6.889866265,117.4420144,2881.028672,126.9475877,0.34329648
1.000066806,60.00040081,0.002404679,1.004141932,60.02474908,0.147881989,1.303007467,61.39679516,6.554269348,11.10808945,69.24756683,273.7836122,104.6671713,70.55337757,334.258791,1.000066806,60.00040081,0.002404679,1.004141932,60.02474908,0.147881989,1.303007467,61.39679516,6.554269348,11.10808945,69.24756683,273.7836122,104.6671713,70.55337757,334.258791,1.0,60.0,0.0,84.85281374,0.0,0.0,0.0,1.0,60.0,0.0,84.85281374,0.0,-3.05e-234,0.0,1.0,60.0,6.74e-07,84.85281374,1.02e-12,2e-55,3.11e-43,1.064102839,60.0,9.54e-07,84.85281374,9.09e-13,7.37e-36,0.0,6.352221202,60.0,6.74e-07,84.85281374,6.43e-13,-7.62e-30,-1.68e-17,1.0,43.85416508,0.0,1.0,43.85416508,0.0,1.0,43.85416508,8.87e-12,1.064102839,42.83938816,24.82505073,6.352221202,25.52419454,229.601427,1.0,60.0,0.0,84.85281374,0.0,0.0,0.0,1.0,60.0,0.0,84.85281374,0.0,-3.05e-234,0.0,1.0,60.0,6.74e-07,84.85281374,1.02e-12,2e-55,3.11e-43,1.064102839,60.0,9.54e-07,84.85281374,9.09e-13,7.37e-36,0.0,6.352221202,60.0,6.74e-07,84.85281374,6.43e-13,-7.62e-30,-1.68e-17
1.000024067,155.997834,0.194932494,1.001749808,155.8427924,14.12397179,1.247603161,138.1383232,1288.511412,10.08073851,75.99319122,788.8377702,98.18218573,71.21860867,421.7522067,1.000024067,155.997834,0.194932494,1.001749808,155.8427924,14.12397179,1.247603161,138.1383232,1288.511412,10.08073851,75.99319122,788.8377702,98.18218573,71.21860867,421.7522067,1.000000026,155.9999977,0.014419371,175.9449866,332.4362492,-4.35e-13,-1.66e-12,1.000057131,155.9948585,0.680227731,176.5178835,338.6726138,-2.02e-06,-1.61e-07,1.12842284,145.7573363,28.58194485,168.0824763,885.4792135,-6.548833245,-0.012396579,8.395688249,77.7973079,30.37402241,117.0032921,985.21161,-138.3591942,-0.245005967,76.4420513,72.23078811,22.85309734,116.2041976,626.3462266,-12.19154781,-0.028689734,1.000000026,5.551732653,6.71e-07,1.000057131,5.551454503,0.001489269,1.12842284,5.003902546,2.632963938,8.395688249,2.123712417,9.154062448,76.4420513,1.935445079,10.40825496,1.0,156.0,3.81e-06,169.3871306,1.46e-11,5.9e-124,0.0,1.000000002,155.9999998,0.003718138,169.3871304,1.38e-05,-9.11e-30,-1.82e-21,1.001195092,155.8925701,3.107595936,169.2881968,9.6571525,-3.7e-10,-1.41e-08,1.986657269,115.8558664,44.7372391,136.4209678,2021.352819,-71.66505967,-0.095195797,17.89014766,92.56769467,41.02920714,123.1682819,1778.686412,34.586357,0.035173442
1.005761442,66.00018054,0.002166475,1.047556337,66.01468722,0.176031018,1.724631549,66.76371749,8.612654593,11.65733347,68.82037089,136.6633867,100.9490227,70.56397529,339.5830745,1.005761442,66.00018054,0.002166475,1.047556337,66.01468722,0.176031018,1.724631549,66.76371749,8.612654593,11.65733347,68.82037089,136.6633867,100.9490227,70.56397529,339.5830745,1.0,66.0,0.0,99.15674051,63.99999984,-6.64e-14,0.0,1.000000001,66.00000001,0.00039147,99.15662113,63.99999994,-8.7e-08,-2.78e-05,1.001781887,66.01346064,0.463884683,99.16184527,64.00033905,-0.112407322,-0.030289678,2.477549865,69.50162038,6.615480388,100.0164378,74.00947522,-8.136171255,-0.15919641,18.17966751,69.99930001,6.919021829,99.53467496,71.80285405,-0.457227993,-0.009033394,1.0,10.05801821,7.11e-14,1.000000001,10.0580182,8.1e-08,1.001781887,10.04842947,0.091896984,2.477549865,8.27350916,21.87060671,18.17966751,8.263398852,29.02030249,1.0,66.0,0.0,99.15674051,63.99999984,-6.64e-14,0.0,1.000000001,66.00000001,0.00039147,99.15662113,63.99999994,-8.7e-08,-2.78e-05,1.001781887,66.01346064,0.463884683,99.16184527,64.00033905,-0.112407322,-0.030289678,2.477549865,69.50162038,6.615480388,100.0164378,74.00947522,-8.136171255,-0.15919641,18.17966751,69.99930001,6.919021829,99.53467496,71.80285405,-0.457227993,-0.009033394
1.053465229,81.93605693,4749.963965,1.172521354,112.2010393,12372.59031,1.55669111,178.2901052,22650.02531,2.026892031,218.7874193,24808.17579,14.08416108,226.9211863,35309.46519,1.053465229,81.93605693,4749.963965,1.172521354,112.2010393,12372.59031,1.55669111,178.2901052,22650.02531,2.026892031,218.7874193,24808.17579,14.08416108,226.9211863,35309.46519,1.053465229,81.93605693,68.91998234,237.6062348,25102.49606,-1123.288653,-0.103811764,1.172521354,112.2010393,111.232146,249.6529515,27579.95964,-3674.719899,-0.210423517,1.55669111,178.2901052,150.4992535,285.5156783,33475.31696,-9173.337486,-0.388233828,2.024617153,218.9658342,157.5045669,313.2034346,35006.56147,-10339.38934,-0.417698127,12.03232628,255.3857319,189.1272358,374.0889061,64364.59264,-8903.59552,-0.203512891,1.053465229,3.723452361,154.9641568,1.172521354,9.189971798,403.6468567,1.55669111,21.12710624,738.9407789,2.024617153,27.43908668,794.5120924,12.03232628,13.98703021,453.7761349,1.053465229,81.93605693,68.91998234,237.6062348,25102.49606,-1123.288653,-0.103811764,1.172521354,112.2010393,111.232146,249.6529515,27579.95964,-3674.719899,-0.210423517,1.55669111,178.2901052,150.4992535,285.5156783,33475.31696,-9173.337486,-0.388233828,2.024617153,218.9658342,157.5045669,313.2034346,35006.56147,-10339.38934,-0.417698127,12.03232628,255.3857319,189.1272358,374.0889061,64364.59264,-8903.59552,-0.203512891
2.405877923,65.99999995,2.98e-07,2.617904986,65.99994509,0.000333405,2.958455369,65.97382673,3.256533935,11.43405784,70.31732149,384.3324336,97.48333447,71.09225539,603.9311718,2.405877923,65.99999995,2.98e-07,2.617904986,65.99994509,0.000333405,2.958455369,65.97382673,3.256533935,11.43405784,70.31732149,384.3324336,97.48333447,71.09225539,603.9311718,2.405877903,66.0,1.65e-06,112.1404985,304.2870166,1.33e-12,4.6e-08,2.617880946,66.00000004,0.001923487,112.1420281,304.2636997,1.01e-06,3.02e-05,2.925628005,66.0326516,1.713936436,112.0556392,306.2553521,0.956346604,0.031885171,9.091164338,71.49352427,21.54522798,117.1357534,569.4732249,170.0609834,0.434585643,76.63526207,71.93696114,27.38829797,117.6607533,891.1039392,77.84957993,0.129600316,2.405877903,1.399431701,4.770601322,2.617880946,1.51717691,5.024304233,2.925628005,1.647747884,5.248693598,9.091164338,1.852729668,5.108772864,76.63526207,1.912559823,5.098004633,1.654563093,66.0,0.0,107.2145556,342.2499418,-1.0400000000000001e-43,0.0,1.775480549,66.0,9.54e-07,107.2169602,342.2499791,1.4300000000000001e-31,8.1e-27,1.919632472,66.0,0.0,107.2259071,342.2499541,-1.23e-13,0.0,3.266549108,66.00006203,0.027282309,110.390876,326.3453521,-0.000219678,-0.000445725,21.05082558,66.3575896,2.040995676,114.5124284,264.542185,2.031119889,0.06118894
1.991080491,90.0,2.73e-12,1.994638708,90.0,2.73e-12,1.998209699,90.0,9.86e-09,2.28697535,88.79074183,34.81543984,18.44129061,81.72166729,179.8191549,1.991080491,90.0,2.73e-12,1.994638708,90.0,2.73e-12,1.998209699,90.0,9.86e-09,2.28697535,88.79074183,34.81543984,18.44129061,81.72166729,179.8191549,1.0,90.0,0.0,108.1665383,0.0,-5.3e-183,0.0,1.0,90.0,0.0,108.1665383,0.0,-1.71e-109,0.0,1.0,90.0,0.0,108.1665383,0.0,-8.39e-36,0.0,1.065213988,89.9936909,0.43500931,108.1651086,0.189730089,-0.009688578,-0.190119037,5.274413419,87.21161959,8.710703018,105.9879655,75.87743432,-0.230553983,-0.041528995,1.0,40.40926099,0.0,1.0,40.40926099,0.0,1.0,40.40926099,4.55e-13,1.065213988,40.3771061,0.797597384,5.274413419,31.14991071,226.770249,1.0,90.0,0.0,108.1665383,0.0,0.0,0.0,1.0,90.0,0.0,108.1665383,0.0,-2.9499999999999996e-287,0.0,1.0,90.0,0.0,108.1665383,0.0,-1.1e-83,0.0,1.065166757,89.99369062,0.435018952,108.1651111,0.189739174,-9.91e-06,-0.000194373,3.630610782,86.4340944,9.708835417,105.4055842,94.2630816,-2.378728203,-0.330786698
1.000000061,60.00001634,0.004410498,1.000061582,60.01662607,4.488761508,1.062685328,75.92666056,4046.539834,2.93507753,217.9189513,17699.08162,23.20271863,209.1733145,16300.81427,1.000000061,60.00001634,0.004410498,1.000061582,60.01662607,4.488761508,1.062685328,75.92666056,4046.539834,2.93507753,217.9189513,17699.08162,23.20271863,209.1733145,16300.81427,1.0,60.0,0.0,84.85281374,0.0,1.55e-227,0.0,1.0,60.0,0.0,84.85281374,0.0,2.4299999999999998e-135,0.0,1.000000037,60.0,0.0,84.85281374,0.0,4.64e-43,0.0,1.218424685,60.00664582,0.502490742,84.88374514,1.430651312,0.161313522,0.270527592,10.98004429,76.34234905,18.81319734,109.1287576,504.8536461,519.3705411,1.454984041,1.0,24.69462585,0.0,1.0,24.69462585,0.0,1.000000037,24.69462588,1.75e-08,1.218424685,24.81752761,0.632220682,10.98004429,139.335949,188087000000.0,1.0,60.0,0.0,84.85281374,0.0,0.0,0.0,1.0,60.0,0.0,84.85281374,0.0,0.0,0.0,1.000000037,60.0,0.0,84.85281374,0.0,1.36e-58,0.0,1.218211595,60.0,0.0,84.85281374,9.09e-13,1.49e-29,0.0,6.257936951,60.0,6.74e-07,84.85281374,6.43e-13,5.75e-30,1.27e-17
1.000000176,60.00000739,0.000310235,1.00016854,60.0070775,0.297204781,1.161515655,65.8403495,211.1849922,5.107212445,92.77461572,296.2841951,30.27770019,93.91506839,251.5817954,1.000000176,60.00000739,0.000310235,1.00016854,60.0070775,0.297204781,1.161515655,65.8403495,211.1849922,5.107212445,92.77461572,296.2841951,30.27770019,93.91506839,251.5817954,1.0,60.0,0.0,114.9086594,0.0,1.2e-87,0.0,1.0,60.0,0.0,114.9086594,2.22e-10,2.4799999999999998e-45,0.0,1.000000033,60.00000127,0.006937018,114.9069278,0.077180472,2.77e-13,1.44e-10,1.306466489,65.93631387,13.79638013,107.8250921,373.2930863,29.54531848,0.119505945,9.869951408,77.22227474,18.90951817,110.6178978,509.5171522,174.038306,0.483087148,1.0,24.83879209,0.0,1.0,24.83879209,0.0,1.000000033,24.83879173,3.78e-06,1.306466489,22.14347989,28.96962215,9.869951408,15.76428077,101.8306847,1.0,60.0,0.0,84.85281374,0.0,0.0,0.0,1.0,60.0,0.0,84.85281374,0.0,1.87e-155,0.0,1.0,60.0,6.74e-07,84.85281374,6.43e-13,-2.32e-127,-5.09e-115,1.10237188,60.0,0.0,84.85281374,4.55e-13,-2.63e-30,0.0,5.392820808,60.0,6.74e-07,84.85281374,1.44e-12,8.83e-29,1.12e-16
1.000004078,66.0,0.0,1.000583798,66.00000002,1.94e-06,1.089451336,66.05206417,4.631191917,9.081877499,71.93314913,465.7482934,102.2881229,71.68415223,388.2556356,1.000004078,66.0,0.0,1.000583798,66.00000002,1.94e-06,1.089451336,66.05206417,4.631191917,9.081877499,71.93314913,465.7482934,102.2881229,71.68415223,388.2556356,1.0,66.0,9.54e-07,122.4247465,1.759109793,9.05e-15,7.15e-09,1.00000001,66.00000002,0.001392334,122.7587145,7.862051847,9.85e-08,2.52e-05,1.005679556,66.05556274,2.235522118,123.9215686,40.6156718,0.577180445,0.040667006,6.769885098,73.31050483,24.5068934,119.0373789,692.7563317,28.42357746,0.062418929,81.09865686,72.54488001,21.72123201,118.0843864,570.614648,-16.97465555,-0.043622737,1.0,9.42860198,1.63e-12,1.00000001,9.428601893,7.86e-07,1.005679556,9.379886726,0.428588221,6.769885098,2.763254562,14.50600024,81.09865686,1.82484211,10.18016722,1.0,66.0,0.0,136.0771721,0.000717852,-1.3e-19,0.0,1.000000001,66.00000002,0.001392335,136.0720497,0.311132659,-1.38e-10,-1.78e-07,1.001319642,66.05580467,2.240380739,133.9857735,122.9353134,-0.124521596,-0.005014939,2.641154004,84.60987925,36.44943795,125.3717944,1502.740966,-40.542383,-0.041973255,19.79152155,88.91050847,39.20528535,122.5444332,1660.812871,71.37351538,0.072582785
2.999930619,65.99999995,3.22e-07,2.99998706,65.99994274,0.000343541,3.039406485,65.93966353,0.362036991,9.886796676,68.6776012,242.1083175,103.4592065,70.63347834,348.0967761,2.999930619,65.99999995,3.22e-07,2.99998706,65.99994274,0.000343541,3.039406485,65.93966353,0.362036991,9.886796676,68.6776012,242.1083175,103.4592065,70.63347834,348.0967761,2.999930593,66.0,9.54e-07,94.48392306,57.00278518,1.7e-28,2.3599999999999998e-23,2.999958364,66.0,1.35e-06,98.58691741,215.3520916,3.68e-16,1.86e-11,3.004735177,66.00003402,0.055334822,109.1356296,336.6121732,0.000768719,0.000757189,7.665689479,69.41855866,17.19308048,117.5824203,414.5897231,119.8942459,0.409001798,81.42809306,71.46290622,20.59831612,116.3278314,544.265506,71.42305615,0.187803176,2.999930593,3.027249762,18.32918641,2.999958364,3.027284778,18.32929241,3.004735177,3.02617335,18.32283121,7.665689479,2.476982114,14.74182337,81.42809306,1.819185284,10.65040874,1.0,66.0,0.0,122.3315168,1.82e-12,-7.920000000000001e-148,0.0,1.000000001,66.0,0.0,122.3315168,3.64e-12,7.05e-148,0.0,1.000971631,66.0,9.54e-07,122.3315168,1.36e-06,9.93e-25,8.94e-16,2.086759631,66.00602347,0.268784933,119.9400515,97.51527654,-0.016793862,-0.006327168,21.21040817,66.68731871,2.788443573,115.0369263,257.0778828,-0.097594308,-0.002183382
1.000324631,155.9707926,2.627808447,1.008069763,155.2795353,64.32275017,1.214713018,140.0915751,1178.680224,7.756639754,79.08456623,987.4866437,102.5732844,72.68939646,472.3153211,1.000324631,155.9707926,2.627808447,1.008069763,155.2795353,64.32275017,1.214713018,140.0915751,1178.680224,7.756639754,79.08456623,987.4866437,102.5732844,72.68939646,472.3153211,1.000324631,155.9707926,1.621051649,186.9114447,2.627808447,1.15e-14,4.69e-11,1.008069763,155.2795353,8.020146517,186.3349981,64.32275016,1.43e-07,8.25e-07,1.214592184,140.0989455,34.32566637,173.7441404,1178.284809,1.07487805,0.010510262,6.434800738,81.41654151,33.88954177,125.5458603,1172.48947,75.17717849,0.144411419,79.87615973,73.94105106,24.1391597,118.7981055,663.2797486,37.91395316,0.088235119,1.000324631,2.318652191,0.002332994,1.008069763,2.339247103,0.057104241,1.214592184,2.749264336,1.030330429,6.434800738,2.552256226,3.340975175,79.87615973,1.829135609,237.212056,1.0,156.0,5.72e-06,169.3871306,3.27e-11,-1.44e-57,0.0,1.000000002,155.9999998,0.00424604,169.3871304,1.8e-05,1.55e-29,3.83e-21,1.001305692,155.882641,3.247851488,169.2790534,10.54853929,-3.54e-09,-1.36e-07,1.998148793,115.5927261,44.76501834,136.1710529,2023.527932,-29.41161198,-0.039187024,19.159262,95.1664177,42.06111051,124.6439987,1852.48658,29.4898845,0.029911671
1.999982648,66.00000001,7.74e-07,1.999993226,66.00006636,0.005972674,2.027766501,66.50622404,46.53806706,16.26938594,245.647128,189230.2655,128.5685276,160.9836321,106113.0888,1.999982648,66.00000001,7.74e-07,1.999993226,66.00006636,0.005972674,2.027766501,66.50622404,46.53806706,16.26938594,245.647128,189230.2655,128.5685276,160.9836321,106113.0888,1.999982648,66.00000001,0.000879678,122.3315168,7.96e-07,-1.02e-07,-0.267218553,1.999993226,66.00006636,0.077283076,122.3315402,0.006081036,-0.000757509,-0.289937117,2.027713549,66.50626058,6.82195633,122.52721,47.11950561,-3.066977024,-0.165569206,14.53456724,266.7328224,455.6760048,317.9712377,229658.9762,15513.8038,0.108685385,104.9445357,181.8254775,357.244242,230.1069907,142112.8631,15279.8901,0.17106353,1.999982648,3.136788809,9.839583361,1.999993226,3.136796738,9.839574971,2.027713549,3.116100119,9.772357127,14.53456724,1.188791577,5.097663694,104.9445357,1.405395403,7.026886779,1.0,66.0,0.0,122.3315168,0.0,-4.1699999999999997e-104,0.0,1.000000001,66.0,0.0,122.3315168,3.64e-12,-4.74e-65,0.0,1.001021597,66.0,0.0,122.3314824,0.001511977,3.35e-31,0.0,2.337738339,66.00000002,0.000497792,117.9052153,167.9627382,-8.97e-07,-0.000138987,20.68535751,66.27227539,1.786944553,114.6510277,260.2469817,-1.074891606,-0.037288687
1.000025432,155.9977112,0.205989886,1.003039697,155.7272575,24.4724364,1.372815685,131.7131555,1595.965101,10.46495362,83.57536378,1252.045498,102.1477842,78.17943911,946.081325,1.000025432,155.9977112,0.205989886,1.003039697,155.7272575,24.4724364,1.372815685,131.7131555,1595.965101,10.46495362,83.57536378,1252.045498,102.1477842,78.17943911,946.081325,1.000025432,155.9977112,0.453861087,176.301498,336.6791044,-6.63e-07,-7.97e-08,1.003039697,155.7272575,4.94696234,176.5025276,341.1105002,-0.008667707,-9.5e-05,1.372705607,131.718424,39.94680099,156.1766133,1631.964314,-48.02086381,-0.065012215,9.400447124,85.23844174,36.89636783,120.756412,1406.891261,-161.6579346,-0.23251036,82.48359721,80.50287687,33.62801529,119.7290286,1195.736377,-211.6047244,-0.319223778,1.000025432,3.406896951,0.000241851,1.003039697,3.400150529,0.028383739,1.372705607,2.819314979,2.159847051,9.400447124,1.751592099,3.820948355,82.48359721,1.772117538,3.575740024,1.0,156.0,0.0,169.3871306,0.0,-1.09e-43,0.0,1.000000013,156.0,3.3e-06,169.3871306,1.11e-11,-3.81e-25,-8.56e-14,1.002367669,155.9989613,0.305749233,169.3861822,0.093489404,-1.52e-06,-0.000147956,2.557167162,136.7227662,36.92342478,153.9076654,1381.905829,-53.43311306,-0.096312028,23.84186127,115.7007087,44.75374419,138.0063493,2043.218155,-117.3392681,-0.130458641
1.0,90.0,0.0,1.0,90.0,0.0,1.0,90.0,1.97e-08,1.285548867,87.86338548,59.53331409,15.16530758,81.68259553,180.3365742,1.0,90.0,0.0,1.0,90.0,0.0,1.0,90.0,1.97e-08,1.285548867,87.86338548,59.53331409,15.16530758,81.68259553,180.3365742,1.0,90.0,0.0,108.1665383,0.0,0.0,0.0,1.0,90.0,0.0,108.1665383,0.0,0.0,0.0,1.0,90.0,0.0,108.1665383,0.0,4.92e-113,0.0,1.06465791,89.99999991,0.001604473,108.1665382,2.58e-06,-1.89e-15,-2.72e-09,4.522592082,88.65665508,6.20449612,107.1039366,38.49618636,-0.134878274,-0.051440761,1.0,40.41458011,0.0,1.0,40.41458011,0.0,1.0,40.41458011,0.0,1.06465791,40.41419373,1.33e-05,4.522592082,435.6981851,612479000000.0,1.0,90.0,0.0,108.1665383,0.0,0.0,0.0,1.0,90.0,0.0,108.1665383,0.0,0.0,0.0,1.0,90.0,0.0,108.1665383,0.0,4.92e-113,0.0,1.06465791,89.99999991,0.001604471,108.1665382,2.58e-06,-1.89e-15,-2.72e-09,3.942263607,88.92912521,5.565920491,107.3306788,30.98000625,-0.208473811,-0.087767102
1.000031743,66.0,9.09e-13,1.002635506,66.00000001,9.47e-07,1.228881152,66.03583153,3.224486879,9.121029753,71.24878973,450.0709882,96.59355989,70.91949449,396.473257,1.000031743,66.0,9.09e-13,1.002635506,66.00000001,9.47e-07,1.228881152,66.03583153,3.224486879,9.121029753,71.24878973,450.0709882,96.59355989,70.91949449,396.473257,1.000031743,66.0,0.0,104.9305413,333.6921474,1.03e-18,0.0,1.002635498,66.00000001,0.000973076,105.8357591,339.1375386,9.01e-10,5.03e-08,1.226925699,66.03589837,1.797099005,107.2606603,344.1469949,0.1738588,0.005215095,7.826548306,72.13236574,22.67833783,117.8472033,615.9302127,67.60265701,0.16192426,76.7441061,71.74286466,21.96026919,116.7419623,591.7902607,83.69220101,0.205779351,1.000031743,3.160503345,0.000217771,1.002635498,3.158503426,0.017700352,1.226925699,3.029232759,1.195562608,7.826548306,2.089452478,3.423581579,76.7441061,1.90429744,3.488041817,1.0,66.0,9.54e-07,136.0771439,0.002431156,-1.36e-19,-2.89e-12,1.0,66.00000001,0.000974358,136.0665109,0.646708821,-1.42e-10,-1.82e-07,1.001047371,66.04399855,1.989455678,133.4301219,152.9274535,-0.120205061,-0.004886732,2.615311678,84.35163933,36.26106553,124.9733261,1490.606777,-34.79040649,-0.036207508,19.72475865,88.26731941,38.83158644,122.3108536,1638.353783,80.35451805,0.081753483
3.865328733,102.0,3.64e-12,3.918123236,102.0,1.8e-10,3.972419457,101.9992172,0.032781752,5.115090175,98.08864655,139.6720815,31.19931724,92.7576404,279.5642107,3.865328733,102.0,3.64e-12,3.918123236,102.0,1.8e-10,3.972419457,101.9992172,0.032781752,5.115090175,98.08864655,139.6720815,31.19931724,92.7576404,279.5642107,1.0,102.0,0.0,144.2497834,0.0,0.0,0.0,1.0,102.0,0.0,144.2497834,0.0,0.0,0.0,1.0,102.0,0.0,144.2497834,1.82e-12,6.2399999999999995e-52,0.0,1.071636095,102.0,0.0,144.2497834,0.0,6.73e-39,0.0,4.220698624,102.0,1.91e-06,144.2497834,3.64e-12,1.46e-28,0.0,1.0,39.03568792,0.0,1.0,39.03568792,0.0,1.0,39.03568792,2.27e-13,1.071636095,39.02986593,0.000579145,4.220698624,39.01091336,0.777218154,1.0,102.0,0.0,144.2497834,0.0,0.0,0.0,1.0,102.0,0.0,144.2497834,0.0,0.0,0.0,1.0,102.0,0.0,144.2497834,1.82e-12,6.2399999999999995e-52,0.0,1.071636095,102.0,0.0,144.2497834,0.0,6.73e-39,0.0,4.220698624,102.0,1.91e-06,144.2497834,3.64e-12,1.46e-28,0.0
1.999982795,66.0,7.55e-11,2.000069381,66.00000036,5.82e-06,2.055816117,66.02920776,0.579212611,10.98835045,69.8780216,291.8947658,103.2540086,70.55160918,344.5611329,1.999982795,66.0,7.55e-11,2.000069381,66.00000036,5.82e-06,2.055816117,66.02920776,0.579212611,10.98835045,69.8780216,291.8947658,103.2540086,70.55160918,344.5611329,1.999982795,66.0,9.54e-07,122.3315125,0.000189846,2.89e-21,2.2e-13,2.000069276,66.0,1.28e-05,122.3299757,0.067720852,5.35e-12,1.61e-06,2.048313794,66.00150578,0.368127922,121.7612928,24.67106689,0.007244115,0.00396183,8.681485088,70.12477775,18.72920278,115.7312526,475.9587341,49.29139847,0.146733533,80.13539767,71.35955976,20.60490497,116.3162796,542.232833,62.62532396,0.165492635,1.999982795,2.269206633,5.1493647,2.000069276,2.269347681,5.149605903,2.048313794,2.335664891,5.272066169,8.681485088,1.992090184,6.901935726,80.13539767,1.844600189,9.610870762,1.0,66.0,9.54e-07,122.3315168,2.03e-12,-5.26e-28,-4.09e-16,1.000000001,66.0,0.0,122.3315168,1.66e-06,3.45e-40,0.0,1.00173645,66.0,0.0,122.2983343,1.456708738,-5.7299999999999995e-28,0.0,2.631256795,66.07256798,0.930349188,114.9728265,250.2590865,-0.300830866,-0.020440089,21.31529767,66.59233178,2.59944694,114.9693399,257.3330783,1.498955612,0.03595298
2.740490859,64.42647666,6.965164344,2.945518715,64.32921856,7.233178036,3.624376415,64.45573839,7.245814527,12.16092579,71.68001857,463.5206158,110.8156436,77.23440437,1194.443672,2.740490859,64.42647666,6.965164344,2.945518715,64.32921856,7.233178036,3.624376415,64.45573839,7.245814527,12.16092579,71.68001857,463.5206158,110.8156436,77.23440437,1194.443672,1.989212231,66.0,1.35e-06,122.3290319,0.109187301,-2.98e-17,-6.69e-11,1.997147293,66.0,9.87e-05,122.2496732,3.587606279,-7.83e-10,-4.19e-06,2.1831836,66.00553866,0.706008987,119.8853395,99.61050572,-0.085438712,-0.012125359,8.809037061,73.63098745,24.63992683,117.988079,689.5000035,-106.3862018,-0.238833178,88.52778164,79.56337358,38.13776319,119.2127975,1545.556219,-152.8405146,-0.17529147,1.989212231,1.341517668,1.81075196,1.997147293,1.346424578,1.809727281,2.1831836,1.468572578,1.882481746,8.809037061,1.846153981,3.178707494,88.52778164,1.651453295,18726.4348,1.0,66.0,9.54e-07,122.3315168,2.03e-12,2.0099999999999999e-28,1.56e-16,1.000000001,66.0,0.0,122.3315168,1.82e-12,-4.91e-49,0.0,1.001040807,66.0,2.4e-05,122.3314887,0.00123395,-1.6e-15,-1.9e-09,2.467877209,66.65716266,2.730217782,118.5160569,160.3278508,-2.428400649,-0.070283521,22.72054771,67.04278975,3.380246529,115.0627829,261.2631873,4.194224742,0.07680192
1.000000153,60.00000642,0.000269641,1.00015493,60.00650604,0.273211471,1.157042178,65.70054536,206.9266867,5.028475832,93.01304227,291.2701612,31.14469794,92.86120522,278.7433595,1.000000153,60.00000642,0.000269641,1.00015493,60.00650604,0.273211471,1.157042178,65.70054536,206.9266867,5.028475832,93.01304227,291.2701612,31.14469794,92.86120522,278.7433595,1.0,60.0,0.0,114.9086594,0.0,3.4899999999999997e-90,0.0,1.0,60.0,0.0,114.9086594,0.0,6.41e-53,0.0,1.000000009,60.00000035,0.003622724,114.9086578,8.05e-05,1.12e-15,3.46e-11,1.238097106,65.4998745,13.36961523,110.1869197,322.7524567,22.69104352,0.103531617,10.76617293,75.56876748,18.68588723,108.0106763,500.1773329,100.7978507,0.285044197,1.0,26.713274,0.0,1.0,26.713274,0.0,1.000000009,26.71327399,2.4e-08,1.238097106,25.3431863,26.36925954,10.76617293,14.48972901,1032.931282,1.0,60.0,0.0,84.85281374,0.0,0.0,0.0,1.0,60.0,0.0,84.85281374,0.0,0.0,0.0,1.0,60.0,0.0,84.85281374,4.55e-13,-2.44e-44,0.0,1.05890293,60.0,6.74e-07,84.85281374,4.55e-13,-2.49e-30,0.0,6.35421295,60.0,0.0,84.85281374,1.36e-12,8.75e-29,0.0
1.0,90.0,0.0,1.0,90.0,0.0,1.0,90.0,2.37e-08,1.732944801,85.02776382,124.4439528,20.03865498,80.8235552,191.0862048,1.0,90.0,0.0,1.0,90.0,0.0,1.0,90.0,2.37e-08,1.732944801,85.02776382,124.4439528,20.03865498,80.8235552,191.0862048,1.0,90.0,0.0,108.1665665,0.000101935,-8.789999999999999e-120,0.0,1.0,90.0,0.0,108.1684762,0.006975021,-2.5e-71,0.0,1.0,90.0,2.48e-05,108.2743769,0.350672717,-1.1200000000000001e-22,-7.65e-18,1.209341689,88.49254966,6.553709157,107.2422358,42.95900328,-0.213734237,-0.035931477,6.161800499,85.81928007,10.38957068,104.9046145,107.9446038,0.155813903,0.020137177,1.0,37.37273788,0.0,1.0,37.37273788,0.0,1.0,37.37273788,7.72e-09,1.209341689,32.69351146,131.3787653,6.161800499,32288.16117,48576700000000.0,1.0,90.0,0.0,108.1665665,0.000101935,-8.789999999999999e-120,0.0,1.0,90.0,0.0,108.1684762,0.006975021,-2.5e-71,0.0,1.0,90.0,2.48e-05,108.2743769,0.35067272,-1.1200000000000001e-22,-7.65e-18,1.196533695,88.47641354,6.586826112,107.2502683,43.39468412,-0.272329791,-0.044737002,3.283265864,83.09470428,12.62837133,102.8814876,159.4782221,-7.760676289,-0.652988621
1.0,102.0,0.0,1.0,102.0,3.22e-10,1.000058549,101.9976048,0.100338273,2.184655431,91.36641116,312.533536,28.80265116,91.06512408,315.1452931,1.0,102.0,0.0,1.0,102.0,3.22e-10,1.000058549,101.9976048,0.100338273,2.184655431,91.36641116,312.533536,28.80265116,91.06512408,315.1452931,1.0,102.0,0.0,144.2497834,0.0,0.0,0.0,1.0,102.0,0.0,144.2497834,0.0,0.0,0.0,1.0,102.0,1.35e-06,144.2497834,1.82e-12,-9.649999999999999e-52,0.0,1.071676696,102.0,0.0,144.2497834,0.0,1.0800000000000001e-31,0.0,4.219586932,102.0,0.0,144.2497834,1.82e-12,-1.95e-28,0.0,1.0,39.02157903,0.0,1.0,39.02157903,0.0,1.0,39.02157903,2.27e-13,1.071676696,39.02221823,7.21e-06,4.219586932,39.02261892,0.000514093,1.0,102.0,0.0,144.2497834,0.0,0.0,0.0,1.0,102.0,0.0,144.2497834,0.0,0.0,0.0,1.0,102.0,1.35e-06,144.2497834,1.82e-12,-9.649999999999999e-52,0.0,1.071676696,102.0,0.0,144.2497834,0.0,1.0800000000000001e-31,0.0,4.219586932,102.0,0.0,144.2497834,1.82e-12,-1.95e-28,0.0
4.904711109,102.0,3.64e-12,4.942543648,102.0,3.64e-12,4.980753105,101.9999983,7.06e-05,5.845492309,99.59772155,90.66839387,30.66162186,94.37551828,238.2477487,4.904711109,102.0,3.64e-12,4.942543648,102.0,3.64e-12,4.980753105,101.9999983,7.06e-05,5.845492309,99.59772155,90.66839387,30.66162186,94.37551828,238.2477487,1.0,102.0,0.0,144.2497834,0.0,0.0,0.0,1.0,102.0,0.0,144.2497834,0.0,0.0,0.0,1.0,102.0,1.91e-06,144.2497834,3.64e-12,2.25e-262,0.0,1.071614135,102.0,0.0,144.2497834,0.0,-4.33e-48,0.0,4.217560631,102.0,1.35e-06,144.2497834,1.82e-12,3.1199999999999998e-30,0.0,1.0,39.0340941,0.0,1.0,39.0340941,0.0,1.0,39.0340941,0.0,1.071614135,39.0339737,1.2e-05,4.217560631,39.04648273,0.734307755,1.0,102.0,0.0,144.2497834,0.0,0.0,0.0,1.0,102.0,0.0,144.2497834,0.0,0.0,0.0,1.0,102.0,1.91e-06,144.2497834,3.64e-12,2.25e-262,0.0,1.071614135,102.0,0.0,144.2497834,0.0,-4.33e-48,0.0,4.217560631,102.0,1.35e-06,144.2497834,1.82e-12,3.1199999999999998e-30,0.0
1.000000014,66.0,9.09e-13,1.000036538,66.00000001,1.47e-07,1.116625705,66.01190698,0.190432928,10.71768926,67.69644709,101.3769285,100.1406653,70.12730224,328.819438,1.000000014,66.0,9.09e-13,1.000036538,66.00000001,1.47e-07,1.116625705,66.01190698,0.190432928,10.71768926,67.69644709,101.3769285,100.1406653,70.12730224,328.819438,1.0,66.0,0.0,105.261578,2.01e-05,-2.53e-35,0.0,1.000000001,66.00000001,0.000383404,105.260898,0.013984195,-1.76e-20,-3.88e-16,1.001753747,66.01327547,0.460685694,104.8149116,9.019276281,-2.04e-05,-1.47e-05,2.646210906,69.38296132,6.533219256,101.6236304,76.87461767,-4.91711315,-0.094125791,18.38649068,69.99277135,6.921482842,100.2125414,75.80308138,4.615578011,0.087004086,1.0,10.12916017,7.11e-14,1.000000001,10.12916016,8.78e-08,1.001753747,10.11595531,0.113619444,2.646210906,7.709272072,24.34345398,18.38649068,8.171324965,29.70776946,1.0,66.0,0.0,105.261578,2.01e-05,-2.53e-35,0.0,1.000000001,66.00000001,0.000383404,105.260898,0.013984195,-1.76e-20,-3.88e-16,1.001753747,66.01327547,0.460685694,104.8149116,9.019276281,-2.04e-05,-1.47e-05,2.646210906,69.38296132,6.533219256,101.6236304,76.87461767,-4.91711315,-0.094125791,18.38649068,69.99277135,6.921482842,100.2125414,75.80308138,4.615578011,0.087004086
1.0,66.0,1.64e-10,1.000000126,66.00000077,1.23e-05,1.010999843,66.05753553,0.91748222,7.54893513,69.61769355,220.2592053,95.23265839,70.98202471,354.2030585,1.0,66.0,1.64e-10,1.000000126,66.00000077,1.23e-05,1.010999843,66.05753553,0.91748222,7.54893513,69.61769355,220.2592053,95.23265839,70.98202471,354.2030585,1.0,66.0,0.0,122.3315168,3.64e-12,-1.43e-71,0.0,1.000000003,66.0,0.0,122.3315168,3.82e-11,-1.47e-33,0.0,1.003146826,66.00000305,0.016570939,122.3310402,0.021026585,-1.58e-09,-6.59e-07,5.768135587,69.09494085,16.35461562,118.9066212,342.5403288,-7.304553124,-0.030532074,75.54802877,71.57045577,20.74367939,117.4875609,533.6309699,44.11657187,0.119714588,1.0,9.916944027,2.7e-13,1.000000003,9.916943999,2.47e-07,1.003146826,9.890916616,0.231171169,5.768135587,3.223827522,14.7678698,75.54802877,1.957171296,10.14206709,1.0,66.0,9.54e-07,122.3315168,2.03e-12,8.28e-149,6.4299999999999995e-137,1.000000001,66.0,0.0,122.3315168,3.64e-12,-2.48e-46,0.0,1.001035095,66.0,9.54e-07,122.3314869,0.00131367,-6.420000000000001e-103,-1.86e-95,2.28594922,66.00033776,0.063663519,118.4833472,149.08252,-0.001028925,-0.001323669,19.3027903,66.30498696,1.888604358,116.3027991,220.1547353,0.031423046,0.001121429
3.301814074,66.0,1.82e-12,3.766330259,66.00000002,1.8e-06,4.910756216,66.01726677,1.553687977,12.43829584,70.20340173,345.246165,102.5105844,73.56321834,667.9120169,3.301814074,66.0,1.82e-12,3.766330259,66.00000002,1.8e-06,4.910756216,66.01726677,1.553687977,12.43829584,70.20340173,345.246165,102.5105844,73.56321834,667.9120169,3.301814074,66.0,1.35e-06,112.1943718,303.4615303,-9.84e-14,-4.19e-09,3.766330259,66.00000002,0.001341056,112.1744897,303.7671884,-6.65e-08,-2.84e-06,4.910638773,66.01726687,1.246483051,112.1694528,304.1005227,-0.012602029,-0.00057976,11.26845629,70.38585612,19.37759832,115.6671736,495.2965121,28.09075036,0.080661518,81.84918057,74.84709242,28.52278973,117.5522906,905.3960375,-28.0094039,-0.049264114,3.301814074,0.481616442,2.566917069,3.766330259,0.799178889,5.299197548,4.910638773,1.331387505,9.425965536,11.26845629,1.647296024,10.09014839,81.84918057,1.805723806,9.411177202,1.107638421,66.0,0.0,112.1943122,303.4624482,-3.82e-254,0.0,1.262530879,66.0,0.0,112.1744541,303.7677333,3.82e-68,0.0,1.640936275,66.0,0.0,112.1567075,304.0395618,1.51e-37,0.0,3.227919513,66.0,1.91e-06,112.8997891,291.8553167,-7.41e-14,-2.27e-09,20.41657633,66.00434936,0.450986823,114.396024,271.8176614,-0.014649623,-0.001970261
1.997404274,66.0000012,1.91e-05,1.998685251,66.00064213,0.010273607,2.159493635,66.31954875,5.011800787,10.77660744,69.33331569,204.3908339,100.1803958,70.760936,364.3755236,1.997404274,66.0000012,1.91e-05,1.998685251,66.00064213,0.010273607,2.159493635,66.31954875,5.011800787,10.77660744,69.33331569,204.3908339,100.1803958,70.760936,364.3755236,1.997403917,66.0,9.54e-07,122.3315161,3.23e-05,6.170000000000001e-21,1.14e-12,1.998507243,66.0,9.54e-07,122.3308907,0.027510877,-9.3e-22,-5.88e-15,2.068056751,66.00001598,0.037919153,121.777829,23.92147718,-2.01e-05,-0.000108609,8.12797715,68.87604423,15.82947727,115.9252343,386.3183193,-11.68454963,-0.043047452,76.89144283,71.41216954,21.35931148,116.5559582,568.3466933,-14.31050266,-0.036391964,1.997403917,2.461247749,6.06980705,1.998507243,2.462504852,6.069737545,2.068056751,2.442857693,5.98953835,8.12797715,2.050011957,4.603810625,76.89144283,1.903897372,4.431030581,1.0,66.0,0.0,122.3315168,1.82e-12,3.6399999999999996e-119,0.0,1.000000001,66.0,0.0,122.3315168,3.64e-12,-2.18e-31,0.0,1.001047518,66.0,0.0,122.3314835,0.001461289,-2.54e-67,0.0,2.265130453,66.0,0.0,118.7535317,139.9316968,-1.91e-15,0.0,19.13070854,66.0000413,0.022263168,115.5826089,234.383079,-0.002336438,-0.00685495
3.213699153,66.00004397,0.003957328,3.499929704,66.00849421,0.764406585,3.916192087,67.82248622,160.7022975,11.17307677,81.40258089,1416.012579,118.0828915,122.6168583,59823.07743,3.213699153,66.00004397,0.003957328,3.499929704,66.00849421,0.764406585,3.916192087,67.82248622,160.7022975,11.17307677,81.40258089,1416.012579,118.0828915,122.6168583,59823.07743,3.213699153,66.00004397,0.062907296,122.3315136,0.004129708,-1.3e-08,-6.02e-06,3.499929704,66.00849421,0.874303486,122.3314783,0.791023087,-0.000266863,-0.000676668,3.916152597,67.8225045,12.6769035,122.5011707,165.2807182,-4.291570109,-0.054470633,10.05668743,82.9125653,39.30518883,126.1641644,1612.606727,41.75790137,0.049407332,94.91075713,135.7700733,271.1689917,179.9973739,81481.38812,10034.32911,0.197506161,3.213699153,0.854840788,2.369964302,3.499929704,0.898874574,2.464994931,3.916152597,0.976690422,2.565418674,10.05668743,1.698670129,5.886849491,94.91075713,1.552716583,7.171937568,1.70596567,66.0,0.0,122.3315168,3.64e-12,2.4e-74,0.0,1.811465668,66.0,0.0,122.3315168,0.0,2.88e-65,0.0,1.9336421,66.0,1.35e-06,122.3315168,1.24e-09,-8.94e-25,-1.88e-14,3.060612677,66.0,9.49e-06,121.239944,46.37041818,-4.34e-10,-6.72e-06,20.5849276,66.06400485,0.874048945,115.2186719,244.2905184,-0.493699608,-0.036138888
2.587630281,66.0,7.5e-08,2.741052013,66.00001968,0.000314856,2.972259381,66.08071861,1.285319956,10.11094095,68.9872158,190.4563825,96.03845516,70.46723044,340.4197174,2.587630281,66.0,7.5e-08,2.741052013,66.00001968,0.000314856,2.972259381,66.08071861,1.285319956,10.11094095,68.9872158,190.4563825,96.03845516,70.46723044,340.4197174,2.58763028,66.0,0.0,122.3315168,1.82e-12,-5.14e-66,0.0,2.741044278,66.0,0.0,122.3315168,4.41e-09,-3.41e-38,0.0,2.940905628,66.00000401,0.018996097,122.3286496,0.126140857,-4.51e-08,-6.68e-06,7.905092679,68.56085051,14.96373529,119.6354943,292.3887155,-11.71342377,-0.057086618,75.35762009,70.99876704,20.4251016,117.0341721,525.4472975,40.2612947,0.110285502,2.58763028,1.515750994,5.166172229,2.741044278,1.588374992,5.310516086,2.940905628,1.694069547,5.496238123,7.905092679,2.106394663,4.56153603,75.35762009,1.940206225,3.737222833,1.767320311,66.0,0.0,122.3315168,0.0,0.0,0.0,1.853072647,66.0,0.0,122.3315168,0.0,3.9100000000000004e-49,0.0,1.949335896,66.0,0.0,122.3314833,0.001473695,3.63e-19,0.0,3.314746961,66.0,9.54e-07,118.0064266,164.7235095,5.61e-15,4.58e-10,21.14730213,66.0022984,0.166058808,114.3817883,262.7223926,-0.012453692,-0.004626874
3.920340036,101.9919433,0.032161809,4.00191088,101.9452676,0.215933961,4.362016539,101.6517776,1.271630645,5.486224348,100.3502714,37.89025314,27.35291744,93.69690721,250.8081548,3.920340036,101.9919433,0.032161809,4.00191088,101.9452676,0.215933961,4.362016539,101.6517776,1.271630645,5.486224348,100.3502714,37.89025314,27.35291744,93.69690721,250.8081548,1.0,102.0,0.0,144.2497834,0.0,0.0,0.0,1.0,102.0,0.0,144.2497834,0.0,0.0,0.0,1.0,102.0,1.35e-06,144.2497834,1.82e-12,-1.3500000000000002e-157,0.0,1.067219882,102.0,0.0,144.2497834,0.0,2.78e-35,0.0,3.612092285,102.0,0.0,144.2497834,1.82e-12,1.3199999999999999e-28,0.0,1.0,39.01866603,0.0,1.0,39.01866603,0.0,1.0,39.01866603,2.74e-09,1.067219882,41.46521725,89.50088495,3.612092285,47.62403287,261.6668767,1.0,102.0,0.0,144.2497834,0.0,0.0,0.0,1.0,102.0,0.0,144.2497834,0.0,0.0,0.0,1.0,102.0,1.35e-06,144.2497834,1.82e-12,-1.3500000000000002e-157,0.0,1.067219882,102.0,0.0,144.2497834,0.0,2.78e-35,0.0,3.612092285,102.0,0.0,144.2497834,1.82e-12,1.3199999999999999e-28,0.0
1.000000002,60.00000019,5.78e-05,1.000008222,60.00093586,0.289302794,1.031680713,64.48594976,1383.343819,3.028906063,152.6787509,20510.41789,13.97779017,178.7518605,22756.74422,1.000000002,60.00000019,5.78e-05,1.000008222,60.00093586,0.289302794,1.031680713,64.48594976,1383.343819,3.028906063,152.6787509,20510.41789,13.97779017,178.7518605,22756.74422,1.0,60.0,0.0,60.0,0.0,0.0,0.0,1.0,60.0,0.0,60.0,0.0,0.0,0.0,1.0,60.0,0.0,60.0,0.0,0.0,0.0,1.000265501,60.0,6.74e-07,60.0,4.55e-13,0.0,0.0,1.73346556,60.0,9.54e-07,60.0,9.09e-13,0.0,0.0,1.0,118.7920539,0.0,1.0,118.7920539,0.0,1.0,118.7920539,0.0,1.000265501,118.7943665,0.0201441,1.73346556,126.649462,1198.147255,1.0,60.0,0.0,60.0,0.0,0.0,0.0,1.0,60.0,0.0,60.0,0.0,0.0,0.0,1.0,60.0,0.0,60.0,0.0,0.0,0.0,1.000265501,60.0,6.74e-07,60.0,4.55e-13,0.0,0.0,1.73346556,60.0,9.54e-07,60.0,9.09e-13,0.0,0.0
42.30913359,176.9764653,57163.35588,51.90892047,175.1406601,55919.32791,65.76096484,171.7079267,53964.647,83.08296161,158.9264097,48054.2061,119.0337946,134.3229402,35397.05646,42.30913359,176.9764653,57163.35588,51.90892047,175.1406601,55919.32791,65.76096484,171.7079267,53964.647,83.08296161,158.9264097,48054.2061,119.0337946,134.3229402,35397.05646,42.00904589,177.8120736,239.7357971,308.9019238,97430.38387,-4619.97795,-0.068705742,51.36365018,176.3625403,237.4253925,310.5676007,101606.2695,-8682.00127,-0.125769235,64.0106562,174.6737442,234.7496498,313.1618997,107029.4496,-14803.88528,-0.208191199,71.39038834,173.4587622,233.1035813,315.1163286,109487.8382,-18561.64829,-0.258276559,81.94144853,160.5390055,221.4038777,290.2121185,99887.34701,1042.497899,0.015960655,42.00904589,0.247731868,8.455670572,51.36365018,0.330417483,11.30864051,64.0106562,0.433024419,14.82986937,71.39038834,0.509376475,16.88064315,81.94144853,1.934501264,50.91320801,3.797556226,232.3780871,282.6448547,371.36137,106663.1373,42236.08967,0.562096153,3.876719346,232.049575,282.4222534,369.9369384,106448.3495,42955.41535,0.572857905,3.958288818,231.6906984,282.1815932,368.4894445,106222.3123,43673.49125,0.583708204,3.995800661,231.5194054,282.0674257,367.8306238,106116.9306,43996.09797,0.588619155,3.999579782,231.5019439,282.055809,367.7644891,106106.2674,44028.33814,0.589111205
1.000000028,60.00000107,4.08e-05,1.00002955,60.00112287,0.042667785,1.031378629,61.14138472,42.07910624,4.25903828,84.11481454,402.5274473,31.59223662,90.88452694,318.6407513,1.000000028,60.00000107,4.08e-05,1.00002955,60.00112287,0.042667785,1.031378629,61.14138472,42.07910624,4.25903828,84.11481454,402.5274473,31.59223662,90.88452694,318.6407513,1.000000028,60.00000107,0.006386296,114.9086599,4.08e-05,-7.53e-22,-1.71e-16,1.00002955,60.00112287,0.206561818,114.9091795,0.042769717,-4.78e-12,-4.26e-10,1.031321867,61.13913596,6.479933301,115.1038106,45.63337315,-0.01798664,-0.000656652,2.543031828,72.0461124,17.68172637,107.5681709,476.982943,56.48408632,0.168310241,12.9968789,74.98129242,18.57004931,106.2028836,488.9806696,96.10811323,0.277962616,1.000000028,5.015492951,4.32e-08,1.00002955,5.015529453,4.52e-05,1.031321867,5.057497593,0.106081612,2.543031828,8.197549905,34.84993271,12.9968789,11.88014795,96.27415341,1.0,60.0,0.0,84.85281374,0.0,0.0,0.0,1.0,60.0,6.74e-07,84.85281374,6.43e-13,4.09e-49,8.99e-37,1.000405661,60.0,9.54e-07,84.85281374,9.09e-13,2.08e-105,0.0,1.736883215,60.0,0.0,84.85281374,0.0,8.9e-37,0.0,7.753257083,60.0,1.17e-06,84.85281374,2.65e-12,2.6399999999999998e-28,1.5e-16
4.828834169,66.0,0.0,4.896190675,66.0,9.09e-13,5.017963951,66.00001104,0.000216412,11.57863534,67.39982435,104.6554814,100.2015184,70.58968785,334.7448049,4.828834169,66.0,0.0,4.896190675,66.0,9.09e-13,5.017963951,66.00001104,0.000216412,11.57863534,67.39982435,104.6554814,100.2015184,70.58968785,334.7448049,4.828834169,66.0,0.0,122.3315133,0.000152662,1.63e-43,0.0,4.896190576,66.0,1.35e-06,122.3301646,0.059417485,4.23e-17,1.29e-10,5.013331697,66.00000002,0.001390475,121.8148465,22.34732519,2.81e-07,4.27e-05,9.811973603,67.29415467,10.71325126,117.1456318,255.524671,3.173505063,0.019605013,78.97402077,71.10239332,20.20293449,116.8372701,520.3984922,7.393886097,0.020368981,4.828834169,0.870652992,3.093597639,4.896190576,0.879210284,3.116963619,5.013331697,0.931217976,3.319405839,9.811973603,1.85753955,9.853640594,78.97402077,1.872947878,10.06083531,1.943101781,66.0,0.0,122.3315168,0.0,-1.41e-58,0.0,1.965461899,66.0,0.0,122.3315168,3.64e-12,2.61e-68,0.0,1.989319286,66.0,0.0,122.3315168,1.38e-06,-6.33e-22,0.0,3.14634697,66.00050639,0.077951694,120.2412686,85.98792044,-0.011203271,-0.015498888,21.34582589,66.57063138,2.553812131,116.0087745,231.9383898,1.673487418,0.043036116
3.902703344,102.0,0.0,3.941077191,102.0,1.82e-12,3.980177627,101.9999736,0.001105494,4.995160389,98.31795397,134.3312464,31.229557,92.33244544,290.7605851,3.902703344,102.0,0.0,3.941077191,102.0,1.82e-12,3.980177627,101.9999736,0.001105494,4.995160389,98.31795397,134.3312464,31.229557,92.33244544,290.7605851,1.0,102.0,0.0,144.2497834,0.0,0.0,0.0,1.0,102.0,0.0,144.2497834,0.0,0.0,0.0,1.0,102.0,1.91e-06,144.2497834,3.64e-12,5.620000000000001e-110,0.0,1.071665756,102.0,0.0,144.2497834,0.0,-2.3e-36,0.0,4.18336791,102.0,1.35e-06,144.2497834,2.57e-12,-8.09e-29,-4.45e-17,1.0,39.02497697,0.0,1.0,39.02497697,0.0,1.0,39.02497697,2.27e-13,1.071665756,39.02427302,0.000109018,4.18336791,2110197.534,3170000000000000.0,1.0,102.0,0.0,144.2497834,0.0,0.0,0.0,1.0,102.0,0.0,144.2497834,0.0,0.0,0.0,1.0,102.0,1.91e-06,144.2497834,3.64e-12,5.620000000000001e-110,0.0,1.071665756,102.0,0.0,144.2497834,0.0,-2.3e-36,0.0,4.18336791,102.0,1.35e-06,144.2497834,2.57e-12,-8.09e-29,-4.45e-17
1.0,102.0,0.0,1.0,102.0,0.0,1.000000045,101.9999981,7.75e-05,1.818632417,94.46896904,247.2140469,27.77667306,90.6974154,326.2746769,1.0,102.0,0.0,1.0,102.0,0.0,1.000000045,101.9999981,7.75e-05,1.818632417,94.46896904,247.2140469,27.77667306,90.6974154,326.2746769,1.0,102.0,0.0,144.2497834,0.0,0.0,0.0,1.0,102.0,0.0,144.2497834,0.0,0.0,0.0,1.0,102.0,0.0,144.2497834,0.0,0.0,0.0,1.071714215,102.0,0.0,144.2497834,0.0,1.5900000000000002e-37,0.0,4.168839842,102.0,1.35e-06,144.2497834,4.07e-12,5.110000000000001e-29,1.99e-17,1.0,39.01465607,0.0,1.0,39.01465607,0.0,1.0,39.01465607,0.0,1.071714215,39.01517326,4.1e-06,4.168839842,39.64589574,24.13516991,1.0,102.0,0.0,144.2497834,0.0,0.0,0.0,1.0,102.0,0.0,144.2497834,0.0,0.0,0.0,1.0,102.0,0.0,144.2497834,0.0,0.0,0.0,1.071714215,102.0,0.0,144.2497834,0.0,1.5900000000000002e-37,0.0,4.168839842,102.0,1.35e-06,144.2497834,4.07e-12,5.110000000000001e-29,1.99e-17
1.0,90.0,0.0,1.0,90.0,0.0,1.000000401,89.99998803,0.000357984,1.807894812,80.19474357,179.5452194,28.58290883,77.07892108,292.5057677,1.0,90.0,0.0,1.0,90.0,0.0,1.000000401,89.99998803,0.000357984,1.807894812,80.19474357,179.5452194,28.58290883,77.07892108,292.5057677,1.0,90.0,0.0,90.0,0.0,0.0,0.0,1.0,90.0,0.0,114.0175425,0.0,0.0,0.0,1.0,90.0,1.35e-06,114.0175425,1.82e-12,0.0,0.0,1.052586261,89.94028953,1.337067217,113.9704158,1.787748743,0.0,0.0,5.210867145,86.56002214,9.558550524,111.3222234,91.36588812,-2.08e-15,-2.28e-10,1.0,44.62088609,0.0,1.0,44.62088609,0.0,1.0,44.62088609,0.0,1.052586261,44.23371924,9.397050703,5.210867145,31.85508295,309.66563,1.0,90.0,0.0,90.0,0.0,0.0,0.0,1.0,90.0,0.0,90.0,0.0,0.0,0.0,1.0,90.0,1.35e-06,90.0,1.82e-12,0.0,0.0,1.052586261,89.94028953,1.337067217,89.94028953,1.787748743,0.0,0.0,5.210867145,86.56002214,9.558550524,86.56002214,91.36588812,0.0,0.0
1.000003793,81.99993889,0.00098717,1.000604047,81.9900332,0.166142656,1.125583561,80.01674761,32.15907867,8.394102237,70.25692818,262.0799648,96.22018637,71.05669994,368.5321841,1.000003793,81.99993889,0.00098717,1.000604047,81.9900332,0.166142656,1.125583561,80.01674761,32.15907867,8.394102237,70.25692818,262.0799648,96.22018637,71.05669994,368.5321841,1.0,82.0,9.54e-07,105.2615789,9.09e-13,-1.24e-64,0.0,1.000000001,81.99999998,0.000574163,105.2615789,3.3e-07,-3.8399999999999997e-38,0.0,1.001087983,81.98261119,0.527179897,105.2480337,0.277918644,-2.1e-11,-1.51e-08,1.957041031,74.99228612,7.934926962,101.1303096,68.16227926,-1.847918199,-0.045575741,18.75525022,71.16823311,7.307477811,100.9430553,77.77948592,5.929099726,0.107893641,1.0,9.844170809,4.26e-14,1.000000001,9.844170815,3.48e-08,1.001087983,9.84981675,0.029299675,1.957041031,10.77489587,11.99231705,18.75525022,8.015626399,112.6029351,1.0,82.0,9.54e-07,105.2615789,9.09e-13,-1.24e-64,0.0,1.000000001,81.99999998,0.000574163,105.2615789,3.3e-07,-3.8399999999999997e-38,0.0,1.001087983,81.98261119,0.527179897,105.2480337,0.277918644,-2.1e-11,-1.51e-08,1.957041031,74.99228612,7.934926962,101.1303096,68.16227926,-1.847918199,-0.045575741,18.75525022,71.16823311,7.307477811,100.9430553,77.77948592,5.929099726,0.107893641
3.943130126,101.9999974,1.03e-05,3.966121361,101.9995577,0.001769189,4.064474108,101.9252269,0.293501191,5.264985948,101.1230048,10.58767656,30.95672432,93.96257915,238.3606323,3.943130126,101.9999974,1.03e-05,3.966121361,101.9995577,0.001769189,4.064474108,101.9252269,0.293501191,5.264985948,101.1230048,10.58767656,30.95672432,93.96257915,238.3606323,1.0,102.0,0.0,144.2497834,0.0,0.0,0.0,1.0,102.0,0.0,144.2497834,0.0,0.0,0.0,1.0,102.0,1.35e-06,144.2497834,1.82e-12,-8.41e-75,0.0,1.071566253,102.0,1.35e-06,144.2497834,2.57e-12,-2.4300000000000002e-29,-1.34e-17,4.218772044,102.0,1.35e-06,144.2497834,2.57e-12,1.0500000000000001e-29,5.8e-18,1.0,39.04539204,0.0,1.0,39.04539204,0.0,1.0,39.04539204,2.27e-13,1.071566253,39.04298121,9.32e-05,4.218772044,39.03133665,0.018423,1.0,102.0,0.0,144.2497834,0.0,0.0,0.0,1.0,102.0,0.0,144.2497834,0.0,0.0,0.0,1.0,102.0,1.35e-06,144.2497834,1.82e-12,-8.41e-75,0.0,1.071566253,102.0,1.35e-06,144.2497834,2.57e-12,-2.4300000000000002e-29,-1.34e-17,4.218772044,102.0,1.35e-06,144.2497834,2.57e-12,1.0500000000000001e-29,5.8e-18
1.0,98.0,0.0,1.0,98.0,1.82e-12,1.000127143,98.00050732,0.002074045,3.202275665,97.94869501,99.54391577,29.31233055,94.08608471,242.1189827,1.0,98.0,0.0,1.0,98.0,1.82e-12,1.000127143,98.00050732,0.002074045,3.202275665,97.94869501,99.54391577,29.31233055,94.08608471,242.1189827,1.0,98.0,0.0,114.9086599,4.13e-05,4.22e-50,0.0,1.0,98.0,0.0,114.9092501,0.042986659,5.74e-29,0.0,1.000000029,97.99999893,0.006383222,115.5092396,42.10365998,7.36e-08,1.78e-06,1.341963967,92.33253077,13.53675084,119.4386297,395.5395063,28.82333183,0.113727472,10.32564196,79.54680326,18.98836996,111.1210323,509.5637967,100.0927596,0.277791717,1.0,25.07885408,0.0,1.0,25.07885408,0.0,1.000000029,25.07885352,1.14e-05,1.341963967,22.11638864,51.60506528,10.32564196,15.10430662,118.0394671,1.0,98.0,0.0,138.5929291,0.0,0.0,0.0,1.0,98.0,0.0,138.5929291,0.0,0.0,0.0,1.000000001,98.0,1.91e-06,138.5929291,5.14e-12,-3.5300000000000003e-37,-9.72e-26,1.141818191,98.0,0.0,138.5929291,0.0,-1.21e-72,0.0,5.309462119,98.0,1.91e-06,138.5929291,4.07e-12,1.0600000000000001e-29,4.13e-18
1.000004338,81.9999306,0.001110392,1.000623163,81.9900356,0.159331094,1.140509216,80.03342378,27.93903631,9.025513215,72.06869079,382.4499636,93.35881241,71.15237928,398.2752408,1.000004338,81.9999306,0.001110392,1.000623163,81.9900356,0.159331094,1.140509216,80.03342378,27.93903631,9.025513215,72.06869079,382.4499636,93.35881241,71.15237928,398.2752408,1.0,82.0,1.35e-06,105.2615789,1.82e-12,-8.76e-59,0.0,1.000000002,81.99999997,0.00070992,105.2615789,5.04e-07,2.25e-30,2.35e-21,1.001253351,81.97997149,0.565733992,105.2459775,0.32005495,-1.92e-10,-1.42e-07,1.99417962,74.83368053,7.95644247,100.9835613,68.29633318,-1.560682306,-0.038745911,17.86641955,70.43703178,7.163488617,99.94167435,74.78294252,3.680809719,0.069666691,1.0,9.64003706,9.95e-14,1.000000002,9.64003707,5.75e-08,1.001253351,9.646802099,0.036515588,1.99417962,10.55235039,13.65034121,17.86641955,8.412662364,29.71671992,1.0,82.0,1.35e-06,105.2615789,1.82e-12,-8.76e-59,0.0,1.000000002,81.99999997,0.00070992,105.2615789,5.04e-07,2.25e-30,2.35e-21,1.001253351,81.97997149,0.565733992,105.2459775,0.32005495,-1.92e-10,-1.42e-07,1.99417962,74.83368053,7.95644247,100.9835613,68.29633318,-1.560682306,-0.038745911,17.86631024,70.43704015,7.163487568,99.94168132,74.78293928,3.680806586,0.069666635
1.064971181,66.0,0.0,1.198784027,66.0,4.99e-08,1.879372449,66.01138,0.702442854,11.12236479,70.3141572,325.3673807,99.85831948,70.60734601,353.0944391,1.064971181,66.0,0.0,1.198784027,66.0,4.99e-08,1.879372449,66.01138,0.702442854,11.12236479,70.3141572,325.3673807,99.85831948,70.60734601,353.0944391,1.000145904,66.0,0.0,93.34628795,0.428544369,3.3999999999999995e-23,0.0,1.005121038,66.0,0.000159768,93.60520506,13.8145943,2.8e-12,4.71e-09,1.29973457,66.01016918,0.956620472,98.87682356,224.222237,0.033878923,0.002365116,8.489148432,70.87829373,20.25166174,114.3927254,552.0260328,67.99953516,0.174679207,76.89083555,71.40063193,20.96772523,116.5879633,553.3603868,69.6593314,0.181232341,1.000145904,2.548777234,5.02e-06,1.005121038,2.547781483,0.000952231,1.29973457,2.397457496,0.59717231,8.489148432,1.916743709,3.190548735,76.89083555,1.90083783,3.538890103,1.0,66.0,0.0,122.3315168,1.82e-12,1.5200000000000002e-73,0.0,1.000000001,66.0,0.0,122.3315168,0.0,-2.5100000000000002e-49,0.0,1.000965081,66.0,0.0,122.3315168,1.4e-06,-4.1e-25,0.0,2.084095476,66.0,0.0,119.9492886,97.04469352,1.88e-14,0.0,19.31357369,66.00000005,0.000735494,114.9783124,249.1490414,-5.6e-06,-0.000482651
1.000000242,97.99999081,0.000349272,1.000107207,97.99592724,0.154750831,1.054898639,96.31687609,62.30363362,4.872825182,92.97113957,262.0830964,30.88256272,93.41375829,260.6715913,1.000000242,97.99999081,0.000349272,1.000107207,97.99592724,0.154750831,1.054898639,96.31687609,62.30363362,4.872825182,92.97113957,262.0830964,30.88256272,93.41375829,260.6715913,1.000000242,97.99999081,0.018688824,114.9086515,0.000349272,2.03e-50,0.0,1.000107191,97.99592718,0.393383495,114.9051859,0.154750574,3.7000000000000003e-29,0.0,1.04750285,96.27675097,7.906571703,113.4425531,62.51387609,-4.45e-08,-1.1e-06,2.080353012,80.85163806,18.90955939,103.7302041,393.6216316,4.980606442,0.020532225,11.11495812,78.15544605,18.97767207,108.4536296,500.420428,50.07546022,0.141561513,1.000000242,4.395846954,6.37e-05,1.000107191,4.397582426,0.02822535,1.04750285,5.131798149,11.40205815,2.080353012,11.62090645,70.23519398,11.11495812,13.90103792,86.91138017,1.0,98.0,0.0,138.5929291,0.0,0.0,0.0,1.0,98.0,0.0,138.5929291,0.0,0.0,0.0,1.000000001,98.0,1.35e-06,138.5929291,1.82e-12,1.41e-91,0.0,1.141546528,98.0,0.0,138.5929291,1.82e-12,9.44e-33,0.0,5.308478107,98.0,0.0,138.5929291,1.82e-12,4.63e-29,0.0
1.000151015,66.00501772,0.451587208,1.006743234,66.25050323,22.50013603,1.384268604,75.03246664,744.3816613,10.30288009,73.77252036,659.5108152,98.48810027,70.78770661,382.6062952,1.000151015,66.00501772,0.451587208,1.006743234,66.25050323,22.50013603,1.384268604,75.03246664,744.3816613,10.30288009,73.77252036,659.5108152,98.48810027,70.78770661,382.6062952,1.000150982,66.0050179,0.672001588,136.0740705,0.462842693,-3.94e-05,-0.000184162,1.006704549,66.25069617,4.743396094,136.0729011,22.61582338,-0.040506554,-0.005645779,1.332974387,75.52117291,27.6812513,138.4617569,767.31169,-19.05292385,-0.108398259,7.930286988,76.63729779,28.51392137,123.3589198,874.692005,202.3756165,0.395179914,75.87702096,71.82252207,21.82610577,117.1208435,582.7507089,41.17059954,0.10295964,1.000150982,2.671522607,0.000621486,1.006704549,2.660623035,0.025318913,1.332974387,2.372199847,0.838468885,7.930286988,2.052002586,3.15169127,75.87702096,1.926446889,3.599003387,1.0,66.0,0.0,122.3315168,3.64e-12,-1.6999999999999998e-42,0.0,1.000000001,66.0,0.0,122.3315167,2.05e-06,1.42e-30,0.0,1.000975682,66.0,0.0,122.2959629,1.56070074,5.7400000000000005e-37,0.0,2.339733484,66.00000008,0.000972934,114.5899121,258.0848173,-4.68e-06,-0.000299677,20.44523918,66.0974969,1.077245163,113.9636914,272.7347495,-2.923174021,-0.16431297
2.999923982,90.0,3.64e-12,2.999954389,90.0,2.73e-12,2.999984796,90.0,7.14e-09,3.731571957,87.69967568,63.71823771,22.35709816,81.38870268,183.7247616,2.999923982,90.0,3.64e-12,2.999954389,90.0,2.73e-12,2.999984796,90.0,7.14e-09,3.731571957,87.69967568,63.71823771,22.35709816,81.38870268,183.7247616,1.0,90.0,0.0,108.1665903,0.000187629,3.2899999999999996e-61,0.0,1.0,90.0,0.0,108.1693288,0.010035898,1.98e-36,0.0,1.0,90.0,2.47e-05,108.285455,0.382386421,1.02e-11,6.67e-07,1.209195694,88.49381315,6.551107286,107.2450999,42.92496436,1.384801694,0.232515204,6.254682253,85.43885535,10.77173612,104.6106853,116.0318156,1.473202759,0.177567423,1.0,37.38097405,0.0,1.0,37.38097405,0.0,1.0,37.38097405,7.68e-09,1.209195694,32.70218938,131.3796317,6.254682253,26.1324716,281.7217033,1.0,90.0,0.0,108.1665903,0.000187629,-1.62e-119,0.0,1.0,90.0,0.0,108.1693288,0.010035898,-3.55e-71,0.0,1.0,90.0,2.47e-05,108.285455,0.382386423,-1.02e-22,-6.67e-18,1.19636521,88.47765997,6.584275343,107.2529823,43.36113896,-0.026604576,-0.004366365,3.283065437,83.09494512,12.62821696,102.8818502,159.4743242,2.416214281,0.203282293
1.000000089,60.00000268,8.05e-05,1.000091598,60.00274769,0.082423072,1.093765438,62.5718157,70.54023503,3.324423789,80.38139516,196.0405862,18.68447013,81.47168506,183.1172706,1.000000089,60.00000268,8.05e-05,1.000091598,60.00274769,0.082423072,1.093765438,62.5718157,70.54023503,3.324423789,80.38139516,196.0405862,18.68447013,81.47168506,183.1172706,1.0,60.0,0.0,84.85281374,0.0,0.0,0.0,1.0,60.0,0.0,84.85281374,0.0,0.0,0.0,1.0,60.0,6.74e-07,84.85281374,6.43e-13,0.0,0.0,1.065848495,60.0,6.74e-07,84.85281374,4.55e-13,-7.33e-35,0.0,4.238245978,60.0,6.74e-07,84.85281374,1.02e-12,3.88e-31,6.04e-19,1.0,40.13441205,0.0,1.0,40.13441205,0.0,1.0,40.13441205,2.27e-13,1.065848495,40.16790805,0.022082532,4.238245978,38.91668217,25.4990919,1.0,60.0,0.0,84.85281374,0.0,0.0,0.0,1.0,60.0,0.0,84.85281374,0.0,0.0,0.0,1.0,60.0,6.74e-07,84.85281374,6.43e-13,0.0,0.0,1.065848495,60.0,6.74e-07,84.85281374,4.55e-13,-7.33e-35,0.0,4.234406253,60.0,6.74e-07,84.85281374,1.02e-12,-4.040000000000001e-31,-6.28e-19
1.994707583,66.0,1.27e-11,1.996821283,66.00000009,8.23e-06,2.009263061,66.05674832,5.100904982,9.741297221,72.66425764,446.6240566,103.9835492,71.57840321,395.15075,1.994707583,66.0,1.27e-11,1.996821283,66.00000009,8.23e-06,2.009263061,66.05674832,5.100904982,9.741297221,72.66425764,446.6240566,103.9835492,71.57840321,395.15075,1.994707583,66.0,3.44e-06,122.3315168,1.2e-11,3.48e-14,0.007498334,1.996821188,66.00000009,0.002868926,122.3315169,8.23e-06,1.59e-07,0.113316284,2.004701437,66.05687745,2.26108481,122.3684949,5.113970649,0.231772376,0.292934129,8.507480548,73.52092372,22.39886541,123.0056966,539.0799315,118.4151654,0.376450293,83.14775983,72.57558081,21.82056598,117.8864018,576.349792,29.62460102,0.075335841,1.994707583,4.722745757,22.40846255,1.996821188,4.727769648,22.4085635,2.004701437,4.72415042,22.40411623,8.507480548,2.256757774,14.70190423,83.14775983,1.778154817,9.496153413,1.0,66.0,0.0,122.3315168,1.82e-12,-9e-72,0.0,1.000000001,66.0,0.0,122.3315168,3.64e-12,-9.16e-40,0.0,1.001027403,66.00002032,0.015615776,122.331494,0.001501977,-8.12e-10,-1.35e-06,2.576861445,67.27219251,3.694297816,119.5469557,137.7877355,-2.139969466,-0.049469879,21.84416342,67.20723233,3.609622983,116.3932046,231.750603,6.03810691,0.1099695
5.203714118,101.2313183,2.483855332,5.505552976,101.2734608,2.378297565,5.829358245,101.3138179,2.273889972,6.782864417,99.45880256,74.69004744,33.42077033,92.54640646,283.5335524,5.203714118,101.2313183,2.483855332,5.505552976,101.2734608,2.378297565,5.829358245,101.3138179,2.273889972,6.782864417,99.45880256,74.69004744,33.42077033,92.54640646,283.5335524,1.0,98.0,0.0,114.90866,4.55e-05,4.33e-50,0.0,1.0,98.0,0.0,114.9092853,0.045550804,5.86e-29,0.0,1.000000028,97.99999896,0.00629092,115.5193495,42.78536263,7.93e-08,1.93e-06,1.443270422,90.05726395,15.45111368,115.3892459,394.4174106,23.19080524,0.084707155,12.32606738,76.36767689,18.81675577,106.6589247,491.14675,98.23239605,0.282961412,1.0,25.12408495,0.0,1.0,25.12408495,0.0,1.000000028,25.12408438,1.15e-05,1.443270422,20.05982668,72.90203487,12.32606738,12.48256872,80.36771022,1.0,98.0,0.0,138.5929291,0.0,0.0,0.0,1.0,98.0,0.0,138.5929291,0.0,0.0,0.0,1.000000001,98.0,1.35e-06,138.5929291,1.82e-12,-1.88e-73,0.0,1.141598948,98.0,0.0,138.5929291,0.0,-9.26e-62,0.0,5.30917717,98.0,2.34e-06,138.5929291,5.46e-12,-9.320000000000001e-29,0.0
1.000029338,66.00016621,0.00265933,1.002786504,66.01632453,0.260932205,1.302697966,67.287421,23.66496126,10.75606855,71.57410793,401.8701632,100.0462864,71.20332135,379.0542892,1.000029338,66.00016621,0.00265933,1.002786504,66.01632453,0.260932205,1.302697966,67.287421,23.66496126,10.75606855,71.57410793,401.8701632,100.0462864,71.20332135,379.0542892,1.000002158,66.0,1.91e-06,122.3315139,0.000128137,-1.5399999999999999e-24,-7.11e-17,1.000398549,66.00000006,0.002338651,122.3290564,0.110046748,-2.82e-13,-3.63e-10,1.084944912,66.07278487,2.558386272,120.6735994,80.72307947,-0.035886034,-0.001563784,7.406312319,72.65655218,23.45045986,119.3341053,635.2457854,22.47885957,0.053754257,77.50882328,71.95383473,21.68679964,117.2010877,576.4566889,63.95147381,0.161518657,1.000002158,3.76438657,2.99e-06,1.000398549,3.764852541,0.000551913,1.084944912,3.810958797,0.209151497,7.406312319,2.236384041,4.185402186,77.50882328,1.888381174,4.321305922,1.0,66.0,1.91e-06,136.077184,6.56e-12,-1.24e-41,-2.78e-30,1.000000002,66.00000006,0.002339117,136.0771839,6.58e-06,-1.19e-23,-2.67e-18,1.001847017,66.07882198,2.662285806,136.0649296,7.719475598,-1.34e-05,-2.88e-06,2.462493033,85.83335026,37.30465934,129.860721,1547.902018,-116.6582027,-0.120120562,18.73479185,89.227217,39.19171495,123.2628324,1662.600498,62.13898171,0.062851146
1.017004584,65.89974669,0.591469113,1.087830641,65.52164295,2.641316849,1.601031699,64.34115906,7.201511665,9.817439551,69.11619233,293.185259,100.4329346,71.36410931,389.8354941,1.017004584,65.89974669,0.591469113,1.087830641,65.52164295,2.641316849,1.601031699,64.34115906,7.201511665,9.817439551,69.11619233,293.185259,100.4329346,71.36410931,389.8354941,1.000000002,66.0,0.0,112.3829292,300.5041108,2.55e-22,0.0,1.000010601,66.0,1.35e-06,113.3302724,284.0485251,8.23e-19,3.62e-14,1.055424814,66.00000373,0.017599115,114.2177655,266.2373943,4.71e-05,0.00016385,7.374309053,70.62104071,19.29075302,116.5923705,486.9354497,-4.381143456,-0.01281574,79.60292457,72.26847414,21.77426115,117.5486917,576.7003523,16.78121083,0.042533412,1.000000002,6.175154916,6.17e-08,1.000010601,6.175112903,0.000322051,1.055424814,5.966983438,1.551835439,7.374309053,2.513823982,12.91662642,79.60292457,1.859180554,10.31176923,1.0,66.0,0.0,93.33809512,0.0,1.35e-72,0.0,1.0,66.0,0.0,93.33809514,1.19e-06,3.9399999999999996e-42,0.0,1.000030201,66.00000394,0.018079979,93.38763458,3.334417138,3.74e-11,1.13e-09,2.200948833,81.48282516,32.84304844,118.9385318,1226.280666,153.1892947,0.193124442,19.29472219,89.73017738,39.10823059,123.8552991,1650.983245,331.2659163,0.339716328
1.0,102.0,0.0,1.0,102.0,0.0,1.000000036,101.9999985,6.14e-05,1.729854122,96.15171144,198.740576,26.69213931,92.31746339,288.3583377,1.0,102.0,0.0,1.0,102.0,0.0,1.000000036,101.9999985,6.14e-05,1.729854122,96.15171144,198.740576,26.69213931,92.31746339,288.3583377,1.0,102.0,0.0,144.2497834,0.0,0.0,0.0,1.0,102.0,0.0,144.2497834,0.0,0.0,0.0,1.0,102.0,0.0,144.2497834,0.0,0.0,0.0,1.071662942,102.0,1.91e-06,144.2497834,4.07e-12,-2.54e-29,-9.88e-18,4.104136449,102.0,1.91e-06,144.2497834,3.64e-12,-1.0900000000000001e-29,0.0,1.0,39.02488303,0.0,1.0,39.02488303,0.0,1.0,39.02488303,4.55e-13,1.071662942,39.02480146,8.64e-06,4.104136449,40.46112252,54.01964434,1.0,102.0,0.0,144.2497834,0.0,0.0,0.0,1.0,102.0,0.0,144.2497834,0.0,0.0,0.0,1.0,102.0,0.0,144.2497834,0.0,0.0,0.0,1.071662942,102.0,1.91e-06,144.2497834,4.07e-12,-2.54e-29,-9.88e-18,4.104136449,102.0,1.91e-06,144.2497834,3.64e-12,-1.0900000000000001e-29,0.0
2.999903326,66.0,7.28e-12,2.999942089,66.00000008,4.88e-06,3.014568692,66.05155452,3.382971709,11.42481549,72.01282685,383.8518724,102.2284579,71.061392,356.2690897,2.999903326,66.0,7.28e-12,2.999942089,66.00000008,4.88e-06,3.014568692,66.05155452,3.382971709,11.42481549,72.01282685,383.8518724,102.2284579,71.061392,356.2690897,2.999903326,66.0,2.52e-06,122.3315168,6.37e-12,6.630000000000001e-27,0.0,2.999942012,66.00000008,0.00220954,122.3315168,4.89e-06,1.66e-15,1.79e-09,3.010316522,66.05163621,1.8405685,122.3650542,3.389501503,0.000656035,0.001071141,9.972841245,72.93238655,20.71019087,122.9837245,466.0137964,13.11903482,0.046926948,80.66676693,72.03913931,20.80893333,118.4880838,527.9529022,34.10682484,0.094308524,2.999903326,3.157778132,19.94380956,2.999942012,3.157811519,19.94391499,3.010316522,3.151020286,19.92307163,9.972841245,1.946142209,13.92230322,80.66676693,1.835764968,10.54602074,1.0,66.0,0.0,122.3315168,0.0,8.43e-237,0.0,1.000000004,66.00000003,0.000575172,122.3315168,3.31e-07,8.55e-34,0.0,1.0025808,66.01579329,0.435051842,122.3400051,0.189275714,-6.19e-07,-3.72e-05,2.823602635,68.22524829,4.66382349,120.4003231,127.8879513,2.454286166,0.046876519,21.50013163,67.41042283,3.864683871,117.3468721,209.3184167,6.177722437,0.11062796
1.0,66.0,0.0,1.000000085,66.0,7.91e-11,1.009665924,65.99929216,0.005855328,8.307693655,68.54379365,205.9813658,109.3912529,75.57556949,2066.060163,1.0,66.0,0.0,1.000000085,66.0,7.91e-11,1.009665924,65.99929216,0.005855328,8.307693655,68.54379365,205.9813658,109.3912529,75.57556949,2066.060163,1.0,66.0,0.0,122.3315168,1.82e-12,-4.6799999999999996e-34,0.0,1.000000006,66.0,0.0,122.3315168,1.09e-06,4.86e-20,0.0,1.005229776,66.00000319,0.016947138,122.3087232,1.001039441,2.99e-05,0.001760986,6.33807684,68.92062999,15.94759721,117.0875848,364.2943564,13.47896282,0.052334504,74.48741322,77.48466454,52.64264552,154.5758064,51060.36678,1469.751637,0.123647282,1.0,9.837608814,5.12e-13,1.000000006,9.837608764,4.73e-07,1.005229776,9.790696119,0.433784101,6.33807684,2.935935325,14.40718115,74.48741322,3.721947718,2397.802439,1.0,66.0,9.54e-07,122.3315168,9.09e-13,-4.9800000000000007e-73,0.0,1.000000001,66.0,1.35e-06,122.3315168,1.82e-12,1.95e-76,0.0,1.000992435,66.0,0.0,122.3315168,1.31e-09,-9.2e-25,0.0,2.073869573,66.00001208,0.013887529,121.239683,46.38446762,-0.000129957,-0.001374006,18.88189578,70.72538891,28.31988375,152.7485624,49054.89947,3935.495551,0.62747408
1.0,98.0,0.0,1.0,98.0,4.37e-11,1.000035044,97.99884025,0.044756498,2.99330687,92.99486482,239.1855999,28.77421049,93.75939169,250.1676417,1.0,98.0,0.0,1.0,98.0,4.37e-11,1.000035044,97.99884025,0.044756498,2.99330687,92.99486482,239.1855999,28.77421049,93.75939169,250.1676417,1.0,98.0,0.0,114.9086594,9.09e-13,1.73e-50,0.0,1.0,98.0,6.61e-06,114.9086594,5.46e-11,3.37e-29,8.9e-19,1.000030952,97.99882388,0.211402874,114.9082193,0.060628344,6.16e-08,1.44e-06,1.674080966,85.89854879,17.7033902,109.5395597,394.3890538,49.97651983,0.182447925,10.44648098,79.30176747,18.99759384,110.7603823,508.4871298,139.5510446,0.388127402,1.0,14.98086596,0.0,1.0,14.98086596,6.54e-13,1.000030952,14.98071757,0.000712415,1.674080966,14.11613311,32.77990297,10.44648098,14.8582351,99.19722034,1.0,98.0,0.0,138.5929291,0.0,0.0,0.0,1.0,98.0,0.0,138.5929291,0.0,0.0,0.0,1.000000001,98.0,0.0,138.5929291,1.82e-12,7.939999999999999e-128,0.0,1.14095441,98.0,1.91e-06,138.5929291,5.14e-12,3.89e-29,1.07e-17,5.306193582,98.0,1.91e-06,138.5929291,4.07e-12,2.08e-30,8.07e-19
1.000000051,60.00000213,8.96e-05,1.00008,60.00335974,0.141097761,1.125996235,64.69952448,175.2944783,5.278503209,91.20455752,330.062881,30.48969979,92.60816794,283.6513586,1.000000051,60.00000213,8.96e-05,1.00008,60.00335974,0.141097761,1.125996235,64.69952448,175.2944783,5.278503209,91.20455752,330.062881,30.48969979,92.60816794,283.6513586,1.0,60.0,0.0,84.85281374,0.0,1.75e-92,0.0,1.0,60.0,6.74e-07,84.85281374,6.43e-13,4.8200000000000004e-29,1.06e-16,1.000004774,60.00000548,0.014424648,84.85282161,0.000299142,3.05e-11,1.44e-07,1.570539919,65.71707774,13.5854325,92.94654417,261.240308,29.19686517,0.158056137,10.91920188,75.7752871,18.72431552,106.9613573,494.4763647,58.83165183,0.168261104,1.0,17.72072601,0.0,1.0,17.72072601,0.0,1.000004774,17.72066821,0.000756195,1.570539919,16.12604172,40.1023002,10.91920188,14.16429786,88.96351342,1.0,60.0,0.0,84.85281374,0.0,0.0,0.0,1.0,60.0,6.74e-07,84.85281374,6.43e-13,4.8200000000000004e-29,1.06e-16,1.000004629,60.0,6.74e-07,84.85281374,6.43e-13,3.78e-72,8.31e-60,1.334253108,60.0,6.74e-07,84.85281374,4.55e-13,1.0399999999999998e-42,0.0,6.386194018,60.0,6.74e-07,84.85281374,1.87e-12,-1e-28,-1.1e-16
1.003265453,81.94792223,0.830545074,1.032340717,81.49839765,7.781983031,1.431621914,77.02732563,59.76270656,9.248283593,72.18433631,419.461434,97.26809324,71.05767499,368.5838813,1.003265453,81.94792223,0.830545074,1.032340717,81.49839765,7.781983031,1.431621914,77.02732563,59.76270656,9.248283593,72.18433631,419.461434,97.26809324,71.05767499,368.5838813,1.0,82.0,0.0,105.2615789,0.0,-5.98e-59,0.0,1.000000001,81.99999998,0.000600101,105.2615789,3.6e-07,-1.17e-30,-1.4400000000000001e-21,1.00112051,81.9820919,0.534984926,105.2476292,0.286208871,-1.79e-10,-1.3e-07,1.98099995,74.88852647,7.950504431,101.0399072,68.31795927,-1.630746318,-0.040288953,17.51658042,70.50404717,7.186182777,99.70563182,72.99157073,2.671724614,0.051764749,1.0,9.801671028,5.68e-14,1.000000001,9.801671036,3.87e-08,1.00112051,9.807543062,0.030773239,1.98099995,10.63369303,13.17081517,17.51658042,8.57976919,28.4719469,1.0,82.0,0.0,105.2615789,0.0,-5.98e-59,0.0,1.000000001,81.99999998,0.000600101,105.2615789,3.6e-07,-1.17e-30,-1.4400000000000001e-21,1.00112051,81.9820919,0.534984926,105.2476292,0.286208871,-1.79e-10,-1.3e-07,1.98099995,74.88852647,7.950504431,101.0399072,68.31795927,-1.630746318,-0.040288953,17.51658042,70.50404717,7.186182777,99.70563182,72.99157073,2.671724614,0.051764749
1.998535216,66.39697612,35.57026957,2.16222052,68.43482543,213.2139674,3.442207064,76.09557512,811.8793602,13.05492833,73.30780574,602.07364,102.1738397,71.12207261,405.7202588,1.998535216,66.39697612,35.57026957,2.16222052,68.43482543,213.2139674,3.442207064,76.09557512,811.8793602,13.05492833,73.30780574,602.07364,102.1738397,71.12207261,405.7202588,1.995465963,66.39758681,5.968646188,122.6321903,35.70797947,-0.478935386,-0.051403546,2.13112917,68.47043257,14.70496154,123.9791769,217.0667987,-6.174696959,-0.096397567,3.09661214,77.28242496,29.80142838,127.7865896,905.6269573,-72.36647106,-0.182426902,10.03199916,75.32706953,27.43067684,120.7709652,826.9818519,-29.27365941,-0.057612767,78.07913621,72.09095019,22.5911972,117.1828211,614.1400338,-19.36957332,-0.046388953,1.995465963,0.599276821,0.360238364,2.13112917,0.604325378,0.369342869,3.09661214,0.764721407,0.785668034,10.03199916,1.629518411,3.437465562,78.07913621,1.873411199,3.976215234,1.971539594,66.0,0.0,122.3315168,0.0,7.99e-74,0.0,1.982825245,66.0,0.0,122.3315168,3.64e-12,-1.98e-202,0.0,1.995205749,66.0,1.35e-06,122.3315168,1.43e-06,-3.65e-22,-2.26e-13,3.134504323,66.0,9.54e-07,120.3490241,81.83411025,-1.87e-14,-2.17e-09,19.81087409,66.01541188,0.429773273,116.0334803,222.9169686,-0.074779525,-0.011653914
1.0,330.0,0.0,1.0,330.0,0.0,1.000001393,329.9996394,0.097372912,1.740757257,281.4598005,10745.37986,23.16561549,203.5100425,16090.54046,1.0,330.0,0.0,1.0,330.0,0.0,1.000001393,329.9996394,0.097372912,1.740757257,281.4598005,10745.37986,23.16561549,203.5100425,16090.54046,1.0,330.0,0.0,431.4904402,0.0,0.0,0.0,1.0,330.0,0.0,431.4904402,0.0,0.0,0.0,1.000000029,330.0,0.0,431.4904402,0.0,1.14e-86,0.0,1.213842318,330.0,3.81e-06,431.4904402,1.46e-11,1.5800000000000002e-37,0.0,6.275147899,330.0,3.81e-06,431.4904402,1.46e-11,-3.48e-28,0.0,1.0,25.05625296,0.0,1.0,25.05625296,0.0,1.000000029,25.05625296,4.84e-11,1.213842318,25.04962522,0.000225857,6.275147899,25.04379671,0.001381354,1.0,330.0,0.0,431.4904402,0.0,0.0,0.0,1.0,330.0,0.0,431.4904402,0.0,0.0,0.0,1.000000029,330.0,0.0,431.4904402,0.0,1.14e-86,0.0,1.213842318,330.0,3.81e-06,431.4904402,1.46e-11,1.5800000000000002e-37,0.0,6.275147899,330.0,3.81e-06,431.4904402,1.46e-11,-3.48e-28,0.0
3.999820521,101.9993599,0.02688523,4.002814082,101.96896,1.302715467,4.147858465,100.5422254,58.94188961,5.941701196,95.00474761,227.9095071,30.82774361,93.55446336,258.2973018,3.999820521,101.9993599,0.02688523,4.002814082,101.96896,1.302715467,4.147858465,100.5422254,58.94188961,5.941701196,95.00474761,227.9095071,30.82774361,93.55446336,258.2973018,1.0,102.0,0.0,144.2497834,0.0,0.0,0.0,1.0,102.0,0.0,144.2497834,0.0,0.0,0.0,1.0,102.0,0.0,144.2497834,0.0,6.45e-192,0.0,1.070472575,102.0,1.35e-06,144.2497834,2.57e-12,-1.57e-30,-8.62e-19,4.215202744,102.0,1.35e-06,144.2497834,4.07e-12,-2.0499999999999998e-30,-7.96e-19,1.0,39.26869416,0.0,1.0,39.26869416,0.0,1.0,39.26869416,2.27e-13,1.070472575,39.25059679,0.00504111,4.215202744,39.06935758,0.036516293,1.0,102.0,0.0,144.2497834,0.0,0.0,0.0,1.0,102.0,0.0,144.2497834,0.0,0.0,0.0,1.0,102.0,0.0,144.2497834,0.0,6.45e-192,0.0,1.070472575,102.0,1.35e-06,144.2497834,2.57e-12,-1.57e-30,-8.62e-19,4.215202744,102.0,1.35e-06,144.2497834,4.07e-12,-2.0499999999999998e-30,-7.96e-19
3.0115922,66.18113867,16.26966953,3.107219765,67.35334787,119.9697577,3.77443852,74.58822446,699.1822156,10.87499712,74.80993922,694.4099782,97.59414315,71.09335818,403.6931859,3.0115922,66.18113867,16.26966953,3.107219765,67.35334787,119.9697577,3.77443852,74.58822446,699.1822156,10.87499712,74.80993922,694.4099782,97.59414315,71.09335818,403.6931859,3.0115922,66.18113867,4.033567841,136.1651297,16.26966953,-7.26e-09,-1.6e-07,3.107219762,67.35334787,10.9530707,136.736898,119.9698082,-0.000308192,-8.48e-05,3.773081279,74.59130856,26.44630764,138.8899906,705.175895,-11.80817674,-0.047061018,9.416782122,75.81353672,28.0519661,122.9078904,863.3600208,-88.25220442,-0.166929425,77.16516111,71.87141656,22.20925318,116.9459,601.2526375,23.96774548,0.058201111,3.0115922,0.449208636,0.427190508,3.107219762,0.501912812,0.665043628,3.773081279,0.843492356,2.059582506,9.416782122,1.88540358,8.540199593,77.16516111,1.915548114,9.834549277,1.0,66.0,0.0,122.3315168,0.0,1.56e-268,0.0,1.000000001,66.0,0.0,122.3315168,1.82e-12,-4.61e-64,0.0,1.00095835,66.0,1.35e-06,122.3314834,0.001469353,-1.07e-21,-2.08e-14,2.131440172,66.0,9.54e-07,118.7385855,140.4428389,4.27e-15,3.78e-10,19.23446547,66.0120463,0.380013866,115.1184732,245.9830967,-0.061727861,-0.010356886
2.999910992,66.00000243,0.000219145,3.000082333,66.00167002,0.150299417,3.090023429,67.11207469,98.85486011,10.66719264,73.17142792,580.4180564,100.4023103,70.93686984,376.741924,2.999910992,66.00000243,0.000219145,3.000082333,66.00167002,0.150299417,3.090023429,67.11207469,98.85486011,10.66719264,73.17142792,580.4180564,100.4023103,70.93686984,376.741924,2.999910992,66.00000243,0.014803563,122.3315188,0.000219535,6.86e-12,1.28e-07,3.000082255,66.00167002,0.387684693,122.3327838,0.150460319,2.4e-06,7.42e-05,3.085695062,67.11368065,9.949420786,123.1118404,99.08231726,0.711958924,0.034696167,8.842996839,74.34971116,26.11008123,123.9729259,714.4564997,-22.40011087,-0.058681573,79.20937849,71.73767382,21.44693029,117.1925708,566.1422956,24.81325252,0.063682159,2.999910992,1.51189193,4.571781446,3.000082255,1.511935382,4.571853737,3.085695062,1.535682803,4.631546629,8.842996839,2.003189926,8.56657293,79.20937849,1.866242715,9.706171487,1.0,66.0,0.0,122.3315168,1.82e-12,-1.6300000000000002e-117,0.0,1.000000001,66.0,1.35e-06,122.3315168,1.82e-12,-2.39e-202,0.0,1.001028276,66.0,1.35e-06,122.3315168,1.42e-06,-5.42e-22,-3.37e-13,2.142381808,66.00035285,0.065069495,120.3500009,81.8038775,-0.000894044,-0.001519129,20.22894955,66.41943861,2.203936166,115.5969208,240.0812529,-0.934024858,-0.027354246
5.233590932,66.0,1.82e-12,5.516831129,66.0,1.18e-10,5.886425486,65.99944514,0.003331074,12.75238375,66.61432126,100.235886,100.8622355,70.89184596,405.9324124,5.233590932,66.0,1.82e-12,5.516831129,66.0,1.18e-10,5.886425486,65.99944514,0.003331074,12.75238375,66.61432126,100.235886,100.8622355,70.89184596,405.9324124,5.233590932,66.0,1.35e-06,122.3315094,0.000325298,-2.77e-19,-1.14e-11,5.516831129,66.0,1.35e-06,122.3293879,0.093545359,-1.64e-17,-3.99e-11,5.885836839,66.00000002,0.001346542,121.7321334,25.85838402,-4.27e-08,-6.24e-06,10.51264459,67.2598892,10.57367353,118.058643,231.2390675,8.558562656,0.056892362,77.26638773,72.01204143,22.52855789,117.4807384,604.1351001,31.37705192,0.076938075,5.233590932,0.601068171,2.075955862,5.516831129,0.643125357,2.200041595,5.885836839,0.733298353,2.547298594,10.51264459,1.712758582,8.67079484,77.26638773,1.914016751,10.10814431,1.760462995,66.0,1.35e-06,122.3315168,1.82e-12,9.56e-74,0.0,1.848490241,66.0,0.0,122.3315168,1.82e-12,-2.73e-92,0.0,1.947627672,66.0,1.65e-06,122.3315168,2.73e-12,-4.39e-28,0.0,3.024748506,66.00000001,0.000306822,121.8166767,22.26942551,-2.46e-07,-0.000169961,19.75653299,66.17703113,1.538528372,116.6280724,227.9772265,0.802585951,0.034550315
1.994536286,63.0082208,8.999963333,1.996956254,63.00606373,9.023257525,2.172534812,64.0771844,64.01319892,11.0050843,72.86692249,520.036816,101.0297811,71.14459515,398.7797543,1.994536286,63.0082208,8.999963333,1.996956254,63.00606373,9.023257525,2.172534812,64.0771844,64.01319892,11.0050843,72.86692249,520.036816,101.0297811,71.14459515,398.7797543,1.00000003,66.00000003,0.001517851,122.4334233,7.248244483,3.53e-16,8.63e-14,1.000034953,66.0001685,0.123147744,122.4538846,53.96664703,2.56e-09,2.83e-09,1.067611492,67.0390204,9.614168717,120.7735355,303.0944649,-0.245594982,-0.001503547,7.279525171,75.40173168,27.1017358,122.9365555,792.2322538,-54.36158542,-0.116414492,75.37954698,72.25017098,22.59769019,117.7962622,608.9805185,-25.73476334,-0.062520293,1.00000003,5.007764703,4.3e-07,1.000034953,5.007630135,0.000525647,1.067611492,4.76462662,0.944042999,7.279525171,2.282199118,4.406853276,75.37954698,1.941179078,4.183676653,1.0,66.0,0.0,122.3315168,1.82e-12,-1.63e-147,0.0,1.000000001,66.0,0.0,122.3315168,1.82e-12,5.57e-91,0.0,1.000972599,66.0,9.54e-07,122.3315168,1.43e-06,-2.21e-33,-1.94e-24,2.074362607,66.0,1.35e-06,120.2425234,85.92920887,-2.81e-14,-2.25e-09,18.91009951,66.00169829,0.14274653,115.5050369,236.3609855,-0.008043607,-0.003665197
4.755726294,101.3414069,2.20062755,4.847066998,101.2874007,2.342599448,4.946759378,101.2299939,2.487123517,5.791843242,99.06210272,84.94576734,32.40313206,92.28588258,288.7424286,4.755726294,101.3414069,2.20062755,4.847066998,101.2874007,2.342599448,4.946759378,101.2299939,2.487123517,5.791843242,99.06210272,84.94576734,32.40313206,92.28588258,288.7424286,1.0,102.0,0.0,144.2497834,0.0,0.0,0.0,1.0,102.0,0.0,144.2497834,0.0,0.0,0.0,1.0,102.0,0.0,144.2497834,3.64e-12,-1.82e-51,0.0,1.071892927,102.0,1.35e-06,144.2497834,1.82e-12,-5.42e-89,0.0,4.221868403,102.0,1.91e-06,144.2497834,6.56e-12,8.160000000000001e-29,1.83e-17,1.0,39.02487206,0.0,1.0,39.02487206,0.0,1.0,39.02487206,1.14e-12,1.071892927,38.98285224,0.033653891,4.221868403,38.99901332,0.175770057,1.0,102.0,0.0,144.2497834,0.0,0.0,0.0,1.0,102.0,0.0,144.2497834,0.0,0.0,0.0,1.0,102.0,0.0,144.2497834,3.64e-12,-1.82e-51,0.0,1.071892927,102.0,1.35e-06,144.2497834,1.82e-12,-5.42e-89,0.0,4.221868403,102.0,1.91e-06,144.2497834,6.56e-12,8.160000000000001e-29,1.83e-17
1.699125927,72.58337396,61.99317066,1.807285157,73.14209737,63.26400307,2.107097501,73.06968864,63.19327821,10.23973452,73.856739,492.8029454,96.51500712,71.54580462,422.3698736,1.699125927,72.58337396,61.99317066,1.807285157,73.14209737,63.26400307,2.107097501,73.06968864,63.19327821,10.23973452,73.856739,492.8029454,96.51500712,71.54580462,422.3698736,1.699123871,72.58338192,7.873575632,109.5095757,61.99319323,-4.58e-06,-0.000147848,1.806771254,73.1441288,7.954086025,109.881487,63.26748562,-0.003730314,-0.00429175,1.963104203,73.58730342,7.989348004,109.7643871,64.40462477,-2.612346101,-0.111586608,3.319702712,71.44176616,7.579936651,103.0491547,85.95454457,5.375016338,0.088687326,18.57483771,70.20705113,7.043577318,100.2838192,76.53809434,6.969307665,0.129607775,1.699123871,2.058066376,5.465707847,1.806771254,2.224842754,5.580991649,1.963104203,2.600709309,8.113433312,3.319702712,6.239237089,33.23807715,18.57483771,8.092535458,31.25800787,1.699123871,72.58338192,7.873575632,109.5095757,61.99319323,-4.58e-06,-0.000147848,1.806771254,73.1441288,7.954086025,109.881487,63.26748562,-0.003730314,-0.00429175,1.963104203,73.58730342,7.989348004,109.7643871,64.40462477,-2.612346101,-0.111586608,3.319702712,71.44176616,7.579936651,103.0491547,85.95454457,5.375016338,0.088687326,18.57483771,70.20705113,7.043577318,100.2838192,76.53809434,6.969307665,0.129607775
1.999937203,90.0,9.09e-13,1.999962322,90.0,0.0,1.999988836,89.99997933,0.000615456,2.670299451,85.07578024,107.5154351,25.6632967,77.56668819,161.1928688,1.999937203,90.0,9.09e-13,1.999962322,90.0,0.0,1.999988836,89.99997933,0.000615456,2.670299451,85.07578024,107.5154351,25.6632967,77.56668819,161.1928688,1.0,90.0,0.0,108.1665383,0.0,0.0,0.0,1.0,90.0,0.0,108.1665383,0.0,-3.5715399612e-313,0.0,1.0,90.0,9.54e-07,108.1665383,1.02e-12,-2.44e-91,-3.79e-79,1.049504763,89.99702137,0.29891495,108.1664364,0.089758288,-2.29e-06,-8.29e-05,4.759166524,87.23777331,8.673920939,106.0117487,75.23803423,-0.051193262,-0.009191418,1.0,44.13096094,0.0,1.0,44.13096094,0.0,1.0,44.13096094,4.55e-13,1.049504763,44.11101554,2582.022475,4.759166524,10338876.18,1.58e+16,1.0,90.0,0.0,108.1665383,0.0,0.0,0.0,1.0,90.0,0.0,108.1665383,0.0,-3.5715399612e-313,0.0,1.0,90.0,9.54e-07,108.1665383,1.02e-12,-2.44e-91,-3.79e-79,1.049504763,89.99702137,0.29891495,108.1664364,0.089758288,-2.29e-06,-8.29e-05,4.759166524,87.23777331,8.673920939,106.0117487,75.23803423,-0.051193262,-0.009191418
1.616911618,65.99999686,1.88e-05,1.749070961,65.99922073,0.004675132,2.095789315,65.83261251,1.222845983,10.65279921,72.18263664,507.5995471,104.7322183,74.40646957,657.0957179,1.616911618,65.99999686,1.88e-05,1.749070961,65.99922073,0.004675132,2.095789315,65.83261251,1.222845983,10.65279921,72.18263664,507.5995471,104.7322183,74.40646957,657.0957179,1.0,66.0,0.0,105.2615784,1.17e-05,-5.01e-21,0.0,1.000000001,66.00000001,0.000364415,105.2610879,0.010085043,-6.15e-12,-1.68e-07,1.001750817,66.01283345,0.45295745,104.8600028,8.149857143,-0.00657639,-0.005086558,2.668760127,69.35813383,6.515602695,101.539654,76.77874247,-2.650033438,-0.050850354,18.6096845,69.97339682,6.912775607,100.0524099,75.01000148,4.292019638,0.081653846,1.0,10.08915997,7.11e-14,1.000000001,10.08915996,9.04e-08,1.001750817,10.07597472,0.11292876,2.668760127,7.625191651,24.25928921,18.6096845,8.070997856,29.4926493,1.0,66.0,0.0,105.2615784,1.17e-05,-5.01e-21,0.0,1.000000001,66.00000001,0.000364415,105.2610879,0.010085043,-6.15e-12,-1.68e-07,1.001750817,66.01283345,0.45295745,104.8600028,8.149857143,-0.00657639,-0.005086558,2.668760127,69.35813383,6.515602695,101.539654,76.77874247,-2.650033438,-0.050850354,18.6096845,69.97339682,6.912775607,100.0524099,75.01000148,4.292019638,0.081653846
1.000311769,329.9158486,22.71379089,1.007875891,327.8901265,565.21428,1.198961329,285.1949321,10089.87422,2.581006722,209.2943259,18020.67225,18.68000509,226.808239,17213.23593,1.000311769,329.9158486,22.71379089,1.007875891,327.8901265,565.21428,1.198961329,285.1949321,10089.87422,2.581006722,209.2943259,18020.67225,18.68000509,226.808239,17213.23593,1.0,330.0,0.0,431.4904402,0.0,0.0,0.0,1.0,330.0,0.0,431.4904402,0.0,0.0,0.0,1.000000028,330.0,0.0,431.4904402,0.0,-1.34e-119,0.0,1.213571265,330.0,3.81e-06,431.4904402,2.06e-11,6.25e-33,4.3e-22,6.270321785,330.0,8.53e-06,431.4904402,7.28e-11,1.4600000000000001e-27,0.0,1.0,25.08123112,0.0,1.0,25.08123112,0.0,1.000000028,25.08123111,4.86e-10,1.213571265,25.06477976,0.002478233,6.270321785,25.06485688,0.003935999,1.0,330.0,0.0,431.4904402,0.0,0.0,0.0,1.0,330.0,0.0,431.4904402,0.0,0.0,0.0,1.000000028,330.0,0.0,431.4904402,0.0,-1.34e-119,0.0,1.213571265,330.0,3.81e-06,431.4904402,2.06e-11,6.25e-33,4.3e-22,6.270321785,330.0,8.53e-06,431.4904402,7.28e-11,1.4600000000000001e-27,0.0
1.028804354,66.0,0.0,1.127524502,66.00000001,4.13e-07,1.835457394,66.03288324,2.496900557,11.87317006,73.98051733,635.4410054,109.5731152,74.79173592,719.2045258,1.028804354,66.0,0.0,1.127524502,66.00000001,4.13e-07,1.835457394,66.03288324,2.496900557,11.87317006,73.98051733,635.4410054,109.5731152,74.79173592,719.2045258,1.0,66.0,9.54e-07,105.2615781,1.64e-05,-3.5e-36,-9.08e-28,1.000000001,66.00000001,0.000361196,105.2609779,0.012343769,-1.35e-20,-3.37e-16,1.001712624,66.01275829,0.451630159,104.8324455,8.677682309,-1.87e-05,-1.4e-05,2.666921276,69.35789882,6.515435259,101.5119627,76.78642317,-4.661540601,-0.089443144,18.46229181,69.97656919,6.914622094,100.1847617,75.70005619,4.805320718,0.090713521,1.0,10.14327812,7.11e-14,1.000000001,10.14327811,8.39e-08,1.001712624,10.13030041,0.111924585,2.666921276,7.641130717,24.51573222,18.46229181,8.137251835,29.71443125,1.0,66.0,9.54e-07,105.2615781,1.64e-05,-3.5e-36,-9.08e-28,1.000000001,66.00000001,0.000361196,105.2609779,0.012343769,-1.35e-20,-3.37e-16,1.001712624,66.01275829,0.451630159,104.8324455,8.677682309,-1.87e-05,-1.4e-05,2.666921276,69.35789882,6.515435259,101.5119627,76.78642317,-4.661540601,-0.089443144,18.46229181,69.97656919,6.914622094,100.1847617,75.70005619,4.805320718,0.090713521
1.0,98.0,0.0,1.0,98.0,0.0,1.00000273,97.99991341,0.003358878,2.661075917,92.82050408,236.0747617,30.08374146,91.67297072,300.2677466,1.0,98.0,0.0,1.0,98.0,0.0,1.00000273,97.99991341,0.003358878,2.661075917,92.82050408,236.0747617,30.08374146,91.67297072,300.2677466,1.0,98.0,0.0,114.9086594,0.0,-6.65e-96,0.0,1.0,98.0,0.0,114.9086594,7.57e-08,1.15e-51,0.0,1.000002322,97.99991178,0.057899507,114.9159201,0.533647255,-5.68e-12,-1.34e-10,1.614368715,86.86880024,17.2939869,110.8008404,394.0366695,-11.00207922,-0.039719031,12.19909826,76.53322736,18.83909215,106.8894189,492.7605781,28.25541212,0.08112107,1.0,18.73571205,0.0,1.0,18.73571205,0.0,1.000002322,18.73568297,0.000364694,1.614368715,15.64674019,47.12823819,12.19909826,12.66094803,93.67986418,1.0,98.0,0.0,138.5929291,0.0,0.0,0.0,1.0,98.0,0.0,138.5929291,0.0,0.0,0.0,1.000000001,98.0,1.91e-06,138.5929291,3.64e-12,-2.1400000000000002e-64,0.0,1.141477645,98.0,0.0,138.5929291,0.0,6.36e-41,0.0,5.307585396,98.0,2.34e-06,138.5929291,5.75e-12,3.8800000000000003e-29,1.23e-17
4.295274608,66.00012471,0.001996066,4.559659676,66.00721161,0.116098065,5.146622604,66.36119478,6.412271205,13.98677554,67.88158926,78.86274979,107.7318822,70.60476275,312.0534386,4.295274608,66.00012471,0.001996066,4.559659676,66.00721161,0.116098065,5.146622604,66.36119478,6.412271205,13.98677554,67.88158926,78.86274979,107.7318822,70.60476275,312.0534386,4.295192853,66.0,9.54e-07,122.3315168,3.75e-12,9.930000000000001e-27,5.46e-15,4.554997335,66.0,1.35e-06,122.3315168,1.57e-06,1.47e-15,8.68e-07,4.847904248,66.00001845,0.014881325,122.3158466,0.68872518,0.000190428,0.015419386,10.47940749,67.51836766,9.078363091,117.0073286,244.4229158,22.40768015,0.162713186,84.33737019,71.242161,19.51998951,116.6978656,499.6367149,40.87407839,0.116476462,4.295192853,1.694916576,12.96315524,4.554997335,1.779206107,13.47520783,4.847904248,1.862855371,13.96573722,10.47940749,1.772510528,10.61507601,84.33737019,1.752402927,9.208002411,1.768450991,66.0,1.35e-06,122.3315168,1.82e-12,-2.4700000000000002e-70,0.0,1.853826649,66.0,0.0,122.3315168,3.64e-12,-1.71e-41,0.0,1.949616499,66.00002276,0.016527451,122.3314975,0.001412985,-1.7e-09,-2.76e-06,3.625021123,66.96137142,3.257640566,118.8789661,154.2074481,-3.385337067,-0.083784077,23.45692956,67.16769205,3.556515129,115.8222631,245.4100627,5.451771855,0.097916446
1.000007311,66.0,1.82e-12,1.001093448,66.0,1.82e-12,1.169902832,66.00018273,0.010397363,9.29759989,82.1889983,11253.29498,144.8452458,140.4008416,71583.08927,1.000007311,66.0,1.82e-12,1.001093448,66.0,1.82e-12,1.169902832,66.00018273,0.010397363,9.29759989,82.1889983,11253.29498,144.8452458,140.4008416,71583.08927,1.0,66.0,0.0,93.33809512,9.09e-13,-1.24e-51,0.0,1.0,66.0,0.0,93.33809512,1.08e-07,3.8200000000000003e-32,0.0,1.000033237,66.00000039,0.002507807,93.34657971,0.191825481,3.2e-09,2.91e-06,1.878397914,67.62442023,4.832387541,97.66566655,56.55973628,3.846825413,0.110911915,18.55112154,70.2320442,6.976994136,100.3938086,75.22783574,6.030178861,0.114123445,1.0,14.87926006,0.0,1.0,14.87926006,8.53e-13,1.000033237,14.87910068,0.000767249,1.878397914,11.81104173,20.84445308,18.55112154,980.43885,1464000000000.0,1.0,66.0,0.0,93.33809512,9.09e-13,-1.24e-51,0.0,1.0,66.0,0.0,93.33809512,1.08e-07,3.8200000000000003e-32,0.0,1.000033237,66.00000039,0.002507807,93.34657971,0.191825481,3.2e-09,2.91e-06,1.878397914,67.62442023,4.832387541,97.66566655,56.55973628,3.846825413,0.110911915,18.55112154,70.2320442,6.976994136,100.3938086,75.22783574,6.030178861,0.114123445
1.000000048,101.9999998,7.61e-07,1.000040384,101.9998385,0.000646091,1.034308602,101.8673177,0.513124565,2.289812607,98.43104821,83.0992308,27.53578638,93.15930571,264.7027386,1.000000048,101.9999998,7.61e-07,1.000040384,101.9998385,0.000646091,1.034308602,101.8673177,0.513124565,2.289812607,98.43104821,83.0992308,27.53578638,93.15930571,264.7027386,1.0,102.0,0.0,144.2497834,0.0,0.0,0.0,1.0,102.0,0.0,144.2497834,0.0,0.0,0.0,1.0,102.0,1.35e-06,144.2497834,1.82e-12,3.31e-321,0.0,1.071608143,102.0,0.0,144.2497834,3.64e-12,1.59e-30,0.0,4.219029134,102.0,1.91e-06,144.2497834,5.14e-12,2e-28,5.51e-17,1.0,39.03612709,0.0,1.0,39.03612709,0.0,1.0,39.03612709,2.27e-13,1.071608143,39.03510047,1.56e-05,4.219029134,39.0285418,6.03e-05,1.0,102.0,0.0,144.2497834,0.0,0.0,0.0,1.0,102.0,0.0,144.2497834,0.0,0.0,0.0,1.0,102.0,1.35e-06,144.2497834,1.82e-12,3.31e-321,0.0,1.071608143,102.0,0.0,144.2497834,3.64e-12,1.59e-30,0.0,4.219029134,102.0,1.91e-06,144.2497834,5.14e-12,2e-28,5.51e-17
4.934514533,60.0,4.55e-12,4.960570772,60.00000003,1.11e-05,4.989581156,60.06340097,26.58322134,8.500914464,113.0972589,15293.9121,43.45316622,158.5882025,18231.11227,4.934514533,60.0,4.55e-12,4.960570772,60.00000003,1.11e-05,4.989581156,60.06340097,26.58322134,8.500914464,113.0972589,15293.9121,43.45316622,158.5882025,18231.11227,4.934514533,60.0,2.13e-06,1455.237438,4.66e-10,1.15e-14,0.000250677,4.960570772,60.00000003,0.003335433,1455.237437,0.000385101,2.42e-08,0.000369048,4.989559242,60.06221544,5.124774879,1454.886709,489.0790898,-0.101072342,-0.000892445,7.362781569,91.8557348,110.4016896,1279.49695,214346.3267,-23011.99092,-0.450580187,17.26106789,112.4983339,139.831282,1184.770801,304717.9117,-4166.851735,-0.054038425,4.934514533,2.104201166,17.81542125,4.960570772,2.10907159,17.84645135,4.989559242,2.117510192,18.24464395,7.362781569,6.681912313,432.3299205,17.26106789,21.19918525,8876.665283,4.934514533,60.0,2.13e-06,1455.237438,4.66e-10,-8.83e-27,-1.92e-16,4.960570772,60.00000003,0.003335433,1455.237437,0.000385101,-4.04e-14,-6.18e-10,4.989559242,60.06221544,5.124774879,1454.886709,489.0790898,-0.113729907,-0.001004208,7.348537823,91.84463985,110.3764972,1279.442959,214400.2125,-20984.33838,-0.410919933,9.635984832,107.1412698,131.3898343,1157.233863,326216.9022,-48114.99423,-0.641608235
1.000129118,65.99922579,0.004644805,1.004708824,65.97233051,0.166051423,1.26492774,65.37571413,7.04574321,10.82314514,69.11635231,254.5842793,99.07404149,70.21812598,353.3054328,1.000129118,65.99922579,0.004644805,1.004708824,65.97233051,0.166051423,1.26492774,65.37571413,7.04574321,10.82314514,69.11635231,254.5842793,99.07404149,70.21812598,353.3054328,1.000000064,66.0,0.0,122.3315168,6.13e-09,1.0799999999999999e-24,0.0,1.000063979,66.0,9.54e-07,122.3315119,0.000214376,3.18e-14,2.28e-06,1.070262788,66.00031058,0.167188499,122.1410438,8.33259313,0.002173937,0.004504553,7.739618192,69.78524579,18.06499476,115.7889133,455.4045137,60.14297371,0.186802193,73.70317245,71.33851716,21.2263033,117.0167402,557.323992,77.9875375,0.202856218,1.000000064,4.978123911,9.54e-07,1.000063979,4.977894272,0.000948271,1.070262788,4.747468088,0.88659834,7.739618192,2.127345642,3.849952,73.70317245,3.536209868,2338052939.0,1.0,66.0,9.54e-07,122.3315168,2.03e-12,0.0,0.0,1.000000002,66.0,0.0,122.3315167,2e-06,-3.3499999999999997e-175,0.0,1.002019996,66.0,0.0,122.2962604,1.547658212,-6.41e-28,0.0,2.64562189,66.0,0.0,114.798694,253.3356164,-7.1e-16,0.0,20.28662642,66.02909451,0.590158938,114.323013,264.3360925,-0.101580786,-0.010586796
4.997522386,101.9999541,0.001926056,4.99920526,101.9941588,0.2452972,5.090597936,101.2671191,30.16909701,6.834072456,96.17368291,196.8079949,32.9656014,92.39401949,288.1253472,4.997522386,101.9999541,0.001926056,4.99920526,101.9941588,0.2452972,5.090597936,101.2671191,30.16909701,6.834072456,96.17368291,196.8079949,32.9656014,92.39401949,288.1253472,1.0,102.0,0.0,144.2497834,0.0,0.0,0.0,1.0,102.0,0.0,144.2497834,0.0,0.0,0.0,1.0,102.0,1.91e-06,144.2497834,3.64e-12,-1.46e-227,0.0,1.063714032,102.0,0.0,144.2497834,0.0,2.01e-71,0.0,4.18064435,102.0,1.35e-06,144.2497834,2.57e-12,-5.3e-29,-2.91e-17,1.0,40.71599293,0.0,1.0,40.71599293,0.0,1.0,40.71599293,1.36e-12,1.063714032,40.6188599,0.148102736,4.18064435,39.44239221,0.510807261,1.0,102.0,0.0,144.2497834,0.0,0.0,0.0,1.0,102.0,0.0,144.2497834,0.0,0.0,0.0,1.0,102.0,1.91e-06,144.2497834,3.64e-12,-1.46e-227,0.0,1.063714032,102.0,0.0,144.2497834,0.0,2.01e-71,0.0,4.18064435,102.0,1.35e-06,144.2497834,2.57e-12,-5.3e-29,-2.91e-17
4.995697989,101.9997658,0.000936905,5.004821827,101.9939412,0.024198656,5.195523846,101.8487588,0.582090838,6.448098685,100.6163369,33.33833023,31.51811256,94.44157507,234.1183224,4.995697989,101.9997658,0.000936905,5.004821827,101.9939412,0.024198656,5.195523846,101.8487588,0.582090838,6.448098685,100.6163369,33.33833023,31.51811256,94.44157507,234.1183224,1.0,102.0,0.0,144.2497834,0.0,0.0,0.0,1.0,102.0,0.0,144.2497834,0.0,0.0,0.0,1.0,102.0,0.0,144.2497834,1.82e-12,2.12e-297,0.0,1.07167212,102.0,1.35e-06,144.2497834,4.07e-12,-2.2400000000000002e-29,-8.69e-18,4.219673773,102.0,0.0,144.2497834,0.0,-3.1e-29,0.0,1.0,39.02091694,0.0,1.0,39.02091694,0.0,1.0,39.02091694,2.27e-13,1.07167212,39.02307976,6.86e-05,4.219673773,39.02201805,0.285996294,1.0,102.0,0.0,144.2497834,0.0,0.0,0.0,1.0,102.0,0.0,144.2497834,0.0,0.0,0.0,1.0,102.0,0.0,144.2497834,1.82e-12,2.12e-297,0.0,1.07167212,102.0,1.35e-06,144.2497834,4.07e-12,-2.2400000000000002e-29,-8.69e-18,4.219673773,102.0,0.0,144.2497834,0.0,-3.1e-29,0.0
2.996406704,66.20226924,18.16331833,3.043561531,67.47174777,130.2912577,3.379856975,75.85742453,790.0029861,13.48565005,101.7600953,25679.93522,158.8058172,124.7209264,49170.3489,2.996406704,66.20226924,18.16331833,3.043561531,67.47174777,130.2912577,3.379856975,75.85742453,790.0029861,13.48565005,101.7600953,25679.93522,158.8058172,124.7209264,49170.3489,2.996406704,66.20226924,4.261844476,122.3311114,18.78859046,-0.047891569,-0.005125485,3.043561351,67.47174786,11.41451993,122.4725128,133.3873084,-2.043331017,-0.03348965,3.374176184,75.87405304,28.12770607,124.3877386,804.2324163,-60.09705938,-0.177818823,11.58418514,107.3173479,172.2431166,150.646752,36379.85392,987.779374,0.039521943,94.38583508,156.9832055,277.9642555,287.7797364,182749.0632,-10344.93584,-0.091451829,2.996406704,0.492974817,0.561263606,3.043561351,0.590382161,1.197880667,3.374176184,1.223779069,4.918188915,11.58418514,2732.329631,4112190000000.0,94.38583508,5433865.387,8152970000000000.0,1.0,66.0,0.0,122.3315168,1.82e-12,7.94e-43,0.0,1.000000002,66.0,0.0,122.3315168,1.54e-06,4.99e-25,0.0,1.001995486,66.00000004,0.000680573,122.2991518,1.420858799,6.45e-07,0.000795307,3.282575139,73.5728829,34.25944484,171.5268311,72041.55269,3840.180587,0.41764628,17.67962055,94.25298973,65.06132298,391.7647736,276752.5134,11912.03988,0.348050983
7.712022922,83.22921955,1609.656992,7.848109701,83.60965563,1812.960373,12.15188026,114.9755114,23017.30243,97.40945304,164.416599,50954.01357,158.0523254,152.0785665,44618.54018,7.712022922,83.22921955,1609.656992,7.848109701,83.60965563,1812.960373,12.15188026,114.9755114,23017.30243,97.40945304,164.416599,50954.01357,158.0523254,152.0785665,44618.54018,7.712003956,83.22898402,40.12029902,596.8555373,372165.7749,22247.33642,0.908966078,7.846630934,83.59171617,42.56277221,595.399981,371542.8069,22554.5901,0.869367067,12.00144725,114.3072946,152.4965651,491.5177957,305150.7043,11188.82746,0.133014731,94.3175624,165.136246,229.173676,337.2766625,144073.2823,-7146.366266,-0.085135415,136.3820523,161.2719313,225.5982732,317.9065016,130291.211,-1159.938828,-0.014846284,7.712003956,0.404945261,1.186567011,7.846630934,0.411115864,1.202084956,12.00144725,0.31046392,1.127484797,94.3175624,0.25920858,5.159147488,136.3820523,1.170228809,33.86273331,1.0,74.0,0.0,74.0,0.0,0.0,0.0,1.0,74.0,0.0,74.0,0.0,0.0,0.0,1.0,74.0,0.0,74.0,0.0,0.0,0.0,1.0,74.0,0.0,74.0,0.0,0.0,0.0,1.0,74.0,0.0,74.0,0.0,0.0,0.0
1.988812857,66.0,9.09e-13,1.997689752,66.0,1.04e-08,2.245533572,66.00539658,0.493660953,10.86733717,69.81974543,338.2862047,100.7800722,70.56662208,356.8762291,1.988812857,66.0,9.09e-13,1.997689752,66.0,1.04e-08,2.245533572,66.00539658,0.493660953,10.86733717,69.81974543,338.2862047,100.7800722,70.56662208,356.8762291,1.988812855,66.0,0.0,122.3285538,0.130192845,-5.91e-21,0.0,1.997683554,66.0,0.000101811,122.2399939,4.010710898,-3.1e-11,-1.52e-07,2.227132985,66.00552517,0.705148476,119.3831876,118.0061485,-0.041891075,-0.005468781,9.12628389,70.6088108,19.8365257,115.9388256,515.3376336,13.09669373,0.036192591,78.35943534,71.48875751,20.98115098,116.9251244,553.308267,53.95663486,0.140461236,1.988812855,1.296286502,1.690782768,1.997683554,1.301524216,1.689685914,2.227132985,1.411433849,1.792009153,9.12628389,1.775122464,2.968837943,78.35943534,1.865140085,3.518569425,1.0,66.0,9.54e-07,122.3315168,2.03e-12,-3.18e-238,-2.4700000000000004e-226,1.000000001,66.0,0.0,122.3315168,1.82e-12,2.7799999999999998e-67,0.0,1.00099035,66.0,9.54e-07,122.3314853,0.001382509,-1.04e-24,-2.94e-17,2.282268948,66.00008951,0.032774542,118.4737522,149.3989191,-0.000337343,-0.000842096,19.94791561,66.50688165,2.413638498,116.1801992,226.5240784,-0.791648475,-0.0217959
2.997722022,90.0,0.0,2.99863259,90.0,0.0,2.999543989,90.0,6.34e-09,3.286866439,89.17352132,29.20243004,22.8209336,88.93918369,2698.268297,2.997722022,90.0,0.0,2.99863259,90.0,0.0,2.999543989,90.0,6.34e-09,3.286866439,89.17352132,29.20243004,22.8209336,88.93918369,2698.268297,1.0,90.0,0.0,108.1665383,0.0,0.0,0.0,1.0,90.0,0.0,108.1665383,0.0,-2.13e-287,0.0,1.0,90.0,9.54e-07,108.1665383,9.09e-13,-2.5199999999999998e-83,0.0,1.065184973,89.98831747,0.591894765,108.1769465,0.465556254,-9.56e-05,-0.000291581,6.005958241,83.86339587,12.10124843,104.0975266,146.9596504,-9.88684029,-0.232530108,1.0,40.45868206,0.0,1.0,40.45868206,0.0,1.0,40.45868206,0.0,1.065184973,40.41521243,1.1107083,6.005958241,27.25355343,275.3736613,1.0,90.0,0.0,108.1665383,0.0,0.0,0.0,1.0,90.0,0.0,108.1665383,0.0,-2.01e-287,0.0,1.0,90.0,9.54e-07,108.1665383,9.09e-13,-1.01e-83,0.0,1.064946738,89.9937028,0.434599082,108.1651159,0.189373621,-9.83e-06,-0.000193215,3.629906546,86.43416514,9.708752113,105.4056228,94.26146378,-2.376448036,-0.330486182
1.001434457,60.04297208,1.287315854,1.030539442,60.8890327,25.88060198,1.650181392,71.82018041,214.8887474,3.836212179,81.24444273,184.4450985,31.6008615,79.58916059,866.5789575,1.001434457,60.04297208,1.287315854,1.030539442,60.8890327,25.88060198,1.650181392,71.82018041,214.8887474,3.836212179,81.24444273,184.4450985,31.6008615,79.58916059,866.5789575,1.0,60.0,0.0,60.0,0.0,0.0,0.0,1.0,60.0,0.0,60.0,0.0,0.0,0.0,1.0,60.0,0.0,60.0,0.0,0.0,0.0,1.000119514,60.0,6.74e-07,60.0,4.55e-13,0.0,0.0,1.670449601,60.0,0.0,60.0,0.0,0.0,0.0,1.0,130.3079329,0.0,1.0,130.3079329,0.0,1.0,130.3079329,0.0,1.000119514,130.3072503,0.003897738,1.670449601,133.4900505,659.7828169,1.0,60.0,0.0,60.0,0.0,0.0,0.0,1.0,60.0,0.0,60.0,0.0,0.0,0.0,1.0,60.0,0.0,60.0,0.0,0.0,0.0,1.000119514,60.0,6.74e-07,60.0,4.55e-13,0.0,0.0,1.670449601,60.0,0.0,60.0,0.0,0.0,0.0
1.0,60.0,0.0,1.0,60.0,0.0,1.000000004,60.00000001,3.3e-07,1.479769774,66.61222409,154.6092872,16.96950498,80.85111998,400.7318266,1.0,60.0,0.0,1.0,60.0,0.0,1.000000004,60.00000001,3.3e-07,1.479769774,66.61222409,154.6092872,16.96950498,80.85111998,400.7318266,1.0,60.0,0.0,84.85281374,0.0,0.0,0.0,1.0,60.0,0.0,84.85281374,0.0,0.0,0.0,1.0,60.0,0.000331836,84.85281374,1.1e-07,-6.86e-33,-3.07e-23,1.108644983,62.93990211,8.919307092,86.95650841,79.55403899,1.27e-05,0.000199169,4.968996281,82.18194926,13.16888776,101.8416836,173.4198231,0.411527659,0.059576069,1.0,32.92827702,0.0,1.0,32.92827702,0.0,1.0,32.92827702,6.83e-09,1.108644983,33.6603678,4.937869888,4.968996281,32.98729953,155.7904966,1.0,60.0,0.0,60.0,0.0,0.0,0.0,1.0,60.0,0.0,60.0,0.0,0.0,0.0,1.0,60.0,0.0,60.0,0.0,0.0,0.0,1.0,60.0,0.0,60.0,0.0,0.0,0.0,1.0,60.0,0.0,60.0,0.0,0.0,0.0
1.027038197,66.0,9.09e-13,1.114664156,66.0,1.85e-08,1.556763958,66.00444202,0.071055709,9.554739181,67.82425094,108.9959175,97.17604029,70.49132339,341.5290726,1.027038197,66.0,9.09e-13,1.114664156,66.0,1.85e-08,1.556763958,66.00444202,0.071055709,9.554739181,67.82425094,108.9959175,97.17604029,70.49132339,341.5290726,1.000000064,66.0,0.0,122.3315168,4.28e-09,-3.3799999999999997e-28,0.0,1.000063785,66.0,9.54e-07,122.3315129,0.0001729,4.74e-28,3.78e-20,1.07012854,66.00000001,0.000943539,122.154037,7.757098218,1.21e-07,4.6e-05,7.075046314,67.47759119,11.41335676,114.5568875,319.0642222,23.64750027,0.121403312,75.95855698,71.07812683,20.50321635,116.0933097,538.7123863,59.4942368,0.158093276,1.000000064,4.978890666,9.5e-07,1.000063785,4.978661716,0.000945672,1.07012854,4.748815091,0.884248868,7.075046314,2.34109274,4.151142279,75.95855698,1.924743694,3.704287406,1.0,66.0,9.54e-07,122.3315168,9.09e-13,-2.15e-28,0.0,1.000000002,66.0,9.54e-07,122.3315167,1.84e-06,-4.65e-22,-3.59e-13,1.002031845,66.0,0.0,122.2972215,1.505512789,7.269999999999999e-23,0.0,2.65152168,66.01830399,0.468308555,114.8273362,252.9176017,-0.080585617,-0.010820218,20.49555917,66.34117143,1.994406997,115.0627477,251.8003681,3.890498105,0.122939187
1.0,66.0,9.09e-13,1.000000006,66.0,9.09e-13,1.00451666,65.99997608,0.000186374,6.829074332,67.66085847,126.8764654,99.6099221,70.95801403,331.6423798,1.0,66.0,9.09e-13,1.000000006,66.0,9.09e-13,1.00451666,65.99997608,0.000186374,6.829074332,67.66085847,126.8764654,99.6099221,70.95801403,331.6423798,1.0,66.0,9.54e-07,122.3315168,5.53e-12,-9e-28,-4.04e-16,1.000000006,66.0,9.54e-07,122.3315167,1.76e-06,2.55e-22,2.01e-13,1.004375397,66.0,0.000542214,122.3152469,0.714614369,2.15e-08,4.69e-05,5.479400105,67.7874715,12.07169309,118.4499921,242.7629033,6.320859447,0.037577585,79.25318588,71.70616512,20.00459281,117.6418875,505.9413532,54.00108335,0.15342559,1.0,9.447141886,6.25e-13,1.000000006,9.447141842,4.02e-07,1.004375397,9.41649715,0.286788959,5.479400105,3.475831366,17.58625531,79.25318588,1.867238036,10.3001285,1.0,66.0,0.0,122.3315168,3.64e-12,-8.47e-236,0.0,1.000000001,66.0,0.0,122.3315168,1.82e-12,9.84e-130,0.0,1.000981704,66.0,0.0,122.3315168,1.42e-06,-1.08e-21,0.0,2.179825556,66.18958957,1.49637249,120.3754133,84.85646062,-0.475119223,-0.034474347,21.60831125,67.33904227,3.7782897,117.0254231,217.0559712,0.86034253,0.015472515
1.000000094,60.00000283,8.48e-05,1.000094454,60.00283334,0.084992121,1.094729861,62.5959791,71.14026549,3.325470139,80.39502851,195.8936727,17.5934234,83.19937669,662.6411288,1.000000094,60.00000283,8.48e-05,1.000094454,60.00283334,0.084992121,1.094729861,62.5959791,71.14026549,3.325470139,80.39502851,195.8936727,17.5934234,83.19937669,662.6411288,1.0,60.0,0.0,84.85281374,0.0,0.0,0.0,1.0,60.0,0.0,84.85281374,0.0,0.0,0.0,1.0,60.0,0.0,84.85281374,0.0,7.48e-114,0.0,1.064701524,60.0,0.0,84.85281374,0.0,5.859999999999999e-41,0.0,4.398032976,60.0,1.17e-06,84.85281374,1.44e-12,6.66e-29,8.45e-17,1.0,40.40657306,0.0,1.0,40.40657306,0.0,1.0,40.40657306,2.27e-13,1.064701524,40.40520934,0.001406935,4.398032976,37.55178502,89.64342028,1.0,60.0,0.0,84.85281374,0.0,0.0,0.0,1.0,60.0,0.0,84.85281374,0.0,0.0,0.0,1.0,60.0,0.0,84.85281374,0.0,7.48e-114,0.0,1.064701524,60.0,0.0,84.85281374,0.0,5.859999999999999e-41,0.0,4.398032976,60.0,1.17e-06,84.85281374,1.44e-12,3.53e-29,4.49e-17
3.708466127,66.0,0.0,4.118446532,66.0,9.09e-13,4.664457841,66.00000532,0.000103679,10.67973146,67.99833404,144.5791894,100.3917019,72.64154572,2733.685691,3.708466127,66.0,0.0,4.118446532,66.0,9.09e-13,4.664457841,66.00000532,0.000103679,10.67973146,67.99833404,144.5791894,100.3917019,72.64154572,2733.685691,3.708466127,66.0,9.54e-07,116.2529269,216.7803874,-3.4e-43,-2.42e-38,4.118446527,66.0,9.54e-07,115.6436419,232.8328582,-6.93e-25,-4.76e-20,4.662799313,66.00000025,0.004752426,114.9979806,248.6849664,-1.37e-05,-0.000182655,9.316633164,67.83930646,12.60185793,116.315686,306.4589751,-11.52697922,-0.056499643,80.72372901,73.60653944,58.154826,118.4594811,3670.254483,34.20986187,0.015578789,3.708466127,0.891888158,7.194943042,4.118446527,1.247174247,9.91610097,4.662799313,1.725955946,13.18443994,9.316633164,1.990271472,11.40233767,80.72372901,1.828415361,8.758105238,1.812716462,66.0,9.54e-07,122.3315168,3.75e-12,2.22e-89,1.22e-77,1.883005552,66.0,9.54e-07,122.3315168,3.75e-12,-1.1e-28,-6.05e-17,1.960290857,66.0,9.54e-07,122.3315168,1.47e-06,-5.02e-22,-4.35e-13,3.133997925,66.0,0.000210362,120.2368004,86.14839354,-7.67e-08,-3.93e-05,20.8259994,66.07725486,0.959734359,114.9877392,249.9726521,0.108361089,0.007141304
1.676706519,72.43068525,61.60414585,1.83188153,72.84741556,63.70726642,2.6674916,70.99654677,67.01246807,12.26843424,71.36907452,317.9316345,107.3529152,88.88075078,21011.84502,1.676706519,72.43068525,61.60414585,1.83188153,72.84741556,63.70726642,2.6674916,70.99654677,67.01246807,12.26843424,71.36907452,317.9316345,107.3529152,88.88075078,21011.84502,1.674216886,72.44329314,7.847079951,109.4167753,61.57666375,-2.04e-13,-1.93e-08,1.789368471,73.05829779,7.94438147,109.8249283,63.11319694,-1.21e-07,-2.46e-05,1.925224608,73.68065934,7.993623806,110.2263223,63.89868933,-0.095641686,-0.022136801,2.965492237,71.89108721,7.717025777,104.1488879,86.08262189,2.038034161,0.033497325,18.32160502,70.20830707,7.044076978,100.1222506,75.67612746,6.419120088,0.120555296,1.674216886,4.014064042,22.56321967,1.789368471,4.386345037,23.12624367,1.925224608,4.771123772,23.45904365,2.965492237,7.086558777,33.47289197,18.32160502,8.207253937,31.58951698,1.674216886,72.44329314,7.847079951,109.4167753,61.57666375,-2.04e-13,-1.93e-08,1.789368471,73.05829779,7.94438147,109.8249283,63.11319694,-1.21e-07,-2.46e-05,1.925224608,73.68065934,7.993623806,110.2263223,63.89868933,-0.095641686,-0.022136801,2.965492237,71.89108721,7.717025777,104.1488879,86.08262189,2.038034161,0.033497325,18.32160502,70.20830707,7.044076978,100.1222506,75.67612746,6.419119321,0.120555282
1.0,102.0,0.0,1.0,102.0,0.0,1.000008308,101.9996605,0.014223316,2.059952232,92.29217638,295.0970694,27.84785478,91.95440968,296.3129983,1.0,102.0,0.0,1.0,102.0,0.0,1.000008308,101.9996605,0.014223316,2.059952232,92.29217638,295.0970694,27.84785478,91.95440968,296.3129983,1.0,102.0,0.0,144.2497834,0.0,0.0,0.0,1.0,102.0,0.0,144.2497834,0.0,0.0,0.0,1.0,102.0,1.35e-06,144.2497834,4.07e-12,-7.65e-40,-2.98e-28,1.071665021,102.0,0.0,144.2497834,3.64e-12,-4.1099999999999995e-40,0.0,4.219699787,102.0,0.0,144.2497834,1.82e-12,2.2000000000000002e-29,0.0,1.0,39.02466679,0.0,1.0,39.02466679,0.0,1.0,39.02466679,0.0,1.071665021,39.02441089,9.33e-07,4.219699787,39.02142414,0.039773827,1.0,102.0,0.0,144.2497834,0.0,0.0,0.0,1.0,102.0,0.0,144.2497834,0.0,0.0,0.0,1.0,102.0,1.35e-06,144.2497834,4.07e-12,-7.65e-40,-2.98e-28,1.071665021,102.0,0.0,144.2497834,3.64e-12,-4.1099999999999995e-40,0.0,4.219699787,102.0,0.0,144.2497834,1.82e-12,2.2000000000000002e-29,0.0
1.0,66.0,0.0,1.000000011,66.00000003,4.74e-07,1.008893595,66.0192808,0.312449876,8.969234699,70.59545274,342.1033782,101.9926607,75.35389808,725.8160161,1.0,66.0,0.0,1.000000011,66.00000003,4.74e-07,1.008893595,66.0192808,0.312449876,8.969234699,70.59545274,342.1033782,101.9926607,75.35389808,725.8160161,1.0,66.0,0.0,122.3315168,0.0,1.55e-36,0.0,1.000000007,66.0,0.0,122.3315167,1.87e-06,1.37e-22,0.0,1.006267788,66.0000011,0.009941005,122.2967219,1.527448247,3.15e-06,0.000256327,7.018357429,70.90819905,20.43642573,115.9104244,518.7383404,-114.2814616,-0.318807978,80.56846694,77.25436045,29.77673736,117.7323495,959.2435352,-86.10937668,-0.151148228,1.0,9.904814959,6.39e-13,1.000000007,9.904814897,5.78e-07,1.006267788,9.848522928,0.528403071,7.018357429,2.670092052,14.34588587,80.56846694,1.833437816,9.21336742,1.0,66.0,0.0,93.33809512,0.0,-1.85e-37,0.0,1.0,66.0,1.35e-06,93.33809512,1.29e-07,-2.0600000000000002e-21,-4.26e-12,1.000029612,66.0000011,0.009971963,93.35150092,1.004319351,-2.31e-05,-0.002309566,2.092693435,82.46084166,34.79247679,111.3293319,1271.427388,-145.6247145,-0.212264768,22.40321265,106.4630051,44.77070111,131.0049283,2052.3658,-147.3410373,-0.156706494
1.000000028,60.00000105,3.99e-05,1.000029153,60.00110778,0.042094274,1.030777055,61.13460818,41.82777507,2.436154453,80.96207705,390.7071339,27.93623738,91.90778568,294.2040228,1.000000028,60.00000105,3.99e-05,1.000029153,60.00110778,0.042094274,1.030777055,61.13460818,41.82777507,2.436154453,80.96207705,390.7071339,27.93623738,91.90778568,294.2040228,1.000000028,60.00000105,0.006314678,84.85281526,5.78e-05,1.13e-12,2.77e-08,1.000029153,60.00110778,0.205168893,84.85440383,0.06042794,1.25e-06,2.92e-05,1.030777055,61.13460817,6.467439584,86.46508126,59.42868821,1.255124591,0.029868607,1.949548838,75.71103064,18.71316864,107.0842552,495.3163367,109.2099535,0.31181326,11.33764754,77.13292992,18.90792719,109.0809384,505.6131625,59.38190944,0.166092792,1.000000028,5.022001582,1.11e-05,1.000029153,5.022586227,0.011746976,1.030777055,5.621374392,11.672606,1.949548838,13.49085996,104.9739999,11.33764754,13.71298559,113.9943664,1.0,60.0,0.0,84.85281374,0.0,0.0,0.0,1.0,60.0,0.0,84.85281374,0.0,0.0,0.0,1.000000001,60.0,6.74e-07,84.85281374,4.55e-13,-3.27e-56,0.0,1.14351143,60.0,9.54e-07,84.85281374,1.02e-12,-4.39e-34,-6.83e-22,6.225809288,60.0,6.74e-07,84.85281374,6.43e-13,1.0700000000000001e-29,2.35e-17
1.0,330.0,0.0,1.0,330.0,0.0,1.000000973,329.9997527,0.066771827,1.730309048,282.7114383,10531.70359,17.45273216,238.53458,16329.74022,1.0,330.0,0.0,1.0,330.0,0.0,1.000000973,329.9997527,0.066771827,1.730309048,282.7114383,10531.70359,17.45273216,238.53458,16329.74022,1.0,330.0,0.0,431.4904402,0.0,0.0,0.0,1.0,330.0,0.0,431.4904402,0.0,0.0,0.0,1.000000028,330.0,0.0,431.4904402,0.0,0.0,0.0,1.213623869,330.0,0.0,431.4904402,0.0,5.159999999999999e-42,0.0,6.267681287,330.0,6.61e-06,431.4904402,6.17e-11,-1.4600000000000001e-27,-3.35e-17,1.0,25.06639504,0.0,1.0,25.06639504,0.0,1.000000028,25.06639504,4.66e-11,1.213623869,25.06177634,0.000297107,6.267681287,25.08041376,1.303515188,1.0,330.0,0.0,431.4904402,0.0,0.0,0.0,1.0,330.0,0.0,431.4904402,0.0,0.0,0.0,1.000000028,330.0,0.0,431.4904402,0.0,0.0,0.0,1.213623869,330.0,0.0,431.4904402,0.0,5.159999999999999e-42,0.0,6.267681287,330.0,6.61e-06,431.4904402,6.17e-11,-1.4600000000000001e-27,-3.35e-17
1.0,98.0,0.0,1.0,98.0,3.64e-12,1.000008102,97.99973803,0.010138119,2.803020585,92.7959113,239.9615112,29.90951086,92.15433236,289.6246354,1.0,98.0,0.0,1.0,98.0,3.64e-12,1.000008102,97.99973803,0.010138119,2.803020585,92.7959113,239.9615112,29.90951086,92.15433236,289.6246354,1.0,98.0,0.0,114.9086594,0.0,6.170000000000001e-100,0.0,1.0,98.0,1.91e-06,114.9086594,2.67e-09,-1.36e-39,-1.38e-29,1.00000701,97.99973367,0.10060145,114.9108583,0.176823206,-1.73e-11,-4.09e-10,1.646963467,86.33526268,17.52694844,110.0904132,393.9928846,-13.38047043,-0.048604671,11.81046511,77.06627768,18.90133557,107.6279311,497.3628133,31.3708528,0.089223409,1.0,17.12812304,0.0,1.0,17.12812304,0.0,1.00000701,17.1280588,0.000589377,1.646963467,14.68918863,34.28000082,11.81046511,13.04432041,81.72509951,1.0,98.0,0.0,138.5929291,0.0,0.0,0.0,1.0,98.0,0.0,138.5929291,0.0,0.0,0.0,1.000000001,98.0,1.35e-06,138.5929291,2.57e-12,-2.0000000000000003e-64,-1.0999999999999999e-52,1.141400408,98.0,1.91e-06,138.5929291,3.64e-12,4.3e-49,0.0,5.304224742,98.0,1.35e-06,138.5929291,2.57e-12,1.9900000000000002e-29,1.09e-17
1.0,90.0,0.0,1.0,90.0,0.0,1.0,90.0,0.0,1.000174095,90.0,0.0,1.725656348,90.0,1.82e-12,1.0,90.0,0.0,1.0,90.0,0.0,1.0,90.0,0.0,1.000174095,90.0,0.0,1.725656348,90.0,1.82e-12,1.0,90.0,0.0,90.0,0.0,0.0,0.0,1.0,90.0,0.0,90.0,0.0,0.0,0.0,1.0,90.0,0.0,90.0,0.0,0.0,0.0,1.000174095,90.0,0.0,90.0,0.0,0.0,0.0,1.725656348,90.0,1.35e-06,90.0,1.82e-12,0.0,0.0,1.0,124.8808608,0.0,1.0,124.8808608,0.0,1.0,124.8808608,0.0,1.000174095,124.8809233,2.24e-05,1.725656348,124.9787784,0.028460391,1.0,90.0,0.0,90.0,0.0,0.0,0.0,1.0,90.0,0.0,90.0,0.0,0.0,0.0,1.0,90.0,0.0,90.0,0.0,0.0,0.0,1.000174095,90.0,0.0,90.0,0.0,0.0,0.0,1.725656348,90.0,1.35e-06,90.0,1.82e-12,0.0,0.0
11.40727812,126.1839484,25762.52105,11.75645792,124.96275,25251.85176,12.97349944,120.6472075,23382.66458,40.97847489,113.9624723,23811.6208,234.2524644,124.3502721,32329.5808,11.40727812,126.1839484,25762.52105,11.75645792,124.96275,25251.85176,12.97349944,120.6472075,23382.66458,40.97847489,113.9624723,23811.6208,234.2524644,124.3502721,32329.5808,10.47562871,132.069972,166.2212404,472.7059397,275379.6624,-29969.40354,-0.344448385,10.68138187,131.4946925,165.3056846,473.9617538,276874.1942,-29509.68197,-0.340093443,10.89254098,130.9222676,164.387739,475.2077653,278350.4688,-29031.78468,-0.335533991,20.26762115,150.8735205,208.7919501,413.8514023,230693.1945,-9667.087856,-0.097277537,124.6261329,168.3939241,235.7940579,340.5020604,152503.4807,-5741.076963,-0.064610803,10.47562871,1.553669975,25.36560433,10.68138187,1.584170224,25.81629363,10.89254098,1.615077913,26.27119096,20.26762115,1.337361758,26.31194498,124.6261329,1.286851381,38.73331305,3.922449578,211.1572069,246.3967404,310.6953939,67479.38206,27442.4408,0.648945275,3.953189085,210.9976684,246.2870215,310.1727116,67421.47947,27666.56266,0.65477269,3.984301959,210.8336686,246.1745193,309.6469691,67362.0875,27890.74115,0.660625355,3.99842592,210.7584168,246.1229841,309.4093901,67334.8751,27991.63323,0.663267254,3.999842549,210.7508422,246.1177995,309.3855984,67332.13726,28001.7227,0.663531723
2.999878539,90.0,0.0,2.999927122,90.0,2.73e-12,2.999975707,90.0,6.6e-09,3.285592806,89.16456543,24.36508616,16.71123633,83.26056887,156.751064,2.999878539,90.0,0.0,2.999927122,90.0,2.73e-12,2.999975707,90.0,6.6e-09,3.285592806,89.16456543,24.36508616,16.71123633,83.26056887,156.751064,1.0,90.0,0.0,108.1665383,0.0,0.0,0.0,1.0,90.0,0.0,108.1665383,0.0,0.0,0.0,1.0,90.0,0.0,108.1665383,4.55e-13,2.9099999999999996e-89,0.0,1.064702036,89.99999991,0.00160655,108.1665382,2.59e-06,-9.93e-13,-1.42e-06,4.480051361,88.92066469,5.587047028,107.329333,31.21573723,-0.202595608,-0.0810196,1.0,40.40380502,0.0,1.0,40.40380502,0.0,1.0,40.40380502,2.27e-13,1.064702036,40.4049499,3.15e-05,4.480051361,36.84129526,107.7518496,1.0,90.0,0.0,108.1665383,0.0,0.0,0.0,1.0,90.0,0.0,108.1665383,0.0,0.0,0.0,1.0,90.0,0.0,108.1665383,4.55e-13,2.9099999999999996e-89,0.0,1.064702036,89.99999991,0.00160655,108.1665382,2.59e-06,-9.93e-13,-1.42e-06,3.942477937,88.92890156,5.566480168,107.3397242,30.98642441,-0.393239718,-0.153549989
1.746187699,66.15172088,2.404514837,1.913111787,66.71415278,10.91663989,2.439337078,69.03296264,50.02908514,9.932191758,73.55365796,503.070643,94.33994653,71.11494679,390.7716531,1.746187699,66.15172088,2.404514837,1.913111787,66.71415278,10.91663989,2.439337078,69.03296264,50.02908514,9.932191758,73.55365796,503.070643,94.33994653,71.11494679,390.7716531,1.000000046,66.0,8.66e-05,122.3315168,7.5e-09,-8.06e-13,-0.000466692,1.000039499,66.00000542,0.022082038,122.3315208,0.000488073,-7.15e-07,-0.007047453,1.044443401,66.33772336,5.502821541,122.565815,30.30750351,0.554909199,0.089618399,6.695211548,74.78227646,26.70723686,123.9956811,748.5971616,148.4342495,0.368697759,72.3942069,71.87568275,22.13415294,117.906296,585.3616723,46.49107107,0.117352495,1.000000046,4.877702864,1.66e-07,1.000039499,4.87762715,0.000146184,1.044443401,4.777960838,0.261204804,6.695211548,2.457412906,3.580479102,72.3942069,2.019495542,8190.949529,1.0,66.0,9.54e-07,122.3315168,9.09e-13,-8.790000000000001e-163,0.0,1.000000001,66.0,0.0,122.3315168,1.82e-12,2.9400000000000003e-100,0.0,1.000991705,66.0,9.54e-07,122.3315168,1.38e-09,1.1899999999999998e-42,3.35e-32,2.070967107,66.00000001,0.000365494,121.3162085,43.23483789,-1.66e-08,-6.92e-06,18.62380234,66.08659041,1.015670727,116.500431,211.3277131,-0.35055374,-0.023742477
2.871590024,66.0021285,0.145570903,2.933633427,66.10189433,7.444545729,3.46409065,70.32082227,313.602337,14.68594027,75.07388162,560.3418583,106.716575,74.09897753,667.7533528,2.871590024,66.0021285,0.145570903,2.933633427,66.10189433,7.444545729,3.46409065,70.32082227,313.602337,14.68594027,75.07388162,560.3418583,106.716575,74.09897753,667.7533528,2.871328655,66.00150716,0.368295754,122.3311353,0.145445111,-6.47e-06,-7.67e-05,2.924308435,66.07896211,2.664648402,122.329252,7.368681715,-0.012805089,-0.00342346,3.124125719,69.96139315,18.42451865,122.8879816,346.4129259,-19.86225827,-0.129740122,11.8014021,76.03485693,26.03948623,119.0885401,746.4641991,-26.93240025,-0.05853919,84.43796114,75.48170215,28.62021559,117.8607027,908.6321347,-44.90039392,-0.079110233,2.871328655,0.934112595,1.770067915,2.924308435,0.947768889,1.803295214,3.124125719,1.190316133,2.976920359,11.8014021,1.513866661,7.644732278,84.43796114,1.749701216,9.024380475,1.0,66.0,1.35e-06,122.3315168,1.29e-11,-3.03e-26,-6.3e-15,1.000000008,66.00000004,0.000713994,122.3315167,4.91e-06,-5.52e-15,-3.5e-09,1.004024973,66.01821569,0.467179217,122.293983,2.089904004,-0.001014066,-0.001505602,3.210177413,67.95412838,4.430679723,116.9023049,230.2402688,5.994309122,0.089324444,21.07151141,66.53767217,2.510037545,115.0745141,263.1338427,8.372472245,0.205658851
6.087221296,71.91389978,35.99258675,6.410995598,71.61527917,35.85198988,7.567673916,70.75706204,34.4557545,14.65041053,73.02483811,934.3918815,108.9530375,72.84834776,905.8289752,6.087221296,71.91389978,35.99258675,6.410995598,71.61527917,35.85198988,7.567673916,70.75706204,34.4557545,14.65041053,73.02483811,934.3918815,108.9530375,72.84834776,905.8289752,6.087221296,71.91389978,5.999382198,120.6069868,193.7980258,10.23440189,0.123621035,6.410995585,71.61527918,5.98765312,118.2768688,252.0541581,21.36762824,0.225928979,7.565358497,70.75851845,5.870203328,115.7628486,293.5815754,33.9283727,0.338494571,13.17161756,70.59929385,13.40133974,116.0741194,351.7483024,51.98467226,0.22305134,85.29183248,71.80973036,20.69654455,116.6548261,544.4639925,67.39373774,0.177619484,6.087221296,0.207922602,0.634189986,6.410995585,0.347842527,1.888819705,7.565358497,0.758006004,5.367979453,13.17161756,1.424588006,9.522979769,85.29183248,1.735692764,9.993169389,2.039081394,71.88500294,5.998897872,120.8390794,186.1928568,7.857098052,0.096904237,2.14310335,71.59935665,5.986608799,118.4447862,247.752315,17.06990569,0.182111559,2.523610986,70.75509105,5.869429418,115.820864,292.500803,28.71880373,0.287093641,3.952537235,69.0360496,5.216799594,116.0159714,267.2487284,21.78142728,0.256068502,22.31168098,67.03273377,3.365451863,115.2901189,256.0122412,3.465258423,0.064383502
2.515517468,90.35696088,1598.864936,3.186419528,88.42561234,1515.397022,4.288795846,85.43161822,1371.257034,12.89478308,74.35167337,647.9885204,107.489309,71.64401689,390.3090945,2.515517468,90.35696088,1598.864936,3.186419528,88.42561234,1515.397022,4.288795846,85.43161822,1371.257034,12.89478308,74.35167337,647.9885204,107.489309,71.64401689,390.3090945,2.515517468,90.35696088,39.98580918,143.6604472,1600.126537,31.14443271,0.097721642,3.186419493,88.42561258,38.92810081,140.875726,1516.675421,76.59260763,0.249357879,4.285522195,85.44645068,37.04073591,137.1965778,1373.92957,129.2706934,0.409914291,11.29463526,75.20310404,26.9649655,120.3016785,806.3774299,240.4032833,0.477469847,86.01705923,72.51021887,21.68360484,117.746781,574.4499921,68.52859887,0.173963729,2.515517468,0.611445281,1.92767777,3.186419493,0.759608722,2.467226067,4.285522195,0.949330601,3.12775093,11.29463526,1.605392839,8.694841751,86.01705923,1.720054972,9.637833566,1.680781819,102.4534884,44.18095902,157.0277575,1951.95714,-7.59e-05,-0.000140339,1.794004625,105.831229,44.70216781,159.2504416,1998.28381,-0.064870627,-0.00416223,1.95818943,108.5588019,44.93373512,159.7541359,2021.137705,-47.62637027,-0.11047584,3.318750229,96.60199747,42.63446271,134.3747706,1948.339631,100.0497917,0.088606046,19.73465249,90.65320511,39.76982803,124.8030478,1707.62466,126.7971208,0.125661116
1.0,66.0,7.84e-10,1.000000295,66.00000197,3.16e-05,1.014245378,66.07853658,1.250708972,7.284731107,71.09583107,337.4859289,97.16252659,73.7316464,614.8748464,1.0,66.0,7.84e-10,1.000000295,66.00000197,3.16e-05,1.014245378,66.07853658,1.250708972,7.284731107,71.09583107,337.4859289,97.16252659,73.7316464,614.8748464,1.0,66.0,1.35e-06,115.8045341,228.6967776,-1.86e-28,-9.119999999999999e-24,1.000000003,66.0,9.54e-07,115.358751,239.9749157,-6.19e-28,-4.1899999999999995e-23,1.003738882,66.00000398,0.01892965,114.8978262,251.0477332,-4.15e-07,-1.38e-06,5.395656063,71.10157956,20.81104147,117.6742511,525.2504144,-26.96746238,-0.075169259,76.39879622,75.07888107,27.53153906,117.4612504,844.7598318,-30.05971656,-0.056538022,1.0,10.00603294,2.56e-13,1.000000003,10.00603292,2.67e-07,1.003738882,9.977082643,0.284541415,5.395656063,3.558154055,18.66563991,76.39879622,1.934300371,9.759328058,1.0,66.0,0.0,122.3315168,3.64e-12,2.51e-88,0.0,1.000000001,66.0,9.54e-07,122.3315168,3.75e-12,3.04e-64,1.6699999999999999e-52,1.00096365,66.0,9.54e-07,122.3315168,1.44e-09,1.0600000000000002e-27,2.93e-17,2.040855659,66.00018755,0.047440009,121.1307756,50.83566404,-0.00030432,-0.000899709,19.44872308,66.22040623,1.611302541,115.5258033,238.9790953,-0.435003352,-0.017464187
1.995946169,330.0,0.0,1.997565725,330.0,0.0,1.99918903,329.9998572,0.038544385,2.742961256,299.0961163,7338.642329,25.2121339,205.2951951,15576.68217,1.995946169,330.0,0.0,1.997565725,330.0,0.0,1.99918903,329.9998572,0.038544385,2.742961256,299.0961163,7338.642329,25.2121339,205.2951951,15576.68217,1.0,330.0,0.0,431.4904402,0.0,0.0,0.0,1.0,330.0,0.0,431.4904402,0.0,0.0,0.0,1.000000028,330.0,0.0,431.4904402,0.0,-2.18e-176,0.0,1.213443907,330.0,6.61e-06,431.4904402,4.37e-11,-2.4499999999999998e-82,0.0,6.272203241,330.0,3.81e-06,431.4904402,2.06e-11,5.8899999999999995e-28,4.05e-17,1.0,25.07377911,0.0,1.0,25.07377911,0.0,1.000000028,25.07377911,5.68e-12,1.213443907,25.07178687,4.35e-05,6.272203241,25.056655,0.006582684,1.0,330.0,0.0,431.4904402,0.0,0.0,0.0,1.0,330.0,0.0,431.4904402,0.0,0.0,0.0,1.000000028,330.0,0.0,431.4904402,0.0,-2.18e-176,0.0,1.213443907,330.0,6.61e-06,431.4904402,4.37e-11,-2.4499999999999998e-82,0.0,6.272203241,330.0,3.81e-06,431.4904402,2.06e-11,5.8899999999999995e-28,4.05e-17
2.984328448,66.0,9.09e-13,2.990863449,66.00000001,1.27e-07,3.074578729,66.00745303,0.231809484,11.09724665,70.19344892,309.2019708,99.31657768,70.5225875,368.4274176,2.984328448,66.0,9.09e-13,2.990863449,66.00000001,1.27e-07,3.074578729,66.00745303,0.231809484,11.09724665,70.19344892,309.2019708,99.31657768,70.5225875,368.4274176,2.984328448,66.0,0.0,122.331495,0.000958492,-4.2799999999999993e-23,0.0,2.990863445,66.0,1.95e-05,122.3274458,0.178876282,-5.94e-13,-7.21e-08,3.072100665,66.00152231,0.370142361,121.5938055,31.74018975,-0.002697474,-0.001293558,8.963359834,70.27607292,19.14580276,121.1382627,410.2396113,58.99917581,0.22705421,73.36190204,71.59824101,21.73730496,122.2421022,507.860743,54.6022176,0.18410205,2.984328448,1.300172777,3.404469176,2.990863445,1.303778311,3.409431288,3.072100665,1.37511569,3.554586237,8.963359834,1.892747067,5.62299891,73.36190204,12.29295893,15782486969.0,1.0,66.0,0.0,122.3315168,1.82e-12,0.0,0.0,1.00000003,66.0,9.54e-07,122.3315168,2.03e-12,-5.629999999999999e-131,-4.38e-119,1.003105859,66.0,0.0,122.3315168,3.64e-12,-4.9900000000000004e-70,0.0,2.310919671,66.0,9.54e-07,122.3315168,2.03e-12,-8.600000000000001e-29,-6.68e-17,18.32499033,66.00001949,0.058490158,122.3316466,0.173722145,5.37e-09,2.2e-07
1.033233731,97.96187199,1.447413967,1.158893831,97.46912797,19.93940258,2.260216584,95.31345682,517.9996468,8.904869361,132.3374754,8006.10818,30.5802482,180.8104313,14836.33246,1.033233731,97.96187199,1.447413967,1.158893831,97.46912797,19.93940258,2.260216584,95.31345682,517.9996468,8.904869361,132.3374754,8006.10818,30.5802482,180.8104313,14836.33246,1.033233731,97.96187197,1.203084064,137.7466121,42.82975064,0.699955231,0.088925351,1.158892941,97.46894945,4.460706921,135.5291146,132.3821423,10.87200467,0.213045455,2.24494899,93.71738541,12.01659547,130.1437926,274.3410103,89.14886873,0.485747568,7.413617282,92.57757955,13.29094931,130.3294656,265.9746377,116.7427835,0.622904809,17.73399764,84.7726884,18.10182501,119.3294639,469.4659378,422.6193607,1.273303117,1.033233731,0.998991829,0.000975837,1.158892941,0.984782153,0.013420263,2.24494899,0.951727395,1.371903397,7.413617282,3.065037199,40.31242935,17.73399764,8.79700167,124.7230327,1.032197016,98.0,0.0,138.5929291,3.64e-12,-3.74e-31,0.0,1.142697395,98.0,0.0,138.5929291,0.0,1.45e-43,0.0,1.991942377,98.0,1.35e-06,138.5929291,4.07e-12,-6.35e-29,-2.47e-17,6.355729124,98.0,1.35e-06,138.5929291,4.07e-12,-4.6200000000000004e-29,-1.8e-17,11.56102099,98.0,0.0,138.5929291,3.64e-12,5.22e-28,0.0
1.000000085,60.00000254,7.61e-05,1.000088538,60.0026559,0.07967009,1.092709464,62.54530962,69.88068755,3.320844026,80.38157547,196.0386455,18.6874994,81.47750232,184.931505,1.000000085,60.00000254,7.61e-05,1.000088538,60.0026559,0.07967009,1.092709464,62.54530962,69.88068755,3.320844026,80.38157547,196.0386455,18.6874994,81.47750232,184.931505,1.0,60.0,0.0,84.85281374,0.0,0.0,0.0,1.0,60.0,0.0,84.85281374,0.0,0.0,0.0,1.0,60.0,0.0,84.85281374,0.0,-2.2199999999999998e-244,0.0,1.064680709,60.0,6.74e-07,84.85281374,6.43e-13,5.43e-30,1.19e-17,4.238672779,60.0,1.35e-06,84.85281374,2.27e-12,-4.0200000000000003e-29,-2.55e-17,1.0,40.41025805,0.0,1.0,40.41025805,0.0,1.0,40.41025805,2.27e-13,1.064680709,40.40961065,0.003682829,4.238672779,38.90271987,22.81943717,1.0,60.0,0.0,84.85281374,0.0,0.0,0.0,1.0,60.0,0.0,84.85281374,0.0,0.0,0.0,1.0,60.0,0.0,84.85281374,0.0,-2.2199999999999998e-244,0.0,1.064680709,60.0,6.74e-07,84.85281374,6.43e-13,5.43e-30,1.19e-17,4.238672779,60.0,9.54e-07,84.85281374,1.64e-12,-5.56e-30,-4.99e-18
1.681315289,102.4691722,1952.231827,1.796682346,105.7846935,1998.286387,2.27936937,102.2650852,1977.72673,10.71328678,75.15291105,779.5428311,107.8706332,74.16190468,1511.182655,1.681315289,102.4691722,1952.231827,1.796682346,105.7846935,1998.286387,2.27936937,102.2650852,1977.72673,10.71328678,75.15291105,779.5428311,107.8706332,74.16190468,1511.182655,1.681295297,102.4696772,44.18408756,157.0382933,1952.233594,-0.001044449,-0.000950701,1.795166946,105.8233427,44.70125524,159.2390099,1998.202227,-0.299729762,-0.016303412,2.160945897,104.5713907,44.53844387,156.580315,1983.952139,-33.61784962,-0.130839973,8.683827106,77.75473281,30.32639848,126.3212349,955.1562544,197.0942971,0.404724329,77.27196721,75.99040216,43.98808123,141.6346891,33183.04783,629.7617873,0.078659821,1.681295297,1.634103955,3.406283436,1.795166946,1.774745107,3.489815585,2.160945897,1.930463606,4.697182901,8.683827106,2.066968662,9.611209461,77.27196721,14.83397185,170357.8464,1.681292416,102.4697397,44.18409963,157.0383634,1952.23466,-8.22e-55,0.0,1.794431975,105.8396537,44.70314113,159.2577543,1998.370826,-5.1e-32,0.0,1.973095257,108.2436211,44.91550262,160.8653552,2017.402376,-0.002050833,-0.00070177,3.414975953,95.88869976,42.38689193,142.3111552,1876.642574,63.30360812,0.064145877,20.00419947,95.83787248,74.05330695,153.8262341,42000.99412,258.2640826,0.017090573
1.694516428,72.55775143,61.91991922,1.804161177,73.12614892,63.23856213,2.091954038,73.47116119,90.42656136,11.40699704,72.91309561,480.8687549,99.24209398,70.95009078,375.8140326,1.694516428,72.55775143,61.91991922,1.804161177,73.12614892,63.23856213,2.091954038,73.47116119,90.42656136,11.40699704,72.91309561,480.8687549,99.24209398,70.95009078,375.8140326,1.694513595,72.55776239,7.868923095,109.4925974,61.91995067,-2.06e-13,-1.59e-08,1.803541759,73.12856692,7.952396142,109.8716856,63.24060439,-1.32e-07,-2.57e-05,1.930776606,73.70413891,7.994527267,110.2416362,63.91317189,-0.098410828,-0.022461769,2.969636163,71.8862701,7.71570774,104.13995,86.08371235,2.093707245,0.034412441,18.19812708,70.21824763,7.049688787,100.3738573,77.0038133,6.755213723,0.124942448,1.694513595,4.052108708,22.43038382,1.803541759,4.395659124,22.90878817,1.930776606,4.750529665,23.2001238,2.969636163,7.076232419,33.49873135,18.19812708,8.261446581,30.89729348,1.694513595,72.55776239,7.868923095,109.4925974,61.91995067,-2.06e-13,-1.59e-08,1.803541759,73.12856692,7.952396142,109.8716856,63.24060439,-1.32e-07,-2.57e-05,1.930776606,73.70413891,7.994527267,110.2416362,63.91317189,-0.098410828,-0.022461769,2.969636163,71.8862701,7.71570774,104.13995,86.08371235,2.093707245,0.034412441,18.19812708,70.21824763,7.049688787,100.3738573,77.0038133,6.755213723,0.124942448
1.0724199,66.00000657,0.000591072,1.356397509,66.00360415,0.325285338,2.850495718,67.17237368,106.5579388,13.20756597,73.99660885,637.2015328,104.1798418,75.08355921,755.0500655,1.0724199,66.00000657,0.000591072,1.356397509,66.00360415,0.325285338,2.850495718,67.17237368,106.5579388,13.20756597,73.99660885,637.2015328,104.1798418,75.08355921,755.0500655,1.0,66.0,9.54e-07,101.1618625,56.89081415,-1.27e-29,-1.7699999999999998e-24,1.0,66.0,0.000170107,100.3854386,61.31415643,-8.55e-18,-6.42e-15,1.001121615,66.00772748,0.351539429,99.39688712,63.90088663,-0.000107271,-3.82e-05,2.61807124,69.25338224,6.439690977,99.43258334,70.47057642,-5.861310361,-0.120581337,18.61115281,69.973773,6.910791711,99.44912092,71.26194833,-1.46418529,-0.029132782,1.0,10.68277717,0.0,1.0,10.68277716,2.91e-08,1.001121615,10.67339989,0.087011323,2.61807124,7.863109691,26.16439266,18.61115281,8.072661006,30.162138,1.0,66.0,9.54e-07,101.1618625,56.89081415,-1.27e-29,-1.7699999999999998e-24,1.0,66.0,0.000170107,100.3854386,61.31415643,-8.55e-18,-6.42e-15,1.001121615,66.00772748,0.351539429,99.39688712,63.90088663,-0.000107271,-3.82e-05,2.61807124,69.25338224,6.439690977,99.43258334,70.47057642,-5.861310361,-0.120581337,18.61115281,69.973773,6.910791711,99.44912092,71.26194833,-1.46418529,-0.029132782
3.03072832,66.0,9.09e-13,3.125530465,66.0,0.0,3.646726992,66.00000034,3.02e-05,10.40276145,67.75800327,140.99607,99.92052127,70.389899,340.1609577,3.03072832,66.0,9.09e-13,3.125530465,66.0,0.0,3.646726992,66.00000034,3.02e-05,10.40276145,67.75800327,140.99607,99.92052127,70.389899,340.1609577,3.030708431,66.0,0.0,121.5129495,35.07348349,5.43e-15,0.0,3.124019818,66.0,0.0,119.8534512,100.6266336,-1.9e-35,0.0,3.531981871,66.00000034,0.005569836,115.7031852,231.3108002,-9.65e-06,-0.000113876,8.788448411,67.84969748,12.74478449,115.5868746,323.7106889,-10.47982279,-0.049139999,77.52670666,70.90521745,20.53080299,116.1441616,547.510137,40.46076752,0.105427796,3.030708431,0.371798105,0.356831125,3.124019818,0.480072487,0.727145977,3.531981871,0.894339741,1.970693626,8.788448411,1.886990022,4.270900152,77.52670666,1.887990615,4.333891398,1.999847973,66.0,1.35e-06,122.3315168,1.82e-12,-7.209999999999999e-104,0.0,1.999908782,66.0,9.54e-07,122.3315168,9.09e-13,-1.08e-46,0.0,2.000942223,66.0,9.54e-07,122.3315168,1.33e-09,1.55e-25,4.44e-15,3.079901552,66.0,9.54e-07,121.1255966,51.04234053,4.59e-15,6.74e-10,20.40558658,66.00679953,0.94085884,115.2868603,296.8627245,2.793071732,0.172298204
1.000002979,66.00000002,3.68e-07,1.000603869,66.0000791,0.001265598,1.179813628,66.231067,3.643809737,9.985647608,71.07865724,366.4027012,109.0606012,110.6510885,46081.44931,1.000002979,66.00000002,3.68e-07,1.000603869,66.0000791,0.001265598,1.179813628,66.231067,3.643809737,9.985647608,71.07865724,366.4027012,109.0606012,110.6510885,46081.44931,1.000002765,66.0,9.54e-07,122.3314466,0.003083601,7.85e-19,1.48e-11,1.000499695,66.0,0.0,122.3218667,0.423944343,4.95e-20,0.0,1.116458921,66.0000003,0.005211018,121.052295,54.01866294,-5.16e-07,-1.35e-05,7.692702701,71.27842383,21.34744723,114.8218977,558.0693474,-15.54586373,-0.040574625,87.02931901,121.3068285,239.1031139,164.0715545,62723.05217,604.9134337,0.015750057,1.000002765,3.698344983,1.78e-05,1.000499695,3.697231758,0.003039192,1.116458921,3.547208725,0.509800367,7.692702701,2.146297357,4.016951743,87.02931901,2105.547884,3167890000000.0,1.0,66.0,0.0,122.3315168,1.82e-12,0.0,0.0,1.000000003,66.0,0.0,122.3315168,1.65e-06,-7.019999999999999e-40,0.0,1.002225365,66.0,0.0,122.2984346,1.452313219,-1.29e-99,0.0,2.586945089,66.00100097,0.429793674,115.4682273,248.4876259,-0.000419036,-6.18e-05,18.20618398,76.68139466,43.13303369,209.2293151,116570.074,2047.822228,0.13906453
1.000000017,66.0,4e-11,1.00003409,66.00000034,5.37e-06,1.073401491,66.04009793,0.662683167,8.7184456,68.8534633,195.7795198,96.87612068,70.75919,341.7519243,1.000000017,66.0,4e-11,1.00003409,66.00000034,5.37e-06,1.073401491,66.04009793,0.662683167,8.7184456,68.8534633,195.7795198,96.87612068,70.75919,341.7519243,1.000000017,66.0,0.0,122.3315168,1.82e-12,6.36e-36,0.0,1.000034044,66.0,0.0,122.3315168,1.36e-06,2.29e-20,0.0,1.067517755,66.00000218,0.013994785,122.3165629,0.657237961,4.64e-05,0.004089878,6.579514992,68.71115674,15.38177748,118.2245097,334.6328278,-19.6757532,-0.083152981,73.35738122,71.43707311,20.74974919,117.937889,528.4170449,6.832923191,0.018814199,1.000000017,5.473907908,4.39e-07,1.000034044,5.473829666,0.000869138,1.067517755,5.328875263,1.593098548,6.579514992,2.835302902,14.29241942,73.35738122,2.017807484,10.9706966,1.0,66.0,0.0,93.33809512,9.09e-13,-1.99e-42,0.0,1.0,66.0,9.54e-07,93.33809514,1.77e-06,-2.84e-24,-2.24e-15,1.000029888,66.00000232,0.014459301,93.37020259,2.403964521,-3.38e-06,-0.000150602,1.935066748,75.21595389,27.28556476,109.9889811,926.9340643,78.34817942,0.122193541,17.60368486,87.09607905,38.12598627,120.6789211,1581.01337,120.3738699,0.126611763
1.000002642,81.99995773,0.000676382,1.000594783,81.99048913,0.152083423,1.147242111,79.94718533,28.68265031,8.969263395,71.2428433,314.6390421,95.75386941,70.96698948,375.9218229,1.000002642,81.99995773,0.000676382,1.000594783,81.99048913,0.152083423,1.147242111,79.94718533,28.68265031,8.969263395,71.2428433,314.6390421,95.75386941,70.96698948,375.9218229,1.0,82.0,1.65e-06,105.2615789,2.73e-12,-2.07e-147,0.0,1.000000002,81.99999997,0.000645235,105.2615789,4.16e-07,-1.5399999999999998e-30,-1.76e-21,1.001176012,81.98120591,0.548044055,105.246939,0.300352286,-1.87e-11,-1.36e-08,1.984792049,74.87173255,7.952363319,101.0192092,68.28787358,-3.844331231,-0.095234591,17.40464578,70.45979545,7.172125255,99.6863173,73.05509531,1.083161938,0.020968415,1.0,9.731924057,5.68e-14,1.000000002,9.731924066,4.58e-08,1.001176012,9.738158675,0.033053622,1.984792049,10.60849602,13.26450192,17.40464578,8.636965565,28.74094662,1.0,82.0,1.65e-06,105.2615789,2.73e-12,-2.07e-147,0.0,1.000000002,81.99999997,0.000645235,105.2615789,4.16e-07,-1.5399999999999998e-30,-1.76e-21,1.001176012,81.98120591,0.548044055,105.246939,0.300352286,-1.87e-11,-1.36e-08,1.984792049,74.87173255,7.952363319,101.0192092,68.28787358,-3.844331231,-0.095234591,17.40464578,70.45979545,7.172125255,99.6863173,73.05509531,1.083161938,0.020968415
1.002325389,66.05740688,5.163323424,1.04661018,67.042067,92.70012641,2.036822421,76.14928339,810.4275403,11.66035491,73.77926806,626.5813152,102.2698124,71.40848641,383.2994512,1.002325389,66.05740688,5.163323424,1.04661018,67.042067,92.70012641,2.036822421,76.14928339,810.4275403,11.66035491,73.77926806,626.5813152,102.2698124,71.40848641,383.2994512,1.0,66.0,0.0,93.33809512,9.09e-13,-7.65e-44,0.0,1.0,66.0,1.35e-06,93.33809512,1.13e-07,-1.25e-25,-2.75e-16,1.000029729,66.00000036,0.002400606,93.34669765,0.194490357,-1.69e-07,-0.000159218,1.931524378,67.61974449,4.826213803,97.51000091,55.13673932,4.215021968,0.123542316,17.86770063,69.74943736,6.792424482,99.34603381,70.58914197,4.636802018,0.093394775,1.0,15.04010296,0.0,1.0,15.04010296,5.68e-13,1.000029729,15.03995973,0.000693317,1.931524378,11.51478576,25.20198214,17.86770063,8.414796935,30.39822833,1.0,66.0,0.0,93.33809512,9.09e-13,-9.900000000000001e-97,0.0,1.0,66.0,1.35e-06,93.33809512,1.13e-07,-6.76e-36,-1.49e-26,1.000029729,66.00000036,0.002400606,93.34669765,0.194490357,5.66e-13,5.35e-10,1.931524378,67.61974449,4.826213803,97.51000091,55.13673932,2.755166356,0.080753941,17.8642782,69.74943189,6.792426536,99.34608197,70.58952481,3.820416512,0.076950714
1.038852499,74.0,0.0,1.177973158,74.0,9.09e-13,1.874822037,73.99999997,4.59e-07,3.390854741,74.66685548,35.13001635,25.16420357,76.85350844,173.3500947,1.038852499,74.0,0.0,1.177973158,74.0,9.09e-13,1.874822037,73.99999997,4.59e-07,3.390854741,74.66685548,35.13001635,25.16420357,76.85350844,173.3500947,1.031547401,74.0,9.54e-07,74.0,9.09e-13,0.0,0.0,1.12571241,74.0,0.0,74.0,0.0,0.0,0.0,1.500948081,74.0,1.35e-06,104.6518036,5.12e-06,-4.19e-254,-1.3700000000000002e-245,1.933212617,74.0,1.35e-06,111.7834512,1809.099006,-8.93e-37,-1.5600000000000002e-32,5.353246351,74.99554853,11.21580714,122.2285034,3875.719578,0.375408602,0.000537789,1.031547401,7.064266073,1166.76736,1.12571241,23.15116897,3904.112361,1.500948081,67.2077231,8751.05558,1.933212617,96.76059283,9826.984526,5.353246351,46.63004476,6358.667142,1.031547401,74.0,9.54e-07,74.0,9.09e-13,0.0,0.0,1.12571241,74.0,0.0,74.0,0.0,0.0,0.0,1.500948081,74.0,1.35e-06,74.0,1.82e-12,0.0,0.0,1.933209759,74.0,1.35e-06,74.0,1.82e-12,0.0,0.0,1.993111308,74.0,9.54e-07,74.0,9.09e-13,0.0,0.0
1.99971249,102.0,2.91e-10,1.999827516,101.9999993,2.83e-05,2.003214486,101.9331577,2.79587337,3.449782802,93.68468017,260.2205982,28.60274365,93.21131036,260.9480668,1.99971249,102.0,2.91e-10,1.999827516,101.9999993,2.83e-05,2.003214486,101.9331577,2.79587337,3.449782802,93.68468017,260.2205982,28.60274365,93.21131036,260.9480668,1.0,102.0,0.0,144.2497834,0.0,0.0,0.0,1.0,102.0,0.0,144.2497834,0.0,0.0,0.0,1.0,102.0,1.91e-06,144.2497834,3.64e-12,-6.230000000000001e-64,0.0,1.071719416,102.0,1.35e-06,144.2497834,1.82e-12,2.99e-30,0.0,4.221027519,102.0,1.35e-06,144.2497834,4.07e-12,-1.06e-28,-4.11e-17,1.0,39.01384211,0.0,1.0,39.01384211,0.0,1.0,39.01384211,4.55e-13,1.071719416,39.01419709,2.05e-06,4.221027519,39.00749186,0.048194748,1.0,102.0,0.0,144.2497834,0.0,0.0,0.0,1.0,102.0,0.0,144.2497834,0.0,0.0,0.0,1.0,102.0,1.91e-06,144.2497834,3.64e-12,-6.230000000000001e-64,0.0,1.071719416,102.0,1.35e-06,144.2497834,1.82e-12,2.99e-30,0.0,4.221027519,102.0,1.35e-06,144.2497834,4.07e-12,-1.06e-28,-4.11e-17
1.002860509,66.00005252,0.000840269,1.040367595,66.00789172,0.126290427,1.734163629,66.70847929,11.50039229,11.69501789,68.35152359,150.7948328,99.64214838,70.584814,352.2706402,1.002860509,66.00005252,0.000840269,1.040367595,66.00789172,0.126290427,1.734163629,66.70847929,11.50039229,11.69501789,68.35152359,150.7948328,99.64214838,70.584814,352.2706402,1.002852614,66.0,0.0,122.3315162,2.65e-05,1.22e-33,0.0,1.03922565,66.0,0.0,122.33096,0.024466257,-2.04e-25,0.0,1.556901663,66.00000119,0.010353894,121.8022424,22.88359747,-7.61e-07,-1.54e-05,8.403824194,68.08525538,13.5397414,114.237341,362.7902823,-7.877614318,-0.032882739,76.57224924,71.27514506,20.95607718,116.5037253,551.909114,23.1263639,0.060358812,1.002852614,1.892412395,0.018752617,1.03922565,1.913521631,0.248356306,1.556901663,2.104982276,2.303808003,8.403824194,1.962350006,3.975743566,76.57224924,1.909650345,371.2882955,1.0,66.0,0.0,93.33809512,0.0,3.4e-73,0.0,1.0,66.0,0.0,93.33809513,1.01e-06,1.03e-42,0.0,1.000029742,66.00000185,0.012918968,93.36468789,1.991420793,9.07e-12,4.97e-10,1.936348905,75.05007827,27.06664234,109.6762682,913.3474532,50.72482412,0.080244597,18.33210925,87.61689333,38.44776095,120.8560542,1601.422801,107.5138672,0.112673538
1.04366153,60.25100971,1.443052388,1.152806891,60.79531217,4.139351551,1.569546576,62.17724068,8.323144877,8.706579752,67.38295315,181.7160683,99.3595446,70.37423737,355.4045236,1.04366153,60.25100971,1.443052388,1.152806891,60.79531217,4.139351551,1.569546576,62.17724068,8.323144877,8.706579752,67.38295315,181.7160683,99.3595446,70.37423737,355.4045236,1.0,60.0,0.0,84.85281374,0.0,0.0,0.0,1.0,60.0,0.0,84.85281374,0.0,0.0,0.0,1.000000016,60.0,0.0,84.85281374,4.55e-13,-1.17e-51,0.0,1.202149747,60.0,6.74e-07,84.85281374,4.55e-13,-4.6300000000000005e-31,0.0,5.747657709,60.0000023,0.006069556,84.85282209,0.000794637,0.000130868,0.765291449,1.0,25.87456584,0.0,1.0,25.87456584,0.0,1.000000016,25.87456583,8.12e-09,1.202149747,25.72673203,0.154860973,5.747657709,27.7226938,43.72544326,1.0,60.0,0.0,84.85281374,0.0,0.0,0.0,1.0,60.0,0.0,84.85281374,0.0,0.0,0.0,1.000000016,60.0,0.0,84.85281374,4.55e-13,-1.17e-51,0.0,1.202149747,60.0,6.74e-07,84.85281374,4.55e-13,-4.6300000000000005e-31,0.0,5.747656882,60.0,9.54e-07,84.85281374,2.45e-12,8.51e-29,5.92e-17
4.995545652,102.0,0.0,4.997325161,102.0,1.82e-12,4.999114364,101.9999946,2.15e-05,5.85601117,100.6815946,44.628845,30.36592452,95.09930779,218.5548589,4.995545652,102.0,0.0,4.997325161,102.0,1.82e-12,4.999114364,101.9999946,2.15e-05,5.85601117,100.6815946,44.628845,30.36592452,95.09930779,218.5548589,1.0,102.0,0.0,144.2497834,0.0,0.0,0.0,1.0,102.0,0.0,144.2497834,0.0,0.0,0.0,1.0,102.0,1.91e-06,144.2497834,3.64e-12,1.63e-63,0.0,1.071671723,102.0,1.91e-06,144.2497834,5.14e-12,-2.3900000000000002e-29,-6.56e-18,4.222216207,102.0,0.0,144.2497834,3.64e-12,-5.85e-29,0.0,1.0,39.0232079,0.0,1.0,39.0232079,0.0,1.0,39.0232079,2.27e-13,1.071671723,39.02315207,9.11e-07,4.222216207,38.99696817,0.649549988,1.0,102.0,0.0,144.2497834,0.0,0.0,0.0,1.0,102.0,0.0,144.2497834,0.0,0.0,0.0,1.0,102.0,1.91e-06,144.2497834,3.64e-12,1.63e-63,0.0,1.071671723,102.0,1.91e-06,144.2497834,5.14e-12,-2.3900000000000002e-29,-6.56e-18,4.222216207,102.0,0.0,144.2497834,3.64e-12,-5.85e-29,0.0
1.999995313,66.0,0.0,2.000368217,66.0,1.82e-12,2.087398744,66.00000002,6.4e-07,8.645334129,67.44825847,109.9099583,91.52515213,71.23351528,1126.942496,1.999995313,66.0,0.0,2.000368217,66.0,1.82e-12,2.087398744,66.00000002,6.4e-07,8.645334129,67.44825847,109.9099583,91.52515213,71.23351528,1126.942496,1.99999339,66.0,0.0,122.3315168,1.12e-09,-2.64e-41,0.0,1.99999627,66.0,1.65e-06,122.3315157,4.92e-05,2.38e-20,2.05e-12,2.015480349,66.0,0.000658254,122.2823514,2.15730803,7.27e-08,7.52e-05,7.121276793,67.44868713,11.32392755,119.850093,191.5072495,-4.607134755,-0.034113436,71.85655455,71.20091933,21.49216673,122.5743264,1018.795412,19.99942515,0.030880127,1.99999339,3.90373108,15.23920219,1.99999627,3.903735985,15.23920212,2.015480349,3.888823606,15.2362683,7.121276793,2.581428875,12.3112797,71.85655455,2.147281039,374.8168514,1.0,66.0,0.0,122.3315168,0.0,-1.1200000000000001e-125,0.0,1.000000049,66.0,0.0,122.3315168,0.0,7.52e-306,0.0,1.003683033,66.0,1.35e-06,122.3315168,4.07e-12,-2.0099999999999999e-28,-7.82e-17,2.33227731,66.00067593,0.090059149,122.3318815,0.00811065,9.19e-18,7.57e-11,18.75053051,66.33444617,4.02589531,122.9727277,670.9672109,0.125668704,0.001205251
1.000000039,66.0,0.0,1.000036103,66.0,2.05e-08,1.038419503,66.00669443,0.108726841,8.86559596,72.15541908,390.6369714,99.47196654,71.78083101,418.7564754,1.000000039,66.0,0.0,1.000036103,66.0,2.05e-08,1.038419503,66.00669443,0.108726841,8.86559596,72.15541908,390.6369714,99.47196654,71.78083101,418.7564754,1.000000039,66.0,9.54e-07,122.3315168,3.82e-08,2.04e-28,1.1e-18,1.000036083,66.0,0.0,122.3315023,0.000638396,2.12e-16,0.0,1.035250057,66.00005223,0.050014343,122.0747771,11.19776721,-0.000572627,-0.00342146,7.092264619,72.63395381,21.72610814,118.0660891,554.7634743,5.555721986,0.014978212,79.25922113,72.57559375,22.54495778,117.1638945,608.1077945,68.25920066,0.165706789,1.000000039,4.919469125,1.37e-09,1.000036083,4.919475834,1.28e-06,1.035250057,4.917635426,0.032552886,7.092264619,2.341351146,4.329373154,79.25922113,1.844047378,3.540683287,1.0,66.0,0.0,122.3315168,0.0,2.5600000000000003e-58,0.0,1.000000001,66.0,0.0,122.3315168,1.82e-12,2.22e-25,0.0,1.000961982,66.00001449,0.01318495,122.3314917,0.001454636,2.21e-07,0.000441678,2.425343413,67.2665702,3.687091313,119.4283085,141.746667,8.806348929,0.201075375,20.25718444,66.51698408,2.436500858,115.520458,243.3552577,8.41902355,0.221533505
3.761141795,66.0,2.73e-08,3.851800235,66.00001043,0.000255865,4.022371283,66.13511828,8.30104403,12.07703274,71.60408019,405.1107078,98.13385524,70.85986639,373.5451878,3.761141795,66.0,2.73e-08,3.851800235,66.00001043,0.000255865,4.022371283,66.13511828,8.30104403,12.07703274,71.60408019,405.1107078,98.13385524,70.85986639,373.5451878,3.761141794,66.0,3.91e-05,122.3315168,1.54e-09,6.6200000000000005e-22,1.36e-12,3.851795012,66.0000012,0.010399675,122.3315179,0.000108522,2.76e-12,8.87e-08,3.994446896,66.08378992,2.744826341,122.4032944,7.553533548,0.010517363,0.005205238,9.813678433,71.75136629,22.01237725,121.9189089,531.7390797,23.13048491,0.071005434,76.93556951,71.44015709,21.43962779,117.1387807,565.232251,49.84549507,0.128188627,3.761141794,1.040842814,3.782552183,3.851795012,1.103021705,3.944749619,3.994446896,1.185479194,4.097637724,9.813678433,1.68074617,3.875162878,76.93556951,1.906131019,9056837.234,1.948053037,66.0,9.54e-07,122.3315168,9.09e-13,0.0,0.0,1.968499901,66.0,0.0,122.3315168,1.82e-12,4.95e-157,0.0,1.990335853,66.0,0.0,122.3315168,1.46e-06,-3.41e-28,0.0,3.143643315,66.0,9.54e-07,120.2521281,85.56116163,-3.28e-14,-3.72e-09,20.16193833,66.00000033,0.001981792,115.536358,235.5496964,-1.73e-06,-5.68e-05
20.68263745,147.0398169,37479.33601,22.02756534,145.8390487,36904.10306,24.22226196,142.0697071,35428.58768,34.28206144,121.8562266,26789.38112,69.85205643,100.6090558,14062.96546,20.68263745,147.0398169,37479.33601,22.02756534,145.8390487,36904.10306,24.22226196,142.0697071,35428.58768,34.28206144,121.8562266,26789.38112,69.85205643,100.6090558,14062.96546,19.91775267,150.3823341,196.5108624,351.8635963,165738.0596,-31005.92057,-0.393013246,21.07279393,149.7282657,195.5177503,356.3910485,171301.7936,-32918.5129,-0.412020851,22.33822159,148.9902708,194.4244589,360.9068778,176868.2409,-34785.61542,-0.430427581,23.69780983,145.8493036,191.4224685,356.5922453,173413.7599,-30701.55252,-0.389569388,32.01800602,125.2823358,168.5378256,293.0153211,137194.7502,-1878.473647,-0.030422563,19.91775267,0.258423833,1.673092125,21.07279393,0.274918522,1.777130971,22.33822159,0.303614737,2.246492967,23.69780983,1.211898109,30.26903173,32.01800602,5.039224375,2969948.444,1.0,74.0,0.0,74.0,0.0,0.0,0.0,1.0,74.0,0.0,74.0,0.0,0.0,0.0,1.0,74.0,0.0,74.0,0.0,0.0,0.0,1.0,74.0,0.0,74.0,0.0,0.0,0.0,1.0,74.0,0.0,74.0,0.0,0.0,0.0
1.0,74.0,6.37e-12,1.000000065,73.9999999,1.4e-06,1.006154383,73.97317453,0.374836788,4.595374345,71.8876211,38.87129412,32.51294589,76.27938376,298.9106764,1.0,74.0,6.37e-12,1.000000065,73.9999999,1.4e-06,1.006154383,73.97317453,0.374836788,4.595374345,71.8876211,38.87129412,32.51294589,76.27938376,298.9106764,1.0,74.0,0.0,74.0,0.0,0.0,0.0,1.000000058,74.0,0.0,124.8740812,4645.819044,1.9600000000000001e-224,0.0,1.004196651,74.0,1.35e-06,126.0373495,4718.275837,4.43e-82,4.78e-78,3.058614551,74.00000657,0.031932932,126.1787513,4693.488597,3.62e-10,1.65e-10,12.01272026,77.32504644,22.42112058,128.1369144,4713.292893,74.88641704,0.048789426,1.0,8.014883041,1.39e-11,1.000000058,8.01488281,9.29e-07,1.004196651,7.997832766,0.075062222,3.058614551,8.54645497,441.6833195,12.01272026,18.42003154,2374.080741,1.0,74.0,0.0,74.0,0.0,0.0,0.0,1.000000058,74.0,0.0,74.0,0.0,0.0,0.0,1.00419665,74.0,9.54e-07,74.0,9.09e-13,0.0,0.0,2.739645178,74.0,0.0,74.0,0.0,0.0,0.0,4.674479947,74.0,9.54e-07,74.0,9.09e-13,0.0,0.0
1.000392543,65.99999995,3.09e-07,1.011921819,65.99991429,0.000516991,1.401908079,65.93956416,4.565153575,9.962351911,71.04859703,433.3336545,97.28667085,71.21164265,393.8606398,1.000392543,65.99999995,3.09e-07,1.011921819,65.99991429,0.000516991,1.401908079,65.93956416,4.565153575,9.962351911,71.04859703,433.3336545,97.28667085,71.21164265,393.8606398,1.000392534,66.0,9.54e-07,105.5188447,337.5410388,1.96e-13,1.12e-08,1.011907336,66.00000003,0.001594867,106.194833,340.5459743,4.58e-07,1.56e-05,1.374746577,66.04467398,2.0046601,107.3763725,343.8775868,0.881882994,0.023723738,7.775766643,72.38112236,23.09940015,119.3571835,616.9336511,149.420031,0.367584155,75.12645411,71.94093307,22.15533832,117.6317342,590.9824081,88.51139232,0.220214543,1.000392534,2.426723094,0.002369103,1.011907336,2.425892025,0.071420531,1.374746577,2.43185457,1.634645686,7.775766643,2.096911457,3.244830474,75.12645411,1.945293816,17.12948586,1.0,66.0,9.54e-07,136.0771779,0.000368966,-7.65e-35,-4.1800000000000005e-27,1.000000001,66.00000003,0.001604334,136.07374,0.208712235,-1.52e-19,-2.08e-16,1.001468057,66.06132537,2.348514901,134.2413158,108.9024978,-0.000291664,-1.19e-05,2.652637546,84.70520087,36.51826308,125.5638862,1507.166134,-84.02580349,-0.086829595,19.66761137,88.3342089,38.81597624,122.515953,1638.299941,86.8501395,0.088211483
1.000079718,60.00239085,0.071713365,1.005421066,60.16125043,4.804950525,1.395753653,68.12842504,172.8699185,4.51990919,80.19115577,180.5215539,32.99510162,95.02390016,1951.601296,1.000079718,60.00239085,0.071713365,1.005421066,60.16125043,4.804950525,1.395753653,68.12842504,172.8699185,4.51990919,80.19115577,180.5215539,32.99510162,95.02390016,1951.601296,1.0,60.0,0.0,84.85281374,4.55e-13,0.0,0.0,1.0,60.0,0.0,84.85281374,4.55e-13,-2.5899999999999998e-138,0.0,1.0,60.0,0.0,84.85281374,4.55e-13,1.99e-49,0.0,1.023821914,60.0,6.74e-07,84.85281374,1.02e-12,2.2599999999999998e-30,3.51e-18,4.673214454,60.70824589,21.29866556,86.63076997,1567.276188,266.0557135,0.322512823,1.0,60.61820102,0.0,1.0,60.61820102,0.0,1.0,60.61820102,0.0,1.023821914,59.77189015,40.65810112,4.673214454,36.34726038,459.5073621,1.0,60.0,0.0,84.85281374,4.55e-13,0.0,0.0,1.0,60.0,0.0,84.85281374,4.55e-13,-1.04e-302,0.0,1.0,60.0,0.0,84.85281374,4.55e-13,1.4000000000000002e-72,0.0,1.023821914,60.0,6.74e-07,84.85281374,1.02e-12,1.45e-30,2.25e-18,4.643949083,60.0,1.17e-06,84.85281374,1.44e-12,-1.99e-30,-2.52e-18
1.000000038,60.00000114,3.43e-05,1.000054884,60.00164642,0.04938995,1.079048825,62.19773627,61.10204348,3.28401636,80.28370236,197.0824894,18.00221507,81.63857441,180.9201916,1.000000038,60.00000114,3.43e-05,1.000054884,60.00164642,0.04938995,1.079048825,62.19773627,61.10204348,3.28401636,80.28370236,197.0824894,18.00221507,81.63857441,180.9201916,1.0,60.0,0.0,84.85281374,0.0,0.0,0.0,1.0,60.0,0.0,84.85281374,0.0,0.0,0.0,1.0,60.0,6.74e-07,84.85281374,6.43e-13,-5.0400000000000004e-29,-1.11e-16,1.063614286,60.0,9.54e-07,84.85281374,1.29e-12,-4.73e-29,-5.2e-17,4.199692731,60.0,0.000112951,84.85281375,2.05e-07,6.5e-18,1.27e-10,1.0,40.64978409,0.0,1.0,40.64978409,0.0,1.0,40.64978409,2.27e-13,1.063614286,40.63493717,0.003686476,4.199692731,39.30106445,18.40996001,1.0,60.0,0.0,84.85281374,0.0,0.0,0.0,1.0,60.0,0.0,84.85281374,0.0,0.0,0.0,1.0,60.0,6.74e-07,84.85281374,6.43e-13,-5.0400000000000004e-29,-1.11e-16,1.063614286,60.0,9.54e-07,84.85281374,1.29e-12,-4.1600000000000003e-29,-4.58e-17,4.199692731,60.0,9.54e-07,84.85281374,1.29e-12,-3.41e-29,-3.75e-17
1.000000886,72.00000177,3.54e-06,1.000233565,72.00046701,0.00093397,1.062957878,72.10571622,0.384566459,6.038695205,74.81816477,147.7624161,55.82207415,97.65082689,13796.36555,1.000000886,72.00000177,3.54e-06,1.000233565,72.00046701,0.00093397,1.062957878,72.10571622,0.384566459,6.038695205,74.81816477,147.7624161,55.82207415,97.65082689,13796.36555,1.0,72.0,0.0,93.72299611,1.77e-11,-9.53e-31,0.0,1.000000001,71.99999999,0.000389598,93.72299624,7.51e-06,-2.12e-18,-1.98e-12,1.00104959,71.98745518,0.387869612,93.77835167,4.322419574,0.00026219,0.000325235,2.498279968,67.93741896,6.099280459,101.9122374,471.9285781,75.21513701,0.568545564,24.60911289,115.403228,172.8724349,210.5823019,78576.54069,7848.179542,0.168407221,1.0,9.940476894,1.42e-14,1.000000001,9.940476889,2.45e-08,1.00104959,9.935406793,0.024983839,2.498279968,8.694434993,48.51417095,24.60911289,6.302335305,95.14502594,1.0,72.0,0.0,72.0,0.0,0.0,0.0,1.0,72.0,0.0,72.0,0.0,0.0,0.0,1.0,72.0,0.0,72.0,0.0,0.0,0.0,1.0,72.0,0.0,72.0,0.0,0.0,0.0,1.0,72.0,0.0,72.0,0.0,0.0,0.0
1.998407345,102.0,1.82e-12,1.999044102,102.0,1.82e-11,1.999708482,101.9994341,0.02374455,2.999924645,96.13337537,199.0910182,28.33615549,91.36635394,306.1420973,1.998407345,102.0,1.82e-12,1.999044102,102.0,1.82e-11,1.999708482,101.9994341,0.02374455,2.999924645,96.13337537,199.0910182,28.33615549,91.36635394,306.1420973,1.0,102.0,0.0,144.2497834,0.0,0.0,0.0,1.0,102.0,0.0,144.2497834,0.0,0.0,0.0,1.0,102.0,1.35e-06,144.2497834,1.82e-12,8.99e-64,0.0,1.07200684,102.0,1.35e-06,144.2497834,2.57e-12,2.66e-41,1.46e-29,4.223627837,102.0,0.0,144.2497834,3.64e-12,4.75e-29,0.0,1.0,39.01424789,0.0,1.0,39.01424789,0.0,1.0,39.01424789,1.36e-12,1.07200684,38.96217102,0.05136242,4.223627837,38.9806667,0.264348051,1.0,102.0,0.0,144.2497834,0.0,0.0,0.0,1.0,102.0,0.0,144.2497834,0.0,0.0,0.0,1.0,102.0,1.35e-06,144.2497834,1.82e-12,8.99e-64,0.0,1.07200684,102.0,1.35e-06,144.2497834,2.57e-12,2.66e-41,1.46e-29,4.223627837,102.0,0.0,144.2497834,3.64e-12,4.75e-29,0.0
2.999885149,90.0,0.0,2.999931088,90.0,1.82e-12,2.999977029,90.0,7.26e-09,3.286323894,89.15707844,24.57713,17.09964315,83.1150489,159.1459814,2.999885149,90.0,0.0,2.999931088,90.0,1.82e-12,2.999977029,90.0,7.26e-09,3.286323894,89.15707844,24.57713,17.09964315,83.1150489,159.1459814,1.0,90.0,0.0,108.1665383,0.0,0.0,0.0,1.0,90.0,0.0,108.1665383,0.0,0.0,0.0,1.0,90.0,1.35e-06,108.1665383,1.87e-12,1.63e-40,1.79e-28,1.064668014,89.99999858,0.006519555,108.166538,4.26e-05,-5.16e-13,-4.48e-08,4.60338392,88.62097363,6.282441992,107.0877364,39.46969657,-0.127433717,-0.043139715,1.0,40.41204405,0.0,1.0,40.41204405,0.0,1.0,40.41204405,4.55e-13,1.064668014,40.41209315,0.000179571,4.60338392,35.82859831,133.5952433,1.0,90.0,0.0,108.1665383,0.0,0.0,0.0,1.0,90.0,0.0,108.1665383,0.0,0.0,0.0,1.0,90.0,1.35e-06,108.1665383,1.87e-12,1.63e-40,1.79e-28,1.064668003,89.99999858,0.006519555,108.166538,4.26e-05,-5.16e-13,-4.48e-08,3.89374177,88.56485803,6.402704643,107.0476391,40.99533437,-0.250882422,-0.079838899
1.999990156,101.9999985,6.3e-05,2.000045613,101.9989172,0.045474491,2.038381817,101.2308185,31.62718044,3.766193425,92.15920402,293.0303984,29.36191322,92.29029837,287.8425318,1.999990156,101.9999985,6.3e-05,2.000045613,101.9989172,0.045474491,2.038381817,101.2308185,31.62718044,3.766193425,92.15920402,293.0303984,29.36191322,92.29029837,287.8425318,1.0,102.0,0.0,144.2497834,0.0,0.0,0.0,1.0,102.0,0.0,144.2497834,0.0,0.0,0.0,1.0,102.0,0.0,144.2497834,0.0,9.08e-75,0.0,1.071644558,102.0,0.0,144.2497834,3.64e-12,-7.3099999999999994e-68,0.0,4.219580337,102.0,1.91e-06,144.2497834,4.07e-12,-1.41e-28,-5.46e-17,1.0,39.02916884,0.0,1.0,39.02916884,0.0,1.0,39.02916884,2.27e-13,1.071644558,39.0282558,1.18e-05,4.219580337,39.02269171,0.001307925,1.0,102.0,0.0,144.2497834,0.0,0.0,0.0,1.0,102.0,0.0,144.2497834,0.0,0.0,0.0,1.0,102.0,0.0,144.2497834,0.0,9.08e-75,0.0,1.071644558,102.0,0.0,144.2497834,3.64e-12,-7.3099999999999994e-68,0.0,4.219580337,102.0,1.91e-06,144.2497834,4.07e-12,-1.41e-28,-5.46e-17
2.976609801,102.0,3.64e-12,2.985932702,102.0,0.0,2.995300405,101.9999992,3.23e-06,3.772814331,100.1230296,64.33710026,29.41057014,93.22865611,267.2049266,2.976609801,102.0,3.64e-12,2.985932702,102.0,0.0,2.995300405,101.9999992,3.23e-06,3.772814331,100.1230296,64.33710026,29.41057014,93.22865611,267.2049266,1.0,102.0,0.0,144.2497834,0.0,0.0,0.0,1.0,102.0,0.0,144.2497834,0.0,0.0,0.0,1.0,102.0,1.91e-06,144.2497834,3.64e-12,7.3e-192,0.0,1.071652207,102.0,0.0,144.2497834,1.82e-12,7.370000000000001e-47,0.0,4.219088256,102.0,0.0,144.2497834,3.64e-12,1.0400000000000001e-29,0.0,1.0,39.02673602,0.0,1.0,39.02673602,0.0,1.0,39.02673602,2.27e-13,1.071652207,39.02681825,5.93e-07,4.219088256,39.02792628,0.003670661,1.0,102.0,0.0,144.2497834,0.0,0.0,0.0,1.0,102.0,0.0,144.2497834,0.0,0.0,0.0,1.0,102.0,1.91e-06,144.2497834,3.64e-12,7.3e-192,0.0,1.071652207,102.0,0.0,144.2497834,1.82e-12,7.370000000000001e-47,0.0,4.219088256,102.0,0.0,144.2497834,3.64e-12,1.0400000000000001e-29,0.0
1.003508317,60.02097631,0.125417869,1.034264957,60.1987786,1.153158803,1.488439155,61.9833722,9.352762056,9.762959173,70.16277122,401.8151591,93.89560331,70.89192576,388.1672798,1.003508317,60.02097631,0.125417869,1.034264957,60.1987786,1.153158803,1.488439155,61.9833722,9.352762056,9.762959173,70.16277122,401.8151591,93.89560331,70.89192576,388.1672798,1.0,60.0,0.0,84.85281374,0.0,0.0,0.0,1.0,60.0,0.0,84.85281374,0.0,0.0,0.0,1.0,60.0,0.0,84.85281374,0.0,8.25e-119,0.0,1.032456642,60.0,6.74e-07,84.85281374,6.43e-13,1.4099999999999999e-42,3.11e-30,3.492358332,60.0,1.17e-06,84.85281374,1.36e-12,4.68e-30,0.0,1.0,49.92667913,0.0,1.0,49.92667913,0.0,1.0,49.92667913,4.55e-13,1.032456642,49.9144308,0.005560732,3.492358332,48.72528459,15.52775977,1.0,60.0,0.0,84.85281374,0.0,0.0,0.0,1.0,60.0,0.0,84.85281374,0.0,0.0,0.0,1.0,60.0,0.0,84.85281374,0.0,8.25e-119,0.0,1.032456642,60.0,6.74e-07,84.85281374,6.43e-13,1.4099999999999999e-42,3.11e-30,3.492358332,60.0,1.17e-06,84.85281374,1.36e-12,4.68e-30,0.0
1.000000831,66.0,0.0,1.000229931,66.0,3.82e-11,1.097169743,66.00030495,0.013274915,9.263893203,68.29763411,172.1567775,103.3775109,70.70857795,340.938055,1.000000831,66.0,0.0,1.000229931,66.0,3.82e-11,1.097169743,66.00030495,0.013274915,9.263893203,68.29763411,172.1567775,103.3775109,70.70857795,340.938055,1.000000001,66.0,1.35e-06,122.3315168,7.1e-11,-1.23e-35,-1.0799999999999999e-24,1.000005224,66.0,9.54e-07,122.3315166,1.04e-05,-3.9e-34,-1.27e-25,1.036200018,66.00000121,0.010418922,122.2707957,2.66379951,-7e-09,-4.11e-07,6.809151102,68.52245717,14.72676598,115.8199409,363.7464679,-1.312857696,-0.005216799,80.39225769,71.53229723,20.4900161,116.750277,535.0450739,58.78352827,0.157528197,1.000000001,6.373179195,2.18e-08,1.000005224,6.37316093,0.000150663,1.036200018,6.25113063,0.992088788,6.809151102,2.709384034,12.98185924,80.39225769,1.841596821,10.44035088,1.0,66.0,0.0,93.33809512,0.0,-1.4999999999999998e-42,0.0,1.0,66.0,9.54e-07,93.33809512,2.91e-07,-2.39e-24,-4.65e-15,1.000029762,66.00000125,0.01060567,93.35569204,1.318138027,-3e-06,-0.000246141,1.920652093,74.77084787,26.6917316,109.1825397,890.8772791,80.82479033,0.130932116,18.79889897,87.05648357,38.10128046,120.5602872,1578.357788,118.0057718,0.124436904
1.09723162,60.0000495,0.001227094,1.337188987,60.01050516,2.998771151,2.984915634,73.81106179,8335.347633,48.85806884,131.9762352,38641.86964,171.8466497,133.6669845,37342.1886,1.09723162,60.0000495,0.001227094,1.337188987,60.01050516,2.998771151,2.984915634,73.81106179,8335.347633,48.85806884,131.9762352,38641.86964,171.8466497,133.6669845,37342.1886,1.032189899,60.0,0.0,60.0,0.0,0.0,0.0,1.142531472,60.0,6.74e-07,60.0,4.55e-13,0.0,0.0,1.970240916,60.0,0.0,60.0,0.0,0.0,0.0,13.89372187,60.0,0.0,60.0,0.0,0.0,0.0,37.22322875,60.0,1.17e-06,60.0,1.36e-12,0.0,0.0,1.032189899,1.000596593,4.55e-06,1.142531472,1.001171692,0.000261453,1.970240916,1.024875914,0.009105551,13.89372187,7.960630069,12578.04067,37.22322875,37.45545705,64998.87623,1.032189899,60.0,0.0,60.0,0.0,0.0,0.0,1.142531472,60.0,6.74e-07,60.0,4.55e-13,0.0,0.0,1.970240916,60.0,0.0,60.0,0.0,0.0,0.0,13.89372187,60.0,0.0,60.0,0.0,0.0,0.0,37.22322875,60.0,1.17e-06,60.0,1.36e-12,0.0,0.0
1.09443917,87.82485272,329.4657696,1.402606005,92.38905831,6981.065921,7.089230071,138.9316264,43320.26671,46.2731128,129.7223869,39849.69191,267.434781,124.6997279,34806.93697,1.09443917,87.82485272,329.4657696,1.402606005,92.38905831,6981.065921,7.089230071,138.9316264,43320.26671,46.2731128,129.7223869,39849.69191,267.434781,124.6997279,34806.93697,1.0,90.0,0.0,90.0,0.0,0.0,0.0,1.0,90.0,0.0,114.0175425,0.0,0.0,0.0,1.0,90.0,1.65e-06,114.0175425,2.73e-12,0.0,0.0,1.04821495,89.99999999,0.000625446,114.0175425,3.91e-07,-4.58e-28,-5.43e-19,4.090071986,89.05401265,5.242587961,113.2723142,27.48472853,-1.15e-17,0.0,1.0,44.42839408,0.0,1.0,44.42839408,0.0,1.0,44.42839408,4.55e-13,1.04821495,44.42312295,0.000587181,4.090071986,40.88440961,116.1761653,1.0,90.0,0.0,90.0,0.0,0.0,0.0,1.0,90.0,0.0,90.0,0.0,0.0,0.0,1.0,90.0,1.65e-06,90.0,2.73e-12,0.0,0.0,1.04821495,89.99999999,0.000625446,89.99999999,3.91e-07,0.0,0.0,4.090071986,89.05401265,5.242587961,89.05401265,27.48472853,0.0,0.0
1.000000035,60.00000214,0.000630584,1.000041669,60.00396664,1.213107811,1.053804494,67.09706361,2165.244259,2.43463841,153.4366923,20611.84788,12.81675843,174.8043207,22521.6058,1.000000035,60.00000214,0.000630584,1.000041669,60.00396664,1.213107811,1.053804494,67.09706361,2165.244259,2.43463841,153.4366923,20611.84788,12.81675843,174.8043207,22521.6058,1.0,60.0,0.0,84.85281374,0.0,0.0,0.0,1.0,60.0,0.0,84.85281374,0.0,0.0,0.0,1.0,60.0,0.0,84.85281374,0.0,-4.85e-83,0.0,1.017581176,60.0,0.0,84.85281374,0.0,1.97e-34,0.0,3.529602008,60.0,0.0,84.85281374,9.09e-13,-2.56e-29,0.0,1.0,59.86462998,0.0,1.0,59.86462998,0.0,1.0,59.86462998,0.0,1.017581176,59.40313731,12.34860618,3.529602008,48.79274068,207.911178,1.0,60.0,0.0,84.85281374,0.0,0.0,0.0,1.0,60.0,0.0,84.85281374,0.0,0.0,0.0,1.0,60.0,0.0,84.85281374,0.0,-4.85e-83,0.0,1.017581176,60.0,0.0,84.85281374,0.0,1.97e-34,0.0,3.529602008,60.0,0.0,84.85281374,9.09e-13,-2.56e-29,0.0
1.321737674,148.5765989,9184.455679,1.786486085,178.8908239,12320.6588,3.621085561,182.2906964,13178.27377,10.48678689,145.3452652,9907.093664,32.65564314,177.8626757,14559.25243,1.321737674,148.5765989,9184.455679,1.786486085,178.8908239,12320.6588,3.621085561,182.2906964,13178.27377,10.48678689,145.3452652,9907.093664,32.65564314,177.8626757,14559.25243,1.033412358,97.95889618,1.249101927,137.6727898,46.46087193,0.809689465,0.095126046,1.160821368,97.44532123,4.557425231,135.400423,137.3111902,11.6913635,0.220194126,2.263395733,93.68779941,12.05274029,130.1085949,275.1838586,90.36881973,0.490442974,8.151737736,92.45128157,13.41875643,130.2073862,269.121978,119.1343708,0.627767888,20.15845725,83.5455163,18.44825958,118.4024522,969.6426906,450.872011,0.811085122,1.033412358,0.998647135,0.001127372,1.160821368,0.982513701,0.014454311,2.263395733,0.901148956,0.325094343,8.151737736,2.563127578,27.95848317,20.15845725,7.736274606,117.5201135,1.032294537,98.0,1.91e-06,138.5929291,3.64e-12,0.0,0.0,1.14387708,98.0,1.35e-06,138.5929291,2.57e-12,0.0,0.0,2.006547933,98.0,1.35e-06,138.5929291,4.07e-12,4.68e-30,1.82e-18,6.96142991,98.0,0.0,138.5929291,0.0,5.66e-29,0.0,12.49056009,98.0,2.34e-06,138.5929291,5.75e-12,-3.02e-28,-9.58e-17
2.999940508,90.0,9.09e-13,2.999964304,90.0,1.82e-12,2.999988101,90.0,5.64e-10,3.292297575,89.00132746,25.20888737,32.23573873,82.0536099,2268.5643,2.999940508,90.0,9.09e-13,2.999964304,90.0,1.82e-12,2.999988101,90.0,5.64e-10,3.292297575,89.00132746,25.20888737,32.23573873,82.0536099,2268.5643,1.0,90.0,0.0,108.1665383,0.0,-3e-323,0.0,1.0,90.0,0.0,108.1665383,0.0,-1.86e-193,0.0,1.0,90.0,1.35e-06,108.1665383,1.87e-12,2.13e-40,2.34e-28,1.055050996,89.93623866,1.381584073,108.158298,1.915048275,-0.000862907,-0.001587015,5.258252671,86.55877914,9.560053598,105.4821332,91.39591764,0.375024746,0.056263295,1.0,44.00931215,0.0,1.0,44.00931215,0.0,1.0,44.00931215,0.0,1.055050996,43.61841959,9.63961811,5.258252671,31.52218351,302.9148177,1.0,90.0,0.0,108.1665383,0.0,-3e-323,0.0,1.0,90.0,0.0,108.1665383,0.0,-1.86e-193,0.0,1.0,90.0,1.35e-06,108.1665383,1.87e-12,2.13e-40,2.34e-28,1.055050996,89.93623866,1.381584073,108.158298,1.915048275,-0.000862907,-0.001587015,5.258252671,86.55877914,9.560053598,105.4821332,91.39591764,0.375024746,0.056263295
1.0,330.0,0.0,1.0,330.0,0.0,1.000001313,329.9996605,0.091654117,1.741911831,281.0865791,10814.10089,18.46158467,229.1039288,17096.37272,1.0,330.0,0.0,1.0,330.0,0.0,1.000001313,329.9996605,0.091654117,1.741911831,281.0865791,10814.10089,18.46158467,229.1039288,17096.37272,1.0,330.0,0.0,431.4904402,0.0,0.0,0.0,1.0,330.0,0.0,431.4904402,0.0,0.0,0.0,1.000000028,330.0,0.0,431.4904402,0.0,-9.65e-199,0.0,1.213169734,330.0,6.61e-06,431.4904402,4.37e-11,3.13e-32,0.0,6.276177153,330.0,0.0,431.4904402,0.0,1.67e-31,0.0,1.0,25.10099912,0.0,1.0,25.10099912,0.0,1.000000028,25.10099911,1.91e-10,1.213169734,25.08710139,0.000936422,6.276177153,25.03931656,0.00277823,1.0,330.0,0.0,431.4904402,0.0,0.0,0.0,1.0,330.0,0.0,431.4904402,0.0,0.0,0.0,1.000000028,330.0,0.0,431.4904402,0.0,-9.65e-199,0.0,1.213169734,330.0,6.61e-06,431.4904402,4.37e-11,3.13e-32,0.0,6.276177153,330.0,0.0,431.4904402,0.0,1.67e-31,0.0
1.05584018,66.0,1.53e-08,1.177153832,66.00000731,0.000658032,1.640555984,66.25534563,22.60176259,11.34445189,71.74264095,463.3929061,100.5912674,70.86286709,380.7293073,1.05584018,66.0,1.53e-08,1.177153832,66.00000731,0.000658032,1.640555984,66.25534563,22.60176259,11.34445189,71.74264095,463.3929061,100.5912674,70.86286709,380.7293073,1.000000083,66.0,0.000127265,122.3320916,0.010922631,6.69e-15,5.03e-10,1.000074572,66.00000861,0.027830073,122.3558569,0.46183635,5.51e-07,2.91e-05,1.077715129,66.3823828,5.850578331,123.3922648,40.07386129,1.095047762,0.041000948,7.746710993,74.31602209,25.19655433,122.6059019,688.7209538,145.9085521,0.354401651,75.6163723,72.03152749,21.97305354,118.0922805,578.5801723,79.8003902,0.203396516,1.000000083,4.90418667,1.2e-06,1.000074572,4.903921826,0.001078474,1.077715129,4.647191774,0.974413244,7.746710993,2.115278493,3.557462111,75.6163723,1.932885137,3.539838254,1.0,66.0,0.0,122.3315168,1.82e-12,2.68e-58,0.0,1.000000001,66.0,0.0,122.3315168,1.82e-12,1.1300000000000001e-66,0.0,1.000961647,66.0,9.54e-07,122.3314848,0.001405652,5.130000000000001e-37,1.44e-29,2.161364775,66.00000017,0.001426207,118.0350114,163.8034972,-7.35e-07,-4.02e-05,19.71573789,66.13033554,1.24380026,115.5144812,237.9688841,-0.248086608,-0.01292996
1.000001009,65.99999987,7.87e-07,1.000274762,65.99984796,0.000912203,1.103545467,65.84357922,1.225346188,9.999734305,69.81123816,332.5556817,99.15519946,71.62105549,1421.973989,1.000001009,65.99999987,7.87e-07,1.000274762,65.99984796,0.000912203,1.103545467,65.84357922,1.225346188,9.999734305,69.81123816,332.5556817,99.15519946,71.62105549,1421.973989,1.000000987,66.0,0.0,122.331502,0.0006512,-3.18e-25,0.0,1.000249221,66.0,2.24e-05,122.3282883,0.14185853,-3.79e-14,-4.48e-09,1.068370549,66.00333481,0.547833449,121.6181443,30.75627253,-0.004981934,-0.001639808,7.668817141,70.86707647,20.35555081,116.2939627,524.1703349,-16.55737526,-0.045396844,74.94765543,72.94094284,43.08835343,118.1756918,2108.810118,-18.62754217,-0.013670535,1.000000987,3.99010509,4.4e-06,1.000249221,3.990629019,0.001110352,1.068370549,4.097917243,0.318022282,7.668817141,2.262598229,7.555167902,74.94765543,1.968162045,8.816239905,1.0,66.0,0.0,122.3315168,0.0,-2.6100000000000004e-163,0.0,1.000000001,66.0,0.0,122.3315168,1.24e-06,1.81e-40,0.0,1.001784068,66.0,0.0,122.3014169,1.321508383,-4.08e-31,0.0,2.549720489,66.0,0.0,115.5413699,235.4235044,-3.08e-15,0.0,18.98411669,66.23211891,6.489208473,117.4996932,2751.899862,0.122415274,0.000359628
1.000010455,66.00004294,0.000687116,1.001313815,66.00725817,0.116078117,1.182506266,67.03471829,15.60362547,10.2750841,70.5296788,298.0911786,102.9867254,71.33804456,394.1974726,1.000010455,66.00004294,0.000687116,1.001313815,66.00725817,0.116078117,1.182506266,67.03471829,15.60362547,10.2750841,70.5296788,298.0911786,102.9867254,71.33804456,394.1974726,1.0,66.0,9.54e-07,105.1265431,335.1028536,2.41e-40,1.38e-35,1.000000022,66.0,0.0,105.9554724,339.6542087,2.81e-28,0.0,1.009336877,66.00000422,0.0194814,106.7564225,341.9037973,4.02e-07,1.12e-06,7.249663395,70.93537644,19.81681489,113.4100121,523.1735139,36.93201387,0.100238386,78.67393136,72.32992232,22.22061328,116.9871047,595.5548472,66.36418531,0.163664211,1.0,9.290541887,4.08e-12,1.000000022,9.290541699,1.68e-06,1.009336877,9.213320715,0.678925016,7.249663395,2.533025462,12.27360948,78.67393136,1.875458151,8.80656946,1.0,66.0,0.0,93.33809512,1.82e-12,1.1400000000000001e-35,0.0,1.0,66.0,0.0,93.33809515,1.93e-06,2.46e-20,0.0,1.000029776,66.00000426,0.019571815,93.37793952,2.553150548,4.74e-05,0.001515714,2.114695037,81.72765101,34.17791077,114.1931093,1250.461797,170.255986,0.235816293,19.13917985,90.12955189,39.86761129,122.6923741,1694.180313,112.1981985,0.116207819
1.032829118,61.20785372,44.43953067,1.144328754,64.79275963,159.1543211,1.976312077,78.77221739,360.9531528,5.909846064,107.9297175,4539.698911,25.94658712,183.6476359,15128.13097,1.032829118,61.20785372,44.43953067,1.144328754,64.79275963,159.1543211,1.976312077,78.77221739,360.9531528,5.909846064,107.9297175,4539.698911,25.94658712,183.6476359,15128.13097,1.032829118,61.20785372,6.666298123,115.5439369,44.43953067,1.14e-32,1.2600000000000001e-27,1.144328754,64.79275963,12.61563796,117.4823463,159.1543211,-1.34e-14,-7.86e-10,1.976311918,78.77219719,18.99863432,125.7339727,360.9481059,-0.000883553,-0.000640915,5.436640665,88.60071209,16.39592411,129.940459,288.0293998,45.61330375,0.273575547,15.29363311,81.7042329,18.80657131,116.6287173,493.0415836,441.0556607,1.265369863,1.032829118,0.99509964,1.04e-05,1.144328754,0.996189714,0.006211728,1.976311918,1.215864387,2.71543887,5.436640665,4.139386696,47.79799626,15.29363311,10.24125973,142.9830875,1.0,60.0,0.0,84.85281374,0.0,0.0,0.0,1.0,60.0,0.0,84.85281374,0.0,0.0,0.0,1.000003575,60.0,6.74e-07,84.85281374,4.55e-13,1.51e-94,0.0,1.344751338,60.0,0.0,84.85281374,4.55e-13,-5.17e-31,0.0,6.558449446,60.0,6.74e-07,84.85281374,6.43e-13,1.7299999999999999e-28,3.81e-16
1.99612888,60.0,9.77e-09,1.997675827,60.00000572,0.000217382,2.006814516,60.12938716,4.910065425,5.112114729,80.37301294,420.030219,33.47685491,89.49679129,345.879552,1.99612888,60.0,9.77e-09,1.997675827,60.00000572,0.000217382,2.006814516,60.12938716,4.910065425,5.112114729,80.37301294,420.030219,33.47685491,89.49679129,345.879552,1.99612888,60.0,9.88e-05,84.85281374,4.08e-08,2.03e-19,1.03e-11,1.997675827,60.00000572,0.014743874,84.85282884,0.000632448,1.01e-10,2.8e-07,2.006693933,60.12687114,2.192032616,85.06124809,7.964455618,0.032042248,0.005800027,3.258505029,68.07044086,15.54170959,95.17542412,316.9557403,5.662587423,0.025433233,14.53365764,73.20029218,18.09312215,102.5196237,450.0578136,64.25671013,0.20208447,1.99612888,3.603835179,13.03000359,1.997675827,3.606635257,13.03003315,2.006693933,3.616773671,13.19189178,3.258505029,7.342029718,79.75545096,14.53365764,10.63584744,103.1062048,1.99612888,60.0,0.0,84.85281374,0.0,0.0,0.0,1.997675527,60.0,1.17e-06,84.85281374,1.64e-12,2.3700000000000002e-29,2.13e-17,1.999994155,60.0,6.74e-07,84.85281374,1.02e-12,-2.1400000000000002e-29,-3.33e-17,2.566463657,60.0,6.74e-07,84.85281374,4.55e-13,5.57e-32,0.0,9.484962891,60.0,6.74e-07,84.85281374,2.77e-12,-3.11e-29,-2.79e-17
3.714932661,102.0,0.0,3.817648358,102.0,3.24e-09,3.935407641,101.9967531,0.136183602,5.79524326,95.27698799,337.8714388,36.55349193,93.4294919,642.2819252,3.714932661,102.0,0.0,3.817648358,102.0,3.24e-09,3.935407641,101.9967531,0.136183602,5.79524326,95.27698799,337.8714388,36.55349193,93.4294919,642.2819252,1.0,102.0,0.0,144.2497834,0.0,0.0,0.0,1.0,102.0,0.0,144.2497834,0.0,0.0,0.0,1.0,102.0,1.91e-06,144.2497834,3.64e-12,1.12e-87,0.0,1.070731778,102.0,0.0,144.2497834,0.0,-2.81e-41,0.0,4.219127108,102.0,0.0,144.2497834,3.64e-12,-3.97e-28,0.0,1.0,39.21958613,0.0,1.0,39.21958613,0.0,1.0,39.21958613,2.27e-13,1.070731778,39.20132047,0.010503485,4.219127108,39.02873357,0.355563235,1.0,102.0,0.0,144.2497834,0.0,0.0,0.0,1.0,102.0,0.0,144.2497834,0.0,0.0,0.0,1.0,102.0,1.91e-06,144.2497834,3.64e-12,1.12e-87,0.0,1.070731778,102.0,0.0,144.2497834,0.0,-2.81e-41,0.0,4.219127108,102.0,0.0,144.2497834,3.64e-12,-3.97e-28,0.0
1.997673383,330.0,0.0,1.998603379,330.0,0.0,1.999535205,329.9998777,0.033014484,2.732970897,299.7998381,7228.79963,24.88354859,205.7756662,15879.55423,1.997673383,330.0,0.0,1.998603379,330.0,0.0,1.999535205,329.9998777,0.033014484,2.732970897,299.7998381,7228.79963,24.88354859,205.7756662,15879.55423,1.0,330.0,0.0,431.4904402,0.0,0.0,0.0,1.0,330.0,0.0,431.4904402,0.0,0.0,0.0,1.000000028,330.0,5.39e-06,431.4904402,4.12e-11,-2.57e-34,-8.85e-24,1.213382174,330.0,5.39e-06,431.4904402,2.91e-11,-7.97e-78,0.0,6.273646164,329.9999958,0.031600913,431.490452,0.005066065,-1.82e-10,-8.18e-08,1.0,25.075315,0.0,1.0,25.075315,0.0,1.000000028,25.075315,2.61e-12,1.213382174,25.07522769,8.99e-05,6.273646164,25.0503562,0.023235566,1.0,330.0,0.0,431.4904402,0.0,0.0,0.0,1.0,330.0,0.0,431.4904402,0.0,0.0,0.0,1.000000028,330.0,5.39e-06,431.4904402,4.12e-11,-2.57e-34,-8.85e-24,1.213382174,330.0,5.39e-06,431.4904402,2.91e-11,-7.97e-78,0.0,6.273645622,329.9999958,0.031600914,431.490452,0.005066066,-1.82e-10,-8.18e-08
1.017475483,81.72519463,4.321367978,1.109080885,80.4263599,22.70189846,2.078887195,73.69642566,63.9078709,10.15609816,69.28055015,160.9621945,98.43688905,71.53936041,1541.767664,1.017475483,81.72519463,4.321367978,1.109080885,80.4263599,22.70189846,2.078887195,73.69642566,63.9078709,10.15609816,69.28055015,160.9621945,98.43688905,71.53936041,1541.767664,1.00000011,81.99999824,0.005306962,105.2615776,2.82e-05,-1.37e-44,0.0,1.000066815,81.99893104,0.13077556,105.2607462,0.017102247,-3.49e-26,0.0,1.040579179,81.37605242,3.097394168,104.7762471,9.593850633,-9.72e-08,-1.21e-05,2.383915081,73.63537629,7.991686277,99.9765881,68.00514413,-3.277559168,-0.08485427,18.6398836,70.39334478,7.136345207,99.52904166,71.90681897,1.392042157,0.027377793,1.00000011,4.623160317,1.2e-05,1.000066815,4.623855629,0.007259708,1.040579179,5.029672573,4.072392619,2.383915081,8.715371676,25.98128525,18.6398836,8.078201693,35.44051251,1.00000011,81.99999824,0.005306962,105.2615776,2.82e-05,-1.37e-44,0.0,1.000066815,81.99893104,0.13077556,105.2607462,0.017102247,-3.49e-26,0.0,1.040579179,81.37605242,3.097394168,104.7762471,9.593850633,-9.72e-08,-1.21e-05,2.383915081,73.63537629,7.991686277,99.9765881,68.00514413,-3.277559168,-0.08485427,18.6398836,70.39334478,7.136345207,99.52904166,71.90681897,1.392042157,0.027377793
1.0,380.0,3.49e-10,1.000000002,379.9999994,0.000201373,1.001319538,379.5873925,131.7907908,2.245497322,254.2803117,24115.78173,14.04613314,209.222934,26901.25746,1.0,380.0,3.49e-10,1.000000002,379.9999994,0.000201373,1.001319538,379.5873925,131.7907908,2.245497322,254.2803117,24115.78173,14.04613314,209.222934,26901.25746,1.0,380.0,0.0,537.4011537,0.0,-8.748707e-318,0.0,1.0,380.0,7.65e-05,537.4011537,5.85e-09,-5.5799999999999996e-189,0.0,1.000066695,379.9877586,1.960526383,537.3924978,3.843663699,-3.7200000000000004e-35,0.0,1.724747482,312.9390095,128.6854402,491.9459249,16561.89237,-3.679921277,-0.001793823,10.98103025,250.8750955,162.6645829,414.3623896,60637.80245,-1188.935383,-0.031291542,1.0,14.64660692,0.0,1.0,14.64660692,5.53e-11,1.000066695,14.64730578,0.064265847,1.724747482,20.86929606,420.0609784,10.98103025,15.25831726,453.8568212,1.0,380.0,0.0,537.4011537,0.0,-8.748707e-318,0.0,1.0,380.0,7.65e-05,537.4011537,5.85e-09,-5.5799999999999996e-189,0.0,1.000066695,379.9877586,1.960526383,537.3924978,3.843663699,-3.7200000000000004e-35,0.0,1.724747482,312.9390095,128.6854402,491.9459249,16561.89237,-3.679921277,-0.001793823,10.98103025,250.8750955,162.6645829,414.3623896,60637.80245,-1188.935383,-0.031291542
18.04093179,133.237953,31284.42779,18.89858909,132.1990548,30750.50986,20.80501381,128.141642,29096.71882,60.3850389,120.5441272,29897.8849,228.013379,125.1288479,33023.21498,18.04093179,133.237953,31284.42779,18.89858909,132.1990548,30750.50986,20.80501381,128.141642,29096.71882,60.3850389,120.5441272,29897.8849,228.013379,125.1288479,33023.21498,17.21839628,136.7365587,180.3065128,351.1030453,188641.3694,-29438.38322,-0.378754394,17.89934876,136.2280218,179.3324976,356.0280472,193783.0212,-29993.94272,-0.382603598,18.66140918,135.7805789,178.5100088,360.9897003,198847.434,-30330.98601,-0.383520566,36.21895937,154.1976439,215.6567339,354.33965,182038.9167,-11638.60233,-0.128642453,130.1602628,165.7597806,231.3230118,327.4099214,140387.205,-6878.850246,-0.082542554,17.21839628,0.438689779,3.856344342,17.89934876,0.459806064,4.033768332,18.66140918,0.482590146,4.260697961,36.21895937,0.718897339,14.5549427,130.1602628,1.251466869,44.09253493,1.991984998,69.9839055,3.999967621,101.8515932,15.99974097,0.0,0.0,1.995183261,69.99034326,3.999988343,101.8560168,15.99990675,0.0,0.0,1.998391835,69.99678108,3.999998705,101.8604406,15.99998964,0.0,0.0,1.999839067,69.99967811,3.999999987,101.8624314,15.9999999,0.0,0.0,1.999983906,69.99996781,4.0,101.8626305,16.0,0.0,0.0
2.992981869,66.0,0.0,2.995842118,66.00000001,1.81e-07,3.066058383,66.01374953,0.790910271,11.21669222,73.56921869,569.3189318,99.92458065,74.76376747,759.8962698,2.992981869,66.0,0.0,2.995842118,66.00000001,1.81e-07,3.066058383,66.01374953,0.790910271,11.21669222,73.56921869,569.3189318,99.92458065,74.76376747,759.8962698,2.992981869,66.0,9.54e-07,122.3315162,2.73e-05,2.67e-16,5.35e-08,2.995842107,66.0,0.000221532,122.3309505,0.024885557,4.57e-09,0.000130632,3.062804823,66.00772586,0.833826982,121.828433,21.95812579,0.049358327,0.012635597,9.549897132,74.04155668,25.60932853,117.035484,730.8967083,-196.8935539,-0.428039934,79.21184144,76.42406653,30.5061033,118.9511402,1016.348805,-173.5517295,-0.281464483,2.992981869,1.663491306,5.566281715,2.995842107,1.666599013,5.571509435,3.062804823,1.685838178,5.599822471,9.549897132,1.742767566,4.388012933,79.21184144,1.846496987,3.931879533,1.999941335,66.0,0.0,122.3315168,0.0,2.91e-74,0.0,1.999964801,66.0,0.0,122.3315168,0.0,-1.38e-31,0.0,2.000954663,66.0,0.0,122.3314838,0.001449706,7.57e-17,0.0,3.276439584,66.06225664,0.862092712,118.8272966,138.5913871,-0.070787468,-0.006974891,20.21267439,66.71208741,3.434238051,117.8905325,438.4972608,19.65460435,0.27335627
4.918729914,102.0,7.28e-12,4.951003877,102.0,1.63e-06,4.985300502,101.985979,0.587107859,6.381569225,97.78633371,149.0838834,31.38068883,94.05469092,247.4876313,4.918729914,102.0,7.28e-12,4.951003877,102.0,1.63e-06,4.985300502,101.985979,0.587107859,6.381569225,97.78633371,149.0838834,31.38068883,94.05469092,247.4876313,1.0,102.0,0.0,144.2497834,0.0,0.0,0.0,1.0,102.0,0.0,144.2497834,0.0,0.0,0.0,1.0,102.0,0.0,144.2497834,1.82e-12,0.0,0.0,1.071601782,102.0,0.0,144.2497834,3.64e-12,-1.5300000000000002e-37,0.0,4.218465028,101.9998012,0.09137152,144.24952,0.009662502,6.06e-08,9.51e-06,1.0,39.03721905,0.0,1.0,39.03721905,0.0,1.0,39.03721905,4.55e-13,1.071601782,39.03629624,1.2e-05,4.218465028,7165.146088,10700000000000.0,1.0,102.0,0.0,144.2497834,0.0,0.0,0.0,1.0,102.0,0.0,144.2497834,0.0,0.0,0.0,1.0,102.0,0.0,144.2497834,1.82e-12,0.0,0.0,1.071601782,102.0,0.0,144.2497834,3.64e-12,-1.5300000000000002e-37,0.0,4.218465028,101.9998012,0.09137152,144.24952,0.009662502,6.06e-08,9.51e-06
1.00000006,60.00001607,0.004339515,1.000060987,60.01646553,4.445423049,1.062483569,75.8784156,4035.048129,2.990745283,215.5779759,17665.2099,27.66559856,189.3646523,15620.91341,1.00000006,60.00001607,0.004339515,1.000060987,60.01646553,4.445423049,1.062483569,75.8784156,4035.048129,2.990745283,215.5779759,17665.2099,27.66559856,189.3646523,15620.91341,1.0,60.0,0.0,84.85281374,0.0,1.0899999999999999e-286,0.0,1.0,60.0,0.0,84.85281374,0.0,8.63e-171,0.0,1.000000029,60.0,6.74e-07,84.85281374,8.2e-12,-9.09e-35,-4.7099999999999995e-23,1.273943217,61.37960615,7.107863299,90.44885817,209.2968381,3.907951258,0.03857864,15.54632189,79.73108741,18.9859293,113.8992202,601.7205134,165.3599042,0.396793464,1.0,25.03840804,0.0,1.0,25.03840804,0.0,1.000000029,25.03840804,2.91e-11,1.273943217,23.74737097,27.16421226,15.54632189,10.03693597,130.3310782,1.0,60.0,0.0,84.85281374,0.0,0.0,0.0,1.0,60.0,0.0,84.85281374,0.0,0.0,0.0,1.000000029,60.0,6.74e-07,84.85281374,6.43e-13,4.25e-79,9.35e-67,1.227692167,60.0,9.54e-07,84.85281374,9.09e-13,5.43e-32,0.0,7.470339385,60.0,9.54e-07,84.85281374,1.02e-12,-3.22e-29,-5.01e-17
3.585539524,66.00000002,1.54e-06,3.739695834,66.00007612,0.006851119,3.945610865,66.33484254,30.02325459,11.89164569,71.96549929,481.5014545,98.09010305,71.79433454,621.3099263,3.585539524,66.00000002,1.54e-06,3.739695834,66.00007612,0.006851119,3.945610865,66.33484254,30.02325459,11.89164569,71.96549929,481.5014545,98.09010305,71.79433454,621.3099263,3.585539524,66.00000002,0.001240869,122.3315168,1.54e-06,3.29e-16,9.01e-10,3.739695829,66.00007612,0.082771488,122.3315759,0.006859687,5.94e-09,3.87e-06,3.943925603,66.33497946,5.480505486,122.5666067,30.10777184,0.059690995,0.007554609,10.4052622,72.48056245,23.26479708,120.3829299,609.8828756,-40.92232102,-0.104917453,77.84461583,72.69182012,27.65948831,118.0347961,875.6987286,22.46611791,0.039349053,3.585539524,1.286397337,5.821468536,3.739695829,1.368220954,6.090337689,3.943925603,1.456164303,6.338068641,10.4052622,1.704858143,7.825096364,77.84461583,1.896186924,1845.570179,1.816630214,66.0,9.54e-07,122.3315168,9.09e-13,4.47e-135,0.0,1.885554444,66.0,9.54e-07,122.3315168,9.09e-13,5.17e-50,0.0,1.961234259,66.0,0.0,122.3314869,0.001311671,7.6e-19,0.0,3.305678686,66.0000289,0.018622859,118.0889759,162.0609424,-0.000510488,-0.002153276,20.21942293,66.18820215,1.490974781,116.070603,224.5516713,1.168294082,0.052291894
1.000015747,65.99996883,0.000186997,1.002037844,65.99595807,0.024235871,1.269369834,65.60050274,2.57058524,9.924715675,68.20536794,166.2674589,101.2282326,70.84852474,390.8088048,1.000015747,65.99996883,0.000186997,1.002037844,65.99595807,0.024235871,1.269369834,65.60050274,2.57058524,9.924715675,68.20536794,166.2674589,101.2282326,70.84852474,390.8088048,1.000010553,66.0,9.54e-07,122.3315168,9.09e-13,-8.520000000000001e-33,0.0,1.001362807,66.0,9.54e-07,122.3315167,1.84e-06,3.7400000000000005e-21,2.89e-12,1.179117197,66.00000098,0.00864383,122.2917043,1.747565915,1.53e-05,0.001337321,7.459574195,68.50115666,14.05713083,116.2330793,360.1336189,51.7526341,0.212175215,76.5900449,72.11580069,22.17511092,117.6042674,598.9164198,68.91928192,0.168083109,1.000010553,3.506394537,7.68e-05,1.001362807,3.50504091,0.009898712,1.179117197,3.359112522,1.07180753,7.459574195,2.219696372,4.174116954,76.5900449,120.8979947,179175000000.0,1.0,66.0,0.0,93.33809512,0.0,-2.16e-96,0.0,1.0,66.0,9.54e-07,93.33809512,4.18e-07,-8.17e-36,-1.33e-26,1.000029792,66.00000115,0.00938595,93.36899398,2.313619793,6.66e-12,4.67e-10,2.086722818,74.94108383,25.47168991,114.2341116,926.4835381,61.52585512,0.093923644,21.19379506,88.09015032,37.73712577,123.2411308,1563.700564,150.1503026,0.156563591
1.0,90.0,0.0,1.0,90.0,0.0,1.000000044,89.99999912,0.000144047,2.035100375,98.32007585,5255.495755,32.784544,101.543138,7579.360559,1.0,90.0,0.0,1.0,90.0,0.0,1.000000044,89.99999912,0.000144047,2.035100375,98.32007585,5255.495755,32.784544,101.543138,7579.360559,1.0,90.0,0.0,244.1462784,965.1819019,5.11e-85,0.0,1.0,90.0,0.0,231.4394288,2560.165483,1.77e-49,0.0,1.000000003,90.00000036,0.01033888,203.685226,4755.988792,-4.42e-14,-6.19e-14,1.345749037,114.8341812,84.06318951,182.5843046,9198.247328,-9.221701072,-0.001429601,10.86571428,129.4128771,111.2860437,166.7790031,13141.20156,2909.88481,0.394431096,1.0,29.37966108,0.0,1.0,29.37966108,0.0,1.000000003,29.37966102,1.58e-06,1.345749037,24.38395974,102.2269472,10.86571428,14.43199067,146.2934009,1.0,90.0,0.0,108.1665383,0.0,-6.99e-296,0.0,1.0,90.0,0.0,108.1665383,0.0,-5.49e-177,0.0,1.0,90.0,9.54e-07,108.1665383,2.88e-12,-3.3500000000000003e-47,-2.1300000000000002e-35,1.072669549,89.89681173,1.756416895,108.1361011,3.090817701,-0.002260332,-0.002955894,3.481063093,85.07839377,11.10972452,104.3730566,123.4280113,-4.408665755,-0.47151042
1.0,60.0,0.0,1.0,60.0,0.0,1.0,60.0,8.47e-08,1.701566009,69.90565841,457.7222818,34.29559163,86.52013154,1337.957547,1.0,60.0,0.0,1.0,60.0,0.0,1.0,60.0,8.47e-08,1.701566009,69.90565841,457.7222818,34.29559163,86.52013154,1337.957547,1.0,60.0,0.0,60.0,0.0,0.0,0.0,1.0,60.0,0.0,60.0,0.0,0.0,0.0,1.0,60.0,0.0,60.0,0.0,0.0,0.0,1.000140962,60.0,6.74e-07,60.0,4.55e-13,0.0,0.0,1.718985934,60.0,0.0,60.0,0.0,0.0,0.0,1.0,127.9278779,0.0,1.0,127.9278779,0.0,1.0,127.9278779,0.0,1.000140962,127.9265733,0.012080451,1.718985934,125.8877957,44.2820849,1.0,60.0,0.0,60.0,0.0,0.0,0.0,1.0,60.0,0.0,60.0,0.0,0.0,0.0,1.0,60.0,0.0,60.0,0.0,0.0,0.0,1.000140962,60.0,6.74e-07,60.0,4.55e-13,0.0,0.0,1.718985934,60.0,0.0,60.0,0.0,0.0,0.0
1.000017702,66.0,0.0,1.001525898,66.0,2.55e-11,1.241004795,66.00077099,0.092306216,10.96474568,69.10704769,274.8283027,100.3669734,70.61106656,375.788062,1.000017702,66.0,0.0,1.001525898,66.0,2.55e-11,1.241004795,66.00077099,0.092306216,10.96474568,69.10704769,274.8283027,100.3669734,70.61106656,375.788062,1.000017702,66.0,9.54e-07,122.3305626,0.041929709,8.8e-23,4.51e-16,1.001525894,66.0,4.86e-06,122.2680454,2.783819509,2.33e-12,2.87e-07,1.239297519,66.00100678,0.301013735,117.508688,180.405395,0.013329206,0.003296805,8.987260447,69.73557109,17.95123691,113.070235,482.3049724,26.50727466,0.077949403,78.33842279,71.48313917,21.50590239,116.1050795,578.987605,-4.497093257,-0.011204538,1.000017702,3.159089394,3.19e-05,1.001525894,3.15702064,0.003479633,1.239297519,2.844901921,0.912458251,8.987260447,1.828869127,3.769598484,78.33842279,1.867882669,4.169286544,1.0,66.0,9.54e-07,122.3315168,2.03e-12,2.5200000000000003e-210,1.96e-198,1.000000002,66.0,9.54e-07,122.3315168,1.54e-06,5.92e-22,4.99e-13,1.00195347,66.0,1.35e-06,122.299158,1.420585336,5.45e-16,3.39e-10,2.543295741,66.0,5.14e-06,115.7468995,230.1868981,-1.24e-10,-1.59e-06,20.06785451,66.0457367,0.739424472,114.6213943,257.9701144,-0.360415833,-0.030347703
2.90817758,66.0,0.0,3.142546939,66.0,1.52e-07,3.824702573,66.00994098,0.833830631,12.20363424,71.40902303,1055.172837,115.8274204,115.2234738,50392.00636,2.90817758,66.0,0.0,3.142546939,66.0,1.52e-07,3.824702573,66.00994098,0.833830631,12.20363424,71.40902303,1055.172837,115.8274204,115.2234738,50392.00636,2.907876516,66.0,1.35e-06,120.0273564,94.10834722,5.68e-14,4.34e-09,3.134834447,66.0,0.000389915,117.9131619,167.7094419,-1.33e-08,-2.64e-06,3.626697524,66.00965204,0.931982036,114.5293393,259.6936312,-0.073629249,-0.004902452,9.491496909,71.9161826,36.61801697,118.9990406,1599.422407,35.75801897,0.033071003,92.33680175,127.0587972,250.0138082,177.3466838,74640.60431,42.28096668,0.000837309,2.907876516,0.35058642,0.649432003,3.134834447,0.545340136,1.336293562,3.626697524,0.978118199,2.647776967,9.491496909,1.745511516,4.153910099,92.33680175,1.584035246,3.7901247,1.871773682,66.0,1.35e-06,122.3315168,1.82e-12,6.599999999999999e-104,0.0,1.920963149,66.0,0.0,122.3315168,1.82e-12,1.57e-202,0.0,1.973872763,66.0,9.54e-07,122.3315168,1.34e-09,3.47e-25,9.91e-15,3.066265816,66.0,2.64e-05,121.2574884,45.65047802,-1.38e-10,-7.76e-07,19.64940978,66.05210544,0.789018534,116.3567218,214.7535659,-0.244482522,-0.021144204
1.0,102.0,0.0,1.0,102.0,1.09e-11,1.000089836,101.9996407,0.001437235,1.975245552,97.49524561,134.4726558,28.41622357,91.63455735,302.4510049,1.0,102.0,0.0,1.0,102.0,1.09e-11,1.000089836,101.9996407,0.001437235,1.975245552,97.49524561,134.4726558,28.41622357,91.63455735,302.4510049,1.0,102.0,0.0,144.2497834,0.0,0.0,0.0,1.0,102.0,0.0,144.2497834,0.0,0.0,0.0,1.0,102.0,0.0,144.2497834,1.82e-12,-5.2799999999999996e-40,0.0,1.071695693,102.0,1.91e-06,144.2497834,4.07e-12,-2.2900000000000002e-29,-8.91e-18,4.21941876,102.0,1.35e-06,144.2497834,5.75e-12,-3.77e-29,-1.2e-17,1.0,39.01787496,0.0,1.0,39.01787496,0.0,1.0,39.01787496,2.27e-13,1.071695693,39.01865075,9.43e-06,4.21941876,39.02441057,0.002148838,1.0,102.0,0.0,144.2497834,0.0,0.0,0.0,1.0,102.0,0.0,144.2497834,0.0,0.0,0.0,1.0,102.0,0.0,144.2497834,1.82e-12,-5.2799999999999996e-40,0.0,1.071695693,102.0,1.91e-06,144.2497834,4.07e-12,-2.2900000000000002e-29,-8.91e-18,4.21941876,102.0,1.35e-06,144.2497834,5.75e-12,-3.77e-29,-1.2e-17
1.002501841,66.0,2.29e-07,1.056186727,66.00003999,0.003599122,2.281107359,66.30660637,27.50055452,12.04770959,71.24243055,432.4598637,102.9697187,71.20129133,384.4427299,1.002501841,66.0,2.29e-07,1.056186727,66.00003999,0.003599122,2.281107359,66.30660637,27.50055452,12.04770959,71.24243055,432.4598637,102.9697187,71.20129133,384.4427299,1.0,66.0,0.0,93.33809512,9.09e-13,-1.0599999999999999e-95,0.0,1.0,66.0,1.35e-06,93.33809512,1.34e-07,-8.47e-36,-1.71e-26,1.000029732,66.00000039,0.002494157,93.3472133,0.20613828,6.58e-13,5.81e-10,1.941124003,67.630597,4.840527389,97.52521611,55.26761689,2.773525244,0.080987005,18.1045866,69.74555261,6.774769435,99.55684258,71.83238521,5.708313527,0.113349743,1.0,15.04013705,0.0,1.0,15.04013705,6.25e-13,1.000029732,15.03999044,0.000726309,1.941124003,11.4485647,25.57572621,18.1045866,8.306848754,31.53783873,1.0,66.0,0.0,93.33809512,9.09e-13,-5.85e-44,0.0,1.0,66.0,1.35e-06,93.33809512,1.34e-07,-1.06e-25,-2.15e-16,1.000029732,66.00000039,0.002494157,93.3472133,0.20613828,-1.6e-07,-0.000141632,1.941124003,67.630597,4.840527389,97.52521611,55.26761689,4.293418188,0.125367917,18.1045866,69.74555261,6.774769435,99.55684258,71.83238521,6.03958462,0.119927779
1.000000029,60.0000011,4.17e-05,1.000029936,60.00113752,0.043224373,1.031050161,61.1443735,42.17661805,2.854837565,84.07970072,388.5541772,28.53398584,92.73319913,276.0061795,1.000000029,60.0000011,4.17e-05,1.000029936,60.00113752,0.043224373,1.031050161,61.1443735,42.17661805,2.854837565,84.07970072,388.5541772,28.53398584,92.73319913,276.0061795,1.000000029,60.0000011,0.006455648,114.90866,4.17e-05,1.0300000000000001e-57,0.0,1.000029936,60.00113752,0.20790472,114.9092533,0.043224373,1.55e-33,0.0,1.031050065,61.14436969,6.494341084,115.5103187,42.17646611,-6.94e-08,-1.68e-06,1.948128638,75.73913479,18.71808639,119.434538,395.1985934,-15.70177465,-0.062039635,10.93639457,77.82240944,18.9633887,111.2278843,509.4099451,86.4724072,0.240063602,1.000000029,5.009260518,1.16e-05,1.000029936,5.00985997,0.01202708,1.031050065,5.612905617,11.73550246,1.948128638,13.33743148,98.29264411,10.93639457,14.22654401,113.8111732,1.0,60.0,0.0,84.85281374,0.0,0.0,0.0,1.0,60.0,0.0,84.85281374,0.0,-3.99e-192,0.0,1.000000001,60.0,0.0,84.85281374,0.0,5.19e-65,0.0,1.141237606,60.0,6.74e-07,84.85281374,1.44e-12,-9.779999999999999e-30,-1.24e-17,5.807057004,60.0,6.74e-07,84.85281374,1.87e-12,3.25e-29,3.58e-17
2.977054922,102.0,6.43e-08,2.986202071,101.9999852,0.000620333,3.00587044,101.8575553,5.946388728,4.589921957,94.94874107,229.5434068,29.43170988,93.44941028,260.7098757,2.977054922,102.0,6.43e-08,2.986202071,101.9999852,0.000620333,3.00587044,101.8575553,5.946388728,4.589921957,94.94874107,229.5434068,29.43170988,93.44941028,260.7098757,1.0,102.0,0.0,144.2497834,0.0,0.0,0.0,1.0,102.0,0.0,144.2497834,0.0,0.0,0.0,1.0,102.0,1.35e-06,144.2497834,4.07e-12,6.32e-110,2.46e-98,1.071678119,102.0,1.91e-06,144.2497834,3.64e-12,6.8e-54,0.0,4.202423817,102.0,1.35e-06,144.2497834,2.57e-12,4.91e-29,2.7e-17,1.0,39.02209115,0.0,1.0,39.02209115,0.0,1.0,39.02209115,0.0,1.071678119,39.02195074,3.06e-07,4.202423817,39.2316769,8.165726364,1.0,102.0,0.0,144.2497834,0.0,0.0,0.0,1.0,102.0,0.0,144.2497834,0.0,0.0,0.0,1.0,102.0,1.35e-06,144.2497834,4.07e-12,6.32e-110,2.46e-98,1.071678119,102.0,1.91e-06,144.2497834,3.64e-12,6.8e-54,0.0,4.202423817,102.0,1.35e-06,144.2497834,2.57e-12,4.91e-29,2.7e-17
1.352025073,147.7557864,18987.30831,1.53449563,175.3725029,22380.62152,1.811548949,206.6676701,24382.255,2.185019555,216.0646078,24531.9896,12.61604781,190.9774069,23176.95558,1.352025073,147.7557864,18987.30831,1.53449563,175.3725029,22380.62152,1.811548949,206.6676701,24382.255,2.185019555,216.0646078,24531.9896,12.61604781,190.9774069,23176.95558,1.352025073,147.7557864,137.7944422,407.715308,18987.30831,-1.1299999999999999e-204,0.0,1.53449563,175.3725029,149.6015425,418.5158477,22380.62152,3.7299999999999996e-67,0.0,1.811548949,206.6676701,156.1481828,432.563898,24382.255,1.77e-09,2.72e-07,2.162159425,217.7146513,156.6241551,445.0208915,24546.77589,560.5305775,0.120890152,10.34730264,219.6954574,153.8589705,403.0113283,31613.45801,-86.86387873,-0.003900277,1.352025073,11.30910342,344.2164961,1.53449563,15.02750406,405.7330821,1.811548949,19.24118274,442.0202298,2.162159425,20.11940344,435.9460308,10.34730264,16.15527279,451.5769728,1.352025073,147.7557864,137.7944422,407.715308,18987.30831,-1.1299999999999999e-204,0.0,1.53449563,175.3725029,149.6015425,418.5158477,22380.62152,3.7299999999999996e-67,0.0,1.811548949,206.6676701,156.1481828,432.563898,24382.255,1.77e-09,2.72e-07,2.162159425,217.7146513,156.6241551,445.0208915,24546.77589,560.5305775,0.120890152,10.34730264,219.6954574,153.8589705,403.0113283,31613.45801,-86.86387873,-0.003900277
1.944043623,66.00000001,6.23e-07,1.966043195,66.00005828,0.005245084,2.014113826,66.4842976,43.35222238,8.577801555,73.56611533,608.487656,97.49164636,70.93021854,389.4315254,1.944043623,66.00000001,6.23e-07,1.966043195,66.00005828,0.005245084,2.014113826,66.4842976,43.35222238,8.577801555,73.56611533,608.487656,97.49164636,70.93021854,389.4315254,1.944043623,66.00000001,0.000789358,136.0770303,0.002811004,-1.33e-12,-3.18e-08,1.966043195,66.00005828,0.072422954,136.0542832,0.418871296,-1.61e-06,-3.44e-05,2.014072045,66.4843074,6.584308018,133.5255823,60.9789693,-0.808525982,-0.01875175,7.497851148,74.37757504,26.14952985,122.083011,752.7813637,151.7325454,0.327036501,77.59142238,71.65176906,21.745191,116.108291,589.2951158,61.37826278,0.150514329,1.944043623,3.112088833,10.14991104,1.966043195,3.148772462,10.15528894,2.014072045,3.16763989,10.09878541,7.497851148,2.376306354,9.617186748,77.59142238,1.903245616,9.269214727,1.0,66.0,0.0,122.3315168,0.0,4.62e-223,0.0,1.000000001,66.0,9.54e-07,122.3315168,9.09e-13,-2.39e-100,0.0,1.000964338,66.0,0.0,122.3314857,0.001367485,-9.69e-25,0.0,2.164010342,66.0,9.54e-07,117.9273481,167.2568246,-3.26e-16,-2.64e-11,20.2352734,66.02409614,0.540994882,113.947906,272.4645642,-0.125074,-0.014006157
1.000000029,66.0,1.33e-08,1.000030442,66.00000764,0.000688032,1.042856047,66.37928527,34.00017253,8.212621385,73.24658602,587.7885871,95.09130366,71.30593766,409.0316226,1.000000029,66.0,1.33e-08,1.000030442,66.00000764,0.000688032,1.042856047,66.37928527,34.00017253,8.212621385,73.24658602,587.7885871,95.09130366,71.30593766,409.0316226,1.000000029,66.0,0.000115304,122.3315168,1.33e-08,-4.89e-13,-0.000244814,1.000030442,66.00000764,0.026230363,122.3315216,0.000688163,-3.06e-07,-0.003184046,1.04232008,66.37956575,5.832396369,122.5672426,34.022474,0.474741255,0.103480493,6.699762955,74.59156177,26.44639746,124.1212966,728.337729,142.2283563,0.377255296,74.65427492,72.16948094,22.42186245,117.7610023,599.4080691,66.33463831,0.163752466,1.000000029,5.004239969,1.53e-07,1.000030442,5.00417023,0.00016083,1.04232008,4.896714458,0.311879198,6.699762955,2.466092852,3.881007657,74.65427492,1.958382468,3.706759066,1.0,66.0,0.0,122.3315168,3.64e-12,1.6800000000000002e-163,0.0,1.000000001,66.0,0.0,122.3315168,3.64e-12,-1.87e-46,0.0,1.000986036,66.0,9.54e-07,122.3315168,2.03e-12,-2.0399999999999998e-94,-1.59e-82,2.03587851,66.0,1.35e-06,121.8100075,22.55323642,4.85e-15,7.57e-10,18.48247821,66.0019278,0.152085024,116.4211621,212.1922109,-0.009415083,-0.004249844
2.421152224,66.0,3.64e-12,2.916010163,66.00000003,2.83e-06,3.588606641,66.02568672,2.276875693,10.7456397,71.55963308,398.6863142,107.9494162,71.33506403,337.4499634,2.421152224,66.0,3.64e-12,2.916010163,66.00000003,2.83e-06,3.588606641,66.02568672,2.276875693,10.7456397,71.55963308,398.6863142,107.9494162,71.33506403,337.4499634,1.0,66.0,0.0,105.2289997,0.667457609,-1.16e-37,0.0,1.0,66.0,1.7e-05,104.9099701,7.025333409,-1.6600000000000001e-21,-3.69e-17,1.000507177,66.00166097,0.163011524,101.7456088,52.21096335,-9.43e-06,-8e-06,2.513246234,68.9075798,6.169843806,99.35699834,69.49266606,-5.679970968,-0.120736448,19.71579439,70.06705365,6.908461995,99.91500726,73.82528279,0.481699388,0.009290743,1.0,11.38679099,0.0,1.0,11.38679099,4.84e-09,1.000507177,11.38234356,0.043898181,2.513246234,8.343930554,29.06611564,19.71579439,7.635875391,36.44252157,1.0,66.0,0.0,105.2289997,0.667457609,-1.58e-20,0.0,1.0,66.0,1.7e-05,104.9099701,7.025333409,-1.53e-11,-3.41e-07,1.000507177,66.00166097,0.163011524,101.7456088,52.21096335,-0.007754553,-0.006583512,2.513246234,68.9075798,6.169843806,99.35699834,69.49266606,-2.121824035,-0.045102607,19.71579439,70.06705365,6.908461995,99.91500726,73.82528279,1.126582859,0.021728888
1.000000187,97.99999289,0.000270046,1.000091869,97.99650971,0.132620493,1.051420292,96.39323884,59.48184203,4.676582928,93.95843192,235.9729754,30.68412966,93.59465254,256.007502,1.000000187,97.99999289,0.000270046,1.000091869,97.99650971,0.132620493,1.051420292,96.39323884,59.48184203,4.676582928,93.95843192,235.9729754,30.68412966,93.59465254,256.007502,1.000000187,97.99999289,0.016433085,114.9086533,0.000270046,1.29e-145,0.0,1.000091859,97.99650967,0.364170748,114.9056827,0.132620334,9.51e-49,0.0,1.045120535,96.35944252,7.72332541,113.5127405,59.64975539,-9.92e-08,-2.39e-06,1.928320468,82.49750514,18.67531681,105.5372042,395.8720612,-25.33343693,-0.099122849,10.94213757,78.43854836,18.98906866,109.3948711,505.4419091,64.87973393,0.181546373,1.000000187,4.470075989,8.38e-05,1.000091859,4.472016165,0.041146201,1.045120535,5.383872267,18.50667039,1.928320468,13.57721846,99.43425083,10.94213757,14.13612432,89.65536072,1.0,98.0,0.0,138.5929291,0.0,0.0,0.0,1.0,98.0,0.0,138.5929291,0.0,0.0,0.0,1.000000001,98.0,1.91e-06,138.5929291,4.07e-12,3.5e-37,1.36e-25,1.141642096,98.0,0.0,138.5929291,1.82e-12,3.5999999999999995e-48,0.0,5.30795785,98.0,1.91e-06,138.5929291,4.07e-12,6.25e-29,2.43e-17
22.86263863,175.0034848,63691.73139,25.02948437,172.2831649,61915.35675,28.97589604,164.6590834,57421.27314,72.12080196,147.4909784,46731.60721,187.3219057,136.9593063,42684.83162,22.86263863,175.0034848,63691.73139,25.02948437,172.2831649,61915.35675,28.97589604,164.6590834,57421.27314,72.12080196,147.4909784,46731.60721,187.3219057,136.9593063,42684.83162,22.12012612,178.8227482,255.6938935,344.0394998,166862.4403,-25154.09552,-0.251075795,23.92435249,177.2310658,253.4067815,346.7082865,170470.1859,-27801.26734,-0.276081564,25.92213609,175.6034994,251.0457672,349.4928744,174178.407,-30503.41336,-0.301532467,53.74391917,172.7533004,241.2914858,329.2683114,140385.4646,-6689.467316,-0.07756765,118.8797807,162.8894638,228.7492143,307.04311,115055.9437,-2111.456372,-0.028835457,22.12012612,0.558332365,9.473837387,23.92435249,0.596922011,10.11146546,25.92213609,0.63707517,35.62106342,53.74391917,781178.6731,1175580000000000.0,118.8797807,8854285.341,1.33e+16,4.781204535,210.5115974,284.9887052,314.5723607,114113.21,38390.43998,0.475796133,4.866907605,210.4855984,284.9341164,313.8145736,113855.1502,38885.58772,0.483039012,4.955018329,210.4347426,284.860659,313.0373911,113587.0882,39386.21912,0.490429852,4.995473628,210.4037535,284.8214463,312.6813289,113463.1906,39613.28351,0.493804706,4.999547079,210.4003781,284.8173148,312.6455066,113450.6891,39636.05052,0.494143878
1.684345488,102.5410189,1953.446538,1.807852544,105.6318952,1996.326454,2.343510265,101.3973793,1951.608138,10.32781797,75.25857967,777.6825654,95.8627212,70.96772677,397.1740989,1.684345488,102.5410189,1953.446538,1.807852544,105.6318952,1996.326454,2.343510265,101.3973793,1951.608138,10.32781797,75.25857967,777.6825654,95.8627212,70.96772677,397.1740989,1.684327874,102.5414104,44.19787621,157.0795418,1953.452265,-0.200043095,-0.013167052,1.806129188,105.6712018,44.68337398,159.0277554,1996.605479,-4.358858458,-0.061661037,2.158520688,104.6438315,44.54883974,156.1930539,1985.032293,-41.1046524,-0.143285509,7.970532339,78.3325775,30.94898219,124.4907699,1012.274241,261.8558713,0.467545712,74.42888056,71.92087541,22.19204192,117.426016,593.9014275,53.33688893,0.13191948,1.684327874,0.921032396,0.964102536,1.806129188,1.015313179,1.058434341,2.158520688,1.44886869,2.178146939,7.970532339,2.05468513,3.537046035,74.42888056,1.964073947,3.636762993,1.683863511,102.5514875,44.19980357,157.0917171,1953.622636,-5.01e-12,-3.43e-08,1.79612573,105.8921492,44.70916975,159.2926465,1998.90986,-3.04e-06,-2.86e-05,1.927938717,109.2656438,44.96656545,161.5056114,2021.99511,-1.970201956,-0.023282782,2.972387846,99.07011468,43.38983563,138.571076,2002.74132,41.04520932,0.03619614,18.35951646,89.73226423,39.65065535,123.5720822,1699.353203,150.0788645,0.149031438
1.753369795,72.91359745,67.84381638,1.883364037,74.04545504,130.2827133,2.588655812,81.07128261,697.4213987,11.68763771,76.16626499,650.5258891,99.09654577,73.76360139,584.2017067,1.753369795,72.91359745,67.84381638,1.883364037,74.04545504,130.2827133,2.588655812,81.07128261,697.4213987,11.68763771,76.16626499,650.5258891,99.09654577,73.76360139,584.2017067,1.750190706,72.85813909,7.918090278,103.8478311,89.59245314,-29.13229632,-0.459900925,1.841595233,73.31187584,7.970350378,104.1665441,90.17546399,-30.37162964,-0.47632206,1.952083688,73.73848395,7.995724442,104.442822,90.46049376,-30.85505823,-0.482372493,3.142930297,71.5702046,7.622079397,101.3101109,82.60815295,3.168992845,0.054253285,18.42717534,70.20692916,7.04357525,99.85312829,74.07290835,3.399879757,0.065083801,1.750190706,3.001645262,11.35561204,1.841595233,3.194752228,11.50603828,1.952083688,3.437123467,12.08352789,3.142930297,6.534072462,30.62103453,18.42717534,8.151453814,29.29382718,1.750190706,72.85813909,7.918090278,103.8478311,89.59245314,-29.13229632,-0.459900925,1.841595233,73.31187584,7.970350378,104.1665441,90.17546399,-30.37162964,-0.47632206,1.952083688,73.73848395,7.995724442,104.442822,90.46049376,-30.85505823,-0.482372493,3.142930297,71.5702046,7.622079397,101.3101109,82.60815295,3.168992845,0.054253285,18.42717534,70.20692916,7.04357525,99.85312829,74.07290835,3.399879757,0.065083801
1.000000148,60.00000623,0.000261714,1.000152189,60.00639098,0.268380449,1.156113842,65.67139765,206.0339493,5.061819359,92.70944954,298.8015364,31.86535623,92.11805302,295.9044185,1.000000148,60.00000623,0.000261714,1.000152189,60.00639098,0.268380449,1.156113842,65.67139765,206.0339493,5.061819359,92.70944954,298.8015364,31.86535623,92.11805302,295.9044185,1.0,60.0,0.0,114.9086594,0.0,1.16e-91,0.0,1.0,60.0,0.0,114.9086594,1.61e-07,5.4099999999999995e-42,0.0,1.000000005,60.0000002,0.002734519,114.893061,0.6946947,3.56e-12,1.56e-09,1.272970945,65.05721795,12.90731686,105.9315023,378.4750253,31.90943519,0.134106172,11.4584569,74.58657228,18.45979927,106.5464623,494.308964,114.6419484,0.32819102,1.0,27.52484989,0.0,1.0,27.52484989,0.0,1.000000005,27.52484981,1.42e-06,1.272970945,24.15431605,44.82737878,11.4584569,13.47758538,88.28308403,1.0,60.0,0.0,84.85281374,0.0,0.0,0.0,1.0,60.0,0.0,84.85281374,0.0,0.0,0.0,1.0,60.0,6.74e-07,84.85281374,4.55e-13,-2.22e-138,0.0,1.10355801,60.0,0.0,84.85281374,4.55e-13,6.04e-34,0.0,7.047356876,60.0,6.74e-07,84.85281374,1.02e-12,-2.92e-29,-4.53e-17
1.999915405,66.0001758,0.015822208,2.00145765,66.02558426,2.301928706,2.248105894,69.31730134,287.5524805,10.25061134,74.08425558,641.7412844,97.67199796,71.36498063,406.8090355,1.999915405,66.0001758,0.015822208,2.00145765,66.02558426,2.301928706,2.248105894,69.31730134,287.5524805,10.25061134,74.08425558,641.7412844,97.67199796,71.36498063,406.8090355,1.999915405,66.0001758,0.125786359,122.3316675,0.015861134,-4.53e-05,-0.01079997,2.00145765,66.02558426,1.517210831,122.3507356,2.306422167,-0.034961325,-0.060744969,2.247494345,69.31820193,16.9595905,124.2072425,289.79004,-0.79978821,-0.00793335,8.957602079,74.90911014,26.87440873,122.3046157,777.6193344,-26.40484703,-0.057874007,76.51542333,72.17654239,22.37916325,117.7485073,597.3557689,37.31080757,0.092397007,1.999915405,1.691213474,2.86039985,2.00145765,1.690493779,2.859330425,2.247494345,1.614940353,2.719461826,8.957602079,1.820151514,3.317222214,76.51542333,1.911135788,802.7967322,1.0,66.0,0.0,122.3315168,0.0,1.98e-135,0.0,1.000000001,66.0,0.0,122.3315168,0.0,3.15e-67,0.0,1.000956162,66.0,0.0,122.3315168,1.42e-06,-5.36e-22,0.0,2.143106356,66.01144697,0.370449148,120.2604287,85.48392427,-0.074137169,-0.021645392,20.01197461,66.57816537,2.569768325,116.327816,223.7260899,3.957081425,0.10297157
1.000004735,66.0,0.0,1.000842054,66.0,0.0,1.160777948,66.00000168,0.000188036,8.585360361,68.07125796,180.847192,94.41874106,70.27563033,343.2527585,1.000004735,66.0,0.0,1.000842054,66.0,0.0,1.160777948,66.00000168,0.000188036,8.585360361,68.07125796,180.847192,94.41874106,70.27563033,343.2527585,1.000004735,66.0,9.54e-07,102.6936326,308.3361471,4.62e-26,2.76e-21,1.000842008,66.0,0.0,104.429295,329.496839,5.0000000000000005e-21,0.0,1.157187476,66.00000207,0.013648298,106.5233809,341.4644076,1.19e-05,4.74e-05,7.271159306,68.37311218,14.42041728,113.2803472,394.5744296,4.594178539,0.017397772,73.80930298,70.97328551,20.55107232,116.2948085,538.6890557,9.872850695,0.026271727,1.000004735,3.716139281,3.76e-05,1.000842008,3.715016961,0.006523947,1.157187476,3.539276527,1.01065588,7.271159306,2.289399595,4.507166411,73.80930298,1.982603401,4.225950233,1.0,66.0,0.0,93.33809512,9.09e-13,-2.24e-50,0.0,1.0,66.0,0.0,93.33809514,1.78e-06,2.0599999999999998e-30,0.0,1.000030581,66.00000239,0.014681611,93.37029255,2.410689508,7.32e-08,3.21e-06,1.870813029,75.22341058,27.29534117,110.5417051,938.0634718,71.6424115,0.109938363,17.37548695,87.09793434,38.1273033,120.6953947,1581.259777,116.2977626,0.1222817
1.0,98.0,0.0,1.0,98.0,0.0,1.000000003,97.99999993,2.69e-06,1.797561128,96.03507502,118.4468576,26.55671345,93.98496785,242.0246799,1.0,98.0,0.0,1.0,98.0,0.0,1.000000003,97.99999993,2.69e-06,1.797561128,96.03507502,118.4468576,26.55671345,93.98496785,242.0246799,1.0,98.0,0.0,115.2851372,26.76466202,5.05e-88,0.0,1.0,98.0,0.0,116.6378855,112.8961183,8.69e-52,0.0,1.000000003,97.99999993,0.001637851,121.5245609,310.0560955,-2.14e-15,-7.43e-14,1.287817319,93.67403861,12.06949008,122.3107163,389.1666631,-6.73445699,-0.02937215,9.867943806,80.42992906,18.94609591,112.3450789,508.8664753,39.97294545,0.111091245,1.0,29.00381708,0.0,1.0,29.00381708,0.0,1.000000003,29.00381703,1.44e-06,1.287817319,25.80918694,78.78604166,9.867943806,15.84462123,124.1302515,1.0,98.0,0.0,138.5929291,0.0,0.0,0.0,1.0,98.0,0.0,138.5929291,0.0,0.0,0.0,1.000000001,98.0,0.0,138.5929291,0.0,-1.67e-209,0.0,1.141210793,98.0,1.35e-06,138.5929291,1.82e-12,-9.140000000000001e-33,0.0,5.305290015,98.0,0.0,138.5929291,5.46e-12,1.68e-28,0.0
2.999916707,66.0,1.01e-10,3.000033875,66.00000037,5.9e-06,3.058113747,66.02260032,0.444948637,11.71308999,69.78661725,275.7896109,101.6919403,70.98768512,369.9243545,2.999916707,66.0,1.01e-10,3.000033875,66.00000037,5.9e-06,3.058113747,66.02260032,0.444948637,11.71308999,69.78661725,275.7896109,101.6919403,70.98768512,369.9243545,2.999916707,66.0,0.0,122.3315142,0.000112173,1.38e-20,0.0,3.000033722,66.0,1.24e-05,122.3303929,0.049388777,-9.92e-15,-3.61e-09,3.04962437,66.00113538,0.319660115,121.8143669,22.40613818,-0.002848883,-0.001882803,9.712845437,69.69018886,17.84646093,115.4445794,452.9033168,-8.008316385,-0.025007121,79.80963283,71.65606546,21.29237508,116.6018268,565.5858033,69.60584472,0.177772736,2.999916707,1.504702345,4.528479848,3.000033722,1.504837695,4.528827858,3.04962437,1.560109435,4.682962026,9.712845437,1.778826015,6.485002123,79.80963283,1.851681759,9.503380758,1.0,66.0,9.54e-07,122.3315168,5.53e-12,-4.4999999999999997e-119,-2.02e-107,1.000000002,66.0,0.0,122.3315168,1.61e-06,-5.25e-65,0.0,1.001934694,66.0,9.54e-07,122.2986896,1.44112752,3.09e-16,2.7e-10,2.63286055,66.00000472,0.00752582,114.8825409,251.3929468,-6.94e-05,-0.000581719,20.54488899,66.3336023,1.972799306,114.9797916,253.6197469,0.076329193,0.002429639
1.000000106,60.00000443,0.00018612,1.000124039,60.00520898,0.218749899,1.145824704,65.34517721,195.9264747,5.136211154,92.68879817,296.6946736,31.54071249,92.12850074,295.0017913,1.000000106,60.00000443,0.00018612,1.000124039,60.00520898,0.218749899,1.145824704,65.34517721,195.9264747,5.136211154,92.68879817,296.6946736,31.54071249,92.12850074,295.0017913,1.0,60.0,0.0,114.9086594,0.0,1.52e-82,0.0,1.0,60.0,0.0,114.9086594,1.82e-12,2.2e-47,0.0,1.000000368,60.00001397,0.023043393,114.9084835,0.008177857,5.76e-14,2.77e-11,1.37339018,67.17792294,14.874088,109.4696578,377.3939709,27.41922176,0.105425436,11.54960082,75.05556652,18.58199462,107.1850096,495.916787,151.1222813,0.43105753,1.0,21.37486005,0.0,1.0,21.37486005,0.0,1.000000368,21.37485857,5.92e-06,1.37339018,19.6063546,18.7209195,11.54960082,13.40539164,98.65927993,1.0,60.0,0.0,84.85281374,0.0,-3.42e-202,0.0,1.0,60.0,0.0,84.85281374,0.0,2.2100000000000003e-132,0.0,1.0,60.0,0.0,84.85281374,0.0,-9.200000000000001e-43,0.0,1.113966788,60.0,0.0,84.85281374,9.09e-13,-3.9100000000000004e-31,0.0,6.9711108,60.0,9.54e-07,84.85281374,1.64e-12,-4.31e-29,-3.87e-17
3.839605233,102.0,2.04e-09,3.902707042,101.9999973,1.06e-05,3.981023377,101.9854558,0.085241287,6.599427334,93.85734241,198.4280946,32.74905883,91.95604665,303.2622961,3.839605233,102.0,2.04e-09,3.902707042,101.9999973,1.06e-05,3.981023377,101.9854558,0.085241287,6.599427334,93.85734241,198.4280946,32.74905883,91.95604665,303.2622961,1.0,102.0,0.0,144.2497834,0.0,0.0,0.0,1.0,102.0,0.0,144.2497834,0.0,0.0,0.0,1.0,102.0,0.0,144.2497834,0.0,0.0,0.0,1.004804775,102.0,1.35e-06,144.2497834,1.82e-12,-2.7900000000000003e-56,0.0,3.369036899,102.0,1.35e-06,144.2497834,5.75e-12,-9.13e-29,-2.9e-17,1.0,78.00839806,0.0,1.0,78.00839806,0.0,1.0,78.00839806,0.0,1.004804775,77.82220479,7.215308983,3.369036899,51.93184746,336.4105438,1.0,102.0,0.0,144.2497834,0.0,0.0,0.0,1.0,102.0,0.0,144.2497834,0.0,0.0,0.0,1.0,102.0,0.0,144.2497834,0.0,0.0,0.0,1.004804775,102.0,1.35e-06,144.2497834,1.82e-12,-2.7900000000000003e-56,0.0,3.369036899,102.0,1.35e-06,144.2497834,5.75e-12,-9.13e-29,-2.9e-17
2.134631158,66.0,7.16e-09,2.300295617,66.00000361,0.000325074,2.710180525,66.15008413,13.48515488,9.678203702,72.10658594,503.7889575,95.69741789,70.80883275,374.035807,2.134631158,66.0,7.16e-09,2.300295617,66.00000361,0.000325074,2.710180525,66.15008413,13.48515488,9.678203702,72.10658594,503.7889575,95.69741789,70.80883275,374.035807,1.999975232,66.0,8.74e-05,122.3315168,7.65e-09,5.230000000000001e-21,3e-12,2.000009479,66.00000415,0.019336016,122.3315199,0.000374224,1.03e-11,1.33e-07,2.040514334,66.19934096,4.230951406,122.472149,17.91205922,0.017487113,0.005204117,7.58065047,73.59220177,25.01312918,123.9797607,653.2221186,38.67283126,0.112833791,75.21381681,71.48048522,21.44402224,117.0661015,565.5385118,68.14333236,0.175139642,1.999975232,2.556404853,6.535331139,2.000009479,2.556417061,6.535252016,2.040514334,2.549242292,6.42687202,7.58065047,2.186745747,4.283583674,75.21381681,1.943834127,7.519790512,1.0,66.0,9.54e-07,122.3315168,2.03e-12,3.34e-73,2.5899999999999998e-61,1.000000001,66.0,9.54e-07,122.3315168,2.03e-12,-3.02e-94,-2.3499999999999997e-82,1.001035201,66.0,1.35e-06,122.3315168,1.38e-06,-5.28e-22,-3.33e-13,2.167090282,66.0,8.94e-05,120.0061804,94.90647868,-1.98e-09,-2.28e-06,19.81978339,66.10619882,1.123880619,115.0803023,248.1831437,-0.459361118,-0.025944824
1.0,60.00000001,2.28e-07,1.000002714,60.00008141,0.002442413,1.029013969,60.84587682,24.66079696,3.359884861,82.9170781,1517.752724,29.88107238,101.8635513,7524.126919,1.0,60.00000001,2.28e-07,1.000002714,60.00008141,0.002442413,1.029013969,60.84587682,24.66079696,3.359884861,82.9170781,1517.752724,29.88107238,101.8635513,7524.126919,1.0,60.0,0.000275952,84.85281374,7.61e-08,-1.3599999999999999e-191,0.0,1.000000905,60.00002714,0.028533002,84.85283293,0.000814132,-6.06e-114,0.0,1.00967129,60.28735956,2.922021773,85.05625034,8.538211243,2.73e-12,8.97e-09,1.723557764,71.67793249,14.85475836,94.93692558,230.6987088,12.24085247,0.100446968,8.843092908,97.07270973,77.6965287,129.8292581,6447.384903,312.1675115,0.084436973,1.0,6.69207597,7.35e-08,1.000000905,6.692102623,0.000785409,1.00967129,6.974320815,8.23697301,1.723557764,18.13595342,211.5084605,8.843092908,18.26656519,278.5130694,1.0,60.0,0.0,60.0,0.0,0.0,0.0,1.0,60.0,0.0,60.0,0.0,0.0,0.0,1.0,60.0,0.0,60.0,0.0,0.0,0.0,1.0,60.0,0.0,60.0,0.0,0.0,0.0,1.0,60.0,0.0,60.0,0.0,0.0,0.0
1.026481686,60.15479099,0.904785698,1.113240193,60.61032755,3.28946558,1.553485244,62.13769619,8.256435761,8.96194416,66.50513532,115.6362872,101.973622,69.95542245,336.6370882,1.026481686,60.15479099,0.904785698,1.113240193,60.61032755,3.28946558,1.553485244,62.13769619,8.256435761,8.96194416,66.50513532,115.6362872,101.973622,69.95542245,336.6370882,1.0,60.0,0.0,84.85281374,0.0,-6.23e-160,0.0,1.0,60.0,6.74e-07,84.85281374,4.55e-13,-1.9e-107,0.0,1.000005365,60.0,6.74e-07,84.85281374,6.43e-13,4.2299999999999996e-82,9.31e-70,1.464093983,60.0,6.74e-07,84.85281374,1.02e-12,-1.8600000000000002e-31,-2.89e-19,10.01152261,60.0,1.65e-06,84.85281374,3.28e-12,1.71e-28,7.69e-17,1.0,17.50806999,0.0,1.0,17.50806999,0.0,1.000005365,17.50806936,8.01e-08,1.464093983,17.07150624,11.96477096,10.01152261,164.0718475,223828000000.0,1.0,60.0,0.0,84.85281374,0.0,-6.23e-160,0.0,1.0,60.0,6.74e-07,84.85281374,4.55e-13,-1.9e-107,0.0,1.000005365,60.0,6.74e-07,84.85281374,6.43e-13,4.2299999999999996e-82,9.31e-70,1.464093983,60.0,6.74e-07,84.85281374,1.02e-12,-1.8600000000000002e-31,-2.89e-19,10.01152261,60.0,1.65e-06,84.85281374,3.28e-12,1.71e-28,7.69e-17
1.999896718,330.0,0.0,1.99993803,330.0,4.37e-11,1.999980303,329.999878,0.032938685,3.03819417,278.2043815,11267.5637,42.65283657,161.4311545,17348.16175,1.999896718,330.0,0.0,1.99993803,330.0,4.37e-11,1.999980303,329.999878,0.032938685,3.03819417,278.2043815,11267.5637,42.65283657,161.4311545,17348.16175,1.0,330.0,0.0,431.4904402,0.0,0.0,0.0,1.0,330.0,0.0,431.4904402,0.0,0.0,0.0,1.000000028,330.0,3.81e-06,431.4904402,2.06e-11,-1.65e-176,-1.13e-165,1.213451942,330.0,6.61e-06,431.4904402,4.6e-11,-5.85e-39,-2.3199999999999997e-28,6.274369064,330.0,0.000810244,431.4904402,7.93e-07,9.95e-18,1.84e-11,1.0,25.07220793,0.0,1.0,25.07220793,0.0,1.000000028,25.07220793,1.14e-13,1.213451942,25.0713388,2.97e-05,6.274369064,25.06075032,20415845.44,1.0,330.0,0.0,431.4904402,0.0,0.0,0.0,1.0,330.0,0.0,431.4904402,0.0,0.0,0.0,1.000000028,330.0,3.81e-06,431.4904402,2.06e-11,-1.65e-176,-1.13e-165,1.213451942,330.0,6.61e-06,431.4904402,4.6e-11,-5.85e-39,-2.3199999999999997e-28,6.274369064,330.0,0.000810244,431.4904402,7.93e-07,9.95e-18,1.84e-11
4.99965273,101.9999535,0.001953729,5.00071386,101.9922266,0.326423397,5.156759685,100.7383847,51.33331997,7.541960497,92.94561907,285.8652715,32.50412208,93.09863629,271.1443027,4.99965273,101.9999535,0.001953729,5.00071386,101.9922266,0.326423397,5.156759685,100.7383847,51.33331997,7.541960497,92.94561907,285.8652715,32.50412208,93.09863629,271.1443027,1.0,102.0,0.0,144.2497834,0.0,0.0,0.0,1.0,102.0,0.0,144.2497834,0.0,0.0,0.0,1.0,102.0,1.35e-06,144.2497834,1.82e-12,-7.72e-206,0.0,1.071629326,102.0,0.0,144.2497834,3.64e-12,-6.86e-33,0.0,4.219146649,102.0,1.35e-06,144.2497834,2.57e-12,4.9e-28,2.69e-16,1.0,39.03126597,0.0,1.0,39.03126597,0.0,1.0,39.03126597,4.55e-13,1.071629326,39.03111797,1.02e-06,4.219146649,39.0272988,0.001589893,1.0,102.0,0.0,144.2497834,0.0,0.0,0.0,1.0,102.0,0.0,144.2497834,0.0,0.0,0.0,1.0,102.0,1.35e-06,144.2497834,1.82e-12,-7.72e-206,0.0,1.071629326,102.0,0.0,144.2497834,3.64e-12,-6.86e-33,0.0,4.219146649,102.0,1.35e-06,144.2497834,2.57e-12,4.9e-28,2.69e-16
1.0,98.0,0.0,1.0,98.0,1.92e-08,1.000269766,97.99112753,0.342578631,3.399572852,92.82407877,250.137034,30.00345171,92.92217883,271.9645333,1.0,98.0,0.0,1.0,98.0,1.92e-08,1.000269766,97.99112753,0.342578631,3.399572852,92.82407877,250.137034,30.00345171,92.92217883,271.9645333,1.0,98.0,0.0,114.9086594,0.0,3.01e-107,0.0,1.0,98.0,0.000138608,114.9086594,1.92e-08,-8.46e-35,-9.05e-25,1.000236999,97.9909962,0.584861828,114.9010575,0.342109213,-6.04e-10,-1.38e-08,1.77582783,84.43398815,18.20636627,107.7653544,395.7211161,-20.10025852,-0.075092885,11.28714402,77.87018884,18.96613516,108.7519653,502.977471,26.90550569,0.075659724,1.0,12.04300809,0.0,1.0,12.04300809,1.3e-11,1.000236999,12.0432421,0.000233011,1.77582783,12.57564877,20.68147561,11.28714402,13.67949375,86.03978491,1.0,98.0,0.0,138.5929291,0.0,0.0,0.0,1.0,98.0,0.0,138.5929291,0.0,0.0,0.0,1.000000001,98.0,1.35e-06,138.5929291,2.57e-12,1.33e-91,7.33e-80,1.141856741,98.0,1.35e-06,138.5929291,4.07e-12,2.7e-37,1.05e-25,5.307846797,98.0,1.91e-06,138.5929291,4.07e-12,-5.53e-29,-2.15e-17
4.673464521,66.00000172,0.00015462,4.799709777,66.00110479,0.099429941,5.021460014,66.69743594,62.28190671,12.76337291,72.42505845,492.2882469,104.3673133,71.000382,375.438372,4.673464521,66.00000172,0.00015462,4.799709777,66.00110479,0.099429941,5.021460014,66.69743594,62.28190671,12.76337291,72.42505845,492.2882469,104.3673133,71.000382,375.438372,4.673464521,66.00000172,0.012434646,122.3315183,0.000155058,3.33e-12,7.85e-08,4.799709697,66.00110479,0.315325138,122.332454,0.099641365,1.23e-06,4.82e-05,5.017131678,66.69802532,7.895254163,122.8774444,62.48650784,0.280271862,0.017023924,11.23565788,72.90145568,23.47315061,122.7525003,594.3550885,-66.42695363,-0.189561838,83.51867016,71.73165682,21.2827915,116.8717078,564.1788001,4.962841142,0.012714806,4.673464521,0.867251553,3.148319761,4.799709697,0.886099808,3.20154139,5.017131678,0.927815051,3.322048178,11.23565788,1.567062487,7.136043739,83.51867016,1.768632883,8.990290734,1.88587778,66.0,0.0,122.3315168,0.0,0.0,0.0,1.929874388,66.0,9.54e-07,122.3315168,2.03e-12,1.64e-94,1.2799999999999999e-82,1.977003783,66.0,9.54e-07,122.3315168,1.41e-06,-3.54e-22,-3.12e-13,3.163179171,66.00000003,0.000598259,119.9235369,98.00963457,-1.34e-07,-2.26e-05,21.21877513,66.08752005,1.021068483,114.5860221,259.3024166,-0.302168933,-0.018377795
1.838922406,65.99999991,5.61e-07,1.961973864,65.99990882,0.000547206,2.408671841,65.93470089,1.534038554,9.388133747,70.62989421,414.0016103,104.3379485,71.54358084,384.2058487,1.838922406,65.99999991,5.61e-07,1.961973864,65.99990882,0.000547206,2.408671841,65.93470089,1.534038554,9.388133747,70.62989421,414.0016103,104.3379485,71.54358084,384.2058487,1.838922377,66.0,0.0,122.0192364,13.59246595,-1.05e-16,0.0,1.961944049,66.0,0.000367163,121.107754,51.76815197,-9.2e-09,-3.48e-06,2.377625198,66.01209868,1.043424717,117.9492041,166.8825798,-0.23119742,-0.017152245,7.551200948,71.99782075,22.2152156,120.8949724,547.0489713,58.27101937,0.170737559,81.23867657,72.50533491,21.72835516,118.20603,568.3401809,57.68738719,0.149256262,1.838922377,0.637665206,0.761148696,1.961944049,0.895961659,2.592500497,2.377625198,2.033546329,9.701578927,7.551200948,2.424338475,11.89974471,81.23867657,1.817516712,8.926703532,1.0,66.0,0.0,122.3315168,1.82e-12,9.92e-194,0.0,1.000000001,66.0,0.0,122.3315168,3.64e-12,-1.28e-156,0.0,1.000962146,66.0,0.0,122.3315168,1.33e-09,-2.12e-30,0.0,2.103594649,66.19014053,1.498510257,121.3606335,45.72424569,-0.286191905,-0.028260935,21.25600983,67.23157797,3.641723673,117.0197113,215.4532103,1.164082335,0.021797786
1.006357201,66.0,1.82e-12,1.058233426,66.0,3.37e-11,1.628525151,66.00110127,0.067636052,10.15710513,69.68134697,292.5015064,103.3054824,70.51276635,367.65557,1.006357201,66.0,1.82e-12,1.058233426,66.0,3.37e-11,1.628525151,66.00110127,0.067636052,10.15710513,69.68134697,292.5015064,103.3054824,70.51276635,367.65557,1.000797954,66.0,0.0,122.2891463,1.859544619,-9.119999999999999e-52,0.0,1.013871582,66.0,3.69e-06,121.7489246,25.14710662,-1.18e-13,-6.38e-09,1.274423297,66.00086221,0.278564424,115.9834946,224.0309618,-0.006408612,-0.001537037,7.508750962,70.41921188,19.44721277,115.5453464,505.7047803,-11.18624299,-0.031393489,76.39703473,71.66719075,21.74861997,116.6901725,583.099869,-15.25388102,-0.037982005,1.000797954,2.058999465,0.000627504,1.013871582,2.070490396,0.010839751,1.274423297,2.29363187,0.302576163,7.508750962,2.185184573,3.610893021,76.39703473,1.914786652,4.021409359,1.0,66.0,0.0,122.3315168,3.64e-12,1.28e-57,0.0,1.000000002,66.0,9.54e-07,122.3315167,1.79e-06,0.0,0.0,1.002041555,66.0,0.0,122.2975055,1.493054687,1.18e-78,0.0,2.5723301,66.0,1.35e-06,115.4859491,236.8148582,-4.58e-14,-2.21e-09,19.44020524,66.00354158,0.206122258,115.2148075,243.5441867,-0.012958187,-0.00402838
1.008553536,155.2367106,68.11343296,1.100111791,147.8098676,670.0336448,2.217445811,106.587237,2005.527586,10.56311214,75.86185933,784.1897446,95.91638631,74.61660656,3914.932244,1.008553536,155.2367106,68.11343296,1.100111791,147.8098676,670.0336448,2.217445811,106.587237,2005.527586,10.56311214,75.86185933,784.1897446,95.91638631,74.61660656,3914.932244,1.006383709,155.4291106,7.145217508,186.4588471,51.05416296,3.51e-06,2.09e-06,1.074885407,149.7298557,22.91284091,181.705045,525.0021967,0.014779503,0.000452916,1.924155103,112.7737762,44.96502772,151.4449413,2022.97266,16.94449879,0.045943815,8.605022528,77.95314281,30.54349735,124.9582073,951.1378848,59.81094915,0.14383903,72.5642095,73.10042056,28.84408123,126.2876804,5226.285497,63.63680978,0.030714402,1.006383709,1.768924004,0.015148816,1.074885407,1.714182834,0.163903225,1.924155103,1.463158233,1.318248892,8.605022528,1.997193483,6.68174577,72.5642095,273722.2965,419881000000000.0,1.000000175,155.9999843,0.037646528,169.3871161,0.001417261,3.81e-109,0.0,1.000088263,155.992057,0.84546119,169.3798154,0.714804624,-4.99e-57,0.0,1.044525202,152.1635506,18.18136696,165.860623,330.5621044,-3.69e-07,-2.66e-06,2.418117884,108.5360004,44.93249054,130.2120492,2038.179065,-89.60658927,-0.119293178,18.44276142,92.46502344,50.04056547,127.419031,7423.81909,55.69620122,0.013313838
1.0,102.0,0.0,1.0,102.0,0.0,1.000000036,101.9999999,6.71e-07,1.715781234,98.16479205,128.1658674,28.0289826,91.69271502,302.3103838,1.0,102.0,0.0,1.0,102.0,0.0,1.000000036,101.9999999,6.71e-07,1.715781234,98.16479205,128.1658674,28.0289826,91.69271502,302.3103838,1.0,102.0,0.0,144.2497834,0.0,0.0,0.0,1.0,102.0,0.0,144.2497834,0.0,0.0,0.0,1.0,102.0,1.91e-06,144.2497834,4.07e-12,1.23e-39,4.77e-28,1.074636352,102.0,1.35e-06,144.2497834,2.57e-12,-1.73e-30,-9.51e-19,4.215463409,102.0,1.91e-06,144.2497834,5.14e-12,1.56e-28,4.27e-17,1.0,38.39749408,0.0,1.0,38.39749408,0.0,1.0,38.39749408,4.32e-12,1.074636352,38.48151735,0.096262441,4.215463409,39.07861395,3.814955064,1.0,102.0,0.0,144.2497834,0.0,0.0,0.0,1.0,102.0,0.0,144.2497834,0.0,0.0,0.0,1.0,102.0,1.91e-06,144.2497834,4.07e-12,1.23e-39,4.77e-28,1.074636352,102.0,1.35e-06,144.2497834,2.57e-12,-1.73e-30,-9.51e-19,4.215463409,102.0,1.91e-06,144.2497834,5.14e-12,1.56e-28,4.27e-17
1.016065106,89.73121131,4.497160379,1.083855521,88.6847476,20.62939762,1.444640203,84.76954953,61.56700411,4.980687031,75.27017055,88.39173042,59.16912383,99.76942539,14986.36652,1.016065106,89.73121131,4.497160379,1.083855521,88.6847476,20.62939762,1.444640203,84.76954953,61.56700411,4.980687031,75.27017055,88.39173042,59.16912383,99.76942539,14986.36652,1.0,90.0,0.0,108.1665383,0.0,0.0,0.0,1.0,90.0,0.0,108.1665383,0.0,-2.92967505e-315,0.0,1.0,90.0,1.35e-06,108.1665383,1.82e-12,-1.24e-80,0.0,1.04801514,89.99721786,0.288888067,108.1664668,0.083845766,-1.98e-06,-7.62e-05,4.825735715,87.26897745,8.629727239,106.0352555,74.47330129,-0.311523871,-0.056623686,1.0,44.5611341,0.0,1.0,44.5611341,0.0,1.0,44.5611341,0.0,1.04801514,44.5297588,0.444262543,4.825735715,34.49207904,272.2054945,1.0,90.0,0.0,108.1665383,0.0,0.0,0.0,1.0,90.0,0.0,108.1665383,0.0,-2.92967505e-315,0.0,1.0,90.0,1.35e-06,108.1665383,1.82e-12,-1.24e-80,0.0,1.04801514,89.99721786,0.288888067,108.1664668,0.083845766,-1.98e-06,-7.62e-05,4.825735715,87.26897745,8.629727239,106.0352555,74.47330129,-0.311523871,-0.056623686
14.64163104,150.2334569,37762.83817,15.23161047,149.439073,37350.24228,20.58808924,154.5231671,41816.91315,105.7985753,166.7662637,51333.21146,178.3336039,151.7219172,42840.3113,14.64163104,150.2334569,37762.83817,15.23161047,149.439073,37350.24228,20.58808924,154.5231671,41816.91315,105.7985753,166.7662637,51333.21146,178.3336039,151.7219172,42840.3113,14.64106603,150.2323467,194.330295,391.0507107,207515.7726,-37019.62051,-0.421718343,15.22034756,149.4172474,193.3319225,394.1869063,211011.0561,-37683.54192,-0.427717269,20.29877314,154.4086354,205.8960511,384.4127717,200245.6262,-24929.61096,-0.273693568,100.6522229,169.1502469,231.7694111,332.889724,137092.6213,-9730.850577,-0.11821835,144.5823375,163.8063304,227.143412,314.5476733,125080.4176,-1894.033518,-0.024702587,14.64106603,0.16847501,0.447929908,15.22034756,0.174069948,0.462333993,20.29877314,0.16742421,0.539254602,100.6522229,0.208401696,2.686604184,144.5823375,1.083173689,25.26881792,3.895373898,215.7794578,255.1214837,301.2110564,68455.0784,25058.5598,0.674462949,3.936765086,215.8724058,255.1595169,300.8158357,68469.61366,25346.5,0.682314866,3.978767068,215.959042,255.1938938,300.4156344,68482.09703,25635.339,0.690218337,3.997869698,215.9959749,255.2081761,300.2339256,68487.0471,25765.59937,0.693791695,3.9997869,215.9995982,255.2095639,300.2156996,68487.51937,25778.63484,0.694149604
1.0,74.0,1.33e-08,1.000001109,74.0000168,0.00026911,1.029273008,74.3324328,6.006130189,8.936186667,77.63774407,124.143461,39.55096738,77.9405968,580.8251562,1.0,74.0,1.33e-08,1.000001109,74.0000168,0.00026911,1.029273008,74.3324328,6.006130189,8.936186667,77.63774407,124.143461,39.55096738,77.9405968,580.8251562,1.0,74.0,0.0,74.0,0.0,0.0,0.0,1.000000057,74.0,1.35e-06,74.0,1.82e-12,0.0,0.0,1.004187718,74.0,0.0,104.6518036,0.0,0.0,0.0,3.05861912,74.0,4.67e-06,104.651804,9.56e-05,2.2599999999999998e-30,4.9399999999999994e-23,11.06233777,75.89916475,15.34137804,114.4542292,2145.986667,5.079782553,0.007169372,1.0,8.017702103,1.37e-11,1.000000057,8.017701872,9.23e-07,1.004187718,8.000694649,0.074843589,3.05861912,8.733957374,510.1541367,11.06233777,19.91114773,2544.508047,1.0,74.0,0.0,74.0,0.0,0.0,0.0,1.000000057,74.0,1.35e-06,74.0,1.82e-12,0.0,0.0,1.004187718,74.0,0.0,74.0,0.0,0.0,0.0,2.739219255,74.0,9.54e-07,74.0,9.09e-13,0.0,0.0,4.674392169,74.0,1.35e-06,74.0,1.82e-12,0.0,0.0
1.050440427,61.82469824,66.00903295,1.166748093,65.43136347,176.9138966,1.706072766,76.09197401,367.8880946,6.124752307,92.64755128,278.6428588,33.14499237,91.87404501,298.5475484,1.050440427,61.82469824,66.00903295,1.166748093,65.43136347,176.9138966,1.706072766,76.09197401,367.8880946,6.124752307,92.64755128,278.6428588,33.14499237,91.87404501,298.5475484,1.05044028,61.82469262,8.124580992,115.8718802,66.00881629,1.88e-51,0.0,1.166596737,65.42661899,13.29523704,117.8331128,176.7633279,7.07e-30,0.0,1.550244246,73.48773318,18.18281921,122.4926395,330.6149145,-7.48e-06,-6.48e-05,2.336938813,77.48868991,18.93979783,119.1987037,424.5170593,-27.82017022,-0.097488499,12.76600462,75.71003698,18.71283211,108.0197794,500.2327051,87.53342352,0.247491389,1.05044028,2.025590435,26.84913496,1.166596737,4.322791492,71.89861466,1.550244246,9.463929391,134.477861,2.336938813,11.92683859,128.2121274,12.76600462,12.04121815,79.58087694,1.0,60.0,0.0,84.85281374,0.0,0.0,0.0,1.0,60.0,0.0,84.85281374,0.0,0.0,0.0,1.000000015,60.0,0.0,84.85281374,4.55e-13,-2.38e-44,0.0,1.261412543,60.0,6.74e-07,84.85281374,6.43e-13,3.18e-31,6.98e-19,7.488144068,60.0,6.74e-07,84.85281374,1.87e-12,-4.8400000000000004e-29,-5.32e-17
16.17284244,131.7777828,30707.83523,17.67763335,131.4016847,30438.00412,20.12314832,128.5764328,29167.79073,54.27344305,123.3791259,27905.7951,182.5456066,127.2808711,30135.26843,16.17284244,131.7777828,30707.83523,17.67763335,131.4016847,30438.00412,20.12314832,128.5764328,29167.79073,54.27344305,123.3791259,27905.7951,182.5456066,127.2808711,30135.26843,15.46443143,135.0658546,178.5152941,346.3339102,185778.2578,-23574.58635,-0.308683843,16.76535373,135.2865076,178.3305069,353.2619971,192120.4905,-25397.92401,-0.32719164,18.21436441,135.4018066,178.00397,360.1373616,198399.497,-27197.01245,-0.345244211,33.97626383,150.4185167,203.898499,334.489382,156705.4405,-6233.515891,-0.078650479,108.9714902,157.1076072,217.0554058,299.7542007,113298.0132,148.0633,0.002125095,15.46443143,0.709441467,10.6494651,16.76535373,0.760266137,11.38253127,18.21436441,0.813076392,12.13860215,33.97626383,0.690507428,10.46319782,108.9714902,1.453496576,38.62504443,1.985105676,69.96998785,3.999887407,101.8420306,15.99909927,0.0,0.0,1.991036598,69.98199249,3.999959466,101.8502787,15.99967573,0.0,0.0,1.997003228,69.99399746,3.999995496,101.8585278,15.99996397,0.0,0.0,1.999699918,69.99939975,3.999999955,101.8622401,15.99999964,0.0,0.0,1.999969988,69.99993997,4.0,101.8626114,16.0,0.0,0.0
1.051432838,66.0,0.0,1.172701032,66.0,8.78e-09,1.748822049,65.99773985,0.013578469,9.733524637,67.45592365,141.6375363,97.48891455,70.10283168,329.4092511,1.051432838,66.0,0.0,1.172701032,66.0,8.78e-09,1.748822049,65.99773985,0.013578469,9.733524637,67.45592365,141.6375363,97.48891455,70.10283168,329.4092511,1.000115862,66.0,1.35e-06,122.3285508,0.130327648,-3.31e-17,-6.79e-11,1.004372926,66.0,1.35e-06,122.2405305,3.987263548,1.01e-15,3.77e-10,1.196002952,66.0000003,0.005205944,119.7773898,103.4515691,-1.75e-07,-3.31e-06,7.380207863,68.00518578,13.28329011,113.8445613,359.4048116,-11.40706603,-0.048530963,74.46224944,70.96255963,20.29721445,116.4240691,527.1931807,13.38999089,0.036373017,1.000115862,2.61509925,2e-06,1.004372926,2.614619831,0.000207454,1.196002952,2.651021357,0.156603743,7.380207863,2.216343908,3.3685761,74.46224944,1.962931188,3.560632731,1.0,66.0,0.0,122.3315168,0.0,-2.37e-118,0.0,1.000000002,66.0,0.0,122.3315168,1.27e-06,-2.2799999999999998e-94,0.0,1.001822231,66.0,1.35e-06,122.3012306,1.329678669,5.09e-16,3.27e-10,2.633603366,66.00000237,0.005332457,114.8189436,252.8683237,-1.05e-05,-0.000123786,20.11341793,66.17223269,1.427279979,114.9427257,252.3045452,-0.373444958,-0.016472593
1.988264701,101.9658094,1.434835247,2.013124991,101.5585733,18.34501595,2.282523296,96.89555842,187.7568615,4.072924692,90.94146508,315.6734361,29.7352461,92.04402035,292.9429411,1.988264701,101.9658094,1.434835247,2.013124991,101.5585733,18.34501595,2.282523296,96.89555842,187.7568615,4.072924692,90.94146508,315.6734361,29.7352461,92.04402035,292.9429411,1.0,102.0,0.0,144.2497834,0.0,0.0,0.0,1.0,102.0,0.0,144.2497834,0.0,0.0,0.0,1.0,102.0,0.0,144.2497834,1.82e-12,1.55e-51,0.0,1.071698073,102.0,0.0,144.2497834,0.0,8e-33,0.0,4.219765466,102.0,1.91e-06,144.2497834,4.07e-12,-2.45e-28,-9.52e-17,1.0,39.01978111,0.0,1.0,39.01978111,0.0,1.0,39.01978111,2.27e-13,1.071698073,39.01820516,4.61e-05,4.219765466,39.02072326,3.796065863,1.0,102.0,0.0,144.2497834,0.0,0.0,0.0,1.0,102.0,0.0,144.2497834,0.0,0.0,0.0,1.0,102.0,0.0,144.2497834,1.82e-12,1.55e-51,0.0,1.071698073,102.0,0.0,144.2497834,0.0,8e-33,0.0,4.219765466,102.0,1.91e-06,144.2497834,4.07e-12,-2.45e-28,-9.52e-17
2.964073878,102.0,0.0,2.978287527,102.0,3.64e-12,2.992727477,101.9997578,0.010144279,4.115790577,96.86509677,179.3462152,30.59721534,92.11710819,289.8247188,2.964073878,102.0,0.0,2.978287527,102.0,3.64e-12,2.992727477,101.9997578,0.010144279,4.115790577,96.86509677,179.3462152,30.59721534,92.11710819,289.8247188,1.0,102.0,0.0,144.2497834,0.0,0.0,0.0,1.0,102.0,0.0,144.2497834,0.0,0.0,0.0,1.0,102.0,1.35e-06,144.2497834,1.82e-12,7.11e-75,0.0,1.07210126,102.0,1.91e-06,144.2497834,3.64e-12,1.41e-58,0.0,4.21993819,102.0,1.4e-05,144.2497834,2.27e-10,3.24e-23,2.17e-13,1.0,38.93028903,0.0,1.0,38.93028903,0.0,1.0,38.93028903,4.55e-13,1.07210126,38.94280517,0.002206633,4.21993819,39.01906568,248089.1542,1.0,102.0,0.0,144.2497834,0.0,0.0,0.0,1.0,102.0,0.0,144.2497834,0.0,0.0,0.0,1.0,102.0,1.35e-06,144.2497834,1.82e-12,7.11e-75,0.0,1.07210126,102.0,1.91e-06,144.2497834,3.64e-12,1.41e-58,0.0,4.21993819,102.0,1.4e-05,144.2497834,2.27e-10,3.24e-23,2.17e-13
1.0,380.0,0.0,1.0,380.0,3.33e-06,1.000349537,379.8907351,34.9096307,2.117422209,259.4489937,23730.14227,12.64605576,195.2776819,25496.34431,1.0,380.0,0.0,1.0,380.0,3.33e-06,1.000349537,379.8907351,34.9096307,2.117422209,259.4489937,23730.14227,12.64605576,195.2776819,25496.34431,1.0,380.0,0.0,537.4011537,0.0,0.0,0.0,1.0,380.0,3.41e-05,537.4011537,1.16e-09,-1.61e-205,0.0,1.000030472,379.9927981,1.503780683,537.3960612,2.261356342,-4.42e-65,0.0,1.662394224,314.0418649,127.8931016,492.2352288,16359.3915,-19.94142659,-0.009006191,8.863824216,253.0012449,158.855354,394.8321553,38913.76559,-415.7059682,-0.015204626,1.0,15.4119761,0.0,1.0,15.4119761,3.15e-12,1.000030472,15.41199227,0.019073514,1.662394224,20.72758547,373.7711001,8.863824216,18.92804939,502.0212704,1.0,380.0,0.0,537.4011537,0.0,0.0,0.0,1.0,380.0,3.41e-05,537.4011537,1.16e-09,-1.61e-205,0.0,1.000030472,379.9927981,1.503780683,537.3960612,2.261356342,-4.42e-65,0.0,1.662394224,314.0418649,127.8931016,492.2352288,16359.3915,-19.94142659,-0.009006191,8.863824216,253.0012449,158.855354,394.8321553,38913.76559,-415.7059682,-0.015204626
2.793100967,66.00008427,0.001348358,3.473159871,66.00580748,0.092885963,4.669075842,66.37080824,5.841645827,12.52689938,69.77911526,256.8987352,100.4699137,70.99826168,370.7742248,2.793100967,66.00008427,0.001348358,3.473159871,66.00580748,0.092885963,4.669075842,66.37080824,5.841645827,12.52689938,69.77911526,256.8987352,100.4699137,70.99826168,370.7742248,2.793065652,66.0,9.54e-07,104.3226118,328.4943128,4.4e-14,2.54e-09,3.470356202,66.0,8.84e-06,105.4603535,337.2100058,1.6e-11,9.85e-08,4.445371974,66.0006554,0.242868841,106.5284163,341.4804883,0.010909588,0.002430824,9.856284487,69.56448515,17.55063361,112.8672201,470.0415946,76.93278632,0.23263468,78.10491538,71.85531003,21.38664099,117.3013882,562.0185313,43.46378249,0.112456319,2.793065652,0.774744935,2.551125106,3.470356202,0.849873759,2.825936164,4.445371974,0.957429766,3.215365191,9.856284487,1.753045954,6.464829352,78.10491538,1.891433296,9.440451004,1.430736018,66.0,0.0,104.3548576,328.8014058,0.0,0.0,1.603290815,66.0,1.35e-06,105.4805324,337.3254932,-1.17e-13,-4.71e-09,1.845790901,66.0,9.54e-07,106.6431699,341.711445,1.79e-70,1.02e-65,3.032473088,66.00101905,0.110578226,111.6803765,310.9917314,0.018399956,0.00943567,20.43981339,66.6171145,2.650385578,115.9484901,234.1732,0.648526686,0.015993663
2.97629235,66.00000707,0.000537109,2.986207843,66.00362588,0.263883512,3.25889883,67.7576166,116.9698372,13.29423138,73.71111536,470.9485532,98.04187151,72.55266562,1620.001577,2.97629235,66.00000707,0.000537109,2.986207843,66.00362588,0.263883512,3.25889883,67.7576166,116.9698372,13.29423138,73.71111536,470.9485532,98.04187151,72.55266562,1620.001577,2.976291912,66.00000576,0.022774341,122.3315211,0.000519206,-3.42e-10,-3.09e-06,2.985950848,66.00280033,0.50201775,122.3335489,0.252216362,-2.27e-05,-0.000454628,3.100625472,67.31464844,10.79768767,123.2584994,116.6605324,0.354310254,0.016296378,9.237966646,73.87145146,25.4257917,125.8506161,657.8292589,106.8722396,0.38099299,74.12486372,72.29587621,24.60525486,123.9392308,1879.134691,44.96267758,0.043325547,2.976291912,1.445679633,4.195068076,2.985950848,1.448012483,4.198383114,3.100625472,1.462266134,4.180885267,9.237966646,1.84799145,5.947954485,74.12486372,89263.84895,136942000000000.0,1.0,66.0,0.0,122.3315168,3.64e-12,9.52e-211,0.0,1.000000051,66.0,0.0,122.3315168,1.82e-12,7.19e-174,0.0,1.003711663,66.0,0.0,122.3315168,0.0,6.04e-128,0.0,2.338588827,66.0,9.54e-07,122.3315168,9.09e-13,2.2900000000000002e-35,0.0,18.36817648,66.17049793,5.467645686,123.450077,1492.362433,0.404569652,0.001915576
1.088241566,65.5135582,2.682913314,1.234055642,64.87304527,5.623043858,1.832409267,64.65934884,21.08047181,10.08739577,68.88717374,179.1938148,105.5532405,70.65434741,321.6636948,1.088241566,65.5135582,2.682913314,1.234055642,64.87304527,5.623043858,1.832409267,64.65934884,21.08047181,10.08739577,68.88717374,179.1938148,105.5532405,70.65434741,321.6636948,1.000000008,66.0,0.0,122.3315168,9.09e-12,-7.54e-58,0.0,1.000020869,66.0,0.0,122.3315167,2.3e-06,2.53e-31,0.0,1.057356878,66.00000191,0.013112615,122.3137549,0.780519253,-5.26e-09,-4.54e-07,6.688691246,69.27796293,15.28667657,119.7076716,307.9460354,-7.836646424,-0.036199107,81.89541975,71.46366917,19.88248003,116.8873486,513.5445936,41.92945198,0.1164773,1.000000008,5.710417966,1.99e-07,1.000020869,5.71036353,0.000544841,1.057356878,5.569110701,1.395696933,6.688691246,2.776230727,13.74920401,81.89541975,1.807623863,10.26204742,1.0,66.0,0.0,93.33809512,9.09e-13,-1.23e-42,0.0,1.0,66.0,9.54e-07,93.33809513,1.18e-06,-2.12e-24,-2.05e-15,1.000029752,66.00000202,0.01348253,93.36612558,2.098983291,-3.05e-06,-0.000156172,1.929835832,75.11341798,27.15037123,109.8429607,919.5013347,78.53108788,0.123374935,18.09295254,87.09858338,37.89088111,121.2614719,1569.602624,106.112178,0.111192583
1.000000079,66.0,0.0,1.00009874,66.00000004,6.69e-07,1.13609861,66.02035581,0.396113724,10.52874471,70.01032085,281.8642665,97.03512565,70.92835933,378.322951,1.000000079,66.0,0.0,1.00009874,66.00000004,6.69e-07,1.13609861,66.02035581,0.396113724,10.52874471,70.01032085,281.8642665,97.03512565,70.92835933,378.322951,1.000000079,66.0,0.0,122.331515,7.87e-05,1.07e-20,0.0,1.000098734,66.0,3.81e-06,122.3295111,0.088131373,1.19e-12,1.05e-06,1.132874147,66.00095996,0.293930416,120.138932,89.91279101,0.005741461,0.00206,8.574926481,69.86564151,18.24731628,113.8863795,483.7846484,100.7492388,0.294717409,74.42017407,71.62467024,21.78425335,117.1684256,578.6586178,81.18166728,0.204794594,1.000000079,5.085371589,1.88e-06,1.000098734,5.084907126,0.002265876,1.132874147,4.574756758,2.190580548,8.574926481,1.947936044,4.714112553,74.42017407,1.966944486,4.401409676,1.0,66.0,0.0,122.3315168,0.0,-1.44e-104,0.0,1.000000001,66.0,0.0,122.3315168,1.16e-06,-1.36e-22,0.0,1.001757367,66.0,0.0,122.3020627,1.29317982,-5.35e-25,0.0,2.564569023,66.0,0.0,115.404802,238.8362003,1.45e-14,0.0,20.38992644,66.00138971,0.129130225,114.1025821,268.6954037,-0.047913745,-0.022636125
1.018948214,101.2189741,32.19308697,1.09258788,98.4409415,136.8131688,1.466502231,89.00523291,375.4536126,3.048698676,88.002987,354.78332,27.12239071,93.6312327,251.1525439,1.018948214,101.2189741,32.19308697,1.09258788,98.4409415,136.8131688,1.466502231,89.00523291,375.4536126,3.048698676,88.002987,354.78332,27.12239071,93.6312327,251.1525439,1.0,102.0,0.0,144.2497834,0.0,0.0,0.0,1.0,102.0,0.0,144.2497834,0.0,0.0,0.0,1.0,102.0,0.0,144.2497834,0.0,2.26e-75,0.0,1.071597685,102.0,1.91e-06,144.2497834,3.64e-12,2.0500000000000003e-31,0.0,4.201226184,102.0,1.91e-06,144.2497834,3.64e-12,2.04e-28,0.0,1.0,39.03762507,0.0,1.0,39.03762507,0.0,1.0,39.03762507,2.27e-13,1.071597685,39.03706636,4.77e-06,4.201226184,39.24452237,8.166808161,1.0,102.0,0.0,144.2497834,0.0,0.0,0.0,1.0,102.0,0.0,144.2497834,0.0,0.0,0.0,1.0,102.0,0.0,144.2497834,0.0,2.26e-75,0.0,1.071597685,102.0,1.91e-06,144.2497834,3.64e-12,2.0500000000000003e-31,0.0,4.201226184,102.0,1.91e-06,144.2497834,3.64e-12,2.04e-28,0.0
3.003807582,66.00015143,0.00242278,3.037466558,66.00985958,0.157656134,3.502236319,66.56397071,8.775753547,11.44261723,70.42545207,291.9850742,103.746087,70.89779739,340.5467807,3.003807582,66.00015143,0.00242278,3.037466558,66.00985958,0.157656134,3.502236319,66.56397071,8.775753547,11.44261723,70.42545207,291.9850742,103.746087,70.89779739,340.5467807,2.999934872,66.0,0.0,122.3315138,0.000130331,-1.53e-20,0.0,3.000040669,66.0,1.16e-05,122.330287,0.054039002,-9.67e-15,-3.58e-09,3.045979094,66.00109205,0.313502076,121.8314471,21.67736593,-0.002751849,-0.001885312,8.454995655,70.38507775,19.33030478,119.3219129,447.0081565,-19.8054263,-0.065411968,82.10022883,71.51055584,20.34335081,116.9320449,527.0256671,1.207481721,0.003285779,2.999934872,1.512493626,4.575351658,3.000040669,1.512609371,4.575667324,3.045979094,1.568912774,4.732403914,8.454995655,2.058729658,7.458993878,82.10022883,1.798934812,9.012465316,1.0,66.0,0.0,122.3315168,3.64e-12,-2.41e-117,0.0,1.000000001,66.0,0.0,122.3315168,1.82e-12,2.62e-217,0.0,1.000952515,66.0,0.0,122.3315168,1.43e-06,1.3200000000000001e-33,0.0,2.174633883,66.03777797,0.672241342,119.9689034,97.08985907,-0.113492516,-0.017133947,22.20103281,67.07599549,3.428436901,115.6481436,248.2669951,0.24636105,0.004563101
1.000032473,155.9970775,0.263018214,1.002093881,155.8119444,16.88963511,1.177454472,142.4376388,1036.559259,8.790299478,78.44859705,911.1125082,96.11525537,71.45849335,414.1813805,1.000032473,155.9970775,0.263018214,1.002093881,155.8119444,16.88963511,1.177454472,142.4376388,1036.559259,8.790299478,78.44859705,911.1125082,96.11525537,71.45849335,414.1813805,1.000000122,155.999989,0.031426114,169.3871839,0.006101228,-6.82e-16,-2.8e-13,1.000071155,155.9935965,0.759125195,169.3948905,1.417732917,-4.17e-08,-4.83e-08,1.050748347,151.6532398,19.29544239,167.9977865,419.3405533,-2.238437115,-0.008351619,6.650076921,81.45848251,33.94552613,121.2368703,1200.361504,-191.2949517,-0.307311623,74.0490157,72.18693798,22.76241953,116.7751253,619.3350238,-1.338015854,-0.003191212,1.000000122,4.593500033,8.92e-08,1.000071155,4.593439269,5.41e-05,1.050748347,4.548861307,0.24134232,6.650076921,2.715480712,11.44209522,74.0490157,1.995474341,9.882717135,1.000000122,155.999989,0.031426003,169.3871205,0.000987594,7.08e-109,0.0,1.000071065,155.9936046,0.758646848,169.3812406,0.57554504,3.7500000000000004e-64,0.0,1.041422044,152.4202949,17.58860921,166.0961963,309.3591739,-3.5e-07,-2.52e-06,2.403957732,108.7628558,44.94435655,130.4205714,2039.433661,-89.67737497,-0.11904905,18.38652308,90.91086684,40.25168808,122.6028933,1726.549938,46.50676383,0.047303177
1.005944848,81.90544456,1.503946892,1.094621389,80.6169993,20.22073375,2.563515817,72.57908196,86.96907348,13.77036937,72.09480104,410.2581872,112.135241,71.88317443,524.8166888,1.005944848,81.90544456,1.503946892,1.094621389,80.6169993,20.22073375,2.563515817,72.57908196,86.96907348,13.77036937,72.09480104,410.2581872,112.135241,71.88317443,524.8166888,1.000000076,81.99999878,0.004421786,105.261578,1.96e-05,-1.1800000000000001e-125,0.0,1.000053675,81.99914124,0.117215039,105.26091,0.013739365,2.27e-65,0.0,1.037722826,81.41837532,2.994613098,104.8091213,8.967707607,-1.91e-08,-2.4e-06,2.361841906,73.70329994,7.994496174,100.0432886,68.15562345,-4.322116156,-0.111114636,17.31130071,70.44947865,7.168946792,99.54120629,72.03826143,-1.075024363,-0.021105957,1.000000076,4.728462767,8.09e-06,1.000053675,4.729014237,0.005682078,1.037722826,5.102492186,3.708620426,2.361841906,8.76818903,24.57562843,17.31130071,8.679245452,27.28614065,1.000000076,81.99999878,0.004421786,105.261578,1.96e-05,-3.2e-44,0.0,1.000053675,81.99914124,0.117215039,105.26091,0.013739365,-5.69e-26,0.0,1.037722826,81.41837532,2.994613098,104.8091213,8.967707607,-1.09e-07,-1.38e-05,2.361841906,73.70329994,7.994496174,100.0432886,68.15562345,-3.85744011,-0.099168564,17.31130071,70.44947865,7.168946792,99.54120629,72.03826143,0.55131669,0.010824003
1.000219411,65.99868421,0.007893039,1.006448731,65.96197967,0.226720754,1.280883245,65.19413844,5.575636277,9.697386859,72.8365068,4194.747956,118.4716103,168.0722951,116620.3605,1.000219411,65.99868421,0.007893039,1.006448731,65.96197967,0.226720754,1.280883245,65.19413844,5.575636277,9.697386859,72.8365068,4194.747956,118.4716103,168.0722951,116620.3605,1.000000064,66.0,9.54e-07,115.9629565,224.5519885,6.3300000000000004e-21,4.43e-16,1.000070495,66.0,9.54e-07,114.5682509,258.5703276,-1.94e-14,-1.27e-09,1.084694845,66.00011981,0.103839484,113.0967735,288.3673404,-0.008356957,-0.004739283,7.026516227,74.72563249,75.82423464,119.7199383,6079.264735,92.70061189,0.02750612,95.56077347,191.9236777,376.3308218,227.8930371,147781.1751,-6068.904492,-0.078493534,1.000000064,4.999489739,1.33e-06,1.000070495,4.999196936,0.001365905,1.084694845,4.7166684,1.213860316,7.026516227,2.38731416,5.019097778,95.56077347,1.531744518,4.136271373,1.0,66.0,0.0,122.3315168,3.64e-12,9.969999999999999e-89,0.0,1.000000001,66.0,0.0,122.3315167,1.88e-06,6.29e-62,0.0,1.000970444,66.0,0.0,122.2969366,1.518004903,2.46e-16,0.0,2.279156154,66.08480128,1.005198562,116.0736032,222.902416,0.302801733,0.020176756,20.05000324,66.40230051,2.160037138,115.3969291,244.7218107,5.654715181,0.167360379
1.03826846,66.00367859,0.331077963,1.147524602,66.18653058,16.76917715,1.883394029,72.2790445,535.4285241,10.76410374,73.18904472,631.0099992,99.63382119,70.41413662,377.1308468,1.03826846,66.00367859,0.331077963,1.147524602,66.18653058,16.76917715,1.883394029,72.2790445,535.4285241,10.76410374,73.18904472,631.0099992,99.63382119,70.41413662,377.1308468,1.000154683,66.00381897,0.586253296,122.3350905,0.344893643,2.72e-07,2.74e-06,1.006677275,66.21282123,4.371340517,122.5036854,19.13931637,0.008611276,0.001892438,1.331272884,75.02671351,27.03558135,129.1271282,731.6654807,16.14732667,0.104031107,7.976867769,76.11991674,28.43202054,122.4458424,869.8621778,229.2424861,0.449868995,74.14124751,71.74563523,21.95581009,117.2575931,585.2283287,63.65927203,0.159166944,1.000154683,2.624009497,0.00062843,1.006677275,2.613172544,0.023985851,1.331272884,2.33324869,0.751654067,7.976867769,2.041519601,3.196407794,74.14124751,1.971782645,3.661651761,1.0,66.0,9.54e-07,122.3315168,9.09e-13,-5.33e-180,0.0,1.000000002,66.0,0.0,122.3315167,1.76e-06,-3.93e-113,0.0,1.00203071,66.0,0.0,122.2976933,1.484819997,-2.55e-16,0.0,2.541674815,66.0,1.35e-06,115.7823113,229.2724641,-5.74e-14,-2.81e-09,19.41404824,66.00306083,0.191626151,115.2460122,242.7796077,-0.082936693,-0.027777032
1.0,90.0,0.0,1.0,90.0,0.0,1.0,90.0,1.97e-08,1.287242785,87.84931054,59.89521857,17.21181263,81.52737377,182.3625374,1.0,90.0,0.0,1.0,90.0,0.0,1.0,90.0,1.97e-08,1.287242785,87.84931054,59.89521857,17.21181263,81.52737377,182.3625374,1.0,90.0,0.0,108.1665383,0.0,5.87e-183,0.0,1.0,90.0,0.0,108.1665383,0.0,1.78e-109,0.0,1.0,90.0,9.54e-07,108.1665383,1.02e-12,4.71e-36,7.32e-24,1.065211238,89.99368614,0.435173355,108.1651168,0.189875616,0.005284195,0.103488653,5.268550015,87.24355779,8.66575401,106.0128067,75.09637006,0.906945941,0.165009791,1.0,40.41008115,0.0,1.0,40.41008115,0.0,1.0,40.41008115,0.0,1.065211238,40.37776701,0.798728192,5.268550015,31.18456483,225.9419324,1.0,90.0,0.0,108.1665383,0.0,0.0,0.0,1.0,90.0,0.0,108.1665383,0.0,-3.3499999999999995e-287,0.0,1.0,90.0,9.54e-07,108.1665383,1.02e-12,-1.14e-83,-1.77e-71,1.065163892,89.99368586,0.435183025,108.1651193,0.189884733,-9.92e-06,-0.000194139,3.630715931,86.43392964,9.709029454,105.4054753,94.26684966,-0.658866751,-0.091615237
1.00000009,60.0000027,8.09e-05,1.000091816,60.00275423,0.08261936,1.093839825,62.57368098,70.58659569,3.639764621,80.08273533,199.1658016,22.26657283,80.6812705,192.7219352,1.00000009,60.0000027,8.09e-05,1.000091816,60.00275423,0.08261936,1.093839825,62.57368098,70.58659569,3.639764621,80.08273533,199.1658016,22.26657283,80.6812705,192.7219352,1.0,60.0,0.0,84.85281374,0.0,0.0,0.0,1.0,60.0,0.0,84.85281374,0.0,0.0,0.0,1.0,60.0,6.74e-07,84.85281374,6.43e-13,0.0,0.0,1.074379376,60.0,9.54e-07,84.85281374,1.64e-12,5.4e-30,4.85e-18,4.428204965,60.00000003,0.000584195,84.85281386,7.07e-06,6.75e-15,4.35e-09,1.0,40.21960616,0.0,1.0,40.21960616,0.0,1.0,40.21960616,2.18e-10,1.074379376,39.2659438,15.03980393,4.428204965,37.08405463,44.29890857,1.0,60.0,0.0,84.85281374,0.0,0.0,0.0,1.0,60.0,0.0,84.85281374,0.0,0.0,0.0,1.0,60.0,6.74e-07,84.85281374,6.43e-13,0.0,0.0,1.074379376,60.0,9.54e-07,84.85281374,1.64e-12,5.4e-30,4.85e-18,4.428204956,60.0,1.17e-06,84.85281374,1.36e-12,6.16e-29,0.0
1.0,90.0,0.0,1.0,90.0,0.0,1.0,90.0,2.19e-08,1.309795412,87.69705395,63.78482101,17.43025257,81.66856333,180.498554,1.0,90.0,0.0,1.0,90.0,0.0,1.0,90.0,2.19e-08,1.309795412,87.69705395,63.78482101,17.43025257,81.66856333,180.498554,1.0,90.0,0.0,108.1665383,0.0,-1.902234e-317,0.0,1.0,90.0,0.0,108.1665383,0.0,0.0,0.0,1.0,90.0,0.0,108.1665383,0.0,-7.59e-243,0.0,1.069714712,90.0,4.33e-05,108.1665383,1.88e-09,-9.19e-22,-1.88e-12,4.723549878,89.47440321,3.935943577,107.7543684,15.49189563,-0.039480965,-0.034025479,1.0,40.41397905,0.0,1.0,40.41397905,0.0,1.0,40.41397905,5.91e-12,1.069714712,40.05100979,8.47439065,4.723549878,35.72417356,4152412.545,1.0,90.0,0.0,108.1665383,0.0,-1.902234e-317,0.0,1.0,90.0,0.0,108.1665383,0.0,0.0,0.0,1.0,90.0,0.0,108.1665383,0.0,0.0,0.0,1.068978044,90.0,0.0,108.1665383,9.09e-13,-2.94e-34,0.0,2.910036712,90.0,0.0,108.1665383,4.55e-13,1.43e-29,0.0
1.417098362,66.00000001,1.18e-06,1.591839075,66.00008731,0.007857729,1.9746814,66.5271291,47.13972093,11.76475852,72.12860438,475.3940365,100.9246883,71.15496623,394.9559978,1.417098362,66.00000001,1.18e-06,1.591839075,66.00008731,0.007857729,1.9746814,66.5271291,47.13972093,11.76475852,72.12860438,475.3940365,100.9246883,71.15496623,394.9559978,1.0,66.0,0.0,103.0243671,37.91191634,-3.33e-21,0.0,1.0,66.0,4.26e-06,101.7168269,52.45963346,-1.67e-12,-5.4e-08,1.000112682,66.00064125,0.10128924,100.0553483,62.56082914,0.000388369,0.000484763,2.37786365,68.79388223,6.074235567,100.2447399,72.85389398,1.312823327,0.027268783,19.73169786,69.90308983,6.871256585,99.79363159,73.45602562,3.987125024,0.077352622,1.0,14.50827193,0.0,1.0,14.50827193,2.92e-11,1.000112682,14.50710533,0.016856179,2.37786365,9.603836429,47.04206988,19.73169786,7.672320869,48.74528347,1.0,66.0,0.0,103.0243671,37.91191634,-3.33e-21,0.0,1.0,66.0,4.26e-06,101.7168269,52.45963346,-1.67e-12,-5.4e-08,1.000112682,66.00064125,0.10128924,100.0553483,62.56082914,0.000388369,0.000484763,2.37786365,68.79388223,6.074235567,100.2447399,72.85389398,1.312823327,0.027268783,19.73169786,69.90308983,6.871256585,99.79363159,73.45602562,3.987125024,0.077352622
3.080642982,69.89529087,31.57020014,3.43968524,69.4888369,29.69464226,4.182626909,68.99549837,27.91810374,13.48639992,71.02517184,292.4270178,104.2648764,72.0253923,1651.137297,3.080642982,69.89529087,31.57020014,3.43968524,69.4888369,29.69464226,4.182626909,68.99549837,27.91810374,13.48639992,71.02517184,292.4270178,104.2648764,72.0253923,1651.137297,3.080642897,69.89529082,5.618736448,124.4201725,31.66949041,0.179809707,0.020216195,3.439610263,69.48876736,5.449193578,123.8502526,34.49570593,1.193550734,0.052274196,4.114812744,68.9223258,5.196005389,121.2940102,111.2563451,6.93058341,0.12838891,10.98904958,71.06609018,18.57517794,116.8325206,466.5204226,37.98091631,0.115391433,82.12342147,73.01751775,45.56857557,118.0580057,2303.109994,74.61326225,0.051876386,3.080642897,0.37824038,0.45159323,3.439610263,0.466075014,1.056083292,4.114812744,1.052535539,5.372316779,10.98904958,1.669575378,9.581750162,82.12342147,1.796866048,8.54878153,1.70141289,73.05296173,5.906883408,126.2764238,34.89127159,-3.49e-60,-4.38e-55,1.808321715,72.63598734,5.966198128,126.0356563,35.59552011,3.32e-08,8.66e-06,1.933035686,72.20785229,5.996398705,125.7765995,35.96144792,0.046924781,0.01029028,3.586471555,69.34682273,5.381510048,118.8993232,198.4022766,15.46973194,0.205184095,21.61858519,66.99344668,3.306724033,115.8855662,241.3209578,4.043111391,0.078748696
1.000891671,66.0,1.08e-07,1.016352306,66.0000057,0.00217931,1.426904989,66.34280506,36.49724435,10.96876359,71.74406182,485.6924213,102.5879977,94.36452384,27053.33786,1.000891671,66.0,1.08e-07,1.016352306,66.0000057,0.00217931,1.426904989,66.34280506,36.49724435,10.96876359,71.74406182,485.6924213,102.5879977,94.36452384,27053.33786,1.000891651,66.0,0.000293133,122.3315168,8.6e-08,2.29e-19,1.25e-11,1.016326155,66.00002306,0.045554831,122.3315335,0.002076832,1.18e-10,2.86e-07,1.384002572,66.41525159,6.099197442,122.6177217,37.23043737,0.038180099,0.005111217,8.268397393,73.470706,24.82801526,125.1451862,631.4633243,40.50715563,0.139406833,77.79142389,98.68706381,175.289787,149.2534177,34689.69909,1360.925794,0.061185044,1.000891651,2.034133137,0.001034767,1.016326155,2.023990409,0.022971813,1.384002572,2.023585944,0.608096455,8.268397393,1.92779391,2.086897052,77.79142389,269499.0759,413403000000000.0,1.0,66.0,0.0,122.3315168,1.82e-12,2.25763e-319,0.0,1.000000048,66.0,9.54e-07,122.3315168,9.09e-13,8.29e-87,0.0,1.003644952,66.0,0.0,122.3315168,0.0,-1.3199999999999999e-40,0.0,2.330081427,66.00012537,0.039395629,122.3315862,0.002981624,4.09e-10,2.06e-07,17.89298928,70.97090449,29.22436205,157.3397002,44498.83569,391.4808369,0.063508396
1.000000167,65.99999999,6.78e-08,1.000167771,65.99996511,0.000210155,1.182461323,65.92744973,0.906843329,11.47016896,69.46404554,263.7199654,100.7177096,70.89320589,373.6353889,1.000000167,65.99999999,6.78e-08,1.000167771,65.99996511,0.000210155,1.182461323,65.92744973,0.906843329,11.47016896,69.46404554,263.7199654,100.7177096,70.89320589,373.6353889,1.000000165,66.0,0.0,122.331512,0.000211688,-1.83e-50,0.0,1.000161943,66.0,3.3e-06,122.3275625,0.173747223,-6.54e-16,-4.75e-10,1.16123378,66.00088975,0.282976174,119.5397913,112.2009142,-0.002535154,-0.000845778,8.864778943,69.89298485,17.93737087,113.8114747,475.9149135,6.466833715,0.019252228,76.87650837,71.68906281,21.66897789,116.9247794,577.5002274,11.32353944,0.028499755,1.000000165,4.906069559,3.29e-06,1.000161943,4.905422078,0.003163107,1.16123378,4.362791834,2.357425694,8.864778943,1.903009127,5.239724523,76.87650837,1.905893215,4.900829975,1.0,66.0,9.54e-07,122.3315168,2.03e-12,1.58e-147,1.23e-135,1.000000002,66.0,1.35e-06,122.3315168,1.61e-06,-6.06e-22,-3.54e-13,1.001946019,66.00000001,0.000404198,122.2987081,1.440317774,-5.26e-10,-1.08e-06,2.69101,66.56863438,2.549562212,116.1752897,227.5970362,-1.469806089,-0.038220796,20.17091049,66.49304118,2.381890967,115.8801666,234.062477,4.422396235,0.121376241
1.002029044,155.8118909,17.45747404,1.033602566,152.9832227,271.1320067,1.693282127,118.2648319,2057.314865,10.78026201,75.17670933,777.2159164,101.0605499,70.75014411,397.6504517,1.002029044,155.8118909,17.45747404,1.033602566,152.9832227,271.1320067,1.693282127,118.2648319,2057.314865,10.78026201,75.17670933,777.2159164,101.0605499,70.75014411,397.6504517,1.001021769,155.9081346,2.873924608,186.8570814,8.260623195,7.01e-07,6.52e-07,1.016102873,154.5737088,11.23974642,185.6633697,126.4548584,0.006675333,0.000251529,1.320441521,134.15902,38.58315424,165.2589659,1501.808618,43.44650405,0.079965112,8.272875477,78.3711659,30.98966256,118.4422846,1018.814197,111.0777629,0.194349702,77.10822735,71.94570954,22.33696115,116.1827115,606.683022,46.41825762,0.11185761,1.001021769,1.987802186,0.000694302,1.016102873,2.00000311,0.010599645,1.320441521,2.130451416,0.232604008,8.272875477,1.96854572,3.233801487,77.10822735,1.895656085,3.590646005,1.00000006,155.9999946,0.022006607,169.3871256,0.000484291,4.750000000000001e-59,0.0,1.000046342,155.9958294,0.612644797,169.3832896,0.375333648,4.92e-34,8.43e-28,1.035920091,152.8792881,16.46588063,166.5174973,271.1252251,-3.18e-07,-2.26e-06,2.340595522,109.7261005,44.98196505,131.2674175,2043.222157,-55.84738694,-0.073662073,18.44011042,90.8181794,40.22056809,122.5061515,1724.176664,65.11734142,0.066287466
1.0,90.0,0.0,1.0,90.0,1.23e-10,1.000057122,89.99878583,0.172258768,2.698529065,102.8419357,7492.075085,22.28265864,93.39088677,4771.231965,1.0,90.0,0.0,1.0,90.0,1.23e-10,1.000057122,89.99878583,0.172258768,2.698529065,102.8419357,7492.075085,22.28265864,93.39088677,4771.231965,1.0,90.0,0.0,127.2792206,0.0,0.0,0.0,1.0,90.0,0.0,127.2792206,0.0,0.0,0.0,1.00000134,89.99995979,0.034729697,127.2791814,0.001289986,2.23e-15,3e-12,1.323397559,84.13549197,11.89717557,118.8929041,201.8599409,8.323372322,0.058316883,6.090273404,82.10660333,13.20970057,106.6002068,245.7292529,-35.82691247,-0.206193712,1.0,19.50915003,0.0,1.0,19.50915003,0.0,1.00000134,19.50915189,2.58e-06,1.323397559,20.79914002,20.00500368,6.090273404,26.40156921,150.2495206,1.0,90.0,0.0,108.1665383,0.0,0.0,0.0,1.0,90.0,0.0,108.1665383,0.0,0.0,0.0,1.0,90.0,0.0,108.1665383,0.0,-6.2599999999999994e-89,0.0,1.06469569,89.99997672,0.026424456,108.1665332,0.000700154,-1.42e-10,-7.48e-07,3.829011252,88.06921394,7.361769287,106.6637142,54.19658249,-0.395391277,-0.095178774
1.0,102.0,0.0,1.0,102.0,0.0,1.000000633,101.9999734,0.001114954,2.060482961,90.3958162,341.8852286,28.5583964,90.90044463,319.9589093,1.0,102.0,0.0,1.0,102.0,0.0,1.000000633,101.9999734,0.001114954,2.060482961,90.3958162,341.8852286,28.5583964,90.90044463,319.9589093,1.0,102.0,0.0,144.2497834,0.0,0.0,0.0,1.0,102.0,0.0,144.2497834,0.0,0.0,0.0,1.0,102.0,0.0,144.2497834,1.82e-12,-1.42e-51,0.0,1.071641507,102.0,1.91e-06,144.2497834,3.64e-12,-2.22e-36,0.0,4.219542931,102.0,2.34e-06,144.2497834,5.75e-12,1.34e-28,4.24e-17,1.0,39.02914,0.0,1.0,39.02914,0.0,1.0,39.02914,4.55e-13,1.071641507,39.02882876,1.39e-06,4.219542931,39.02308747,0.000881284,1.0,102.0,0.0,144.2497834,0.0,0.0,0.0,1.0,102.0,0.0,144.2497834,0.0,0.0,0.0,1.0,102.0,0.0,144.2497834,1.82e-12,-1.42e-51,0.0,1.071641507,102.0,1.91e-06,144.2497834,3.64e-12,-2.22e-36,0.0,4.219542931,102.0,2.34e-06,144.2497834,5.75e-12,1.34e-28,4.24e-17
1.00000002,66.0,4.55e-11,1.000036968,66.00000035,5.62e-06,1.075381335,66.04167262,0.665197634,9.237372045,68.83323524,178.5594763,96.91144752,70.79340606,360.2995192,1.00000002,66.0,4.55e-11,1.000036968,66.00000035,5.62e-06,1.075381335,66.04167262,0.665197634,9.237372045,68.83323524,178.5594763,96.91144752,70.79340606,360.2995192,1.00000002,66.0,0.0,122.3315168,5.46e-12,-1.83e-57,0.0,1.000036917,66.0,0.0,122.3315167,2.27e-06,-1.9600000000000002e-33,0.0,1.069407071,66.00000216,0.013958246,122.2886357,1.882327163,-1.54e-08,-8.02e-07,7.142955882,68.41680232,14.54892527,115.5248802,363.9726455,-8.936081327,-0.035694536,75.97152362,71.3764633,21.04216648,116.6569291,556.1480887,13.94739345,0.03613185,1.00000002,5.431529953,5.03e-07,1.000036917,5.431445256,0.000941181,1.069407071,5.285314422,1.629695451,7.142955882,2.620461896,14.05847521,75.97152362,29.50263973,41496313825.0,1.0,66.0,0.0,93.33809512,2.73e-12,-9.46e-50,0.0,1.0,66.0,1.35e-06,93.33809514,2.09e-06,-4.85e-29,-2.49e-20,1.000029545,66.00000231,0.014434308,93.372032,2.54079471,5.77e-08,2.51e-06,1.877214182,75.19613348,27.25954811,110.4597942,935.2997312,73.03917275,0.112425966,18.65120071,87.51795026,38.12709583,121.432604,1583.092584,117.7577757,0.123354503
1.650010408,100.9032094,1923.05482,1.850807968,103.200333,1964.165558,2.796242548,95.41411809,1784.251148,12.94733526,74.96906674,700.532193,104.6615015,73.76269382,642.7022355,1.650010408,100.9032094,1923.05482,1.850807968,103.200333,1964.165558,2.796242548,95.41411809,1784.251148,12.94733526,74.96906674,700.532193,104.6615015,73.76269382,642.7022355,1.64996871,100.9040915,43.85285203,155.6748716,1923.183047,-11.71105996,-0.058827626,1.848451376,103.2477635,44.32722447,155.2083895,1969.282427,-70.64925809,-0.139112068,2.652646758,97.03023225,42.77669252,142.0613927,1884.230747,-83.34105758,-0.091900669,10.71394757,76.96576541,28.59182771,118.9594485,908.9220818,15.19323517,0.026659409,84.16842647,75.13971789,27.8738602,117.7721985,866.1690026,-15.98107993,-0.029300822,1.64996871,0.619473954,0.409241253,1.848451376,0.737010531,0.732815774,2.652646758,1.166778692,2.390142475,10.71394757,1.529270355,3.474036915,84.16842647,1.73866796,3046937.393,1.639896209,101.1184779,43.90165739,156.1600031,1927.355521,-6.77e-12,-4.32e-08,1.765007553,105.0087167,44.59937808,158.7067439,1989.104525,-3.86e-06,-3.21e-05,1.915649676,108.9683153,44.9541128,161.3003324,2020.87592,-2.135043479,-0.024212549,3.106397302,101.6463073,44.01713795,138.3661894,2054.599275,-48.46515131,-0.04210915,21.4192176,99.51547787,43.50982761,127.8098647,1966.049801,-38.04438596,-0.037960483
2.999919851,60.0,4.55e-13,2.99995191,60.0,9.09e-13,2.999987587,60.00000283,8.5e-05,3.93520882,64.83103585,121.5921681,19.18573638,77.3464459,218.6028769,2.999919851,60.0,4.55e-13,2.99995191,60.0,9.09e-13,2.999987587,60.00000283,8.5e-05,3.93520882,64.83103585,121.5921681,19.18573638,77.3464459,218.6028769,1.0,60.0,0.0,84.85281374,0.0,0.0,0.0,1.0,60.0,0.0,84.85281374,0.0,0.0,0.0,1.000000094,60.00000283,0.009220361,84.85281575,8.5e-05,-3.16e-137,0.0,1.21123736,65.23187932,11.38348885,88.62957093,129.5838185,3.45e-05,0.000446482,5.084684813,81.67735669,13.43178721,101.4660438,180.4132703,0.285578436,0.035352634,1.0,23.33570313,0.0,1.0,23.33570313,0.0,1.000000094,23.33570475,2.75e-05,1.21123736,26.31135449,41.92068936,5.084684813,32.17978554,162.3050491,1.0,60.0,0.0,60.0,0.0,0.0,0.0,1.0,60.0,0.0,60.0,0.0,0.0,0.0,1.0,60.0,0.0,60.0,0.0,0.0,0.0,1.0,60.0,0.0,60.0,0.0,0.0,0.0,1.0,60.0,0.0,60.0,0.0,0.0,0.0
1.000000012,66.0,0.0,1.000027505,66.0,9.09e-13,1.067234158,66.00009056,0.00141853,8.775539036,68.88800977,182.4833149,99.97888098,70.67591847,326.4637299,1.000000012,66.0,0.0,1.000027505,66.0,9.09e-13,1.067234158,66.00009056,0.00141853,8.775539036,68.88800977,182.4833149,99.97888098,70.67591847,326.4637299,1.000000012,66.0,0.0,122.3315168,3.64e-12,6.170000000000001e-35,0.0,1.000027422,66.0,0.0,122.3315167,2.97e-06,3.04e-20,0.0,1.062861101,66.00000219,0.014049226,122.292748,1.702106743,4.58e-05,0.002498389,6.899622726,68.50058741,14.77520202,116.4826281,352.3899446,-24.76642693,-0.100782448,77.30852424,71.3585593,20.09355343,117.3811316,513.1050175,15.16984437,0.042426803,1.000000012,5.579762191,3.09e-07,1.000027422,5.57969555,0.000705708,1.062861101,5.435761966,1.50161769,6.899622726,2.71469624,14.33558981,77.30852424,1.913660953,10.30705443,1.0,66.0,0.0,93.33809512,1.82e-12,1.17e-51,0.0,1.0,66.0,9.54e-07,93.33809514,1.91e-06,2.2500000000000002e-29,1.71e-20,1.000030049,66.00000233,0.014483854,93.37101299,2.464579718,8.44e-08,3.71e-06,1.868572574,75.20995707,27.27769663,110.5507931,937.6467912,71.41569706,0.109606372,17.50554829,86.99415193,37.90863872,121.0343789,1570.025728,119.8562716,0.125734659
9.527982941,79.19968689,1356.016308,9.831387612,79.048967,1351.484321,10.89132751,77.61629618,1277.08667,32.48935925,91.8913403,14895.79008,179.6559053,123.2103901,31623.96817,9.527982941,79.19968689,1356.016308,9.831387612,79.048967,1351.484321,10.89132751,77.61629618,1277.08667,32.48935925,91.8913403,14895.79008,179.6559053,123.2103901,31623.96817,8.576962939,81.32856239,38.22259209,529.8716906,353957.0496,19761.87288,0.869029526,8.743254831,81.41968499,38.32625586,530.5003459,354133.8786,20260.48424,0.888324329,8.913428242,81.51037652,38.42886923,531.1167357,354305.8066,20771.3271,0.908070131,15.98721839,120.9915447,168.4780434,432.6249846,267731.468,7842.379155,0.090215699,104.0106785,160.6241391,225.2300778,325.6184214,139275.5847,-2482.185356,-0.030600152,8.576962939,2.944888415,71.61909928,8.743254831,2.980592478,72.38236484,8.913428242,3.01650821,73.14757315,15.98721839,1.980123842,49.18754515,104.0106785,1.526974679,41.0328358,1.968141766,69.93525216,3.99947593,101.8181688,15.99580772,0.0,0.0,1.98076142,69.96114912,3.999811322,101.8359582,15.99849061,0.0,0.0,1.99354557,69.98704935,3.999979035,101.8537534,15.99983228,0.0,0.0,1.999352675,69.99870493,3.99999979,101.8617627,15.99999832,0.0,0.0,1.999935249,69.99987049,3.999999998,101.8625636,15.99999998,0.0,0.0
28.42756901,156.1580921,42876.71383,31.1409337,155.0898947,42320.07683,34.80468812,152.519864,41115.37649,47.29955644,134.7061953,32456.28697,76.84174923,112.9471172,20940.44743,28.42756901,156.1580921,42876.71383,31.1409337,155.0898947,42320.07683,34.80468812,152.519864,41115.37649,47.29955644,134.7061953,32456.28697,76.84174923,112.9471172,20940.44743,27.59059238,158.8639095,209.5882808,307.5251505,123189.6946,-19485.55877,-0.27404626,29.94385969,158.6097752,209.0159203,311.5055752,127834.8119,-22361.91802,-0.308666551,32.62740123,158.1130721,208.2202906,315.1290849,132420.3602,-25201.24799,-0.342162734,35.47946495,153.7391953,204.1912037,309.1516159,129773.8044,-19691.74429,-0.275094847,43.75635465,137.2704277,187.4058376,273.5223453,110892.1037,-57.95457201,-0.000953522,27.59059238,0.10280072,0.393959575,29.94385969,0.110688467,0.424622951,32.62740123,0.129398451,0.52065839,35.47946495,0.652557652,11.50167236,43.75635465,3.586907766,76.93392212,1.982234859,69.96415129,3.999839356,101.8380207,15.99871487,0.0,0.0,1.989302726,69.9784904,3.999942167,101.8478724,15.99953734,0.0,0.0,1.996421451,69.99283007,3.999993574,101.8577256,15.99994859,0.0,0.0,1.999641568,69.99928301,3.999999936,101.8621599,15.99999949,0.0,0.0,1.999964151,69.9999283,3.999999999,101.8626034,15.99999999,0.0,0.0
1.882724837,60.0,2.04e-08,1.927888014,60.00001661,0.000697608,2.002077488,60.56037947,23.22190153,5.801133634,84.54174687,422.2506365,33.15172517,90.54843321,329.0255636,1.882724837,60.0,2.04e-08,1.927888014,60.00001661,0.000697608,2.002077488,60.56037947,23.22190153,5.801133634,84.54174687,422.2506365,33.15172517,90.54843321,329.0255636,1.882724837,60.0,6.74e-07,84.85281374,4.55e-13,1.88e-43,0.0,1.927887251,60.0,9.54e-07,84.85281374,1.29e-12,3.67e-25,4.03e-13,1.975365166,60.00000284,0.010388642,84.8528188,0.000196206,5.57e-07,0.004190512,2.625648507,63.42756384,10.88573526,89.17776971,151.8004996,41.00495902,0.386724796,13.14197863,73.1134696,18.06481799,102.7637161,453.5748411,156.8814372,0.489297482,1.882724837,8.296154089,77.29505352,1.927887251,8.515363249,77.48756336,1.975365166,8.734973641,77.58390724,2.625648507,9.273562386,72.33617128,13.14197863,11.73021778,91.03089366,1.882724837,60.0,6.74e-07,84.85281374,4.55e-13,-1.4499999999999998e-95,0.0,1.927887251,60.0,9.54e-07,84.85281374,1.29e-12,-2.5200000000000002e-29,-2.77e-17,1.975365018,60.0,6.74e-07,84.85281374,6.43e-13,1.7500000000000001e-29,3.86e-17,2.38881751,60.0,0.0,84.85281374,4.55e-13,-3.79e-30,0.0,8.606582596,60.0,9.54e-07,84.85281374,1.02e-12,-6.9e-29,-1.07e-16
1.000000078,66.00000003,2.44e-06,1.000058619,66.00017447,0.015702687,1.068152112,67.0506455,93.45274268,9.075367968,73.71014376,607.5921278,98.59435582,71.20691981,405.0439054,1.000000078,66.00000003,2.44e-06,1.000058619,66.00017447,0.015702687,1.068152112,67.0506455,93.45274268,9.075367968,73.71014376,607.5921278,98.59435582,71.20691981,405.0439054,1.000000078,66.00000003,0.001562566,122.4086568,1.457313119,7.61e-16,4.04e-13,1.000058615,66.00017447,0.125310363,122.9158383,10.6257277,2.54e-08,6.22e-08,1.066518479,67.05223452,9.67439451,125.807138,118.0580887,0.424955935,0.005178236,7.483714648,74.86546477,26.81968239,120.8738021,797.1482313,129.7628872,0.261018717,77.0238189,71.97078784,22.38144177,116.7365718,610.1656101,83.02185472,0.198735065,1.000000078,4.72358559,8.23e-07,1.000058615,4.723397137,0.000621494,1.066518479,4.529850852,0.65283999,7.483714648,2.219151755,4.375254695,77.0238189,1.90033412,4.343770175,1.0,66.0,0.0,122.3315168,1.82e-12,-4.580000000000001e-223,0.0,1.000000001,66.0,9.54e-07,122.3315168,2.03e-12,8.54e-85,6.640000000000001e-73,1.000970106,66.0,0.0,122.3314824,0.001510732,-2.3200000000000002e-57,0.0,2.142838309,66.0,0.0,118.4484854,150.2414076,-9.87e-15,0.0,19.35764649,66.00947589,0.337077037,114.9544716,249.8379223,-0.048487772,-0.009100681
2.991171166,66.00000233,0.000217742,2.997498233,66.00158564,0.149829815,3.264680463,67.00816581,94.09887869,13.90058978,72.32619405,442.4936025,104.075828,70.83510152,354.3033521,2.991171166,66.00000233,0.000217742,2.997498233,66.00158564,0.149829815,3.264680463,67.00816581,94.09887869,13.90058978,72.32619405,442.4936025,104.075828,70.83510152,354.3033521,2.991120052,66.00000241,0.014739359,122.3315187,0.000217606,2.34e-12,4.5e-08,2.994800949,66.0016614,0.386676207,122.3327689,0.149671362,-2.1e-06,-6.6e-05,3.092763021,67.12891306,9.936788593,123.0957467,98.8768274,-0.514976751,-0.022717375,11.54777535,73.81854807,22.66411546,121.2928769,579.325515,120.7313487,0.325459271,82.26411187,71.69317748,20.75830547,117.088873,541.3512171,52.23002534,0.138994432,2.991120052,1.507864421,4.565818578,2.994800949,1.510020194,4.569068054,3.092763021,1.525052022,4.574411468,11.54777535,1.514864157,6.617826916,82.26411187,1.798025228,9.789545397,1.0,66.0,1.65e-06,122.3315168,4.55e-12,-1.5600000000000002e-26,-4.95e-15,1.000000012,66.00000006,0.000872037,122.3315168,2.5e-06,-4.05e-15,-3.01e-09,1.004604873,66.0208012,0.499180996,122.3054342,1.656542824,-0.000914708,-0.001431885,3.143184119,68.02256154,4.492213631,117.7164906,209.2810001,5.455147118,0.084138621,21.77290224,66.85107403,3.080350845,115.3584682,251.9249145,6.900938325,0.141197346
2.999919852,90.0,3.64e-12,2.99995191,90.0,0.0,2.99998397,90.0,7.17e-09,3.286045046,89.15807952,24.54878432,17.36454022,83.25788161,156.8073913,2.999919852,90.0,3.64e-12,2.99995191,90.0,0.0,2.99998397,90.0,7.17e-09,3.286045046,89.15807952,24.54878432,17.36454022,83.25788161,156.8073913,1.0,90.0,0.0,108.1665383,0.0,0.0,0.0,1.0,90.0,0.0,108.1665383,0.0,0.0,0.0,1.0,90.0,0.0,108.1665383,4.55e-13,-4.4700000000000003e-156,0.0,1.064609884,89.99997673,0.026423775,108.1665332,0.000700111,-1.4e-10,-7.38e-07,4.767299019,88.23840585,7.052985935,106.7889176,49.74537158,-0.152468351,-0.041211501,1.0,40.42550302,0.0,1.0,40.42550302,0.0,1.0,40.42550302,4.55e-13,1.064609884,40.42455516,0.002960724,4.767299019,34.56463702,163.2280145,1.0,90.0,0.0,108.1665383,0.0,0.0,0.0,1.0,90.0,0.0,108.1665383,0.0,0.0,0.0,1.0,90.0,0.0,108.1665383,4.55e-13,-4.4700000000000003e-156,0.0,1.064609711,89.99997673,0.026423777,108.1665332,0.000700111,-1.4e-10,-7.38e-07,3.828826058,88.06914606,7.361889787,106.6635638,54.19835504,-0.394659265,-0.095042235
1.000060513,66.00009128,0.001460441,1.003547322,66.01138534,0.18203574,1.358408057,67.0527979,15.73650973,10.73206013,68.86233163,156.8246662,97.05092823,70.36584073,329.8850538,1.000060513,66.00009128,0.001460441,1.003547322,66.01138534,0.18203574,1.358408057,67.0527979,15.73650973,10.73206013,68.86233163,156.8246662,97.05092823,70.36584073,329.8850538,1.000000027,66.0,0.0,105.4084063,336.906478,7.19e-72,0.0,1.000058758,66.0,1.35e-06,106.1272982,340.3134038,5.76e-18,2.32e-13,1.128402423,66.00000206,0.01362539,106.8580661,342.0381678,2.3e-06,9.14e-06,8.328254753,68.06615072,13.47904247,111.6739864,393.3317168,19.22187956,0.076350814,76.05478521,70.82506249,20.11586017,115.8923253,528.1244242,61.79526492,0.166754102,1.000000027,5.517421851,7.58e-07,1.000058758,5.517185343,0.001645597,1.128402423,5.066656326,2.972585163,8.328254753,2.248480478,12.91810411,76.05478521,1.945751046,10.5760736,1.0,66.0,0.0,93.33809512,1.82e-12,4.94e-51,0.0,1.0,66.0,0.0,93.33809514,1.91e-06,1.53e-29,0.0,1.000029588,66.00000233,0.014473531,93.37101388,2.464645881,8.02e-08,3.53e-06,1.867764443,75.21284781,27.28149075,110.5540503,937.8356545,71.42865412,0.109607131,17.2314925,87.02912143,37.99108586,120.9224929,1574.507955,114.2499482,0.119888978
2.00013941,89.9987361,0.0379155,2.011220591,89.91684734,2.487665494,2.739613466,85.96128735,104.8501796,7.911362333,81.28960041,872.8487994,34.84153043,99.16479969,6579.423295,2.00013941,89.9987361,0.0379155,2.011220591,89.91684734,2.487665494,2.739613466,85.96128735,104.8501796,7.911362333,81.28960041,872.8487994,34.84153043,99.16479969,6579.423295,1.000056952,89.99915679,0.15904581,108.6965382,0.997971444,-1.06e-07,-6.65e-07,1.003747215,89.94443514,1.289906355,108.6621028,1.94080715,-0.000390399,-0.000302785,1.246558503,87.04078603,8.945360351,106.2822422,80.02571888,-0.845673209,-0.094542083,2.793539613,81.29147482,13.61680376,101.5752379,185.4199911,-4.973331567,-0.366950718,6.977103749,83.97763414,12.01674187,103.4917468,144.4048063,0.542424283,0.047941919,1.000056952,3.016764277,0.011865783,1.003747215,3.048255206,0.780734398,1.246558503,4.722280442,38.71422981,2.793539613,10.33364545,154.6774266,6.977103749,23.37981728,303.332833,1.000056952,89.99915679,0.15904581,108.6965382,0.997971444,-1.06e-07,-6.65e-07,1.003747215,89.94443514,1.289906355,108.6621028,1.94080715,-0.000390399,-0.000302785,1.246558491,87.040786,8.945360389,106.2822422,80.02571954,-0.845673343,-0.094542098,2.622254032,80.72266432,13.86546476,101.17821,192.2537138,-8.234546189,-0.593889221,2.958569021,80.07027486,14.11709293,100.6590139,199.2948217,-9.810598042,-0.694944642
1.055711145,65.68414418,1.795370038,1.181411177,65.10323258,4.576412729,1.806006811,64.14277572,8.329084833,9.920519076,69.85654,373.8955995,94.63143176,70.61611315,380.1790674,1.055711145,65.68414418,1.795370038,1.181411177,65.10323258,4.576412729,1.806006811,64.14277572,8.329084833,9.920519076,69.85654,373.8955995,94.63143176,70.61611315,380.1790674,1.000135725,66.0,0.0,122.3235915,0.348188966,-9.43e-24,0.0,1.004831585,66.0,0.000137309,122.1158999,9.41295024,-5.3e-11,-1.26e-07,1.228581577,66.00972372,0.935435708,117.6220794,177.1460337,-0.049466395,-0.003973134,7.695667535,71.47052055,21.50395904,118.1832121,553.8291049,15.8767191,0.042290732,72.76831148,71.6219205,21.77846571,117.9909579,566.6765858,76.48238129,0.199427518,1.000135725,2.569491039,5.95e-07,1.004831585,2.569252445,0.000308112,1.228581577,2.555193629,0.282018808,7.695667535,2.104219528,2.796685052,72.76831148,2.009147108,3.70435041,1.0,66.0,0.0,122.3315168,1.82e-12,-6.44e-73,0.0,1.000000001,66.0,1.35e-06,122.3315168,4.07e-12,-1.99e-28,-7.75e-17,1.001026481,66.0,0.0,122.3314857,0.001367215,9.7e-52,0.0,2.282424678,66.0,9.54e-07,118.4881149,148.9166096,-1.86e-20,-1.6e-15,19.03535939,66.00002376,0.016885255,115.6924986,231.5850597,-9.35e-05,-0.000363789
1.027037837,65.99999976,1.43e-06,1.120011763,65.99980233,0.001186287,1.731419679,65.89671706,0.842818867,10.500635,68.29691298,144.307929,104.0272774,70.33315288,327.7446747,1.027037837,65.99999976,1.43e-06,1.120011763,65.99980233,0.001186287,1.731419679,65.89671706,0.842818867,10.500635,68.29691298,144.307929,104.0272774,70.33315288,327.7446747,1.000189033,66.0,0.0,122.3267047,0.211434234,-3.74e-16,0.0,1.005856752,66.00000002,0.000472846,122.2099988,5.320280196,-6.11e-09,-5.6e-06,1.21216715,66.01148595,0.371108724,119.5772422,111.0407458,-0.053212827,-0.013607369,7.335342592,68.89136535,13.55948956,116.5049554,326.7843834,38.32405892,0.17195777,79.14313038,71.34569098,20.23363835,116.685542,525.8584544,64.92283576,0.176623274,1.000189033,2.473877899,5.8e-06,1.005856752,2.474903926,0.000283697,1.21216715,2.548681706,0.127263236,7.335342592,2.227230997,3.282505966,79.14313038,1.846480788,3.462172551,1.0,66.0,1.35e-06,122.3315168,4.07e-12,1.08e-28,4.22e-17,1.000000003,66.00000002,0.000474227,122.3315168,2.25e-07,1.2e-16,1.32e-07,1.002273333,66.01389096,0.408042414,122.3389805,0.166504274,0.000113758,0.007523331,2.797527965,68.28488912,4.711470171,120.7076701,118.2556488,11.04435218,0.217504146,22.210217,67.41795002,3.873605293,116.6882016,227.364361,18.72205465,0.320886059
3.748445891,101.9999931,0.000289148,3.846619182,101.9979524,0.085996814,4.006832222,101.398333,24.84422196,5.817455007,95.36122101,219.0144557,31.75825502,92.73854648,273.9948523,3.748445891,101.9999931,0.000289148,3.846619182,101.9979524,0.085996814,4.006832222,101.398333,24.84422196,5.817455007,95.36122101,219.0144557,31.75825502,92.73854648,273.9948523,1.0,102.0,0.0,144.2497834,0.0,0.0,0.0,1.0,102.0,0.0,144.2497834,0.0,0.0,0.0,1.0,102.0,1.91e-06,144.2497834,4.07e-12,1.47e-39,5.6999999999999995e-28,1.071618456,102.0,1.91e-06,144.2497834,5.14e-12,-2.4100000000000002e-29,-6.61e-18,4.219570675,102.0,0.0,144.2497834,1.82e-12,7.49e-29,0.0,1.0,39.032511,0.0,1.0,39.032511,0.0,1.0,39.032511,4.55e-13,1.071618456,39.03316138,9.3e-06,4.219570675,39.02283907,0.01421607,1.0,102.0,0.0,144.2497834,0.0,0.0,0.0,1.0,102.0,0.0,144.2497834,0.0,0.0,0.0,1.0,102.0,1.91e-06,144.2497834,4.07e-12,1.47e-39,5.6999999999999995e-28,1.071618456,102.0,1.91e-06,144.2497834,5.14e-12,-2.4100000000000002e-29,-6.61e-18,4.219570675,102.0,0.0,144.2497834,1.82e-12,7.49e-29,0.0
1.98582633,69.97221666,16.11469711,2.001542576,70.09115502,54.06850382,3.441486318,109.252144,22271.96311,68.52613619,169.9632769,52836.78331,131.9752122,152.2634379,42993.51798,1.98582633,69.97221666,16.11469711,2.001542576,70.09115502,54.06850382,3.441486318,109.252144,22271.96311,68.52613619,169.9632769,52836.78331,131.9752122,152.2634379,42993.51798,1.985821968,69.97197717,4.011062281,101.8452369,16.13828691,0.006679117,0.001480436,2.000934451,70.05806962,7.104956383,102.2189714,235.7638103,1.20192858,0.011147409,3.347478895,107.6114063,150.8795411,207.4796869,57608.13012,3394.915381,0.097811731,65.67123169,172.307898,234.2352319,308.7183835,102117.8609,-7428.546903,-0.108064588,106.9925705,164.8050031,227.5359527,292.9731765,96964.78213,-197.8040344,-0.003036087,1.985821968,1.186830427,1.419105756,2.000934451,1.187884074,1.414006448,3.347478895,0.842231421,1.54141964,65.67123169,0.360417701,6.936349271,106.9925705,1.468224484,34.96118062,1.985545328,69.9708802,3.999894003,101.8426437,15.99915204,0.0,0.0,1.991301954,69.98252792,3.999961841,101.8506466,15.99969473,0.0,0.0,1.997092204,69.99417594,3.99999576,101.8586504,15.99996608,0.0,0.0,1.999708839,69.99941759,3.999999958,101.8622524,15.99999966,0.0,0.0,1.99997088,69.99994176,4.0,101.8626126,16.0,0.0,0.0
1.029298466,97.99999995,1.84e-06,1.134445586,97.99984321,0.005967603,1.874522988,97.77058398,38.28768915,5.52981473,139.3891126,9376.914629,25.45504352,194.6793836,15509.87193,1.029298466,97.99999995,1.84e-06,1.134445586,97.99984321,0.005967603,1.874522988,97.77058398,38.28768915,5.52981473,139.3891126,9376.914629,25.45504352,194.6793836,15509.87193,1.029298466,97.99999995,0.001355792,138.5929279,6.24e-05,8.91e-15,8.32e-10,1.134445586,97.99984317,0.077196758,138.5919015,0.049621187,8.72e-08,5.09e-06,1.873636524,97.66071052,3.574616459,137.8420089,29.82856947,0.390071806,0.021018939,4.411955306,91.0939324,14.65390047,127.405638,336.8452083,169.2037191,0.716750081,13.85265156,81.52076903,18.83203981,114.385257,504.9859766,223.600044,0.626220955,1.029298466,1.027004185,0.000103607,1.134445586,1.02797995,0.007953933,1.873636524,1.357170107,5.484206345,4.411955306,5.791553658,86.21552172,13.85265156,11.28507973,138.7394176,1.029298465,98.0,1.35e-06,138.5929291,2.57e-12,0.0,0.0,1.134440904,98.0,0.0,138.5929291,0.0,0.0,0.0,1.856907441,98.0,1.35e-06,138.5929291,1.82e-12,-4.76e-192,0.0,3.610132633,98.0,0.0,138.5929291,5.46e-12,8.55e-29,0.0,7.845255648,98.0,1.35e-06,138.5929291,1.82e-12,-2.3100000000000002e-29,0.0
1.979181531,66.0,0.0,1.990440966,66.0,2.94e-10,2.144951604,66.0010356,0.020423587,8.919189209,69.67984096,256.6340222,100.1514116,70.92433,338.9157042,1.979181531,66.0,0.0,1.990440966,66.0,2.94e-10,2.144951604,66.0010356,0.020423587,8.919189209,69.67984096,256.6340222,100.1514116,70.92433,338.9157042,1.979118336,66.0,0.0,122.3315168,7.28e-12,2.96e-28,0.0,1.987418165,66.0,1.35e-06,122.3315168,1.64e-06,4.65e-16,2.69e-07,2.000089584,66.00005587,0.07091019,122.3156599,0.698204878,0.000487016,0.008219571,6.780518844,69.85849315,17.97259858,120.2844916,376.9196894,64.83374145,0.258831955,78.74643168,71.60674059,20.35217344,117.6655786,518.1626552,37.58751066,0.104671244,1.979118336,4.700612982,22.50857211,1.987418165,4.72063629,22.51017591,2.000089584,4.735437162,22.50783522,6.780518844,2.859476545,17.75495835,78.74643168,1.879674942,10.4676531,1.0,66.0,0.0,122.3315168,0.0,-9.2e-282,0.0,1.000000001,66.0,0.0,122.3315168,3.64e-12,-1.73e-46,0.0,1.000972961,66.0,9.54e-07,122.3315168,1.47e-06,-5.66e-22,-4.89e-13,2.179597385,66.18668459,1.485046768,120.3678823,85.08340536,-0.435712489,-0.031813424,21.70311258,67.33422824,3.772343286,116.9166654,219.9361226,2.185530174,0.039106848
1.606514738,83.65369507,339.3445275,1.740851658,81.83539626,354.584506,1.96135024,87.1546303,2099.513554,3.913021032,186.9467364,15907.06833,24.4919699,200.4941604,16413.14179,1.606514738,83.65369507,339.3445275,1.740851658,81.83539626,354.584506,1.96135024,87.1546303,2099.513554,3.913021032,186.9467364,15907.06833,24.4919699,200.4941604,16413.14179,1.606514702,83.65368954,18.4212696,102.9462956,339.3431736,0.0,0.0,1.740806526,81.82896229,18.78821366,101.469104,352.9969724,0.0,0.0,1.904832682,79.94925872,18.97627223,99.95941161,360.0989079,2.8e-74,2.1799999999999998e-69,2.213969919,77.1643927,18.91112228,97.74705498,357.6305487,-0.014367242,-0.003567045,12.44423039,75.11456118,18.5984775,104.8248715,475.5814429,90.2533671,0.268608341,1.606514702,9.55838787,146.1225613,1.740806526,10.75578176,152.001943,1.904832682,11.98925134,155.0600655,2.213969919,13.6369888,153.1164049,12.44423039,661153.8379,995112000000000.0,1.0,98.0,0.0,138.5929291,1.82e-12,0.0,0.0,1.0,98.0,0.0,138.5929291,0.0,0.0,0.0,1.0,98.0,0.0,138.5929291,0.0,-1.26e-136,0.0,1.000038135,98.0,1.91e-06,138.5929291,8.13e-12,-4.13e-33,-8.02e-22,4.949712674,98.0,1.35e-06,138.5929291,5.75e-12,-8.07e-29,-2.56e-17
1.994351829,66.0,9.09e-13,1.997644978,66.0,2.18e-09,2.155068128,66.00370231,0.309927685,10.02138549,70.41053878,337.512406,93.56374422,70.89627941,394.977301,1.994351829,66.0,9.09e-13,1.997644978,66.0,2.18e-09,2.155068128,66.00370231,0.309927685,10.02138549,70.41053878,337.512406,93.56374422,70.89627941,394.977301,1.994351561,66.0,9.54e-07,122.3313691,0.006492089,-1.47e-22,-1.91e-15,1.997530876,66.0,4.65e-05,122.3186919,0.563363035,-2.05e-12,-5.88e-08,2.106477172,66.00346604,0.558508527,121.263356,45.51393362,-0.021050166,-0.005586742,7.904366771,70.87114853,20.36336711,121.7797175,449.8695201,13.33444102,0.049577557,72.56406715,71.584579,21.41908644,122.4388155,501.0933008,29.83367434,0.098112962,1.994351561,1.673931557,2.812465658,1.997530876,1.677318054,2.815961028,2.106477172,1.826935477,3.153877785,7.904366771,2.167360365,6.529552736,72.56406715,2.034238898,20.95184208,1.0,66.0,0.0,122.3315168,1.82e-12,6.39e-90,0.0,1.000000035,66.0,1.35e-06,122.3315168,4.07e-12,2.0099999999999999e-28,7.79e-17,1.003286328,66.0,9.54e-07,122.3315168,2.03e-12,1.1900000000000001e-79,9.21e-68,2.3184642,66.00012474,0.038689424,122.3315841,0.001496872,-1.59e-18,0.0,18.69044365,66.23329391,1.780937264,122.4734923,23.4706947,0.002813729,0.000327621
1.004333609,65.97967621,0.121529702,1.056612556,65.81238205,1.090507214,1.927138617,65.00095626,4.9961798,9.505358562,66.8893617,110.4563511,96.70233052,70.44307699,339.4123246,1.004333609,65.97967621,0.121529702,1.056612556,65.81238205,1.090507214,1.927138617,65.00095626,4.9961798,9.505358562,66.8893617,110.4563511,96.70233052,70.44307699,339.4123246,1.0,66.0,0.0,93.33809512,0.0,2.9e-73,0.0,1.0,66.0,0.0,93.33809512,1.68e-07,1.7800000000000001e-43,0.0,1.00002975,66.00000041,0.002563935,93.34792131,0.222130092,7.19e-13,5.95e-10,1.934574191,67.63799392,4.850245208,97.55996544,55.58408357,2.80752707,0.081567218,17.79679115,69.90695053,6.846811145,99.79674404,72.87301361,5.957514921,0.116489604,1.0,15.03939509,0.0,1.0,15.03939509,6.25e-13,1.00002975,15.03924713,0.000739381,1.934574191,11.48891932,25.18063244,17.79679115,8.451041896,30.98349531,1.0,66.0,0.0,93.33809512,0.0,2.9e-73,0.0,1.0,66.0,0.0,93.33809512,1.68e-07,1.7800000000000001e-43,0.0,1.00002975,66.00000041,0.002563935,93.34792131,0.222130092,7.19e-13,5.95e-10,1.934574191,67.63799392,4.850245208,97.55996544,55.58408357,2.80752707,0.081567218,17.79679115,69.90695053,6.846811145,99.79674404,72.87301361,5.957514921,0.116489604
1.413179585,157.8060175,20398.74465,1.588414478,182.3185886,22994.02282,1.841832775,208.8609926,24452.92639,3.383944838,194.086459,24117.10754,14.22622037,202.2717486,27150.08846,1.413179585,157.8060175,20398.74465,1.588414478,182.3185886,22994.02282,1.841832775,208.8609926,24452.92639,3.383944838,194.086459,24117.10754,14.22622037,202.2717486,27150.08846,1.413179585,157.8060175,142.8241739,501.4765589,20398.74465,-1.48e-281,0.0,1.588414428,182.3185924,151.6378023,509.7215604,22994.02308,-7.63e-09,-5.29e-07,1.838151107,209.1591491,156.3887171,519.9177622,24457.43086,-0.92797571,-0.006204762,2.803838854,221.8285517,156.8993411,495.2244459,24918.49622,-1534.432608,-0.157369849,11.29522035,239.1898862,166.0720204,366.6474841,38558.42064,-1812.29832,-0.066478943,1.413179585,3.992263982,33.80347117,1.588414428,4.990119956,38.10419756,1.838151107,6.084778028,40.64941879,2.803838854,12.93779299,371.4542967,11.29522035,15.1085384,535.4270108,1.413179585,157.8060175,142.8241739,501.4765589,20398.74465,-1.48e-281,0.0,1.588414428,182.3185924,151.6378023,509.7215604,22994.02308,-7.63e-09,-5.29e-07,1.838151107,209.1591491,156.3887171,519.9177622,24457.43086,-0.92797571,-0.006204762,2.803838854,221.8285517,156.8993411,495.2244459,24918.49622,-1534.432608,-0.157369849,11.29522035,239.1898862,166.0720204,366.6474841,38558.42064,-1812.29832,-0.066478943
1.000101977,66.00068468,0.011666946,1.005463452,66.04349992,1.131332772,1.394193067,70.01524938,243.3852369,11.43939731,73.54665176,557.6490445,109.5271236,71.2202826,361.9355425,1.000101977,66.00068468,0.011666946,1.005463452,66.04349992,1.131332772,1.394193067,70.01524938,243.3852369,11.43939731,73.54665176,557.6490445,109.5271236,71.2202826,361.9355425,1.000000287,66.0000096,0.029396239,122.3315228,0.000864273,1.18e-11,1.03e-07,1.000155373,66.00590248,0.728826475,122.3351025,0.531242756,3.45e-06,5.42e-05,1.089526377,69.3313825,16.99194855,124.3385595,288.76059,0.834727737,0.023290229,7.782152875,76.11287334,27.68529779,123.4299092,809.7489665,1.851939898,0.004139218,83.93118558,72.44168118,21.18143975,118.2930608,551.8212071,64.08237088,0.168789535,1.000000287,4.48111626,3.38e-06,1.000155373,4.480746549,0.001688096,1.089526377,4.304945292,0.825415925,7.782152875,2.270043928,8.946445459,83.93118558,1.760073692,8.998822697,1.0,66.0,0.0,122.3315168,0.0,-1.2000000000000001e-160,0.0,1.000000001,66.0,9.54e-07,122.3315168,9.09e-13,-5.13e-49,0.0,1.00097468,66.0,2.53e-05,122.3314843,0.001429321,-2.07e-15,-2.16e-09,2.461527448,66.67149977,2.758094509,118.6681216,155.6109662,-2.353672347,-0.068450486,22.62340045,67.56699128,4.043319634,116.7953767,226.9045983,3.156810364,0.051898387
1.055432477,66.0,9.09e-13,1.273594317,66.0,0.0,2.351778257,66.00000097,6.3e-05,8.987215418,68.17381252,173.7534799,97.75638884,70.76983003,356.1000478,1.055432477,66.0,9.09e-13,1.273594317,66.0,0.0,2.351778257,66.00000097,6.3e-05,8.987215418,68.17381252,173.7534799,97.75638884,70.76983003,356.1000478,1.055432477,66.0,9.54e-07,122.3315168,9.09e-13,-9.55e-36,0.0,1.273594317,66.0,0.0,122.3315168,1.67e-10,-1.86e-23,0.0,2.351706099,66.00000063,0.007544987,122.3307777,0.032503101,-4.47e-06,-0.003288482,7.788374825,68.20245507,13.90151024,119.8801865,256.3543936,-11.84267423,-0.065639944,77.20322803,71.46016445,20.83191319,117.5228534,537.1467061,-18.77709246,-0.050662266,1.055432477,1.266178728,1.404709861,1.273594317,1.620402356,5.580012117,2.351706099,2.405070939,13.93508919,7.788374825,2.362786925,12.24417208,77.20322803,1.911638374,8.959039242,1.0,66.0,0.0,93.33809512,9.09e-13,-6.270000000000001e-97,0.0,1.0,66.0,1.35e-06,93.33809512,4.96e-07,-8.6e-36,-9.06e-27,1.000029712,66.00000149,0.011570272,93.35910751,1.573809577,5.63e-12,3.88e-10,1.92710264,74.89508777,26.85954789,109.3983133,900.8325268,49.64389238,0.079576084,18.69793044,87.08420708,38.11654679,120.5993211,1579.576814,111.0689884,0.117039353
1.0,73.0,0.0,1.0,73.0,0.0,1.000000001,73.0,2.29e-07,2.032878715,75.58355991,128.1315796,33.60070516,78.71108825,441.9030656,1.0,73.0,0.0,1.0,73.0,0.0,1.000000001,73.0,2.29e-07,2.032878715,75.58355991,128.1315796,33.60070516,78.71108825,441.9030656,1.0,73.0,0.0,94.49338601,0.0,7.74e-219,0.0,1.0,73.0,0.0,94.49338601,0.0,2.56e-130,0.0,1.000000001,72.99999999,0.000293842,94.49338605,3.66e-06,-4.2e-25,-7.46e-19,1.155770335,71.44416036,4.222744777,97.36221816,313.1592642,-1.491076979,-0.019969868,8.736291818,66.86734726,7.982966237,104.993303,692.2944483,20.32981539,0.096994624,1.0,30.86623096,0.0,1.0,30.86623096,0.0,1.000000001,30.86623096,1.39e-08,1.155770335,29.81254274,14.82692241,8.736291818,18.17962649,187.977519,1.0,73.0,0.0,73.0,0.0,0.0,0.0,1.0,73.0,0.0,73.0,0.0,0.0,0.0,1.0,73.0,0.0,73.0,0.0,0.0,0.0,1.0,73.0,0.0,73.0,0.0,0.0,0.0,1.0,73.0,0.0,73.0,0.0,0.0,0.0
1.970697844,66.0,9.09e-13,1.982315623,66.0,7.67e-10,2.008644667,65.99903561,0.007713268,9.081836398,68.50163757,204.1033684,99.69242381,70.50610169,357.8133689,1.970697844,66.0,9.09e-13,1.982315623,66.0,7.67e-10,2.008644667,65.99903561,0.007713268,9.081836398,68.50163757,204.1033684,99.69242381,70.50610169,357.8133689,1.970697844,66.0,0.0,122.3303009,0.053429253,-3.3e-32,0.0,1.982314241,66.0,0.0,122.2861402,1.991291637,2.59e-19,0.0,1.997138437,66.00000359,0.017977627,120.6971935,68.25561947,-2.4e-05,-0.000161269,7.039930114,68.84958268,15.75888065,114.4705416,415.7684015,-18.19549184,-0.063229905,76.34391076,71.28450237,21.14906292,116.0327311,566.7532293,-12.05439289,-0.030551027,1.970697844,4.927261737,24.92373787,1.982314241,4.956955369,24.92726502,1.997138437,4.980849682,24.91775656,7.039930114,2.658752087,14.31577414,76.34391076,54.54428531,79214919849.0,1.0,66.0,0.0,122.3315168,1.82e-12,-3.92e-73,0.0,1.000000001,66.0,1.35e-06,122.3315168,1.69e-06,-4.230000000000001e-31,-2.41e-22,1.00097646,66.0,9.54e-07,122.2981584,1.464423818,-6.02e-19,-5.22e-13,2.318270976,66.0,0.0,114.874507,251.5799089,-2.1e-14,0.0,19.76173283,66.0073022,0.321994665,114.4568999,262.2414478,-0.142608796,-0.027349349
1.004749421,65.99999921,4.72e-06,1.040473131,65.9995709,0.002574662,1.441280217,65.84425204,2.767915,9.925618676,70.03796443,390.0266007,99.5407678,70.38432959,363.8673692,1.004749421,65.99999921,4.72e-06,1.040473131,65.9995709,0.002574662,1.441280217,65.84425204,2.767915,9.925618676,70.03796443,390.0266007,99.5407678,70.38432959,363.8673692,1.004749289,66.0,9.54e-07,122.0934461,10.38603639,5.11e-16,1.66e-10,1.040398718,66.0,0.00048134,120.7410957,66.49257758,2.55e-09,6.49e-07,1.398004136,66.0199499,1.339810814,114.2301996,266.4207836,-0.049451695,-0.002261302,8.028348177,71.5000266,21.55810987,117.1867734,568.8821698,95.99522541,0.245840363,76.56058127,71.35234466,21.28479326,116.2803436,567.8780262,72.14394192,0.183173785,1.004749289,1.553826029,0.021949487,1.040398718,1.627446711,0.174224746,1.398004136,2.108462403,1.096972974,8.028348177,2.047482697,3.772558423,76.56058127,1.911366781,4.213397203,1.0,66.0,9.54e-07,122.3315168,2.03e-12,-2e-28,-1.56e-16,1.000000001,66.0,1.35e-06,122.3315168,9.37e-07,3.58e-22,2.74e-13,1.001654967,66.0,0.0,122.3041081,1.203450301,1.74e-22,0.0,2.616317654,66.0,9.54e-07,114.8634911,251.8360489,-1.43e-15,-9.45e-11,20.2132082,66.00000001,0.000376826,114.2761461,264.9846321,-4.95e-08,-8.07e-06
1.0,90.0,0.0,1.0,90.0,0.0,1.0,90.0,9.13e-10,1.500130383,85.02914049,102.1759557,75.4748126,133.8816622,35589.51736,1.0,90.0,0.0,1.0,90.0,0.0,1.0,90.0,9.13e-10,1.500130383,85.02914049,102.1759557,75.4748126,133.8816622,35589.51736,1.0,90.0,0.0,90.0,0.0,0.0,0.0,1.0,90.0,0.0,90.0,0.0,0.0,0.0,1.0,90.0,1.35e-06,90.0,1.82e-12,0.0,0.0,1.037391485,89.9999999,0.001739665,114.0175424,3.03e-06,-2.77e-90,-1.6699999999999998e-81,3.981581916,88.81294831,5.848286832,113.082889,34.20245887,1.05e-24,1.89e-19,1.0,47.95276904,0.0,1.0,47.95276904,0.0,1.0,47.95276904,4.55e-13,1.037391485,47.94122077,0.004292615,3.981581916,42.33285091,161.8016889,1.0,90.0,0.0,90.0,0.0,0.0,0.0,1.0,90.0,0.0,90.0,0.0,0.0,0.0,1.0,90.0,1.35e-06,90.0,1.82e-12,0.0,0.0,1.037391485,89.9999999,0.001739665,89.9999999,3.03e-06,0.0,0.0,3.981581916,88.81294831,5.848286832,88.81294831,34.20245887,0.0,0.0
2.039886317,66.70805546,63.2236488,2.190179621,69.44366754,298.071231,2.973639154,79.2527679,1016.512351,11.52252084,75.0067741,673.7524224,101.4234255,71.33272718,405.6551699,2.039886317,66.70805546,63.2236488,2.190179621,69.44366754,298.071231,2.973639154,79.2527679,1016.512351,11.52252084,75.0067741,673.7524224,101.4234255,71.33272718,405.6551699,2.039886317,66.70805546,7.951330002,136.4219637,63.22364883,-4.55e-05,-0.00012925,2.190179613,69.44366753,17.26473955,137.7679095,298.0717999,-0.065112221,-0.004943873,2.969671666,79.26234193,31.90174071,139.9427785,1027.777866,-63.17325621,-0.165349942,9.294963441,76.30589598,28.49777257,122.4188744,888.3293822,166.3790028,0.307715025,78.5530044,72.13394341,22.47209121,117.110227,611.3262031,74.22277437,0.177943083,2.039886317,0.559342769,0.368792187,2.190179613,0.642129048,0.664267797,2.969671666,0.981640935,1.718087423,9.294963441,1.781245391,4.141320177,78.5530044,1.863703612,4.433576145,1.0,66.0,0.0,122.3315168,3.64e-12,-1.03e-87,0.0,1.000000001,66.0,0.0,122.3315168,1.82e-12,3.39e-46,0.0,1.000963425,66.0,0.0,122.3315168,1.36e-09,-8.100000000000001e-37,0.0,2.034465237,66.0,1.35e-06,121.2579008,45.63354709,-2.45e-14,-2.69e-09,18.69126725,66.0001755,0.045890965,115.7900278,229.0753156,-0.009185032,-0.013224046
1.0,66.0,0.0,1.000000589,66.0,0.0,1.018558553,66.00001474,0.000289036,7.496167933,78.55661875,11493.66285,115.3371216,120.5516994,56306.36129,1.0,66.0,0.0,1.000000589,66.0,0.0,1.018558553,66.00001474,0.000289036,7.496167933,78.55661875,11493.66285,115.3371216,120.5516994,56306.36129,1.0,66.0,0.0,122.3315168,2.88e-09,8.850000000000001e-47,0.0,1.000000587,66.0,9.54e-07,122.3315148,8.69e-05,-1.2800000000000001e-26,-1.44e-18,1.017468286,66.00000072,0.008049521,122.2719419,2.613672916,-2.51e-09,-1.93e-07,6.0192109,80.97244064,119.4700883,132.2423228,18335.08647,55.64895792,0.004341918,93.02295566,132.9902465,262.679292,189.000672,86560.85868,3604.516945,0.060022208,1.0,7.425009012,7.35e-10,1.000000587,7.425006123,2.17e-05,1.017468286,7.340948505,0.62439915,6.0192109,3.051187555,13.08752788,93.02295566,1.587469406,8.223314869,1.0,66.0,0.0,93.33809512,0.0,-1.86e-95,0.0,1.0,66.0,9.54e-07,93.33809512,4.99e-08,3.3399999999999997e-45,1.57e-35,1.000029649,66.00000073,0.008119402,93.34787041,0.732422603,1.34e-12,1.93e-10,1.924083118,75.40045108,27.39839749,107.9583381,897.3475052,34.93525656,0.057505438,20.27267496,90.52623485,39.68805471,123.7552937,1738.73245,115.5010448,0.10725126
1.000000023,60.00000609,0.001644107,1.000034066,60.00919751,2.483242421,1.051458422,73.21380611,3393.122977,2.901821802,217.2588957,17720.49329,24.99556756,205.5661582,16886.19561,1.000000023,60.00000609,0.001644107,1.000034066,60.00919751,2.483242421,1.051458422,73.21380611,3393.122977,2.901821802,217.2588957,17720.49329,24.99556756,205.5661582,16886.19561,1.0,60.0,0.0,84.85281374,0.0,3.45e-174,0.0,1.0,60.0,0.0,84.85281374,0.0,1.0900000000000001e-103,0.0,1.000000023,60.0,0.0,84.85281374,4.55e-13,4.6100000000000004e-33,0.0,1.212102848,60.09337034,1.881317367,84.98489189,5.006634487,1.578962334,0.446006212,12.34940516,78.88299024,18.9996397,113.5854027,1866.29491,512.3588891,0.630200525,1.0,25.35760593,0.0,1.0,25.35760593,0.0,1.000000023,25.35760592,6.3e-09,1.212102848,25.26942319,2.269077026,12.34940516,12.74838787,164.9346844,1.0,60.0,0.0,84.85281374,0.0,0.0,0.0,1.0,60.0,0.0,84.85281374,0.0,0.0,0.0,1.000000023,60.0,0.0,84.85281374,4.55e-13,-3.9e-44,0.0,1.209124573,60.0,9.54e-07,84.85281374,1.02e-12,2.52e-32,3.92e-20,6.177155219,60.0,0.0,84.85281374,4.55e-13,-1.7e-31,0.0
1.0,330.0,0.0,1.0,330.0,0.0,1.000000933,329.9997627,0.064059691,1.727079297,282.8214046,10511.87183,21.42665671,213.1918609,16089.06602,1.0,330.0,0.0,1.0,330.0,0.0,1.000000933,329.9997627,0.064059691,1.727079297,282.8214046,10511.87183,21.42665671,213.1918609,16089.06602,1.0,330.0,0.0,431.4904402,0.0,0.0,0.0,1.0,330.0,0.0,431.4904402,0.0,0.0,0.0,1.000000027,330.0,3.81e-06,431.4904402,1.46e-11,-1.2057160928726e-311,0.0,1.212641011,330.0,0.0,431.4904402,1.46e-11,-2.79e-68,0.0,6.269756191,330.0,7.63e-06,431.4904402,6.51e-11,4.99e-28,1.21e-17,1.0,25.12708497,0.0,1.0,25.12708497,0.0,1.000000027,25.12708497,6.41e-11,1.212641011,25.11662932,0.000629568,6.269756191,25.06731789,0.001508715,1.0,330.0,0.0,431.4904402,0.0,0.0,0.0,1.0,330.0,0.0,431.4904402,0.0,0.0,0.0,1.000000027,330.0,3.81e-06,431.4904402,1.46e-11,-1.2057160928726e-311,0.0,1.212641011,330.0,0.0,431.4904402,1.46e-11,-2.79e-68,0.0,6.269756191,330.0,7.63e-06,431.4904402,6.51e-11,4.99e-28,1.21e-17
1.928771121,66.00000057,9.19e-06,1.956778807,66.00041389,0.006622072,2.096699245,66.28229811,4.438127363,9.045939919,69.79121811,229.7549895,89.30550488,73.62870033,1262.635968,1.928771121,66.00000057,9.19e-06,1.956778807,66.00041389,0.006622072,2.096699245,66.28229811,4.438127363,9.045939919,69.79121811,229.7549895,89.30550488,73.62870033,1262.635968,1.928770958,66.0,0.0,122.3315168,1.82e-12,3.9899999999999997e-60,0.0,1.956667539,66.0,0.0,122.3315168,4.94e-08,-3.0500000000000003e-31,0.0,2.020377916,66.00001472,0.036400357,122.3251532,0.2800991,-3.88e-07,-2.02e-05,6.826453287,69.26006691,16.81600385,120.3641313,335.2410237,-14.30036564,-0.063373913,68.24965294,75.20068413,40.3031395,121.0678916,1773.050173,-23.31130311,-0.021694931,1.928770958,2.376983625,5.974719688,1.956667539,2.41314749,5.979960601,2.020377916,2.490413852,5.993191499,6.826453287,2.452495184,4.861573973,68.24965294,1718.483729,2584360000000.0,1.0,66.0,0.0,122.3315168,0.0,2.779936576e-315,0.0,1.000000001,66.0,0.0,122.3315168,1.82e-12,1.74e-58,0.0,1.000965279,66.0,0.0,122.3315168,1.82e-12,-5.15e-28,0.0,2.03082197,66.0,9.54e-07,121.8459774,21.02109771,3.74e-15,8.55e-10,15.80224109,66.15460021,5.343746629,121.818322,1767.741561,114.7558762,0.510796631
1.000142798,65.99914333,0.005139264,1.00493,65.97056603,0.175737488,1.179874324,65.13451394,4.443850554,7.293306711,66.64605102,120.0449125,94.61420268,69.95580353,323.1807334,1.000142798,65.99914333,0.005139264,1.00493,65.97056603,0.175737488,1.179874324,65.13451394,4.443850554,7.293306711,66.64605102,120.0449125,94.61420268,69.95580353,323.1807334,1.0,66.0,1.35e-06,122.3315168,1.83e-11,-6.640000000000001e-27,-1.15e-15,1.000000006,66.0,0.0,122.3315166,6.13e-06,3.46e-53,0.0,1.004405204,66.0,0.000561944,122.2804126,2.242246673,-2.12e-10,-2.52e-07,5.119674873,67.76148657,12.46719519,118.0059951,263.4089287,-2.907370496,-0.015991375,72.0661872,70.81039826,20.12059082,116.3827804,520.8423194,30.78602365,0.084523839,1.0,9.406280041,7.11e-13,1.000000006,9.406279995,4.14e-07,1.004405204,9.375427562,0.285412976,5.119674873,3.709318712,17.54964789,72.0661872,2.056819365,5181724.808,1.0,66.0,0.0,122.3315168,0.0,0.0,0.0,1.000000001,66.0,0.0,122.3315168,3.64e-12,-1.7399999999999998e-46,0.0,1.000975709,66.0,9.54e-07,122.3315168,9.09e-13,-1.2899999999999999e-45,0.0,2.045984238,66.0,1.65e-06,121.6930184,27.51235813,-3.93e-13,-4.54e-08,19.49131158,66.04631515,0.744067661,115.2907778,242.2932008,-0.247263422,-0.021348993
1.0,60.0,3.26e-09,1.000000212,60.00000636,0.000190784,1.012402638,60.36752092,10.89055598,3.155143347,78.92018243,209.6321697,21.85032702,80.66596168,192.8667583,1.0,60.0,3.26e-09,1.000000212,60.00000636,0.000190784,1.012402638,60.36752092,10.89055598,3.155143347,78.92018243,209.6321697,21.85032702,80.66596168,192.8667583,1.0,60.0,0.0,84.85281374,0.0,0.0,0.0,1.0,60.0,0.0,84.85281374,4.55e-13,0.0,0.0,1.0,60.0,9.54e-07,84.85281374,1.02e-12,-1.13e-42,-1.7499999999999998e-30,1.06013995,60.0,0.0,84.85281374,0.0,2.02e-34,0.0,4.362127269,60.00887495,0.33955201,84.87641069,1.278358218,0.000539996,0.001409433,1.0,43.34586,0.0,1.0,43.34586,0.0,1.0,43.34586,3.64e-11,1.06013995,42.37540783,18.15291416,4.362127269,37.76270332,55.51742913,1.0,60.0,0.0,84.85281374,0.0,0.0,0.0,1.0,60.0,0.0,84.85281374,4.55e-13,0.0,0.0,1.0,60.0,9.54e-07,84.85281374,1.02e-12,-1.13e-42,-1.7499999999999998e-30,1.06013995,60.0,0.0,84.85281374,0.0,2.02e-34,0.0,4.359149296,60.0,9.54e-07,84.85281374,1.02e-12,-4.9000000000000004e-29,-7.63e-17
1.00818995,66.0,0.0,1.087643951,65.99999999,3.73e-08,2.018024492,65.99758479,0.029403743,11.0910896,67.93014861,151.0740173,101.0341958,72.62820735,1112.678468,1.00818995,66.0,0.0,1.087643951,65.99999999,3.73e-08,2.018024492,65.99758479,0.029403743,11.0910896,67.93014861,151.0740173,101.0341958,72.62820735,1112.678468,1.008182597,66.0,9.54e-07,122.3315168,3.75e-12,-3.37e-30,-1.85e-18,1.086812394,66.0,0.0,122.3315168,1.4e-06,2.02e-20,0.0,1.922772245,66.00000109,0.009892351,122.299128,1.421951124,1.41e-05,0.001197681,8.622736769,68.04649939,13.41628807,115.9231719,330.68679,16.89437457,0.075605025,74.65849081,73.59348187,37.29122747,132.4383374,22052.11214,305.5353847,0.055228388,1.008182597,1.714718289,0.202557159,1.086812394,1.832180471,1.98084308,1.922772245,2.486719392,11.38339492,8.622736769,2.124848591,23638.95933,74.65849081,1000027.541,1504710000000000.0,1.0,66.0,0.0,93.33809512,0.0,-1.2499999999999998e-42,0.0,1.0,66.0,0.0,93.33809514,1.44e-06,-2.1499999999999998e-24,0.0,1.000029738,66.00000209,0.013716931,93.36805289,2.243169282,-3.07e-06,-0.000149487,1.931273745,75.1371954,27.18196546,109.9043283,921.7882015,78.54586246,0.12308425,17.92230404,91.90134805,65.59778385,141.5637553,29929.51825,276.9457319,0.024531464
1.0,66.0,9.09e-13,1.000000221,66.0,0.0,1.012052972,65.99988497,0.002409582,7.854916724,67.54347763,120.3001866,96.30071636,70.70026786,375.2655414,1.0,66.0,9.09e-13,1.000000221,66.0,0.0,1.012052972,65.99988497,0.002409582,7.854916724,67.54347763,120.3001866,96.30071636,70.70026786,375.2655414,1.0,66.0,1.35e-06,122.3315168,3.37e-10,6.41e-26,2.59e-15,1.000000038,66.0,0.0,122.3315162,2.4e-05,1.9500000000000002e-29,0.0,1.006341255,66.0,0.000595533,122.2926624,1.705412436,2.82e-08,3.62e-05,5.940386336,67.62029026,11.95650027,116.6072667,282.4366973,5.388241101,0.028874728,72.74626685,71.70995139,21.77660209,117.1434823,591.1314664,10.24422292,0.025041004,1.0,8.253773928,1.65e-11,1.000000038,8.253773681,1.67e-06,1.006341255,8.217315274,0.280773097,5.940386336,3.127668868,14.51547332,72.74626685,1235.587568,1857500000000.0,1.0,66.0,0.0,122.3315168,0.0,-1.9000000000000002e-43,0.0,1.000000001,66.0,0.0,122.3315168,1.82e-12,5.86e-92,0.0,1.001018547,66.0,0.0,122.3314835,0.00146134,-5.52e-19,0.0,2.284565293,66.0,9.54e-07,118.4818229,149.127239,6.66e-18,5.72e-13,18.9334359,66.00225027,0.633278188,115.8435248,252.0431887,1.432622218,0.142495105
1.999951536,101.999994,0.000252415,2.000127183,101.9967151,0.137952736,2.086838792,100.2761346,69.3343939,4.51466871,86.88880808,386.5111331,29.5532379,91.85755475,297.5444461,1.999951536,101.999994,0.000252415,2.000127183,101.9967151,0.137952736,2.086838792,100.2761346,69.3343939,4.51466871,86.88880808,386.5111331,29.5532379,91.85755475,297.5444461,1.0,102.0,0.0,144.2497834,0.0,0.0,0.0,1.0,102.0,0.0,144.2497834,0.0,0.0,0.0,1.0,102.0,1.35e-06,144.2497834,4.07e-12,2.49e-40,9.69e-29,1.071588886,102.0,0.0,144.2497834,3.64e-12,-2.3200000000000002e-29,0.0,4.218809515,102.0,2.34e-06,144.2497834,5.75e-12,-5.9e-28,-1.87e-16,1.0,39.04013896,0.0,1.0,39.04013896,0.0,1.0,39.04013896,2.27e-13,1.071588886,39.03872189,2.82e-05,4.218809515,39.03147032,0.18755705,1.0,102.0,0.0,144.2497834,0.0,0.0,0.0,1.0,102.0,0.0,144.2497834,0.0,0.0,0.0,1.0,102.0,1.35e-06,144.2497834,4.07e-12,2.49e-40,9.69e-29,1.071588886,102.0,0.0,144.2497834,3.64e-12,-2.3200000000000002e-29,0.0,4.218809515,102.0,2.34e-06,144.2497834,5.75e-12,-5.9e-28,-1.87e-16
1.045849053,66.0,9.09e-13,1.157326047,66.00000001,1.64e-07,1.561649887,66.00927795,0.148396473,9.027873167,68.80441176,168.5246926,98.19014915,70.86917223,350.3199709,1.045849053,66.0,9.09e-13,1.157326047,66.00000001,1.64e-07,1.561649887,66.00927795,0.148396473,9.027873167,68.80441176,168.5246926,98.19014915,70.86917223,350.3199709,1.0,66.0,0.0,105.2615789,9.09e-13,-3.14e-28,0.0,1.000000002,66.00000001,0.000435972,105.2615789,3.83e-07,-2.67e-16,-1.06e-09,1.001882636,66.01446094,0.480797247,105.2570631,0.362110359,-0.000258898,-0.001019953,2.467785453,69.53074113,6.635188402,102.6275084,75.87562691,-5.643481917,-0.108195908,18.1760065,69.98056543,6.916946275,100.1353839,75.45608222,4.13259388,0.078215556,1.0,10.00064802,1.14e-13,1.000000002,10.00064801,9.1e-08,1.001882636,9.990851823,0.095300971,2.467785453,8.316285917,21.83625907,18.1760065,8.267023257,29.56691531,1.0,66.0,0.0,105.2615789,9.09e-13,-3.14e-28,0.0,1.000000002,66.00000001,0.000435972,105.2615789,3.83e-07,-2.67e-16,-1.06e-09,1.001882636,66.01446094,0.480797247,105.2570631,0.362110359,-0.000258898,-0.001019953,2.467785453,69.53074113,6.635188402,102.6275084,75.87562691,-5.643481917,-0.108195908,18.1760065,69.98056543,6.916946275,100.1353839,75.45608222,4.13259388,0.078215556
2.882813053,90.0,9.09e-13,2.92794309,90.0,3.64e-12,2.975379921,90.0,1.18e-11,3.273862642,89.17575751,24.94400351,33.47758886,79.3107479,380.2034437,2.882813053,90.0,9.09e-13,2.92794309,90.0,3.64e-12,2.975379921,90.0,1.18e-11,3.273862642,89.17575751,24.94400351,33.47758886,79.3107479,380.2034437,1.0,90.0,0.0,108.1665383,0.0,0.0,0.0,1.0,90.0,0.0,108.1665383,0.0,-2.372730907e-315,0.0,1.0,90.0,1.65e-06,108.1665383,2.73e-12,-1.81e-80,0.0,1.049612608,89.99720726,0.289437852,108.1663974,0.084141681,-1.99e-06,-7.78e-05,4.835449416,87.27160831,8.625985711,106.0372265,74.40873664,-0.04545739,-0.008271445,1.0,44.07832885,0.0,1.0,44.07832885,0.0,1.0,44.07832885,6.82e-13,1.049612608,44.0776054,0.428357943,4.835449416,34.40725089,269.6539935,1.0,90.0,0.0,108.1665383,0.0,0.0,0.0,1.0,90.0,0.0,108.1665383,0.0,-2.372730907e-315,0.0,1.0,90.0,1.65e-06,108.1665383,2.73e-12,-1.81e-80,0.0,1.049612608,89.99720726,0.289437852,108.1663974,0.084141681,-1.99e-06,-7.78e-05,4.835449416,87.27160831,8.625985711,106.0372265,74.40873664,-0.04545739,-0.008271445
1.0,380.0,0.0,1.0,380.0,0.0,1.0,380.0,6.48e-08,1.160877562,348.5720957,8991.817518,11.93278389,229.4902768,47245.67753,1.0,380.0,0.0,1.0,380.0,0.0,1.0,380.0,6.48e-08,1.160877562,348.5720957,8991.817518,11.93278389,229.4902768,47245.67753,1.0,380.0,0.0,537.4011537,0.0,-9.089999999999999e-288,0.0,1.0,380.0,0.0,537.4011537,0.0,-5.34e-171,0.0,1.0,380.0,4.45e-05,537.4011537,1.57e-06,-2.8099999999999998e-34,-5.0400000000000005e-27,1.093338266,366.3981946,63.91704574,547.2193145,29415.15413,-21.41408072,-0.001962962,8.875481608,287.8739266,224.0894887,442.6889654,82955.73496,-5312.396211,-0.092256594,1.0,45.51936603,0.0,1.0,45.51936603,0.0,1.0,45.51936603,4.09e-11,1.093338266,43.12332191,88.92044296,8.875481608,18.9324003,504.687117,1.0,380.0,0.0,537.4011537,0.0,-9.089999999999999e-288,0.0,1.0,380.0,0.0,537.4011537,0.0,-5.34e-171,0.0,1.0,380.0,4.45e-05,537.4011537,1.57e-06,-2.8099999999999998e-34,-5.0400000000000005e-27,1.093338266,366.3981946,63.91704574,547.2193145,29415.15413,-21.41408072,-0.001962962,8.875481608,287.8739266,224.0894887,442.6889654,82955.73496,-5312.396211,-0.092256594
1.0,73.0,2.93e-09,1.000000349,72.99999546,5.91e-05,1.007699423,72.92019802,1.362995098,3.277515674,76.92658635,183.5978287,34.20527475,85.66756577,1178.916841,1.0,73.0,2.93e-09,1.000000349,72.99999546,5.91e-05,1.007699423,72.92019802,1.362995098,3.277515674,76.92658635,183.5978287,34.20527475,85.66756577,1178.916841,1.0,73.0,5.41e-05,94.49338601,2.93e-09,4.9e-253,0.0,1.000000349,72.99999546,0.007684306,94.4933825,5.9e-05,7.74e-151,0.0,1.00704327,72.90907789,1.083383894,94.42316261,1.173720662,1.13e-48,1.0999999999999999e-42,1.654297439,68.02157267,6.322886569,91.77313015,94.187596,-4.003410556,-0.068562473,9.705189703,66.33195049,7.365170394,102.9412759,614.228157,20.83171618,0.114347728,1.0,7.149538995,2.96e-08,1.000000349,7.149553431,0.000596543,1.00704327,7.43853097,11.8576127,1.654297439,22.44740543,395.8014775,9.705189703,16.61736106,280.7547991,1.0,73.0,0.0,73.0,0.0,0.0,0.0,1.0,73.0,0.0,73.0,0.0,0.0,0.0,1.0,73.0,0.0,73.0,0.0,0.0,0.0,1.0,73.0,0.0,73.0,0.0,0.0,0.0,1.0,73.0,0.0,73.0,0.0,0.0,0.0
1.000000099,60.00000296,8.89e-05,1.000097061,60.00291154,0.087337834,1.095560527,62.61673244,71.65467933,3.931368789,78.57377015,202.1070566,34.27943029,76.62660124,163.241273,1.000000099,60.00000296,8.89e-05,1.000097061,60.00291154,0.087337834,1.095560527,62.61673244,71.65467933,3.931368789,78.57377015,202.1070566,34.27943029,76.62660124,163.241273,1.0,60.0,0.0,84.85281486,8.84e-05,2.6e-73,0.0,1.0,60.0,0.0,84.85398284,0.092584392,5.1800000000000006e-43,0.0,1.000000913,60.00000034,0.002095817,86.04818184,91.20091219,1.97e-12,9.86e-11,1.47788426,61.55996568,4.22480894,101.6149695,733.4948931,13.46477587,0.117694947,10.35696887,64.80926458,7.187850366,102.3970652,663.4395409,32.2301198,0.174350286,1.0,20.10473394,0.0,1.0,20.10473394,0.0,1.000000913,20.10472062,0.000199877,1.47788426,17.93718633,42.65007794,10.35696887,15.17426889,1486.012206,1.0,60.0,0.0,84.85281374,0.0,0.0,0.0,1.0,60.0,0.0,84.85281374,0.0,-1.03e-229,0.0,1.000000887,60.0,6.74e-07,84.85281374,4.55e-13,2.03e-95,0.0,1.300566002,60.0,0.0,84.85281374,0.0,-2.2600000000000001e-32,0.0,6.634681658,60.0,9.54e-07,84.85281374,1.02e-12,-6.88e-30,-1.07e-17
1.000219498,74.00349639,0.055930907,1.010140149,74.15645815,2.482990805,1.628832618,78.43884077,62.8566921,11.37888511,78.00134688,130.7443453,40.52208142,77.57356641,462.8410996,1.000219498,74.00349639,0.055930907,1.010140149,74.15645815,2.482990805,1.628832618,78.43884077,62.8566921,11.37888511,78.00134688,130.7443453,40.52208142,77.57356641,462.8410996,1.000000922,74.0,0.0,74.0,0.0,0.0,0.0,1.000243232,74.0,9.54e-07,116.5820756,3479.884634,0.0,3.31e-304,1.085335496,74.0,0.0,123.826466,4444.30913,-8.81e-104,0.0,3.588046059,74.00000008,0.003572709,125.9908222,4670.833367,1.74e-08,7.14e-08,11.08008194,75.25467957,13.87994786,126.8995951,4690.450371,144.5995791,0.152179181,1.000000922,4.010172183,3.73e-06,1.000243232,4.009687994,0.001066292,1.085335496,3.937809407,1.380841734,3.588046059,9.071318929,753.1390589,11.08008194,20.68455191,2880.298945,1.000000922,74.0,0.0,74.0,0.0,0.0,0.0,1.000243232,74.0,9.54e-07,74.0,9.09e-13,0.0,0.0,1.085335376,74.0,9.54e-07,74.0,9.09e-13,0.0,0.0,3.031762353,74.0,9.54e-07,74.0,9.09e-13,0.0,0.0,3.884355357,74.0,1.35e-06,74.0,1.82e-12,0.0,0.0
2.027614095,66.0,2.76e-08,2.13624036,65.99999082,0.000380765,2.61585379,66.11360801,13.63062098,11.97988824,71.22909038,432.1227185,99.25613785,70.77172139,371.1584375,2.027614095,66.0,2.76e-08,2.13624036,65.99999082,0.000380765,2.61585379,66.11360801,13.63062098,11.97988824,71.22909038,432.1227185,99.25613785,70.77172139,371.1584375,1.98846347,66.0,7.82e-05,122.3315159,3.89e-05,4.88e-10,0.000999652,1.993134704,66.00000364,0.018089369,122.3308189,0.030803935,2.88e-05,0.009055886,2.075342073,66.18726315,4.101050559,121.9284796,29.13864379,1.338434303,0.066905293,8.855110332,72.70668938,23.63439632,119.4674828,636.4774902,116.7467535,0.282799308,76.99676714,71.60055235,21.44014919,117.0617009,566.4779337,64.3817717,0.165040623,1.98846347,2.427204259,5.943648289,1.993134704,2.43282115,5.943670522,2.075342073,2.397353387,5.828554893,8.855110332,1.853333433,3.679747533,76.99676714,1.89851,3.622383413,1.0,66.0,0.0,122.3315168,0.0,-8.950000000000001e-43,0.0,1.000000001,66.0,0.0,122.3315168,3.64e-12,2.38e-140,0.0,1.001093992,66.0,9.54e-07,122.3314841,0.001438276,-5.51e-19,-1.52e-11,2.275100155,66.00000001,0.000245819,118.6663345,142.9050158,-2.65e-07,-9.02e-05,19.28304959,66.07798169,0.964209055,115.640089,234.0567177,-1.976578948,-0.133993619
1.001386961,60.05263211,1.997275525,1.019438654,60.72518849,27.05665615,1.424921992,71.77191479,327.2365285,6.059271479,92.65291968,280.0987527,33.24266737,91.78497367,302.2518246,1.001386961,60.05263211,1.997275525,1.019438654,60.72518849,27.05665615,1.424921992,71.77191479,327.2365285,6.059271479,92.65291968,280.0987527,33.24266737,91.78497367,302.2518246,1.001386809,60.05262577,1.413155934,114.9361469,1.997009693,2.6e-131,0.0,1.019284573,60.71894915,5.17717874,115.285692,26.80317971,1.04e-77,0.0,1.268165778,68.03546308,15.51705288,119.3013999,240.7789301,-3e-06,-3.03e-05,2.254158333,76.8746588,18.88075541,118.6235872,425.5128109,-39.81950391,-0.138361765,12.82687617,75.52361639,18.67734704,107.7426437,498.6419729,27.68251966,0.078520018,1.001386809,1.930915975,0.743608719,1.019284573,2.337515813,9.980461392,1.268165778,6.802154886,89.65670629,2.254158333,12.02633098,119.455313,12.82687617,12.00969408,87.44674121,1.0,60.0,0.0,84.85281374,0.0,0.0,0.0,1.0,60.0,0.0,84.85281374,0.0,-2e-99,0.0,1.000000008,60.0,6.74e-07,84.85281374,6.43e-13,-2.97e-39,-6.530000000000001e-27,1.253154313,60.0,9.54e-07,84.85281374,1.02e-12,1.0300000000000001e-29,1.61e-17,7.585285808,60.0,6.74e-07,84.85281374,6.43e-13,-8.280000000000001e-29,-1.82e-16
1.000000044,66.0,0.0,1.000053193,66.0,1e-11,1.074593726,66.00058386,0.010266433,9.658882411,68.99592551,198.3298803,98.28146851,70.54180501,342.8586,1.000000044,66.0,0.0,1.000053193,66.0,1e-11,1.074593726,66.00058386,0.010266433,9.658882411,68.99592551,198.3298803,98.28146851,70.54180501,342.8586,1.000000043,66.0,9.54e-07,122.3315168,2.03e-12,-4.0199999999999998e-28,-3.13e-16,1.000050491,66.0,3.3e-06,122.3315168,9.11e-07,-1.92e-20,-6.09e-12,1.060638827,66.00073487,0.097679172,122.3001029,1.396668886,-2.74e-05,-0.000237035,8.07350835,69.60894664,15.14581384,116.4815309,368.2751449,-10.45569793,-0.04067105,78.65458474,71.15868162,20.33778504,116.1122648,534.3543911,40.95327472,0.109479397,1.000000043,5.081608897,5.76e-07,1.000050491,5.081478918,0.000659947,1.060638827,4.934001026,0.721108334,8.07350835,2.062408593,4.568060774,78.65458474,1.858689397,3.676790491,1.0,66.0,0.0,122.3315168,0.0,-9.87e-211,0.0,1.000000001,66.0,0.0,122.3315168,9.07e-07,7.850000000000001e-47,0.0,1.001667776,66.0,0.0,122.3044106,1.190181262,1.11e-30,0.0,2.556776532,66.0,2.93e-05,115.4020434,238.904584,-4e-09,-8.83e-06,20.69025954,66.10387388,1.111618998,114.0827243,270.3546956,-0.868840712,-0.047535658
1.719052731,278.6080886,20277.11934,2.12021962,271.0768606,20241.13576,3.031681465,277.6805133,18696.3706,4.732208096,292.1772011,25009.07274,14.83102159,237.1258014,32850.27421,1.719052731,278.6080886,20277.11934,2.12021962,271.0768606,20241.13576,3.031681465,277.6805133,18696.3706,4.732208096,292.1772011,25009.07274,14.83102159,237.1258014,32850.27421,1.719052731,278.6080886,142.3977505,343.7129252,31554.92772,3065.305786,0.138441058,2.12021962,271.0768606,142.2713455,331.5296002,31103.58972,1800.398405,0.082346517,3.03166105,277.6819792,136.7339658,329.817621,29347.22857,-3325.23228,-0.161692179,4.36940094,311.4557135,149.1240235,362.6809797,34177.34382,-7953.757592,-0.331077853,11.14103493,295.7910734,172.9096913,383.2775072,41790.87429,-4903.635357,-0.165963417,1.719052731,0.479729668,3.990909539,2.12021962,1.138484166,15.50535252,3.03166105,3.237172508,47.83107535,4.36940094,6.677481544,127.513358,11.14103493,14.94559124,419.5497066,1.719052731,278.6080886,142.3977505,343.7129252,31554.92772,3065.305786,0.138441058,2.12021962,271.0768606,142.2713455,331.5296002,31103.58972,1800.398405,0.082346517,3.03166105,277.6819792,136.7339658,329.817621,29347.22857,-3325.23228,-0.161692179,4.36940094,311.4557135,149.1240235,362.6809797,34177.34382,-7953.757592,-0.331077853,11.14103493,295.7910734,172.9096913,383.2775072,41790.87429,-4903.635357,-0.165963417
2.816909188,76.67120327,88.83540106,4.019396829,77.06002672,223.2467378,7.533089981,77.53641816,467.3839427,17.29528776,74.79254273,463.3843964,107.4904589,72.69087429,732.899463,2.816909188,76.67120327,88.83540106,4.019396829,77.06002672,223.2467378,7.533089981,77.53641816,467.3839427,17.29528776,74.79254273,463.3843964,107.4904589,72.69087429,732.899463,2.816909188,76.67120327,9.425253369,136.0046111,223.1621328,0.289579094,0.002147315,4.01939682,77.06002673,14.94144364,131.3871674,401.022795,21.91727109,0.08036789,7.52979171,77.53823112,21.62298057,126.4087626,619.4767516,187.9702859,0.431228092,15.55904947,75.24745399,22.4867732,122.2482035,633.2747765,285.0034679,0.64911142,83.8577336,73.50674551,29.65608197,125.3042958,9821.72837,104.2032709,0.035526113,2.816909188,0.194808702,0.111056622,4.01939682,0.238378114,0.316152289,7.52979171,0.376157666,0.966778526,15.55904947,1.141122763,5.986929656,83.8577336,2.073377282,436.7018744,1.981963344,76.77963117,10.92066678,141.6196015,119.2609629,-1.88e-07,-2.44e-06,2.398674291,79.09206001,18.50326932,142.8858213,342.3709783,-0.003485371,-0.000901543,3.239154794,86.77425009,29.87001737,146.7557631,892.8602543,-7.831284396,-0.0450553,5.238631294,88.87407487,34.31459136,137.7366511,1295.520264,352.3606299,0.441778682,22.07770172,89.95649865,50.29566815,133.7868949,11812.99611,180.3872308,0.033388105
1.000000027,60.00000101,3.83e-05,1.000028451,60.00108112,0.041081201,1.030528189,61.12570359,41.50952908,2.828689997,81.19828806,397.6963255,29.40488132,91.28808439,306.5556639,1.000000027,60.00000101,3.83e-05,1.000028451,60.00108112,0.041081201,1.030528189,61.12570359,41.50952908,2.828689997,81.19828806,397.6963255,29.40488132,91.28808439,306.5556639,1.000000027,60.00000101,0.00618777,84.85281525,5.72e-05,1.07e-12,2.66e-08,1.000028451,60.00108112,0.202684981,84.85439177,0.059992452,1.21e-06,2.85e-05,1.030528182,61.12570331,6.442788042,86.46098673,59.28442056,1.242079427,0.029632283,2.129451368,74.36772092,18.4266652,105.1832843,480.2907395,104.4899454,0.307670111,12.10768171,76.2082281,18.72706502,107.9977257,511.0175844,96.01418744,0.265938245,1.000000027,5.033717293,5.33e-06,1.000028451,5.034120387,0.005721651,1.030528182,5.453826981,5.781305016,2.129451368,10.85226392,57.02719869,12.10768171,12.73886728,88.17400056,1.0,60.0,0.0,84.85281374,0.0,0.0,0.0,1.0,60.0,0.0,84.85281374,0.0,0.0,0.0,1.000000051,60.0,6.74e-07,84.85281374,1.02e-12,5.0000000000000004e-29,7.77e-17,1.324310237,60.0,6.74e-07,84.85281374,4.55e-13,4.28e-31,0.0,6.899057025,60.0,1.17e-06,84.85281374,1.64e-12,3.02e-29,2.71e-17
1.0,102.0,0.0,1.0,102.0,0.0,1.000000259,101.9999894,0.000443082,1.858055057,94.29732722,249.7999683,28.02848325,91.61615664,304.4227589,1.0,102.0,0.0,1.0,102.0,0.0,1.000000259,101.9999894,0.000443082,1.858055057,94.29732722,249.7999683,28.02848325,91.61615664,304.4227589,1.0,102.0,0.0,144.2497834,0.0,0.0,0.0,1.0,102.0,0.0,144.2497834,0.0,0.0,0.0,1.0,102.0,1.91e-06,144.2497834,3.64e-12,0.0,0.0,1.071643569,102.0,1.91e-06,144.2497834,4.07e-12,2.3800000000000002e-29,9.27e-18,4.223110601,102.0,1.91e-06,144.2497834,5.14e-12,-3.8599999999999998e-28,-1.06e-16,1.0,39.0298059,0.0,1.0,39.0298059,0.0,1.0,39.0298059,2.27e-13,1.071643569,39.02844561,0.000124713,4.223110601,38.9875093,0.65638438,1.0,102.0,0.0,144.2497834,0.0,0.0,0.0,1.0,102.0,0.0,144.2497834,0.0,0.0,0.0,1.0,102.0,1.91e-06,144.2497834,3.64e-12,0.0,0.0,1.071643569,102.0,1.91e-06,144.2497834,4.07e-12,2.3800000000000002e-29,9.27e-18,4.223110601,102.0,1.91e-06,144.2497834,5.14e-12,-3.8599999999999998e-28,-1.06e-16
1.47511699,74.134948,31.44199706,1.639883421,73.31759334,34.26394783,1.914247313,72.26625973,35.97509648,9.924532512,69.33979196,193.2834518,98.61235898,70.59349141,334.3689725,1.47511699,74.134948,31.44199706,1.639883421,73.31759334,34.26394783,1.914247313,72.26625973,35.97509648,9.924532512,69.33979196,193.2834518,98.61235898,70.59349141,334.3689725,1.47511699,74.134948,5.607316386,126.9054393,31.44199706,3.69e-14,4.88e-09,1.639883421,73.31759334,5.853541474,126.4297018,34.26394779,3.79e-08,9.21e-06,1.912953314,72.27302822,5.993819189,125.8104333,35.93350354,0.05990504,0.011612765,8.173278041,69.91479889,14.9159835,117.2248815,353.0596024,53.73759144,0.21759198,77.68562424,71.1784222,20.20564281,116.5471555,526.0399498,56.39031278,0.153231783,1.47511699,1.795575544,5.259916406,1.639883421,2.129833314,5.731949288,1.912953314,2.485170727,5.990004175,8.173278041,2.037144873,4.561391198,77.68562424,1.881972531,3.708056082,1.475116971,74.1349481,5.607316348,126.9054393,31.44199662,3.69e-14,4.88e-09,1.639853172,73.31772832,5.853511089,126.4297801,34.26359207,3.77e-08,9.19e-06,1.863264473,72.44030956,5.983822147,125.9093802,35.81141208,0.049536348,0.010554501,3.514487714,69.41443789,5.414320692,119.4012889,184.5470909,14.2745505,0.195316805,20.55444421,66.58381535,2.581655252,115.6971797,239.9828662,4.655275072,0.116423529
8.572232953,65.60000168,93.25631219,8.865374259,66.52500845,118.2175413,10.27024792,70.40365488,236.6616268,25.14833695,112.6955581,10047.38139,50.03987514,145.9259729,14697.41957,8.572232953,65.60000168,93.25631219,8.865374259,66.52500845,118.2175413,10.27024792,70.40365488,236.6616268,25.14833695,112.6955581,10047.38139,50.03987514,145.9259729,14697.41957,7.927505189,62.9726584,2.999875404,1455.363032,8.999252437,-3.82e-13,0.0,7.956340667,62.98359331,2.999959735,1455.363505,8.999758423,-5.34e-07,-8.5e-06,7.987919631,63.07666383,6.520411073,1455.116196,351.1235718,-0.541238589,-0.004446184,9.902381211,104.1743478,122.5272848,1334.038976,157022.1881,56.05601198,0.001157193,11.73935673,129.9708979,150.6092138,1243.144948,254889.2611,10306.10003,0.135809555,7.927505189,1.220933082,10.58226748,7.956340667,1.227621523,10.63208909,7.987919631,1.277866897,46.93149126,9.902381211,39.62076878,30465.06622,11.73935673,67.71250255,64343.8151,7.927505189,62.9726584,2.999875404,1455.363032,8.999252437,-3.8e-13,0.0,7.956340667,62.98359331,2.999959735,1455.363505,8.999758423,-5.3e-07,-8.44e-06,7.987919631,63.07666383,6.520411073,1455.116196,351.1235718,-0.55114835,-0.004527591,9.902381211,104.1743478,122.5272848,1334.038976,157022.1881,-3101.268224,-0.064021092,11.71344597,129.5654589,150.18195,1243.423693,254574.2304,9596.821376,0.12689896
2.584554673,66.0,0.0,2.860590469,66.0,9.7e-09,3.64647364,66.00209229,0.033480871,11.49588492,67.86009202,121.0961467,98.04957182,70.22175909,325.9191435,2.584554673,66.0,0.0,2.860590469,66.0,9.7e-09,3.64647364,66.00209229,0.033480871,11.49588492,67.86009202,121.0961467,98.04957182,70.22175909,325.9191435,2.545392369,66.0,1.35e-06,122.3288276,0.118166767,5.92e-17,1.28e-10,2.717463676,66.0,0.0,122.245194,3.783432163,1.43e-15,0.0,3.122398718,66.00000012,0.00327842,119.4392849,115.817001,-6.47e-07,-1.83e-05,8.969094505,67.60260361,11.90235065,114.6398762,326.6702338,8.626725773,0.042245298,76.52216019,70.76124422,20.02907763,116.2554138,519.5129563,35.36497047,0.097183914,2.545392369,0.806504127,1.34176843,2.717463676,0.838177422,1.374858068,3.122398718,0.974628938,1.580334084,8.969094505,1.826307566,3.576389664,76.52216019,1.910393105,3.653915095,1.772624498,66.0,0.0,122.3315168,0.0,7.87e-239,0.0,1.856605946,66.0,0.0,122.3315168,1.82e-12,-1.21e-28,0.0,1.950631907,66.0,0.0,122.3315168,0.0,-5.97e-40,0.0,3.032450714,66.0,9.54e-07,121.6952407,27.41850171,1.05e-14,2.11e-09,20.46539466,66.00146221,0.132455208,115.1679149,244.6490821,-0.008921764,-0.004306356
4.94327483,102.0,1.26e-07,4.965869805,101.9999764,0.000993245,5.011068372,101.8127635,7.824201717,7.191040044,93.80775093,266.6625431,34.83986059,91.48295643,288.1210184,4.94327483,102.0,1.26e-07,4.965869805,101.9999764,0.000993245,5.011068372,101.8127635,7.824201717,7.191040044,93.80775093,266.6625431,34.83986059,91.48295643,288.1210184,1.0,102.0,0.0,144.2497834,0.0,0.0,0.0,1.0,102.0,0.0,144.2497834,0.0,0.0,0.0,1.0,102.0,1.91e-06,144.2497834,4.07e-12,2.17e-145,8.44e-134,1.071783969,102.0,0.0,144.2497834,0.0,-1.46e-37,0.0,4.196893665,102.0,0.0,144.2497834,5.46e-12,-2.95e-29,0.0,1.0,38.99865198,0.0,1.0,38.99865198,0.0,1.0,38.99865198,2.27e-13,1.071783969,39.00209231,0.000170906,4.196893665,39.29948698,10.81926986,1.0,102.0,0.0,144.2497834,0.0,0.0,0.0,1.0,102.0,0.0,144.2497834,0.0,0.0,0.0,1.0,102.0,1.91e-06,144.2497834,4.07e-12,2.17e-145,8.44e-134,1.071783969,102.0,0.0,144.2497834,0.0,-1.46e-37,0.0,4.196893665,102.0,0.0,144.2497834,5.46e-12,-2.95e-29,0.0
3.929863286,101.9986383,0.057189435,3.963614716,101.935638,2.699056785,4.279832509,99.15369044,111.2847136,6.772869933,90.74631867,331.0893116,31.79880916,92.55760125,283.3731392,3.929863286,101.9986383,0.057189435,3.963614716,101.935638,2.699056785,4.279832509,99.15369044,111.2847136,6.772869933,90.74631867,331.0893116,31.79880916,92.55760125,283.3731392,1.0,102.0,0.0,144.2497834,0.0,0.0,0.0,1.0,102.0,0.0,144.2497834,0.0,0.0,0.0,1.0,102.0,1.91e-06,144.2497834,3.64e-12,-3.39e-145,0.0,1.071625362,102.0,1.91e-06,144.2497834,4.07e-12,2.3900000000000002e-29,9.27e-18,4.219670351,102.0,0.0,144.2497834,1.82e-12,-1.61e-28,0.0,1.0,39.033149,0.0,1.0,39.033149,0.0,1.0,39.033149,2.27e-13,1.071625362,39.03186403,2.98e-05,4.219670351,39.0217339,0.000763403,1.0,102.0,0.0,144.2497834,0.0,0.0,0.0,1.0,102.0,0.0,144.2497834,0.0,0.0,0.0,1.0,102.0,1.91e-06,144.2497834,3.64e-12,-3.39e-145,0.0,1.071625362,102.0,1.91e-06,144.2497834,4.07e-12,2.3900000000000002e-29,9.27e-18,4.219670351,102.0,0.0,144.2497834,1.82e-12,-1.61e-28,0.0
1.978680894,89.99999771,6.87e-05,1.987234171,89.99878058,0.036746972,2.044118232,89.52411026,77.89368569,5.218827936,104.6437108,8059.578153,33.06975871,104.7355552,8505.03591,1.978680894,89.99999771,6.87e-05,1.987234171,89.99878058,0.036746972,2.044118232,89.52411026,77.89368569,5.218827936,104.6437108,8059.578153,33.06975871,104.7355552,8505.03591,1.0,90.0,9.54e-07,114.0175425,9.09e-13,0.0,0.0,1.000000002,89.99999995,0.001247113,114.0175425,1.56e-06,-5.43e-120,0.0,1.001200023,89.96404245,1.037994967,113.9891615,1.077433552,5.52e-13,2.22e-09,1.60293085,79.9259299,14.16810554,105.5417796,200.9636716,4.245261127,0.096809131,8.378661569,75.71727901,14.98284055,99.89972073,225.8181711,2.544469252,0.034312062,1.0,9.702721834,1.08e-12,1.000000002,9.70272187,7.62e-07,1.001200023,9.727893483,0.527999672,1.60293085,16.81326723,96.18741608,8.378661569,18.72749563,113.2194247,1.0,90.0,0.0,108.1665383,0.0,0.0,0.0,1.0,90.0,0.0,108.1665383,0.0,0.0,0.0,1.0,90.0,0.0,108.1665383,4.55e-13,-9.520000000000001e-193,0.0,1.064662965,89.9999986,0.006492163,108.166538,4.23e-05,-5.05e-13,-4.42e-08,3.892116691,88.56546798,6.401412226,107.0481395,40.97878632,-0.250671965,-0.07979019
1.000000215,60.00005815,0.015701631,1.000131857,60.03559666,9.609831058,1.080780806,80.18058808,5041.501788,4.330761381,181.6122648,15202.24886,30.21269107,182.6334186,14758.68586,1.000000215,60.00005815,0.015701631,1.000131857,60.03559666,9.609831058,1.080780806,80.18058808,5041.501788,4.330761381,181.6122648,15202.24886,30.21269107,182.6334186,14758.68586,1.0,60.0,0.0,114.9086299,0.00131315,4.2599999999999997e-82,0.0,1.0,60.0,0.0,114.9018205,0.304654885,3.5999999999999995e-48,0.0,1.000000109,60.000004,0.012334347,113.9318419,42.2776717,-4.65e-13,-5.8e-12,2.576711363,80.59997709,18.93251365,123.5711955,386.989722,-6.369910139,-0.027856282,18.08827095,83.85480402,18.36929171,119.6039477,474.1937455,170.4483047,0.508357719,1.0,24.17866707,0.0,1.0,24.17866707,0.0,1.000000109,24.17866455,5.85e-05,2.576711363,10.90859319,128.5205718,18.08827095,8.611728612,120.0025956,1.0,60.0,0.0,84.85281374,0.0,-4.4e-216,0.0,1.0,60.0,0.0,84.85281374,0.0,0.0,0.0,1.000000003,60.0,0.0,84.85281374,0.0,2.78e-211,0.0,1.179864125,60.0,6.74e-07,84.85281374,6.43e-13,-1.0500000000000001e-29,-2.32e-17,6.732823892,60.0,1.65e-06,84.85281374,2.73e-12,-8.18e-30,0.0
1.0,102.0,0.0,1.0,102.0,0.0,1.000000029,101.9999988,5.03e-05,1.823550026,94.24441626,253.7647612,28.70268571,90.7221338,323.6926397,1.0,102.0,0.0,1.0,102.0,0.0,1.000000029,101.9999988,5.03e-05,1.823550026,94.24441626,253.7647612,28.70268571,90.7221338,323.6926397,1.0,102.0,0.0,144.2497834,0.0,0.0,0.0,1.0,102.0,0.0,144.2497834,0.0,0.0,0.0,1.0,102.0,1.35e-06,144.2497834,1.82e-12,1.18e-51,0.0,1.071692415,102.0,0.0,144.2497834,0.0,1.1e-40,0.0,4.219883757,102.0,1.35e-06,144.2497834,5.75e-12,4.19e-27,1.33e-15,1.0,39.0193789,0.0,1.0,39.0193789,0.0,1.0,39.0193789,0.0,1.071692415,39.01926642,1.34e-05,4.219883757,39.01950156,0.012415754,1.0,102.0,0.0,144.2497834,0.0,0.0,0.0,1.0,102.0,0.0,144.2497834,0.0,0.0,0.0,1.0,102.0,1.35e-06,144.2497834,1.82e-12,1.18e-51,0.0,1.071692415,102.0,0.0,144.2497834,0.0,1.1e-40,0.0,4.219883757,102.0,1.35e-06,144.2497834,5.75e-12,4.19e-27,1.33e-15
1.000000261,81.99999582,6.69e-05,1.00011554,81.99815158,0.029571294,1.084349802,80.7558775,18.42105754,8.53264948,71.70578786,344.5918718,103.4808185,71.64809099,363.8506186,1.000000261,81.99999582,6.69e-05,1.00011554,81.99815158,0.029571294,1.084349802,80.7558775,18.42105754,8.53264948,71.70578786,344.5918718,103.4808185,71.64809099,363.8506186,1.000000261,81.99999583,0.008172225,105.2615757,6.68e-05,-1.16e-44,0.0,1.000112167,81.99820553,0.169435158,105.260181,0.028708273,7.360000000000001e-21,3.22e-14,1.048228205,81.26385185,3.352082392,104.6891287,11.23645636,-1.09e-07,-1.25e-05,2.372873784,73.66844028,7.993126307,100.0256861,68.18787462,-4.203277443,-0.107733829,17.49581792,70.44993477,7.168267125,99.59782329,72.43789315,1.583234579,0.030909989,1.000000261,4.374024789,2.97e-05,1.000112167,4.375218141,0.012755437,1.048228205,4.864707552,4.992389635,2.372873784,8.764559019,25.8460887,17.49581792,8.589815184,28.38221211,1.000000261,81.99999583,0.008172225,105.2615757,6.68e-05,1.1999999999999999e-108,0.0,1.000112167,81.99820553,0.169435158,105.260181,0.028708273,7.360000000000001e-21,3.22e-14,1.048228205,81.26385185,3.352082392,104.6891287,11.23645636,-2.98e-08,-3.41e-06,2.372873784,73.66844028,7.993126307,100.0256861,68.18787462,-4.457951785,-0.114261364,17.49581792,70.44993477,7.168267125,99.59782329,72.43789315,-0.083438435,-0.001628995
1.295460615,140.6976385,18892.53565,1.592230717,187.1619147,24806.57975,2.302671465,248.2011037,25755.15911,4.343950461,236.8290281,25903.33208,14.90916917,202.4598454,25343.6789,1.295460615,140.6976385,18892.53565,1.592230717,187.1619147,24806.57975,2.302671465,248.2011037,25755.15911,4.343950461,236.8290281,25903.33208,14.90916917,202.4598454,25343.6789,1.295460615,140.6976385,137.4501206,251.2421466,30881.70494,-6905.971527,-0.321463171,1.5922306,187.1619241,157.5010488,271.8587805,34503.67746,-10597.04776,-0.434468758,2.297773456,248.6022793,160.4194409,307.4321298,34430.43609,-13882.66063,-0.572202379,3.748056617,264.9426187,155.7561013,330.6541819,34176.19894,-11272.87797,-0.466479545,11.46618241,245.2367125,158.2082775,360.0737085,36907.41249,-7617.813499,-0.292369031,1.295460615,0.825425208,4.519445751,1.5922306,1.563127112,11.76370352,2.297773456,3.138710748,23.84086319,3.748056617,9.743083097,327.5698141,11.46618241,14.78333892,498.6204445,1.295460615,140.6976385,137.4501206,251.2421466,30881.70494,-6905.971527,-0.321463171,1.5922306,187.1619241,157.5010488,271.8587805,34503.67746,-10597.04776,-0.434468758,2.297773456,248.6022793,160.4194409,307.4321298,34430.43609,-13882.66063,-0.572202379,3.748056617,264.9426187,155.7561013,330.6541819,34176.19894,-11272.87797,-0.466479545,11.46618241,245.2367125,158.2082775,360.0737085,36907.41249,-7617.813499,-0.292369031
2.925563372,113.0436182,7900.674466,3.761464375,112.6752881,7661.850647,5.347285949,108.1715645,6885.147373,17.7465396,81.26798328,2726.610533,106.382715,72.55632249,784.5160249,2.925563372,113.0436182,7900.674466,3.761464375,112.6752881,7661.850647,5.347285949,108.1715645,6885.147373,17.7465396,81.26798328,2726.610533,106.382715,72.55632249,784.5160249,2.4952725,119.2590704,94.87057847,964.1144785,370285.8933,36811.28152,0.637741928,2.965608496,122.2505417,96.35686112,946.2050404,378770.8644,45466.96983,0.766814546,3.601044547,124.1996757,97.09523346,924.6055612,387951.5065,56082.13006,0.927474553,3.957251954,124.7079502,97.19208476,913.5639889,392225.1085,61557.09309,1.01144554,3.995695055,124.745925,97.19395087,912.4124724,392654.9259,62129.10301,1.020265459,2.4952725,1137.917675,7675592.121,2.965608496,1440.534192,9281165.79,3.601044547,1784.927306,10885555.8,3.957251954,1952.051594,11578631.29,3.995695055,1969.138554,11646344.34,2.4952725,119.2590704,94.87057847,964.1144785,370285.8933,36811.28152,0.637741928,2.965608496,122.2505417,96.35686112,946.2050404,378770.8644,45466.96983,0.766814546,3.601044547,124.1996757,97.09523346,924.6055612,387951.5065,56082.13006,0.927474553,3.957251954,124.7079502,97.19208476,913.5639889,392225.1085,61557.09309,1.01144554,3.995695055,124.745925,97.19395087,912.4124724,392654.9259,62129.10301,1.020265459
1.702479653,72.60183875,62.04514512,1.810708097,73.14903646,63.27591291,2.188828526,72.78689037,63.06706195,10.06175006,69.381834,235.4530469,135.6674381,131.0434159,59833.132,1.702479653,72.60183875,62.04514512,1.810708097,73.14903646,63.27591291,2.188828526,72.78689037,63.06706195,10.06175006,69.381834,235.4530469,135.6674381,131.0434159,59833.132,1.702468509,72.60188196,7.876881741,109.5218392,62.04526596,-1.37e-13,0.0,1.809051405,73.15558576,7.955310464,109.8896707,63.28696458,-1.11e-07,-2.36e-05,1.932849363,73.71342651,7.99486558,110.2486018,63.91850705,-0.09302537,-0.021829681,2.933194108,71.94190795,7.732964483,104.2850855,85.97141699,1.534883158,0.025255159,18.17522315,72.28938472,18.9761963,102.6735455,378.5216984,45.23032342,0.220678367,1.702468509,4.104454943,22.8059402,1.809051405,4.440151723,23.26235066,1.932849363,4.786426995,23.5393318,2.933194108,7.175975009,33.4630588,18.17522315,8.370001928,61.70930316,1.702468509,72.60188196,7.876881741,109.5218392,62.04526596,-1.37e-13,0.0,1.809051405,73.15558576,7.955310464,109.8896707,63.28696458,-1.11e-07,-2.36e-05,1.932849363,73.71342651,7.99486558,110.2486018,63.91850705,-0.09302537,-0.021829681,2.933188208,71.94193114,7.732954419,104.2851231,85.9712445,1.534630198,0.025251048,14.14339294,73.21852311,21.09186452,103.8832867,464.8360333,48.07229482,0.196319923
1.000028409,81.99954547,0.007272545,1.002508637,81.96001963,0.642333453,1.28233637,79.08161319,82.91795135,10.97013843,73.25877459,499.7202042,100.395062,70.95896038,541.8391762,1.000028409,81.99954547,0.007272545,1.002508637,81.96001963,0.642333453,1.28233637,79.08161319,82.91795135,10.97013843,73.25877459,499.7202042,100.395062,70.95896038,541.8391762,1.000000061,81.99999903,0.003948117,105.2615782,1.56e-05,-1.5100000000000002e-58,0.0,1.000046852,81.99925041,0.109511988,105.260995,0.011992875,-1.35e-21,-1.29e-14,1.036051271,81.44325118,2.932236665,104.8284466,8.598011858,-1.67e-08,-2.23e-06,2.340315561,73.77440292,7.99681849,100.2145948,68.98587739,-2.982814222,-0.073326522,17.54563843,70.4517797,7.169675886,99.83554068,74.08087673,3.166783622,0.060475045,1.000000061,4.793848426,6.44e-06,1.000046852,4.794329693,0.004956529,1.036051271,5.151763081,3.553391837,2.340315561,8.879073735,24.76852731,17.54563843,8.566937822,28.93615914,1.000000061,81.99999903,0.003948117,105.2615782,1.56e-05,-1.5100000000000002e-58,0.0,1.000046852,81.99925041,0.109511988,105.260995,0.011992875,-1.35e-21,-1.29e-14,1.036051271,81.44325118,2.932236665,104.8284466,8.598011858,-1.67e-08,-2.23e-06,2.340315561,73.77440292,7.99681849,100.2145948,68.98587739,-2.982814222,-0.073326522,17.54563843,70.4517797,7.169675886,99.83554068,74.08087673,3.166783622,0.060475045
2.583443637,66.01181821,0.18937084,2.787777652,66.13226013,2.14071758,3.66802245,67.09002354,19.71124139,12.87305925,67.64957259,89.92932531,99.59668957,70.26334548,311.688295,2.583443637,66.01181821,0.18937084,2.787777652,66.13226013,2.14071758,3.66802245,67.09002354,19.71124139,12.87305925,67.64957259,89.92932531,99.59668957,70.26334548,311.688295,2.578954597,66.0,0.0,122.3315162,2.58e-05,6.5200000000000004e-21,0.0,2.735591363,66.0,0.0,122.3309687,0.0240847,-6.6e-18,0.0,2.972766097,66.0,0.000447558,121.7899435,23.40635387,-2.14e-09,-9.89e-07,9.001783787,67.18997957,9.942818456,114.1614429,309.6865637,0.07277988,0.000427277,76.77229085,70.79950898,19.65053334,116.540198,503.1103967,16.52537532,0.04682791,2.578954597,1.541717702,5.125451376,2.735591363,1.595147799,5.229663021,2.972766097,1.647813319,5.266545463,9.001783787,1.8468334,4.394984376,76.77229085,1.905501952,4.040742568,1.789460965,66.0,0.0,122.3315168,0.0,-6.64e-74,0.0,1.867757542,66.0,0.0,122.3315168,1.82e-12,4.56e-99,0.0,1.954754616,66.0,9.54e-07,122.3314858,0.001363609,6.81e-19,1.93e-11,3.319288209,66.00363719,0.20888517,117.9457203,166.7349031,-0.044997663,-0.016682806,20.95124131,66.44712708,2.27279615,116.0369999,229.3506367,2.684930952,0.078014935
1.000000039,60.00000024,1.64e-06,1.000048009,60.00033031,0.002911727,1.074238982,60.62056573,7.869168554,8.84463061,68.88594015,221.6618222,94.32816913,70.53901817,351.9332818,1.000000039,60.00000024,1.64e-06,1.000048009,60.00033031,0.002911727,1.074238982,60.62056573,7.869168554,8.84463061,68.88594015,221.6618222,94.32816913,70.53901817,351.9332818,1.0,60.0,0.0,84.85281374,0.0,0.0,0.0,1.0,60.0,0.0,84.85281374,0.0,0.0,0.0,1.0,60.0,6.74e-07,84.85281374,6.43e-13,5.0400000000000004e-29,1.11e-16,1.0666421,60.0,6.74e-07,84.85281374,4.55e-13,-5.67e-46,0.0,4.056491998,60.0,6.74e-07,84.85281374,6.43e-13,-8.489999999999999e-30,-1.87e-17,1.0,40.00476813,0.0,1.0,40.00476813,0.0,1.0,40.00476813,2.27e-13,1.0666421,40.00498942,0.000136544,4.056491998,40.89813194,17.75761578,1.0,60.0,0.0,84.85281374,0.0,0.0,0.0,1.0,60.0,0.0,84.85281374,0.0,0.0,0.0,1.0,60.0,6.74e-07,84.85281374,6.43e-13,5.0400000000000004e-29,1.11e-16,1.0666421,60.0,6.74e-07,84.85281374,4.55e-13,-5.67e-46,0.0,4.056491998,60.0,6.74e-07,84.85281374,6.43e-13,-8.489999999999999e-30,-1.87e-17
2.014633782,79.14057746,361.6731502,2.133096071,80.41763329,421.661248,3.165693913,100.9740796,3922.137251,8.254341467,146.5827838,10456.63495,28.31671174,189.9368609,15175.79055,2.014633782,79.14057746,361.6731502,2.133096071,80.41763329,421.661248,3.165693913,100.9740796,3922.137251,8.254341467,146.5827838,10456.63495,28.31671174,189.9368609,15175.79055,2.014611496,79.13780246,18.99950027,125.9634541,360.9810105,1.78e-13,4.9e-09,2.130961921,80.1676776,18.96408524,126.6130188,359.636529,-1.75e-13,-4.83e-09,2.961318785,85.16787795,17.97101226,129.8366937,322.9572816,-2.11e-05,-0.000132556,6.322126157,90.52544727,15.10510064,132.1407728,236.710394,22.27615015,0.185753794,16.05618165,82.98440137,18.57752798,118.7193805,633.466517,448.0787594,1.046499816,2.014611496,0.506329711,0.247755952,2.130961921,0.533556628,0.251186223,2.961318785,0.84408323,3.390473333,6.322126157,3.689844677,48.25461219,16.05618165,9.725264565,131.4642115,1.0,60.0,0.0,84.85281374,0.0,0.0,0.0,1.0,60.0,0.0,84.85281374,0.0,0.0,0.0,1.000000107,60.0,0.0,84.85281374,9.09e-13,1.83e-88,0.0,1.243554351,60.0,6.74e-07,84.85281374,1.02e-12,-1.8400000000000002e-29,-2.87e-17,6.338198859,60.0,1.51e-06,84.85281374,2.32e-12,3.7200000000000003e-29,3.65e-17
2.000329145,101.9992377,0.003048517,2.008854468,101.9823069,0.070459241,2.207113659,101.6246246,1.360595112,3.456402488,99.38087803,60.25200693,29.69229295,92.6208776,270.5185696,2.000329145,101.9992377,0.003048517,2.008854468,101.9823069,0.070459241,2.207113659,101.6246246,1.360595112,3.456402488,99.38087803,60.25200693,29.69229295,92.6208776,270.5185696,1.0,102.0,0.0,144.2497834,0.0,0.0,0.0,1.0,102.0,0.0,144.2497834,0.0,0.0,0.0,1.0,102.0,1.35e-06,144.2497834,4.07e-12,0.0,0.0,1.071683822,102.0,1.91e-06,144.2497834,4.07e-12,-2.56e-29,-9.97e-18,4.220088335,102.0,1.91e-06,144.2497834,5.14e-12,2.69e-28,7.39e-17,1.0,39.02130485,0.0,1.0,39.02130485,0.0,1.0,39.02130485,0.0,1.071683822,39.02087977,5.74e-06,4.220088335,39.01733842,167.4626318,1.0,102.0,0.0,144.2497834,0.0,0.0,0.0,1.0,102.0,0.0,144.2497834,0.0,0.0,0.0,1.0,102.0,1.35e-06,144.2497834,4.07e-12,0.0,0.0,1.071683822,102.0,1.91e-06,144.2497834,4.07e-12,-2.56e-29,-9.97e-18,4.220088335,102.0,1.91e-06,144.2497834,5.14e-12,2.69e-28,7.39e-17
1.01933876,66.6889558,61.53136234,1.123165056,70.35671715,373.1235567,1.871570007,84.22604671,1307.586143,11.30619346,74.80603597,680.4286461,102.5879641,71.12736298,402.6870771,1.01933876,66.6889558,61.53136234,1.123165056,70.35671715,373.1235567,1.871570007,84.22604671,1307.586143,11.30619346,74.80603597,680.4286461,102.5879641,71.12736298,402.6870771,1.01933876,66.6889558,7.844192906,122.8575697,61.59881708,0.196822681,0.014780279,1.12316505,70.35671714,19.31640645,125.5859035,373.4419102,6.5538667,0.08641267,1.867933528,84.25301333,36.18837803,135.9846341,1312.076166,48.65175686,0.149755554,9.047010509,76.31760395,28.6728339,121.8103642,891.0838699,215.0949901,0.4046404,79.60151872,71.94736088,22.35811208,116.4095523,612.0185575,84.55424456,0.201256427,1.01933876,1.293544566,0.06417527,1.12316505,1.33761384,0.389430982,1.867933528,1.550639184,1.715301237,9.047010509,1.832926379,4.248648129,79.60151872,1.839276768,4.455521668,1.0,66.0,9.54e-07,122.3315168,9.09e-13,6.4e-90,0.0,1.000000001,66.0,0.0,122.3315168,1.22e-06,8.16e-59,0.0,1.001789311,66.0,0.0,122.30157,1.31479212,-2.24e-16,0.0,2.652051103,66.0,0.0,114.6352221,257.0648553,-6.06e-16,0.0,21.48760127,66.00029437,0.059433532,112.9716899,290.5924921,-0.011833951,-0.011680355
3.968081515,102.0,2.04e-08,3.980731383,101.9999913,0.000366672,4.008664201,101.8436712,6.532720376,6.169108175,92.70514053,291.8339583,32.31601814,91.90265204,297.8513719,3.968081515,102.0,2.04e-08,3.980731383,101.9999913,0.000366672,4.008664201,101.8436712,6.532720376,6.169108175,92.70514053,291.8339583,32.31601814,91.90265204,297.8513719,1.0,102.0,0.0,144.2497834,0.0,0.0,0.0,1.0,102.0,0.0,144.2497834,0.0,0.0,0.0,1.0,102.0,0.0,144.2497834,1.82e-12,1.18e-121,0.0,1.071625011,102.0,1.91e-06,144.2497834,3.64e-12,-1.46e-51,0.0,4.218928583,102.0,2.34e-06,144.2497834,7.72e-12,4.52e-28,8.29e-17,1.0,39.03306603,0.0,1.0,39.03306603,0.0,1.0,39.03306603,2.27e-13,1.071625011,39.03192969,2.22e-05,4.218928583,39.02963883,0.008391758,1.0,102.0,0.0,144.2497834,0.0,0.0,0.0,1.0,102.0,0.0,144.2497834,0.0,0.0,0.0,1.0,102.0,0.0,144.2497834,1.82e-12,1.18e-121,0.0,1.071625011,102.0,1.91e-06,144.2497834,3.64e-12,-1.46e-51,0.0,4.218928583,102.0,2.34e-06,144.2497834,7.72e-12,4.52e-28,8.29e-17
1.96944151,63.42977724,54.54260734,2.039951631,65.91256784,274.4830973,2.460313957,78.24559036,1186.265119,10.30641577,76.36440353,881.1346489,98.13511097,75.70709596,1894.976533,1.96944151,63.42977724,54.54260734,2.039951631,65.91256784,274.4830973,2.460313957,78.24559036,1186.265119,10.30641577,76.36440353,881.1346489,98.13511097,75.70709596,1894.976533,1.0,60.0,0.0,84.85281374,0.0,0.0,0.0,1.0,60.0,0.0,84.85281374,0.0,0.0,0.0,1.00000003,60.0,0.0,84.85281374,0.0,-1.75e-67,0.0,1.208372951,60.0,6.74e-07,84.85281374,6.43e-13,-2.37e-31,-5.22e-19,5.108525803,60.05138949,0.905312632,85.03920919,17.68903594,0.023924834,0.006286828,1.0,24.99196601,0.0,1.0,24.99196601,0.0,1.00000003,24.99196605,5.92e-08,1.208372951,25.41640392,1.953177155,5.108525803,31.55219826,35.9098431,1.0,60.0,0.0,84.85281374,0.0,0.0,0.0,1.0,60.0,0.0,84.85281374,0.0,0.0,0.0,1.00000003,60.0,0.0,84.85281374,0.0,-1.75e-67,0.0,1.208372951,60.0,6.74e-07,84.85281374,6.43e-13,-2.37e-31,-5.22e-19,5.092118019,60.0,9.54e-07,84.85281374,9.09e-13,1.33e-29,0.0
3.366630471,66.0,0.0,3.602115508,66.0,9.09e-13,3.868440311,66.00001763,0.000346099,10.45576339,68.2157928,163.5336317,101.3878972,70.63386765,345.9282159,3.366630471,66.0,0.0,3.602115508,66.0,9.09e-13,3.868440311,66.00001763,0.000346099,10.45576339,68.2157928,163.5336317,101.3878972,70.63386765,345.9282159,3.366630471,66.0,0.0,122.3315168,0.0,1.2e-34,0.0,3.602115415,66.0,9.54e-07,122.3315168,1.56e-10,5.550000000000001e-21,4.65e-10,3.86388738,66.00000087,0.008826937,122.3307554,0.033489822,1.91e-06,0.001183228,8.794273724,68.11413281,13.62980536,118.1680056,287.958951,-13.31314952,-0.065850491,79.53138733,71.34550985,20.58598579,116.9888572,534.1291069,-18.79628368,-0.050638343,3.366630471,2.36024783,17.83005995,3.602115415,2.424984204,18.18062371,3.86388738,2.48636039,18.49943895,8.794273724,2.12062399,12.29762501,79.53138733,1.85578432,8.831613209,1.787725724,66.0,0.0,122.3315168,0.0,-4.1900000000000004e-73,0.0,1.866612636,66.0,9.54e-07,122.3315168,2.03e-12,5e-67,3.88e-55,1.954325085,66.0,0.0,122.3314828,0.001495515,3.63e-25,0.0,3.262749413,66.0,1.31e-05,118.6017741,145.0928908,-8.4e-11,-5.32e-07,20.4134386,66.08363132,0.998289344,115.4963089,237.7526867,-0.365816761,-0.023765467
1.000000001,65.99999999,3.19e-08,1.000003716,65.9999778,0.00013401,1.023871811,65.93019156,0.875597624,8.904572114,69.19297368,244.2833203,96.65159131,70.88673036,357.2394058,1.000000001,65.99999999,3.19e-08,1.000003716,65.9999778,0.00013401,1.023871811,65.93019156,0.875597624,8.904572114,69.19297368,244.2833203,96.65159131,70.88673036,357.2394058,1.0,66.0,1.35e-06,122.3315168,4.07e-12,-4.34e-28,-1.69e-16,1.000000004,66.0,9.54e-07,122.3315168,1.27e-06,1.75e-17,1.62e-08,1.00546929,66.00003268,0.054234714,122.2964242,1.541372957,8.58e-05,0.001274354,6.681651378,69.52261825,17.35826719,116.7593704,412.6479218,36.78835743,0.126218971,75.74679177,71.5954507,20.92792115,117.4499486,541.4804991,22.44215694,0.060097191,1.0,10.18691802,2.56e-13,1.000000004,10.18691798,3.56e-07,1.00546929,10.13631556,0.501397233,6.681651378,2.883455519,17.42669992,75.74679177,1.953038876,10.42261297,1.0,66.0,0.0,122.3315168,0.0,-3.08e-284,0.0,1.000000001,66.0,9.54e-07,122.3315168,1.21e-06,7.21e-74,6.8600000000000005e-65,1.001674065,66.0,0.0,122.3016459,1.311461589,1.37e-49,0.0,2.485588112,66.03815542,0.675580674,116.1664456,219.7078664,-0.084286034,-0.008416976,20.08773391,66.55279627,2.515545977,116.1286764,228.571004,0.876719417,0.023056907
4.440508459,65.99999997,1.86e-07,4.650550926,65.99996632,0.000202333,4.932709751,65.96916891,0.317981947,12.218649,69.18967239,250.543642,98.25334176,70.89647926,356.5584029,4.440508459,65.99999997,1.86e-07,4.650550926,65.99996632,0.000202333,4.932709751,65.96916891,0.317981947,12.218649,69.18967239,250.543642,98.25334176,70.89647926,356.5584029,4.440508436,66.0,1.35e-06,122.3315168,8.38e-07,2.5600000000000003e-22,2.08e-13,4.650524771,66.0,2.13e-06,122.3314572,0.002616652,-9.53e-18,-8.74e-11,4.898075846,66.00024943,0.149828033,122.1471781,8.065387175,-0.000128795,-0.000302688,9.906145999,69.44645222,17.09444101,120.3578124,350.7032187,28.77000205,0.120861296,77.83639782,71.49148398,20.81703647,118.0351981,574.6312813,34.62961638,0.08563353,4.440508436,1.038155186,4.895415581,4.650524771,1.094978792,5.108370019,4.898075846,1.163698925,5.333410792,9.906145999,1.759741533,6.949630441,77.83639782,1.923649448,373.107201,1.834630423,66.0,1.35e-06,122.3315168,1.82e-12,1.3399999999999998e-242,0.0,1.897215003,66.0,0.0,122.3315168,0.0,4.75e-44,0.0,1.965430509,66.0,9.39e-06,122.3315168,8.82e-11,6.43e-14,0.005072599,3.093348746,66.24954717,1.712393706,121.9622626,22.03059846,0.550552835,0.068805467,20.87611667,66.82585235,3.190130919,117.3805436,263.2143064,10.160269,0.196383223
1.000000022,66.0,5.01e-10,1.000025845,65.99999821,1.17e-05,1.041462074,65.98269898,0.576732263,8.554456588,68.5742212,188.861179,101.5535837,70.59793702,350.1845382,1.000000022,66.0,5.01e-10,1.000025845,65.99999821,1.17e-05,1.041462074,65.98269898,0.576732263,8.554456588,68.5742212,188.861179,101.5535837,70.59793702,350.1845382,1.000000022,66.0,0.0,122.3315168,1.82e-12,-6.95e-32,0.0,1.000025533,66.0,1.35e-06,122.3315168,6.36e-09,4.37e-22,4.06e-12,1.031738308,66.00000105,0.00971903,122.3282634,0.142983932,-2.98e-06,-0.000811388,6.08468892,68.74456556,15.43635639,118.4551354,325.8239808,-32.07396956,-0.139383929,76.37780802,71.48171206,21.06378998,116.8991369,552.9182202,-21.16421681,-0.05531525,1.000000022,5.085801834,1.45e-09,1.000025533,5.08579529,1.71e-06,1.031738308,5.070268882,0.035746921,6.08468892,2.747528438,4.517835976,76.37780802,1.915451704,4.074668961,1.0,66.0,9.54e-07,122.3315168,2.03e-12,-4.5200000000000005e-43,-3.51e-31,1.000000001,66.0,9.54e-07,122.3315168,9.09e-13,1.69e-31,0.0,1.001033635,66.0,0.0,122.3314852,0.001386245,6e-29,0.0,2.272331252,66.00527154,0.251457157,118.6316069,144.1827016,-0.174300104,-0.057726747,20.18520716,66.29812276,1.867778331,115.2576145,246.6098625,-4.772975939,-0.162734795
1.659029601,72.35580764,61.29663169,1.778688998,73.0043039,63.0110701,1.993799834,73.7776497,93.06570415,12.32894003,74.67712755,425.3491696,109.6040346,72.12739227,365.9397624,1.659029601,72.35580764,61.29663169,1.778688998,73.0043039,63.0110701,1.993799834,73.7776497,93.06570415,12.32894003,74.67712755,425.3491696,109.6040346,72.12739227,365.9397624,1.6590296,72.35580764,7.82921653,109.3588709,61.29663148,-7.07e-06,-0.0001852,1.778686164,73.00428153,7.937792183,109.7882815,63.00854663,-0.004853809,-0.004919429,1.952696577,73.53817469,7.986658712,109.6958494,64.46089963,-2.852189947,-0.11711342,3.31910522,71.43607232,7.578012592,103.0265214,85.94475355,5.519398332,0.091083451,18.33108277,70.2145552,7.045966599,100.026355,75.12437588,6.91590414,0.130718295,1.6590296,1.984748195,5.274581437,1.778686164,2.175266348,5.42505438,1.952696577,2.581284131,8.044142347,3.31910522,6.240323871,33.26420684,18.33108277,8.197952896,30.16047043,1.6590296,72.35580764,7.82921653,109.3588709,61.29663148,-7.07e-06,-0.0001852,1.778686164,73.00428153,7.937792183,109.7882815,63.00854663,-0.004853726,-0.004919345,1.952696577,73.53817469,7.986658712,109.6958494,64.46089963,-2.836454628,-0.116467314,3.31910522,71.43607232,7.578012592,103.0265214,85.94475355,5.374029404,0.088684511,18.33108277,70.2145552,7.045966599,100.026355,75.12437588,5.864284038,0.110841504
4.956019303,101.9999882,4.71e-05,4.974762093,101.9989915,0.004033048,5.098982042,101.9153991,0.331247338,6.519974974,99.86431079,63.83246217,31.74352159,94.30875708,234.4446251,4.956019303,101.9999882,4.71e-05,4.974762093,101.9989915,0.004033048,5.098982042,101.9153991,0.331247338,6.519974974,99.86431079,63.83246217,31.74352159,94.30875708,234.4446251,1.0,102.0,0.0,144.2497834,0.0,0.0,0.0,1.0,102.0,0.0,144.2497834,0.0,0.0,0.0,1.0,102.0,0.0,144.2497834,3.64e-12,3.51e-145,0.0,1.072681201,102.0,1.35e-06,144.2497834,2.57e-12,-2.1600000000000003e-43,-1.1900000000000002e-31,4.220767756,102.0,1.35e-06,144.2497834,4.07e-12,-6.82e-29,-2.65e-17,1.0,38.80664206,0.0,1.0,38.80664206,0.0,1.0,38.80664206,2.27e-13,1.072681201,38.8353481,0.011498175,4.220767756,39.0103623,0.081029165,1.0,102.0,0.0,144.2497834,0.0,0.0,0.0,1.0,102.0,0.0,144.2497834,0.0,0.0,0.0,1.0,102.0,0.0,144.2497834,3.64e-12,3.51e-145,0.0,1.072681201,102.0,1.35e-06,144.2497834,2.57e-12,-2.1600000000000003e-43,-1.1900000000000002e-31,4.220767756,102.0,1.35e-06,144.2497834,4.07e-12,-6.82e-29,-2.65e-17
1.000000029,60.00000111,4.21e-05,1.000030133,60.001145,0.043508759,1.031118018,61.14679856,42.26319858,2.563685244,81.88717628,392.3844796,27.74092819,91.9900011,292.0274729,1.000000029,60.00000111,4.21e-05,1.000030133,60.001145,0.043508759,1.031118018,61.14679856,42.26319858,2.563685244,81.88717628,392.3844796,27.74092819,91.9900011,292.0274729,1.000000029,60.00000111,0.006491025,114.90866,4.21e-05,1.05e-57,0.0,1.000030133,60.001145,0.208587533,114.9092572,0.043508759,1.57e-33,0.0,1.031118016,61.14679849,6.501014988,115.5116045,42.26319587,-6.73e-08,-1.65e-06,1.957552738,75.65948392,18.70403572,119.1259606,398.8855454,-18.66106409,-0.072072983,11.2477923,77.32341845,18.9224739,110.4415644,509.112009,50.67697132,0.140774764,1.000000029,5.006106726,1.18e-05,1.000030133,5.006712615,0.012206547,1.031118016,5.613534665,11.85709985,1.957552738,13.2898251,99.3067802,11.2477923,13.79782874,106.0936809,1.0,60.0,0.0,84.85281374,0.0,0.0,0.0,1.0,60.0,0.0,84.85281374,0.0,3.86e-83,0.0,1.000000001,60.0,6.74e-07,84.85281374,4.55e-13,-7.330000000000001e-47,0.0,1.150861538,60.0,6.74e-07,84.85281374,1.02e-12,1.0900000000000001e-29,1.69e-17,6.118032912,60.0,1.17e-06,84.85281374,1.44e-12,9.29e-31,1.18e-18
1.0,98.0,0.0,1.0,98.0,0.0,1.000000029,97.99999892,4.09e-05,1.881997355,92.42259478,218.3167127,28.66439424,91.00848998,312.6809102,1.0,98.0,0.0,1.0,98.0,0.0,1.000000029,97.99999892,4.09e-05,1.881997355,92.42259478,218.3167127,28.66439424,91.00848998,312.6809102,1.0,98.0,0.0,114.90866,4.18e-05,3.66e-47,0.0,1.0,98.0,0.0,114.9092541,0.043276659,3.14e-27,0.0,1.000000029,97.99999892,0.006399014,115.5043564,41.77407307,2.2e-07,5.32e-06,1.46210175,89.67209513,15.71961786,114.7867647,394.1724633,24.50568653,0.088958005,12.3038466,76.3932787,18.82024283,106.6946479,491.4124001,104.1648447,0.299885725,1.0,25.08741283,0.0,1.0,25.08741283,0.0,1.000000029,25.08741225,1.18e-05,1.46210175,20.00017209,79.83993228,12.3038466,12.52741264,14201705.49,1.0,98.0,0.0,138.5929291,0.0,0.0,0.0,1.0,98.0,0.0,138.5929291,0.0,0.0,0.0,1.000000001,98.0,1.35e-06,138.5929291,1.82e-12,0.0,0.0,1.141674269,98.0,1.35e-06,138.5929291,1.82e-12,-9.830000000000001e-43,0.0,5.307848824,98.0,1.35e-06,138.5929291,4.07e-12,-1.06e-28,-4.13e-17
1.000000087,66.00000001,1.15e-06,1.000078316,66.00010679,0.010027766,1.090542116,66.85601602,81.04828616,10.16007951,79.31606867,1033.366012,106.6655077,83.10373777,10033.05208,1.000000087,66.00000001,1.15e-06,1.000078316,66.00010679,0.010027766,1.090542116,66.85601602,81.04828616,10.16007951,79.31606867,1033.366012,106.6655077,83.10373777,10033.05208,1.000000087,66.00000001,0.001072983,122.3315168,1.2e-06,-1.19e-16,-1.89e-10,1.000077592,66.00011113,0.100008758,122.3315223,0.010283603,-7.16e-09,-1.46e-06,1.080562395,66.91374704,9.022322303,122.4373044,83.15555873,-0.404533743,-0.010879157,8.066171367,82.80949977,35.07557115,121.7597712,1275.668466,-89.99554285,-0.139724866,81.60846519,87.84473149,114.0179889,127.6199684,13734.78428,-62.56151684,-0.008242129,1.000000087,4.884585743,1.5e-06,1.000077592,4.884273548,0.001317308,1.080562395,4.607664097,1.050487542,8.066171367,2.025180627,3.402499456,81.60846519,1.791327697,476420.5553,1.0,66.0,0.0,122.3315168,0.0,-4.51e-89,0.0,1.000000002,66.0,0.0,122.3315167,1.79e-06,2.46e-22,0.0,1.002036534,66.0,9.54e-07,122.2975059,1.493040139,-2.56e-16,-2.2e-10,2.671259862,66.0,3.2e-05,114.6054255,257.7362671,1.33e-09,2.6e-06,20.17550092,67.44473287,16.27737022,125.4641821,16246.5838,1046.206358,0.504290708
1.999941335,90.0,0.0,1.9999648,90.0,9.09e-13,1.999988267,90.0,2.89e-08,2.384928216,87.40024241,64.755718,30.73676951,78.60577858,546.806444,1.999941335,90.0,0.0,1.9999648,90.0,9.09e-13,1.999988267,90.0,2.89e-08,2.384928216,87.40024241,64.755718,30.73676951,78.60577858,546.806444,1.0,90.0,0.0,108.1665383,0.0,0.0,0.0,1.0,90.0,0.0,108.1665383,0.0,-5.76940587024e-313,0.0,1.0,90.0,0.0,108.1665383,0.0,3.6400000000000004e-80,0.0,1.049407551,89.99702387,0.298789125,108.1663872,0.089666064,-2.25e-06,-8.24e-05,4.866276549,87.2658593,8.63415865,106.0325449,74.54980138,-0.308219895,-0.056021378,1.0,44.16157389,0.0,1.0,44.16157389,0.0,1.0,44.16157389,2.27e-13,1.049407551,44.13813086,0.46115031,4.866276549,34.16041237,267.3935987,1.0,90.0,0.0,108.1665383,0.0,0.0,0.0,1.0,90.0,0.0,108.1665383,0.0,-5.76940587024e-313,0.0,1.0,90.0,0.0,108.1665383,0.0,3.6400000000000004e-80,0.0,1.049407551,89.99702387,0.298789125,108.1663872,0.089666064,-2.25e-06,-8.24e-05,4.866276549,87.2658593,8.63415865,106.0325449,74.54980138,-0.308219895,-0.056021378
1.000018545,155.998331,0.150205394,1.00162157,155.854295,13.09221994,1.243575689,138.3679691,1276.376625,9.249091694,77.22407439,883.328497,97.39319025,71.80051235,418.9059497,1.000018545,155.998331,0.150205394,1.00162157,155.854295,13.09221994,1.243575689,138.3679691,1276.376625,9.249091694,77.22407439,883.328497,97.39319025,71.80051235,418.9059497,1.00000041,155.9999631,0.057624651,170.2275322,74.20758315,-9.17e-11,-1.85e-10,1.00019233,155.9826937,1.2479067,172.7806079,238.4959858,-5.23e-05,-2.71e-06,1.130104439,145.6386573,28.7256579,169.8714207,890.0502984,-19.90228163,-0.037932731,7.2207818,80.47037727,32.79236685,123.2766725,1112.021416,-237.0158831,-0.429448469,75.62312039,72.86539658,22.77320204,118.9963015,599.7751223,-34.71115739,-0.087814376,1.00000041,4.270212579,4.86e-06,1.00019233,4.269705223,0.002721407,1.130104439,4.053689721,2.039435206,7.2207818,2.486386431,10.60488249,75.62312039,1.951503439,9.042500697,1.000000374,155.9999664,0.055028315,169.3870996,0.003028115,-1.13e-49,0.0,1.000139191,155.9874745,1.061667155,169.3755951,1.127137149,-1.27e-28,0.0,1.05182633,151.5654565,19.47931574,165.3120919,379.4437416,-5.29e-07,-3.86e-06,2.435649992,108.230153,44.91467408,129.906692,2036.080333,-49.41473806,-0.066259633,18.96665115,90.71169396,40.1638874,122.434015,1719.974553,68.61828859,0.06993773
1.000035174,65.99999986,8.39e-07,1.002184014,65.99984239,0.000945664,1.193739586,65.85193863,0.894248776,9.408912449,68.68172958,205.3723839,97.14947689,70.28227536,340.8063775,1.000035174,65.99999986,8.39e-07,1.002184014,65.99984239,0.000945664,1.193739586,65.85193863,0.894248776,9.408912449,68.68172958,205.3723839,97.14947689,70.28227536,340.8063775,1.000000034,66.0,1.35e-06,122.3315156,5.02e-05,-1.2900000000000002e-27,-1.35e-19,1.000032928,66.0,0.0,122.3304365,0.047470377,-8.180000000000001e-32,0.0,1.03516687,66.00001102,0.031489777,121.2718883,45.06253415,-1.62e-06,-7.67e-06,6.211429552,69.24828585,16.78673182,116.5303572,408.404952,-9.974449166,-0.034559037,72.61233793,71.13613446,20.83232728,116.6891829,545.2822113,30.61493816,0.080881643,1.000000034,4.963481905,6.59e-11,1.000032928,4.963483345,1.15e-07,1.03516687,4.952981576,0.052155887,6.211429552,2.68596501,4.415009808,72.61233793,2.01360861,3.744419936,1.0,66.0,0.0,122.3315168,1.82e-12,0.0,0.0,1.000000001,66.0,0.0,122.3315168,3.64e-12,-2.61e-139,0.0,1.000965333,66.0,0.0,122.3315168,1.32e-09,2.0699999999999998e-42,0.0,2.035688053,66.0,1.35e-06,121.2632656,45.41322777,6.95e-15,7.65e-10,18.5899925,66.00955881,0.338547384,115.9546848,224.9136174,-0.045588372,-0.008978975
1.999965296,66.0,3.13e-10,1.999979443,66.00000086,1.38e-05,2.014596521,66.03779131,0.610379744,9.677723286,72.21623773,455.9279267,35.35695629,75.14430653,669.7251299,1.999965296,66.0,3.13e-10,1.999979443,66.00000086,1.38e-05,2.014596521,66.03779131,0.610379744,9.677723286,72.21623773,455.9279267,35.35695629,75.14430653,669.7251299,1.999965296,66.0,0.0,122.3315168,7.28e-12,-4.08e-41,0.0,1.999979184,66.0,0.0,122.3315167,2.12e-06,-7.53e-24,0.0,2.004477411,66.00006841,0.078468606,122.3142201,0.761760897,-2.66e-06,-3.88e-05,7.530198462,72.97655972,23.73208071,118.9774105,629.7845789,-43.88868996,-0.110162206,27.90151832,76.97733248,28.57375745,118.7061677,890.0428931,-103.2319262,-0.191922177,1.999965296,4.665528997,21.76782281,1.999979184,4.665561371,21.76782281,2.004477411,4.660197543,872.268033,7.530198462,6145875.537,9216910000000000.0,27.90151832,38098789.37,5.59e+16,1.0,66.0,0.0,122.3315168,0.0,-3.81e-73,0.0,1.000000001,66.0,0.0,122.3315168,1.82e-12,-1.28e-96,0.0,1.000972285,66.0,1.32e-05,122.3314839,0.001445312,-5.68e-16,-1.13e-09,2.347975202,66.32872961,1.958747605,118.3581364,159.3364289,-1.286992488,-0.052059856,7.471441057,67.22070853,3.627447183,116.3173191,233.9025053,3.088431104,0.055713896
1.993227393,66.00000196,3.14e-05,1.996211018,66.00086446,0.013830878,2.141714582,66.37314121,7.12867134,11.52574402,71.51746282,362.3771164,102.5193469,71.18367735,379.3694434,1.993227393,66.00000196,3.14e-05,1.996211018,66.00086446,0.013830878,2.141714582,66.37314121,7.12867134,11.52574402,71.51746282,362.3771164,102.5193469,71.18367735,379.3694434,1.993226807,66.0,0.0,122.3315168,0.0,5.4e-15,0.0,1.995971073,66.0,0.000543039,122.3315168,1.66e-06,3.66e-08,0.052701373,2.037884785,66.01842918,1.287744726,122.311623,2.237824586,0.134976116,0.085506438,8.450758222,71.58983534,21.72185355,118.8259118,554.8705822,-34.10911622,-0.091896878,78.78189246,71.63692988,21.78347094,116.4176438,587.2672551,4.732087828,0.011678566,1.993226807,2.423480914,5.903745939,1.995971073,2.42683815,5.903816639,2.037884785,2.47093132,5.921266721,8.450758222,1.995913298,5.303355398,78.78189246,1.860062287,4.944615642,1.0,66.0,1.35e-06,122.3315168,2.57e-12,-6.04e-28,-3.32e-16,1.000000002,66.0,9.54e-07,122.3315168,1.62e-06,6.2e-22,5.11e-13,1.00197109,66.0,1.35e-06,122.2986583,1.442499644,-5.53e-16,-3.41e-10,2.540908221,66.0,9.54e-07,115.750848,230.0851152,-1.76e-15,-1.22e-10,19.8038624,66.01023847,0.350366612,114.8056361,253.3113163,-0.045102445,-0.008088167
1.0,98.0,0.0,1.0,98.0,0.0,1.000000036,97.99999892,4.21e-05,2.028297102,95.5647251,143.3148433,28.96155837,92.25940719,276.1079195,1.0,98.0,0.0,1.0,98.0,0.0,1.000000036,97.99999892,4.21e-05,2.028297102,95.5647251,143.3148433,28.96155837,92.25940719,276.1079195,1.0,98.0,0.0,114.9086599,4.07e-05,2.7e-50,0.0,1.0,98.0,0.0,114.9092453,0.042637801,4.4000000000000004e-29,0.0,1.00000003,97.99999889,0.00648443,115.5076485,41.99629531,6.74e-08,1.6e-06,1.343685859,92.28594234,13.58247683,119.3569529,395.7001895,27.02700301,0.10635197,11.38163263,78.35444871,18.65037124,110.6819982,571.9517802,62.98842647,0.158501504,1.0,25.03346395,0.0,1.0,25.03346395,0.0,1.00000003,25.03346337,1.16e-05,1.343685859,22.02479803,50.98007307,11.38163263,13.6173869,101.5573688,1.0,98.0,0.0,138.5929291,0.0,0.0,0.0,1.0,98.0,0.0,138.5929291,0.0,0.0,0.0,1.000000001,98.0,1.91e-06,138.5929291,3.64e-12,9.93e-101,0.0,1.141635795,98.0,0.0,138.5929291,3.64e-12,4.46e-40,0.0,5.306567279,98.0,1.91e-06,138.5929291,4.07e-12,-3.09e-29,-1.2e-17
1.000000028,60.00000091,3.45e-05,1.000036621,60.00101599,0.03860701,1.054727029,61.21129636,45.09795239,5.255097277,86.44119915,388.1462086,33.30100171,90.58229101,325.7837376,1.000000028,60.00000091,3.45e-05,1.000036621,60.00101599,0.03860701,1.054727029,61.21129636,45.09795239,5.255097277,86.44119915,388.1462086,33.30100171,90.58229101,325.7837376,1.000000028,60.00000091,0.005875306,84.85281517,5.47e-05,9.13e-13,2.38e-08,1.00003662,60.00101593,0.196479828,84.85434561,0.058321258,1.1e-06,2.67e-05,1.051362389,61.08076162,6.316715592,86.41191877,57.53676563,1.12206148,0.027589536,2.673916947,71.42200763,17.42337601,101.0199288,429.5298056,50.59679359,0.166588414,13.68893914,74.22495189,18.38995884,104.9729495,478.3479984,55.08592558,0.162858975,1.000000028,5.063619116,2.23e-06,1.00003662,5.06368918,0.00431629,1.051362389,5.331044635,8.280066452,2.673916947,9.232726892,89.34478604,13.68893914,11.23515614,85.14759377,1.000000005,60.0,6.74e-07,84.85281374,6.43e-13,0.0,0.0,1.000009884,60.0,0.0,84.85281374,9.09e-13,-1.69e-149,0.0,1.021460491,60.0,0.0,84.85281374,0.0,-1.26e-139,0.0,1.870193269,60.0,9.54e-07,84.85281374,1.02e-12,-8.61e-30,-1.34e-17,8.564443477,60.0,1.17e-06,84.85281374,1.44e-12,1.7500000000000001e-29,2.23e-17
1.999955457,66.00000001,8.72e-07,2.000047029,66.00007127,0.006414024,2.092487542,66.50135105,44.87021915,9.911255176,72.88471851,553.6081919,97.74716606,71.32565822,407.1324922,1.999955457,66.00000001,8.72e-07,2.000047029,66.00007127,0.006414024,2.092487542,66.50135105,44.87021915,9.911255176,72.88471851,553.6081919,97.74716606,71.32565822,407.1324922,1.999955457,66.00000001,0.000933549,105.7348649,342.0834959,1.52e-07,8.79e-06,2.000047029,66.00007127,0.080087602,107.0159997,365.1430734,0.001317524,0.000860918,2.092443123,66.50136139,6.698594014,111.80596,447.6386937,10.70848252,0.075749005,8.908405727,73.36169377,24.66464355,118.2472431,714.7225271,198.8147013,0.416164796,77.93574071,72.00973162,22.23419133,116.6795044,601.5982381,92.24511584,0.224070896,1.999955457,2.448968778,5.997652883,2.000047029,2.448925552,5.997566519,2.092443123,2.383943593,5.882819452,8.908405727,1.852844544,4.000764744,77.93574071,1.87751565,4.165967687,1.0,66.0,0.0,122.3315168,0.0,-1.37e-118,0.0,1.000000001,66.0,1.35e-06,122.3315168,1.71e-06,1.2e-30,6.82e-22,1.000975812,66.0,1.35e-06,122.2980667,1.468447038,1.09e-18,6.7e-13,2.293410834,66.00033024,0.06295062,115.3482466,240.2384618,-0.007301153,-0.007482904,20.37380402,66.22400648,1.624160978,114.4449594,264.1484335,2.181781557,0.082654976
1.006836313,66.0,1.82e-12,1.088863961,65.99999999,5.29e-08,2.256616041,65.99697945,0.020083728,11.81127362,67.41344652,119.6939706,103.6758369,70.44490468,338.5634927,1.006836313,66.0,1.82e-12,1.088863961,65.99999999,5.29e-08,2.256616041,65.99697945,0.020083728,11.81127362,67.41344652,119.6939706,103.6758369,70.44490468,338.5634927,1.006809747,66.0,1.35e-06,105.0769666,334.7581862,1.14e-15,4.6e-11,1.087066771,66.0,0.0,105.9254373,339.5290089,-8.83e-37,0.0,2.133835759,66.00000015,0.003624452,106.7929667,341.9548941,1.02e-06,1.53e-05,9.169835015,67.59872133,11.88818782,111.7762545,367.4541131,12.5179515,0.057173824,78.11621093,71.05256134,20.71288087,115.8032376,550.6428336,-8.982121851,-0.023340931,1.006809747,1.79892276,0.031444741,1.087066771,1.752637318,0.377169363,2.133835759,1.508855459,2.494797596,9.169835015,1.805989441,4.174815256,78.11621093,1.873272906,4.193480405,1.0,66.0,0.0,93.33809512,0.0,-2.24e-103,0.0,1.0,66.0,0.0,93.33809512,3.37e-09,2.22e-47,0.0,1.000029834,66.00000031,0.005294395,93.34207751,0.29843871,2.53e-13,8.74e-11,1.872345892,73.82975565,25.36479715,107.50724,812.5195008,42.00698576,0.074343329,18.87240215,86.90396165,38.00501198,120.3287293,1570.353625,107.9135305,0.114380939
1.02645208,65.99999954,2.74e-06,1.124172204,65.99971215,0.002338287,1.944509566,66.34180336,121.6776003,19.25565871,95.21951136,4524.809088,163.9678765,116.7590392,4354.517276,1.02645208,65.99999954,2.74e-06,1.124172204,65.99971215,0.002338287,1.944509566,66.34180336,121.6776003,19.25565871,95.21951136,4524.809088,163.9678765,116.7590392,4354.517276,1.026452002,66.0,3.05e-05,285.7271426,9.32e-10,2.11e-49,0.0,1.124117843,66.00000113,0.017287811,285.7271428,0.000298868,4.06e-26,1.95e-19,1.904939517,66.23411233,7.858122608,285.7967642,62.27533177,5.63e-05,2.52e-06,17.26621966,89.21864442,53.48043916,465.4239995,60229.79916,568.8298566,0.04336375,145.9359627,112.7053112,52.80384533,482.076837,62159.39125,-920.9703774,-0.069991518,1.026452002,1.055731703,6.25e-05,1.124117843,1.059914996,0.000241777,1.904939517,1.074306322,0.001216292,17.26621966,0.869798465,0.26503254,145.9359627,1495.886067,2250880000000.0,1.026452002,66.0,3.05e-05,285.7271426,9.32e-10,2.11e-49,0.0,1.124117843,66.00000113,0.017287811,285.7271428,0.000298868,4.06e-26,1.95e-19,1.904939517,66.23411233,7.858122608,285.7967642,62.27533177,5.63e-05,2.52e-06,17.26621966,89.21864442,53.48043916,465.4239995,60229.79916,568.8298566,0.04336375,145.9359627,112.7053112,52.80384533,482.076837,62159.39125,-920.9703774,-0.069991518
1.028826504,66.0,2.73e-12,1.122267697,66.00000007,9.05e-07,1.682260321,66.02897182,0.706131378,11.5084757,71.23524803,312.8681739,100.423699,71.19154848,380.565311,1.028826504,66.0,2.73e-12,1.122267697,66.00000007,9.05e-07,1.682260321,66.02897182,0.706131378,11.5084757,71.23524803,312.8681739,100.423699,71.19154848,380.565311,1.000074149,66.0,1.35e-06,122.3296677,0.081254167,-5.71e-16,-1.48e-09,1.00336162,66.00000008,0.001002293,122.2629411,3.007225701,-9.02e-09,-5.19e-06,1.189836253,66.03688065,0.96586346,120.0120463,95.48860063,-0.130696881,-0.013847905,8.84117714,72.0531872,19.76668715,118.6705563,484.8244672,12.40528833,0.037042718,77.12126611,72.18488714,21.78936616,118.1890926,569.5987252,71.30310238,0.184468463,1.000074149,2.743951489,2.35e-05,1.00336162,2.742191177,0.001143687,1.189836253,2.706335254,0.155513473,8.84117714,1.828176587,2.828270955,77.12126611,1.895292558,176.1460432,1.0,66.0,1.91e-06,122.3315168,3.64e-12,7.01e-14,0.0,1.000000006,66.00000004,0.000712148,122.3315168,1.89e-06,8.8e-08,0.09152848,1.003726783,66.01818969,0.466846253,122.3071801,1.515074963,0.097464956,0.170501364,3.072749675,68.16652272,4.615674594,118.425293,191.1792279,20.33257178,0.319590243,20.08768933,67.02519337,3.354295605,117.6370495,194.3398992,11.5490479,0.247188575
1.000000061,66.0,9.09e-13,1.000061684,66.0,9.09e-13,1.06422459,65.99980059,0.001950419,7.618672768,68.69952153,230.7953691,94.58490841,70.2421924,344.8616297,1.000000061,66.0,9.09e-13,1.000061684,66.0,9.09e-13,1.06422459,65.99980059,0.001950419,7.618672768,68.69952153,230.7953691,94.58490841,70.2421924,344.8616297,1.000000061,66.0,9.54e-07,122.3315168,1.86e-10,-1.23e-32,-9.5e-22,1.000061684,66.0,1.35e-06,122.3315163,1.96e-05,1.46e-19,2.44e-11,1.063855267,66.00000684,0.02481855,122.2847191,2.054886628,6.5e-05,0.001826923,6.075488086,69.1743675,16.60170069,119.5952869,346.1030099,54.03038122,0.224936679,71.73441345,71.15110603,20.82698427,117.1903819,538.8368475,66.45131782,0.178451521,1.000000061,4.993890849,7.59e-07,1.000061684,4.993737076,0.000770103,1.063855267,4.845093858,0.717036456,6.075488086,2.759986889,4.744927907,71.73441345,2.039566466,4.133228195,1.0,66.0,0.0,122.3315168,3.64e-12,2.66e-73,0.0,1.000000001,66.0,1.35e-06,122.3315168,2.57e-12,3.7100000000000002e-37,2.04e-25,1.000976631,66.0,1.35e-06,122.3315168,1.35e-09,1.4200000000000001e-27,2.87e-17,2.033851849,66.0,1.35e-06,121.3151902,43.27680522,2.34e-14,2.64e-09,18.53127879,66.00836146,0.316650691,116.0420753,222.5817986,-0.185827628,-0.039335533
9.671588267,80.5865291,1320.600932,9.819299965,80.6597823,1325.131044,10.50230156,80.38855738,1264.44809,27.90234678,90.89565807,10054.56393,198.9078192,123.601703,30064.52812,9.671588267,80.5865291,1320.600932,9.819299965,80.6597823,1325.131044,10.50230156,80.38855738,1264.44809,27.90234678,90.89565807,10054.56393,198.9078192,123.601703,30064.52812,8.736335992,81.29163778,38.16849516,528.9640354,353651.5976,19839.33328,0.874049574,8.840465647,81.39716692,38.29357241,529.9608868,353953.2266,20307.85308,0.891388558,8.95242743,81.49433207,38.40656547,530.6175962,354113.2163,20795.40649,0.9098981,13.93081592,105.6650044,139.9019657,432.7837061,283834.9495,9031.42544,0.121315715,112.6439612,157.4453754,223.8819308,321.1797461,142927.8637,365.2340042,0.004459042,8.736335992,0.85086126,5.957937247,8.840465647,0.861040333,6.020660694,8.95242743,0.875848403,6.174101893,13.93081592,1.680387342,24.88101245,112.6439612,1.371772841,26.05624389,1.992259626,69.98445911,3.99996981,101.8519736,15.99975848,0.0,0.0,1.99534856,69.99067543,3.999989132,101.856245,15.99991305,0.0,0.0,1.99844711,69.99689181,3.999998792,101.8605167,15.99999034,0.0,0.0,1.999844602,69.99968918,3.999999988,101.862439,15.9999999,0.0,0.0,1.999984459,69.99996892,4.0,101.8626313,16.0,0.0,0.0
1.049650511,66.31346696,4.917209861,1.217050576,67.27844269,18.82066735,2.021911622,69.6389976,44.98207174,9.898967174,69.71557777,204.0210972,98.13907467,70.91880453,363.8025799,1.049650511,66.31346696,4.917209861,1.217050576,67.27844269,18.82066735,2.021911622,69.6389976,44.98207174,9.898967174,69.71557777,204.0210972,98.13907467,70.91880453,363.8025799,1.00000008,66.0,1.35e-06,122.3315168,4.07e-12,1.2000000000000002e-27,4.68e-16,1.000072923,66.0,0.0,122.3315167,2.21e-06,-6.76e-31,0.0,1.068656735,66.00001052,0.030773533,122.2924203,1.716387566,-4.81e-07,-1.19e-05,6.938465387,69.12107309,16.20028337,117.4139001,371.859946,-10.05098915,-0.038224863,75.91266838,71.63464149,21.25199087,117.0875369,558.098171,28.59209493,0.074302924,1.00000008,4.913945954,9.69e-07,1.000072923,4.91376656,0.000880892,1.068656735,4.753673086,0.753466949,6.938465387,2.39490989,4.345380072,75.91266838,1.925925683,3.709575308,1.0,66.0,1.35e-06,122.3315168,2.57e-12,-1e-27,-5.51e-16,1.000000002,66.0,9.54e-07,122.3315167,2.21e-06,-2.73e-22,-1.93e-13,1.002122503,66.0,1.35e-05,122.295069,1.599899326,1.31e-10,7.72e-06,2.612319913,66.29636862,1.862414843,116.0905116,225.6697036,1.37036743,0.048983479,20.24359484,66.59567452,2.606389471,116.1347619,229.0651564,5.864640767,0.148702448
1.000050657,66.0,0.0,1.004114349,66.0,3e-11,1.355518757,66.00103566,0.093207222,9.239395906,69.85630254,319.3157592,98.01394795,70.65453843,355.2244094,1.000050657,66.0,0.0,1.004114349,66.0,3e-11,1.355518757,66.00103566,0.093207222,9.239395906,69.85630254,319.3157592,98.01394795,70.65453843,355.2244094,1.0,66.0,0.0,93.33809512,0.0,-3.1099999999999998e-108,0.0,1.0,66.0,1.35e-06,93.33809512,5.1e-11,2.59e-39,2.69e-28,1.000028974,66.00000003,0.000652834,93.33875204,0.0148632,3.05e-15,3.83e-11,1.847366982,67.31152286,4.389108518,96.67961211,46.95675627,1.98101042,0.068971709,18.1651246,69.73971993,6.771263599,99.18013659,69.15285361,2.653760644,0.05447066,1.0,15.0751009,0.0,1.0,15.0751009,2.84e-14,1.000028974,15.0750692,3.53e-05,1.847366982,12.43640041,28.11716161,18.1651246,8.307386895,39.77739505,1.0,66.0,0.0,93.33809512,0.0,-3.1099999999999998e-108,0.0,1.0,66.0,1.35e-06,93.33809512,5.1e-11,2.59e-39,2.69e-28,1.000028974,66.00000003,0.000652834,93.33875204,0.0148632,3.05e-15,3.83e-11,1.847366982,67.31152286,4.389108518,96.67961211,46.95675627,1.98101042,0.068971709,18.1651246,69.73971993,6.771263599,99.18013659,69.15285361,2.653760644,0.05447066
3.999756257,102.0,3.64e-12,3.999853751,102.0,0.0,3.999954024,101.9999716,0.001187607,4.968105901,98.58191179,125.0385939,30.41382138,93.26137568,268.0323551,3.999756257,102.0,3.64e-12,3.999853751,102.0,0.0,3.999954024,101.9999716,0.001187607,4.968105901,98.58191179,125.0385939,30.41382138,93.26137568,268.0323551,1.0,102.0,0.0,144.2497834,0.0,0.0,0.0,1.0,102.0,0.0,144.2497834,0.0,0.0,0.0,1.0,102.0,1.35e-06,144.2497834,1.82e-12,-1.74e-111,0.0,1.072359112,102.0,0.0,144.2497834,0.0,1.94e-31,0.0,4.220661272,102.0,1.35e-06,144.2497834,1.82e-12,2.58e-29,0.0,1.0,38.87547898,0.0,1.0,38.87547898,0.0,1.0,38.87547898,2.27e-13,1.072359112,38.89487912,0.005314257,4.220661272,39.01161923,0.126789062,1.0,102.0,0.0,144.2497834,0.0,0.0,0.0,1.0,102.0,0.0,144.2497834,0.0,0.0,0.0,1.0,102.0,1.35e-06,144.2497834,1.82e-12,-1.74e-111,0.0,1.072359112,102.0,0.0,144.2497834,0.0,1.94e-31,0.0,4.220661272,102.0,1.35e-06,144.2497834,1.82e-12,2.58e-29,0.0
1.0,330.0,0.0,1.0,330.0,2.89e-08,1.000077599,329.9807074,4.905615761,3.903115697,234.4074186,24849.72266,38.52296417,207.7769387,24705.71012,1.0,330.0,0.0,1.0,330.0,2.89e-08,1.000077599,329.9807074,4.905615761,3.903115697,234.4074186,24849.72266,38.52296417,207.7769387,24705.71012,1.0,330.0,0.0,431.4904402,0.0,0.0,0.0,1.0,330.0,0.0,431.4904402,0.0,0.0,0.0,1.000000029,330.0,3.81e-06,431.4904402,1.46e-11,-3.49e-266,0.0,1.213824837,330.0,6.61e-06,431.4904402,4.37e-11,6.159999999999999e-48,0.0,6.273864928,330.0,7.63e-06,431.4904402,5.82e-11,4.29e-28,0.0,1.0,25.05434799,0.0,1.0,25.05434799,0.0,1.000000029,25.05434799,3.94e-11,1.213824837,25.05060071,0.000338232,6.273864928,25.04940327,0.005349573,1.0,330.0,0.0,431.4904402,0.0,0.0,0.0,1.0,330.0,0.0,431.4904402,0.0,0.0,0.0,1.000000029,330.0,3.81e-06,431.4904402,1.46e-11,-3.49e-266,0.0,1.213824837,330.0,6.61e-06,431.4904402,4.37e-11,6.159999999999999e-48,0.0,6.273864928,330.0,7.63e-06,431.4904402,5.82e-11,4.29e-28,0.0
2.999947118,90.0,1.82e-12,2.999968271,90.0,0.0,2.999989432,89.99999992,2.48e-06,4.415807335,87.98502624,1290.499388,39.30161248,95.51412599,6065.030375,2.999947118,90.0,1.82e-12,2.999968271,90.0,0.0,2.999989432,89.99999992,2.48e-06,4.415807335,87.98502624,1290.499388,39.30161248,95.51412599,6065.030375,1.0,90.0,0.0,109.2886087,2.54e-07,5.65e-60,0.0,1.0,90.0,0.0,109.2885888,0.004673251,3e-34,0.0,1.0,89.99999999,0.000513543,109.8044738,152.9463397,1.25e-08,1.97e-06,1.448636494,97.62131894,58.95787916,133.5508693,5075.710393,1955.136932,0.545272353,12.53568749,134.9495654,116.4698568,172.2534921,14390.84749,6331.348473,0.784275383,1.0,32.11572599,0.0,1.0,32.11572599,0.0,1.0,32.11572599,1.62e-07,1.448636494,23.9099101,169.7291318,12.53568749,12.44601642,131.5378057,1.0,90.0,0.0,108.1665512,4.65e-05,-7.56e-120,0.0,1.0,90.0,0.0,108.1677506,0.004366486,-2.29e-71,0.0,1.0,90.0,2.5e-05,108.2614288,0.312589739,-1.13e-22,-8.04e-18,1.196704295,88.47459009,6.590555512,107.2467122,43.44376364,-0.273601911,-0.044994009,3.283480751,83.09423181,12.62867417,102.8809042,159.4858695,-7.763585806,-0.653303122
1.68741924,72.5536029,67.00098554,1.840924405,73.82237866,130.7869275,2.720178446,80.11684788,675.5273044,12.30526726,74.33553276,614.2282006,101.2696093,71.19919173,398.4674441,1.68741924,72.5536029,67.00098554,1.840924405,73.82237866,130.7869275,2.720178446,80.11684788,675.5273044,12.30526726,74.33553276,614.2282006,101.2696093,71.19919173,398.4674441,1.683908719,72.49829731,7.857791613,109.4532006,61.74488904,-1.99e-13,-1.53e-08,1.796157306,73.09209424,7.948314735,109.8474134,63.17570713,-1.2e-07,-2.42e-05,1.927852267,73.69211662,7.994073294,110.2339425,63.90587934,-0.095319186,-0.022029607,2.951229572,71.9052185,7.720716247,104.1794853,86.06272511,1.904200256,0.031303366,19.30315456,70.61114879,7.175314388,100.695386,77.43713122,4.5792926,0.083913684,1.683908719,4.054674604,22.75657122,1.796157306,4.415162645,23.28391069,1.927852267,4.787354288,23.59700909,2.951229572,7.12790852,33.56083642,19.30315456,7.793952593,34.41226159,1.683908719,72.49829731,7.857791613,109.4532006,61.74488904,-1.99e-13,-1.53e-08,1.796157306,73.09209424,7.948314735,109.8474134,63.17570713,-1.2e-07,-2.42e-05,1.927852267,73.69211662,7.994073294,110.2339425,63.90587934,-0.095319186,-0.022029607,2.951229572,71.9052185,7.720716247,104.1794853,86.06272511,1.904200256,0.031303366,19.30315456,70.61114879,7.175314388,100.695386,77.43713122,4.5792926,0.083913684
2.135098352,66.00000059,1.05e-05,2.424035689,66.00032471,0.006369762,3.01517166,66.14948144,3.611271556,12.80985856,69.23044185,238.3018968,104.4112384,70.71879366,361.9414866,2.135098352,66.00000059,1.05e-05,2.424035689,66.00032471,0.006369762,3.01517166,66.14948144,3.611271556,12.80985856,69.23044185,238.3018968,104.4112384,70.71879366,361.9414866,2.135098131,66.0,9.54e-07,122.3315124,0.000194888,7.85e-20,5.9e-12,2.423881249,66.0,2.34e-06,122.3293431,0.095516867,-1.66e-16,-2.3e-10,2.889286076,66.00032871,0.171998205,121.1748344,49.04682793,-0.000749057,-0.00062185,9.319036328,69.53804133,17.42520271,116.4639146,427.8444518,14.18769714,0.046897191,79.36476326,71.53686967,21.34989782,116.6669996,567.6382215,-6.751975552,-0.01719443,2.135098131,1.221838604,3.454163027,2.423881249,1.332878736,3.686652219,2.889286076,1.44862296,3.904887658,9.319036328,1.787579419,4.472756721,79.36476326,1.845424897,4.6508545,1.567548017,66.0,0.0,122.3315168,0.0,-1.65e-118,0.0,1.711871435,66.0,0.0,122.3315168,1.82e-12,1.06e-28,0.0,1.893762269,66.0,0.0,122.3315168,1.25e-06,5.989999999999999e-34,0.0,3.110100615,66.0,1.35e-06,120.3759259,80.79481187,-4e-13,-3.3e-08,20.07065938,66.02645822,0.562848683,115.7131989,231.4412955,-0.137476477,-0.016055229
1.416130697,64.23690058,7.470076966,1.779964041,63.37161274,8.861904085,2.536008197,62.5484956,8.911967846,10.10853873,66.72215571,115.7446171,97.09924977,70.04001872,320.1068111,1.416130697,64.23690058,7.470076966,1.779964041,63.37161274,8.861904085,2.536008197,62.5484956,8.911967846,10.10853873,66.72215571,115.7446171,97.09924977,70.04001872,320.1068111,1.0,66.0,9.54e-07,105.2615789,1.29e-12,-3.61e-43,-3.97e-31,1.000000001,66.00000001,0.000385677,105.2615789,3.18e-07,-4.15e-25,-2.03e-18,1.001768162,66.01332774,0.461591042,105.2570843,0.33903612,-6.23e-07,-2.63e-06,2.456222376,69.51814693,6.626687942,102.633082,75.76357683,-6.23490237,-0.119743378,17.90353966,69.99903294,6.922183897,99.89755691,74.10810616,3.594129736,0.06905556,1.0,10.06613994,7.11e-14,1.000000001,10.06613993,7.97e-08,1.001768162,10.05674388,0.091333953,2.456222376,8.359436959,21.72492452,17.90353966,8.391733334,28.63925682,1.0,66.0,9.54e-07,105.2615789,1.29e-12,-3.61e-43,-3.97e-31,1.000000001,66.00000001,0.000385677,105.2615789,3.18e-07,-4.15e-25,-2.03e-18,1.001768162,66.01332774,0.461591042,105.2570843,0.33903612,-6.23e-07,-2.63e-06,2.456222376,69.51814693,6.626687942,102.633082,75.76357683,-6.23490237,-0.119743378,17.90353966,69.99903294,6.922183897,99.89755691,74.10810616,3.594129736,0.06905556
1.000000059,66.0,0.0,1.000060398,66.0,0.0,1.065390245,66.00004617,0.00305889,8.32691639,69.16499132,251.8356834,96.39406619,70.75486267,367.0404969,1.000000059,66.0,0.0,1.000060398,66.0,0.0,1.065390245,66.00004617,0.00305889,8.32691639,69.16499132,251.8356834,96.39406619,70.75486267,367.0404969,1.000000059,66.0,0.0,122.3315168,0.0,-6.18e-29,0.0,1.000060395,66.0,1.35e-06,122.3315168,4.03e-07,-4.05e-17,-4.73e-08,1.063966963,66.00003036,0.052274609,122.3120294,0.856897622,-0.000484486,-0.010012153,6.787109353,69.43599585,17.24626212,118.0438084,392.4725872,-20.35512394,-0.073757428,75.99582471,71.37325284,21.19692028,116.5967291,561.1276344,13.8435624,0.035622111,1.000000059,5.004613012,7.35e-07,1.000060395,5.004459101,0.000756981,1.063966963,4.850745369,0.727727279,6.787109353,2.472245047,5.008605173,75.99582471,1.925706417,4.256427864,1.0,66.0,9.54e-07,122.3315168,2.03e-12,2.0099999999999999e-28,1.56e-16,1.000000001,66.0,9.54e-07,122.3315168,2.03e-12,-4.4999999999999995e-67,-3.4999999999999995e-55,1.001036657,66.0,1.35e-06,122.3314836,0.001459296,-5.59e-19,-1.09e-11,2.263614429,66.00000008,0.000999921,118.7652564,139.5302978,-2.81e-07,-2.38e-05,18.83063488,66.1811853,1.463350755,116.52608,212.1143518,-0.693412109,-0.032536364
1.00000009,60.00000271,8.13e-05,1.000092106,60.00276293,0.082880289,1.093938518,62.57615532,70.64808335,3.323509194,80.38989309,195.9490524,18.01916241,81.65239923,180.7455845,1.00000009,60.00000271,8.13e-05,1.000092106,60.00276293,0.082880289,1.093938518,62.57615532,70.64808335,3.323509194,80.38989309,195.9490524,18.01916241,81.65239923,180.7455845,1.0,60.0,0.0,84.85281374,0.0,0.0,0.0,1.0,60.0,0.0,84.85281374,0.0,0.0,0.0,1.0,60.0,0.0,84.85281374,0.0,7.12e-114,0.0,1.064640867,60.0,6.74e-07,84.85281374,6.43e-13,-3.7399999999999997e-42,-8.22e-30,4.202518831,60.0,2.43e-06,84.85281374,1.09e-10,1.37e-24,5.4e-14,1.0,40.41867399,0.0,1.0,40.41867399,0.0,1.0,40.41867399,0.0,1.064640867,40.41777738,0.000236992,4.202518831,39.26868794,17.8389652,1.0,60.0,0.0,84.85281374,0.0,0.0,0.0,1.0,60.0,0.0,84.85281374,0.0,0.0,0.0,1.0,60.0,0.0,84.85281374,0.0,6.43e-65,0.0,1.064640867,60.0,6.74e-07,84.85281374,6.43e-13,-1.37e-33,-3.0000000000000003e-21,4.202518831,60.0,1.17e-06,84.85281374,1.36e-12,-1.98e-28,0.0
1.013571689,65.99999981,1.12e-06,1.075816031,65.99982366,0.001068312,1.462879794,65.93840392,6.81474252,10.44615161,71.03566031,418.6237807,101.1015629,70.89510389,359.6352411,1.013571689,65.99999981,1.12e-06,1.075816031,65.99982366,0.001068312,1.462879794,65.93840392,6.81474252,10.44615161,71.03566031,418.6237807,101.1015629,70.89510389,359.6352411,1.0,66.0,3.44e-06,122.3315168,1.24e-11,3.34e-13,0.050989942,1.000000008,66.00000012,0.003226878,122.3315168,1.06e-05,3.56e-07,0.084707281,1.007825399,66.09709956,2.954578125,122.3567492,8.861871808,0.303627813,0.083195194,7.325691702,72.81327318,23.80684805,119.3132428,639.2668806,6.280808144,0.015342214,77.38322963,71.78773287,21.21032132,117.3510728,554.6118554,35.30206488,0.092415422,1.0,9.73273778,7.11e-13,1.000000008,9.732737711,6.65e-07,1.007825399,9.665749254,0.641220988,7.325691702,2.644393505,16.9445469,77.38322963,1.912542735,10.51634918,1.0,66.0,9.54e-07,122.3315168,2.03e-12,-6e-28,-4.67e-16,1.000000002,66.0,9.54e-07,122.3315168,1.56e-06,-5.96e-22,-5e-13,1.001855112,66.0,0.0,122.2990486,1.425384326,-2.8599999999999997e-67,0.0,2.569118251,66.00004099,0.022177853,115.3681512,239.7435467,-0.000151029,-0.000439812,20.03940355,66.2240137,1.624186653,115.1741938,247.5723591,-0.366192223,-0.014329612
1.413967255,66.0,1.82e-12,1.915264542,66.0,1.01e-10,3.124464943,66.00042797,0.007764849,10.79887152,68.45394421,154.9545676,101.1208677,70.77482244,326.8866974,1.413967255,66.0,1.82e-12,1.915264542,66.0,1.01e-10,3.124464943,66.00042797,0.007764849,10.79887152,68.45394421,154.9545676,101.1208677,70.77482244,326.8866974,1.413955384,66.0,0.0,122.3315168,3.64e-12,-2.98e-29,0.0,1.914156174,66.0,0.0,122.3315168,4.91e-11,-1.19e-23,0.0,3.020760151,66.0000008,0.008451772,122.3310102,0.022293321,-2.06e-06,-0.001633534,8.262314849,68.64439184,13.69942072,121.0182553,231.4530188,20.47906213,0.128441457,79.31681092,71.47748856,19.99140038,117.9799998,500.7461046,32.15483803,0.092601262,1.413955384,1.377944086,8.080946615,1.914156174,1.889191127,12.52344794,3.020760151,2.418874436,16.56868632,8.262314849,2.237273915,12.1224949,79.31681092,1.863811986,3729.325881,1.0,66.0,0.0,93.33809512,1.82e-12,2.6700000000000003e-72,0.0,1.0,66.0,0.0,93.33809514,1.88e-06,4.18e-42,0.0,1.000029504,66.00000239,0.014673428,93.37083202,2.451040672,1.45e-11,6.3e-10,1.869315276,75.23287437,27.3077411,110.5534411,938.7022424,58.27110937,0.089365894,17.53685178,87.11396412,38.12571659,120.7217026,1581.18426,111.7207378,0.117465495
1.821836985,66.2661841,4.188091629,2.121430071,66.92562323,13.95319339,3.318565321,68.40053726,32.92456107,12.71864413,70.87023703,291.6937177,98.45716403,70.95177897,356.509663,1.821836985,66.2661841,4.188091629,2.121430071,66.92562323,13.95319339,3.318565321,68.40053726,32.92456107,12.71864413,70.87023703,291.6937177,98.45716403,70.95177897,356.509663,1.750201677,66.0,0.0,122.3111799,0.893139301,1.77e-20,0.0,1.850444476,66.0,0.000113025,121.9539891,16.39945667,-1.34e-10,-2.93e-07,2.216679143,66.00681646,0.72527302,116.8411178,200.6278775,-0.024440771,-0.002379132,9.214506496,70.98443195,19.49961037,118.5562178,503.0433038,15.83265317,0.044740032,76.12496315,71.57383947,21.05527275,117.81773,548.9681812,0.054352208,0.000143462,1.750201677,0.981939349,1.077040719,1.850444476,1.049424188,1.09973272,2.216679143,1.296056234,1.420755737,9.214506496,1.763935373,3.162199901,76.12496315,1.91999991,3.549083439,1.749808957,66.0,0.0,122.3315168,3.64e-12,2.59e-241,0.0,1.841337748,66.0,9.54e-07,122.3315168,9.09e-13,8.19e-41,0.0,1.944946868,66.0,0.0,122.3315168,1.3e-06,4.4e-22,0.0,3.147738945,66.0,9.54e-07,120.0135327,94.62950616,-3.58e-15,-3.86e-10,20.17223739,66.01491884,0.422851646,115.5634545,235.0817314,-0.584193916,-0.090107227
1.00286342,66.01857238,0.309187058,1.039985065,66.2972399,7.004235843,1.726001793,72.12212742,336.2063378,11.64214172,73.90010275,567.6199432,100.6224978,71.00691049,394.4961117,1.00286342,66.01857238,0.309187058,1.039985065,66.2972399,7.004235843,1.726001793,72.12212742,336.2063378,11.64214172,73.90010275,567.6199432,100.6224978,71.00691049,394.4961117,1.00000502,66.00016769,0.122850934,122.3316287,0.015097859,4.59e-09,1.85e-06,1.00088989,66.03281113,1.718116654,122.352611,2.952627811,0.000136768,0.000313618,1.187193488,71.41721389,21.40567784,125.7575574,458.3794632,2.637878194,0.034557809,8.646305169,75.09515685,27.12641219,120.2997587,809.606063,142.5722581,0.286034352,77.33576739,71.8614692,22.1977371,116.7307478,601.19659,94.51038038,0.229407896,1.00000502,3.656764544,4.92e-05,1.00088989,3.654151885,0.008213468,1.187193488,3.258249935,1.052749799,8.646305169,1.887187842,3.353662309,77.33576739,1.890239777,3.63688377,1.0,66.0,0.0,122.3315168,3.64e-12,-1.96e-241,0.0,1.000000002,66.0,0.0,122.3315168,1.22e-06,-2.71e-40,0.0,1.00182094,66.0,9.54e-07,122.3015707,1.314761933,7.35e-16,6.72e-10,2.645486169,66.0,0.0,114.6915339,255.7889544,-2.46e-14,0.0,20.52456414,66.00000074,0.002973166,113.9486982,271.8801509,-6.41e-05,-0.00130721
1.000000086,60.00000361,0.000151424,1.000109692,60.00460265,0.193290136,1.144602863,65.13932602,189.4202716,5.64335182,89.28677276,359.778037,28.63087147,90.73882971,320.8691237,1.000000086,60.00000361,0.000151424,1.000109692,60.00460265,0.193290136,1.144602863,65.13932602,189.4202716,5.64335182,89.28677276,359.778037,28.63087147,90.73882971,320.8691237,1.0,60.0,0.0,84.85281374,4.55e-13,2.1699999999999997e-24,0.0,1.000000093,60.0,6.38e-05,84.85281374,6.07e-09,1.16e-13,2.72e-05,1.004671383,60.0053402,0.450443237,84.86049937,0.292055949,0.005896871,0.028562843,2.129836891,68.31422134,15.71031936,96.62053152,349.2536918,127.9486654,0.518095599,11.98565577,75.09988852,18.59536486,106.1437067,488.5243336,114.9007146,0.332622765,1.0,7.786211014,1.48e-11,1.000000093,7.786210755,7.21e-07,1.004671383,7.776240161,0.08199088,2.129836891,10.89662519,65.42612942,11.98565577,12.88244691,91.53309711,1.0,60.0,0.0,84.85281374,4.55e-13,-1.1300000000000001e-133,0.0,1.000000093,60.0,0.0,84.85281374,4.55e-13,0.0,0.0,1.004530195,60.0,0.0,84.85281374,0.0,-2.24e-31,0.0,1.663838592,60.0,1.35e-06,84.85281374,1.87e-12,1.18e-28,1.3e-16,7.214001611,60.0,6.74e-07,84.85281374,1.02e-12,1.5e-30,2.33e-18
1.0,98.0,0.0,1.0,98.0,0.0,1.000000027,97.99999902,3.73e-05,1.808862689,94.34263844,167.1254292,27.81836129,92.05718827,291.8360824,1.0,98.0,0.0,1.0,98.0,0.0,1.000000027,97.99999902,3.73e-05,1.808862689,94.34263844,167.1254292,27.81836129,92.05718827,291.8360824,1.0,98.0,0.0,114.90866,4.25e-05,2.83e-50,0.0,1.0,98.0,0.0,114.9092601,0.043714346,4.5200000000000004e-29,0.0,1.000000027,97.99999902,0.006104888,115.5125304,42.32564472,6.8e-08,1.71e-06,1.361793838,91.828772,14.01508505,118.4211016,395.3770245,28.13716503,0.108380845,11.38383762,77.70169397,18.95326201,108.5305502,508.0198596,79.88353346,0.222377874,1.0,25.20749402,0.0,1.0,25.20749402,0.0,1.000000027,25.2074935,1.05e-05,1.361793838,21.8251069,58.49026022,11.38383762,22648.17442,34100000000000.0,1.0,98.0,0.0,138.5929291,0.0,0.0,0.0,1.0,98.0,0.0,138.5929291,0.0,0.0,0.0,1.000000001,98.0,1.35e-06,138.5929291,2.57e-12,2.62e-46,1.4399999999999999e-34,1.140637515,98.0,0.0,138.5929291,1.82e-12,-9.3e-33,0.0,5.301778517,98.0,1.91e-06,138.5929291,5.14e-12,-3.31e-29,-9.09e-18
1.562001509,98.34728982,1864.908925,1.722566539,102.9515454,1960.222378,2.299551958,100.8697238,1922.424867,9.871809717,76.01237156,800.2736396,95.03726915,71.33616723,416.770081,1.562001509,98.34728982,1864.908925,1.722566539,102.9515454,1960.222378,2.299551958,100.8697238,1922.424867,9.871809717,76.01237156,800.2736396,95.03726915,71.33616723,416.770081,1.562001509,98.34728982,43.18459129,154.3727072,1864.908931,-0.238146274,-0.014162103,1.722566539,102.9515454,44.27439868,157.1710795,1960.226055,-6.316121803,-0.073214159,2.29925416,100.8747334,43.84608279,152.3338343,1923.584332,-30.59077226,-0.086403237,8.355537192,77.72323708,30.29285474,124.6755897,966.0618868,263.5184566,0.500604346,74.28019451,72.23925463,22.68048662,118.1789495,607.3346855,109.8528439,0.269554592,1.562001509,0.8893466,0.93190651,1.722566539,1.011772886,1.044127261,2.29925416,1.348627332,2.155194507,8.355537192,1.960812766,3.591959731,74.28019451,1.967598463,3.518710988,1.561405728,98.35963248,43.18820567,154.3878794,1865.221109,-5.72e-12,-4.01e-08,1.707238842,103.2832987,44.33342442,157.5704279,1965.452521,-3.59e-06,-3.08e-05,1.892165006,108.3778453,44.92353842,160.9029144,2018.127852,-2.087345921,-0.023886542,2.979054256,98.88088597,43.3373635,138.3174821,1998.962033,43.4127108,0.038289511,19.3501688,89.5503846,39.55593934,123.3352167,1691.669189,148.5032641,0.148044941
1.045405887,67.56043172,138.0035541,1.205982644,72.72945613,560.2428065,2.250229314,84.28923085,1285.236138,13.17177303,74.30885544,600.0080113,103.2278074,71.256649,402.2863124,1.045405887,67.56043172,138.0035541,1.205982644,72.72945613,560.2428065,2.250229314,84.28923085,1285.236138,13.17177303,74.30885544,600.0080113,103.2278074,71.256649,402.2863124,1.045405152,67.56042804,11.74749283,136.8388295,138.0036399,-0.004310008,-0.0010596,1.205696621,72.7293945,23.67194024,139.3221217,560.4251146,-1.332633819,-0.01931713,2.123911914,85.00042706,36.72902933,136.7613194,1415.897743,-126.4062648,-0.165966608,10.04881663,75.75855712,27.54751378,119.1560444,857.3643668,43.09217197,0.078312737,78.81700738,72.16556338,22.50074837,117.0370097,613.029775,-10.08902271,-0.024117162,1.045405152,1.048239618,0.08512778,1.205696621,1.09375864,0.350598504,2.123911914,1.238808394,1.216154693,10.04881663,1.64113677,3.87255878,78.81700738,1.85832913,4.682846576,1.0,66.0,0.0,122.3315168,3.64e-12,1.0099999999999999e-42,0.0,1.000000001,66.0,0.0,122.3315168,3.64e-12,2.15e-25,0.0,1.00096858,66.00001663,0.014125876,122.3314928,0.001460764,2.21e-07,0.000411577,2.411412212,67.2915723,3.71896607,119.8313917,128.274194,7.850040527,0.186917364,20.64813006,66.51837147,2.4396206,115.0893496,253.5936576,8.370721263,0.215492032
1.000012257,66.0,0.0,1.001489349,66.0,6.26e-10,1.188317275,66.00190326,0.037079499,9.332284938,69.3833769,246.1817493,97.71208885,70.57585277,359.1067567,1.000012257,66.0,0.0,1.001489349,66.0,6.26e-10,1.188317275,66.00190326,0.037079499,9.332284938,69.3833769,246.1817493,97.71208885,70.57585277,359.1067567,1.0,66.0,0.0,105.2551498,0.131980943,-6.6e-21,0.0,1.0,66.0,2.5e-05,105.130203,2.67093983,-6.94e-12,-1.7e-07,1.000307955,66.00215518,0.185682953,103.0306406,37.8467983,-0.003532873,-0.003092726,2.485828427,69.01709107,6.258643507,100.7109902,74.66888388,-0.143344527,-0.002872605,19.73102556,69.94744856,6.895980766,99.81572919,73.62206687,2.94270192,0.05692075,1.0,12.76655197,0.0,1.0,12.76655197,7.49e-10,1.000307955,12.7633741,0.038281541,2.485828427,8.720367359,35.96230194,19.73102556,7.628655109,36.0848494,1.0,66.0,0.0,105.2551498,0.131980943,-6.6e-21,0.0,1.0,66.0,2.5e-05,105.130203,2.67093983,-6.94e-12,-1.7e-07,1.000307955,66.00215518,0.185682953,103.0306406,37.8467983,-0.003532873,-0.003092726,2.485828427,69.01709107,6.258643507,100.7109902,74.66888388,-0.143344527,-0.002872605,19.73102556,69.94744856,6.895980766,99.81572919,73.62206687,2.94270192,0.05692075
1.675710155,72.41952817,61.5021088,1.821599274,72.9217571,62.83739225,2.465540981,71.99410263,59.97639981,10.92952259,68.93753976,147.9683505,99.06644295,70.73043655,388.2508907,1.675710155,72.41952817,61.5021088,1.821599274,72.9217571,62.83739225,2.465540981,71.99410263,59.97639981,10.92952259,68.93753976,147.9683505,99.06644295,70.73043655,388.2508907,1.672329284,72.43250624,7.844932332,109.4096338,61.5429633,-1.33e-13,-1.78e-08,1.788041733,73.05166299,7.943592192,109.8205148,63.10065691,-9.36e-08,-2.15e-05,1.924617961,73.67877344,7.993548242,110.2261101,63.89738237,-0.087893158,-0.021175513,2.940505977,71.92265254,7.725582576,104.1956101,86.10580198,1.765240293,0.029003627,18.44369557,70.28707775,7.049993342,100.073725,75.14264394,4.992245547,0.094326584,1.672329284,4.059457292,23.14680911,1.788041733,4.439171621,23.73267039,1.924617961,4.831107231,24.07227344,2.940505977,7.156762728,33.51401026,18.44369557,8.149678781,32.38942098,1.672329284,72.43250624,7.844932332,109.4096338,61.5429633,-1.33e-13,-1.78e-08,1.788041733,73.05166299,7.943592192,109.8205148,63.10065691,-9.36e-08,-2.15e-05,1.924617961,73.67877344,7.993548242,110.2261101,63.89738237,-0.087893158,-0.021175513,2.940505977,71.92265254,7.725582576,104.1956101,86.10580198,1.765240293,0.029003627,18.44369557,70.28707775,7.049993342,100.073725,75.14264394,4.992245547,0.094326584
1.667411817,101.9977047,1944.039546,1.797642236,105.2414949,1993.964587,2.344016797,100.9268788,1969.700011,9.962336806,75.98022755,826.4693004,97.96258372,70.98903879,396.5039512,1.667411817,101.9977047,1944.039546,1.797642236,105.2414949,1993.964587,2.344016797,100.9268788,1969.700011,9.962336806,75.98022755,826.4693004,97.96258372,70.98903879,396.5039512,1.667177724,102.0036017,44.09155041,156.7316872,1944.064819,-0.102053708,-0.009333551,1.79101041,105.409017,44.65132595,158.8899178,1993.741756,-3.0122068,-0.049755435,2.156022154,104.4951803,44.52737721,155.2547691,1985.619109,-50.89111247,-0.110047552,8.03936173,78.6275496,31.25738691,124.5665258,1032.783309,256.8800771,0.449169491,76.13143223,71.97908928,22.13880053,117.2562125,595.0173367,66.33820852,0.163137359,1.667177724,0.985840414,1.131790386,1.79101041,1.0766976,1.164847441,2.156022154,1.304959145,1.258311031,8.03936173,2.019037044,3.005553207,76.13143223,1.919852605,3.553706096,1.666937848,102.0087827,44.09260722,156.7379689,1944.158011,-9.66e-05,-0.000158026,1.784280372,105.5576619,44.66968721,159.0684944,1995.380961,-0.075046682,-0.004471088,1.955317677,108.4465357,44.92749515,159.6127519,2020.781625,-49.99786847,-0.113330462,3.321133066,96.56710303,42.62266395,134.3149311,1947.432931,104.0303723,0.092151041,18.82192703,89.6517457,39.51304305,123.7113282,1690.70104,141.2059759,0.140305546
15.19484335,98.71821674,7869.590254,18.71330744,106.3842259,11402.7854,29.97700713,119.336319,19030.97929,66.30878287,113.3424225,17153.20865,159.1026054,90.23359753,8369.672893,15.19484335,98.71821674,7869.590254,18.71330744,106.3842259,11402.7854,29.97700713,119.336319,19030.97929,66.30878287,113.3424225,17153.20865,159.1026054,90.23359753,8369.672893,14.43658723,99.93289372,90.84531618,1071.078283,333464.8318,27446.71068,0.523274133,16.8764349,109.7046229,111.89799,1028.219525,360478.599,33564.81649,0.499750598,23.27068092,129.7718833,153.414805,944.21785,397051.0189,36927.43486,0.382332211,43.06124812,125.4486687,155.2786341,695.2713085,421420.9599,30172.37796,0.299568243,113.2135877,93.50089636,103.8760178,328.0286277,239416.3932,26704.66645,0.525673015,14.43658723,0.027657619,0.005656777,16.8764349,0.038120463,0.016447622,23.27068092,0.098415425,0.240576137,43.06124812,0.416914981,2.675626089,113.2135877,1.305967585,7.602347747,3.278763793,110.4750887,89.6329425,1125.408031,294919.6249,32330.87621,0.664321927,3.745263156,112.9379125,91.09266467,1098.046281,315521.9561,40007.92314,0.782029123,4.473642013,113.5977536,90.93299172,1064.481834,338492.3625,51173.07445,0.967409623,4.940836679,113.0911583,90.16885483,1047.143114,349393.04,57528.94625,1.079522128,4.994011112,113.0094379,90.06515891,1045.329238,350496.1158,58209.35554,1.09182375
1.033869491,98.0,1.28e-07,1.13118626,97.99996807,0.001215588,1.51848043,97.83525401,28.19370922,3.763465306,156.0145599,12173.37793,23.68841258,201.0462192,16018.14047,1.033869491,98.0,1.28e-07,1.13118626,97.99996807,0.001215588,1.51848043,97.83525401,28.19370922,3.763465306,156.0145599,12173.37793,23.68841258,201.0462192,16018.14047,1.033869491,98.0,0.000358348,138.592929,3.86e-06,6.83e-16,9.71e-10,1.13118626,97.99996806,0.034839536,138.5927136,0.010440072,1.74e-08,4.9e-06,1.517948077,97.75383251,3.04856788,137.9106809,28.37914844,0.34714655,0.021990468,2.697413268,87.25330065,17.11382565,119.0055059,462.9549359,202.0356381,0.623469997,12.13448007,78.26194893,18.98565987,127.6340018,12447.95996,655.9317416,0.309724056,1.033869491,1.131222138,0.704298616,1.13118626,1.523547009,2.279225053,1.517948077,2.712272054,8.250760406,2.697413268,9.462434626,101.7304046,12.13448007,453.222552,663127000000.0,1.033869491,98.0,0.0,138.5929291,0.0,0.0,0.0,1.131185309,98.0,0.0,138.5929291,0.0,0.0,0.0,1.50811467,98.0,0.0,138.5929291,0.0,-7.22e-195,0.0,1.934563547,98.0,0.0,138.5929291,0.0,-4.11e-44,0.0,5.831559349,98.0,3.02e-06,138.5929291,9.8e-12,-4.16e-28,-7.23e-17
1.879487697,71.51864782,57.84289137,2.415560651,71.10685288,55.62969976,3.721953375,69.94186199,47.53289768,11.34909931,71.25765344,345.9593706,56.92767781,71.99319118,470.2771937,1.879487697,71.51864782,57.84289137,2.415560651,71.10685288,55.62969976,3.721953375,69.94186199,47.53289768,11.34909931,71.25765344,345.9593706,56.92767781,71.99319118,470.2771937,1.648264418,72.29281963,7.815723587,109.3172071,61.08553519,-1.34e-13,-1.79e-08,1.770994556,72.9655284,7.932834834,109.7632376,62.92986851,-9.31e-08,-2.15e-05,1.917927737,73.64959037,7.992322134,110.2066431,63.87777872,-0.087804067,-0.021189169,2.925701765,71.94680901,7.732037684,104.3004557,85.92049413,1.422393541,0.023417856,10.48907528,70.39407369,7.141239069,100.7377351,78.92745935,9.575442464,0.172760293,1.648264418,3.964926787,22.74458744,1.770994556,4.375411452,23.43130654,1.917927737,4.800338329,23.82575662,2.925701765,255796.5357,392378000000000.0,10.48907528,68230684.05,1e+17,1.648264418,72.29281963,7.815723587,109.3172071,61.08553519,-1.34e-13,-1.79e-08,1.770994556,72.9655284,7.932834834,109.7632376,62.92986851,-9.31e-08,-2.15e-05,1.917927737,73.64959037,7.992322134,110.2066431,63.87777872,-0.087804067,-0.021189169,2.925701765,71.94680901,7.732037684,104.3004557,85.92049413,1.422393541,0.023417856,10.48907528,70.39407369,7.141239069,100.7377351,78.92745935,9.575442464,0.172760293
1.00144471,66.04916732,4.422809913,1.026114655,66.96733611,86.19191843,1.583463181,78.47538331,984.5271221,11.58652012,73.94981153,638.7624846,99.65880844,70.95588754,398.2439818,1.00144471,66.04916732,4.422809913,1.026114655,66.96733611,86.19191843,1.583463181,78.47538331,984.5271221,11.58652012,73.94981153,638.7624846,99.65880844,70.95588754,398.2439818,1.0,66.0,9.54e-07,100.2658985,61.80920782,-3.51e-29,-4.68e-24,1.000000001,66.00000001,0.000335493,99.82590503,63.19956894,-1.53e-16,-5.72e-14,1.001732193,66.01214539,0.440657235,99.38477136,63.91333979,-0.000282138,-8.01e-05,2.468539521,69.47998513,6.600717052,100.0267091,74.01138625,-8.536666548,-0.167203375,18.12823855,69.97922185,6.916165241,99.50049499,71.63977868,-0.946940776,-0.01874849,1.0,10.00839806,5.68e-14,1.000000001,10.00839805,8.54e-08,1.001732193,9.998831717,0.090355342,2.468539521,8.28085915,21.16511789,18.12823855,8.286847161,28.90878799,1.0,66.0,9.54e-07,100.2658985,61.80920782,-3.51e-29,-4.68e-24,1.000000001,66.00000001,0.000335493,99.82590503,63.19956894,-1.53e-16,-5.72e-14,1.001732193,66.01214539,0.440657235,99.38477136,63.91333979,-0.000282138,-8.01e-05,2.468539521,69.47998513,6.600717052,100.0267091,74.01138625,-8.536666548,-0.167203375,18.12823855,69.97922185,6.916165241,99.50049499,71.63977868,-0.946940776,-0.01874849
1.999976841,89.99998795,0.000361634,2.000205963,89.99669715,0.099594997,2.068382293,89.3485008,111.7074626,5.369305441,104.7052466,8144.661348,36.44235152,101.2868853,7628.851381,1.999976841,89.99998795,0.000361634,2.000205963,89.99669715,0.099594997,2.068382293,89.3485008,111.7074626,5.369305441,104.7052466,8144.661348,36.44235152,101.2868853,7628.851381,1.0,90.0,4.67e-06,114.0175425,2.18e-11,0.0,0.0,1.000000007,89.9999998,0.002462304,114.0175424,6.06e-06,-1.54e-119,0.0,1.00188863,89.9434479,1.301293536,113.9729083,1.693364868,8.4e-13,3.43e-09,1.636643018,79.60977179,14.27410257,105.258604,203.9957415,4.685364332,0.103747909,9.237352808,76.25906955,14.94706472,99.88261898,224.6468918,-2.187440331,-0.030191184,1.0,9.048444033,1.2e-11,1.000000007,9.048444183,3.35e-06,1.00188863,9.090486956,0.935920336,1.636643018,16.68313707,109.5929362,9.237352808,17.04843157,151.2018737,1.0,90.0,0.0,108.1665383,0.0,-1.4e-297,0.0,1.0,90.0,0.0,108.1665383,0.0,-5.18e-178,0.0,1.0,90.0,9.54e-07,108.1665383,2.88e-12,-2.9400000000000004e-47,-1.8700000000000001e-35,1.072716507,89.8968691,1.755930236,108.1372913,3.089340667,-0.002140121,-0.002772557,3.481043776,85.07861862,11.10952054,104.3735196,123.4234821,-0.198486896,-0.021220916
1.364271204,100.9319684,3.131434984,1.545575557,100.5880326,3.654217607,1.817118383,100.201287,3.959503645,2.753535111,96.1509518,149.6831939,28.47401259,92.30351714,284.9463286,1.364271204,100.9319684,3.131434984,1.545575557,100.5880326,3.654217607,1.817118383,100.201287,3.959503645,2.753535111,96.1509518,149.6831939,28.47401259,92.30351714,284.9463286,1.0,102.0,0.0,144.2497834,0.0,0.0,0.0,1.0,102.0,0.0,144.2497834,0.0,0.0,0.0,1.0,102.0,0.0,144.2497834,1.82e-12,-1.37e-51,0.0,1.071529685,102.0,1.35e-06,144.2497834,1.82e-12,-2.12e-50,0.0,4.220769013,102.0,1.35e-06,144.2497834,1.82e-12,2.26e-28,0.0,1.0,39.05167484,0.0,1.0,39.05167484,0.0,1.0,39.05167484,0.0,1.071529685,39.04986097,5.02e-05,4.220769013,39.01116027,0.314984108,1.0,102.0,0.0,144.2497834,0.0,0.0,0.0,1.0,102.0,0.0,144.2497834,0.0,0.0,0.0,1.0,102.0,0.0,144.2497834,1.82e-12,-1.37e-51,0.0,1.071529685,102.0,1.35e-06,144.2497834,1.82e-12,-2.12e-50,0.0,4.220769013,102.0,1.35e-06,144.2497834,1.82e-12,2.26e-28,0.0
3.992919599,67.51329929,168.9493125,3.995747767,67.50798142,168.8696576,3.998584529,67.50265705,168.7898487,4.931313002,69.93471827,199.342921,19.13443,78.84639745,210.2047147,3.992919599,67.51329929,168.9493125,3.995747767,67.50798142,168.8696576,3.998584529,67.50265705,168.7898487,4.931313002,69.93471827,199.342921,19.13443,78.84639745,210.2047147,1.994425703,75.04192408,14.99994141,96.07960433,224.9982424,0.0,0.0,1.996651683,75.02515449,14.99997891,96.0665072,224.9993673,0.0,0.0,1.99888274,75.00838554,14.99999766,96.05341171,224.9999297,-5.41e-96,-5.35e-91,2.210901344,76.43239041,14.93145196,97.16949272,222.9482577,-8.71e-09,-1.36e-06,5.8138004,84.11579605,11.9122736,103.3756495,141.9023711,0.16593456,0.033234221,1.994425703,11.64246129,136.2689547,1.996651683,11.65551191,136.269636,1.99888274,11.66856393,136.2700089,2.210901344,14.41694171,194.5480272,5.8138004,59.78527735,48515560820.0,1.994425703,75.04192408,14.99994141,75.04192408,224.9982424,0.0,0.0,1.996651683,75.02515449,14.99997891,75.02515449,224.9993673,0.0,0.0,1.998882646,75.00838484,14.99999766,75.00838484,224.9999297,0.0,0.0,1.999888208,75.00083848,14.99999998,75.00083848,224.9999993,0.0,0.0,1.99998882,75.00008385,15.0,75.00008385,225.0,0.0,0.0
1.405797907,87.68189472,1890.99769,1.601834558,94.93676173,2126.560074,2.738231139,91.2458107,1845.126782,13.06020763,77.18290536,921.9139869,108.0224163,87.30621457,15951.31485,1.405797907,87.68189472,1890.99769,1.601834558,94.93676173,2126.560074,2.738231139,91.2458107,1845.126782,13.06020763,77.18290536,921.9139869,108.0224163,87.30621457,15951.31485,1.0,60.0,0.0,84.85281374,9.09e-13,0.0,0.0,1.0,60.0,0.0,84.85281374,4.55e-13,0.0,0.0,1.000000002,60.0,6.74e-07,84.85281374,1.02e-12,-6.02e-56,-9.36e-44,1.156544393,60.0,0.000184412,84.85281375,2.93e-07,2.5e-08,0.251414166,5.610512984,60.55551516,2.929103195,86.44866465,139.0421538,27.12914211,0.786216825,1.0,28.80250907,0.0,1.0,28.80250907,0.0,1.000000002,28.80250907,1.33e-10,1.156544393,28.8527695,0.02946772,5.610512984,28.42884083,29.86348464,1.0,60.0,0.0,84.85281374,9.09e-13,0.0,0.0,1.0,60.0,0.0,84.85281374,4.55e-13,0.0,0.0,1.000000002,60.0,6.74e-07,84.85281374,1.02e-12,-6.02e-56,-9.36e-44,1.156544393,60.0,0.0,84.85281374,4.55e-13,-9.430000000000001e-35,0.0,5.415717668,60.0,0.0,84.85281374,9.09e-13,4.6000000000000004e-29,0.0
2.538546646,66.00000118,1.97e-05,2.709012106,66.00060686,0.014788157,3.086354793,66.60286875,36.80495979,13.15037399,71.91449854,438.7785434,105.1456124,71.35718521,383.0626093,2.538546646,66.00000118,1.97e-05,2.709012106,66.00060686,0.014788157,3.086354793,66.60286875,36.80495979,13.15037399,71.91449854,438.7785434,105.1456124,71.35718521,383.0626093,2.538546214,66.00000001,0.00103402,122.3315162,2.74e-05,1.02e-07,0.018926697,2.7088121,66.00006864,0.078595971,122.3310066,0.025978833,0.000739569,0.059236254,2.988627627,66.3835326,5.86266467,122.1237068,41.80006814,4.339668615,0.151767321,10.04828973,72.72229283,23.48566887,119.7357721,630.4876683,144.2769958,0.35151953,81.47165501,72.18060429,21.80173102,117.8381795,575.7842662,56.96572601,0.144945215,2.538546214,1.517639049,5.003945648,2.7088121,1.57651871,5.119859112,2.988627627,1.61397207,5.12925228,10.04828973,1.656877219,4.329923304,81.47165501,1.796574272,4.289456801,1.769258459,66.0,1.35e-06,122.3315168,1.82e-12,6.15e-90,0.0,1.854364843,66.0,0.0,122.3315168,0.0,-1.02e-31,0.0,1.949812274,66.0,1.35e-06,122.3314857,0.001367369,1.63e-16,3.26e-09,3.338701093,66.06070254,0.85131995,117.9668039,167.0836133,-0.254247733,-0.02310465,21.97153446,66.63455921,2.685525105,115.5347606,244.686209,7.288264583,0.173533982
1.000000029,60.00000778,0.002101199,1.000039469,60.0106562,2.87706099,1.054047069,73.84445006,3546.332719,2.918636581,216.4533559,17764.75352,20.54440474,219.1058213,17643.90938,1.000000029,60.00000778,0.002101199,1.000039469,60.0106562,2.87706099,1.054047069,73.84445006,3546.332719,2.918636581,216.4533559,17764.75352,20.54440474,219.1058213,17643.90938,1.0,60.0,0.0,84.85281374,0.0,0.0,0.0,1.0,60.0,0.0,84.85281374,0.0,-2.5799999999999997e-229,0.0,1.000000024,60.0,6.74e-07,84.85281374,4.55e-13,3.31e-95,0.0,1.223021967,60.0,9.54e-07,84.85281374,9.09e-13,1.14e-32,0.0,7.465881306,60.0,1.17e-06,84.85281374,1.64e-12,-2.4e-30,-2.15e-18,1.0,25.29216886,0.0,1.0,25.29216886,0.0,1.000000024,25.29216884,7.41e-09,1.223021967,24.92115872,5.813481916,7.465881306,21.02466047,5811.2681,1.0,60.0,0.0,84.85281374,0.0,0.0,0.0,1.0,60.0,0.0,84.85281374,0.0,-2.5799999999999997e-229,0.0,1.000000024,60.0,6.74e-07,84.85281374,4.55e-13,3.31e-95,0.0,1.223021967,60.0,9.54e-07,84.85281374,9.09e-13,1.14e-32,0.0,7.465881306,60.0,1.17e-06,84.85281374,1.64e-12,-2.4e-30,-2.15e-18
2.555441584,102.0,3.5e-07,2.719985916,101.9999591,0.001718928,2.91619949,101.8000956,8.333639685,4.611714481,94.79596347,233.3407921,29.68961085,93.2774773,265.0512757,2.555441584,102.0,3.5e-07,2.719985916,101.9999591,0.001718928,2.91619949,101.8000956,8.333639685,4.611714481,94.79596347,233.3407921,29.68961085,93.2774773,265.0512757,1.0,102.0,0.0,144.2497834,0.0,0.0,0.0,1.0,102.0,0.0,144.2497834,0.0,0.0,0.0,1.0,102.0,1.35e-06,144.2497834,1.82e-12,7.36e-192,0.0,1.070999411,102.0,0.0,144.2497834,3.64e-12,-1.59e-30,0.0,4.215999607,102.0,1.35e-06,144.2497834,4.07e-12,-5.9e-29,-2.29e-17,1.0,39.15816307,0.0,1.0,39.15816307,0.0,1.0,39.15816307,4.55e-13,1.070999411,39.15010002,0.000916213,4.215999607,39.06076121,0.003167242,1.0,102.0,0.0,144.2497834,0.0,0.0,0.0,1.0,102.0,0.0,144.2497834,0.0,0.0,0.0,1.0,102.0,1.35e-06,144.2497834,1.82e-12,7.36e-192,0.0,1.070999411,102.0,0.0,144.2497834,3.64e-12,-1.59e-30,0.0,4.215999607,102.0,1.35e-06,144.2497834,4.07e-12,-5.9e-29,-2.29e-17
1.000009197,155.9991723,0.074496776,1.00184691,155.8340853,14.90474832,1.399021058,130.3708848,1646.794937,10.85354157,76.26727098,758.7833973,95.54701986,71.4005371,486.9596331,1.000009197,155.9991723,0.074496776,1.00184691,155.8340853,14.90474832,1.399021058,130.3708848,1646.794937,10.85354157,76.26727098,758.7833973,95.54701986,71.4005371,486.9596331,1.000009197,155.9991723,0.272940957,178.0645767,340.411288,-8.24e-08,-1.64e-08,1.001846809,155.8340935,3.860577124,178.1423418,339.2801344,-0.002928205,-4.12e-05,1.391657634,130.6710785,40.47281397,156.274546,1673.12065,-42.11056864,-0.056362765,9.014298277,77.35781953,29.88651357,117.5274252,956.2020553,-122.7802074,-0.222363112,73.87304458,72.25956402,24.5205788,118.8036664,2577.231808,24.2511937,0.019756132,1.000009197,3.788274225,0.000122158,1.001846809,3.782070712,0.024802751,1.391657634,3.005744895,3.433360537,9.014298277,1.969160749,8.63254765,73.87304458,2.000447468,9.959526434,1.000000059,155.9999947,0.021850238,169.3871257,0.000477433,3.66e-109,0.0,1.000045947,155.995865,0.6100294,169.3833223,0.372135869,6.680000000000001e-21,8.12e-15,1.03581775,152.887872,16.4440318,166.5253782,270.4061817,-3.15e-07,-2.21e-06,2.343849899,109.6814546,44.9806785,131.2372162,2043.181279,-90.11123168,-0.118748407,17.66458536,91.48305354,43.73203645,124.6633681,4018.857548,37.8147753,0.014544205
1.0,330.0,0.0,1.0,330.0,0.0,1.000000957,329.9997568,0.065666004,1.735022562,281.9543903,10663.93398,18.52255134,227.6894871,17074.01901,1.0,330.0,0.0,1.0,330.0,0.0,1.000000957,329.9997568,0.065666004,1.735022562,281.9543903,10663.93398,18.52255134,227.6894871,17074.01901,1.0,330.0,0.0,431.4904402,0.0,0.0,0.0,1.0,330.0,0.0,431.4904402,0.0,0.0,0.0,1.000000028,330.0,0.0,431.4904402,0.0,-6.74e-87,0.0,1.21314024,330.0,0.0,431.4904402,0.0,-3.04e-50,0.0,6.271610748,330.0,5.39e-06,431.4904402,2.91e-11,1.2599999999999999e-30,0.0,1.0,25.09113503,0.0,1.0,25.09113503,0.0,1.000000028,25.09113503,1.93e-12,1.21314024,25.08874715,0.00093941,6.271610748,25.05942485,0.059853559,1.0,330.0,0.0,431.4904402,0.0,0.0,0.0,1.0,330.0,0.0,431.4904402,0.0,0.0,0.0,1.000000028,330.0,0.0,431.4904402,0.0,-6.74e-87,0.0,1.21314024,330.0,0.0,431.4904402,0.0,-3.04e-50,0.0,6.271610748,330.0,5.39e-06,431.4904402,2.91e-11,1.2599999999999999e-30,0.0
1.999947945,102.0,0.0,1.999968767,102.0,0.0,1.999989591,102.0,7.47e-08,2.738723806,98.90830512,95.84324047,29.81054841,92.35817813,255.139177,1.999947945,102.0,0.0,1.999968767,102.0,0.0,1.999989591,102.0,7.47e-08,2.738723806,98.90830512,95.84324047,29.81054841,92.35817813,255.139177,1.0,102.0,0.0,144.2497834,0.0,0.0,0.0,1.0,102.0,0.0,144.2497834,0.0,0.0,0.0,1.0,102.0,0.0,144.2497834,3.64e-12,1.74e-51,0.0,1.071714316,102.0,0.0,144.2497834,3.64e-12,1.62e-30,0.0,4.219999853,102.0,1.35e-06,144.2497834,2.57e-12,-5.6899999999999995e-30,-3.13e-18,1.0,39.01461291,0.0,1.0,39.01461291,0.0,1.0,39.01461291,2.27e-13,1.071714316,39.01515439,5.56e-06,4.219999853,39.01824013,0.002167081,1.0,102.0,0.0,144.2497834,0.0,0.0,0.0,1.0,102.0,0.0,144.2497834,0.0,0.0,0.0,1.0,102.0,0.0,144.2497834,3.64e-12,1.74e-51,0.0,1.071714316,102.0,0.0,144.2497834,3.64e-12,1.62e-30,0.0,4.219999853,102.0,1.35e-06,144.2497834,2.57e-12,-5.6899999999999995e-30,-3.13e-18
1.012085209,60.94050809,282.7945505,1.089747378,68.96537627,2684.21092,1.700878251,119.4500084,15055.22783,2.849968347,163.3947489,21783.62002,12.03154991,189.8724212,30878.4969,1.012085209,60.94050809,282.7945505,1.089747378,68.96537627,2684.21092,1.700878251,119.4500084,15055.22783,2.849968347,163.3947489,21783.62002,12.03154991,189.8724212,30878.4969,1.0,60.0,0.0,60.0,0.0,0.0,0.0,1.0,60.0,0.0,60.0,0.0,0.0,0.0,1.0,60.0,0.0,60.0,0.0,0.0,0.0,1.000234955,60.0,0.0,60.0,0.0,0.0,0.0,1.637753108,60.0,0.0,60.0,0.0,0.0,0.0,1.0,120.5556521,0.0,1.0,120.5556521,0.0,1.0,120.5556521,0.0,1.000234955,120.5568686,0.008669106,1.637753108,150.1745482,6256.710089,1.0,60.0,0.0,60.0,0.0,0.0,0.0,1.0,60.0,0.0,60.0,0.0,0.0,0.0,1.0,60.0,0.0,60.0,0.0,0.0,0.0,1.000234955,60.0,0.0,60.0,0.0,0.0,0.0,1.637753108,60.0,0.0,60.0,0.0,0.0,0.0
50.87625702,174.1898348,56022.09421,60.2856018,173.2295039,55227.08024,72.64483002,171.8917329,54169.20228,86.577724,164.403091,49836.65921,115.7425346,143.4064265,39041.79979,50.87625702,174.1898348,56022.09421,60.2856018,173.2295039,55227.08024,72.64483002,171.8917329,54169.20228,86.577724,164.403091,49836.65921,115.7425346,143.4064265,39041.79979,50.60732511,174.796638,237.1711232,307.3128198,97123.61158,-7865.142694,-0.117854632,59.83011898,174.0901741,235.6890327,309.0807243,100863.5945,-11307.45693,-0.16534789,71.74586909,173.140446,233.8940514,311.8022131,105495.7574,-16660.20967,-0.237165251,79.35895484,171.1637884,231.640046,312.0751714,106578.4257,-17703.26793,-0.251850277,88.42542738,161.1908413,222.4615777,291.9274195,99131.10511,-1659.792812,-0.025457582,50.60732511,0.084711954,0.924398091,59.83011898,0.107258167,1.179274711,71.74586909,0.13422641,1.482767838,79.35895484,0.28569353,4.3654102,88.42542738,1.792948232,47.22387368,4.887411043,196.9272467,259.755311,348.9819251,97582.09218,25470.09383,0.369303935,4.931923732,197.5200961,260.1849088,348.5383183,97654.89032,25836.5673,0.374300319,4.977131781,198.1079603,260.6086911,348.0947657,97725.18779,26206.26089,0.379349227,4.997705192,198.3708532,260.7974982,347.8951744,97756.00271,26373.66638,0.381638384,4.999770439,198.3970859,260.8163143,347.8752153,97759.05618,26390.44239,0.381867885
1.000251044,66.0,9.09e-13,1.008023905,66.0,0.0,1.312424336,66.00000169,0.00015246,8.524308261,68.25466218,187.5749894,96.10202805,70.52765445,358.0568753,1.000251044,66.0,9.09e-13,1.008023905,66.0,0.0,1.312424336,66.00000169,0.00015246,8.524308261,68.25466218,187.5749894,96.10202805,70.52765445,358.0568753,1.000233482,66.0,9.54e-07,122.3315168,9.09e-13,-9.45e-36,0.0,1.006621924,66.0,0.0,122.3315168,6.92e-09,1.7e-20,0.0,1.200499365,66.00000184,0.012881223,122.3245531,0.306107002,2.14e-05,0.003002709,6.86362452,68.58611374,15.03536561,116.815086,352.7159081,42.65444939,0.172412146,75.26970033,71.23726186,20.98438373,116.3286125,555.0406491,44.01142441,0.114099592,1.000233482,2.413463117,0.001456602,1.006621924,2.429313536,0.040788986,1.200499365,2.805022639,0.890060818,6.86362452,2.402798664,3.803705887,75.26970033,1.942358011,3.703891489,1.0,66.0,0.0,93.33809512,1.82e-12,9.39e-73,0.0,1.0,66.0,0.0,93.33809514,1.64e-06,2.7199999999999997e-42,0.0,1.00002975,66.00000221,0.014113398,93.36941045,2.34471678,1.25e-11,5.8e-10,1.933372565,75.18090699,27.23953849,109.9421581,924.4609343,51.98898732,0.081276755,18.01753769,87.8360982,38.42953536,121.313993,1600.181189,125.1367834,0.1311901
1.637771629,64.21896703,48.92871154,2.163177297,65.98019047,60.70400554,3.572278284,67.54271803,59.26621765,12.57586716,69.29328505,235.8918221,101.1724306,70.53315192,357.9335162,1.637771629,64.21896703,48.92871154,2.163177297,65.98019047,60.70400554,3.572278284,67.54271803,59.26621765,12.57586716,69.29328505,235.8918221,101.1724306,70.53315192,357.9335162,1.0,60.0,0.0,84.85281374,0.0,0.0,0.0,1.0,60.0,0.0,84.85281374,0.0,0.0,0.0,1.000000013,60.0,0.0,84.85281374,4.55e-13,9.86e-63,0.0,1.188794114,60.0,1.17e-06,84.85281374,1.44e-12,-1.81e-32,-2.3e-20,5.73561845,60.00000001,0.000442092,84.85281379,4.22e-06,6.9e-07,0.760404473,1.0,26.14396501,0.0,1.0,26.14396501,0.0,1.000000013,26.14396505,1.26e-07,1.188794114,26.58368232,1.140364273,5.73561845,27.78942697,43.49407265,1.0,60.0,0.0,84.85281374,0.0,0.0,0.0,1.0,60.0,0.0,84.85281374,0.0,0.0,0.0,1.000000013,60.0,0.0,84.85281374,4.55e-13,9.86e-63,0.0,1.188794114,60.0,1.17e-06,84.85281374,1.44e-12,-1.81e-32,-2.3e-20,5.735618445,60.0,6.74e-07,84.85281374,2.32e-12,-2.3000000000000002e-29,-2.27e-17
1.754394069,66.00078127,0.085946831,1.948287851,66.05875421,6.038519144,2.873514137,69.25314188,309.5878683,12.11314348,72.71208881,574.0257693,101.8762291,71.21066662,390.0348677,1.754394069,66.00078127,0.085946831,1.948287851,66.05875421,6.038519144,2.873514137,69.25314188,309.5878683,12.11314348,72.71208881,574.0257693,101.8762291,71.21066662,390.0348677,1.726558174,66.00095934,0.293835566,122.3325132,0.086817548,1.04e-06,3.71e-05,1.829239573,66.07094432,2.525857483,122.398568,6.40324889,0.004689267,0.002513219,2.248471535,70.52206735,19.66054344,126.1428125,387.6977911,10.54183214,0.097928912,9.510870745,74.79618412,26.51541947,122.016752,765.8260169,119.1226162,0.257827907,80.51989181,72.11549574,21.81332504,117.5518066,580.8255726,78.33502121,0.196765858,1.726558174,1.253987673,1.857919249,1.829239573,1.339810896,1.88639572,2.248471535,1.383410109,1.803524107,9.510870745,1.700140912,2.874691937,80.51989181,1.815029806,62.97357293,1.726502832,66.0,1.35e-06,122.3315168,1.82e-12,9.1e-119,0.0,1.82554811,66.0,0.0,122.3315168,1.82e-12,6.35e-103,0.0,1.939001069,66.0,0.0,122.3315168,1.46e-09,3.56e-25,0.0,3.073382263,66.0,1.35e-06,121.0860297,52.65070741,-1.22e-14,-1.25e-09,19.81678977,66.00013495,0.040241565,115.9653849,224.4899266,-0.000650136,-0.001078278
1.000000385,66.00000014,1.22e-05,1.000197805,66.00045702,0.041132408,1.131234968,67.36205025,121.2599597,9.513228809,73.126997,603.4687521,98.50138236,71.19457582,406.6850622,1.000000385,66.00000014,1.22e-05,1.000197805,66.00045702,0.041132408,1.131234968,67.36205025,121.2599597,9.513228809,73.126997,603.4687521,98.50138236,71.19457582,406.6850622,1.0,66.0,0.0,93.33809512,0.0,-1.4800000000000001e-105,0.0,1.0,66.0,1.35e-06,93.33809512,1.06e-10,-6.37e-39,-4.58e-28,1.000029686,66.00000003,0.000686588,93.33894047,0.019126255,4.54e-15,4.79e-11,1.854583076,67.31950049,4.401241455,96.38250116,43.3293049,1.539632603,0.056190159,18.87624828,69.72968676,6.758300117,99.37116727,70.49095975,2.705683847,0.054636866,1.0,15.04012704,0.0,1.0,15.04012704,5.68e-14,1.000029686,15.04008381,6.37e-05,1.854583076,12.33073239,27.39906396,18.87624828,8.009248517,45.06897104,1.0,66.0,0.0,93.33809512,0.0,-1.4800000000000001e-105,0.0,1.0,66.0,1.35e-06,93.33809512,1.06e-10,-6.37e-39,-4.58e-28,1.000029686,66.00000003,0.000686588,93.33894047,0.019126255,4.54e-15,4.79e-11,1.854583076,67.31950049,4.401241455,96.38250116,43.3293049,1.539632603,0.056190159,18.87624828,69.72968676,6.758300117,99.37116727,70.49095975,2.705683847,0.054636866
2.01407673,66.28702124,25.74953053,2.114165128,68.05945419,181.1095228,2.824125836,77.62448027,910.1041044,11.77297727,75.32259605,634.6128317,104.6833526,72.39254969,446.6044713,2.01407673,66.28702124,25.74953053,2.114165128,68.05945419,181.1095228,2.824125836,77.62448027,910.1041044,11.77297727,75.32259605,634.6128317,104.6833526,72.39254969,446.6044713,2.014076547,66.28702127,5.074399753,122.5373601,25.76749424,0.042933184,0.008626522,2.114074464,68.05954251,13.45797563,123.7513324,181.2023238,1.750709843,0.055186325,2.779117616,77.81250998,30.37468127,130.6094991,923.0305567,54.08220454,0.339622288,9.782525588,76.67951322,27.26125902,124.5149942,782.5439103,118.1041384,0.276735941,84.44645741,73.30698468,23.16233853,118.1650559,631.7907513,78.28387355,0.185026155,2.014076547,0.666315074,0.585933668,2.114074464,0.798494122,1.610488589,2.779117616,1.539723405,6.627795535,9.782525588,1.872369959,10.26291457,84.44645741,1.748619878,8.751640375,1.0,66.0,0.0,122.3315168,1.82e-12,-6.88e-28,0.0,1.000000005,66.00000004,0.00065522,122.3315168,4.29e-07,1.24e-16,1.4e-07,1.00270504,66.01722443,0.454308824,122.3407771,0.206401748,0.000117535,0.006745698,2.830468283,68.23892826,4.674862496,120.4028802,128.0882073,11.99411701,0.228377056,22.18841376,67.1391119,3.51735225,115.8596323,244.0882319,13.11853586,0.238877569
1.000254121,66.0,1.32e-10,1.006967347,66.00000001,1.56e-05,1.216785524,66.08329775,6.590504557,10.05306234,71.48524099,425.870745,97.55799799,71.05012548,380.1746919,1.000254121,66.0,1.32e-10,1.006967347,66.00000001,1.56e-05,1.216785524,66.08329775,6.590504557,10.05306234,71.48524099,425.870745,97.55799799,71.05012548,380.1746919,1.000254121,66.0,1.65e-06,122.3315168,9.06e-10,2.8500000000000002e-27,5.74e-17,1.006967199,66.00000006,0.002321617,122.3315186,3.49e-05,3.48e-15,2.55e-10,1.205969948,66.0653045,2.423456357,122.4291956,6.019540636,0.002828949,0.001016213,7.482714072,72.53262859,23.34133196,120.6617383,611.7775806,33.59053699,0.086266546,75.32565271,71.843747,21.74944138,117.5406157,574.2367853,53.38511834,0.136038962,1.000254121,2.389072455,0.001579329,1.006967199,2.405690218,0.042723072,1.205969948,2.770601082,0.874583928,7.482714072,2.187845183,3.450573889,75.32565271,1.940505374,3.584984908,1.0,66.0,2.13e-06,136.077184,4.9e-12,-8.98e-42,-3.1199999999999998e-30,1.000000002,66.00000006,0.002329691,136.0771839,6.61e-06,-1.26e-23,-2.78e-18,1.001872868,66.07860805,2.658673547,136.0642643,7.715382504,-1.36e-05,-2.92e-06,2.465911502,85.8057557,37.28605688,129.8139308,1546.819199,-116.1108037,-0.119583448,18.47971335,88.95920505,39.11403781,123.0367012,1658.032443,76.34841055,0.07721146
1.000000074,60.00000311,0.000130488,1.000100237,60.00420955,0.176783317,1.135828244,65.02256887,185.7216933,5.229919488,91.29028202,329.9683685,31.9893775,92.02774858,296.4954214,1.000000074,60.00000311,0.000130488,1.000100237,60.00420955,0.176783317,1.135828244,65.02256887,185.7216933,5.229919488,91.29028202,329.9683685,31.9893775,92.02774858,296.4954214,1.0,60.0,0.0,84.85281374,0.0,1.2899999999999999e-45,0.0,1.0,60.0,0.0,84.85281374,0.0,2.14e-26,0.0,1.000000261,60.0000003,0.003397547,84.85281418,1.68e-05,3.34e-07,0.028154037,1.493658762,64.50083072,12.27901014,91.22961218,213.5650125,53.53448048,0.354502721,11.5529265,74.62447848,18.4177725,105.7705862,496.3828275,127.6082904,0.363957925,1.0,21.91420102,0.0,1.0,21.91420102,0.0,1.000000261,21.91419666,7.33e-05,1.493658762,17.72062535,44.13328366,11.5529265,13.3415656,81.48766061,1.0,60.0,0.0,84.85281374,0.0,0.0,0.0,1.0,60.0,0.0,84.85281374,0.0,-3.14e-88,0.0,1.000000253,60.0,6.74e-07,84.85281374,4.55e-13,9.29e-49,0.0,1.316745467,60.0,0.0,84.85281374,9.09e-13,1.4399999999999998e-30,0.0,7.06212927,60.0,9.54e-07,84.85281374,1.02e-12,-8.51e-30,-1.32e-17
1.0,98.0,0.0,1.0,98.0,0.0,1.000000028,97.99999895,3.97e-05,1.772747401,94.48632312,161.2372379,27.72699257,91.53914703,299.7883982,1.0,98.0,0.0,1.0,98.0,0.0,1.000000028,97.99999895,3.97e-05,1.772747401,94.48632312,161.2372379,27.72699257,91.53914703,299.7883982,1.0,98.0,0.0,114.90866,4.37e-05,6.58e-88,0.0,1.0,98.0,0.0,114.9092701,0.044445844,1.19e-51,0.0,1.000000028,97.99999895,0.006302465,115.5158008,42.54617265,-6.44e-14,-1.57e-12,1.349995247,92.13340884,13.73002448,119.0426255,395.7061032,-11.42368374,-0.044606412,11.69464547,77.30677473,18.89276909,108.0859774,505.4048341,8.486067327,0.023745577,1.0,25.11559105,0.0,1.0,25.11559105,0.0,1.000000028,25.1155905,1.11e-05,1.349995247,21.89550592,53.10451012,11.69464547,13.21653055,93.05549811,1.0,98.0,0.0,138.5929291,0.0,0.0,0.0,1.0,98.0,0.0,138.5929291,0.0,0.0,0.0,1.000000001,98.0,1.35e-06,138.5929291,2.57e-12,-3e-46,-1.65e-34,1.141577611,98.0,1.91e-06,138.5929291,3.64e-12,-3.38e-38,0.0,5.30781843,98.0,1.91e-06,138.5929291,6.56e-12,-8.880000000000001e-29,-1.99e-17
1.730845893,66.0,4.72e-08,1.828633567,66.00001756,0.000280912,2.095706382,66.09644806,1.545111319,11.15320529,69.47036034,231.7839888,95.83700944,70.62031929,355.5394657,1.730845893,66.0,4.72e-08,1.828633567,66.00001756,0.000280912,2.095706382,66.09644806,1.545111319,11.15320529,69.47036034,231.7839888,95.83700944,70.62031929,355.5394657,1.730845892,66.0,0.0,122.3315141,0.000120353,-2.11e-28,0.0,1.828629146,66.0,0.0,122.3291141,0.105577342,2.01e-14,0.0,2.069662782,66.00015387,0.11767689,120.3684618,81.08958845,0.001531921,0.001445648,9.115019381,69.08815274,16.38282819,114.2039339,429.3144981,20.63645205,0.068813936,75.44030362,71.13805199,20.86630324,116.5768872,547.8701085,29.17120673,0.076662614,1.730845892,2.108065145,5.569822905,1.828629146,2.25540381,5.657522003,2.069662782,2.303697005,5.599035859,9.115019381,1.807908733,3.892014152,75.44030362,1.937803069,1170.682471,1.73084577,66.0,0.0,122.3315168,3.64e-12,-4.79e-103,0.0,1.82850559,66.0,1.35e-06,122.3315168,4.07e-12,1.42e-28,5.52e-17,1.940124038,66.0,9.54e-07,122.3314851,0.001394214,-3.42e-19,-9.6e-12,3.256860411,66.0,9.54e-07,118.6443529,143.6512426,3.26e-14,2.85e-09,20.16034609,66.00243855,0.171045676,115.5378066,235.5482958,-0.010160357,-0.003870409
1.000000001,60.00000002,9.35e-07,1.000003068,60.00011658,0.004430172,1.014654706,60.54932481,20.59312343,3.76859819,88.21994199,358.7138141,31.79109006,91.09390863,314.7795818,1.000000001,60.00000002,9.35e-07,1.000003068,60.00011658,0.004430172,1.014654706,60.54932481,20.59312343,3.76859819,88.21994199,358.7138141,31.79109006,91.09390863,314.7795818,1.000000001,60.00000002,0.000967157,84.85281378,1.58e-06,6.81e-16,6.25e-10,1.000003068,60.00011658,0.06655954,84.85298583,0.006544915,1.26e-08,2.73e-06,1.014530661,60.5442567,4.515034802,85.51326512,25.10678298,0.163256651,0.0094452,1.912986552,74.85317995,18.54194929,102.5068502,443.7747013,35.16338123,0.113212258,12.8567914,75.03418949,18.58114264,105.3409921,481.3796867,65.02008961,0.19105794,1.000000001,6.104755891,2.32e-07,1.000003068,6.104813973,0.001100053,1.014530661,6.375962533,5.0619205,1.912986552,13.02175225,79.69056446,12.8567914,11.9459948,77.14726179,1.0,60.0,0.0,84.85281374,0.0,0.0,0.0,1.0,60.0,0.0,84.85281374,9.09e-13,0.0,0.0,1.0,60.0,6.74e-07,84.85281374,4.55e-13,-1.7799999999999998e-83,0.0,1.165251459,60.0,6.74e-07,84.85281374,4.55e-13,2.5199999999999998e-34,0.0,7.769921134,60.0,0.0,84.85281374,1.36e-12,-9.529999999999999e-30,0.0
1.0,380.0,0.0,1.0,380.0,0.0,1.000000714,379.9997775,0.070907641,1.824014267,271.2737266,22181.80922,13.47480298,191.4852247,23203.19642,1.0,380.0,0.0,1.0,380.0,0.0,1.000000714,379.9997775,0.070907641,1.824014267,271.2737266,22181.80922,13.47480298,191.4852247,23203.19642,1.0,380.0,0.0,609.0779917,2.91e-11,7.34e-51,0.0,1.0,380.0,0.0,609.0779917,5.82e-11,5.51e-35,0.0,1.000000099,379.9999742,0.089131331,609.0779756,0.007944394,-1.85e-14,-4.33e-10,1.577770968,304.2472954,132.6274007,551.8204671,18148.80409,-253.7269766,-0.028617964,10.11482492,235.1624483,152.5132986,399.940583,34800.37209,446.5042199,0.01819681,1.0,24.50996208,0.0,1.0,24.50996208,0.0,1.000000099,24.50996023,4.88e-05,1.577770968,19.53495494,126.4272002,10.11482492,16.29535701,384.3495996,1.0,380.0,0.0,609.0779917,2.91e-11,7.34e-51,0.0,1.0,380.0,0.0,609.0779917,5.82e-11,5.51e-35,0.0,1.000000099,379.9999742,0.089131331,609.0779756,0.007944394,-1.85e-14,-4.33e-10,1.577770968,304.2472954,132.6274007,551.8204671,18148.80409,-253.7269766,-0.028617964,10.11482492,235.1624483,152.5132986,399.940583,34800.37209,446.5042199,0.01819681
2.040437261,81.41617672,440.8267969,2.8577542,87.30313982,401.2702435,4.541279762,92.73816276,302.7085034,7.020923301,94.86542788,232.4934552,34.33016629,91.4258129,304.2535049,2.040437261,81.41617672,440.8267969,2.8577542,87.30313982,401.2702435,4.541279762,92.73816276,302.7085034,7.020923301,94.86542788,232.4934552,34.33016629,91.4258129,304.2535049,1.000000001,60.00000003,0.001073267,84.85281379,1.73e-06,9.43e-16,7.75e-10,1.000003476,60.0001321,0.070849471,84.85299755,0.006985439,1.53e-08,3.1e-06,1.015148502,60.56705306,4.60721904,85.5301636,25.81693869,0.173190621,0.009806104,1.872026507,75.24221459,18.62468922,102.9068066,448.0606655,38.36337252,0.122311922,13.16140751,75.0471922,18.39497883,105.7781691,511.8882256,5.958115578,0.01652678,1.000000001,6.044681091,4.34e-07,1.000003476,6.044762194,0.001893047,1.015148502,6.392912357,8.005083886,1.872026507,14.7922546,130.4421188,13.16140751,11.7959897,115.5776808,1.0,60.0,0.0,84.85281374,9.09e-13,1.9000000000000002e-293,0.0,1.0,60.0,0.0,84.85281374,4.55e-13,0.0,0.0,1.0,60.0,6.74e-07,84.85281374,6.43e-13,1.7199999999999999e-60,3.7899999999999995e-48,1.12113625,60.0,6.74e-07,84.85281374,6.43e-13,3.51e-29,7.71e-17,7.815075911,60.0,1.65e-06,84.85281374,2.88e-12,3.9800000000000003e-29,2.53e-17
6.996253384,60.00000215,0.00057945,6.997809228,60.00225918,0.610009987,7.066696699,62.45612792,672.9765326,11.32964489,124.2764756,16264.88589,37.64592472,169.0387522,16995.28889,6.996253384,60.00000215,0.00057945,6.997809228,60.00225918,0.610009987,7.066696699,62.45612792,672.9765326,11.32964489,124.2764756,16264.88589,37.64592472,169.0387522,16995.28889,6.996253328,60.0,1.51e-05,1455.237438,1.44e-08,3.18e-13,0.000175746,6.997750681,60.00000023,0.009968986,1455.237435,0.003861084,2.01e-07,0.000325001,7.00505781,60.10195645,6.596356119,1454.470265,1070.182131,-0.520868368,-0.002414764,9.080371117,87.30790391,104.2368135,1266.079223,228321.9513,-28028.11293,-0.563047522,10.746863,101.4172836,126.0447314,1153.991851,329480.8407,-59665.06893,-0.825150379,6.996253328,1.334839737,10.7230366,6.997750681,1.336329943,10.73487017,7.00505781,1.792472008,1148.792231,9.080371117,142.4703437,333338.6611,10.746863,218.5635747,496515.1229,6.996253328,60.0,1.51e-05,1455.237438,1.44e-08,3.18e-13,0.000175746,6.997750681,60.00000023,0.009968986,1455.237435,0.003861084,2.01e-07,0.000325001,7.00505781,60.10195645,6.596356119,1454.470265,1070.182131,-0.520868368,-0.002414764,9.080371117,87.30790391,104.2368135,1266.079223,228321.9513,-28028.11293,-0.563047522,10.74686234,101.4172827,126.04473,1153.99185,329480.8419,-59665.07504,-0.825150471
1.0,102.0,0.0,1.0,102.0,3.64e-12,1.000009673,101.9996049,0.016551224,1.975676374,93.75583142,258.7749369,27.34061847,92.40911003,285.4312019,1.0,102.0,0.0,1.0,102.0,3.64e-12,1.000009673,101.9996049,0.016551224,1.975676374,93.75583142,258.7749369,27.34061847,92.40911003,285.4312019,1.0,102.0,0.0,144.2497834,0.0,0.0,0.0,1.0,102.0,0.0,144.2497834,0.0,0.0,0.0,1.0,102.0,1.35e-06,144.2497834,4.07e-12,7.859999999999999e-40,3.05e-28,1.071635664,102.0,1.35e-06,144.2497834,4.07e-12,-6.7299999999999995e-40,-2.62e-28,4.219588129,102.0,0.0,144.2497834,3.64e-12,-9.79e-29,0.0,1.0,39.03249097,0.0,1.0,39.03249097,0.0,1.0,39.03249097,2.27e-13,1.071635664,39.02993043,0.000108839,4.219588129,39.02263572,0.009027612,1.0,102.0,0.0,144.2497834,0.0,0.0,0.0,1.0,102.0,0.0,144.2497834,0.0,0.0,0.0,1.0,102.0,1.35e-06,144.2497834,4.07e-12,7.859999999999999e-40,3.05e-28,1.071635664,102.0,1.35e-06,144.2497834,4.07e-12,-6.7299999999999995e-40,-2.62e-28,4.219588129,102.0,0.0,144.2497834,3.64e-12,-9.79e-29,0.0
4.012182974,65.94042336,0.353910488,4.132111493,65.79002745,1.215746855,4.732176626,65.33315963,3.556373278,12.40455587,66.64935443,113.5502628,97.80076692,70.14943539,337.5946355,4.012182974,65.94042336,0.353910488,4.132111493,65.79002745,1.215746855,4.732176626,65.33315963,3.556373278,12.40455587,66.64935443,113.5502628,97.80076692,70.14943539,337.5946355,3.97234424,66.0,1.35e-06,122.3286753,0.124854578,-4.45e-17,-9.33e-11,3.987502288,66.0,0.0,122.2428364,3.886483465,1.38e-35,0.0,4.190102639,66.00000008,0.002746837,119.8240242,101.7214368,-9.32e-07,-3.36e-05,9.701915104,67.52171201,11.60338199,115.4999892,307.1684388,-12.10717024,-0.062796263,76.06812543,70.91539991,20.40770529,116.6817264,529.3774486,14.65280013,0.039718632,3.97234424,0.645954699,1.272899651,3.987502288,0.652454351,1.280910243,4.190102639,0.754463483,1.477184059,9.701915104,1.688048009,3.527644821,76.06812543,1.921800076,3.655006943,1.997258809,66.0,0.0,122.3315168,0.0,-5.739999999999999e-287,0.0,1.998354384,66.0,0.0,122.3315168,1.82e-12,4.17e-40,0.0,2.000411551,66.0,0.0,122.3315168,1.54e-06,3.75e-22,0.0,3.136512093,66.0,1.35e-06,120.3544119,81.62612016,5e-14,4.1e-09,19.55200658,66.00228376,0.165529194,116.3242863,214.8667425,-0.068076173,-0.028056658
1.0,90.0,0.0,1.0,90.0,0.0,1.0,90.0,0.0,1.000175061,90.0,2.73e-12,1.727025491,90.0,2.73e-12,1.0,90.0,0.0,1.0,90.0,0.0,1.0,90.0,0.0,1.000175061,90.0,2.73e-12,1.727025491,90.0,2.73e-12,1.0,90.0,0.0,90.0,0.0,0.0,0.0,1.0,90.0,0.0,90.0,0.0,0.0,0.0,1.0,90.0,0.0,90.0,0.0,0.0,0.0,1.000175061,90.0,1.65e-06,90.0,2.73e-12,0.0,0.0,1.727025491,90.0,1.65e-06,90.0,2.73e-12,0.0,0.0,1.0,124.801105,0.0,1.0,124.801105,0.0,1.0,124.801105,0.0,1.000175061,124.8011039,7.39e-09,1.727025491,124.8211857,0.009645263,1.0,90.0,0.0,90.0,0.0,0.0,0.0,1.0,90.0,0.0,90.0,0.0,0.0,0.0,1.0,90.0,0.0,90.0,0.0,0.0,0.0,1.000175061,90.0,1.65e-06,90.0,2.73e-12,0.0,0.0,1.727025491,90.0,1.65e-06,90.0,2.73e-12,0.0,0.0
1.0,380.0,0.0,1.0,380.0,0.0,1.0,380.0,0.0,1.105635161,370.0522103,7662.097795,10.36834316,254.411159,49210.0515,1.0,380.0,0.0,1.0,380.0,0.0,1.0,380.0,0.0,1.105635161,370.0522103,7662.097795,10.36834316,254.411159,49210.0515,1.0,380.0,0.0,432.5671706,24382.47869,-8.59e-173,0.0,1.0,380.0,0.0,430.3041024,24203.58206,-5.14e-102,0.0,1.0,380.0,0.0,433.528112,24443.88829,-4.9100000000000005e-31,0.0,1.082386995,376.7117,75.61435485,437.1332788,25302.10372,-32.79513158,-0.002762596,8.08726996,309.2462376,222.312093,423.6201066,54214.27952,-14171.01764,-0.42701081,1.0,58.62697601,0.0,1.0,58.62697601,0.0,1.0,58.62697601,0.0,1.082386995,55.05404931,196.0619549,8.08726996,21.42860594,717.3342449,1.0,380.0,0.0,432.5671706,24382.47869,-8.59e-173,0.0,1.0,380.0,0.0,430.3041024,24203.58206,-5.14e-102,0.0,1.0,380.0,0.0,433.528112,24443.88829,-4.9100000000000005e-31,0.0,1.082386995,376.7117,75.61435485,437.1332788,25302.10372,-32.79513158,-0.002762596,8.08726996,309.2462376,222.312093,423.6201066,54214.27952,-14171.01764,-0.42701081
3.06686021,101.8866055,0.440719789,3.218862076,101.7129925,1.065656756,3.609494559,101.3200782,2.257401114,4.71658321,98.66181705,94.02277107,29.53407267,93.39901178,259.9972834,3.06686021,101.8866055,0.440719789,3.218862076,101.7129925,1.065656756,3.609494559,101.3200782,2.257401114,4.71658321,98.66181705,94.02277107,29.53407267,93.39901178,259.9972834,1.0,102.0,0.0,144.2497834,0.0,0.0,0.0,1.0,102.0,0.0,144.2497834,0.0,0.0,0.0,1.0,102.0,1.91e-06,144.2497834,3.64e-12,-1.1700000000000001e-121,0.0,1.071688018,102.0,0.0,144.2497834,0.0,-6.99e-47,0.0,4.219723486,102.0,1.91e-06,144.2497834,5.14e-12,7.38e-29,2.03e-17,1.0,39.02017879,0.0,1.0,39.02017879,0.0,1.0,39.02017879,2.27e-13,1.071688018,39.02009173,2.29e-07,4.219723486,39.02117072,0.001130331,1.0,102.0,0.0,144.2497834,0.0,0.0,0.0,1.0,102.0,0.0,144.2497834,0.0,0.0,0.0,1.0,102.0,1.91e-06,144.2497834,3.64e-12,-1.1700000000000001e-121,0.0,1.071688018,102.0,0.0,144.2497834,0.0,-6.99e-47,0.0,4.219723486,102.0,1.91e-06,144.2497834,5.14e-12,7.38e-29,2.03e-17
1.000107265,66.00276579,0.248913674,1.008129614,66.17510572,15.72885288,1.764488946,72.38481485,533.8674677,11.86270906,73.54436233,606.8529063,103.7779967,77.67960549,5946.391034,1.000107265,66.00276579,0.248913674,1.008129614,66.17510572,15.72885288,1.764488946,72.38481485,533.8674677,11.86270906,73.54436233,606.8529063,103.7779967,77.67960549,5946.391034,1.0,66.0,0.0,93.33809512,0.0,-5.89e-44,0.0,1.0,66.0,1.35e-06,93.33809512,1.69e-08,-1.07e-25,-6.11e-16,1.000031965,66.0000002,0.001788611,93.34266867,0.103440104,-1.5e-07,-0.000260247,1.920097614,67.54336615,4.723545203,97.30157539,53.21540559,4.308611823,0.131232474,18.48807764,69.75122959,6.776715865,99.40247973,70.78324943,4.888770349,0.098295464,1.0,14.93440604,0.0,1.0,14.93440604,4.83e-13,1.000031965,14.93428429,0.000466146,1.920097614,11.62273172,25.26408408,18.48807764,8.134076111,32.175642,1.0,66.0,0.0,93.33809512,0.0,-5.89e-44,0.0,1.0,66.0,1.35e-06,93.33809512,1.69e-08,-1.07e-25,-6.11e-16,1.000031965,66.0000002,0.001788611,93.34266867,0.103440104,-1.5e-07,-0.000260247,1.920097614,67.54336615,4.723545203,97.30157539,53.21540559,4.308611823,0.131232474,18.48807764,69.75122959,6.776715865,99.40247973,70.78324943,4.888770349,0.098295464
1.000137629,155.9876151,1.114484784,1.006363066,155.4309448,50.89119674,1.313574701,134.6056441,1469.777368,11.9740345,145.6297108,70241.15949,120.917886,151.0665016,84944.89456,1.000137629,155.9876151,1.114484784,1.006363066,155.4309448,50.89119674,1.313574701,134.6056441,1469.777368,11.9740345,145.6297108,70241.15949,120.917886,151.0665016,84944.89456,1.000137629,155.9876151,1.055691566,186.9254827,1.114484683,-3.11e-11,-6.55e-08,1.006362717,155.4309764,7.133606011,186.4612149,50.88833473,-1.19e-05,-4.46e-05,1.302658595,135.2015827,37.93788877,169.8686608,1439.32445,-1.719964951,-0.013751003,9.580079309,165.2665981,293.0057561,213.9572909,100541.5232,8512.017961,0.126998704,96.66340891,171.8440292,322.6343301,222.4840724,120813.3467,10451.61061,0.130815848,1.000137629,2.763716984,0.000873333,1.006362717,2.762083291,0.040103847,1.302658595,2.696164973,1.445617428,9.580079309,1.709673535,3.567801424,96.66340891,1.513620093,3.869696176,1.0,156.0,1.19e-05,181.3621575,702.25,-3.18e-11,-1.01e-07,1.00000001,155.9999995,0.006677515,181.3250518,702.2446901,-1.12e-05,-6.35e-05,1.00366918,155.8164836,4.059901274,180.1090894,697.759768,-2.730986031,-0.025468986,3.237082456,121.6423759,43.72344719,146.8587853,2025.793431,80.5354362,0.071152361,21.86328459,100.1635674,43.67575675,130.4467992,2046.118164,59.20880553,0.049830629
1.217928912,79.13695923,37.61377294,1.402350891,77.40300793,52.56044094,1.898805881,74.06487861,71.94816976,9.373522001,69.16420618,180.0590433,98.33589899,70.67323486,358.1366357,1.217928912,79.13695923,37.61377294,1.402350891,77.40300793,52.56044094,1.898805881,74.06487861,71.94816976,9.373522001,69.16420618,180.0590433,98.33589899,70.67323486,358.1366357,1.0,82.0,9.86e-06,105.2615789,9.73e-11,2.26e-138,0.0,1.000000035,81.99999943,0.003013772,105.2615785,9.08e-06,2.27e-71,0.0,1.003286043,81.94759552,0.914180202,105.2207609,0.835725442,-3.02e-10,-9.14e-08,2.133436519,74.7858215,7.819581899,101.6984373,72.08192043,-5.428374925,-0.112362758,17.35285294,70.82934029,7.193814817,100.4790964,76.64885099,1.119637746,0.020698391,1.0,8.249475956,1.77e-11,1.000000035,8.249476197,1.64e-06,1.003286043,8.271713647,0.150491984,2.133436519,9.733512413,16.89562753,17.35285294,8.662550504,28.52356689,1.0,82.0,9.86e-06,105.2615789,9.73e-11,2.26e-138,0.0,1.000000035,81.99999943,0.003013772,105.2615785,9.08e-06,2.27e-71,0.0,1.003286043,81.94759552,0.914180202,105.2207609,0.835725442,-3.02e-10,-9.14e-08,2.133436519,74.7858215,7.819581899,101.6984373,72.08192043,-5.428374925,-0.112362758,17.35285294,70.82934029,7.193814817,100.4790964,76.64885099,1.119637746,0.020698391
1.000000436,60.0000029,2.39e-05,1.000196275,60.00158109,0.02196072,1.134517371,61.75375741,78.18298573,10.17447957,72.82748968,540.8324061,99.83168393,73.40448898,1736.806446,1.000000436,60.0000029,2.39e-05,1.000196275,60.00158109,0.02196072,1.134517371,61.75375741,78.18298573,10.17447957,72.82748968,540.8324061,99.83168393,73.40448898,1736.806446,1.0,60.0,0.0,84.85281374,0.0,0.0,0.0,1.0,60.0,0.0,84.85281374,0.0,-7.06e-108,0.0,1.000000002,60.0,6.74e-07,84.85281374,6.43e-13,1.4e-249,3.07e-237,1.235518676,60.0,6.74e-07,84.85281374,4.55e-13,1.3799999999999999e-38,0.0,5.667929858,60.06723855,1.080586053,84.98421447,5.054245412,0.01596004,0.006660422,1.0,29.11031914,0.0,1.0,29.11031914,0.0,1.000000002,29.1103191,9.99e-07,1.235518676,27.02258048,60.86119107,5.667929858,28.43837552,27100.92709,1.0,60.0,0.0,84.85281374,0.0,0.0,0.0,1.0,60.0,0.0,84.85281374,0.0,-7.06e-108,0.0,1.000000002,60.0,6.74e-07,84.85281374,6.43e-13,1.4e-249,3.07e-237,1.235518676,60.0,6.74e-07,84.85281374,4.55e-13,1.3799999999999999e-38,0.0,5.645051707,60.0,9.54e-07,84.85281374,1.02e-12,-5.11e-30,-7.94e-18
2.965545338,65.99999988,1.29e-06,2.980253138,65.99995053,0.004660996,3.157325295,66.25803604,29.74750952,11.04644353,71.70748258,510.0157713,99.61671322,70.88510204,385.3805178,2.965545338,65.99999988,1.29e-06,2.980253138,65.99995053,0.004660996,3.157325295,66.25803604,29.74750952,11.04644353,71.70748258,510.0157713,99.61671322,70.88510204,385.3805178,2.965535265,66.00000001,0.000734895,122.3315168,5.41e-07,-8.65e-13,-6.88e-06,2.97920535,66.00004548,0.063975338,122.3315507,0.004096752,-8.68e-07,-0.001014094,3.021173663,66.34141329,5.5326877,122.5680151,30.63851798,-0.235314573,-0.037204529,8.637390606,73.64999985,25.04682084,123.6155184,659.346437,118.8706173,0.333161719,75.57591127,72.05444488,22.0288619,118.4693269,575.461146,67.0763853,0.173135497,2.965535265,2.052493884,8.643342701,2.97920535,2.069063104,8.679050289,3.021173663,2.081464342,8.664842822,8.637390606,2.044534349,8.372923366,75.57591127,1.952653242,9.021234592,1.0,66.0,0.0,122.3315168,1.82e-12,3.4e-43,0.0,1.000000001,66.0,9.54e-07,122.3315168,9.09e-13,3.77e-71,0.0,1.001126607,66.0,9.54e-07,122.3315168,1.4e-06,1.24e-19,1.1e-10,2.150929792,66.04520876,0.735160725,120.4647969,78.31270945,-0.042748326,-0.006570915,18.93296051,66.39167626,2.132300373,117.0555352,200.5454002,4.203707593,0.139230244
3.989231866,101.9999896,4.16e-05,3.994547946,101.9989769,0.004091367,4.098558317,101.9017035,0.383524913,5.520354302,99.40178539,77.39170214,31.67313361,92.54619829,282.4863098,3.989231866,101.9999896,4.16e-05,3.994547946,101.9989769,0.004091367,4.098558317,101.9017035,0.383524913,5.520354302,99.40178539,77.39170214,31.67313361,92.54619829,282.4863098,1.0,102.0,0.0,144.2497834,0.0,0.0,0.0,1.0,102.0,0.0,144.2497834,0.0,0.0,0.0,1.0,102.0,1.91e-06,144.2497834,3.64e-12,0.0,0.0,1.071635613,102.0,1.35e-06,144.2497834,2.57e-12,-6.15e-47,-3.3800000000000003e-35,4.168426738,102.0,1.35e-06,144.2497834,2.57e-12,5.6599999999999994e-30,3.11e-18,1.0,39.03100896,0.0,1.0,39.03100896,0.0,1.0,39.03100896,4.55e-13,1.071635613,39.02993685,1.64e-05,4.168426738,39.65013115,24.04399143,1.0,102.0,0.0,144.2497834,0.0,0.0,0.0,1.0,102.0,0.0,144.2497834,0.0,0.0,0.0,1.0,102.0,1.91e-06,144.2497834,3.64e-12,0.0,0.0,1.071635613,102.0,1.35e-06,144.2497834,2.57e-12,-6.15e-47,-3.3800000000000003e-35,4.168426738,102.0,1.35e-06,144.2497834,2.57e-12,5.6599999999999994e-30,3.11e-18
1.0,98.0,0.0,1.0,98.0,5.1e-08,1.000379165,97.98774354,0.474180466,3.343703055,94.30905901,211.9619371,29.88815661,93.20879208,264.5140838,1.0,98.0,0.0,1.0,98.0,5.1e-08,1.000379165,97.98774354,0.474180466,3.343703055,94.30905901,211.9619371,29.88815661,93.20879208,264.5140838,1.0,98.0,0.0,114.9086594,0.0,1.91e-95,0.0,1.0,98.0,0.000225769,114.9086594,5.1e-08,3.58e-56,0.0,1.000328043,97.98753849,0.688027583,114.8980848,0.473397719,-8.25e-10,-1.93e-08,1.645395971,86.3707999,17.51203326,110.1454489,394.1717989,-1.223531181,-0.004439874,11.05244528,78.27827821,18.97107301,109.3800142,507.9823635,72.40247188,0.201567926,1.0,11.57383204,0.0,1.0,11.57383204,1.7e-09,1.000328043,11.57610738,0.015782054,1.645395971,14.06448878,17.09306451,11.05244528,15.55012073,2367702954.0,1.0,98.0,0.0,138.5929291,0.0,0.0,0.0,1.0,98.0,0.0,138.5929291,0.0,0.0,0.0,1.000000001,98.0,0.0,138.5929291,0.0,-2.3300000000000002e-64,0.0,1.14185284,98.0,0.0,138.5929291,0.0,-3.38e-38,0.0,5.307908607,98.0,0.0,138.5929291,1.82e-12,1.84e-28,0.0
4.841941182,66.0,1.82e-12,4.903131397,66.0,9.55e-11,5.01404256,66.00068952,0.062227542,12.64752967,69.29879458,254.7089651,105.0528352,70.91754568,346.2300727,4.841941182,66.0,1.82e-12,4.903131397,66.0,9.55e-11,5.01404256,66.00068952,0.062227542,12.64752967,69.29879458,254.7089651,105.0528352,70.91754568,346.2300727,4.841941182,66.0,1.35e-06,122.3315139,0.00012916,1.26e-20,8.19e-13,4.903131397,66.0,9.68e-06,122.3302937,0.053747212,-4.39e-15,-1.96e-09,5.013901172,66.00069123,0.249420282,121.8320906,21.64096822,-0.001055913,-0.000910036,11.19702275,69.64062191,16.74002487,118.0660245,384.7005694,13.98106592,0.051444653,83.46116193,71.77466753,20.44772066,117.9627328,520.109152,36.10343188,0.100387049,4.841941182,0.813214404,2.936048667,4.903131397,0.847694658,3.033151385,5.013901172,0.924103631,3.290056972,11.19702275,1.538948874,5.846903161,83.46116193,1.771140064,9.370158807,1.987121544,66.0,1.35e-06,122.3315168,1.82e-12,-3.3700000000000005e-73,0.0,1.992252904,66.0,1.35e-06,122.3315168,1.82e-12,2.8799999999999997e-67,0.0,1.998371508,66.0,1.76e-05,122.331484,0.001442754,-2.02e-15,-3.02e-09,3.459850507,66.47262597,2.334124325,118.5431937,155.959231,-2.716914692,-0.093235016,22.07499898,67.12442635,3.496967488,117.021727,213.6387876,2.935082399,0.0574705
4.331893833,102.0,1.82e-12,4.584583399,102.0,3.64e-12,4.856437627,101.9999935,0.000274295,5.888407042,99.37640708,98.23332334,30.62807844,94.41553007,238.9186758,4.331893833,102.0,1.82e-12,4.584583399,102.0,3.64e-12,4.856437627,101.9999935,0.000274295,5.888407042,99.37640708,98.23332334,30.62807844,94.41553007,238.9186758,1.0,102.0,0.0,144.2497834,0.0,0.0,0.0,1.0,102.0,0.0,144.2497834,0.0,0.0,0.0,1.0,102.0,1.91e-06,144.2497834,3.64e-12,-6.43e-110,0.0,1.071470857,102.0,0.0,144.2497834,0.0,-6.589999999999999e-54,0.0,4.218497503,102.0,1.35e-06,144.2497834,5.75e-12,-5.46e-29,-1.73e-17,1.0,39.06330204,0.0,1.0,39.06330204,0.0,1.0,39.06330204,2.27e-13,1.071470857,39.06093989,7.81e-05,4.218497503,39.03419087,0.000312185,1.0,102.0,0.0,144.2497834,0.0,0.0,0.0,1.0,102.0,0.0,144.2497834,0.0,0.0,0.0,1.0,102.0,1.91e-06,144.2497834,3.64e-12,-6.43e-110,0.0,1.071470857,102.0,0.0,144.2497834,0.0,-6.589999999999999e-54,0.0,4.218497503,102.0,1.35e-06,144.2497834,5.75e-12,-5.46e-29,-1.73e-17
1.121905031,80.26145668,24.79416021,1.316433623,78.15404995,46.74386916,2.076746777,73.71629486,64.80286134,10.8114015,71.82955554,370.3632308,101.783576,70.7753672,361.287184,1.121905031,80.26145668,24.79416021,1.316433623,78.15404995,46.74386916,2.076746777,73.71629486,64.80286134,10.8114015,71.82955554,370.3632308,101.783576,70.7753672,361.287184,1.000000094,81.99999849,0.004917454,105.2615778,2.42e-05,-3.4e-51,0.0,1.000060974,81.99902448,0.124929703,105.260819,0.015607431,2.2100000000000003e-21,1.31e-14,1.03936054,81.39408068,3.05410721,104.7902496,9.327570849,-2.34e-08,-3.13e-06,2.404383256,73.60556215,7.990021219,100.0805904,68.81835831,-2.663844533,-0.06576805,19.53017889,70.56170164,7.150292923,99.98800582,74.38508734,2.586573356,0.049213573,1.000000094,4.667150047,1.02e-05,1.000060974,4.667781497,0.006559657,1.03936054,5.059960001,3.92020776,2.404383256,8.630176519,26.13344136,19.53017889,7.695047741,32.38580881,1.000000094,81.99999849,0.004917454,105.2615778,2.42e-05,-3.4e-51,0.0,1.000060974,81.99902448,0.124929703,105.260819,0.015607431,2.2100000000000003e-21,1.31e-14,1.03936054,81.39408068,3.05410721,104.7902496,9.327570849,-2.34e-08,-3.13e-06,2.404383256,73.60556215,7.990021219,100.0805904,68.81835831,-2.663844533,-0.06576805,19.53017889,70.56170164,7.150292923,99.98800582,74.38508734,2.586573356,0.049213573
1.0,90.0,0.0,1.0,90.0,0.0,1.0,90.0,0.0,1.000171143,90.0,9.09e-13,1.724243771,90.0,0.0,1.0,90.0,0.0,1.0,90.0,0.0,1.0,90.0,0.0,1.000171143,90.0,9.09e-13,1.724243771,90.0,0.0,1.0,90.0,0.0,90.0,0.0,0.0,0.0,1.0,90.0,0.0,90.0,0.0,0.0,0.0,1.0,90.0,0.0,90.0,0.0,0.0,0.0,1.000171143,90.0,9.54e-07,90.0,9.09e-13,0.0,0.0,1.724243771,90.0,0.0,90.0,0.0,0.0,0.0,1.0,125.127547,0.0,1.0,125.127547,0.0,1.0,125.127547,0.0,1.000171143,125.1275629,1.47e-06,1.724243771,125.1416972,0.014259642,1.0,90.0,0.0,90.0,0.0,0.0,0.0,1.0,90.0,0.0,90.0,0.0,0.0,0.0,1.0,90.0,0.0,90.0,0.0,0.0,0.0,1.000171143,90.0,9.54e-07,90.0,9.09e-13,0.0,0.0,1.724243771,90.0,0.0,90.0,0.0,0.0,0.0
4.503715533,65.99999997,2.04e-07,4.695306249,65.99996442,0.000213473,5.105101388,65.96539408,0.276398805,13.01443456,68.93459024,249.2364914,102.9808808,70.85334742,393.5913038,4.503715533,65.99999997,2.04e-07,4.695306249,65.99996442,0.000213473,5.105101388,65.96539408,0.276398805,13.01443456,68.93459024,249.2364914,102.9808808,70.85334742,393.5913038,4.503670302,66.0,1.35e-06,122.3315147,9.16e-05,-6.04e-20,-4.68e-12,4.692806021,66.0,9.15e-06,122.3305218,0.043722118,-3.05e-15,-1.59e-09,4.939319081,66.00066499,0.244639667,121.864825,20.24373939,-0.000934188,-0.000848717,10.03412673,69.5532329,17.52605044,119.9632219,372.8037223,34.92558648,0.13710193,79.67591615,71.63221996,21.33982971,117.0866331,562.1930743,54.05181004,0.139501657,4.503670302,0.854308795,3.082211278,4.692806021,0.878264811,3.150396147,4.939319081,0.941393868,3.367610424,10.03412673,1.722239273,6.394462536,79.67591615,1.854987027,9.571860469,1.847908664,66.0,1.35e-06,122.3315168,2.57e-12,1.37e-28,7.51e-17,1.905752297,66.0,9.54e-07,122.3315168,3.75e-12,-1.23e-28,-6.77e-17,1.968484879,66.0,9.54e-07,122.3315168,1.31e-09,-3.37e-25,-9.76e-15,3.076735978,66.0,0.000137845,121.1235042,51.12750012,-4.21e-09,-4.28e-06,20.56276502,66.2302888,1.64633918,115.7966245,232.3022325,-1.014252947,-0.040421745
1.00000005,81.9999989,2.42e-05,1.000044347,81.99904098,0.020832333,1.070024677,80.757412,22.63869711,9.240764443,68.38059058,140.0814103,99.6969901,70.21850266,319.4247394,1.00000005,81.9999989,2.42e-05,1.000044347,81.99904098,0.020832333,1.070024677,80.757412,22.63869711,9.240764443,68.38059058,140.0814103,99.6969901,70.21850266,319.4247394,1.0,82.0,0.0,105.2615789,0.0,3.3e-125,0.0,1.000000001,81.99999998,0.000564479,105.2615789,3.19e-07,1.57e-74,0.0,1.001075719,81.982807,0.524206488,105.2481862,0.274792442,-1.72e-11,-1.24e-08,1.955000172,74.98095194,7.939630551,101.101352,68.10866548,-3.812636233,-0.09456143,17.98743883,70.42227529,7.155409553,99.70121284,73.17470471,2.156053882,0.041673586,1.0,9.860527039,2.84e-14,1.000000001,9.860527045,3.31e-08,1.001075719,9.86607085,0.028571353,1.955000172,10.78592644,11.87168182,17.98743883,8.361435738,31.41703124,1.0,82.0,0.0,105.2615789,0.0,3.3e-125,0.0,1.000000001,81.99999998,0.000564479,105.2615789,3.19e-07,1.57e-74,0.0,1.001075719,81.982807,0.524206488,105.2481862,0.274792442,-1.72e-11,-1.24e-08,1.955000172,74.98095194,7.939630551,101.101352,68.10866548,-3.812636233,-0.09456143,17.98743883,70.42227529,7.155409553,99.70121284,73.17470471,2.156053882,0.041673586
2.999861222,65.99999994,3.53e-07,3.000780059,65.99993945,0.000363304,3.128606832,65.94155297,0.474903636,10.96775142,69.40112672,308.1284886,101.4611682,71.83761058,516.2640704,2.999861222,65.99999994,3.53e-07,3.000780059,65.99993945,0.000363304,3.128606832,65.94155297,0.474903636,10.96775142,69.40112672,308.1284886,101.4611682,71.83761058,516.2640704,2.999861193,66.0,0.0,93.33809512,3.4e-07,7.009999999999999e-38,0.0,3.000749776,66.0,1.63e-05,93.33816517,0.003665843,5.03e-19,5.1e-13,3.097265195,66.00134283,0.347639008,94.09725638,38.83751627,0.000276701,0.00012772,9.124690733,70.21900151,18.89110984,114.0383857,524.4181719,40.66409317,0.109809857,80.21602033,72.96463326,25.14888386,116.696683,743.2742549,-9.673148853,-0.019465804,2.999861193,1.135701754,2.579733174,3.000749776,1.137229216,2.587281576,3.097265195,1.302105969,3.381710052,9.124690733,1.902407639,7.114981425,80.21602033,1.837814189,8.157171525,1.0,66.0,0.0,122.3315168,0.0,-3.07e-147,0.0,1.000000001,66.0,0.0,122.3315167,1.85e-06,2.07e-93,0.0,1.000977021,66.0,0.0,122.2971261,1.509695271,-1.1e-21,0.0,2.335318242,66.0,9.54e-07,114.5971648,257.9219524,1.8e-14,1.18e-09,19.8299044,66.00007993,0.030972537,114.3502528,263.3817825,-0.000303936,-0.000604662
1.000004332,66.0,7.19e-11,1.000939479,66.00000034,3.03e-05,1.209520331,66.12598909,10.5353262,9.969428334,72.15329527,461.0031332,93.10438435,71.07418672,474.6373541,1.000004332,66.0,7.19e-11,1.000939479,66.00000034,3.03e-05,1.209520331,66.12598909,10.5353262,9.969428334,72.15329527,461.0031332,93.10438435,71.07418672,474.6373541,1.0,66.0,9.54e-07,105.2615781,1.66e-05,-3.74e-36,-9.64e-28,1.000000001,66.00000001,0.000365318,105.260973,0.012444144,-1.41e-20,-3.46e-16,1.001720856,66.01285512,0.453339402,104.8313699,8.699475945,-1.9e-05,-1.42e-05,2.667749775,69.35941486,6.516515139,101.5218752,76.79159745,-4.66223068,-0.089443748,18.67485759,69.97578711,6.930828026,100.1845682,75.87701432,4.778858738,0.089968342,1.0,10.13988614,7.11e-14,1.000000001,10.13988613,8.47e-08,1.001720856,10.12686028,0.112292368,2.667749775,7.638528113,24.518536,18.67485759,8.044190474,32.83170168,1.0,66.0,9.54e-07,105.2615781,1.66e-05,-3.74e-36,-9.64e-28,1.000000001,66.00000001,0.000365318,105.260973,0.012444144,-1.41e-20,-3.46e-16,1.001720856,66.01285512,0.453339402,104.8313699,8.699475945,-1.9e-05,-1.42e-05,2.667749775,69.35941486,6.516515139,101.5218752,76.79159745,-4.66223068,-0.089443748,18.67230175,69.97591116,6.930781746,100.1847664,75.87717577,4.778681415,0.089965043
1.842283544,62.764592,9.415815609,1.961675777,63.16358024,13.86147602,2.727196188,65.65297453,49.22254335,13.04061787,76.88030338,936.0416666,171.3245624,120.7029036,43560.82298,1.842283544,62.764592,9.415815609,1.961675777,63.16358024,13.86147602,2.727196188,65.65297453,49.22254335,13.04061787,76.88030338,936.0416666,171.3245624,120.7029036,43560.82298,1.0,60.0,0.0,84.85281374,0.0,0.0,0.0,1.0,60.0,0.0,84.85281374,0.0,0.0,0.0,1.0,60.0,0.0,84.85281374,0.0,1.1e-90,0.0,1.034532173,60.00517691,0.301734109,86.20375203,994.5334872,0.009967485,0.001047494,13.76657159,71.83763517,8.510888748,138.4443398,17656.09778,-6.749689611,-0.005968475,1.0,49.96772122,0.0,1.0,49.96772122,0.0,1.0,49.96772122,4.55e-13,1.034532173,49.58469466,6.376857303,13.76657159,799.6333595,1186150000000.0,1.0,60.0,0.0,84.85281374,0.0,0.0,0.0,1.0,60.0,0.0,84.85281374,0.0,0.0,0.0,1.0,60.0,0.0,84.85281374,0.0,1.02e-88,0.0,1.034212361,60.0,6.74e-07,84.85281374,6.43e-13,-4.89e-29,-1.07e-16,4.218176763,60.0,1.35e-06,84.85281374,1.82e-12,4.45e-29,0.0
8.837730246,95.06865381,1572.528777,10.87687552,92.75683988,1734.816306,14.48866544,90.92104353,2005.821137,20.1482259,103.1068738,4963.173304,21.78691124,106.8188751,5760.820706,8.837730246,95.06865381,1572.528777,10.87687552,92.75683988,1734.816306,14.48866544,90.92104353,2005.821137,20.1482259,103.1068738,4963.173304,21.78691124,106.8188751,5760.820706,1.484564237,88.29113012,19.69363911,88.29113012,387.8394215,0.0,0.0,1.647456827,85.49383954,20.51354202,85.49383954,420.8054062,0.0,0.0,1.865107887,82.51880456,20.94500496,82.51880456,438.6932327,0.0,0.0,1.985614371,81.15214345,20.99944886,81.15214345,440.9768524,0.0,0.0,1.998552039,81.01521461,20.99999449,81.01521461,440.9997685,0.0,0.0,1.484564237,491450484.9,4.98e+17,1.647456827,591730801.6,5.41e+17,1.865107887,698383092.8,5.64e+17,1.985614371,747376647.5,5.67e+17,1.998552039,752285421.5,5.67e+17,1.484564237,88.29113012,19.69363911,88.29113012,387.8394215,0.0,0.0,1.647456827,85.49383954,20.51354202,85.49383954,420.8054062,0.0,0.0,1.865107887,82.51880456,20.94500496,82.51880456,438.6932327,0.0,0.0,1.985614371,81.15214345,20.99944886,81.15214345,440.9768524,0.0,0.0,1.998552039,81.01521461,20.99999449,81.01521461,440.9997685,0.0,0.0
1.000000006,73.99999992,1.13e-06,1.000011411,73.99984027,0.002236575,1.024338979,73.72082664,4.686105213,3.324025224,77.87978389,147.1230426,28.31519722,81.15090811,2580.524318,1.000000006,73.99999992,1.13e-06,1.000011411,73.99984027,0.002236575,1.024338979,73.72082664,4.686105213,3.324025224,77.87978389,147.1230426,28.31519722,81.15090811,2580.524318,1.000000006,73.99999992,0.001064668,95.26804285,1.13e-06,7.159999999999999e-74,0.0,1.00001141,73.99984026,0.047290607,95.26791883,0.002236402,1.7e-43,0.0,1.022513061,73.69175665,2.054359488,95.02881141,4.220392906,2.88e-13,9.75e-09,1.795356832,68.03701098,6.905468387,92.35342174,146.5716088,-2.51331956,-0.030915517,10.05652836,76.20866351,82.18554517,127.2727992,20459.24059,3232.100138,0.282992197,1.000000006,5.47309418,6.47e-06,1.00001141,5.47347569,0.012768785,1.022513061,6.209629357,24.09642833,1.795356832,18.99227755,287.0842172,10.05652836,16.08598807,293.0720738,1.0,74.0,0.0,74.0,0.0,0.0,0.0,1.0,74.0,0.0,74.0,0.0,0.0,0.0,1.0,74.0,0.0,74.0,0.0,0.0,0.0,1.0,74.0,0.0,74.0,0.0,0.0,0.0,1.0,74.0,0.0,74.0,0.0,0.0,0.0
1.000092834,66.0,1.82e-12,1.003861981,66.0,2.83e-08,1.223886711,66.00627578,0.100498484,9.236829031,68.27407219,150.2407748,94.84582169,70.43618776,338.9284601,1.000092834,66.0,1.82e-12,1.003861981,66.0,2.83e-08,1.223886711,66.00627578,0.100498484,9.236829031,68.27407219,150.2407748,94.84582169,70.43618776,338.9284601,1.000092834,66.0,1.35e-06,93.3431392,0.263878378,-3.01e-20,-4.34e-14,1.003861929,66.0,9.54e-07,93.49076734,7.935657899,-2.69e-17,-1e-11,1.219673073,66.00000031,0.005277282,97.03056697,163.3904667,1.08e-05,0.000159719,7.496562665,67.91999915,13.00375851,110.4898665,394.7736381,59.83791489,0.24363588,74.11469513,71.02672722,20.40654566,116.3759078,533.1155158,70.83039556,0.190245602,1.000092834,2.679125524,1.16e-05,1.003861929,2.677812912,0.00079441,1.219673073,2.620001479,0.322992269,7.496562665,2.183997452,3.456015643,74.11469513,1.97225476,3.593574238,1.0,66.0,0.0,122.3315168,1.82e-12,-1.2e-57,0.0,1.000000001,66.0,0.0,122.3315167,1.87e-06,1.1999999999999999e-39,0.0,1.000975414,66.0,0.0,122.2970266,1.514058505,-1.1e-21,0.0,2.265149779,66.00033714,0.063605142,115.7714099,229.5593166,-0.001378182,-0.001430101,19.69193605,66.25457646,1.72919299,115.3276754,244.3166206,-0.299682693,-0.011088121
1.000000116,60.0000113,0.003210737,1.000099159,60.01347909,3.941005437,1.093431314,75.51185014,4398.320485,3.206069889,195.3674707,22529.9825,12.96319874,184.1735931,22829.78735,1.000000116,60.0000113,0.003210737,1.000099159,60.01347909,3.941005437,1.093431314,75.51185014,4398.320485,3.206069889,195.3674707,22529.9825,12.96319874,184.1735931,22829.78735,1.0,60.0,0.0,84.85281374,0.0,0.0,0.0,1.0,60.0,0.0,84.85281374,0.0,0.0,0.0,1.0,60.0,9.54e-07,84.85281374,9.09e-13,2.02e-158,0.0,1.024385718,60.0,6.74e-07,84.85281374,4.55e-13,1.74e-37,0.0,3.503084441,60.0,6.74e-07,84.85281374,1.02e-12,-1.47e-29,-2.28e-17,1.0,53.83388901,0.0,1.0,53.83388901,0.0,1.0,53.83388901,9.09e-13,1.024385718,53.96978773,1.141542095,3.503084441,49.20630824,202.3985978,1.0,60.0,0.0,84.85281374,0.0,0.0,0.0,1.0,60.0,0.0,84.85281374,0.0,0.0,0.0,1.0,60.0,9.54e-07,84.85281374,9.09e-13,2.02e-158,0.0,1.024385718,60.0,6.74e-07,84.85281374,4.55e-13,1.74e-37,0.0,3.503084441,60.0,6.74e-07,84.85281374,1.02e-12,-1.47e-29,-2.28e-17
1.993036397,66.0,9.09e-13,2.00282368,66.0,1.3e-08,2.285595817,66.00633829,0.530994628,10.4435745,70.55170385,355.6386784,97.52803778,82.95956431,13858.39642,1.993036397,66.0,9.09e-13,2.00282368,66.0,1.3e-08,2.285595817,66.00633829,0.530994628,10.4435745,70.55170385,355.6386784,97.52803778,82.95956431,13858.39642,1.993030933,66.0,9.54e-07,122.3276754,0.168786551,-2.56e-17,-6.53e-11,2.002127886,66.0,0.000113831,122.2411624,3.959647941,-8.51e-11,-3.76e-07,2.196818858,66.00603911,0.737213172,120.3489965,82.00806063,-0.061708116,-0.009243271,8.241037615,71.13943138,20.88384709,121.4131379,477.8630317,66.81009329,0.228922487,71.36816951,73.85086708,36.4556468,132.8796906,13887.858,169.4752555,0.039538731,1.993030933,1.208887097,1.467705734,2.002127886,1.22418384,1.522006011,2.196818858,1.582742279,2.829731376,8.241037615,2.073170035,6.287322715,71.36816951,3.822911988,6794.542846,1.0,66.0,0.0,122.3315168,0.0,0.0,0.0,1.00000006,66.0,0.0,122.3315168,0.0,1.36e-137,0.0,1.003939032,66.0,1.35e-06,122.3315168,4.07e-12,2e-28,7.79e-17,2.335986289,66.0,1.47e-05,122.3315168,1.08e-08,1.7099999999999998e-23,1.12e-14,18.14684351,67.38240701,15.77851601,131.9933683,12766.14093,30.11103935,0.016891611
1.749749264,62.57093726,8.815905168,1.94704223,62.91840274,8.993342105,2.61312325,63.71857348,9.707918999,12.08577087,69.84846687,331.2213723,101.4306636,70.67242457,376.9267892,1.749749264,62.57093726,8.815905168,1.94704223,62.91840274,8.993342105,2.61312325,63.71857348,9.707918999,12.08577087,69.84846687,331.2213723,101.4306636,70.67242457,376.9267892,1.0,60.0,0.0,84.85281374,0.0,0.0,0.0,1.0,60.0,0.0,84.85281374,0.0,0.0,0.0,1.0,60.0,6.74e-07,84.85281374,6.43e-13,-3.72e-59,-8.190000000000001e-47,1.128109347,60.0,9.54e-07,84.85281374,1.29e-12,4.47e-29,4.92e-17,5.481518546,60.00062808,0.100244349,84.85509119,0.216769965,0.037547874,0.804932516,1.0,31.07053995,0.0,1.0,31.07053995,0.0,1.0,31.07053995,3.84e-09,1.128109347,31.41532339,0.937317021,5.481518546,29.30897624,69.50774421,1.0,60.0,0.0,84.85281374,0.0,0.0,0.0,1.0,60.0,0.0,84.85281374,0.0,0.0,0.0,1.0,60.0,6.74e-07,84.85281374,6.43e-13,-3.72e-59,-8.190000000000001e-47,1.128109347,60.0,9.54e-07,84.85281374,1.29e-12,4.47e-29,4.92e-17,5.481303369,60.0,6.74e-07,84.85281374,1.02e-12,-4.5800000000000004e-29,-7.12e-17
2.938121087,66.0,9.09e-13,2.963483783,66.00000004,5.74e-07,3.099353656,66.01203782,0.378768684,11.23325051,69.92259877,311.1231224,97.27763049,70.44253021,400.7475278,2.938121087,66.0,9.09e-13,2.963483783,66.00000004,5.74e-07,3.099353656,66.01203782,0.378768684,11.23325051,69.92259877,311.1231224,97.27763049,70.44253021,400.7475278,2.938121087,66.0,9.54e-07,122.3313508,0.007293348,9.44e-19,1.16e-11,2.963483767,66.0,4.12e-05,122.3177643,0.604090776,-1.86e-12,-5.82e-08,3.095315957,66.0024803,0.472462242,121.2389796,46.49159573,-0.017938318,-0.005568393,8.96868532,70.32752407,19.25486178,121.4467563,409.9119898,5.895830988,0.023156445,72.9088917,71.48289679,21.58097826,122.318993,518.5392343,42.58524619,0.130691959,2.938121087,1.09545672,2.463362437,2.963483767,1.107846494,2.479644837,3.095315957,1.23237479,2.81477269,8.96868532,1.910105035,6.249060728,72.9088917,2665.349293,4086200000000.0,1.0,66.0,0.0,122.3315168,0.0,0.0,0.0,1.000000051,66.0,9.54e-07,122.3315168,9.09e-13,-7.5e-284,0.0,1.003719958,66.0,0.0,122.3315168,1.82e-12,2.82e-174,0.0,2.335671448,66.0,9.54e-07,122.3315168,2.03e-12,2.9e-30,2.26e-18,18.3591615,66.00500619,0.937345072,122.3645953,44.2480208,0.000347426,5.57e-05
1.000000125,66.00000001,2.02e-07,1.000132564,66.00006036,0.001495276,1.168861176,66.5305263,32.81468802,11.9507265,71.85919618,422.1073131,103.5154064,70.60399798,355.1343029,1.000000125,66.00000001,2.02e-07,1.000132564,66.00006036,0.001495276,1.168861176,66.5305263,32.81468802,11.9507265,71.85919618,422.1073131,103.5154064,70.60399798,355.1343029,1.000000123,66.0,0.000109107,122.331514,0.000121127,-4.31e-16,-3.59e-10,1.00012466,66.00000715,0.025374743,122.3291124,0.105909511,-2.04e-08,-2.47e-06,1.135863708,66.3407021,5.526938373,120.7271543,83.67443186,-0.640215825,-0.013124272,8.950600152,73.02636688,23.14022854,118.7037209,626.5375237,35.33624623,0.084666157,78.77038038,71.62645269,21.08316449,116.8945128,555.1696768,55.02444187,0.143102891,1.000000123,4.957639396,2.48e-06,1.00012466,4.957102561,0.002476032,1.135863708,4.452693042,2.049645332,8.950600152,1.843432177,3.982734868,78.77038038,1.855747711,3.615705853,1.0,66.0,0.0,122.3315168,1.82e-12,1.09e-253,0.0,1.000000001,66.0,9.54e-07,122.3315168,2.03e-12,-3.33e-256,-2.5899999999999998e-244,1.001043207,66.0,9.54e-07,122.3314857,0.001367215,-5.6e-58,-1.59e-50,2.323969109,66.0,0.0,118.0199746,164.2877456,1.57e-14,0.0,19.83831565,66.00199473,0.154702165,114.7397718,254.714948,-0.008374787,-0.003391956
1.000000032,60.00000155,0.000443074,1.000039071,60.00324064,0.981426134,1.052131746,66.63447014,2023.687594,2.454624092,155.0297601,20755.97393,12.83977785,190.2454319,23238.623,1.000000032,60.00000155,0.000443074,1.000039071,60.00324064,0.981426134,1.052131746,66.63447014,2023.687594,2.454624092,155.0297601,20755.97393,12.83977785,190.2454319,23238.623,1.0,60.0,0.0,84.85281374,0.0,0.0,0.0,1.0,60.0,0.0,84.85281374,0.0,0.0,0.0,1.0,60.0,0.0,84.85281374,0.0,0.0,0.0,1.005005265,60.0,6.74e-07,84.85281374,6.43e-13,1.79e-34,3.94e-22,2.856061269,60.0,1.17e-06,84.85281374,1.93e-12,-9.17e-29,-6.72e-17,1.0,77.15982699,0.0,1.0,77.15982699,0.0,1.0,77.15982699,0.0,1.005005265,76.99285601,5.639597308,2.856061269,62.80278571,178.7551217,1.0,60.0,0.0,84.85281374,0.0,0.0,0.0,1.0,60.0,0.0,84.85281374,0.0,0.0,0.0,1.0,60.0,0.0,84.85281374,0.0,0.0,0.0,1.005005265,60.0,6.74e-07,84.85281374,6.43e-13,1.79e-34,3.94e-22,2.856061269,60.0,1.17e-06,84.85281374,1.93e-12,-9.22e-29,-6.76e-17
2.9933351,102.0,1.82e-12,2.995997889,102.0,1.8e-08,2.998987082,101.9956115,0.183801533,4.226455859,96.60748957,184.4595806,28.97836141,93.83632337,251.4238632,2.9933351,102.0,1.82e-12,2.995997889,102.0,1.8e-08,2.998987082,101.9956115,0.183801533,4.226455859,96.60748957,184.4595806,28.97836141,93.83632337,251.4238632,1.0,102.0,0.0,144.2497834,0.0,0.0,0.0,1.0,102.0,0.0,144.2497834,0.0,0.0,0.0,1.0,102.0,0.0,144.2497834,1.82e-12,-9.3e-157,0.0,1.071669654,102.0,0.0,144.2497834,0.0,-4.85e-41,0.0,4.209499055,102.0,2.34e-06,144.2497834,6.56e-12,5.38e-29,1.21e-17,1.0,39.02294588,0.0,1.0,39.02294588,0.0,1.0,39.02294588,2.27e-13,1.071669654,39.02354072,5.81e-06,4.209499055,39.1451726,4.794836522,1.0,102.0,0.0,144.2497834,0.0,0.0,0.0,1.0,102.0,0.0,144.2497834,0.0,0.0,0.0,1.0,102.0,0.0,144.2497834,1.82e-12,-9.3e-157,0.0,1.071669654,102.0,0.0,144.2497834,0.0,-4.85e-41,0.0,4.209499055,102.0,2.34e-06,144.2497834,6.56e-12,5.38e-29,1.21e-17
3.951724867,102.0,1.82e-12,3.970917399,102.0,0.0,3.990270339,101.9999706,0.001157938,5.757097323,95.60126273,170.2548843,32.40657001,92.22250423,254.7596424,3.951724867,102.0,1.82e-12,3.970917399,102.0,0.0,3.990270339,101.9999706,0.001157938,5.757097323,95.60126273,170.2548843,32.40657001,92.22250423,254.7596424,1.0,102.0,0.0,144.2497834,0.0,0.0,0.0,1.0,102.0,0.0,144.2497834,0.0,0.0,0.0,1.0,102.0,0.0,144.2497834,1.82e-12,1.57e-51,0.0,1.071627099,102.0,1.35e-06,144.2497834,1.82e-12,1.35e-79,0.0,4.191443405,102.0,1.35e-06,144.2497834,1.82e-12,8.639999999999999e-30,0.0,1.0,39.033494,0.0,1.0,39.033494,0.0,1.0,39.033494,2.27e-13,1.071627099,39.03167598,0.003953194,4.191443405,39.3691637,14.25259119,1.0,102.0,0.0,144.2497834,0.0,0.0,0.0,1.0,102.0,0.0,144.2497834,0.0,0.0,0.0,1.0,102.0,0.0,144.2497834,1.82e-12,1.57e-51,0.0,1.071627099,102.0,1.35e-06,144.2497834,1.82e-12,1.35e-79,0.0,4.191443405,102.0,1.35e-06,144.2497834,1.82e-12,8.639999999999999e-30,0.0
2.999961164,60.0,4.55e-13,2.999976699,60.0,4.55e-13,2.999992538,60.00000284,0.000109024,4.222427097,73.88416276,2779.243382,29.00119709,104.6179449,8383.885604,2.999961164,60.0,4.55e-13,2.999976699,60.0,4.55e-13,2.999992538,60.00000284,0.000109024,4.222427097,73.88416276,2779.243382,29.00119709,104.6179449,8383.885604,1.0,60.0,0.0,84.85281375,2.36e-06,7.11e-86,0.0,1.0,60.0,0.0,84.85292772,0.026324123,8.07e-50,0.0,1.000000093,60.00000302,0.0127246,86.16581293,285.9979131,1.36e-12,6.31e-12,1.463608633,90.01276221,83.59956305,146.1056698,8805.209773,542.6312647,0.088690856,10.17788456,135.7558422,119.1424239,175.9433232,14996.00553,2364.408263,0.285380291,1.0,23.37716722,0.0,1.0,23.37716722,0.0,1.000000093,23.37716568,2.6e-05,1.463608633,19.90640122,81.23517145,10.17788456,15.45426647,155.1527422,1.0,60.0,0.0,60.0,0.0,0.0,0.0,1.0,60.0,0.0,60.0,0.0,0.0,0.0,1.0,60.0,0.0,60.0,0.0,0.0,0.0,1.0,60.0,0.0,60.0,0.0,0.0,0.0,1.0,60.0,0.0,60.0,0.0,0.0,0.0
1.001042045,74.0,9.09e-13,1.019626891,74.0,9.09e-13,1.571942124,74.00005572,0.039117951,19.59543821,104.0645246,19412.78596,217.5318318,125.4045274,31383.25373,1.001042045,74.0,9.09e-13,1.019626891,74.0,9.09e-13,1.571942124,74.00005572,0.039117951,19.59543821,104.0645246,19412.78596,217.5318318,125.4045274,31383.25373,1.001042045,74.0,9.54e-07,74.0,9.09e-13,0.0,0.0,1.019626891,74.0,9.54e-07,74.0,9.09e-13,0.0,0.0,1.571941322,74.0,9.54e-07,74.0,9.09e-13,0.0,0.0,12.8467642,74.0,1.65e-06,74.0,2.73e-12,0.0,0.0,79.24986312,74.0,9.54e-07,74.0,9.09e-13,0.0,0.0,1.001042045,1.997809146,0.00110675,1.019626891,1.979556835,0.022807252,1.571941322,1.634873248,0.412419107,12.8467642,1.216775505,7.715631673,79.24986312,9.169901415,14470.33375,1.001011491,74.0,0.0,74.0,0.0,0.0,0.0,1.017635396,74.0,9.54e-07,74.0,9.09e-13,0.0,0.0,1.375623164,74.0,0.0,74.0,0.0,0.0,0.0,2.68314748,74.0,9.54e-07,74.0,9.09e-13,0.0,0.0,2.965694034,74.0,0.0,74.0,0.0,0.0,0.0
5.184895095,101.2285283,2.490718295,5.493137576,101.2718187,2.382477166,5.824812331,101.3132824,2.275297252,6.761122872,99.58557674,69.91062189,32.25381584,93.72464206,253.8858844,5.184895095,101.2285283,2.490718295,5.493137576,101.2718187,2.382477166,5.824812331,101.3132824,2.275297252,6.761122872,99.58557674,69.91062189,32.25381584,93.72464206,253.8858844,1.0,98.0,0.0,114.9086599,4.13e-05,3.08e-50,0.0,1.0,98.0,0.0,114.9092502,0.042996484,4.77e-29,0.0,1.00000003,97.99999891,0.006445788,115.5081152,42.02778892,7.33e-08,1.75e-06,1.421582771,90.51687521,15.11163741,116.1486002,395.0295383,16.33655932,0.06021378,11.15536088,78.09595911,18.97176869,109.0933148,505.4646409,84.7083457,0.237012907,1.0,25.05350494,0.0,1.0,25.05350494,0.0,1.00000003,25.05350435,1.19e-05,1.421582771,20.57363956,71.68574095,11.15536088,13.86542716,91.65081688,1.0,98.0,0.0,138.5929291,0.0,0.0,0.0,1.0,98.0,0.0,138.5929291,0.0,0.0,0.0,1.000000001,98.0,0.0,138.5929291,3.64e-12,-7.979999999999999e-128,0.0,1.141638527,98.0,0.0,138.5929291,3.64e-12,-1.73e-35,0.0,5.308549717,98.0,1.35e-06,138.5929291,4.07e-12,1.26e-28,4.92e-17
1.000003749,65.99999995,3.22e-07,1.000746273,65.9999113,0.000539471,1.176041174,65.95888986,5.981253821,10.44942318,71.19532558,418.0248746,100.4544917,70.9391158,381.8414227,1.000003749,65.99999995,3.22e-07,1.000746273,65.9999113,0.000539471,1.176041174,65.95888986,5.981253821,10.44942318,71.19532558,418.0248746,100.4544917,70.9391158,381.8414227,1.00000374,66.0,1.65e-06,122.3315168,1.78e-08,1.39e-28,6.31e-19,1.00073141,66.00000003,0.001615239,122.331525,0.000157459,6.93e-16,3.42e-11,1.146588667,66.05381918,2.200188499,122.3951201,5.653839298,0.000802878,0.000213513,7.987811869,72.22885899,22.8119244,118.7220396,611.3659173,-13.84157547,-0.033872488,78.35054106,71.78782487,21.68716603,116.8935205,579.7965127,22.34300272,0.055951383,1.00000374,3.805181666,3.12e-05,1.00073141,3.804333903,0.006090616,1.146588667,3.652530348,1.03789023,7.987811869,2.074925348,4.269943404,78.35054106,1.867316584,4.087441668,1.0,66.0,9.54e-07,136.077178,0.000363926,-1.02e-19,-5.62e-12,1.000000001,66.00000003,0.00161583,136.0737683,0.206997133,-1.21e-10,-1.64e-07,1.001491594,66.06161655,2.354080085,134.2463686,108.6293713,-0.121637725,-0.004960853,2.653599964,84.69538551,36.51119358,125.5608616,1506.708461,-43.99781234,-0.045474805,19.59610285,88.27211345,38.83086773,122.3668722,1638.863036,79.99028768,0.081293601
5.523408774,66.0,2.54e-07,5.704237353,66.000017,0.001967674,5.943691682,66.15490546,15.25052684,13.68714529,71.13852822,417.2142136,102.2369028,74.06719353,4376.943031,5.523408774,66.0,2.54e-07,5.704237353,66.000017,0.001967674,5.943691682,66.15490546,15.25052684,13.68714529,71.13852822,417.2142136,102.2369028,74.06719353,4376.943031,5.523408772,66.0,0.000496714,122.3315168,2.48e-07,1.39e-17,1.74e-10,5.70423301,66.00002156,0.044047823,122.3315372,0.001947301,7.12e-10,1.25e-06,5.92479866,66.16856057,3.891277272,122.4730226,15.19658602,0.0214927,0.00486975,11.4392867,71.73266555,21.9790001,122.8398882,519.6473304,0.67632471,0.002223659,79.56356472,75.82614124,74.79302466,121.2711714,6126.724068,38.26856944,0.01023567,5.523408772,0.965177784,5.071503694,5.70423301,1.000874627,5.22719825,5.92479866,1.03992467,5.375602654,11.4392867,1.549562786,7.306370395,79.56356472,1.85375989,8.447224789,1.84128992,66.0,0.0,122.3315168,0.0,-5.39e-149,0.0,1.901503488,66.0,9.54e-07,122.3315168,2.03e-12,9.82e-47,7.64e-35,1.966958881,66.0,9.54e-07,122.3315168,1.31e-09,6.6699999999999995e-25,1.93e-14,3.063841043,66.0,0.0,121.2522354,45.86612498,1.05e-14,0.0,20.00830052,66.00190739,0.151278121,115.7305573,230.6356771,-0.010749106,-0.004678784
1.014044799,66.00000125,2e-05,1.077553046,66.00081497,0.013038842,1.57318106,66.38651103,6.034830357,10.19738636,68.81386424,157.6549596,101.1305831,90.61408938,22254.8044,1.014044799,66.00000125,2e-05,1.077553046,66.00081497,0.013038842,1.57318106,66.38651103,6.034830357,10.19738636,68.81386424,157.6549596,101.1305831,90.61408938,22254.8044,1.014044576,66.0,1.35e-06,121.5918983,31.76915045,-1.21e-14,-1.59e-09,1.077419655,66.0,0.0,119.320478,120.0876093,3.58e-15,0.0,1.490931093,66.00000063,0.007558145,112.8608635,292.5342662,-1.16e-05,-8.98e-05,7.644135999,68.14204255,13.71863683,113.8384861,369.6779669,17.01025798,0.069511965,79.88040066,96.39752224,167.3358586,140.4269928,31324.50023,1249.105173,0.062995516,1.014044576,1.265810458,0.087425155,1.077419655,1.412493497,0.427000679,1.490931093,2.008409403,1.561981425,7.644135999,2.158602674,3.98082415,79.88040066,1.831093459,3.941154135,1.0,66.0,9.54e-07,122.3315168,2.03e-12,2.79e-195,2.17e-183,1.000000002,66.0,0.0,122.3315168,1.68e-06,-3.89e-92,0.0,1.001985379,66.0,9.54e-07,122.2982477,1.460508062,5.59e-16,4.85e-10,2.631542215,66.0,0.0,114.9527054,249.7515806,-2.69e-16,0.0,17.95015503,66.00045564,0.280943252,117.6962641,178.8524422,-0.00013577,-3.61e-05
1.000034753,155.9968723,0.281481664,1.003100334,155.7218324,24.9577076,1.345207729,132.905451,1545.056064,10.69317123,76.16203884,773.6663127,99.08021452,71.19238977,412.4326902,1.000034753,155.9968723,0.281481664,1.003100334,155.7218324,24.9577076,1.345207729,132.905451,1545.056064,10.69317123,76.16203884,773.6663127,99.08021452,71.19238977,412.4326902,1.000010039,155.9990965,0.285159554,176.1636262,335.1782927,-1.99e-07,-3.81e-08,1.001379392,155.8760257,3.338010633,176.1572862,336.4871885,-0.003193349,-5.22e-05,1.225146286,139.4606154,34.85675504,161.0820916,1258.261294,-30.72955259,-0.04874281,8.493084831,78.11065397,30.7130415,116.1653458,1008.439217,-148.7716325,-0.256517259,76.92520204,72.15374857,22.61454151,116.4006049,617.0630128,30.8747461,0.073473261,1.000010039,3.497576457,9.09e-05,1.001379392,3.493746489,0.011847905,1.225146286,3.072958543,1.175437091,8.493084831,1.93861618,3.862423663,76.92520204,1.901755658,4.050683579,1.00000011,155.9999901,0.029877535,169.3871214,0.000892667,-5.02e-50,0.0,1.000066884,155.9939808,0.735994962,169.3815871,0.541688585,1.56e-20,1.57e-14,1.040593254,152.4891251,17.42562765,166.1593615,303.6524992,-4.36e-07,-3.17e-06,2.407942322,108.7156459,44.94198178,130.3819133,2039.229505,-49.47224541,-0.065672997,18.96073286,90.72951903,40.175958,122.4484365,1720.89698,68.61900808,0.069915275
1.000052645,66.0,1.64e-11,1.002709045,66.00000014,1.27e-05,1.14479634,66.09139878,8.217546582,7.670545054,72.75538793,551.7803873,94.58048251,70.99117358,380.7708338,1.000052645,66.0,1.64e-11,1.002709045,66.00000014,1.27e-05,1.14479634,66.09139878,8.217546582,7.670545054,72.75538793,551.7803873,94.58048251,70.99117358,380.7708338,1.0,66.0,4.26e-06,122.3315168,1.82e-11,5.7600000000000005e-27,0.0,1.000000007,66.00000014,0.003567651,122.3315169,1.27e-05,1.63e-15,1.03e-09,1.005389236,66.10407223,3.058703865,122.3936232,9.356360068,0.000588635,0.000570756,5.951565841,74.46849172,26.2748601,124.7401639,709.7430075,29.41730441,0.087239443,74.47173866,71.75962653,21.60742222,117.5417968,567.248308,48.74529097,0.12568621,1.0,9.594755888,6.82e-13,1.000000007,9.594755835,5.02e-07,1.005389236,9.552896124,0.393115365,5.951565841,3.251268611,18.73868722,74.47173866,1.986982739,10.68150505,1.0,66.0,0.0,122.3315168,1.82e-12,0.0,0.0,1.000000001,66.0,0.0,122.3315168,0.0,0.0,0.0,1.0009754,66.0,0.0,122.3315168,1.25e-06,9.5e-28,0.0,2.140882252,66.0,3.33e-05,120.2797176,84.50255287,-2.43e-10,-7.93e-07,19.35059683,66.0518219,0.786878162,115.4551023,238.3241427,-0.24598293,-0.020249495
1.000006651,155.9994014,0.053875768,1.001215152,155.8907698,9.81873539,1.231224591,139.1464833,1229.173721,10.2130365,77.56474118,764.6743073,99.56480076,71.27592104,402.0271088,1.000006651,155.9994014,0.053875768,1.001215152,155.8907698,9.81873539,1.231224591,139.1464833,1229.173721,10.2130365,77.56474118,764.6743073,99.56480076,71.27592104,402.0271088,1.000006651,155.9994014,0.23211152,186.9353183,0.053875758,6.76e-17,2.95e-13,1.00121505,155.8907782,3.133374427,186.844638,9.818035719,6.69e-09,3.99e-08,1.223702328,139.5499834,34.78058368,173.3110769,1209.717505,0.377203673,0.003763429,8.126820397,79.36193452,30.48598218,124.0398203,959.106862,52.14959872,0.111144852,76.86797451,72.14024094,22.37954193,117.6305941,597.9704803,31.65225829,0.07825064,1.000006651,3.754931138,7.3e-05,1.00121505,3.752765503,0.013304209,1.223702328,3.429583877,1.888239327,8.126820397,2.187063058,9.267562329,76.86797451,1.923283977,9.952557951,1.0,156.0,5.05e-06,169.3871306,2.55e-11,5.89e-124,0.0,1.000000002,155.9999998,0.003843773,169.3871304,1.48e-05,3.46e-73,9.44e-65,1.001221862,155.8901667,3.142123125,169.2859836,9.872937732,-3.79e-10,-1.47e-08,1.952277801,116.5715627,44.65375336,137.025396,2013.921111,-71.88509156,-0.095717968,17.08290856,91.13902256,40.37996502,122.7557414,1736.364583,42.28971072,0.0428663
1.886682964,66.0,9.09e-13,2.492326301,66.0,7.83e-08,3.758502102,66.00388913,0.062237966,11.4176988,67.98658866,130.5312661,100.8595032,88.49691089,20528.79829,1.886682964,66.0,9.09e-13,2.492326301,66.0,7.83e-08,3.758502102,66.00388913,0.062237966,11.4176988,67.98658866,130.5312661,100.8595032,88.49691089,20528.79829,1.0,66.0,0.0,105.2615789,0.0,-6.64e-28,0.0,1.000000002,66.00000001,0.00044188,105.2615789,5.52e-07,-4.29e-16,-1.35e-09,1.001890851,66.01459115,0.482955022,105.2549969,0.398202263,-0.000302863,-0.001103857,2.470526722,69.5284741,6.633660841,102.6030915,75.93833018,-5.608291927,-0.107466575,17.44614655,69.99597329,6.92481015,100.2390919,75.97370628,4.005593332,0.075352554,1.0,10.00074983,8.53e-14,1.000000002,10.00074982,9.13e-08,1.001890851,9.990800498,0.095619585,2.470526722,8.301249342,21.73928879,17.44614655,214986.5413,323655000000000.0,1.0,66.0,0.0,105.2615789,0.0,-6.64e-28,0.0,1.000000002,66.00000001,0.00044188,105.2615789,5.52e-07,-4.29e-16,-1.35e-09,1.001890851,66.01459115,0.482955022,105.2549969,0.398202263,-0.000302863,-0.001103857,2.470526722,69.5284741,6.633660841,102.6030915,75.93833018,-5.608291927,-0.107466575,17.44614655,69.99597329,6.92481015,100.2390919,75.97370628,4.005593332,0.075352554
1.116243368,80.33033651,24.00285548,1.286174866,78.38327222,46.03467376,1.902081787,73.68649938,79.85916306,9.409508537,69.11236433,178.9492685,98.67741682,70.93541156,352.3238465,1.116243368,80.33033651,24.00285548,1.286174866,78.38327222,46.03467376,1.902081787,73.68649938,79.85916306,9.409508537,69.11236433,178.9492685,98.67741682,70.93541156,352.3238465,1.0,82.0,0.0,105.2615789,0.0,-1.29e-154,0.0,1.000000001,81.99999998,0.000563316,105.2615789,3.17e-07,2.41e-74,0.0,1.001074239,81.98283061,0.523846744,105.2482046,0.274415412,-1.71e-11,-1.26e-08,1.943822039,75.02936042,7.933499676,101.1425607,68.05570022,-3.817258259,-0.094570288,17.07868462,70.46890963,7.17853751,99.9245442,74.67672252,2.347705275,0.044485653,1.0,9.862511873,2.84e-14,1.000000001,9.86251188,3.31e-08,1.001074239,9.868054763,0.028601175,1.943822039,10.85752148,11.39845819,17.07868462,8.803928396,28.42555397,1.0,82.0,0.0,105.2615789,0.0,-1.29e-154,0.0,1.000000001,81.99999998,0.000563316,105.2615789,3.17e-07,2.41e-74,0.0,1.001074239,81.98283061,0.523846744,105.2482046,0.274415412,-1.71e-11,-1.26e-08,1.943822039,75.02936042,7.933499676,101.1425607,68.05570022,-3.817258259,-0.094570288,17.07868462,70.46890963,7.17853751,99.9245442,74.67672252,2.347705275,0.044485653
1.000000063,65.99999997,1.58e-07,1.000070062,65.99994197,0.000348819,1.087820528,65.90052291,0.986338353,9.412529193,68.88356327,231.5526725,98.02221729,70.65085541,368.1435465,1.000000063,65.99999997,1.58e-07,1.000070062,65.99994197,0.000348819,1.087820528,65.90052291,0.986338353,9.412529193,68.88356327,231.5526725,98.02221729,70.65085541,368.1435465,1.000000059,66.0,0.0,122.3315167,2.93e-06,-6.79e-29,0.0,1.000060381,66.0,1.35e-06,122.3313684,0.006520371,-3.08e-17,-2.83e-10,1.063980144,66.00002829,0.050460499,121.9784062,15.35580334,-0.000171382,-0.000866715,7.069240226,69.27571607,16.85475205,115.7129225,422.726429,65.45291739,0.219485596,75.4994682,71.52252298,21.39455988,116.8806905,566.8039505,48.04422018,0.122821231,1.000000059,5.003429742,7.36e-07,1.000060381,5.003278299,0.000757436,1.063980144,4.852042523,0.729159761,7.069240226,2.377569432,5.161268184,75.4994682,1.938481464,4.293373567,1.0,66.0,0.0,122.3315168,1.82e-12,0.0,0.0,1.000000001,66.0,0.0,122.3315168,1.53e-06,1.7699999999999998e-172,0.0,1.000973598,66.0,9.54e-07,122.2992483,1.41662523,1.06e-18,9.3e-13,2.250670428,66.0,3.09e-05,116.1140944,220.5311302,-2.81e-10,-6.14e-07,18.76485414,66.05285703,0.794968591,115.8607031,228.0545339,-0.221443912,-0.018445705
1.029868545,66.00000145,2.32e-05,1.121870362,66.00086328,0.013811775,1.618553645,66.38813734,6.059590378,9.190201694,69.13269926,173.0306342,96.36610885,70.54386348,351.2559997,1.029868545,66.00000145,2.32e-05,1.121870362,66.00086328,0.013811775,1.618553645,66.38813734,6.059590378,9.190201694,69.13269926,173.0306342,96.36610885,70.54386348,351.2559997,1.029868137,66.0,9.54e-07,121.5920373,31.7633192,-7.600000000000001e-85,-1.41e-79,1.121684268,66.0,1.35e-06,119.9919531,95.44202815,2.4e-14,1.82e-09,1.529171533,66.00000062,0.007487649,115.8113552,228.519806,-8.52e-06,-7.53e-05,6.987216178,68.34610047,14.3403227,115.3832621,355.9954998,-7.981529553,-0.032650234,74.21470063,71.17467876,20.90509582,116.5944732,548.4758947,55.33989766,0.145411697,1.029868137,1.099187349,0.248412874,1.121684268,1.335273742,0.853275195,1.529171533,2.054880246,2.076565223,6.987216178,2.368199554,4.068323144,74.21470063,1.971213465,4.062267967,1.0,66.0,9.54e-07,122.3315168,9.09e-13,-2.8e-253,0.0,1.000000001,66.0,1.35e-06,122.3315168,1.82e-12,-1.4699999999999998e-48,0.0,1.001146272,66.0,0.0,122.3314835,0.001461146,-5.82e-88,0.0,2.334379664,66.0,1.35e-06,118.015819,164.4214625,-3.62e-13,-2.1e-08,19.71623949,66.04561799,0.738467894,115.0256229,248.6511746,-0.183610594,-0.01576781
1.808028724,62.68146865,8.89853778,2.791074659,63.8502904,8.277006243,5.036132593,64.80904737,5.769373001,13.36954423,68.16745212,230.4365809,103.102401,70.28410829,333.3740138,1.808028724,62.68146865,8.89853778,2.791074659,63.8502904,8.277006243,5.036132593,64.80904737,5.769373001,13.36954423,68.16745212,230.4365809,103.102401,70.28410829,333.3740138,1.0,60.0,0.0,84.85281374,0.0,0.0,0.0,1.0,60.0,0.0,84.85281374,0.0,0.0,0.0,1.000000003,60.0,6.74e-07,84.85281374,4.55e-13,1.1800000000000001e-73,0.0,1.159757726,60.0,1.17e-06,84.85281374,1.36e-12,-7.73e-34,0.0,6.090728329,60.0,1.51e-06,84.85281374,2.45e-12,3.32e-28,2.31e-16,1.0,28.4807229,0.0,1.0,28.4807229,0.0,1.000000003,28.48072291,6.16e-09,1.159757726,28.66776176,1.264643055,6.090728329,26.2927039,118.9785718,1.0,60.0,0.0,84.85281374,0.0,0.0,0.0,1.0,60.0,0.0,84.85281374,0.0,0.0,0.0,1.000000003,60.0,6.74e-07,84.85281374,4.55e-13,1.1800000000000001e-73,0.0,1.159757726,60.0,1.17e-06,84.85281374,1.36e-12,-7.73e-34,0.0,6.090728329,60.0,1.51e-06,84.85281374,2.45e-12,3.32e-28,2.31e-16
1.0,98.0,0.0,1.0,98.0,0.0,1.000000066,97.9999979,8.12e-05,2.217281281,93.12490799,214.4324547,30.15195621,91.71486889,273.2871242,1.0,98.0,0.0,1.0,98.0,0.0,1.000000066,97.9999979,8.12e-05,2.217281281,93.12490799,214.4324547,30.15195621,91.71486889,273.2871242,1.0,98.0,0.0,114.9086597,2.09e-05,6.52e-50,0.0,1.0,98.0,0.0,114.9089572,0.021676186,9.33e-29,0.0,1.000000057,97.99999787,0.009003644,115.2133525,21.75851285,1.27e-07,3.02e-06,1.500038283,88.96720819,16.14763895,113.9857217,412.4052137,89.72238061,0.310846896,11.8250631,78.68386838,18.12107971,113.1578817,678.663589,211.4596431,0.478823108,1.0,25.07880998,0.0,1.0,25.07880998,0.0,1.000000057,25.07880871,2.9e-05,1.500038283,20.101735,100.537809,11.8250631,13.2203002,137.3877959,1.0,98.0,0.0,138.5929291,0.0,0.0,0.0,1.0,98.0,0.0,138.5929291,0.0,0.0,0.0,1.000000001,98.0,0.0,138.5929291,1.82e-12,-1.43e-227,0.0,1.141678439,98.0,0.0,138.5929291,0.0,-2.7100000000000004e-37,0.0,5.30806601,98.0,2.34e-06,138.5929291,5.75e-12,2.41e-28,7.63e-17
1.579852163,99.02779742,1881.666365,1.724687514,103.6256682,1970.61923,2.097614624,104.4739079,1982.420475,10.60755663,75.79527445,771.5859347,101.2814116,71.53235649,410.6791948,1.579852163,99.02779742,1881.666365,1.724687514,103.6256682,1970.61923,2.097614624,104.4739079,1982.420475,10.60755663,75.79527445,771.5859347,101.2814116,71.53235649,410.6791948,1.579767143,99.02957492,43.37866899,154.8155534,1881.708923,-0.000119826,-0.000174613,1.7210758,103.7046265,44.40470161,157.8445647,1971.777532,-0.086017917,-0.004762787,1.944144283,107.5111464,44.8645506,158.6369177,2016.159294,-59.71224293,-0.123652985,8.543829276,77.86689105,30.42662674,119.0397066,1025.52454,112.1412483,0.175471923,79.29292068,72.36951696,22.42585128,117.0360917,659.9735016,41.61420697,0.089762529,1.579767143,1.797771721,4.6418243,1.7210758,2.030081048,4.864046216,1.944144283,2.303787897,5.010150794,8.543829276,2.121603073,10.42482825,79.29292068,3660.704557,5509570000000.0,1.579767143,99.02957492,43.37866899,154.8155534,1881.708923,-0.000119826,-0.000174613,1.721075761,103.7046273,44.40470175,157.8445665,1971.777544,-0.085971656,-0.004761259,1.932990101,107.7506835,44.88253494,159.0685463,2016.984729,-51.47229404,-0.113973522,3.327904121,96.41957418,42.57242274,134.16609,1943.477262,102.1376137,0.090574634,19.77520602,90.12778348,39.70525317,124.2254435,1742.420651,116.3546925,0.10757616
1.625314306,72.15573744,60.59869576,1.754887692,72.87908915,62.74567555,2.046977676,73.4777574,90.50891489,9.925037695,74.20588575,563.1478119,97.25487777,72.70060268,808.9975016,1.625314306,72.15573744,60.59869576,1.754887692,72.87908915,62.74567555,2.046977676,73.4777574,90.50891489,9.925037695,74.20588575,563.1478119,97.25487777,72.70060268,808.9975016,1.625313007,72.15574235,7.784517566,109.2266046,60.59871373,-1.32e-13,-1.25e-08,1.754498669,72.88058584,7.921294839,109.7067901,62.74691193,-9.64e-08,-2.18e-05,1.911378164,73.62066473,7.991001486,110.1871372,63.85668671,-0.088839601,-0.02129236,2.930801812,71.93435658,7.728720287,104.2799714,85.92035254,1.563320681,0.025738774,18.20170353,70.21514794,7.048041916,100.2066339,76.14737177,6.457871515,0.120609884,1.625313007,3.862706218,22.21653844,1.754498669,4.30159122,23.00410518,1.911378164,4.75753707,23.45517035,2.930801812,7.17669009,33.33017503,18.20170353,8.259588674,30.84390128,1.625313007,72.15574235,7.784517566,109.2266046,60.59871373,-1.32e-13,-1.25e-08,1.754498669,72.88058584,7.921294839,109.7067901,62.74691193,-9.64e-08,-2.18e-05,1.911378164,73.62066473,7.991001486,110.1871372,63.85668671,-0.088839601,-0.02129236,2.930801812,71.93435658,7.728720287,104.2799714,85.92035254,1.563320681,0.025738774,18.20170353,70.21514794,7.048041916,100.2066339,76.14737177,6.457871515,0.120609884
1.999992572,66.0,6.88e-10,2.000010318,66.00000098,8.83e-05,2.040328489,66.12338582,11.07688961,9.503007313,72.31520995,491.9460287,116.0463525,109.9871375,39666.8603,1.999992572,66.0,6.88e-10,2.000010318,66.00000098,8.83e-05,2.040328489,66.12338582,11.07688961,9.503007313,72.31520995,491.9460287,116.0463525,109.9871375,39666.8603,1.999992563,66.0,2.63e-05,122.3315168,6.9e-10,2.2899999999999998e-23,1.57e-13,1.999995697,66.00000098,0.009395327,122.3315175,8.83e-05,2.83e-13,1.79e-08,2.015830207,66.12471284,3.347925057,122.4131451,11.21194619,0.003404869,0.001943554,7.63811868,73.20241716,24.42198461,125.7290425,603.7536483,22.3669904,0.09459799,67.48660713,84.07887391,70.59493871,181.0481481,70918.36364,2182.27138,0.116223335,1.999992563,4.126276171,17.02626395,1.999995697,4.126282066,17.02626386,2.015830207,4.104746782,17.01543317,7.63811868,10.5197357,12447662316.0,67.48660713,4142929.125,6339130000000000.0,1.0,66.0,0.0,122.3315168,0.0,1.3199999999999998e-52,0.0,1.000000035,66.0,9.54e-07,122.3315168,2.03e-12,-1.93e-72,-1.4999999999999998e-60,1.003284703,66.0,0.0,122.3315168,3.64e-12,-4.2700000000000005e-43,0.0,2.325005378,66.00001384,0.049763099,122.33161,0.124792696,0.006600948,0.375532084,17.13547987,73.43154079,35.98232505,176.8364879,67627.92554,5013.700703,0.535853352
2.984347977,66.0,0.0,2.990661668,66.0,9.09e-13,3.046695977,66.00000061,1.35e-05,10.236787,67.45515096,115.0616967,100.3340979,69.99414529,317.5181987,2.984347977,66.0,0.0,2.990661668,66.0,9.09e-13,3.046695977,66.00000061,1.35e-05,10.236787,67.45515096,115.0616967,100.3340979,69.99414529,317.5181987,2.984347977,66.0,0.0,122.3315139,0.000125953,4.91e-57,0.0,2.990661668,66.0,0.0,122.3303119,0.052944759,3.65e-17,0.0,3.046558357,66.00000003,0.0017516,121.7992212,23.01200471,-1.3e-07,-1.55e-05,9.011734176,67.3991539,11.13393494,113.9111997,326.4337467,-5.976243463,-0.030888062,78.80970815,70.63665061,19.61854347,115.4797477,513.3779297,29.68068824,0.082080153,2.984347977,1.491482448,4.5058806,2.990661668,1.497880839,4.515795135,3.046558357,1.559285488,4.68557666,9.011734176,2.021011977,10.35212221,78.80970815,1.877438115,10.24698753,1.0,66.0,9.54e-07,122.3315168,3.75e-12,0.0,0.0,1.000000002,66.0,0.0,122.3315167,2.18e-06,-2.82e-237,0.0,1.002064169,66.0,0.0,122.2952352,1.592610251,3.96e-22,0.0,2.548986792,66.0000388,0.021578293,115.6932536,231.5659374,-0.000117118,-0.000356673,20.91481821,66.24514188,1.697529974,114.329553,266.893767,-0.405296205,-0.01461499
1.000883483,66.0,1.82e-12,1.014861547,66.00000004,5.82e-07,1.356626576,66.02742531,1.411744165,10.69135087,104.8078681,35259.03384,118.7888365,145.6510996,79867.11512,1.000883483,66.0,1.82e-12,1.014861547,66.00000004,5.82e-07,1.356626576,66.02742531,1.411744165,10.69135087,104.8078681,35259.03384,118.7888365,145.6510996,79867.11512,1.000883308,66.0,1.65e-06,122.2873528,1.93814764,4.13e-14,1.8e-08,1.014773298,66.00000004,0.000762854,121.7345451,25.75627195,2.05e-09,5.29e-07,1.312102887,66.02836029,1.208137351,116.107669,221.1402544,-0.498253113,-0.027733491,8.932800629,112.3274765,204.5744162,156.3360182,47223.4884,4825.072233,0.159464656,95.53544898,164.5110558,312.2127661,214.0246632,112601.7515,10217.35284,0.137837975,1.000883308,2.029801483,0.000766057,1.014773298,2.042498207,0.012699139,1.312102887,2.206531011,0.365833252,8.932800629,1.808661563,2.827495176,95.53544898,1.531052209,3.760415538,1.0,66.0,1.65e-06,122.3315168,3.28e-12,-5.630000000000001e-27,-2.53e-15,1.000000008,66.00000004,0.000718735,122.3315168,1.7e-06,-1.88e-15,-2.06e-09,1.003959063,66.01829744,0.468224861,122.3085551,1.458138687,-0.000709369,-0.00126183,3.398014747,74.07300491,32.45577256,159.7674398,55435.28711,336.2820055,0.044010645,16.71092817,100.3749518,69.08687188,376.7496481,267683.0863,-51.31598672,-0.001435758
38.62105914,174.9663644,54697.91269,44.32646298,173.1767496,53626.83025,51.92258291,169.8402043,51981.27287,63.10673582,156.8006923,46481.6081,90.05334976,133.3184082,34188.63854,38.62105914,174.9663644,54697.91269,44.32646298,173.1767496,53626.83025,51.92258291,169.8402043,51981.27287,63.10673582,156.8006923,46481.6081,90.05334976,133.3184082,34188.63854,38.10850685,176.5126405,235.0604788,315.0827257,107464.193,-5719.375724,-0.080143878,43.5756558,175.1267815,233.0800677,316.819176,111428.9582,-9582.071754,-0.131802423,50.18410442,173.6451729,230.975305,318.9453072,115880.1781,-14880.19373,-0.200863358,53.63233617,172.8836528,229.939214,321.4660915,117736.0492,-18753.28258,-0.251456812,57.87800161,165.2683869,223.7635917,307.2926899,112411.3749,-7006.148269,-0.09869498,38.10850685,0.710371068,37.64877842,43.5756558,0.820017234,43.40464678,50.18410442,0.939985264,49.67467238,53.63233617,1.010247122,52.99678627,57.87800161,2.856383422,107.9081834,3.862544243,230.8040721,281.7120619,364.9939591,103218.3083,41903.30572,0.578998324,3.916723029,231.0915704,281.8545847,364.4780964,103215.6029,42331.6356,0.58506859,3.971969527,231.3668974,281.9897102,363.9561376,103208.8757,42761.6803,0.591189075,3.997184616,231.4868265,282.0481178,363.7192611,103204.5405,42955.74341,0.593959618,3.999718338,231.498684,282.053877,363.6955052,103204.0624,42975.16791,0.594237228
1.000000147,60.00000616,0.000258876,1.000151197,60.00634932,0.266631189,1.155778773,65.66069041,205.7055624,5.426558288,90.96940144,334.9926915,32.77706467,91.44707075,308.7608788,1.000000147,60.00000616,0.000258876,1.000151197,60.00634932,0.266631189,1.155778773,65.66069041,205.7055624,5.426558288,90.96940144,334.9926915,32.77706467,91.44707075,308.7608788,1.0,60.0,0.0,84.85281453,4.25e-05,3.56e-39,0.0,1.0,60.0,6.74e-07,84.85362725,0.043716708,2.07e-22,1.47e-15,1.000004955,60.00000547,0.014423367,85.66882702,42.32634586,1.13e-05,0.000120311,1.638973633,65.47824954,13.3477438,98.87084199,381.0255651,75.02850961,0.306286714,12.30584704,74.13290756,18.29236159,105.9910878,499.0140439,142.6106329,0.40519279,1.0,17.66517019,0.0,1.0,17.66517019,5.68e-14,1.000004955,17.66510936,0.000764519,1.638973633,14.67909249,28.17822369,12.30584704,12.48101735,73.81199781,1.0,60.0,0.0,84.85281374,0.0,-7.69e-192,0.0,1.0,60.0,6.74e-07,84.85281374,4.55e-13,4.4e-64,0.0,1.000004811,60.0,0.0,84.85281374,4.55e-13,-2.07e-70,0.0,1.402691882,60.0,0.0,84.85281374,4.55e-13,-5.850000000000001e-31,0.0,7.680481154,60.0,6.74e-07,84.85281374,1.44e-12,-5.63e-30,-7.15e-18
2.081539535,65.75987921,1.705565491,2.232895437,65.52798791,15.84987473,3.000263192,69.38808418,404.0673022,11.97766371,73.65956288,600.7533799,98.20756783,71.40536839,417.7692064,2.081539535,65.75987921,1.705565491,2.232895437,65.52798791,15.84987473,3.000263192,69.38808418,404.0673022,11.97766371,73.65956288,600.7533799,98.20756783,71.40536839,417.7692064,1.997070601,66.00350145,0.561353818,122.334173,0.31545503,-9.76e-07,-1.44e-05,2.005888079,66.15352355,3.713966897,122.4433176,13.80446501,0.005125174,0.001862714,2.354721189,71.75947304,22.02682555,126.3981001,485.7011732,9.135526304,0.087490766,8.931675206,75.530206,27.6928459,123.4023475,813.9010445,175.2713049,0.383338961,75.49419437,72.26459325,22.84602413,118.2214139,613.7935926,67.10379381,0.163434665,1.997070601,1.307962771,1.713793464,2.005888079,1.307758284,1.711628205,2.354721189,1.301735062,1.629558129,8.931675206,1.807680859,2.778214352,75.49419437,1.935407925,3.363760778,1.0,66.0,9.54e-07,122.3315168,2.03e-12,3.04e-148,2.36e-136,1.000000001,66.0,9.54e-07,122.3315168,2.03e-12,1.89e-55,1.47e-43,1.000993465,66.0,0.0,122.3315168,1.38e-06,1.2300000000000001e-33,0.0,2.133526898,66.0,1.35e-06,120.4341389,78.53912728,-8.43e-13,-7.06e-08,18.6497713,66.03321739,0.630480218,116.3087864,215.7718026,-0.145990551,-0.015763633
1.000000146,60.00000614,0.000258081,1.000150918,60.00633762,0.266139891,1.155678136,65.65770107,205.6138538,4.888390081,92.63560876,298.7442037,27.61886101,92.69882134,279.3463153,1.000000146,60.00000614,0.000258081,1.000150918,60.00633762,0.266139891,1.155678136,65.65770107,205.6138538,4.888390081,92.63560876,298.7442037,27.61886101,92.69882134,279.3463153,1.0,60.0,0.0,114.9086594,0.0,1.4400000000000002e-85,0.0,1.0,60.0,0.0,114.9086594,0.0,3.78e-50,0.0,1.000000073,60.00000279,0.010295656,114.908659,0.000133519,9.38e-15,1.01e-10,1.289777575,66.50799104,14.31606483,111.0811752,332.3181078,25.99247383,0.112256328,10.19174549,76.79468697,18.87152854,109.9046382,507.0119633,131.8671939,0.367834553,1.0,23.69949579,0.0,1.0,23.69949579,0.0,1.000000073,23.69949589,1.37e-07,1.289777575,22.8958464,24.69007223,10.19174549,15.29004953,112.7946415,1.0,60.0,0.0,84.85281374,9.09e-13,1.51e-175,0.0,1.0,60.0,0.0,84.85281374,4.55e-13,-7.75e-280,0.0,1.0,60.0,9.54e-07,84.85281374,9.09e-13,1.99e-112,0.0,1.068886499,60.0,9.54e-07,84.85281374,1.02e-12,2.19e-41,3.4000000000000003e-29,5.687316269,60.0,0.0,84.85281374,9.09e-13,-5.8699999999999996e-30,0.0
1.000703635,155.9367174,5.691430595,1.012835991,154.8594015,101.352896,1.249474571,138.0302788,1294.363931,8.420133315,78.13045956,919.0694727,97.93448287,71.25985853,405.5957528,1.000703635,155.9367174,5.691430595,1.012835991,154.8594015,101.352896,1.249474571,138.0302788,1294.363931,8.420133315,78.13045956,919.0694727,97.93448287,71.25985853,405.5957528,1.000703635,155.9367174,2.385671938,186.8830111,5.691430595,1.94e-14,8.98e-11,1.012835991,154.8594015,10.06741755,185.9850339,101.352896,1.95e-07,1.21e-06,1.249355315,138.037153,35.97210524,172.0887486,1294.021631,1.325228857,0.01248695,7.334168697,79.51122895,32.14732268,121.1887928,1078.270372,107.1111256,0.189960214,76.30382036,72.27491245,22.37033502,117.3945101,597.4941838,56.20858443,0.139067051,1.000703635,2.0966999,0.006404446,1.012835991,2.132836277,0.114046253,1.249355315,2.651413699,1.424833271,7.334168697,2.239520201,3.651287568,76.30382036,1.915477952,3.543742831,1.0,156.0,5.05e-06,169.3871306,2.55e-11,2.32e-124,0.0,1.000000002,155.9999998,0.003846378,169.3871304,1.48e-05,-3.71e-66,0.0,1.001222417,155.8901168,3.142834787,169.2859377,9.8774105,-3.7e-10,-1.43e-08,1.992385539,115.7358457,44.75010353,136.3112111,2022.407636,-71.85546174,-0.095523892,18.27834987,90.86037538,40.24169763,122.5432043,1725.832699,45.31647542,0.046099772
1.0,330.0,0.0,1.0,330.0,0.0,1.000001204,329.999691,0.08343242,1.785582367,276.095142,11641.71595,23.98980324,199.1039507,16108.76466,1.0,330.0,0.0,1.0,330.0,0.0,1.000001204,329.999691,0.08343242,1.785582367,276.095142,11641.71595,23.98980324,199.1039507,16108.76466,1.0,330.0,0.0,431.4904402,0.0,0.0,0.0,1.0,330.0,0.0,431.4904402,0.0,0.0,0.0,1.00000003,330.0,0.0,431.4904402,0.0,2.4399999999999997e-146,0.0,1.214421178,330.0,6.61e-06,431.4904402,5.25e-11,8.12e-28,2.28e-17,6.277675584,330.0,5.39e-06,431.4904402,3.25e-11,4.81e-30,2.34e-19,1.0,25.00901794,0.0,1.0,25.00901794,0.0,1.00000003,25.00901795,1.08e-10,1.214421178,25.01751153,0.000464659,6.277675584,25.03278375,0.000966675,1.0,330.0,0.0,431.4904402,0.0,0.0,0.0,1.0,330.0,0.0,431.4904402,0.0,0.0,0.0,1.00000003,330.0,0.0,431.4904402,0.0,2.4399999999999997e-146,0.0,1.214421178,330.0,6.61e-06,431.4904402,5.25e-11,8.12e-28,2.28e-17,6.277675584,330.0,5.39e-06,431.4904402,3.25e-11,4.81e-30,2.34e-19
1.000022453,66.0003588,0.005740675,1.001652833,66.02593273,0.414251168,1.154312479,67.62917528,23.41890863,9.274667552,70.04902254,262.8748691,101.3603918,70.77509716,579.5993657,1.000022453,66.0003588,0.005740675,1.001652833,66.02593273,0.414251168,1.154312479,67.62917528,23.41890863,9.274667552,70.04902254,262.8748691,101.3603918,70.77509716,579.5993657,1.000000028,66.0,9.54e-07,122.3315168,2.91e-11,-6.5e-27,-1.26e-15,1.000029358,66.0,0.0,122.3315166,8.32e-06,7.91e-16,0.0,1.03665096,66.00009502,0.092474936,122.2631683,3.00003616,0.000882427,0.005509248,7.220360527,69.61064622,17.66129268,116.2396954,432.4563013,74.20121253,0.242751468,78.100232,71.69258931,27.03546157,116.5015906,861.1372683,54.46351763,0.094408731,1.000000028,5.018791886,2.71e-08,1.000029358,5.018762954,2.87e-05,1.03665096,4.967879883,0.127406937,7.220360527,2.323441939,5.033472847,78.100232,1.875706714,4.785896899,1.0,66.0,9.54e-07,122.3315168,3.75e-12,8.56e-90,4.71e-78,1.000000002,66.0,1.35e-06,122.3315167,2.47e-06,-1.0300000000000001e-21,-4.85e-13,1.00194575,66.0,1.35e-06,122.2936684,1.661308113,6.35e-16,3.65e-10,2.63505682,66.00000473,0.007530097,114.8148819,252.9621856,-0.000101195,-0.000844946,21.02396424,66.37280256,2.081983646,114.6015914,262.6358306,0.563577356,0.01670432
3.966302268,102.0,1.82e-12,3.979734016,102.0,0.0,3.99323128,101.9999976,9.85e-06,4.830311699,100.3576723,56.41748745,29.58433905,94.52498702,234.1120449,3.966302268,102.0,1.82e-12,3.979734016,102.0,0.0,3.99323128,101.9999976,9.85e-06,4.830311699,100.3576723,56.41748745,29.58433905,94.52498702,234.1120449,1.0,102.0,0.0,144.2497834,0.0,0.0,0.0,1.0,102.0,0.0,144.2497834,0.0,0.0,0.0,1.0,102.0,1.35e-06,144.2497834,1.82e-12,-4.04e-100,0.0,1.071705478,102.0,0.0,144.2497834,3.64e-12,2.2600000000000002e-29,0.0,4.21991469,102.0,1.91e-06,144.2497834,4.07e-12,-6.44e-29,-2.5e-17,1.0,39.01724005,0.0,1.0,39.01724005,0.0,1.0,39.01724005,0.0,1.071705478,39.0168134,2.73e-06,4.21991469,39.12813085,164111945.9,1.0,102.0,0.0,144.2497834,0.0,0.0,0.0,1.0,102.0,0.0,144.2497834,0.0,0.0,0.0,1.0,102.0,1.35e-06,144.2497834,1.82e-12,-4.04e-100,0.0,1.071705478,102.0,0.0,144.2497834,3.64e-12,2.2600000000000002e-29,0.0,4.21991469,102.0,1.91e-06,144.2497834,4.07e-12,-6.44e-29,-2.5e-17
1.825791599,66.16329737,2.586091875,2.081429014,66.70460322,10.77718584,3.216413332,68.24290166,30.85582652,11.51859741,68.718707,131.6743341,97.46304812,70.69654754,352.6586855,1.825791599,66.16329737,2.586091875,2.081429014,66.70460322,10.77718584,3.216413332,68.24290166,30.85582652,11.51859741,68.718707,131.6743341,97.46304812,70.69654754,352.6586855,1.781030778,66.0,0.0,122.2879547,1.911771103,7.67e-36,0.0,1.877497614,66.0,1.35e-06,121.7393481,25.55285871,-1.2e-14,-1.76e-09,2.267829361,66.00000015,0.003678934,116.11672,220.4607105,3.38e-08,6.18e-07,8.388181363,67.76357312,12.47442696,114.1383702,344.8425274,4.720471791,0.021571265,76.44809005,71.17438294,20.81960016,116.5447586,548.544661,16.38324836,0.042918185,1.781030778,0.882597354,0.842574246,1.877497614,0.944285679,0.877266584,2.267829361,1.240663997,1.365402238,8.388181363,1.952463744,3.569180066,76.44809005,1.911815938,3.529758011,1.780023837,66.0,0.0,122.3315168,0.0,-1.4e-149,0.0,1.861518733,66.0,1.35e-06,122.3315168,4.07e-12,1.41e-28,5.47e-17,1.952455415,66.0,0.0,122.3315168,1.33e-06,-1.0100000000000001e-31,0.0,3.133919821,66.0,1.9e-05,120.24535,85.82092352,-1.44e-09,-8.17e-06,20.55518202,66.10808481,1.133726327,115.4080432,240.2885365,-0.434393781,-0.024717921
1.0,90.0,0.0,1.0,90.0,0.0,1.0,90.0,1.98e-08,1.287225553,87.84972326,59.88461223,18.27560937,81.88816542,615.9079768,1.0,90.0,0.0,1.0,90.0,0.0,1.0,90.0,1.98e-08,1.287225553,87.84972326,59.88461223,18.27560937,81.88816542,615.9079768,1.0,90.0,0.0,108.1665383,0.0,-3.3000000000000004e-185,0.0,1.0,90.0,0.0,108.1665383,0.0,-8.16e-111,0.0,1.0,90.0,0.0,108.1665383,0.0,-3.21e-36,0.0,1.065211731,89.99368356,0.435262486,108.1650896,0.189946511,-0.008885434,-0.174551607,5.373219219,86.71091209,9.373157467,105.9614336,90.09641444,-18.34289755,-0.437953333,1.0,40.40987897,0.0,1.0,40.40987897,0.0,1.0,40.40987897,2.27e-13,1.065211731,40.3776669,0.79865902,5.373219219,31.99782343,2176391632.0,1.0,90.0,0.0,108.1665383,0.0,0.0,0.0,1.0,90.0,0.0,108.1665383,0.0,-4.24e-286,0.0,1.0,90.0,0.0,108.1665383,0.0,-1.9199999999999998e-74,0.0,1.065164566,89.99368328,0.43527212,108.1650921,0.189955584,-1.01e-05,-0.000197906,3.630752943,86.43381973,9.709158886,105.4053198,94.26936207,-2.394729981,-0.33302868
1.031532326,98.0,0.0,1.140907738,98.0,1.11e-08,1.98783756,97.99731112,0.441635223,7.593992144,117.4610334,4836.54647,28.4749233,180.9206697,14424.3359,1.031532326,98.0,0.0,1.140907738,98.0,1.11e-08,1.98783756,97.99731112,0.441635223,7.593992144,117.4610334,4836.54647,28.4749233,180.9206697,14424.3359,1.031532326,98.0,0.0,138.5929291,1.82e-12,1.2799999999999999e-23,0.0,1.140907738,98.0,0.000105518,138.5929291,9e-08,4.3e-13,1.36e-05,1.987826787,97.99605382,0.387220046,138.5845432,0.335961271,0.009376238,0.044161407,6.872078256,95.13375109,10.03504239,134.1955614,153.7468767,101.3655865,0.9371529,17.35990299,85.46968803,17.86457771,120.3332823,458.0280297,488.1001971,1.507381936,1.031532326,1.006364708,1.14e-06,1.140907738,1.005792342,1.15e-05,1.987826787,1.022402467,0.130615605,6.872078256,3.206272109,40.95435236,17.35990299,9.026898283,138.6749449,1.031532326,98.0,0.0,138.5929291,1.82e-12,-1.0299999999999999e-38,0.0,1.140907738,98.0,0.0,138.5929291,3.64e-12,0.0,0.0,1.987620358,98.0,1.35e-06,138.5929291,4.07e-12,-1.6800000000000002e-32,-6.53e-21,6.353733866,98.0,1.35e-06,138.5929291,5.75e-12,1.0600000000000001e-29,3.37e-18,11.63556088,98.0,0.0,138.5929291,0.0,1.2400000000000001e-29,0.0
4.943363374,101.9999988,4.73e-06,4.966230794,101.999746,0.001015908,5.05667035,101.9461575,0.212470898,6.349550453,100.6679099,33.28410946,31.41625752,94.55618312,226.6203756,4.943363374,101.9999988,4.73e-06,4.966230794,101.999746,0.001015908,5.05667035,101.9461575,0.212470898,6.349550453,100.6679099,33.28410946,31.41625752,94.55618312,226.6203756,1.0,102.0,0.0,144.2497834,0.0,0.0,0.0,1.0,102.0,0.0,144.2497834,0.0,0.0,0.0,1.0,102.0,1.35e-06,144.2497834,2.57e-12,-8.579999999999999e-40,-4.72e-28,1.072039697,102.0,1.91e-06,144.2497834,4.07e-12,-2.2400000000000002e-29,-8.7e-18,4.132229747,102.0,1.35e-06,144.2497834,2.57e-12,9.640000000000001e-29,5.3e-17,1.0,38.9443028,0.0,1.0,38.9443028,0.0,1.0,38.9443028,0.0,1.072039697,38.95427248,0.001403472,4.132229747,40.10412626,41.12095716,1.0,102.0,0.0,144.2497834,0.0,0.0,0.0,1.0,102.0,0.0,144.2497834,0.0,0.0,0.0,1.0,102.0,1.35e-06,144.2497834,2.57e-12,-8.579999999999999e-40,-4.72e-28,1.072039697,102.0,1.91e-06,144.2497834,4.07e-12,-2.2400000000000002e-29,-8.7e-18,4.132229747,102.0,1.35e-06,144.2497834,2.57e-12,9.640000000000001e-29,5.3e-17
1.025804581,66.00218442,0.196501054,1.115601656,66.14008921,12.53526852,1.848604863,72.10747621,492.1899835,11.51294158,79.61802384,975.1531948,104.7535586,78.044509,886.6023507,1.025804581,66.00218442,0.196501054,1.115601656,66.14008921,12.53526852,1.848604863,72.10747621,492.1899835,11.51294158,79.61802384,975.1531948,104.7535586,78.044509,886.6023507,1.000070126,66.00224063,0.448951469,113.6525754,701.0255672,-8.64e-06,-7.27e-07,1.004349359,66.15560697,3.731138166,113.9580788,686.0504151,-0.029658069,-0.000303507,1.367634916,74.25536382,25.44703667,120.958558,833.1854541,-39.60773702,-0.067976543,9.430797197,82.49380656,33.74492282,123.3750117,1200.72287,-60.9553051,-0.092559649,83.35310504,80.58223317,32.70012665,121.1422256,1130.352837,-83.98264248,-0.134159717,1.000070126,2.887641908,0.000375717,1.004349359,2.878663912,0.022022754,1.367634916,2.404831337,1.20520496,9.430797197,1.726957306,3.265543456,83.35310504,1.752908249,3.361731424,1.0,66.0,0.0,122.3315168,1.82e-12,7.47e-89,0.0,1.000000001,66.0,0.0,122.3315168,1.56e-06,-1.53e-55,0.0,1.000977316,66.0,0.0,122.2990691,1.424484161,1.19e-19,0.0,2.265651494,66.04297624,0.716845779,116.0305006,223.4128986,0.228421773,0.021318577,19.31880833,66.50645902,2.412677478,116.6102086,214.9702004,4.726777707,0.133646139
1.000238245,97.99094884,0.343862265,1.006702885,97.7470167,9.549486516,1.214850653,92.18915972,190.6844446,5.359710675,92.94201006,266.0045076,30.95477222,93.67748064,254.2239582,1.000238245,97.99094884,0.343862265,1.006702885,97.7470167,9.549486516,1.214850653,92.18915972,190.6844446,5.359710675,92.94201006,266.0045076,30.95477222,93.67748064,254.2239582,1.000238245,97.99094884,0.586397702,114.9009402,0.343862265,3.94e-50,0.0,1.006702156,97.74701362,3.090223347,114.6929757,9.549480337,5.45e-29,0.0,1.188540613,91.97198279,13.88263889,109.8127754,192.7276624,-2.42e-07,-6.66e-06,2.189054119,79.82229094,18.98219791,102.6496481,391.0311776,-0.336752048,-0.001439434,10.9348848,78.44049813,18.99172651,109.5492386,505.8184041,91.78807986,0.256647976,1.000238245,2.411877172,0.097683793,1.006702156,2.541892185,2.712799732,1.188540613,5.619925012,54.74973182,2.189054119,11.94891937,101.6250499,10.9348848,14.20846291,107.703804,1.0,98.0,0.0,138.5929291,0.0,0.0,0.0,1.0,98.0,0.0,138.5929291,0.0,0.0,0.0,1.000000001,98.0,0.0,138.5929291,0.0,-4.5499999999999995e-282,0.0,1.141896516,98.0,0.0,138.5929291,0.0,-1.5299999999999999e-83,0.0,5.306421632,98.0,0.0,138.5929291,1.82e-12,-2.0400000000000002e-29,0.0
1.000000658,60.00000905,0.000146287,1.000407844,60.00482782,0.07181521,1.293215389,62.2197344,23.85917549,11.39461793,67.91865519,94.07653297,100.3363869,70.34842863,323.1177953,1.000000658,60.00000905,0.000146287,1.000407844,60.00482782,0.07181521,1.293215389,62.2197344,23.85917549,11.39461793,67.91865519,94.07653297,100.3363869,70.34842863,323.1177953,1.0,60.0,0.0,84.85281374,0.0,0.0,0.0,1.0,60.0,0.0,84.85281374,0.0,0.0,0.0,1.000000001,60.0,0.0,84.85281374,0.0,-2.2e-144,0.0,1.139141291,60.0,1.17e-06,84.85281374,1.44e-12,-8.81e-29,-1.12e-16,5.151703788,60.0,1.35e-06,84.85281374,1.82e-12,2.77e-29,0.0,1.0,30.03870702,0.0,1.0,30.03870702,0.0,1.000000001,30.03870702,6.62e-09,1.139141291,30.35782361,0.743463139,5.151703788,1380313.724,2076600000000000.0,1.0,60.0,0.0,84.85281374,0.0,0.0,0.0,1.0,60.0,0.0,84.85281374,0.0,0.0,0.0,1.000000001,60.0,0.0,84.85281374,0.0,-2.2e-144,0.0,1.139141291,60.0,1.17e-06,84.85281374,1.44e-12,-8.81e-29,-1.12e-16,5.151703788,60.0,1.35e-06,84.85281374,1.82e-12,2.77e-29,0.0
1.108318096,66.0,0.0,1.264436349,66.0,0.0,1.803943048,66.00000021,1.27e-05,9.115612422,67.67950299,137.5464935,97.4342515,70.34390735,331.7362529,1.108318096,66.0,0.0,1.264436349,66.0,0.0,1.803943048,66.00000021,1.27e-05,9.115612422,67.67950299,137.5464935,97.4342515,70.34390735,331.7362529,1.000007681,66.0,0.0,122.3311854,0.014564462,1.31e-35,0.0,1.000923297,66.0,0.0,122.2992219,1.417783918,1.1e-23,0.0,1.162811677,66.0000002,0.004190315,119.644768,108.3392662,2.84e-06,6.5e-05,7.143832321,67.92035282,12.96966344,114.9940353,336.9728146,38.98859494,0.175925371,74.58690221,71.25107725,20.34066959,117.2975044,519.4844926,46.92724656,0.130167163,1.000007681,3.401237496,2.81e-05,1.000923297,3.399574873,0.003611495,1.162811677,3.19804291,0.672878534,7.143832321,2.311277293,3.949188894,74.58690221,1.960920083,4.047884529,1.0,66.0,0.0,122.3315168,3.64e-12,1.65e-58,0.0,1.000000001,66.0,0.0,122.3315168,1.82e-12,-3.35e-94,0.0,1.000981628,66.0,0.0,122.3315168,1.82e-12,-8.17e-40,0.0,2.037124973,66.0,3.26e-05,121.8149473,22.34303273,-3.15e-09,-2.05e-05,18.51209564,66.08243498,0.991173224,116.6420602,207.2971236,-0.423510582,-0.029677035
1.001066347,60.01491296,0.20855899,1.016777919,60.23101491,3.180840856,1.380404771,63.85804722,39.12813273,5.308619993,71.5470835,48.49258075,37.95508286,75.58730414,254.625146,1.001066347,60.01491296,0.20855899,1.016777919,60.23101491,3.180840856,1.380404771,63.85804722,39.12813273,5.308619993,71.5470835,48.49258075,37.95508286,75.58730414,254.625146,1.000000028,60.00000039,0.002329066,84.85281462,2.63e-05,3.31e-13,2.8e-08,1.000029192,60.00040868,0.075639313,84.85373427,0.027397459,3.64e-07,2.94e-05,1.030790836,60.41819513,2.383242456,85.78691055,26.84989089,0.365549527,0.029941766,1.975146631,65.9929443,6.902738326,98.89576682,271.9060966,35.8314447,0.317263236,11.95196298,66.05750105,15.83489061,103.0911205,1125.225657,18.80397756,0.03585459,1.000000028,5.021355872,1.87e-05,1.000029192,5.022114287,0.019741208,1.030790836,5.798171319,19.59814787,1.975146631,14.49298885,157.973844,11.95196298,13.07890844,139.6374227,1.0,60.0,0.0,84.85281374,0.0,0.0,0.0,1.0,60.0,0.0,84.85281374,0.0,0.0,0.0,1.0,60.0,9.54e-07,84.85281374,1.02e-12,5.0400000000000004e-29,7.84e-17,1.125982059,60.0,6.74e-07,84.85281374,6.43e-13,9.53e-32,2.1e-19,6.854888715,60.0,6.74e-07,84.85281374,4.55e-13,-6.52e-30,0.0
1.626729376,62.3116176,8.52612967,1.75558496,62.58233573,8.825556787,1.980680383,62.98718758,10.57554616,10.7465659,70.89398577,386.8029453,104.9942164,71.11806374,372.2973511,1.626729376,62.3116176,8.52612967,1.75558496,62.58233573,8.825556787,1.980680383,62.98718758,10.57554616,10.7465659,70.89398577,386.8029453,104.9942164,71.11806374,372.2973511,1.0,60.0,0.0,84.85281374,0.0,0.0,0.0,1.0,60.0,0.0,84.85281374,0.0,0.0,0.0,1.0,60.0,0.0,84.85281374,4.55e-13,-2.16e-113,0.0,1.066096633,60.0,0.0,84.85281374,9.09e-13,1.84e-31,0.0,4.11614908,60.0000254,0.020165713,84.85290594,0.008778394,0.00152977,0.810099512,1.0,40.12532711,0.0,1.0,40.12532711,0.0,1.0,40.12532711,4.55e-13,1.066096633,40.11622014,0.001262012,4.11614908,40.15542024,0.675945753,1.0,60.0,0.0,84.85281374,0.0,0.0,0.0,1.0,60.0,0.0,84.85281374,0.0,0.0,0.0,1.0,60.0,0.0,84.85281374,4.55e-13,-2.16e-113,0.0,1.066096633,60.0,0.0,84.85281374,9.09e-13,1.84e-31,0.0,4.116142545,60.0,1.17e-06,84.85281374,1.93e-12,2.37e-28,1.74e-16
3.015577827,101.7816791,9.121814971,3.082572493,100.8741846,46.0166663,3.449060508,96.68045799,194.5272045,5.13253781,92.97345781,275.6552068,29.83004363,93.37413625,261.5532254,3.015577827,101.7816791,9.121814971,3.082572493,100.8741846,46.0166663,3.449060508,96.68045799,194.5272045,5.13253781,92.97345781,275.6552068,29.83004363,93.37413625,261.5532254,1.0,102.0,0.0,144.2497834,0.0,0.0,0.0,1.0,102.0,0.0,144.2497834,0.0,0.0,0.0,1.0,102.0,1.91e-06,144.2497834,3.64e-12,-4.87e-145,0.0,1.071575772,102.0,0.0,144.2497834,0.0,4.84e-48,0.0,4.218689831,102.0,1.35e-06,144.2497834,1.82e-12,4.6200000000000004e-29,0.0,1.0,39.04100108,0.0,1.0,39.04100108,0.0,1.0,39.04100108,0.0,1.071575772,39.04118743,1.4e-06,4.218689831,39.03215927,0.00375361,1.0,102.0,0.0,144.2497834,0.0,0.0,0.0,1.0,102.0,0.0,144.2497834,0.0,0.0,0.0,1.0,102.0,1.91e-06,144.2497834,3.64e-12,-4.87e-145,0.0,1.071575772,102.0,0.0,144.2497834,0.0,4.84e-48,0.0,4.218689831,102.0,1.35e-06,144.2497834,1.82e-12,4.6200000000000004e-29,0.0
1.000376487,66.0,0.0,1.008866457,66.0,4.53e-09,1.24556245,66.00597361,0.537313279,8.693162228,71.48343758,440.4512464,99.08572039,71.78992123,438.3777387,1.000376487,66.0,0.0,1.008866457,66.0,4.53e-09,1.24556245,66.00597361,0.537313279,8.693162228,71.48343758,440.4512464,99.08572039,71.78992123,438.3777387,1.000376487,66.0,0.0,122.3216241,0.434596334,4.1399999999999995e-45,0.0,1.008866457,66.0,6.73e-05,122.1446624,8.164488672,-1.49e-11,-7.76e-08,1.24523405,66.00597145,0.733072002,119.2008505,124.5011852,-0.030494104,-0.003728074,7.427657964,72.01683859,22.47775199,118.6142623,584.2032673,-13.67930464,-0.035535761,78.28449166,72.64693272,23.15408798,117.4679233,631.2332606,41.07082742,0.097170922,1.000376487,2.27515946,2.12e-05,1.008866457,2.277256686,0.000849782,1.24523405,2.394587737,0.23024178,7.427657964,2.188236265,2.984165931,78.28449166,1.866793572,52.29839541,1.0,66.0,9.54e-07,122.3315168,9.09e-13,4.66e-150,0.0,1.000000001,66.0,9.54e-07,122.3315168,3.75e-12,-2.26e-37,-1.24e-25,1.00104105,66.0,9.54e-07,122.3315168,1.4e-06,-2.2400000000000002e-22,-1.98e-13,2.172293394,66.00278476,0.182782296,119.9586181,96.75217124,-0.065483774,-0.036422456,20.17521496,66.57136584,2.555373008,116.1294401,228.8336346,-3.116650519,-0.080642191
1.000000002,97.99999992,3.08e-06,1.000006287,97.99976159,0.009061685,1.02208396,97.32847458,25.66515083,3.116200403,90.54595832,294.2362684,28.75798331,91.58394052,300.9332657,1.000000002,97.99999992,3.08e-06,1.000006287,97.99976159,0.009061685,1.02208396,97.32847458,25.66515083,3.116200403,90.54595832,294.2362684,28.75798331,91.58394052,300.9332657,1.000000002,97.99999992,0.001755828,114.9086593,3.08e-06,2.1699999999999998e-221,0.0,1.000006275,97.99976154,0.095191872,114.908456,0.009061493,6.92e-100,0.0,1.018445029,97.3117831,5.067405628,114.3222784,25.6785998,-4.07e-08,-1.01e-06,1.881861885,83.03309835,18.56701693,106.1066893,395.3753322,-32.61503088,-0.126248331,11.93300998,76.89781905,18.88334091,107.3743046,495.8237985,10.07582531,0.028747286,1.000000002,5.76062421,7.45e-07,1.000006275,5.760741431,0.002191141,1.018445029,6.099047737,6.209288699,1.881861885,13.27333983,76.9156585,11.93300998,12.89526401,78.1568212,1.0,98.0,0.0,138.5929291,0.0,0.0,0.0,1.0,98.0,0.0,138.5929291,0.0,0.0,0.0,1.000000001,98.0,0.0,138.5929291,1.82e-12,1.05e-254,0.0,1.140660787,98.0,0.0,138.5929291,0.0,2.69e-37,0.0,5.306360042,98.0,2.34e-06,138.5929291,5.75e-12,8.15e-29,2.59e-17
1.000021467,66.0,2.25e-07,1.002087836,66.00004159,0.003743313,1.22268167,66.5694926,50.93002904,9.434588426,72.87224253,559.368137,97.87483977,71.22505438,488.0090541,1.000021467,66.0,2.25e-07,1.002087836,66.00004159,0.003743313,1.22268167,66.5694926,50.93002904,9.434588426,72.87224253,559.368137,97.87483977,71.22505438,488.0090541,1.0,66.0,0.0,93.33809512,0.0,4.38e-73,0.0,1.0,66.0,0.0,93.33809512,1.65e-07,2.4100000000000003e-43,0.0,1.000030184,66.00000043,0.002613652,93.34786718,0.220907265,7.95e-13,6.47e-10,1.875934793,67.65772055,4.872119111,97.66749789,56.44320779,2.986795946,0.085667163,18.30713426,70.36077853,7.015501565,100.4809491,75.37031729,6.329857521,0.119422433,1.0,15.01853108,0.0,1.0,15.01853108,6.82e-13,1.000030184,15.01837963,0.000762824,1.875934793,11.86195924,21.53012697,18.30713426,9.083493455,1308484516.0,1.0,66.0,0.0,93.33809512,0.0,4.38e-73,0.0,1.0,66.0,0.0,93.33809512,1.65e-07,2.4100000000000003e-43,0.0,1.000030184,66.00000043,0.002613652,93.34786718,0.220907265,7.95e-13,6.47e-10,1.875934793,67.65772055,4.872119111,97.66749789,56.44320779,2.986795946,0.085667163,18.30713426,70.36077853,7.015501565,100.4809491,75.37031729,6.329857521,0.119422433
1.0,82.0,0.0,1.0,82.0,0.0,1.000000005,81.99999991,2.07e-06,1.524755196,81.31679424,69.66974504,19.74083664,80.34642726,187.5001866,1.0,82.0,0.0,1.0,82.0,0.0,1.000000005,81.99999991,2.07e-06,1.524755196,81.31679424,69.66974504,19.74083664,80.34642726,187.5001866,1.0,82.0,0.0,82.0,0.0,0.0,0.0,1.0,82.0,0.0,82.0,0.0,0.0,0.0,1.0,82.0,0.0,82.0,0.0,0.0,0.0,1.0,82.0,0.0,107.8146558,0.0,0.0,0.0,1.0,82.0,1.65e-06,107.8146558,2.88e-12,0.0,0.0,1.0,3599.941087,0.0,1.0,3599.941087,0.0,1.0,3599.941087,0.0,1.0,3599.941087,0.0,1.0,3599.941087,3.73e-09,1.0,82.0,0.0,82.0,0.0,0.0,0.0,1.0,82.0,0.0,82.0,0.0,0.0,0.0,1.0,82.0,0.0,82.0,0.0,0.0,0.0,1.0,82.0,0.0,82.0,0.0,0.0,0.0,1.0,82.0,1.65e-06,82.0,2.73e-12,0.0,0.0
1.0,90.0,0.0,1.0,90.0,0.0,1.0,90.0,1.96e-08,1.285364135,87.86574693,59.47255604,15.83632476,80.83683953,190.8805633,1.0,90.0,0.0,1.0,90.0,0.0,1.0,90.0,1.96e-08,1.285364135,87.86574693,59.47255604,15.83632476,80.83683953,190.8805633,1.0,90.0,0.0,108.1665383,0.0,0.0,0.0,1.0,90.0,0.0,108.1665383,0.0,0.0,0.0,1.0,90.0,1.35e-06,108.1665383,2.03e-12,1.7e-40,1.3199999999999999e-28,1.06464644,89.99960039,0.109490712,108.1662058,0.011988216,-8.81e-12,-1.86e-07,4.847945617,86.80572215,9.253373687,105.5843028,85.62516276,-0.312215275,-0.075079736,1.0,40.41953897,0.0,1.0,40.41953897,0.0,1.0,40.41953897,2.27e-13,1.06464644,40.41891295,0.021200951,4.847945617,3145.097464,4773140000000.0,1.0,90.0,0.0,108.1665383,0.0,0.0,0.0,1.0,90.0,0.0,108.1665383,0.0,0.0,0.0,1.0,90.0,1.35e-06,108.1665383,2.03e-12,1.7e-40,1.3199999999999999e-28,1.064632261,89.99999991,0.001603941,108.1665382,2.58e-06,-1.89e-15,-2.72e-09,3.942050909,88.92914071,5.565881688,107.3306966,30.9795744,-0.208337515,-0.087706456
1.0,90.0,0.0,1.0,90.0,0.0,1.0,90.0,1.98e-08,1.312938925,87.63548345,65.34455799,19.41414662,79.79287422,202.0283567,1.0,90.0,0.0,1.0,90.0,0.0,1.0,90.0,1.98e-08,1.312938925,87.63548345,65.34455799,19.41414662,79.79287422,202.0283567,1.0,90.0,0.0,108.1665383,0.0,-1.6e-296,0.0,1.0,90.0,0.0,108.1665383,0.0,-2.23e-177,0.0,1.0,90.0,9.54e-07,108.1665383,2.45e-12,-3.52e-47,-2.45e-35,1.073520025,89.89649672,1.759086533,108.1364693,3.100310602,-0.002145481,-0.002786489,5.890980999,85.13787517,11.05547317,104.3813353,122.2251027,-0.070955798,-0.008096165,1.0,40.40126681,0.0,1.0,40.40126681,0.0,1.0,40.40126681,6.14e-12,1.073520025,39.87246095,26.03151301,5.890980999,4940447.972,7555420000000000.0,1.0,90.0,0.0,108.1665383,0.0,-1.6e-296,0.0,1.0,90.0,0.0,108.1665383,0.0,-2.23e-177,0.0,1.0,90.0,9.54e-07,108.1665383,2.45e-12,-3.52e-47,-2.45e-35,1.072732678,89.89669164,1.757435115,108.1370881,3.094606278,-0.002176567,-0.002818673,3.481348039,85.07819522,11.10990464,104.3731899,123.4320167,-0.190226605,-0.020336666
2.000084874,101.999817,0.000731811,2.003770088,101.9924661,0.030078869,2.155691786,101.7111032,1.072125845,3.426177852,99.42394166,59.49687249,28.94808909,93.16517219,263.4720669,2.000084874,101.999817,0.000731811,2.003770088,101.9924661,0.030078869,2.155691786,101.7111032,1.072125845,3.426177852,99.42394166,59.49687249,28.94808909,93.16517219,263.4720669,1.0,102.0,0.0,144.2497834,0.0,0.0,0.0,1.0,102.0,0.0,144.2497834,0.0,0.0,0.0,1.0,102.0,0.0,144.2497834,3.64e-12,0.0,0.0,1.071642948,102.0,0.0,144.2497834,0.0,-1.59e-44,0.0,4.219455798,102.0,0.0,144.2497834,0.0,-8.11e-30,0.0,1.0,39.02903795,0.0,1.0,39.02903795,0.0,1.0,39.02903795,4.55e-13,1.071642948,39.02855795,3.35e-06,4.219455798,39.02400997,5.74e-05,1.0,102.0,0.0,144.2497834,0.0,0.0,0.0,1.0,102.0,0.0,144.2497834,0.0,0.0,0.0,1.0,102.0,0.0,144.2497834,3.64e-12,0.0,0.0,1.071642948,102.0,0.0,144.2497834,0.0,-1.59e-44,0.0,4.219455798,102.0,0.0,144.2497834,0.0,-8.11e-30,0.0
4.33952383,76.613778,842.5877368,4.562598712,79.19690154,1013.562929,4.884803079,82.11366718,1190.633142,12.0373131,74.51710763,692.6499329,94.60965945,71.63725944,800.0106888,4.33952383,76.613778,842.5877368,4.562598712,79.19690154,1013.562929,4.884803079,82.11366718,1190.633142,12.0373131,74.51710763,692.6499329,94.60965945,71.63725944,800.0106888,4.33952383,76.613778,29.02736186,131.244759,843.7518364,146.2664868,0.757013228,4.562598712,79.19690154,31.83650308,132.9060349,1014.597754,179.1874084,0.831552593,4.883859685,82.11733547,34.50784968,134.5092361,1192.374775,171.495867,0.634119399,10.39532582,75.75671027,27.98053764,125.9136218,805.1386776,-15.68859008,-0.04090589,74.60911203,72.15715567,22.94544738,123.0436351,763.1097571,17.0613038,0.031636653,4.33952383,0.601847696,2.326442279,4.562598712,0.738801336,2.796193627,4.883859685,0.919106346,3.352149901,10.39532582,1.664588317,6.413164562,74.60911203,2.020331526,187.659264,1.0,66.0,0.0,122.3315168,0.0,4e-101,0.0,1.000000095,66.0,1.35e-06,122.3315168,1.82e-12,3.49e-174,0.0,1.004583148,66.0,0.0,122.3315168,1.82e-12,-4.21e-33,0.0,2.347011612,66.0000008,0.003103862,122.3315172,9.63e-06,-8.580000000000001e-21,-2.05e-12,18.5553376,66.17243161,2.89555991,122.6620585,345.9363842,0.062473426,0.001160188
1.0,98.0,0.0,1.0,98.0,0.0,1.000000003,97.99999992,3.11e-06,1.823380922,95.59357885,133.0454789,26.56003799,91.14599777,307.2835923,1.0,98.0,0.0,1.0,98.0,0.0,1.000000003,97.99999992,3.11e-06,1.823380922,95.59357885,133.0454789,26.56003799,91.14599777,307.2835923,1.0,98.0,0.0,115.0209049,8.11202622,1.97e-88,0.0,1.0,98.0,0.0,115.7705023,59.43873686,5.32e-52,0.0,1.000000003,97.99999992,0.001762546,120.4133933,279.4054543,-2.59e-15,-8.79e-14,1.30901018,93.07619919,12.76168549,120.8962161,392.9318261,-8.94399357,-0.037062073,11.60865109,77.23727282,18.89713047,107.9257358,502.6306296,8.800542049,0.024761977,1.0,28.79210091,0.0,1.0,28.79210091,0.0,1.000000003,28.79210084,1.61e-06,1.30901018,24.84840732,79.62107306,11.60865109,13.31744084,93.58685683,1.0,98.0,0.0,138.5929291,0.0,0.0,0.0,1.0,98.0,0.0,138.5929291,0.0,0.0,0.0,1.000000001,98.0,1.91e-06,138.5929291,3.64e-12,-1.31e-64,0.0,1.13939688,98.0,1.91e-06,138.5929291,5.14e-12,3.87e-29,1.06e-17,5.253742552,98.0,0.0,138.5929291,1.82e-12,7.95e-29,0.0
1.0,74.0,0.0,1.0,74.0,0.0,1.000000021,73.99999971,4.07e-06,1.652239259,73.79418372,71.6369973,32.43473364,86.5308139,7753.032215,1.0,74.0,0.0,1.0,74.0,0.0,1.000000021,73.99999971,4.07e-06,1.652239259,73.79418372,71.6369973,32.43473364,86.5308139,7753.032215,1.0,74.0,0.0,95.26804428,0.000163107,2.05e-50,0.0,1.0,74.0,0.0,95.26946088,0.168852163,4.05e-29,0.0,1.000000021,73.99999971,0.002015999,96.69929658,163.5127987,6.21e-08,2.41e-06,1.402516428,71.11402665,5.562627089,109.120427,1189.533977,14.86937751,0.07751717,13.13988536,95.10957662,136.7493478,172.5954367,53937.20604,6774.556236,0.220250067,1.0,25.53215814,0.0,1.0,25.53215814,0.0,1.000000021,25.5321577,9.06e-06,1.402516428,22.36863682,116.8114703,13.13988536,12.17413538,76805.18143,1.0,74.0,0.0,74.0,0.0,0.0,0.0,1.0,74.0,0.0,74.0,0.0,0.0,0.0,1.0,74.0,0.0,74.0,0.0,0.0,0.0,1.0,74.0,0.0,74.0,0.0,0.0,0.0,1.0,74.0,0.0,74.0,0.0,0.0,0.0
2.000116044,65.99999987,7.66e-07,2.004461674,65.99988701,0.000686332,2.206592087,65.95967659,5.128082856,11.14426736,70.56684694,409.7383343,100.0482306,70.81942968,364.8108567,2.000116044,65.99999987,7.66e-07,2.004461674,65.99988701,0.000686332,2.206592087,65.95967659,5.128082856,11.14426736,70.56684694,409.7383343,100.0482306,70.81942968,364.8108567,1.999996695,66.0,3.3e-06,122.3315168,1.09e-11,5.44e-13,0.0,1.999998028,66.00000009,0.002806765,122.3315168,8.15e-06,5.42e-07,0.133378441,2.008848302,66.05592606,2.242814728,122.3329263,5.295177257,0.349934171,0.121316947,8.776816775,72.06416636,22.4061134,118.2783129,590.1277151,8.432602414,0.021369139,78.55107087,71.6755948,21.14076441,117.2453548,556.5563087,45.35998244,0.117814115,1.999996695,4.749448676,22.55732822,1.999998028,4.749451792,22.55732821,2.008848302,4.731183055,22.54259198,8.776816775,2.150364229,13.11655082,78.55107087,1.884702548,10.58715504,1.0,66.0,9.54e-07,122.3315168,9.09e-13,5.78e-148,0.0,1.000000002,66.0,0.0,122.3315167,1.87e-06,-1.73e-123,0.0,1.002062474,66.0,9.54e-07,122.2970329,1.513780662,-5.8e-16,-4.94e-10,2.697527135,66.14406887,1.306931743,114.8416346,254.2604677,-0.63093651,-0.030275982,20.97192438,66.54879009,2.506852717,115.2086056,251.239921,2.364744876,0.059522217
1.023351571,66.0,0.0,1.105000617,66.0,1.65e-08,1.537326876,66.00431525,0.069025897,9.757430948,67.81772697,105.825021,96.23195769,70.37381956,328.3353472,1.023351571,66.0,0.0,1.105000617,66.0,1.65e-08,1.537326876,66.00431525,0.069025897,9.757430948,67.81772697,105.825021,96.23195769,70.37381956,328.3353472,1.000000041,66.0,1.35e-06,122.3315168,4.71e-09,1.8e-24,1.95e-14,1.000048983,66.0,9.54e-07,122.3315126,0.000182725,-6.33e-29,-4.91e-21,1.064749567,66.00000001,0.00092442,122.1511425,7.882912592,-2e-09,-7.69e-07,7.358362892,67.40709405,11.16505693,113.5192875,333.2098945,-5.51507749,-0.028099736,74.43673636,70.9415155,20.18450513,116.4938034,522.9511112,22.10869833,0.060492501,1.000000041,5.106823765,6.63e-07,1.000048983,5.106638236,0.000788365,1.064749567,4.882351627,0.888920285,7.358362892,2.254202732,4.295701893,74.43673636,1.964291316,3.760017966,1.0,66.0,0.0,122.3315168,0.0,0.0,0.0,1.000000002,66.0,0.0,122.3315168,1.41e-06,-2.73e-58,0.0,1.001898486,66.0,0.0,122.3001286,1.378017171,1.8499999999999999e-28,0.0,2.526680858,66.0,2.08e-05,115.8321705,227.9788823,-1.53e-09,-4.88e-06,19.34923559,66.04964633,0.770253993,115.4574096,238.2357622,-0.217165489,-0.018266446
1.001201873,65.99718337,0.016891845,1.023217971,65.94091963,0.35099172,1.469315529,65.11805939,4.514701739,9.437138179,67.58506767,175.2832388,97.59489107,69.98669445,336.231301,1.001201873,65.99718337,0.016891845,1.023217971,65.94091963,0.35099172,1.469315529,65.11805939,4.514701739,9.437138179,67.58506767,175.2832388,97.59489107,69.98669445,336.231301,1.000731871,66.0,0.0,122.3315168,0.0,2.42e-49,0.0,1.013142582,66.0,1.35e-06,122.3315168,1.26e-06,-1.2299999999999998e-23,-8.15e-15,1.24991181,66.00000194,0.013219917,122.298685,1.441473218,-5.31e-08,-3.35e-06,6.832590997,68.52972661,14.87534465,117.1324336,342.3215835,-10.5926765,-0.044061479,72.96065254,71.03485439,20.66538465,116.789644,537.1943605,14.79178627,0.039650337,1.000731871,2.08545436,0.006792261,1.013142582,2.122770569,0.11900053,1.24991181,2.662760556,1.487104952,6.832590997,2.420943468,4.017288369,72.96065254,2.003824124,3.696230205,1.0,66.0,0.0,93.33809512,9.09e-13,2.7800000000000003e-72,0.0,1.0,66.0,9.54e-07,93.33809514,1.74e-06,-3.7200000000000004e-35,-2.96e-26,1.000030139,66.00000243,0.014779572,93.37002559,2.390719126,1.5e-11,6.55e-10,1.871268647,75.23682834,27.31291916,110.5380293,938.5817978,58.35753638,0.089526122,17.37400707,87.10511363,38.13085847,120.7035384,1581.518109,113.0708525,0.118875463
5.570658402,66.37523995,33.6307907,5.943300289,67.58415871,140.0647252,6.893337126,72.15187662,515.8233016,13.57398157,72.97475322,562.7139369,100.6167104,71.04135687,381.9823481,5.570658402,66.37523995,33.6307907,5.943300289,67.58415871,140.0647252,6.893337126,72.15187662,515.8233016,13.57398157,72.97475322,562.7139369,100.6167104,71.04135687,381.9823481,5.570658402,66.37523995,5.79920604,122.7118544,33.79551727,0.251757735,0.023780229,5.943300289,67.58415871,11.83489439,123.811602,140.5175516,3.404490109,0.08568202,6.893281636,72.15192603,22.71182839,127.7115031,516.8624515,31.95790269,0.246074659,12.60543926,73.27415624,24.51862127,122.4476186,654.412773,67.71582627,0.171752692,81.4963157,71.59503738,21.36119068,117.1226007,578.9488483,66.5126892,0.164950014,5.570658402,0.178703904,0.418200284,5.943300289,0.302461123,1.437791128,6.893281636,0.755265307,5.029824587,12.60543926,1.46296414,8.915452374,81.4963157,1090.492353,1639360000000.0,1.830412861,66.0,0.0,122.3315168,3.64e-12,-1.74e-297,0.0,1.894491958,66.0,0.0,122.3315168,1.82e-12,1.2399999999999999e-28,0.0,1.964465754,66.0,0.0,122.3314855,0.001374542,-3.6399999999999997e-40,0.0,3.291541733,66.02935663,0.592804999,118.4057611,152.2091584,-0.182723426,-0.024984034,21.39688425,66.47918042,2.418163507,115.6528697,262.0242346,0.826783156,0.02112464
2.988522501,66.0,0.0,3.001698519,66.0,9.38e-09,3.335305178,66.00565475,0.386232248,12.174598,70.75424141,304.4181671,97.55899157,72.21924749,1539.644933,2.988522501,66.0,0.0,3.001698519,66.0,9.38e-09,3.335305178,66.00565475,0.386232248,12.174598,70.75424141,304.4181671,97.55899157,72.21924749,1539.644933,2.988414466,66.0,1.35e-06,122.3295967,0.084373921,2.12e-17,5.42e-11,2.997528489,66.0,9.47e-05,122.2718557,2.617006081,-5.12e-11,-3.34e-07,3.173825852,66.00422893,0.616916108,120.5890789,72.62512849,-0.04807544,-0.009144431,9.051303732,70.53602563,19.6892554,121.3663889,429.1488641,61.7119422,0.231016907,73.98885217,71.95702388,23.9760859,123.4283662,1789.791815,43.73104007,0.044302826,2.988414466,0.857121704,1.481033757,2.997528489,0.866930885,1.515245061,3.173825852,1.114898232,2.554625202,9.051303732,1.873230364,5.578949716,73.98885217,84459.66139,129572000000000.0,1.0,66.0,1.35e-06,122.3315168,2.57e-12,5.9800000000000005e-248,3.2899999999999997e-236,1.000000036,66.0,0.0,122.3315168,1.82e-12,3.43e-196,0.0,1.003304937,66.0,0.0,122.3315168,1.82e-12,2.1899999999999998e-135,0.0,2.320411498,66.0,9.54e-07,122.3315168,9.09e-13,4.15e-36,0.0,18.34768734,66.16120532,5.316698089,123.3899574,1412.405173,0.360925517,0.001806506
1.000000029,60.00000112,4.26e-05,1.000030322,60.00115219,0.043781839,1.031182989,61.14912055,42.34610301,2.547092614,81.74024623,392.2817094,28.2272162,92.23240043,283.0962391,1.000000029,60.00000112,4.26e-05,1.000030322,60.00115219,0.043781839,1.031182989,61.14912055,42.34610301,2.547092614,81.74024623,392.2817094,28.2272162,92.23240043,283.0962391,1.000000029,60.00000112,0.00652496,114.90866,4.26e-05,7.14e-58,0.0,1.000030322,60.00115219,0.209241103,114.909261,0.043781839,1.25e-33,0.0,1.031182988,61.1491205,6.507388188,115.5128336,42.34610103,-7.04e-08,-1.69e-06,1.958977134,75.65795227,18.70376211,119.1208089,398.9442263,-18.71885234,-0.072270687,11.15091756,77.72993831,18.82272137,111.6711366,532.2436948,87.54195433,0.233364946,1.000000029,5.003097647,1.18e-05,1.000030322,5.003703431,0.01212626,1.031182988,5.60785559,11.72860322,1.958977134,13.23919523,97.87818498,11.15091756,13.9560458,116.4887745,1.0,60.0,0.0,84.85281374,0.0,0.0,0.0,1.0,60.0,0.0,84.85281374,0.0,0.0,0.0,1.000000001,60.0,6.74e-07,84.85281374,6.43e-13,-3.82e-65,-8.4e-53,1.151777911,60.0,0.0,84.85281374,4.55e-13,-2.4599999999999998e-30,0.0,5.865138213,60.0,6.74e-07,84.85281374,1.44e-12,-1.7400000000000001e-29,-2.21e-17
1.998673849,102.0,1.05e-07,1.99920521,101.9999767,0.000980594,2.010410902,101.7829721,9.044020842,3.582701298,93.05537713,274.0159713,28.6829808,92.98510804,271.4150401,1.998673849,102.0,1.05e-07,1.99920521,101.9999767,0.000980594,2.010410902,101.7829721,9.044020842,3.582701298,93.05537713,274.0159713,28.6829808,92.98510804,271.4150401,1.0,102.0,0.0,144.2497834,0.0,0.0,0.0,1.0,102.0,0.0,144.2497834,0.0,0.0,0.0,1.0,102.0,1.35e-06,144.2497834,2.57e-12,-8.54e-40,-4.7e-28,1.071594769,102.0,1.35e-06,144.2497834,1.82e-12,-4.85e-41,0.0,4.219376132,102.0,0.0,144.2497834,1.82e-12,1.0299999999999999e-30,0.0,1.0,39.03828192,0.0,1.0,39.03828192,0.0,1.0,39.03828192,0.0,1.071594769,39.03761486,8.11e-06,4.219376132,39.2121259,281998718.5,1.0,102.0,0.0,144.2497834,0.0,0.0,0.0,1.0,102.0,0.0,144.2497834,0.0,0.0,0.0,1.0,102.0,1.35e-06,144.2497834,2.57e-12,-8.54e-40,-4.7e-28,1.071594769,102.0,1.35e-06,144.2497834,1.82e-12,-4.85e-41,0.0,4.219376132,102.0,0.0,144.2497834,1.82e-12,1.0299999999999999e-30,0.0
1.999947945,60.0,0.0,1.999968767,60.0,0.0,1.999989589,60.0,1.82e-08,2.517830842,69.59768367,2167.45676,28.78377686,101.0543428,7981.459103,1.999947945,60.0,0.0,1.999968767,60.0,0.0,1.999989589,60.0,1.82e-08,2.517830842,69.59768367,2167.45676,28.78377686,101.0543428,7981.459103,1.0,60.0,0.0,85.79309209,218.9046399,3.27e-60,0.0,1.0,60.0,0.0,91.54319698,1404.299856,1.75e-34,0.0,1.0,60.0,0.000186182,120.3074065,4981.333331,5.39e-09,4.1e-07,1.186175539,77.07854838,66.3714603,147.5973247,7248.601823,981.9904416,0.19500627,10.09708739,145.8527263,125.7223604,187.7560262,16681.63378,6021.237515,0.655807814,1.0,39.90383911,0.0,1.0,39.90383911,0.0,1.0,39.90383911,2.02e-09,1.186175539,35.65271599,144.844072,10.09708739,15.98573856,276.1470124,1.0,60.0,0.0,60.0,0.0,0.0,0.0,1.0,60.0,0.0,60.0,0.0,0.0,0.0,1.0,60.0,0.0,60.0,0.0,0.0,0.0,1.0,60.0,0.0,60.0,0.0,0.0,0.0,1.0,60.0,0.0,60.0,0.0,0.0,0.0
1.999979343,66.0,9.09e-13,1.999987624,66.0,9.09e-13,2.00905218,65.99992835,0.002350304,9.358684306,68.60721046,236.0343418,98.77202978,71.04290077,397.4920818,1.999979343,66.0,9.09e-13,1.999987624,66.0,9.09e-13,2.00905218,65.99992835,0.002350304,9.358684306,68.60721046,236.0343418,98.77202978,71.04290077,397.4920818,1.999979343,66.0,9.54e-07,122.3315168,3.75e-12,-2.45e-28,-1.34e-16,1.999987613,66.0,0.0,122.3315167,2.69e-06,6.53e-17,0.0,2.006734552,66.00002003,0.042455581,122.2727825,2.577109274,9.89e-06,0.000145142,7.924945911,69.151011,16.4825643,114.5082218,422.1967018,57.78174421,0.195005227,76.98313144,71.96045528,22.16726215,116.9589936,594.4424165,66.06373197,0.162945896,1.999979343,4.9240766,24.24697253,1.999987613,4.924096928,24.24697253,2.006734552,4.9104202,24.24003284,7.924945911,2.427373764,15.58865103,76.98313144,1.921859662,10.36964544,1.0,66.0,0.0,122.3315168,1.82e-12,3.2899999999999995e-104,0.0,1.000000002,66.0,0.0,122.3315168,1.71e-06,4.1300000000000003e-72,0.0,1.002076844,66.0,0.0,122.2980642,1.468554548,-2.68e-16,0.0,2.584893721,66.03893427,0.682418759,115.5321304,236.2156128,0.445056006,0.042433596,20.30455562,66.52121226,2.445993648,115.8352019,235.6177878,5.523836638,0.147147027
2.546942312,66.0,9.09e-13,2.714279503,66.0,4.55e-12,2.949852889,66.00033451,0.029796473,10.52534238,69.40380072,276.7712002,99.8967776,70.64395356,366.747073,2.546942312,66.0,9.09e-13,2.714279503,66.0,4.55e-12,2.949852889,66.00033451,0.029796473,10.52534238,69.40380072,276.7712002,99.8967776,70.64395356,366.747073,2.546942312,66.0,9.54e-07,122.3315168,1.64e-06,1.3899999999999998e-23,1.14e-14,2.714279498,66.0,2.52e-06,122.3314122,0.004596876,-4.19e-13,-2.45e-06,2.948158869,66.00032998,0.172330785,122.0447518,12.50436926,-0.004899263,-0.008039658,8.847181926,69.70533698,17.88157728,118.017946,417.6154615,38.45497862,0.131210764,77.68327439,71.36452528,21.30445383,116.5487895,566.0991528,51.14727137,0.130523071,2.546942312,1.518613079,5.14271329,2.714279498,1.589522019,5.284694287,2.948158869,1.666339955,5.375329047,8.847181926,1.879925861,4.436890597,77.68327439,1.883475335,4.126792813,1.757380206,66.0,0.0,122.3315168,0.0,-3.4599999999999995e-104,0.0,1.846424783,66.0,1.35e-06,122.3315168,2.57e-12,-1.4e-28,-7.71e-17,1.946860875,66.0,9.54e-07,122.3315168,1.31e-06,6.160000000000001e-22,5.64e-13,3.136413423,66.0,0.0,120.2272498,86.51396884,-4.83e-14,0.0,20.25344947,66.00491944,0.242917723,115.4346218,238.1655709,-0.142506246,-0.038013269
2.044195588,66.0,9.09e-13,2.172440351,66.0,1.31e-08,2.785823839,66.00276134,0.044184848,11.14279269,67.96671962,125.4452086,100.8669813,70.51512585,335.1612714,2.044195588,66.0,9.09e-13,2.172440351,66.0,1.31e-08,2.785823839,66.00276134,0.044184848,11.14279269,67.96671962,125.4452086,100.8669813,70.51512585,335.1612714,1.989949609,66.0,9.54e-07,122.3284704,0.133859301,-2.7300000000000002e-65,-7.83e-59,1.998411789,66.0,9.54e-07,122.238503,4.075858453,3.47e-18,1.8e-12,2.22650291,66.00000017,0.003939966,119.370214,118.3045312,-1.31e-06,-3.07e-05,8.451298991,67.70708303,12.27527163,113.5269323,349.0954896,-5.052300181,-0.02319376,78.76536588,71.01482013,20.31896639,115.865729,535.3617788,62.50550116,0.166630253,1.989949609,1.294433679,1.684866043,1.998411789,1.299547375,1.684093183,2.22650291,1.414946054,1.799893811,8.451298991,1.938880667,3.591677755,78.76536588,1.855421946,3.487299445,1.0,66.0,9.54e-07,122.3315168,2.03e-12,-4.46e-253,-3.4599999999999996e-241,1.000000001,66.0,0.0,122.3315168,1.82e-12,1.63e-82,0.0,1.001036787,66.0,0.0,122.3314854,0.001378622,-4.9999999999999994e-55,0.0,2.33261301,66.00004432,0.023062247,117.9068409,167.911726,-0.000198049,-0.000662721,20.4751481,66.19751353,1.526810663,114.6286506,259.7752111,-0.423966922,-0.017228865
1.0,90.0,0.0,1.0,90.0,0.0,1.0,90.0,1.96e-08,1.312400407,87.63982138,65.23491558,18.42782624,81.19528435,186.6184513,1.0,90.0,0.0,1.0,90.0,0.0,1.0,90.0,1.96e-08,1.312400407,87.63982138,65.23491558,18.42782624,81.19528435,186.6184513,1.0,90.0,0.0,108.1665383,0.0,-1.9700000000000002e-296,0.0,1.0,90.0,0.0,108.1665383,0.0,-2.57e-177,0.0,1.0,90.0,1.65e-06,108.1665383,4.19e-12,-3.19e-38,-1.0800000000000001e-26,1.073400361,89.89704866,1.754406232,108.1364794,3.083808097,-0.002180929,-0.002850911,5.655070378,86.55921372,9.559528136,105.4804233,91.38584366,-0.196342493,-0.029616758,1.0,40.41989398,0.0,1.0,40.41989398,0.0,1.0,40.41989398,6.59e-12,1.073400361,39.89228992,12.76831339,5.655070378,29.021307,48819788.5,1.0,90.0,0.0,108.1665383,0.0,-1.9700000000000002e-296,0.0,1.0,90.0,0.0,108.1665383,0.0,-2.57e-177,0.0,1.0,90.0,1.65e-06,108.1665383,4.19e-12,-3.19e-38,-1.0800000000000001e-26,1.072624971,89.89697424,1.755038054,108.1370128,3.086140517,-0.002237776,-0.002909466,3.480819451,85.07884543,11.10931478,104.3735048,123.4189082,-4.400442516,-0.470598719
2.999840533,102.0,1.4e-07,2.999906003,101.9999764,0.000990842,3.012238235,101.8335885,6.942899205,4.685685505,94.30474769,247.1782481,30.14629175,92.76944071,276.8443498,2.999840533,102.0,1.4e-07,2.999906003,101.9999764,0.000990842,3.012238235,101.8335885,6.942899205,4.685685505,94.30474769,247.1782481,30.14629175,92.76944071,276.8443498,1.0,102.0,0.0,144.2497834,0.0,0.0,0.0,1.0,102.0,0.0,144.2497834,0.0,0.0,0.0,1.0,102.0,0.0,144.2497834,0.0,-8.34e-122,0.0,1.071723044,102.0,1.35e-06,144.2497834,1.82e-12,1.91e-57,0.0,4.21970756,102.0,2.34e-06,144.2497834,7.72e-12,5.64e-28,1.03e-16,1.0,39.01219201,0.0,1.0,39.01219201,0.0,1.0,39.01219201,0.0,1.071723044,39.01351686,2.45e-05,4.21970756,39.02141311,0.022189198,1.0,102.0,0.0,144.2497834,0.0,0.0,0.0,1.0,102.0,0.0,144.2497834,0.0,0.0,0.0,1.0,102.0,0.0,144.2497834,0.0,-8.34e-122,0.0,1.071723044,102.0,1.35e-06,144.2497834,1.82e-12,1.91e-57,0.0,4.21970756,102.0,2.34e-06,144.2497834,7.72e-12,5.64e-28,1.03e-16
1.887598911,102.0,0.0,1.930957932,102.0,0.0,1.976441398,101.9998684,0.005513231,2.978940812,96.01739385,203.0779592,28.44820874,92.64529475,281.0956109,1.887598911,102.0,0.0,1.930957932,102.0,0.0,1.976441398,101.9998684,0.005513231,2.978940812,96.01739385,203.0779592,28.44820874,92.64529475,281.0956109,1.0,102.0,0.0,144.2497834,0.0,0.0,0.0,1.0,102.0,0.0,144.2497834,0.0,0.0,0.0,1.0,102.0,1.35e-06,144.2497834,1.82e-12,0.0,0.0,1.067424,102.0,0.0,144.2497834,3.64e-12,1.3900000000000001e-58,0.0,4.199747832,102.0,1.35e-06,144.2497834,2.57e-12,5.98e-29,3.29e-17,1.0,39.90476012,0.0,1.0,39.90476012,0.0,1.0,39.90476012,1.14e-12,1.067424,39.84890584,0.046270091,4.199747832,39.23493517,0.140335011,1.0,102.0,0.0,144.2497834,0.0,0.0,0.0,1.0,102.0,0.0,144.2497834,0.0,0.0,0.0,1.0,102.0,1.35e-06,144.2497834,1.82e-12,0.0,0.0,1.067424,102.0,0.0,144.2497834,3.64e-12,1.3900000000000001e-58,0.0,4.199747832,102.0,1.35e-06,144.2497834,2.57e-12,5.98e-29,3.29e-17
1.0,330.0,0.0,1.0,330.0,0.0,1.000001421,329.9996333,0.099022091,1.743756433,281.4647905,10741.85218,25.46486288,194.7071637,16842.43406,1.0,330.0,0.0,1.0,330.0,0.0,1.000001421,329.9996333,0.099022091,1.743756433,281.4647905,10741.85218,25.46486288,194.7071637,16842.43406,1.0,330.0,0.0,431.4904402,0.0,0.0,0.0,1.0,330.0,0.0,431.4904402,0.0,0.0,0.0,1.000000028,330.0,0.0,431.4904402,1.46e-11,0.0,0.0,1.213474514,330.0,3.81e-06,431.4904402,3.25e-11,-6.65e-111,-3.2300000000000003e-100,6.27269427,330.0,0.0,431.4904402,0.0,5.910000000000001e-29,0.0,1.0,25.06880093,0.0,1.0,25.06880093,0.0,1.000000028,25.06880093,1.1e-11,1.213474514,25.07008556,0.000143253,6.27269427,25.05449331,0.000921142,1.0,330.0,0.0,431.4904402,0.0,0.0,0.0,1.0,330.0,0.0,431.4904402,0.0,0.0,0.0,1.000000028,330.0,0.0,431.4904402,1.46e-11,0.0,0.0,1.213474514,330.0,3.81e-06,431.4904402,3.25e-11,-6.65e-111,-3.2300000000000003e-100,6.27269427,330.0,0.0,431.4904402,0.0,5.910000000000001e-29,0.0
1.999958754,66.00000001,9.13e-07,2.000044676,66.00007327,0.006594295,2.091904074,66.50615517,45.29704271,9.913706574,72.80821367,537.9342717,96.70193681,70.88178446,379.8155285,1.999958754,66.00000001,9.13e-07,2.000044676,66.00007327,0.006594295,2.091904074,66.50615517,45.29704271,9.913706574,72.80821367,537.9342717,96.70193681,70.88178446,379.8155285,1.999958754,66.00000001,0.000955362,105.7259796,341.8123194,1.54e-07,8.73e-06,2.000044673,66.00007327,0.081205266,106.9851127,364.2104536,0.00131994,0.000851714,2.090451346,66.50649705,6.732621716,111.8609882,446.0704371,11.58049324,0.081652235,8.538834178,73.43892479,24.78236407,119.3730033,708.382681,196.1378889,0.421243716,76.42401292,71.56281895,21.5421241,116.7285347,574.8889323,89.50815983,0.225561508,1.999958754,2.464068469,6.071825758,2.000044673,2.464027433,6.071743344,2.090451346,2.401305761,5.961768634,8.538834178,1.944488007,4.363482949,76.42401292,1.91445842,4.120428703,1.0,66.0,0.0,122.3315168,0.0,0.0,0.0,1.000000001,66.0,0.0,122.3315168,0.0,-1.31e-66,0.0,1.000974622,66.0,0.0,122.3314826,0.001502505,-1.09e-24,0.0,2.146099465,66.0,1.35e-06,118.4271394,150.9531867,-3.02e-14,-1.82e-09,19.26245018,66.00185104,0.149027129,115.0571918,247.306376,-0.008613564,-0.00367536
1.000000071,60.00001919,0.005180054,1.000067822,60.01831068,4.943547871,1.064735372,76.41585393,4162.800302,3.22036675,207.6124168,17290.85852,28.10434535,189.5130746,15160.99621,1.000000071,60.00001919,0.005180054,1.000067822,60.01831068,4.943547871,1.064735372,76.41585393,4162.800302,3.22036675,207.6124168,17290.85852,28.10434535,189.5130746,15160.99621,1.0,60.0,0.0,84.85281374,0.0,2.5900000000000003e-185,0.0,1.0,60.0,0.0,84.85281374,0.0,4.22e-110,0.0,1.000000038,60.0,4.16e-06,84.85282256,0.000473601,8.82e-25,9.75e-18,1.499598311,67.17434818,14.87124605,105.6447211,417.8774177,43.18540725,0.154221555,15.96356941,83.05815742,18.56155593,118.5575222,476.871309,158.5212709,0.47033944,1.0,24.65668797,0.0,1.0,24.65668797,0.0,1.000000038,24.65668789,1.69e-07,1.499598311,19.70586278,86.21401604,15.96356941,9.783862601,132.6541332,1.0,60.0,0.0,84.85281374,0.0,0.0,0.0,1.0,60.0,0.0,84.85281374,0.0,0.0,0.0,1.000000038,60.0,9.54e-07,84.85281374,1.02e-12,1.5399999999999998e-67,2.4e-55,1.216476195,60.0,9.54e-07,84.85281374,1.29e-12,1.5e-29,1.65e-17,6.27697526,60.0,1.17e-06,84.85281374,1.64e-12,-8.82e-30,-7.92e-18
1.000329481,90.03249502,9.878448413,1.017735605,91.03592441,347.7266708,2.02852208,105.1685533,6101.116208,8.266378285,104.8695104,7644.400924,24.32939655,94.16240792,4210.939176,1.000329481,90.03249502,9.878448413,1.017735605,91.03592441,347.7266708,2.02852208,105.1685533,6101.116208,8.266378285,104.8695104,7644.400924,24.32939655,94.16240792,4210.939176,1.000219664,90.03414474,3.135289234,213.3338476,4974.663167,0.203487142,0.000920191,1.010403579,91.15226069,18.62091863,185.5489374,6617.922393,34.74654289,0.022953458,1.538989446,114.7643606,87.1129971,170.8349662,9736.281513,1898.643413,0.279063927,4.441477337,130.254662,112.4333807,170.6587034,13639.03995,5230.197343,0.650065425,9.262498848,120.0948856,98.11040025,151.3551327,10362.8052,5182.302081,0.852556611,1.000219664,2.577168512,0.012887025,1.010403579,2.594887004,0.831418764,1.538989446,3.581599117,34.96901268,4.441477337,6.485022338,121.9878531,9.262498848,17.57399151,319.2267566,1.000054884,89.99917682,0.157145589,108.692699,0.99724275,-2.15e-07,-1.37e-06,1.003665057,89.94522643,1.28070562,108.6604388,1.920435252,-0.000596138,-0.000465733,1.244744858,87.05068989,8.932013951,106.289562,79.78713861,-0.949959466,-0.106360983,2.621057253,80.72289014,13.86537156,101.178307,192.2511293,-8.308314967,-0.599213662,2.958424491,80.07026723,14.11709567,100.6589995,199.2948991,-9.819170289,-0.695551732
1.0,73.0,0.0,1.0,73.0,1.82e-12,1.000022216,72.99976793,0.003981294,2.201225283,76.35568727,119.8751939,33.56559512,77.29880746,291.4388439,1.0,73.0,0.0,1.0,73.0,1.82e-12,1.000022216,72.99976793,0.003981294,2.201225283,76.35568727,119.8751939,33.56559512,77.29880746,291.4388439,1.0,73.0,0.0,94.49338601,0.0,4.73e-241,0.0,1.0,73.0,1.35e-06,94.49338601,1.82e-12,1.2e-143,0.0,1.000020325,72.99973578,0.058606778,94.49318189,0.003434754,-1.57e-20,-2.89e-14,1.394339625,69.47893248,5.77853101,93.36397852,134.8654806,-2.987841674,-0.045233287,10.44655237,66.06272376,9.894589227,103.816921,927.5781718,13.43967322,0.044723109,1.0,15.58639812,0.0,1.0,15.58639812,5.09e-12,1.000020325,15.5868983,0.012308621,1.394339625,21.37510569,120.2790057,10.44655237,15.14425337,188.3594238,1.0,73.0,0.0,73.0,0.0,0.0,0.0,1.0,73.0,0.0,73.0,0.0,0.0,0.0,1.0,73.0,0.0,73.0,0.0,0.0,0.0,1.0,73.0,0.0,73.0,0.0,0.0,0.0,1.0,73.0,0.0,73.0,0.0,0.0,0.0
1.998351248,102.0,0.0,1.999010423,102.0,5.17e-07,2.000531278,101.9823809,0.737844171,3.313062134,94.42453398,242.6783325,28.75017262,93.06416519,261.8467793,1.998351248,102.0,0.0,1.999010423,102.0,5.17e-07,2.000531278,101.9823809,0.737844171,3.313062134,94.42453398,242.6783325,28.75017262,93.06416519,261.8467793,1.0,102.0,0.0,144.2497834,0.0,0.0,0.0,1.0,102.0,0.0,144.2497834,0.0,0.0,0.0,1.0,102.0,0.0,144.2497834,1.82e-12,-1.46e-121,0.0,1.071689862,102.0,1.35e-06,144.2497834,2.57e-12,-7.9e-47,-4.34e-35,4.219481413,102.0,1.35e-06,144.2497834,2.57e-12,-2.4099999999999998e-30,-1.33e-18,1.0,39.01972318,0.0,1.0,39.01972318,0.0,1.0,39.01972318,2.27e-13,1.071689862,39.01974538,2.1e-06,4.219481413,39.02374479,0.002033267,1.0,102.0,0.0,144.2497834,0.0,0.0,0.0,1.0,102.0,0.0,144.2497834,0.0,0.0,0.0,1.0,102.0,0.0,144.2497834,1.82e-12,-1.46e-121,0.0,1.071689862,102.0,1.35e-06,144.2497834,2.57e-12,-7.9e-47,-4.34e-35,4.219481413,102.0,1.35e-06,144.2497834,2.57e-12,-2.4099999999999998e-30,-1.33e-18
2.981819521,102.0,3.64e-12,2.989051876,102.0,3.64e-12,2.996404294,101.9999105,0.000357859,3.96503285,99.74996705,72.69981973,30.21585883,92.61606527,281.7873269,2.981819521,102.0,3.64e-12,2.989051876,102.0,3.64e-12,2.996404294,101.9999105,0.000357859,3.96503285,99.74996705,72.69981973,30.21585883,92.61606527,281.7873269,1.0,102.0,0.0,144.2497834,0.0,0.0,0.0,1.0,102.0,0.0,144.2497834,0.0,0.0,0.0,1.0,102.0,1.91e-06,144.2497834,3.64e-12,1.4e-86,0.0,1.071579849,102.0,0.0,144.2497834,3.64e-12,-1.44e-51,0.0,4.220573958,102.0,1.35e-06,144.2497834,2.57e-12,-7.42e-29,-4.08e-17,1.0,39.04167986,0.0,1.0,39.04167986,0.0,1.0,39.04167986,2.27e-13,1.071579849,39.04042134,2.71e-05,4.220573958,39.01284138,0.203011682,1.0,102.0,0.0,144.2497834,0.0,0.0,0.0,1.0,102.0,0.0,144.2497834,0.0,0.0,0.0,1.0,102.0,1.91e-06,144.2497834,3.64e-12,1.4e-86,0.0,1.071579849,102.0,0.0,144.2497834,3.64e-12,-1.44e-51,0.0,4.220573958,102.0,1.35e-06,144.2497834,2.57e-12,-7.42e-29,-4.08e-17
1.047486243,67.12902448,100.3375072,1.248044566,71.36016209,453.6832504,2.502832239,81.11925012,1132.148652,11.81189172,73.9967295,659.0947116,100.0917842,71.18491168,412.9961301,1.047486243,67.12902448,100.3375072,1.248044566,71.36016209,453.6832504,2.502832239,81.11925012,1132.148652,11.81189172,73.9967295,659.0947116,100.0917842,71.18491168,412.9961301,1.047484186,67.1290267,10.01687086,122.5992861,105.4881751,0.564923599,0.00988373,1.247657334,71.36182571,21.30293733,123.9108325,472.2681463,2.112194183,0.008671916,2.429907408,81.57308379,34.04492036,126.8174044,1218.104494,-8.960414215,-0.01359753,9.946000016,75.48341198,27.63280614,119.2715853,853.4382006,-138.0948811,-0.255961872,77.56968687,72.12807109,22.6685092,117.1280461,618.1697052,-36.80687175,-0.087591417,1.047484186,1.106091107,0.116104131,1.247657334,1.116843877,0.538919025,2.429907408,1.184378839,1.761171461,9.946000016,1.664770552,4.069800997,77.56968687,1.887013509,4.354273559,1.0,66.0,9.54e-07,122.3315168,2.03e-12,-3.72e-119,-2.89e-107,1.000000001,66.0,0.0,122.3315168,0.0,-6.81e-74,0.0,1.001033116,66.0,0.0,122.3315168,1.32e-09,-2.09e-25,0.0,2.078378305,66.0,1.35e-06,121.2715396,45.07328293,2.32e-15,2.56e-10,18.22656676,66.00605718,0.269535654,116.7796999,202.1500469,-0.117114065,-0.030560181
1.034618018,66.0,9.09e-13,1.132946878,66.00000001,6.04e-07,1.54702265,66.02555677,2.296844331,9.405757746,71.81599007,420.8229135,102.1929362,70.75341417,367.2636198,1.034618018,66.0,9.09e-13,1.132946878,66.00000001,6.04e-07,1.54702265,66.02555677,2.296844331,9.405757746,71.81599007,420.8229135,102.1929362,70.75341417,367.2636198,1.034618018,66.0,9.54e-07,121.5820547,32.18206277,-1.02e-14,-1.89e-09,1.132946856,66.00000001,0.000776967,119.9741103,96.11288595,-3.81e-08,-5e-06,1.544218713,66.02558762,1.516826641,115.8139244,228.9995012,-0.30715431,-0.013381795,7.622576239,72.80344929,22.43082297,120.7932574,563.7989196,86.42444688,0.241566059,76.94446948,71.85372735,21.56284435,117.4672705,567.682914,39.91706003,0.102575717,1.034618018,1.073270637,0.305292438,1.132946856,1.33103335,0.977919712,1.544218713,2.066545081,2.246309178,7.622576239,2.165108749,3.990296279,76.94446948,1.903251079,4.621815982,1.0,66.0,0.0,122.3315168,0.0,1.7500000000000002e-43,0.0,1.000000001,66.0,1.35e-06,122.3315168,1.82e-12,1.02e-25,0.0,1.000972518,66.00001446,0.013170943,122.3315246,0.000173479,1.08e-07,0.007060569,2.417371443,67.27047832,3.692103012,120.9987553,84.93724768,5.417689438,0.160259729,20.2783475,66.66996753,2.755132277,116.3180973,225.4061398,7.716335994,0.186598868
1.000003952,155.9996445,0.031996434,1.000586873,155.9477804,4.697037046,1.129688544,147.1773053,753.5140525,17.24065481,219.1833513,134594.1712,122.0356968,132.0430949,62740.62571,1.000003952,155.9996445,0.031996434,1.000586873,155.9477804,4.697037046,1.129688544,147.1773053,753.5140525,17.24065481,219.1833513,134594.1712,122.0356968,132.0430949,62740.62571,1.000000005,155.9999997,0.005114355,181.3625334,702.2455294,-5.85e-06,-4.32e-05,1.000014395,155.9992728,0.255827867,181.3458373,701.6623258,-0.016157955,-0.002384375,1.046647307,153.6178807,15.77948209,179.2782284,1186.779931,-32.57797297,-0.060608536,14.96476634,242.0325295,388.7199123,326.7544143,211179.1951,-38384.12037,-0.257085575,97.50171939,148.0998901,277.9057877,211.2078546,104869.3328,4791.79783,0.06473622,1.000000005,5.641252017,1.16e-07,1.000014395,5.641189251,0.000298858,1.046647307,5.455670677,0.881695336,14.96476634,1.172098565,5.636803799,97.50171939,1.515532591,8.2503457,1.000000005,155.9999997,0.005114315,181.362493,702.2499997,-5.85e-06,-4.32e-05,1.000014378,155.9992743,0.255568453,181.3405114,702.2482957,-0.016257459,-0.002400491,1.041252753,154.0319767,13.16240788,178.7455126,720.276443,-28.6470296,-0.082312396,3.736861168,113.3691159,44.93759328,144.4180232,2241.796784,24.55167058,0.017510572,21.74821283,94.19263465,41.74335563,127.6276916,1919.129089,93.7374032,0.079185551
3.490712386,66.0,0.0,3.682778508,66.0,9.09e-13,4.05122465,66.00000006,5e-06,10.1335761,67.89183953,141.3081048,100.6811288,76.8782758,3583.365856,3.490712386,66.0,0.0,3.682778508,66.0,9.09e-13,4.05122465,66.00000006,5e-06,10.1335761,67.89183953,141.3081048,100.6811288,76.8782758,3583.365856,3.490674353,66.0,9.54e-07,122.3315168,2.03e-12,6.300000000000001e-36,4.9e-24,3.680549555,66.0,0.0,122.3315168,2.18e-11,1.39e-24,0.0,3.920593584,66.00000006,0.002268186,122.3310371,0.021081806,3.4e-07,0.001030997,8.549410542,68.02066143,12.78030338,119.6461523,234.3188644,-26.90274404,-0.162401732,78.49633777,79.38438993,67.47217886,121.7200512,4862.137921,-31.97158899,-0.011467621,3.490674353,1.057257202,4.007180309,3.680549555,1.136903599,4.230403535,3.920593584,1.249931589,4.526710242,8.549410542,1.981666215,5.549894741,78.49633777,1.953231805,134665138.7,1.882027814,66.0,9.54e-07,122.3315168,9.09e-13,8.27e-44,0.0,1.927447572,66.0,9.54e-07,122.3315168,3.75e-12,3.85e-35,2.12e-23,1.976147886,66.00000001,0.000314926,122.3315168,9.92e-08,6.14e-11,0.00520248,3.197386779,66.48727447,2.368513711,121.5831418,43.55005082,1.321560859,0.084905068,20.1000898,66.5483406,2.505882384,117.3877741,193.4741965,5.071321288,0.145533626
3.517678838,66.00064885,0.058399624,3.699602918,66.04247702,3.825287986,4.253688294,68.50649754,223.3506623,12.69314605,72.13351713,535.402696,96.72543744,71.1391323,405.8414302,3.517678838,66.00064885,0.058399624,3.699602918,66.04247702,3.825287986,4.253688294,68.50649754,223.3506623,12.69314605,72.13351713,535.402696,96.72543744,71.1391323,405.8414302,3.517678813,66.00064889,0.241659637,122.3321571,0.058662175,5.48e-07,3.04e-05,3.699572656,66.04252071,1.955774921,122.370143,3.839163701,0.001979891,0.001765378,4.208551585,68.57600298,15.00681435,124.1062401,227.946268,-0.15732467,-0.00176579,10.68916981,73.49854914,24.87249711,122.2143693,673.8146899,-65.42266122,-0.160961535,76.31317859,71.96839595,22.30070415,117.8597193,593.5567832,4.313447947,0.01074554,3.517678813,0.635429395,1.332074248,3.699572656,0.671857715,1.389254175,4.208551585,0.753119474,1.527569126,10.68916981,1.525194817,3.226004533,76.31317859,1.915502226,3.617915764,1.763512906,66.0,9.54e-07,122.3315168,9.09e-13,5.02e-74,0.0,1.850530378,66.0,0.0,122.3315168,0.0,7.14e-59,0.0,1.948389036,66.0,0.0,122.3315168,1.82e-12,-3.79e-28,0.0,3.029066339,66.0,9.54e-07,121.7297167,25.9606923,-2.31e-14,-4.76e-09,19.3383943,66.01208962,0.380695803,116.6324988,206.4401423,-0.20719448,-0.037879398
1.0,102.0,0.0,1.0,102.0,0.0,1.000000331,101.9999865,0.000566671,1.895777532,93.71060993,264.9894193,28.5859042,91.05951648,314.4629175,1.0,102.0,0.0,1.0,102.0,0.0,1.000000331,101.9999865,0.000566671,1.895777532,93.71060993,264.9894193,28.5859042,91.05951648,314.4629175,1.0,102.0,0.0,144.2497834,0.0,0.0,0.0,1.0,102.0,0.0,144.2497834,0.0,0.0,0.0,1.0,102.0,1.35e-06,144.2497834,1.82e-12,3.37e-76,0.0,1.071702909,102.0,0.0,144.2497834,1.82e-12,2.2700000000000002e-29,0.0,4.219583928,102.0,0.0,144.2497834,3.64e-12,-6.37e-28,0.0,1.0,39.01601219,0.0,1.0,39.01601219,0.0,1.0,39.01601219,2.27e-13,1.071702909,39.01729653,2.31e-05,4.219583928,39.02268866,0.011428345,1.0,102.0,0.0,144.2497834,0.0,0.0,0.0,1.0,102.0,0.0,144.2497834,0.0,0.0,0.0,1.0,102.0,1.35e-06,144.2497834,1.82e-12,3.37e-76,0.0,1.071702909,102.0,0.0,144.2497834,1.82e-12,2.2700000000000002e-29,0.0,4.219583928,102.0,0.0,144.2497834,3.64e-12,-6.37e-28,0.0
1.0,90.0,0.0,1.0,90.0,0.0,1.0,90.0,1.94e-08,1.286761593,87.85368139,59.78287474,17.20545523,81.51852496,182.5088299,1.0,90.0,0.0,1.0,90.0,0.0,1.0,90.0,1.94e-08,1.286761593,87.85368139,59.78287474,17.20545523,81.51852496,182.5088299,1.0,90.0,0.0,108.1665383,0.0,-1.99e-185,0.0,1.0,90.0,0.0,108.1665383,0.0,-6.03e-111,0.0,1.0,90.0,9.54e-07,108.1665383,1.29e-12,-2.9e-36,-3.1899999999999998e-24,1.065122381,89.9936994,0.43471622,108.1650771,0.189465888,-0.008771746,-0.173118142,5.257052268,87.23805521,8.673523202,106.0085664,75.2310845,-0.332223523,-0.060331895,1.0,40.42980409,0.0,1.0,40.42980409,0.0,1.0,40.42980409,2.27e-13,1.065122381,40.39620779,0.798051672,5.257052268,31.28061892,232.8869721,1.0,90.0,0.0,108.1665383,0.0,0.0,0.0,1.0,90.0,0.0,108.1665383,0.0,-4.07e-286,0.0,1.0,90.0,9.54e-07,108.1665383,1.29e-12,-1.9799999999999998e-83,-2.17e-71,1.065075092,89.99369912,0.434725869,108.1650795,0.189474951,-1.01e-05,-0.000198281,3.630258047,86.43425937,9.708641128,105.4056609,94.25930824,-2.39493155,-0.333088337
3.976439434,66.0,1.82e-12,4.047665091,66.0,8.13e-08,4.480405975,66.00686137,0.621625047,12.53965814,69.60516589,322.2441766,102.3307847,70.41874393,362.7211456,3.976439434,66.0,1.82e-12,4.047665091,66.0,8.13e-08,4.480405975,66.00686137,0.621625047,12.53965814,69.60516589,322.2441766,102.3307847,70.41874393,362.7211456,3.9764393,66.0,9.54e-07,122.0245768,13.36221114,-1.65e-15,-4.74e-10,4.047589827,66.0,0.000285078,120.9168674,59.47928793,-6.16e-09,-2.8e-06,4.43815129,66.00697032,0.792010403,116.6843397,205.0196526,-0.189234182,-0.016686758,10.64736019,70.32961903,19.25928517,117.370951,481.1219687,-0.941371716,-0.002792277,79.07155659,71.4095731,21.20663543,116.6335282,561.6721861,41.62282286,0.106997323,3.9764393,0.329819575,0.338055704,4.047589827,0.377159871,0.485516225,4.43815129,0.662945223,1.341803334,10.64736019,1.536700955,3.403701944,79.07155659,1.850065557,4.01664217,1.987871415,66.0,0.0,122.3315168,0.0,0.0,0.0,1.992705097,66.0,0.0,122.3315168,0.0,2.62e-67,0.0,1.998536298,66.0,9.54e-07,122.3314841,0.001438669,-3.6299999999999996e-91,-1e-83,3.287151793,66.0,0.0,118.4245118,151.0407177,-1.56e-19,0.0,20.49551963,66.00315932,0.194684073,115.1487495,245.1340487,-0.015199981,-0.004986672
1.0,74.0,0.0,1.0,74.0,1.53e-09,1.000220033,73.99721503,0.038903033,3.216649079,72.96815064,59.1451097,32.40154041,79.02192202,1553.405509,1.0,74.0,0.0,1.0,74.0,1.53e-09,1.000220033,73.99721503,0.038903033,3.216649079,72.96815064,59.1451097,32.40154041,79.02192202,1553.405509,1.0,74.0,0.0,95.26804396,9.82e-05,3.3600000000000003e-31,0.0,1.0,74.0,3.92e-05,95.26913997,0.102768786,9.77e-18,7.79e-13,1.000204608,73.99721498,0.197239842,96.38975186,101.2338633,0.000265549,0.00013381,1.99676096,69.81672641,6.251229838,107.3872239,707.0760936,12.84333524,0.077323484,11.32094184,71.85435769,60.43389694,116.4746122,11077.93959,1975.93715,0.319710049,1.0,12.29833007,0.0,1.0,12.29833007,4.13e-10,1.000204608,12.29687888,0.010493314,1.99676096,11.62896397,70.82145122,11.32094184,13.93546687,177.2583206,1.0,74.0,0.0,74.0,0.0,0.0,0.0,1.0,74.0,0.0,74.0,0.0,0.0,0.0,1.0,74.0,0.0,74.0,0.0,0.0,0.0,1.0,74.0,0.0,74.0,0.0,0.0,0.0,1.0,74.0,0.0,74.0,0.0,0.0,0.0
4.991313369,101.9999991,3.77e-05,4.994869875,101.9992727,0.03054776,5.069538819,101.4175578,24.09097068,7.473443664,93.04464272,284.199396,33.65832871,91.72150383,303.3889094,4.991313369,101.9999991,3.77e-05,4.994869875,101.9992727,0.03054776,5.069538819,101.4175578,24.09097068,7.473443664,93.04464272,284.199396,33.65832871,91.72150383,303.3889094,1.0,102.0,0.0,144.2497834,0.0,0.0,0.0,1.0,102.0,0.0,144.2497834,0.0,0.0,0.0,1.0,102.0,1.35e-06,144.2497834,4.07e-12,1.72e-51,6.69e-40,1.071718789,102.0,0.0,144.2497834,1.82e-12,-1.62e-30,0.0,4.221085384,102.0,0.0,144.2497834,1.82e-12,-3.83e-29,0.0,1.0,39.01339388,0.0,1.0,39.01339388,0.0,1.0,39.01339388,2.27e-13,1.071718789,39.01431556,2.44e-05,4.221085384,39.00704232,0.095633899,1.0,102.0,0.0,144.2497834,0.0,0.0,0.0,1.0,102.0,0.0,144.2497834,0.0,0.0,0.0,1.0,102.0,1.35e-06,144.2497834,4.07e-12,1.72e-51,6.69e-40,1.071718789,102.0,0.0,144.2497834,1.82e-12,-1.62e-30,0.0,4.221085384,102.0,0.0,144.2497834,1.82e-12,-3.83e-29,0.0
2.907508669,66.00000178,0.000160474,2.94411339,66.00138533,0.124677552,3.090589987,67.03836945,92.36336011,10.70818013,73.55064767,681.4026268,114.6138064,122.7731504,62164.87831,2.907508669,66.00000178,0.000160474,2.94411339,66.00138533,0.124677552,3.090589987,67.03836945,92.36336011,10.70818013,73.55064767,681.4026268,114.6138064,122.7731504,62164.87831,2.907508669,66.00000178,0.012667834,122.3315184,0.000160926,2.49e-12,5.67e-08,2.94411339,66.00138533,0.353097086,122.332674,0.124920824,1.19e-06,3.82e-05,3.090535104,67.03838787,9.610670159,123.1236679,92.55375611,0.372979986,0.015966157,9.729851454,74.13734719,27.23625384,123.4243117,794.5078612,54.64452778,0.118942701,92.95016505,135.5671869,275.2719793,180.2778336,82580.97695,1262.836088,0.025319119,2.907508669,1.53007423,4.770925322,2.94411339,1.541760081,4.789722929,3.090535104,1.547829726,4.76668615,9.729851454,1.720578079,4.655829702,92.95016505,1.575766164,4.414539804,1.950883661,66.0,9.54e-07,122.3315168,9.09e-13,7.85e-74,0.0,1.97023387,66.0,0.0,122.3315168,1.82e-12,1.7800000000000002e-73,0.0,1.990938744,66.0,0.0,122.3315168,1.52e-06,-3.18e-55,0.0,3.149104339,66.02111747,1.542061227,120.3796003,282.8110461,-0.080067587,-0.003087554,18.9367891,80.07890987,47.93350082,246.1499588,153058.7583,3511.328574,0.187252532
2.033087908,66.17537713,2.77527694,2.222587057,66.7346296,11.21461092,3.074852819,68.55381557,43.38081392,11.88638561,72.67053645,449.2358556,102.0286436,71.51893849,412.5927035,2.033087908,66.17537713,2.77527694,2.222587057,66.7346296,11.21461092,3.074852819,68.55381557,43.38081392,11.88638561,72.67053645,449.2358556,102.0286436,71.51893849,412.5927035,1.975064665,66.0,7.21e-05,122.3315156,5.33e-05,-1.38e-10,-0.000262369,1.985051741,66.0000033,0.017228984,122.3306716,0.037263913,-8.24e-06,-0.00247813,2.076614581,66.18092087,4.031146981,121.8244461,32.39288859,-0.779277695,-0.0365186,8.605224749,73.3363094,24.41595903,119.18007,674.2222427,0.587284827,0.001355357,79.31428291,72.39935363,22.61143965,117.0825719,611.1434989,71.85972812,0.173685556,1.975064665,2.376790648,5.75813367,1.985051741,2.388866656,5.758597962,2.076614581,2.362973936,5.650234299,8.605224749,1.915679824,3.937707847,79.31428291,1.843092667,3.635104353,1.0,66.0,0.0,122.3315168,1.82e-12,-5.55e-119,0.0,1.000000001,66.0,0.0,122.3315168,1.82e-12,3.04e-39,0.0,1.001025087,66.0,0.0,122.3315168,1.42e-06,-6.67e-34,0.0,2.169253467,66.0,0.0,119.9547723,96.83898013,-2.21e-14,0.0,19.42930373,66.00014367,0.041520892,115.2163054,243.4606648,-0.00692072,-0.010682434
1.000000049,60.00000146,4.38e-05,1.00006354,60.00190608,0.05717875,1.083003537,62.29925944,63.69118916,3.295304448,80.31315524,196.7703813,18.82695913,81.2877035,185.4647841,1.000000049,60.00000146,4.38e-05,1.00006354,60.00190608,0.05717875,1.083003537,62.29925944,63.69118916,3.295304448,80.31315524,196.7703813,18.82695913,81.2877035,185.4647841,1.0,60.0,0.0,84.85281374,0.0,0.0,0.0,1.0,60.0,0.0,84.85281374,0.0,0.0,0.0,1.0,60.0,6.74e-07,84.85281374,6.43e-13,-1.17e-138,-2.57e-126,1.064008212,60.0,0.0,84.85281374,4.55e-13,9.01e-46,0.0,4.395168138,60.0,9.54e-07,84.85281374,2.03e-12,-2.71e-31,-2.1e-19,1.0,40.58089995,0.0,1.0,40.58089995,0.0,1.0,40.58089995,2.27e-13,1.064008212,40.55179985,0.018431536,4.395168138,37.50949311,71.97134505,1.0,60.0,0.0,84.85281374,0.0,0.0,0.0,1.0,60.0,0.0,84.85281374,0.0,0.0,0.0,1.0,60.0,6.74e-07,84.85281374,6.43e-13,-1.17e-138,-2.57e-126,1.064008212,60.0,0.0,84.85281374,4.55e-13,9.01e-46,0.0,4.395168115,60.0,6.74e-07,84.85281374,1.87e-12,3.22e-29,3.54e-17
1.025684292,81.59934195,6.250001957,1.171177605,79.66146341,31.9478322,2.528450211,72.33858234,62.02375033,11.74771674,71.29163366,346.3170624,102.4645831,71.20319584,719.2883818,1.025684292,81.59934195,6.250001957,1.171177605,79.66146341,31.9478322,2.528450211,72.33858234,62.02375033,11.74771674,71.29163366,346.3170624,102.4645831,71.20319584,719.2883818,1.0,82.0,9.54e-07,105.2615789,9.09e-13,4.62e-125,0.0,1.000000001,81.99999998,0.000552397,105.2615789,3.05e-07,1.84e-74,0.0,1.001060313,81.98305297,0.520447267,105.2483778,0.270865358,-1.68e-11,-1.24e-08,1.946241434,75.02081744,7.93460344,101.1387596,68.08966205,-3.827803598,-0.094732981,17.29276464,70.49925654,7.177416115,99.97378926,74.84402311,2.270619983,0.042934042,1.0,9.881337881,2.84e-14,1.000000001,9.881337887,3.15e-08,1.001060313,9.886780188,0.027934742,1.946241434,10.84372664,11.53331726,17.29276464,8.693962785,28.74974616,1.0,82.0,9.54e-07,105.2615789,9.09e-13,4.62e-125,0.0,1.000000001,81.99999998,0.000552397,105.2615789,3.05e-07,1.84e-74,0.0,1.001060313,81.98305297,0.520447267,105.2483778,0.270865358,-1.68e-11,-1.24e-08,1.946241434,75.02081744,7.93460344,101.1387596,68.08966205,-3.827803598,-0.094732981,17.29276464,70.49925654,7.177416115,99.97378926,74.84402311,2.270619982,0.042934042
1.0,380.0,0.0,1.0,380.0,0.0,1.000007093,379.9981106,0.582167688,1.913026681,275.4430804,21437.92719,13.94779062,206.8618223,31814.6394,1.0,380.0,0.0,1.0,380.0,0.0,1.000007093,379.9981106,0.582167688,1.913026681,275.4430804,21437.92719,13.94779062,206.8618223,31814.6394,1.0,380.0,0.0,609.0779917,5.82e-11,1.03e-41,0.0,1.0,380.0,0.0,609.0779917,5.82e-11,5.3699999999999996e-30,0.0,1.000007093,379.9981106,0.762999138,609.0768129,0.582167685,-1.44e-14,-3.25e-10,1.845198406,283.3626257,143.0281119,551.0405513,20462.10951,-71.54969995,-0.02344123,10.74035252,250.7198059,181.5240953,405.9989527,44083.87553,-3673.370834,-0.118251534,1.0,18.31458902,0.0,1.0,18.31458902,0.0,1.000007093,18.31450218,0.002310405,1.845198406,16.05073824,166.2031157,10.74035252,15.53972089,437.8903515,1.0,380.0,0.0,609.0779917,5.82e-11,1.03e-41,0.0,1.0,380.0,0.0,609.0779917,5.82e-11,5.3699999999999996e-30,0.0,1.000007093,379.9981106,0.762999138,609.0768129,0.582167685,-1.44e-14,-3.25e-10,1.845198406,283.3626257,143.0281119,551.0405513,20462.10951,-71.54969995,-0.02344123,10.74035252,250.7198059,181.5240953,405.9989527,44083.87553,-3673.370834,-0.118251534
5.024853324,101.8852318,4852.708676,6.131189264,97.19583677,4113.398128,7.985098102,94.53172258,3749.598804,12.37131499,114.0147048,7631.763035,13.81146483,118.7355509,8474.118149,5.024853324,101.8852318,4852.708676,6.131189264,97.19583677,4113.398128,7.985098102,94.53172258,3749.598804,12.37131499,114.0147048,7631.763035,13.81146483,118.7355509,8474.118149,1.0,60.0,0.0,60.0,0.0,0.0,0.0,1.0,60.0,0.0,60.0,0.0,0.0,0.0,1.0,60.0,0.0,60.0,0.0,0.0,0.0,1.0,60.0,0.0,60.0,0.0,0.0,0.0,1.0,60.0,0.0,60.0,0.0,0.0,0.0,1.0,1505661702.0,0.0,1.0,1505661702.0,0.0,1.0,1505661702.0,0.0,1.0,1505661702.0,0.0,1.0,1505661702.0,0.0,1.0,60.0,0.0,60.0,0.0,0.0,0.0,1.0,60.0,0.0,60.0,0.0,0.0,0.0,1.0,60.0,0.0,60.0,0.0,0.0,0.0,1.0,60.0,0.0,60.0,0.0,0.0,0.0,1.0,60.0,0.0,60.0,0.0,0.0,0.0
2.999875234,90.0,4.55e-12,2.999925139,90.0,0.0,2.999975046,90.0,2e-08,3.380775954,88.34346671,46.95174632,20.71038174,79.32638734,203.9098721,2.999875234,90.0,4.55e-12,2.999925139,90.0,0.0,2.999975046,90.0,2e-08,3.380775954,88.34346671,46.95174632,20.71038174,79.32638734,203.9098721,1.0,90.0,0.0,108.1665383,0.0,0.0,0.0,1.0,90.0,0.0,108.1665383,0.0,-3.02e-275,0.0,1.0,90.0,1.65e-06,108.1665383,2.73e-12,-4.07e-74,0.0,1.065370035,89.98134116,0.74794181,108.1621312,0.560821948,-8.63e-05,-0.000579193,5.248653787,85.65110888,10.561907,104.7817421,111.5554291,-1.309867974,-0.161735945,1.0,40.4039731,0.0,1.0,40.4039731,0.0,1.0,40.4039731,2.27e-13,1.065370035,40.33439582,1.223239561,5.248653787,31.1256549,175.8934394,1.0,90.0,0.0,108.1665383,0.0,0.0,0.0,1.0,90.0,0.0,108.1665383,0.0,0.0,0.0,1.0,90.0,1.65e-06,108.1665383,2.73e-12,-4.18e-156,0.0,1.064708068,89.99997672,0.026424789,108.1665331,0.000700154,-1.41e-10,-7.45e-07,3.82918255,88.06929319,7.361628585,106.6637412,54.19451025,-0.395155604,-0.095140659
1.955096789,63.06890986,8.995251432,1.973284888,63.04206223,8.998251758,2.112154204,63.22240235,9.767185799,10.01480159,67.73909653,137.3812396,99.78939252,71.36048753,768.3403322,1.955096789,63.06890986,8.995251432,1.973284888,63.04206223,8.998251758,2.112154204,63.22240235,9.767185799,10.01480159,67.73909653,137.3812396,99.78939252,71.36048753,768.3403322,1.000002636,66.0,0.0,122.3314444,0.003180106,-2.11e-24,0.0,1.000475328,66.0,0.0,122.3216865,0.431854329,4.93e-20,0.0,1.111133268,66.00000011,0.003168613,121.0426593,54.40882235,-1.96e-07,-8.39e-06,7.212375641,67.85453236,12.78357299,114.1431566,345.9689113,-8.20151219,-0.036739598,77.92432977,72.26464506,31.05467139,117.0255313,1103.579935,28.4098524,0.039496256,1.000002636,3.709651939,1.5e-05,1.000475328,3.708624502,0.002590946,1.111133268,3.568517037,0.449826222,7.212375641,2.296202596,4.156624067,77.92432977,1.87839348,4.340653271,1.0,66.0,0.0,122.3315168,1.82e-12,-2.1e-119,0.0,1.000000002,66.0,0.0,122.3315168,1.68e-06,-1.38e-40,0.0,1.002004321,66.0,0.0,122.2982117,1.462088958,3.61e-34,0.0,2.637304636,66.0,0.0,114.8943556,251.1175068,2.95e-15,0.0,19.83781552,66.00272767,0.18089958,114.7484396,254.5262123,-0.074470392,-0.025803572
2.999847968,102.0,3.64e-12,2.999908779,102.0,1.09e-11,2.999999187,101.999597,0.016879969,4.144026286,96.63805212,186.0496685,30.44156172,92.11316994,294.4378791,2.999847968,102.0,3.64e-12,2.999908779,102.0,1.09e-11,2.999999187,101.999597,0.016879969,4.144026286,96.63805212,186.0496685,30.44156172,92.11316994,294.4378791,1.0,102.0,0.0,144.2497834,0.0,0.0,0.0,1.0,102.0,0.0,144.2497834,0.0,0.0,0.0,1.0,102.0,1.35e-06,144.2497834,2.57e-12,-8.689999999999999e-40,-4.78e-28,1.07167593,102.0,1.91e-06,144.2497834,4.07e-12,1.42e-65,5.53e-54,4.21961339,102.0,1.35e-06,144.2497834,1.82e-12,-4.3800000000000004e-29,0.0,1.0,39.02210093,0.0,1.0,39.02210093,0.0,1.0,39.02210093,4.55e-13,1.07167593,39.02236184,1.02e-06,4.21961339,39.02235406,0.005158134,1.0,102.0,0.0,144.2497834,0.0,0.0,0.0,1.0,102.0,0.0,144.2497834,0.0,0.0,0.0,1.0,102.0,1.35e-06,144.2497834,2.57e-12,-8.689999999999999e-40,-4.78e-28,1.07167593,102.0,1.91e-06,144.2497834,4.07e-12,1.42e-65,5.53e-54,4.21961339,102.0,1.35e-06,144.2497834,1.82e-12,-4.3800000000000004e-29,0.0
1.000000028,60.00000108,4.11e-05,1.000029796,60.00112728,0.04283555,1.036672078,61.16135504,42.88920531,4.769194494,85.73023338,392.9345333,32.1101936,91.30928368,310.4560035,1.000000028,60.00000108,4.11e-05,1.000029796,60.00112728,0.04283555,1.036672078,61.16135504,42.88920531,4.769194494,85.73023338,392.9345333,32.1101936,91.30928368,310.4560035,1.000000028,60.00000108,0.006407214,114.9050217,0.162088235,-2.65e-16,-1.03e-13,1.000029796,60.00112728,0.206967461,114.7715661,6.110097877,-1.08e-08,-2.12e-08,1.036015154,61.13545976,6.469791491,111.0414114,178.3850469,-0.297903876,-0.003496679,2.576768118,71.88720838,17.61840502,107.1148158,475.976271,-2.482131548,-0.007416608,12.81060389,75.20344073,18.61680376,106.411962,490.5873709,39.48849472,0.113833362,1.000000028,5.013605765,1.65e-07,1.000029796,5.013536884,0.000210049,1.036015154,5.026819041,1.649268029,2.576768118,8.79020169,61.10879666,12.81060389,12.00862829,82.685925,1.0,60.0,0.0,84.85281374,0.0,0.0,0.0,1.000000129,60.0,0.0,84.85281374,0.0,0.0,0.0,1.005058482,60.0,6.74e-07,84.85281374,6.43e-13,1.54e-162,3.39e-150,1.770700235,60.0,6.74e-07,84.85281374,1.02e-12,-3.6600000000000003e-29,-5.68e-17,7.685188239,60.0,1.17e-06,84.85281374,1.64e-12,1.4e-28,1.26e-16
2.999951249,66.0,0.0,2.999970929,66.0,7.06e-10,3.01228696,65.99922747,0.004851827,9.326778756,68.0831792,187.515021,93.53385382,77.70092033,8414.776006,2.999951249,66.0,0.0,2.999970929,66.0,7.06e-10,3.01228696,65.99922747,0.004851827,9.326778756,68.0831792,187.515021,93.53385382,77.70092033,8414.776006,2.999951249,66.0,0.0,122.3315168,0.0,7.300000000000001e-58,0.0,2.999970929,66.0,0.0,122.3315168,3.86e-10,-1.0100000000000001e-31,0.0,3.01185405,66.00000222,0.014122313,122.330543,0.04286568,-6.8e-09,-2.32e-06,7.943726212,68.40740984,14.52140707,121.8602159,232.7618437,-3.524479648,-0.024449276,70.96733269,72.42522272,30.48761491,128.3769003,8139.628966,92.52525945,0.033748905,2.999951249,2.665275081,14.2075917,2.999970929,2.665287658,14.20762495,3.01185405,2.662077958,14.1808607,7.943726212,2.283906536,10.65982377,70.96733269,3.086966968,3903.437491,1.0,66.0,0.0,122.3315168,0.0,3.71e-163,0.0,1.00000006,66.0,9.54e-07,122.3315168,2.03e-12,-1.42e-116,-1.0999999999999999e-104,1.003929458,66.0,9.54e-07,122.3315168,9.09e-13,-1.74e-135,0.0,2.326294621,66.0,9.54e-07,122.3315168,4.18e-11,7.82e-29,1.27e-17,18.22273202,66.78565651,11.91446459,127.786612,7256.613162,9.520386558,0.009381119
1.000000124,66.0,1.12e-08,1.000124847,66.00000688,0.00061917,1.137484851,66.33573289,30.11050835,10.7158555,71.65132059,473.4707728,96.36301752,70.80287996,383.9246978,1.000000124,66.0,1.12e-08,1.000124847,66.00000688,0.00061917,1.137484851,66.33573289,30.11050835,10.7158555,71.65132059,473.4707728,96.36301752,70.80287996,383.9246978,1.000000124,66.0,0.000105613,122.331514,0.00012338,-4.1e-16,-3.5e-10,1.000124847,66.00000688,0.024883125,122.3290855,0.107088797,-1.98e-08,-2.43e-06,1.136980166,66.33595619,5.488459749,120.687114,84.90211242,-0.644264738,-0.01317535,9.103536515,72.51049613,23.31433233,116.565747,653.6810844,-13.49878962,-0.030384851,75.43454504,71.61897389,21.73175275,117.0442907,578.8147609,54.60161363,0.137346443,1.000000124,4.952477631,2.49e-06,1.000124847,4.95193961,0.002479186,1.136980166,4.441387502,2.063329994,9.103536515,1.803109643,3.686448606,75.43454504,1.938011667,3.674858092,1.0,66.0,1.35e-06,122.3315168,2.57e-12,-7.95e-28,-4.37e-16,1.000000002,66.0,9.54e-07,122.3315168,1.61e-06,8.32e-86,6.88e-77,1.001965761,66.0,9.54e-07,122.2987078,1.440331717,5.52e-16,4.82e-10,2.536851231,66.0,9.54e-07,115.7830622,229.2530345,-4.99e-14,-3.46e-09,19.64774593,66.01115279,0.365662529,115.1526234,245.1511145,-0.153078132,-0.026737192
1.118370461,66.0,0.0,1.277961441,66.0,8.37e-09,1.691692062,65.99763314,0.014199105,8.599095932,67.2076605,116.4639671,97.85367697,70.56835075,344.8560394,1.118370461,66.0,0.0,1.277961441,66.0,8.37e-09,1.691692062,65.99763314,0.014199105,8.599095932,67.2076605,116.4639671,97.85367697,70.56835075,344.8560394,1.00000002,66.0,0.0,122.3315168,2.2e-08,4.4900000000000005e-43,0.0,1.000024701,66.0,1.35e-06,122.3315089,0.000345971,8.84e-20,3.52e-12,1.038402954,66.00000001,0.000989726,122.2098065,5.328666463,-2.2e-08,-9.64e-06,6.219469603,67.694039,12.22401351,116.6726026,287.3974166,-5.861306737,-0.030602517,75.44003518,71.41699089,20.70554757,117.2233002,535.0792356,10.34698436,0.027927776,1.00000002,5.109421905,1.99e-07,1.000024701,5.109345118,0.000239373,1.038402954,5.000935906,0.324065618,6.219469603,2.670447011,4.08655792,75.44003518,1.937180504,3.475017985,1.0,66.0,0.0,122.3315168,1.82e-12,0.0,0.0,1.000000001,66.0,0.0,122.3315168,0.0,3.4e-271,0.0,1.001043223,66.0,0.0,122.3314851,0.001394015,-2.73e-31,0.0,2.267986915,66.00004445,0.023096082,118.6787227,142.4847147,-0.000156427,-0.000567399,19.14754645,66.30590994,1.891385315,116.5033389,214.7178383,-0.735789602,-0.026550317
1.000000094,60.00000396,0.000166269,1.000115925,60.00486827,0.204443595,1.143495577,65.23757182,192.5421502,5.72573355,90.20004163,345.7407998,33.05222144,91.37993354,310.9996597,1.000000094,60.00000396,0.000166269,1.000115925,60.00486827,0.204443595,1.143495577,65.23757182,192.5421502,5.72573355,90.20004163,345.7407998,33.05222144,91.37993354,310.9996597,1.0,60.0,9.54e-07,84.85281374,1.29e-12,7.29e-28,8.02e-16,1.000000001,60.0,5.6e-06,84.85281374,4.6e-11,9.21e-16,2.83e-05,1.000922237,60.00105896,0.200597836,84.85433128,0.057669644,0.001170063,0.028698008,1.970547588,67.71337941,15.2843775,95.76869879,330.5472268,115.386535,0.493669989,12.67726521,74.34306516,18.41079615,105.1174358,481.1104201,131.7388807,0.387248678,1.0,10.12688303,1.42e-14,1.000000001,10.12688303,1.88e-08,1.000922237,10.12272204,0.02969556,1.970547588,11.65877351,50.53289733,12.67726521,12.1361046,82.35903341,1.0,60.0,9.54e-07,84.85281374,1.29e-12,4.75e-29,5.23e-17,1.000000001,60.0,0.0,84.85281374,9.09e-13,-1.3e-92,0.0,1.000894344,60.0,6.74e-07,84.85281374,4.55e-13,2.65e-64,0.0,1.57055861,60.0,0.0,84.85281374,9.09e-13,5.0000000000000004e-29,0.0,7.885653446,60.0,1.17e-06,84.85281374,1.44e-12,7.920000000000001e-29,1.01e-16
1.937633352,66.00000378,0.000340258,1.962236095,66.00255769,0.230185619,2.073961079,67.65781058,146.4641372,9.86556669,73.59496101,626.8219842,101.3734638,71.03164966,404.0002518,1.937633352,66.00000378,0.000340258,1.962236095,66.00255769,0.230185619,2.073961079,67.65781058,146.4641372,9.86556669,73.59496101,626.8219842,101.3734638,71.03164966,404.0002518,1.937633352,66.00000378,0.018446077,122.3315195,0.000340488,-1.51e-11,-2.31e-07,1.962236095,66.00255769,0.479776635,122.3332534,0.230285595,-2.85e-06,-7.21e-05,2.073794391,67.6580428,12.10267518,123.4004577,146.5454897,-0.402013311,-0.015567304,8.37124347,74.86458588,26.8184982,122.624521,766.7354072,-3.139748296,-0.007182515,78.68076162,72.10782152,22.35196436,117.1891502,604.3590555,-3.210555987,-0.007789115,1.937633352,2.192055852,5.038211033,1.962236095,2.220932952,5.041490105,2.073794391,2.243408652,5.028228979,8.37124347,2.099246702,8.314399211,78.68076162,1.875011658,8.642515947,1.937633118,66.0,9.54e-07,122.3315168,9.09e-13,1.76e-102,0.0,1.962099,66.0,0.0,122.3315168,3.64e-12,4.3100000000000004e-148,0.0,1.988180753,66.0,9.54e-07,122.3314812,0.001563254,-3.96e-19,-1.05e-11,3.290848733,66.0,0.000213878,118.3636812,153.0617343,-2.4e-08,-9.06e-06,21.01663844,66.1833632,1.471983798,115.121304,248.2685866,-0.712148297,-0.030705402
1.000038667,66.0,0.0,1.002296415,65.99999999,6.18e-08,1.181452106,65.99708686,0.615424546,9.921590403,69.9852414,360.5974608,98.11699675,70.88122947,387.0481402,1.000038667,66.0,0.0,1.002296415,65.99999999,6.18e-08,1.181452106,65.99708686,0.615424546,9.921590403,69.9852414,360.5974608,98.11699675,70.88122947,387.0481402,1.000038667,66.0,0.0,122.3306421,0.038435305,2.52e-45,0.0,1.002295257,66.0,6.6e-05,122.2877196,1.922073988,-3.32e-12,-3.63e-08,1.169116928,66.00626535,0.750894276,120.3236091,82.98358157,-0.018663121,-0.00272844,7.330906173,71.47188319,21.50646362,118.4611937,546.5372002,8.456113628,0.023043066,75.39793768,71.80848417,21.98552111,117.1505443,586.901239,62.92974466,0.156881376,1.000038667,2.932109201,4.4e-05,1.002295257,2.929866452,0.002761464,1.169116928,2.878977605,0.284830454,7.330906173,2.226338143,3.222154904,75.39793768,1.939036311,271.1840867,1.0,66.0,0.0,122.3315168,0.0,3.35e-74,0.0,1.000000001,66.0,0.0,122.3315168,3.64e-12,-5.100000000000001e-31,0.0,1.001004444,66.0,9.54e-07,122.3314844,0.001421433,3.21e-19,8.92e-12,2.268410388,66.0,4.38e-05,118.6679606,142.8497616,-6.48e-09,-1.24e-05,18.82692142,66.06758079,0.89799905,116.172292,220.0016416,-0.294189533,-0.022087158
2.377159403,74.55552539,29.46929,3.481023848,73.74704303,32.9478407,5.494702235,73.07794763,34.85464371,13.92895321,71.59049404,167.2199963,102.8962543,70.79189321,333.1116998,2.377159403,74.55552539,29.46929,3.481023848,73.74704303,32.9478407,5.494702235,73.07794763,34.85464371,13.92895321,71.59049404,167.2199963,102.8962543,70.79189321,333.1116998,2.377159399,74.5555254,5.428562418,127.1515881,29.46928993,9.43e-15,9.1e-10,3.481014841,73.74706306,5.740014865,126.6792379,32.94777065,2.01e-08,7.17e-06,5.472515389,73.10260532,5.897863327,126.2947311,34.78800286,0.054531784,0.013448818,12.08468262,71.7710319,13.52608139,121.1731901,260.8993731,35.92862027,0.194765525,80.35621854,71.69504948,20.17092239,118.147691,508.2759507,29.85410795,0.084798113,2.377159399,1.15707216,9.110695914,3.481014841,1.348842709,11.2342275,5.472515389,1.510803352,12.93468346,12.08468262,1.623888436,12.80849868,80.35621854,1.841244652,10.10222406,1.463199404,76.10068235,4.380000487,128.0637101,19.18440426,2.36e-286,0.0,1.83152018,75.27603538,5.026687993,127.5753954,25.26759218,9.79e-09,5.42e-06,2.493414273,74.40469206,5.497040669,127.0560897,30.21920084,0.030135547,0.009620407,4.310740931,71.48724312,5.978049881,121.980735,141.2775289,14.25171315,0.203915635,21.57696794,67.51432653,3.984812863,117.3856331,209.9773735,5.988702261,0.103863083
1.059416426,66.0,0.0,1.183832245,66.0,2.04e-08,1.603765368,66.00454187,0.073267663,9.033938672,69.08022933,215.2146882,98.21989255,70.57122221,354.3819091,1.059416426,66.0,0.0,1.183832245,66.0,2.04e-08,1.603765368,66.00454187,0.073267663,9.033938672,69.08022933,215.2146882,98.21989255,70.57122221,354.3819091,1.000000034,66.0,1.35e-06,122.3315168,1.82e-12,3.6800000000000003e-32,0.0,1.000032982,66.0,9.54e-07,122.3315168,4.16e-09,6.13e-19,9.97e-09,1.034231634,66.00001107,0.031566701,122.3286947,0.124335602,-4.43e-06,-0.000398379,6.260686994,69.36474464,17.02290793,118.7435149,369.8365045,23.61160388,0.091499555,75.35483527,71.37626362,21.03965676,116.836992,552.1502452,37.85808715,0.099048388,1.000000034,4.962681057,1.48e-10,1.000032982,4.962683228,1.73e-07,1.034231634,4.957332302,0.030004658,6.260686994,2.656787084,4.207768913,75.35483527,1.939971613,3.648688534,1.0,66.0,0.0,122.3315168,3.64e-12,-1.03e-149,0.0,1.000000001,66.0,1.35e-06,122.3315168,4.07e-12,1.99e-28,7.74e-17,1.00098208,66.0,0.0,122.3314818,0.001536122,2.54e-19,0.0,2.336161216,66.00004039,0.022016368,117.8986458,168.1727242,-0.000950436,-0.003328891,20.19228204,66.18410345,1.474905886,114.9072046,253.2857224,1.236422554,0.052675087
2.964775508,101.9997929,0.008696584,2.980015285,101.9823014,0.743025309,3.104187925,100.5358793,59.18226259,4.944771604,93.55933284,261.9507625,31.65624806,91.51980076,278.9794386,2.964775508,101.9997929,0.008696584,2.980015285,101.9823014,0.743025309,3.104187925,100.5358793,59.18226259,4.944771604,93.55933284,261.9507625,31.65624806,91.51980076,278.9794386,1.0,102.0,0.0,144.2497834,0.0,0.0,0.0,1.0,102.0,0.0,144.2497834,0.0,0.0,0.0,1.0,102.0,0.0,144.2497834,0.0,4.496e-320,0.0,1.072166853,102.0,0.0,144.2497834,3.64e-12,4.93e-34,0.0,4.226271245,102.0,1.91e-06,144.2497834,4.07e-12,-1.44e-29,-5.6e-18,1.0,38.91757011,0.0,1.0,38.91757011,0.0,1.0,38.91757011,2.27e-13,1.072166853,38.93063637,0.004090139,4.226271245,38.95536483,1.039171732,1.0,102.0,0.0,144.2497834,0.0,0.0,0.0,1.0,102.0,0.0,144.2497834,0.0,0.0,0.0,1.0,102.0,0.0,144.2497834,0.0,4.496e-320,0.0,1.072166853,102.0,0.0,144.2497834,3.64e-12,4.93e-34,0.0,4.226271245,102.0,1.91e-06,144.2497834,4.07e-12,-1.44e-29,-5.6e-18
1.000017483,66.00008198,0.001311618,1.001970713,66.01069087,0.170942634,1.262067941,67.16416655,21.34971483,9.676390857,72.7683408,446.459514,99.16004582,71.22350362,386.3244538,1.000017483,66.00008198,0.001311618,1.001970713,66.01069087,0.170942634,1.262067941,67.16416655,21.34971483,9.676390857,72.7683408,446.459514,99.16004582,71.22350362,386.3244538,1.000000713,66.0,1.35e-06,122.3315168,1.83e-07,7.59e-28,1.31e-18,1.000205121,66.00000004,0.001933459,122.3315606,0.000835601,1.63e-15,2.92e-11,1.064216063,66.06535879,2.424462588,122.5052038,8.085385957,0.002204936,0.000385979,6.892627845,73.45240336,24.53771992,121.9715727,658.2151435,-17.8960681,-0.044723219,75.80750364,71.91602174,22.05058443,117.3023123,590.1643003,-5.780766309,-0.014334452,1.000000713,4.083774565,7.13e-07,1.000205121,4.083978872,0.000205159,1.064216063,4.123743169,0.11019269,6.892627845,2.409605973,4.292889831,75.80750364,1.931996518,4.694024459,1.0,66.0,1.65e-06,136.0771804,0.000214902,-1.58e-34,-6.530000000000001e-27,1.000000001,66.00000004,0.001933657,136.0746938,0.150910019,-2.29e-19,-3.05e-16,1.00165383,66.06944102,2.498973822,134.4291577,98.62815331,-0.000336752,-1.36e-05,2.663156922,84.85392225,36.62489069,125.8226545,1514.012281,-86.35595075,-0.088985764,19.66190963,88.2551981,38.82877781,122.3123564,1638.341106,90.43451858,0.091981128
1.0,60.0,0.0,1.0,60.0,1.97e-10,1.00017958,60.00411478,0.105688606,3.927093805,73.65814693,141.5956155,33.80449202,76.46740559,231.0658628,1.0,60.0,0.0,1.0,60.0,1.97e-10,1.00017958,60.00411478,0.105688606,3.927093805,73.65814693,141.5956155,33.80449202,76.46740559,231.0658628,1.0,60.0,0.0,60.0,0.0,0.0,0.0,1.0,60.0,0.0,60.0,0.0,0.0,0.0,1.0,60.0,0.0,60.0,0.0,0.0,0.0,1.00021389,60.0,6.74e-07,60.0,4.55e-13,0.0,0.0,1.482627533,60.0,0.0,60.0,0.0,0.0,0.0,1.0,121.908457,0.0,1.0,121.908457,0.0,1.0,121.908457,0.0,1.00021389,121.9636636,14.24922318,1.482627533,196.9007954,13712.86006,1.0,60.0,0.0,60.0,0.0,0.0,0.0,1.0,60.0,0.0,60.0,0.0,0.0,0.0,1.0,60.0,0.0,60.0,0.0,0.0,0.0,1.00021389,60.0,6.74e-07,60.0,4.55e-13,0.0,0.0,1.482627533,60.0,0.0,60.0,0.0,0.0,0.0
1.000000022,60.00000085,3.22e-05,1.000025666,60.00097527,0.037059463,1.029497469,61.08878732,40.18846026,2.365110439,80.27954902,388.9068492,27.41665618,91.83816629,295.330716,1.000000022,60.00000085,3.22e-05,1.000025666,60.00097527,0.037059463,1.029497469,61.08878732,40.18846026,2.365110439,80.27954902,388.9068492,27.41665618,91.83816629,295.330716,1.000000022,60.00000085,0.005678654,84.85281513,5.33e-05,8.2e-13,2.22e-08,1.000025666,60.00097527,0.192508344,84.85431716,0.057322838,1.03e-06,2.56e-05,1.029497469,61.08878732,6.339436899,86.43496589,58.36977337,1.180808273,0.028628538,1.949187538,75.64478054,18.70140375,107.0096025,494.8220889,111.8991175,0.319810457,11.23589995,77.20426303,18.91492138,108.9385105,505.0107432,84.21737476,0.235840098,1.000000022,5.083265514,8.96e-06,1.000025666,5.083779257,0.010301362,1.029497469,5.657303307,11.171125,1.949187538,13.28356377,96.9255784,11.23589995,13.79204773,100.0893712,1.0,60.0,0.0,84.85281374,0.0,-5.46e-301,0.0,1.0,60.0,0.0,84.85281374,0.0,0.0,0.0,1.000000001,60.0,6.74e-07,84.85281374,6.43e-13,-4.0199999999999996e-228,-8.84e-216,1.146697768,60.0,6.74e-07,84.85281374,1.44e-12,4.25e-29,5.4e-17,6.148872353,60.0,9.54e-07,84.85281374,9.09e-13,1.1700000000000001e-29,0.0
1.450680234,93.92613339,1733.483079,1.631524298,100.1706279,1907.724699,2.239292542,100.2609716,1909.673268,9.506265654,76.83617287,845.8228271,98.97171445,73.57254306,584.0309632,1.450680234,93.92613339,1733.483079,1.631524298,100.1706279,1907.724699,2.239292542,100.2609716,1909.673268,9.506265654,76.83617287,845.8228271,98.97171445,73.57254306,584.0309632,1.450669702,93.92633615,41.63520148,151.5940768,1733.49001,-0.200392627,-0.011961973,1.630492674,100.1922479,43.6828627,155.409775,1908.195696,-4.631429987,-0.056707199,2.138246329,101.880028,44.06615607,152.6644325,1947.03422,-37.78488686,-0.071876572,7.867887475,78.86704717,31.50305657,125.5458588,1040.172241,277.7002555,0.499473801,77.29644537,75.10678184,26.87132958,119.0473498,801.3693733,76.82468093,0.153350692,1.450669702,0.762176388,0.627692629,1.630492674,0.893631022,0.698175419,2.138246329,1.188305647,0.868206048,7.867887475,2.062006983,2.96191026,77.29644537,1.89106293,3.597705039,1.450132433,93.93668275,41.63944289,151.6083539,1733.843204,-0.000621412,-0.000367522,1.619574794,100.4227447,43.73924634,155.7030075,1913.121739,-0.234132438,-0.007478317,1.902849226,106.3186638,44.75583863,157.46645,2008.160411,-67.94716307,-0.127097192,3.412867498,95.66316089,42.30498059,132.9313509,1922.54118,129.3049005,0.11534273,22.39147646,97.17876651,42.46985213,127.9898508,1903.942354,71.82093133,0.068488984
2.112749773,66.33587876,5.531283676,2.361972499,67.17611907,27.66472195,3.47867809,72.43662134,355.7403335,12.1850832,74.05572582,561.6785259,99.97512082,70.91323494,372.3929297,2.112749773,66.33587876,5.531283676,2.361972499,67.17611907,27.66472195,3.47867809,72.43662134,355.7403335,12.1850832,74.05572582,561.6785259,99.97512082,70.91323494,372.3929297,2.000214156,66.00385447,0.588971676,122.3344653,0.347280386,2.03e-06,2.69e-05,2.008290465,66.16259056,3.821873169,122.4504645,14.61866507,0.008137027,0.002769507,2.357738866,71.86552089,22.2146921,126.5537706,493.8788279,12.16583859,0.123923956,9.356475718,74.76026713,26.66193608,121.3208783,776.3456866,198.4420088,0.421318695,77.74071417,71.62898054,21.46106112,116.9608229,568.6573221,77.93836272,0.198854303,2.000214156,1.292611732,1.670884418,2.008290465,1.291678031,1.669011013,2.357738866,1.319770915,1.758441862,9.356475718,1.741777591,3.289499012,77.74071417,1.880186255,3.57665156,1.0,66.0,0.0,122.3315168,0.0,0.0,0.0,1.000000002,66.0,0.0,122.3315167,2.03e-06,3.08e-181,0.0,1.002149514,66.0,1.35e-06,122.2960655,1.556201786,5.96e-16,3.54e-10,2.646687984,66.01864858,0.472689265,114.9340181,250.4410959,-0.077440168,-0.010352323,20.75875872,66.34813959,2.014069003,114.8127661,257.6217482,1.215681858,0.037608088
2.113381402,108.5857822,2019.171552,2.409589848,103.350755,1966.489051,2.946565955,96.54404581,1816.024284,11.20162541,75.66423832,743.6943739,106.5088469,74.43491006,4171.849332,2.113381402,108.5857822,2019.171552,2.409589848,103.350755,1966.489051,2.946565955,96.54404581,1816.024284,11.20162541,75.66423832,743.6943739,106.5088469,74.43491006,4171.849332,2.113381402,108.5857822,44.9351928,149.6643981,2019.171554,0.032458017,0.002569413,2.409589755,103.3507564,44.34511329,145.8556878,1966.491297,1.489434101,0.019529436,2.942039241,96.59102653,42.63075736,139.1873466,1819.875835,59.25849307,0.142427611,9.353603545,77.22898092,29.43479891,119.9805897,918.0322794,107.8054833,0.210227498,81.38254498,76.54134988,73.64498422,120.9114033,5913.929061,49.05689159,0.01371835,2.113381402,0.80577544,1.367506167,2.409589755,0.877543143,1.469107193,2.942039241,1.03853945,1.683538391,9.353603545,1.749049221,3.487418522,81.38254498,1.797809675,4.077763603,1.00003891,155.9964982,0.561381835,169.3839055,0.315149564,-1.83e-47,0.0,1.00225964,155.7970909,4.268565145,169.2002764,18.2206484,1.64e-17,2.85e-12,1.131227845,145.5595693,28.82075939,159.8236161,830.6361716,-1.08e-06,-8.4e-06,2.548262893,106.3646011,44.76061964,128.1094762,2019.958634,-50.05962111,-0.069731505,20.0026544,91.431106,40.34231833,123.1762933,1735.154768,60.47302798,0.061111727
1.835465679,63.26962134,8.927304334,1.904064649,63.17147319,8.970596947,2.262192149,63.43898344,8.807299583,10.47463285,67.23794114,165.6790362,102.8337934,73.34504098,752.7686511,1.835465679,63.26962134,8.927304334,1.904064649,63.17147319,8.970596947,2.262192149,63.43898344,8.807299583,10.47463285,67.23794114,165.6790362,102.8337934,73.34504098,752.7686511,1.000000409,66.0,0.0,95.60006531,106.9935924,-8.25e-44,0.0,1.000189752,66.0,0.0,99.85403234,250.706332,2.0500000000000003e-31,0.0,1.11231534,66.00000012,0.003174013,107.9226331,341.4595504,3.22e-07,5.48e-06,7.274488563,68.70694596,14.8262302,113.5528715,393.8495235,-0.407417467,-0.001520086,79.44655983,75.17575889,30.7284363,117.2545825,1075.119664,-19.21634492,-0.027580769,1.000000409,4.279940684,4.87e-06,1.000189752,4.2793682,0.00217054,1.11231534,4.021401985,1.005271996,7.274488563,2.304645608,4.991812362,79.44655983,1.84333577,14064.38575,1.0,66.0,0.0,122.3315168,1.82e-12,6.3100000000000006e-58,0.0,1.000000001,66.0,0.0,122.3315168,3.64e-12,1.08e-34,0.0,1.000962798,66.00000001,0.000413476,122.3315168,1.36e-06,1.8e-10,0.000373521,2.209400551,66.69566898,2.804295348,120.5891084,87.68960455,3.413676302,0.130257062,20.14819639,66.6282781,2.672987246,115.9978941,233.0997808,7.03403822,0.172400674
2.000206834,66.00037429,0.005988426,2.007802932,66.02011377,0.32141582,2.318301741,66.93973185,14.15620274,10.79410971,69.75218412,229.2388741,106.6760889,71.14080188,331.4311547,2.000206834,66.00037429,0.005988426,2.007802932,66.02011377,0.32141582,2.318301741,66.93973185,14.15620274,10.79410971,69.75218412,229.2388741,106.6760889,71.14080188,331.4311547,2.0,66.0,1.35e-06,122.3315168,9.28e-12,1.2400000000000001e-27,3.04e-16,2.000000011,66.0,0.0,122.3315167,4.05e-06,1.27e-15,0.0,2.007873621,66.00005597,0.070976166,122.28065,2.233568685,0.001275408,0.012023681,8.113614579,69.37435391,16.81984546,116.2735306,407.4198719,72.85024343,0.252954199,83.74181467,71.93975727,20.0954405,117.9325864,508.1732685,44.09720474,0.124938218,2.0,4.650476456,21.62693126,2.000000011,4.650476436,21.62693126,2.007873621,4.637386786,21.62316099,8.113614579,2.348018702,14.52149833,83.74181467,1.768203397,10.23419624,1.0,66.0,9.54e-07,122.3315168,5.53e-12,5.421e-320,2.43e-308,1.000000002,66.0,0.0,122.3315168,1.61e-06,-4.43e-40,0.0,1.002027581,66.0,0.0,122.2986887,1.441166003,-5e-39,0.0,2.568115915,66.12688154,1.227387292,115.9270425,227.3966656,-0.352041025,-0.019020607,21.97997479,67.35861131,3.802303387,116.7320991,225.2673824,1.492668104,0.026182763
1.157294044,65.18450797,4.227934145,1.329664093,64.51287561,6.740583483,1.77353156,64.50961711,87.43991964,10.93089997,73.65403782,627.7075954,103.8333341,73.62016106,612.1982873,1.157294044,65.18450797,4.227934145,1.329664093,64.51287561,6.740583483,1.77353156,64.50961711,87.43991964,10.93089997,73.65403782,627.7075954,103.8333341,73.62016106,612.1982873,1.0,66.0,9.54e-07,99.77611021,63.31394469,-6.03e-14,-7.94e-09,1.000000002,66.00000001,0.000382845,99.52862885,63.75202303,-8.31e-08,-2.72e-05,1.001838054,66.01326144,0.460442289,99.19312088,63.99895848,-0.104473959,-0.028362701,2.649567008,69.37823438,6.529876151,99.77840026,72.59897073,-4.813630067,-0.096168818,18.34723848,69.97787279,6.915379798,99.8854878,74.08105946,2.1624077,0.041571878,1.0,9.996629953,9.95e-14,1.000000002,9.996629941,1.05e-07,1.001838054,9.982972261,0.115582785,2.649567008,7.673812866,23.74056321,18.34723848,8.188170638,29.44819064,1.0,66.0,9.54e-07,99.77611021,63.31394469,-6.03e-14,-7.94e-09,1.000000002,66.00000001,0.000382845,99.52862885,63.75202303,-8.31e-08,-2.72e-05,1.001838054,66.01326144,0.460442289,99.19312088,63.99895848,-0.104473959,-0.028362701,2.649567008,69.37823438,6.529876151,99.77840026,72.59897073,-4.813630067,-0.096168818,18.34723848,69.97787279,6.915379798,99.8854878,74.08105946,2.1624077,0.041571878
1.0,102.0,0.0,1.0,102.0,0.0,1.000000101,101.9999959,0.000172162,1.8654642,93.86141018,262.4046843,30.38852992,89.20072574,332.228097,1.0,102.0,0.0,1.0,102.0,0.0,1.000000101,101.9999959,0.000172162,1.8654642,93.86141018,262.4046843,30.38852992,89.20072574,332.228097,1.0,102.0,0.0,144.2497834,0.0,0.0,0.0,1.0,102.0,0.0,144.2497834,0.0,0.0,0.0,1.0,102.0,0.0,144.2497834,3.64e-12,0.0,0.0,1.071702531,102.0,1.35e-06,144.2497834,1.82e-12,-2.25e-43,0.0,4.219830727,102.0,1.35e-06,144.2497834,4.07e-12,1.6e-28,6.23e-17,1.0,39.01752305,0.0,1.0,39.01752305,0.0,1.0,39.01752305,0.0,1.071702531,39.01736669,4.53e-07,4.219830727,39.02002874,0.000120162,1.0,102.0,0.0,144.2497834,0.0,0.0,0.0,1.0,102.0,0.0,144.2497834,0.0,0.0,0.0,1.0,102.0,0.0,144.2497834,3.64e-12,0.0,0.0,1.071702531,102.0,1.35e-06,144.2497834,1.82e-12,-2.25e-43,0.0,4.219830727,102.0,1.35e-06,144.2497834,4.07e-12,1.6e-28,6.23e-17
1.002031893,66.00019604,0.017643978,1.025226985,66.03522239,3.168774794,1.556714305,70.26414982,365.5904588,11.2801628,73.2892079,564.6766119,100.6048354,71.83684491,434.9087058,1.002031893,66.00019604,0.017643978,1.025226985,66.03522239,3.168774794,1.556714305,70.26414982,365.5904588,11.2801628,73.2892079,564.6766119,100.6048354,71.83684491,434.9087058,1.000005719,66.00019644,0.132965135,122.331666,0.017703272,1e-08,2.5e-06,1.00101635,66.03607428,1.801494995,122.3562904,3.25177745,0.000226681,0.000278722,1.267414274,71.23748472,21.06993884,124.5798765,452.124117,-3.432472716,-0.01760543,9.427650645,74.55332772,25.70418625,119.509859,746.3965307,12.07502116,0.025209744,79.1110554,72.79553898,23.11099825,117.5185586,630.3518461,41.12355398,0.097254154,1.000005719,3.627296889,5.41e-05,1.00101635,3.624351723,0.009361811,1.267414274,3.058883936,1.652292383,9.427650645,1.739295428,3.603978773,79.1110554,1.84857066,2425.431399,1.0,66.0,9.54e-07,122.3315168,3.75e-12,-1.39e-88,-7.62e-77,1.000000001,66.0,0.0,122.3315168,1.2e-06,1.9000000000000002e-58,0.0,1.001788509,66.0,0.0,122.3017359,1.307516206,-3.76e-28,0.0,2.527621829,66.00003659,0.020953195,115.7613036,229.815915,-0.00057194,-0.001800572,20.75984389,66.1787205,1.454068081,114.2511546,267.8263532,1.554413746,0.06532238
