115.90183966015816,419.891383393162,48264.5355555781,204.81337542803752,392.6686931426832,53669.87501520215,633.4670000649282,379.11549898742624,55808.33437187268,6464.094903361332,383.62082855217386,55135.49725084176,48788.57813684671,382.9750840455775,55233.542403526015,115.90183966015816,419.891383393162,48264.5355555781,204.81337542803752,392.6686931426832,53669.87501520215,633.4670000649282,379.11549898742624,55808.33437187268,6464.094903361332,383.62082855217386,55135.49725084176,48788.57813684671,382.9750840455775,55233.542403526015,84.43739557309064,554.0000000000003,2.0185480583683703e-05,554.0000000000003,4.07453626394272e-10,0.0,0.0,137.9250970481309,554.0000000000007,2.642899791822628e-05,554.0000000000007,6.984919309616089e-10,0.0,0.0,409.2087224084263,553.9999998681823,0.0080695843035707,553.9999998681823,6.511819083243608e-05,0.0,0.0,4234.781277518358,553.9751516654844,3.50349251626282,553.9751516654844,12.274459811509589,0.0,0.0,31899.60829005372,553.9606241450823,4.41022923092155,553.9606241450823,19.45012186927488,0.0,0.0,84.43739557309064,0.0035230700213796,5.355315565740255e-05,137.9250970481309,0.0035623860472374,6.413684969883417e-05,409.2087224084263,0.0035576254580627,8.222599978326653e-05,4234.781277518358,0.2117381005708867,314086868.8563655,31899.60829005372,11252.386740990132,16964595728779.99,1.0,554.0,0.0,554.0,0.0,0.0,0.0,1.0,554.0,0.0,554.0,0.0,0.0,0.0,1.0,554.0,0.0,554.0,0.0,0.0,0.0,1.0,554.0,0.0,554.0,0.0,0.0,0.0,1.0,554.0,0.0,554.0,0.0,0.0,0.0
106.89828548383622,495.4437440810888,25497.932503899967,189.13813026018445,455.3080541130397,39013.233842477406,613.1876747070097,406.0164075886845,51199.01047346032,6382.670408980865,384.89082909506175,54937.22730810317,50427.14927247804,383.1750290326075,55202.89118125706,106.89828548383622,495.4437440810888,25497.932503899967,189.13813026018445,455.3080541130397,39013.233842477406,613.1876747070097,406.0164075886845,51199.01047346032,6382.670408980865,384.89082909506175,54937.22730810317,50427.14927247804,383.1750290326075,55202.89118125706,95.11997772296894,549.3628585014583,47.63659117739213,549.3628585014583,2269.244819001993,0.0,0.0,152.28573675527824,550.9692870569033,38.57443418828567,550.9692870569033,1487.9869729463824,0.0,0.0,430.46162289572914,552.8781067421982,23.515029765492383,552.8781067421982,552.956624871993,0.0,0.0,4198.642332929363,553.8748593276639,7.861541321307714,553.8748593276639,61.80383194662864,0.0,0.0,32991.952743258924,553.9511740962628,4.91096858858723,553.9511740962628,24.117612478090447,0.0,0.0,95.11997772296894,0.0030758462191116,1.60422040397831e-05,152.28573675527824,0.0031925533200904,2.4234429676088304e-05,430.46162289572914,0.0033700934147816,4.321662724397305e-05,4198.642332929363,0.0684145791395128,97959919.42154808,32991.952743258924,9674.970605313643,14586427954933.932,1.0,554.0,0.0,554.0,0.0,0.0,0.0,1.0,554.0,0.0,554.0,0.0,0.0,0.0,1.0,554.0,0.0,554.0,0.0,0.0,0.0,1.0,554.0,0.0,554.0,0.0,0.0,0.0,1.0,554.0,0.0,554.0,0.0,0.0,0.0
153.0868513106598,332.04027781352687,60381.95214012881,242.93326316797592,338.08438482108465,60042.386082566016,671.2690739420804,363.680797863653,57793.71361658629,6424.442578636928,381.28597879033487,55487.6569620836,54120.26237822157,382.9731287507305,55233.84949663142,153.0868513106598,332.04027781352687,60381.95214012881,242.93326316797592,338.08438482108465,60042.386082566016,671.2690739420804,363.680797863653,57793.71361658629,6424.442578636928,381.28597879033487,55487.6569620836,54120.26237822157,382.9731287507305,55233.84949663142,84.30319680681454,553.999999995508,0.0014896673671209,553.999999995508,2.2191088646650314e-06,0.0,0.0,136.75254769456922,553.9999877389755,0.0778263811079247,553.9999877389755,0.0060569455963559,0.0,0.0,412.66264255319305,553.9820094871704,2.9811054458741246,553.9820094871704,8.886989679420367,0.0,0.0,4178.930668306366,553.9165661917393,6.419450138453838,553.9165661917393,41.20934008009499,0.0,0.0,35385.96654293244,553.9531771659243,4.809187837172293,553.9531771659243,23.128287653205923,0.0,0.0,84.30319680681454,0.0037391735279269,0.0002030698934444,136.75254769456922,0.0036858094706401,0.0001667502531238,412.66264255319305,0.003535680612907,0.0001054723950147,4178.930668306366,0.0064392275579281,4497947.249051637,35385.96654293244,6625.503787427253,9988930952634.531,1.0,554.0,0.0,554.0,0.0,0.0,0.0,1.0,554.0,0.0,554.0,0.0,0.0,0.0,1.0,554.0,0.0,554.0,0.0,0.0,0.0,1.0,554.0,0.0,554.0,0.0,0.0,0.0,1.0,554.0,0.0,554.0,0.0,0.0,0.0
177.31186318788244,74.03656836664055,23.06705390508978,292.7957242937092,74.26198875349323,203.90917357626225,846.0739640511522,75.43406891257217,1159.1153153001617,7312.488861692578,75.04483558818768,778.4382570109102,23139.526257905967,74.5335579586045,373.1738802791124,177.31186318788244,74.03656836664055,23.06705390508978,292.7957242937092,74.26198875349323,203.90917357626225,846.0739640511522,75.43406891257217,1159.1153153001617,7312.488861692578,75.04483558818768,778.4382570109102,23139.526257905967,74.5335579586045,373.1738802791124,177.23803790849453,73.99999999974784,5.944994878962975e-05,95.26804291032056,3.5342978446083634e-09,-3.2511886697497933e-23,-3.065184205490178e-13,292.4880553495752,73.99999961768609,0.0023135230824133,95.26804261355196,5.352389052875754e-06,-4.374101460756917e-20,-5.206320838360957e-12,843.4550388364528,73.99966820336165,0.0681545511846944,95.26778518579935,0.0046450428471871,-3.29129456207302e-18,-2.923554376916282e-11,7285.79366766888,73.99811295258162,0.1625272372600603,95.26657714299948,0.0264151028513879,6.229840823964119e-17,5.5209368017730745e-11,23064.23190849651,73.99800856303716,0.1669615272645082,95.2664960586632,0.0278761515864971,-5.495878493492561e-16,-9.394068935115124e-10,177.23803790849468,0.0016477208772526,8.837833017681136e-06,292.48805534957563,0.0016568235903752,9.544781407492425e-06,843.4550388364547,0.0017159251179534,1.7530315388597022,7285.7936676690015,6262.506539304272,9430753044594.562,23064.231908495763,46026.04123046783,69309130624593.73,1.0,74.0,0.0,74.0,0.0,0.0,0.0,1.0,74.0,0.0,74.0,0.0,0.0,0.0,1.0,74.0,0.0,74.0,0.0,0.0,0.0,1.0,74.0,0.0,74.0,0.0,0.0,0.0,1.0,74.0,0.0,74.0,0.0,0.0,0.0
110.2880770021951,491.020049317525,27145.621389528416,193.1784626430028,448.3744963926581,41022.23805622195,615.3683047002926,400.5640263434345,52253.01955257267,6366.664662720626,383.86830575288695,55095.99971663186,61801.65117312346,383.39515930140817,55169.365650095286,110.2880770021951,491.020049317525,27145.621389528416,193.1784626430028,448.3744963926581,41022.23805622195,615.3683047002926,400.5640263434345,52253.01955257267,6366.664662720626,383.86830575288695,55095.99971663186,61801.65117312346,383.39515930140817,55169.365650095286,96.2274744410352,553.9999999999999,1.0789593218788871e-05,553.9999999999999,1.1641532182693479e-10,0.0,0.0,151.87364818438127,553.9999999999999,1.3214498959113138e-05,553.9999999999999,1.7462298274040222e-10,0.0,0.0,424.23054692326247,553.9999998908787,0.0073420545847873,553.9999998908787,5.390576552599669e-05,0.0,0.0,4174.1135412284,553.9734462554346,3.621718475267694,553.9734462554346,13.116844714095349,0.0,0.0,40460.84249516668,553.9564757897389,4.636708478293072,553.9564757897389,21.49906551267486,0.0,0.0,96.2274744410352,0.0030771117337709,4.282933724094212e-05,151.87364818438127,0.0032379506084225,6.513525815134034e-05,424.23054692326247,0.0034312221794392,7.885828840041002e-05,4174.1135412284,0.0034597131833209,2.5007047108068954,40460.84249516668,1372.3633521463155,2069044677296.192,1.0,554.0,0.0,554.0,0.0,0.0,0.0,1.0,554.0,0.0,554.0,0.0,0.0,0.0,1.0,554.0,0.0,554.0,0.0,0.0,0.0,1.0,554.0,0.0,554.0,0.0,0.0,0.0,1.0,554.0,0.0,554.0,0.0,0.0,0.0
123.63574650677364,344.2218544479828,59623.51431678327,213.8851907355068,354.7730704116205,58726.54219747348,653.2926693779268,394.156187499786,53411.48940866065,3396.590985128312,418.83283204591135,48498.034070701775,4596.8832428058,420.4087598136247,48142.64940614131,123.63574650677364,344.2218544479828,59623.51431678327,213.8851907355068,354.7730704116205,58726.54219747348,653.2926693779268,394.156187499786,53411.48940866065,3396.590985128312,418.83283204591135,48498.034070701775,4596.8832428058,420.4087598136247,48142.64940614131,71.13355521272939,553.9999999998123,0.0003044118857308,553.9999999998123,9.266659617424013e-08,0.0,0.0,127.6265397997743,553.9999982351086,0.0295272117078876,553.9999982351086,0.0008718562312424,0.0,0.0,441.9105904405776,553.991395944277,2.0616327261145964,553.991395944277,4.250329497386701,0.0,0.0,2467.775443614382,553.8769582843645,7.795349143009315,553.8769582843645,60.76746826141607,0.0,0.0,3354.6186537617505,553.8597357809363,8.322911159284331,553.8597357809363,69.27085016533965,0.0,0.0,71.13355521272939,0.0042181178097914,28.15113846984236,127.6265397997743,0.0147988640888305,16506019.15833632,441.9105904405776,3326.2984373100176,5014897534149.796,2467.775443614382,305418.8939165676,460373319880155.6,3354.6186537617505,419323.318096022,632019448590662.8,1.0,554.0,0.0,554.0,0.0,0.0,0.0,1.0,554.0,0.0,554.0,0.0,0.0,0.0,1.0,554.0,0.0,554.0,0.0,0.0,0.0,1.0,554.0,0.0,554.0,0.0,0.0,0.0,1.0,554.0,0.0,554.0,0.0,0.0,0.0
1.0,60.0,0.0,1.0,60.0,0.0,1.0,60.0,0.0,1.0,60.0,0.0,1.0,60.0,0.0,1.0,60.0,0.0,1.0,60.0,0.0,1.0,60.0,0.0,1.0,60.0,0.0,1.0,60.0,0.0,1.0,60.0,0.0,60.0,0.0,0.0,0.0,1.0,60.0,0.0,60.0,0.0,0.0,0.0,1.0,60.0,0.0,60.0,0.0,0.0,0.0,1.0,60.0,0.0,60.0,0.0,0.0,0.0,1.0,60.0,0.0,60.0,0.0,0.0,0.0,1.0,1505913535.251611,0.0,1.0,1505913535.251611,0.0,1.0,1505913535.251611,0.0,1.0,1505913535.251611,0.0,1.0,1505913535.251611,0.0,1.0,60.0,0.0,60.0,0.0,0.0,0.0,1.0,60.0,0.0,60.0,0.0,0.0,0.0,1.0,60.0,0.0,60.0,0.0,0.0,0.0,1.0,60.0,0.0,60.0,0.0,0.0,0.0,1.0,60.0,0.0,60.0,0.0,0.0,0.0
1.0,60.0,0.0,1.0,60.0,0.0,1.0,60.0,0.0,1.0,60.0,0.0,1.0,60.0,0.0,1.0,60.0,0.0,1.0,60.0,0.0,1.0,60.0,0.0,1.0,60.0,0.0,1.0,60.0,0.0,1.0,60.0,0.0,60.0,0.0,0.0,0.0,1.0,60.0,0.0,60.0,0.0,0.0,0.0,1.0,60.0,0.0,60.0,0.0,0.0,0.0,1.0,60.0,0.0,60.0,0.0,0.0,0.0,1.0,60.0,0.0,60.0,0.0,0.0,0.0,1.0,1505913544.808193,0.0,1.0,1505913544.808193,0.0,1.0,1505913544.808193,0.0,1.0,1505913544.808193,0.0,1.0,1505913544.808193,0.0,1.0,60.0,0.0,60.0,0.0,0.0,0.0,1.0,60.0,0.0,60.0,0.0,0.0,0.0,1.0,60.0,0.0,60.0,0.0,0.0,0.0,1.0,60.0,0.0,60.0,0.0,0.0,0.0,1.0,60.0,0.0,60.0,0.0,0.0,0.0
100.98202621853498,372.76011034223205,56684.60788777744,165.01302618136984,394.6060071014373,53334.18751974296,562.2894840418874,417.2053443563562,48863.78207522086,6439.304833163753,432.405288737234,45281.73235276358,21457.064426439312,430.9613350251575,45640.12920954952,100.98202621853498,372.76011034223205,56684.60788777744,165.01302618136984,394.6060071014373,53334.18751974296,562.2894840418874,417.2053443563562,48863.78207522086,6439.304833163753,432.405288737234,45281.73235276358,21457.064426439312,430.9613350251575,45640.12920954952,63.933505042552135,553.999971402638,0.1188574605500877,553.999971402638,0.0141270959284156,0.0,0.0,111.77048969047873,553.9975655754567,1.0966311128052473,553.9975655754567,1.2025997975724751,0.0,0.0,406.6666051473187,553.9004241626641,7.012884449145495,553.9004241626641,49.18054829706671,0.0,0.0,4855.241350693867,553.9035005691678,6.903724117470106,553.9035005691678,47.66140669013839,0.0,0.0,16115.10607025996,553.9236152040563,6.142332989942293,553.9236152040563,37.72825455933344,0.0,0.0,63.933505042552135,0.0048113403342044,0.0001597558687847,111.77048969047873,0.0044713619470246,0.0001487750164856,406.6666051473187,0.0035868630208166,0.0774964164485581,4855.241350693867,6400.678511027042,9649975521045.22,16115.10607025996,63457.43742702193,95667950327359.12,1.0,554.0,0.0,554.0,0.0,0.0,0.0,1.0,554.0,0.0,554.0,0.0,0.0,0.0,1.0,554.0,0.0,554.0,0.0,0.0,0.0,1.0,554.0,0.0,554.0,0.0,0.0,0.0,1.0,554.0,0.0,554.0,0.0,0.0,0.0
124.93376092775516,420.97109128271165,48019.59035182782,216.54308529254644,395.24844810886833,53221.21140616792,651.8075636321511,383.0354027596237,55227.573939571856,6399.52755218217,382.5925915575705,55291.627576375584,38044.283766321714,382.1393004594591,55359.82931212586,124.93376092775516,420.97109128271165,48019.59035182782,216.54308529254644,395.24844810886833,53221.21140616792,651.8075636321511,383.0354027596237,55227.573939571856,6399.52755218217,382.5925915575705,55291.627576375584,38044.283766321714,382.1393004594591,55359.82931212586,91.2904372877433,553.9999999999997,1.52587890625e-05,553.9999999999997,2.3283064365386963e-10,0.0,0.0,146.95492569419315,553.9999999999993,2.642899791822628e-05,553.9999999999993,6.984919309616089e-10,0.0,0.0,426.22845205045405,553.9999999998911,0.0002312851927371,553.9999999998911,5.349284037947656e-08,0.0,0.0,4179.043725831338,553.9877275106201,2.462206152806976,553.9877275106201,6.062459138920532,0.0,0.0,24810.0641547593,553.9644317240173,4.191594354593902,553.9644317240173,17.569463233463463,0.0,0.0,91.2904372877433,0.0032489420675978,4.368879765029396e-05,146.95492569419315,0.0033379903128996,5.57493823868284e-05,426.22845205045405,0.0034164122418777,8.24565245607993e-05,4179.043725831338,41.82050711188096,63045723535.39971,24810.0641547593,24552.019542995546,37015389708221.18,1.0,554.0,0.0,554.0,0.0,0.0,0.0,1.0,554.0,0.0,554.0,0.0,0.0,0.0,1.0,554.0,0.0,554.0,0.0,0.0,0.0,1.0,554.0,0.0,554.0,0.0,0.0,0.0,1.0,554.0,0.0,554.0,0.0,0.0,0.0
1.0,60.0,0.0,1.0,60.0,0.0,1.0,60.0,0.0,1.0,60.0,0.0,1.0,60.0,0.0,1.0,60.0,0.0,1.0,60.0,0.0,1.0,60.0,0.0,1.0,60.0,0.0,1.0,60.0,0.0,1.0,60.0,0.0,60.0,0.0,0.0,0.0,1.0,60.0,0.0,60.0,0.0,0.0,0.0,1.0,60.0,0.0,60.0,0.0,0.0,0.0,1.0,60.0,0.0,60.0,0.0,0.0,0.0,1.0,60.0,0.0,60.0,0.0,0.0,0.0,1.0,1505913578.266299,0.0,1.0,1505913578.266299,0.0,1.0,1505913578.266299,0.0,1.0,1505913578.266299,0.0,1.0,1505913578.266299,0.0,1.0,60.0,0.0,60.0,0.0,0.0,0.0,1.0,60.0,0.0,60.0,0.0,0.0,0.0,1.0,60.0,0.0,60.0,0.0,0.0,0.0,1.0,60.0,0.0,60.0,0.0,0.0,0.0,1.0,60.0,0.0,60.0,0.0,0.0,0.0
169.97615360268287,231.6145603885412,55326.03549458712,260.11284097593983,277.16607277001856,60118.936786028586,753.5762014979683,338.69104649128354,60004.66452823994,6538.304389984862,377.0297746534644,56102.237037221086,60566.43303348917,383.2291297221057,55194.87667147961,169.97615360268287,231.6145603885412,55326.03549458712,260.11284097593983,277.16607277001856,60118.936786028586,753.5762014979683,338.69104649128354,60004.66452823994,6538.304389984862,377.0297746534644,56102.237037221086,60566.43303348917,383.2291297221057,55194.87667147961,59.04935805072793,553.9999999999999,1.0789593218788871e-05,553.9999999999999,1.1641532182693479e-10,0.0,0.0,114.34753876881148,553.9999999999999,1.0789593218788871e-05,553.9999999999999,1.1641532182693479e-10,0.0,0.0,425.1314133580594,553.9999999597417,0.0044595622082198,553.9999999597417,1.9887695088982585e-05,0.0,0.0,4196.143842299201,553.9773251698591,3.3467673870372923,553.9773251698591,11.200851942936422,0.0,0.0,39631.60545983362,553.959489011352,4.473341843959481,553.959489011352,20.010787252918817,0.0,0.0,59.04935805072793,0.0059472852842328,0.0007292373073917,114.34753876881148,0.0046263372626552,0.0004432833907821,425.1314133580594,0.0034968902746829,0.0003024059169139,4196.143842299201,0.0034478346534131,283.06611574076754,39631.60545983362,2249.4408173167067,3391372551790.3696,1.0,554.0,0.0,554.0,0.0,0.0,0.0,1.0,554.0,0.0,554.0,0.0,0.0,0.0,1.0,554.0,0.0,554.0,0.0,0.0,0.0,1.0,554.0,0.0,554.0,0.0,0.0,0.0,1.0,554.0,0.0,554.0,0.0,0.0,0.0
1.0,60.0,0.0,1.0,60.0,0.0,1.0,60.0,0.0,1.0,60.0,0.0,1.0,60.0,0.0,1.0,60.0,0.0,1.0,60.0,0.0,1.0,60.0,0.0,1.0,60.0,0.0,1.0,60.0,0.0,1.0,60.0,0.0,60.0,0.0,0.0,0.0,1.0,60.0,0.0,60.0,0.0,0.0,0.0,1.0,60.0,0.0,60.0,0.0,0.0,0.0,1.0,60.0,0.0,60.0,0.0,0.0,0.0,1.0,60.0,0.0,60.0,0.0,0.0,0.0,1.0,1505913560.064503,0.0,1.0,1505913560.064503,0.0,1.0,1505913560.064503,0.0,1.0,1505913560.064503,0.0,1.0,1505913560.064503,0.0,1.0,60.0,0.0,60.0,0.0,0.0,0.0,1.0,60.0,0.0,60.0,0.0,0.0,0.0,1.0,60.0,0.0,60.0,0.0,0.0,0.0,1.0,60.0,0.0,60.0,0.0,0.0,0.0,1.0,60.0,0.0,60.0,0.0,0.0,0.0
1.0,60.0,0.0,1.0,60.0,0.0,1.0,60.0,0.0,1.0,60.0,0.0,1.0,60.0,0.0,1.0,60.0,0.0,1.0,60.0,0.0,1.0,60.0,0.0,1.0,60.0,0.0,1.0,60.0,0.0,1.0,60.0,0.0,60.0,0.0,0.0,0.0,1.0,60.0,0.0,60.0,0.0,0.0,0.0,1.0,60.0,0.0,60.0,0.0,0.0,0.0,1.0,60.0,0.0,60.0,0.0,0.0,0.0,1.0,60.0,0.0,60.0,0.0,0.0,0.0,1.0,1505913547.1622028,0.0,1.0,1505913547.1622028,0.0,1.0,1505913547.1622028,0.0,1.0,1505913547.1622028,0.0,1.0,1505913547.1622028,0.0,1.0,60.0,0.0,60.0,0.0,0.0,0.0,1.0,60.0,0.0,60.0,0.0,0.0,0.0,1.0,60.0,0.0,60.0,0.0,0.0,0.0,1.0,60.0,0.0,60.0,0.0,0.0,0.0,1.0,60.0,0.0,60.0,0.0,0.0,0.0
25.926313158290743,74.09949337344457,2.37794203177873,36.23347162593514,74.19376448314961,4.612855582115118,96.79707560945911,74.3238713629945,10.76432948123329,902.1598614700688,74.94952095478938,281.3297768218108,8497.688240138392,76.43303779226305,1517.1013679390717,25.926313158290743,74.09949337344457,2.37794203177873,36.23347162593514,74.19376448314961,4.612855582115118,96.79707560945911,74.3238713629945,10.76432948123329,902.1598614700688,74.94952095478938,281.3297768218108,8497.688240138392,76.43303779226305,1517.1013679390717,1.0,74.0,0.0,74.0,0.0,0.0,0.0,1.0,74.0,0.0,74.0,0.0,0.0,0.0,1.0,74.0,0.0,74.0,0.0,0.0,0.0,1.0,74.0,0.0,74.0,0.0,0.0,0.0,1.0,74.0,0.0,74.0,0.0,0.0,0.0,1.0,1505913124.897259,0.0,1.0,1505913124.897259,0.0,1.0,1505913124.897259,0.0,1.0,1505913124.897259,0.0,1.0,1505913124.897259,0.0,1.0,74.0,0.0,74.0,0.0,0.0,0.0,1.0,74.0,0.0,74.0,0.0,0.0,0.0,1.0,74.0,0.0,74.0,0.0,0.0,0.0,1.0,74.0,0.0,74.0,0.0,0.0,0.0,1.0,74.0,0.0,74.0,0.0,0.0,0.0
113.09975975777049,504.588840182375,21967.65022948195,190.78872974371032,479.01682014412535,31419.211314010376,606.5065872761578,422.2573966869237,47724.26773965354,6352.827099461229,387.2909916237605,54559.99915048469,53880.82194099556,383.6814836934538,55125.77989797349,113.09975975777049,504.588840182375,21967.65022948195,190.78872974371032,479.01682014412535,31419.211314010376,606.5065872761578,422.2573966869237,47724.26773965354,6352.827099461229,387.2909916237605,54559.99915048469,53880.82194099556,383.6814836934538,55125.77989797349,1.0,60.0,0.0,60.0,0.0,0.0,0.0,1.0,60.0,0.0,60.0,0.0,0.0,0.0,1.0,60.0,0.0,60.0,0.0,0.0,0.0,1.0,60.0,0.0,60.0,0.0,0.0,0.0,1.0,60.0,0.0,60.0,0.0,0.0,0.0,1.0,1507656191.0883448,0.0,1.0,1507656191.0883448,0.0,1.0,1507656191.0883448,0.0,1.0,1507656191.0883448,0.0,1.0,1507656191.0883448,0.0,1.0,60.0,0.0,60.0,0.0,0.0,0.0,1.0,60.0,0.0,60.0,0.0,0.0,0.0,1.0,60.0,0.0,60.0,0.0,0.0,0.0,1.0,60.0,0.0,60.0,0.0,0.0,0.0,1.0,60.0,0.0,60.0,0.0,0.0,0.0
191.7535381848496,74.00925758162373,0.2230518614778702,306.31955710769057,74.01886490314135,0.5787853306201214,853.8683168564418,74.07274574981606,11.359674046684631,4265.764967420884,74.12684964119968,24.69902343460308,5810.714944366636,74.12268341621409,23.22454693585405,191.7535381848496,74.00925758162373,0.2230518614778702,306.31955710769057,74.01886490314135,0.5787853306201214,853.8683168564418,74.07274574981606,11.359674046684631,4265.764967420884,74.12684964119968,24.69902343460308,5810.714944366636,74.12268341621409,23.22454693585405,191.67960241402488,73.99999999965608,6.939578118219907e-05,95.26804291024928,4.815780650887643e-09,3.782466344679718e-24,1.960344750119229e-14,306.0850491972547,73.99999939131688,0.0029191724694556,95.26804243771828,8.521567906427966e-06,8.18126677526562e-20,1.85862043921064e-11,852.529007320165,73.99938228809245,0.0929923929019118,95.26756310003552,0.0086475851376235,-3.468614106308979e-17,-3.9111860568782816e-10,4254.469871812357,73.99557671085992,0.2488101333739584,95.2646071359808,0.0619064824695669,2.230146399827115e-15,3.049322934680123e-09,5794.432755241526,73.99535601969167,0.2549395178511122,95.26443571701324,0.0649941577621575,-1.2749558173571524e-15,-1.081742659645377e-09,191.679602414025,0.0015306503158503,0.7925485887582281,306.08504919725505,0.0025634833956642,1463372.5264271598,852.5290073201685,1028.704515127594,1549137242725.3816,4254.469871812365,168064.00115167347,253061738201906.62,5794.432755241495,241235.5608149688,363221888787444.25,1.0,74.0,0.0,74.0,0.0,0.0,0.0,1.0,74.0,0.0,74.0,0.0,0.0,0.0,1.0,74.0,0.0,74.0,0.0,0.0,0.0,1.0,74.0,0.0,74.0,0.0,0.0,0.0,1.0,74.0,0.0,74.0,0.0,0.0,0.0
164.06867424723146,381.7405097940982,59283.59580279527,260.10023520886267,377.36126001688535,59865.214881170345,690.9961599956836,384.48483191888056,58890.69543407875,6354.053977278656,390.5147642543509,57995.30258374231,30350.2636789972,391.2485475352285,57882.42164063384,164.06867424723146,381.7405097940982,59283.59580279527,260.10023520886267,377.36126001688535,59865.214881170345,690.9961599956836,384.48483191888056,58890.69543407875,6354.053977278656,390.5147642543509,57995.30258374231,30350.2636789972,391.2485475352285,57882.42164063384,104.32309567059248,565.9999999999999,0.0,565.9999999999999,0.0,0.0,0.0,163.13228407498954,566.0000000000001,1.7059844799040144e-05,566.0000000000001,2.910383045673371e-10,0.0,0.0,443.0936263373742,566.0,7.62939453125e-06,566.0,5.820766091346741e-11,0.0,0.0,4150.325226545392,565.9937162033136,1.7831325353333491,565.9937162033136,3.179561638564337,0.0,0.0,19869.33028985073,565.9677060789327,4.042237148024479,565.9677060789327,16.339681160869073,0.0,0.0,104.32309567059248,0.0030222614997891,0.0001658560036127,163.13228407498954,0.0031168000583439,0.0001695602761137,443.0936263373742,0.003306917426359,0.0001406621248609,4150.325226545392,530.9624155559815,800504162982.2208,19869.33028985073,39500.59563644783,59551819758801.71,1.0,566.0,0.0,566.0,0.0,0.0,0.0,1.0,566.0,0.0,566.0,0.0,0.0,0.0,1.0,566.0,0.0,566.0,0.0,0.0,0.0,1.0,566.0,0.0,566.0,0.0,0.0,0.0,1.0,566.0,0.0,566.0,0.0,0.0,0.0
91.02916007131196,379.4195732991725,55764.40462225716,150.80313117308043,386.9390678108985,54618.69809579098,479.9389332792791,362.0511971980809,57976.8227995284,5019.32270186075,339.6759042142883,59937.87966472023,39638.75296995797,336.8743735559661,60112.53285417677,91.02916007131196,379.4195732991725,55764.40462225716,150.80313117308043,386.9390678108985,54618.69809579098,479.9389332792791,362.0511971980809,57976.8227995284,5019.32270186075,339.6759042142883,59937.87966472023,39638.75296995797,336.8743735559661,60112.53285417677,1.0,60.0,0.0,60.0,0.0,0.0,0.0,1.0,60.0,0.0,60.0,0.0,0.0,0.0,1.0,60.0,0.0,60.0,0.0,0.0,0.0,1.0,60.0,0.0,60.0,0.0,0.0,0.0,1.0,60.0,0.0,60.0,0.0,0.0,0.0,1.0,1507659531.1079302,0.0,1.0,1507659531.1079302,0.0,1.0,1507659531.1079302,0.0,1.0,1507659531.1079302,0.0,1.0,1507659531.1079302,0.0,1.0,60.0,0.0,60.0,0.0,0.0,0.0,1.0,60.0,0.0,60.0,0.0,0.0,0.0,1.0,60.0,0.0,60.0,0.0,0.0,0.0,1.0,60.0,0.0,60.0,0.0,0.0,0.0,1.0,60.0,0.0,60.0,0.0,0.0,0.0
140.60854869100194,184.7625954361929,46067.004394971504,203.879893599806,234.53237565210512,55757.071501669816,526.9066723902744,299.66756955408374,60948.9752627888,4253.850603795233,332.1572598695598,60370.24802225913,8504.067846769398,334.0098268709146,60275.423658969696,140.60854869100194,184.7625954361929,46067.004394971504,203.879893599806,234.53237565210512,55757.071501669816,526.9066723902744,299.66756955408374,60948.9752627888,4253.850603795233,332.1572598695598,60370.24802225913,8504.067846769398,334.0098268709146,60275.423658969696,1.0,60.0,0.0,60.0,0.0,0.0,0.0,1.0,60.0,0.0,60.0,0.0,0.0,0.0,1.0,60.0,0.0,60.0,0.0,0.0,0.0,1.0,60.0,0.0,60.0,0.0,0.0,0.0,1.0,60.0,0.0,60.0,0.0,0.0,0.0,1.0,1507659334.185506,0.0,1.0,1507659334.185506,0.0,1.0,1507659334.185506,0.0,1.0,1507659334.185506,0.0,1.0,1507659334.185506,0.0,1.0,60.0,0.0,60.0,0.0,0.0,0.0,1.0,60.0,0.0,60.0,0.0,0.0,0.0,1.0,60.0,0.0,60.0,0.0,0.0,0.0,1.0,60.0,0.0,60.0,0.0,0.0,0.0,1.0,60.0,0.0,60.0,0.0,0.0,0.0
68.75867439069474,484.4835476951389,29508.590297547373,129.32504181491163,428.61504184332335,46218.781597446505,455.5130738601936,364.3456459967233,57720.470763815945,4964.185626584022,338.53460611019506,60011.55566278086,27102.304793576823,336.96819498020767,60107.11865160186,68.75867439069474,484.4835476951389,29508.590297547373,129.32504181491163,428.61504184332335,46218.781597446505,455.5130738601936,364.3456459967233,57720.470763815945,4964.185626584022,338.53460611019506,60011.55566278086,27102.304793576823,336.96819498020767,60107.11865160186,59.08284623517608,553.9999999999999,7.62939453125e-06,553.9999999999999,5.820766091346741e-11,0.0,0.0,96.50031518217229,554.0000000000006,1.7059844799040144e-05,554.0000000000006,2.910383045673371e-10,0.0,0.0,280.6344431373772,553.9999984559456,0.0276181637242071,553.9999984559456,0.0007627629674971,0.0,0.0,2799.1780357953417,553.9537997864552,4.777109066274464,553.9537997864552,22.82077103108168,0.0,0.0,15197.35382162691,553.9183977575639,6.348609992663495,553.9183977575639,40.30484883894678,0.0,0.0,59.08284623517608,0.0049958280545894,4.743934450997481e-05,96.50031518217229,0.0050850927221277,8.054619372386075e-05,280.6344431373772,0.0051879696407161,0.0001131791630298,2799.1780357953417,232.2975159096756,350217682439.8467,15197.35382162691,45710.030420060895,68913055691339.47,59.08284623517608,553.9999999999999,7.62939453125e-06,553.9999999999999,5.820766091346741e-11,0.0,0.0,96.50031518217229,554.0000000000006,1.7059844799040144e-05,554.0000000000006,2.910383045673371e-10,0.0,0.0,280.634442260222,553.9999999999997,1.0789593218788871e-05,553.9999999999997,1.1641532182693479e-10,0.0,0.0,2798.916249109101,553.9999999999987,3.4962277946135246e-05,553.9999999999987,1.2223608791828156e-09,0.0,0.0,15194.84342051174,554.0000000000003,1.52587890625e-05,554.0000000000003,2.3283064365386963e-10,0.0,0.0
1.0,60.0,0.0,1.0,60.0,0.0,1.0,60.0,0.0,1.0,60.0,0.0,1.0,60.0,0.0,1.0,60.0,0.0,1.0,60.0,0.0,1.0,60.0,0.0,1.0,60.0,0.0,1.0,60.0,0.0,1.0,60.0,0.0,60.0,0.0,0.0,0.0,1.0,60.0,0.0,60.0,0.0,0.0,0.0,1.0,60.0,0.0,60.0,0.0,0.0,0.0,1.0,60.0,0.0,60.0,0.0,0.0,0.0,1.0,60.0,0.0,60.0,0.0,0.0,0.0,1.0,1505913455.874615,0.0,1.0,1505913455.874615,0.0,1.0,1505913455.874615,0.0,1.0,1505913455.874615,0.0,1.0,1505913455.874615,0.0,1.0,60.0,0.0,60.0,0.0,0.0,0.0,1.0,60.0,0.0,60.0,0.0,0.0,0.0,1.0,60.0,0.0,60.0,0.0,0.0,0.0,1.0,60.0,0.0,60.0,0.0,0.0,0.0,1.0,60.0,0.0,60.0,0.0,0.0,0.0
59.4934934332784,60.00000000000001,4.547473508864641e-13,77.13962069167601,60.00000000001536,7.357812137342987e-10,211.70447205003072,60.0000666494224,0.0031773141581652,2250.1251268293217,60.01608760728843,0.6170856051753617,15842.688994099326,60.020271122198814,0.7046487351408359,59.4934934332784,60.00000000000001,4.547473508864641e-13,77.13962069167601,60.00000000001536,7.357812137342987e-10,211.70447205003072,60.0000666494224,0.0031773141581652,2250.1251268293217,60.01608760728843,0.6170856051753617,15842.688994099326,60.020271122198814,0.7046487351408359,1.0,60.0,0.0,60.0,0.0,0.0,0.0,1.0,60.0,0.0,60.0,0.0,0.0,0.0,1.0,60.0,0.0,60.0,0.0,0.0,0.0,1.0,60.0,0.0,60.0,0.0,0.0,0.0,1.0,60.0,0.0,60.0,0.0,0.0,0.0,1.0,1507653129.833425,0.0,1.0,1507653129.833425,0.0,1.0,1507653129.833425,0.0,1.0,1507653129.833425,0.0,1.0,1507653129.833425,0.0,1.0,60.0,0.0,60.0,0.0,0.0,0.0,1.0,60.0,0.0,60.0,0.0,0.0,0.0,1.0,60.0,0.0,60.0,0.0,0.0,0.0,1.0,60.0,0.0,60.0,0.0,0.0,0.0,1.0,60.0,0.0,60.0,0.0,0.0,0.0
92.01570984262956,226.18196173294888,54477.44467574245,154.35359995337592,274.12215984751765,59928.04092267579,493.9324966468872,319.26763337189203,60856.9182868314,5068.896530470899,334.631871637843,60240.42287400784,33120.869314337266,336.1804931493064,60153.25497647104,92.01570984262956,226.18196173294888,54477.44467574245,154.35359995337592,274.12215984751765,59928.04092267579,493.9324966468872,319.26763337189203,60856.9182868314,5068.896530470899,334.631871637843,60240.42287400784,33120.869314337266,336.1804931493064,60153.25497647104,1.0,60.0,0.0,60.0,0.0,0.0,0.0,1.0,60.0,0.0,60.0,0.0,0.0,0.0,1.0,60.0,0.0,60.0,0.0,0.0,0.0,1.0,60.0,0.0,60.0,0.0,0.0,0.0,1.0,60.0,0.0,60.0,0.0,0.0,0.0,1.0,1507659462.451541,0.0,1.0,1507659462.451541,0.0,1.0,1507659462.451541,0.0,1.0,1507659462.451541,0.0,1.0,1507659462.451541,0.0,1.0,60.0,0.0,60.0,0.0,0.0,0.0,1.0,60.0,0.0,60.0,0.0,0.0,0.0,1.0,60.0,0.0,60.0,0.0,0.0,0.0,1.0,60.0,0.0,60.0,0.0,0.0,0.0,1.0,60.0,0.0,60.0,0.0,0.0,0.0
76.78837592687127,60.00000000000001,4.547473508864641e-13,94.96417694485964,60.00000000000003,9.094947017729282e-13,231.619898493446,60.00000629126773,0.0002999161606567,2277.921770826133,60.012552120789614,0.4851987575370913,21599.550340449205,60.019549923058825,0.6810460834785772,76.78837592687127,60.00000000000001,4.547473508864641e-13,94.96417694485964,60.00000000000003,9.094947017729282e-13,231.619898493446,60.00000629126773,0.0002999161606567,2277.921770826133,60.012552120789614,0.4851987575370913,21599.550340449205,60.019549923058825,0.6810460834785772,1.0,60.0,0.0,60.0,0.0,0.0,0.0,1.0,60.0,0.0,60.0,0.0,0.0,0.0,1.0,60.0,0.0,60.0,0.0,0.0,0.0,1.0,60.0,0.0,60.0,0.0,0.0,0.0,1.0,60.0,0.0,60.0,0.0,0.0,0.0,1.0,1507653383.307893,0.0,1.0,1507653383.307893,0.0,1.0,1507653383.307893,0.0,1.0,1507653383.307893,0.0,1.0,1507653383.307893,0.0,1.0,60.0,0.0,60.0,0.0,0.0,0.0,1.0,60.0,0.0,60.0,0.0,0.0,0.0,1.0,60.0,0.0,60.0,0.0,0.0,0.0,1.0,60.0,0.0,60.0,0.0,0.0,0.0,1.0,60.0,0.0,60.0,0.0,0.0,0.0
1.0,60.0,0.0,1.0,60.0,0.0,1.0,60.0,0.0,1.0,60.0,0.0,1.0,60.0,0.0,1.0,60.0,0.0,1.0,60.0,0.0,1.0,60.0,0.0,1.0,60.0,0.0,1.0,60.0,0.0,1.0,60.0,0.0,60.0,0.0,0.0,0.0,1.0,60.0,0.0,60.0,0.0,0.0,0.0,1.0,60.0,0.0,60.0,0.0,0.0,0.0,1.0,60.0,0.0,60.0,0.0,0.0,0.0,1.0,60.0,0.0,60.0,0.0,0.0,0.0,1.0,1505913423.518717,0.0,1.0,1505913423.518717,0.0,1.0,1505913423.518717,0.0,1.0,1505913423.518717,0.0,1.0,1505913423.518717,0.0,1.0,60.0,0.0,60.0,0.0,0.0,0.0,1.0,60.0,0.0,60.0,0.0,0.0,0.0,1.0,60.0,0.0,60.0,0.0,0.0,0.0,1.0,60.0,0.0,60.0,0.0,0.0,0.0,1.0,60.0,0.0,60.0,0.0,0.0,0.0
116.9422270415184,71.9425554929427,24.57114519502101,208.46598145032,70.89247892871836,33.84860464295434,654.3913581897925,69.80502448399757,41.14025388301525,6599.56212410937,69.39181110058361,43.46502866357332,50231.95025446941,69.38825712540357,43.46313482671667,116.9422270415184,71.9425554929427,24.57114519502101,208.46598145032,70.89247892871836,33.84860464295434,654.3913581897925,69.80502448399757,41.14025388301525,6599.56212410937,69.39181110058361,43.46502866357332,50231.95025446941,69.38825712540357,43.46313482671667,99.75635970360072,74.00000000000001,1.3486991523486091e-06,74.00000000000001,1.8189894035458565e-12,0.0,0.0,162.19365791043143,74.0,0.0,74.0,0.0,0.0,0.0,458.2837626060688,73.99999999966006,6.906077190487546e-05,73.99999999966006,4.769390216097236e-09,0.0,0.0,4423.765420511753,73.99915542221244,0.108735347373667,73.99915542221244,0.011823375768472,0.0,0.0,33662.38883045953,73.99802812076602,0.1661397636103607,73.99802812076602,0.0276024210525065,0.0,0.0,99.75635970360072,0.0030014100627672,6.334057498620951e-05,162.19365791043143,0.0030531247182747,8.375920930933635e-05,458.2837626060688,0.0031816373404881,8.975952296701921e-05,4423.765420511753,0.2660796105112947,396234412.59294057,33662.38883045953,10961.542611181098,16526122056366.182,1.0,74.0,0.0,74.0,0.0,0.0,0.0,1.0,74.0,0.0,74.0,0.0,0.0,0.0,1.0,74.0,0.0,74.0,0.0,0.0,0.0,1.0,74.0,0.0,74.0,0.0,0.0,0.0,1.0,74.0,0.0,74.0,0.0,0.0,0.0
1.0,60.0,0.0,1.0,60.0,0.0,1.0,60.0,0.0,1.0,60.0,0.0,1.0,60.0,0.0,1.0,60.0,0.0,1.0,60.0,0.0,1.0,60.0,0.0,1.0,60.0,0.0,1.0,60.0,0.0,1.0,60.0,0.0,60.0,0.0,0.0,0.0,1.0,60.0,0.0,60.0,0.0,0.0,0.0,1.0,60.0,0.0,60.0,0.0,0.0,0.0,1.0,60.0,0.0,60.0,0.0,0.0,0.0,1.0,60.0,0.0,60.0,0.0,0.0,0.0,1.0,1505913541.594903,0.0,1.0,1505913541.594903,0.0,1.0,1505913541.594903,0.0,1.0,1505913541.594903,0.0,1.0,1505913541.594903,0.0,1.0,60.0,0.0,60.0,0.0,0.0,0.0,1.0,60.0,0.0,60.0,0.0,0.0,0.0,1.0,60.0,0.0,60.0,0.0,0.0,0.0,1.0,60.0,0.0,60.0,0.0,0.0,0.0,1.0,60.0,0.0,60.0,0.0,0.0,0.0
175.77457610243516,74.03190439044052,0.7647133767959531,279.6102833680204,74.0400853096943,0.9770537459280604,788.6421394609146,74.0601812136885,7.470673226463077,7607.814336097564,74.18172237950105,82.33422174573387,29439.890340814,74.35552829580294,230.91363437260495,175.77457610243516,74.03190439044052,0.7647133767959531,279.6102833680204,74.0400853096943,0.9770537459280604,788.6421394609146,74.0601812136885,7.470673226463077,7607.814336097564,74.18172237950105,82.33422174573387,29439.890340814,74.35552829580294,230.91363437260495,175.5409106591786,74.00000000000007,2.523185072960464e-06,95.26804291051648,6.9265052896879814e-12,-5.968592648401621e-28,-1.4320629827455959e-16,279.1436950203235,73.9999999999725,1.989045487843915e-05,95.26804291049515,3.9574543342012255e-10,-4.021287980881033e-24,-6.54222873708048e-14,787.0901106762891,73.99998518810226,0.0144002201043843,95.26803140529024,0.0002073663390547,-2.234888026284405e-18,-9.395630399769584e-11,7588.704973144302,73.99830878372164,0.1538641210967436,95.26672925450418,0.0236741677608733,2.8420160759420357e-16,1.936819206196386e-09,29354.08480655565,73.99815346712863,0.1607732892105024,95.266608612591,0.0258480505235638,-5.962423744938318e-16,-3.7077676549854966e-10,175.5409106591787,0.0016787740142996,1.805912611530021e-05,279.14369502032343,0.0017455554726194,1.935607496182698e-05,787.0901106762926,0.0018442986230863,3.244220362579325e-05,7588.704973144431,1552.5123365907248,2337945308449.2427,29354.08480655456,31584.34964918168,47562324079716.88,1.0,74.0,0.0,95.26804291051644,0.0,0.0,0.0,1.0,74.0,0.0,95.26804291051644,0.0,0.0,0.0,1.0,74.0,0.0,95.26804291051644,0.0,0.0,0.0,1.0219129482467897,74.0,9.5367431640625e-07,95.26804291051644,9.094947017729282e-13,0.0,0.0,1.6824488107683977,74.0,0.0,95.26804291051644,0.0,0.0,0.0
135.9446762571183,70.1603641646523,39.01209906570057,230.51514132855064,69.52583302281775,42.620217863614016,682.5284490351813,69.25610027694208,43.91203518830389,6656.78116634814,69.36163316448292,43.50767663969782,40102.14859295944,69.37310111147639,43.49993874562188,135.9446762571183,70.1603641646523,39.01209906570057,230.51514132855064,69.52583302281775,42.620217863614016,682.5284490351813,69.25610027694208,43.91203518830389,6656.78116634814,69.36163316448292,43.50767663969782,40102.14859295944,69.37310111147639,43.49993874562188,98.6605228060023,73.99999999999997,2.3360154559928683e-06,73.99999999999997,5.4569682106375694e-12,0.0,0.0,156.84551038329494,74.00000000000001,9.5367431640625e-07,74.00000000000001,9.094947017729282e-13,0.0,0.0,451.1553442802001,73.9999999574069,0.0007722035857118,73.9999999574069,5.962983777862975e-07,0.0,0.0,4449.365979415105,73.99843885709873,0.1478295081485879,73.99843885709873,0.0218535634794534,0.0,0.0,26833.658983255424,73.99791520927383,0.1708295167376984,73.99791520927383,0.0291827237888355,0.0,0.0,98.6605228060023,0.0030519947712609,7.313537982632721e-05,156.84551038329494,0.0031498705849954,7.642359707849209e-05,451.1553442802001,0.0032255103312282,7.129006811537698e-05,4449.365979415105,32.7812676513049,49418015803.55212,26833.658983255424,22293.618428324346,33610629292777.94,1.0,74.0,0.0,74.0,0.0,0.0,0.0,1.0,74.0,0.0,74.0,0.0,0.0,0.0,1.0,74.0,0.0,74.0,0.0,0.0,0.0,1.0,74.0,0.0,74.0,0.0,0.0,0.0,1.0,74.0,0.0,74.0,0.0,0.0,0.0
1.0,60.0,0.0,1.0,60.0,0.0,1.0,60.0,0.0,1.0,60.0,0.0,1.0,60.0,0.0,1.0,60.0,0.0,1.0,60.0,0.0,1.0,60.0,0.0,1.0,60.0,0.0,1.0,60.0,0.0,1.0,60.0,0.0,60.0,0.0,0.0,0.0,1.0,60.0,0.0,60.0,0.0,0.0,0.0,1.0,60.0,0.0,60.0,0.0,0.0,0.0,1.0,60.0,0.0,60.0,0.0,0.0,0.0,1.0,60.0,0.0,60.0,0.0,0.0,0.0,1.0,1505913465.257984,0.0,1.0,1505913465.257984,0.0,1.0,1505913465.257984,0.0,1.0,1505913465.257984,0.0,1.0,1505913465.257984,0.0,1.0,60.0,0.0,60.0,0.0,0.0,0.0,1.0,60.0,0.0,60.0,0.0,0.0,0.0,1.0,60.0,0.0,60.0,0.0,0.0,0.0,1.0,60.0,0.0,60.0,0.0,0.0,0.0,1.0,60.0,0.0,60.0,0.0,0.0,0.0
97.86148595710952,512.846220784169,18636.33338887524,178.31613184906422,471.6553758178184,33897.607214291056,599.3319258077045,413.683712063246,49627.57638354905,6293.593017950015,384.7161241912685,54966.599743911465,27966.781900380956,382.7587090989176,55266.59079368095,97.86148595710952,512.846220784169,18636.33338887524,178.31613184906422,471.6553758178184,33897.607214291056,599.3319258077045,413.683712063246,49627.57638354905,6293.593017950015,384.7161241912685,54966.599743911465,27966.781900380956,382.7587090989176,55266.59079368095,89.70891513360333,554.0000000000001,0.0,554.0000000000001,0.0,0.0,0.0,148.592700952845,553.9999999999997,1.7059844799040144e-05,553.9999999999997,2.910383045673371e-10,0.0,0.0,429.0970200978547,553.9999999994578,0.0005173382113087,553.9999999994578,2.676388248801232e-07,0.0,0.0,4136.953058753389,553.9855877379225,2.6682297036521447,553.9855877379225,7.119449751451612,0.0,0.0,18273.32076559112,553.9626537310901,4.2950741667143,553.9626537310901,18.44766209757654,0.0,0.0,89.70891513360333,0.0032658758031545,2.0120122338994015e-05,148.592700952845,0.0032800732786609,3.39196459118216e-05,429.0970200978547,0.0033875862531121,6.395479333078353e-05,4136.953058753389,1153.1121628443902,1738489808131.1045,18273.32076559112,46399.11029490113,69951735464884.71,1.0,554.0,0.0,554.0,0.0,0.0,0.0,1.0,554.0,0.0,554.0,0.0,0.0,0.0,1.0,554.0,0.0,554.0,0.0,0.0,0.0,1.0,554.0,0.0,554.0,0.0,0.0,0.0,1.0,554.0,0.0,554.0,0.0,0.0,0.0
109.08423436257029,474.12878812386015,33076.88928249755,194.5910377335232,433.8700742578205,44912.33211329926,621.9349921627818,395.8929177369167,53104.040319760745,6322.8889719839535,382.8777873580863,55248.736288725486,29201.33409864459,382.2985840200684,55336.08020128719,109.08423436257029,474.12878812386015,33076.88928249755,194.5910377335232,433.8700742578205,44912.33211329926,621.9349921627818,395.8929177369167,53104.040319760745,6322.8889719839535,382.8777873580863,55248.736288725486,29201.33409864459,382.2985840200684,55336.08020128719,91.4471737092056,554.0000000000001,1.3214498959113138e-05,554.0000000000001,1.7462298274040222e-10,0.0,0.0,147.27024452899158,553.9999999999999,1.0789593218788871e-05,553.9999999999999,1.1641532182693479e-10,0.0,0.0,422.87379033629367,553.9999999999827,9.28155903670993e-05,553.9999999999827,8.614733815193176e-09,0.0,0.0,4132.63972073567,553.9898049441017,2.2441599037256985,553.9898049441017,5.036253673490137,0.0,0.0,19052.66168093153,553.9654037136244,4.133928950340492,553.9654037136244,17.089368566463236,0.0,0.0,91.4471737092056,0.0032768594626602,7.103504560505715e-05,147.27024452899158,0.0033629738616963,9.24483091363217e-05,422.87379033629367,0.0034474204257937,9.473941161525802e-05,4132.63972073567,815.6983038559198,1229786458302.1123,19052.66168093153,42982.52445778439,64801004958204.97,1.0,554.0,0.0,554.0,0.0,0.0,0.0,1.0,554.0,0.0,554.0,0.0,0.0,0.0,1.0,554.0,0.0,554.0,0.0,0.0,0.0,1.0,554.0,0.0,554.0,0.0,0.0,0.0,1.0,554.0,0.0,554.0,0.0,0.0,0.0
181.9352702387496,251.00609713400945,60165.75244620557,266.720207737281,292.6652885749614,63595.34185519871,689.2635899457799,353.79922875626914,62340.33866321768,6401.23908412599,387.9321630859226,58388.01477633402,31754.133773368605,390.7817448451139,57954.89120664066,181.9352702387496,251.00609713400945,60165.75244620557,266.720207737281,292.6652885749614,63595.34185519871,689.2635899457799,353.79922875626914,62340.33866321768,6401.23908412599,387.9321630859226,58388.01477633402,31754.133773368605,390.7817448451139,57954.89120664066,69.1723532469264,562.3790987797335,42.65049931487364,562.3790987797335,1819.0650918080355,0.0,0.0,123.29697189509842,563.3087296127057,36.80407422655305,563.3087296127057,1354.5398796736265,0.0,0.0,401.0643822326048,564.9038848908491,23.525152005833327,564.9038848908491,553.4327768975636,0.0,0.0,4149.4133388019645,565.8756235347022,7.932151154370688,565.8756235347022,62.91902193578425,0.0,0.0,20759.940711106246,565.9460196370572,5.226007057861897,565.9460196370572,27.31114976882236,0.0,0.0,69.1723532469264,0.0043408729505252,8.384797810165136e-05,123.29697189509842,0.0039802913622643,6.344254215291842e-05,401.0643822326048,0.0036222156231811,6.051598832949472e-05,4149.4133388019645,349.36073226794633,526711106112.3722,20759.940711106246,36255.35048940877,54659346103894.5,1.0,566.0,0.0,566.0,0.0,0.0,0.0,1.0,566.0,0.0,566.0,0.0,0.0,0.0,1.0,566.0,0.0,566.0,0.0,0.0,0.0,1.0,566.0,0.0,566.0,0.0,0.0,0.0,1.0,566.0,0.0,566.0,0.0,0.0,0.0
113.27009590589888,477.2467858906164,32025.031893914595,199.21754355394364,437.57588914332086,43958.937174431165,626.9348483497147,398.080389149739,52713.361656328,6323.291631786249,383.0197295005256,55227.948108806864,34231.382063208635,382.2017300484275,55350.74101261053,113.27009590589888,477.2467858906164,32025.031893914595,199.21754355394364,437.57588914332086,43958.937174431165,626.9348483497147,398.080389149739,52713.361656328,6323.291631786249,383.0197295005256,55227.948108806864,34231.382063208635,382.2017300484275,55350.74101261053,95.67122156732432,553.9999999999999,1.0789593218788871e-05,553.9999999999999,1.1641532182693479e-10,0.0,0.0,152.26668247030096,553.9999999999984,3.411968959808029e-05,553.9999999999984,1.164153218269348e-09,0.0,0.0,429.0575180637312,553.9999116547529,0.2089079804699205,553.9999116547529,0.0436425443040207,0.0,0.0,4135.059683197795,553.9516225167556,4.88836745153914,553.9516225167556,23.896136341267265,0.0,0.0,22328.34191872385,553.9547158963467,4.729513352812161,553.9547158963467,22.368296554428525,0.0,0.0,95.67122156732432,0.0030988373629963,4.337354854289229e-05,152.26668247030096,0.0032222719504637,5.552831269783956e-05,429.0575180637312,0.0033871375438694,6.137079120719918e-05,4135.059683197795,164.84402498373302,248522780527.00037,22328.34191872385,31258.64646608331,47126301217583.21,1.0,554.0,0.0,554.0,0.0,0.0,0.0,1.0,554.0,0.0,554.0,0.0,0.0,0.0,1.0,554.0,0.0,554.0,0.0,0.0,0.0,1.0,554.0,0.0,554.0,0.0,0.0,0.0,1.0,554.0,0.0,554.0,0.0,0.0,0.0
1.0,60.0,0.0,1.0,60.0,0.0,1.0,60.0,0.0,1.0,60.0,0.0,1.0,60.0,0.0,1.0,60.0,0.0,1.0,60.0,0.0,1.0,60.0,0.0,1.0,60.0,0.0,1.0,60.0,0.0,1.0,60.0,0.0,60.0,0.0,0.0,0.0,1.0,60.0,0.0,60.0,0.0,0.0,0.0,1.0,60.0,0.0,60.0,0.0,0.0,0.0,1.0,60.0,0.0,60.0,0.0,0.0,0.0,1.0,60.0,0.0,60.0,0.0,0.0,0.0,1.0,1505913451.508522,0.0,1.0,1505913451.508522,0.0,1.0,1505913451.508522,0.0,1.0,1505913451.508522,0.0,1.0,1505913451.508522,0.0,1.0,60.0,0.0,60.0,0.0,0.0,0.0,1.0,60.0,0.0,60.0,0.0,0.0,0.0,1.0,60.0,0.0,60.0,0.0,0.0,0.0,1.0,60.0,0.0,60.0,0.0,0.0,0.0,1.0,60.0,0.0,60.0,0.0,0.0,0.0
25.19038965934084,60.000000001924384,9.236919140676036e-08,43.19816334600306,60.00000444989649,0.0002135936233571,179.91278389326772,60.00427935808028,0.2039857743689026,2221.8881763717754,60.02395064083288,0.9301013264007452,16674.183450152468,60.02125566944329,0.7429397450173383,25.19038965934084,60.000000001924384,9.236919140676036e-08,43.19816334600306,60.00000444989649,0.0002135936233571,179.91278389326772,60.00427935808028,0.2039857743689026,2221.8881763717754,60.02395064083288,0.9301013264007452,16674.183450152468,60.02125566944329,0.7429397450173383,1.0,60.0,0.0,60.0,0.0,0.0,0.0,1.0,60.0,0.0,60.0,0.0,0.0,0.0,1.0,60.0,0.0,60.0,0.0,0.0,0.0,1.0,60.0,0.0,60.0,0.0,0.0,0.0,1.0,60.0,0.0,60.0,0.0,0.0,0.0,1.0,1507653149.079545,0.0,1.0,1507653149.079545,0.0,1.0,1507653149.079545,0.0,1.0,1507653149.079545,0.0,1.0,1507653149.079545,0.0,1.0,60.0,0.0,60.0,0.0,0.0,0.0,1.0,60.0,0.0,60.0,0.0,0.0,0.0,1.0,60.0,0.0,60.0,0.0,0.0,0.0,1.0,60.0,0.0,60.0,0.0,0.0,0.0,1.0,60.0,0.0,60.0,0.0,0.0,0.0
169.97190165069915,74.02569538834264,2.0022248951891006,278.37030987259726,73.99127143699373,2.0735328022983595,828.5326697337317,73.98478745945107,1.8631793964405008,5504.697583391328,74.0595122791116,15.655419109900322,8412.074073085478,74.07337699516297,19.06837171897132,169.97190165069915,74.02569538834264,2.0022248951891006,278.37030987259726,73.99127143699373,2.0735328022983595,828.5326697337317,73.98478745945107,1.8631793964405008,5504.697583391328,74.0595122791116,15.655419109900322,8412.074073085478,74.07337699516297,19.06837171897132,168.56276470747704,73.99999999999999,1.6518123698891422e-06,95.26804291051644,3.0505379675102484e-12,-1.214385920467644e-28,-6.294341371945149e-17,275.1614169431848,73.999999999879,4.096361464484125e-05,95.26804291042248,1.6780265978666344e-09,-2.4075303034284534e-23,-2.515925508563824e-13,820.1371460685092,73.9999638160507,0.0225071986194714,95.26801480442845,0.0005065739896963,9.930266146818937e-18,1.7485994531222172e-10,5481.850360753248,73.99742513059941,0.1898460999691915,95.2660428797096,0.0360415416735122,-6.6227137519739126e-18,-5.1730802492800375e-11,8380.457461658565,73.99688008516169,0.2089714667294078,95.26561951899436,0.04366907390704,1.4311177468519368e-15,2.7141838975398e-09,168.5627647074769,0.0017480433983636,1.9535323869360907e-05,275.16141694318503,0.0017733520179736,296.35139589799616,820.1371460685118,60.60722431300347,91266589309.4168,5481.850360753289,97888.7447715471,147402429311077.0,8380.457461658516,162075.87678714842,244046032432336.97,1.0,74.0,0.0,74.0,0.0,0.0,0.0,1.0,74.0,0.0,74.0,0.0,0.0,0.0,1.0,74.0,0.0,74.0,0.0,0.0,0.0,1.0,74.0,0.0,74.0,0.0,0.0,0.0,1.0,74.0,0.0,74.0,0.0,0.0,0.0
1.0,60.0,0.0,1.0,60.0,0.0,1.0,60.0,0.0,1.0,60.0,0.0,1.0,60.0,0.0,1.0,60.0,0.0,1.0,60.0,0.0,1.0,60.0,0.0,1.0,60.0,0.0,1.0,60.0,0.0,1.0,60.0,0.0,60.0,0.0,0.0,0.0,1.0,60.0,0.0,60.0,0.0,0.0,0.0,1.0,60.0,0.0,60.0,0.0,0.0,0.0,1.0,60.0,0.0,60.0,0.0,0.0,0.0,1.0,60.0,0.0,60.0,0.0,0.0,0.0,1.0,1505913450.128843,0.0,1.0,1505913450.128843,0.0,1.0,1505913450.128843,0.0,1.0,1505913450.128843,0.0,1.0,1505913450.128843,0.0,1.0,60.0,0.0,60.0,0.0,0.0,0.0,1.0,60.0,0.0,60.0,0.0,0.0,0.0,1.0,60.0,0.0,60.0,0.0,0.0,0.0,1.0,60.0,0.0,60.0,0.0,0.0,0.0,1.0,60.0,0.0,60.0,0.0,0.0,0.0
164.2627931021083,234.67389137827683,55777.92895471772,235.71991472647636,260.9828660308442,58891.29099505334,578.8377815477719,305.36972801541725,61004.2539341992,5080.294133787532,332.4583143222241,60357.33793192024,24635.77428448811,335.91329791742817,60169.27001837586,164.2627931021083,234.67389137827683,55777.92895471772,235.71991472647636,260.9828660308442,58891.29099505334,578.8377815477719,305.36972801541725,61004.2539341992,5080.294133787532,332.4583143222241,60357.33793192024,24635.77428448811,335.91329791742817,60169.27001837586,58.08182100070125,553.999999505884,0.0156234967730544,553.999999505884,0.0002440936514176,0.0,0.0,95.90206760211512,553.9997653696514,0.3404516664187448,553.9997653696514,0.1159073371673002,0.0,0.0,287.53924653989964,553.9386438329869,5.505105078465032,553.9386438329869,30.306181924941484,0.0,0.0,2802.6393789669337,553.8666225342988,8.116075314374307,553.8666225342988,65.87067850859603,0.0,0.0,13762.179541439691,553.8997970825524,7.034927191801715,553.8997970825524,49.49020059395116,0.0,0.0,58.08182100070125,0.0058460899471333,0.0005810292868417,95.90206760211512,0.0054407606598483,0.0004310184886303,287.53924653989964,0.0051344967781993,0.0003267721633128,2802.6393789669337,670.6203618238833,1011058819076.4572,13762.179541439691,56129.319149851086,84620732241170.73,58.0818209426058,554.0000000000003,1.52587890625e-05,554.0000000000003,2.3283064365386963e-10,0.0,0.0,95.90202205244802,554.0000000000001,1.3214498959113138e-05,554.0000000000001,1.7462298274040222e-10,0.0,0.0,287.5035333697912,554.0000000000006,2.288818359375e-05,554.0000000000006,5.238689482212067e-10,0.0,0.0,2801.88268071261,553.9999999999984,3.814697265625e-05,553.9999999999984,1.455191522836685e-09,0.0,0.0,13759.388022127028,553.9999999999992,3.325575976212062e-05,553.9999999999992,1.1059455573558807e-09,0.0,0.0
102.11273966908,305.4399325689712,61005.68194773207,159.66755348843137,335.768312719995,60176.34443603236,484.8548432125932,343.27083365667886,59678.47707235249,5004.057014235175,336.9264840804797,60106.84398940251,25256.77877886016,336.7955311752061,60116.82827099599,102.11273966908,305.4399325689712,61005.68194773207,159.66755348843137,335.768312719995,60176.34443603236,484.8548432125932,343.27083365667886,59678.47707235249,5004.057014235175,336.9264840804797,60106.84398940251,25256.77877886016,336.7955311752061,60116.82827099599,1.0,60.0,0.0,60.0,0.0,0.0,0.0,1.0,60.0,0.0,60.0,0.0,0.0,0.0,1.0,60.0,0.0,60.0,0.0,0.0,0.0,1.0,60.0,0.0,60.0,0.0,0.0,0.0,1.0,60.0,0.0,60.0,0.0,0.0,0.0,1.0,1507659408.126014,0.0,1.0,1507659408.126014,0.0,1.0,1507659408.126014,0.0,1.0,1507659408.126014,0.0,1.0,1507659408.126014,0.0,1.0,60.0,0.0,60.0,0.0,0.0,0.0,1.0,60.0,0.0,60.0,0.0,0.0,0.0,1.0,60.0,0.0,60.0,0.0,0.0,0.0,1.0,60.0,0.0,60.0,0.0,0.0,0.0,1.0,60.0,0.0,60.0,0.0,0.0,0.0
95.9852203544149,72.77577723113228,15.64039737633084,177.2137200508746,71.76922135182974,26.254527697259626,638.6983613134764,70.91180772023903,33.69776035988252,7042.245407858829,70.84900113307373,34.18509441342485,52795.447699062686,70.73483695721312,35.279444820563185,95.9852203544149,72.77577723113228,15.64039737633084,177.2137200508746,71.76922135182974,26.254527697259626,638.6983613134764,70.91180772023903,33.69776035988252,7042.245407858829,70.84900113307373,34.18509441342485,52795.447699062686,70.73483695721312,35.279444820563185,87.59184233779587,74.00000000000007,1.9073486328125e-06,74.00000000000007,3.637978807091713e-12,0.0,0.0,148.97624984714952,73.99999999999899,3.015782985847835e-06,73.99999999999899,9.094947017729284e-12,0.0,0.0,497.8111998233661,73.99999379710864,0.0093188225195148,73.99999379710864,8.684045315021649e-05,0.0,0.0,5456.92896461988,73.99864941167479,0.1375005906853117,73.99864941167479,0.0189064124388096,0.0,0.0,40364.40474447104,73.99789550560502,0.1716347651517102,73.99789550560502,0.0294584926086827,0.0,0.0,87.59184233779587,0.0034120871624145,5.9094340308170655e-05,148.97624984714952,0.0033045134313312,6.471339358122734e-05,497.8111998233661,0.0029234838580328,6.56184969470055e-05,5456.92896461988,0.0570725909794657,82056482.43900828,40364.40474447104,7975.350394034487,12024025472882.562,1.0,74.0,0.0,74.0,0.0,0.0,0.0,1.0,74.0,0.0,74.0,0.0,0.0,0.0,1.0,74.0,0.0,74.0,0.0,0.0,0.0,1.0,74.0,0.0,74.0,0.0,0.0,0.0,1.0,74.0,0.0,74.0,0.0,0.0,0.0
105.10480107915257,72.54415465308017,18.262364085974696,194.03209550130848,71.44690584928263,29.22708974033594,643.7683662766308,70.08433594717772,39.645564486284464,6321.748739747804,69.38059471832594,43.57249025777219,53666.56603389597,69.3810354834395,43.49924509844277,105.10480107915257,72.54415465308017,18.262364085974696,194.03209550130848,71.44690584928263,29.22708974033594,643.7683662766308,70.08433594717772,39.645564486284464,6321.748739747804,69.38059471832594,43.57249025777219,53666.56603389597,69.3810354834395,43.49924509844277,94.26792973726371,73.98620758005572,0.4392079785019817,73.98620758005572,0.1929036483797972,0.0,0.0,158.88709632817438,73.97882783593631,0.544023929956561,73.97882783593631,0.2959620363653812,0.0,0.0,464.1175552070991,73.98124680277606,0.5120479262023818,73.98124680277606,0.2621930787281599,0.0,0.0,4233.028138842694,73.9962039054902,0.2305014377021597,73.9962039054902,0.0531309127827626,0.0,0.0,35937.886245315625,73.99765828482562,0.1810484159958707,73.99765828482562,0.0327785289346138,0.0,0.0,94.26792973726371,0.0031219633446361,2.7236502317974296e-05,158.88709632817438,0.0030799960299562,4.408176911879016e-05,464.1175552070991,0.0031404644920423,8.608442011940793e-05,4233.028138842694,0.0146446124214842,16866272.72094234,35937.886245315625,7455.156117876669,11239758186365.877,1.0,74.0,0.0,74.0,0.0,0.0,0.0,1.0,74.0,0.0,74.0,0.0,0.0,0.0,1.0,74.0,0.0,74.0,0.0,0.0,0.0,1.0,74.0,0.0,74.0,0.0,0.0,0.0,1.0,74.0,0.0,74.0,0.0,0.0,0.0
171.5778185129477,304.2397061464289,60997.287055681445,262.5083335828974,323.7591317327305,60721.34922947662,693.907384616401,359.698086143,58225.394838101325,6468.0476731423605,381.0498214468505,55522.41275160844,46436.241645253605,382.3181874504567,55332.90549638389,171.5778185129477,304.2397061464289,60997.287055681445,262.5083335828974,323.7591317327305,60721.34922947662,693.907384616401,359.698086143,58225.394838101325,6468.0476731423605,381.0498214468505,55522.41275160844,46436.241645253605,382.3181874504567,55332.90549638389,84.82724820666776,553.9998701987564,0.2532228219660295,553.9998701987564,0.0641217975644394,0.0,0.0,140.15395198548552,553.9942986989963,1.6782163718935277,553.9942986989963,2.8164101908914745,0.0,0.0,421.0754322142189,553.8622839675253,8.246984560238634,553.8622839675253,68.0127543368144,0.0,0.0,4204.3377811089285,553.8996370808188,7.040540416728409,553.8996370808188,49.56920935958624,0.0,0.0,30300.3219645074,553.9523698044306,4.850468840745916,553.9523698044306,23.527047975047022,0.0,0.0,84.82724820666776,0.0035887438207225,0.0001049112888165,140.15395198548552,0.0035289783985918,8.649423032244794e-05,421.0754322142189,0.0034557668162261,7.508683532720257e-05,4204.3377811089285,0.8448758245792075,1268603133.3879724,30300.3219645074,13611.218201555854,20520843287784.504,1.0,554.0,0.0,554.0,0.0,0.0,0.0,1.0,554.0,0.0,554.0,0.0,0.0,0.0,1.0,554.0,0.0,554.0,0.0,0.0,0.0,1.0,554.0,0.0,554.0,0.0,0.0,0.0,1.0,554.0,0.0,554.0,0.0,0.0,0.0
79.58356169352693,74.172924350558,4.120281597312896,111.39262708350468,74.17223366265327,4.104673850170912,219.13342956422983,74.25090656111138,55.86461624253934,965.7203185479044,77.6598689935226,2581.302548699057,8664.100971157928,76.84547684123706,1824.6680474538728,79.58356169352693,74.172924350558,4.120281597312896,111.39262708350468,74.17223366265327,4.104673850170912,219.13342956422983,74.25090656111138,55.86461624253934,965.7203185479044,77.6598689935226,2581.302548699057,8664.100971157928,76.84547684123706,1824.6680474538728,1.0000303123279113,74.0,9.5367431640625e-07,74.0,9.094947017729282e-13,0.0,0.0,1.0019452327566103,74.0,0.0,74.0,0.0,0.0,0.0,1.124831404848652,73.99999999999999,9.5367431640625e-07,73.99999999999999,9.094947017729282e-13,0.0,0.0,1.8121427763541724,74.0,0.0,74.0,0.0,0.0,0.0,1.9794070787184543,74.0,0.0,74.0,0.0,0.0,0.0,1.0000303123279113,45649.35375015453,68737361215721.18,1.0019452327566103,2923667.525784341,4394237254589221.0,1.124831404848652,167123060.30227098,2.237427057339484e+17,1.8121427763541724,674900768.3307321,5.608509443205854e+17,1.9794070787184543,745123170.1002265,5.6688229665754106e+17,1.0000303123279113,74.0,9.5367431640625e-07,74.0,9.094947017729282e-13,0.0,0.0,1.0019452327566103,74.0,0.0,74.0,0.0,0.0,0.0,1.124831404848652,73.99999999999999,9.5367431640625e-07,73.99999999999999,9.094947017729282e-13,0.0,0.0,1.8121427763541724,74.0,0.0,74.0,0.0,0.0,0.0,1.9794070787184543,74.0,0.0,74.0,0.0,0.0,0.0
131.5751853911502,276.15344862365686,60056.449430404406,206.153057644455,288.2863602351769,60656.53831025923,542.34232026647,315.115430103124,60940.19676383954,5045.942308592856,333.11516420553494,60323.11202155176,40575.50252728631,336.0211339776964,60162.64936159989,131.5751853911502,276.15344862365686,60056.449430404406,206.153057644455,288.2863602351769,60656.53831025923,542.34232026647,315.115430103124,60940.19676383954,5045.942308592856,333.11516420553494,60323.11202155176,40575.50252728631,336.0211339776964,60162.64936159989,57.57115271979232,553.9999999999999,1.52587890625e-05,553.9999999999999,2.3283064365386963e-10,0.0,0.0,95.26513334876222,553.9999999999798,0.0001000585712326,553.9999999999798,1.0011717677116394e-08,0.0,0.0,280.07429068755454,553.9997221724277,0.3704682765778025,553.9997221724277,0.1372467439505271,0.0,0.0,2790.074522502542,553.9225363820991,6.185549824422313,553.9225363820991,38.26102663041093,0.0,0.0,22673.862100824463,553.9313789016486,5.82186514200449,553.9313789016486,33.89411373168696,0.0,0.0,57.57115271979232,0.0053270527392776,0.0001757927553194,95.26513334876222,0.0052271186139333,0.0001578247524808,280.07429068755454,0.0052147230899538,0.0001623981697154,2790.074522502542,0.0468334392537844,62803258.17959754,22673.862100824463,12926.383596541224,19488407723375.46,57.57115271979232,553.9999999999999,1.52587890625e-05,553.9999999999999,2.3283064365386963e-10,0.0,0.0,95.26513334875835,553.9999999999999,7.62939453125e-06,553.9999999999999,5.820766091346741e-11,0.0,0.0,280.0741331726552,554.0000000000001,7.62939453125e-06,554.0000000000001,5.820766091346741e-11,0.0,0.0,2789.637013865444,554.0000000000008,3.6589290796758416e-05,554.0000000000008,1.3387762010097506e-09,0.0,0.0,22670.712494911044,554.0000000000039,6.0556441751051125e-05,554.0000000000039,3.667082637548447e-09,0.0,0.0
175.16143633069814,64.84598665667794,44.36022832434264,261.831422892552,66.25745070445558,48.44920584982538,694.5108485459666,68.2063822397595,47.6514815994633,6664.116919793273,69.2595201860649,44.11475603131567,37432.058239406535,69.35491832878192,43.60927963933773,175.16143633069814,64.84598665667794,44.36022832434264,261.831422892552,66.25745070445558,48.44920584982538,694.5108485459666,68.2063822397595,47.6514815994633,6664.116919793273,69.2595201860649,44.11475603131567,37432.058239406535,69.35491832878192,43.60927963933773,60.63071242731077,73.99999999882303,0.0001283781659427,73.99999999882303,1.6480953490827233e-08,0.0,0.0,117.02806159375535,73.99999873426663,0.0042095439272317,73.99999873426663,1.772026007529348e-05,0.0,0.0,406.96746198035606,73.99919667263198,0.1060468661388705,73.99919667263198,0.0112459378178755,0.0,0.0,4404.693859680132,73.99582262250712,0.2417970935771719,73.99582262250712,0.0584658344623676,0.0,0.0,24997.01498710448,73.99753304016649,0.1858261330874205,73.99753304016649,0.0345313517382237,0.0,0.0,60.63071242731077,0.0054806887233685,0.0004693871027116,117.02806159375535,0.0043768561207044,0.0002668303703006,406.96746198035606,0.0035881203660017,0.0001152108757914,4404.693859680132,87.71220764793784,132234979449.44412,24997.01498710448,26380.32646673556,39771784591686.6,1.0,74.0,0.0,74.0,0.0,0.0,0.0,1.0,74.0,0.0,74.0,0.0,0.0,0.0,1.0,74.0,0.0,74.0,0.0,0.0,0.0,1.0,74.0,0.0,74.0,0.0,0.0,0.0,1.0,74.0,0.0,74.0,0.0,0.0,0.0
121.56647918742216,71.08610118059434,32.30377715427676,204.3209261785548,70.88432052502898,33.912084275854795,650.4441439651921,70.04337044076836,39.77700301776531,6563.537652824518,69.44584102239743,43.217803252707206,25650.91257598186,69.37487453792518,43.516834797795134,121.56647918742216,71.08610118059434,32.30377715427676,204.3209261785548,70.88432052502898,33.912084275854795,650.4441439651921,70.04337044076836,39.77700301776531,6563.537652824518,69.44584102239743,43.217803252707206,25650.91257598186,69.37487453792518,43.516834797795134,1.0,60.0,0.0,60.0,0.0,0.0,0.0,1.0,60.0,0.0,60.0,0.0,0.0,0.0,1.0,60.0,0.0,60.0,0.0,0.0,0.0,1.0,60.0,0.0,60.0,0.0,0.0,0.0,1.0,60.0,0.0,60.0,0.0,0.0,0.0,1.0,1507657129.366317,0.0,1.0,1507657129.366317,0.0,1.0,1507657129.366317,0.0,1.0,1507657129.366317,0.0,1.0,1507657129.366317,0.0,1.0,60.0,0.0,60.0,0.0,0.0,0.0,1.0,60.0,0.0,60.0,0.0,0.0,0.0,1.0,60.0,0.0,60.0,0.0,0.0,0.0,1.0,60.0,0.0,60.0,0.0,0.0,0.0,1.0,60.0,0.0,60.0,0.0,0.0,0.0
153.37834827469104,244.7172424315416,59341.81304405557,232.41597496978423,300.55971940728665,63846.429316827234,643.8373949942236,363.10919789548063,61490.67504014325,5872.761930967605,388.8513537843722,58252.27781991428,14490.207904596971,389.72565207514015,58119.0291234467,153.37834827469104,244.7172424315416,59341.81304405557,232.41597496978423,300.55971940728665,63846.429316827234,643.8373949942236,363.10919789548063,61490.67504014325,5872.761930967605,388.8513537843722,58252.27781991428,14490.207904596971,389.72565207514015,58119.0291234467,1.0,60.0,0.0,60.0,0.0,0.0,0.0,1.0,60.0,0.0,60.0,0.0,0.0,0.0,1.0,60.0,0.0,60.0,0.0,0.0,0.0,1.0,60.0,0.0,60.0,0.0,0.0,0.0,1.0,60.0,0.0,60.0,0.0,0.0,0.0,1.0,1507657943.788016,0.0,1.0,1507657943.788016,0.0,1.0,1507657943.788016,0.0,1.0,1507657943.788016,0.0,1.0,1507657943.788016,0.0,1.0,60.0,0.0,60.0,0.0,0.0,0.0,1.0,60.0,0.0,60.0,0.0,0.0,0.0,1.0,60.0,0.0,60.0,0.0,0.0,0.0,1.0,60.0,0.0,60.0,0.0,0.0,0.0,1.0,60.0,0.0,60.0,0.0,0.0,0.0
167.703550059572,74.0075849795018,0.1820328552785213,272.6991193229728,74.01672476695907,0.4062859373016181,665.8608692335075,74.04102761386434,10.875756470323722,6579.949661576139,74.71199962840916,524.9317314631327,24687.97674437587,74.47848723819664,332.8985775110068,167.703550059572,74.0075849795018,0.1820328552785213,272.6991193229728,74.01672476695907,0.4062859373016181,665.8608692335075,74.04102761386434,10.875756470323722,6579.949661576139,74.71199962840916,524.9317314631327,24687.97674437587,74.47848723819664,332.8985775110068,167.65051518071874,73.99999999950354,8.337971875913389e-05,95.2680429101308,6.9521775152249535e-09,3.680302873973142e-23,6.545427940486293e-13,272.5035878942076,73.99999940401355,0.0028885652123425,95.26804244758048,8.343808985959562e-06,7.593244537691662e-20,9.18806096804664e-12,664.1341899774748,73.9995199949025,0.081974636136481,95.26767006427733,0.0067198409697084,-7.308592243760336e-18,-2.756799797215059e-11,6552.187308821976,73.99726583590542,0.1956292964658053,95.26591914840115,0.0382708216357059,-2.3032955648506e-16,-1.9049827452367736e-10,24601.75094563583,73.99767636796076,0.1803481334151844,95.26623802721204,0.0325254492263411,-5.052213304643623e-16,-6.33505966831961e-10,167.65051518071854,0.001747049242403,1.3410611796527115e-05,272.50358789420704,0.0018010118379923,4.299962324506188e-05,664.1341899774762,0.0022894448434736,0.0152226747228976,6552.18730882205,4218.810355006098,6353143758436.393,24601.750945634933,41040.412709819015,61801637658869.83,1.0,74.0,0.0,95.26804291051644,0.0,0.0,0.0,1.0,74.0,0.0,95.26804291051644,0.0,0.0,0.0,1.0,74.0,0.0,95.26804291051644,0.0,0.0,0.0,1.0217689312859215,74.0,0.0,95.26804291051644,0.0,0.0,0.0,1.6819989575847931,74.0,9.5367431640625e-07,95.26804291051644,9.094947017729282e-13,0.0,0.0
21.81085637041767,74.62858805662206,14.69099041955178,27.288630446487907,74.70175734052106,16.35007786267215,70.10804602597312,74.643647482419,30.11358201061193,996.3732940183849,75.45455998707341,560.3426361735646,4903.751875663073,76.3820327871083,1409.8859334575088,21.81085637041767,74.62858805662206,14.69099041955178,27.288630446487907,74.70175734052106,16.35007786267215,70.10804602597312,74.643647482419,30.11358201061193,996.3732940183849,75.45455998707341,560.3426361735646,4903.751875663073,76.3820327871083,1409.8859334575088,1.0000000009009358,74.0,9.5367431640625e-07,74.0,9.094947017729282e-13,0.0,0.0,1.0000037466434877,74.0,0.0,74.0,0.0,0.0,0.0,1.0174513398219291,74.0,0.0,74.0,0.0,0.0,0.0,2.1945579200338834,74.0,0.0,74.0,0.0,0.0,0.0,2.898610061523386,73.99999999999999,9.5367431640625e-07,73.99999999999999,9.094947017729282e-13,0.0,0.0,1.0000000009009358,6.00962019427426,60688.36616236716,1.0000037466434877,16.831422711423734,16296769055.41534,1.0174513398219291,2856197.622557286,4293017920455544.0,2.1945579200338834,367284766.5427272,4.182007503894153e+17,2.898610061523386,488050837.98464406,4.967684113515751e+17,1.0000000009009358,74.0,9.5367431640625e-07,74.0,9.094947017729282e-13,0.0,0.0,1.0000037466434877,74.0,0.0,74.0,0.0,0.0,0.0,1.0174513398219291,74.0,0.0,74.0,0.0,0.0,0.0,2.1945579200338834,74.0,0.0,74.0,0.0,0.0,0.0,2.898610061523386,73.99999999999999,9.5367431640625e-07,73.99999999999999,9.094947017729282e-13,0.0,0.0
90.27560909676131,60.000000013737214,6.593922989850398e-07,109.17118147483016,60.000012316124256,0.0005911704447498,246.2580473245953,60.005976616512434,0.2849622168218957,2288.0029720614284,60.0249201271504,0.963391826082443,12540.812399552697,60.02206086632396,0.7688941207643438,90.27560909676131,60.000000013737214,6.593922989850398e-07,109.17118147483016,60.000012316124256,0.0005911704447498,246.2580473245953,60.005976616512434,0.2849622168218957,2288.0029720614284,60.0249201271504,0.963391826082443,12540.812399552697,60.02206086632396,0.7688941207643438,1.0,60.0,0.0,60.0,0.0,0.0,0.0,1.0,60.0,0.0,60.0,0.0,0.0,0.0,1.0,60.0,0.0,60.0,0.0,0.0,0.0,1.0,60.0,0.0,60.0,0.0,0.0,0.0,1.0,60.0,0.0,60.0,0.0,0.0,0.0,1.0,1507653072.9931018,0.0,1.0,1507653072.9931018,0.0,1.0,1507653072.9931018,0.0,1.0,1507653072.9931018,0.0,1.0,1507653072.9931018,0.0,1.0,60.0,0.0,60.0,0.0,0.0,0.0,1.0,60.0,0.0,60.0,0.0,0.0,0.0,1.0,60.0,0.0,60.0,0.0,0.0,0.0,1.0,60.0,0.0,60.0,0.0,0.0,0.0,1.0,60.0,0.0,60.0,0.0,0.0,0.0
173.62555180917116,74.01902861880322,1.4828666328312463,283.1178615300891,73.99274108775082,1.7244173827666598,834.0513366229383,73.98570854911698,1.7503806808745144,5525.903385928844,74.05895389878525,15.508563383722503,8459.364481666482,74.07292607690408,18.95122513851038,173.62555180917116,74.01902861880322,1.4828666328312463,283.1178615300891,73.99274108775082,1.7244173827666598,834.0513366229383,73.98570854911698,1.7503806808745144,5525.903385928844,74.05895389878525,15.508563383722503,8459.364481666482,74.07292607690408,18.95122513851038,172.55958965222908,73.99999999999997,1.3486991523486091e-06,95.2680429105164,2.9118037843694986e-12,-2.0398546849806317e-28,-1.0030303048377542e-16,280.4037457009088,73.9999999998995,3.749771738307476e-05,95.2680429104384,1.4060847653538515e-09,-1.909324089110613e-23,-2.5169145813251893e-13,826.1116107660042,73.9999660279746,0.0218084206912748,95.26801652255274,0.0004756072130476,9.258696658836072e-18,1.4838988488545732e-10,5503.183341019681,73.99744938932805,0.1889498447004052,95.26606172255768,0.0357020438123072,-7.493618205148579e-18,-1.6311288077368888e-11,8427.765513681717,73.99689932963066,0.2083261170719663,95.26563446699708,0.0433997710542826,1.42151976934814e-15,3.3728951510232567e-09,172.55958965222896,0.0017034566851206,1.6438021253923278e-05,280.4037457009088,0.0017381018477958,245.97097215849053,826.1116107660067,56.90240123827582,85687465205.31569,5503.183341019723,96966.5013116077,146013789840720.3,8427.765513681665,161076.14945072966,242540852280331.03,1.0,74.0,0.0,74.0,0.0,0.0,0.0,1.0,74.0,0.0,74.0,0.0,0.0,0.0,1.0,74.0,0.0,74.0,0.0,0.0,0.0,1.0,74.0,0.0,74.0,0.0,0.0,0.0,1.0,74.0,0.0,74.0,0.0,0.0,0.0
1.0,60.0,0.0,1.0,60.0,0.0,1.0,60.0,0.0,1.0,60.0,0.0,1.0,60.0,0.0,1.0,60.0,0.0,1.0,60.0,0.0,1.0,60.0,0.0,1.0,60.0,0.0,1.0,60.0,0.0,1.0,60.0,0.0,60.0,0.0,0.0,0.0,1.0,60.0,0.0,60.0,0.0,0.0,0.0,1.0,60.0,0.0,60.0,0.0,0.0,0.0,1.0,60.0,0.0,60.0,0.0,0.0,0.0,1.0,60.0,0.0,60.0,0.0,0.0,0.0,1.0,1505913543.1453788,0.0,1.0,1505913543.1453788,0.0,1.0,1505913543.1453788,0.0,1.0,1505913543.1453788,0.0,1.0,1505913543.1453788,0.0,1.0,60.0,0.0,60.0,0.0,0.0,0.0,1.0,60.0,0.0,60.0,0.0,0.0,0.0,1.0,60.0,0.0,60.0,0.0,0.0,0.0,1.0,60.0,0.0,60.0,0.0,0.0,0.0,1.0,60.0,0.0,60.0,0.0,0.0,0.0
119.25687393851034,379.12591072544393,59636.36392504937,193.48321755522247,405.121280485184,55522.66614366751,604.0867725486966,404.5075656641098,55634.18433676932,6313.723764258611,393.3891379310221,57541.14553019393,32099.99684733877,391.88197062360655,57782.625431797176,119.25687393851034,379.12591072544393,59636.36392504937,193.48321755522247,405.121280485184,55522.66614366751,604.0867725486966,404.5075656641098,55634.18433676932,6313.723764258611,393.3891379310221,57541.14553019393,32099.99684733877,391.88197062360655,57782.625431797176,1.0,60.0,0.0,60.0,0.0,0.0,0.0,1.0,60.0,0.0,60.0,0.0,0.0,0.0,1.0,60.0,0.0,60.0,0.0,0.0,0.0,1.0,60.0,0.0,60.0,0.0,0.0,0.0,1.0,60.0,0.0,60.0,0.0,0.0,0.0,1.0,1507658008.246042,0.0,1.0,1507658008.246042,0.0,1.0,1507658008.246042,0.0,1.0,1507658008.246042,0.0,1.0,1507658008.246042,0.0,1.0,60.0,0.0,60.0,0.0,0.0,0.0,1.0,60.0,0.0,60.0,0.0,0.0,0.0,1.0,60.0,0.0,60.0,0.0,0.0,0.0,1.0,60.0,0.0,60.0,0.0,0.0,0.0,1.0,60.0,0.0,60.0,0.0,0.0,0.0
137.1104522622676,235.65280042091672,55918.57711222243,198.71446012500968,279.0029316546305,60225.164164064765,523.5214022292379,325.99823818836984,60648.064482791815,5032.829865018573,336.384968503588,60142.61130513588,36793.70930347332,336.3652549828576,60142.73928341133,137.1104522622676,235.65280042091672,55918.57711222243,198.71446012500968,279.0029316546305,60225.164164064765,523.5214022292379,325.99823818836984,60648.064482791815,5032.829865018573,336.384968503588,60142.61130513588,36793.70930347332,336.3652549828576,60142.73928341133,1.0,60.0,0.0,60.0,0.0,0.0,0.0,1.0,60.0,0.0,60.0,0.0,0.0,0.0,1.0,60.0,0.0,60.0,0.0,0.0,0.0,1.0,60.0,0.0,60.0,0.0,0.0,0.0,1.0,60.0,0.0,60.0,0.0,0.0,0.0,1.0,1507659496.975464,0.0,1.0,1507659496.975464,0.0,1.0,1507659496.975464,0.0,1.0,1507659496.975464,0.0,1.0,1507659496.975464,0.0,1.0,60.0,0.0,60.0,0.0,0.0,0.0,1.0,60.0,0.0,60.0,0.0,0.0,0.0,1.0,60.0,0.0,60.0,0.0,0.0,0.0,1.0,60.0,0.0,60.0,0.0,0.0,0.0,1.0,60.0,0.0,60.0,0.0,0.0,0.0
1.0,60.0,0.0,1.0,60.0,0.0,1.0,60.0,0.0,1.0,60.0,0.0,1.0,60.0,0.0,1.0,60.0,0.0,1.0,60.0,0.0,1.0,60.0,0.0,1.0,60.0,0.0,1.0,60.0,0.0,1.0,60.0,0.0,60.0,0.0,0.0,0.0,1.0,60.0,0.0,60.0,0.0,0.0,0.0,1.0,60.0,0.0,60.0,0.0,0.0,0.0,1.0,60.0,0.0,60.0,0.0,0.0,0.0,1.0,60.0,0.0,60.0,0.0,0.0,0.0,1.0,1505913451.297003,0.0,1.0,1505913451.297003,0.0,1.0,1505913451.297003,0.0,1.0,1505913451.297003,0.0,1.0,1505913451.297003,0.0,1.0,60.0,0.0,60.0,0.0,0.0,0.0,1.0,60.0,0.0,60.0,0.0,0.0,0.0,1.0,60.0,0.0,60.0,0.0,0.0,0.0,1.0,60.0,0.0,60.0,0.0,0.0,0.0,1.0,60.0,0.0,60.0,0.0,0.0,0.0
167.0141607383123,205.4616985080272,52444.51371222165,248.7439065837873,266.92047537316347,61885.677410164055,674.2363748044684,350.63245926633766,62592.79163075131,6391.7394092594295,388.0287977096486,58377.04358183644,45787.66341019591,390.9780460789797,57924.90694238426,167.0141607383123,205.4616985080272,52444.51371222165,248.7439065837873,266.92047537316347,61885.677410164055,674.2363748044684,350.63245926633766,62592.79163075131,6391.7394092594295,388.0287977096486,58377.04358183644,45787.66341019591,390.9780460789797,57924.90694238426,1.0,60.0,0.0,60.0,0.0,0.0,0.0,1.0,60.0,0.0,60.0,0.0,0.0,0.0,1.0,60.0,0.0,60.0,0.0,0.0,0.0,1.0,60.0,0.0,60.0,0.0,0.0,0.0,1.0,60.0,0.0,60.0,0.0,0.0,0.0,1.0,1507658090.943542,0.0,1.0,1507658090.943542,0.0,1.0,1507658090.943542,0.0,1.0,1507658090.943542,0.0,1.0,1507658090.943542,0.0,1.0,60.0,0.0,60.0,0.0,0.0,0.0,1.0,60.0,0.0,60.0,0.0,0.0,0.0,1.0,60.0,0.0,60.0,0.0,0.0,0.0,1.0,60.0,0.0,60.0,0.0,0.0,0.0,1.0,60.0,0.0,60.0,0.0,0.0,0.0
126.4413296602374,373.8258589737525,56543.30457234997,217.6325443214603,361.77866717431016,58008.297391714375,648.3176819311371,368.3720638860508,57242.0262014629,6241.376682308001,380.7643693067037,55564.13900845326,19561.083529355325,381.7475619413885,55418.64345198998,126.4413296602374,373.8258589737525,56543.30457234997,217.6325443214603,361.77866717431016,58008.297391714375,648.3176819311371,368.3720638860508,57242.0262014629,6241.376682308001,380.7643693067037,55564.13900845326,19561.083529355325,381.7475619413885,55418.64345198998,80.73021336995083,551.5205501631599,34.90989183462937,551.5205501631599,1218.7005479055224,0.0,0.0,133.53067295034157,551.8484839123192,32.530292433958714,551.8484839123192,1058.219925838872,0.0,0.0,405.5359543967035,552.9832118407621,22.38882517021972,552.9832118407621,501.25949250266416,0.0,0.0,4053.5673836742462,553.8762838401174,7.816679428880938,553.8762838401174,61.10047729389044,0.0,0.0,12741.782434434685,553.9337295955806,5.721292512496295,553.9337295955806,32.73318801354617,0.0,0.0,80.73021336995083,0.0038683239316428,0.0001889837637094,133.53067295034157,0.0037852797582455,0.0001839269528625,405.5359543967035,0.0036099435220754,0.9991588367326878,4053.5673836742462,9898.392587250068,14923267025295.252,12741.782434434685,82334.53551176937,124125366130063.78,1.0,554.0,0.0,554.0,0.0,0.0,0.0,1.0,554.0,0.0,554.0,0.0,0.0,0.0,1.0,554.0,0.0,554.0,0.0,0.0,0.0,1.0,554.0,0.0,554.0,0.0,0.0,0.0,1.0,554.0,0.0,554.0,0.0,0.0,0.0
144.24772434261092,322.09242095833645,63926.1787549835,222.13600976465295,363.9513420541577,61411.9610933412,647.9530085858031,392.6080761825256,57668.01499683483,6309.920910722978,393.7227604384336,57489.78492627764,21227.431591195607,391.94393269399774,57773.60484179985,144.24772434261092,322.09242095833645,63926.1787549835,222.13600976465295,363.9513420541577,61411.9610933412,647.9530085858031,392.6080761825256,57668.01499683483,6309.920910722978,393.7227604384336,57489.78492627764,21227.431591195607,391.94393269399774,57773.60484179985,1.0,60.0,0.0,60.0,0.0,0.0,0.0,1.0,60.0,0.0,60.0,0.0,0.0,0.0,1.0,60.0,0.0,60.0,0.0,0.0,0.0,1.0,60.0,0.0,60.0,0.0,0.0,0.0,1.0,60.0,0.0,60.0,0.0,0.0,0.0,1.0,1507657964.845621,0.0,1.0,1507657964.845621,0.0,1.0,1507657964.845621,0.0,1.0,1507657964.845621,0.0,1.0,1507657964.845621,0.0,1.0,60.0,0.0,60.0,0.0,0.0,0.0,1.0,60.0,0.0,60.0,0.0,0.0,0.0,1.0,60.0,0.0,60.0,0.0,0.0,0.0,1.0,60.0,0.0,60.0,0.0,0.0,0.0,1.0,60.0,0.0,60.0,0.0,0.0,0.0
152.4280217957743,300.4110051267345,60965.581265559646,230.29286929257748,342.4711306536985,59750.68835294608,645.0196673202997,375.812477049732,56272.09193433329,6423.19919457685,382.9121570684952,55243.558988952864,49993.813231020256,382.9366953698461,55239.42815485071,152.4280217957743,300.4110051267345,60965.581265559646,230.29286929257748,342.4711306536985,59750.68835294608,645.0196673202997,375.812477049732,56272.09193433329,6423.19919457685,382.9121570684952,55243.558988952864,49993.813231020256,382.9366953698461,55239.42815485071,1.0,60.0,0.0,60.0,0.0,0.0,0.0,1.0,60.0,0.0,60.0,0.0,0.0,0.0,1.0,60.0,0.0,60.0,0.0,0.0,0.0,1.0,60.0,0.0,60.0,0.0,0.0,0.0,1.0,60.0,0.0,60.0,0.0,0.0,0.0,1.0,1507656144.093176,0.0,1.0,1507656144.093176,0.0,1.0,1507656144.093176,0.0,1.0,1507656144.093176,0.0,1.0,1507656144.093176,0.0,1.0,60.0,0.0,60.0,0.0,0.0,0.0,1.0,60.0,0.0,60.0,0.0,0.0,0.0,1.0,60.0,0.0,60.0,0.0,0.0,0.0,1.0,60.0,0.0,60.0,0.0,0.0,0.0,1.0,60.0,0.0,60.0,0.0,0.0,0.0
128.48047206766103,73.99332812708033,0.0933617069858883,210.1135820692241,73.9854857361891,0.2029890294934376,618.0923812873338,73.9644928678893,0.4958434411310009,6497.408861849412,71.82202817701081,25.79477574213161,55661.750029487644,69.7832701596149,41.391758392117474,128.48047206766103,73.99332812708033,0.0933617069858883,210.1135820692241,73.9854857361891,0.2029890294934376,618.0923812873338,73.9644928678893,0.4958434411310009,6497.408861849412,71.82202817701081,25.79477574213161,55661.750029487644,69.7832701596149,41.391758392117474,128.41924311178258,74.0,9.5367431640625e-07,74.0,9.094947017729282e-13,0.0,0.0,209.8957503577597,74.00000000000007,2.523185072960464e-06,74.00000000000007,6.366462912410497e-12,0.0,0.0,616.5245694154149,73.99999999880771,0.0001292184709314,73.99999999880771,1.6697413229849193e-08,0.0,0.0,5485.607073649151,73.9994253252723,0.0896945701161268,73.9994253252723,0.0080451159083168,0.0,0.0,38876.45382850345,73.9981606438909,0.1604605947347066,73.9981606438909,0.0257476024626157,0.0,0.0,128.41924311178258,0.0022690804274422,7.799643655039155e-06,209.8957503577597,0.002305164064598,8.266306869846457e-06,616.5245694154149,0.0023451884338875,9.37670761034093e-06,5485.607073649151,0.0043320810623095,2553313.849462353,38876.45382850345,5855.8309744009775,8828545860427.17,1.0,74.0,0.0,74.0,0.0,0.0,0.0,1.0,74.0,0.0,74.0,0.0,0.0,0.0,1.0,74.0,0.0,74.0,0.0,0.0,0.0,1.0,74.0,0.0,74.0,0.0,0.0,0.0,1.0,74.0,0.0,74.0,0.0,0.0,0.0
141.6268848173417,338.38023160102546,59897.27655596215,233.21144546822867,340.82408786698505,59782.23900593875,663.9062143644418,362.12639624751296,57938.60268947162,6441.274464029762,380.6740428254997,55575.46189486591,50240.652002842566,382.64390440769137,55283.45039971877,141.6268848173417,338.38023160102546,59897.27655596215,233.21144546822867,340.82408786698505,59782.23900593875,663.9062143644418,362.12639624751296,57938.60268947162,6441.274464029762,380.6740428254997,55575.46189486591,50240.652002842566,382.64390440769137,55283.45039971877,79.72832962125639,554.0000000000003,1.52587890625e-05,554.0000000000003,2.3283064365386963e-10,0.0,0.0,132.4861379774222,554.0,7.62939453125e-06,554.0,5.820766091346741e-11,0.0,0.0,405.94487714074415,553.9999999999934,5.6064370943828846e-05,553.9999999999934,3.1432136893272404e-09,0.0,0.0,4181.190520597082,553.990700466636,2.1433345518577704,553.990700466636,4.593883001187352,0.0,0.0,32814.956830453884,553.965349716395,4.137153545496169,553.965349716395,17.116039459011517,0.0,0.0,79.72832962125639,0.0038298075094391,0.0001213730268132,132.4861379774222,0.0037553458726263,0.0001157255993863,405.94487714074415,0.0035942922668661,0.0001070798086936,4181.190520597082,0.0814214462153507,117547569.02299742,32814.956830453884,9901.966802703057,14928655670176.426,1.0,554.0,0.0,554.0,0.0,0.0,0.0,1.0,554.0,0.0,554.0,0.0,0.0,0.0,1.0,554.0,0.0,554.0,0.0,0.0,0.0,1.0,554.0,0.0,554.0,0.0,0.0,0.0,1.0,554.0,0.0,554.0,0.0,0.0,0.0
1.0,60.0,0.0,1.0,60.0,0.0,1.0,60.0,0.0,1.0,60.0,0.0,1.0,60.0,0.0,1.0,60.0,0.0,1.0,60.0,0.0,1.0,60.0,0.0,1.0,60.0,0.0,1.0,60.0,0.0,1.0,60.0,0.0,60.0,0.0,0.0,0.0,1.0,60.0,0.0,60.0,0.0,0.0,0.0,1.0,60.0,0.0,60.0,0.0,0.0,0.0,1.0,60.0,0.0,60.0,0.0,0.0,0.0,1.0,60.0,0.0,60.0,0.0,0.0,0.0,1.0,1505913475.164057,0.0,1.0,1505913475.164057,0.0,1.0,1505913475.164057,0.0,1.0,1505913475.164057,0.0,1.0,1505913475.164057,0.0,1.0,60.0,0.0,60.0,0.0,0.0,0.0,1.0,60.0,0.0,60.0,0.0,0.0,0.0,1.0,60.0,0.0,60.0,0.0,0.0,0.0,1.0,60.0,0.0,60.0,0.0,0.0,0.0,1.0,60.0,0.0,60.0,0.0,0.0,0.0
121.99904846788657,74.23127307952471,23.123270226134988,156.9336784326218,74.44196965843743,78.59811861350136,360.5800500848848,74.75855083465841,165.36596879188983,6288.052537194503,74.1869672445945,60.02711573935903,32001.57747998373,74.32067827606005,198.1865237320017,121.99904846788657,74.23127307952471,23.123270226134988,156.9336784326218,74.44196965843743,78.59811861350136,360.5800500848848,74.75855083465841,165.36596879188983,6288.052537194503,74.1869672445945,60.02711573935903,32001.57747998373,74.32067827606005,198.1865237320017,121.17341622962782,73.99999999999996,3.162979879718208e-06,95.26804291051636,1.0045697324301055e-11,6.7567706042438735e-28,2.2399723559881864e-16,155.78531550141045,74.0,1.6518123698891422e-06,95.2680429105164,8.198074455012805e-12,-6.619764466282147e-28,-1.4413593633028164e-16,357.7644225331184,73.99999999651236,0.0002209377517285,95.2680429078074,4.8813490215110653e-08,1.06416173356768e-22,2.9159293254185144e-13,6262.926620658324,73.9991786277554,0.1072312306611022,95.26740490630812,0.0114985368290945,1.267605867076154e-16,2.5846333608284733e-10,31897.481298774997,73.9984491698018,0.1473404823188425,95.26683829925078,0.0217092177299491,3.676649421538792e-17,2.2273604485530027e-11,121.17341622962785,0.0033234453316688,0.0008797199431566,155.78531550141057,0.0040421271349645,0.0013349488191565,357.7644225331202,0.0048410349245022,0.0031108210796554,6262.926620658426,754.0093653486665,1135469441998.3208,31897.481298773942,26526.45112003373,39945856022445.26,1.0,74.0,0.0,95.26804291051644,0.0,0.0,0.0,1.0,74.0,0.0,95.26804291051644,0.0,0.0,0.0,1.0,74.0,0.0,95.26804291051644,0.0,0.0,0.0,1.0213461854463477,74.0,9.5367431640625e-07,95.26804291051644,9.094947017729282e-13,0.0,0.0,1.6806628186216264,73.99999999999999,9.5367431640625e-07,95.26804291051644,9.094947017729282e-13,0.0,0.0
127.56157634403095,415.30682566402646,49278.630975505774,221.7637493992359,393.7432906814912,53484.569963317685,663.6070770195023,385.2156615785048,54890.20361443574,6393.001946817816,382.7849881846413,55262.967835121584,44090.357044829216,382.3819620826568,55323.423006555066,127.56157634403095,415.30682566402646,49278.630975505774,221.7637493992359,393.7432906814912,53484.569963317685,663.6070770195023,385.2156615785048,54890.20361443574,6393.001946817816,382.7849881846413,55262.967835121584,44090.357044829216,382.3819620826568,55323.423006555066,91.7479729229486,553.9999999999999,7.62939453125e-06,553.9999999999999,5.820766091346741e-11,0.0,0.0,149.8221636997713,554.0000000000006,2.0185480583683703e-05,554.0000000000006,4.07453626394272e-10,0.0,0.0,436.87020526906457,553.9999999930423,0.0018539742675132,553.9999999930423,3.4372205846011634e-06,0.0,0.0,4177.34156618246,553.9813103932521,3.0384727138884458,553.9813103932521,9.232316433044618,0.0,0.0,28774.7352037216,553.9623488722007,4.312567625433916,553.9623488722007,18.59823952394072,0.0,0.0,91.7479729229486,0.0032189907991317,3.4469579088627336e-05,149.8221636997713,0.0032597369936012,3.8954114346639206e-05,436.87020526906457,0.0033227166434502,4.868354915303336e-05,4177.34156618246,2.8508496406638724,4292887495.937237,28774.7352037216,16180.632636638831,24394559627161.35,1.0,554.0,0.0,554.0,0.0,0.0,0.0,1.0,554.0,0.0,554.0,0.0,0.0,0.0,1.0,554.0,0.0,554.0,0.0,0.0,0.0,1.0,554.0,0.0,554.0,0.0,0.0,0.0,1.0,554.0,0.0,554.0,0.0,0.0,0.0
100.57860504415014,60.00055143202538,0.0082711763066072,119.67768744263098,60.00435346582672,0.0652830347407871,256.4211068284628,60.01968302063193,0.2948598060570475,2306.0474958341088,60.01775480827797,0.4519423486212872,22355.846260038048,60.01991087443128,0.6682326789382387,100.57860504415014,60.00055143202538,0.0082711763066072,119.67768744263098,60.00435346582672,0.0652830347407871,256.4211068284628,60.01968302063193,0.2948598060570475,2306.0474958341088,60.01775480827797,0.4519423486212872,22355.846260038048,60.01991087443128,0.6682326789382387,1.0,60.0,0.0,60.0,0.0,0.0,0.0,1.0,60.0,0.0,60.0,0.0,0.0,0.0,1.0,60.0,0.0,60.0,0.0,0.0,0.0,1.0,60.0,0.0,60.0,0.0,0.0,0.0,1.0,60.0,0.0,60.0,0.0,0.0,0.0,1.0,1507653514.9999368,0.0,1.0,1507653514.9999368,0.0,1.0,1507653514.9999368,0.0,1.0,1507653514.9999368,0.0,1.0,1507653514.9999368,0.0,1.0,60.0,0.0,60.0,0.0,0.0,0.0,1.0,60.0,0.0,60.0,0.0,0.0,0.0,1.0,60.0,0.0,60.0,0.0,0.0,0.0,1.0,60.0,0.0,60.0,0.0,0.0,0.0,1.0,60.0,0.0,60.0,0.0,0.0,0.0
136.0560702544916,262.940861184355,59067.79228682378,209.0462061012608,277.11390053186847,60115.821058580965,544.5019331006838,309.55772574876613,61002.456155954686,5070.35089118862,333.147042070546,60322.552000306016,31068.85857485565,335.85384398917245,60172.60296021741,136.0560702544916,262.940861184355,59067.79228682378,209.0462061012608,277.11390053186847,60115.821058580965,544.5019331006838,309.55772574876613,61002.456155954686,5070.35089118862,333.147042070546,60322.552000306016,31068.85857485565,335.85384398917245,60172.60296021741,55.89360542068161,553.9981212338998,0.9633830618901632,553.9981212338998,0.9281069239368662,0.0,0.0,91.8824476568609,553.9663489106515,4.07707073061239,553.9663489106515,16.62250574241625,0.0,0.0,275.25445549198207,553.6692543282356,12.778065939423245,553.6692543282356,163.27896915224846,0.0,0.0,2804.3689334200044,553.8438885350972,8.780358356733657,553.8438885350972,77.09469287266256,0.0,0.0,17351.66287681433,553.9125137427002,6.573473759416023,553.9125137427002,43.21055726573104,0.0,0.0,55.89360542068161,0.0053841093673137,0.0001091804041073,91.8824476568609,0.005380894146432,0.0001222226506634,275.25445549198207,0.0053005531252709,0.0001483832680075,2804.3689334200044,37.044083923424274,55842092076.206665,17351.66287681433,33325.8488302247,50242907834476.24,55.89339284778469,554.0,1.0789593218788871e-05,554.0,1.1641532182693479e-10,0.0,0.0,91.8761886599871,554.0000000000001,7.62939453125e-06,554.0000000000001,5.820766091346741e-11,0.0,0.0,275.0701655733837,554.0,1.3214498959113138e-05,554.0,1.7462298274040222e-10,0.0,0.0,2803.482710459826,553.9999999999994,3.6589290796758416e-05,553.9999999999994,1.3387762010097506e-09,0.0,0.0,17348.58993745606,553.9999999999994,4.108554692943193e-05,553.9999999999994,1.6880221664905546e-09,0.0,0.0
1.0,60.0,0.0,1.0,60.0,0.0,1.0,60.0,0.0,1.0,60.0,0.0,1.0,60.0,0.0,1.0,60.0,0.0,1.0,60.0,0.0,1.0,60.0,0.0,1.0,60.0,0.0,1.0,60.0,0.0,1.0,60.0,0.0,60.0,0.0,0.0,0.0,1.0,60.0,0.0,60.0,0.0,0.0,0.0,1.0,60.0,0.0,60.0,0.0,0.0,0.0,1.0,60.0,0.0,60.0,0.0,0.0,0.0,1.0,60.0,0.0,60.0,0.0,0.0,0.0,1.0,1505913545.319691,0.0,1.0,1505913545.319691,0.0,1.0,1505913545.319691,0.0,1.0,1505913545.319691,0.0,1.0,1505913545.319691,0.0,1.0,60.0,0.0,60.0,0.0,0.0,0.0,1.0,60.0,0.0,60.0,0.0,0.0,0.0,1.0,60.0,0.0,60.0,0.0,0.0,0.0,1.0,60.0,0.0,60.0,0.0,0.0,0.0,1.0,60.0,0.0,60.0,0.0,0.0,0.0
1.0,60.0,0.0,1.0,60.0,0.0,1.0,60.0,0.0,1.0,60.0,0.0,1.0,60.0,0.0,1.0,60.0,0.0,1.0,60.0,0.0,1.0,60.0,0.0,1.0,60.0,0.0,1.0,60.0,0.0,1.0,60.0,0.0,60.0,0.0,0.0,0.0,1.0,60.0,0.0,60.0,0.0,0.0,0.0,1.0,60.0,0.0,60.0,0.0,0.0,0.0,1.0,60.0,0.0,60.0,0.0,0.0,0.0,1.0,60.0,0.0,60.0,0.0,0.0,0.0,1.0,1505913539.385122,0.0,1.0,1505913539.385122,0.0,1.0,1505913539.385122,0.0,1.0,1505913539.385122,0.0,1.0,1505913539.385122,0.0,1.0,60.0,0.0,60.0,0.0,0.0,0.0,1.0,60.0,0.0,60.0,0.0,0.0,0.0,1.0,60.0,0.0,60.0,0.0,0.0,0.0,1.0,60.0,0.0,60.0,0.0,0.0,0.0,1.0,60.0,0.0,60.0,0.0,0.0,0.0
1.0,60.0,0.0,1.0,60.0,0.0,1.0,60.0,0.0,1.0,60.0,0.0,1.0,60.0,0.0,1.0,60.0,0.0,1.0,60.0,0.0,1.0,60.0,0.0,1.0,60.0,0.0,1.0,60.0,0.0,1.0,60.0,0.0,60.0,0.0,0.0,0.0,1.0,60.0,0.0,60.0,0.0,0.0,0.0,1.0,60.0,0.0,60.0,0.0,0.0,0.0,1.0,60.0,0.0,60.0,0.0,0.0,0.0,1.0,60.0,0.0,60.0,0.0,0.0,0.0,1.0,1505913566.382361,0.0,1.0,1505913566.382361,0.0,1.0,1505913566.382361,0.0,1.0,1505913566.382361,0.0,1.0,1505913566.382361,0.0,1.0,60.0,0.0,60.0,0.0,0.0,0.0,1.0,60.0,0.0,60.0,0.0,0.0,0.0,1.0,60.0,0.0,60.0,0.0,0.0,0.0,1.0,60.0,0.0,60.0,0.0,0.0,0.0,1.0,60.0,0.0,60.0,0.0,0.0,0.0
1.0,60.0,0.0,1.0,60.0,0.0,1.0,60.0,0.0,1.0,60.0,0.0,1.0,60.0,0.0,1.0,60.0,0.0,1.0,60.0,0.0,1.0,60.0,0.0,1.0,60.0,0.0,1.0,60.0,0.0,1.0,60.0,0.0,60.0,0.0,0.0,0.0,1.0,60.0,0.0,60.0,0.0,0.0,0.0,1.0,60.0,0.0,60.0,0.0,0.0,0.0,1.0,60.0,0.0,60.0,0.0,0.0,0.0,1.0,60.0,0.0,60.0,0.0,0.0,0.0,1.0,1505913554.8824868,0.0,1.0,1505913554.8824868,0.0,1.0,1505913554.8824868,0.0,1.0,1505913554.8824868,0.0,1.0,1505913554.8824868,0.0,1.0,60.0,0.0,60.0,0.0,0.0,0.0,1.0,60.0,0.0,60.0,0.0,0.0,0.0,1.0,60.0,0.0,60.0,0.0,0.0,0.0,1.0,60.0,0.0,60.0,0.0,0.0,0.0,1.0,60.0,0.0,60.0,0.0,0.0,0.0
116.42929944547645,488.1105622532484,28207.812388404884,211.90188672720748,446.54863379509794,41534.256392939664,649.8655038299083,401.95014183328055,51990.14513474424,6430.525308106012,383.25869508232864,55190.86638561881,60620.34411056413,383.7864886005475,55109.60726902468,116.42929944547645,488.1105622532484,28207.812388404884,211.90188672720748,446.54863379509794,41534.256392939664,649.8655038299083,401.95014183328055,51990.14513474424,6430.525308106012,383.25869508232864,55190.86638561881,60620.34411056413,383.7864886005475,55109.60726902468,100.89995129170394,553.9999999999992,2.5303839037745665e-05,553.9999999999992,6.402842700481415e-10,0.0,0.0,165.8096695391819,554.0,1.8688123647942943e-05,554.0,3.4924596548080444e-10,0.0,0.0,449.83216503348825,553.9999999993541,0.000565038954507,553.9999999993541,3.192690201103688e-07,0.0,0.0,4207.992767227068,553.9849591087658,2.7257978726029246,553.9849591087658,7.429974042286631,0.0,0.0,39735.15010219543,553.9612086347738,4.3773770287777465,553.9612086347738,19.161429652071085,0.0,0.0,100.89995129170394,0.0029835996840128,8.00726878605577e-05,165.8096695391819,0.0030401851494162,0.000149507728582,449.83216503348825,0.0032926784894963,0.0002520426035663,4207.992767227068,0.0034374667246696,187.76626939069143,39735.15010219543,2153.9559780016425,3247414689013.7144,1.0,554.0,0.0,554.0,0.0,0.0,0.0,1.0,554.0,0.0,554.0,0.0,0.0,0.0,1.0,554.0,0.0,554.0,0.0,0.0,0.0,1.0,554.0,0.0,554.0,0.0,0.0,0.0,1.0,554.0,0.0,554.0,0.0,0.0,0.0
1.0,60.0,0.0,1.0,60.0,0.0,1.0,60.0,0.0,1.0,60.0,0.0,1.0,60.0,0.0,1.0,60.0,0.0,1.0,60.0,0.0,1.0,60.0,0.0,1.0,60.0,0.0,1.0,60.0,0.0,1.0,60.0,0.0,60.0,0.0,0.0,0.0,1.0,60.0,0.0,60.0,0.0,0.0,0.0,1.0,60.0,0.0,60.0,0.0,0.0,0.0,1.0,60.0,0.0,60.0,0.0,0.0,0.0,1.0,60.0,0.0,60.0,0.0,0.0,0.0,1.0,1505913538.086175,0.0,1.0,1505913538.086175,0.0,1.0,1505913538.086175,0.0,1.0,1505913538.086175,0.0,1.0,1505913538.086175,0.0,1.0,60.0,0.0,60.0,0.0,0.0,0.0,1.0,60.0,0.0,60.0,0.0,0.0,0.0,1.0,60.0,0.0,60.0,0.0,0.0,0.0,1.0,60.0,0.0,60.0,0.0,0.0,0.0,1.0,60.0,0.0,60.0,0.0,0.0,0.0
141.59040725816297,301.4498827556447,60978.19619857402,218.5111478089654,345.86428140733113,59498.5676306207,639.7696211389043,379.17080026413765,55800.345202583565,6727.18802118366,390.1117929886028,54098.69660093455,58058.80254924883,384.3511441767128,55022.538146374456,141.59040725816297,301.4498827556447,60978.19619857402,218.5111478089654,345.86428140733113,59498.5676306207,639.7696211389043,379.17080026413765,55800.345202583565,6727.18802118366,390.1117929886028,54098.69660093455,58058.80254924883,384.3511441767128,55022.538146374456,1.0,60.0,0.0,60.0,0.0,0.0,0.0,1.0,60.0,0.0,60.0,0.0,0.0,0.0,1.0,60.0,0.0,60.0,0.0,0.0,0.0,1.0,60.0,0.0,60.0,0.0,0.0,0.0,1.0,60.0,0.0,60.0,0.0,0.0,0.0,1.0,1507656256.846761,0.0,1.0,1507656256.846761,0.0,1.0,1507656256.846761,0.0,1.0,1507656256.846761,0.0,1.0,1507656256.846761,0.0,1.0,60.0,0.0,60.0,0.0,0.0,0.0,1.0,60.0,0.0,60.0,0.0,0.0,0.0,1.0,60.0,0.0,60.0,0.0,0.0,0.0,1.0,60.0,0.0,60.0,0.0,0.0,0.0,1.0,60.0,0.0,60.0,0.0,0.0,0.0
1.0,60.0,0.0,1.0,60.0,0.0,1.0,60.0,0.0,1.0,60.0,0.0,1.0,60.0,0.0,1.0,60.0,0.0,1.0,60.0,0.0,1.0,60.0,0.0,1.0,60.0,0.0,1.0,60.0,0.0,1.0,60.0,0.0,60.0,0.0,0.0,0.0,1.0,60.0,0.0,60.0,0.0,0.0,0.0,1.0,60.0,0.0,60.0,0.0,0.0,0.0,1.0,60.0,0.0,60.0,0.0,0.0,0.0,1.0,60.0,0.0,60.0,0.0,0.0,0.0,1.0,1505913575.54464,0.0,1.0,1505913575.54464,0.0,1.0,1505913575.54464,0.0,1.0,1505913575.54464,0.0,1.0,1505913575.54464,0.0,1.0,60.0,0.0,60.0,0.0,0.0,0.0,1.0,60.0,0.0,60.0,0.0,0.0,0.0,1.0,60.0,0.0,60.0,0.0,0.0,0.0,1.0,60.0,0.0,60.0,0.0,0.0,0.0,1.0,60.0,0.0,60.0,0.0,0.0,0.0
1.0,60.0,0.0,1.0,60.0,0.0,1.0,60.0,0.0,1.0,60.0,0.0,1.0,60.0,0.0,1.0,60.0,0.0,1.0,60.0,0.0,1.0,60.0,0.0,1.0,60.0,0.0,1.0,60.0,0.0,1.0,60.0,0.0,60.0,0.0,0.0,0.0,1.0,60.0,0.0,60.0,0.0,0.0,0.0,1.0,60.0,0.0,60.0,0.0,0.0,0.0,1.0,60.0,0.0,60.0,0.0,0.0,0.0,1.0,60.0,0.0,60.0,0.0,0.0,0.0,1.0,1505913456.2522562,0.0,1.0,1505913456.2522562,0.0,1.0,1505913456.2522562,0.0,1.0,1505913456.2522562,0.0,1.0,1505913456.2522562,0.0,1.0,60.0,0.0,60.0,0.0,0.0,0.0,1.0,60.0,0.0,60.0,0.0,0.0,0.0,1.0,60.0,0.0,60.0,0.0,0.0,0.0,1.0,60.0,0.0,60.0,0.0,0.0,0.0,1.0,60.0,0.0,60.0,0.0,0.0,0.0
1.0,60.0,0.0,1.0,60.0,0.0,1.0,60.0,0.0,1.0,60.0,0.0,1.0,60.0,0.0,1.0,60.0,0.0,1.0,60.0,0.0,1.0,60.0,0.0,1.0,60.0,0.0,1.0,60.0,0.0,1.0,60.0,0.0,60.0,0.0,0.0,0.0,1.0,60.0,0.0,60.0,0.0,0.0,0.0,1.0,60.0,0.0,60.0,0.0,0.0,0.0,1.0,60.0,0.0,60.0,0.0,0.0,0.0,1.0,60.0,0.0,60.0,0.0,0.0,0.0,1.0,1505913471.424929,0.0,1.0,1505913471.424929,0.0,1.0,1505913471.424929,0.0,1.0,1505913471.424929,0.0,1.0,1505913471.424929,0.0,1.0,60.0,0.0,60.0,0.0,0.0,0.0,1.0,60.0,0.0,60.0,0.0,0.0,0.0,1.0,60.0,0.0,60.0,0.0,0.0,0.0,1.0,60.0,0.0,60.0,0.0,0.0,0.0,1.0,60.0,0.0,60.0,0.0,0.0,0.0
176.39486383964712,223.1173251986148,55902.21032291652,258.2053926839745,275.68412737755835,62581.8451450818,676.5287566601114,351.04133409110017,62537.4851187139,6383.263747239825,388.0418126760058,58371.946513278206,40584.452358007766,390.73670852396106,57962.01229362767,176.39486383964712,223.1173251986148,55902.21032291652,258.2053926839745,275.68412737755835,62581.8451450818,676.5287566601114,351.04133409110017,62537.4851187139,6383.263747239825,388.0418126760058,58371.946513278206,40584.452358007766,390.73670852396106,57962.01229362767,56.84251987241886,566.0,0.0,566.0,0.0,0.0,0.0,110.02223930890544,565.9999999999992,2.0185480583683703e-05,565.9999999999992,4.07453626394272e-10,0.0,0.0,389.0550585102905,565.9999999999998,2.288818359375e-05,565.9999999999998,5.238689482212067e-10,0.0,0.0,4138.176543087238,565.9954288720667,1.5208451069061495,565.9954288720667,2.312969839200377,0.0,0.0,26528.119444914253,565.9696494760456,3.918729891902623,565.9696494760456,15.356443965691142,0.0,0.0,56.84251987241886,0.0058656963039506,0.0005117109919819,110.02223930890544,0.0046626426449051,0.0002899047945428,389.0550585102905,0.0037553417388489,0.0001259665654871,4138.176543087238,12.84319112957275,19357877560.361526,26528.119444914253,20384.61593006257,30732606577185.01,1.0,566.0,0.0,566.0,0.0,0.0,0.0,1.0,566.0,0.0,566.0,0.0,0.0,0.0,1.0,566.0,0.0,566.0,0.0,0.0,0.0,1.0,566.0,0.0,566.0,0.0,0.0,0.0,1.0,566.0,0.0,566.0,0.0,0.0,0.0
1.0,60.0,0.0,1.0,60.0,0.0,1.0,60.0,0.0,1.0,60.0,0.0,1.0,60.0,0.0,1.0,60.0,0.0,1.0,60.0,0.0,1.0,60.0,0.0,1.0,60.0,0.0,1.0,60.0,0.0,1.0,60.0,0.0,60.0,0.0,0.0,0.0,1.0,60.0,0.0,60.0,0.0,0.0,0.0,1.0,60.0,0.0,60.0,0.0,0.0,0.0,1.0,60.0,0.0,60.0,0.0,0.0,0.0,1.0,60.0,0.0,60.0,0.0,0.0,0.0,1.0,1505913560.312445,0.0,1.0,1505913560.312445,0.0,1.0,1505913560.312445,0.0,1.0,1505913560.312445,0.0,1.0,1505913560.312445,0.0,1.0,60.0,0.0,60.0,0.0,0.0,0.0,1.0,60.0,0.0,60.0,0.0,0.0,0.0,1.0,60.0,0.0,60.0,0.0,0.0,0.0,1.0,60.0,0.0,60.0,0.0,0.0,0.0,1.0,60.0,0.0,60.0,0.0,0.0,0.0
1.0,60.0,0.0,1.0,60.0,0.0,1.0,60.0,0.0,1.0,60.0,0.0,1.0,60.0,0.0,1.0,60.0,0.0,1.0,60.0,0.0,1.0,60.0,0.0,1.0,60.0,0.0,1.0,60.0,0.0,1.0,60.0,0.0,60.0,0.0,0.0,0.0,1.0,60.0,0.0,60.0,0.0,0.0,0.0,1.0,60.0,0.0,60.0,0.0,0.0,0.0,1.0,60.0,0.0,60.0,0.0,0.0,0.0,1.0,60.0,0.0,60.0,0.0,0.0,0.0,1.0,1505913466.524643,0.0,1.0,1505913466.524643,0.0,1.0,1505913466.524643,0.0,1.0,1505913466.524643,0.0,1.0,1505913466.524643,0.0,1.0,60.0,0.0,60.0,0.0,0.0,0.0,1.0,60.0,0.0,60.0,0.0,0.0,0.0,1.0,60.0,0.0,60.0,0.0,0.0,0.0,1.0,60.0,0.0,60.0,0.0,0.0,0.0,1.0,60.0,0.0,60.0,0.0,0.0,0.0
114.92224657509978,462.4539152915064,36843.080217742616,202.8364112650944,425.2951658397852,47015.25235909597,633.932742759841,392.7182817036603,53660.9919387938,6402.314391340981,384.1031140993026,55061.85524449626,61691.32581147904,383.46308129992747,55159.221878541546,114.92224657509978,462.4539152915064,36843.080217742616,202.8364112650944,425.2951658397852,47015.25235909597,633.932742759841,392.7182817036603,53660.9919387938,6402.314391340981,384.1031140993026,55061.85524449626,61691.32581147904,383.46308129992747,55159.221878541546,93.62532001533076,553.9999999999999,0.0,553.9999999999999,0.0,0.0,0.0,149.9902022411429,553.9999999999992,2.0185480583683703e-05,553.9999999999992,4.07453626394272e-10,0.0,0.0,426.9646490550187,553.9999244051027,0.1932456300307194,553.9999244051027,0.0373438735259696,0.0,0.0,4200.793943788094,553.9492196254333,5.008285773624058,553.9492196254333,25.082926390285134,0.0,0.0,40397.409939779645,553.953457894674,4.7947506572185565,553.953457894674,22.98963386489777,0.0,0.0,93.62532001533076,0.0031974527589755,6.706451110510196e-05,149.9902022411429,0.003298256552267,8.637408647033515e-05,426.9646490550187,0.0034150960397858,9.601015558449742e-05,4200.793943788094,0.0034381148568522,4.782183877800853,40397.409939779645,1467.52046223064,2212508593160.3203,1.0,554.0,0.0,554.0,0.0,0.0,0.0,1.0,554.0,0.0,554.0,0.0,0.0,0.0,1.0,554.0,0.0,554.0,0.0,0.0,0.0,1.0,554.0,0.0,554.0,0.0,0.0,0.0,1.0,554.0,0.0,554.0,0.0,0.0,0.0
121.5710979449816,420.2943378795844,48173.36864480714,210.3061099586052,393.4232791255306,53539.69867464143,637.008751633446,380.02905314824704,55673.31003103368,6417.012967108557,382.91117409867104,55243.531741418185,56993.2636084362,383.1641403527751,55204.7724290817,121.5710979449816,420.2943378795844,48173.36864480714,210.3061099586052,393.4232791255306,53539.69867464143,637.008751633446,380.02905314824704,55673.31003103368,6417.012967108557,382.91117409867104,55243.531741418185,56993.2636084362,383.1641403527751,55204.7724290817,88.66674505438087,554.0000000000001,1.0789593218788871e-05,554.0000000000001,1.1641532182693479e-10,0.0,0.0,141.94496582543218,554.0,0.0,554.0,0.0,0.0,0.0,412.66817056607215,553.9999435124366,0.1670474576530245,553.9999435124366,0.027904853108339,0.0,0.0,4194.894128501628,553.9539880081526,4.76736896705422,553.9539880081526,22.72780686803162,0.0,0.0,37286.21900925983,553.9566782330813,4.625913540558531,553.9566782330813,21.399076084722765,0.0,0.0,88.66674505438087,0.0034432586629554,0.0001199873915102,141.94496582543218,0.0035193626056171,0.000129462649581,412.66817056607215,0.0035367138654511,0.0001092405438367,4194.894128501628,0.0035331150872437,135965.700989252,37286.21900925983,4433.113181995981,6683584508160.036,1.0,554.0,0.0,554.0,0.0,0.0,0.0,1.0,554.0,0.0,554.0,0.0,0.0,0.0,1.0,554.0,0.0,554.0,0.0,0.0,0.0,1.0,554.0,0.0,554.0,0.0,0.0,0.0,1.0,554.0,0.0,554.0,0.0,0.0,0.0
1.0,60.0,0.0,1.0,60.0,0.0,1.0,60.0,0.0,1.0,60.0,0.0,1.0,60.0,0.0,1.0,60.0,0.0,1.0,60.0,0.0,1.0,60.0,0.0,1.0,60.0,0.0,1.0,60.0,0.0,1.0,60.0,0.0,60.0,0.0,0.0,0.0,1.0,60.0,0.0,60.0,0.0,0.0,0.0,1.0,60.0,0.0,60.0,0.0,0.0,0.0,1.0,60.0,0.0,60.0,0.0,0.0,0.0,1.0,60.0,0.0,60.0,0.0,0.0,0.0,1.0,1505913431.844575,0.0,1.0,1505913431.844575,0.0,1.0,1505913431.844575,0.0,1.0,1505913431.844575,0.0,1.0,1505913431.844575,0.0,1.0,60.0,0.0,60.0,0.0,0.0,0.0,1.0,60.0,0.0,60.0,0.0,0.0,0.0,1.0,60.0,0.0,60.0,0.0,0.0,0.0,1.0,60.0,0.0,60.0,0.0,0.0,0.0,1.0,60.0,0.0,60.0,0.0,0.0,0.0
148.91451779226225,256.3246687278532,60796.898414972726,223.06242036752656,310.6781320650823,64003.42817470871,621.8651122499358,365.2191562578472,61280.072200856135,6316.418072646503,388.96896579615816,58234.87410038812,46337.97954557464,391.1245257588418,57902.04937491887,148.91451779226225,256.3246687278532,60796.898414972726,223.06242036752656,310.6781320650823,64003.42817470871,621.8651122499358,365.2191562578472,61280.072200856135,6316.418072646503,388.96896579615816,58234.87410038812,46337.97954557464,391.1245257588418,57902.04937491887,1.0,60.0,0.0,60.0,0.0,0.0,0.0,1.0,60.0,0.0,60.0,0.0,0.0,0.0,1.0,60.0,0.0,60.0,0.0,0.0,0.0,1.0,60.0,0.0,60.0,0.0,0.0,0.0,1.0,60.0,0.0,60.0,0.0,0.0,0.0,1.0,1507658096.12964,0.0,1.0,1507658096.12964,0.0,1.0,1507658096.12964,0.0,1.0,1507658096.12964,0.0,1.0,1507658096.12964,0.0,1.0,60.0,0.0,60.0,0.0,0.0,0.0,1.0,60.0,0.0,60.0,0.0,0.0,0.0,1.0,60.0,0.0,60.0,0.0,0.0,0.0,1.0,60.0,0.0,60.0,0.0,0.0,0.0,1.0,60.0,0.0,60.0,0.0,0.0,0.0
148.51813571600638,73.9605222745717,1.258128350626066,259.6199332913365,73.99253273941343,5.544415309581383,816.1662899631662,74.40822547772319,321.1618887694167,7409.249153547336,74.90747113619692,673.3243421529843,23899.256989085385,74.51121188618828,356.62740297433817,148.51813571600638,73.9605222745717,1.258128350626066,259.6199332913365,73.99253273941343,5.544415309581383,816.1662899631662,74.40822547772319,321.1618887694167,7409.249153547336,74.90747113619692,673.3243421529843,23899.256989085385,74.51121188618828,356.62740297433817,148.40903213340118,73.94280709353283,0.8929891723860088,95.22362480430692,0.7974296619986491,5.907085737614135e-16,4.904694898389842e-10,259.323165543426,73.96001551668732,0.7471171310189134,95.23698806256228,0.5581840074619322,-8.108449645214363e-17,-8.047000805241095e-11,814.5170333777533,73.9843573764682,0.4677093518047566,95.25589292221753,0.2187520377656256,1.1808463695762652e-15,5.84709739328151e-10,7384.016546396779,73.99649176217766,0.2215920163968988,95.26531789224272,0.0491030217308434,3.6497907677585496e-16,2.532720675695673e-10,23822.968583825583,73.99751025667683,0.1866821030531768,95.26610900098188,0.0348502076003569,-6.392725381480706e-16,-6.726061700750673e-10,148.40903213340124,0.0019885706221698,2.235397185924493e-05,259.3231655434261,0.0018767295092379,1.823854369523679e-05,814.5170333777546,0.0017772922428566,0.4832600575120365,7384.016546396875,5413.203864235874,8151786351022.452,23822.96858382475,43974.30027074306,66219570209340.33,1.0,74.0,0.0,74.0,0.0,0.0,0.0,1.0,74.0,0.0,74.0,0.0,0.0,0.0,1.0,74.0,0.0,74.0,0.0,0.0,0.0,1.0,74.0,0.0,74.0,0.0,0.0,0.0,1.0,74.0,0.0,74.0,0.0,0.0,0.0
69.92458842584479,494.4592423689336,25868.030944603845,130.80483585756215,439.1622378428093,43542.03596811576,461.40012218098985,369.4660391427792,57102.92319219562,4981.959390465522,338.9113075868955,59984.67051155464,29473.528537798105,336.7943770605625,60116.91694867807,69.92458842584479,494.4592423689336,25868.030944603845,130.80483585756215,439.1622378428093,43542.03596811576,461.40012218098985,369.4660391427792,57102.92319219562,4981.959390465522,338.9113075868955,59984.67051155464,29473.528537798105,336.7943770605625,60116.91694867807,61.496727680892064,554.0000000000001,1.52587890625e-05,554.0000000000001,2.3283064365386963e-10,0.0,0.0,100.39721240160408,554.0,7.62939453125e-06,554.0,5.820766091346741e-11,0.0,0.0,289.0353444714791,553.9999999999711,0.0001169564034786,553.9999999999711,1.367880031466484e-08,0.0,0.0,2812.759355308104,553.9844310414679,2.773233333616985,553.9844310414679,7.690823122684377,0.0,0.0,16516.070569460742,553.9326193646475,5.769011502663412,553.9326193646475,33.281493717862766,0.0,0.0,61.496727680892064,0.0047640843365468,1.9893624316468803e-05,100.39721240160408,0.0048463243550431,3.233275402842202e-05,289.0353444714791,0.0050253409958706,7.48282809065029e-05,2812.759355308104,78.28507697520861,118019478987.66216,16516.070569460742,37743.70498774024,56903215818429.91,61.496727680892064,554.0000000000001,1.52587890625e-05,554.0000000000001,2.3283064365386963e-10,0.0,0.0,100.39721240160408,554.0,7.62939453125e-06,554.0,5.820766091346741e-11,0.0,0.0,289.0353444714621,553.9999999999999,1.52587890625e-05,553.9999999999999,2.3283064365386963e-10,0.0,0.0,2812.670708073764,554.0000000000003,1.7059844799040144e-05,554.0000000000003,2.910383045673371e-10,0.0,0.0,16513.81780968655,553.9999999999981,5.501634636633284e-05,553.9999999999981,3.026798367500305e-09,0.0,0.0
1.0,60.0,0.0,1.0,60.0,0.0,1.0,60.0,0.0,1.0,60.0,0.0,1.0,60.0,0.0,1.0,60.0,0.0,1.0,60.0,0.0,1.0,60.0,0.0,1.0,60.0,0.0,1.0,60.0,0.0,1.0,60.0,0.0,60.0,0.0,0.0,0.0,1.0,60.0,0.0,60.0,0.0,0.0,0.0,1.0,60.0,0.0,60.0,0.0,0.0,0.0,1.0,60.0,0.0,60.0,0.0,0.0,0.0,1.0,60.0,0.0,60.0,0.0,0.0,0.0,1.0,1505913453.5926151,0.0,1.0,1505913453.5926151,0.0,1.0,1505913453.5926151,0.0,1.0,1505913453.5926151,0.0,1.0,1505913453.5926151,0.0,1.0,60.0,0.0,60.0,0.0,0.0,0.0,1.0,60.0,0.0,60.0,0.0,0.0,0.0,1.0,60.0,0.0,60.0,0.0,0.0,0.0,1.0,60.0,0.0,60.0,0.0,0.0,0.0,1.0,60.0,0.0,60.0,0.0,0.0,0.0
110.38171450696171,492.8407866569418,31666.290287626405,194.54873810524967,450.9155068491632,44988.26002634203,610.9155916121288,406.09972159536017,55340.093530981045,6308.14494764679,392.3161506656804,57715.22893591205,46406.92160186835,391.56883912626535,57832.449534069885,110.38171450696171,492.8407866569418,31666.290287626405,194.54873810524967,450.9155068491632,44988.26002634203,610.9155916121288,406.09972159536017,55340.093530981045,6308.14494764679,392.3161506656804,57715.22893591205,46406.92160186835,391.56883912626535,57832.449534069885,94.42234758376514,565.9999999999998,1.8688123647942943e-05,565.9999999999998,3.4924596548080444e-10,0.0,0.0,150.30058811308413,566.0,7.62939453125e-06,566.0,5.820766091346741e-11,0.0,0.0,417.857783721214,565.9999999999992,2.1579186437577742e-05,565.9999999999992,4.656612873077394e-10,0.0,0.0,4142.8687956124895,565.9929536777137,1.8882238814822043,565.9929536777137,3.5653894265997224,0.0,0.0,30410.51996697241,565.9678564736657,4.032814292768928,565.9678564736657,16.263591119961347,0.0,0.0,94.42234758376514,0.0031464325045416,4.920699645620496e-05,150.30058811308413,0.0032745152635997,6.758701821205402e-05,417.857783721214,0.0034836070749475,7.979300114450298e-05,4142.8687956124895,0.6627020497227454,993872756.0181584,30410.51996697241,13215.442595936527,19924186617320.984,1.0,566.0,0.0,566.0,0.0,0.0,0.0,1.0,566.0,0.0,566.0,0.0,0.0,0.0,1.0,566.0,0.0,566.0,0.0,0.0,0.0,1.0,566.0,0.0,566.0,0.0,0.0,0.0,1.0,566.0,0.0,566.0,0.0,0.0,0.0
1.0,60.0,0.0,1.0,60.0,0.0,1.0,60.0,0.0,1.0,60.0,0.0,1.0,60.0,0.0,1.0,60.0,0.0,1.0,60.0,0.0,1.0,60.0,0.0,1.0,60.0,0.0,1.0,60.0,0.0,1.0,60.0,0.0,60.0,0.0,0.0,0.0,1.0,60.0,0.0,60.0,0.0,0.0,0.0,1.0,60.0,0.0,60.0,0.0,0.0,0.0,1.0,60.0,0.0,60.0,0.0,0.0,0.0,1.0,60.0,0.0,60.0,0.0,0.0,0.0,1.0,1505913544.882784,0.0,1.0,1505913544.882784,0.0,1.0,1505913544.882784,0.0,1.0,1505913544.882784,0.0,1.0,1505913544.882784,0.0,1.0,60.0,0.0,60.0,0.0,0.0,0.0,1.0,60.0,0.0,60.0,0.0,0.0,0.0,1.0,60.0,0.0,60.0,0.0,0.0,0.0,1.0,60.0,0.0,60.0,0.0,0.0,0.0,1.0,60.0,0.0,60.0,0.0,0.0,0.0
103.82333169449524,500.2719009690076,23654.972295826068,193.00188590938944,466.71084162498846,35501.44706741933,630.5826432332505,432.70622984076937,45206.92573603892,6241.679861595911,423.66440818234656,47393.30852930545,42066.32332878136,425.543067689013,46938.90655961126,103.82333169449524,500.2719009690076,23654.972295826068,193.00188590938944,466.71084162498846,35501.44706741933,630.5826432332505,432.70622984076937,45206.92573603892,6241.679861595911,423.66440818234656,47393.30852930545,42066.32332878136,425.543067689013,46938.90655961126,92.53136763172314,554.0,7.62939453125e-06,554.0,5.820766091346741e-11,0.0,0.0,158.8987033487356,553.9999999945562,0.0016398939422606,553.9999999945562,2.689252141863108e-06,0.0,0.0,475.7543843084604,553.9987178479423,0.7958526699094612,553.9987178479423,0.6333814722020179,0.0,0.0,4595.7092483720535,553.8977291893451,7.107131710177343,553.8977291893451,50.51132114580832,0.0,0.0,31130.073058488957,553.9112108296231,6.622232754427517,553.9112108296231,43.85396665381268,0.0,0.0,92.53136763172314,0.0032186338093675,4.953664778295864e-05,158.8987033487356,0.00308203777038,4.5067238399318265e-05,475.7543843084604,0.0030519167747839,4.735447580880584e-05,4595.7092483720535,5.591326853001796,8425060713.246338,31130.073058488957,16153.040899757212,24352962239996.61,1.0,554.0,0.0,554.0,0.0,0.0,0.0,1.0,554.0,0.0,554.0,0.0,0.0,0.0,1.0,554.0,0.0,554.0,0.0,0.0,0.0,1.0,554.0,0.0,554.0,0.0,0.0,0.0,1.0,554.0,0.0,554.0,0.0,0.0,0.0
98.78756504952122,520.028196034326,15627.987694360663,177.7602723823656,482.7646733620917,30115.779597851382,600.2086747120272,419.81680657459566,48281.33869213184,6327.199553541574,387.15519585694153,54581.27480814629,42169.4132515806,383.0050275033952,55229.00273601245,98.78756504952122,520.028196034326,15627.987694360663,177.7602723823656,482.7646733620917,30115.779597851382,600.2086747120272,419.81680657459566,48281.33869213184,6327.199553541574,387.15519585694153,54581.27480814629,42169.4132515806,383.0050275033952,55229.00273601245,1.0,60.0,0.0,60.0,0.0,0.0,0.0,1.0,60.0,0.0,60.0,0.0,0.0,0.0,1.0,60.0,0.0,60.0,0.0,0.0,0.0,1.0,60.0,0.0,60.0,0.0,0.0,0.0,1.0,60.0,0.0,60.0,0.0,0.0,0.0,1.0,1507656081.43896,0.0,1.0,1507656081.43896,0.0,1.0,1507656081.43896,0.0,1.0,1507656081.43896,0.0,1.0,1507656081.43896,0.0,1.0,60.0,0.0,60.0,0.0,0.0,0.0,1.0,60.0,0.0,60.0,0.0,0.0,0.0,1.0,60.0,0.0,60.0,0.0,0.0,0.0,1.0,60.0,0.0,60.0,0.0,0.0,0.0,1.0,60.0,0.0,60.0,0.0,0.0,0.0
102.32256481148652,468.3926873688536,34961.399250580755,187.62539475916068,428.85957307865937,46159.16216753447,615.869929045,392.7970501971996,53644.71533200133,6311.766289285862,382.6167266794709,55286.54183509163,31809.19325110472,382.2024057949456,55350.14946211499,102.32256481148652,468.3926873688536,34961.399250580755,187.62539475916068,428.85957307865937,46159.16216753447,615.869929045,392.7970501971996,53644.71533200133,6311.766289285862,382.6167266794709,55286.54183509163,31809.19325110472,382.2024057949456,55350.14946211499,84.5912372675376,553.9966395256779,1.2884343298967929,553.9966395256779,1.6600630224565975,0.0,0.0,140.107304182412,553.9598888071214,4.4512156063848165,553.9598888071214,19.813320374523755,0.0,0.0,415.1142737285121,553.7323550311783,11.49543303961978,553.7323550311783,132.14498076838208,0.0,0.0,4122.798553850792,553.8921957845994,7.296825382147378,553.8921957845994,53.24366065755021,0.0,0.0,20748.69364664319,553.947218494704,5.106004086292488,553.947218494704,26.071277729235597,0.0,0.0,84.5912372675376,0.0035111836913036,5.330374398722885e-05,140.107304182412,0.0035178741912175,7.737704959011912e-05,415.1142737285121,0.0035163448519379,0.0001098694229098,4122.798553850792,367.33357277493127,553807225374.3024,20748.69364664319,36433.941596100725,54928515259970.84,1.0,554.0,0.0,554.0,0.0,0.0,0.0,1.0,554.0,0.0,554.0,0.0,0.0,0.0,1.0,554.0,0.0,554.0,0.0,0.0,0.0,1.0,554.0,0.0,554.0,0.0,0.0,0.0,1.0,554.0,0.0,554.0,0.0,0.0,0.0
1.0,60.0,0.0,1.0,60.0,0.0,1.0,60.0,0.0,1.0,60.0,0.0,1.0,60.0,0.0,1.0,60.0,0.0,1.0,60.0,0.0,1.0,60.0,0.0,1.0,60.0,0.0,1.0,60.0,0.0,1.0,60.0,0.0,60.0,0.0,0.0,0.0,1.0,60.0,0.0,60.0,0.0,0.0,0.0,1.0,60.0,0.0,60.0,0.0,0.0,0.0,1.0,60.0,0.0,60.0,0.0,0.0,0.0,1.0,60.0,0.0,60.0,0.0,0.0,0.0,1.0,1505913447.053779,0.0,1.0,1505913447.053779,0.0,1.0,1505913447.053779,0.0,1.0,1505913447.053779,0.0,1.0,1505913447.053779,0.0,1.0,60.0,0.0,60.0,0.0,0.0,0.0,1.0,60.0,0.0,60.0,0.0,0.0,0.0,1.0,60.0,0.0,60.0,0.0,0.0,0.0,1.0,60.0,0.0,60.0,0.0,0.0,0.0,1.0,60.0,0.0,60.0,0.0,0.0,0.0
1.0,60.0,0.0,1.0,60.0,0.0,1.0,60.0,0.0,1.0,60.0,0.0,1.0,60.0,0.0,1.0,60.0,0.0,1.0,60.0,0.0,1.0,60.0,0.0,1.0,60.0,0.0,1.0,60.0,0.0,1.0,60.0,0.0,60.0,0.0,0.0,0.0,1.0,60.0,0.0,60.0,0.0,0.0,0.0,1.0,60.0,0.0,60.0,0.0,0.0,0.0,1.0,60.0,0.0,60.0,0.0,0.0,0.0,1.0,60.0,0.0,60.0,0.0,0.0,0.0,1.0,1505913547.681405,0.0,1.0,1505913547.681405,0.0,1.0,1505913547.681405,0.0,1.0,1505913547.681405,0.0,1.0,1505913547.681405,0.0,1.0,60.0,0.0,60.0,0.0,0.0,0.0,1.0,60.0,0.0,60.0,0.0,0.0,0.0,1.0,60.0,0.0,60.0,0.0,0.0,0.0,1.0,60.0,0.0,60.0,0.0,0.0,0.0,1.0,60.0,0.0,60.0,0.0,0.0,0.0
126.92222221889004,74.09590056274,71.8352804112983,167.2916230982024,74.75211507267831,605.0991789199753,357.7517814998404,78.05077151122141,3307.329452768425,4935.753324419105,74.97823215026702,755.5541171543902,10240.860411614654,74.57373741524383,415.7500535638565,126.92222221889004,74.09590056274,71.8352804112983,167.2916230982024,74.75211507267831,605.0991789199753,357.7517814998404,78.05077151122141,3307.329452768425,4935.753324419105,74.97823215026702,755.5541171543902,10240.860411614654,74.57373741524383,415.7500535638565,126.85550504569706,74.00000000000004,2.86102294921875e-06,95.26804291051651,1.2926348430075356e-11,6.3498378274402e-27,7.016893143962632e-16,166.95435190446923,74.00000000000007,2.3360154559928683e-06,95.26804291051658,1.7688444439751695e-11,3.7396807355398276e-27,3.9027691582808387e-16,354.96926795142844,73.999999751372,0.0018656855716684,95.2680427173932,3.480782652353637e-06,-2.0558739188277908e-20,-3.1447856794575187e-12,4917.898967898339,73.99839588404481,0.1498500922309228,95.26679690958336,0.022455050141616,1.9358444413748167e-16,3.4407055293590165e-10,10208.54265049485,73.9975835377942,0.1839147398327556,95.26616592176312,0.0338246315277501,-1.9488609911122253e-15,-1.113916657737844e-09,126.85550504569711,0.0039954663567398,0.0026296957811834,166.95435190446918,0.0049341080968147,0.0040246539566209,354.9692679514303,0.4198031649731044,623525753.0600476,4917.898967898388,60948.7973785653,91779948532608.8,10208.54265049482,125525.2137868154,189014457493039.03,1.0,74.0,0.0,74.0,0.0,0.0,0.0,1.0,74.0,0.0,74.0,0.0,0.0,0.0,1.0,74.0,0.0,74.0,0.0,0.0,0.0,1.0,74.0,0.0,74.0,0.0,0.0,0.0,1.0,74.0,0.0,74.0,0.0,0.0,0.0
148.06887081715738,168.72147158758142,41888.03456473461,212.23531969137508,219.94990857437057,53430.88743575833,540.2459687727626,293.8947696621563,60830.94293925296,5081.7495238705815,332.38831362859844,60358.43851514253,40021.70867869981,335.9573201811932,60166.11428310512,148.06887081715738,168.72147158758142,41888.03456473461,212.23531969137508,219.94990857437057,53430.88743575833,540.2459687727626,293.8947696621563,60830.94293925296,5081.7495238705815,332.38831362859844,60358.43851514253,40021.70867869981,335.9573201811932,60166.11428310512,1.0,60.0,0.0,60.0,0.0,0.0,0.0,1.0,60.0,0.0,60.0,0.0,0.0,0.0,1.0,60.0,0.0,60.0,0.0,0.0,0.0,1.0,60.0,0.0,60.0,0.0,0.0,0.0,1.0,60.0,0.0,60.0,0.0,0.0,0.0,1.0,1507659535.428759,0.0,1.0,1507659535.428759,0.0,1.0,1507659535.428759,0.0,1.0,1507659535.428759,0.0,1.0,1507659535.428759,0.0,1.0,60.0,0.0,60.0,0.0,0.0,0.0,1.0,60.0,0.0,60.0,0.0,0.0,0.0,1.0,60.0,0.0,60.0,0.0,0.0,0.0,1.0,60.0,0.0,60.0,0.0,0.0,0.0,1.0,60.0,0.0,60.0,0.0,0.0,0.0
49.212112378698365,60.00000169222848,2.459906590956961e-05,67.06338188966565,60.0001706046551,0.0023936831817081,203.51777217859183,60.008423476066255,0.1106276616424111,2247.826204861585,60.017964627086535,0.4182852054791511,21169.12380024217,60.01997057797836,0.661865264451535,49.212112378698365,60.00000169222848,2.459906590956961e-05,67.06338188966565,60.0001706046551,0.0023936831817081,203.51777217859183,60.008423476066255,0.1106276616424111,2247.826204861585,60.017964627086535,0.4182852054791511,21169.12380024217,60.01997057797836,0.661865264451535,1.0,60.0,0.0,60.0,0.0,0.0,0.0,1.0,60.0,0.0,60.0,0.0,0.0,0.0,1.0,60.0,0.0,60.0,0.0,0.0,0.0,1.0,60.0,0.0,60.0,0.0,0.0,0.0,1.0,60.0,0.0,60.0,0.0,0.0,0.0,1.0,1507653341.7647052,0.0,1.0,1507653341.7647052,0.0,1.0,1507653341.7647052,0.0,1.0,1507653341.7647052,0.0,1.0,1507653341.7647052,0.0,1.0,60.0,0.0,60.0,0.0,0.0,0.0,1.0,60.0,0.0,60.0,0.0,0.0,0.0,1.0,60.0,0.0,60.0,0.0,0.0,0.0,1.0,60.0,0.0,60.0,0.0,0.0,0.0,1.0,60.0,0.0,60.0,0.0,0.0,0.0
130.03298460665363,351.989789514151,62488.79631364215,204.52398404422385,385.5291263186879,58748.525835447566,608.98293817667,397.9542344117588,56791.77237177006,6243.433762509832,391.5053411002097,57843.22842538246,38348.73705828451,391.30129772307447,57874.3118284792,130.03298460665363,351.989789514151,62488.79631364215,204.52398404422385,385.5291263186879,58748.525835447566,608.98293817667,397.9542344117588,56791.77237177006,6243.433762509832,391.5053411002097,57843.22842538246,38348.73705828451,391.30129772307447,57874.3118284792,1.0,60.0,0.0,60.0,0.0,0.0,0.0,1.0,60.0,0.0,60.0,0.0,0.0,0.0,1.0,60.0,0.0,60.0,0.0,0.0,0.0,1.0,60.0,0.0,60.0,0.0,0.0,0.0,1.0,60.0,0.0,60.0,0.0,0.0,0.0,1.0,1507658041.144539,0.0,1.0,1507658041.144539,0.0,1.0,1507658041.144539,0.0,1.0,1507658041.144539,0.0,1.0,1507658041.144539,0.0,1.0,60.0,0.0,60.0,0.0,0.0,0.0,1.0,60.0,0.0,60.0,0.0,0.0,0.0,1.0,60.0,0.0,60.0,0.0,0.0,0.0,1.0,60.0,0.0,60.0,0.0,0.0,0.0,1.0,60.0,0.0,60.0,0.0,0.0,0.0
88.41981468617432,60.000000000281325,1.3501903595170006e-08,106.56457760047024,60.0000012087355,5.801891347800847e-05,242.59796469783728,60.00277768765088,0.132389046172193,2291.448705974397,60.02368103951081,0.8945335345156309,22177.86992400821,60.02090003116368,0.7253828585589872,88.41981468617432,60.000000000281325,1.3501903595170006e-08,106.56457760047024,60.0000012087355,5.801891347800847e-05,242.59796469783728,60.00277768765088,0.132389046172193,2291.448705974397,60.02368103951081,0.8945335345156309,22177.86992400821,60.02090003116368,0.7253828585589872,1.0,60.0,0.0,60.0,0.0,0.0,0.0,1.0,60.0,0.0,60.0,0.0,0.0,0.0,1.0,60.0,0.0,60.0,0.0,0.0,0.0,1.0,60.0,0.0,60.0,0.0,0.0,0.0,1.0,60.0,0.0,60.0,0.0,0.0,0.0,1.0,1507653474.524707,0.0,1.0,1507653474.524707,0.0,1.0,1507653474.524707,0.0,1.0,1507653474.524707,0.0,1.0,1507653474.524707,0.0,1.0,60.0,0.0,60.0,0.0,0.0,0.0,1.0,60.0,0.0,60.0,0.0,0.0,0.0,1.0,60.0,0.0,60.0,0.0,0.0,0.0,1.0,60.0,0.0,60.0,0.0,0.0,0.0,1.0,60.0,0.0,60.0,0.0,0.0,0.0
1.0,60.0,0.0,1.0,60.0,0.0,1.0,60.0,0.0,1.0,60.0,0.0,1.0,60.0,0.0,1.0,60.0,0.0,1.0,60.0,0.0,1.0,60.0,0.0,1.0,60.0,0.0,1.0,60.0,0.0,1.0,60.0,0.0,60.0,0.0,0.0,0.0,1.0,60.0,0.0,60.0,0.0,0.0,0.0,1.0,60.0,0.0,60.0,0.0,0.0,0.0,1.0,60.0,0.0,60.0,0.0,0.0,0.0,1.0,60.0,0.0,60.0,0.0,0.0,0.0,1.0,1505913444.836599,0.0,1.0,1505913444.836599,0.0,1.0,1505913444.836599,0.0,1.0,1505913444.836599,0.0,1.0,1505913444.836599,0.0,1.0,60.0,0.0,60.0,0.0,0.0,0.0,1.0,60.0,0.0,60.0,0.0,0.0,0.0,1.0,60.0,0.0,60.0,0.0,0.0,0.0,1.0,60.0,0.0,60.0,0.0,0.0,0.0,1.0,60.0,0.0,60.0,0.0,0.0,0.0
169.73126739400342,74.00575893677996,0.1426189067387895,281.4620414182886,74.01455112899299,0.6238251567192492,830.5642815865735,74.090487890351,25.41097254884244,7743.674233501733,74.45535896385032,314.27692262913484,40251.63132792404,74.35265854937735,231.45829290185063,169.73126739400342,74.00575893677996,0.1426189067387895,281.4620414182886,74.01455112899299,0.6238251567192492,830.5642815865735,74.090487890351,25.41097254884244,7743.674233501733,74.45535896385032,314.27692262913484,40251.63132792404,74.35265854937735,231.45829290185063,169.68979905699751,73.99999999999987,2.6973983046972182e-06,95.26804291051631,8.134767913360665e-12,1.296543237854458e-26,2.5200655754269145e-15,281.2830242764079,73.99999999498098,0.000265071713288,95.26804290661796,7.026301498815186e-08,-5.167854279170798e-22,-4.886835981516391e-13,828.8934860330928,73.99992138304322,0.0331757625070376,95.2679818443561,0.0011006312179233,8.945614015569739e-18,9.996412334644792e-11,7719.860256294872,73.99848537583416,0.1456105908355019,95.2668664222641,0.0212024441634639,2.3278437794584994e-16,3.2875631728915486e-10,40129.48444614976,73.99835423696437,0.1517826537567625,95.26676456025616,0.0230379739814452,3.074876349888425e-16,5.077926417499999e-10,169.68979905699757,0.0017467839005657,2.5549454011099483e-05,281.2830242764084,0.0017433160148514,3.102755004624829e-05,828.8934860330974,0.0017540347152003,3.676266993817206e-05,7719.860256294947,90.88366724583808,136860189297.30763,40129.48444614792,17424.701174518366,26239800538705.65,1.0,74.0,0.0,95.26804291051644,0.0,0.0,0.0,1.0,74.0,0.0,95.26804291051644,0.0,0.0,0.0,1.0,74.0,0.0,95.26804291051644,0.0,0.0,0.0,1.0204639416779573,74.0,0.0,95.26804291051644,4.547473508864641e-13,0.0,0.0,2.141215501747028,74.00000000000001,1.6518123698891422e-06,95.26804291051644,2.766120146724561e-12,0.0,0.0
120.38032030387564,70.75141524617294,35.039472069996016,213.813087402036,69.95530811363321,40.69696161762749,667.3560447068097,69.45544954224292,43.90909455663859,6542.320891535624,69.35718213786804,43.720026370161584,24329.694502548955,69.35060622440204,43.64541645320696,120.38032030387564,70.75141524617294,35.039472069996016,213.813087402036,69.95530811363321,40.69696161762749,667.3560447068097,69.45544954224292,43.90909455663859,6542.320891535624,69.35718213786804,43.720026370161584,24329.694502548955,69.35060622440204,43.64541645320696,92.41858433984876,74.00000000000004,2.523185072960464e-06,74.00000000000004,6.366462912410497e-12,0.0,0.0,151.8475681801772,74.00000000000001,1.9073486328125e-06,74.00000000000001,3.637978807091713e-12,0.0,0.0,449.3969809261763,73.99999999994519,2.7557722619628693e-05,73.99999999994519,7.594280759803951e-10,0.0,0.0,4367.64629870458,73.99953358180531,0.0808061702888188,73.99953358180531,0.0065296371567455,0.0,0.0,16237.1852455133,73.99873988617833,0.1328156831060001,73.99873988617833,0.0176400056789134,0.0,0.0,92.41858433984876,0.0032421768526875,6.565553467981928e-05,151.8475681801772,0.0032568305059108,8.148863147552251e-05,449.3969809261763,0.0032490672180937,0.0001724388603283,4367.64629870458,3556.880754625647,5362538790976.325,16237.1852455133,58761.547456923625,88588803967515.27,1.0,74.0,0.0,74.0,0.0,0.0,0.0,1.0,74.0,0.0,74.0,0.0,0.0,0.0,1.0,74.0,0.0,74.0,0.0,0.0,0.0,1.0,74.0,0.0,74.0,0.0,0.0,0.0,1.0,74.0,0.0,74.0,0.0,0.0,0.0
124.92888060337872,394.4553914711006,57372.080691137024,217.00778662300945,380.1622014359826,59491.46462222631,653.4859579434639,383.5834079379168,59013.182455035625,6377.621389914124,390.65136141707086,57973.84382198451,47409.87541055464,391.3331069008944,57869.08981986652,124.92888060337872,394.4553914711006,57372.080691137024,217.00778662300945,380.1622014359826,59491.46462222631,653.4859579434639,383.5834079379168,59013.182455035625,6377.621389914124,390.65136141707086,57973.84382198451,47409.87541055464,391.3331069008944,57869.08981986652,82.6888723356785,565.2990531852507,18.819876775000623,565.2990531852507,354.1877618262078,0.0,0.0,137.5738600043345,564.9976865330827,22.49813285528997,564.9976865330827,506.1659819742781,0.0,0.0,418.5090753380339,565.2161337597047,19.900298271812613,565.2161337597047,396.02187130710814,0.0,0.0,4168.372159699469,565.8797815390823,7.798467076714043,565.8797815390823,60.81608874659287,0.0,0.0,31046.447225026503,565.9540197996606,4.823263126889684,565.9540197996606,23.26386719121365,0.0,0.0,82.6888723356785,0.0035875198094788,4.721264941942874e-05,137.5738600043345,0.0035646547583739,5.7039479787140383e-05,418.5090753380339,0.003477212594765,7.648186747833763e-05,4168.372159699469,0.3754660823630528,560851366.6416606,31046.447225026503,12232.406044875932,18442128810035.86,1.0,566.0,0.0,566.0,0.0,0.0,0.0,1.0,566.0,0.0,566.0,0.0,0.0,0.0,1.0,566.0,0.0,566.0,0.0,0.0,0.0,1.0,566.0,0.0,566.0,0.0,0.0,0.0,1.0,566.0,0.0,566.0,0.0,0.0,0.0
1.0,60.0,0.0,1.0,60.0,0.0,1.0,60.0,0.0,1.0,60.0,0.0,1.0,60.0,0.0,1.0,60.0,0.0,1.0,60.0,0.0,1.0,60.0,0.0,1.0,60.0,0.0,1.0,60.0,0.0,1.0,60.0,0.0,60.0,0.0,0.0,0.0,1.0,60.0,0.0,60.0,0.0,0.0,0.0,1.0,60.0,0.0,60.0,0.0,0.0,0.0,1.0,60.0,0.0,60.0,0.0,0.0,0.0,1.0,60.0,0.0,60.0,0.0,0.0,0.0,1.0,1505913478.581868,0.0,1.0,1505913478.581868,0.0,1.0,1505913478.581868,0.0,1.0,1505913478.581868,0.0,1.0,1505913478.581868,0.0,1.0,60.0,0.0,60.0,0.0,0.0,0.0,1.0,60.0,0.0,60.0,0.0,0.0,0.0,1.0,60.0,0.0,60.0,0.0,0.0,0.0,1.0,60.0,0.0,60.0,0.0,0.0,0.0,1.0,60.0,0.0,60.0,0.0,0.0,0.0
151.80010173640508,290.8083329401871,63498.95041335933,230.2587470200328,336.91285947211145,63410.235086749606,640.6526043187935,378.2453411105109,59729.23125629268,6338.835859364569,390.2428824078368,58036.54374311416,44243.940205406005,391.27599320402,57877.920428896585,151.80010173640508,290.8083329401871,63498.95041335933,230.2587470200328,336.91285947211145,63410.235086749606,640.6526043187935,378.2453411105109,59729.23125629268,6338.835859364569,390.2428824078368,58036.54374311416,44243.940205406005,391.27599320402,57877.920428896585,1.0,60.0,0.0,60.0,0.0,0.0,0.0,1.0,60.0,0.0,60.0,0.0,0.0,0.0,1.0,60.0,0.0,60.0,0.0,0.0,0.0,1.0,60.0,0.0,60.0,0.0,0.0,0.0,1.0,60.0,0.0,60.0,0.0,0.0,0.0,1.0,1507658079.212898,0.0,1.0,1507658079.212898,0.0,1.0,1507658079.212898,0.0,1.0,1507658079.212898,0.0,1.0,1507658079.212898,0.0,1.0,60.0,0.0,60.0,0.0,0.0,0.0,1.0,60.0,0.0,60.0,0.0,0.0,0.0,1.0,60.0,0.0,60.0,0.0,0.0,0.0,1.0,60.0,0.0,60.0,0.0,0.0,0.0,1.0,60.0,0.0,60.0,0.0,0.0,0.0
110.7404696503262,71.59112017327062,27.92161557506097,190.55887705713036,71.1993716922169,31.365283754139448,621.0009245765411,70.07925994618508,39.51920601497659,6450.78912224875,69.44441933550074,43.10365950790219,22240.57801159844,69.37615104414517,43.47294368842814,110.7404696503262,71.59112017327062,27.92161557506097,190.55887705713036,71.1993716922169,31.365283754139448,621.0009245765411,70.07925994618508,39.51920601497659,6450.78912224875,69.44441933550074,43.10365950790219,22240.57801159844,69.37615104414517,43.47294368842814,1.0,60.0,0.0,60.0,0.0,0.0,0.0,1.0,60.0,0.0,60.0,0.0,0.0,0.0,1.0,60.0,0.0,60.0,0.0,0.0,0.0,1.0,60.0,0.0,60.0,0.0,0.0,0.0,1.0,60.0,0.0,60.0,0.0,0.0,0.0,1.0,1507657117.849236,0.0,1.0,1507657117.849236,0.0,1.0,1507657117.849236,0.0,1.0,1507657117.849236,0.0,1.0,1507657117.849236,0.0,1.0,60.0,0.0,60.0,0.0,0.0,0.0,1.0,60.0,0.0,60.0,0.0,0.0,0.0,1.0,60.0,0.0,60.0,0.0,0.0,0.0,1.0,60.0,0.0,60.0,0.0,0.0,0.0,1.0,60.0,0.0,60.0,0.0,0.0,0.0
149.82782407111242,74.01644661753356,0.3944483297618717,254.0874157118488,74.02685551351935,0.6438125210343061,784.305126740753,74.03785575494736,0.9501367917873722,7147.319170910685,74.1001577041184,25.506246276025195,35406.84971105884,74.27501899978606,166.33430080517246,149.82782407111242,74.01644661753356,0.3944483297618717,254.0874157118488,74.02685551351935,0.6438125210343061,784.305126740753,74.03785575494736,0.9501367917873722,7147.319170910685,74.1001577041184,25.506246276025195,35406.84971105884,74.27501899978606,166.33430080517246,149.7251506994831,73.99999999999515,8.58306884765625e-06,95.26804291051268,7.369152408120371e-11,-5.4981983849815915e-25,-4.749662220560102e-14,253.8030966519458,73.99999996289748,0.0007207210275334,95.26804288169686,5.194387995290698e-07,-1.539407101112668e-21,-3.167387537546501e-12,783.0675987946161,73.99984335395033,0.0468296932816532,95.26792123484788,0.0021930201728537,2.7609985989287202e-17,3.5693090970506834e-10,7128.384701998632,73.99843663854772,0.1479344996632582,95.26682856560916,0.0218846161906185,2.1981032762639687e-16,4.697666665101948e-10,35300.644711272194,73.99832185536852,0.153268420544585,95.26673940788896,0.0234912087362317,2.179880904585216e-16,1.336581121525666e-10,149.72515069948312,0.0020172632090643,5.290053575079522e-05,253.8030966519457,0.0019417894972142,4.393157941026128e-05,783.0675987946173,0.0018549954131871,3.3796300255559287e-05,7128.384701998737,312.52739536099733,470636324799.4553,35300.64471127067,22234.393038099992,33482593606840.21,1.0,74.0,0.0,95.26804291051644,0.0,0.0,0.0,1.0,74.0,0.0,95.26804291051644,0.0,0.0,0.0,1.0,74.0,0.0,95.26804291051644,0.0,0.0,0.0,1.0206062086697398,74.0,9.5367431640625e-07,95.26804291051644,9.094947017729282e-13,0.0,0.0,1.6782656282517316,74.0,0.0,95.26804291051644,0.0,0.0,0.0
112.56521211445956,74.04050133052522,2.3838823542309906,184.76870554991905,74.11330399889516,52.3623187947769,365.8842748499594,75.88422882361401,1498.5819137658898,1335.3553612523535,79.01680304431919,3914.530282521345,6216.659559547065,77.14241327194256,2145.04008352156,112.56521211445956,74.04050133052522,2.3838823542309906,184.76870554991905,74.11330399889516,52.3623187947769,365.8842748499594,75.88422882361401,1498.5819137658898,1335.3553612523535,79.01680304431919,3914.530282521345,6216.659559547065,77.14241327194256,2145.04008352156,1.0,74.0,0.0,74.0,0.0,0.0,0.0,1.0,74.0,0.0,74.0,0.0,0.0,0.0,1.0,74.0,0.0,74.0,0.0,0.0,0.0,1.0,74.0,0.0,74.0,0.0,0.0,0.0,1.0,74.0,0.0,74.0,0.0,0.0,0.0,1.0,1505912913.75482,0.0,1.0,1505912913.75482,0.0,1.0,1505912913.75482,0.0,1.0,1505912913.75482,0.0,1.0,1505912913.75482,0.0,1.0,74.0,0.0,74.0,0.0,0.0,0.0,1.0,74.0,0.0,74.0,0.0,0.0,0.0,1.0,74.0,0.0,74.0,0.0,0.0,0.0,1.0,74.0,0.0,74.0,0.0,0.0,0.0,1.0,74.0,0.0,74.0,0.0,0.0,0.0
63.66987420509484,499.3206621369056,24021.76126120036,122.33617889854344,444.53648717103454,42092.60036536094,447.5184020759614,372.5461882556384,56708.50141090751,4968.496700896936,339.68997798416126,59934.52837296376,38009.4165534405,336.8575757635907,60113.1688778602,63.66987420509484,499.3206621369056,24021.76126120036,122.33617889854344,444.53648717103454,42092.60036536094,447.5184020759614,372.5461882556384,56708.50141090751,4968.496700896936,339.68997798416126,59934.52837296376,38009.4165534405,336.8575757635907,60113.1688778602,56.62245153407209,554.0000000000001,7.62939453125e-06,554.0000000000001,5.820766091346741e-11,0.0,0.0,95.22812373874028,553.9999999999997,1.7059844799040144e-05,553.9999999999997,2.910383045673371e-10,0.0,0.0,283.12948137548017,553.9999998814991,0.0076511036049065,553.9999998814991,5.853938637301326e-05,0.0,0.0,2813.106498925423,553.9646122428272,4.180944839372711,553.9646122428272,17.480299749877304,0.0,0.0,21304.0855356043,553.9350374479645,5.6645635819508335,553.9350374479645,32.087280573963646,0.0,0.0,56.62245153407209,0.0052137927122696,4.472203264566813e-05,95.22812373874028,0.0051378508909317,6.223622540646391e-05,283.12948137548017,0.0051359213684101,9.286016784819848e-05,2813.106498925423,0.4035644220327213,600696939.0477006,21304.0855356043,17256.94685519329,26017291024870.69,56.62245153407209,554.0000000000001,7.62939453125e-06,554.0000000000001,5.820766091346741e-11,0.0,0.0,95.22812373874028,553.9999999999997,1.7059844799040144e-05,553.9999999999997,2.910383045673371e-10,0.0,0.0,283.1294813075632,553.9999999999994,2.1579186437577742e-05,553.9999999999994,4.656612873077394e-10,0.0,0.0,2812.9049816588545,553.9999999999985,2.7508173183166418e-05,553.9999999999985,7.566995918750762e-10,0.0,0.0,21301.28398142373,554.0000000000025,4.640779518354965e-05,554.0000000000025,2.153683453798294e-09,0.0,0.0
157.3040543571756,176.59385215340674,44003.23660365469,222.6882790327781,223.25501095576783,53995.776391902175,549.8942182736611,292.1793090992178,60788.70481213598,5034.298834575552,331.8005627360472,60389.04478537016,21473.868198181062,335.85250594239096,60172.426646851454,157.3040543571756,176.59385215340674,44003.23660365469,222.6882790327781,223.25501095576783,53995.776391902175,549.8942182736611,292.1793090992178,60788.70481213598,5034.298834575552,331.8005627360472,60389.04478537016,21473.868198181062,335.85250594239096,60172.426646851454,37.12689404209788,554.0000000000001,1.3214498959113138e-05,554.0000000000001,1.7462298274040222e-10,0.0,0.0,73.5930713045952,554.0000000000001,1.3214498959113138e-05,554.0000000000001,1.7462298274040222e-10,0.0,0.0,258.44791158980496,553.9999999997224,0.0003700846202281,553.9999999997224,1.369626261293888e-07,0.0,0.0,2769.907400330247,553.9772587946396,3.35166201837632,553.9772587946396,11.233638285426425,0.0,0.0,11992.793588495091,553.9156365160985,6.455109902132713,553.9156365160985,41.66844384861179,0.0,0.0,37.12689404209788,0.0083573280076316,0.0003010409757258,73.5930713045952,0.0067815876061807,0.0002072146025859,258.44791158980496,0.0056431526550638,0.0001489186873472,2769.907400330247,2158.2940977198814,3253959695812.2764,11992.793588495091,72311.94556500741,109016541064451.16,37.12689404209788,554.0000000000001,1.3214498959113138e-05,554.0000000000001,1.7462298274040222e-10,0.0,0.0,73.5930713045952,554.0000000000001,1.3214498959113138e-05,554.0000000000001,1.7462298274040222e-10,0.0,0.0,258.4479115896595,554.0,1.3214498959113138e-05,554.0,1.7462298274040222e-10,0.0,0.0,2769.77988811766,554.0000000000001,1.52587890625e-05,554.0000000000001,2.3283064365386963e-10,0.0,0.0,11990.745503780894,553.9999999999977,4.448663249851456e-05,553.9999999999977,1.979060471057892e-09,0.0,0.0
44.99994392124247,74.04612859531198,10.925423999151464,63.62362082964268,74.28789614515263,92.35197428729587,152.9451181241309,75.77643102098143,604.5465024508239,864.5647787723552,76.3600462239584,995.4214620665664,4527.09376520234,76.658455226165,1594.3889039592395,44.99994392124247,74.04612859531198,10.925423999151464,63.62362082964268,74.28789614515263,92.35197428729587,152.9451181241309,75.77643102098143,604.5465024508239,864.5647787723552,76.3600462239584,995.4214620665664,4527.09376520234,76.658455226165,1594.3889039592395,1.0,74.0,0.0,74.0,0.0,0.0,0.0,1.0,74.0,0.0,74.0,0.0,0.0,0.0,1.0,74.0,0.0,74.0,0.0,0.0,0.0,1.0,74.0,0.0,74.0,0.0,0.0,0.0,1.0,74.0,0.0,74.0,0.0,0.0,0.0,1.0,1505912869.1703448,0.0,1.0,1505912869.1703448,0.0,1.0,1505912869.1703448,0.0,1.0,1505912869.1703448,0.0,1.0,1505912869.1703448,0.0,1.0,74.0,0.0,74.0,0.0,0.0,0.0,1.0,74.0,0.0,74.0,0.0,0.0,0.0,1.0,74.0,0.0,74.0,0.0,0.0,0.0,1.0,74.0,0.0,74.0,0.0,0.0,0.0,1.0,74.0,0.0,74.0,0.0,0.0,0.0
115.420315887154,72.24904276903452,21.447550008848346,204.66199256563277,71.14485893890753,31.820144376563807,652.6808295355796,69.95324733154355,40.27858096966247,6590.288518579873,69.42246389956489,43.251095977618206,33895.38598295323,69.38064649846875,43.47079894746548,115.420315887154,72.24904276903452,21.447550008848346,204.66199256563277,71.14485893890753,31.820144376563807,652.6808295355796,69.95324733154355,40.27858096966247,6590.288518579873,69.42246389956489,43.251095977618206,33895.38598295323,69.38064649846875,43.47079894746548,100.98488469408744,74.0,1.3486991523486091e-06,74.0,1.8189894035458565e-12,0.0,0.0,162.92350266426251,73.99999999999996,2.132480599880018e-06,73.99999999999996,4.547473508864642e-12,0.0,0.0,464.020633516512,73.99999999858389,0.0001408438459442,73.99999999858389,1.983698894036933e-08,0.0,0.0,4433.486419047697,73.99889941966053,0.1241245887501263,73.99889941966053,0.0154069135323879,0.0,0.0,22698.042259596157,73.99827071508757,0.1555859838996902,73.99827071508757,0.0242069983860346,0.0,0.0,100.98488469408744,0.0029017659387597,1.7859988389141802e-05,162.92350266426251,0.0029878327201308,2.692026305985947e-05,464.020633516512,0.0031336397591072,6.24726791629798e-05,4433.486419047697,267.9048603503765,403903674636.088,22698.042259596157,32505.43795690918,49005991485865.09,1.0,74.0,0.0,74.0,0.0,0.0,0.0,1.0,74.0,0.0,74.0,0.0,0.0,0.0,1.0,74.0,0.0,74.0,0.0,0.0,0.0,1.0,74.0,0.0,74.0,0.0,0.0,0.0,1.0,74.0,0.0,74.0,0.0,0.0,0.0
1.0,60.0,0.0,1.0,60.0,0.0,1.0,60.0,0.0,1.0,60.0,0.0,1.0,60.0,0.0,1.0,60.0,0.0,1.0,60.0,0.0,1.0,60.0,0.0,1.0,60.0,0.0,1.0,60.0,0.0,1.0,60.0,0.0,60.0,0.0,0.0,0.0,1.0,60.0,0.0,60.0,0.0,0.0,0.0,1.0,60.0,0.0,60.0,0.0,0.0,0.0,1.0,60.0,0.0,60.0,0.0,0.0,0.0,1.0,60.0,0.0,60.0,0.0,0.0,0.0,1.0,1505913467.944602,0.0,1.0,1505913467.944602,0.0,1.0,1505913467.944602,0.0,1.0,1505913467.944602,0.0,1.0,1505913467.944602,0.0,1.0,60.0,0.0,60.0,0.0,0.0,0.0,1.0,60.0,0.0,60.0,0.0,0.0,0.0,1.0,60.0,0.0,60.0,0.0,0.0,0.0,1.0,60.0,0.0,60.0,0.0,0.0,0.0,1.0,60.0,0.0,60.0,0.0,0.0,0.0
170.64303483841283,65.08097024605574,45.31733685464586,256.5432049192552,66.60559732438675,48.8447278145286,687.3792835039158,68.41957961497498,46.98848956183338,6501.388901495502,69.28677019349254,43.860329069755615,21707.037003231813,69.32930475555897,43.697975225564726,170.64303483841283,65.08097024605574,45.31733685464586,256.5432049192552,66.60559732438675,48.8447278145286,687.3792835039158,68.41957961497498,46.98848956183338,6501.388901495502,69.28677019349254,43.860329069755615,21707.037003231813,69.32930475555897,43.697975225564726,1.0,60.0,0.0,60.0,0.0,0.0,0.0,1.0,60.0,0.0,60.0,0.0,0.0,0.0,1.0,60.0,0.0,60.0,0.0,0.0,0.0,1.0,60.0,0.0,60.0,0.0,0.0,0.0,1.0,60.0,0.0,60.0,0.0,0.0,0.0,1.0,1507657115.884227,0.0,1.0,1507657115.884227,0.0,1.0,1507657115.884227,0.0,1.0,1507657115.884227,0.0,1.0,1507657115.884227,0.0,1.0,60.0,0.0,60.0,0.0,0.0,0.0,1.0,60.0,0.0,60.0,0.0,0.0,0.0,1.0,60.0,0.0,60.0,0.0,0.0,0.0,1.0,60.0,0.0,60.0,0.0,0.0,0.0,1.0,60.0,0.0,60.0,0.0,0.0,0.0
1.0,60.0,0.0,1.0,60.0,0.0,1.0,60.0,0.0,1.0,60.0,0.0,1.0,60.0,0.0,1.0,60.0,0.0,1.0,60.0,0.0,1.0,60.0,0.0,1.0,60.0,0.0,1.0,60.0,0.0,1.0,60.0,0.0,60.0,0.0,0.0,0.0,1.0,60.0,0.0,60.0,0.0,0.0,0.0,1.0,60.0,0.0,60.0,0.0,0.0,0.0,1.0,60.0,0.0,60.0,0.0,0.0,0.0,1.0,60.0,0.0,60.0,0.0,0.0,0.0,1.0,1505913575.0129411,0.0,1.0,1505913575.0129411,0.0,1.0,1505913575.0129411,0.0,1.0,1505913575.0129411,0.0,1.0,1505913575.0129411,0.0,1.0,60.0,0.0,60.0,0.0,0.0,0.0,1.0,60.0,0.0,60.0,0.0,0.0,0.0,1.0,60.0,0.0,60.0,0.0,0.0,0.0,1.0,60.0,0.0,60.0,0.0,0.0,0.0,1.0,60.0,0.0,60.0,0.0,0.0,0.0
1.0,60.0,0.0,1.0,60.0,0.0,1.0,60.0,0.0,1.0,60.0,0.0,1.0,60.0,0.0,1.0,60.0,0.0,1.0,60.0,0.0,1.0,60.0,0.0,1.0,60.0,0.0,1.0,60.0,0.0,1.0,60.0,0.0,60.0,0.0,0.0,0.0,1.0,60.0,0.0,60.0,0.0,0.0,0.0,1.0,60.0,0.0,60.0,0.0,0.0,0.0,1.0,60.0,0.0,60.0,0.0,0.0,0.0,1.0,60.0,0.0,60.0,0.0,0.0,0.0,1.0,1505913575.365046,0.0,1.0,1505913575.365046,0.0,1.0,1505913575.365046,0.0,1.0,1505913575.365046,0.0,1.0,1505913575.365046,0.0,1.0,60.0,0.0,60.0,0.0,0.0,0.0,1.0,60.0,0.0,60.0,0.0,0.0,0.0,1.0,60.0,0.0,60.0,0.0,0.0,0.0,1.0,60.0,0.0,60.0,0.0,0.0,0.0,1.0,60.0,0.0,60.0,0.0,0.0,0.0
1.0,60.0,0.0,1.0,60.0,0.0,1.0,60.0,0.0,1.0,60.0,0.0,1.0,60.0,0.0,1.0,60.0,0.0,1.0,60.0,0.0,1.0,60.0,0.0,1.0,60.0,0.0,1.0,60.0,0.0,1.0,60.0,0.0,60.0,0.0,0.0,0.0,1.0,60.0,0.0,60.0,0.0,0.0,0.0,1.0,60.0,0.0,60.0,0.0,0.0,0.0,1.0,60.0,0.0,60.0,0.0,0.0,0.0,1.0,60.0,0.0,60.0,0.0,0.0,0.0,1.0,1505913436.950242,0.0,1.0,1505913436.950242,0.0,1.0,1505913436.950242,0.0,1.0,1505913436.950242,0.0,1.0,1505913436.950242,0.0,1.0,60.0,0.0,60.0,0.0,0.0,0.0,1.0,60.0,0.0,60.0,0.0,0.0,0.0,1.0,60.0,0.0,60.0,0.0,0.0,0.0,1.0,60.0,0.0,60.0,0.0,0.0,0.0,1.0,60.0,0.0,60.0,0.0,0.0,0.0
193.5768645537836,303.03310107011856,60992.68532272253,294.0181361711659,319.6161245470085,60847.82134017051,706.7501635619992,351.76237895163115,59000.90635988273,6473.933899521289,378.0259524007458,55961.48491909838,60649.1986601172,383.2382704339819,55193.48782554778,193.5768645537836,303.03310107011856,60992.68532272253,294.0181361711659,319.6161245470085,60847.82134017051,706.7501635619992,351.76237895163115,59000.90635988273,6473.933899521289,378.0259524007458,55961.48491909838,60649.1986601172,383.2382704339819,55193.48782554778,95.23350596117218,553.9999999999999,1.3214498959113138e-05,553.9999999999999,1.7462298274040222e-10,0.0,0.0,154.5154130015487,553.9999999999993,2.854658040446428e-05,553.9999999999993,8.149072527885437e-10,0.0,0.0,417.4019896768944,553.9999999989932,0.0007056674422946,553.9999999989932,4.979665391147137e-07,0.0,0.0,4167.824188860049,553.9842430919476,2.7899219162179194,553.9842430919476,7.783664298593067,0.0,0.0,39686.76517772558,553.961017704929,4.388135611642512,553.961017704929,19.2557341461652,0.0,0.0,95.23350596117218,0.0037166586292091,0.000498950272851,154.5154130015487,0.0035337794149887,0.0004713807407862,417.4019896768944,0.0035870473185269,0.0003894397492877,4167.824188860049,0.0034709164997009,196.7048223201241,39686.76517772558,2164.557666259596,3263398336200.134,1.0,554.0,0.0,554.0,0.0,0.0,0.0,1.0,554.0,0.0,554.0,0.0,0.0,0.0,1.0,554.0,0.0,554.0,0.0,0.0,0.0,1.0,554.0,0.0,554.0,0.0,0.0,0.0,1.0,554.0,0.0,554.0,0.0,0.0,0.0
136.93968639997678,396.891459950083,56971.22294743837,228.3946887358485,394.46178314764586,57372.977845967376,658.2747883489156,422.0301380556314,52121.245006068144,6282.870793944519,437.3376553318728,48543.582590245205,48211.52074558082,437.0336988056336,48606.387347754266,136.93968639997678,396.891459950083,56971.22294743837,228.3946887358485,394.46178314764586,57372.977845967376,658.2747883489156,422.0301380556314,52121.245006068144,6282.870793944519,437.3376553318728,48543.582590245205,48211.52074558082,437.0336988056336,48606.387347754266,91.17353928140952,566.0000000000002,1.8688123647942943e-05,566.0000000000002,3.4924596548080444e-10,0.0,0.0,150.966985844412,565.9999999999923,6.383209430954556e-05,565.9999999999923,4.074536263942719e-09,0.0,0.0,470.978525734262,565.9998562842004,0.2696667837725225,565.9998562842004,0.0727201742702163,0.0,0.0,4685.919331752579,565.9183594437782,6.426776506770892,565.9183594437782,41.303456267982256,0.0,0.0,35927.73289328527,565.8921084249893,7.3879290983958175,565.8921084249893,54.58149636292365,0.0,0.0,91.17353928140952,0.0032602346836013,4.649344020475269e-05,150.966985844412,0.0032435964972818,4.662764633009028e-05,470.978525734262,0.003082447620927,4.652956403790574e-05,4685.919331752579,0.1144791624901008,167950211.818999,35927.73289328527,9480.042567481218,14292573740332.732,1.0,566.0,0.0,566.0,0.0,0.0,0.0,1.0,566.0,0.0,566.0,0.0,0.0,0.0,1.0,566.0,0.0,566.0,0.0,0.0,0.0,1.0,566.0,0.0,566.0,0.0,0.0,0.0,1.0,566.0,0.0,566.0,0.0,0.0,0.0
15.759650080808996,74.58206169552211,13.630684875141014,25.27609317943269,74.59393611754224,13.9017067157929,75.44347714083128,74.51490611170416,13.823544038390535,699.340064633501,78.52968630069317,3252.524512914293,8155.827917154809,77.04406411609698,2018.947939657609,15.759650080808996,74.58206169552211,13.630684875141014,25.27609317943269,74.59393611754224,13.9017067157929,75.44347714083128,74.51490611170416,13.823544038390535,699.340064633501,78.52968630069317,3252.524512914293,8155.827917154809,77.04406411609698,2018.947939657609,1.0000300124313393,74.0,0.0,74.0,0.0,0.0,0.0,1.0019336626459463,74.0,9.5367431640625e-07,74.0,9.094947017729282e-13,0.0,0.0,1.1245834163201118,73.99999999999999,1.3486991523486091e-06,73.99999999999999,1.8189894035458565e-12,0.0,0.0,1.8119812926590373,74.0,0.0,74.0,0.0,0.0,0.0,1.9793876027799933,74.0,0.0,74.0,0.0,0.0,0.0,1.0000300124313393,45197.76134932028,68057332476873.2,1.0019336626459463,2906311.05770512,4368200686916553.0,1.1245834163201118,166827819.91300854,2.233966712137792e+17,1.8119812926590373,674826644.3503567,5.608392705433037e+17,1.9793876027799933,745115613.5294893,5.668820714818405e+17,1.0000300124313393,74.0,0.0,74.0,0.0,0.0,0.0,1.0019336626459463,74.0,9.5367431640625e-07,74.0,9.094947017729282e-13,0.0,0.0,1.1245834163201118,73.99999999999999,1.3486991523486091e-06,73.99999999999999,1.8189894035458565e-12,0.0,0.0,1.8119812926590373,74.0,0.0,74.0,0.0,0.0,0.0,1.9793876027799933,74.0,0.0,74.0,0.0,0.0,0.0
116.82384589187195,457.0167659414852,38503.96993645752,210.28877645432289,419.2195096536883,48415.78165308559,653.5061557362518,389.6411790236127,54179.43258939704,6416.117151201563,382.2493205979032,55344.15516632996,61115.504479454496,383.3422641821979,55177.63591373625,116.82384589187195,457.0167659414852,38503.96993645752,210.28877645432289,419.2195096536883,48415.78165308559,653.5061557362518,389.6411790236127,54179.43258939704,6416.117151201563,382.2493205979032,55344.15516632996,61115.504479454496,383.3422641821979,55177.63591373625,93.88871554825396,553.9999999999997,1.52587890625e-05,553.9999999999997,2.3283064365386963e-10,0.0,0.0,152.9146379829913,553.9999999999882,7.667446610352241e-05,553.9999999999882,5.878973752260208e-09,0.0,0.0,436.0781605376025,553.9998258831773,0.2932808897043084,553.9998258831773,0.0860136802657507,0.0,0.0,4185.7802248806975,553.9475559607862,5.089656667640665,553.9475559607862,25.904604994459078,0.0,0.0,40005.2162250556,553.9555049420726,4.688131696727947,553.9555049420726,21.97857880586525,0.0,0.0,93.88871554825396,0.0031762249147016,5.849492728857019e-05,152.9146379829913,0.0032464978687412,9.874184192748188e-05,436.0781605376025,0.0033629803449169,0.0001535695275289,4185.7802248806975,0.003452574957179,42.39948348283154,40005.2162250556,1842.635837721517,2778052271191.119,1.0,554.0,0.0,554.0,0.0,0.0,0.0,1.0,554.0,0.0,554.0,0.0,0.0,0.0,1.0,554.0,0.0,554.0,0.0,0.0,0.0,1.0,554.0,0.0,554.0,0.0,0.0,0.0,1.0,554.0,0.0,554.0,0.0,0.0,0.0
1.0,60.0,0.0,1.0,60.0,0.0,1.0,60.0,0.0,1.0,60.0,0.0,1.0,60.0,0.0,1.0,60.0,0.0,1.0,60.0,0.0,1.0,60.0,0.0,1.0,60.0,0.0,1.0,60.0,0.0,1.0,60.0,0.0,60.0,0.0,0.0,0.0,1.0,60.0,0.0,60.0,0.0,0.0,0.0,1.0,60.0,0.0,60.0,0.0,0.0,0.0,1.0,60.0,0.0,60.0,0.0,0.0,0.0,1.0,60.0,0.0,60.0,0.0,0.0,0.0,1.0,1505913559.014368,0.0,1.0,1505913559.014368,0.0,1.0,1505913559.014368,0.0,1.0,1505913559.014368,0.0,1.0,1505913559.014368,0.0,1.0,60.0,0.0,60.0,0.0,0.0,0.0,1.0,60.0,0.0,60.0,0.0,0.0,0.0,1.0,60.0,0.0,60.0,0.0,0.0,0.0,1.0,60.0,0.0,60.0,0.0,0.0,0.0,1.0,60.0,0.0,60.0,0.0,0.0,0.0
52.96232950096818,60.00000001120864,1.681296453170944e-07,71.06515086905813,60.000007636682064,0.000114550174203,207.43666767699315,60.00246604865276,0.0369848870559508,2246.5018918334254,60.01456518525898,0.3692805443215548,16439.664028687315,60.01956247442413,0.6457355902002746,52.96232950096818,60.00000001120864,1.681296453170944e-07,71.06515086905813,60.000007636682064,0.000114550174203,207.43666767699315,60.00246604865276,0.0369848870559508,2246.5018918334254,60.01456518525898,0.3692805443215548,16439.664028687315,60.01956247442413,0.6457355902002746,1.0,60.0,0.0,60.0,0.0,0.0,0.0,1.0,60.0,0.0,60.0,0.0,0.0,0.0,1.0,60.0,0.0,60.0,0.0,0.0,0.0,1.0,60.0,0.0,60.0,0.0,0.0,0.0,1.0,60.0,0.0,60.0,0.0,0.0,0.0,1.0,1507653143.0182538,0.0,1.0,1507653143.0182538,0.0,1.0,1507653143.0182538,0.0,1.0,1507653143.0182538,0.0,1.0,1507653143.0182538,0.0,1.0,60.0,0.0,60.0,0.0,0.0,0.0,1.0,60.0,0.0,60.0,0.0,0.0,0.0,1.0,60.0,0.0,60.0,0.0,0.0,0.0,1.0,60.0,0.0,60.0,0.0,0.0,0.0,1.0,60.0,0.0,60.0,0.0,0.0,0.0
108.41002601550407,324.2550757530188,60711.262344133975,183.2270125356099,315.3498423218462,60939.27583723429,527.8080670859912,325.24843468311883,60675.34321007098,5110.550993487545,335.2758375405152,60206.63080250483,34893.684044417205,336.2723813351248,60148.29029090438,108.41002601550407,324.2550757530188,60711.262344133975,183.2270125356099,315.3498423218462,60939.27583723429,527.8080670859912,325.24843468311883,60675.34321007098,5110.550993487545,335.2758375405152,60206.63080250483,34893.684044417205,336.2723813351248,60148.29029090438,57.99169966265468,553.9999999999994,2.0185480583683703e-05,553.9999999999994,4.07453626394272e-10,0.0,0.0,94.71050023639394,554.0,7.62939453125e-06,554.0,5.820766091346741e-11,0.0,0.0,283.3998902927118,553.9999999998727,0.0002503790143039,553.9999999998727,6.268965080380441e-08,0.0,0.0,2847.8341160399727,553.9823588862308,2.9520160896064938,553.9823588862308,8.714398993295617,0.0,0.0,19516.38183729432,553.937358996466,5.562439379961782,553.937358996466,30.940731855749625,0.0,0.0,57.99169966265468,0.0051512796935484,8.340591249004207e-05,94.71050023639394,0.0052014429451865,9.966532385624498e-05,283.3998902927118,0.0051434753540949,0.0001304054449373,2847.8341160399727,4.190598011791197,6310341917.933728,19516.38183729432,23861.63043881965,35974632146312.5,57.99169966265468,553.9999999999994,2.0185480583683703e-05,553.9999999999994,4.07453626394272e-10,0.0,0.0,94.71050023639394,554.0,7.62939453125e-06,554.0,5.820766091346741e-11,0.0,0.0,283.39989029263864,554.0,7.62939453125e-06,554.0,5.820766091346741e-11,0.0,0.0,2847.7324177289765,554.0000000000001,2.642899791822628e-05,554.0000000000001,6.984919309616089e-10,0.0,0.0,19513.907088825392,554.0000000000057,5.340576171875e-05,554.0000000000057,2.852175384759903e-09,0.0,0.0
1.0,60.0,0.0,1.0,60.0,0.0,1.0,60.0,0.0,1.0,60.0,0.0,1.0,60.0,0.0,1.0,60.0,0.0,1.0,60.0,0.0,1.0,60.0,0.0,1.0,60.0,0.0,1.0,60.0,0.0,1.0,60.0,0.0,60.0,0.0,0.0,0.0,1.0,60.0,0.0,60.0,0.0,0.0,0.0,1.0,60.0,0.0,60.0,0.0,0.0,0.0,1.0,60.0,0.0,60.0,0.0,0.0,0.0,1.0,60.0,0.0,60.0,0.0,0.0,0.0,1.0,1505913443.503966,0.0,1.0,1505913443.503966,0.0,1.0,1505913443.503966,0.0,1.0,1505913443.503966,0.0,1.0,1505913443.503966,0.0,1.0,60.0,0.0,60.0,0.0,0.0,0.0,1.0,60.0,0.0,60.0,0.0,0.0,0.0,1.0,60.0,0.0,60.0,0.0,0.0,0.0,1.0,60.0,0.0,60.0,0.0,0.0,0.0,1.0,60.0,0.0,60.0,0.0,0.0,0.0
112.52253342522538,466.6614060186648,35503.8897877876,191.8223735645805,450.84255236361,40303.67750925775,615.3407201785496,407.3137248496764,50937.61811960687,6330.791983375357,385.685576597944,54814.48185943923,42931.49630552982,382.8237827771301,55256.52418148072,112.52253342522538,466.6614060186648,35503.8897877876,191.8223735645805,450.84255236361,40303.67750925775,615.3407201785496,407.3137248496764,50937.61811960687,6330.791983375357,385.685576597944,54814.48185943923,42931.49630552982,382.8237827771301,55256.52418148072,1.0,60.0,0.0,60.0,0.0,0.0,0.0,1.0,60.0,0.0,60.0,0.0,0.0,0.0,1.0,60.0,0.0,60.0,0.0,0.0,0.0,1.0,60.0,0.0,60.0,0.0,0.0,0.0,1.0,60.0,0.0,60.0,0.0,0.0,0.0,1.0,1507656086.652898,0.0,1.0,1507656086.652898,0.0,1.0,1507656086.652898,0.0,1.0,1507656086.652898,0.0,1.0,1507656086.652898,0.0,1.0,60.0,0.0,60.0,0.0,0.0,0.0,1.0,60.0,0.0,60.0,0.0,0.0,0.0,1.0,60.0,0.0,60.0,0.0,0.0,0.0,1.0,60.0,0.0,60.0,0.0,0.0,0.0,1.0,60.0,0.0,60.0,0.0,0.0,0.0
153.9371595719243,269.32751586767927,62101.71412971221,233.64291495579377,320.33733942176326,63955.163450209846,649.2629817869712,373.3805403153162,60363.18873894077,5605.188299233945,389.9195859454301,58090.34212539505,12288.265892891786,389.8598705218962,58098.91042420521,153.9371595719243,269.32751586767927,62101.71412971221,233.64291495579377,320.33733942176326,63955.163450209846,649.2629817869712,373.3805403153162,60363.18873894077,5605.188299233945,389.9195859454301,58090.34212539505,12288.265892891786,389.8598705218962,58098.91042420521,1.0,60.0,0.0,60.0,0.0,0.0,0.0,1.0,60.0,0.0,60.0,0.0,0.0,0.0,1.0,60.0,0.0,60.0,0.0,0.0,0.0,1.0,60.0,0.0,60.0,0.0,0.0,0.0,1.0,60.0,0.0,60.0,0.0,0.0,0.0,1.0,1507657937.45393,0.0,1.0,1507657937.45393,0.0,1.0,1507657937.45393,0.0,1.0,1507657937.45393,0.0,1.0,1507657937.45393,0.0,1.0,60.0,0.0,60.0,0.0,0.0,0.0,1.0,60.0,0.0,60.0,0.0,0.0,0.0,1.0,60.0,0.0,60.0,0.0,0.0,0.0,1.0,60.0,0.0,60.0,0.0,0.0,0.0,1.0,60.0,0.0,60.0,0.0,0.0,0.0
170.30745212604785,74.0178496484875,0.4280729537549632,283.8753760318256,74.02714632390062,0.6507748507083306,822.846032010547,74.03740647491921,0.91249660846006,7623.512572082385,74.35017639416206,242.534139895768,22208.50587258744,74.47730204606668,337.45149750113615,170.30745212604785,74.0178496484875,0.4280729537549632,283.8753760318256,74.02714632390062,0.6507748507083306,822.846032010547,74.03740647491921,0.91249660846006,7623.512572082385,74.35017639416206,242.534139895768,22208.50587258744,74.47730204606668,337.45149750113615,170.18078845291217,73.99999999999993,2.3360154559928683e-06,95.26804291051644,5.624914082024125e-12,-3.47643589553061e-27,-1.274127230117926e-15,283.5542854941096,73.99999999999993,0.0,95.26804291051644,1.0913936421275139e-11,-1.7333119619977003e-28,0.0,821.5639655967462,73.99999989647006,0.0012039159036229,95.268042830099,1.4494135029998173e-06,-1.0920230680404691e-20,-5.083953295411032e-12,7602.366917632787,73.99927947452404,0.1004332488283928,95.26748323929152,0.0100868374702258,1.3424494644546502e-16,4.955361635827464e-10,22137.660737660604,73.99851117665531,0.1443651975374913,95.26688646303828,0.0208413102600388,-3.952359826197395e-17,-2.384019914961831e-11,170.18078845291225,0.0017284147265931,1.640569935218125e-05,283.55428549410976,0.0017164205095285,1.699774946550763e-05,821.5639655967499,0.0017637586891651,3.045354398333496,7602.366917632943,6325.853912148921,9526151215633.71,22137.660737660084,48205.35802569582,72590812444009.38,1.0,74.0,0.0,74.0,0.0,0.0,0.0,1.0,74.0,0.0,74.0,0.0,0.0,0.0,1.0,74.0,0.0,74.0,0.0,0.0,0.0,1.0,74.0,0.0,74.0,0.0,0.0,0.0,1.0,74.0,0.0,74.0,0.0,0.0,0.0
87.9265096821179,369.1548366518803,57047.53480555088,143.84250884408235,375.3818292234713,56243.59807876861,456.2368753469261,351.81707421793124,58957.12916597463,4980.8308534109165,337.538531828103,60068.684080143656,35392.43948793605,336.6034223839165,60128.12413160588,87.9265096821179,369.1548366518803,57047.53480555088,143.84250884408235,375.3818292234713,56243.59807876861,456.2368753469261,351.81707421793124,58957.12916597463,4980.8308534109165,337.538531828103,60068.684080143656,35392.43948793605,336.6034223839165,60128.12413160588,1.0,60.0,0.0,60.0,0.0,0.0,0.0,1.0,60.0,0.0,60.0,0.0,0.0,0.0,1.0,60.0,0.0,60.0,0.0,0.0,0.0,1.0,60.0,0.0,60.0,0.0,0.0,0.0,1.0,60.0,0.0,60.0,0.0,0.0,0.0,1.0,1507659483.072212,0.0,1.0,1507659483.072212,0.0,1.0,1507659483.072212,0.0,1.0,1507659483.072212,0.0,1.0,1507659483.072212,0.0,1.0,60.0,0.0,60.0,0.0,0.0,0.0,1.0,60.0,0.0,60.0,0.0,0.0,0.0,1.0,60.0,0.0,60.0,0.0,0.0,0.0,1.0,60.0,0.0,60.0,0.0,0.0,0.0,1.0,60.0,0.0,60.0,0.0,0.0,0.0
122.4388227555579,74.0655908172767,1.5698774593320195,221.7930193840155,74.06257434051112,1.4978686249878592,756.8413663492246,74.05011232500007,1.383078037971245,7533.964807996532,74.43713956616003,309.94916578325774,20857.12964460397,74.51678692931198,367.73477917671966,122.4388227555579,74.0655908172767,1.5698774593320195,221.7930193840155,74.06257434051112,1.4978686249878592,756.8413663492246,74.05011232500007,1.383078037971245,7533.964807996532,74.43713956616003,309.94916578325774,20857.12964460397,74.51678692931198,367.73477917671966,122.10420348676874,74.00000000000007,1.3486991523486091e-06,95.26804291051646,1.0168459891700829e-11,7.862429021340103e-29,1.843084403215537e-17,221.2147463871189,73.99999999999996,1.9073486328125e-06,95.26804291051636,4.834030647877921e-12,1.2114580505874051e-27,3.5599523833799204e-16,755.2654902301633,73.99999882624843,0.0040537021437304,95.26804199879808,1.6432501070088915e-05,1.7704182941801654e-19,1.2952958102860825e-11,7510.622576021121,73.99907802508801,0.1136080925333806,95.2673267629728,0.0129067986890731,1.0746057074461161e-16,2.6507927258562017e-10,20787.64063603112,73.99837688465173,0.1507348015939827,95.26678215182272,0.0227209804115773,-3.833483746442585e-16,-2.5086541022421486e-10,122.10420348676875,0.0024277849820123,3.259606390857371e-05,221.2147463871189,0.0022070562258523,2.7596873055485902e-05,755.2654902301647,0.0019187046638706,34.52596606798613,7510.622576021236,8094.478867643579,12189523351311.668,20787.64063603069,52553.48562181056,79138281943609.16,1.0,74.0,0.0,74.0,0.0,0.0,0.0,1.0,74.0,0.0,74.0,0.0,0.0,0.0,1.0,74.0,0.0,74.0,0.0,0.0,0.0,1.0,74.0,0.0,74.0,0.0,0.0,0.0,1.0,74.0,0.0,74.0,0.0,0.0,0.0
161.0222648783404,66.72244928103247,48.92296559839815,244.27303822019596,67.96949416996853,48.06008105439742,683.5857631806034,69.08853690513854,44.63809167159616,6673.80164520901,69.36512507059398,43.52174064618885,51039.66244238381,69.38439695108943,43.471474315638254,161.0222648783404,66.72244928103247,48.92296559839815,244.27303822019596,67.96949416996853,48.06008105439742,683.5857631806034,69.08853690513854,44.63809167159616,6673.80164520901,69.36512507059398,43.52174064618885,51039.66244238381,69.38439695108943,43.471474315638254,1.0,60.0,0.0,60.0,0.0,0.0,0.0,1.0,60.0,0.0,60.0,0.0,0.0,0.0,1.0,60.0,0.0,60.0,0.0,0.0,0.0,1.0,60.0,0.0,60.0,0.0,0.0,0.0,1.0,60.0,0.0,60.0,0.0,0.0,0.0,1.0,1507657268.492459,0.0,1.0,1507657268.492459,0.0,1.0,1507657268.492459,0.0,1.0,1507657268.492459,0.0,1.0,1507657268.492459,0.0,1.0,60.0,0.0,60.0,0.0,0.0,0.0,1.0,60.0,0.0,60.0,0.0,0.0,0.0,1.0,60.0,0.0,60.0,0.0,0.0,0.0,1.0,60.0,0.0,60.0,0.0,0.0,0.0,1.0,60.0,0.0,60.0,0.0,0.0,0.0
1.0,60.0,0.0,1.0,60.0,0.0,1.0,60.0,0.0,1.0,60.0,0.0,1.0,60.0,0.0,1.0,60.0,0.0,1.0,60.0,0.0,1.0,60.0,0.0,1.0,60.0,0.0,1.0,60.0,0.0,1.0,60.0,0.0,60.0,0.0,0.0,0.0,1.0,60.0,0.0,60.0,0.0,0.0,0.0,1.0,60.0,0.0,60.0,0.0,0.0,0.0,1.0,60.0,0.0,60.0,0.0,0.0,0.0,1.0,60.0,0.0,60.0,0.0,0.0,0.0,1.0,1505913554.4683,0.0,1.0,1505913554.4683,0.0,1.0,1505913554.4683,0.0,1.0,1505913554.4683,0.0,1.0,1505913554.4683,0.0,1.0,60.0,0.0,60.0,0.0,0.0,0.0,1.0,60.0,0.0,60.0,0.0,0.0,0.0,1.0,60.0,0.0,60.0,0.0,0.0,0.0,1.0,60.0,0.0,60.0,0.0,0.0,0.0,1.0,60.0,0.0,60.0,0.0,0.0,0.0
172.13065876049,371.7247994731714,56819.700333157765,255.2488454071968,409.7967897386272,50441.8200194324,671.0507066191893,430.6061741301876,45730.51371463781,6144.004649074472,424.8779453049533,47108.799513310136,36636.36579687649,425.9659563926922,46834.095365938025,172.13065876049,371.7247994731714,56819.700333157765,255.2488454071968,409.7967897386272,50441.8200194324,671.0507066191893,430.6061741301876,45730.51371463781,6144.004649074472,424.8779453049533,47108.799513310136,36636.36579687649,425.9659563926922,46834.095365938025,1.0,60.0,0.0,60.0,0.0,0.0,0.0,1.0,60.0,0.0,60.0,0.0,0.0,0.0,1.0,60.0,0.0,60.0,0.0,0.0,0.0,1.0,60.0,0.0,60.0,0.0,0.0,0.0,1.0,60.0,0.0,60.0,0.0,0.0,0.0,1.0,1507656050.175791,0.0,1.0,1507656050.175791,0.0,1.0,1507656050.175791,0.0,1.0,1507656050.175791,0.0,1.0,1507656050.175791,0.0,1.0,60.0,0.0,60.0,0.0,0.0,0.0,1.0,60.0,0.0,60.0,0.0,0.0,0.0,1.0,60.0,0.0,60.0,0.0,0.0,0.0,1.0,60.0,0.0,60.0,0.0,0.0,0.0,1.0,60.0,0.0,60.0,0.0,0.0,0.0
111.18572575762308,71.35105733009273,30.06830015736068,203.76958816791495,70.38116761184901,37.56771502548417,666.0860151751658,69.66074155639811,41.92074771364423,6696.496272869918,69.44257720055676,43.10873383182025,29391.182133408573,69.38127990885584,43.45326913542068,111.18572575762308,71.35105733009273,30.06830015736068,203.76958816791495,70.38116761184901,37.56771502548417,666.0860151751658,69.66074155639811,41.92074771364423,6696.496272869918,69.44257720055676,43.10873383182025,29391.182133408573,69.38127990885584,43.45326913542068,90.14825301357722,73.99999999913291,0.0001101772471273,73.99999999913291,1.2139025784563272e-08,0.0,0.0,151.0974564308409,73.99999895350302,0.0038276561921667,73.99999895350302,1.465095192543231e-05,0.0,0.0,459.6020706705686,73.9991662879236,0.1080336706016496,73.9991662879236,0.0116712739836657,0.0,0.0,4515.330892122099,73.99592378679681,0.238852191311493,73.99592378679681,0.057050369294302,0.0,0.0,19684.08814643261,73.99772281882194,0.1785366936948981,73.99772281882194,0.0318753509955058,0.0,0.0,90.14825301357722,0.0032892059489309,4.4112595332887074e-05,151.0974564308409,0.0032524954983321,6.062794901245612e-05,459.6020706705686,0.0031720955415888,8.820873103493222e-05,4515.330892122099,992.2288565139472,1495935046487.1116,19684.08814643261,42804.26502945832,64532315235423.71,1.0,74.0,0.0,74.0,0.0,0.0,0.0,1.0,74.0,0.0,74.0,0.0,0.0,0.0,1.0,74.0,0.0,74.0,0.0,0.0,0.0,1.0,74.0,0.0,74.0,0.0,0.0,0.0,1.0,74.0,0.0,74.0,0.0,0.0,0.0
1.0,60.0,0.0,1.0,60.0,0.0,1.0,60.0,0.0,1.0,60.0,0.0,1.0,60.0,0.0,1.0,60.0,0.0,1.0,60.0,0.0,1.0,60.0,0.0,1.0,60.0,0.0,1.0,60.0,0.0,1.0,60.0,0.0,60.0,0.0,0.0,0.0,1.0,60.0,0.0,60.0,0.0,0.0,0.0,1.0,60.0,0.0,60.0,0.0,0.0,0.0,1.0,60.0,0.0,60.0,0.0,0.0,0.0,1.0,60.0,0.0,60.0,0.0,0.0,0.0,1.0,1505913562.012527,0.0,1.0,1505913562.012527,0.0,1.0,1505913562.012527,0.0,1.0,1505913562.012527,0.0,1.0,1505913562.012527,0.0,1.0,60.0,0.0,60.0,0.0,0.0,0.0,1.0,60.0,0.0,60.0,0.0,0.0,0.0,1.0,60.0,0.0,60.0,0.0,0.0,0.0,1.0,60.0,0.0,60.0,0.0,0.0,0.0,1.0,60.0,0.0,60.0,0.0,0.0,0.0
104.27614791780452,513.2226127803648,18480.71112678712,183.9790231389949,471.40807444996,33975.75355356309,608.1961659629561,412.94670276661486,49773.51479500684,6394.683101190882,386.5551195995882,54674.67255788503,52571.96751692316,383.5380453802069,55147.39766397956,104.27614791780452,513.2226127803648,18480.71112678712,183.9790231389949,471.40807444996,33975.75355356309,608.1961659629561,412.94670276661486,49773.51479500684,6394.683101190882,386.5551195995882,54674.67255788503,52571.96751692316,383.5380453802069,55147.39766397956,95.66839264327172,554.0,1.0789593218788871e-05,554.0,1.1641532182693479e-10,0.0,0.0,153.216847420999,554.0,7.62939453125e-06,554.0,5.820766091346741e-11,0.0,0.0,434.5063579785848,553.9999999392405,0.0054786065377972,553.9999999392405,3.0015129595994956e-05,0.0,0.0,4227.208093927366,553.9766532648337,3.3959891198537098,553.9766532648337,11.532742102164775,0.0,0.0,34433.17886148712,553.9604215815773,4.4215576718810565,553.9604215815773,19.550172245770227,0.0,0.0,95.66839264327172,0.0030565418649386,1.5019391169418466e-05,153.216847420999,0.0031760464793796,2.7415686821754944e-05,434.5063579785848,0.0033495174792911,7.607804568982707e-05,4227.208093927366,0.0155386395192841,18275787.18561184,34433.17886148712,7842.559729442669,11823814951749.293,1.0,554.0,0.0,554.0,0.0,0.0,0.0,1.0,554.0,0.0,554.0,0.0,0.0,0.0,1.0,554.0,0.0,554.0,0.0,0.0,0.0,1.0,554.0,0.0,554.0,0.0,0.0,0.0,1.0,554.0,0.0,554.0,0.0,0.0,0.0
1.0,60.0,0.0,1.0,60.0,0.0,1.0,60.0,0.0,1.0,60.0,0.0,1.0,60.0,0.0,1.0,60.0,0.0,1.0,60.0,0.0,1.0,60.0,0.0,1.0,60.0,0.0,1.0,60.0,0.0,1.0,60.0,0.0,60.0,0.0,0.0,0.0,1.0,60.0,0.0,60.0,0.0,0.0,0.0,1.0,60.0,0.0,60.0,0.0,0.0,0.0,1.0,60.0,0.0,60.0,0.0,0.0,0.0,1.0,60.0,0.0,60.0,0.0,0.0,0.0,1.0,1505913535.636762,0.0,1.0,1505913535.636762,0.0,1.0,1505913535.636762,0.0,1.0,1505913535.636762,0.0,1.0,1505913535.636762,0.0,1.0,60.0,0.0,60.0,0.0,0.0,0.0,1.0,60.0,0.0,60.0,0.0,0.0,0.0,1.0,60.0,0.0,60.0,0.0,0.0,0.0,1.0,60.0,0.0,60.0,0.0,0.0,0.0,1.0,60.0,0.0,60.0,0.0,0.0,0.0
120.06107316093085,275.8846351246069,60040.8340686711,178.50528218394757,311.55959087520256,60988.210131029344,506.1890319997989,332.8790357741326,60339.25157354336,5096.808833512854,336.301912528914,60147.08354638059,33880.787312714776,336.4389671602152,60138.36798589019,120.06107316093085,275.8846351246069,60040.8340686711,178.50528218394757,311.55959087520256,60988.210131029344,506.1890319997989,332.8790357741326,60339.25157354336,5096.808833512854,336.301912528914,60147.08354638059,33880.787312714776,336.4389671602152,60138.36798589019,1.0,60.0,0.0,60.0,0.0,0.0,0.0,1.0,60.0,0.0,60.0,0.0,0.0,0.0,1.0,60.0,0.0,60.0,0.0,0.0,0.0,1.0,60.0,0.0,60.0,0.0,0.0,0.0,1.0,60.0,0.0,60.0,0.0,0.0,0.0,1.0,1507659468.4671788,0.0,1.0,1507659468.4671788,0.0,1.0,1507659468.4671788,0.0,1.0,1507659468.4671788,0.0,1.0,1507659468.4671788,0.0,1.0,60.0,0.0,60.0,0.0,0.0,0.0,1.0,60.0,0.0,60.0,0.0,0.0,0.0,1.0,60.0,0.0,60.0,0.0,0.0,0.0,1.0,60.0,0.0,60.0,0.0,0.0,0.0,1.0,60.0,0.0,60.0,0.0,0.0,0.0
169.87048935946194,287.7375741013744,60624.53352451755,258.5352517883188,310.8654076073201,60972.44908818848,689.6898469729772,354.1578404599855,58764.76127738742,6502.990248606326,378.94318195839065,55827.45076557837,60919.23897556746,383.17784422034896,55202.40202164635,169.87048935946194,287.7375741013744,60624.53352451755,258.5352517883188,310.8654076073201,60972.44908818848,689.6898469729772,354.1578404599855,58764.76127738742,6502.990248606326,378.94318195839065,55827.45076557837,60919.23897556746,383.17784422034896,55202.40202164635,78.30117357104939,553.9999999999999,1.3214498959113138e-05,553.9999999999999,1.7462298274040222e-10,0.0,0.0,131.2652329339697,554.0000000000001,1.8688123647942943e-05,554.0000000000001,3.4924596548080444e-10,0.0,0.0,410.6199027565012,553.9999999999974,3.4962277946135246e-05,553.9999999999974,1.2223608791828156e-09,0.0,0.0,4198.456481713231,553.9917563649268,2.017991022950204,553.9917563649268,4.072287768707612,0.0,0.0,39855.730165388166,553.9635913028537,4.240821948252025,553.9635913028537,17.984570796776094,0.0,0.0,78.30117357104939,0.0041642792797469,0.0003099710686132,131.2652329339697,0.0038977300459138,0.000234078395751,410.6199027565012,0.0035769326136347,0.0001776094812106,4198.456481713231,0.0034442674677955,102.91131311122334,39855.730165388166,2021.6545265244845,3047950171699.7173,1.0,554.0,0.0,554.0,0.0,0.0,0.0,1.0,554.0,0.0,554.0,0.0,0.0,0.0,1.0,554.0,0.0,554.0,0.0,0.0,0.0,1.0,554.0,0.0,554.0,0.0,0.0,0.0,1.0,554.0,0.0,554.0,0.0,0.0,0.0
12.431625286019507,60.00000587717597,0.0002821044122356,30.45934991004752,60.00050932843771,0.024447346980196,167.09152274129102,60.01991197908775,0.9488499243643672,2212.195324012058,60.02788437081277,1.0815359701909983,22518.97330843046,60.02114545767164,0.7377545026106418,12.431625286019507,60.00000587717597,0.0002821044122356,30.45934991004752,60.00050932843771,0.024447346980196,167.09152274129102,60.01991197908775,0.9488499243643672,2212.195324012058,60.02788437081277,1.0815359701909983,22518.97330843046,60.02114545767164,0.7377545026106418,1.0,60.0,0.0,60.0,0.0,0.0,0.0,1.0,60.0,0.0,60.0,0.0,0.0,0.0,1.0,60.0,0.0,60.0,0.0,0.0,0.0,1.0,60.0,0.0,60.0,0.0,0.0,0.0,1.0,60.0,0.0,60.0,0.0,0.0,0.0,1.0,1507653622.328462,0.0,1.0,1507653622.328462,0.0,1.0,1507653622.328462,0.0,1.0,1507653622.328462,0.0,1.0,1507653622.328462,0.0,1.0,60.0,0.0,60.0,0.0,0.0,0.0,1.0,60.0,0.0,60.0,0.0,0.0,0.0,1.0,60.0,0.0,60.0,0.0,0.0,0.0,1.0,60.0,0.0,60.0,0.0,0.0,0.0,1.0,60.0,0.0,60.0,0.0,0.0,0.0
108.11777439304208,440.04394334566285,43308.30913903602,184.3869415364484,436.77997279222086,44166.158662049245,599.6854236813052,406.092994246351,51189.57165760253,6334.663614798054,385.7370384895816,54807.0197401731,54998.03935415186,383.4711141697378,55157.95085648669,108.11777439304208,440.04394334566285,43308.30913903602,184.3869415364484,436.77997279222086,44166.158662049245,599.6854236813052,406.092994246351,51189.57165760253,6334.663614798054,385.7370384895816,54807.0197401731,54998.03935415186,383.4711141697378,55157.95085648669,1.0,60.0,0.0,60.0,0.0,0.0,0.0,1.0,60.0,0.0,60.0,0.0,0.0,0.0,1.0,60.0,0.0,60.0,0.0,0.0,0.0,1.0,60.0,0.0,60.0,0.0,0.0,0.0,1.0,60.0,0.0,60.0,0.0,0.0,0.0,1.0,1507656208.910982,0.0,1.0,1507656208.910982,0.0,1.0,1507656208.910982,0.0,1.0,1507656208.910982,0.0,1.0,1507656208.910982,0.0,1.0,60.0,0.0,60.0,0.0,0.0,0.0,1.0,60.0,0.0,60.0,0.0,0.0,0.0,1.0,60.0,0.0,60.0,0.0,0.0,0.0,1.0,60.0,0.0,60.0,0.0,0.0,0.0,1.0,60.0,0.0,60.0,0.0,0.0,0.0
1.0,60.0,0.0,1.0,60.0,0.0,1.0,60.0,0.0,1.0,60.0,0.0,1.0,60.0,0.0,1.0,60.0,0.0,1.0,60.0,0.0,1.0,60.0,0.0,1.0,60.0,0.0,1.0,60.0,0.0,1.0,60.0,0.0,60.0,0.0,0.0,0.0,1.0,60.0,0.0,60.0,0.0,0.0,0.0,1.0,60.0,0.0,60.0,0.0,0.0,0.0,1.0,60.0,0.0,60.0,0.0,0.0,0.0,1.0,60.0,0.0,60.0,0.0,0.0,0.0,1.0,1505913586.64557,0.0,1.0,1505913586.64557,0.0,1.0,1505913586.64557,0.0,1.0,1505913586.64557,0.0,1.0,1505913586.64557,0.0,1.0,60.0,0.0,60.0,0.0,0.0,0.0,1.0,60.0,0.0,60.0,0.0,0.0,0.0,1.0,60.0,0.0,60.0,0.0,0.0,0.0,1.0,60.0,0.0,60.0,0.0,0.0,0.0,1.0,60.0,0.0,60.0,0.0,0.0,0.0
147.7371625515841,67.51913723651198,48.73049601104957,240.42490510095288,67.82451934528045,48.32011113431963,680.7492789164695,68.68036944453799,46.19860383256128,6625.4446919286975,69.2808390772495,44.0025340303764,50097.24799145026,69.37409104138835,43.53274875232091,147.7371625515841,67.51913723651198,48.73049601104957,240.42490510095288,67.82451934528045,48.32011113431963,680.7492789164695,68.68036944453799,46.19860383256128,6625.4446919286975,69.2808390772495,44.0025340303764,50097.24799145026,69.37409104138835,43.53274875232091,79.34685646672871,73.99999999999999,9.5367431640625e-07,73.99999999999999,9.094947017729282e-13,0.0,0.0,134.37194653501936,73.99999999999993,3.015782985847835e-06,73.99999999999993,9.094947017729284e-12,0.0,0.0,422.0136567581524,73.99999999898523,0.000119194029785,73.99999999898523,1.4207216736394912e-08,0.0,0.0,4388.238023169335,73.99905796170272,0.1148374885074062,73.99905796170272,0.0131876487666886,0.0,0.0,33521.13710849854,73.99799968126635,0.1673333830749973,73.99799968126635,0.0280004610913238,0.0,0.0,79.34685646672871,0.0038670678061183,0.000131853167161,134.37194653501936,0.0037048370499224,0.0001149891415803,422.0136567581524,0.0034525979837516,8.841229381610733e-05,4388.238023169335,0.2964337018621108,441958096.63877815,33521.13710849854,11119.635811427,16764468890350.918,1.0,74.0,0.0,74.0,0.0,0.0,0.0,1.0,74.0,0.0,74.0,0.0,0.0,0.0,1.0,74.0,0.0,74.0,0.0,0.0,0.0,1.0,74.0,0.0,74.0,0.0,0.0,0.0,1.0,74.0,0.0,74.0,0.0,0.0,0.0
166.7740849030652,220.7792976318952,53574.99048155829,255.08303616719155,274.35280504270975,59943.15968187236,681.2038733698703,344.20748949594804,59624.22650124588,6463.973990320002,379.9164299109632,55689.574445698265,52494.98758760167,382.7211523734706,55272.13587655812,166.7740849030652,220.7792976318952,53574.99048155829,255.08303616719155,274.35280504270975,59943.15968187236,681.2038733698703,344.20748949594804,59624.22650124588,6463.973990320002,379.9164299109632,55689.574445698265,52494.98758760167,382.7211523734706,55272.13587655812,1.0,60.0,0.0,60.0,0.0,0.0,0.0,1.0,60.0,0.0,60.0,0.0,0.0,0.0,1.0,60.0,0.0,60.0,0.0,0.0,0.0,1.0,60.0,0.0,60.0,0.0,0.0,0.0,1.0,60.0,0.0,60.0,0.0,0.0,0.0,1.0,1507656171.3413231,0.0,1.0,1507656171.3413231,0.0,1.0,1507656171.3413231,0.0,1.0,1507656171.3413231,0.0,1.0,1507656171.3413231,0.0,1.0,60.0,0.0,60.0,0.0,0.0,0.0,1.0,60.0,0.0,60.0,0.0,0.0,0.0,1.0,60.0,0.0,60.0,0.0,0.0,0.0,1.0,60.0,0.0,60.0,0.0,0.0,0.0,1.0,60.0,0.0,60.0,0.0,0.0,0.0
161.6322681420092,74.10445520030858,9.224680490132414,269.558509189258,74.1989603219846,104.00704429689448,817.2132355189348,75.17479349227017,928.825396307262,7305.899276666541,75.02248054903373,759.455712324365,23260.89914994121,74.53044145298976,370.2990584964673,161.6322681420092,74.10445520030858,9.224680490132414,269.558509189258,74.1989603219846,104.00704429689448,817.2132355189348,75.17479349227017,928.825396307262,7305.899276666541,75.02248054903373,759.455712324365,23260.89914994121,74.53044145298976,370.2990584964673,160.98306599548226,73.99999999992329,3.2759788584361394e-05,95.26804291045676,1.0732061567087955e-09,2.190292102420792e-25,4.433950657087277e-15,268.6592546753368,73.99999980757808,0.0016413103484073,95.26804276105162,2.6938996597930057e-06,-2.1370712455092895e-20,-6.105808853249838e-12,814.2768151359259,73.99973425120231,0.0609951845949423,95.2678364887572,0.003720412543771,-2.5239155734649697e-18,-1.1808977698787704e-11,7278.891104701125,73.99815912031522,0.1605270279452909,95.26661300369368,0.0257689267009482,2.626997161330589e-17,2.4389828819830337e-11,23184.799118941966,73.99802400738497,0.1663129339003607,95.26650805502148,0.0276599919825457,-5.3473668734687795e-16,-6.429060648950681e-10,160.98306599548232,0.0018173246247661,1.1330035362963027e-05,268.6592546753372,0.0018050951353254,1.1408101653998946e-05,814.2768151359261,0.001777387018881,1.4040738008535545,7278.89110470124,6109.290654993711,9200025017221.809,23184.79911894121,45669.09186851621,68771628373599.94,1.0,74.0,0.0,74.0,0.0,0.0,0.0,1.0,74.0,0.0,74.0,0.0,0.0,0.0,1.0,74.0,0.0,74.0,0.0,0.0,0.0,1.0,74.0,0.0,74.0,0.0,0.0,0.0,1.0,74.0,0.0,74.0,0.0,0.0,0.0
1.0,60.0,0.0,1.0,60.0,0.0,1.0,60.0,0.0,1.0,60.0,0.0,1.0,60.0,0.0,1.0,60.0,0.0,1.0,60.0,0.0,1.0,60.0,0.0,1.0,60.0,0.0,1.0,60.0,0.0,1.0,60.0,0.0,60.0,0.0,0.0,0.0,1.0,60.0,0.0,60.0,0.0,0.0,0.0,1.0,60.0,0.0,60.0,0.0,0.0,0.0,1.0,60.0,0.0,60.0,0.0,0.0,0.0,1.0,60.0,0.0,60.0,0.0,0.0,0.0,1.0,1505913537.1568,0.0,1.0,1505913537.1568,0.0,1.0,1505913537.1568,0.0,1.0,1505913537.1568,0.0,1.0,1505913537.1568,0.0,1.0,60.0,0.0,60.0,0.0,0.0,0.0,1.0,60.0,0.0,60.0,0.0,0.0,0.0,1.0,60.0,0.0,60.0,0.0,0.0,0.0,1.0,60.0,0.0,60.0,0.0,0.0,0.0,1.0,60.0,0.0,60.0,0.0,0.0,0.0
1.0,60.0,0.0,1.0,60.0,0.0,1.0,60.0,0.0,1.0,60.0,0.0,1.0,60.0,0.0,1.0,60.0,0.0,1.0,60.0,0.0,1.0,60.0,0.0,1.0,60.0,0.0,1.0,60.0,0.0,1.0,60.0,0.0,60.0,0.0,0.0,0.0,1.0,60.0,0.0,60.0,0.0,0.0,0.0,1.0,60.0,0.0,60.0,0.0,0.0,0.0,1.0,60.0,0.0,60.0,0.0,0.0,0.0,1.0,60.0,0.0,60.0,0.0,0.0,0.0,1.0,1505913457.645355,0.0,1.0,1505913457.645355,0.0,1.0,1505913457.645355,0.0,1.0,1505913457.645355,0.0,1.0,1505913457.645355,0.0,1.0,60.0,0.0,60.0,0.0,0.0,0.0,1.0,60.0,0.0,60.0,0.0,0.0,0.0,1.0,60.0,0.0,60.0,0.0,0.0,0.0,1.0,60.0,0.0,60.0,0.0,0.0,0.0,1.0,60.0,0.0,60.0,0.0,0.0,0.0
63.9824899335032,74.23932450976271,5.6894430517922965,102.90637428596143,74.19745189805539,4.7436893879075805,217.2673535835752,74.18396249332271,4.895867838088634,1076.9663321828766,74.6049614958218,162.57003631672433,8802.698406328864,76.40188376058094,1492.1633183083304,63.9824899335032,74.23932450976271,5.6894430517922965,102.90637428596143,74.19745189805539,4.7436893879075805,217.2673535835752,74.18396249332271,4.895867838088634,1076.9663321828766,74.6049614958218,162.57003631672433,8802.698406328864,76.40188376058094,1492.1633183083304,1.0,74.0,0.0,74.0,0.0,0.0,0.0,1.0,74.0,0.0,74.0,0.0,0.0,0.0,1.0,74.0,0.0,74.0,0.0,0.0,0.0,1.0,74.0,0.0,74.0,0.0,0.0,0.0,1.0,74.0,0.0,74.0,0.0,0.0,0.0,1.0,1505913210.501467,0.0,1.0,1505913210.501467,0.0,1.0,1505913210.501467,0.0,1.0,1505913210.501467,0.0,1.0,1505913210.501467,0.0,1.0,74.0,0.0,74.0,0.0,0.0,0.0,1.0,74.0,0.0,74.0,0.0,0.0,0.0,1.0,74.0,0.0,74.0,0.0,0.0,0.0,1.0,74.0,0.0,74.0,0.0,0.0,0.0,1.0,74.0,0.0,74.0,0.0,0.0,0.0
123.7645598976126,352.4493526563028,58943.35633895607,201.60259689854263,383.36855595366166,55176.84080937423,617.8577441180498,391.9897205116449,53784.697874308215,6391.418385885515,384.953430050234,54928.04709222809,52833.938782196135,383.3619081058224,55174.42688282547,123.7645598976126,352.4493526563028,58943.35633895607,201.60259689854263,383.36855595366166,55176.84080937423,617.8577441180498,391.9897205116449,53784.697874308215,6391.418385885515,384.953430050234,54928.04709222809,52833.938782196135,383.3619081058224,55174.42688282547,1.0,60.0,0.0,60.0,0.0,0.0,0.0,1.0,60.0,0.0,60.0,0.0,0.0,0.0,1.0,60.0,0.0,60.0,0.0,0.0,0.0,1.0,60.0,0.0,60.0,0.0,0.0,0.0,1.0,60.0,0.0,60.0,0.0,0.0,0.0,1.0,1507656176.4669778,0.0,1.0,1507656176.4669778,0.0,1.0,1507656176.4669778,0.0,1.0,1507656176.4669778,0.0,1.0,1507656176.4669778,0.0,1.0,60.0,0.0,60.0,0.0,0.0,0.0,1.0,60.0,0.0,60.0,0.0,0.0,0.0,1.0,60.0,0.0,60.0,0.0,0.0,0.0,1.0,60.0,0.0,60.0,0.0,0.0,0.0,1.0,60.0,0.0,60.0,0.0,0.0,0.0
1.0,60.0,0.0,1.0,60.0,0.0,1.0,60.0,0.0,1.0,60.0,0.0,1.0,60.0,0.0,1.0,60.0,0.0,1.0,60.0,0.0,1.0,60.0,0.0,1.0,60.0,0.0,1.0,60.0,0.0,1.0,60.0,0.0,60.0,0.0,0.0,0.0,1.0,60.0,0.0,60.0,0.0,0.0,0.0,1.0,60.0,0.0,60.0,0.0,0.0,0.0,1.0,60.0,0.0,60.0,0.0,0.0,0.0,1.0,60.0,0.0,60.0,0.0,0.0,0.0,1.0,1505913446.137677,0.0,1.0,1505913446.137677,0.0,1.0,1505913446.137677,0.0,1.0,1505913446.137677,0.0,1.0,1505913446.137677,0.0,1.0,60.0,0.0,60.0,0.0,0.0,0.0,1.0,60.0,0.0,60.0,0.0,0.0,0.0,1.0,60.0,0.0,60.0,0.0,0.0,0.0,1.0,60.0,0.0,60.0,0.0,0.0,0.0,1.0,60.0,0.0,60.0,0.0,0.0,0.0
1.0,60.0,0.0,1.0,60.0,0.0,1.0,60.0,0.0,1.0,60.0,0.0,1.0,60.0,0.0,1.0,60.0,0.0,1.0,60.0,0.0,1.0,60.0,0.0,1.0,60.0,0.0,1.0,60.0,0.0,1.0,60.0,0.0,60.0,0.0,0.0,0.0,1.0,60.0,0.0,60.0,0.0,0.0,0.0,1.0,60.0,0.0,60.0,0.0,0.0,0.0,1.0,60.0,0.0,60.0,0.0,0.0,0.0,1.0,60.0,0.0,60.0,0.0,0.0,0.0,1.0,1505913569.169017,0.0,1.0,1505913569.169017,0.0,1.0,1505913569.169017,0.0,1.0,1505913569.169017,0.0,1.0,1505913569.169017,0.0,1.0,60.0,0.0,60.0,0.0,0.0,0.0,1.0,60.0,0.0,60.0,0.0,0.0,0.0,1.0,60.0,0.0,60.0,0.0,0.0,0.0,1.0,60.0,0.0,60.0,0.0,0.0,0.0,1.0,60.0,0.0,60.0,0.0,0.0,0.0
195.1396841882376,74.02812539645656,0.6743193200591122,318.5790187252233,74.03453435561418,0.8312924295914854,904.079888899588,74.03646332290499,0.9590175035082212,7547.549239232116,74.06775070092455,10.986935125519269,16700.561957617334,74.08092032741092,16.224682429827226,195.1396841882376,74.02812539645656,0.6743193200591122,318.5790187252233,74.03453435561418,0.8312924295914854,904.079888899588,74.03646332290499,0.9590175035082212,7547.549239232116,74.06775070092455,10.986935125519269,16700.561957617334,74.08092032741092,16.224682429827226,194.9109800700357,73.9999973431223,0.0060988749803137,95.2680408467714,3.719627602549738e-05,1.911337475054249e-19,2.6831313138913107e-11,318.1193266567445,73.99990353142086,0.0367498409706314,95.26796797801242,0.0013505508113667,-1.7673085752847838e-17,-1.5561884382826327e-10,902.6313994783756,73.99798519215321,0.1679382338678535,95.26647790538983,0.0282032503946538,-1.0811843090976976e-16,-1.8373131430342478e-10,7529.573951731211,73.99789346066373,0.1717181210033007,95.26640665321491,0.0294871130809042,8.135064356136844e-18,1.110784422882534e-11,16654.53123174641,73.99777772861472,0.1763713719395165,95.26631675872368,0.0311068608398272,3.174205437361459e-16,2.6959312404154506e-10,194.9109800700359,0.0015046598637731,1.2468810161838524e-05,318.1193266567446,0.0015316788842286,1.762530740250041e-05,902.6313994783786,0.0021370940412942,797153.9875233448,7529.57395173128,22447.86242926937,33804039905659.44,16654.531231746183,72657.79961128696,109411103215108.08,1.0,74.0,0.0,74.0,0.0,0.0,0.0,1.0,74.0,0.0,74.0,0.0,0.0,0.0,1.0,74.0,0.0,74.0,0.0,0.0,0.0,1.0,74.0,0.0,74.0,0.0,0.0,0.0,1.0,74.0,0.0,74.0,0.0,0.0,0.0
176.96005813023734,239.2451649240372,58569.224302917726,259.0023705316689,285.8910046363057,63274.10237036912,667.2708297523337,352.40249924276185,62456.4332488463,6305.095336608242,386.46544224736834,58608.99739944608,38255.510865552766,390.47579747992273,58002.87408177293,176.96005813023734,239.2451649240372,58569.224302917726,259.0023705316689,285.8910046363057,63274.10237036912,667.2708297523337,352.40249924276185,62456.4332488463,6305.095336608242,386.46544224736834,58608.99739944608,38255.510865552766,390.47579747992273,58002.87408177293,62.686234791544784,566.0,1.0789593218788871e-05,566.0,1.1641532182693479e-10,0.0,0.0,115.62511004462912,566.0,1.0789593218788871e-05,566.0,1.1641532182693479e-10,0.0,0.0,385.5961344193959,565.9999999999325,0.0001842147288154,565.9999999999325,3.39350663125515e-08,0.0,0.0,4067.997090266763,565.9879485798642,2.4693872424011736,565.9879485798642,6.097873352933675,0.0,0.0,24986.38455188999,565.9645572113843,4.234713077279896,565.9645572113843,17.932794846885372,0.0,0.0,62.686234791544784,0.0049431565678992,0.0001925104553933,115.62511004462912,0.0043176986992143,0.0001444184332334,385.5961344193959,0.0037825498357158,0.000107452170033,4067.997090266763,33.85441573633297,51035524628.403534,24986.38455188999,23804.782313789263,35888896317994.41,1.0,566.0,0.0,566.0,0.0,0.0,0.0,1.0,566.0,0.0,566.0,0.0,0.0,0.0,1.0,566.0,0.0,566.0,0.0,0.0,0.0,1.0,566.0,0.0,566.0,0.0,0.0,0.0,1.0,566.0,0.0,566.0,0.0,0.0,0.0
121.28661241995678,365.4699465450397,57590.265346697146,197.54046016356145,391.94898075103447,53792.66772946791,614.23327614348,392.6933220871225,53664.596930910666,6323.260102845099,383.8613636212699,55097.24237024583,54537.49040022861,383.26115892828017,55189.82200066454,121.28661241995678,365.4699465450397,57590.265346697146,197.54046016356145,391.94898075103447,53792.66772946791,614.23327614348,392.6933220871225,53664.596930910666,6323.260102845099,383.8613636212699,55097.24237024583,54537.49040022861,383.26115892828017,55189.82200066454,1.0,60.0,0.0,60.0,0.0,0.0,0.0,1.0,60.0,0.0,60.0,0.0,0.0,0.0,1.0,60.0,0.0,60.0,0.0,0.0,0.0,1.0,60.0,0.0,60.0,0.0,0.0,0.0,1.0,60.0,0.0,60.0,0.0,0.0,0.0,1.0,1507656201.6024618,0.0,1.0,1507656201.6024618,0.0,1.0,1507656201.6024618,0.0,1.0,1507656201.6024618,0.0,1.0,1507656201.6024618,0.0,1.0,60.0,0.0,60.0,0.0,0.0,0.0,1.0,60.0,0.0,60.0,0.0,0.0,0.0,1.0,60.0,0.0,60.0,0.0,0.0,0.0,1.0,60.0,0.0,60.0,0.0,0.0,0.0,1.0,60.0,0.0,60.0,0.0,0.0,0.0
108.12136257945058,506.5910736530885,21172.403318007244,191.7078153667337,466.22058512053286,35657.80527386142,618.6808109282434,412.68128501783127,49840.45419541371,6369.855293800815,386.0476773411431,54757.78103423337,56415.600751621816,383.4625090017871,55159.22717018586,108.12136257945058,506.5910736530885,21172.403318007244,191.7078153667337,466.22058512053286,35657.80527386142,618.6808109282434,412.68128501783127,49840.45419541371,6369.855293800815,386.0476773411431,54757.78103423337,56415.600751621816,383.4625090017871,55159.22717018586,97.74501125692257,553.9999983454086,0.0285896512094261,553.9999983454086,0.0008173681562766,0.0,0.0,157.64316685977658,553.9995972024507,0.4460737905336788,553.9995972024507,0.1989818266010843,0.0,0.0,441.7450577321487,553.9435626096816,5.279856592630797,553.9435626096816,27.876885638746906,0.0,0.0,4204.912724809494,553.9077951992862,6.748382756445367,553.9077951992862,45.540669827489175,0.0,0.0,36942.6390381292,553.9531166712623,4.812293253032626,553.9531166712623,23.15816635318333,0.0,0.0,97.74501125692257,0.0030488580308593,5.6618150714620375e-05,157.64316685977658,0.0031410655626612,8.790606036978382e-05,441.7450577321487,0.0033063886573938,0.0001105984409708,4204.912724809494,0.003615659000237,272465.7172190273,36942.6390381292,4797.567255222818,7233052485224.202,1.0,554.0,0.0,554.0,0.0,0.0,0.0,1.0,554.0,0.0,554.0,0.0,0.0,0.0,1.0,554.0,0.0,554.0,0.0,0.0,0.0,1.0,554.0,0.0,554.0,0.0,0.0,0.0,1.0,554.0,0.0,554.0,0.0,0.0,0.0
158.3355309964886,229.0753645052013,54936.75118300294,239.29593719923537,286.28767963794064,60579.999785177686,658.2339684761607,353.24201129418185,58870.65092760176,6444.315615802174,381.3465188816268,55478.81498846869,51211.38919027592,382.796272130656,55260.68265657176,158.3355309964886,229.0753645052013,54936.75118300294,239.29593719923537,286.28767963794064,60579.999785177686,658.2339684761607,353.24201129418185,58870.65092760176,6444.315615802174,381.3465188816268,55478.81498846869,51211.38919027592,382.796272130656,55260.68265657176,1.0,60.0,0.0,60.0,0.0,0.0,0.0,1.0,60.0,0.0,60.0,0.0,0.0,0.0,1.0,60.0,0.0,60.0,0.0,0.0,0.0,1.0,60.0,0.0,60.0,0.0,0.0,0.0,1.0,60.0,0.0,60.0,0.0,0.0,0.0,1.0,1507656156.718559,0.0,1.0,1507656156.718559,0.0,1.0,1507656156.718559,0.0,1.0,1507656156.718559,0.0,1.0,1507656156.718559,0.0,1.0,60.0,0.0,60.0,0.0,0.0,0.0,1.0,60.0,0.0,60.0,0.0,0.0,0.0,1.0,60.0,0.0,60.0,0.0,0.0,0.0,1.0,60.0,0.0,60.0,0.0,0.0,0.0,1.0,60.0,0.0,60.0,0.0,0.0,0.0
1.0,60.0,0.0,1.0,60.0,0.0,1.0,60.0,0.0,1.0,60.0,0.0,1.0,60.0,0.0,1.0,60.0,0.0,1.0,60.0,0.0,1.0,60.0,0.0,1.0,60.0,0.0,1.0,60.0,0.0,1.0,60.0,0.0,60.0,0.0,0.0,0.0,1.0,60.0,0.0,60.0,0.0,0.0,0.0,1.0,60.0,0.0,60.0,0.0,0.0,0.0,1.0,60.0,0.0,60.0,0.0,0.0,0.0,1.0,60.0,0.0,60.0,0.0,0.0,0.0,1.0,1505913581.032359,0.0,1.0,1505913581.032359,0.0,1.0,1505913581.032359,0.0,1.0,1505913581.032359,0.0,1.0,1505913581.032359,0.0,1.0,60.0,0.0,60.0,0.0,0.0,0.0,1.0,60.0,0.0,60.0,0.0,0.0,0.0,1.0,60.0,0.0,60.0,0.0,0.0,0.0,1.0,60.0,0.0,60.0,0.0,0.0,0.0,1.0,60.0,0.0,60.0,0.0,0.0,0.0
138.7306481985695,202.81930953465027,50155.383734163,199.4763911259724,253.0516320403485,58098.573594393216,524.1735631226326,310.9143095288913,60993.63830089946,5037.311684583055,333.6855058510964,60293.25191284833,26707.601102502955,336.0948997034436,60158.56394731905,138.7306481985695,202.81930953465027,50155.383734163,199.4763911259724,253.0516320403485,58098.573594393216,524.1735631226326,310.9143095288913,60993.63830089946,5037.311684583055,333.6855058510964,60293.25191284833,26707.601102502955,336.0948997034436,60158.56394731905,1.0,60.0,0.0,60.0,0.0,0.0,0.0,1.0,60.0,0.0,60.0,0.0,0.0,0.0,1.0,60.0,0.0,60.0,0.0,0.0,0.0,1.0,60.0,0.0,60.0,0.0,0.0,0.0,1.0,60.0,0.0,60.0,0.0,0.0,0.0,1.0,1507659416.5637429,0.0,1.0,1507659416.5637429,0.0,1.0,1507659416.5637429,0.0,1.0,1507659416.5637429,0.0,1.0,1507659416.5637429,0.0,1.0,60.0,0.0,60.0,0.0,0.0,0.0,1.0,60.0,0.0,60.0,0.0,0.0,0.0,1.0,60.0,0.0,60.0,0.0,0.0,0.0,1.0,60.0,0.0,60.0,0.0,0.0,0.0,1.0,60.0,0.0,60.0,0.0,0.0,0.0
113.46882500043796,60.000000000002224,1.0413714335300027e-10,134.32117129643976,60.00000006057546,2.907600446633296e-06,273.30006471336947,60.00098174202047,0.046801202207007,2301.19625317228,60.02072458777074,0.8039859610053102,8553.231035714378,60.02213158318477,0.7748845522137344,113.46882500043796,60.000000000002224,1.0413714335300027e-10,134.32117129643976,60.00000006057546,2.907600446633296e-06,273.30006471336947,60.00098174202047,0.046801202207007,2301.19625317228,60.02072458777074,0.8039859610053102,8553.231035714378,60.02213158318477,0.7748845522137344,1.0,60.0,0.0,60.0,0.0,0.0,0.0,1.0,60.0,0.0,60.0,0.0,0.0,0.0,1.0,60.0,0.0,60.0,0.0,0.0,0.0,1.0,60.0,0.0,60.0,0.0,0.0,0.0,1.0,60.0,0.0,60.0,0.0,0.0,0.0,1.0,1507653025.346082,0.0,1.0,1507653025.346082,0.0,1.0,1507653025.346082,0.0,1.0,1507653025.346082,0.0,1.0,1507653025.346082,0.0,1.0,60.0,0.0,60.0,0.0,0.0,0.0,1.0,60.0,0.0,60.0,0.0,0.0,0.0,1.0,60.0,0.0,60.0,0.0,0.0,0.0,1.0,60.0,0.0,60.0,0.0,0.0,0.0,1.0,60.0,0.0,60.0,0.0,0.0,0.0
120.3529176880182,412.102188796883,49962.52991010421,211.13785034433567,388.4992113028308,54366.87855701408,645.9924260512582,379.5598967455572,55744.05167304527,6438.403058468996,383.38089318272944,55172.43692321406,51334.51368567209,383.0564096478009,55221.21948726004,120.3529176880182,412.102188796883,49962.52991010421,211.13785034433567,388.4992113028308,54366.87855701408,645.9924260512582,379.5598967455572,55744.05167304527,6438.403058468996,383.38089318272944,55172.43692321406,51334.51368567209,383.0564096478009,55221.21948726004,85.78244078146214,553.9999999999999,7.62939453125e-06,553.9999999999999,5.820766091346741e-11,0.0,0.0,140.40205934595312,553.9999999813925,0.0030318468964962,553.9999999813925,9.19209560379386e-06,0.0,0.0,417.8828331761629,553.997940386291,1.0086847524696323,553.997940386291,1.0174449298647232,0.0,0.0,4215.181888927838,553.9338108997673,5.717782307616104,553.9338108997673,32.693034517287735,0.0,0.0,33573.07188244032,553.9549622407501,4.7166327682793305,553.9549622407501,22.24662467080634,0.0,0.0,85.78244078146214,0.0035159750686219,8.8240795481542e-05,140.40205934595312,0.0035279085511573,9.490747246446228e-05,417.8828331761629,0.0034842619159026,8.226716460528073e-05,4215.181888927838,0.0377921586220777,51812722.47237206,33573.07188244032,8924.340900614274,13454750600174.523,1.0,554.0,0.0,554.0,0.0,0.0,0.0,1.0,554.0,0.0,554.0,0.0,0.0,0.0,1.0,554.0,0.0,554.0,0.0,0.0,0.0,1.0,554.0,0.0,554.0,0.0,0.0,0.0,1.0,554.0,0.0,554.0,0.0,0.0,0.0
1.0,60.0,0.0,1.0,60.0,0.0,1.0,60.0,0.0,1.0,60.0,0.0,1.0,60.0,0.0,1.0,60.0,0.0,1.0,60.0,0.0,1.0,60.0,0.0,1.0,60.0,0.0,1.0,60.0,0.0,1.0,60.0,0.0,60.0,0.0,0.0,0.0,1.0,60.0,0.0,60.0,0.0,0.0,0.0,1.0,60.0,0.0,60.0,0.0,0.0,0.0,1.0,60.0,0.0,60.0,0.0,0.0,0.0,1.0,60.0,0.0,60.0,0.0,0.0,0.0,1.0,1505913450.597769,0.0,1.0,1505913450.597769,0.0,1.0,1505913450.597769,0.0,1.0,1505913450.597769,0.0,1.0,1505913450.597769,0.0,1.0,60.0,0.0,60.0,0.0,0.0,0.0,1.0,60.0,0.0,60.0,0.0,0.0,0.0,1.0,60.0,0.0,60.0,0.0,0.0,0.0,1.0,60.0,0.0,60.0,0.0,0.0,0.0,1.0,60.0,0.0,60.0,0.0,0.0,0.0
1.0,60.0,0.0,1.0,60.0,0.0,1.0,60.0,0.0,1.0,60.0,0.0,1.0,60.0,0.0,1.0,60.0,0.0,1.0,60.0,0.0,1.0,60.0,0.0,1.0,60.0,0.0,1.0,60.0,0.0,1.0,60.0,0.0,60.0,0.0,0.0,0.0,1.0,60.0,0.0,60.0,0.0,0.0,0.0,1.0,60.0,0.0,60.0,0.0,0.0,0.0,1.0,60.0,0.0,60.0,0.0,0.0,0.0,1.0,60.0,0.0,60.0,0.0,0.0,0.0,1.0,1505913566.8817391,0.0,1.0,1505913566.8817391,0.0,1.0,1505913566.8817391,0.0,1.0,1505913566.8817391,0.0,1.0,1505913566.8817391,0.0,1.0,60.0,0.0,60.0,0.0,0.0,0.0,1.0,60.0,0.0,60.0,0.0,0.0,0.0,1.0,60.0,0.0,60.0,0.0,0.0,0.0,1.0,60.0,0.0,60.0,0.0,0.0,0.0,1.0,60.0,0.0,60.0,0.0,0.0,0.0
80.45360504118854,60.027239952238816,1.306775684225613,99.86701835677196,60.07542748403598,3.614806417190266,237.97071823317424,60.109890363317774,5.226602281840768,2287.805398380501,60.03383810484766,1.2892302807881606,20582.926889604325,60.02184671703388,0.7588544803197692,80.45360504118854,60.027239952238816,1.306775684225613,99.86701835677196,60.07542748403598,3.614806417190266,237.97071823317424,60.109890363317774,5.226602281840768,2287.805398380501,60.03383810484766,1.2892302807881606,20582.926889604325,60.02184671703388,0.7588544803197692,1.0,60.0,0.0,60.0,0.0,0.0,0.0,1.0,60.0,0.0,60.0,0.0,0.0,0.0,1.0,60.0,0.0,60.0,0.0,0.0,0.0,1.0,60.0,0.0,60.0,0.0,0.0,0.0,1.0,60.0,0.0,60.0,0.0,0.0,0.0,1.0,1507653294.108974,0.0,1.0,1507653294.108974,0.0,1.0,1507653294.108974,0.0,1.0,1507653294.108974,0.0,1.0,1507653294.108974,0.0,1.0,60.0,0.0,60.0,0.0,0.0,0.0,1.0,60.0,0.0,60.0,0.0,0.0,0.0,1.0,60.0,0.0,60.0,0.0,0.0,0.0,1.0,60.0,0.0,60.0,0.0,0.0,0.0,1.0,60.0,0.0,60.0,0.0,0.0,0.0
105.82729991180162,525.8104769149916,13130.97494620789,186.49428667040408,488.147685253898,28194.483699439414,622.7467229932581,425.530903664062,46957.14539172224,6455.14336674194,389.1393430784266,54257.72114835581,48002.96029045328,383.6011448205304,55137.808732736514,105.82729991180162,525.8104769149916,13130.97494620789,186.49428667040408,488.147685253898,28194.483699439414,622.7467229932581,425.530903664062,46957.14539172224,6455.14336674194,389.1393430784266,54257.72114835581,48002.96029045328,383.6011448205304,55137.808732736514,99.78839065620411,554.0000000000001,7.62939453125e-06,554.0000000000001,5.820766091346741e-11,0.0,0.0,161.63377245225675,554.0000000000006,1.8688123647942943e-05,554.0000000000006,3.4924596548080444e-10,0.0,0.0,460.7894692149066,553.9999871622728,0.0796356544706523,553.9999871622728,0.0063418374629691,0.0,0.0,4301.108388499253,553.9608659201674,4.396669644270313,553.9608659201674,19.33070396084804,0.0,0.0,31446.899004851886,553.958136238753,4.547410854455099,553.958136238753,20.67894547921605,0.0,0.0,99.78839065620411,0.0029443456050346,2.4194492110962463e-05,161.63377245225675,0.0030230416135323,4.0189485854727006e-05,460.7894692149066,0.0031581233343961,7.091774575089188e-05,4301.108388499253,0.3314569831438275,494660943.67591614,31446.899004851886,11963.352269371017,18036470618948.117,1.0,554.0,0.0,554.0,0.0,0.0,0.0,1.0,554.0,0.0,554.0,0.0,0.0,0.0,1.0,554.0,0.0,554.0,0.0,0.0,0.0,1.0,554.0,0.0,554.0,0.0,0.0,0.0,1.0,554.0,0.0,554.0,0.0,0.0,0.0
74.36974845124611,480.8481657209043,30785.815275432517,138.06582564686963,426.5956516552928,46705.879903764464,471.5346991547577,364.2901366712592,57726.33954518103,4988.866022892626,338.565798058889,60007.87588539191,38278.63897773303,336.69264285657664,60123.11007903209,74.36974845124611,480.8481657209043,30785.815275432517,138.06582564686963,426.5956516552928,46705.879903764464,471.5346991547577,364.2901366712592,57726.33954518103,4988.866022892626,338.565798058889,60007.87588539191,38278.63897773303,336.69264285657664,60123.11007903209,63.35702878709428,554.0000000000001,1.3214498959113138e-05,554.0000000000001,1.7462298274040222e-10,0.0,0.0,102.4581604493922,554.0,7.62939453125e-06,554.0,5.820766091346741e-11,0.0,0.0,290.45107102045847,553.9999999854751,0.0026786781382734,553.9999999854751,7.175316568464041e-06,0.0,0.0,2813.272477439457,553.9712410120584,3.769099755124397,553.9712410120584,14.206112964078784,0.0,0.0,21442.145980067453,553.9367803124953,5.588070230403226,553.9367803124953,31.226528899918776,0.0,0.0,63.35702878709428,0.004623713288476,2.0083979033148897e-05,102.4581604493922,0.004747369651378,3.065946532546791e-05,290.45107102045847,0.0049949446972295,5.6658022574587706e-05,2813.272477439457,0.3289304347013681,488175499.30632097,21442.145980067453,16793.964557154526,25319287217873.105,63.35702878709428,554.0000000000001,1.3214498959113138e-05,554.0000000000001,1.7462298274040222e-10,0.0,0.0,102.4581604493922,554.0,7.62939453125e-06,554.0,5.820766091346741e-11,0.0,0.0,290.45107101191843,554.0000000000003,1.8688123647942943e-05,554.0000000000003,3.4924596548080444e-10,0.0,0.0,2813.108698351903,553.9999999999984,2.854658040446428e-05,553.9999999999984,8.149072527885437e-10,0.0,0.0,21439.401919807733,554.0000000000035,5.340576171875e-05,554.0000000000035,2.852175384759903e-09,0.0,0.0
77.14921835522044,60.0,0.0,95.72369142397994,60.00000000007312,4.4292391976341605e-10,232.88808191331745,60.00003724077302,0.0006454119229601,2278.585944576624,60.014399135221474,0.5163701760880031,21788.67294965104,60.01980898845172,0.6853603507429398,77.14921835522044,60.0,0.0,95.72369142397994,60.00000000007312,4.4292391976341605e-10,232.88808191331745,60.00003724077302,0.0006454119229601,2278.585944576624,60.014399135221474,0.5163701760880031,21788.67294965104,60.01980898845172,0.6853603507429398,1.0,60.0,0.0,60.0,0.0,0.0,0.0,1.0,60.0,0.0,60.0,0.0,0.0,0.0,1.0,60.0,0.0,60.0,0.0,0.0,0.0,1.0,60.0,0.0,60.0,0.0,0.0,0.0,1.0,60.0,0.0,60.0,0.0,0.0,0.0,1.0,1507653407.63132,0.0,1.0,1507653407.63132,0.0,1.0,1507653407.63132,0.0,1.0,1507653407.63132,0.0,1.0,1507653407.63132,0.0,1.0,60.0,0.0,60.0,0.0,0.0,0.0,1.0,60.0,0.0,60.0,0.0,0.0,0.0,1.0,60.0,0.0,60.0,0.0,0.0,0.0,1.0,60.0,0.0,60.0,0.0,0.0,0.0,1.0,60.0,0.0,60.0,0.0,0.0,0.0
93.43918266803588,510.5605139247217,24978.84333779401,170.79508074340268,466.12279192957726,40562.41053641925,575.1717399477236,412.5682451412122,54094.87337147142,6239.480626701404,392.1949400006034,57733.20446214887,37382.87909355129,391.4702013024735,57847.59380816202,93.43918266803588,510.5605139247217,24978.84333779401,170.79508074340268,466.12279192957726,40562.41053641925,575.1717399477236,412.5682451412122,54094.87337147142,6239.480626701404,392.1949400006034,57733.20446214887,37382.87909355129,391.4702013024735,57847.59380816202,83.20159320872523,566.0000000000001,7.62939453125e-06,566.0000000000001,5.820766091346741e-11,0.0,0.0,137.08255932556628,566.0000000000008,2.5303839037745665e-05,566.0000000000008,6.402842700481415e-10,0.0,0.0,400.7646750277548,565.9999999983198,0.0009220210885013,565.9999999983198,8.501228876411916e-07,0.0,0.0,4096.321769421715,565.9834480641007,2.893960193066434,565.9834480641007,8.375005599053111,0.0,0.0,24489.960532087083,565.9626469887271,4.347324286856384,565.9626469887271,18.89922845509136,0.0,0.0,83.20159320872523,0.0035509397607346,3.747195844713369e-05,137.08255932556628,0.0035652516956632,4.423992065341981e-05,400.7646750277548,0.0036242537703024,5.84531949874021e-05,4096.321769421715,46.495752286919966,70094371929.80377,24489.960532087083,25087.763405186062,37823130184170.21,1.0,566.0,0.0,566.0,0.0,0.0,0.0,1.0,566.0,0.0,566.0,0.0,0.0,0.0,1.0,566.0,0.0,566.0,0.0,0.0,0.0,1.0,566.0,0.0,566.0,0.0,0.0,0.0,1.0,566.0,0.0,566.0,0.0,0.0,0.0
1.0,60.0,0.0,1.0,60.0,0.0,1.0,60.0,0.0,1.0,60.0,0.0,1.0,60.0,0.0,1.0,60.0,0.0,1.0,60.0,0.0,1.0,60.0,0.0,1.0,60.0,0.0,1.0,60.0,0.0,1.0,60.0,0.0,60.0,0.0,0.0,0.0,1.0,60.0,0.0,60.0,0.0,0.0,0.0,1.0,60.0,0.0,60.0,0.0,0.0,0.0,1.0,60.0,0.0,60.0,0.0,0.0,0.0,1.0,60.0,0.0,60.0,0.0,0.0,0.0,1.0,1505913558.203051,0.0,1.0,1505913558.203051,0.0,1.0,1505913558.203051,0.0,1.0,1505913558.203051,0.0,1.0,1505913558.203051,0.0,1.0,60.0,0.0,60.0,0.0,0.0,0.0,1.0,60.0,0.0,60.0,0.0,0.0,0.0,1.0,60.0,0.0,60.0,0.0,0.0,0.0,1.0,60.0,0.0,60.0,0.0,0.0,0.0,1.0,60.0,0.0,60.0,0.0,0.0,0.0
95.9322566889876,452.807024096228,44462.99601331941,169.6508432220086,477.1008523726325,37079.91010674654,583.2528187290353,468.7636031690429,39746.41286026812,6199.014613098449,442.4166950865268,47254.49323986171,48080.53871186838,437.6848311007111,48444.32958100259,95.9322566889876,452.807024096228,44462.99601331941,169.6508432220086,477.1008523726325,37079.91010674654,583.2528187290353,468.7636031690429,39746.41286026812,6199.014613098449,442.4166950865268,47254.49323986171,48080.53871186838,437.6848311007111,48444.32958100259,74.47206376448503,566.0000000000001,7.62939453125e-06,566.0000000000001,5.820766091346741e-11,0.0,0.0,139.84488392103532,565.9999999999781,0.0001059909361988,565.9999999999781,1.1234078556299211e-08,0.0,0.0,471.1705079118523,565.999801405062,0.3169999982160384,565.999801405062,0.1004889988689683,0.0,0.0,4685.629209047994,565.9156671242998,6.531869798989332,565.9156671242998,42.665323070948936,0.0,0.0,35892.01915508007,565.891650761849,7.4035785229958835,565.891650761849,54.81297494616592,0.0,0.0,74.47206376448503,0.0039810507140145,4.745673784627571e-05,139.84488392103532,0.0034923401138404,4.024762746144156e-05,471.1705079118523,0.0030802790411788,4.386679940344004e-05,4685.629209047994,0.1181530101091767,173488827.03035086,35892.01915508007,9520.255759662925,14353200743589.436,1.0,566.0,0.0,566.0,0.0,0.0,0.0,1.0,566.0,0.0,566.0,0.0,0.0,0.0,1.0,566.0,0.0,566.0,0.0,0.0,0.0,1.0,566.0,0.0,566.0,0.0,0.0,0.0,1.0,566.0,0.0,566.0,0.0,0.0,0.0
118.45764895987202,71.68505775305627,27.050233860970373,205.2696174113269,70.60552275527388,36.0002097676288,644.7628860952861,69.64310198449121,42.01490581661892,6613.546978643557,69.39758504336253,43.32997056938712,40286.92619596307,69.37903688573044,43.46998835701288,118.45764895987202,71.68505775305627,27.050233860970373,205.2696174113269,70.60552275527388,36.0002097676288,644.7628860952861,69.64310198449121,42.01490581661892,6613.546978643557,69.39758504336253,43.32997056938712,40286.92619596307,69.37903688573044,43.46998835701288,98.87031915362172,73.99999999999999,1.9073486328125e-06,73.99999999999999,3.637978807091713e-12,0.0,0.0,155.49933967841474,73.99999999999996,2.86102294921875e-06,73.99999999999996,8.185452315956354e-12,0.0,0.0,444.06711970278815,73.99999998194248,0.0005027980467234,73.99999998194248,2.5280587578890845e-07,0.0,0.0,4437.602032672011,73.99856571125612,0.1416968075033745,73.99856571125612,0.0200779852566483,0.0,0.0,26974.58062015904,73.99794414691141,0.1696399619367697,73.99794414691141,0.0287777166859086,0.0,0.0,98.87031915362172,0.0030271955643051,6.169415478334003e-05,155.49933967841474,0.0031792633894796,7.990608217071392e-05,444.06711970278815,0.0032802240947239,8.207753949273902e-05,4437.602032672011,30.117824794710536,45402444504.69291,26974.58062015904,21984.1751141882,33144108595112.203,1.0,74.0,0.0,74.0,0.0,0.0,0.0,1.0,74.0,0.0,74.0,0.0,0.0,0.0,1.0,74.0,0.0,74.0,0.0,0.0,0.0,1.0,74.0,0.0,74.0,0.0,0.0,0.0,1.0,74.0,0.0,74.0,0.0,0.0,0.0
51.17426117920989,74.08133432139522,1.964231857203231,112.45548736348506,74.07659706674569,2.0409127815855754,569.0227849303509,74.02632593803838,1.6857390717195813,7482.549017074637,74.11873082312091,50.8550796198324,31659.304252983424,74.31665387158412,204.2379689578429,51.17426117920989,74.08133432139522,1.964231857203231,112.45548736348506,74.07659706674569,2.0409127815855754,569.0227849303509,74.02632593803838,1.6857390717195813,7482.549017074637,74.11873082312091,50.8550796198324,31659.304252983424,74.31665387158412,204.2379689578429,50.995818133214215,74.00000000000003,1.6518123698891422e-06,95.26804291051648,4.192563418333924e-12,-7.482786573254874e-29,-2.5390341099378086e-17,111.97449016743934,74.00000000000004,2.132480599880018e-06,95.26804291051651,1.0577153579663907e-11,8.357782770812359e-27,1.2682686400173142e-15,565.4290622225155,73.9999998723694,0.0013367204215687,95.26804281137856,1.7868214854388496e-06,7.430889743787973e-21,0.0,7456.180624959085,73.99896480965215,0.12038103387939,95.26723882269354,0.0144915933178708,1.7906934341208856e-16,9.86490895097296e-10,31560.10018912897,73.99836768415597,0.1511613620901184,95.266775005347,0.0228497573889399,-1.2747969001802876e-16,-8.548860426097904e-11,50.99581813321426,0.0105502551152218,0.004702069163793,111.97449016743955,0.0060596042672149,0.0023426999392439,565.4290622225176,0.0027154167781392,0.0005232290655125,7456.180624959176,950.290695275586,1431052560133.7798,31560.10018912793,27920.236661942257,42044701874091.76,1.0,74.0,0.0,95.26804291051644,0.0,0.0,0.0,1.0,74.0,0.0,95.26804291051644,0.0,0.0,0.0,1.0000000000000002,74.0,9.5367431640625e-07,95.26804291051644,9.094947017729282e-13,0.0,0.0,1.0278406942904386,74.0,0.0,95.26804291051644,0.0,0.0,0.0,1.698985241627059,74.0,0.0,95.26804291051644,0.0,0.0,0.0
111.05926467530554,72.73518571805495,16.10764477942576,194.4296909221218,71.57595454884313,28.06064021916245,628.0824812551508,70.05818154790002,39.65560642673154,6576.0713383009415,69.42609424876676,43.28470429233585,38105.06836039751,69.38362551108169,43.46648533160987,111.05926467530554,72.73518571805495,16.10764477942576,194.4296909221218,71.57595454884313,28.06064021916245,628.0824812551508,70.05818154790002,39.65560642673154,6576.0713383009415,69.42609424876676,43.28470429233585,38105.06836039751,69.38362551108169,43.46648533160987,101.02574009647311,73.99999999999997,2.6973983046972182e-06,73.99999999999997,7.275957614183426e-12,0.0,0.0,160.76494740464432,73.99999999970511,6.427934683982417e-05,73.99999999970511,4.131834430154413e-09,0.0,0.0,451.2313738534346,73.99995044212996,0.0263402303162714,73.99995044212996,0.0006938077331142,0.0,0.0,4425.389921423428,73.99682038984089,0.2109607364709367,73.99682038984089,0.04450443233236,0.0,0.0,25525.268643340616,73.99764803689806,0.1814440730381508,73.99764803689806,0.0329219516406738,0.0,0.0,101.02574009647311,0.0029426351290736,4.4367512875758346e-05,160.76494740464432,0.0030541142449406,5.407517498576297e-05,451.2313738534346,0.003225297984915,7.241643977249776e-05,4425.389921423428,66.76289944610167,100650633232.3876,25525.268643340616,25150.614127113902,37917863473545.68,1.0,74.0,0.0,74.0,0.0,0.0,0.0,1.0,74.0,0.0,74.0,0.0,0.0,0.0,1.0,74.0,0.0,74.0,0.0,0.0,0.0,1.0,74.0,0.0,74.0,0.0,0.0,0.0,1.0,74.0,0.0,74.0,0.0,0.0,0.0
98.69187991717634,532.0204793204877,16039.029568247612,174.42072741596985,491.3700922207352,32193.099996230885,584.6379632043548,427.45085452067,50909.21714694303,6294.686785273466,395.0518540090639,57274.010168536624,43318.65697144943,391.9857610722172,57766.800340952526,98.69187991717634,532.0204793204877,16039.029568247612,174.42072741596985,491.3700922207352,32193.099996230885,584.6379632043548,427.45085452067,50909.21714694303,6294.686785273466,395.0518540090639,57274.010168536624,43318.65697144943,391.9857610722172,57766.800340952526,92.06440405035622,565.9999999999998,1.52587890625e-05,565.9999999999998,2.3283064365386963e-10,0.0,0.0,148.69541827169425,566.0,1.0789593218788871e-05,566.0,1.1641532182693479e-10,0.0,0.0,424.5549156577314,565.9999939343559,0.0554005046892395,565.9999939343559,0.0030692159198224,0.0,0.0,4168.316813479502,565.9628834849798,4.333541157709792,565.9628834849798,18.779578965564724,0.0,0.0,28422.95410319464,565.9593674035624,4.5341419023368585,565.9593674035624,20.558442790526897,0.0,0.0,92.06440405035622,0.0031816490071613,1.8513515747050604e-05,148.69541827169425,0.0032745175799004,2.963781169890517e-05,424.5549156577314,0.003421146681114,5.6018464337019496e-05,4168.316813479502,3.475887619667545,5235226479.143876,28422.95410319464,16705.62559225074,25186084178618.062,1.0,566.0,0.0,566.0,0.0,0.0,0.0,1.0,566.0,0.0,566.0,0.0,0.0,0.0,1.0,566.0,0.0,566.0,0.0,0.0,0.0,1.0,566.0,0.0,566.0,0.0,0.0,0.0,1.0,566.0,0.0,566.0,0.0,0.0,0.0
155.72492045680133,74.11018384050789,2.958770831250149,273.1666246571885,74.07297617357175,2.5764077456269656,823.2795487433223,74.10173539096398,16.378728462431354,7914.592629707181,74.23162865598519,124.83053932207442,26488.643516400043,74.39849068913495,267.76987793867283,155.72492045680133,74.11018384050789,2.958770831250149,273.1666246571885,74.07297617357175,2.5764077456269656,823.2795487433223,74.10173539096398,16.378728462431354,7914.592629707181,74.23162865598519,124.83053932207442,26488.643516400043,74.39849068913495,267.76987793867283,154.9553255549599,73.99151187302633,0.3446182370825577,95.26144985909144,0.1187617293298899,-2.0703441875541403e-16,-3.984136450478574e-10,272.2108381500813,73.98755601157747,0.4172061661494032,95.25837729337148,0.1740609850730834,-1.803025765543941e-16,-4.531595404210705e-10,821.2309348317517,73.98918008554675,0.3890523509767477,95.25963872349855,0.1513617318005344,4.531891959334779e-16,3.324333091332712e-10,7894.566246396988,73.99684322271935,0.2102020855187252,95.26559088636203,0.0441849167564214,4.592251747738013e-16,1.6198454599234655e-09,26409.367366849063,73.99780675004261,0.1752161211263376,95.26633930101715,0.0307006891025594,-1.5742238984266562e-15,-9.237951608966831e-10,154.95532555495984,0.0019554725571239,5.368138848136773e-05,272.2108381500815,0.0018074117137655,3.733063320143833e-05,821.2309348317534,0.0017658213612891,0.0018313313228116,7894.566246397127,2897.8746371101283,4363939807832.9663,26409.36736684824,37514.83329134722,56492714573103.77,1.0,74.0,0.0,95.26804291051644,0.0,0.0,0.0,1.0,74.0,0.0,95.26804291051644,0.0,0.0,0.0,1.0,74.0,0.0,95.26804291051644,0.0,0.0,0.0,1.0237470680054133,74.0,0.0,95.26804291051644,0.0,0.0,0.0,1.6879565336680915,74.0,0.0,95.26804291051644,0.0,0.0,0.0
169.51883917023918,74.020524547401,0.4921679405160829,278.4609613822951,74.03017070416355,0.7232312782971348,843.2847611411389,74.03729467690849,0.9137916923227748,7636.272811757439,74.06339434223963,9.4738466289391,17676.575290265828,74.07799903655422,15.163246391093708,169.51883917023918,74.020524547401,0.4921679405160829,278.4609613822951,74.03017070416355,0.7232312782971348,843.2847611411389,74.03729467690849,0.9137916923227748,7636.272811757439,74.06339434223963,9.4738466289391,17676.575290265828,74.07799903655422,15.163246391093708,169.37386843201622,73.99999999842093,0.0001486722897421,95.26804290928992,2.210345065405452e-08,-2.3413287186005613e-22,-6.241417801504732e-13,278.1108909457601,73.99999882352715,0.0040584022603695,95.2680419966844,1.647062890697361e-05,1.1950752555851383e-19,1.2605626969681165e-11,841.9578545106558,73.99952459724791,0.0815807116609158,95.2676736391663,0.0066554125151014,3.787176936224721e-20,1.909287552438412e-13,7618.965247907181,73.99821061092669,0.158266373589598,95.2666529989326,0.0250482450092022,1.3436384235202047e-16,2.379192919985825e-10,17629.25095012357,73.997932137168,0.1701346629035663,95.26643669507588,0.0289458035213101,2.9220863513804816e-16,2.641032086872176e-10,169.37386843201617,0.0017437448365508,2.1568218084705088e-05,278.11089094576045,0.0017560028637039,2.377742671333313e-05,841.9578545106584,0.0018487127053375,188091.98112542625,7618.965247907261,19068.222283882536,28714733381482.484,17629.25095012321,67609.36785391923,101809308158909.6,1.0,74.0,0.0,74.0,0.0,0.0,0.0,1.0,74.0,0.0,74.0,0.0,0.0,0.0,1.0,74.0,0.0,74.0,0.0,0.0,0.0,1.0,74.0,0.0,74.0,0.0,0.0,0.0,1.0,74.0,0.0,74.0,0.0,0.0,0.0
76.26631716427283,492.4720754694397,26606.980607509555,138.1609672781627,437.26871179461153,44030.78126096449,469.8152471780471,368.2113648187069,57244.8136340527,4989.514821550407,338.66563973255523,59999.3513411255,29174.608981034784,336.7702415621572,60118.244297770325,76.26631716427283,492.4720754694397,26606.980607509555,138.1609672781627,437.26871179461153,44030.78126096449,469.8152471780471,368.2113648187069,57244.8136340527,4989.514821550407,338.66563973255523,59999.3513411255,29174.608981034784,336.7702415621572,60118.244297770325,66.7665758664236,554.0000000000003,1.52587890625e-05,554.0000000000003,2.3283064365386963e-10,0.0,0.0,105.508592573706,553.9999999999999,0.0,553.9999999999999,0.0,0.0,0.0,293.0852846557204,553.9999999998729,0.0002506113846688,553.9999999998729,6.280606612563133e-08,0.0,0.0,2814.536890363324,553.9819803858553,2.9835154903755656,553.9819803858553,8.901364681310953,0.0,0.0,16347.181717491,553.9309163984647,5.841449016978028,553.9309163984647,34.122526617953554,0.0,0.0,66.7665758664236,0.0043936269407578,2.382950452936812e-05,105.508592573706,0.0046201249799452,4.1148851526849405e-05,293.0852846557204,0.0049621454379656,9.296984687135491e-05,2814.536890363324,90.60684738191812,136596513574.14156,16347.181717491,38697.632537964695,58341340650432.3,66.7665758664236,554.0000000000003,1.52587890625e-05,554.0000000000003,2.3283064365386963e-10,0.0,0.0,105.508592573706,553.9999999999999,0.0,553.9999999999999,0.0,0.0,0.0,293.0852846556453,553.9999999999994,0.0,553.9999999999994,0.0,0.0,0.0,2814.4342246370893,554.0000000000008,3.0517578125e-05,554.0000000000008,9.313225746154783e-10,0.0,0.0,16344.895640187451,553.9999999999986,4.640779518354965e-05,553.9999999999986,2.153683453798294e-09,0.0,0.0
77.62276276168718,60.00000319235416,4.788530259247637e-05,95.64353875771444,60.00021195368153,0.0031792603017493,230.7691162707932,60.007187123,0.1077766767925823,2270.9366603739622,60.01532537339892,0.4670962524696734,13420.804739398189,60.01989952606141,0.6718770699835659,77.62276276168718,60.00000319235416,4.788530259247637e-05,95.64353875771444,60.00021195368153,0.0031792603017493,230.7691162707932,60.007187123,0.1077766767925823,2270.9366603739622,60.01532537339892,0.4670962524696734,13420.804739398189,60.01989952606141,0.6718770699835659,1.0,60.0,0.0,60.0,0.0,0.0,0.0,1.0,60.0,0.0,60.0,0.0,0.0,0.0,1.0,60.0,0.0,60.0,0.0,0.0,0.0,1.0,60.0,0.0,60.0,0.0,0.0,0.0,1.0,60.0,0.0,60.0,0.0,0.0,0.0,1.0,1507653086.237154,0.0,1.0,1507653086.237154,0.0,1.0,1507653086.237154,0.0,1.0,1507653086.237154,0.0,1.0,1507653086.237154,0.0,1.0,60.0,0.0,60.0,0.0,0.0,0.0,1.0,60.0,0.0,60.0,0.0,0.0,0.0,1.0,60.0,0.0,60.0,0.0,0.0,0.0,1.0,60.0,0.0,60.0,0.0,0.0,0.0,1.0,60.0,0.0,60.0,0.0,0.0,0.0
1.0,60.0,0.0,1.0,60.0,0.0,1.0,60.0,0.0,1.0,60.0,0.0,1.0,60.0,0.0,1.0,60.0,0.0,1.0,60.0,0.0,1.0,60.0,0.0,1.0,60.0,0.0,1.0,60.0,0.0,1.0,60.0,0.0,60.0,0.0,0.0,0.0,1.0,60.0,0.0,60.0,0.0,0.0,0.0,1.0,60.0,0.0,60.0,0.0,0.0,0.0,1.0,60.0,0.0,60.0,0.0,0.0,0.0,1.0,60.0,0.0,60.0,0.0,0.0,0.0,1.0,1505913436.14634,0.0,1.0,1505913436.14634,0.0,1.0,1505913436.14634,0.0,1.0,1505913436.14634,0.0,1.0,1505913436.14634,0.0,1.0,60.0,0.0,60.0,0.0,0.0,0.0,1.0,60.0,0.0,60.0,0.0,0.0,0.0,1.0,60.0,0.0,60.0,0.0,0.0,0.0,1.0,60.0,0.0,60.0,0.0,0.0,0.0,1.0,60.0,0.0,60.0,0.0,0.0,0.0
181.4021596388781,75.95822151537466,469.4473066401069,301.6496908424353,75.39575121710013,335.92745119639494,867.6015019326944,74.58642241627305,139.66319075630145,6058.736606274089,74.13907132774274,33.33180868536601,9941.977622329134,74.1194941204412,29.148200712622383,181.4021596388781,75.95822151537466,469.4473066401069,301.6496908424353,75.39575121710013,335.92745119639494,867.6015019326944,74.58642241627305,139.66319075630145,6058.736606274089,74.13907132774274,33.33180868536601,9941.977622329134,74.1194941204412,29.148200712622383,179.1871299690224,74.00000000000003,1.9073486328125e-06,95.26804291051646,4.067383956680332e-12,-5.4392345740736675e-28,-2.11442663948144e-16,299.0425481368464,73.99999999999956,4.370284743266906e-06,95.26804291051602,2.2705512915890588e-11,2.9441074141791748e-27,1.9225469124125512e-16,862.9492609023149,73.99999538991813,0.0080337483092693,95.2680393296088,6.45411118966894e-05,6.499651334358658e-19,2.088477398720804e-11,6035.273479345367,73.99808700174509,0.163640813987501,95.266556985743,0.0267783160024919,-1.9650076779431952e-17,-2.4934602177417002e-11,9906.013620950667,73.99741307129815,0.1902900670780963,95.26603351270772,0.0362103096285864,1.1226077329490898e-15,1.1110432792128436e-09,179.18712996902238,0.00165850313843,2.698818465454645e-05,299.0425481368464,0.0016415980579636,0.6569863872619587,862.9492609023192,7.723231814625881,11627986359.486237,6035.273479345421,72726.40662419166,109514409500442.34,9906.01362095059,134387.87921878436,202358502591287.8,1.0,74.0,0.0,74.0,0.0,0.0,0.0,1.0,74.0,0.0,74.0,0.0,0.0,0.0,1.0,74.0,0.0,74.0,0.0,0.0,0.0,1.0,74.0,0.0,74.0,0.0,0.0,0.0,1.0,74.0,0.0,74.0,0.0,0.0,0.0
1.0,60.0,0.0,1.0,60.0,0.0,1.0,60.0,0.0,1.0,60.0,0.0,1.0,60.0,0.0,1.0,60.0,0.0,1.0,60.0,0.0,1.0,60.0,0.0,1.0,60.0,0.0,1.0,60.0,0.0,1.0,60.0,0.0,60.0,0.0,0.0,0.0,1.0,60.0,0.0,60.0,0.0,0.0,0.0,1.0,60.0,0.0,60.0,0.0,0.0,0.0,1.0,60.0,0.0,60.0,0.0,0.0,0.0,1.0,60.0,0.0,60.0,0.0,0.0,0.0,1.0,1505913541.430899,0.0,1.0,1505913541.430899,0.0,1.0,1505913541.430899,0.0,1.0,1505913541.430899,0.0,1.0,1505913541.430899,0.0,1.0,60.0,0.0,60.0,0.0,0.0,0.0,1.0,60.0,0.0,60.0,0.0,0.0,0.0,1.0,60.0,0.0,60.0,0.0,0.0,0.0,1.0,60.0,0.0,60.0,0.0,0.0,0.0,1.0,60.0,0.0,60.0,0.0,0.0,0.0
143.75853636285842,74.04059857029758,3.1415452107348765,252.72501436080728,74.08569140541805,19.002194571752625,794.6112708682581,74.31078563090013,111.37396618493584,7030.554536333224,74.5863613593167,376.217322680156,21696.11381019972,74.34633367572383,213.09893097583245,143.75853636285842,74.04059857029758,3.1415452107348765,252.72501436080728,74.08569140541805,19.002194571752625,794.6112708682581,74.31078563090013,111.37396618493584,7030.554536333224,74.5863613593167,376.217322680156,21696.11381019972,74.34633367572383,213.09893097583245,143.5472510922755,73.99995876574344,0.0240266081950171,95.26801088157416,0.0005772779013568,2.0385858562720205e-19,4.194017099423008e-12,252.2535319388562,73.99947523388097,0.0857114362172747,95.26763529599,0.0073464502984279,1.3146040130022228e-17,1.01715254539801e-10,792.3142345825038,73.99626353103567,0.2286845082560799,95.26514061583327,0.0522966043163251,-3.839971201521131e-16,0.0,7006.664097007163,73.99751577530006,0.1864751305958396,95.2661132875474,0.0347729743307354,4.4355646182587743e-16,4.0197360717770407e-10,21628.10839844795,73.99782564089374,0.1744600228661816,95.26635397442324,0.0304362995784686,-6.959097649257928e-16,-9.35280588760877e-10,143.54725109227536,0.0020538059589664,2.175604342627752e-05,252.2535319388564,0.0019282818200619,1.7648560189584435e-05,792.3142345825047,0.0018328763212987,19.741339938447656,7006.664097007246,8244.34629666633,12415204087116.771,21628.10839844733,50253.73307092783,75675263158373.7,1.0,74.0,0.0,74.0,0.0,0.0,0.0,1.0,74.0,0.0,74.0,0.0,0.0,0.0,1.0,74.0,0.0,74.0,0.0,0.0,0.0,1.0,74.0,0.0,74.0,0.0,0.0,0.0,1.0,74.0,0.0,74.0,0.0,0.0,0.0
1.0,60.0,0.0,1.0,60.0,0.0,1.0,60.0,0.0,1.0,60.0,0.0,1.0,60.0,0.0,1.0,60.0,0.0,1.0,60.0,0.0,1.0,60.0,0.0,1.0,60.0,0.0,1.0,60.0,0.0,1.0,60.0,0.0,60.0,0.0,0.0,0.0,1.0,60.0,0.0,60.0,0.0,0.0,0.0,1.0,60.0,0.0,60.0,0.0,0.0,0.0,1.0,60.0,0.0,60.0,0.0,0.0,0.0,1.0,60.0,0.0,60.0,0.0,0.0,0.0,1.0,1505913442.739913,0.0,1.0,1505913442.739913,0.0,1.0,1505913442.739913,0.0,1.0,1505913442.739913,0.0,1.0,1505913442.739913,0.0,1.0,60.0,0.0,60.0,0.0,0.0,0.0,1.0,60.0,0.0,60.0,0.0,0.0,0.0,1.0,60.0,0.0,60.0,0.0,0.0,0.0,1.0,60.0,0.0,60.0,0.0,0.0,0.0,1.0,60.0,0.0,60.0,0.0,0.0,0.0
39.579871231621816,133.1817948268151,45964.76087431457,65.10360903176361,118.96369112728227,35532.30814534707,177.3718233515648,95.04958929411364,16998.34927956554,888.8011389880847,79.65136016102946,4047.194085828596,2693.4239763706923,76.58240851184627,1527.4522724831686,39.579871231621816,133.1817948268151,45964.76087431457,65.10360903176361,118.96369112728227,35532.30814534707,177.3718233515648,95.04958929411364,16998.34927956554,888.8011389880847,79.65136016102946,4047.194085828596,2693.4239763706923,76.58240851184627,1527.4522724831686,1.0,74.0,0.0,74.0,0.0,0.0,0.0,1.0,74.0,0.0,74.0,0.0,0.0,0.0,1.0,74.0,0.0,74.0,0.0,0.0,0.0,1.0,74.0,0.0,74.0,0.0,0.0,0.0,1.0,74.0,0.0,74.0,0.0,0.0,0.0,1.0,1505912820.809031,0.0,1.0,1505912820.809031,0.0,1.0,1505912820.809031,0.0,1.0,1505912820.809031,0.0,1.0,1505912820.809031,0.0,1.0,74.0,0.0,74.0,0.0,0.0,0.0,1.0,74.0,0.0,74.0,0.0,0.0,0.0,1.0,74.0,0.0,74.0,0.0,0.0,0.0,1.0,74.0,0.0,74.0,0.0,0.0,0.0,1.0,74.0,0.0,74.0,0.0,0.0,0.0
1.0,60.0,0.0,1.0,60.0,0.0,1.0,60.0,0.0,1.0,60.0,0.0,1.0,60.0,0.0,1.0,60.0,0.0,1.0,60.0,0.0,1.0,60.0,0.0,1.0,60.0,0.0,1.0,60.0,0.0,1.0,60.0,0.0,60.0,0.0,0.0,0.0,1.0,60.0,0.0,60.0,0.0,0.0,0.0,1.0,60.0,0.0,60.0,0.0,0.0,0.0,1.0,60.0,0.0,60.0,0.0,0.0,0.0,1.0,60.0,0.0,60.0,0.0,0.0,0.0,1.0,1505913567.087274,0.0,1.0,1505913567.087274,0.0,1.0,1505913567.087274,0.0,1.0,1505913567.087274,0.0,1.0,1505913567.087274,0.0,1.0,60.0,0.0,60.0,0.0,0.0,0.0,1.0,60.0,0.0,60.0,0.0,0.0,0.0,1.0,60.0,0.0,60.0,0.0,0.0,0.0,1.0,60.0,0.0,60.0,0.0,0.0,0.0,1.0,60.0,0.0,60.0,0.0,0.0,0.0
1.9136502281692565,75.86980042077464,58.16331217491461,5.910286278276695,74.629247017892,49.69727832192984,48.44516753846682,73.86269928890947,26.68704194626207,932.2165625530736,74.6482998579256,183.11441699368515,8666.612504436478,76.21570293344077,1357.5004526449957,1.9136502281692565,75.86980042077464,58.16331217491461,5.910286278276695,74.629247017892,49.69727832192984,48.44516753846682,73.86269928890947,26.68704194626207,932.2165625530736,74.6482998579256,183.11441699368515,8666.612504436478,76.21570293344077,1357.5004526449957,1.0000294036469022,74.0,0.0,74.0,0.0,0.0,0.0,1.0019100323341106,74.0,9.5367431640625e-07,74.0,9.094947017729282e-13,0.0,0.0,1.124073844631914,74.0,0.0,74.0,0.0,0.0,0.0,1.8116485628003167,74.0,9.5367431640625e-07,74.0,9.094947017729282e-13,0.0,0.0,1.97934746249504,74.0,0.0,74.0,0.0,0.0,0.0,1.0000294036469022,44281.04685265607,66676915604584.5,1.0019100323341106,2870862.3549792594,4315022959182617.5,1.124073844631914,166220783.89387035,2.2268470908891686e+17,1.8116485628003167,674674029.7855303,5.608154357275817e+17,1.97934746249504,745100211.3008909,5.668818694640301e+17,1.0000294036469022,74.0,0.0,74.0,0.0,0.0,0.0,1.0019100323341106,74.0,9.5367431640625e-07,74.0,9.094947017729282e-13,0.0,0.0,1.124073844631914,74.0,0.0,74.0,0.0,0.0,0.0,1.8116485628003167,74.0,9.5367431640625e-07,74.0,9.094947017729282e-13,0.0,0.0,1.97934746249504,74.0,0.0,74.0,0.0,0.0,0.0
93.03596383289506,396.6075311407549,52979.26188660509,166.08035754778476,362.58535687574783,57917.953640319465,508.1097519781487,340.7541630589481,59865.2393983347,4987.477108099489,337.0445856747433,60102.52068889888,18465.568502174843,337.0829660817493,60100.36993906954,93.03596383289506,396.6075311407549,52979.26188660509,166.08035754778476,362.58535687574783,57917.953640319465,508.1097519781487,340.7541630589481,59865.2393983347,4987.477108099489,337.0445856747433,60102.52068889888,18465.568502174843,337.0829660817493,60100.36993906954,63.393849628030345,554.0,1.0789593218788871e-05,554.0,1.1641532182693479e-10,0.0,0.0,101.72677834977324,554.0000000000001,1.0789593218788871e-05,554.0000000000001,1.1641532182693479e-10,0.0,0.0,288.76365205318643,553.9999950936246,0.0492315867171156,553.9999950936246,0.0024237491306848,0.0,0.0,2797.332261798997,553.9394544107022,5.468624630123236,553.9394544107022,29.905855345190503,0.0,0.0,10359.242084004552,553.8921794193276,7.297379089246137,553.8921794193276,53.25174157216679,0.0,0.0,63.393849628030345,0.0048075599848636,0.0001496771336585,101.72677834977324,0.004911787704528,0.0001714442552834,288.76365205318643,0.0050606961078107,0.0003162755388939,2797.332261798997,5746.176935474278,8663236418959.89,10359.242084004552,92418.13492951644,139326512548256.06,63.393849628030345,554.0,1.0789593218788871e-05,554.0,1.1641532182693479e-10,0.0,0.0,101.72677834977324,554.0000000000001,1.0789593218788871e-05,554.0000000000001,1.1641532182693479e-10,0.0,0.0,288.7636491852052,553.999999999999,3.236877965636661e-05,553.999999999999,1.0477378964424131e-09,0.0,0.0,2796.9894153814894,553.9999999999999,1.8688123647942943e-05,553.9999999999999,3.4924596548080444e-10,0.0,0.0,10356.981072877365,553.9999999999983,3.0517578125e-05,553.9999999999983,9.313225746154783e-10,0.0,0.0
105.49618903932593,72.77487625781136,15.650804206978137,187.9141918029052,71.613742504006,27.713380554149808,620.4870964533095,70.06592540261637,39.6098906906709,6568.313648804396,69.43052974338109,43.264515769777965,32695.20078082428,69.38313417818503,43.46929948532488,105.49618903932593,72.77487625781136,15.650804206978137,187.9141918029052,71.613742504006,27.713380554149808,620.4870964533095,70.06592540261637,39.6098906906709,6568.313648804396,69.43052974338109,43.264515769777965,32695.20078082428,69.38313417818503,43.46929948532488,96.26434004628776,73.99999999999996,2.132480599880018e-06,73.99999999999996,4.547473508864642e-12,0.0,0.0,155.88478814103726,74.00000000000004,2.132480599880018e-06,74.00000000000004,4.547473508864642e-12,0.0,0.0,446.114044689756,73.99999994534082,0.0008747720301336,73.99999994534082,7.652261047041975e-07,0.0,0.0,4421.611851456879,73.99841606630916,0.1489045427197242,73.99841606630916,0.0221725628425701,0.0,0.0,21899.17812347324,73.99814167279635,0.1612858564782934,73.99814167279635,0.0260131274999366,0.0,0.0,96.26434004628776,0.0030618913096104,2.9656734920909545e-05,155.88478814103726,0.003134863057307,4.03403781520096e-05,446.114044689756,0.0032618140791273,7.196530992665916e-05,4421.611851456879,385.5620114926216,581290220689.2839,21899.17812347324,34931.05084821372,52662820308759.12,1.0,74.0,0.0,74.0,0.0,0.0,0.0,1.0,74.0,0.0,74.0,0.0,0.0,0.0,1.0,74.0,0.0,74.0,0.0,0.0,0.0,1.0,74.0,0.0,74.0,0.0,0.0,0.0,1.0,74.0,0.0,74.0,0.0,0.0,0.0
1.0,60.0,0.0,1.0,60.0,0.0,1.0,60.0,0.0,1.0,60.0,0.0,1.0,60.0,0.0,1.0,60.0,0.0,1.0,60.0,0.0,1.0,60.0,0.0,1.0,60.0,0.0,1.0,60.0,0.0,1.0,60.0,0.0,60.0,0.0,0.0,0.0,1.0,60.0,0.0,60.0,0.0,0.0,0.0,1.0,60.0,0.0,60.0,0.0,0.0,0.0,1.0,60.0,0.0,60.0,0.0,0.0,0.0,1.0,60.0,0.0,60.0,0.0,0.0,0.0,1.0,1505913472.5453188,0.0,1.0,1505913472.5453188,0.0,1.0,1505913472.5453188,0.0,1.0,1505913472.5453188,0.0,1.0,1505913472.5453188,0.0,1.0,60.0,0.0,60.0,0.0,0.0,0.0,1.0,60.0,0.0,60.0,0.0,0.0,0.0,1.0,60.0,0.0,60.0,0.0,0.0,0.0,1.0,60.0,0.0,60.0,0.0,0.0,0.0,1.0,60.0,0.0,60.0,0.0,0.0,0.0
69.71424487808076,504.742241873744,21907.00577874502,130.1533516839433,449.0554100956616,40829.26044282116,496.110551976721,371.2241310789906,56884.04586798162,4467.5286730105245,341.224806586158,59833.700552868046,9873.981816346664,338.3945514033151,60020.015352521885,69.71424487808076,504.742241873744,21907.00577874502,130.1533516839433,449.0554100956616,40829.26044282116,496.110551976721,371.2241310789906,56884.04586798162,4467.5286730105245,341.224806586158,59833.700552868046,9873.981816346664,338.3945514033151,60020.015352521885,62.76289384132157,553.9999999999975,3.6589290796758416e-05,553.9999999999975,1.3387762010097506e-09,0.0,0.0,102.50377656762804,553.9999998493212,0.0086275971688062,553.9999998493212,7.443543290719391e-05,0.0,0.0,312.55646276443315,553.9950208662958,1.5683326363733738,553.9950208662958,2.459667258313857,0.0,0.0,2543.8760336049304,553.8687943100766,8.049745082341698,553.8687943100766,64.79839589068433,0.0,0.0,5566.101123646367,553.8448187203693,8.754168773125636,553.8448187203693,76.63547090836799,0.0,0.0,62.76289384132157,0.0047210703817958,6.196221435747154e-05,102.50377656762804,0.0048220885734547,0.000120575773188,312.55646276443315,0.00640337846083,2468509.526200421,2543.8760336049304,66970.41476509243,100964076508016.7,5566.101123646367,217800.91490889632,328322131687232.25,62.76289384132123,553.9999999999999,1.7059844799040144e-05,553.9999999999999,2.910383045673371e-10,0.0,0.0,102.50377653636257,553.9999999999999,7.62939453125e-06,553.9999999999999,5.820766091346741e-11,0.0,0.0,312.55331243969965,554.0000000000008,2.7508173183166418e-05,554.0000000000008,7.566995918750762e-10,0.0,0.0,2543.2003837869784,554.0000000000013,2.5303839037745665e-05,554.0000000000013,6.402842700481415e-10,0.0,0.0,5564.352632361115,553.9999999999975,6.291359902370698e-05,553.9999999999975,3.958120942115784e-09,0.0,0.0
1.0,60.0,0.0,1.0,60.0,0.0,1.0,60.0,0.0,1.0,60.0,0.0,1.0,60.0,0.0,1.0,60.0,0.0,1.0,60.0,0.0,1.0,60.0,0.0,1.0,60.0,0.0,1.0,60.0,0.0,1.0,60.0,0.0,60.0,0.0,0.0,0.0,1.0,60.0,0.0,60.0,0.0,0.0,0.0,1.0,60.0,0.0,60.0,0.0,0.0,0.0,1.0,60.0,0.0,60.0,0.0,0.0,0.0,1.0,60.0,0.0,60.0,0.0,0.0,0.0,1.0,1505913554.5034974,0.0,1.0,1505913554.5034974,0.0,1.0,1505913554.5034974,0.0,1.0,1505913554.5034974,0.0,1.0,1505913554.5034974,0.0,1.0,60.0,0.0,60.0,0.0,0.0,0.0,1.0,60.0,0.0,60.0,0.0,0.0,0.0,1.0,60.0,0.0,60.0,0.0,0.0,0.0,1.0,60.0,0.0,60.0,0.0,0.0,0.0,1.0,60.0,0.0,60.0,0.0,0.0,0.0
141.40054861011552,73.80829620481289,2.564647637606868,217.8653363779272,73.27302317555923,9.554924091170506,637.7181014307794,71.83605460832288,25.555902419694576,6583.764796358706,70.93641791837871,33.88837823251015,38787.00712236775,70.74304650683995,35.591007234901554,141.40054861011552,73.80829620481289,2.564647637606868,217.8653363779272,73.27302317555923,9.554924091170506,637.7181014307794,71.83605460832288,25.555902419694576,6583.764796358706,70.93641791837871,33.88837823251015,38787.00712236775,70.74304650683995,35.591007234901554,139.36023273586414,73.99999999999997,1.9073486328125e-06,73.99999999999997,3.637978807091713e-12,0.0,0.0,206.3689118196864,74.00000000000003,2.523185072960464e-06,74.00000000000003,6.366462912410497e-12,0.0,0.0,538.8224554951993,73.99999999941906,9.023190439235588e-05,73.99999999941906,8.141796570271254e-09,0.0,0.0,5114.511845207681,73.99915491196197,0.1087681862141559,73.99915491196197,0.0118305183323172,0.0,0.0,29560.175270686064,73.99765311778698,0.1812480155009008,73.99765311778698,0.0328508431230147,0.0,0.0,139.36023273586414,0.0021386911511849,3.675309101744373e-05,206.3689118196864,0.0023852555288706,4.903080039755817e-05,538.8224554951993,0.0027025052006341,6.577091798639734e-05,5114.511845207681,41.21573260039143,62134933063.68045,29560.175270686064,20996.6065637958,31655236908624.85,1.0,74.0,0.0,74.0,0.0,0.0,0.0,1.0,74.0,0.0,74.0,0.0,0.0,0.0,1.0,74.0,0.0,74.0,0.0,0.0,0.0,1.0,74.0,0.0,74.0,0.0,0.0,0.0,1.0,74.0,0.0,74.0,0.0,0.0,0.0
1.0,60.0,0.0,1.0,60.0,0.0,1.0,60.0,0.0,1.0,60.0,0.0,1.0,60.0,0.0,1.0,60.0,0.0,1.0,60.0,0.0,1.0,60.0,0.0,1.0,60.0,0.0,1.0,60.0,0.0,1.0,60.0,0.0,60.0,0.0,0.0,0.0,1.0,60.0,0.0,60.0,0.0,0.0,0.0,1.0,60.0,0.0,60.0,0.0,0.0,0.0,1.0,60.0,0.0,60.0,0.0,0.0,0.0,1.0,60.0,0.0,60.0,0.0,0.0,0.0,1.0,1505913557.3523278,0.0,1.0,1505913557.3523278,0.0,1.0,1505913557.3523278,0.0,1.0,1505913557.3523278,0.0,1.0,1505913557.3523278,0.0,1.0,60.0,0.0,60.0,0.0,0.0,0.0,1.0,60.0,0.0,60.0,0.0,0.0,0.0,1.0,60.0,0.0,60.0,0.0,0.0,0.0,1.0,60.0,0.0,60.0,0.0,0.0,0.0,1.0,60.0,0.0,60.0,0.0,0.0,0.0
162.91659474422968,216.6818895092152,54723.16760046352,244.90883620178883,274.48427307779855,62514.38624184004,661.2323575075503,350.16255714826485,62619.94121420437,6377.023801771114,387.7673252596313,58415.60721271124,46158.671450941736,390.9587999693005,57927.85292360793,162.91659474422968,216.6818895092152,54723.16760046352,244.90883620178883,274.48427307779855,62514.38624184004,661.2323575075503,350.16255714826485,62619.94121420437,6377.023801771114,387.7673252596313,58415.60721271124,46158.671450941736,390.9587999693005,57927.85292360793,1.0,60.0,0.0,60.0,0.0,0.0,0.0,1.0,60.0,0.0,60.0,0.0,0.0,0.0,1.0,60.0,0.0,60.0,0.0,0.0,0.0,1.0,60.0,0.0,60.0,0.0,0.0,0.0,1.0,60.0,0.0,60.0,0.0,0.0,0.0,1.0,1507658094.102309,0.0,1.0,1507658094.102309,0.0,1.0,1507658094.102309,0.0,1.0,1507658094.102309,0.0,1.0,1507658094.102309,0.0,1.0,60.0,0.0,60.0,0.0,0.0,0.0,1.0,60.0,0.0,60.0,0.0,0.0,0.0,1.0,60.0,0.0,60.0,0.0,0.0,0.0,1.0,60.0,0.0,60.0,0.0,0.0,0.0,1.0,60.0,0.0,60.0,0.0,0.0,0.0
1.0,60.0,0.0,1.0,60.0,0.0,1.0,60.0,0.0,1.0,60.0,0.0,1.0,60.0,0.0,1.0,60.0,0.0,1.0,60.0,0.0,1.0,60.0,0.0,1.0,60.0,0.0,1.0,60.0,0.0,1.0,60.0,0.0,60.0,0.0,0.0,0.0,1.0,60.0,0.0,60.0,0.0,0.0,0.0,1.0,60.0,0.0,60.0,0.0,0.0,0.0,1.0,60.0,0.0,60.0,0.0,0.0,0.0,1.0,60.0,0.0,60.0,0.0,0.0,0.0,1.0,1505913564.587595,0.0,1.0,1505913564.587595,0.0,1.0,1505913564.587595,0.0,1.0,1505913564.587595,0.0,1.0,1505913564.587595,0.0,1.0,60.0,0.0,60.0,0.0,0.0,0.0,1.0,60.0,0.0,60.0,0.0,0.0,0.0,1.0,60.0,0.0,60.0,0.0,0.0,0.0,1.0,60.0,0.0,60.0,0.0,0.0,0.0,1.0,60.0,0.0,60.0,0.0,0.0,0.0
110.70515211161091,482.29809893097513,35347.15369835787,197.5656967327244,443.4268279820338,46997.84254236543,627.1366527330371,407.2710599626288,55121.92557372581,6325.386911351032,392.866990827972,57627.07341539527,45397.351629068144,391.62922681671904,57822.83245922856,110.70515211161091,482.29809893097513,35347.15369835787,197.5656967327244,443.4268279820338,46997.84254236543,627.1366527330371,407.2710599626288,55121.92557372581,6325.386911351032,392.866990827972,57627.07341539527,45397.351629068144,391.62922681671904,57822.83245922856,92.3924412620508,566.0000000000006,2.1579186437577742e-05,566.0000000000006,4.656612873077394e-10,0.0,0.0,149.7074869885603,565.9999999999999,1.7059844799040144e-05,565.9999999999999,2.910383045673371e-10,0.0,0.0,430.4078124871676,565.9999999998813,0.0002448548360577,565.9999999998813,5.995389074087143e-08,0.0,0.0,4161.110410254031,565.9874020252224,2.5247606876608466,565.9874020252224,6.374416529957672,0.0,0.0,29754.49878050329,565.9651671222296,4.19812134453935,565.9651671222296,17.624222823476888,0.0,0.0,92.3924412620508,0.0032224624371652,5.436417663437728e-05,149.7074869885603,0.0032923903544496,7.266503620108565e-05,430.4078124871676,0.0033847192189745,8.571924908594308e-05,4161.110410254031,1.1820700523378702,1776924670.6282234,29754.49878050329,14321.138335593432,21591167095628.21,1.0,566.0,0.0,566.0,0.0,0.0,0.0,1.0,566.0,0.0,566.0,0.0,0.0,0.0,1.0,566.0,0.0,566.0,0.0,0.0,0.0,1.0,566.0,0.0,566.0,0.0,0.0,0.0,1.0,566.0,0.0,566.0,0.0,0.0,0.0
143.628444409871,222.6754075508296,53898.36310828126,226.5754363213194,274.7491670624903,59968.88377483119,645.9860670288605,347.0014753965587,59408.86888208392,6293.5653133274345,379.49230765009673,55751.30136466553,21105.88825733359,381.46051824081513,55461.8053242582,143.628444409871,222.6754075508296,53898.36310828126,226.5754363213194,274.7491670624903,59968.88377483119,645.9860670288605,347.0014753965587,59408.86888208392,6293.5653133274345,379.49230765009673,55751.30136466553,21105.88825733359,381.46051824081513,55461.8053242582,47.2971978434358,553.9999999071864,0.0067712456053455,553.9999999071864,4.584976704791188e-05,0.0,0.0,98.49573587189548,553.9999259470942,0.1912645544125078,553.9999259470942,0.0365821297746151,0.0,0.0,375.3260212704636,553.9677104145137,3.99374668858983,553.9677104145137,15.950012612622231,0.0,0.0,4070.977091375214,553.9134262360767,6.539108835432741,553.9134262360767,42.75994436163455,0.0,0.0,13735.616950964526,553.9406550527532,5.414137245552417,553.9406550527532,29.31288211367791,0.0,0.0,47.2971978434358,0.0077560863661088,0.0011677082771435,98.49573587189548,0.0054832977084552,0.0006411432829722,375.3260212704636,0.0039362850336493,0.0319888872524745,4070.977091375214,6926.671781750266,10442984523997.764,13735.616950964526,73730.32854615197,111154525326376.08,1.0,554.0,0.0,554.0,0.0,0.0,0.0,1.0,554.0,0.0,554.0,0.0,0.0,0.0,1.0,554.0,0.0,554.0,0.0,0.0,0.0,1.0,554.0,0.0,554.0,0.0,0.0,0.0,1.0,554.0,0.0,554.0,0.0,0.0,0.0
1.0,60.0,0.0,1.0,60.0,0.0,1.0,60.0,0.0,1.0,60.0,0.0,1.0,60.0,0.0,1.0,60.0,0.0,1.0,60.0,0.0,1.0,60.0,0.0,1.0,60.0,0.0,1.0,60.0,0.0,1.0,60.0,0.0,60.0,0.0,0.0,0.0,1.0,60.0,0.0,60.0,0.0,0.0,0.0,1.0,60.0,0.0,60.0,0.0,0.0,0.0,1.0,60.0,0.0,60.0,0.0,0.0,0.0,1.0,60.0,0.0,60.0,0.0,0.0,0.0,1.0,1505913547.646041,0.0,1.0,1505913547.646041,0.0,1.0,1505913547.646041,0.0,1.0,1505913547.646041,0.0,1.0,1505913547.646041,0.0,1.0,60.0,0.0,60.0,0.0,0.0,0.0,1.0,60.0,0.0,60.0,0.0,0.0,0.0,1.0,60.0,0.0,60.0,0.0,0.0,0.0,1.0,60.0,0.0,60.0,0.0,0.0,0.0,1.0,60.0,0.0,60.0,0.0,0.0,0.0
142.93133020313243,221.43822634012744,53688.18012675414,222.392532696842,280.4588887689041,60304.504120920414,648.2561349538922,351.67677461027074,59011.72411643331,6460.245963502784,379.0498193460514,55815.015262196575,60847.172858513535,383.2077609802812,55198.16418575583,142.93133020313243,221.43822634012744,53688.18012675414,222.392532696842,280.4588887689041,60304.504120920414,648.2561349538922,351.67677461027074,59011.72411643331,6460.245963502784,379.0498193460514,55815.015262196575,60847.172858513535,383.2077609802812,55198.16418575583,1.0,60.0,0.0,60.0,0.0,0.0,0.0,1.0,60.0,0.0,60.0,0.0,0.0,0.0,1.0,60.0,0.0,60.0,0.0,0.0,0.0,1.0,60.0,0.0,60.0,0.0,0.0,0.0,1.0,60.0,0.0,60.0,0.0,0.0,0.0,1.0,1507656346.481057,0.0,1.0,1507656346.481057,0.0,1.0,1507656346.481057,0.0,1.0,1507656346.481057,0.0,1.0,1507656346.481057,0.0,1.0,60.0,0.0,60.0,0.0,0.0,0.0,1.0,60.0,0.0,60.0,0.0,0.0,0.0,1.0,60.0,0.0,60.0,0.0,0.0,0.0,1.0,60.0,0.0,60.0,0.0,0.0,0.0,1.0,60.0,0.0,60.0,0.0,0.0,0.0
1.0,60.0,0.0,1.0,60.0,0.0,1.0,60.0,0.0,1.0,60.0,0.0,1.0,60.0,0.0,1.0,60.0,0.0,1.0,60.0,0.0,1.0,60.0,0.0,1.0,60.0,0.0,1.0,60.0,0.0,1.0,60.0,0.0,60.0,0.0,0.0,0.0,1.0,60.0,0.0,60.0,0.0,0.0,0.0,1.0,60.0,0.0,60.0,0.0,0.0,0.0,1.0,60.0,0.0,60.0,0.0,0.0,0.0,1.0,60.0,0.0,60.0,0.0,0.0,0.0,1.0,1505913471.346302,0.0,1.0,1505913471.346302,0.0,1.0,1505913471.346302,0.0,1.0,1505913471.346302,0.0,1.0,1505913471.346302,0.0,1.0,60.0,0.0,60.0,0.0,0.0,0.0,1.0,60.0,0.0,60.0,0.0,0.0,0.0,1.0,60.0,0.0,60.0,0.0,0.0,0.0,1.0,60.0,0.0,60.0,0.0,0.0,0.0,1.0,60.0,0.0,60.0,0.0,0.0,0.0
94.77811353429074,60.00000650887105,9.763302659848704e-05,113.70917988123016,60.00030816427822,0.004622369207027,249.4337519336985,60.00822755431408,0.1233464183287651,2287.479439722709,60.01643612680897,0.4166849821808682,16392.840916681453,60.019892798733565,0.6566326583179034,94.77811353429074,60.00000650887105,9.763302659848704e-05,113.70917988123016,60.00030816427822,0.004622369207027,249.4337519336985,60.00822755431408,0.1233464183287651,2287.479439722709,60.01643612680897,0.4166849821808682,16392.840916681453,60.019892798733565,0.6566326583179034,1.0,60.0,0.0,60.0,0.0,0.0,0.0,1.0,60.0,0.0,60.0,0.0,0.0,0.0,1.0,60.0,0.0,60.0,0.0,0.0,0.0,1.0,60.0,0.0,60.0,0.0,0.0,0.0,1.0,60.0,0.0,60.0,0.0,0.0,0.0,1.0,1507653141.014006,0.0,1.0,1507653141.014006,0.0,1.0,1507653141.014006,0.0,1.0,1507653141.014006,0.0,1.0,1507653141.014006,0.0,1.0,60.0,0.0,60.0,0.0,0.0,0.0,1.0,60.0,0.0,60.0,0.0,0.0,0.0,1.0,60.0,0.0,60.0,0.0,0.0,0.0,1.0,60.0,0.0,60.0,0.0,0.0,0.0,1.0,60.0,0.0,60.0,0.0,0.0,0.0
173.85967038629448,67.45240492043644,48.79532979304531,267.913704385134,67.80092963506233,48.35851429068498,711.4752158117108,68.65046749106781,46.27671450021443,6547.89123968338,69.28587127244894,43.85101799915538,22418.444419717267,69.32980546454792,43.68987710844158,173.85967038629448,67.45240492043644,48.79532979304531,267.913704385134,67.80092963506233,48.35851429068498,711.4752158117108,68.65046749106781,46.27671450021443,6547.89123968338,69.28587127244894,43.85101799915538,22418.444419717267,69.32980546454792,43.68987710844158,92.54804729778442,74.00000000000001,1.3486991523486091e-06,74.00000000000001,1.8189894035458565e-12,0.0,0.0,149.28394766909514,73.99999999999996,1.6518123698891422e-06,73.99999999999996,2.7284841053187847e-12,0.0,0.0,439.5754305340984,73.99999999446473,0.0002783700021298,73.99999999446473,7.748985808575527e-08,0.0,0.0,4341.09446678656,73.99925730638945,0.1019664599965313,73.99925730638945,0.0103971589642242,0.0,0.0,14931.38695598728,73.99856530703809,0.141716770789994,73.99856530703809,0.0200836431231437,0.0,0.0,92.54804729778442,0.0034220057775786,0.0001957153224804,149.28394766909514,0.0033886336393847,0.0001665072614261,439.5754305340984,0.0033281361780392,0.0070062301952189,4341.09446678656,5663.740680510599,8538941603588.548,14931.38695598728,66902.51036989785,100861561144744.36,1.0,74.0,0.0,74.0,0.0,0.0,0.0,1.0,74.0,0.0,74.0,0.0,0.0,0.0,1.0,74.0,0.0,74.0,0.0,0.0,0.0,1.0,74.0,0.0,74.0,0.0,0.0,0.0,1.0,74.0,0.0,74.0,0.0,0.0,0.0
86.0501231422708,60.0008897770206,0.0427085050100686,105.51300743536628,60.00954144602632,0.4578953987629575,242.8056026983304,60.05506521705618,2.622043885185576,2287.4686185159408,60.030991021847925,1.2019356809914823,22591.140172497435,60.02137313345236,0.7456931312271992,86.0501231422708,60.0008897770206,0.0427085050100686,105.51300743536628,60.00954144602632,0.4578953987629575,242.8056026983304,60.05506521705618,2.622043885185576,2287.4686185159408,60.030991021847925,1.2019356809914823,22591.140172497435,60.02137313345236,0.7456931312271992,1.0,60.0,0.0,60.0,0.0,0.0,0.0,1.0,60.0,0.0,60.0,0.0,0.0,0.0,1.0,60.0,0.0,60.0,0.0,0.0,0.0,1.0,60.0,0.0,60.0,0.0,0.0,0.0,1.0,60.0,0.0,60.0,0.0,0.0,0.0,1.0,1507653620.321794,0.0,1.0,1507653620.321794,0.0,1.0,1507653620.321794,0.0,1.0,1507653620.321794,0.0,1.0,1507653620.321794,0.0,1.0,60.0,0.0,60.0,0.0,0.0,0.0,1.0,60.0,0.0,60.0,0.0,0.0,0.0,1.0,60.0,0.0,60.0,0.0,0.0,0.0,1.0,60.0,0.0,60.0,0.0,0.0,0.0,1.0,60.0,0.0,60.0,0.0,0.0,0.0
117.391019603111,71.64952694368996,27.381900089280855,200.92021232830317,71.34925199395944,30.084067163925287,651.1979411571677,70.2993392131299,38.1165773264829,6170.042920440113,69.49454868962187,42.83119290096785,15383.063491422825,69.38701005219714,43.39308441241519,117.391019603111,71.64952694368996,27.381900089280855,200.92021232830317,71.34925199395944,30.084067163925287,651.1979411571677,70.2993392131299,38.1165773264829,6170.042920440113,69.49454868962187,42.83119290096785,15383.063491422825,69.38701005219714,43.39308441241519,1.0,60.0,0.0,60.0,0.0,0.0,0.0,1.0,60.0,0.0,60.0,0.0,0.0,0.0,1.0,60.0,0.0,60.0,0.0,0.0,0.0,1.0,60.0,0.0,60.0,0.0,0.0,0.0,1.0,60.0,0.0,60.0,0.0,0.0,0.0,1.0,1507657096.719326,0.0,1.0,1507657096.719326,0.0,1.0,1507657096.719326,0.0,1.0,1507657096.719326,0.0,1.0,1507657096.719326,0.0,1.0,60.0,0.0,60.0,0.0,0.0,0.0,1.0,60.0,0.0,60.0,0.0,0.0,0.0,1.0,60.0,0.0,60.0,0.0,0.0,0.0,1.0,60.0,0.0,60.0,0.0,0.0,0.0,1.0,60.0,0.0,60.0,0.0,0.0,0.0
147.70532279416366,65.50680680933215,46.77037409536024,234.9936660235797,66.93183908368442,48.99535471910531,674.0201705325344,68.58577670469357,46.49612448464268,6678.988047720584,69.31051351024529,43.832509431366816,42625.55516727543,69.36629154327295,43.548251807009365,147.70532279416366,65.50680680933215,46.77037409536024,234.9936660235797,66.93183908368442,48.99535471910531,674.0201705325344,68.58577670469357,46.49612448464268,6678.988047720584,69.31051351024529,43.832509431366816,42625.55516727543,69.36629154327295,43.548251807009365,1.0,60.0,0.0,60.0,0.0,0.0,0.0,1.0,60.0,0.0,60.0,0.0,0.0,0.0,1.0,60.0,0.0,60.0,0.0,0.0,0.0,1.0,60.0,0.0,60.0,0.0,0.0,0.0,1.0,60.0,0.0,60.0,0.0,0.0,0.0,1.0,1507657206.4429731,0.0,1.0,1507657206.4429731,0.0,1.0,1507657206.4429731,0.0,1.0,1507657206.4429731,0.0,1.0,1507657206.4429731,0.0,1.0,60.0,0.0,60.0,0.0,0.0,0.0,1.0,60.0,0.0,60.0,0.0,0.0,0.0,1.0,60.0,0.0,60.0,0.0,0.0,0.0,1.0,60.0,0.0,60.0,0.0,0.0,0.0,1.0,60.0,0.0,60.0,0.0,0.0,0.0
74.69041046599132,476.13060837392896,32403.83731106433,138.21959233595328,421.92798972306855,47800.55717821373,470.7463251935423,363.24478741916136,57845.51770169576,4969.154643172933,338.6691324592625,60003.00164242352,22746.796558818976,337.3426930417082,60084.6261195456,74.69041046599132,476.13060837392896,32403.83731106433,138.21959233595328,421.92798972306855,47800.55717821373,470.7463251935423,363.24478741916136,57845.51770169576,4969.154643172933,338.6691324592625,60003.00164242352,22746.796558818976,337.3426930417082,60084.6261195456,62.91693511520532,554.0000000000006,2.1579186437577742e-05,554.0000000000006,4.656612873077394e-10,0.0,0.0,101.26627367306378,554.0000000000001,1.52587890625e-05,554.0000000000001,2.3283064365386963e-10,0.0,0.0,288.9703700136232,553.9999999999993,7.62939453125e-06,553.9999999999993,5.820766091346741e-11,0.0,0.0,2803.1489540278303,553.9860923654368,2.6211024496543307,553.9860923654368,6.870178051583936,0.0,0.0,12772.14391341594,553.9244954482951,6.1068443244692014,553.9244954482951,37.2935476033017,0.0,0.0,62.91693511520532,0.0046615274898907,2.369714134957984e-05,101.26627367306378,0.0048102568792337,3.81671533987088e-05,288.9703700136232,0.005025188045826,7.084542088562906e-05,2803.1489540278303,1319.9304856878516,1989995991166.9016,12772.14391341594,64718.53490318811,97569305343099.69,62.91693511520532,554.0000000000006,2.1579186437577742e-05,554.0000000000006,4.656612873077394e-10,0.0,0.0,101.26627367306378,554.0000000000001,1.52587890625e-05,554.0000000000001,2.3283064365386963e-10,0.0,0.0,288.9703700136225,554.0000000000001,1.7059844799040144e-05,554.0000000000001,2.910383045673371e-10,0.0,0.0,2803.070036677067,553.9999999999997,2.7508173183166418e-05,553.9999999999997,7.566995918750762e-10,0.0,0.0,12770.191777787466,553.9999999999992,2.412626388678268e-05,553.9999999999992,5.820766091346742e-10,0.0,0.0
123.1938828601638,426.9741110004754,46615.21267184248,213.5996674756039,398.1320194954452,52703.95087664487,648.5754372152171,381.6843676079234,55430.67695587751,6409.365133288687,382.75896587848143,55267.0744735596,60179.33169173876,383.8748239522656,55096.07479554083,123.1938828601638,426.9741110004754,46615.21267184248,213.5996674756039,398.1320194954452,52703.95087664487,648.5754372152171,381.6843676079234,55430.67695587751,6409.365133288687,382.75896587848143,55267.0744735596,60179.33169173876,383.8748239522656,55096.07479554083,91.5161247747501,553.9999999999999,1.52587890625e-05,553.9999999999999,2.3283064365386963e-10,0.0,0.0,146.20422080616885,553.9999999999923,6.007391261300515e-05,553.9999999999923,3.608874976634979e-09,0.0,0.0,422.3398274966069,553.9998463843647,0.2754743190796861,553.9998463843647,0.0758861004724167,0.0,0.0,4187.98121206941,553.9482081640015,5.057913066723264,553.9482081640015,25.58248459052993,0.0,0.0,39457.28244828108,553.9558150366266,4.671768358666413,553.9558150366266,21.82541959703667,0.0,0.0,91.5161247747501,0.0033179134300327,0.000101787545946,146.20422080616885,0.0034149396529012,0.0001231366091779,422.3398274966069,0.0034668578919022,0.000140844353924,4187.98121206941,0.0034496369072218,646.5540281599915,39457.28244828108,2453.4441324257505,3698938404445.723,1.0,554.0,0.0,554.0,0.0,0.0,0.0,1.0,554.0,0.0,554.0,0.0,0.0,0.0,1.0,554.0,0.0,554.0,0.0,0.0,0.0,1.0,554.0,0.0,554.0,0.0,0.0,0.0,1.0,554.0,0.0,554.0,0.0,0.0,0.0
196.5531093700334,65.97288598866318,47.94503680771868,286.7515983802948,66.97934981310915,48.99957356977757,732.4075496205292,68.50510156338511,46.73473747765729,6725.336125762176,69.29429158777063,43.85013964355039,51101.77957199197,69.37499153478063,43.51594384092096,196.5531093700334,65.97288598866318,47.94503680771868,286.7515983802948,66.97934981310915,48.99957356977757,732.4075496205292,68.50510156338511,46.73473747765729,6725.336125762176,69.29429158777063,43.85013964355039,51101.77957199197,69.37499153478063,43.51594384092096,83.85637949889005,73.99999999999999,1.3486991523486091e-06,73.99999999999999,1.8189894035458565e-12,0.0,0.0,142.95283675458566,74.00000000000004,1.9073486328125e-06,74.00000000000004,3.637978807091713e-12,0.0,0.0,444.9426725524618,73.99999999999694,5.3947966093944364e-06,73.99999999999694,2.9103830456733704e-11,0.0,0.0,4462.6100565944735,73.9994768852166,0.0855764765978559,73.9994768852166,0.0073233333469033,0.0,0.0,34198.30669795453,73.99814819154948,0.1610027614773918,73.99814819154948,0.0259218892033459,0.0,0.0,83.85637949889005,0.0035997297040476,8.546267214437384e-05,142.95283675458566,0.0034533834422643,7.892062664704687e-05,444.9426725524618,0.0032726692470767,7.884471118981123e-05,4462.6100565944735,0.166018534832726,245419761.1657404,34198.30669795453,10294.077482025134,15519827735285.562,1.0,74.0,0.0,74.0,0.0,0.0,0.0,1.0,74.0,0.0,74.0,0.0,0.0,0.0,1.0,74.0,0.0,74.0,0.0,0.0,0.0,1.0,74.0,0.0,74.0,0.0,0.0,0.0,1.0,74.0,0.0,74.0,0.0,0.0,0.0
1.0,60.0,0.0,1.0,60.0,0.0,1.0,60.0,0.0,1.0,60.0,0.0,1.0,60.0,0.0,1.0,60.0,0.0,1.0,60.0,0.0,1.0,60.0,0.0,1.0,60.0,0.0,1.0,60.0,0.0,1.0,60.0,0.0,60.0,0.0,0.0,0.0,1.0,60.0,0.0,60.0,0.0,0.0,0.0,1.0,60.0,0.0,60.0,0.0,0.0,0.0,1.0,60.0,0.0,60.0,0.0,0.0,0.0,1.0,60.0,0.0,60.0,0.0,0.0,0.0,1.0,1505913579.11861,0.0,1.0,1505913579.11861,0.0,1.0,1505913579.11861,0.0,1.0,1505913579.11861,0.0,1.0,1505913579.11861,0.0,1.0,60.0,0.0,60.0,0.0,0.0,0.0,1.0,60.0,0.0,60.0,0.0,0.0,0.0,1.0,60.0,0.0,60.0,0.0,0.0,0.0,1.0,60.0,0.0,60.0,0.0,0.0,0.0,1.0,60.0,0.0,60.0,0.0,0.0,0.0
169.74085528738956,74.01461891547733,0.5823998293553814,286.5965025452569,74.03112992747019,4.4831494886575465,862.6347018080234,74.10967761488621,36.53535868777453,3333.81894518272,74.13484849441389,42.16642141153535,4112.643484791193,74.13289206543446,39.82972074858117,169.74085528738956,74.01461891547733,0.5823998293553814,286.5965025452569,74.03112992747019,4.4831494886575465,862.6347018080234,74.10967761488621,36.53535868777453,3333.81894518272,74.13484849441389,42.16642141153535,4112.643484791193,74.13289206543446,39.82972074858117,169.63910150856103,73.9998816291784,0.0407084449855743,95.2679509653294,0.0016571774931435,1.3058392376189505e-18,1.5856190587925446e-11,286.28665232583955,73.99873024935258,0.1333225292046541,95.26705662775792,0.0177748967935258,1.14721088001704e-17,2.32966779991288e-11,860.6453343650768,73.99235368295443,0.3270932167632623,95.262103711515,0.1069899724525385,-6.305701353588035e-17,-4.9764517935976293e-11,3323.255515138202,73.99271036043196,0.3193772300961731,95.26238075170473,0.1020018151039039,-2.3453194776305117e-16,-3.4436021591038073e-10,4099.050056314356,73.993267350831,0.3069393422244013,95.26281338093858,0.0942117598051481,1.1384113304949073e-15,1.4699330164307638e-09,169.63910150856114,0.0019508683504766,280824.5257517781,286.28665232584,2.0643206545337422,3106101147.8093066,860.6453343650815,12807.020651857065,19286102913374.027,3323.255515138215,277130.03969977127,417257154525961.06,4099.050056314351,349753.13998368126,526575759060630.5,1.0,74.0,0.0,74.0,0.0,0.0,0.0,1.0,74.0,0.0,74.0,0.0,0.0,0.0,1.0,74.0,0.0,74.0,0.0,0.0,0.0,1.0,74.0,0.0,74.0,0.0,0.0,0.0,1.0,74.0,0.0,74.0,0.0,0.0,0.0
1.0,60.0,0.0,1.0,60.0,0.0,1.0,60.0,0.0,1.0,60.0,0.0,1.0,60.0,0.0,1.0,60.0,0.0,1.0,60.0,0.0,1.0,60.0,0.0,1.0,60.0,0.0,1.0,60.0,0.0,1.0,60.0,0.0,60.0,0.0,0.0,0.0,1.0,60.0,0.0,60.0,0.0,0.0,0.0,1.0,60.0,0.0,60.0,0.0,0.0,0.0,1.0,60.0,0.0,60.0,0.0,0.0,0.0,1.0,60.0,0.0,60.0,0.0,0.0,0.0,1.0,1505913585.959467,0.0,1.0,1505913585.959467,0.0,1.0,1505913585.959467,0.0,1.0,1505913585.959467,0.0,1.0,1505913585.959467,0.0,1.0,60.0,0.0,60.0,0.0,0.0,0.0,1.0,60.0,0.0,60.0,0.0,0.0,0.0,1.0,60.0,0.0,60.0,0.0,0.0,0.0,1.0,60.0,0.0,60.0,0.0,0.0,0.0,1.0,60.0,0.0,60.0,0.0,0.0,0.0
1.0,60.0,0.0,1.0,60.0,0.0,1.0,60.0,0.0,1.0,60.0,0.0,1.0,60.0,0.0,1.0,60.0,0.0,1.0,60.0,0.0,1.0,60.0,0.0,1.0,60.0,0.0,1.0,60.0,0.0,1.0,60.0,0.0,60.0,0.0,0.0,0.0,1.0,60.0,0.0,60.0,0.0,0.0,0.0,1.0,60.0,0.0,60.0,0.0,0.0,0.0,1.0,60.0,0.0,60.0,0.0,0.0,0.0,1.0,60.0,0.0,60.0,0.0,0.0,0.0,1.0,1505913562.834083,0.0,1.0,1505913562.834083,0.0,1.0,1505913562.834083,0.0,1.0,1505913562.834083,0.0,1.0,1505913562.834083,0.0,1.0,60.0,0.0,60.0,0.0,0.0,0.0,1.0,60.0,0.0,60.0,0.0,0.0,0.0,1.0,60.0,0.0,60.0,0.0,0.0,0.0,1.0,60.0,0.0,60.0,0.0,0.0,0.0,1.0,60.0,0.0,60.0,0.0,0.0,0.0
53.457835229522935,60.00000000103055,6.186382961459458e-09,74.75359358355719,60.000001208609326,7.25165409676265e-06,213.0988999734766,60.00070335497293,0.0045561916722363,2253.0988081952537,60.014655356019496,0.5092462583238557,20365.622574766217,60.01981867993501,0.6846082760448553,53.457835229522935,60.00000000103055,6.186382961459458e-09,74.75359358355719,60.000001208609326,7.25165409676265e-06,213.0988999734766,60.00070335497293,0.0045561916722363,2253.0988081952537,60.014655356019496,0.5092462583238557,20365.622574766217,60.01981867993501,0.6846082760448553,1.0,60.0,0.0,60.0,0.0,0.0,0.0,1.0,60.0,0.0,60.0,0.0,0.0,0.0,1.0,60.0,0.0,60.0,0.0,0.0,0.0,1.0,60.0,0.0,60.0,0.0,0.0,0.0,1.0,60.0,0.0,60.0,0.0,0.0,0.0,1.0,1507653282.980246,0.0,1.0,1507653282.980246,0.0,1.0,1507653282.980246,0.0,1.0,1507653282.980246,0.0,1.0,1507653282.980246,0.0,1.0,60.0,0.0,60.0,0.0,0.0,0.0,1.0,60.0,0.0,60.0,0.0,0.0,0.0,1.0,60.0,0.0,60.0,0.0,0.0,0.0,1.0,60.0,0.0,60.0,0.0,0.0,0.0,1.0,60.0,0.0,60.0,0.0,0.0,0.0
118.17841689400537,72.40586905169883,19.776585187260025,206.8144853813856,71.27704551009602,30.707054446597795,662.8574285911974,70.01943282427571,39.88605717394967,6694.8013605595015,69.47791838276157,42.94619140280611,44285.47535545367,69.39459537680456,43.398654750565576,118.17841689400537,72.40586905169883,19.776585187260025,206.8144853813856,71.27704551009602,30.707054446597795,662.8574285911974,70.01943282427571,39.88605717394967,6694.8013605595015,69.47791838276157,42.94619140280611,44285.47535545367,69.39459537680456,43.398654750565576,104.721809112881,74.00000000000001,2.3360154559928683e-06,74.00000000000001,5.4569682106375694e-12,0.0,0.0,166.5871884456674,74.00000000000003,9.5367431640625e-07,74.00000000000003,9.094947017729282e-13,0.0,0.0,474.2466190336722,73.99999880102055,0.0040970376968529,73.99999880102055,1.6785717889433727e-05,0.0,0.0,4530.160449566018,73.9985949483103,0.1402453188974858,73.9985949483103,0.0196687494726575,0.0,0.0,29700.30289880473,73.9979844928076,0.1679673731638824,73.9979844928076,0.0282130384475749,0.0,0.0,104.721809112881,0.0028335635872992,3.960129030921478e-05,166.5871884456674,0.0029410787464956,4.567372651780926e-05,474.2466190336722,0.0030657288305326,6.019771904029734e-05,4530.160449566018,5.897841743526285,8887116733.350483,29700.30289880473,16996.86024310991,25625142556789.496,1.0,74.0,0.0,74.0,0.0,0.0,0.0,1.0,74.0,0.0,74.0,0.0,0.0,0.0,1.0,74.0,0.0,74.0,0.0,0.0,0.0,1.0,74.0,0.0,74.0,0.0,0.0,0.0,1.0,74.0,0.0,74.0,0.0,0.0,0.0
1.0,60.0,0.0,1.0,60.0,0.0,1.0,60.0,0.0,1.0,60.0,0.0,1.0,60.0,0.0,1.0,60.0,0.0,1.0,60.0,0.0,1.0,60.0,0.0,1.0,60.0,0.0,1.0,60.0,0.0,1.0,60.0,0.0,60.0,0.0,0.0,0.0,1.0,60.0,0.0,60.0,0.0,0.0,0.0,1.0,60.0,0.0,60.0,0.0,0.0,0.0,1.0,60.0,0.0,60.0,0.0,0.0,0.0,1.0,60.0,0.0,60.0,0.0,0.0,0.0,1.0,1505913431.285604,0.0,1.0,1505913431.285604,0.0,1.0,1505913431.285604,0.0,1.0,1505913431.285604,0.0,1.0,1505913431.285604,0.0,1.0,60.0,0.0,60.0,0.0,0.0,0.0,1.0,60.0,0.0,60.0,0.0,0.0,0.0,1.0,60.0,0.0,60.0,0.0,0.0,0.0,1.0,60.0,0.0,60.0,0.0,0.0,0.0,1.0,60.0,0.0,60.0,0.0,0.0,0.0
1.0,60.0,0.0,1.0,60.0,0.0,1.0,60.0,0.0,1.0,60.0,0.0,1.0,60.0,0.0,1.0,60.0,0.0,1.0,60.0,0.0,1.0,60.0,0.0,1.0,60.0,0.0,1.0,60.0,0.0,1.0,60.0,0.0,60.0,0.0,0.0,0.0,1.0,60.0,0.0,60.0,0.0,0.0,0.0,1.0,60.0,0.0,60.0,0.0,0.0,0.0,1.0,60.0,0.0,60.0,0.0,0.0,0.0,1.0,60.0,0.0,60.0,0.0,0.0,0.0,1.0,1505913451.828324,0.0,1.0,1505913451.828324,0.0,1.0,1505913451.828324,0.0,1.0,1505913451.828324,0.0,1.0,1505913451.828324,0.0,1.0,60.0,0.0,60.0,0.0,0.0,0.0,1.0,60.0,0.0,60.0,0.0,0.0,0.0,1.0,60.0,0.0,60.0,0.0,0.0,0.0,1.0,60.0,0.0,60.0,0.0,0.0,0.0,1.0,60.0,0.0,60.0,0.0,0.0,0.0
1.0,60.0,0.0,1.0,60.0,0.0,1.0,60.0,0.0,1.0,60.0,0.0,1.0,60.0,0.0,1.0,60.0,0.0,1.0,60.0,0.0,1.0,60.0,0.0,1.0,60.0,0.0,1.0,60.0,0.0,1.0,60.0,0.0,60.0,0.0,0.0,0.0,1.0,60.0,0.0,60.0,0.0,0.0,0.0,1.0,60.0,0.0,60.0,0.0,0.0,0.0,1.0,60.0,0.0,60.0,0.0,0.0,0.0,1.0,60.0,0.0,60.0,0.0,0.0,0.0,1.0,1505913428.32516,0.0,1.0,1505913428.32516,0.0,1.0,1505913428.32516,0.0,1.0,1505913428.32516,0.0,1.0,1505913428.32516,0.0,1.0,60.0,0.0,60.0,0.0,0.0,0.0,1.0,60.0,0.0,60.0,0.0,0.0,0.0,1.0,60.0,0.0,60.0,0.0,0.0,0.0,1.0,60.0,0.0,60.0,0.0,0.0,0.0,1.0,60.0,0.0,60.0,0.0,0.0,0.0
1.0,60.0,0.0,1.0,60.0,0.0,1.0,60.0,0.0,1.0,60.0,0.0,1.0,60.0,0.0,1.0,60.0,0.0,1.0,60.0,0.0,1.0,60.0,0.0,1.0,60.0,0.0,1.0,60.0,0.0,1.0,60.0,0.0,60.0,0.0,0.0,0.0,1.0,60.0,0.0,60.0,0.0,0.0,0.0,1.0,60.0,0.0,60.0,0.0,0.0,0.0,1.0,60.0,0.0,60.0,0.0,0.0,0.0,1.0,60.0,0.0,60.0,0.0,0.0,0.0,1.0,1505913472.03661,0.0,1.0,1505913472.03661,0.0,1.0,1505913472.03661,0.0,1.0,1505913472.03661,0.0,1.0,1505913472.03661,0.0,1.0,60.0,0.0,60.0,0.0,0.0,0.0,1.0,60.0,0.0,60.0,0.0,0.0,0.0,1.0,60.0,0.0,60.0,0.0,0.0,0.0,1.0,60.0,0.0,60.0,0.0,0.0,0.0,1.0,60.0,0.0,60.0,0.0,0.0,0.0
129.0311222345446,74.17717173490854,10.404000620785157,164.7780730157191,74.3342746871907,154.40786483164715,261.614432106599,77.63796716326625,2887.000912845949,1162.39691122547,79.95214862484117,4638.797996455329,6022.468340873915,77.25421535876139,2220.9933840085127,129.0311222345446,74.17717173490854,10.404000620785157,164.7780730157191,74.3342746871907,154.40786483164715,261.614432106599,77.63796716326625,2887.000912845949,1162.39691122547,79.95214862484117,4638.797996455329,6022.468340873915,77.25421535876139,2220.9933840085127,1.0,74.0,0.0,74.0,0.0,0.0,0.0,1.0,74.0,0.0,74.0,0.0,0.0,0.0,1.0,74.0,0.0,74.0,0.0,0.0,0.0,1.0,74.0,0.0,74.0,0.0,0.0,0.0,1.0,74.0,0.0,74.0,0.0,0.0,0.0,1.0,1505912913.289607,0.0,1.0,1505912913.289607,0.0,1.0,1505912913.289607,0.0,1.0,1505912913.289607,0.0,1.0,1505912913.289607,0.0,1.0,74.0,0.0,74.0,0.0,0.0,0.0,1.0,74.0,0.0,74.0,0.0,0.0,0.0,1.0,74.0,0.0,74.0,0.0,0.0,0.0,1.0,74.0,0.0,74.0,0.0,0.0,0.0,1.0,74.0,0.0,74.0,0.0,0.0,0.0
1.0,60.0,0.0,1.0,60.0,0.0,1.0,60.0,0.0,1.0,60.0,0.0,1.0,60.0,0.0,1.0,60.0,0.0,1.0,60.0,0.0,1.0,60.0,0.0,1.0,60.0,0.0,1.0,60.0,0.0,1.0,60.0,0.0,60.0,0.0,0.0,0.0,1.0,60.0,0.0,60.0,0.0,0.0,0.0,1.0,60.0,0.0,60.0,0.0,0.0,0.0,1.0,60.0,0.0,60.0,0.0,0.0,0.0,1.0,60.0,0.0,60.0,0.0,0.0,0.0,1.0,1505913475.653441,0.0,1.0,1505913475.653441,0.0,1.0,1505913475.653441,0.0,1.0,1505913475.653441,0.0,1.0,1505913475.653441,0.0,1.0,60.0,0.0,60.0,0.0,0.0,0.0,1.0,60.0,0.0,60.0,0.0,0.0,0.0,1.0,60.0,0.0,60.0,0.0,0.0,0.0,1.0,60.0,0.0,60.0,0.0,0.0,0.0,1.0,60.0,0.0,60.0,0.0,0.0,0.0
139.3477381836777,333.6855618460827,60296.88078895894,216.8136973667379,367.6742488239057,57327.63552922497,628.8209660990849,384.68710414708016,54973.657666375446,6371.281791404359,383.8736192325256,55096.32876940805,59734.108477625705,384.0742182516598,55065.25492688807,139.3477381836777,333.6855618460827,60296.88078895894,216.8136973667379,367.6742488239057,57327.63552922497,628.8209660990849,384.68710414708016,54973.657666375446,6371.281791404359,383.8736192325256,55096.32876940805,59734.108477625705,384.0742182516598,55065.25492688807,1.0,60.0,0.0,60.0,0.0,0.0,0.0,1.0,60.0,0.0,60.0,0.0,0.0,0.0,1.0,60.0,0.0,60.0,0.0,0.0,0.0,1.0,60.0,0.0,60.0,0.0,0.0,0.0,1.0,60.0,0.0,60.0,0.0,0.0,0.0,1.0,1507656306.026973,0.0,1.0,1507656306.026973,0.0,1.0,1507656306.026973,0.0,1.0,1507656306.026973,0.0,1.0,1507656306.026973,0.0,1.0,60.0,0.0,60.0,0.0,0.0,0.0,1.0,60.0,0.0,60.0,0.0,0.0,0.0,1.0,60.0,0.0,60.0,0.0,0.0,0.0,1.0,60.0,0.0,60.0,0.0,0.0,0.0,1.0,60.0,0.0,60.0,0.0,0.0,0.0
161.25661107662626,74.10869196885069,2.596800122723834,264.1048860755081,74.08379024633888,2.0053087846654307,788.295315605048,74.06157438116232,3.1733855226184464,7881.965160453064,74.19608292909581,101.3215728616251,27569.22423892851,74.37732503016312,251.87527816367125,161.25661107662626,74.10869196885069,2.596800122723834,264.1048860755081,74.08379024633888,2.0053087846654307,788.295315605048,74.06157438116232,3.1733855226184464,7881.965160453064,74.19608292909581,101.3215728616251,27569.22423892851,74.37732503016312,251.87527816367125,160.52630578905502,73.99999982291696,0.0015745350693912,95.2680427729662,2.479160684756478e-06,-3.096807025617558e-20,-6.874489675968018e-12,263.1826284145239,73.99997956236254,0.0169152743034614,95.26802703546488,0.0002861265047613,1.363331526895906e-18,2.608120764319718e-11,786.4410090148598,73.99868185270476,0.1358393338932524,95.26701903564422,0.0184523246325625,2.487306272478479e-16,4.957446151543922e-10,7863.031375981396,73.99744332041381,0.1891744635656165,95.26605700855816,0.0357869776653387,2.981824838828677e-16,4.9833706229949e-10,27488.65643304624,73.9979376516488,0.1699076915160086,95.2664409784326,0.0288686236362991,-1.1767048221341946e-15,-7.676140045478777e-10,160.52630578905502,0.0018554489763206,3.162038315485722e-05,263.18262841452406,0.0018598892462306,2.8857518885292215e-05,786.4410090148615,0.0018443282596288,0.0002456369769305,7863.031375981503,2346.9942251413795,3534363976466.297,27488.656433045293,35275.80364115179,53121090735301.81,1.0,74.0,0.0,95.26804291051644,0.0,0.0,0.0,1.0,74.0,0.0,95.26804291051644,0.0,0.0,0.0,1.0,74.0,0.0,95.26804291051644,0.0,0.0,0.0,1.02352835234512,74.0,0.0,95.26804291051644,0.0,0.0,0.0,1.6873202692067657,74.0,0.0,95.26804291051644,0.0,0.0,0.0
1.0,60.0,0.0,1.0,60.0,0.0,1.0,60.0,0.0,1.0,60.0,0.0,1.0,60.0,0.0,1.0,60.0,0.0,1.0,60.0,0.0,1.0,60.0,0.0,1.0,60.0,0.0,1.0,60.0,0.0,1.0,60.0,0.0,60.0,0.0,0.0,0.0,1.0,60.0,0.0,60.0,0.0,0.0,0.0,1.0,60.0,0.0,60.0,0.0,0.0,0.0,1.0,60.0,0.0,60.0,0.0,0.0,0.0,1.0,60.0,0.0,60.0,0.0,0.0,0.0,1.0,1505913542.385195,0.0,1.0,1505913542.385195,0.0,1.0,1505913542.385195,0.0,1.0,1505913542.385195,0.0,1.0,1505913542.385195,0.0,1.0,60.0,0.0,60.0,0.0,0.0,0.0,1.0,60.0,0.0,60.0,0.0,0.0,0.0,1.0,60.0,0.0,60.0,0.0,0.0,0.0,1.0,60.0,0.0,60.0,0.0,0.0,0.0,1.0,60.0,0.0,60.0,0.0,0.0,0.0
1.0,60.0,0.0,1.0,60.0,0.0,1.0,60.0,0.0,1.0,60.0,0.0,1.0,60.0,0.0,1.0,60.0,0.0,1.0,60.0,0.0,1.0,60.0,0.0,1.0,60.0,0.0,1.0,60.0,0.0,1.0,60.0,0.0,60.0,0.0,0.0,0.0,1.0,60.0,0.0,60.0,0.0,0.0,0.0,1.0,60.0,0.0,60.0,0.0,0.0,0.0,1.0,60.0,0.0,60.0,0.0,0.0,0.0,1.0,60.0,0.0,60.0,0.0,0.0,0.0,1.0,1505913572.313913,0.0,1.0,1505913572.313913,0.0,1.0,1505913572.313913,0.0,1.0,1505913572.313913,0.0,1.0,1505913572.313913,0.0,1.0,60.0,0.0,60.0,0.0,0.0,0.0,1.0,60.0,0.0,60.0,0.0,0.0,0.0,1.0,60.0,0.0,60.0,0.0,0.0,0.0,1.0,60.0,0.0,60.0,0.0,0.0,0.0,1.0,60.0,0.0,60.0,0.0,0.0,0.0
1.0,60.0,0.0,1.0,60.0,0.0,1.0,60.0,0.0,1.0,60.0,0.0,1.0,60.0,0.0,1.0,60.0,0.0,1.0,60.0,0.0,1.0,60.0,0.0,1.0,60.0,0.0,1.0,60.0,0.0,1.0,60.0,0.0,60.0,0.0,0.0,0.0,1.0,60.0,0.0,60.0,0.0,0.0,0.0,1.0,60.0,0.0,60.0,0.0,0.0,0.0,1.0,60.0,0.0,60.0,0.0,0.0,0.0,1.0,60.0,0.0,60.0,0.0,0.0,0.0,1.0,1505913551.66671,0.0,1.0,1505913551.66671,0.0,1.0,1505913551.66671,0.0,1.0,1505913551.66671,0.0,1.0,1505913551.66671,0.0,1.0,60.0,0.0,60.0,0.0,0.0,0.0,1.0,60.0,0.0,60.0,0.0,0.0,0.0,1.0,60.0,0.0,60.0,0.0,0.0,0.0,1.0,60.0,0.0,60.0,0.0,0.0,0.0,1.0,60.0,0.0,60.0,0.0,0.0,0.0
98.74378930746391,508.5356666910832,20392.37505138077,178.79374197077092,467.2317859996401,35334.77475452062,601.9620221340376,413.3504602204892,49698.51066165233,6394.997298802987,386.983402666605,54608.58781064976,51043.042854895655,383.48677651566527,55155.49021758157,98.74378930746391,508.5356666910832,20392.37505138077,178.79374197077092,467.2317859996401,35334.77475452062,601.9620221340376,413.3504602204892,49698.51066165233,6394.997298802987,386.983402666605,54608.58781064976,51043.042854895655,383.48677651566527,55155.49021758157,89.65609588811279,553.9999999988787,0.0007441691245481,553.9999999988787,5.537876859307289e-07,0.0,0.0,147.38966725619923,553.9999948667687,0.0503568879659833,553.9999948667687,0.0025358161656185,0.0,0.0,430.58534174913,553.9867755379373,2.5559165425464707,553.9867755379373,6.532709372462706,0.0,0.0,4233.505878892549,553.9203909713403,6.270607830171387,553.9203909713403,39.32052255980671,0.0,0.0,33426.974156026925,553.9539025651391,4.771792938579943,553.9539025651391,22.770007848681413,0.0,0.0,89.65609588811279,0.0032611529277168,1.4936534244685804e-05,147.38966725619923,0.003298074135896,2.4026806229839197e-05,430.58534174913,0.003367275541846,3.753738084021005e-05,4233.505878892549,0.0447451198868735,62317821.1158304,33426.974156026925,9134.318103104912,13771320183699.262,1.0,554.0,0.0,554.0,0.0,0.0,0.0,1.0,554.0,0.0,554.0,0.0,0.0,0.0,1.0,554.0,0.0,554.0,0.0,0.0,0.0,1.0,554.0,0.0,554.0,0.0,0.0,0.0,1.0,554.0,0.0,554.0,0.0,0.0,0.0
1.0,60.0,0.0,1.0,60.0,0.0,1.0,60.0,0.0,1.0,60.0,0.0,1.0,60.0,0.0,1.0,60.0,0.0,1.0,60.0,0.0,1.0,60.0,0.0,1.0,60.0,0.0,1.0,60.0,0.0,1.0,60.0,0.0,60.0,0.0,0.0,0.0,1.0,60.0,0.0,60.0,0.0,0.0,0.0,1.0,60.0,0.0,60.0,0.0,0.0,0.0,1.0,60.0,0.0,60.0,0.0,0.0,0.0,1.0,60.0,0.0,60.0,0.0,0.0,0.0,1.0,1505913447.74761,0.0,1.0,1505913447.74761,0.0,1.0,1505913447.74761,0.0,1.0,1505913447.74761,0.0,1.0,1505913447.74761,0.0,1.0,60.0,0.0,60.0,0.0,0.0,0.0,1.0,60.0,0.0,60.0,0.0,0.0,0.0,1.0,60.0,0.0,60.0,0.0,0.0,0.0,1.0,60.0,0.0,60.0,0.0,0.0,0.0,1.0,60.0,0.0,60.0,0.0,0.0,0.0
149.60316614985717,329.0591220725023,63747.81656667562,240.1437158408548,340.3211711312612,63253.18854337234,673.8355395228602,371.68788726525145,60548.99142042626,6382.45255648943,389.89861953626274,58088.55224296884,31310.84209398516,391.16194231894224,57895.48799360005,149.60316614985717,329.0591220725023,63747.81656667562,240.1437158408548,340.3211711312612,63253.18854337234,673.8355395228602,371.68788726525145,60548.99142042626,6382.45255648943,389.89861953626274,58088.55224296884,31310.84209398516,391.16194231894224,57895.48799360005,79.54747534826255,565.9999999999999,0.0,565.9999999999999,0.0,0.0,0.0,133.02857167628858,566.0000000000002,7.62939453125e-06,566.0000000000002,5.820766091346741e-11,0.0,0.0,415.02612236998175,565.9999999999999,2.1579186437577742e-05,565.9999999999999,4.656612873077394e-10,0.0,0.0,4161.036925393632,565.9952921429973,1.5434226512247766,565.9952921429973,2.3821534803137183,0.0,0.0,20492.689165856344,565.969571740337,3.923744832454808,565.969571740337,15.395773510215804,0.0,0.0,79.54747534826255,0.0040136238795448,0.0002515418911188,133.02857167628858,0.0038084378709262,0.0001926332355677,415.02612236998175,0.0035180421854822,0.0001123524955275,4161.036925393632,397.80099158820434,599742424837.0237,20492.689165856344,37218.595557524415,56111519375199.35,1.0,566.0,0.0,566.0,0.0,0.0,0.0,1.0,566.0,0.0,566.0,0.0,0.0,0.0,1.0,566.0,0.0,566.0,0.0,0.0,0.0,1.0,566.0,0.0,566.0,0.0,0.0,0.0,1.0,566.0,0.0,566.0,0.0,0.0,0.0
178.6696689775246,74.03403054519748,0.8155750111636735,287.7379996186238,74.04080038300309,0.9775997930946688,831.5405212040448,74.04554170012388,1.8023272136097148,6957.000847322684,74.08960429959603,17.681915443435173,13646.23904363698,74.09365378484084,20.45663753462395,178.6696689775246,74.03403054519748,0.8155750111636735,287.7379996186238,74.04080038300309,0.9775997930946688,831.5405212040448,74.04554170012388,1.8023272136097148,6957.000847322684,74.08960429959603,17.681915443435173,13646.23904363698,74.09365378484084,20.45663753462395,178.41632621599442,73.99999999999997,2.3360154559928683e-06,95.2680429105164,6.101075935020497e-12,5.342086558088547e-28,1.3844411347481816e-16,287.2488369656301,73.99999999999993,2.3360154559928683e-06,95.26804291051644,9.837689346015368e-12,-5.940747374158992e-28,-8.888818354669247e-17,830.0266495023045,73.99999997440838,0.0005985687294096,95.268042890638,3.5828452382702386e-07,-3.266869524086104e-21,0.0,6936.884662640271,73.99901372770672,0.1175025079223595,95.26727681986767,0.0138068393680441,2.4319614218571707e-16,4.340496939129666e-10,13604.315789924442,73.99821235345658,0.1581893039745706,95.26665435244,0.0250238558919591,4.2657416250246044e-16,4.5277771287222854e-10,178.4163262159943,0.0016522577377393,1.885330741693056e-05,287.2488369656299,0.0017001245387234,2.339364807608258e-05,830.0266495023088,0.0446144870902186,64549892.77588485,6936.884662640321,37495.08985553361,56462965711060.77,13604.315789924292,92866.11920288485,139839746099908.3,1.0,74.0,0.0,74.0,0.0,0.0,0.0,1.0,74.0,0.0,74.0,0.0,0.0,0.0,1.0,74.0,0.0,74.0,0.0,0.0,0.0,1.0,74.0,0.0,74.0,0.0,0.0,0.0,1.0,74.0,0.0,74.0,0.0,0.0,0.0
127.79688527664943,272.08233931607344,62334.744913564144,205.2212948446296,326.7462631130914,63820.02552361676,620.0695761778408,376.315852637608,59999.21174361958,6309.579402058029,390.10615851559487,58060.40582602112,34937.05600533335,391.19335084239486,57891.16770136621,127.79688527664943,272.08233931607344,62334.744913564144,205.2212948446296,326.7462631130914,63820.02552361676,620.0695761778408,376.315852637608,59999.21174361958,6309.579402058029,390.10615851559487,58060.40582602112,34937.05600533335,391.19335084239486,57891.16770136621,1.0,60.0,0.0,60.0,0.0,0.0,0.0,1.0,60.0,0.0,60.0,0.0,0.0,0.0,1.0,60.0,0.0,60.0,0.0,0.0,0.0,1.0,60.0,0.0,60.0,0.0,0.0,0.0,1.0,60.0,0.0,60.0,0.0,0.0,0.0,1.0,1507658022.109062,0.0,1.0,1507658022.109062,0.0,1.0,1507658022.109062,0.0,1.0,1507658022.109062,0.0,1.0,1507658022.109062,0.0,1.0,60.0,0.0,60.0,0.0,0.0,0.0,1.0,60.0,0.0,60.0,0.0,0.0,0.0,1.0,60.0,0.0,60.0,0.0,0.0,0.0,1.0,60.0,0.0,60.0,0.0,0.0,0.0,1.0,60.0,0.0,60.0,0.0,0.0,0.0
167.57240100477802,74.16250471334328,16.138343168079697,235.86115605106423,74.30426803883509,160.44445654073115,483.24091003585465,76.13229966696385,1697.6137577986276,6477.348001115779,74.72258950148763,554.7050471558641,18971.37336134805,74.33710537602767,230.4974217313511,167.57240100477802,74.16250471334328,16.138343168079697,235.86115605106423,74.30426803883509,160.44445654073115,483.24091003585465,76.13229966696385,1697.6137577986276,6477.348001115779,74.72258950148763,554.7050471558641,18971.37336134805,74.33710537602767,230.4974217313511,1.0290471577039118,97.99999959994472,0.0038989870809914,138.59291939886558,0.0005070409235312,6.311007071502363e-06,0.0718990259938758,1.1333669864652145,97.9994424599564,0.1455548377912746,138.58930298916522,0.1749499876552475,0.0101758006270304,0.1677602238122703,1.9855097278912373,97.51149847992284,4.280703683719852,137.55949534764753,40.43891959421165,12.54076649950711,0.4879361904191285,14.472002016237877,96.18050688534407,8.113580169237558,135.91909134416173,96.160460943951,59.41837361771756,0.8747151499221973,37.38079876801081,97.02004854354897,6.023109702482207,137.14503492484792,51.57932229849462,34.26973057546341,0.9396417590318672,1.0290471577039118,1.0293543457516878,3.585214001233793e-07,1.1333669864652145,1.0290826716535075,1.7368580511378795e-05,1.985509727891238,1.0156152087462542,227896.2664400121,14.472002016237877,5588206.913466512,8384128510515466.0,37.38079876801083,30071261.43795116,4.438044603990019e+16,1.0290471468703388,98.0,1.3486991523486091e-06,138.59292911256335,4.067383956680332e-12,1.1298717182136854e-29,4.3922188455984155e-18,1.1333503575841866,98.0,0.0,138.5929291125633,1.8189894035458565e-12,6.352046910331258e-32,0.0,1.9599853984122133,98.0,0.0,138.5929291125633,1.8189894035458565e-12,2.588962871552156e-41,0.0,13.7790623314002,98.0,2.3360154559928683e-06,138.5929291125633,5.752149554916067e-12,2.7512408579168975e-29,8.732484349976996e-18,36.416815394431424,98.00000000000009,3.015782985847835e-06,138.59292911256335,1.1647215137477994e-11,-1.756115220983284e-27,-2.15877728742453e-16
171.26259252792812,74.03855705316347,0.9239979451585896,280.44782338501545,74.04417790379804,1.0945865636249437,824.4477419108113,74.07061144321837,8.070361465943279,4406.686803223427,74.12274668316802,22.99444659269648,6117.257073603098,74.1199305519553,22.05643224611413,171.26259252792812,74.03855705316347,0.9239979451585896,280.44782338501545,74.04417790379804,1.0945865636249437,824.4477419108113,74.07061144321837,8.070361465943279,4406.686803223427,74.12274668316802,22.99444659269648,6117.257073603098,74.1199305519553,22.05643224611413,170.9874548709814,73.99999999995845,2.401290571596941e-05,95.26804291048416,5.766311170836739e-10,2.082167385268745e-24,4.546119436773497e-14,279.9332377309006,73.99999982513786,0.0015646302404636,95.2680427746913,2.448067789377677e-06,8.203913579486986e-21,2.4588060220289767e-12,822.8219477255087,73.9995900838921,0.0757539271404154,95.26772450617298,0.0057386574771953,-3.5893492567728136e-17,-1.704123311236246e-10,4394.90995217484,73.99590464671724,0.2394121425437176,95.26486185622744,0.0573181739973733,1.875517944980004e-15,1.8367919444072342e-09,6100.04990256724,73.99560829696065,0.2479204620670111,95.26463167008669,0.0614645555115203,-1.3559322778838036e-15,-9.183182945269755e-10,170.98745487098137,0.0017330757370714,0.0957800342726428,279.93323773090106,0.0020304048593094,420397.0779602048,822.8219477255119,682.6530926243029,1028013945286.9514,4394.909952174845,155603.99460939135,234302068782851.2,6100.049902567208,228130.8006818353,343493393734350.6,1.0,74.0,0.0,74.0,0.0,0.0,0.0,1.0,74.0,0.0,74.0,0.0,0.0,0.0,1.0,74.0,0.0,74.0,0.0,0.0,0.0,1.0,74.0,0.0,74.0,0.0,0.0,0.0,1.0,74.0,0.0,74.0,0.0,0.0,0.0
139.06795968558376,73.51059747857431,6.620516309719277,246.22042818455787,72.86337640454414,14.651067893913932,721.116018041642,71.73713032052771,26.627876527137232,6350.739896585976,70.76608279528993,35.385073219120386,19319.4900759092,70.69130824315509,35.97265836755014,139.06795968558376,73.51059747857431,6.620516309719277,246.22042818455787,72.86337640454414,14.651067893913932,721.116018041642,71.73713032052771,26.627876527137232,6350.739896585976,70.76608279528993,35.385073219120386,19319.4900759092,70.69130824315509,35.97265836755014,134.19261620056693,73.9999999999999,1.6518123698891422e-06,73.9999999999999,2.7284841053187847e-12,0.0,0.0,226.14176105263888,73.99999999616143,0.0002318331067843,73.99999999616143,5.37465894012712e-08,0.0,0.0,603.9776651233369,73.99990733926846,0.0360172408562173,73.99990733926846,0.0012972416388947,0.0,0.0,4867.539181142289,73.99699364698158,0.2051338686728068,73.99699364698158,0.0420799040766723,0.0,0.0,14691.479953385571,73.99682217407434,0.2109015514274344,73.99682217407434,0.0444794643944987,0.0,0.0,134.19261620056693,0.0021910832323819,1.9322700820668783e-05,226.14176105263888,0.0021517689191144,2.000816270539912e-05,603.9776651233369,0.0023996733628247,2.3583340432589748,4867.539181142289,9347.486931566673,14092712941591.371,14691.479953385571,72311.47133772423,109015666868042.58,1.0,74.0,0.0,74.0,0.0,0.0,0.0,1.0,74.0,0.0,74.0,0.0,0.0,0.0,1.0,74.0,0.0,74.0,0.0,0.0,0.0,1.0,74.0,0.0,74.0,0.0,0.0,0.0,1.0,74.0,0.0,74.0,0.0,0.0,0.0
1.0,60.0,0.0,1.0,60.0,0.0,1.0,60.0,0.0,1.0,60.0,0.0,1.0,60.0,0.0,1.0,60.0,0.0,1.0,60.0,0.0,1.0,60.0,0.0,1.0,60.0,0.0,1.0,60.0,0.0,1.0,60.0,0.0,60.0,0.0,0.0,0.0,1.0,60.0,0.0,60.0,0.0,0.0,0.0,1.0,60.0,0.0,60.0,0.0,0.0,0.0,1.0,60.0,0.0,60.0,0.0,0.0,0.0,1.0,60.0,0.0,60.0,0.0,0.0,0.0,1.0,1505913461.057549,0.0,1.0,1505913461.057549,0.0,1.0,1505913461.057549,0.0,1.0,1505913461.057549,0.0,1.0,1505913461.057549,0.0,1.0,60.0,0.0,60.0,0.0,0.0,0.0,1.0,60.0,0.0,60.0,0.0,0.0,0.0,1.0,60.0,0.0,60.0,0.0,0.0,0.0,1.0,60.0,0.0,60.0,0.0,0.0,0.0,1.0,60.0,0.0,60.0,0.0,0.0,0.0
147.8197085185779,66.96408905758311,48.99871842041648,228.2280723001573,68.21391027906326,47.526648971504976,661.105889395417,69.187467639671,44.21842472696062,6653.99690304779,69.38075131489917,43.42698159149677,51358.57646515961,69.3865462881913,43.45715449826184,147.8197085185779,66.96408905758311,48.99871842041648,228.2280723001573,68.21391027906326,47.526648971504976,661.105889395417,69.187467639671,44.21842472696062,6653.99690304779,69.38075131489917,43.42698159149677,51358.57646515961,69.3865462881913,43.45715449826184,1.0,60.0,0.0,60.0,0.0,0.0,0.0,1.0,60.0,0.0,60.0,0.0,0.0,0.0,1.0,60.0,0.0,60.0,0.0,0.0,0.0,1.0,60.0,0.0,60.0,0.0,0.0,0.0,1.0,60.0,0.0,60.0,0.0,0.0,0.0,1.0,1507657271.65409,0.0,1.0,1507657271.65409,0.0,1.0,1507657271.65409,0.0,1.0,1507657271.65409,0.0,1.0,1507657271.65409,0.0,1.0,60.0,0.0,60.0,0.0,0.0,0.0,1.0,60.0,0.0,60.0,0.0,0.0,0.0,1.0,60.0,0.0,60.0,0.0,0.0,0.0,1.0,60.0,0.0,60.0,0.0,0.0,0.0,1.0,60.0,0.0,60.0,0.0,0.0,0.0
125.56806133935687,376.38607628560754,59991.205331620375,200.8095573008292,401.6914849333994,56142.818922262464,608.3751001491837,402.5488490793298,55989.11467832423,6268.258933458458,392.6076017486389,57667.44893314727,24973.438724778644,391.7563255559232,57802.805631825584,125.56806133935687,376.38607628560754,59991.205331620375,200.8095573008292,401.6914849333994,56142.818922262464,608.3751001491837,402.5488490793298,55989.11467832423,6268.258933458458,392.6076017486389,57667.44893314727,24973.438724778644,391.7563255559232,57802.805631825584,1.0,60.0,0.0,60.0,0.0,0.0,0.0,1.0,60.0,0.0,60.0,0.0,0.0,0.0,1.0,60.0,0.0,60.0,0.0,0.0,0.0,1.0,60.0,0.0,60.0,0.0,0.0,0.0,1.0,60.0,0.0,60.0,0.0,0.0,0.0,1.0,1507657978.537696,0.0,1.0,1507657978.537696,0.0,1.0,1507657978.537696,0.0,1.0,1507657978.537696,0.0,1.0,1507657978.537696,0.0,1.0,60.0,0.0,60.0,0.0,0.0,0.0,1.0,60.0,0.0,60.0,0.0,0.0,0.0,1.0,60.0,0.0,60.0,0.0,0.0,0.0,1.0,60.0,0.0,60.0,0.0,0.0,0.0,1.0,60.0,0.0,60.0,0.0,0.0,0.0
1.0,60.0,0.0,1.0,60.0,0.0,1.0,60.0,0.0,1.0,60.0,0.0,1.0,60.0,0.0,1.0,60.0,0.0,1.0,60.0,0.0,1.0,60.0,0.0,1.0,60.0,0.0,1.0,60.0,0.0,1.0,60.0,0.0,60.0,0.0,0.0,0.0,1.0,60.0,0.0,60.0,0.0,0.0,0.0,1.0,60.0,0.0,60.0,0.0,0.0,0.0,1.0,60.0,0.0,60.0,0.0,0.0,0.0,1.0,60.0,0.0,60.0,0.0,0.0,0.0,1.0,1505913553.650315,0.0,1.0,1505913553.650315,0.0,1.0,1505913553.650315,0.0,1.0,1505913553.650315,0.0,1.0,1505913553.650315,0.0,1.0,60.0,0.0,60.0,0.0,0.0,0.0,1.0,60.0,0.0,60.0,0.0,0.0,0.0,1.0,60.0,0.0,60.0,0.0,0.0,0.0,1.0,60.0,0.0,60.0,0.0,0.0,0.0,1.0,60.0,0.0,60.0,0.0,0.0,0.0
1.0,60.0,0.0,1.0,60.0,0.0,1.0,60.0,0.0,1.0,60.0,0.0,1.0,60.0,0.0,1.0,60.0,0.0,1.0,60.0,0.0,1.0,60.0,0.0,1.0,60.0,0.0,1.0,60.0,0.0,1.0,60.0,0.0,60.0,0.0,0.0,0.0,1.0,60.0,0.0,60.0,0.0,0.0,0.0,1.0,60.0,0.0,60.0,0.0,0.0,0.0,1.0,60.0,0.0,60.0,0.0,0.0,0.0,1.0,60.0,0.0,60.0,0.0,0.0,0.0,1.0,1505913574.632678,0.0,1.0,1505913574.632678,0.0,1.0,1505913574.632678,0.0,1.0,1505913574.632678,0.0,1.0,1505913574.632678,0.0,1.0,60.0,0.0,60.0,0.0,0.0,0.0,1.0,60.0,0.0,60.0,0.0,0.0,0.0,1.0,60.0,0.0,60.0,0.0,0.0,0.0,1.0,60.0,0.0,60.0,0.0,0.0,0.0,1.0,60.0,0.0,60.0,0.0,0.0,0.0
101.40612720834709,501.79003647682816,28362.09847013457,182.7100915708276,458.2804228621872,42889.730785610736,605.8289012677586,412.2913668686661,54132.79714619674,6317.7477323575,394.0353480929965,57436.68718420729,40621.4141350527,391.6749952784854,57815.274634424335,101.40612720834709,501.79003647682816,28362.09847013457,182.7100915708276,458.2804228621872,42889.730785610736,605.8289012677586,412.2913668686661,54132.79714619674,6317.7477323575,394.0353480929965,57436.68718420729,40621.4141350527,391.6749952784854,57815.274634424335,88.53569182708875,566.0,7.62939453125e-06,566.0,5.820766091346741e-11,0.0,0.0,143.80379273150118,566.0,1.52587890625e-05,566.0,2.3283064365386963e-10,0.0,0.0,421.7495205839385,565.9999999999994,2.1579186437577742e-05,565.9999999999994,4.656612873077394e-10,0.0,0.0,4170.540716664101,565.9956620880946,1.4815412942235258,565.9956620880946,2.1949646064895205,0.0,0.0,26627.59988810453,565.9698973516753,3.9026957198925984,565.9698973516753,15.231033882068006,0.0,0.0,88.53569182708875,0.0033505390391539,4.812304162151486e-05,143.80379273150118,0.0034216562915802,6.924340385915826e-05,421.7495205839385,0.003451743064335,7.996362029863192e-05,4170.540716664101,12.188090574317368,18370251018.75936,26627.59988810453,20218.13284767913,30481613808095.24,1.0,566.0,0.0,566.0,0.0,0.0,0.0,1.0,566.0,0.0,566.0,0.0,0.0,0.0,1.0,566.0,0.0,566.0,0.0,0.0,0.0,1.0,566.0,0.0,566.0,0.0,0.0,0.0,1.0,566.0,0.0,566.0,0.0,0.0,0.0
1.0,60.0,0.0,1.0,60.0,0.0,1.0,60.0,0.0,1.0,60.0,0.0,1.0,60.0,0.0,1.0,60.0,0.0,1.0,60.0,0.0,1.0,60.0,0.0,1.0,60.0,0.0,1.0,60.0,0.0,1.0,60.0,0.0,60.0,0.0,0.0,0.0,1.0,60.0,0.0,60.0,0.0,0.0,0.0,1.0,60.0,0.0,60.0,0.0,0.0,0.0,1.0,60.0,0.0,60.0,0.0,0.0,0.0,1.0,60.0,0.0,60.0,0.0,0.0,0.0,1.0,1505913470.502927,0.0,1.0,1505913470.502927,0.0,1.0,1505913470.502927,0.0,1.0,1505913470.502927,0.0,1.0,1505913470.502927,0.0,1.0,60.0,0.0,60.0,0.0,0.0,0.0,1.0,60.0,0.0,60.0,0.0,0.0,0.0,1.0,60.0,0.0,60.0,0.0,0.0,0.0,1.0,60.0,0.0,60.0,0.0,0.0,0.0,1.0,60.0,0.0,60.0,0.0,0.0,0.0
98.62634401449507,527.1362791738037,12549.018328081467,164.4802742942887,484.85985791040514,29374.84721579853,557.3860853467547,416.9079239832882,48928.1637262443,6238.632890826179,385.3008647961349,54875.27601940205,30659.939400149186,382.76830576342536,55265.16814640921,98.62634401449507,527.1362791738037,12549.018328081467,164.4802742942887,484.85985791040514,29374.84721579853,557.3860853467547,416.9079239832882,48928.1637262443,6238.632890826179,385.3008647961349,54875.27601940205,30659.939400149186,382.76830576342536,55265.16814640921,93.26304315223904,553.9999999999999,1.0789593218788871e-05,553.9999999999999,1.1641532182693479e-10,0.0,0.0,141.45963121022888,553.9999999999994,2.1579186437577742e-05,553.9999999999994,4.656612873077394e-10,0.0,0.0,402.7009080609497,554.0,7.62939453125e-06,554.0,5.820766091346741e-11,0.0,0.0,4108.144288823722,553.9935448920328,1.7857160094794482,553.9935448920328,3.188781666511204,0.0,0.0,20033.37492193145,553.9685859287429,3.939233980980201,553.9685859287429,15.517564356909132,0.0,0.0,93.26304315223904,0.0033734172970917,0.0001701767213347,141.45963121022888,0.0035849475393391,0.0001805092039853,402.7009080609497,0.0036409647269112,0.0001609059964999,4108.144288823722,516.4693512831642,778652517390.0486,20033.37492193145,39028.93168032498,58840671610505.89,1.0,554.0,0.0,554.0,0.0,0.0,0.0,1.0,554.0,0.0,554.0,0.0,0.0,0.0,1.0,554.0,0.0,554.0,0.0,0.0,0.0,1.0,554.0,0.0,554.0,0.0,0.0,0.0,1.0,554.0,0.0,554.0,0.0,0.0,0.0
138.92681001881732,360.3102716324679,61770.73817487893,216.0368816726485,391.67893340938485,57818.61736343456,632.1095932874922,401.008627488311,56261.96941698951,6341.152384251986,393.38728890740174,57542.50745997106,41185.53275567221,391.6067990148771,57826.14799645564,138.92681001881732,360.3102716324679,61770.73817487893,216.0368816726485,391.67893340938485,57818.61736343456,632.1095932874922,401.008627488311,56261.96941698951,6341.152384251986,393.38728890740174,57542.50745997106,41185.53275567221,391.6067990148771,57826.14799645564,1.0,60.0,0.0,60.0,0.0,0.0,0.0,1.0,60.0,0.0,60.0,0.0,0.0,0.0,1.0,60.0,0.0,60.0,0.0,0.0,0.0,1.0,60.0,0.0,60.0,0.0,0.0,0.0,1.0,60.0,0.0,60.0,0.0,0.0,0.0,1.0,1507658058.07369,0.0,1.0,1507658058.07369,0.0,1.0,1507658058.07369,0.0,1.0,1507658058.07369,0.0,1.0,1507658058.07369,0.0,1.0,60.0,0.0,60.0,0.0,0.0,0.0,1.0,60.0,0.0,60.0,0.0,0.0,0.0,1.0,60.0,0.0,60.0,0.0,0.0,0.0,1.0,60.0,0.0,60.0,0.0,0.0,0.0,1.0,60.0,0.0,60.0,0.0,0.0,0.0
172.12798339444424,74.05144084269863,8.794661044527857,279.4729537233046,74.12007508538403,35.59676546942683,747.7521106575579,74.54560238487619,339.719535519228,5472.774807305235,74.80763165007481,594.7656500568963,11530.07337773692,74.53790703518732,376.5774866646489,172.12798339444424,74.05144084269863,8.794661044527857,279.4729537233046,74.12007508538403,35.59676546942683,747.7521106575579,74.54560238487619,339.719535519228,5472.774807305235,74.80763165007481,594.7656500568963,11530.07337773692,74.53790703518732,376.5774866646489,171.87084697524432,73.99999999999999,1.3486991523486091e-06,95.2680429105164,4.067383956680332e-12,3.135215704748392e-28,1.2187714128452646e-16,278.8094560482411,74.00000000000007,2.132480599880018e-06,95.26804291051648,4.897778860262863e-12,-8.264269854286309e-27,-2.873454445294546e-15,744.360081321587,73.99999998092504,0.0005167946953621,95.26804289569988,2.67076757230308e-07,-3.664987279607301e-21,-2.810640614975641e-12,5450.715289625585,73.998794375574,0.1299126183873359,95.26710643783838,0.0168772884162535,3.749022438113706e-16,4.5618424131079717e-10,11490.426599611092,73.99789199023064,0.1717780341065343,95.2664055110608,0.0295076930015056,-1.9487417646244023e-15,-1.6496237709509744e-09,171.87084697524415,0.0017093822347913,1.5327507538770083e-05,278.8094560482412,0.0017489753723027,2.563588927011356e-05,744.3600813215895,0.0338400805125343,47836987.9449681,5450.715289625641,45808.009898683405,68980836429008.34,11490.426599611066,109502.38613233015,164889217714581.5,1.0,74.0,0.0,74.0,0.0,0.0,0.0,1.0,74.0,0.0,74.0,0.0,0.0,0.0,1.0,74.0,0.0,74.0,0.0,0.0,0.0,1.0,74.0,0.0,74.0,0.0,0.0,0.0,1.0,74.0,0.0,74.0,0.0,0.0,0.0
151.11434505784774,309.9248457377664,60986.66183038938,226.7905595292266,350.4021325236444,59110.1838303742,639.5449014627391,376.8621293666922,56119.51201022408,6429.845697235406,383.03921480311936,55223.94541051294,49251.74451709991,382.9308532129588,55240.24849826135,151.11434505784774,309.9248457377664,60986.66183038938,226.7905595292266,350.4021325236444,59110.1838303742,639.5449014627391,376.8621293666922,56119.51201022408,6429.845697235406,383.03921480311936,55223.94541051294,49251.74451709991,382.9308532129588,55240.24849826135,1.0,60.0,0.0,60.0,0.0,0.0,0.0,1.0,60.0,0.0,60.0,0.0,0.0,0.0,1.0,60.0,0.0,60.0,0.0,0.0,0.0,1.0,60.0,0.0,60.0,0.0,0.0,0.0,1.0,60.0,0.0,60.0,0.0,0.0,0.0,1.0,1507656136.733282,0.0,1.0,1507656136.733282,0.0,1.0,1507656136.733282,0.0,1.0,1507656136.733282,0.0,1.0,1507656136.733282,0.0,1.0,60.0,0.0,60.0,0.0,0.0,0.0,1.0,60.0,0.0,60.0,0.0,0.0,0.0,1.0,60.0,0.0,60.0,0.0,0.0,0.0,1.0,60.0,0.0,60.0,0.0,0.0,0.0,1.0,60.0,0.0,60.0,0.0,0.0,0.0
1.0,60.0,0.0,1.0,60.0,0.0,1.0,60.0,0.0,1.0,60.0,0.0,1.0,60.0,0.0,1.0,60.0,0.0,1.0,60.0,0.0,1.0,60.0,0.0,1.0,60.0,0.0,1.0,60.0,0.0,1.0,60.0,0.0,60.0,0.0,0.0,0.0,1.0,60.0,0.0,60.0,0.0,0.0,0.0,1.0,60.0,0.0,60.0,0.0,0.0,0.0,1.0,60.0,0.0,60.0,0.0,0.0,0.0,1.0,60.0,0.0,60.0,0.0,0.0,0.0,1.0,1505913535.136651,0.0,1.0,1505913535.136651,0.0,1.0,1505913535.136651,0.0,1.0,1505913535.136651,0.0,1.0,1505913535.136651,0.0,1.0,60.0,0.0,60.0,0.0,0.0,0.0,1.0,60.0,0.0,60.0,0.0,0.0,0.0,1.0,60.0,0.0,60.0,0.0,0.0,0.0,1.0,60.0,0.0,60.0,0.0,0.0,0.0,1.0,60.0,0.0,60.0,0.0,0.0,0.0
161.99884574641442,66.53274262126794,48.7816705420155,256.975820626626,67.33277654760947,48.8892597592594,709.3859380645497,68.61718492960007,46.38594093672782,6673.583571444753,69.28404402940144,43.93593104394768,50598.44971095752,69.37362905955732,43.52855549457036,161.99884574641442,66.53274262126794,48.7816705420155,256.975820626626,67.33277654760947,48.8892597592594,709.3859380645497,68.61718492960007,46.38594093672782,6673.583571444753,69.28404402940144,43.93593104394768,50598.44971095752,69.37362905955732,43.52855549457036,75.59262601455724,74.00000000000001,0.0,74.00000000000001,0.0,0.0,0.0,134.5961621714023,73.99999999999993,2.132480599880018e-06,73.99999999999993,4.547473508864642e-12,0.0,0.0,436.6324540495792,73.99999999994354,2.817780819453079e-05,73.99999999994354,7.939888746477664e-10,0.0,0.0,4422.6422494791,73.9992974719903,0.0991710573857722,73.9992974719903,0.0098348986230121,0.0,0.0,33855.704984314296,73.99807520378955,0.1641445771147207,73.99807520378955,0.0269434421961705,0.0,0.0,75.59262601455724,0.0040225282513206,0.0001116894996224,134.5961621714023,0.0036808747735457,9.611057054266604e-05,436.6324540495792,0.0033377008400735,8.810076307091761e-05,4422.6422494791,0.2218774986487613,329591634.2706622,33855.704984314296,10699.811362009748,16131526759650.535,1.0,74.0,0.0,74.0,0.0,0.0,0.0,1.0,74.0,0.0,74.0,0.0,0.0,0.0,1.0,74.0,0.0,74.0,0.0,0.0,0.0,1.0,74.0,0.0,74.0,0.0,0.0,0.0,1.0,74.0,0.0,74.0,0.0,0.0,0.0
145.15393577446687,351.40571144497613,62533.928602936736,238.4379910103825,354.29567478737886,62303.05966162715,672.3732515476869,375.3311091386486,60120.84776720771,6360.496511153116,389.3544905532584,58175.34139931612,34620.56493266764,391.0465961002841,57914.01586235032,145.15393577446687,351.40571144497613,62533.928602936736,238.4379910103825,354.29567478737886,62303.05966162715,672.3732515476869,375.3311091386486,60120.84776720771,6360.496511153116,389.3544905532584,58175.34139931612,34620.56493266764,391.0465961002841,57914.01586235032,83.59419846566206,566.0000000000001,1.3214498959113138e-05,566.0000000000001,1.7462298274040222e-10,0.0,0.0,138.67781503371828,565.9999999999989,3.0517578125e-05,565.9999999999989,9.313225746154783e-10,0.0,0.0,419.00423568314926,565.9999351715157,0.1811165621666639,565.9999351715157,0.032803209091071,0.0,0.0,4140.325739858087,565.9527086403458,4.8915428558742855,565.9527086403458,23.927191510854755,0.0,0.0,22651.70770051731,565.9550975435333,4.766406061245687,565.9550975435333,22.718626740679607,0.0,0.0,83.59419846566206,0.0035966900963381,7.833615056119496e-05,138.67781503371828,0.0035534181057395,7.423943652377686e-05,419.00423568314926,0.003469759555589,6.605881175942519e-05,4140.325739858087,132.8387422538527,200270106350.3392,22651.70770051731,30158.269417201507,45467438546244.41,1.0,566.0,0.0,566.0,0.0,0.0,0.0,1.0,566.0,0.0,566.0,0.0,0.0,0.0,1.0,566.0,0.0,566.0,0.0,0.0,0.0,1.0,566.0,0.0,566.0,0.0,0.0,0.0,1.0,566.0,0.0,566.0,0.0,0.0,0.0
116.75406062971524,323.9025702146604,60723.30312013861,173.3479020746056,376.2471931967593,56213.82623195247,498.8801330606959,420.49092350443766,48128.67491505991,5328.354840203555,409.7540481247133,50414.84707671581,27117.615350694497,397.7574953102376,52735.72630745642,116.75406062971524,323.9025702146604,60723.30312013861,173.3479020746056,376.2471931967593,56213.82623195247,498.8801330606959,420.49092350443766,48128.67491505991,5328.354840203555,409.7540481247133,50414.84707671581,27117.615350694497,397.7574953102376,52735.72630745642,1.0,60.0,0.0,60.0,0.0,0.0,0.0,1.0,60.0,0.0,60.0,0.0,0.0,0.0,1.0,60.0,0.0,60.0,0.0,0.0,0.0,1.0,60.0,0.0,60.0,0.0,0.0,0.0,1.0,60.0,0.0,60.0,0.0,0.0,0.0,1.0,1507659422.329381,0.0,1.0,1507659422.329381,0.0,1.0,1507659422.329381,0.0,1.0,1507659422.329381,0.0,1.0,1507659422.329381,0.0,1.0,60.0,0.0,60.0,0.0,0.0,0.0,1.0,60.0,0.0,60.0,0.0,0.0,0.0,1.0,60.0,0.0,60.0,0.0,0.0,0.0,1.0,60.0,0.0,60.0,0.0,0.0,0.0,1.0,60.0,0.0,60.0,0.0,0.0,0.0
158.81223748751512,319.5951655989776,60850.36167258147,238.32313436756576,360.750594865482,58119.851376412335,671.82487055682,386.8410546870371,54632.385871876126,6503.144719416218,385.54846735566,54834.783250631066,48058.38823653863,383.1238141217698,55210.71458077522,158.81223748751512,319.5951655989776,60850.36167258147,238.32313436756576,360.750594865482,58119.851376412335,671.82487055682,386.8410546870371,54632.385871876126,6503.144719416218,385.54846735566,54834.783250631066,48058.38823653863,383.1238141217698,55210.71458077522,1.0,60.0,0.0,60.0,0.0,0.0,0.0,1.0,60.0,0.0,60.0,0.0,0.0,0.0,1.0,60.0,0.0,60.0,0.0,0.0,0.0,1.0,60.0,0.0,60.0,0.0,0.0,0.0,1.0,60.0,0.0,60.0,0.0,0.0,0.0,1.0,1507656125.359446,0.0,1.0,1507656125.359446,0.0,1.0,1507656125.359446,0.0,1.0,1507656125.359446,0.0,1.0,1507656125.359446,0.0,1.0,60.0,0.0,60.0,0.0,0.0,0.0,1.0,60.0,0.0,60.0,0.0,0.0,0.0,1.0,60.0,0.0,60.0,0.0,0.0,0.0,1.0,60.0,0.0,60.0,0.0,0.0,0.0,1.0,60.0,0.0,60.0,0.0,0.0,0.0
96.18463125834494,514.479613119355,17898.28443200211,172.9038830861923,472.7109623161883,33490.85516197205,591.651849009804,413.7301646204117,49589.245793572,6354.6824199211205,385.9127608105996,54776.15410470896,61730.95149179468,383.6343550084738,55132.662565912986,96.18463125834494,514.479613119355,17898.28443200211,172.9038830861923,472.7109623161883,33490.85516197205,591.651849009804,413.7301646204117,49589.245793572,6354.6824199211205,385.9127608105996,54776.15410470896,61730.95149179468,383.6343550084738,55132.662565912986,88.46231458685908,554.0,1.3214498959113138e-05,554.0,1.7462298274040222e-10,0.0,0.0,144.40654713243617,553.9999999999997,1.0789593218788871e-05,553.9999999999997,1.1641532182693479e-10,0.0,0.0,423.577786702837,553.9999982965014,0.0290091090882156,553.9999982965014,0.0008415284100919,0.0,0.0,4192.590006207118,553.9652076362212,4.145626273354003,553.9652076362212,17.186217198322993,0.0,0.0,40444.522819940736,553.9552458064882,4.701762292840333,553.9552458064882,22.106568658375178,0.0,0.0,88.46231458685908,0.0033413421141877,3.705818926216732e-05,144.40654713243617,0.0033790534860862,3.721444839335056e-05,423.577786702837,0.0034268411194174,4.95044098992155e-05,4192.590006207118,0.0034445526315631,3.2765536361578467,40444.522819940736,1411.1458964177918,2127515305423.4685,1.0,554.0,0.0,554.0,0.0,0.0,0.0,1.0,554.0,0.0,554.0,0.0,0.0,0.0,1.0,554.0,0.0,554.0,0.0,0.0,0.0,1.0,554.0,0.0,554.0,0.0,0.0,0.0,1.0,554.0,0.0,554.0,0.0,0.0,0.0
49.60360804049157,60.00270420123782,0.0405557058643353,67.63418062901802,60.013086235452526,0.1961222822292256,204.51075567435632,60.0294430219749,0.4407812869167173,2206.0665402420827,60.01878825763608,0.4715835694964881,7332.143229877625,60.02117643619,0.6544130227280219,49.60360804049157,60.00270420123782,0.0405557058643353,67.63418062901802,60.013086235452526,0.1961222822292256,204.51075567435632,60.0294430219749,0.4407812869167173,2206.0665402420827,60.01878825763608,0.4715835694964881,7332.143229877625,60.02117643619,0.6544130227280219,1.0,60.0,0.0,60.0,0.0,0.0,0.0,1.0,60.0,0.0,60.0,0.0,0.0,0.0,1.0,60.0,0.0,60.0,0.0,0.0,0.0,1.0,60.0,0.0,60.0,0.0,0.0,0.0,1.0,60.0,0.0,60.0,0.0,0.0,0.0,1.0,1507653014.202818,0.0,1.0,1507653014.202818,0.0,1.0,1507653014.202818,0.0,1.0,1507653014.202818,0.0,1.0,1507653014.202818,0.0,1.0,60.0,0.0,60.0,0.0,0.0,0.0,1.0,60.0,0.0,60.0,0.0,0.0,0.0,1.0,60.0,0.0,60.0,0.0,0.0,0.0,1.0,60.0,0.0,60.0,0.0,0.0,0.0,1.0,60.0,0.0,60.0,0.0,0.0,0.0
1.0,60.0,0.0,1.0,60.0,0.0,1.0,60.0,0.0,1.0,60.0,0.0,1.0,60.0,0.0,1.0,60.0,0.0,1.0,60.0,0.0,1.0,60.0,0.0,1.0,60.0,0.0,1.0,60.0,0.0,1.0,60.0,0.0,60.0,0.0,0.0,0.0,1.0,60.0,0.0,60.0,0.0,0.0,0.0,1.0,60.0,0.0,60.0,0.0,0.0,0.0,1.0,60.0,0.0,60.0,0.0,0.0,0.0,1.0,60.0,0.0,60.0,0.0,0.0,0.0,1.0,1505913580.861591,0.0,1.0,1505913580.861591,0.0,1.0,1505913580.861591,0.0,1.0,1505913580.861591,0.0,1.0,1505913580.861591,0.0,1.0,60.0,0.0,60.0,0.0,0.0,0.0,1.0,60.0,0.0,60.0,0.0,0.0,0.0,1.0,60.0,0.0,60.0,0.0,0.0,0.0,1.0,60.0,0.0,60.0,0.0,0.0,0.0,1.0,60.0,0.0,60.0,0.0,0.0,0.0
173.5947097616517,74.02510425729105,1.956177877923437,282.0019501910781,73.99139512672201,2.04415048374176,832.1695821206897,73.98486055835917,1.8542276014604795,5508.457026434482,74.05946906528689,15.644053764663113,8416.037318106393,74.07334212043155,19.0593114316398,173.5947097616517,74.02510425729105,1.956177877923437,282.0019501910781,73.99139512672201,2.04415048374176,832.1695821206897,73.98486055835917,1.8542276014604795,5508.457026434482,74.05946906528689,15.644053764663113,8416.037318106393,74.07334212043155,19.0593114316398,172.18864687448985,73.99999999999997,2.132480599880018e-06,95.26804291051644,4.747701727369781e-12,-1.2687346725434007e-28,-5.093777884110195e-17,278.7972592485737,73.99999999988073,4.068513680973347e-05,95.26804291042382,1.6552893522048342e-09,-2.39671714126587e-23,-2.521768928406339e-13,823.777724651369,73.99996399169211,0.0224525058891756,95.2680149408589,0.0005041150207034,9.921589497770005e-18,1.7513273443774195e-10,5485.610801695543,73.99742700808363,0.1897768862634316,95.26604433803614,0.0360152665598434,-6.673356109063727e-18,-5.214538700896447e-11,8384.420844774206,73.99688157359121,0.2089216244923451,95.2656206751212,0.0436482451805204,1.4308120637209984e-15,2.714251536736198e-09,172.1886468744897,0.001711160022688,1.9141110603105225e-05,278.79725924857394,0.0017501936593366,292.10362124285166,823.7777246513717,60.313030050107535,90823569916.75664,5485.610801695585,97817.36850025688,147294956767820.1,8384.420844774157,161998.55463893324,243929616999586.4,1.0,74.0,0.0,74.0,0.0,0.0,0.0,1.0,74.0,0.0,74.0,0.0,0.0,0.0,1.0,74.0,0.0,74.0,0.0,0.0,0.0,1.0,74.0,0.0,74.0,0.0,0.0,0.0,1.0,74.0,0.0,74.0,0.0,0.0,0.0
38.46421049548229,74.03863389830734,0.93496407326802,47.05739681473399,74.11237031049654,3.9083120002924265,92.37431326121109,74.7266379195253,117.93664480204822,867.7668747502516,75.22965832159574,408.4077534154085,8450.951331812765,76.51765163136753,1578.3319494661444,38.46421049548229,74.03863389830734,0.93496407326802,47.05739681473399,74.11237031049654,3.9083120002924265,92.37431326121109,74.7266379195253,117.93664480204822,867.7668747502516,75.22965832159574,408.4077534154085,8450.951331812765,76.51765163136753,1578.3319494661444,1.0000000008715608,74.0,9.5367431640625e-07,74.0,9.094947017729282e-13,0.0,0.0,1.0000036730989694,74.0,0.0,74.0,0.0,0.0,0.0,1.017357578184907,74.0,9.5367431640625e-07,74.0,9.094947017729282e-13,0.0,0.0,2.1943646991964565,74.0,0.0,74.0,0.0,0.0,0.0,2.8985892426983053,74.0,0.0,74.0,0.0,0.0,0.0,1.0000000008715608,6.019186237320198,62085.87117696597,1.0000036730989694,16.989827622720885,16520911305.929184,1.017357578184907,2869497.053703118,4312970243654130.5,2.1943646991964565,367484452.44600433,4.183548267268827e+17,2.8985892426983053,488076645.27301496,4.967822029745078e+17,1.0000000008715608,74.0,9.5367431640625e-07,74.0,9.094947017729282e-13,0.0,0.0,1.0000036730989694,74.0,0.0,74.0,0.0,0.0,0.0,1.017357578184907,74.0,9.5367431640625e-07,74.0,9.094947017729282e-13,0.0,0.0,2.1943646991964565,74.0,0.0,74.0,0.0,0.0,0.0,2.8985892426983053,74.0,0.0,74.0,0.0,0.0,0.0
66.86657733617912,503.798170864723,22279.479944299503,126.02690405089793,449.7349035275869,40635.74731476043,452.4605929544445,375.1384085275081,56366.10595471648,4967.846387210099,339.75116596720324,59932.63951390055,26613.64983487567,337.23137884380606,60091.12287520221,66.86657733617912,503.798170864723,22279.479944299503,126.02690405089793,449.7349035275869,40635.74731476043,452.4605929544445,375.1384085275081,56366.10595471648,4967.846387210099,339.75116596720324,59932.63951390055,26613.64983487567,337.23137884380606,60091.12287520221,60.07138606028515,554.0,7.62939453125e-06,554.0,5.820766091346741e-11,0.0,0.0,99.42729411355828,554.0000000000003,1.0789593218788871e-05,554.0000000000003,1.1641532182693479e-10,0.0,0.0,288.63899344163536,553.9999874963391,0.0785926745933176,553.9999874963391,0.0061768084997311,0.0,0.0,2813.5223819841917,553.943182386469,5.297610106728584,553.943182386469,28.06467284291284,0.0,0.0,14937.605188360223,553.915200170828,6.4717790908561525,553.915200170828,41.88392460084288,0.0,0.0,60.07138606028515,0.0048826140025705,2.3383995796636027e-05,99.42729411355828,0.0048996482939296,3.843541458472246e-05,288.63899344163536,0.0050337441141329,7.919431164936478e-05,2813.5223819841917,285.6812442465712,430702170001.36346,14937.605188360223,47501.17936070322,71613331117499.47,60.07138606028515,554.0,7.62939453125e-06,554.0,5.820766091346741e-11,0.0,0.0,99.42729411355828,554.0000000000003,1.0789593218788871e-05,554.0000000000003,1.1641532182693479e-10,0.0,0.0,288.63898613587816,554.0000000000006,2.95485179611772e-05,554.0000000000006,8.73114913702011e-10,0.0,0.0,2813.198783548245,553.9999999999976,4.825252777356536e-05,553.9999999999976,2.3283064365386967e-09,0.0,0.0,14935.041005428711,553.9999999999993,3.578503234728569e-05,553.9999999999993,1.280568540096283e-09,0.0,0.0
1.0,60.0,0.0,1.0,60.0,0.0,1.0,60.0,0.0,1.0,60.0,0.0,1.0,60.0,0.0,1.0,60.0,0.0,1.0,60.0,0.0,1.0,60.0,0.0,1.0,60.0,0.0,1.0,60.0,0.0,1.0,60.0,0.0,60.0,0.0,0.0,0.0,1.0,60.0,0.0,60.0,0.0,0.0,0.0,1.0,60.0,0.0,60.0,0.0,0.0,0.0,1.0,60.0,0.0,60.0,0.0,0.0,0.0,1.0,60.0,0.0,60.0,0.0,0.0,0.0,1.0,1505913428.506877,0.0,1.0,1505913428.506877,0.0,1.0,1505913428.506877,0.0,1.0,1505913428.506877,0.0,1.0,1505913428.506877,0.0,1.0,60.0,0.0,60.0,0.0,0.0,0.0,1.0,60.0,0.0,60.0,0.0,0.0,0.0,1.0,60.0,0.0,60.0,0.0,0.0,0.0,1.0,60.0,0.0,60.0,0.0,0.0,0.0,1.0,60.0,0.0,60.0,0.0,0.0,0.0
131.85651291147275,392.0828255757466,53769.91274388626,213.24817780770883,370.9078899117282,56924.773740543525,624.1494815202715,371.9259991131729,56792.867336981,6407.220380870641,382.63875311227,55285.11983038904,59296.10030619588,384.01587364713583,55074.34750595067,131.85651291147275,392.0828255757466,53769.91274388626,213.24817780770883,370.9078899117282,56924.773740543525,624.1494815202715,371.9259991131729,56792.867336981,6407.220380870641,382.63875311227,55285.11983038904,59296.10030619588,384.01587364713583,55074.34750595067,88.6382254351202,553.9999999999999,7.62939453125e-06,553.9999999999999,5.820766091346741e-11,0.0,0.0,134.21161434749357,554.0,7.62939453125e-06,554.0,5.820766091346741e-11,0.0,0.0,394.1042064683322,553.9999994712322,0.0161620201298534,553.9999994712322,0.0002612108946777,0.0,0.0,4184.8225879646525,553.9710056126523,3.7844929216245418,553.9710056126523,14.32238667382626,0.0,0.0,38894.855140659616,553.9590159529597,4.499382129555687,553.9590159529597,20.244439547765072,0.0,0.0,88.6382254351202,0.0036591642999813,0.0002705400645124,134.21161434749357,0.0038413783455909,0.0002661586749958,394.1042064683322,0.0037258113132029,0.0001815898988083,4184.8225879646525,0.0034552633704233,5303.165305103544,38894.855140659616,3071.6472269560204,4630972556640.427,1.0,554.0,0.0,554.0,0.0,0.0,0.0,1.0,554.0,0.0,554.0,0.0,0.0,0.0,1.0,554.0,0.0,554.0,0.0,0.0,0.0,1.0,554.0,0.0,554.0,0.0,0.0,0.0,1.0,554.0,0.0,554.0,0.0,0.0,0.0
1.0,60.0,0.0,1.0,60.0,0.0,1.0,60.0,0.0,1.0,60.0,0.0,1.0,60.0,0.0,1.0,60.0,0.0,1.0,60.0,0.0,1.0,60.0,0.0,1.0,60.0,0.0,1.0,60.0,0.0,1.0,60.0,0.0,60.0,0.0,0.0,0.0,1.0,60.0,0.0,60.0,0.0,0.0,0.0,1.0,60.0,0.0,60.0,0.0,0.0,0.0,1.0,60.0,0.0,60.0,0.0,0.0,0.0,1.0,60.0,0.0,60.0,0.0,0.0,0.0,1.0,1505913451.977759,0.0,1.0,1505913451.977759,0.0,1.0,1505913451.977759,0.0,1.0,1505913451.977759,0.0,1.0,1505913451.977759,0.0,1.0,60.0,0.0,60.0,0.0,0.0,0.0,1.0,60.0,0.0,60.0,0.0,0.0,0.0,1.0,60.0,0.0,60.0,0.0,0.0,0.0,1.0,60.0,0.0,60.0,0.0,0.0,0.0,1.0,60.0,0.0,60.0,0.0,0.0,0.0
110.60674305175328,525.402488969737,13309.352700670366,192.11648570888008,488.1519273814641,28192.96623889992,621.3953386858465,426.2555212659165,46786.28306451632,6350.776853259267,387.4799544189715,54529.382359069365,44115.52140083428,383.0694061570736,55219.32122580487,110.60674305175328,525.402488969737,13309.352700670366,192.11648570888008,488.1519273814641,28192.96623889992,621.3953386858465,426.2555212659165,46786.28306451632,6350.776853259267,387.4799544189715,54529.382359069365,44115.52140083428,383.0694061570736,55219.32122580487,104.20375199889772,553.9999999999997,1.7059844799040144e-05,553.9999999999997,2.910383045673371e-10,0.0,0.0,166.5081749740815,553.9999999999997,2.0185480583683703e-05,553.9999999999997,4.07453626394272e-10,0.0,0.0,460.705237060468,553.9999999953242,0.0015198014345197,553.9999999953242,2.3097964003682137e-06,0.0,0.0,4210.106031838433,553.9820834735693,2.9749694210239994,553.9820834735693,8.850443056027869,0.0,0.0,28852.542482287077,553.9625794724421,4.299341846838387,553.9625794724421,18.484340315975714,0.0,0.0,104.20375199889772,0.0028089061070354,1.568847835827333e-05,166.5081749740815,0.0029186589725139,2.145056928896261e-05,460.705237060468,0.0031476757387429,3.7437644507015446e-05,4210.106031838433,2.733042585231092,4115315711.5574822,28852.542482287077,16081.531829825766,24245152911891.72,1.0,554.0,0.0,554.0,0.0,0.0,0.0,1.0,554.0,0.0,554.0,0.0,0.0,0.0,1.0,554.0,0.0,554.0,0.0,0.0,0.0,1.0,554.0,0.0,554.0,0.0,0.0,0.0,1.0,554.0,0.0,554.0,0.0,0.0,0.0
1.0,60.0,0.0,1.0,60.0,0.0,1.0,60.0,0.0,1.0,60.0,0.0,1.0,60.0,0.0,1.0,60.0,0.0,1.0,60.0,0.0,1.0,60.0,0.0,1.0,60.0,0.0,1.0,60.0,0.0,1.0,60.0,0.0,60.0,0.0,0.0,0.0,1.0,60.0,0.0,60.0,0.0,0.0,0.0,1.0,60.0,0.0,60.0,0.0,0.0,0.0,1.0,60.0,0.0,60.0,0.0,0.0,0.0,1.0,60.0,0.0,60.0,0.0,0.0,0.0,1.0,1505913460.3547,0.0,1.0,1505913460.3547,0.0,1.0,1505913460.3547,0.0,1.0,1505913460.3547,0.0,1.0,1505913460.3547,0.0,1.0,60.0,0.0,60.0,0.0,0.0,0.0,1.0,60.0,0.0,60.0,0.0,0.0,0.0,1.0,60.0,0.0,60.0,0.0,0.0,0.0,1.0,60.0,0.0,60.0,0.0,0.0,0.0,1.0,60.0,0.0,60.0,0.0,0.0,0.0
145.3274333054973,343.5727908510167,59671.43093987567,236.80979514317963,343.8455039056189,59651.40325190059,669.8708614185261,363.23982560956887,57845.45290808709,6428.374253221265,380.96216822804297,55536.06677511783,60192.97851534056,383.68533275422135,55125.1695442115,145.3274333054973,343.5727908510167,59671.43093987567,236.80979514317963,343.8455039056189,59651.40325190059,669.8708614185261,363.23982560956887,57845.45290808709,6428.374253221265,380.96216822804297,55536.06677511783,60192.97851534056,383.68533275422135,55125.1695442115,83.42288631722072,553.9999999999999,1.0789593218788871e-05,553.9999999999999,1.1641532182693479e-10,0.0,0.0,136.0675968999576,553.9999999999881,7.552715253152209e-05,553.9999999999881,5.704350769519806e-09,0.0,0.0,411.1957845858818,553.9998195975511,0.2985276829428655,553.9998195975511,0.089118777483236,0.0,0.0,4177.024410707513,553.9473718164775,5.098583424446932,553.9473718164775,25.995552936044987,0.0,0.0,39443.14399158336,553.9557399315555,4.675736825331801,553.9557399315555,21.86251485976391,0.0,0.0,83.42288631722072,0.003788619961257,0.0002135627460614,136.0675968999576,0.0037286031415671,0.0001952912078738,411.1957845858818,0.0035675879343388,0.0001647015950864,4177.024410707513,0.0034587438002855,656.9947442896139,39443.14399158336,2457.614462454321,3705225805366.6753,1.0,554.0,0.0,554.0,0.0,0.0,0.0,1.0,554.0,0.0,554.0,0.0,0.0,0.0,1.0,554.0,0.0,554.0,0.0,0.0,0.0,1.0,554.0,0.0,554.0,0.0,0.0,0.0,1.0,554.0,0.0,554.0,0.0,0.0,0.0
114.2184656084074,317.8375390187076,60891.54774801795,170.78061997752962,351.0524255320082,59068.38380474696,509.3361559736168,389.4763387086807,54206.65354449491,5472.672581073715,404.156953820182,51568.12804946373,40319.96788098951,403.6748073768812,51647.432824323136,114.2184656084074,317.8375390187076,60891.54774801795,170.78061997752962,351.0524255320082,59068.38380474696,509.3361559736168,389.4763387086807,54206.65354449491,5472.672581073715,404.156953820182,51568.12804946373,40319.96788098951,403.6748073768812,51647.432824323136,1.0,60.0,0.0,60.0,0.0,0.0,0.0,1.0,60.0,0.0,60.0,0.0,0.0,0.0,1.0,60.0,0.0,60.0,0.0,0.0,0.0,1.0,60.0,0.0,60.0,0.0,0.0,0.0,1.0,60.0,0.0,60.0,0.0,0.0,0.0,1.0,1507659514.459135,0.0,1.0,1507659514.459135,0.0,1.0,1507659514.459135,0.0,1.0,1507659514.459135,0.0,1.0,1507659514.459135,0.0,1.0,60.0,0.0,60.0,0.0,0.0,0.0,1.0,60.0,0.0,60.0,0.0,0.0,0.0,1.0,60.0,0.0,60.0,0.0,0.0,0.0,1.0,60.0,0.0,60.0,0.0,0.0,0.0,1.0,60.0,0.0,60.0,0.0,0.0,0.0
103.57596511820891,509.14797598851607,25534.96697048884,185.58397545564063,466.0912473147018,40571.949208399536,616.5121562870951,417.6028043287134,53065.47314424498,6315.418395469441,394.2615985496728,57402.6198494891,40113.76311024169,391.6853579954752,57814.06073496727,103.57596511820891,509.14797598851607,25534.96697048884,185.58397545564063,466.0912473147018,40571.949208399536,616.5121562870951,417.6028043287134,53065.47314424498,6315.418395469441,394.2615985496728,57402.6198494891,40113.76311024169,391.6853579954752,57814.06073496727,91.9386050101032,565.9999999999998,0.0,565.9999999999998,0.0,0.0,0.0,148.9406767199201,565.9999999999998,1.52587890625e-05,565.9999999999998,2.3283064365386963e-10,0.0,0.0,435.7000805299608,566.0000000000001,1.7059844799040144e-05,566.0000000000001,2.910383045673371e-10,0.0,0.0,4171.908662064098,565.9946023645972,1.65262650931665,565.9946023645972,2.7311743792961347,0.0,0.0,26295.78047071676,565.9688428886449,3.9704568476085664,565.9688428886449,15.764527578721758,0.0,0.0,91.9386050101032,0.0031952706448574,2.3949672219670855e-05,148.9406767199201,0.0032753353138439,3.580924132642856e-05,435.7000805299608,0.0033346123180891,5.783039404108684e-05,4171.908662064098,15.164714365341863,22857983110.853508,26295.78047071676,20926.35193047677,31549336767271.82,1.0,566.0,0.0,566.0,0.0,0.0,0.0,1.0,566.0,0.0,566.0,0.0,0.0,0.0,1.0,566.0,0.0,566.0,0.0,0.0,0.0,1.0,566.0,0.0,566.0,0.0,0.0,0.0,1.0,566.0,0.0,566.0,0.0,0.0,0.0
1.0,60.0,0.0,1.0,60.0,0.0,1.0,60.0,0.0,1.0,60.0,0.0,1.0,60.0,0.0,1.0,60.0,0.0,1.0,60.0,0.0,1.0,60.0,0.0,1.0,60.0,0.0,1.0,60.0,0.0,1.0,60.0,0.0,60.0,0.0,0.0,0.0,1.0,60.0,0.0,60.0,0.0,0.0,0.0,1.0,60.0,0.0,60.0,0.0,0.0,0.0,1.0,60.0,0.0,60.0,0.0,0.0,0.0,1.0,60.0,0.0,60.0,0.0,0.0,0.0,1.0,1505913449.477536,0.0,1.0,1505913449.477536,0.0,1.0,1505913449.477536,0.0,1.0,1505913449.477536,0.0,1.0,1505913449.477536,0.0,1.0,60.0,0.0,60.0,0.0,0.0,0.0,1.0,60.0,0.0,60.0,0.0,0.0,0.0,1.0,60.0,0.0,60.0,0.0,0.0,0.0,1.0,60.0,0.0,60.0,0.0,0.0,0.0,1.0,60.0,0.0,60.0,0.0,0.0,0.0
169.3963348903482,74.02398165386533,0.5749845730415473,272.64772961832006,74.03385012137588,0.8112570826642695,795.8844468968828,74.04140992476293,0.9948800162574116,7346.107055661161,74.08551206641181,19.15410091237573,36605.38453168164,74.26142744274762,156.61509938851304,169.3963348903482,74.02398165386533,0.5749845730415473,272.64772961832006,74.03385012137588,0.8112570826642695,795.8844468968828,74.04140992476293,0.9948800162574116,7346.107055661161,74.08551206641181,19.15410091237573,36605.38453168164,74.26142744274762,156.61509938851304,169.22706804579028,74.00000000000003,2.3360154559928683e-06,95.26804291051646,5.752149554916067e-12,4.435363758470477e-28,1.4077918512966664e-16,272.26318133736044,73.99999999999058,1.103957834509871e-05,95.26804291050912,1.2203846495682116e-10,-1.4198273984714147e-24,-5.097226823837536e-14,794.5111894533635,73.99998996380306,0.0118535497384058,95.26803511484292,0.0001405066414008,1.1912760268905872e-18,4.96772598077927e-11,7328.220713148062,73.9988429635586,0.1272681084262313,95.26714417859591,0.0161971714223909,8.861914374551114e-17,1.9513890139484323e-10,36498.099512746565,73.99842067583984,0.1486877400082303,95.26681616658809,0.0221080440287551,3.2804096628661515e-16,2.246983600395665e-10,169.2270680457903,0.001746292541834,2.259011186031765e-05,272.2631813373606,0.0017959365156416,2.670089852719556e-05,794.5111894533658,0.0018271875549518,3.002491936273024e-05,7328.2207131481555,231.30052324887345,348315744304.22864,36498.09951274512,20925.082157383385,31510940121525.28,1.0,74.0,0.0,95.26804291051644,0.0,0.0,0.0,1.0,74.0,0.0,95.26804291051644,0.0,0.0,0.0,1.0,74.0,0.0,95.26804291051644,0.0,0.0,0.0,1.0203286453131508,74.0,0.0,95.26804291051644,0.0,0.0,0.0,1.6773464263870084,73.99999999999999,9.5367431640625e-07,95.26804291051644,9.094947017729282e-13,0.0,0.0
172.95766443724247,74.14265339420149,3.403381525014993,289.0025074397658,74.0939480363082,2.269609305389168,880.0889738465905,74.06703230862395,7.773164670933511,4209.351056170607,74.10619553661004,28.602911346905785,5546.941442759254,74.1097716819706,29.347675122423425,172.95766443724247,74.14265339420149,3.403381525014993,289.0025074397658,74.0939480363082,2.269609305389168,880.0889738465905,74.06703230862395,7.773164670933511,4209.351056170607,74.10619553661004,28.602911346905785,5546.941442759254,74.1097716819706,29.347675122423425,171.9296232193966,73.99999997429707,0.0005998596288422,95.26804289055154,3.598315743193372e-07,-3.9637087755943203e-22,-4.899333681403636e-13,287.8716021884591,73.99999193027153,0.0106290226780902,95.26803664230862,0.0001129761230913,8.113783294784727e-19,4.278543597320564e-11,877.9932569320716,73.9986090930526,0.1395376746866782,95.2669625195766,0.0194707626569652,-3.975723427020449e-17,-1.3361019399137394e-10,4197.627550529463,73.99512339969337,0.2612443742984535,95.2642550327028,0.0682486231025905,2.3507195081189913e-16,6.671734877209051e-10,5530.596397911687,73.99509338064976,0.2620469348244393,95.2642317158494,0.0686685960508839,1.867100553480081e-15,1.6303426484728891e-09,171.92962321939672,0.0017678034924477,60.9781651122723,287.8716021884593,0.0148308640742507,19740405.956623875,877.9932569320767,2329.668548285343,3508272153389.484,4197.627550529485,185393.5887701577,279152395122494.4,5530.596397911659,254893.0568180373,383782005196394.3,1.0,74.0,0.0,74.0,0.0,0.0,0.0,1.0,74.0,0.0,74.0,0.0,0.0,0.0,1.0,74.0,0.0,74.0,0.0,0.0,0.0,1.0,74.0,0.0,74.0,0.0,0.0,0.0,1.0,74.0,0.0,74.0,0.0,0.0,0.0
1.0,60.0,0.0,1.0,60.0,0.0,1.0,60.0,0.0,1.0,60.0,0.0,1.0,60.0,0.0,1.0,60.0,0.0,1.0,60.0,0.0,1.0,60.0,0.0,1.0,60.0,0.0,1.0,60.0,0.0,1.0,60.0,0.0,60.0,0.0,0.0,0.0,1.0,60.0,0.0,60.0,0.0,0.0,0.0,1.0,60.0,0.0,60.0,0.0,0.0,0.0,1.0,60.0,0.0,60.0,0.0,0.0,0.0,1.0,60.0,0.0,60.0,0.0,0.0,0.0,1.0,1505913451.244491,0.0,1.0,1505913451.244491,0.0,1.0,1505913451.244491,0.0,1.0,1505913451.244491,0.0,1.0,1505913451.244491,0.0,1.0,60.0,0.0,60.0,0.0,0.0,0.0,1.0,60.0,0.0,60.0,0.0,0.0,0.0,1.0,60.0,0.0,60.0,0.0,0.0,0.0,1.0,60.0,0.0,60.0,0.0,0.0,0.0,1.0,60.0,0.0,60.0,0.0,0.0,0.0
1.0,60.0,0.0,1.0,60.0,0.0,1.0,60.0,0.0,1.0,60.0,0.0,1.0,60.0,0.0,1.0,60.0,0.0,1.0,60.0,0.0,1.0,60.0,0.0,1.0,60.0,0.0,1.0,60.0,0.0,1.0,60.0,0.0,60.0,0.0,0.0,0.0,1.0,60.0,0.0,60.0,0.0,0.0,0.0,1.0,60.0,0.0,60.0,0.0,0.0,0.0,1.0,60.0,0.0,60.0,0.0,0.0,0.0,1.0,60.0,0.0,60.0,0.0,0.0,0.0,1.0,1505913459.0522802,0.0,1.0,1505913459.0522802,0.0,1.0,1505913459.0522802,0.0,1.0,1505913459.0522802,0.0,1.0,1505913459.0522802,0.0,1.0,60.0,0.0,60.0,0.0,0.0,0.0,1.0,60.0,0.0,60.0,0.0,0.0,0.0,1.0,60.0,0.0,60.0,0.0,0.0,0.0,1.0,60.0,0.0,60.0,0.0,0.0,0.0,1.0,60.0,0.0,60.0,0.0,0.0,0.0
90.04767818066719,60.00000002431253,1.1670022104226518e-06,108.480033483129,60.00001743140832,0.0008367018190256,243.58976456778743,60.00677242637688,0.3228033578056966,2285.4471993564443,60.025131811387176,0.9759049760664312,22043.494072929283,60.02095399879725,0.7316949972127986,90.04767818066719,60.00000002431253,1.1670022104226518e-06,108.480033483129,60.00001743140832,0.0008367018190256,243.58976456778743,60.00677242637688,0.3228033578056966,2285.4471993564443,60.025131811387176,0.9759049760664312,22043.494072929283,60.02095399879725,0.7316949972127986,1.0,60.0,0.0,60.0,0.0,0.0,0.0,1.0,60.0,0.0,60.0,0.0,0.0,0.0,1.0,60.0,0.0,60.0,0.0,0.0,0.0,1.0,60.0,0.0,60.0,0.0,0.0,0.0,1.0,60.0,0.0,60.0,0.0,0.0,0.0,1.0,1507653448.211873,0.0,1.0,1507653448.211873,0.0,1.0,1507653448.211873,0.0,1.0,1507653448.211873,0.0,1.0,1507653448.211873,0.0,1.0,60.0,0.0,60.0,0.0,0.0,0.0,1.0,60.0,0.0,60.0,0.0,0.0,0.0,1.0,60.0,0.0,60.0,0.0,0.0,0.0,1.0,60.0,0.0,60.0,0.0,0.0,0.0,1.0,60.0,0.0,60.0,0.0,0.0,0.0
1.0,60.0,0.0,1.0,60.0,0.0,1.0,60.0,0.0,1.0,60.0,0.0,1.0,60.0,0.0,1.0,60.0,0.0,1.0,60.0,0.0,1.0,60.0,0.0,1.0,60.0,0.0,1.0,60.0,0.0,1.0,60.0,0.0,60.0,0.0,0.0,0.0,1.0,60.0,0.0,60.0,0.0,0.0,0.0,1.0,60.0,0.0,60.0,0.0,0.0,0.0,1.0,60.0,0.0,60.0,0.0,0.0,0.0,1.0,60.0,0.0,60.0,0.0,0.0,0.0,1.0,1505913549.552112,0.0,1.0,1505913549.552112,0.0,1.0,1505913549.552112,0.0,1.0,1505913549.552112,0.0,1.0,1505913549.552112,0.0,1.0,60.0,0.0,60.0,0.0,0.0,0.0,1.0,60.0,0.0,60.0,0.0,0.0,0.0,1.0,60.0,0.0,60.0,0.0,0.0,0.0,1.0,60.0,0.0,60.0,0.0,0.0,0.0,1.0,60.0,0.0,60.0,0.0,0.0,0.0
133.6978012867254,206.12045590233555,50832.316803162204,194.7112893869226,255.2633333826232,58332.24347042997,516.2437700372661,310.96142550223857,60989.33396783153,5022.607994703015,333.0531668612716,60324.13316644964,35763.32395023342,335.93451455359934,60167.4274506736,133.6978012867254,206.12045590233555,50832.316803162204,194.7112893869226,255.2633333826232,58332.24347042997,516.2437700372661,310.96142550223857,60989.33396783153,5022.607994703015,333.0531668612716,60324.13316644964,35763.32395023342,335.93451455359934,60167.4274506736,1.0,60.0,0.0,60.0,0.0,0.0,0.0,1.0,60.0,0.0,60.0,0.0,0.0,0.0,1.0,60.0,0.0,60.0,0.0,0.0,0.0,1.0,60.0,0.0,60.0,0.0,0.0,0.0,1.0,60.0,0.0,60.0,0.0,0.0,0.0,1.0,1507659486.339981,0.0,1.0,1507659486.339981,0.0,1.0,1507659486.339981,0.0,1.0,1507659486.339981,0.0,1.0,1507659486.339981,0.0,1.0,60.0,0.0,60.0,0.0,0.0,0.0,1.0,60.0,0.0,60.0,0.0,0.0,0.0,1.0,60.0,0.0,60.0,0.0,0.0,0.0,1.0,60.0,0.0,60.0,0.0,0.0,0.0,1.0,60.0,0.0,60.0,0.0,0.0,0.0
110.93734027463532,73.01209072128965,12.85476515899336,196.1931387759805,71.92820569567043,24.71278862116924,642.4747921450836,70.33321737802997,37.88991617781448,6661.965525667198,69.51943305440618,42.83380766219125,47912.31714911095,69.40546806564818,43.37790506221791,110.93734027463532,73.01209072128965,12.85476515899336,196.1931387759805,71.92820569567043,24.71278862116924,642.4747921450836,70.33321737802997,37.88991617781448,6661.965525667198,69.51943305440618,42.83380766219125,47912.31714911095,69.40546806564818,43.37790506221791,103.10905257382323,73.99999999998658,1.3820053812207638e-05,73.99999999998658,1.9099388737231488e-10,0.0,0.0,167.1594378068278,73.99999991686673,0.0010788244435332,73.99999991686673,1.1638621799647808e-06,0.0,0.0,474.2119175032051,73.99970484919237,0.0642808228849551,73.99970484919237,0.0041320241907669,0.0,0.0,4527.929615827708,73.99674995998416,0.2132838424733776,73.99674995998416,0.0454899974602085,0.0,0.0,32168.84382826735,73.99763339675089,0.182007815189009,73.99763339675089,0.0331268447898764,0.0,0.0,103.10905257382323,0.002880244227985,4.357640410205688e-05,167.1594378068278,0.0029432424646621,6.025578569285421e-05,474.2119175032051,0.0030701487696963,7.318548688656374e-05,4527.929615827708,1.014533260214444,1524759135.0231032,32168.84382826735,13155.785917553523,19834235563096.914,1.0,74.0,0.0,74.0,0.0,0.0,0.0,1.0,74.0,0.0,74.0,0.0,0.0,0.0,1.0,74.0,0.0,74.0,0.0,0.0,0.0,1.0,74.0,0.0,74.0,0.0,0.0,0.0,1.0,74.0,0.0,74.0,0.0,0.0,0.0
1.0,60.0,0.0,1.0,60.0,0.0,1.0,60.0,0.0,1.0,60.0,0.0,1.0,60.0,0.0,1.0,60.0,0.0,1.0,60.0,0.0,1.0,60.0,0.0,1.0,60.0,0.0,1.0,60.0,0.0,1.0,60.0,0.0,60.0,0.0,0.0,0.0,1.0,60.0,0.0,60.0,0.0,0.0,0.0,1.0,60.0,0.0,60.0,0.0,0.0,0.0,1.0,60.0,0.0,60.0,0.0,0.0,0.0,1.0,60.0,0.0,60.0,0.0,0.0,0.0,1.0,1505913584.3398788,0.0,1.0,1505913584.3398788,0.0,1.0,1505913584.3398788,0.0,1.0,1505913584.3398788,0.0,1.0,1505913584.3398788,0.0,1.0,60.0,0.0,60.0,0.0,0.0,0.0,1.0,60.0,0.0,60.0,0.0,0.0,0.0,1.0,60.0,0.0,60.0,0.0,0.0,0.0,1.0,60.0,0.0,60.0,0.0,0.0,0.0,1.0,60.0,0.0,60.0,0.0,0.0,0.0
143.3206567816205,368.09032591937006,57276.97207906508,228.3075642032485,367.6695217804309,57328.209126933885,602.76910830034,389.4726207622793,54207.2668225292,5564.612692962272,403.6896716784896,51658.89603537583,40597.87972779722,403.6331613185122,51655.78441072449,143.3206567816205,368.09032591937006,57276.97207906508,228.3075642032485,367.6695217804309,57328.209126933885,602.76910830034,389.4726207622793,54207.2668225292,5564.612692962272,403.6896716784896,51658.89603537583,40597.87972779722,403.6331613185122,51655.78441072449,89.38402400572399,554.0000000000001,1.3214498959113138e-05,554.0000000000001,1.7462298274040222e-10,0.0,0.0,142.19287266653558,553.9999999999999,1.0789593218788871e-05,553.9999999999999,1.1641532182693479e-10,0.0,0.0,402.01602798712224,553.9999999950635,0.0015617353833463,553.9999999950635,2.439017407596112e-06,0.0,0.0,3871.6918474788304,553.9664458990807,4.071191468932599,553.9664458990807,16.574599976709578,0.0,0.0,28243.370384733724,553.9024273626045,6.941999888701424,553.9024273626045,48.19136245473055,0.0,0.0,89.38402400572399,0.0033329170847414,5.213113779406474e-05,142.19287266653558,0.0034559576031392,6.127900037349039e-05,402.01602798712224,0.003621070675176,8.153828992479326e-05,3871.6918474788304,0.208738281068911,309083116.53841054,28243.370384733724,12575.457409644889,18959341382539.8,89.38402400572399,554.0000000000001,1.3214498959113138e-05,554.0000000000001,1.7462298274040222e-10,0.0,0.0,142.19287266653558,553.9999999999999,1.0789593218788871e-05,553.9999999999999,1.1641532182693479e-10,0.0,0.0,402.01602798310506,554.0000000000001,1.0789593218788871e-05,554.0000000000001,1.1641532182693479e-10,0.0,0.0,3871.428869464697,553.9999999999984,3.325575976212062e-05,553.9999999999984,1.1059455573558807e-09,0.0,0.0,28237.79188243144,553.9999999999992,4.7030746482612434e-05,553.9999999999992,2.211891114711761e-09,0.0,0.0
160.46411972309588,360.5428266300463,58140.59673452955,255.74834200034007,356.29758050893,58576.013161427225,702.1408887101444,370.9984331071176,56908.961949263154,6500.810571852877,380.0480410347827,55669.80817906236,60837.891477149016,383.3272979636384,55179.88833947052,160.46411972309588,360.5428266300463,58140.59673452955,255.74834200034007,356.29758050893,58576.013161427225,702.1408887101444,370.9984331071176,56908.961949263154,6500.810571852877,380.0480410347827,55669.80817906236,60837.891477149016,383.3272979636384,55179.88833947052,97.6231258573218,554.0000000000001,1.3214498959113138e-05,554.0000000000001,1.7462298274040222e-10,0.0,0.0,153.39307750610843,554.0,1.0789593218788871e-05,554.0,1.1641532182693479e-10,0.0,0.0,442.0214008650771,553.9999999999867,8.426941694021043e-05,553.9999999999867,7.1013346314430245e-09,0.0,0.0,4211.681083309479,553.9898886663996,2.234926522524172,553.9898886663996,4.994896561081987,0.0,0.0,39821.058326282655,553.9627960835438,4.286881220488117,553.9627960835438,18.377350598573685,0.0,0.0,97.6231258573218,0.0033604200695437,0.0002756626435397,153.39307750610843,0.0034060899203237,0.0002893248165862,442.0214008650771,0.0033638234531854,0.0002942021641712,4211.681083309479,0.0034342088821588,126.22712827370376,39821.058326282655,2065.810348548329,3114521779530.808,1.0,554.0,0.0,554.0,0.0,0.0,0.0,1.0,554.0,0.0,554.0,0.0,0.0,0.0,1.0,554.0,0.0,554.0,0.0,0.0,0.0,1.0,554.0,0.0,554.0,0.0,0.0,0.0,1.0,554.0,0.0,554.0,0.0,0.0,0.0
81.16964402620805,426.87696767457817,46638.51262101042,149.54382244372025,380.8541166866228,55554.5690492517,488.65677105520285,345.1724420893392,59551.19007637241,5000.231090874295,335.8866817706956,60169.4566022683,36001.31998761677,336.29597935456474,60146.486617677234,81.16964402620805,426.87696767457817,46638.51262101042,149.54382244372025,380.8541166866228,55554.5690492517,488.65677105520285,345.1724420893392,59551.19007637241,5000.231090874295,335.8866817706956,60169.4566022683,36001.31998761677,336.29597935456474,60146.486617677234,60.28714345342666,553.9572711807272,4.594149645880965,553.9572711807272,21.1062109687482,0.0,0.0,97.17174094946328,553.7829708072694,10.352068370062208,553.7829708072694,107.16531953844242,0.0,0.0,282.4359649992428,553.3887052295072,17.366805559083403,553.3887052295072,301.60593532701023,0.0,0.0,2793.3365026379424,553.83286698787,9.084920172973163,553.83286698787,82.53577454929474,0.0,0.0,20138.26199276941,553.9197918283547,6.294156293328341,553.9197918283547,39.61640344484478,0.0,0.0,60.28714345342666,0.004982202672189,0.0001077114364859,97.17174094946328,0.0051057577075217,0.000140942195048,282.4359649992428,0.0051674984812663,0.0001506917770047,2793.3365026379424,1.8869199048792435,2837034520.376872,20138.26199276941,21306.86117279173,32123025854127.09,60.28192888165115,554.0000000000001,1.0789593218788871e-05,554.0000000000001,1.1641532182693479e-10,0.0,0.0,97.12905045453512,554.0000000000001,1.52587890625e-05,554.0000000000001,2.3283064365386963e-10,0.0,0.0,282.0864677757547,553.9999999999994,2.642899791822628e-05,553.9999999999994,6.984919309616089e-10,0.0,0.0,2792.391444452568,553.9999999999989,2.854658040446428e-05,553.9999999999989,8.149072527885437e-10,0.0,0.0,20134.992249500978,554.0000000000049,5.285799583645255e-05,554.0000000000049,2.7939677238464355e-09,0.0,0.0
1.0,60.0,0.0,1.0,60.0,0.0,1.0,60.0,0.0,1.0,60.0,0.0,1.0,60.0,0.0,1.0,60.0,0.0,1.0,60.0,0.0,1.0,60.0,0.0,1.0,60.0,0.0,1.0,60.0,0.0,1.0,60.0,0.0,60.0,0.0,0.0,0.0,1.0,60.0,0.0,60.0,0.0,0.0,0.0,1.0,60.0,0.0,60.0,0.0,0.0,0.0,1.0,60.0,0.0,60.0,0.0,0.0,0.0,1.0,60.0,0.0,60.0,0.0,0.0,0.0,1.0,1505913444.355676,0.0,1.0,1505913444.355676,0.0,1.0,1505913444.355676,0.0,1.0,1505913444.355676,0.0,1.0,1505913444.355676,0.0,1.0,60.0,0.0,60.0,0.0,0.0,0.0,1.0,60.0,0.0,60.0,0.0,0.0,0.0,1.0,60.0,0.0,60.0,0.0,0.0,0.0,1.0,60.0,0.0,60.0,0.0,0.0,0.0,1.0,60.0,0.0,60.0,0.0,0.0,0.0
48.40739303259683,74.0224812806112,0.5393360403668339,62.60544589405655,74.06649923414285,1.6067927970298117,172.77943633165097,74.13640238285113,3.648465641863368,1026.789432160967,75.41177302494735,878.6989938081433,6667.112901813213,76.58754508172606,1690.8625775189553,48.40739303259683,74.0224812806112,0.5393360403668339,62.60544589405655,74.06649923414285,1.6067927970298117,172.77943633165097,74.13640238285113,3.648465641863368,1026.789432160967,75.41177302494735,878.6989938081433,6667.112901813213,76.58754508172606,1690.8625775189553,1.0000298568000257,74.0,0.0,74.0,0.0,0.0,0.0,1.001927640115103,74.0,0.0,74.0,0.0,0.0,0.0,1.124453940481135,74.00000000000001,9.5367431640625e-07,74.00000000000001,9.094947017729282e-13,0.0,0.0,1.8118968663671384,74.0,9.5367431640625e-07,74.0,9.094947017729282e-13,0.0,0.0,1.979377419056127,74.0,0.0,74.0,0.0,0.0,0.0,1.0000298568000257,44963.40525921365,67704424833777.88,1.001927640115103,2897276.286909925,4354647113158967.0,1.124453940481135,166673613.96497658,2.232158538540598e+17,1.8118968663671384,674787853.5529578,5.608331083759269e+17,1.979377419056127,745111626.5408744,5.668818993819255e+17,1.0000298568000257,74.0,0.0,74.0,0.0,0.0,0.0,1.001927640115103,74.0,0.0,74.0,0.0,0.0,0.0,1.124453940481135,74.00000000000001,9.5367431640625e-07,74.00000000000001,9.094947017729282e-13,0.0,0.0,1.8118968663671384,74.0,9.5367431640625e-07,74.0,9.094947017729282e-13,0.0,0.0,1.979377419056127,74.0,0.0,74.0,0.0,0.0,0.0
1.0,60.0,0.0,1.0,60.0,0.0,1.0,60.0,0.0,1.0,60.0,0.0,1.0,60.0,0.0,1.0,60.0,0.0,1.0,60.0,0.0,1.0,60.0,0.0,1.0,60.0,0.0,1.0,60.0,0.0,1.0,60.0,0.0,60.0,0.0,0.0,0.0,1.0,60.0,0.0,60.0,0.0,0.0,0.0,1.0,60.0,0.0,60.0,0.0,0.0,0.0,1.0,60.0,0.0,60.0,0.0,0.0,0.0,1.0,60.0,0.0,60.0,0.0,0.0,0.0,1.0,1505913473.090916,0.0,1.0,1505913473.090916,0.0,1.0,1505913473.090916,0.0,1.0,1505913473.090916,0.0,1.0,1505913473.090916,0.0,1.0,60.0,0.0,60.0,0.0,0.0,0.0,1.0,60.0,0.0,60.0,0.0,0.0,0.0,1.0,60.0,0.0,60.0,0.0,0.0,0.0,1.0,60.0,0.0,60.0,0.0,0.0,0.0,1.0,60.0,0.0,60.0,0.0,0.0,0.0
159.3775597906,74.01257202691713,0.3312126380269546,259.8643495897254,74.02763718315911,4.294592311349335,682.2843191918618,74.46933843415296,357.97007066930473,6604.465481349672,74.63105252080206,481.9209424998062,19657.781876125995,74.32261996188271,219.7957666436341,159.3775597906,74.01257202691713,0.3312126380269546,259.8643495897254,74.02763718315911,4.294592311349335,682.2843191918618,74.46933843415296,357.97007066930473,6604.465481349672,74.63105252080206,481.9209424998062,19657.781876125995,74.32261996188271,219.7957666436341,159.29430807578527,73.99999999999993,1.3486991523486091e-06,95.2680429105164,2.9118037843694986e-12,4.2472285842910377e-29,2.0884325795283365e-17,259.61220027913606,74.00000000000007,1.6518123698891422e-06,95.26804291051648,3.551690349880416e-12,-9.820818524160551e-29,-3.9429101517297335e-17,680.7409770169041,73.99999829125106,0.004891059939836,95.26804158323586,2.392246733507049e-05,-3.0443466853169283e-19,-2.1755535672361736e-11,6583.690425790417,73.99884531855923,0.1271385338183048,95.26714600784508,0.0161642067814682,2.9586956944925915e-17,4.011641840073876e-11,19598.595345541868,73.99824545818785,0.1567179211755284,95.26668006648607,0.0245605068175791,3.6600137468386757e-16,4.3632358682402077e-10,159.29430807578515,0.0018440223061632,1.7026801178757847e-05,259.6122002791364,0.0018916287936133,5.099144588090329e-05,680.7409770169065,0.0023265260005866,676.0634075181832,6583.690425790501,12304.604117908048,18529518885158.81,19598.5953455414,57365.24776414732,86383826103641.27,1.0,74.0,0.0,74.0,0.0,0.0,0.0,1.0,74.0,0.0,74.0,0.0,0.0,0.0,1.0,74.0,0.0,74.0,0.0,0.0,0.0,1.0,74.0,0.0,74.0,0.0,0.0,0.0,1.0,74.0,0.0,74.0,0.0,0.0,0.0
188.42144209283248,74.00967609994419,0.2322982465257155,293.38826141273154,74.01933437296542,0.468915518204085,813.6044254164456,74.0346502313653,1.5047150278760455,6909.3366381457545,74.12112368354808,34.48985586568779,34177.131345176385,74.29012633489087,177.11987777771176,188.42144209283248,74.00967609994419,0.2322982465257155,293.38826141273154,74.01933437296542,0.468915518204085,813.6044254164456,74.0346502313653,1.5047150278760455,6909.3366381457545,74.12112368354808,34.48985586568779,34177.131345176385,74.29012633489087,177.11987777771176,188.345441876099,73.99999564366013,0.0078095286905744,95.26803952670448,6.098873836890616e-05,1.6670500907144802e-19,7.46109351443437e-12,293.1502240434356,73.99986202287056,0.0439506630570801,95.26793573602754,0.0019316607831569,2.6725708670321188e-17,2.3282685948475448e-10,812.4228621803398,73.99754565467063,0.1853505079482798,95.2661364962128,0.0343548107966853,4.803969126154466e-16,6.794325500084629e-10,6888.8626339823095,73.99786202356313,0.1729945062395935,95.2663822345442,0.0299270991890807,1.108979480777408e-16,2.744198275783493e-10,34071.9739030612,73.99821217617038,0.1581971470005216,95.2666542147323,0.0250263373191046,1.1489127133565677e-17,6.116774249819559e-12,188.3454418760988,0.0015675449874087,1.894376908727281e-05,293.1502240434358,0.0016644799285877,2.103244346145636e-05,812.4228621803431,0.0017884997351547,3.6953959885026285e-05,6888.862633982416,427.3964619060996,643619103109.665,34071.97390305984,23687.575416220785,35670895017570.56,1.0,74.0,0.0,95.26804291051644,0.0,0.0,0.0,1.0,74.0,0.0,95.26804291051644,0.0,0.0,0.0,1.0,74.0,0.0,95.26804291051644,0.0,0.0,0.0,1.0209700192818778,74.0,9.5367431640625e-07,95.26804291051644,9.094947017729282e-13,0.0,0.0,1.6794537235039508,74.0,9.5367431640625e-07,95.26804291051644,9.094947017729282e-13,0.0,0.0
1.0,60.0,0.0,1.0,60.0,0.0,1.0,60.0,0.0,1.0,60.0,0.0,1.0,60.0,0.0,1.0,60.0,0.0,1.0,60.0,0.0,1.0,60.0,0.0,1.0,60.0,0.0,1.0,60.0,0.0,1.0,60.0,0.0,60.0,0.0,0.0,0.0,1.0,60.0,0.0,60.0,0.0,0.0,0.0,1.0,60.0,0.0,60.0,0.0,0.0,0.0,1.0,60.0,0.0,60.0,0.0,0.0,0.0,1.0,60.0,0.0,60.0,0.0,0.0,0.0,1.0,1505913443.372803,0.0,1.0,1505913443.372803,0.0,1.0,1505913443.372803,0.0,1.0,1505913443.372803,0.0,1.0,1505913443.372803,0.0,1.0,60.0,0.0,60.0,0.0,0.0,0.0,1.0,60.0,0.0,60.0,0.0,0.0,0.0,1.0,60.0,0.0,60.0,0.0,0.0,0.0,1.0,60.0,0.0,60.0,0.0,0.0,0.0,1.0,60.0,0.0,60.0,0.0,0.0,0.0
1.0,60.0,0.0,1.0,60.0,0.0,1.0,60.0,0.0,1.0,60.0,0.0,1.0,60.0,0.0,1.0,60.0,0.0,1.0,60.0,0.0,1.0,60.0,0.0,1.0,60.0,0.0,1.0,60.0,0.0,1.0,60.0,0.0,60.0,0.0,0.0,0.0,1.0,60.0,0.0,60.0,0.0,0.0,0.0,1.0,60.0,0.0,60.0,0.0,0.0,0.0,1.0,60.0,0.0,60.0,0.0,0.0,0.0,1.0,60.0,0.0,60.0,0.0,0.0,0.0,1.0,1505913446.954698,0.0,1.0,1505913446.954698,0.0,1.0,1505913446.954698,0.0,1.0,1505913446.954698,0.0,1.0,1505913446.954698,0.0,1.0,60.0,0.0,60.0,0.0,0.0,0.0,1.0,60.0,0.0,60.0,0.0,0.0,0.0,1.0,60.0,0.0,60.0,0.0,0.0,0.0,1.0,60.0,0.0,60.0,0.0,0.0,0.0,1.0,60.0,0.0,60.0,0.0,0.0,0.0
134.04375455595792,380.1973922711422,55614.930837516935,227.0044967464701,369.87838902461584,57030.293157762266,661.436721336418,375.3100459767449,56332.38138357818,6415.90054735841,382.3088346334117,55334.20485697893,53975.405705478406,383.0887242391863,55216.2181710203,134.04375455595792,380.1973922711422,55614.930837516935,227.0044967464701,369.87838902461584,57030.293157762266,661.436721336418,375.3100459767449,56332.38138357818,6415.90054735841,382.3088346334117,55334.20485697893,53975.405705478406,383.0887242391863,55216.2181710203,86.86301160840851,553.9999957266683,0.0459459020075805,553.9999957266683,0.0021110259112901,0.0,0.0,142.37254519461763,553.9992657813525,0.6022486801839614,553.9992657813525,0.3627034727833234,0.0,0.0,422.2121051845562,553.9302777856345,5.868382461023384,553.9302777856345,34.43791270884685,0.0,0.0,4186.751841640607,553.9044223543658,6.870678413171773,553.9044223543658,47.2062218572246,0.0,0.0,35303.926489640784,553.95241737678,4.848046179875127,553.95241737678,23.503551762201823,0.0,0.0,86.86301160840851,0.0035530889990408,0.0001455704990025,142.37254519461763,0.0035144919729719,0.0001331934014448,422.2121051845562,0.003455724772073,0.0001035262686006,4186.751841640607,0.0068670720828525,5152625.982403143,35303.926489640784,6733.015075459875,10151019548077.389,1.0,554.0,0.0,554.0,0.0,0.0,0.0,1.0,554.0,0.0,554.0,0.0,0.0,0.0,1.0,554.0,0.0,554.0,0.0,0.0,0.0,1.0,554.0,0.0,554.0,0.0,0.0,0.0,1.0,554.0,0.0,554.0,0.0,0.0,0.0
168.93692473962489,86.35384387510283,10067.63077700434,278.536566845229,83.77667588597522,7997.959691045166,821.0205992373633,78.9034805808929,3991.0992142621735,7171.256528857331,75.19898499007823,895.6834102842896,22399.018171936,74.55683381383669,390.16930688304,168.93692473962489,86.35384387510283,10067.63077700434,278.536566845229,83.77667588597522,7997.959691045166,821.0205992373633,78.9034805808929,3991.0992142621735,7171.256528857331,75.19898499007823,895.6834102842896,22399.018171936,74.55683381383669,390.16930688304,165.63492087694593,73.99999988506102,0.0012685216387488,95.26804282123696,1.609147147997196e-06,-3.283416025295077e-21,-8.805745798359045e-13,274.309557973825,73.99998458363908,0.014691112953414,95.26803093577,0.0002158287998099,-1.359275859318302e-18,-3.327693791838646e-11,814.1793675824623,73.99884624923472,0.12708729121247,95.26714673074804,0.0161511795877231,-6.767619140199288e-17,-7.896755618173339e-10,7142.193911709455,73.99782720945981,0.1743970942184634,95.26635519280192,0.0304143464718436,2.4451016999434813e-16,3.099319418589261e-10,22323.81321916317,73.99791744652661,0.1707378444753152,95.26642528416264,0.0291514115360769,-6.282783005329007e-16,-1.0501595716599583e-09,165.63492087694598,0.0017693642164661,1.29184270425123e-05,274.3095579738248,0.0017699496014004,1.3226628532726849e-05,814.1793675824648,0.0017795692591027,6.095760595248003,7142.193911709544,7210.796264185103,10858782825380.527,22323.81321916243,48131.92366353369,72480209800235.19,1.0,74.0,0.0,74.0,0.0,0.0,0.0,1.0,74.0,0.0,74.0,0.0,0.0,0.0,1.0,74.0,0.0,74.0,0.0,0.0,0.0,1.0,74.0,0.0,74.0,0.0,0.0,0.0,1.0,74.0,0.0,74.0,0.0,0.0,0.0
121.79387850244116,436.3081513712773,48804.09980539832,211.4916956132494,408.4194947440183,54904.12002251626,639.0032053097793,393.7688925122725,57485.337616671975,5290.748930109039,390.49782143507446,58000.06278065909,10515.167111993776,389.8581538228248,58098.62084348095,121.79387850244116,436.3081513712773,48804.09980539832,211.4916956132494,408.4194947440183,54904.12002251626,639.0032053097793,393.7688925122725,57485.337616671975,5290.748930109039,390.49782143507446,58000.06278065909,10515.167111993776,389.8581538228248,58098.62084348095,90.5771329399044,566.0,1.0789593218788871e-05,566.0,1.1641532182693479e-10,0.0,0.0,145.62812199208452,565.9999999999999,1.0789593218788871e-05,565.9999999999999,1.1641532182693479e-10,0.0,0.0,421.5006417132132,565.9999999565871,0.0046868768416879,565.9999999565871,2.1966814529150728e-05,0.0,0.0,3455.806177428373,565.9736106800952,3.6540798396409984,565.9736106800952,13.352299474470785,0.0,0.0,6855.470958987808,565.9378135268057,5.609143275033412,565.9378135268057,31.462488279852558,0.0,0.0,90.5771329399044,0.003296871115257,5.770478821014375e-05,145.62812199208452,0.0033771718303352,6.40604178401694e-05,421.5006417132132,0.0404173082951395,55735447.20139951,3455.806177428373,69372.26365046992,104584823943790.95,6855.470958987808,182982.16574817,275841021052310.8,1.0,566.0,0.0,566.0,0.0,0.0,0.0,1.0,566.0,0.0,566.0,0.0,0.0,0.0,1.0,566.0,0.0,566.0,0.0,0.0,0.0,1.0,566.0,0.0,566.0,0.0,0.0,0.0,1.0,566.0,0.0,566.0,0.0,0.0,0.0
99.762472353383,495.1063747426717,25624.99177501104,176.4812972841532,468.8713078626014,34806.67735232573,594.4695489626617,417.02115679157606,48903.878676648914,6334.181322298353,387.0559027129463,54597.71328985103,59978.76047390799,384.3545413985571,55022.09283786616,99.762472353383,495.1063747426717,25624.99177501104,176.4812972841532,468.8713078626014,34806.67735232573,594.4695489626617,417.02115679157606,48903.878676648914,6334.181322298353,387.0559027129463,54597.71328985103,59978.76047390799,384.3545413985571,55022.09283786616,1.0,60.0,0.0,60.0,0.0,0.0,0.0,1.0,60.0,0.0,60.0,0.0,0.0,0.0,1.0,60.0,0.0,60.0,0.0,0.0,0.0,1.0,60.0,0.0,60.0,0.0,0.0,0.0,1.0,60.0,0.0,60.0,0.0,0.0,0.0,1.0,1507656316.476475,0.0,1.0,1507656316.476475,0.0,1.0,1507656316.476475,0.0,1.0,1507656316.476475,0.0,1.0,1507656316.476475,0.0,1.0,60.0,0.0,60.0,0.0,0.0,0.0,1.0,60.0,0.0,60.0,0.0,0.0,0.0,1.0,60.0,0.0,60.0,0.0,0.0,0.0,1.0,60.0,0.0,60.0,0.0,0.0,0.0,1.0,60.0,0.0,60.0,0.0,0.0,0.0
1.0,60.0,0.0,1.0,60.0,0.0,1.0,60.0,0.0,1.0,60.0,0.0,1.0,60.0,0.0,1.0,60.0,0.0,1.0,60.0,0.0,1.0,60.0,0.0,1.0,60.0,0.0,1.0,60.0,0.0,1.0,60.0,0.0,60.0,0.0,0.0,0.0,1.0,60.0,0.0,60.0,0.0,0.0,0.0,1.0,60.0,0.0,60.0,0.0,0.0,0.0,1.0,60.0,0.0,60.0,0.0,0.0,0.0,1.0,60.0,0.0,60.0,0.0,0.0,0.0,1.0,1505913460.3061,0.0,1.0,1505913460.3061,0.0,1.0,1505913460.3061,0.0,1.0,1505913460.3061,0.0,1.0,1505913460.3061,0.0,1.0,60.0,0.0,60.0,0.0,0.0,0.0,1.0,60.0,0.0,60.0,0.0,0.0,0.0,1.0,60.0,0.0,60.0,0.0,0.0,0.0,1.0,60.0,0.0,60.0,0.0,0.0,0.0,1.0,60.0,0.0,60.0,0.0,0.0,0.0
144.19775445074004,60.00000000000034,1.0913936421275139e-11,167.3755304021924,60.00000001745482,8.3782060755766e-07,307.092761170072,60.00062100531639,0.0296042591317018,2352.244460102785,60.01970295976093,0.7643692141882639,22665.07332869486,60.02041698020162,0.7123531592592371,144.19775445074004,60.00000000000034,1.0913936421275139e-11,167.3755304021924,60.00000001745482,8.3782060755766e-07,307.092761170072,60.00062100531639,0.0296042591317018,2352.244460102785,60.01970295976093,0.7643692141882639,22665.07332869486,60.02041698020162,0.7123531592592371,1.0,60.0,0.0,60.0,0.0,0.0,0.0,1.0,60.0,0.0,60.0,0.0,0.0,0.0,1.0,60.0,0.0,60.0,0.0,0.0,0.0,1.0,60.0,0.0,60.0,0.0,0.0,0.0,1.0,60.0,0.0,60.0,0.0,0.0,0.0,1.0,1507653626.453313,0.0,1.0,1507653626.453313,0.0,1.0,1507653626.453313,0.0,1.0,1507653626.453313,0.0,1.0,1507653626.453313,0.0,1.0,60.0,0.0,60.0,0.0,0.0,0.0,1.0,60.0,0.0,60.0,0.0,0.0,0.0,1.0,60.0,0.0,60.0,0.0,0.0,0.0,1.0,60.0,0.0,60.0,0.0,0.0,0.0,1.0,60.0,0.0,60.0,0.0,0.0,0.0
1.0,60.0,0.0,1.0,60.0,0.0,1.0,60.0,0.0,1.0,60.0,0.0,1.0,60.0,0.0,1.0,60.0,0.0,1.0,60.0,0.0,1.0,60.0,0.0,1.0,60.0,0.0,1.0,60.0,0.0,1.0,60.0,0.0,60.0,0.0,0.0,0.0,1.0,60.0,0.0,60.0,0.0,0.0,0.0,1.0,60.0,0.0,60.0,0.0,0.0,0.0,1.0,60.0,0.0,60.0,0.0,0.0,0.0,1.0,60.0,0.0,60.0,0.0,0.0,0.0,1.0,1505913431.311624,0.0,1.0,1505913431.311624,0.0,1.0,1505913431.311624,0.0,1.0,1505913431.311624,0.0,1.0,1505913431.311624,0.0,1.0,60.0,0.0,60.0,0.0,0.0,0.0,1.0,60.0,0.0,60.0,0.0,0.0,0.0,1.0,60.0,0.0,60.0,0.0,0.0,0.0,1.0,60.0,0.0,60.0,0.0,0.0,0.0,1.0,60.0,0.0,60.0,0.0,0.0,0.0
194.7755884591525,67.49476674132154,48.75520587168285,315.2226328965682,68.0111140792965,47.977648318651525,741.8421334626055,68.81021372639167,45.72313580378522,5590.180204697882,69.38353506290184,43.42406797660078,52297.753111086975,69.39085044227538,43.43771674567597,194.7755884591525,67.49476674132154,48.75520587168285,315.2226328965682,68.0111140792965,47.977648318651525,741.8421334626055,68.81021372639167,45.72313580378522,5590.180204697882,69.38353506290184,43.42406797660078,52297.753111086975,69.39085044227538,43.43771674567597,1.0,60.0,0.0,60.0,0.0,0.0,0.0,1.0,60.0,0.0,60.0,0.0,0.0,0.0,1.0,60.0,0.0,60.0,0.0,0.0,0.0,1.0,60.0,0.0,60.0,0.0,0.0,0.0,1.0,60.0,0.0,60.0,0.0,0.0,0.0,1.0,1507657296.756668,0.0,1.0,1507657296.756668,0.0,1.0,1507657296.756668,0.0,1.0,1507657296.756668,0.0,1.0,1507657296.756668,0.0,1.0,60.0,0.0,60.0,0.0,0.0,0.0,1.0,60.0,0.0,60.0,0.0,0.0,0.0,1.0,60.0,0.0,60.0,0.0,0.0,0.0,1.0,60.0,0.0,60.0,0.0,0.0,0.0,1.0,60.0,0.0,60.0,0.0,0.0,0.0
1.0,60.0,0.0,1.0,60.0,0.0,1.0,60.0,0.0,1.0,60.0,0.0,1.0,60.0,0.0,1.0,60.0,0.0,1.0,60.0,0.0,1.0,60.0,0.0,1.0,60.0,0.0,1.0,60.0,0.0,1.0,60.0,0.0,60.0,0.0,0.0,0.0,1.0,60.0,0.0,60.0,0.0,0.0,0.0,1.0,60.0,0.0,60.0,0.0,0.0,0.0,1.0,60.0,0.0,60.0,0.0,0.0,0.0,1.0,60.0,0.0,60.0,0.0,0.0,0.0,1.0,1505913437.869627,0.0,1.0,1505913437.869627,0.0,1.0,1505913437.869627,0.0,1.0,1505913437.869627,0.0,1.0,1505913437.869627,0.0,1.0,60.0,0.0,60.0,0.0,0.0,0.0,1.0,60.0,0.0,60.0,0.0,0.0,0.0,1.0,60.0,0.0,60.0,0.0,0.0,0.0,1.0,60.0,0.0,60.0,0.0,0.0,0.0,1.0,60.0,0.0,60.0,0.0,0.0,0.0
1.0,60.0,0.0,1.0,60.0,0.0,1.0,60.0,0.0,1.0,60.0,0.0,1.0,60.0,0.0,1.0,60.0,0.0,1.0,60.0,0.0,1.0,60.0,0.0,1.0,60.0,0.0,1.0,60.0,0.0,1.0,60.0,0.0,60.0,0.0,0.0,0.0,1.0,60.0,0.0,60.0,0.0,0.0,0.0,1.0,60.0,0.0,60.0,0.0,0.0,0.0,1.0,60.0,0.0,60.0,0.0,0.0,0.0,1.0,60.0,0.0,60.0,0.0,0.0,0.0,1.0,1505913459.0494769,0.0,1.0,1505913459.0494769,0.0,1.0,1505913459.0494769,0.0,1.0,1505913459.0494769,0.0,1.0,1505913459.0494769,0.0,1.0,60.0,0.0,60.0,0.0,0.0,0.0,1.0,60.0,0.0,60.0,0.0,0.0,0.0,1.0,60.0,0.0,60.0,0.0,0.0,0.0,1.0,60.0,0.0,60.0,0.0,0.0,0.0,1.0,60.0,0.0,60.0,0.0,0.0,0.0
194.9038623513854,74.01550159970316,0.8667386747656565,311.5005145652148,74.03718254795331,5.456326764911863,856.5081778544272,74.19279304900743,64.08890835786589,7724.492397082829,74.49980448244419,347.06958885006765,39873.16400570612,74.35887397710052,235.91745214603816,194.9038623513854,74.01550159970316,0.8667386747656565,311.5005145652148,74.03718254795331,5.456326764911863,856.5081778544272,74.19279304900743,64.08890835786589,7724.492397082829,74.49980448244419,347.06958885006765,39873.16400570612,74.35887397710052,235.91745214603816,194.68315331918905,73.99999999997989,1.68182297597393e-05,95.26804291050084,2.8285870103143647e-10,-1.039608085977367e-24,-4.58325776564301e-14,310.86407273253,73.99999991650259,0.0010811882737157,95.26804284565932,1.168968083231237e-06,8.322766053559971e-21,3.441794441383685e-12,853.4830853762116,73.99979848241745,0.0531150217017852,95.26788638066029,0.0028212055303811,-1.3890998286339618e-17,-1.9391035878807277e-10,7699.284428512502,73.99832654804709,0.1530539996080401,95.26674305292153,0.0234255267960179,1.9032403325563558e-16,2.2698224793282387e-10,39750.82914873753,73.99832235672139,0.1532455266878114,95.26673979731471,0.0234841914498247,3.2003653126157816e-16,5.023829147711779e-10,194.6831533191892,0.001508802367522,1.3779453809239417e-05,310.8640727325308,0.0015683420076504,1.8748102339086967e-05,853.4830853762137,0.0016998656417284,2.488598530346647e-05,7699.284428512584,100.41379525971684,151211736075.71313,39750.82914873578,17762.236794627563,26748088383570.44,1.0,74.0,0.0,95.26804291051644,0.0,0.0,0.0,1.0,74.0,0.0,95.26804291051644,0.0,0.0,0.0,1.0,74.0,0.0,95.26804291051644,0.0,0.0,0.0,1.0200434312295934,73.99999999999999,9.5367431640625e-07,95.26804291051644,9.094947017729282e-13,0.0,0.0,1.676390044899019,74.0,0.0,95.26804291051644,0.0,0.0,0.0
1.0,60.0,0.0,1.0,60.0,0.0,1.0,60.0,0.0,1.0,60.0,0.0,1.0,60.0,0.0,1.0,60.0,0.0,1.0,60.0,0.0,1.0,60.0,0.0,1.0,60.0,0.0,1.0,60.0,0.0,1.0,60.0,0.0,60.0,0.0,0.0,0.0,1.0,60.0,0.0,60.0,0.0,0.0,0.0,1.0,60.0,0.0,60.0,0.0,0.0,0.0,1.0,60.0,0.0,60.0,0.0,0.0,0.0,1.0,60.0,0.0,60.0,0.0,0.0,0.0,1.0,1505913446.195141,0.0,1.0,1505913446.195141,0.0,1.0,1505913446.195141,0.0,1.0,1505913446.195141,0.0,1.0,1505913446.195141,0.0,1.0,60.0,0.0,60.0,0.0,0.0,0.0,1.0,60.0,0.0,60.0,0.0,0.0,0.0,1.0,60.0,0.0,60.0,0.0,0.0,0.0,1.0,60.0,0.0,60.0,0.0,0.0,0.0,1.0,60.0,0.0,60.0,0.0,0.0,0.0
181.5733236129209,67.15272506185154,48.97673600977032,276.78055564692096,67.68624447970447,48.52978422016621,757.6264572138707,68.59306209230796,46.46683344322446,6156.478063978524,69.16151430665855,44.40062191214111,53065.18424254644,69.36029983993294,43.576400661988366,181.5733236129209,67.15272506185154,48.97673600977032,276.78055564692096,67.68624447970447,48.52978422016621,757.6264572138707,68.59306209230796,46.46683344322446,6156.478063978524,69.16151430665855,44.40062191214111,53065.18424254644,69.36029983993294,43.576400661988366,92.76664247834628,73.99999999999997,1.9073486328125e-06,73.99999999999997,3.637978807091713e-12,0.0,0.0,151.9432088856566,74.00000000000007,3.438521647895802e-06,74.00000000000007,1.1823431123048067e-11,0.0,0.0,464.7704017388329,73.99999999937825,9.330912484892484e-05,73.99999999937825,8.706592780072242e-09,0.0,0.0,4026.884310490509,73.99891385305858,0.1233080591697032,73.99891385305858,0.015204877456199,0.0,0.0,35457.66929944395,73.99792310484213,0.1705057734456823,73.99792310484213,0.0290722187783103,0.0,0.0,92.76664247834628,0.0034780817853795,0.0002415899679409,151.9432088856566,0.0033481515838948,0.0001842588296985,464.7704017388329,0.0032075059971613,0.0004577487873476,4026.884310490509,0.0225811546260426,28521657.888247207,35457.66929944395,7924.0360114607165,11946661042186.84,1.0,74.0,0.0,74.0,0.0,0.0,0.0,1.0,74.0,0.0,74.0,0.0,0.0,0.0,1.0,74.0,0.0,74.0,0.0,0.0,0.0,1.0,74.0,0.0,74.0,0.0,0.0,0.0,1.0,74.0,0.0,74.0,0.0,0.0,0.0
1.0,60.0,0.0,1.0,60.0,0.0,1.0,60.0,0.0,1.0,60.0,0.0,1.0,60.0,0.0,1.0,60.0,0.0,1.0,60.0,0.0,1.0,60.0,0.0,1.0,60.0,0.0,1.0,60.0,0.0,1.0,60.0,0.0,60.0,0.0,0.0,0.0,1.0,60.0,0.0,60.0,0.0,0.0,0.0,1.0,60.0,0.0,60.0,0.0,0.0,0.0,1.0,60.0,0.0,60.0,0.0,0.0,0.0,1.0,60.0,0.0,60.0,0.0,0.0,0.0,1.0,1505913580.824763,0.0,1.0,1505913580.824763,0.0,1.0,1505913580.824763,0.0,1.0,1505913580.824763,0.0,1.0,1505913580.824763,0.0,1.0,60.0,0.0,60.0,0.0,0.0,0.0,1.0,60.0,0.0,60.0,0.0,0.0,0.0,1.0,60.0,0.0,60.0,0.0,0.0,0.0,1.0,60.0,0.0,60.0,0.0,0.0,0.0,1.0,60.0,0.0,60.0,0.0,0.0,0.0
34.77185238252028,74.1476499224343,3.5217976388321404,47.68804783410175,74.22244730298573,5.289252564876733,127.4276915636048,74.27086930588699,6.742176408767589,1023.1319624792868,74.74829391586998,204.483117217038,8647.4332719664,76.35153477555949,1461.5115865160572,34.77185238252028,74.1476499224343,3.5217976388321404,47.68804783410175,74.22244730298573,5.289252564876733,127.4276915636048,74.27086930588699,6.742176408767589,1023.1319624792868,74.74829391586998,204.483117217038,8647.4332719664,76.35153477555949,1461.5115865160572,1.000029358151224,74.0,9.5367431640625e-07,74.0,9.094947017729282e-13,0.0,0.0,1.001908258571958,74.0,9.5367431640625e-07,74.0,9.094947017729282e-13,0.0,0.0,1.1240354254480511,74.0,0.0,74.0,0.0,0.0,0.0,1.8116234267844389,74.0,0.0,74.0,0.0,0.0,0.0,1.9793444295029832,74.0,9.5367431640625e-07,74.0,9.094947017729282e-13,0.0,0.0,1.000029358151224,44212.5384253934,66573752710307.13,1.001908258571958,2868201.3703258657,4311030983075351.0,1.1240354254480511,166174992.26735362,2.226309697777129e+17,1.8116234267844389,674662490.9574653,5.608136207270501e+17,1.9793444295029832,745099039.4117906,5.668818418938412e+17,1.000029358151224,74.0,9.5367431640625e-07,74.0,9.094947017729282e-13,0.0,0.0,1.001908258571958,74.0,9.5367431640625e-07,74.0,9.094947017729282e-13,0.0,0.0,1.1240354254480511,74.0,0.0,74.0,0.0,0.0,0.0,1.8116234267844389,74.0,0.0,74.0,0.0,0.0,0.0,1.9793444295029832,74.0,9.5367431640625e-07,74.0,9.094947017729282e-13,0.0,0.0
181.94184140397368,64.8134702387679,44.219087612085794,271.4971091126088,66.38779627857383,48.62521023888166,722.9702035150948,68.40847454690855,47.01706604931405,6292.936462071783,69.29072587557927,43.80125041491374,15895.534727386685,69.30792615807472,43.76071645773118,181.94184140397368,64.8134702387679,44.219087612085794,271.4971091126088,66.38779627857383,48.62521023888166,722.9702035150948,68.40847454690855,47.01706604931405,6292.936462071783,69.29072587557927,43.80125041491374,15895.534727386685,69.30792615807472,43.76071645773118,1.0,60.0,0.0,60.0,0.0,0.0,0.0,1.0,60.0,0.0,60.0,0.0,0.0,0.0,1.0,60.0,0.0,60.0,0.0,0.0,0.0,1.0,60.0,0.0,60.0,0.0,0.0,0.0,1.0,60.0,0.0,60.0,0.0,0.0,0.0,1.0,1507657097.923379,0.0,1.0,1507657097.923379,0.0,1.0,1507657097.923379,0.0,1.0,1507657097.923379,0.0,1.0,1507657097.923379,0.0,1.0,60.0,0.0,60.0,0.0,0.0,0.0,1.0,60.0,0.0,60.0,0.0,0.0,0.0,1.0,60.0,0.0,60.0,0.0,0.0,0.0,1.0,60.0,0.0,60.0,0.0,0.0,0.0,1.0,60.0,0.0,60.0,0.0,0.0,0.0
1.0,60.0,0.0,1.0,60.0,0.0,1.0,60.0,0.0,1.0,60.0,0.0,1.0,60.0,0.0,1.0,60.0,0.0,1.0,60.0,0.0,1.0,60.0,0.0,1.0,60.0,0.0,1.0,60.0,0.0,1.0,60.0,0.0,60.0,0.0,0.0,0.0,1.0,60.0,0.0,60.0,0.0,0.0,0.0,1.0,60.0,0.0,60.0,0.0,0.0,0.0,1.0,60.0,0.0,60.0,0.0,0.0,0.0,1.0,60.0,0.0,60.0,0.0,0.0,0.0,1.0,1505913448.6543062,0.0,1.0,1505913448.6543062,0.0,1.0,1505913448.6543062,0.0,1.0,1505913448.6543062,0.0,1.0,1505913448.6543062,0.0,1.0,60.0,0.0,60.0,0.0,0.0,0.0,1.0,60.0,0.0,60.0,0.0,0.0,0.0,1.0,60.0,0.0,60.0,0.0,0.0,0.0,1.0,60.0,0.0,60.0,0.0,0.0,0.0,1.0,60.0,0.0,60.0,0.0,0.0,0.0
117.41251589712792,72.68412215275634,18.632438774347065,207.3084573034432,71.54360557395674,30.77225993430329,656.6921365119981,70.07561090640709,41.21756217442544,6520.529375165106,69.42183475604578,43.42807593258567,24075.371196710785,69.36812625904705,43.56552495641154,117.41251589712792,72.68412215275634,18.632438774347065,207.3084573034432,71.54360557395674,30.77225993430329,656.6921365119981,70.07561090640709,41.21756217442544,6520.529375165106,69.42183475604578,43.42807593258567,24075.371196710785,69.36812625904705,43.56552495641154,105.89781860331024,73.99999999999999,1.9073486328125e-06,73.99999999999999,3.637978807091713e-12,0.0,0.0,169.88229368191114,74.00000000000007,1.3486991523486091e-06,74.00000000000007,1.8189894035458565e-12,0.0,0.0,470.2768208956281,73.99999999990773,3.598778202841417e-05,73.99999999990773,1.2951204553246496e-09,0.0,0.0,4382.900557126244,73.99950821169185,0.0829746613368673,73.99950821169185,0.0068847944239678,0.0,0.0,16097.37977101943,73.99872174641989,0.1337681436892782,73.99872174641989,0.0178939162660753,0.0,0.0,105.89781860331024,0.0028136944681727,4.875510465315774e-05,169.88229368191114,0.0029102480153572,7.382778852872742e-05,470.2768208956281,0.003107286324817,0.0002222945491952,4382.900557126244,3750.3517214945855,5654225266243.86,16097.37977101943,59607.439464228206,89864018901573.25,1.0,74.0,0.0,74.0,0.0,0.0,0.0,1.0,74.0,0.0,74.0,0.0,0.0,0.0,1.0,74.0,0.0,74.0,0.0,0.0,0.0,1.0,74.0,0.0,74.0,0.0,0.0,0.0,1.0,74.0,0.0,74.0,0.0,0.0,0.0
1.0,60.0,0.0,1.0,60.0,0.0,1.0,60.0,0.0,1.0,60.0,0.0,1.0,60.0,0.0,1.0,60.0,0.0,1.0,60.0,0.0,1.0,60.0,0.0,1.0,60.0,0.0,1.0,60.0,0.0,1.0,60.0,0.0,60.0,0.0,0.0,0.0,1.0,60.0,0.0,60.0,0.0,0.0,0.0,1.0,60.0,0.0,60.0,0.0,0.0,0.0,1.0,60.0,0.0,60.0,0.0,0.0,0.0,1.0,60.0,0.0,60.0,0.0,0.0,0.0,1.0,1505913464.988697,0.0,1.0,1505913464.988697,0.0,1.0,1505913464.988697,0.0,1.0,1505913464.988697,0.0,1.0,1505913464.988697,0.0,1.0,60.0,0.0,60.0,0.0,0.0,0.0,1.0,60.0,0.0,60.0,0.0,0.0,0.0,1.0,60.0,0.0,60.0,0.0,0.0,0.0,1.0,60.0,0.0,60.0,0.0,0.0,0.0,1.0,60.0,0.0,60.0,0.0,0.0,0.0
185.42314083902093,273.03123664472326,59854.95668930602,274.03493745153884,304.62604202572635,61002.36704655352,702.2789936440989,353.5130016548681,58841.91329159564,6512.524938484069,381.3001583924485,55485.386170387785,59316.4413047686,383.874006501214,55096.12561958723,185.42314083902093,273.03123664472326,59854.95668930602,274.03493745153884,304.62604202572635,61002.36704655352,702.2789936440989,353.5130016548681,58841.91329159564,6512.524938484069,381.3001583924485,55485.386170387785,59316.4413047686,383.874006501214,55096.12561958723,79.96124811925179,554.0000000000003,1.52587890625e-05,554.0000000000003,2.3283064365386963e-10,0.0,0.0,135.69941618548373,554.0000000000003,1.3214498959113138e-05,554.0000000000003,1.7462298274040222e-10,0.0,0.0,417.2524359474775,553.9999972722999,0.0367080894933495,553.9999972722999,0.0013474838342517,0.0,0.0,4235.983284535725,553.9660555635731,4.0948015054363855,553.9660555635731,16.767399368924092,0.0,0.0,38891.20325488408,553.9583102966391,4.53794837249953,553.9583102966391,20.592975431471128,0.0,0.0,79.96124811925179,0.0038803443198371,0.0001617493717061,135.69941618548373,0.003690797638259,0.000140200644644,417.2524359474775,0.0035079346507946,0.0001382530861096,4235.983284535725,0.0034140312512985,6208.544939471138,38891.20325488408,3124.53426060556,4710707685690.324,1.0,554.0,0.0,554.0,0.0,0.0,0.0,1.0,554.0,0.0,554.0,0.0,0.0,0.0,1.0,554.0,0.0,554.0,0.0,0.0,0.0,1.0,554.0,0.0,554.0,0.0,0.0,0.0,1.0,554.0,0.0,554.0,0.0,0.0,0.0
327.4492702201724,447.3539138341447,41309.77883676917,460.5671022423516,436.34760772415007,44278.18839629085,953.0026722908292,415.2796392860664,49283.25801018515,6755.376066519264,387.6989760798562,54492.56375864609,57665.76385202138,383.6966134529672,55123.2065881418,327.4492702201724,447.3539138341447,41309.77883676917,460.5671022423516,436.34760772415007,44278.18839629085,953.0026722908292,415.2796392860664,49283.25801018515,6755.376066519264,387.6989760798562,54492.56375864609,57665.76385202138,383.6966134529672,55123.2065881418,256.75861614669026,553.9999999999997,1.3214498959113138e-05,553.9999999999997,1.7462298274040222e-10,0.0,0.0,350.8771637347737,553.9999999999999,1.0789593218788871e-05,553.9999999999999,1.1641532182693479e-10,0.0,0.0,685.3841129567195,553.9999997250849,0.0116536572769755,553.9999997250849,0.0001358077279292,0.0,0.0,4481.352363027909,553.9733963655191,3.6251189883153145,553.9733963655191,13.141487679444252,0.0,0.0,37788.10106370563,553.9592642945133,4.485730611066127,553.9592642945133,20.121779115055688,0.0,0.0,256.75861614669026,0.0011725299301967,3.0156335657343145e-05,350.8771637347737,0.0014103999701448,3.9541066807906415e-05,685.3841129567195,0.0021297528422281,6.954458644266698e-05,4481.352363027909,0.003275106360631,78613.89320249906,37788.10106370563,4168.481887747977,6284613884992.166,1.0,554.0,0.0,554.0,0.0,0.0,0.0,1.0,554.0,0.0,554.0,0.0,0.0,0.0,1.0,554.0,0.0,554.0,0.0,0.0,0.0,1.0,554.0,0.0,554.0,0.0,0.0,0.0,1.0,554.0,0.0,554.0,0.0,0.0,0.0
144.64049180368602,60.00000001351941,6.489358383987565e-07,164.51416945961984,60.00001074103768,0.0005155663429832,302.07503765678064,60.00533905429204,0.2544955728972127,2347.0929983197143,60.02444584505127,0.9482517937231024,22655.40306242426,60.020866470024174,0.7280265838162451,144.64049180368602,60.00000001351941,6.489358383987565e-07,164.51416945961984,60.00001074103768,0.0005155663429832,302.07503765678064,60.00533905429204,0.2544955728972127,2347.0929983197143,60.02444584505127,0.9482517937231024,22655.40306242426,60.020866470024174,0.7280265838162451,1.0,60.0,0.0,60.0,0.0,0.0,0.0,1.0,60.0,0.0,60.0,0.0,0.0,0.0,1.0,60.0,0.0,60.0,0.0,0.0,0.0,1.0,60.0,0.0,60.0,0.0,0.0,0.0,1.0,60.0,0.0,60.0,0.0,0.0,0.0,1.0,1507653623.373174,0.0,1.0,1507653623.373174,0.0,1.0,1507653623.373174,0.0,1.0,1507653623.373174,0.0,1.0,1507653623.373174,0.0,1.0,60.0,0.0,60.0,0.0,0.0,0.0,1.0,60.0,0.0,60.0,0.0,0.0,0.0,1.0,60.0,0.0,60.0,0.0,0.0,0.0,1.0,60.0,0.0,60.0,0.0,0.0,0.0,1.0,60.0,0.0,60.0,0.0,0.0,0.0
168.6856394120217,239.7719635457888,56489.12390872416,252.1157852796504,288.62365778009035,60669.95067452929,675.3793761838182,347.7647027386264,59343.25484774889,6359.92401446133,378.3133322376602,55920.17548684481,24024.67985031444,381.2616538094399,55491.19694608427,168.6856394120217,239.7719635457888,56489.12390872416,252.1157852796504,288.62365778009035,60669.95067452929,675.3793761838182,347.7647027386264,59343.25484774889,6359.92401446133,378.3133322376602,55920.17548684481,24024.67985031444,381.2616538094399,55491.19694608427,1.0,60.0,0.0,60.0,0.0,0.0,0.0,1.0,60.0,0.0,60.0,0.0,0.0,0.0,1.0,60.0,0.0,60.0,0.0,0.0,0.0,1.0,60.0,0.0,60.0,0.0,0.0,0.0,1.0,60.0,0.0,60.0,0.0,0.0,0.0,1.0,1507655992.585555,0.0,1.0,1507655992.585555,0.0,1.0,1507655992.585555,0.0,1.0,1507655992.585555,0.0,1.0,1507655992.585555,0.0,1.0,60.0,0.0,60.0,0.0,0.0,0.0,1.0,60.0,0.0,60.0,0.0,0.0,0.0,1.0,60.0,0.0,60.0,0.0,0.0,0.0,1.0,60.0,0.0,60.0,0.0,0.0,0.0,1.0,60.0,0.0,60.0,0.0,0.0,0.0
103.5286480518936,73.01812155058461,12.782213009236331,188.5415468440537,71.92226481158411,24.77131232575903,650.5174692662584,70.31950657190954,37.98166633705114,6214.892393353547,69.39411799643642,43.3276221102069,53292.12434611774,69.38516890719588,43.45494990814223,103.5286480518936,73.01812155058461,12.782213009236331,188.5415468440537,71.92226481158411,24.77131232575903,650.5174692662584,70.31950657190954,37.98166633705114,6214.892393353547,69.39411799643642,43.3276221102069,53292.12434611774,69.38516890719588,43.45494990814223,96.2677516856113,73.99999999999999,9.5367431640625e-07,73.99999999999999,9.094947017729282e-13,0.0,0.0,160.5601175654662,73.99999999999993,2.523185072960464e-06,73.99999999999993,6.366462912410497e-12,0.0,0.0,479.4646640697815,73.99999999991275,3.468805976767199e-05,73.99999999991275,1.203261490445584e-09,0.0,0.0,4168.697606982698,73.99913506136295,0.1100381424230827,73.99913506136295,0.0121083927879226,0.0,0.0,35704.473971047,73.99797691134158,0.1682829415421668,73.99797691134158,0.0283191484140843,0.0,0.0,96.2677516856113,0.0030701829713254,3.669944264728573e-05,160.5601175654662,0.0030660675817359,6.466621746967048e-05,479.4646640697815,0.0030575103315264,0.0001583522859946,4168.697606982698,0.018590898720936,22712842.02991836,35704.473971047,7718.746650266601,11637158311834.107,1.0,74.0,0.0,74.0,0.0,0.0,0.0,1.0,74.0,0.0,74.0,0.0,0.0,0.0,1.0,74.0,0.0,74.0,0.0,0.0,0.0,1.0,74.0,0.0,74.0,0.0,0.0,0.0,1.0,74.0,0.0,74.0,0.0,0.0,0.0
129.70640571389814,411.5571972763024,50076.79246164591,220.7477409721436,388.61541285168266,54347.91806384301,651.3127101921184,379.61141747994026,55735.94315087973,6404.916825022294,382.5606375570467,55297.158840478114,53894.67022682958,383.1159746281885,55212.176692272216,129.70640571389814,411.5571972763024,50076.79246164591,220.7477409721436,388.61541285168266,54347.91806384301,651.3127101921184,379.61141747994026,55735.94315087973,6404.916825022294,382.5606375570467,55297.158840478114,53894.67022682958,383.1159746281885,55212.176692272216,92.30613889563875,553.9998682356965,0.2551304544318109,553.9998682356965,0.0650915487785823,0.0,0.0,146.84606344353017,553.9942237566166,1.6892101309650156,553.9942237566166,2.853430866554845,0.0,0.0,421.5086320046847,553.8596602310097,8.325151688120249,553.8596602310097,69.30815063021146,0.0,0.0,4182.934373266476,553.8974203919777,7.11785106528317,553.8974203919777,50.66380378755274,0.0,0.0,35254.14529186942,553.9520164854335,4.868424157344192,553.9520164854335,23.701553775812503,0.0,0.0,92.30613889563875,0.0032036822672862,3.731125283587563e-05,146.84606344353017,0.0033370539878674,5.2042780029677366e-05,421.5086320046847,0.0034547511245855,8.336481160114647e-05,4182.934373266476,0.007120547038292,5530104.346668785,35254.14529186942,6789.7417948742,10236543155092.637,1.0,554.0,0.0,554.0,0.0,0.0,0.0,1.0,554.0,0.0,554.0,0.0,0.0,0.0,1.0,554.0,0.0,554.0,0.0,0.0,0.0,1.0,554.0,0.0,554.0,0.0,0.0,0.0,1.0,554.0,0.0,554.0,0.0,0.0,0.0
128.77528850712423,383.5576746581344,55147.92245093919,218.6032599793373,367.4219668598941,57358.185920781536,648.0624956941274,369.767493647206,57069.24052749338,6449.014997765096,381.8774414342077,55400.28459831936,49206.58989963389,382.77072722898765,55264.66909261864,128.77528850712423,383.5576746581344,55147.92245093919,218.6032599793373,367.4219668598941,57358.185920781536,648.0624956941274,369.767493647206,57069.24052749338,6449.014997765096,381.8774414342077,55400.28459831936,49206.58989963389,382.77072722898765,55264.66909261864,84.34460101780466,554.0000000000001,7.62939453125e-06,554.0000000000001,5.820766091346741e-11,0.0,0.0,136.03936061707014,553.9999999999997,2.0185480583683703e-05,553.9999999999997,4.07453626394272e-10,0.0,0.0,406.3738729935672,553.9999999919334,0.0019963080203469,553.9999999919334,3.98524571210146e-06,0.0,0.0,4202.110280619662,553.9810753425692,3.0575190314950254,553.9810753425692,9.348422627954276,0.0,0.0,32152.49596518676,553.9620127920414,4.331770735169104,553.9620127920414,18.76423770206748,0.0,0.0,84.34460101780466,0.0037456016694151,0.0002169392929519,136.03936061707014,0.0037422199485557,0.0002126816331743,406.3738729935672,0.0036082636753707,0.0001616046725576,4202.110280619662,0.1621009702137533,239210655.8760197,32152.49596518676,10855.555033334187,16366318823000.465,1.0,554.0,0.0,554.0,0.0,0.0,0.0,1.0,554.0,0.0,554.0,0.0,0.0,0.0,1.0,554.0,0.0,554.0,0.0,0.0,0.0,1.0,554.0,0.0,554.0,0.0,0.0,0.0,1.0,554.0,0.0,554.0,0.0,0.0,0.0
123.84282305882334,74.01642031357363,0.3938179079605105,182.150257341942,74.0334570668605,0.8024193512692364,299.40444323466954,74.14261801402942,41.30446200414281,1022.9788440779588,77.24303488982191,2346.763540376571,5777.056682003554,76.58605696693726,1645.874238738343,123.84282305882334,74.01642031357363,0.3938179079605105,182.150257341942,74.0334570668605,0.8024193512692364,299.40444323466954,74.14261801402942,41.30446200414281,1022.9788440779588,77.24303488982191,2346.763540376571,5777.056682003554,76.58605696693726,1645.874238738343,1.0,74.0,0.0,74.0,0.0,0.0,0.0,1.0,74.0,0.0,74.0,0.0,0.0,0.0,1.0,74.0,0.0,74.0,0.0,0.0,0.0,1.0,74.0,0.0,74.0,0.0,0.0,0.0,1.0,74.0,0.0,74.0,0.0,0.0,0.0,1.0,1505912909.892735,0.0,1.0,1505912909.892735,0.0,1.0,1505912909.892735,0.0,1.0,1505912909.892735,0.0,1.0,1505912909.892735,0.0,1.0,74.0,0.0,74.0,0.0,0.0,0.0,1.0,74.0,0.0,74.0,0.0,0.0,0.0,1.0,74.0,0.0,74.0,0.0,0.0,0.0,1.0,74.0,0.0,74.0,0.0,0.0,0.0,1.0,74.0,0.0,74.0,0.0,0.0,0.0
184.6615097308493,74.08123998573178,31.23546409679784,296.4111499101561,74.34084471172275,249.93461294842288,821.0615385093936,75.58320983904373,1289.0838923341007,7527.1547612530385,74.64884545236903,496.1622975797836,38292.09260194816,74.37224472060853,251.47113362438176,184.6615097308493,74.08123998573178,31.23546409679784,296.4111499101561,74.34084471172275,249.93461294842288,821.0615385093936,75.58320983904373,1289.0838923341007,7527.1547612530385,74.64884545236903,496.1622975797836,38292.09260194816,74.37224472060853,251.47113362438176,184.2817577956551,73.99693677922788,0.2070645008020088,95.2656635557064,0.0428757074923851,-9.776933677927648e-17,-3.1313162255425527e-10,295.6902293295862,73.99310378763501,0.3106435503304463,95.26268633692688,0.0964994153619045,8.29272539257879e-16,3.958675053468917e-09,817.938764951138,73.99099421424486,0.3549646410273189,95.26104778351126,0.1259998963796533,-1.3413308980853634e-16,-2.801791092999757e-10,7505.094272308729,73.99750034015527,0.1870534402532233,95.26610129837006,0.0349889895105661,1.3729724976062515e-16,2.4970903044917224e-10,38177.31007784976,73.99818633182127,0.1593363272619433,95.26663414018007,0.0253880651853251,3.4148477861747483e-16,3.4471644003887804e-10,184.28175779565512,0.0015898404417338,1.192297071777865e-05,295.69022932958615,0.0016458621453649,1.66721258993297e-05,817.9387649511405,0.0017736507169078,2.5621920849721105e-05,7505.094272308825,149.98868862375167,225867191155.5561,38177.31007784821,19202.41556592465,28916820968626.64,1.0,74.0,0.0,95.26804291051644,0.0,0.0,0.0,1.0,74.0,0.0,95.26804291051644,0.0,0.0,0.0,1.0,74.0,0.0,95.26804291051644,0.0,0.0,0.0,1.0202838833710672,74.0,0.0,95.26804291051644,0.0,0.0,0.0,1.6771971324951895,74.0,9.5367431640625e-07,95.26804291051644,9.094947017729282e-13,0.0,0.0
1.0,60.0,0.0,1.0,60.0,0.0,1.0,60.0,0.0,1.0,60.0,0.0,1.0,60.0,0.0,1.0,60.0,0.0,1.0,60.0,0.0,1.0,60.0,0.0,1.0,60.0,0.0,1.0,60.0,0.0,1.0,60.0,0.0,60.0,0.0,0.0,0.0,1.0,60.0,0.0,60.0,0.0,0.0,0.0,1.0,60.0,0.0,60.0,0.0,0.0,0.0,1.0,60.0,0.0,60.0,0.0,0.0,0.0,1.0,60.0,0.0,60.0,0.0,0.0,0.0,1.0,1505913535.779625,0.0,1.0,1505913535.779625,0.0,1.0,1505913535.779625,0.0,1.0,1505913535.779625,0.0,1.0,1505913535.779625,0.0,1.0,60.0,0.0,60.0,0.0,0.0,0.0,1.0,60.0,0.0,60.0,0.0,0.0,0.0,1.0,60.0,0.0,60.0,0.0,0.0,0.0,1.0,60.0,0.0,60.0,0.0,0.0,0.0,1.0,60.0,0.0,60.0,0.0,0.0,0.0
1.0,60.0,0.0,1.0,60.0,0.0,1.0,60.0,0.0,1.0,60.0,0.0,1.0,60.0,0.0,1.0,60.0,0.0,1.0,60.0,0.0,1.0,60.0,0.0,1.0,60.0,0.0,1.0,60.0,0.0,1.0,60.0,0.0,60.0,0.0,0.0,0.0,1.0,60.0,0.0,60.0,0.0,0.0,0.0,1.0,60.0,0.0,60.0,0.0,0.0,0.0,1.0,60.0,0.0,60.0,0.0,0.0,0.0,1.0,60.0,0.0,60.0,0.0,0.0,0.0,1.0,1505913551.8881054,0.0,1.0,1505913551.8881054,0.0,1.0,1505913551.8881054,0.0,1.0,1505913551.8881054,0.0,1.0,1505913551.8881054,0.0,1.0,60.0,0.0,60.0,0.0,0.0,0.0,1.0,60.0,0.0,60.0,0.0,0.0,0.0,1.0,60.0,0.0,60.0,0.0,0.0,0.0,1.0,60.0,0.0,60.0,0.0,0.0,0.0,1.0,60.0,0.0,60.0,0.0,0.0,0.0
150.96718811776742,72.58543750947528,17.802887764921252,248.9913310312499,71.71092332659511,26.80718310834527,710.4745343056171,70.88936320625481,33.86977176478013,6831.429597553158,70.7326798298391,35.06627877962728,48702.139573873705,70.70207784673363,35.60072550900623,150.96718811776742,72.58543750947528,17.802887764921252,248.9913310312499,71.71092332659511,26.80718310834527,710.4745343056171,70.88936320625481,33.86977176478013,6831.429597553158,70.7326798298391,35.06627877962728,48702.139573873705,70.70207784673363,35.60072550900623,135.71343648941658,74.00000000000007,3.162979879718208e-06,74.00000000000007,1.0004441719502209e-11,0.0,0.0,208.27984407467065,73.99999999999845,4.264961199760036e-06,73.99999999999845,1.8189894035458568e-11,0.0,0.0,552.5955457019809,73.99999264836481,0.0101450896612525,73.99999264836481,0.0001029228442348,0.0,0.0,5233.536475318699,73.9978724632206,0.172571690874948,73.9978724632206,0.0297809884914386,0.0,0.0,37084.91948666802,73.99759769306651,0.1833753689622853,73.99759769306651,0.0336265259420542,0.0,0.0,135.71343648941658,0.0021770185304232,2.5794377519364803e-05,208.27984407467065,0.0023516374131229,3.674146387704504e-05,552.5955457019809,0.0026307068880907,5.123348704561073e-05,5233.536475318699,0.4750913955216093,712115434.9686401,37084.91948666802,10729.49775450424,16176283586606.645,1.0,74.0,0.0,74.0,0.0,0.0,0.0,1.0,74.0,0.0,74.0,0.0,0.0,0.0,1.0,74.0,0.0,74.0,0.0,0.0,0.0,1.0,74.0,0.0,74.0,0.0,0.0,0.0,1.0,74.0,0.0,74.0,0.0,0.0,0.0
92.57566110028068,362.0859902873381,57974.53367044724,165.80784301553263,340.0782555645704,59914.82727972711,510.3314025634472,334.29508456188466,60263.497211071015,5010.0209592066085,335.4823867181887,60194.86232575736,24077.008582171256,336.55974548975087,60131.60804432117,92.57566110028068,362.0859902873381,57974.53367044724,165.80784301553263,340.0782555645704,59914.82727972711,510.3314025634472,334.29508456188466,60263.497211071015,5010.0209592066085,335.4823867181887,60194.86232575736,24077.008582171256,336.55974548975087,60131.60804432117,56.61175151405496,553.9930228504123,1.8565191127141225,553.9930228504123,3.446663215872832,0.0,0.0,94.02027713694476,553.927185138439,5.997102601004282,553.927185138439,35.965239606972325,0.0,0.0,283.6023097099888,553.5816028468702,14.370564966912514,553.5816028468702,206.5131374682533,0.0,0.0,2794.7238633298125,553.8381602901917,8.939945444669679,553.8381602901917,79.92262455367019,0.0,0.0,13481.676172923164,553.8957439837967,7.175764954778955,553.8957439837967,51.49160268623382,0.0,0.0,56.61175151405496,0.0054713426491119,0.0002329818485067,94.02027713694476,0.0053519367461301,0.0002284817499196,283.6023097099888,0.0051506887799068,0.0001639134168158,2794.7238633298125,813.7271107935919,1226814810782.919,13481.676172923164,58399.688703773856,88043416006576.66,56.61095194187129,553.9999999999999,1.52587890625e-05,553.9999999999999,2.3283064365386963e-10,0.0,0.0,94.00641868863777,554.0000000000001,1.8688123647942943e-05,554.0000000000001,3.4924596548080444e-10,0.0,0.0,283.3621105217219,554.000000000001,2.95485179611772e-05,554.000000000001,8.73114913702011e-10,0.0,0.0,2793.8082817528234,553.999999999999,3.4962277946135246e-05,553.999999999999,1.2223608791828156e-09,0.0,0.0,13478.830938409985,554.0000000000003,2.1579186437577742e-05,554.0000000000003,4.656612873077394e-10,0.0,0.0
75.45103263647556,486.5791185810246,28760.34016966229,139.51199649251632,433.9220086445864,44899.80372125225,474.0160464965657,370.51477317016565,56974.80725564887,4981.16109140226,339.01062522008016,59980.27006392148,36308.40007339552,336.703762246467,60122.5616282678,75.45103263647556,486.5791185810246,28760.34016966229,139.51199649251632,433.9220086445864,44899.80372125225,474.0160464965657,370.51477317016565,56974.80725564887,4981.16109140226,339.01062522008016,59980.27006392148,36308.40007339552,336.703762246467,60122.5616282678,65.15351218306942,553.9999996878073,0.0124186647775984,553.9999996878073,0.0001542232348583,0.0,0.0,105.60045396912632,553.9998266829007,0.2926065906583129,553.9998266829007,0.0856186168966814,0.0,0.0,297.9866073771576,553.9447341374189,5.224775765439962,553.9447341374189,27.29828179912875,0.0,0.0,2814.01185195777,553.8688380464105,8.048403668847019,553.8688380464105,64.77680161671015,0.0,0.0,20339.9242930818,553.9224313735292,6.1897402681074105,553.9224313735292,38.31288458663039,0.0,0.0,65.15351218306942,0.0045038463286907,2.535548424696181e-05,105.60045396912632,0.0046184574769234,4.351886963462972e-05,297.9866073771576,0.0048769530692308,8.085772464164908e-05,2814.01185195777,1.4818836559953752,2226436210.593996,20339.9242930818,20605.68062971044,31065913876194.82,65.15351214189445,554.0000000000001,1.52587890625e-05,554.0000000000001,2.3283064365386963e-10,0.0,0.0,105.60041691980578,553.9999999999994,2.0185480583683703e-05,553.9999999999994,4.07453626394272e-10,0.0,0.0,297.9532703591528,553.9999999999999,1.3214498959113138e-05,553.9999999999999,1.7462298274040222e-10,0.0,0.0,2813.2647035935606,553.9999999999985,2.95485179611772e-05,553.9999999999985,8.73114913702011e-10,0.0,0.0,20336.730487434004,554.0000000000058,6.0556441751051125e-05,554.0000000000058,3.667082637548447e-09,0.0,0.0
124.9340830870356,378.9548912469393,55831.49361840746,203.73674276612115,403.46954906243,51702.62214891249,629.2346225297579,401.5174864382423,52074.26489642148,6365.849053715092,384.40140453546434,55013.65839995874,37154.33280477362,382.4245659621192,55316.690045244766,124.9340830870356,378.9548912469393,55831.49361840746,203.73674276612115,403.46954906243,51702.62214891249,629.2346225297579,401.5174864382423,52074.26489642148,6365.849053715092,384.40140453546434,55013.65839995874,37154.33280477362,382.4245659621192,55316.690045244766,1.0,60.0,0.0,60.0,0.0,0.0,0.0,1.0,60.0,0.0,60.0,0.0,0.0,0.0,1.0,60.0,0.0,60.0,0.0,0.0,0.0,1.0,60.0,0.0,60.0,0.0,0.0,0.0,1.0,60.0,0.0,60.0,0.0,0.0,0.0,1.0,1507656051.064117,0.0,1.0,1507656051.064117,0.0,1.0,1507656051.064117,0.0,1.0,1507656051.064117,0.0,1.0,1507656051.064117,0.0,1.0,60.0,0.0,60.0,0.0,0.0,0.0,1.0,60.0,0.0,60.0,0.0,0.0,0.0,1.0,60.0,0.0,60.0,0.0,0.0,0.0,1.0,60.0,0.0,60.0,0.0,0.0,0.0,1.0,60.0,0.0,60.0,0.0,0.0,0.0
201.5790467706987,69.04870528823835,44.80280664194744,305.25435957276835,69.69271067667121,41.749309211749285,768.2172163428078,70.5092064589154,36.68547002870582,6770.404144566894,70.73507499320971,35.0614982004754,46659.635075911465,70.70030417986257,35.66309460614775,201.5790467706987,69.04870528823835,44.80280664194744,305.25435957276835,69.69271067667121,41.749309211749285,768.2172163428078,70.5092064589154,36.68547002870582,6770.404144566894,70.73507499320971,35.0614982004754,46659.635075911465,70.70030417986257,35.66309460614775,130.28801201831533,73.99997864758261,0.017289690405941,73.99997864758261,0.0002989333943332,0.0,0.0,211.34470645669697,73.99960182797562,0.0746608987524332,73.99960182797562,0.005574249802521,0.0,0.0,576.7778652420727,73.99558669294511,0.248529317163956,73.99558669294511,0.0617668214899822,0.0,0.0,5184.669195015903,73.99732177103863,0.1936182650564963,73.99732177103863,0.0374880325634876,0.0,0.0,35504.413590223885,73.99762086937329,0.182488817286436,73.99762086937329,0.0333021684346022,0.0,0.0,130.28801201831533,0.002265653108212,2.515624952905598e-05,211.34470645669697,0.002308404326411,2.700549283627827e-05,576.7778652420727,0.0025166856386005,3.849303955860995e-05,5184.669195015903,1.34095401067036,2017499924.3185728,35504.413590223885,12425.482633275742,18733207873689.902,1.0,74.0,0.0,74.0,0.0,0.0,0.0,1.0,74.0,0.0,74.0,0.0,0.0,0.0,1.0,74.0,0.0,74.0,0.0,0.0,0.0,1.0,74.0,0.0,74.0,0.0,0.0,0.0,1.0,74.0,0.0,74.0,0.0,0.0,0.0
147.57329504610613,74.02634560700366,0.6316004770833388,256.43594941135115,74.03500538301117,0.8389060282843275,812.0147868155258,74.0434438395355,3.5505214929826248,7398.392204567655,74.56753798378325,412.59777493712585,19241.577743898662,74.57038719201219,409.3266443662078,147.57329504610613,74.02634560700366,0.6316004770833388,256.43594941135115,74.03500538301117,0.8389060282843275,812.0147868155258,74.0434438395355,3.5505214929826248,7398.392204567655,74.56753798378325,412.59777493712585,19241.577743898662,74.57038719201219,409.3266443662078,147.41129887793653,73.99999999999993,3.015782985847835e-06,95.26804291051644,1.0168459891700829e-11,-2.1868613922569952e-28,-3.40044756053136e-17,256.06192179420987,73.99999999995555,2.512348150695704e-05,95.26804291048192,6.311919440471655e-10,-5.2844046343611085e-25,-1.559556662147865e-14,810.6099690748097,73.99998389886764,0.0150138470243942,95.26803040386984,0.0002254156024719,-1.1074691388944538e-18,-3.8673151454739915e-11,7372.463383849797,73.9987709157185,0.1311703824938939,95.26708821537991,0.0172056692435944,-4.78008578753217e-18,-1.3106609384671109e-11,19174.251126042644,73.99819234270285,0.1590721051136842,95.26663880912125,0.025303934625299,-7.716145025673912e-16,-6.796921482148456e-10,147.4112988779365,0.002003524967575,2.341335029904413e-05,256.0619217942097,0.0019017584505219,1.954298662113573e-05,810.6099690748105,0.0017867510883862,473.61534087973695,7372.463383849924,10790.745017327265,16249818224834.598,19174.25112604225,58528.613825301785,88135649335356.83,1.0,74.0,0.0,74.0,0.0,0.0,0.0,1.0,74.0,0.0,74.0,0.0,0.0,0.0,1.0,74.0,0.0,74.0,0.0,0.0,0.0,1.0,74.0,0.0,74.0,0.0,0.0,0.0,1.0,74.0,0.0,74.0,0.0,0.0,0.0
136.88654054330772,451.27191215667,40193.76461954406,230.15102501598847,420.79956917107086,48054.585033641866,665.1608426453007,394.31866912092926,53372.98960939577,6391.624082619906,383.7978870653435,55105.94482366828,55863.21234301667,383.2020478166016,55198.75727690532,136.88654054330772,451.27191215667,40193.76461954406,230.15102501598847,420.79956917107086,48054.585033641866,665.1608426453007,394.31866912092926,53372.98960939577,6391.624082619906,383.7978870653435,55105.94482366828,55863.21234301667,383.2020478166016,55198.75727690532,108.4202375635515,554.0000000000001,1.7059844799040144e-05,554.0000000000001,2.910383045673371e-10,0.0,0.0,168.08965355125778,554.0,0.0,554.0,0.0,0.0,0.0,450.1186389813722,553.9999999999807,9.680616409644716e-05,553.9999999999807,9.371433407068253e-09,0.0,0.0,4189.406535830576,553.9893422925186,2.294513872127964,553.9893422925186,5.264793909387663,0.0,0.0,36550.665591848425,553.9630908217097,4.269867888990591,553.9630908217097,18.23177178943297,0.0,0.0,108.4202375635515,0.002907725840568,0.0001705482087255,168.08965355125778,0.0030439857029989,0.0001934116417966,450.1186389813722,0.0032627937853123,0.0001631605375982,4189.406535830576,0.0038285774070667,574560.9250937175,36550.665591848425,5222.706819842052,7874012406968.642,1.0,554.0,0.0,554.0,0.0,0.0,0.0,1.0,554.0,0.0,554.0,0.0,0.0,0.0,1.0,554.0,0.0,554.0,0.0,0.0,0.0,1.0,554.0,0.0,554.0,0.0,0.0,0.0,1.0,554.0,0.0,554.0,0.0,0.0,0.0
1.0,60.0,0.0,1.0,60.0,0.0,1.0,60.0,0.0,1.0,60.0,0.0,1.0,60.0,0.0,1.0,60.0,0.0,1.0,60.0,0.0,1.0,60.0,0.0,1.0,60.0,0.0,1.0,60.0,0.0,1.0,60.0,0.0,60.0,0.0,0.0,0.0,1.0,60.0,0.0,60.0,0.0,0.0,0.0,1.0,60.0,0.0,60.0,0.0,0.0,0.0,1.0,60.0,0.0,60.0,0.0,0.0,0.0,1.0,60.0,0.0,60.0,0.0,0.0,0.0,1.0,1505913573.913492,0.0,1.0,1505913573.913492,0.0,1.0,1505913573.913492,0.0,1.0,1505913573.913492,0.0,1.0,1505913573.913492,0.0,1.0,60.0,0.0,60.0,0.0,0.0,0.0,1.0,60.0,0.0,60.0,0.0,0.0,0.0,1.0,60.0,0.0,60.0,0.0,0.0,0.0,1.0,60.0,0.0,60.0,0.0,0.0,0.0,1.0,60.0,0.0,60.0,0.0,0.0,0.0
1.0,60.0,0.0,1.0,60.0,0.0,1.0,60.0,0.0,1.0,60.0,0.0,1.0,60.0,0.0,1.0,60.0,0.0,1.0,60.0,0.0,1.0,60.0,0.0,1.0,60.0,0.0,1.0,60.0,0.0,1.0,60.0,0.0,60.0,0.0,0.0,0.0,1.0,60.0,0.0,60.0,0.0,0.0,0.0,1.0,60.0,0.0,60.0,0.0,0.0,0.0,1.0,60.0,0.0,60.0,0.0,0.0,0.0,1.0,60.0,0.0,60.0,0.0,0.0,0.0,1.0,1505913451.053486,0.0,1.0,1505913451.053486,0.0,1.0,1505913451.053486,0.0,1.0,1505913451.053486,0.0,1.0,1505913451.053486,0.0,1.0,60.0,0.0,60.0,0.0,0.0,0.0,1.0,60.0,0.0,60.0,0.0,0.0,0.0,1.0,60.0,0.0,60.0,0.0,0.0,0.0,1.0,60.0,0.0,60.0,0.0,0.0,0.0,1.0,60.0,0.0,60.0,0.0,0.0,0.0
1.0,60.0,0.0,1.0,60.0,0.0,1.0,60.0,0.0,1.0,60.0,0.0,1.0,60.0,0.0,1.0,60.0,0.0,1.0,60.0,0.0,1.0,60.0,0.0,1.0,60.0,0.0,1.0,60.0,0.0,1.0,60.0,0.0,60.0,0.0,0.0,0.0,1.0,60.0,0.0,60.0,0.0,0.0,0.0,1.0,60.0,0.0,60.0,0.0,0.0,0.0,1.0,60.0,0.0,60.0,0.0,0.0,0.0,1.0,60.0,0.0,60.0,0.0,0.0,0.0,1.0,1505913478.0713134,0.0,1.0,1505913478.0713134,0.0,1.0,1505913478.0713134,0.0,1.0,1505913478.0713134,0.0,1.0,1505913478.0713134,0.0,1.0,60.0,0.0,60.0,0.0,0.0,0.0,1.0,60.0,0.0,60.0,0.0,0.0,0.0,1.0,60.0,0.0,60.0,0.0,0.0,0.0,1.0,60.0,0.0,60.0,0.0,0.0,0.0,1.0,60.0,0.0,60.0,0.0,0.0,0.0
168.39725644745965,244.1717467210917,57061.60665362258,254.732008367449,295.52545565087814,60877.26011853894,681.9082599234719,353.20138870124214,58873.62868926732,6350.214875130168,380.0138639698508,55675.50813636676,21997.400196572667,381.6811932944542,55428.931149692966,168.39725644745965,244.1717467210917,57061.60665362258,254.732008367449,295.52545565087814,60877.26011853894,681.9082599234719,353.20138870124214,58873.62868926732,6350.214875130168,380.0138639698508,55675.50813636676,21997.400196572667,381.6811932944542,55428.931149692966,1.0,60.0,0.0,60.0,0.0,0.0,0.0,1.0,60.0,0.0,60.0,0.0,0.0,0.0,1.0,60.0,0.0,60.0,0.0,0.0,0.0,1.0,60.0,0.0,60.0,0.0,0.0,0.0,1.0,60.0,0.0,60.0,0.0,0.0,0.0,1.0,1507655985.335176,0.0,1.0,1507655985.335176,0.0,1.0,1507655985.335176,0.0,1.0,1507655985.335176,0.0,1.0,1507655985.335176,0.0,1.0,60.0,0.0,60.0,0.0,0.0,0.0,1.0,60.0,0.0,60.0,0.0,0.0,0.0,1.0,60.0,0.0,60.0,0.0,0.0,0.0,1.0,60.0,0.0,60.0,0.0,0.0,0.0,1.0,60.0,0.0,60.0,0.0,0.0,0.0
178.44550222782516,74.02803381221501,0.6720255985310359,287.0620564817065,74.03638547504003,0.8719275307485077,835.0333006434122,74.04189443253735,1.624834227559404,7527.722507519892,74.49241309172989,353.82312505672326,20123.19638704268,74.54035449290693,386.1457685952437,178.44550222782516,74.02803381221501,0.6720255985310359,287.0620564817065,74.03638547504003,0.8719275307485077,835.0333006434122,74.04189443253735,1.624834227559404,7527.722507519892,74.49241309172989,353.82312505672326,20123.19638704268,74.54035449290693,386.1457685952437,178.23706440698882,74.00000000000007,2.6973983046972182e-06,95.26804291051648,7.941821057362622e-12,-7.141741765051503e-27,-1.4839694268332386e-15,286.6268527446352,73.99999999999939,2.3360154559928683e-06,95.26804291051592,5.9117155615240335e-12,2.410298004905224e-26,6.842659639612764e-15,833.5922228051232,73.99999601525501,0.0074690299073163,95.26803981534287,5.578640775638767e-05,2.797453313548321e-20,1.068886711603679e-12,7503.239178275842,73.99894679216295,0.1214240520677304,95.26722482758343,0.0147438004205469,5.903600670058214e-17,9.231286827843129e-11,20054.798267639548,73.99829520143824,0.1544806577400546,95.26671870448308,0.0238642736157999,-5.925114461794486e-16,-4.2751456227562877e-10,178.23706440698894,0.0016581677216223,2.0840611678101752e-05,286.6268527446352,0.001702212428641,2.1148570040516605e-05,833.5922228051268,0.0017385201624061,117.21142408990092,7503.239178275954,9246.63808130277,13924556445445.824,20054.79826763913,55198.23752657991,83120766738868.11,1.0,74.0,0.0,74.0,0.0,0.0,0.0,1.0,74.0,0.0,74.0,0.0,0.0,0.0,1.0,74.0,0.0,74.0,0.0,0.0,0.0,1.0,74.0,0.0,74.0,0.0,0.0,0.0,1.0,74.0,0.0,74.0,0.0,0.0,0.0
135.18563884205346,376.8233147491962,56133.70471743465,211.05438933160832,398.1289119965938,52704.52139831634,621.9082216326193,395.2019039810905,53229.41680800574,6307.239856712165,383.20531398894485,55199.25447314425,33649.354015979494,382.2659861943954,55340.9627365967,135.18563884205346,376.8233147491962,56133.70471743465,211.05438933160832,398.1289119965938,52704.52139831634,621.9082216326193,395.2019039810905,53229.41680800574,6307.239856712165,383.20531398894485,55199.25447314425,33649.354015979494,382.2659861943954,55340.9627365967,1.0,60.0,0.0,60.0,0.0,0.0,0.0,1.0,60.0,0.0,60.0,0.0,0.0,0.0,1.0,60.0,0.0,60.0,0.0,0.0,0.0,1.0,60.0,0.0,60.0,0.0,0.0,0.0,1.0,60.0,0.0,60.0,0.0,0.0,0.0,1.0,1507656033.352576,0.0,1.0,1507656033.352576,0.0,1.0,1507656033.352576,0.0,1.0,1507656033.352576,0.0,1.0,1507656033.352576,0.0,1.0,60.0,0.0,60.0,0.0,0.0,0.0,1.0,60.0,0.0,60.0,0.0,0.0,0.0,1.0,60.0,0.0,60.0,0.0,0.0,0.0,1.0,60.0,0.0,60.0,0.0,0.0,0.0,1.0,60.0,0.0,60.0,0.0,0.0,0.0
129.81306421538068,73.8647839090873,1.87475996010744,215.2430920076877,73.68350970607645,4.331060916906607,693.3151409866953,72.22440880079502,21.70931482425567,6875.174893976872,69.94810696388022,40.39652066944655,55276.36196990745,69.45547228385561,43.11989078697298,129.81306421538068,73.8647839090873,1.87475996010744,215.2430920076877,73.68350970607645,4.331060916906607,693.3151409866953,72.22440880079502,21.70931482425567,6875.174893976872,69.94810696388022,40.39652066944655,55276.36196990745,69.45547228385561,43.11989078697298,128.5591240777789,74.00000000000007,3.015782985847835e-06,74.00000000000007,9.094947017729284e-12,0.0,0.0,210.37163037052736,74.0,1.9073486328125e-06,74.0,3.637978807091713e-12,0.0,0.0,605.1977285035844,73.99999882127123,0.0040622897948775,73.99999882127123,1.6502198377565946e-05,0.0,0.0,4883.358732096823,73.99871580690734,0.1340785371709988,73.99871580690734,0.0179770541299149,0.0,0.0,37311.45236353553,73.99794703982741,0.1695205826358538,73.99794703982741,0.0287372279371993,0.0,0.0,128.5591240777789,0.0022674530979027,8.384829649543598e-06,210.37163037052736,0.0023044670429752,1.2918353611218817e-05,605.1977285035844,0.0023969488150959,3.2771828496660134e-05,4883.358732096823,0.0067572828102292,5705745.965042748,37311.45236353553,6535.867200577088,9853798713417.48,1.0,74.0,0.0,74.0,0.0,0.0,0.0,1.0,74.0,0.0,74.0,0.0,0.0,0.0,1.0,74.0,0.0,74.0,0.0,0.0,0.0,1.0,74.0,0.0,74.0,0.0,0.0,0.0,1.0,74.0,0.0,74.0,0.0,0.0,0.0
1.0,60.0,0.0,1.0,60.0,0.0,1.0,60.0,0.0,1.0,60.0,0.0,1.0,60.0,0.0,1.0,60.0,0.0,1.0,60.0,0.0,1.0,60.0,0.0,1.0,60.0,0.0,1.0,60.0,0.0,1.0,60.0,0.0,60.0,0.0,0.0,0.0,1.0,60.0,0.0,60.0,0.0,0.0,0.0,1.0,60.0,0.0,60.0,0.0,0.0,0.0,1.0,60.0,0.0,60.0,0.0,0.0,0.0,1.0,60.0,0.0,60.0,0.0,0.0,0.0,1.0,1505913572.732232,0.0,1.0,1505913572.732232,0.0,1.0,1505913572.732232,0.0,1.0,1505913572.732232,0.0,1.0,1505913572.732232,0.0,1.0,60.0,0.0,60.0,0.0,0.0,0.0,1.0,60.0,0.0,60.0,0.0,0.0,0.0,1.0,60.0,0.0,60.0,0.0,0.0,0.0,1.0,60.0,0.0,60.0,0.0,0.0,0.0,1.0,60.0,0.0,60.0,0.0,0.0,0.0
120.08588948592656,71.61414788345921,27.70965408300981,204.7408001024671,71.3883286944374,29.742881037887848,644.3424156326597,70.32513441340632,37.94445333893509,6645.654397721833,69.51277078309042,42.77080104642391,28898.227149647148,69.39630940029475,43.38505064362471,120.08588948592656,71.61414788345921,27.70965408300981,204.7408001024671,71.3883286944374,29.742881037887848,644.3424156326597,70.32513441340632,37.94445333893509,6645.654397721833,69.51277078309042,42.77080104642391,28898.227149647148,69.39630940029475,43.38505064362471,1.0,60.0,0.0,60.0,0.0,0.0,0.0,1.0,60.0,0.0,60.0,0.0,0.0,0.0,1.0,60.0,0.0,60.0,0.0,0.0,0.0,1.0,60.0,0.0,60.0,0.0,0.0,0.0,1.0,60.0,0.0,60.0,0.0,0.0,0.0,1.0,1507657141.0028448,0.0,1.0,1507657141.0028448,0.0,1.0,1507657141.0028448,0.0,1.0,1507657141.0028448,0.0,1.0,1507657141.0028448,0.0,1.0,60.0,0.0,60.0,0.0,0.0,0.0,1.0,60.0,0.0,60.0,0.0,0.0,0.0,1.0,60.0,0.0,60.0,0.0,0.0,0.0,1.0,60.0,0.0,60.0,0.0,0.0,0.0,1.0,60.0,0.0,60.0,0.0,0.0,0.0
167.31562642647648,74.04936720756736,1.1823766158113358,269.9494613080003,74.05229910318893,1.2525992481305366,745.5738373690554,74.04965053927499,1.2079600618926634,2005.78781031911,74.05629920082521,1.4434718343536588,2283.067380287797,74.0584326428508,1.5078891871935411,167.31562642647648,74.04936720756736,1.1823766158113358,269.9494613080003,74.05229910318893,1.2525992481305366,745.5738373690554,74.04965053927499,1.2079600618926634,2005.78781031911,74.05629920082521,1.4434718343536588,2283.067380287797,74.0584326428508,1.5078891871935411,166.97146304908372,74.0,1.3486991523486091e-06,95.26804291051646,1.8749713606747085e-12,-1.1071344963932584e-27,-1.2173072522963133e-15,269.36098723880446,73.99999999999993,3.5683225505580347e-06,95.26804291051636,1.2805801671064476e-11,1.3365835845519839e-27,3.2069065314666766e-16,743.9583628899785,73.99999999999996,1.3486991523486091e-06,95.26804291051644,3.666290353202634e-12,-3.6238582278309565e-27,-1.5059897134884546e-15,2000.0853741576127,74.00000000000013,5.8788433103265525e-06,95.26804291051654,3.4635511882387825e-11,-1.054287071039178e-27,-1.1893150225734022e-16,2276.21364441107,74.0000000000005,8.035802624870643e-06,95.2680429105168,6.514960105912179e-11,1.3306982024053498e-26,5.633631288636528e-16,166.97146304908378,4.588831960448215,6907721641.7347975,269.36098723880417,936.0355525208396,1409585733119.231,743.9583628899802,111564.73851261743,167994488118971.72,2000.0853741576143,563480.9812578394,848236566457701.5,2276.2136444110693,642687.7110418536,967419578590945.8,1.0,74.0,0.0,74.0,0.0,0.0,0.0,1.0,74.0,0.0,74.0,0.0,0.0,0.0,1.0,74.0,0.0,74.0,0.0,0.0,0.0,1.0,74.0,0.0,74.0,0.0,0.0,0.0,1.0,74.0,0.0,74.0,0.0,0.0,0.0
95.43963400628004,518.5033976336216,16274.82448564598,172.23676637209851,476.8292453748665,32164.99741482848,591.6178698013687,413.1275064301992,49741.51809709365,6310.8655234478165,385.7569188425063,54803.4483086071,43054.59993004719,382.83000467446817,55255.6121322182,95.43963400628004,518.5033976336216,16274.82448564598,172.23676637209851,476.8292453748665,32164.99741482848,591.6178698013687,413.1275064301992,49741.51809709365,6310.8655234478165,385.7569188425063,54803.4483086071,43054.59993004719,382.83000467446817,55255.6121322182,88.5815772619364,554.0000000000003,1.3214498959113138e-05,554.0000000000003,1.7462298274040222e-10,0.0,0.0,145.3291324165701,553.9999999999994,2.1579186437577742e-05,553.9999999999994,4.656612873077394e-10,0.0,0.0,422.8968959884915,553.9999991495761,0.0204965711051478,553.9999991495761,0.0004201094270683,0.0,0.0,4161.729692361671,553.9697633841155,3.8647087853020152,553.9697633841155,14.93597399519058,0.0,0.0,28137.963054472264,553.9596143236655,4.466418375372483,553.9596143236655,19.94889310386497,0.0,0.0,88.5815772619364,0.0033395723834946,4.30804183012521e-05,145.3291324165701,0.0033879980346883,7.308020059226837e-05,422.8968959884915,0.0034592017381764,0.0001327134115685,4161.729692361671,4.61006915756564,6945164328.8092575,28137.963054472264,17355.809010921042,26166281838026.89,1.0,554.0,0.0,554.0,0.0,0.0,0.0,1.0,554.0,0.0,554.0,0.0,0.0,0.0,1.0,554.0,0.0,554.0,0.0,0.0,0.0,1.0,554.0,0.0,554.0,0.0,0.0,0.0,1.0,554.0,0.0,554.0,0.0,0.0,0.0
153.53574384224302,225.8192648077761,54418.57361992798,240.58583890476623,276.3207091219069,60066.52729980368,667.5294533791204,344.2469221698663,59613.83870977744,6422.900686235304,378.4953059218854,55892.41251908729,57228.61178833223,382.6445576757018,55283.40080281231,153.53574384224302,225.8192648077761,54418.57361992798,240.58583890476623,276.3207091219069,60066.52729980368,667.5294533791204,344.2469221698663,59613.83870977744,6422.900686235304,378.4953059218854,55892.41251908729,57228.61178833223,382.6445576757018,55283.40080281231,51.53673018178002,554.0000000000001,1.52587890625e-05,554.0000000000001,2.3283064365386963e-10,0.0,0.0,105.35024885295437,554.0000000000006,2.0185480583683703e-05,554.0000000000006,4.07453626394272e-10,0.0,0.0,384.0718330992745,553.9999978679614,0.0324534624980527,553.9999978679614,0.0010532272281125,0.0,0.0,4141.156244308786,553.9666546110352,4.058510839171127,553.9666546110352,16.47151023166953,0.0,0.0,37379.809740632496,553.9582098473402,4.543411603527042,553.9582098473402,20.64258899906417,0.0,0.0,51.53673018178002,0.0066950822214589,0.000738229896398,105.35024885295437,0.0049496750520905,0.0003957246006587,384.0718330992745,0.003817391079425,0.0001687547120535,4141.156244308786,0.0035531328387726,98535.8165353474,37379.809740632496,4276.383336064277,6447291184341.527,1.0,554.0,0.0,554.0,0.0,0.0,0.0,1.0,554.0,0.0,554.0,0.0,0.0,0.0,1.0,554.0,0.0,554.0,0.0,0.0,0.0,1.0,554.0,0.0,554.0,0.0,0.0,0.0,1.0,554.0,0.0,554.0,0.0,0.0,0.0
140.48162105621358,202.5047393241575,50089.740496287865,203.7483448845464,250.5338450700921,57820.57334743165,542.3045497651726,312.34727376981385,60980.40435913956,4778.632811633896,336.4967932281352,60136.56490122112,11767.944325359716,336.59699254906366,60130.31598718389,140.48162105621358,202.5047393241575,50089.740496287865,203.7483448845464,250.5338450700921,57820.57334743165,542.3045497651726,312.34727376981385,60980.40435913956,4778.632811633896,336.4967932281352,60136.56490122112,11767.944325359716,336.59699254906366,60130.31598718389,1.0,60.0,0.0,60.0,0.0,0.0,0.0,1.0,60.0,0.0,60.0,0.0,0.0,0.0,1.0,60.0,0.0,60.0,0.0,0.0,0.0,1.0,60.0,0.0,60.0,0.0,0.0,0.0,1.0,60.0,0.0,60.0,0.0,0.0,0.0,1.0,1507659345.551746,0.0,1.0,1507659345.551746,0.0,1.0,1507659345.551746,0.0,1.0,1507659345.551746,0.0,1.0,1507659345.551746,0.0,1.0,60.0,0.0,60.0,0.0,0.0,0.0,1.0,60.0,0.0,60.0,0.0,0.0,0.0,1.0,60.0,0.0,60.0,0.0,0.0,0.0,1.0,60.0,0.0,60.0,0.0,0.0,0.0,1.0,60.0,0.0,60.0,0.0,0.0,0.0
108.33184289934611,60.00008692759327,0.0012647188182199,128.21305726671102,60.00152101892844,0.0213616355772501,267.8197995760743,60.01607181841502,0.2104050262523742,2309.459099972746,60.01837062165789,0.5092705426236535,17212.675447479254,60.0202568416418,0.6809881937469981,108.33184289934611,60.00008692759327,0.0012647188182199,128.21305726671102,60.00152101892844,0.0213616355772501,267.8197995760743,60.01607181841502,0.2104050262523742,2309.459099972746,60.01837062165789,0.5092705426236535,17212.675447479254,60.0202568416418,0.6809881937469981,1.0,60.0,0.0,60.0,0.0,0.0,0.0,1.0,60.0,0.0,60.0,0.0,0.0,0.0,1.0,60.0,0.0,60.0,0.0,0.0,0.0,1.0,60.0,0.0,60.0,0.0,0.0,0.0,1.0,60.0,0.0,60.0,0.0,0.0,0.0,1.0,1507653160.252878,0.0,1.0,1507653160.252878,0.0,1.0,1507653160.252878,0.0,1.0,1507653160.252878,0.0,1.0,1507653160.252878,0.0,1.0,60.0,0.0,60.0,0.0,0.0,0.0,1.0,60.0,0.0,60.0,0.0,0.0,0.0,1.0,60.0,0.0,60.0,0.0,0.0,0.0,1.0,60.0,0.0,60.0,0.0,0.0,0.0,1.0,60.0,0.0,60.0,0.0,0.0,0.0
106.7315843730124,508.4633829894761,20421.50530877328,189.07730979744844,469.3636796103481,34647.033379005064,609.8105573254724,415.75150457020135,49181.61485953329,6391.710143264408,387.1916075991045,54575.612716755946,52403.24546933269,383.61077162181954,55136.607684369934,106.7315843730124,508.4633829894761,20421.50530877328,189.07730979744844,469.3636796103481,34647.033379005064,609.8105573254724,415.75150457020135,49181.61485953329,6391.710143264408,387.1916075991045,54575.612716755946,52403.24546933269,383.61077162181954,55136.607684369934,96.89313238559946,554.0,7.62939453125e-06,554.0,5.820766091346741e-11,0.0,0.0,156.68296035461054,553.9999999999999,7.62939453125e-06,553.9999999999999,5.820766091346741e-11,0.0,0.0,439.150593842769,553.9999997553401,0.010993748384243,553.9999997553401,0.000120862503536,0.0,0.0,4233.584787311659,553.9731757252097,3.6401198062865214,553.9731757252097,13.250472204119433,0.0,0.0,34330.51639510375,553.9597421233672,4.459346404646294,553.9597421233672,19.88577035663184,0.0,0.0,96.89313238559946,0.0031161341702124,9.402944013415553e-05,156.68296035461054,0.0032128093115317,0.0001535092622932,439.150593842769,0.0033462669190153,0.0001747853300098,4233.584787311659,0.017339313036548,20997999.67620479,34330.51639510375,7977.195964504145,12026797939880.637,1.0,554.0,0.0,554.0,0.0,0.0,0.0,1.0,554.0,0.0,554.0,0.0,0.0,0.0,1.0,554.0,0.0,554.0,0.0,0.0,0.0,1.0,554.0,0.0,554.0,0.0,0.0,0.0,1.0,554.0,0.0,554.0,0.0,0.0,0.0
122.22529287466313,445.53729332652,41816.418252579024,213.7831985252932,413.665207135724,49631.52161762773,650.472392838621,389.2812861059485,54238.006936351536,6415.2885031395945,383.5621150129044,55144.80135519765,62310.65257424524,383.1404011040988,55208.42215525104,122.22529287466313,445.53729332652,41816.418252579024,213.7831985252932,413.665207135724,49631.52161762773,650.472392838621,389.2812861059485,54238.006936351536,6415.2885031395945,383.5621150129044,55144.80135519765,62310.65257424524,383.1404011040988,55208.42215525104,95.97920241611445,550.9647858897806,38.60289167606018,550.9647858897806,1490.1832457536366,0.0,0.0,153.78039445336452,551.6600332273368,33.9185515787155,551.6600332273368,1150.4681411979836,0.0,0.0,434.4773389640194,552.9769715215879,22.457281248357617,552.9769715215879,504.3294810678344,0.0,0.0,4202.97071688833,553.8674766150357,8.090054988880519,553.8674766150357,65.44898972311057,0.0,0.0,40762.92835010642,553.9452139163701,5.202049961274916,553.9452139163701,27.06132379960036,0.0,0.0,95.97920241611445,0.0031100108910396,5.688466219267456e-05,153.78039445336452,0.0032122924044784,7.729411243374592e-05,434.4773389640194,0.0033567869941208,9.589463140719834e-05,4202.97071688833,0.0034364251571983,0.1604803432647811,40762.92835010642,1035.7348603178334,1561525538976.8591,1.0,554.0,0.0,554.0,0.0,0.0,0.0,1.0,554.0,0.0,554.0,0.0,0.0,0.0,1.0,554.0,0.0,554.0,0.0,0.0,0.0,1.0,554.0,0.0,554.0,0.0,0.0,0.0,1.0,554.0,0.0,554.0,0.0,0.0,0.0
102.03749051258023,60.000000000000455,2.0463630789890882e-11,121.0504239606953,60.00000002486863,1.1936826922465116e-06,257.9734027696061,60.00074667267993,0.035594719011442,2307.251050166107,60.0205330027885,0.7825796812944645,20711.47413369531,60.02067066862876,0.7180282768867983,102.03749051258023,60.000000000000455,2.0463630789890882e-11,121.0504239606953,60.00000002486863,1.1936826922465116e-06,257.9734027696061,60.00074667267993,0.035594719011442,2307.251050166107,60.0205330027885,0.7825796812944645,20711.47413369531,60.02067066862876,0.7180282768867983,1.0,60.0,0.0,60.0,0.0,0.0,0.0,1.0,60.0,0.0,60.0,0.0,0.0,0.0,1.0,60.0,0.0,60.0,0.0,0.0,0.0,1.0,60.0,0.0,60.0,0.0,0.0,0.0,1.0,60.0,0.0,60.0,0.0,0.0,0.0,1.0,1507653301.193909,0.0,1.0,1507653301.193909,0.0,1.0,1507653301.193909,0.0,1.0,1507653301.193909,0.0,1.0,1507653301.193909,0.0,1.0,60.0,0.0,60.0,0.0,0.0,0.0,1.0,60.0,0.0,60.0,0.0,0.0,0.0,1.0,60.0,0.0,60.0,0.0,0.0,0.0,1.0,60.0,0.0,60.0,0.0,0.0,0.0,1.0,60.0,0.0,60.0,0.0,0.0,0.0
178.63425755612076,66.96480586702862,48.9987613730118,270.0793997116686,67.55401179526596,48.693070930718925,709.8619815399929,68.66583612413147,46.22523477538653,6708.818182235144,69.31852806624134,43.741579492299024,43541.25397883246,69.36859637990474,43.52893605465124,178.63425755612076,66.96480586702862,48.9987613730118,270.0793997116686,67.55401179526596,48.693070930718925,709.8619815399929,68.66583612413147,46.22523477538653,6708.818182235144,69.31852806624134,43.741579492299024,43541.25397883246,69.36859637990474,43.52893605465124,88.86806607708414,73.99999999999999,9.5367431640625e-07,73.99999999999999,9.094947017729282e-13,0.0,0.0,145.7273550784771,73.99999999987351,4.210231791428397e-05,73.99999999987351,1.7726051737554371e-09,0.0,0.0,439.39697253792815,73.99996507739114,0.0221114292876068,73.99996507739114,0.0004889153051408,0.0,0.0,4463.636387176379,73.99801741483513,0.1665901007747508,73.99801741483513,0.0277522616761416,0.0,0.0,29120.55070688267,73.99787549809656,0.17244858113441,73.99787549809656,0.0297385131352712,0.0,0.0,88.86806607708414,0.003580241605585,0.0002069307667838,145.7273550784771,0.0034732554743778,0.0001683849333192,439.39697253792815,0.0033270615335093,0.0001183497349051,4463.636387176379,8.320832336730835,12540083681.21108,29120.55070688267,17916.017240467918,27010883988326.887,1.0,74.0,0.0,74.0,0.0,0.0,0.0,1.0,74.0,0.0,74.0,0.0,0.0,0.0,1.0,74.0,0.0,74.0,0.0,0.0,0.0,1.0,74.0,0.0,74.0,0.0,0.0,0.0,1.0,74.0,0.0,74.0,0.0,0.0,0.0
105.079097704954,507.9765597929896,25993.141127719136,189.7857241338043,466.23588674322855,40527.76138000735,623.3958060432133,417.15173500893815,53160.99321108226,6324.049177904495,393.71651211917776,57491.36958985963,49749.55962777117,391.697079875278,57812.38739998784,105.079097704954,507.9765597929896,25993.141127719136,189.7857241338043,466.23588674322855,40527.76138000735,623.3958060432133,417.15173500893815,53160.99321108226,6324.049177904495,393.71651211917776,57491.36958985963,49749.55962777117,391.697079875278,57812.38739998784,93.02959030682288,565.9999999999999,1.0789593218788871e-05,565.9999999999999,1.1641532182693479e-10,0.0,0.0,152.3671369626678,566.0000000000002,7.62939453125e-06,566.0000000000002,5.820766091346741e-11,0.0,0.0,440.0125629204477,565.9999999448005,0.0052850011473633,565.9999999448005,2.7931237127631903e-05,0.0,0.0,4170.956698138923,565.9767379923934,3.4307484208684267,565.9767379923934,11.770034727291206,0.0,0.0,32613.9100917273,565.9628572186994,4.33507413423221,565.9628572186994,18.792867749289144,0.0,0.0,93.02959030682288,0.0031536262851353,2.118963451418685e-05,152.3671369626678,0.0031966379322951,2.993808666270241e-05,440.0125629204477,0.0032999900139858,5.1373396597812206e-05,4170.956698138923,0.0754437162168127,108523505.11077584,32613.9100917273,9881.331746987642,14897565045701.068,1.0,566.0,0.0,566.0,0.0,0.0,0.0,1.0,566.0,0.0,566.0,0.0,0.0,0.0,1.0,566.0,0.0,566.0,0.0,0.0,0.0,1.0,566.0,0.0,566.0,0.0,0.0,0.0,1.0,566.0,0.0,566.0,0.0,0.0,0.0
1.0,60.0,0.0,1.0,60.0,0.0,1.0,60.0,0.0,1.0,60.0,0.0,1.0,60.0,0.0,1.0,60.0,0.0,1.0,60.0,0.0,1.0,60.0,0.0,1.0,60.0,0.0,1.0,60.0,0.0,1.0,60.0,0.0,60.0,0.0,0.0,0.0,1.0,60.0,0.0,60.0,0.0,0.0,0.0,1.0,60.0,0.0,60.0,0.0,0.0,0.0,1.0,60.0,0.0,60.0,0.0,0.0,0.0,1.0,60.0,0.0,60.0,0.0,0.0,0.0,1.0,1505913551.794632,0.0,1.0,1505913551.794632,0.0,1.0,1505913551.794632,0.0,1.0,1505913551.794632,0.0,1.0,1505913551.794632,0.0,1.0,60.0,0.0,60.0,0.0,0.0,0.0,1.0,60.0,0.0,60.0,0.0,0.0,0.0,1.0,60.0,0.0,60.0,0.0,0.0,0.0,1.0,60.0,0.0,60.0,0.0,0.0,0.0,1.0,60.0,0.0,60.0,0.0,0.0,0.0
72.49239955464499,474.0030989116757,33116.641115665,135.21184391800853,418.941195301616,48472.578062302346,467.6974008512138,360.0877943574398,58183.2046127862,5006.330618884223,339.27432021520895,59963.27353419488,37400.466337451086,336.80888399876665,60116.35690613608,72.49239955464499,474.0030989116757,33116.641115665,135.21184391800853,418.941195301616,48472.578062302346,467.6974008512138,360.0877943574398,58183.2046127862,5006.330618884223,339.27432021520895,59963.27353419488,37400.466337451086,336.80888399876665,60116.35690613608,60.75248253212703,553.9999999999999,1.3214498959113138e-05,553.9999999999999,1.7462298274040222e-10,0.0,0.0,98.241948838499,554.0000000000001,7.62939453125e-06,554.0000000000001,5.820766091346741e-11,0.0,0.0,284.0951059731672,553.999979419795,0.1008296630564498,553.999979419795,0.0101666209520772,0.0,0.0,2830.491233861471,553.941075221287,5.3949391613052216,553.941075221287,29.10536855418468,0.0,0.0,20959.32833399897,553.9304718506294,5.860210885829416,553.9304718506294,34.34207162639359,0.0,0.0,60.75248253212703,0.0048782624365023,6.082760916839088e-05,98.241948838499,0.0050121327953691,9.84602084391068e-05,284.0951059731672,0.0051338578031581,0.0001396759819841,2830.491233861471,0.6685364784908631,1000231069.3951912,20959.32833399897,18469.772467241783,27845775524191.09,60.75248253212703,553.9999999999999,1.3214498959113138e-05,553.9999999999999,1.7462298274040222e-10,0.0,0.0,98.241948838499,554.0000000000001,7.62939453125e-06,554.0000000000001,5.820766091346741e-11,0.0,0.0,284.09509413766995,553.9999999999999,1.7059844799040144e-05,553.9999999999999,2.910383045673371e-10,0.0,0.0,2830.153610238788,553.9999999999993,2.854658040446428e-05,553.9999999999993,8.149072527885437e-10,0.0,0.0,20956.37840826787,554.0000000000032,4.8851961039984494e-05,554.0000000000032,2.386514097452164e-09,0.0,0.0
1.0,60.0,0.0,1.0,60.0,0.0,1.0,60.0,0.0,1.0,60.0,0.0,1.0,60.0,0.0,1.0,60.0,0.0,1.0,60.0,0.0,1.0,60.0,0.0,1.0,60.0,0.0,1.0,60.0,0.0,1.0,60.0,0.0,60.0,0.0,0.0,0.0,1.0,60.0,0.0,60.0,0.0,0.0,0.0,1.0,60.0,0.0,60.0,0.0,0.0,0.0,1.0,60.0,0.0,60.0,0.0,0.0,0.0,1.0,60.0,0.0,60.0,0.0,0.0,0.0,1.0,1505913430.429271,0.0,1.0,1505913430.429271,0.0,1.0,1505913430.429271,0.0,1.0,1505913430.429271,0.0,1.0,1505913430.429271,0.0,1.0,60.0,0.0,60.0,0.0,0.0,0.0,1.0,60.0,0.0,60.0,0.0,0.0,0.0,1.0,60.0,0.0,60.0,0.0,0.0,0.0,1.0,60.0,0.0,60.0,0.0,0.0,0.0,1.0,60.0,0.0,60.0,0.0,0.0,0.0
159.44023578045642,74.07246542642876,16.733071995807222,265.621440773802,74.20215338639989,47.74887950586708,797.7444934434819,74.32535281993741,75.92801686248822,7858.644034073938,74.26538262594418,147.04229639097505,25596.38146260165,74.41668825419725,281.4495253166142,159.44023578045642,74.07246542642876,16.733071995807222,265.621440773802,74.20215338639989,47.74887950586708,797.7444934434819,74.32535281993741,75.92801686248822,7858.644034073938,74.26538262594418,147.04229639097505,25596.38146260165,74.41668825419725,281.4495253166142,159.34805911053547,73.99999994976228,0.0008386420203718,95.268042871494,7.033204383386138e-07,-3.2727223952170694e-21,-2.362500098178011e-12,265.24030164598315,73.99999051935386,0.0115208058485901,95.26803554637024,0.0001327289674009,-7.342057694649409e-19,-6.68243661980195e-11,795.7385490123061,73.99900732387401,0.1178833336551481,95.26727184568036,0.0138964803536509,8.385746625164067e-17,2.3019431345389198e-10,7838.438857625301,73.99827064447447,0.1555891599995666,95.26669962989658,0.0242079867093707,6.992225545487731e-16,7.186241005641067e-10,25518.863247599435,73.99824869483686,0.156573322354158,95.26668258054758,0.024515205273019,-7.702745945367433e-16,-5.514722882023514e-10,159.34805911053547,0.0018393569670808,1.3476845491375525e-05,265.2403016459833,0.0018311601273843,1.4287807778103667e-05,795.7385490123096,0.0018197419586384,0.0091235771667994,7838.438857625455,3420.009897755529,5150227463461.151,25518.86324759876,39444.331879539146,59398225630516.46,1.0,74.0,0.0,95.26804291051644,0.0,0.0,0.0,1.0,74.0,0.0,95.26804291051644,0.0,0.0,0.0,1.0,74.0,0.0,95.26804291051644,0.0,0.0,0.0,1.0235961041517423,74.0,0.0,95.26804291051644,0.0,0.0,0.0,1.6875179326759149,74.0,0.0,95.26804291051644,0.0,0.0,0.0
168.64944299090735,65.88076876958213,47.74732223446972,257.4500735070196,66.89916594491244,48.990184258745096,703.0057084781728,68.49391018922842,46.856249334846325,6712.905515155021,69.29803760359154,43.92971344331454,42137.6768297521,69.3637639441358,43.56514406670794,168.64944299090735,65.88076876958213,47.74732223446972,257.4500735070196,66.89916594491244,48.990184258745096,703.0057084781728,68.49391018922842,46.856249334846325,6712.905515155021,69.29803760359154,43.92971344331454,42137.6768297521,69.3637639441358,43.56514406670794,70.85108742212469,73.99820961902951,0.1583102274771395,73.99820961902951,0.0250621281238636,0.0,0.0,126.93004947684842,73.99344063272234,0.302965536977451,73.99344063272234,0.0917881165960352,0.0,0.0,426.7737927298812,73.98719548652895,0.4232011732516788,73.98719548652895,0.1790992330415974,0.0,0.0,4455.08127137339,73.99642542232469,0.2236767976955101,73.99642542232469,0.0500313098273181,0.0,0.0,28165.74654560101,73.99767056062483,0.1805733228957576,73.99767056062483,0.0326067249416155,0.0,0.0,70.85108742212469,0.0048321176579448,0.0005203569527019,126.93004947684842,0.0041028889283591,0.0003263626077353,426.7737927298812,0.0034319482866451,0.0001423232215378,4455.08127137339,14.99977099922604,22609622917.069363,28165.74654560101,19644.2635732558,29616421853894.59,1.0,74.0,0.0,74.0,0.0,0.0,0.0,1.0,74.0,0.0,74.0,0.0,0.0,0.0,1.0,74.0,0.0,74.0,0.0,0.0,0.0,1.0,74.0,0.0,74.0,0.0,0.0,0.0,1.0,74.0,0.0,74.0,0.0,0.0,0.0
170.6283153577288,214.89860381813872,52526.33264386388,253.60330642420269,267.14582416359457,59420.62779713216,676.1047863386282,340.68810411676424,59873.21748970455,6398.100553551209,377.9205821740032,55976.81202273895,35025.875353004136,381.2820203400089,55488.16063748551,170.6283153577288,214.89860381813872,52526.33264386388,253.60330642420269,267.14582416359457,59420.62779713216,676.1047863386282,340.68810411676424,59873.21748970455,6398.100553551209,377.9205821740032,55976.81202273895,35025.875353004136,381.2820203400089,55488.16063748551,53.50220193831761,554.0000000000007,2.412626388678268e-05,554.0000000000007,5.820766091346742e-10,0.0,0.0,106.34181576411994,554.0000000000006,2.0185480583683703e-05,554.0000000000006,4.07453626394272e-10,0.0,0.0,384.1565014656578,553.9999917782167,0.0637303775261493,553.9999917782167,0.0040615610196255,0.0,0.0,4117.833868303073,553.9621091992119,4.326270897276409,553.9621091992119,18.716619876620825,0.0,0.0,22781.25577001333,553.956705538229,4.624455611615391,553.956705538229,21.385589703801084,0.0,0.0,53.50220193831761,0.0060376377574762,0.0003976492257441,106.34181576411994,0.0047623685761315,0.0002306518674344,384.1565014656578,0.0037995701581892,0.0001165394806208,4117.833868303073,129.1119137308392,194651039290.9777,22781.25577001333,29885.23946169884,45055759980923.14,1.0,554.0,0.0,554.0,0.0,0.0,0.0,1.0,554.0,0.0,554.0,0.0,0.0,0.0,1.0,554.0,0.0,554.0,0.0,0.0,0.0,1.0,554.0,0.0,554.0,0.0,0.0,0.0,1.0,554.0,0.0,554.0,0.0,0.0,0.0
1.0,60.0,0.0,1.0,60.0,0.0,1.0,60.0,0.0,1.0,60.0,0.0,1.0,60.0,0.0,1.0,60.0,0.0,1.0,60.0,0.0,1.0,60.0,0.0,1.0,60.0,0.0,1.0,60.0,0.0,1.0,60.0,0.0,60.0,0.0,0.0,0.0,1.0,60.0,0.0,60.0,0.0,0.0,0.0,1.0,60.0,0.0,60.0,0.0,0.0,0.0,1.0,60.0,0.0,60.0,0.0,0.0,0.0,1.0,60.0,0.0,60.0,0.0,0.0,0.0,1.0,1505913448.42497,0.0,1.0,1505913448.42497,0.0,1.0,1505913448.42497,0.0,1.0,1505913448.42497,0.0,1.0,1505913448.42497,0.0,1.0,60.0,0.0,60.0,0.0,0.0,0.0,1.0,60.0,0.0,60.0,0.0,0.0,0.0,1.0,60.0,0.0,60.0,0.0,0.0,0.0,1.0,60.0,0.0,60.0,0.0,0.0,0.0,1.0,60.0,0.0,60.0,0.0,0.0,0.0
111.12520202056731,537.9457396883993,7673.065319778399,189.958267962204,510.2195879652288,19710.79906724257,603.2874680214894,457.1023902602983,38478.27243522013,6073.400191063461,426.90705501485047,46626.17259215481,36528.764485977335,426.3014636569589,46754.05663781738,111.12520202056731,537.9457396883993,7673.065319778399,189.958267962204,510.2195879652288,19710.79906724257,603.2874680214894,457.1023902602983,38478.27243522013,6073.400191063461,426.90705501485047,46626.17259215481,36528.764485977335,426.3014636569589,46754.05663781738,107.513799347823,553.9999999992402,0.0006126361053431,553.9999999992402,3.753229975700378e-07,0.0,0.0,173.12334777457818,553.9999961408463,0.0436625916391033,553.9999961408463,0.001906421908643,0.0,0.0,484.9642886656844,553.9887351723937,2.3589611994938475,553.9887351723937,5.564697940717451,0.0,0.0,4511.638120064347,553.9022056339304,6.949881516855896,553.9022056339304,48.30085309833521,0.0,0.0,27087.405893252988,553.91360537377,6.532341182745588,553.91360537377,42.671481327794034,0.0,0.0,107.513799347823,0.0028335140913323,8.361714238991772e-05,173.12334777457818,0.0028697905749805,8.352500972230441e-05,484.9642886656844,0.0030064681555878,8.332799497412782e-05,4511.638120064347,57.491415674709614,86672445721.09029,27087.405893252988,23393.54105116868,35268858857313.875,1.0,554.0,0.0,554.0,0.0,0.0,0.0,1.0,554.0,0.0,554.0,0.0,0.0,0.0,1.0,554.0,0.0,554.0,0.0,0.0,0.0,1.0,554.0,0.0,554.0,0.0,0.0,0.0,1.0,554.0,0.0,554.0,0.0,0.0,0.0
1.0,60.0,0.0,1.0,60.0,0.0,1.0,60.0,0.0,1.0,60.0,0.0,1.0,60.0,0.0,1.0,60.0,0.0,1.0,60.0,0.0,1.0,60.0,0.0,1.0,60.0,0.0,1.0,60.0,0.0,1.0,60.0,0.0,60.0,0.0,0.0,0.0,1.0,60.0,0.0,60.0,0.0,0.0,0.0,1.0,60.0,0.0,60.0,0.0,0.0,0.0,1.0,60.0,0.0,60.0,0.0,0.0,0.0,1.0,60.0,0.0,60.0,0.0,0.0,0.0,1.0,1505913584.21988,0.0,1.0,1505913584.21988,0.0,1.0,1505913584.21988,0.0,1.0,1505913584.21988,0.0,1.0,1505913584.21988,0.0,1.0,60.0,0.0,60.0,0.0,0.0,0.0,1.0,60.0,0.0,60.0,0.0,0.0,0.0,1.0,60.0,0.0,60.0,0.0,0.0,0.0,1.0,60.0,0.0,60.0,0.0,0.0,0.0,1.0,60.0,0.0,60.0,0.0,0.0,0.0
111.9246046642857,72.70012923446667,16.508526710385922,195.5070306177306,71.53800322700181,28.40652696790857,629.4871029374111,70.03926943562648,39.77096087452173,6577.687488782913,69.42400675048718,43.29490674762019,38104.743308925084,69.38326203793042,43.4682296323981,111.9246046642857,72.70012923446667,16.508526710385922,195.5070306177306,71.53800322700181,28.40652696790857,629.4871029374111,70.03926943562648,39.77096087452173,6577.687488782913,69.42400675048718,43.29490674762019,38104.743308925084,69.38326203793042,43.4682296323981,101.53263883950036,73.99999999999997,2.6973983046972182e-06,73.99999999999997,7.275957614183426e-12,0.0,0.0,161.1257677674389,73.99999999969951,6.487789669683437e-05,73.99999999969951,4.209141479805112e-09,0.0,0.0,451.3900956125751,73.99995011054803,0.0264282017154643,73.99995011054803,0.0006984498459132,0.0,0.0,4425.495718434661,73.99681823297024,0.211032260092826,73.99681823297024,0.0445346147998861,0.0,0.0,25524.06043259061,73.99764776043884,0.1814547347670441,73.99764776043884,0.0329258207693783,0.0,0.0,101.53263883950036,0.0029296573101519,4.5269531703186514e-05,161.1257677674389,0.0030480974976565,5.482184711384089e-05,451.3900956125751,0.0032243011561223,7.280261259371386e-05,4425.495718434661,66.80818539319219,100718909019.9104,25524.06043259061,25153.57043128331,37922320417703.08,1.0,74.0,0.0,74.0,0.0,0.0,0.0,1.0,74.0,0.0,74.0,0.0,0.0,0.0,1.0,74.0,0.0,74.0,0.0,0.0,0.0,1.0,74.0,0.0,74.0,0.0,0.0,0.0,1.0,74.0,0.0,74.0,0.0,0.0,0.0
116.20660213581895,73.19501918291185,10.621737323364869,203.8944886825562,72.19577710307344,22.0039002957692,660.191787380322,70.54533659860063,36.43163106006615,6641.387664470059,69.51672034318226,42.80384515726382,27168.41941402349,69.39377781684477,43.4126792881416,116.20660213581895,73.19501918291185,10.621737323364869,203.8944886825562,72.19577710307344,22.0039002957692,660.191787380322,70.54533659860063,36.43163106006615,6641.387664470059,69.51672034318226,42.80384515726382,27168.41941402349,69.39377781684477,43.4126792881416,109.52488174022464,74.00000000000001,1.3486991523486091e-06,74.00000000000001,1.8189894035458565e-12,0.0,0.0,177.61798117956982,74.00000000000007,2.523185072960464e-06,74.00000000000007,6.366462912410497e-12,0.0,0.0,497.28029844977664,73.99999999999984,4.573661349594802e-06,73.99999999999984,2.0918378140777356e-11,0.0,0.0,4512.034898999082,73.99977156613365,0.0565510560393866,73.99977156613365,0.0031980219391698,0.0,0.0,18217.781469448066,73.99895085375131,0.1211897143133987,73.99895085375131,0.0146869468553632,0.0,0.0,109.52488174022464,0.0026934014034969,2.935293601759832e-05,177.61798117956982,0.0027564581530761,4.232903095024432e-05,497.28029844977664,0.0029251872421614,6.251623392245908e-05,4512.034898999082,1742.026294670128,2626370403842.096,18217.781469448066,48923.721537740224,73757795703809.25,1.0,74.0,0.0,74.0,0.0,0.0,0.0,1.0,74.0,0.0,74.0,0.0,0.0,0.0,1.0,74.0,0.0,74.0,0.0,0.0,0.0,1.0,74.0,0.0,74.0,0.0,0.0,0.0,1.0,74.0,0.0,74.0,0.0,0.0,0.0
142.64979989223997,60.00003641427526,0.0017478838744864,163.27434340461113,60.00122718034225,0.0589027643404733,301.8192362626905,60.0258645659481,1.2323226372077445,2345.832347094027,60.0286910066463,1.1110324328674324,18471.638369632445,60.02161525475727,0.7537933531762064,142.64979989223997,60.00003641427526,0.0017478838744864,163.27434340461113,60.00122718034225,0.0589027643404733,301.8192362626905,60.0258645659481,1.2323226372077445,2345.832347094027,60.0286910066463,1.1110324328674324,18471.638369632445,60.02161525475727,0.7537933531762064,1.0,60.0,0.0,60.0,0.0,0.0,0.0,1.0,60.0,0.0,60.0,0.0,0.0,0.0,1.0,60.0,0.0,60.0,0.0,0.0,0.0,1.0,60.0,0.0,60.0,0.0,0.0,0.0,1.0,60.0,0.0,60.0,0.0,0.0,0.0,1.0,1507653195.7725348,0.0,1.0,1507653195.7725348,0.0,1.0,1507653195.7725348,0.0,1.0,1507653195.7725348,0.0,1.0,1507653195.7725348,0.0,1.0,60.0,0.0,60.0,0.0,0.0,0.0,1.0,60.0,0.0,60.0,0.0,0.0,0.0,1.0,60.0,0.0,60.0,0.0,0.0,0.0,1.0,60.0,0.0,60.0,0.0,0.0,0.0,1.0,60.0,0.0,60.0,0.0,0.0,0.0
125.91155686876372,269.7166520452996,59618.95196528869,187.2829882953101,310.8671421414178,60994.04521164247,522.6631766028469,339.17067509330263,59974.02639033696,4640.24063939545,338.25518265681734,60029.07106976617,10847.132890241484,337.12027609781904,60098.77276349865,125.91155686876372,269.7166520452996,59618.95196528869,187.2829882953101,310.8671421414178,60994.04521164247,522.6631766028469,339.17067509330263,59974.02639033696,4640.24063939545,338.25518265681734,60029.07106976617,10847.132890241484,337.12027609781904,60098.77276349865,1.0,60.0,0.0,60.0,0.0,0.0,0.0,1.0,60.0,0.0,60.0,0.0,0.0,0.0,1.0,60.0,0.0,60.0,0.0,0.0,0.0,1.0,60.0,0.0,60.0,0.0,0.0,0.0,1.0,60.0,0.0,60.0,0.0,0.0,0.0,1.0,1507659342.398166,0.0,1.0,1507659342.398166,0.0,1.0,1507659342.398166,0.0,1.0,1507659342.398166,0.0,1.0,1507659342.398166,0.0,1.0,60.0,0.0,60.0,0.0,0.0,0.0,1.0,60.0,0.0,60.0,0.0,0.0,0.0,1.0,60.0,0.0,60.0,0.0,0.0,0.0,1.0,60.0,0.0,60.0,0.0,0.0,0.0,1.0,60.0,0.0,60.0,0.0,0.0,0.0
48.05006722763557,74.07871520999376,1.8829689555814184,77.98944710469019,74.11334749609182,2.7074928887695933,156.25724215060842,74.20766883306881,4.958144729536798,796.9381618277307,75.18761205581875,563.8306042896456,8352.301850713986,76.6141785474981,1676.5730004865134,48.05006722763557,74.07871520999376,1.8829689555814184,77.98944710469019,74.11334749609182,2.7074928887695933,156.25724215060842,74.20766883306881,4.958144729536798,796.9381618277307,75.18761205581875,563.8306042896456,8352.301850713986,76.6141785474981,1676.5730004865134,1.0000293349449991,74.0,9.5367431640625e-07,74.0,9.094947017729282e-13,0.0,0.0,1.0019073533961311,74.0,9.5367431640625e-07,74.0,9.094947017729282e-13,0.0,0.0,1.1240158104218394,73.99999999999999,1.3486991523486091e-06,73.99999999999999,1.8189894035458565e-12,0.0,0.0,1.8116105908161937,74.0,0.0,74.0,0.0,0.0,0.0,1.9793428806413995,74.0,0.0,74.0,0.0,0.0,0.0,1.0000293349449991,44177.59366694687,66521130964041.09,1.0019073533961311,2866843.409604317,4308993753031732.0,1.1240158104218394,166151610.90373844,2.22603527012444e+17,1.8116105908161937,674656593.9106318,5.608126862736427e+17,1.9793428806413995,745098435.9898294,5.6688182025003104e+17,1.0000293349449991,74.0,9.5367431640625e-07,74.0,9.094947017729282e-13,0.0,0.0,1.0019073533961311,74.0,9.5367431640625e-07,74.0,9.094947017729282e-13,0.0,0.0,1.1240158104218394,73.99999999999999,1.3486991523486091e-06,73.99999999999999,1.8189894035458565e-12,0.0,0.0,1.8116105908161937,74.0,0.0,74.0,0.0,0.0,0.0,1.9793428806413995,74.0,0.0,74.0,0.0,0.0,0.0
1.0,60.0,0.0,1.0,60.0,0.0,1.0,60.0,0.0,1.0,60.0,0.0,1.0,60.0,0.0,1.0,60.0,0.0,1.0,60.0,0.0,1.0,60.0,0.0,1.0,60.0,0.0,1.0,60.0,0.0,1.0,60.0,0.0,60.0,0.0,0.0,0.0,1.0,60.0,0.0,60.0,0.0,0.0,0.0,1.0,60.0,0.0,60.0,0.0,0.0,0.0,1.0,60.0,0.0,60.0,0.0,0.0,0.0,1.0,60.0,0.0,60.0,0.0,0.0,0.0,1.0,1505913566.89173,0.0,1.0,1505913566.89173,0.0,1.0,1505913566.89173,0.0,1.0,1505913566.89173,0.0,1.0,1505913566.89173,0.0,1.0,60.0,0.0,60.0,0.0,0.0,0.0,1.0,60.0,0.0,60.0,0.0,0.0,0.0,1.0,60.0,0.0,60.0,0.0,0.0,0.0,1.0,60.0,0.0,60.0,0.0,0.0,0.0,1.0,60.0,0.0,60.0,0.0,0.0,0.0
111.59878334599205,406.2048191906289,51167.40384935457,187.23767681231223,415.9721526437284,49134.069948116965,599.9907383840216,399.1588515117313,52515.714745582336,6428.26123984445,386.2684240066332,54722.64495080139,48692.75768699656,383.3270140984883,55179.924170840735,111.59878334599205,406.2048191906289,51167.40384935457,187.23767681231223,415.9721526437284,49134.069948116965,599.9907383840216,399.1588515117313,52515.714745582336,6428.26123984445,386.2684240066332,54722.64495080139,48692.75768699656,383.3270140984883,55179.924170840735,1.0,60.0,0.0,60.0,0.0,0.0,0.0,1.0,60.0,0.0,60.0,0.0,0.0,0.0,1.0,60.0,0.0,60.0,0.0,0.0,0.0,1.0,60.0,0.0,60.0,0.0,0.0,0.0,1.0,60.0,0.0,60.0,0.0,0.0,0.0,1.0,1507656131.532766,0.0,1.0,1507656131.532766,0.0,1.0,1507656131.532766,0.0,1.0,1507656131.532766,0.0,1.0,1507656131.532766,0.0,1.0,60.0,0.0,60.0,0.0,0.0,0.0,1.0,60.0,0.0,60.0,0.0,0.0,0.0,1.0,60.0,0.0,60.0,0.0,0.0,0.0,1.0,60.0,0.0,60.0,0.0,0.0,0.0,1.0,60.0,0.0,60.0,0.0,0.0,0.0
110.39734645103157,394.3631303061218,53376.6496242368,182.79084851737724,407.49834405152376,50908.43150260278,590.9589237253275,395.06420444259743,53247.1026636516,6390.846940673666,383.16308734386473,55203.05752643984,60853.140157242655,383.60629782204734,55136.98236265677,110.39734645103157,394.3631303061218,53376.6496242368,182.79084851737724,407.49834405152376,50908.43150260278,590.9589237253275,395.06420444259743,53247.1026636516,6390.846940673666,383.16308734386473,55203.05752643984,60853.140157242655,383.60629782204734,55136.98236265677,1.0,60.0,0.0,60.0,0.0,0.0,0.0,1.0,60.0,0.0,60.0,0.0,0.0,0.0,1.0,60.0,0.0,60.0,0.0,0.0,0.0,1.0,60.0,0.0,60.0,0.0,0.0,0.0,1.0,60.0,0.0,60.0,0.0,0.0,0.0,1.0,1507656349.45997,0.0,1.0,1507656349.45997,0.0,1.0,1507656349.45997,0.0,1.0,1507656349.45997,0.0,1.0,1507656349.45997,0.0,1.0,60.0,0.0,60.0,0.0,0.0,0.0,1.0,60.0,0.0,60.0,0.0,0.0,0.0,1.0,60.0,0.0,60.0,0.0,0.0,0.0,1.0,60.0,0.0,60.0,0.0,0.0,0.0,1.0,60.0,0.0,60.0,0.0,0.0,0.0
10.407741380848126,59.99999999999999,2.7284841053187847e-12,28.48186713899982,60.00000000059504,2.8564954845933247e-08,165.37758882822266,60.00020718931032,0.0098775163064601,2212.210376340065,60.017675253940325,0.6847023030077253,22220.862197793795,60.02022401199796,0.7050795773870959,10.407741380848126,59.99999999999999,2.7284841053187847e-12,28.48186713899982,60.00000000059504,2.8564954845933247e-08,165.37758882822266,60.00020718931032,0.0098775163064601,2212.210376340065,60.017675253940325,0.6847023030077253,22220.862197793795,60.02022401199796,0.7050795773870959,1.0,60.0,0.0,60.0,0.0,0.0,0.0,1.0,60.0,0.0,60.0,0.0,0.0,0.0,1.0,60.0,0.0,60.0,0.0,0.0,0.0,1.0,60.0,0.0,60.0,0.0,0.0,0.0,1.0,60.0,0.0,60.0,0.0,0.0,0.0,1.0,1507653503.847319,0.0,1.0,1507653503.847319,0.0,1.0,1507653503.847319,0.0,1.0,1507653503.847319,0.0,1.0,1507653503.847319,0.0,1.0,60.0,0.0,60.0,0.0,0.0,0.0,1.0,60.0,0.0,60.0,0.0,0.0,0.0,1.0,60.0,0.0,60.0,0.0,0.0,0.0,1.0,60.0,0.0,60.0,0.0,0.0,0.0,1.0,60.0,0.0,60.0,0.0,0.0,0.0
174.75349153071411,74.02627776683674,0.6299758970399125,291.81988418944127,74.03399401484023,0.8148542758181065,861.5618421658261,74.05254463200616,11.405619545600528,7296.3652151050355,74.65860477551159,483.7255830253953,18342.33029552804,74.60449201452327,435.61064171353615,174.75349153071411,74.02627776683674,0.6299758970399125,291.81988418944127,74.03399401484023,0.8148542758181065,861.5618421658261,74.05254463200616,11.405619545600528,7296.3652151050355,74.65860477551159,483.7255830253953,18342.33029552804,74.60449201452327,435.61064171353615,174.56215268364224,73.99999999999987,1.9073486328125e-06,95.2680429105164,8.957483989248525e-12,-7.463972715270305e-27,-1.3677874649737506e-15,291.40646590954907,73.99999999692693,0.0002073973057338,95.26804290812944,4.301364320449048e-08,-2.4018042112036253e-22,-4.0477450493005307e-13,859.9546662675605,73.99993489196389,0.0301911953348808,95.26799233748396,0.0009115082757489,5.732330517904179e-19,1.990906334933168e-11,7268.524750551002,73.99855791056656,0.1420815696809479,95.2669227635883,0.020187172443002,4.644299355546252e-17,6.658239838716251e-11,18276.030744390668,73.99807568109014,0.1641242267232809,95.26654819244943,0.0269367617975149,-9.82834646927277e-16,-1.708995007313124e-09,174.5621526836422,0.0016780529992014,1.1942096787179047e-05,291.4064659095493,0.0016665694264752,1.3093012991347156e-05,859.9546662675639,0.0016851747998805,1915.1549884054605,7268.52475055111,12660.823359090737,19065952109889.04,18276.030744390293,62305.90186697107,93823465057867.16,1.0,74.0,0.0,74.0,0.0,0.0,0.0,1.0,74.0,0.0,74.0,0.0,0.0,0.0,1.0,74.0,0.0,74.0,0.0,0.0,0.0,1.0,74.0,0.0,74.0,0.0,0.0,0.0,1.0,74.0,0.0,74.0,0.0,0.0,0.0
1.0,60.0,0.0,1.0,60.0,0.0,1.0,60.0,0.0,1.0,60.0,0.0,1.0,60.0,0.0,1.0,60.0,0.0,1.0,60.0,0.0,1.0,60.0,0.0,1.0,60.0,0.0,1.0,60.0,0.0,1.0,60.0,0.0,60.0,0.0,0.0,0.0,1.0,60.0,0.0,60.0,0.0,0.0,0.0,1.0,60.0,0.0,60.0,0.0,0.0,0.0,1.0,60.0,0.0,60.0,0.0,0.0,0.0,1.0,60.0,0.0,60.0,0.0,0.0,0.0,1.0,1505913427.419602,0.0,1.0,1505913427.419602,0.0,1.0,1505913427.419602,0.0,1.0,1505913427.419602,0.0,1.0,1505913427.419602,0.0,1.0,60.0,0.0,60.0,0.0,0.0,0.0,1.0,60.0,0.0,60.0,0.0,0.0,0.0,1.0,60.0,0.0,60.0,0.0,0.0,0.0,1.0,60.0,0.0,60.0,0.0,0.0,0.0,1.0,60.0,0.0,60.0,0.0,0.0,0.0
174.42778112415908,212.68682569186595,52113.9188576716,260.06352847935096,272.1393222922776,59792.53632544434,697.7336356287798,347.7253836735165,59342.875356331686,6505.05236751278,380.7815424339797,55560.29669185789,47829.58137094357,382.43700250993913,55314.744382367855,174.42778112415908,212.68682569186595,52113.9188576716,260.06352847935096,272.1393222922776,59792.53632544434,697.7336356287798,347.7253836735165,59342.875356331686,6505.05236751278,380.7815424339797,55560.29669185789,47829.58137094357,382.43700250993913,55314.744382367855,1.0,60.0,0.0,60.0,0.0,0.0,0.0,1.0,60.0,0.0,60.0,0.0,0.0,0.0,1.0,60.0,0.0,60.0,0.0,0.0,0.0,1.0,60.0,0.0,60.0,0.0,0.0,0.0,1.0,60.0,0.0,60.0,0.0,0.0,0.0,1.0,1507656123.399424,0.0,1.0,1507656123.399424,0.0,1.0,1507656123.399424,0.0,1.0,1507656123.399424,0.0,1.0,1507656123.399424,0.0,1.0,60.0,0.0,60.0,0.0,0.0,0.0,1.0,60.0,0.0,60.0,0.0,0.0,0.0,1.0,60.0,0.0,60.0,0.0,0.0,0.0,1.0,60.0,0.0,60.0,0.0,0.0,0.0,1.0,60.0,0.0,60.0,0.0,0.0,0.0
165.7635234689366,65.92082675072983,47.835385626569405,249.78235020078375,67.34911155064435,48.87816461739112,689.836000402939,68.80169637890428,45.75590392073718,6721.308767740632,69.35953006413753,43.49275522268272,45174.63323442711,69.37885408912764,43.46657280882936,165.7635234689366,65.92082675072983,47.835385626569405,249.78235020078375,67.34911155064435,48.87816461739112,689.836000402939,68.80169637890428,45.75590392073718,6721.308767740632,69.35953006413753,43.49275522268272,45174.63323442711,69.37885408912764,43.46657280882936,1.0,60.0,0.0,60.0,0.0,0.0,0.0,1.0,60.0,0.0,60.0,0.0,0.0,0.0,1.0,60.0,0.0,60.0,0.0,0.0,0.0,1.0,60.0,0.0,60.0,0.0,0.0,0.0,1.0,60.0,0.0,60.0,0.0,0.0,0.0,1.0,1507657222.163605,0.0,1.0,1507657222.163605,0.0,1.0,1507657222.163605,0.0,1.0,1507657222.163605,0.0,1.0,1507657222.163605,0.0,1.0,60.0,0.0,60.0,0.0,0.0,0.0,1.0,60.0,0.0,60.0,0.0,0.0,0.0,1.0,60.0,0.0,60.0,0.0,0.0,0.0,1.0,60.0,0.0,60.0,0.0,0.0,0.0,1.0,60.0,0.0,60.0,0.0,0.0,0.0
94.45369348820807,515.7371658322694,17415.25799862889,171.88303892229268,473.6192509719658,33215.84508400419,589.4907667518844,412.981100950612,49753.871442237614,6360.9672350684,385.8195579539103,54790.97219441352,50219.247817367854,383.30101256320097,55183.61976637552,94.45369348820807,515.7371658322694,17415.25799862889,171.88303892229268,473.6192509719658,33215.84508400419,589.4907667518844,412.981100950612,49753.871442237614,6360.9672350684,385.8195579539103,54790.97219441352,50219.247817367854,383.30101256320097,55183.61976637552,87.12810843896689,554.0000000000006,2.0185480583683703e-05,554.0000000000006,4.07453626394272e-10,0.0,0.0,143.89092586675326,553.9999999999999,1.0789593218788871e-05,553.9999999999999,1.1641532182693479e-10,0.0,0.0,421.15089959338064,553.9999999999964,3.7376247295885886e-05,553.9999999999964,1.3969838619232178e-09,0.0,0.0,4195.31954790803,553.9911190524658,2.0945427211620453,553.9911190524658,4.3871092107729055,0.0,0.0,32867.7713226309,553.9655527388334,4.125016412474584,553.9655527388334,17.015760403184686,0.0,0.0,87.12810843896689,0.0033682640192896,2.3084071310940515e-05,143.89092586675326,0.0033904947857772,3.746801529685639e-05,421.15089959338064,0.0034535856449356,7.103842192925794e-05,4195.31954790803,0.0779002656477635,112256578.0925688,32867.7713226309,9843.949361313224,14841186478801.36,1.0,554.0,0.0,554.0,0.0,0.0,0.0,1.0,554.0,0.0,554.0,0.0,0.0,0.0,1.0,554.0,0.0,554.0,0.0,0.0,0.0,1.0,554.0,0.0,554.0,0.0,0.0,0.0,1.0,554.0,0.0,554.0,0.0,0.0,0.0
106.76725736994102,518.2783877177561,16370.44288318348,188.42781234221872,478.75886723299874,31507.891072754628,614.6459616553898,419.3769391337144,48379.86448639538,6393.9800433303,387.4837935307973,54527.404303184485,52908.93108712675,383.6707658138968,55127.18812217432,106.76725736994102,518.2783877177561,16370.44288318348,188.42781234221872,478.75886723299874,31507.891072754628,614.6459616553898,419.3769391337144,48379.86448639538,6393.9800433303,387.4837935307973,54527.404303184485,52908.93108712675,383.6707658138968,55127.18812217432,99.04681491598166,554.0000000000003,1.8688123647942943e-05,554.0000000000003,3.4924596548080444e-10,0.0,0.0,159.72837461493353,554.0,0.0,554.0,0.0,0.0,0.0,447.14334918584353,553.999999996906,0.0012363621569946,553.999999996906,1.5285913832485676e-06,0.0,0.0,4238.750870161758,553.9826628065152,2.9264779177007787,553.9826628065152,8.564273002790287,0.0,0.0,34668.02657968204,553.9618319367231,4.342069374587876,553.9618319367231,18.85356645373395,0.0,0.0,99.04681491598166,0.002955269168536,1.714138026063923e-05,159.72837461493353,0.0030496491737984,3.0149820873409345e-05,447.14334918584353,0.0032498003004057,5.8489010460628296e-05,4238.750870161758,0.0124089189004088,13571527.508477692,34668.02657968204,7563.094553027467,11402481930509.092,1.0,554.0,0.0,554.0,0.0,0.0,0.0,1.0,554.0,0.0,554.0,0.0,0.0,0.0,1.0,554.0,0.0,554.0,0.0,0.0,0.0,1.0,554.0,0.0,554.0,0.0,0.0,0.0,1.0,554.0,0.0,554.0,0.0,0.0,0.0
144.27240267122062,306.9020990994661,61008.99041127037,222.08703296845343,348.3919899114863,59295.70134323704,633.8659647288141,377.2095880911568,56079.178741900665,6346.5587587868495,381.9064723140236,55395.71883300512,43545.54444362628,382.25622462782377,55342.40889567445,144.27240267122062,306.9020990994661,61008.99041127037,222.08703296845343,348.3919899114863,59295.70134323704,633.8659647288141,377.2095880911568,56079.178741900665,6346.5587587868495,381.9064723140236,55395.71883300512,43545.54444362628,382.25622462782377,55342.40889567445,1.0,60.0,0.0,60.0,0.0,0.0,0.0,1.0,60.0,0.0,60.0,0.0,0.0,0.0,1.0,60.0,0.0,60.0,0.0,0.0,0.0,1.0,60.0,0.0,60.0,0.0,0.0,0.0,1.0,60.0,0.0,60.0,0.0,0.0,0.0,1.0,1507656090.905005,0.0,1.0,1507656090.905005,0.0,1.0,1507656090.905005,0.0,1.0,1507656090.905005,0.0,1.0,1507656090.905005,0.0,1.0,60.0,0.0,60.0,0.0,0.0,0.0,1.0,60.0,0.0,60.0,0.0,0.0,0.0,1.0,60.0,0.0,60.0,0.0,0.0,0.0,1.0,60.0,0.0,60.0,0.0,0.0,0.0,1.0,60.0,0.0,60.0,0.0,0.0,0.0
172.65404872623515,455.9875760625572,38811.693999480914,256.18277754841466,427.311271398272,46534.030489312776,641.0339848849452,401.5712347003527,52063.18515681072,6309.530131070494,384.4725286843919,55004.145108244695,35694.125950398025,382.4682365464418,55310.462295893936,172.65404872623515,455.9875760625572,38811.693999480914,256.18277754841466,427.311271398272,46534.030489312776,641.0339848849452,401.5712347003527,52063.18515681072,6309.530131070494,384.4725286843919,55004.145108244695,35694.125950398025,382.4682365464418,55310.462295893936,138.39849251863382,554.0000000000001,1.3214498959113138e-05,554.0000000000001,1.7462298274040222e-10,0.0,0.0,190.48326347329268,554.0000000000003,1.8688123647942943e-05,554.0000000000003,3.4924596548080444e-10,0.0,0.0,443.2306970392646,553.9999995245373,0.0153257464934053,553.9999995245373,0.0002348785055801,0.0,0.0,4144.4325403979165,553.9712813071303,3.766458484272407,553.9712813071303,14.1862095137476,0.0,0.0,23301.504565862782,553.9588026999343,4.5110718255566296,553.9588026999343,20.34976901533082,0.0,0.0,138.39849251863382,0.0024998228034946,0.0003199481474042,190.48326347329268,0.0028374026571828,0.00035464164428,443.2306970392646,0.0033457386820455,0.0002660452652868,4144.4325403979165,97.85902270605985,147532472622.98953,23301.504565862782,28437.61382903905,42873323052591.21,1.0,554.0,0.0,554.0,0.0,0.0,0.0,1.0,554.0,0.0,554.0,0.0,0.0,0.0,1.0,554.0,0.0,554.0,0.0,0.0,0.0,1.0,554.0,0.0,554.0,0.0,0.0,0.0,1.0,554.0,0.0,554.0,0.0,0.0,0.0
1.0,60.0,0.0,1.0,60.0,0.0,1.0,60.0,0.0,1.0,60.0,0.0,1.0,60.0,0.0,1.0,60.0,0.0,1.0,60.0,0.0,1.0,60.0,0.0,1.0,60.0,0.0,1.0,60.0,0.0,1.0,60.0,0.0,60.0,0.0,0.0,0.0,1.0,60.0,0.0,60.0,0.0,0.0,0.0,1.0,60.0,0.0,60.0,0.0,0.0,0.0,1.0,60.0,0.0,60.0,0.0,0.0,0.0,1.0,60.0,0.0,60.0,0.0,0.0,0.0,1.0,1505913448.047223,0.0,1.0,1505913448.047223,0.0,1.0,1505913448.047223,0.0,1.0,1505913448.047223,0.0,1.0,1505913448.047223,0.0,1.0,60.0,0.0,60.0,0.0,0.0,0.0,1.0,60.0,0.0,60.0,0.0,0.0,0.0,1.0,60.0,0.0,60.0,0.0,0.0,0.0,1.0,60.0,0.0,60.0,0.0,0.0,0.0,1.0,60.0,0.0,60.0,0.0,0.0,0.0
144.45993456463938,68.69266934935666,46.13858042309767,238.45561280325683,68.54474723944533,46.62227736856404,682.8767126409855,68.89779059208965,45.41002243202729,6528.055989804559,69.3048182398903,43.76045747292483,22743.408859944582,69.33553026369624,43.66120049778692,144.45993456463938,68.69266934935666,46.13858042309767,238.45561280325683,68.54474723944533,46.62227736856404,682.8767126409855,68.89779059208965,45.41002243202729,6528.055989804559,69.3048182398903,43.76045747292483,22743.408859944582,69.33553026369624,43.66120049778692,89.65760759717466,74.0,0.0,74.0,0.0,0.0,0.0,145.39364021536375,74.0000000000001,3.5683225505580347e-06,74.0000000000001,1.2732925824820994e-11,0.0,0.0,433.4394157900972,73.99999999750754,0.0001867619642959,73.99999999750754,3.488003130769357e-08,0.0,0.0,4335.9240959026365,73.99931440523942,0.097968651199258,73.99931440523942,0.0095978566178018,0.0,0.0,15156.253305100556,73.99859802171444,0.1400918644015029,73.99859802171444,0.019625730471489,0.0,0.0,89.65760759717466,0.0034859791808833,0.0001703497128662,145.39364021536375,0.0034666424755248,0.0001573040208547,433.4394157900972,0.0033741872143784,0.0032229285684829,4335.9240959026365,5228.308246677447,7882463551568.789,15156.253305100556,65376.961747143934,98561758790005.08,1.0,74.0,0.0,74.0,0.0,0.0,0.0,1.0,74.0,0.0,74.0,0.0,0.0,0.0,1.0,74.0,0.0,74.0,0.0,0.0,0.0,1.0,74.0,0.0,74.0,0.0,0.0,0.0,1.0,74.0,0.0,74.0,0.0,0.0,0.0
107.1235639622489,199.3828016791391,49427.538625568464,169.1007421057092,277.82384382793583,60157.751911023486,552.7827068677957,362.9617092113368,57877.284414727306,6260.105681413455,382.32614476391615,55332.70774483675,42625.606793780666,382.3225293406415,55332.396364392655,107.1235639622489,199.3828016791391,49427.538625568464,169.1007421057092,277.82384382793583,60157.751911023486,552.7827068677957,362.9617092113368,57877.284414727306,6260.105681413455,382.32614476391615,55332.70774483675,42625.606793780666,382.3225293406415,55332.396364392655,1.0,60.0,0.0,60.0,0.0,0.0,0.0,1.0,60.0,0.0,60.0,0.0,0.0,0.0,1.0,60.0,0.0,60.0,0.0,0.0,0.0,1.0,60.0,0.0,60.0,0.0,0.0,0.0,1.0,60.0,0.0,60.0,0.0,0.0,0.0,1.0,1507656085.012283,0.0,1.0,1507656085.012283,0.0,1.0,1507656085.012283,0.0,1.0,1507656085.012283,0.0,1.0,1507656085.012283,0.0,1.0,60.0,0.0,60.0,0.0,0.0,0.0,1.0,60.0,0.0,60.0,0.0,0.0,0.0,1.0,60.0,0.0,60.0,0.0,0.0,0.0,1.0,60.0,0.0,60.0,0.0,0.0,0.0,1.0,60.0,0.0,60.0,0.0,0.0,0.0
31.98056190354311,59.99999999999999,1.8189894035458565e-12,49.87425495759365,60.00000000082348,3.95252754969988e-08,186.1620014055356,60.00024723962376,0.0117862923339089,2233.4676159110018,60.01815076803853,0.699270524946769,22399.61844424176,60.02029762066324,0.7064460245574082,31.98056190354311,59.99999999999999,1.8189894035458565e-12,49.87425495759365,60.00000000082348,3.95252754969988e-08,186.1620014055356,60.00024723962376,0.0117862923339089,2233.4676159110018,60.01815076803853,0.699270524946769,22399.61844424176,60.02029762066324,0.7064460245574082,1.0,60.0,0.0,60.0,0.0,0.0,0.0,1.0,60.0,0.0,60.0,0.0,0.0,0.0,1.0,60.0,0.0,60.0,0.0,0.0,0.0,1.0,60.0,0.0,60.0,0.0,0.0,0.0,1.0,60.0,0.0,60.0,0.0,0.0,0.0,1.0,1507653553.449696,0.0,1.0,1507653553.449696,0.0,1.0,1507653553.449696,0.0,1.0,1507653553.449696,0.0,1.0,1507653553.449696,0.0,1.0,60.0,0.0,60.0,0.0,0.0,0.0,1.0,60.0,0.0,60.0,0.0,0.0,0.0,1.0,60.0,0.0,60.0,0.0,0.0,0.0,1.0,60.0,0.0,60.0,0.0,0.0,0.0,1.0,60.0,0.0,60.0,0.0,0.0,0.0
139.24839232230482,67.2164605331415,48.95314491931822,219.04174679631748,68.43002606016479,46.95504004210306,652.4959053059733,69.25131857147821,43.932941582961575,6620.089691049459,69.3783373130542,43.42537307848943,40177.59807465864,69.37617935190582,43.48450881143253,139.24839232230482,67.2164605331415,48.95314491931822,219.04174679631748,68.43002606016479,46.95504004210306,652.4959053059733,69.25131857147821,43.932941582961575,6620.089691049459,69.3783373130542,43.42537307848943,40177.59807465864,69.37617935190582,43.48450881143253,71.77717972263672,74.0,0.0,74.0,0.0,0.0,0.0,131.8946029468531,74.00000000000001,9.5367431640625e-07,74.00000000000001,9.094947017729282e-13,0.0,0.0,431.11084532346496,73.99999997100656,0.0006371136883352,73.99999997100656,4.0591385186417044e-07,0.0,0.0,4432.811454569155,73.99849898938538,0.1449548053365719,73.99849898938538,0.0210118955901634,0.0,0.0,26893.071432357432,73.99792874208639,0.1702742513217305,73.99792874208639,0.0289933206631758,0.0,0.0,71.77717972263672,0.004191688912971,8.8665190213811e-05,131.8946029468531,0.0037299565651985,7.058914596955286e-05,431.11084532346496,0.0033721713310249,6.417037130862743e-05,4432.811454569155,31.51873199154964,47514526878.88992,26893.071432357432,22148.90591274065,33392458875591.426,1.0,74.0,0.0,74.0,0.0,0.0,0.0,1.0,74.0,0.0,74.0,0.0,0.0,0.0,1.0,74.0,0.0,74.0,0.0,0.0,0.0,1.0,74.0,0.0,74.0,0.0,0.0,0.0,1.0,74.0,0.0,74.0,0.0,0.0,0.0
120.02217792118556,444.552391236644,42088.33964228199,209.9142934778665,412.7556199946367,49824.74138363049,640.9574803794595,389.5653494776183,54190.550488361325,6422.8050762013245,384.1162170057345,55057.7516409574,52828.22969069662,383.2512927193666,55191.29640419741,120.02217792118556,444.552391236644,42088.33964228199,209.9142934778665,412.7556199946367,49824.74138363049,640.9574803794595,389.5653494776183,54190.550488361325,6422.8050762013245,384.1162170057345,55057.7516409574,52828.22969069662,383.2512927193666,55191.29640419741,93.43080063742184,554.0000000000003,1.7059844799040144e-05,554.0000000000003,2.910383045673371e-10,0.0,0.0,149.89563407352537,553.9999999999999,1.7059844799040144e-05,553.9999999999999,2.910383045673371e-10,0.0,0.0,427.6019181814084,553.9999999914745,0.0020522078592903,553.9999999914745,4.211557097733022e-06,0.0,0.0,4214.079379821317,553.9807872548798,3.0807023483603744,553.9807872548798,9.490726959193124,0.0,0.0,34570.310706612814,553.9613514231952,4.369313816211871,553.9613514231952,19.090903224539947,0.0,0.0,93.43080063742184,0.0031902431634094,5.5141056814389625e-05,149.89563407352537,0.003286476841792,7.019558956898593e-05,427.6019181814084,0.0034072907250983,8.770952921188734e-05,4214.079379821317,0.0134028356672011,15039706.34800529,34570.310706612814,7658.309436679621,11546031760692.775,1.0,554.0,0.0,554.0,0.0,0.0,0.0,1.0,554.0,0.0,554.0,0.0,0.0,0.0,1.0,554.0,0.0,554.0,0.0,0.0,0.0,1.0,554.0,0.0,554.0,0.0,0.0,0.0,1.0,554.0,0.0,554.0,0.0,0.0,0.0
150.0953421220356,339.5983383476918,59946.34694023783,242.1995484396101,342.8097955299084,59726.60206106544,671.6596882095004,364.0062842617722,57757.834663216745,6465.721480845363,381.61490573522735,55438.62290610278,52338.78509516422,382.91273946351714,55243.032593388045,150.0953421220356,339.5983383476918,59946.34694023783,242.1995484396101,342.8097955299084,59726.60206106544,671.6596882095004,364.0062842617722,57757.834663216745,6465.721480845363,381.61490573522735,55438.62290610278,52338.78509516422,382.91273946351714,55243.032593388045,84.95224253721041,553.9999999999999,0.0,553.9999999999999,0.0,0.0,0.0,138.6566320092233,553.9999999999994,1.8688123647942943e-05,553.9999999999994,3.4924596548080444e-10,0.0,0.0,413.3334755552767,553.9999991626371,0.020338567813068,553.9999991626371,0.0004136573406867,0.0,0.0,4209.633449249553,553.9696753428968,3.870330867441128,553.9696753428968,14.979461023467591,0.0,0.0,34214.358055407974,553.9591301355157,4.493110582480972,553.9591301355157,20.188042706402484,0.0,0.0,84.95224253721041,0.0037349878775322,0.0002195403814284,138.6566320092233,0.0036511803519072,0.0001822438176286,413.3334755552767,0.0035335048214458,0.0001158025315921,4209.633449249553,0.0191757313474745,23738093.38848116,34214.358055407974,8098.462792489568,12209624638150.8,1.0,554.0,0.0,554.0,0.0,0.0,0.0,1.0,554.0,0.0,554.0,0.0,0.0,0.0,1.0,554.0,0.0,554.0,0.0,0.0,0.0,1.0,554.0,0.0,554.0,0.0,0.0,0.0,1.0,554.0,0.0,554.0,0.0,0.0,0.0
107.33534064047724,547.3969093117773,9066.51720089116,189.0477249576105,520.4851029417756,20954.80844408529,617.2963263899967,474.1896561343322,38007.28319896897,6135.157423517803,443.547727708943,46958.03668914776,20905.60036859224,441.5180893587429,47487.21366863988,107.33534064047724,547.3969093117773,9066.51720089116,189.0477249576105,520.4851029417756,20954.80844408529,617.2963263899967,474.1896561343322,38007.28319896897,6135.157423517803,443.547727708943,46958.03668914776,20905.60036859224,441.5180893587429,47487.21366863988,103.3889102062984,566.0,0.0,566.0,0.0,0.0,0.0,172.0396771089092,565.9999999999994,1.8688123647942943e-05,565.9999999999994,3.4924596548080444e-10,0.0,0.0,505.24338172972006,565.9999921348928,0.0630852097655328,565.9999921348928,0.0039797436911612,0.0,0.0,4651.4790421777225,565.8654985673379,8.248614083014221,565.8654985673379,68.03963429050053,0.0,0.0,15767.185297220423,565.8389923605886,9.02462974763084,565.8389923605886,81.44394208182348,0.0,0.0,103.3889102062984,0.0028620773618092,3.4268448848198746e-05,172.0396771089092,0.0028397600523719,3.569512707322998e-05,505.24338172972006,0.0028754237445357,0.0095230808595783,4651.4790421777225,5534.147836656064,8343570699269.318,15767.185297220423,63647.70265804031,95954954621307.3,1.0,566.0,0.0,566.0,0.0,0.0,0.0,1.0,566.0,0.0,566.0,0.0,0.0,0.0,1.0,566.0,0.0,566.0,0.0,0.0,0.0,1.0,566.0,0.0,566.0,0.0,0.0,0.0,1.0,566.0,0.0,566.0,0.0,0.0,0.0
1.0,60.0,0.0,1.0,60.0,0.0,1.0,60.0,0.0,1.0,60.0,0.0,1.0,60.0,0.0,1.0,60.0,0.0,1.0,60.0,0.0,1.0,60.0,0.0,1.0,60.0,0.0,1.0,60.0,0.0,1.0,60.0,0.0,60.0,0.0,0.0,0.0,1.0,60.0,0.0,60.0,0.0,0.0,0.0,1.0,60.0,0.0,60.0,0.0,0.0,0.0,1.0,60.0,0.0,60.0,0.0,0.0,0.0,1.0,60.0,0.0,60.0,0.0,0.0,0.0,1.0,1505913450.818367,0.0,1.0,1505913450.818367,0.0,1.0,1505913450.818367,0.0,1.0,1505913450.818367,0.0,1.0,1505913450.818367,0.0,1.0,60.0,0.0,60.0,0.0,0.0,0.0,1.0,60.0,0.0,60.0,0.0,0.0,0.0,1.0,60.0,0.0,60.0,0.0,0.0,0.0,1.0,60.0,0.0,60.0,0.0,0.0,0.0,1.0,60.0,0.0,60.0,0.0,0.0,0.0
136.46426744305091,69.57331528415513,42.37804856272669,230.2021048841541,69.11328641417683,44.534037295401504,675.5955170760479,69.09392843938164,44.61688040129138,6507.624737457684,69.3356042689648,43.62618431859392,22133.1748667384,69.34400428714143,43.62572147362153,136.46426744305091,69.57331528415513,42.37804856272669,230.2021048841541,69.11328641417683,44.534037295401504,675.5955170760479,69.09392843938164,44.61688040129138,6507.624737457684,69.3356042689648,43.62618431859392,22133.1748667384,69.34400428714143,43.62572147362153,93.31538868881955,74.00000000000003,9.5367431640625e-07,74.00000000000003,9.094947017729282e-13,0.0,0.0,149.8495611362175,73.99999999999993,0.0,73.99999999999993,0.0,0.0,0.0,438.7759418055866,73.9999999901511,0.000371316251745,73.9999999901511,1.3787575880996888e-07,0.0,0.0,4337.38769202961,73.99921272454951,0.1049820771231022,73.99921272454951,0.0110212365170809,0.0,0.0,14763.677137984672,73.9985406509423,0.1429292031663583,73.9985406509423,0.0204287571177701,0.0,0.0,93.31538868881955,0.0033246392318683,0.0001495029376236,149.8495611362175,0.0033553942391576,0.0001455936286768,438.7759418055866,0.0033322872817861,0.0123622492324851,4337.38769202961,6003.719146480974,9051508571627.326,14763.677137984672,68052.27179154019,102594851902544.23,1.0,74.0,0.0,74.0,0.0,0.0,0.0,1.0,74.0,0.0,74.0,0.0,0.0,0.0,1.0,74.0,0.0,74.0,0.0,0.0,0.0,1.0,74.0,0.0,74.0,0.0,0.0,0.0,1.0,74.0,0.0,74.0,0.0,0.0,0.0
151.797876620647,60.01379299751994,0.6618736300101773,172.92085492511006,60.04238457508074,2.0326499401508045,312.3889652441965,60.08295106128785,3.9475506215403584,2362.6753740466665,60.03273591674757,1.2472730446265814,20658.043367181643,60.02176529086078,0.7560278818004917,151.797876620647,60.01379299751994,0.6618736300101773,172.92085492511006,60.04238457508074,2.0326499401508045,312.3889652441965,60.08295106128785,3.9475506215403584,2362.6753740466665,60.03273591674757,1.2472730446265814,20658.043367181643,60.02176529086078,0.7560278818004917,1.0,60.0,0.0,60.0,0.0,0.0,0.0,1.0,60.0,0.0,60.0,0.0,0.0,0.0,1.0,60.0,0.0,60.0,0.0,0.0,0.0,1.0,60.0,0.0,60.0,0.0,0.0,0.0,1.0,60.0,0.0,60.0,0.0,0.0,0.0,1.0,1507653294.122147,0.0,1.0,1507653294.122147,0.0,1.0,1507653294.122147,0.0,1.0,1507653294.122147,0.0,1.0,1507653294.122147,0.0,1.0,60.0,0.0,60.0,0.0,0.0,0.0,1.0,60.0,0.0,60.0,0.0,0.0,0.0,1.0,60.0,0.0,60.0,0.0,0.0,0.0,1.0,60.0,0.0,60.0,0.0,0.0,0.0,1.0,60.0,0.0,60.0,0.0,0.0,0.0
84.23174215733734,74.02909950746759,1.4331910468299611,119.88061044345764,74.04508226844743,2.301515776920496,207.72016336856444,74.11277447464677,4.446204607648724,877.4512773093617,75.895175102898,1213.870669649138,6462.846978984088,76.70701791367438,1773.337417833828,84.23174215733734,74.02909950746759,1.4331910468299611,119.88061044345764,74.04508226844743,2.301515776920496,207.72016336856444,74.11277447464677,4.446204607648724,877.4512773093617,75.895175102898,1213.870669649138,6462.846978984088,76.70701791367438,1773.337417833828,1.0,74.0,0.0,74.0,0.0,0.0,0.0,1.0,74.0,0.0,74.0,0.0,0.0,0.0,1.0,74.0,0.0,74.0,0.0,0.0,0.0,1.0,74.0,0.0,74.0,0.0,0.0,0.0,1.0,74.0,0.0,74.0,0.0,0.0,0.0,1.0,1505912937.261345,0.0,1.0,1505912937.261345,0.0,1.0,1505912937.261345,0.0,1.0,1505912937.261345,0.0,1.0,1505912937.261345,0.0,1.0,74.0,0.0,74.0,0.0,0.0,0.0,1.0,74.0,0.0,74.0,0.0,0.0,0.0,1.0,74.0,0.0,74.0,0.0,0.0,0.0,1.0,74.0,0.0,74.0,0.0,0.0,0.0,1.0,74.0,0.0,74.0,0.0,0.0,0.0
99.3736019613184,363.5931865003299,57806.21124173888,173.7156371460094,340.7716170844937,59868.477878957776,531.1042461369302,333.0083320960997,60332.49996403553,4591.219952254746,336.32435247362525,60145.62961387082,10387.97394636802,336.1928244990224,60153.61389528438,99.3736019613184,363.5931865003299,57806.21124173888,173.7156371460094,340.7716170844937,59868.477878957776,531.1042461369302,333.0083320960997,60332.49996403553,4591.219952254746,336.32435247362525,60145.62961387082,10387.97394636802,336.1928244990224,60153.61389528438,61.07115075597585,554.0,7.62939453125e-06,554.0,5.820766091346741e-11,0.0,0.0,98.73364444271752,553.9999999942797,0.0016810310889531,553.9999999942797,2.825865522027016e-06,0.0,0.0,293.5148210389231,553.9982401150482,0.9324055281717588,553.9982401150482,0.8693800689652562,0.0,0.0,2568.684134745635,553.8836299786868,7.581111300356845,553.8836299786868,57.47324854839825,0.0,0.0,5809.446161372279,553.8529496677371,8.5218096867989,553.8529496677371,72.62124033801956,0.0,0.0,61.07115075597585,0.0049713684691788,0.0001403709638145,98.73364444271752,0.0050315887562568,0.0001443489097377,293.5148210389231,0.005580068263752,872499.7213810476,2568.684134745635,59397.947414355134,89548332520918.33,5809.446161372279,206388.92154352128,311121574512897.6,61.07115075597585,554.0,7.62939453125e-06,554.0,5.820766091346741e-11,0.0,0.0,98.73364444157431,553.9999999999997,1.52587890625e-05,553.9999999999997,2.3283064365386963e-10,0.0,0.0,293.51377538645994,554.0000000000006,1.7059844799040144e-05,554.0000000000006,2.910383045673371e-10,0.0,0.0,2568.079037928822,554.0000000000014,3.325575976212062e-05,554.0000000000014,1.1059455573558807e-09,0.0,0.0,5807.716847630794,553.9999999999986,5.340576171875e-05,553.9999999999986,2.852175384759903e-09,0.0,0.0
162.56915317658928,74.05824555626549,1.3945480826596397,263.9114713554482,74.05815362249969,1.4164065585118806,769.8967792677076,74.06845533563946,8.497225707506004,7587.370968925977,74.18413099091555,83.42506456307909,29370.69284483021,74.35673946480392,231.69984977483728,162.56915317658928,74.05824555626549,1.3945480826596397,263.9114713554482,74.05815362249969,1.4164065585118806,769.8967792677076,74.06845533563946,8.497225707506004,7587.370968925977,74.18413099091555,83.42506456307909,29370.69284483021,74.35673946480392,231.69984977483728,162.1746151032582,74.00000000000007,2.6973983046972182e-06,95.26804291051646,8.829596408280667e-12,-7.225062336793577e-28,-1.1976090985347358e-16,263.2725747998277,73.99999999996015,2.3975000553086348e-05,95.26804291048552,5.748071273165403e-10,-4.704010826041216e-24,-1.1878154575408922e-13,768.1733293896773,73.99998314709309,0.0153603516691377,95.26802981992478,0.0002359404033995,-2.3313001152197882e-18,-7.957322209387721e-11,7568.060354256815,73.99828631055823,0.1548829091321446,95.2667117985046,0.0239887155412361,2.8573218239739194e-16,9.672206913220543e-10,29284.79736924995,73.9981471581424,0.1610476730050833,95.26660371209825,0.0259363529803522,-6.109522502076302e-16,-3.6775602542921596e-10,162.17461510325822,0.001816263066888,1.8935548607905134e-05,263.272574799828,0.0018509647322872,2.058089286787524e-05,768.1733293896804,0.0018901219382303,3.4665101042743326e-05,7568.060354256948,1573.142358727362,2369012282219.8286,29284.79736924888,31692.262822052617,47724825241979.62,1.0,74.0,0.0,95.26804291051644,0.0,0.0,0.0,1.0,74.0,0.0,95.26804291051644,0.0,0.0,0.0,1.0,74.0,0.0,95.26804291051644,0.0,0.0,0.0,1.021921587873497,74.0,0.0,95.26804291051644,0.0,0.0,0.0,1.6824757129317682,74.0,0.0,95.26804291051644,0.0,0.0,0.0
130.71752766882085,333.5974540628712,63576.66275115102,207.06710347247943,373.1534281860417,60373.3839395463,620.9450856213383,394.2218850618585,57392.50469632648,5981.798276065856,391.8306111206743,57789.02173024503,16184.62645604728,390.953878355764,57928.12665934428,130.71752766882085,333.5974540628712,63576.66275115102,207.06710347247943,373.1534281860417,60373.3839395463,620.9450856213383,394.2218850618585,57392.50469632648,5981.798276065856,391.8306111206743,57789.02173024503,16184.62645604728,390.953878355764,57928.12665934428,1.0,60.0,0.0,60.0,0.0,0.0,0.0,1.0,60.0,0.0,60.0,0.0,0.0,0.0,1.0,60.0,0.0,60.0,0.0,0.0,0.0,1.0,60.0,0.0,60.0,0.0,0.0,0.0,1.0,60.0,0.0,60.0,0.0,0.0,0.0,1.0,1507657948.995304,0.0,1.0,1507657948.995304,0.0,1.0,1507657948.995304,0.0,1.0,1507657948.995304,0.0,1.0,1507657948.995304,0.0,1.0,60.0,0.0,60.0,0.0,0.0,0.0,1.0,60.0,0.0,60.0,0.0,0.0,0.0,1.0,60.0,0.0,60.0,0.0,0.0,0.0,1.0,60.0,0.0,60.0,0.0,0.0,0.0,1.0,60.0,0.0,60.0,0.0,0.0,0.0
120.52418511340085,488.56939091738576,28041.556281889643,210.89297662813252,455.2622623071108,39027.30157554244,648.216966007026,428.7313256249407,46190.4782030712,6544.446561779085,428.9819421485847,46125.48730161236,47740.15777475081,427.0078949604423,46592.05729843545,120.52418511340085,488.56939091738576,28041.556281889643,210.89297662813252,455.2622623071108,39027.30157554244,648.216966007026,428.7313256249407,46190.4782030712,6544.446561779085,428.9819421485847,46125.48730161236,47740.15777475081,427.0078949604423,46592.05729843545,104.56068138636536,553.9999999999999,1.0789593218788871e-05,553.9999999999999,1.1641532182693479e-10,0.0,0.0,168.74096163299888,553.9999999999987,2.288818359375e-05,553.9999999999987,5.238689482212067e-10,0.0,0.0,483.8419700665986,553.9999168632319,0.2026562537692929,553.9999168632319,0.041069557191804,0.0,0.0,4888.834524425184,553.9269140422086,6.008254454675168,553.9269140422086,36.09912159212399,0.0,0.0,35470.607345659715,553.915738975827,6.4511895046872425,553.915738975827,41.61784602538683,0.0,0.0,104.56068138636536,0.0028212392793712,2.862538141673392e-05,168.74096163299888,0.0028940672190845,3.4931483278406546e-05,483.8419700665986,0.0030004188632553,4.531182033459149e-05,4888.834524425184,0.3488070056108139,521428788.87209415,35470.607345659715,10799.740559300228,16282171632941.078,1.0,554.0,0.0,554.0,0.0,0.0,0.0,1.0,554.0,0.0,554.0,0.0,0.0,0.0,1.0,554.0,0.0,554.0,0.0,0.0,0.0,1.0,554.0,0.0,554.0,0.0,0.0,0.0,1.0,554.0,0.0,554.0,0.0,0.0,0.0
199.63419694314783,66.053561511496,48.1068120339105,292.15515275493703,66.98421482889326,49.00650681210846,792.8716449525116,68.24380564659685,47.46257103597053,6102.644926143914,69.12139068943365,44.57895602958433,52951.04248954421,69.35710464986376,43.59292790665585,199.63419694314783,66.053561511496,48.1068120339105,292.15515275493703,66.98421482889326,49.00650681210846,792.8716449525116,68.24380564659685,47.46257103597053,6102.644926143914,69.12139068943365,44.57895602958433,52951.04248954421,69.35710464986376,43.59292790665585,86.2848040982947,73.99999999999999,1.6518123698891422e-06,73.99999999999999,2.7284841053187847e-12,0.0,0.0,145.6071824821365,73.99999999999999,9.5367431640625e-07,73.99999999999999,9.094947017729282e-13,0.0,0.0,466.3321602326963,73.99999999866658,0.0001366153021263,73.99999999866658,1.8663740775082257e-08,0.0,0.0,3974.016707043674,73.99881174648,0.1289733977314647,73.99881174648,0.0166341373223986,0.0,0.0,35369.105926851335,73.99790188744062,0.1713743674578507,73.99790188744062,0.0293691738215784,0.0,0.0,86.2848040982947,0.0036282243837833,0.0001686306581048,145.6071824821365,0.0034540723611889,0.0001448504650484,466.3321602326963,0.0032630713136252,0.0008367451798398,3974.016707043674,0.024414467556702,31202923.923418187,35369.105926851335,8004.987323579214,12068706566137.809,1.0,74.0,0.0,74.0,0.0,0.0,0.0,1.0,74.0,0.0,74.0,0.0,0.0,0.0,1.0,74.0,0.0,74.0,0.0,0.0,0.0,1.0,74.0,0.0,74.0,0.0,0.0,0.0,1.0,74.0,0.0,74.0,0.0,0.0,0.0
166.38058297889566,74.02136517635304,0.7871374636597466,276.188686245784,74.03392986884316,4.272837101792902,789.4142662591455,74.24904538431744,148.30802978823522,5680.954421095764,74.72146924455507,530.2021952270406,12081.05486839535,74.51021739510016,356.69005911964905,166.38058297889566,74.02136517635304,0.7871374636597466,276.188686245784,74.03392986884316,4.272837101792902,789.4142662591455,74.24904538431744,148.30802978823522,5680.954421095764,74.72146924455507,530.2021952270406,12081.05486839535,74.51021739510016,356.69005911964905,166.1773247239516,74.0000000000002,3.814697265625e-06,95.26804291051658,1.5387672024815976e-11,4.605966074367743e-28,5.3985760700451787e-17,275.65274798826584,74.00000000000017,3.814697265625e-06,95.26804291051658,1.4615724176099502e-11,-4.836375137743432e-27,-1.0854609038275856e-15,786.648562501931,73.99999999172054,0.0003404977923617,95.2680429040853,1.1593874695993756e-07,-1.7513142536717146e-21,-1.7054920335707796e-12,5658.648797471327,73.99892574876498,0.1226310045065486,95.2672084820963,0.0150383632662851,3.9637911152450284e-16,7.396065354012649e-10,12039.726126778056,73.99800378428243,0.1671617035149113,95.2664923467781,0.0279430351220071,-1.9266919351944603e-15,-1.4497162339584432e-09,166.1773247239519,0.0017688352391825,1.6242923907851278e-05,275.6527479882661,0.0017658036169983,1.8210333117242554e-05,786.6485625019328,0.0156849444883004,20763320.451197565,5658.648797471376,40816.4519305673,61464410265546.82,12039.726126778003,103695.14774683332,156145252370886.88,1.0,74.0,0.0,74.0,0.0,0.0,0.0,1.0,74.0,0.0,74.0,0.0,0.0,0.0,1.0,74.0,0.0,74.0,0.0,0.0,0.0,1.0,74.0,0.0,74.0,0.0,0.0,0.0,1.0,74.0,0.0,74.0,0.0,0.0,0.0
1.0,60.0,0.0,1.0,60.0,0.0,1.0,60.0,0.0,1.0,60.0,0.0,1.0,60.0,0.0,1.0,60.0,0.0,1.0,60.0,0.0,1.0,60.0,0.0,1.0,60.0,0.0,1.0,60.0,0.0,1.0,60.0,0.0,60.0,0.0,0.0,0.0,1.0,60.0,0.0,60.0,0.0,0.0,0.0,1.0,60.0,0.0,60.0,0.0,0.0,0.0,1.0,60.0,0.0,60.0,0.0,0.0,0.0,1.0,60.0,0.0,60.0,0.0,0.0,0.0,1.0,1505913477.405917,0.0,1.0,1505913477.405917,0.0,1.0,1505913477.405917,0.0,1.0,1505913477.405917,0.0,1.0,1505913477.405917,0.0,1.0,60.0,0.0,60.0,0.0,0.0,0.0,1.0,60.0,0.0,60.0,0.0,0.0,0.0,1.0,60.0,0.0,60.0,0.0,0.0,0.0,1.0,60.0,0.0,60.0,0.0,0.0,0.0,1.0,60.0,0.0,60.0,0.0,0.0,0.0
135.3075861758499,298.4328963490507,63796.799491001926,211.96833336691432,347.77702479908714,62799.55805019652,627.6176102581328,384.9856791069056,58826.463834122784,6316.874879948484,391.1145974136154,57902.9395585201,44905.71075368809,391.3960843248593,57859.30356959973,135.3075861758499,298.4328963490507,63796.799491001926,211.96833336691432,347.77702479908714,62799.55805019652,627.6176102581328,384.9856791069056,58826.463834122784,6316.874879948484,391.1145974136154,57902.9395585201,44905.71075368809,391.3960843248593,57859.30356959973,1.0,60.0,0.0,60.0,0.0,0.0,0.0,1.0,60.0,0.0,60.0,0.0,0.0,0.0,1.0,60.0,0.0,60.0,0.0,0.0,0.0,1.0,60.0,0.0,60.0,0.0,0.0,0.0,1.0,60.0,0.0,60.0,0.0,0.0,0.0,1.0,1507658084.495789,0.0,1.0,1507658084.495789,0.0,1.0,1507658084.495789,0.0,1.0,1507658084.495789,0.0,1.0,1507658084.495789,0.0,1.0,60.0,0.0,60.0,0.0,0.0,0.0,1.0,60.0,0.0,60.0,0.0,0.0,0.0,1.0,60.0,0.0,60.0,0.0,0.0,0.0,1.0,60.0,0.0,60.0,0.0,0.0,0.0,1.0,60.0,0.0,60.0,0.0,0.0,0.0
109.20315287093403,519.2235530240047,15970.14416534954,190.5819875306314,477.9441220232369,31786.906766085736,627.8544221964229,412.58932061427504,49858.75616821429,6347.264008413493,384.8349894070332,54947.3682700551,61838.2678644372,383.4538651417013,55160.472611338446,109.20315287093403,519.2235530240047,15970.14416534954,190.5819875306314,477.9441220232369,31786.906766085736,627.8544221964229,412.58932061427504,49858.75616821429,6347.264008413493,384.8349894070332,54947.3682700551,61838.2678644372,383.4538651417013,55160.472611338446,101.51549701780516,553.9999999999999,1.3214498959113138e-05,553.9999999999999,1.7462298274040222e-10,0.0,0.0,161.23996598441084,554.0,7.62939453125e-06,554.0,5.820766091346741e-11,0.0,0.0,448.1240759209808,553.9999999975072,0.001109808138792,553.9999999975072,1.2316741049289703e-06,0.0,0.0,4173.772304764134,553.9817017071996,3.006496601547243,553.9817017071996,9.039021815115118,0.0,0.0,40492.05390639683,553.9580993322326,4.549414710808004,553.9580993322326,20.697174210916277,0.0,0.0,101.51549701780516,0.0029675052788901,7.020925826534865e-05,161.23996598441084,0.0030830684242228,9.518169312914292e-05,448.1240759209808,0.0032742202792106,0.0001535088229239,4173.772304764134,0.0034611708213746,1.723306855883992,40492.05390639683,1321.1715089821578,1991865126266.1096,1.0,554.0,0.0,554.0,0.0,0.0,0.0,1.0,554.0,0.0,554.0,0.0,0.0,0.0,1.0,554.0,0.0,554.0,0.0,0.0,0.0,1.0,554.0,0.0,554.0,0.0,0.0,0.0,1.0,554.0,0.0,554.0,0.0,0.0,0.0
179.41400454007683,218.0480766993227,54992.98074131901,261.7022828695097,272.0338291176854,62329.26052033024,682.8635738530572,348.071316546986,62770.298580605,6390.179295617585,387.57023334690336,58441.63496159625,31504.20932828732,390.7022647541117,57967.18542616945,179.41400454007683,218.0480766993227,54992.98074131901,261.7022828695097,272.0338291176854,62329.26052033024,682.8635738530572,348.071316546986,62770.298580605,6390.179295617585,387.57023334690336,58441.63496159625,31504.20932828732,390.7022647541117,57967.18542616945,1.0,60.0,0.0,60.0,0.0,0.0,0.0,1.0,60.0,0.0,60.0,0.0,0.0,0.0,1.0,60.0,0.0,60.0,0.0,0.0,0.0,1.0,60.0,0.0,60.0,0.0,0.0,0.0,1.0,60.0,0.0,60.0,0.0,0.0,0.0,1.0,1507658005.1876109,0.0,1.0,1507658005.1876109,0.0,1.0,1507658005.1876109,0.0,1.0,1507658005.1876109,0.0,1.0,1507658005.1876109,0.0,1.0,60.0,0.0,60.0,0.0,0.0,0.0,1.0,60.0,0.0,60.0,0.0,0.0,0.0,1.0,60.0,0.0,60.0,0.0,0.0,0.0,1.0,60.0,0.0,60.0,0.0,0.0,0.0,1.0,60.0,0.0,60.0,0.0,0.0,0.0
1.0,60.0,0.0,1.0,60.0,0.0,1.0,60.0,0.0,1.0,60.0,0.0,1.0,60.0,0.0,1.0,60.0,0.0,1.0,60.0,0.0,1.0,60.0,0.0,1.0,60.0,0.0,1.0,60.0,0.0,1.0,60.0,0.0,60.0,0.0,0.0,0.0,1.0,60.0,0.0,60.0,0.0,0.0,0.0,1.0,60.0,0.0,60.0,0.0,0.0,0.0,1.0,60.0,0.0,60.0,0.0,0.0,0.0,1.0,60.0,0.0,60.0,0.0,0.0,0.0,1.0,1505913556.49138,0.0,1.0,1505913556.49138,0.0,1.0,1505913556.49138,0.0,1.0,1505913556.49138,0.0,1.0,1505913556.49138,0.0,1.0,60.0,0.0,60.0,0.0,0.0,0.0,1.0,60.0,0.0,60.0,0.0,0.0,0.0,1.0,60.0,0.0,60.0,0.0,0.0,0.0,1.0,60.0,0.0,60.0,0.0,0.0,0.0,1.0,60.0,0.0,60.0,0.0,0.0,0.0
163.10389552409202,74.08766408326319,2.096253006839106,270.73690632115915,74.07239257040781,1.7321844139887617,825.812866627909,74.05186352893635,1.5791477851225864,5286.879217601807,74.07901664223684,17.309792659379127,7851.818080380883,74.08736272142399,20.4165900367052,163.10389552409202,74.08766408326319,2.096253006839106,270.73690632115915,74.07239257040781,1.7321844139887617,825.812866627909,74.05186352893635,1.5791477851225864,5286.879217601807,74.07901664223684,17.309792659379127,7851.818080380883,74.08736272142399,20.4165900367052,162.50813079585143,74.00000000000001,2.132480599880018e-06,95.26804291051631,1.786873572599552e-11,2.22075295214275e-28,2.5051761706650546e-17,269.9202671847803,73.99999999883958,0.0001275002286252,95.26804290961508,1.6256308935535167e-08,8.250117665203692e-23,3.034338938081124e-13,824.0468831977231,73.99992400915227,0.0326169604606118,95.26798388420052,0.0010638661096891,2.7084240766655828e-17,6.156843211638665e-10,5274.601202572946,73.99711647428268,0.2009005856941366,95.2658031326486,0.0403610453322471,1.0907240225770282e-19,2.0127442528777847e-13,7831.998074162398,73.996636580783,0.2169713264059384,95.265430378855,0.0470765564823523,1.555296900415473e-15,1.909171869714561e-09,162.50813079585137,0.001831362744141,5.426007350466546e-05,269.92026718478024,0.001818209440369,2838.515518065124,824.0468831977263,127.28084579520063,191671315576.0149,5274.601202572969,109622.92393139334,165070656968143.53,7831.9980741623485,174725.64041125047,263091225907697.88,1.0,74.0,0.0,74.0,0.0,0.0,0.0,1.0,74.0,0.0,74.0,0.0,0.0,0.0,1.0,74.0,0.0,74.0,0.0,0.0,0.0,1.0,74.0,0.0,74.0,0.0,0.0,0.0,1.0,74.0,0.0,74.0,0.0,0.0,0.0
146.34273067743402,181.11148975668652,45160.71360040749,213.4596027152081,228.9751088289761,54919.32579548746,545.4560721285961,296.17687977382815,60886.723207811854,4900.952399992752,333.17125725191835,60320.3897194279,13695.927000683783,335.64843900209195,60185.0385426724,146.34273067743402,181.11148975668652,45160.71360040749,213.4596027152081,228.9751088289761,54919.32579548746,545.4560721285961,296.17687977382815,60886.723207811854,4900.952399992752,333.17125725191835,60320.3897194279,13695.927000683783,335.64843900209195,60185.0385426724,1.0,60.0,0.0,60.0,0.0,0.0,0.0,1.0,60.0,0.0,60.0,0.0,0.0,0.0,1.0,60.0,0.0,60.0,0.0,0.0,0.0,1.0,60.0,0.0,60.0,0.0,0.0,0.0,1.0,60.0,0.0,60.0,0.0,0.0,0.0,1.0,1507659352.908631,0.0,1.0,1507659352.908631,0.0,1.0,1507659352.908631,0.0,1.0,1507659352.908631,0.0,1.0,1507659352.908631,0.0,1.0,60.0,0.0,60.0,0.0,0.0,0.0,1.0,60.0,0.0,60.0,0.0,0.0,0.0,1.0,60.0,0.0,60.0,0.0,0.0,0.0,1.0,60.0,0.0,60.0,0.0,0.0,0.0,1.0,60.0,0.0,60.0,0.0,0.0,0.0
1.0,60.0,0.0,1.0,60.0,0.0,1.0,60.0,0.0,1.0,60.0,0.0,1.0,60.0,0.0,1.0,60.0,0.0,1.0,60.0,0.0,1.0,60.0,0.0,1.0,60.0,0.0,1.0,60.0,0.0,1.0,60.0,0.0,60.0,0.0,0.0,0.0,1.0,60.0,0.0,60.0,0.0,0.0,0.0,1.0,60.0,0.0,60.0,0.0,0.0,0.0,1.0,60.0,0.0,60.0,0.0,0.0,0.0,1.0,60.0,0.0,60.0,0.0,0.0,0.0,1.0,1505913476.536493,0.0,1.0,1505913476.536493,0.0,1.0,1505913476.536493,0.0,1.0,1505913476.536493,0.0,1.0,1505913476.536493,0.0,1.0,60.0,0.0,60.0,0.0,0.0,0.0,1.0,60.0,0.0,60.0,0.0,0.0,0.0,1.0,60.0,0.0,60.0,0.0,0.0,0.0,1.0,60.0,0.0,60.0,0.0,0.0,0.0,1.0,60.0,0.0,60.0,0.0,0.0,0.0
103.04979366851752,60.00000000000002,1.8189894035458565e-12,122.06999061143652,60.000000000002174,1.0913936421275139e-10,258.3857334500994,60.00003331289442,0.0015880948626545,2300.10943073346,60.01490442018029,0.5742737664750166,19913.64596327693,60.01995703135261,0.6946020595223672,103.04979366851752,60.00000000000002,1.8189894035458565e-12,122.06999061143652,60.000000000002174,1.0913936421275139e-10,258.3857334500994,60.00003331289442,0.0015880948626545,2300.10943073346,60.01490442018029,0.5742737664750166,19913.64596327693,60.01995703135261,0.6946020595223672,1.0,60.0,0.0,60.0,0.0,0.0,0.0,1.0,60.0,0.0,60.0,0.0,0.0,0.0,1.0,60.0,0.0,60.0,0.0,0.0,0.0,1.0,60.0,0.0,60.0,0.0,0.0,0.0,1.0,60.0,0.0,60.0,0.0,0.0,0.0,1.0,1507653255.6373188,0.0,1.0,1507653255.6373188,0.0,1.0,1507653255.6373188,0.0,1.0,1507653255.6373188,0.0,1.0,1507653255.6373188,0.0,1.0,60.0,0.0,60.0,0.0,0.0,0.0,1.0,60.0,0.0,60.0,0.0,0.0,0.0,1.0,60.0,0.0,60.0,0.0,0.0,0.0,1.0,60.0,0.0,60.0,0.0,0.0,0.0,1.0,60.0,0.0,60.0,0.0,0.0,0.0
135.8629197485653,253.4526827743664,60463.11689211013,213.43163059678812,311.79815339623366,64007.54166320298,628.2561403307043,370.2807440576239,60727.04229994124,6317.700465451399,389.4792160250821,58156.70116623881,34946.90819128247,391.0796275874318,57908.94082033388,135.8629197485653,253.4526827743664,60463.11689211013,213.43163059678812,311.79815339623366,64007.54166320298,628.2561403307043,370.2807440576239,60727.04229994124,6317.700465451399,389.4792160250821,58156.70116623881,34946.90819128247,391.0796275874318,57908.94082033388,1.0,60.0,0.0,60.0,0.0,0.0,0.0,1.0,60.0,0.0,60.0,0.0,0.0,0.0,1.0,60.0,0.0,60.0,0.0,0.0,0.0,1.0,60.0,0.0,60.0,0.0,0.0,0.0,1.0,60.0,0.0,60.0,0.0,0.0,0.0,1.0,1507658022.1179311,0.0,1.0,1507658022.1179311,0.0,1.0,1507658022.1179311,0.0,1.0,1507658022.1179311,0.0,1.0,1507658022.1179311,0.0,1.0,60.0,0.0,60.0,0.0,0.0,0.0,1.0,60.0,0.0,60.0,0.0,0.0,0.0,1.0,60.0,0.0,60.0,0.0,0.0,0.0,1.0,60.0,0.0,60.0,0.0,0.0,0.0,1.0,60.0,0.0,60.0,0.0,0.0,0.0
1.0,60.0,0.0,1.0,60.0,0.0,1.0,60.0,0.0,1.0,60.0,0.0,1.0,60.0,0.0,1.0,60.0,0.0,1.0,60.0,0.0,1.0,60.0,0.0,1.0,60.0,0.0,1.0,60.0,0.0,1.0,60.0,0.0,60.0,0.0,0.0,0.0,1.0,60.0,0.0,60.0,0.0,0.0,0.0,1.0,60.0,0.0,60.0,0.0,0.0,0.0,1.0,60.0,0.0,60.0,0.0,0.0,0.0,1.0,60.0,0.0,60.0,0.0,0.0,0.0,1.0,1505913573.989974,0.0,1.0,1505913573.989974,0.0,1.0,1505913573.989974,0.0,1.0,1505913573.989974,0.0,1.0,1505913573.989974,0.0,1.0,60.0,0.0,60.0,0.0,0.0,0.0,1.0,60.0,0.0,60.0,0.0,0.0,0.0,1.0,60.0,0.0,60.0,0.0,0.0,0.0,1.0,60.0,0.0,60.0,0.0,0.0,0.0,1.0,60.0,0.0,60.0,0.0,0.0,0.0
152.15205935867874,254.675572622372,58271.15429960336,232.597483443312,307.9639006143711,61008.07089560477,649.6572013507399,361.8901306006628,57996.06632773912,6341.142480489679,379.8821191644315,55694.6527909172,28070.163710905683,381.67332247466993,55429.88365894716,152.15205935867874,254.675572622372,58271.15429960336,232.597483443312,307.9639006143711,61008.07089560477,649.6572013507399,361.8901306006628,57996.06632773912,6341.142480489679,379.8821191644315,55694.6527909172,28070.163710905683,381.67332247466993,55429.88365894716,1.0,60.0,0.0,60.0,0.0,0.0,0.0,1.0,60.0,0.0,60.0,0.0,0.0,0.0,1.0,60.0,0.0,60.0,0.0,0.0,0.0,1.0,60.0,0.0,60.0,0.0,0.0,0.0,1.0,60.0,0.0,60.0,0.0,0.0,0.0,1.0,1507656008.294777,0.0,1.0,1507656008.294777,0.0,1.0,1507656008.294777,0.0,1.0,1507656008.294777,0.0,1.0,1507656008.294777,0.0,1.0,60.0,0.0,60.0,0.0,0.0,0.0,1.0,60.0,0.0,60.0,0.0,0.0,0.0,1.0,60.0,0.0,60.0,0.0,0.0,0.0,1.0,60.0,0.0,60.0,0.0,0.0,0.0,1.0,60.0,0.0,60.0,0.0,0.0,0.0
152.58278606921195,278.5787363813089,62824.17660959064,228.0488813067072,329.33756345162465,63742.083092060304,634.8543442275712,374.94695236689967,60171.20850743692,6327.235462301886,389.8333432266397,58102.72869236895,36164.677006027545,391.1432918444266,57899.06982181463,152.58278606921195,278.5787363813089,62824.17660959064,228.0488813067072,329.33756345162465,63742.083092060304,634.8543442275712,374.94695236689967,60171.20850743692,6327.235462301886,389.8333432266397,58102.72869236895,36164.677006027545,391.1432918444266,57899.06982181463,1.0,60.0,0.0,60.0,0.0,0.0,0.0,1.0,60.0,0.0,60.0,0.0,0.0,0.0,1.0,60.0,0.0,60.0,0.0,0.0,0.0,1.0,60.0,0.0,60.0,0.0,0.0,0.0,1.0,60.0,0.0,60.0,0.0,0.0,0.0,1.0,1507658028.388233,0.0,1.0,1507658028.388233,0.0,1.0,1507658028.388233,0.0,1.0,1507658028.388233,0.0,1.0,1507658028.388233,0.0,1.0,60.0,0.0,60.0,0.0,0.0,0.0,1.0,60.0,0.0,60.0,0.0,0.0,0.0,1.0,60.0,0.0,60.0,0.0,0.0,0.0,1.0,60.0,0.0,60.0,0.0,0.0,0.0,1.0,60.0,0.0,60.0,0.0,0.0,0.0
1.0,60.0,0.0,1.0,60.0,0.0,1.0,60.0,0.0,1.0,60.0,0.0,1.0,60.0,0.0,1.0,60.0,0.0,1.0,60.0,0.0,1.0,60.0,0.0,1.0,60.0,0.0,1.0,60.0,0.0,1.0,60.0,0.0,60.0,0.0,0.0,0.0,1.0,60.0,0.0,60.0,0.0,0.0,0.0,1.0,60.0,0.0,60.0,0.0,0.0,0.0,1.0,60.0,0.0,60.0,0.0,0.0,0.0,1.0,60.0,0.0,60.0,0.0,0.0,0.0,1.0,1505913441.8716118,0.0,1.0,1505913441.8716118,0.0,1.0,1505913441.8716118,0.0,1.0,1505913441.8716118,0.0,1.0,1505913441.8716118,0.0,1.0,60.0,0.0,60.0,0.0,0.0,0.0,1.0,60.0,0.0,60.0,0.0,0.0,0.0,1.0,60.0,0.0,60.0,0.0,0.0,0.0,1.0,60.0,0.0,60.0,0.0,0.0,0.0,1.0,60.0,0.0,60.0,0.0,0.0,0.0
1.0,60.0,0.0,1.0,60.0,0.0,1.0,60.0,0.0,1.0,60.0,0.0,1.0,60.0,0.0,1.0,60.0,0.0,1.0,60.0,0.0,1.0,60.0,0.0,1.0,60.0,0.0,1.0,60.0,0.0,1.0,60.0,0.0,60.0,0.0,0.0,0.0,1.0,60.0,0.0,60.0,0.0,0.0,0.0,1.0,60.0,0.0,60.0,0.0,0.0,0.0,1.0,60.0,0.0,60.0,0.0,0.0,0.0,1.0,60.0,0.0,60.0,0.0,0.0,0.0,1.0,1505913553.034324,0.0,1.0,1505913553.034324,0.0,1.0,1505913553.034324,0.0,1.0,1505913553.034324,0.0,1.0,1505913553.034324,0.0,1.0,60.0,0.0,60.0,0.0,0.0,0.0,1.0,60.0,0.0,60.0,0.0,0.0,0.0,1.0,60.0,0.0,60.0,0.0,0.0,0.0,1.0,60.0,0.0,60.0,0.0,0.0,0.0,1.0,60.0,0.0,60.0,0.0,0.0,0.0
112.65947709749794,60.00000001777453,8.531783350917976e-07,131.60177636924234,60.000013620043326,0.0006537576500704,268.4226202252872,60.00603703408581,0.2877618145280394,2313.1993889380983,60.02481582055437,0.9625939238630964,22621.47865644081,60.02089875551061,0.7291523426661115,112.65947709749794,60.00000001777453,8.531783350917976e-07,131.60177636924234,60.000013620043326,0.0006537576500704,268.4226202252872,60.00603703408581,0.2877618145280394,2313.1993889380983,60.02481582055437,0.9625939238630964,22621.47865644081,60.02089875551061,0.7291523426661115,1.0,60.0,0.0,60.0,0.0,0.0,0.0,1.0,60.0,0.0,60.0,0.0,0.0,0.0,1.0,60.0,0.0,60.0,0.0,0.0,0.0,1.0,60.0,0.0,60.0,0.0,0.0,0.0,1.0,60.0,0.0,60.0,0.0,0.0,0.0,1.0,1507653623.366319,0.0,1.0,1507653623.366319,0.0,1.0,1507653623.366319,0.0,1.0,1507653623.366319,0.0,1.0,1507653623.366319,0.0,1.0,60.0,0.0,60.0,0.0,0.0,0.0,1.0,60.0,0.0,60.0,0.0,0.0,0.0,1.0,60.0,0.0,60.0,0.0,0.0,0.0,1.0,60.0,0.0,60.0,0.0,0.0,0.0,1.0,60.0,0.0,60.0,0.0,0.0,0.0
1.0,60.0,0.0,1.0,60.0,0.0,1.0,60.0,0.0,1.0,60.0,0.0,1.0,60.0,0.0,1.0,60.0,0.0,1.0,60.0,0.0,1.0,60.0,0.0,1.0,60.0,0.0,1.0,60.0,0.0,1.0,60.0,0.0,60.0,0.0,0.0,0.0,1.0,60.0,0.0,60.0,0.0,0.0,0.0,1.0,60.0,0.0,60.0,0.0,0.0,0.0,1.0,60.0,0.0,60.0,0.0,0.0,0.0,1.0,60.0,0.0,60.0,0.0,0.0,0.0,1.0,1505913569.451705,0.0,1.0,1505913569.451705,0.0,1.0,1505913569.451705,0.0,1.0,1505913569.451705,0.0,1.0,1505913569.451705,0.0,1.0,60.0,0.0,60.0,0.0,0.0,0.0,1.0,60.0,0.0,60.0,0.0,0.0,0.0,1.0,60.0,0.0,60.0,0.0,0.0,0.0,1.0,60.0,0.0,60.0,0.0,0.0,0.0,1.0,60.0,0.0,60.0,0.0,0.0,0.0
79.96885893861905,446.82803696019744,41457.11872774013,137.60470338961792,426.5033407514897,46727.84828197266,466.636476944938,372.07739359488494,56769.88804343463,4973.331072406713,339.2173897656904,59965.12214735635,41580.500490014914,336.63130497525407,60126.595804035525,79.96885893861905,446.82803696019744,41457.11872774013,137.60470338961792,426.5033407514897,46727.84828197266,466.636476944938,372.07739359488494,56769.88804343463,4973.331072406713,339.2173897656904,59965.12214735635,41580.500490014914,336.63130497525407,60126.595804035525,1.0,60.0,0.0,60.0,0.0,0.0,0.0,1.0,60.0,0.0,60.0,0.0,0.0,0.0,1.0,60.0,0.0,60.0,0.0,0.0,0.0,1.0,60.0,0.0,60.0,0.0,0.0,0.0,1.0,60.0,0.0,60.0,0.0,0.0,0.0,1.0,1507659561.373566,0.0,1.0,1507659561.373566,0.0,1.0,1507659561.373566,0.0,1.0,1507659561.373566,0.0,1.0,1507659561.373566,0.0,1.0,60.0,0.0,60.0,0.0,0.0,0.0,1.0,60.0,0.0,60.0,0.0,0.0,0.0,1.0,60.0,0.0,60.0,0.0,0.0,0.0,1.0,60.0,0.0,60.0,0.0,0.0,0.0,1.0,60.0,0.0,60.0,0.0,0.0,0.0
165.21602171831444,74.02317337222416,0.8848326801689836,270.9428983725209,74.02681789021284,1.4767951251551494,804.2345009607562,74.19738155487694,142.4030879585107,7602.596619433171,74.51910616603432,393.2369721019986,39188.33046004908,74.35681083996627,240.3519865526805,165.21602171831444,74.02317337222416,0.8848326801689836,270.9428983725209,74.02681789021284,1.4767951251551494,804.2345009607562,74.19738155487694,142.4030879585107,7602.596619433171,74.51910616603432,393.2369721019986,39188.33046004908,74.35681083996627,240.3519865526805,164.89392248771838,73.99999995157208,0.0008234114841917,95.26804287289984,6.780064724100497e-07,-6.4648906476678124e-21,-2.2406668681169907e-12,270.2195936766149,73.9999907078967,0.0114056728324227,95.26803569282193,0.0001300893727602,-1.6222910506402045e-19,-6.359550657686392e-12,801.577048929293,73.9990150257392,0.1174251652723401,95.26727782811668,0.0137886694392364,-1.966054043121586e-18,-1.4334698246588888e-11,7579.575567760665,73.9980202746075,0.16646992550492,95.266505155596,0.0277122360976136,1.1797805595838283e-16,2.0610744875341368e-10,39070.14930905259,73.99826691698834,0.1557567290261793,95.26669673457693,0.0242601586369346,3.3214522541516286e-16,4.048845354800244e-10,164.89392248771833,0.001787638171906,1.9865819815504952e-05,270.21959367661464,0.0018054737780891,2.2512514772131047e-05,801.5770489292938,0.0018097305134141,2.5726500217627733e-05,7579.575567760735,118.79111029741892,178886348859.14484,39070.14930905088,18349.211141161824,27632000251762.145,1.0,74.0,0.0,95.26804291051644,0.0,0.0,0.0,1.0,74.0,0.0,95.26804291051644,0.0,0.0,0.0,1.0,74.0,0.0,95.26804291051644,0.0,0.0,0.0,1.020150352884888,74.00000000000001,1.3486991523486091e-06,95.26804291051644,1.8189894035458565e-12,0.0,0.0,1.6767500018293997,74.0,0.0,95.26804291051644,0.0,0.0,0.0
29.512552268320853,60.00217854074264,0.0609944104448914,43.52040513168125,60.0168013962852,0.4701681085507517,157.48180561228628,60.0606130463801,1.6812637406874271,1927.0016236274812,60.10153991373942,2.7013146426920684,9873.42088369101,60.132457406926775,3.328142346380901,29.512552268320853,60.00217854074264,0.0609944104448914,43.52040513168125,60.0168013962852,0.4701681085507517,157.48180561228628,60.0606130463801,1.6812637406874271,1927.0016236274812,60.10153991373942,2.7013146426920684,9873.42088369101,60.132457406926775,3.328142346380901,1.0,60.0,0.0,60.0,0.0,0.0,0.0,1.0,60.0,0.0,60.0,0.0,0.0,0.0,1.0,60.0,0.0,60.0,0.0,0.0,0.0,1.0,60.0,0.0,60.0,0.0,0.0,0.0,1.0,60.0,0.0,60.0,0.0,0.0,0.0,1.0,1507655293.942166,0.0,1.0,1507655293.942166,0.0,1.0,1507655293.942166,0.0,1.0,1507655293.942166,0.0,1.0,1507655293.942166,0.0,1.0,60.0,0.0,60.0,0.0,0.0,0.0,1.0,60.0,0.0,60.0,0.0,0.0,0.0,1.0,60.0,0.0,60.0,0.0,0.0,0.0,1.0,60.0,0.0,60.0,0.0,0.0,0.0,1.0,60.0,0.0,60.0,0.0,0.0,0.0
1.0,60.0,0.0,1.0,60.0,0.0,1.0,60.0,0.0,1.0,60.0,0.0,1.0,60.0,0.0,1.0,60.0,0.0,1.0,60.0,0.0,1.0,60.0,0.0,1.0,60.0,0.0,1.0,60.0,0.0,1.0,60.0,0.0,60.0,0.0,0.0,0.0,1.0,60.0,0.0,60.0,0.0,0.0,0.0,1.0,60.0,0.0,60.0,0.0,0.0,0.0,1.0,60.0,0.0,60.0,0.0,0.0,0.0,1.0,60.0,0.0,60.0,0.0,0.0,0.0,1.0,1505913453.6341698,0.0,1.0,1505913453.6341698,0.0,1.0,1505913453.6341698,0.0,1.0,1505913453.6341698,0.0,1.0,1505913453.6341698,0.0,1.0,60.0,0.0,60.0,0.0,0.0,0.0,1.0,60.0,0.0,60.0,0.0,0.0,0.0,1.0,60.0,0.0,60.0,0.0,0.0,0.0,1.0,60.0,0.0,60.0,0.0,0.0,0.0,1.0,60.0,0.0,60.0,0.0,0.0,0.0
125.36687039580237,371.6641830967589,56827.54341727719,202.14398891407487,396.0572666548399,53077.79929199582,614.3319053736666,394.6698043652201,53321.82713071792,6301.999424371044,383.3275616258371,55178.95714808334,32106.96151448561,382.34430085121534,55328.85314026958,125.36687039580237,371.6641830967589,56827.54341727719,202.14398891407487,396.0572666548399,53077.79929199582,614.3319053736666,394.6698043652201,53321.82713071792,6301.999424371044,383.3275616258371,55178.95714808334,32106.96151448561,382.34430085121534,55328.85314026958,1.0,60.0,0.0,60.0,0.0,0.0,0.0,1.0,60.0,0.0,60.0,0.0,0.0,0.0,1.0,60.0,0.0,60.0,0.0,0.0,0.0,1.0,60.0,0.0,60.0,0.0,0.0,0.0,1.0,60.0,0.0,60.0,0.0,0.0,0.0,1.0,1507656026.040849,0.0,1.0,1507656026.040849,0.0,1.0,1507656026.040849,0.0,1.0,1507656026.040849,0.0,1.0,1507656026.040849,0.0,1.0,60.0,0.0,60.0,0.0,0.0,0.0,1.0,60.0,0.0,60.0,0.0,0.0,0.0,1.0,60.0,0.0,60.0,0.0,0.0,0.0,1.0,60.0,0.0,60.0,0.0,0.0,0.0,1.0,60.0,0.0,60.0,0.0,0.0,0.0
140.42347128341748,186.94478874331085,46595.74625011175,203.89552793783264,234.9884808103673,55823.34110399216,527.5810503880542,299.9442222537243,60959.19781794981,5021.425791949924,332.4237276869092,60359.217636791946,22472.40512967604,335.9816599269863,60165.27856361232,140.42347128341748,186.94478874331085,46595.74625011175,203.89552793783264,234.9884808103673,55823.34110399216,527.5810503880542,299.9442222537243,60959.19781794981,5021.425791949924,332.4237276869092,60359.217636791946,22472.40512967604,335.9816599269863,60165.27856361232,1.0,60.0,0.0,60.0,0.0,0.0,0.0,1.0,60.0,0.0,60.0,0.0,0.0,0.0,1.0,60.0,0.0,60.0,0.0,0.0,0.0,1.0,60.0,0.0,60.0,0.0,0.0,0.0,1.0,60.0,0.0,60.0,0.0,0.0,0.0,1.0,1507659392.665349,0.0,1.0,1507659392.665349,0.0,1.0,1507659392.665349,0.0,1.0,1507659392.665349,0.0,1.0,1507659392.665349,0.0,1.0,60.0,0.0,60.0,0.0,0.0,0.0,1.0,60.0,0.0,60.0,0.0,0.0,0.0,1.0,60.0,0.0,60.0,0.0,0.0,0.0,1.0,60.0,0.0,60.0,0.0,0.0,0.0,1.0,60.0,0.0,60.0,0.0,0.0,0.0
1.0,60.0,0.0,1.0,60.0,0.0,1.0,60.0,0.0,1.0,60.0,0.0,1.0,60.0,0.0,1.0,60.0,0.0,1.0,60.0,0.0,1.0,60.0,0.0,1.0,60.0,0.0,1.0,60.0,0.0,1.0,60.0,0.0,60.0,0.0,0.0,0.0,1.0,60.0,0.0,60.0,0.0,0.0,0.0,1.0,60.0,0.0,60.0,0.0,0.0,0.0,1.0,60.0,0.0,60.0,0.0,0.0,0.0,1.0,60.0,0.0,60.0,0.0,0.0,0.0,1.0,1505913555.933836,0.0,1.0,1505913555.933836,0.0,1.0,1505913555.933836,0.0,1.0,1505913555.933836,0.0,1.0,1505913555.933836,0.0,1.0,60.0,0.0,60.0,0.0,0.0,0.0,1.0,60.0,0.0,60.0,0.0,0.0,0.0,1.0,60.0,0.0,60.0,0.0,0.0,0.0,1.0,60.0,0.0,60.0,0.0,0.0,0.0,1.0,60.0,0.0,60.0,0.0,0.0,0.0
76.93731131375047,430.39797670861776,45781.93934421937,134.0319201875786,413.0974092287047,49752.33975493259,456.9343636735173,366.5089761112902,57467.656578329545,4974.174795882446,339.4322907918386,59953.64362595827,38618.71271917527,336.80499955799706,60116.58741178484,76.93731131375047,430.39797670861776,45781.93934421937,134.0319201875786,413.0974092287047,49752.33975493259,456.9343636735173,366.5089761112902,57467.656578329545,4974.174795882446,339.4322907918386,59953.64362595827,38618.71271917527,336.80499955799706,60116.58741178484,1.0,60.0,0.0,60.0,0.0,0.0,0.0,1.0,60.0,0.0,60.0,0.0,0.0,0.0,1.0,60.0,0.0,60.0,0.0,0.0,0.0,1.0,60.0,0.0,60.0,0.0,0.0,0.0,1.0,60.0,0.0,60.0,0.0,0.0,0.0,1.0,1507659518.62267,0.0,1.0,1507659518.62267,0.0,1.0,1507659518.62267,0.0,1.0,1507659518.62267,0.0,1.0,1507659518.62267,0.0,1.0,60.0,0.0,60.0,0.0,0.0,0.0,1.0,60.0,0.0,60.0,0.0,0.0,0.0,1.0,60.0,0.0,60.0,0.0,0.0,0.0,1.0,60.0,0.0,60.0,0.0,0.0,0.0,1.0,60.0,0.0,60.0,0.0,0.0,0.0
187.40646547865524,79.72734156445699,4699.112090937145,231.73392784562247,80.19273902628456,5071.893042953455,414.88972888812754,79.00014063670453,4071.339034623674,5207.164670100608,74.55540147992781,403.18027743966,10045.41658721134,74.33995953393858,220.73006355487087,187.40646547865524,79.72734156445699,4699.112090937145,231.73392784562247,80.19273902628456,5071.893042953455,414.88972888812754,79.00014063670453,4071.339034623674,5207.164670100608,74.55540147992781,403.18027743966,10045.41658721134,74.33995953393858,220.73006355487087,185.6495591210036,73.99999999999993,1.9073486328125e-06,95.26804291051636,4.067383956680332e-12,6.708486831110368e-32,2.6078307661011108e-20,229.3134442586896,74.0,1.9073486328125e-06,95.2680429105164,3.749942721349417e-12,-7.556582435963293e-31,-4.1542751272947656e-19,410.7748136052614,73.99999931146709,0.0031047495359743,95.26804237569456,9.639469681133576e-06,1.7777021419670372e-20,3.209211323840288e-12,5191.166773859767,73.99829262415189,0.1545973696485438,95.26671670257984,0.0239003467022485,1.7864225513637462e-16,6.476613535781346e-10,10016.726269009654,73.99750841433128,0.1867511480613037,95.26610756994916,0.0348759913022149,-1.8861022856558897e-15,-9.252651961261035e-10,185.6495591210036,0.0047326463909714,0.0089007096770706,229.3134442586896,0.0060911738266448,0.0126070775451318,410.7748136052616,1.152633029615752,1726747697.8027608,5191.166773859812,64872.18315857921,97687738025796.52,10016.726269009649,129427.5667091546,194890071889709.6,1.0000375354811508,74.0,0.0,74.0,0.0,0.0,0.0,1.0022113892412958,74.0,9.5367431640625e-07,74.0,9.094947017729282e-13,0.0,0.0,1.1302831941028268,73.99999999999999,1.3486991523486091e-06,73.99999999999999,1.8189894035458565e-12,0.0,0.0,1.8156218274738145,74.0,9.5367431640625e-07,74.0,9.094947017729282e-13,0.0,0.0,1.9798258297899167,74.0,0.0,74.0,0.0,0.0,0.0
166.66688376476588,218.64546076368185,53202.47539633634,249.49055413820852,273.3213759121544,59874.75025632863,668.9063005654672,345.31815452594907,59540.509781308894,6420.125222972131,379.8236206229929,55702.16940323051,59726.27192218023,383.6475939215784,55130.790067563066,166.66688376476588,218.64546076368185,53202.47539633634,249.49055413820852,273.3213759121544,59874.75025632863,668.9063005654672,345.31815452594907,59540.509781308894,6420.125222972131,379.8236206229929,55702.16940323051,59726.27192218023,383.6475939215784,55130.790067563066,1.0,60.0,0.0,60.0,0.0,0.0,0.0,1.0,60.0,0.0,60.0,0.0,0.0,0.0,1.0,60.0,0.0,60.0,0.0,0.0,0.0,1.0,60.0,0.0,60.0,0.0,0.0,0.0,1.0,60.0,0.0,60.0,0.0,0.0,0.0,1.0,1507656304.040776,0.0,1.0,1507656304.040776,0.0,1.0,1507656304.040776,0.0,1.0,1507656304.040776,0.0,1.0,1507656304.040776,0.0,1.0,60.0,0.0,60.0,0.0,0.0,0.0,1.0,60.0,0.0,60.0,0.0,0.0,0.0,1.0,60.0,0.0,60.0,0.0,0.0,0.0,1.0,60.0,0.0,60.0,0.0,0.0,0.0,1.0,60.0,0.0,60.0,0.0,0.0,0.0
43.69500393135917,60.00000157132641,2.3569891709485088e-05,61.932407231011865,60.00015154354922,0.0022731302751708,199.00481009390083,60.00644750642153,0.0966917438968266,2248.16808048851,60.01514833853508,0.4629049637474054,22286.671882774142,60.01972204337264,0.6745314605714157,43.69500393135917,60.00000157132641,2.3569891709485088e-05,61.932407231011865,60.00015154354922,0.0022731302751708,199.00481009390083,60.00644750642153,0.0966917438968266,2248.16808048851,60.01514833853508,0.4629049637474054,22286.671882774142,60.01972204337264,0.6745314605714157,1.0,60.0,0.0,60.0,0.0,0.0,0.0,1.0,60.0,0.0,60.0,0.0,0.0,0.0,1.0,60.0,0.0,60.0,0.0,0.0,0.0,1.0,60.0,0.0,60.0,0.0,0.0,0.0,1.0,60.0,0.0,60.0,0.0,0.0,0.0,1.0,1507653511.932353,0.0,1.0,1507653511.932353,0.0,1.0,1507653511.932353,0.0,1.0,1507653511.932353,0.0,1.0,1507653511.932353,0.0,1.0,60.0,0.0,60.0,0.0,0.0,0.0,1.0,60.0,0.0,60.0,0.0,0.0,0.0,1.0,60.0,0.0,60.0,0.0,0.0,0.0,1.0,60.0,0.0,60.0,0.0,0.0,0.0,1.0,60.0,0.0,60.0,0.0,0.0,0.0
131.10006972093345,408.7190893627634,54769.06118382559,224.0358508338585,389.9803459947522,58021.13048830832,657.6323543033583,386.12066785491606,58633.39058213522,6009.761106424828,390.22164095152993,58039.867933018926,16014.541413845574,390.3215298695577,58026.25296603017,131.10006972093345,408.7190893627634,54769.06118382559,224.0358508338585,389.9803459947522,58021.13048830832,657.6323543033583,386.12066785491606,58633.39058213522,6009.761106424828,390.22164095152993,58039.867933018926,16014.541413845574,390.3215298695577,58026.25296603017,90.30598536512775,565.9999999999999,7.62939453125e-06,565.9999999999999,5.820766091346741e-11,0.0,0.0,146.0417994993092,565.9999999999994,2.412626388678268e-05,565.9999999999994,5.820766091346742e-10,0.0,0.0,423.7666489909768,565.9999999999987,3.145679951185349e-05,565.9999999999987,9.89530235528946e-10,0.0,0.0,3921.950931000735,565.9922070174392,1.9857463199401848,565.9922070174392,3.9431884471559897,0.0,0.0,10454.919800819856,565.9634459631422,4.30058210619678,565.9634459631422,18.495006452139933,0.0,0.0,90.30598536512775,0.0032874813604558,4.56467939421273e-05,146.0417994993092,0.0033607714146046,5.72512018093487e-05,423.7666489909768,0.0034385978083005,991.027825268385,3921.950931000735,20486.20074861077,30885757583098.645,10454.919800819856,107559.3545851989,162151137006892.0,1.0,566.0,0.0,566.0,0.0,0.0,0.0,1.0,566.0,0.0,566.0,0.0,0.0,0.0,1.0,566.0,0.0,566.0,0.0,0.0,0.0,1.0,566.0,0.0,566.0,0.0,0.0,0.0,1.0,566.0,0.0,566.0,0.0,0.0,0.0
106.80171097515526,302.274309219552,60986.667846647615,163.06534478948632,332.76143371954083,60345.348532575365,483.81215502104334,341.53512075674,59816.27992026376,4979.6393398468645,336.9659205444997,60107.29999901742,22200.98838916664,337.01831203823843,60104.03787952972,106.80171097515526,302.274309219552,60986.667846647615,163.06534478948632,332.76143371954083,60345.348532575365,483.81215502104334,341.53512075674,59816.27992026376,4979.6393398468645,336.9659205444997,60107.29999901742,22200.98838916664,337.01831203823843,60104.03787952972,1.0,60.0,0.0,60.0,0.0,0.0,0.0,1.0,60.0,0.0,60.0,0.0,0.0,0.0,1.0,60.0,0.0,60.0,0.0,0.0,0.0,1.0,60.0,0.0,60.0,0.0,0.0,0.0,1.0,60.0,0.0,60.0,0.0,0.0,0.0,1.0,1507659391.466529,0.0,1.0,1507659391.466529,0.0,1.0,1507659391.466529,0.0,1.0,1507659391.466529,0.0,1.0,1507659391.466529,0.0,1.0,60.0,0.0,60.0,0.0,0.0,0.0,1.0,60.0,0.0,60.0,0.0,0.0,0.0,1.0,60.0,0.0,60.0,0.0,0.0,0.0,1.0,60.0,0.0,60.0,0.0,0.0,0.0,1.0,60.0,0.0,60.0,0.0,0.0,0.0
1.0,60.0,0.0,1.0,60.0,0.0,1.0,60.0,0.0,1.0,60.0,0.0,1.0,60.0,0.0,1.0,60.0,0.0,1.0,60.0,0.0,1.0,60.0,0.0,1.0,60.0,0.0,1.0,60.0,0.0,1.0,60.0,0.0,60.0,0.0,0.0,0.0,1.0,60.0,0.0,60.0,0.0,0.0,0.0,1.0,60.0,0.0,60.0,0.0,0.0,0.0,1.0,60.0,0.0,60.0,0.0,0.0,0.0,1.0,60.0,0.0,60.0,0.0,0.0,0.0,1.0,1505913544.501981,0.0,1.0,1505913544.501981,0.0,1.0,1505913544.501981,0.0,1.0,1505913544.501981,0.0,1.0,1505913544.501981,0.0,1.0,60.0,0.0,60.0,0.0,0.0,0.0,1.0,60.0,0.0,60.0,0.0,0.0,0.0,1.0,60.0,0.0,60.0,0.0,0.0,0.0,1.0,60.0,0.0,60.0,0.0,0.0,0.0,1.0,60.0,0.0,60.0,0.0,0.0,0.0
106.05365284088676,465.4367945723516,40772.02366050676,193.10981323877084,429.14957390585823,50518.276481460976,622.1745182984183,401.6299981214141,56153.70144307197,5358.352380924373,391.78278142048265,57799.52047090695,10929.722692290394,390.5383371718137,57993.7494459507,106.05365284088676,465.4367945723516,40772.02366050676,193.10981323877084,429.14957390585823,50518.276481460976,622.1745182984183,401.6299981214141,56153.70144307197,5358.352380924373,391.78278142048265,57799.52047090695,10929.722692290394,390.5383371718137,57993.7494459507,84.9763894476247,565.9999999999999,1.3214498959113138e-05,565.9999999999999,1.7462298274040222e-10,0.0,0.0,140.88222386189906,565.9999999999998,1.8688123647942943e-05,565.9999999999998,3.4924596548080444e-10,0.0,0.0,420.06610607622525,565.9999999807236,0.0031231632646364,565.9999999807236,9.7541487775743e-06,0.0,0.0,3513.560335909365,565.9760766618576,3.479171851638581,565.9760766618576,12.104636773234231,0.0,0.0,7140.403515630966,565.9407798327645,5.473746212038561,565.9407798327645,29.96189759380649,0.0,0.0,84.9763894476247,0.0035279288423413,7.655262325705716e-05,140.88222386189906,0.0035157320477486,9.59482669576942e-05,420.06610607622525,0.0198834447273852,24747326.600766677,3513.560335909365,62889.68929405631,94812176871566.77,7140.403515630966,174253.88368875542,262684875663117.6,1.0,566.0,0.0,566.0,0.0,0.0,0.0,1.0,566.0,0.0,566.0,0.0,0.0,0.0,1.0,566.0,0.0,566.0,0.0,0.0,0.0,1.0,566.0,0.0,566.0,0.0,0.0,0.0,1.0,566.0,0.0,566.0,0.0,0.0,0.0
178.74747239824924,252.49707162458355,58038.430704943705,262.42607873633165,304.75723083882593,61003.95231688856,698.90288255053,362.82701082654455,57890.485851212674,6531.72768012568,382.9400445562378,55237.792526760895,48094.42868107135,382.771748224992,55264.195916467725,178.74747239824924,252.49707162458355,58038.430704943705,262.42607873633165,304.75723083882593,61003.95231688856,698.90288255053,362.82701082654455,57890.485851212674,6531.72768012568,382.9400445562378,55237.792526760895,48094.42868107135,382.771748224992,55264.195916467725,1.0,60.0,0.0,60.0,0.0,0.0,0.0,1.0,60.0,0.0,60.0,0.0,0.0,0.0,1.0,60.0,0.0,60.0,0.0,0.0,0.0,1.0,60.0,0.0,60.0,0.0,0.0,0.0,1.0,60.0,0.0,60.0,0.0,0.0,0.0,1.0,1507656125.422341,0.0,1.0,1507656125.422341,0.0,1.0,1507656125.422341,0.0,1.0,1507656125.422341,0.0,1.0,1507656125.422341,0.0,1.0,60.0,0.0,60.0,0.0,0.0,0.0,1.0,60.0,0.0,60.0,0.0,0.0,0.0,1.0,60.0,0.0,60.0,0.0,0.0,0.0,1.0,60.0,0.0,60.0,0.0,0.0,0.0,1.0,60.0,0.0,60.0,0.0,0.0,0.0
173.68118016050067,74.11275721977623,58.222311954029465,282.66504708884787,74.57227532738564,382.1169359639225,814.9728828908226,76.04454460282341,1525.9241719659706,6533.818579704679,75.17284105369939,882.8826043281961,14982.812128521327,74.76674143091341,559.8140208090572,173.68118016050067,74.11275721977623,58.222311954029465,282.66504708884787,74.57227532738564,382.1169359639225,814.9728828908226,76.04454460282341,1525.9241719659706,6533.818579704679,75.17284105369939,882.8826043281961,14982.812128521327,74.76674143091341,559.8140208090572,173.48948126235214,73.9958284317033,0.2416289597099568,95.2648026570888,0.0583845541705159,-2.8379891162647464e-16,-4.2242750866796535e-10,282.0135580295366,73.99160685491563,0.3426858419970053,95.26152363348172,0.1174335863051965,-2.356467335874335e-16,-5.098591030428124e-10,811.0621926489847,73.99045528912191,0.3654242066409273,95.26062919113828,0.1335348507991511,-2.2417658750146284e-16,-4.0683925473023785e-10,6507.273860668412,73.99736300041148,0.1921224621312651,95.26599462040308,0.0369110404553794,3.224938982515328e-16,5.081040405921627e-10,14929.432105090022,73.99752529915193,0.1861174030730792,95.2661206851555,0.034639687726667,-1.5209078789259953e-15,-1.892513160918733e-09,173.48948126235203,0.0016900421575065,1.2979366411672847e-05,282.01355802953674,0.0017222062418667,1.3566726536512349e-05,811.0621926489882,0.0019722602902559,280757.9774593411,6507.273860668461,23151.53497110526,34863689069804.19,14929.432105089829,80126.25480870232,120656851495250.12,1.0,74.0,0.0,74.0,0.0,0.0,0.0,1.0,74.0,0.0,74.0,0.0,0.0,0.0,1.0,74.0,0.0,74.0,0.0,0.0,0.0,1.0,74.0,0.0,74.0,0.0,0.0,0.0,1.0,74.0,0.0,74.0,0.0,0.0,0.0
170.1079565311432,74.00560813280144,0.1345637360846012,280.08355707051464,74.01372132857483,0.3291246697508541,821.5290975346968,74.03025849134423,0.9566387320101056,7744.685090893039,74.13982736514961,58.8696252489035,31071.06893410768,74.32922710378025,211.9392909890348,170.1079565311432,74.00560813280144,0.1345637360846012,280.08355707051464,74.01372132857483,0.3291246697508541,821.5290975346968,74.03025849134423,0.9566387320101056,7744.685090893039,74.13982736514961,58.8696252489035,31071.06893410768,74.32922710378025,211.9392909890348,170.06820703069278,74.00000000000004,2.523185072960464e-06,95.26804291051651,9.330635534153404e-12,1.5616456625196131e-27,2.3697507758988794e-16,279.92342715937605,74.00000000000001,2.86102294921875e-06,95.26804291051631,1.5909659563963848e-11,-1.2455715946105535e-26,-1.1786955335459832e-15,820.5103450544702,73.99999943212704,0.0028196154915566,95.26804246941784,7.950231520227279e-06,-1.742789978120539e-20,-3.055264558790753e-12,7727.461713839692,73.99879635072094,0.1298061676000747,95.2671079720355,0.0168496411470187,2.2447943275011683e-16,5.596113213393456e-10,30984.050671501835,73.99830603515191,0.1539890853096402,95.26672711955564,0.0237126383944996,-2.636135385737093e-16,-1.743511242741715e-10,170.06820703069295,0.0017274555704726,1.5592341087919505e-05,279.92342715937605,0.0017402673482552,1.909512528815824e-05,820.5103450544734,0.00176764884368,2.429718939899438e-05,7727.461713839799,1104.933324576491,1663930898909.9668,30984.050671500838,28974.72292792085,43632607873884.47,1.0,74.0,0.0,95.26804291051644,0.0,0.0,0.0,1.0,74.0,0.0,95.26804291051644,0.0,0.0,0.0,1.0000000000000004,74.0,0.0,95.26804291051644,0.0,0.0,0.0,1.0290469219917373,74.0,0.0,95.26804291051644,0.0,0.0,0.0,1.7019561960564544,74.0,9.5367431640625e-07,95.26804291051644,9.094947017729282e-13,0.0,0.0
1.0,60.0,0.0,1.0,60.0,0.0,1.0,60.0,0.0,1.0,60.0,0.0,1.0,60.0,0.0,1.0,60.0,0.0,1.0,60.0,0.0,1.0,60.0,0.0,1.0,60.0,0.0,1.0,60.0,0.0,1.0,60.0,0.0,60.0,0.0,0.0,0.0,1.0,60.0,0.0,60.0,0.0,0.0,0.0,1.0,60.0,0.0,60.0,0.0,0.0,0.0,1.0,60.0,0.0,60.0,0.0,0.0,0.0,1.0,60.0,0.0,60.0,0.0,0.0,0.0,1.0,1505913555.6355689,0.0,1.0,1505913555.6355689,0.0,1.0,1505913555.6355689,0.0,1.0,1505913555.6355689,0.0,1.0,1505913555.6355689,0.0,1.0,60.0,0.0,60.0,0.0,0.0,0.0,1.0,60.0,0.0,60.0,0.0,0.0,0.0,1.0,60.0,0.0,60.0,0.0,0.0,0.0,1.0,60.0,0.0,60.0,0.0,0.0,0.0,1.0,60.0,0.0,60.0,0.0,0.0,0.0
164.79312435657374,222.02763625017775,53788.69739876794,249.0912897920552,272.8227111408084,59840.912926230194,672.634769209079,343.8606593787628,59650.27918920153,6419.220693123321,379.0161084069603,55819.912995613406,38374.413586784496,381.5650791040978,55445.8595880401,164.79312435657374,222.02763625017775,53788.69739876794,249.0912897920552,272.8227111408084,59840.912926230194,672.634769209079,343.8606593787628,59650.27918920153,6419.220693123321,379.0161084069603,55819.912995613406,38374.413586784496,381.5650791040978,55445.8595880401,54.05068908861792,554.0000000000001,0.0,554.0000000000001,0.0,0.0,0.0,107.31231501033056,554.0000000000006,2.5303839037745665e-05,554.0000000000006,6.402842700481415e-10,0.0,0.0,386.5071460661479,553.9999999999642,0.0001334598974955,553.9999999999642,1.781154423952103e-08,0.0,0.0,4145.427898055813,553.9890374832913,2.3270932677323106,553.9890374832913,5.415363076725043,0.0,0.0,24980.722079834926,553.9650994139141,4.152068337051431,553.9650994139141,17.239671475545038,0.0,0.0,54.05068908861792,0.0063726722971509,0.00069683725488,107.31231501033056,0.0048456446402891,0.0003735760310504,386.5071460661479,0.0037868917099885,0.0001480771359695,4145.427898055813,37.35695879060864,56316186411.72623,24980.722079834926,24091.12756886972,36320545605267.57,1.0,554.0,0.0,554.0,0.0,0.0,0.0,1.0,554.0,0.0,554.0,0.0,0.0,0.0,1.0,554.0,0.0,554.0,0.0,0.0,0.0,1.0,554.0,0.0,554.0,0.0,0.0,0.0,1.0,554.0,0.0,554.0,0.0,0.0,0.0
1.0,60.0,0.0,1.0,60.0,0.0,1.0,60.0,0.0,1.0,60.0,0.0,1.0,60.0,0.0,1.0,60.0,0.0,1.0,60.0,0.0,1.0,60.0,0.0,1.0,60.0,0.0,1.0,60.0,0.0,1.0,60.0,0.0,60.0,0.0,0.0,0.0,1.0,60.0,0.0,60.0,0.0,0.0,0.0,1.0,60.0,0.0,60.0,0.0,0.0,0.0,1.0,60.0,0.0,60.0,0.0,0.0,0.0,1.0,60.0,0.0,60.0,0.0,0.0,0.0,1.0,1505913582.470573,0.0,1.0,1505913582.470573,0.0,1.0,1505913582.470573,0.0,1.0,1505913582.470573,0.0,1.0,1505913582.470573,0.0,1.0,60.0,0.0,60.0,0.0,0.0,0.0,1.0,60.0,0.0,60.0,0.0,0.0,0.0,1.0,60.0,0.0,60.0,0.0,0.0,0.0,1.0,60.0,0.0,60.0,0.0,0.0,0.0,1.0,60.0,0.0,60.0,0.0,0.0,0.0
50.22246181967851,60.148699045317926,7.115442721630642,68.93181203015227,60.22803686978976,10.89368747768367,206.14368918876409,60.16252143625753,7.704011996878308,2250.0281499740154,60.03613688144021,1.3483907227691816,21193.530844110748,60.02192424770018,0.7600519216771318,50.22246181967851,60.148699045317926,7.115442721630642,68.93181203015227,60.22803686978976,10.89368747768367,206.14368918876409,60.16252143625753,7.704011996878308,2250.0281499740154,60.03613688144021,1.3483907227691816,21193.530844110748,60.02192424770018,0.7600519216771318,1.0,60.0,0.0,60.0,0.0,0.0,0.0,1.0,60.0,0.0,60.0,0.0,0.0,0.0,1.0,60.0,0.0,60.0,0.0,0.0,0.0,1.0,60.0,0.0,60.0,0.0,0.0,0.0,1.0,60.0,0.0,60.0,0.0,0.0,0.0,1.0,1507653343.802384,0.0,1.0,1507653343.802384,0.0,1.0,1507653343.802384,0.0,1.0,1507653343.802384,0.0,1.0,1507653343.802384,0.0,1.0,60.0,0.0,60.0,0.0,0.0,0.0,1.0,60.0,0.0,60.0,0.0,0.0,0.0,1.0,60.0,0.0,60.0,0.0,0.0,0.0,1.0,60.0,0.0,60.0,0.0,0.0,0.0,1.0,60.0,0.0,60.0,0.0,0.0,0.0
64.51898290908852,60.00000073077471,1.0447948170622112e-05,82.58053524831884,60.00010000658134,0.0013775413890471,218.5800498057916,60.007095024252,0.0922378458117236,2258.665644927728,60.01765243523168,0.4101611618239076,10016.473287738912,60.02034382958398,0.6379269796848348,64.51898290908852,60.00000073077471,1.0447948170622112e-05,82.58053524831884,60.00010000658134,0.0013775413890471,218.5800498057916,60.007095024252,0.0922378458117236,2258.665644927728,60.01765243523168,0.4101611618239076,10016.473287738912,60.02034382958398,0.6379269796848348,1.0,60.0,0.0,60.0,0.0,0.0,0.0,1.0,60.0,0.0,60.0,0.0,0.0,0.0,1.0,60.0,0.0,60.0,0.0,0.0,0.0,1.0,60.0,0.0,60.0,0.0,0.0,0.0,1.0,60.0,0.0,60.0,0.0,0.0,0.0,1.0,1507653041.541293,0.0,1.0,1507653041.541293,0.0,1.0,1507653041.541293,0.0,1.0,1507653041.541293,0.0,1.0,1507653041.541293,0.0,1.0,60.0,0.0,60.0,0.0,0.0,0.0,1.0,60.0,0.0,60.0,0.0,0.0,0.0,1.0,60.0,0.0,60.0,0.0,0.0,0.0,1.0,60.0,0.0,60.0,0.0,0.0,0.0,1.0,60.0,0.0,60.0,0.0,0.0,0.0
1.0,60.0,0.0,1.0,60.0,0.0,1.0,60.0,0.0,1.0,60.0,0.0,1.0,60.0,0.0,1.0,60.0,0.0,1.0,60.0,0.0,1.0,60.0,0.0,1.0,60.0,0.0,1.0,60.0,0.0,1.0,60.0,0.0,60.0,0.0,0.0,0.0,1.0,60.0,0.0,60.0,0.0,0.0,0.0,1.0,60.0,0.0,60.0,0.0,0.0,0.0,1.0,60.0,0.0,60.0,0.0,0.0,0.0,1.0,60.0,0.0,60.0,0.0,0.0,0.0,1.0,1505913566.228168,0.0,1.0,1505913566.228168,0.0,1.0,1505913566.228168,0.0,1.0,1505913566.228168,0.0,1.0,1505913566.228168,0.0,1.0,60.0,0.0,60.0,0.0,0.0,0.0,1.0,60.0,0.0,60.0,0.0,0.0,0.0,1.0,60.0,0.0,60.0,0.0,0.0,0.0,1.0,60.0,0.0,60.0,0.0,0.0,0.0,1.0,60.0,0.0,60.0,0.0,0.0,0.0
133.36800131133094,60.00046271119497,0.0222099231123138,152.842204363543,60.00578727729601,0.2777540137026335,290.3724446550715,60.04410112715222,2.100437913584301,2340.521753276558,60.030796731471256,1.1734477555783087,20651.911009520827,60.02161883513664,0.7509438377451261,133.36800131133094,60.00046271119497,0.0222099231123138,152.842204363543,60.00578727729601,0.2777540137026335,290.3724446550715,60.04410112715222,2.100437913584301,2340.521753276558,60.030796731471256,1.1734477555783087,20651.911009520827,60.02161883513664,0.7509438377451261,1.0,60.0,0.0,60.0,0.0,0.0,0.0,1.0,60.0,0.0,60.0,0.0,0.0,0.0,1.0,60.0,0.0,60.0,0.0,0.0,0.0,1.0,60.0,0.0,60.0,0.0,0.0,0.0,1.0,60.0,0.0,60.0,0.0,0.0,0.0,1.0,1507653295.1390312,0.0,1.0,1507653295.1390312,0.0,1.0,1507653295.1390312,0.0,1.0,1507653295.1390312,0.0,1.0,1507653295.1390312,0.0,1.0,60.0,0.0,60.0,0.0,0.0,0.0,1.0,60.0,0.0,60.0,0.0,0.0,0.0,1.0,60.0,0.0,60.0,0.0,0.0,0.0,1.0,60.0,0.0,60.0,0.0,0.0,0.0,1.0,60.0,0.0,60.0,0.0,0.0,0.0
142.99648493711211,69.28185054484777,43.79315809097807,239.54260544115704,68.983462147695,45.06587790864705,694.9757140872101,69.15453368854006,44.358108553210506,6689.280923970092,69.35469405767446,43.57636095959424,50980.78879832455,69.38281393696796,43.47995563138738,142.99648493711211,69.28185054484777,43.79315809097807,239.54260544115704,68.983462147695,45.06587790864705,694.9757140872101,69.15453368854006,44.358108553210506,6689.280923970092,69.35469405767446,43.57636095959424,50980.78879832455,69.38281393696796,43.47995563138738,94.80514297320356,73.99999999999997,1.6518123698891422e-06,73.99999999999997,2.7284841053187847e-12,0.0,0.0,153.70870919574958,74.0,1.9073486328125e-06,74.0,3.637978807091713e-12,0.0,0.0,454.4409359026509,73.99999999999477,7.806160709259463e-06,73.99999999999477,6.093614501878619e-11,0.0,0.0,4467.41159841251,73.99944816627941,0.0878940703499871,73.99944816627941,0.0077253676026884,0.0,0.0,34145.653213517224,73.99813519654099,0.1615666148055787,73.99813519654099,0.0261037710197342,0.0,0.0,94.80514297320356,0.0032550595237256,0.0001342289640261,153.70870919574958,0.0032589196688833,0.000128206743749,454.4409359026509,0.003211264796822,9.875040281051089e-05,4467.41159841251,0.174951871076216,258893275.844342,34145.653213517224,10366.315829688172,15628736898190.871,1.0,74.0,0.0,74.0,0.0,0.0,0.0,1.0,74.0,0.0,74.0,0.0,0.0,0.0,1.0,74.0,0.0,74.0,0.0,0.0,0.0,1.0,74.0,0.0,74.0,0.0,0.0,0.0,1.0,74.0,0.0,74.0,0.0,0.0,0.0
128.7526057257218,74.01564600045764,0.3752592136652311,212.40355148368155,74.02849841373803,0.6831497705043148,713.1856180222989,74.04032981897964,1.1134797189388337,7480.854800941244,74.4282332868808,303.6380770343613,20953.361418081025,74.5129926607242,365.0368033736013,128.7526057257218,74.01564600045764,0.3752592136652311,212.40355148368155,74.02849841373803,0.6831497705043148,713.1856180222989,74.04032981897964,1.1134797189388337,7480.854800941244,74.4282332868808,303.6380770343613,20953.361418081025,74.5129926607242,365.0368033736013,128.66866975371678,74.0000000000001,3.162979879718208e-06,95.26804291051648,1.0498657848634315e-11,-1.5505194247289662e-27,-2.747556761305838e-16,212.1513363048093,73.99999999999993,2.3360154559928683e-06,95.26804291051634,9.094947017729284e-12,3.703779115670893e-27,5.8779283301019975e-16,711.9905255526669,73.99999905576291,0.003635836147565,95.26804217707472,1.3219304491950003e-05,1.5755333242178832e-19,1.0861859460552507e-11,7458.14933992477,73.99909686658663,0.1124413273929406,95.26734139814364,0.0126430521058864,1.1059958299776851e-16,4.3979075346979827e-10,20884.06434208928,73.99838884116673,0.1501786531931659,95.26679143903397,0.0225536278749132,-3.5744781653096954e-16,-2.3024246342898047e-10,128.66866975371684,0.002308892067756,3.421889647220554e-05,212.15133630480943,0.0023067289499483,3.386365428404489e-05,711.9905255526683,0.0020365231187839,27.774793385562248,7458.149339924879,7929.05997943915,11940419306402.408,20884.06434208885,52166.3557037756,78555337988055.22,1.0,74.0,0.0,74.0,0.0,0.0,0.0,1.0,74.0,0.0,74.0,0.0,0.0,0.0,1.0,74.0,0.0,74.0,0.0,0.0,0.0,1.0,74.0,0.0,74.0,0.0,0.0,0.0,1.0,74.0,0.0,74.0,0.0,0.0,0.0
140.29360824950123,65.95428100885702,47.90647179156167,215.69755027650487,66.8479755373731,48.97688856277091,689.7883472135866,69.39025404273444,43.2867197057276,8540.911906591557,71.06798297088395,32.67959098933352,60454.21949648093,70.850256063477,34.42770144911083,140.29360824950123,65.95428100885702,47.90647179156167,215.69755027650487,66.8479755373731,48.97688856277091,689.7883472135866,69.39025404273444,43.2867197057276,8540.911906591557,71.06798297088395,32.67959098933352,60454.21949648093,70.850256063477,34.42770144911083,59.66581537690071,74.00000000000001,9.5367431640625e-07,74.00000000000001,9.094947017729282e-13,0.0,0.0,105.48348089441528,74.0,1.9073486328125e-06,74.0,3.637978807091713e-12,0.0,0.0,462.3785697998272,73.99999978862508,0.0017202484539952,73.99999978862508,2.9592547434731387e-06,0.0,0.0,6733.984684716736,73.99915301824774,0.1088899773863992,73.99915301824774,0.0118570271752105,0.0,0.0,46709.30583909818,73.99813264411382,0.1616771331571206,73.99813264411382,0.0261394953859053,0.0,0.0,59.66581537690071,0.0051301749877333,0.0001532148116049,105.48348089441528,0.0047210510839855,0.0001389585211959,462.3785697998272,0.0031544281693022,9.017533534552344e-05,6733.984684716736,0.0047636717704053,3944593.175709316,46709.30583909818,5195.965874727205,7833703722364.272,1.0,74.0,0.0,74.0,0.0,0.0,0.0,1.0,74.0,0.0,74.0,0.0,0.0,0.0,1.0,74.0,0.0,74.0,0.0,0.0,0.0,1.0,74.0,0.0,74.0,0.0,0.0,0.0,1.0,74.0,0.0,74.0,0.0,0.0,0.0
1.0,60.0,0.0,1.0,60.0,0.0,1.0,60.0,0.0,1.0,60.0,0.0,1.0,60.0,0.0,1.0,60.0,0.0,1.0,60.0,0.0,1.0,60.0,0.0,1.0,60.0,0.0,1.0,60.0,0.0,1.0,60.0,0.0,60.0,0.0,0.0,0.0,1.0,60.0,0.0,60.0,0.0,0.0,0.0,1.0,60.0,0.0,60.0,0.0,0.0,0.0,1.0,60.0,0.0,60.0,0.0,0.0,0.0,1.0,60.0,0.0,60.0,0.0,0.0,0.0,1.0,1505913426.947145,0.0,1.0,1505913426.947145,0.0,1.0,1505913426.947145,0.0,1.0,1505913426.947145,0.0,1.0,1505913426.947145,0.0,1.0,60.0,0.0,60.0,0.0,0.0,0.0,1.0,60.0,0.0,60.0,0.0,0.0,0.0,1.0,60.0,0.0,60.0,0.0,0.0,0.0,1.0,60.0,0.0,60.0,0.0,0.0,0.0,1.0,60.0,0.0,60.0,0.0,0.0,0.0
151.68427102036674,74.01733128879937,0.4156946298044204,253.4749917716624,74.02812896281657,0.6952465077174566,742.0648769227518,74.06499482069793,7.238480296498892,6613.579688324496,74.14765330795744,44.52432117769331,33137.61053950041,74.30407680537117,186.65498489022687,151.68427102036674,74.01733128879937,0.4156946298044204,253.4749917716624,74.02812896281657,0.6952465077174566,742.0648769227518,74.06499482069793,7.238480296498892,6613.579688324496,74.14765330795744,44.52432117769331,33137.61053950041,74.30407680537117,186.65498489022687,151.5747352789553,74.00000000000007,2.132480599880018e-06,95.26804291051651,5.0842299458504145e-12,2.711886225811409e-27,8.433663819435425e-16,253.17877290680497,73.99999999999996,2.523185072960464e-06,95.2680429105164,7.332580706405269e-12,-4.1798023342340766e-29,-8.685134632790584e-18,740.7345665568562,73.99999999986666,4.3284628745690224e-05,95.26804291041296,1.873619184186529e-09,-2.83564823853325e-23,-1.691128466438071e-13,6591.406351191748,73.99939439275819,0.0920767867472981,95.2675725023734,0.0084781346577074,4.700812422774693e-17,1.6520684235239452e-10,33033.155842790984,73.99853999025589,0.142961550119618,95.26690884399132,0.020438004812604,2.6331376085912874e-16,1.612234722515533e-10,151.5747352789553,0.0019711869994562,3.856466388816598e-05,253.17877290680488,0.0019405539129738,3.795966661725861e-05,740.734566556857,0.0019914245418145,0.0001536333332898,6591.406351191828,555.9403036083929,837194842932.6638,33033.15584278984,24972.996608751066,37606566637080.266,1.0,74.0,0.0,95.26804291051644,0.0,0.0,0.0,1.0,74.0,0.0,95.26804291051644,0.0,0.0,0.0,1.0,74.0,0.0,95.26804291051644,0.0,0.0,0.0,1.0209366683307768,74.0,0.0,95.26804291051644,0.0,0.0,0.0,1.679345585014969,74.0,0.0,95.26804291051644,0.0,0.0,0.0
155.9035510128639,74.02648599634358,10.184888583676184,260.4440238486987,74.17888435559931,131.20129388394434,783.3336341797508,75.28207264766415,1044.2775198853906,7498.703636458318,74.63471745645086,485.3678002046545,38358.24676515976,74.37064517510015,250.39114830946343,155.9035510128639,74.02648599634358,10.184888583676184,260.4440238486987,74.17888435559931,131.20129388394434,783.3336341797508,75.28207264766415,1044.2775198853906,7498.703636458318,74.63471745645086,485.3678002046545,38358.24676515976,74.37064517510015,250.39114830946343,155.79902458777883,73.99900270874274,0.1181570269374281,95.26726826086966,0.0139610830146921,2.351886005235373e-17,7.158914301387218e-11,260.1115763384825,73.99638487281501,0.2249415734186089,95.26523486690073,0.0505987114520394,5.21559322009866e-16,7.888094305262396e-10,780.921032012061,73.99271246752312,0.3193310923501115,95.262382388336,0.1019723465415154,-6.949336603514771e-17,-8.332425186564858e-11,7477.205062372467,73.99755492437524,0.1850002171069909,95.26614369641482,0.0342250803296337,1.0442148064030624e-16,1.50332082314831e-10,38243.76001621724,73.9981941485322,0.1589926398701748,95.26664021179636,0.0252786595328871,3.3980443134911915e-16,3.6842667706519636e-10,155.7990245877787,0.001909076590545,3.1530772140663776e-05,260.11157633848234,0.0018827624969773,3.0434271134163525e-05,780.9210320120629,0.0018589467902285,3.0253777717926958e-05,7477.205062372564,146.71348595143698,220935006782.43765,38243.76001621569,19119.65527071688,28792194224255.363,1.0,74.0,0.0,95.26804291051644,0.0,0.0,0.0,1.0,74.0,0.0,95.26804291051644,0.0,0.0,0.0,1.0,74.0,0.0,95.26804291051644,0.0,0.0,0.0,1.02036782314901,74.0,0.0,95.26804291051644,0.0,0.0,0.0,1.6774768530856874,74.0,0.0,95.26804291051644,0.0,0.0,0.0
102.20228293192726,535.0789221288043,14689.823945327606,180.27448489825628,494.4832313909972,31071.921000098,601.3445709039376,428.1142609465818,50754.147284520615,6286.295603932063,396.50483254046736,57032.76946846148,22676.240733875235,392.83636375303786,57631.89832815676,102.20228293192726,535.0789221288043,14689.823945327606,180.27448489825628,494.4832313909972,31071.921000098,601.3445709039376,428.1142609465818,50754.147284520615,6286.295603932063,396.50483254046736,57032.76946846148,22676.240733875235,392.83636375303786,57631.89832815676,95.95676618105742,565.9999999999999,7.62939453125e-06,565.9999999999999,5.820766091346741e-11,0.0,0.0,154.79427770909749,565.9999999999948,5.340576171875e-05,565.9999999999948,2.852175384759903e-09,0.0,0.0,437.46880011769935,565.9998624285884,0.2638391850270626,565.9998624285884,0.0696111155557446,0.0,0.0,4180.907498230589,565.9493474790845,5.062371964321323,565.9493474790845,25.62760990514653,0.0,0.0,14917.219865423867,565.9469637444407,5.180109310587777,565.9469637444407,26.83353246963816,0.0,0.0,95.95676618105742,0.003069270986022,2.7832378010185644e-05,154.79427770909749,0.0031549602092667,3.782657682535893e-05,437.46880011769935,0.0033244886803459,0.0003557480785885,4180.907498230589,4279.965067431695,6452699707302.045,14917.219865423867,64871.76356233312,97800213645326.72,1.0,566.0,0.0,566.0,0.0,0.0,0.0,1.0,566.0,0.0,566.0,0.0,0.0,0.0,1.0,566.0,0.0,566.0,0.0,0.0,0.0,1.0,566.0,0.0,566.0,0.0,0.0,0.0,1.0,566.0,0.0,566.0,0.0,0.0,0.0
161.14454217837186,74.0060943961298,0.1462283678456515,262.37439962561933,74.0149588730078,0.3587958767084274,788.373631561382,74.03132139611598,0.8233617607993438,7105.8186104189135,74.10281079823312,26.966298643844308,35174.476060391135,74.27762032849472,168.3036389316594,161.14454217837186,74.0060943961298,0.1462283678456515,262.37439962561933,74.0149588730078,0.3587958767084274,788.373631561382,74.03132139611598,0.8233617607993438,7105.8186104189135,74.10281079823312,26.966298643844308,35174.476060391135,74.27762032849472,168.3036389316594,161.10362223319083,73.99999999993685,2.988517687986831e-05,95.26804291046736,8.931239129117184e-10,4.4881724182332685e-24,2.227043053633517e-13,262.2108633224676,73.99999982462853,0.0015669077978058,95.2680427742956,2.4552000468274523e-06,2.68296101965924e-20,8.977198716126386e-12,787.3440365047502,73.99973568358281,0.0608305840991203,95.26783760136529,0.0037003599618401,4.326527205563992e-17,3.3352804931785086e-10,7086.863115194662,73.99834211851056,0.1523403828913918,95.26675514726064,0.0232075922594958,2.3315697336123384e-16,5.349485624647286e-10,35068.70884620516,73.9983018034726,0.1541812814803888,95.26672383260431,0.0237718675589349,1.8803166915791903e-16,1.1215731074171971e-10,161.1036222331909,0.0018429515097046,2.8689752526366327e-05,262.210863322468,0.001867490877983,3.012918462831581e-05,787.3440365047518,0.0018438839132638,3.067988923264877e-05,7086.863115194767,331.4225318815392,499090750964.0569,35068.708846203685,22500.068411391523,33882666069321.68,1.0,74.0,0.0,95.26804291051644,0.0,0.0,0.0,1.0,74.0,0.0,95.26804291051644,0.0,0.0,0.0,1.0,74.0,0.0,95.26804291051644,0.0,0.0,0.0,1.020710036391647,74.0,0.0,95.26804291051644,0.0,0.0,0.0,1.6786066109497084,74.0,0.0,95.26804291051644,0.0,0.0,0.0
140.23211474962872,373.2606838181797,56618.52177994541,234.04223292342152,365.0817187448574,57635.51392222067,670.0947141899334,370.969406985662,56916.70420655688,6420.070713522529,381.7359117752232,55420.08811628845,62464.28058080687,382.9880293562512,55231.46418688711,140.23211474962872,373.2606838181797,56618.52177994541,234.04223292342152,365.0817187448574,57635.51392222067,670.0947141899334,370.969406985662,56916.70420655688,6420.070713522529,381.7359117752232,55420.08811628845,62464.28058080687,382.9880293562512,55231.46418688711,88.92552259056187,553.9999999999999,1.0789593218788871e-05,553.9999999999999,1.1641532182693479e-10,0.0,0.0,144.5384750320269,553.9999999999986,2.5303839037745665e-05,553.9999999999986,6.402842700481415e-10,0.0,0.0,421.8191887955233,553.9999056561246,0.2158839170612022,553.9999056561246,0.046605865645688,0.0,0.0,4181.655611811544,553.9475555976483,5.089674286696603,553.9475555976483,25.904784344660587,0.0,0.0,40843.7102181131,553.9501884223275,4.960286098297223,553.9501884223275,24.604438176960684,0.0,0.0,88.92552259056187,0.0034801211049428,0.0001476359548363,144.5384750320269,0.0034754603142496,0.0001450093206665,421.8191887955233,0.0034680903485159,0.000130761213549,4181.655611811544,0.0034537722434341,0.0635639975044337,40843.7102181131,941.6917810299516,1419741116244.4167,1.0,554.0,0.0,554.0,0.0,0.0,0.0,1.0,554.0,0.0,554.0,0.0,0.0,0.0,1.0,554.0,0.0,554.0,0.0,0.0,0.0,1.0,554.0,0.0,554.0,0.0,0.0,0.0,1.0,554.0,0.0,554.0,0.0,0.0,0.0
173.94512007583506,74.02721892461885,11.644951855481848,282.9444442366895,74.16047806462633,114.77598804595706,826.5931790513861,75.12322978192508,905.6917612483168,7857.6631145608,74.88910177053118,683.3919821132013,41354.59904592615,74.45557261128172,318.7344645486546,173.94512007583506,74.02721892461885,11.644951855481848,282.9444442366895,74.16047806462633,114.77598804595706,826.5931790513861,75.12322978192508,905.6917612483168,7857.6631145608,74.88910177053118,683.3919821132013,41354.59904592615,74.45557261128172,318.7344645486546,173.84325833711574,73.99999999999993,2.6973983046972182e-06,95.2680429105164,8.580155856231252e-12,-1.5766748532297049e-27,-2.7410185325974387e-16,282.6190126876764,73.99999999999824,5.3947966093944364e-06,95.26804291051504,2.9277395884164196e-11,-5.625124567593895e-26,-5.8441716006079106e-15,824.2399238495835,73.99999443530366,0.0088264207190835,95.26803858810663,7.790570271026835e-05,-6.400584728918492e-19,-2.873994413724196e-11,7830.926470475982,73.99885488476885,0.1266108283613069,95.26715343840736,0.0160303018583363,2.9208344261287074e-16,4.24320800131672e-10,41225.81675781179,73.99843995754631,0.1477774022922624,95.2668311436386,0.0218381606282491,3.1574335917253157e-16,3.285486098003784e-10,173.84325833711563,0.0016908546012961,1.5845226026635103e-05,282.61901268767656,0.0017240261816931,1.932366586545344e-05,824.2399238495861,0.0017598507208743,2.473262274523797e-05,7830.926470476064,68.71204405152561,103471668525.52048,41225.816757809705,16517.124969566485,24873099350993.96,1.0,74.0,0.0,95.26804291051644,0.0,0.0,0.0,1.0,74.0,0.0,95.26804291051644,0.0,0.0,0.0,1.0,74.0,0.0,95.26804291051644,0.0,0.0,0.0,1.020656636668913,73.99999999999999,1.3486991523486091e-06,95.26804291051644,1.8189894035458565e-12,0.0,0.0,2.1421491711397307,73.99999999999999,9.5367431640625e-07,95.26804291051644,9.094947017729282e-13,0.0,0.0
134.624409331866,296.9999679654096,60908.993221850586,213.8685201901601,342.6752303082231,59736.05285302968,636.8913571134501,376.46913722151385,56178.58863045365,6395.885884625084,382.21036083177546,55347.670221133536,57243.490515450176,383.0609705573526,55220.2509162506,134.624409331866,296.9999679654096,60908.993221850586,213.8685201901601,342.6752303082231,59736.05285302968,636.8913571134501,376.46913722151385,56178.58863045365,6395.885884625084,382.21036083177546,55347.670221133536,57243.490515450176,383.0609705573526,55220.2509162506,1.0,60.0,0.0,60.0,0.0,0.0,0.0,1.0,60.0,0.0,60.0,0.0,0.0,0.0,1.0,60.0,0.0,60.0,0.0,0.0,0.0,1.0,60.0,0.0,60.0,0.0,0.0,0.0,1.0,60.0,0.0,60.0,0.0,0.0,0.0,1.0,1507656249.658931,0.0,1.0,1507656249.658931,0.0,1.0,1507656249.658931,0.0,1.0,1507656249.658931,0.0,1.0,1507656249.658931,0.0,1.0,60.0,0.0,60.0,0.0,0.0,0.0,1.0,60.0,0.0,60.0,0.0,0.0,0.0,1.0,60.0,0.0,60.0,0.0,0.0,0.0,1.0,60.0,0.0,60.0,0.0,0.0,0.0,1.0,60.0,0.0,60.0,0.0,0.0,0.0
1.0,60.0,0.0,1.0,60.0,0.0,1.0,60.0,0.0,1.0,60.0,0.0,1.0,60.0,0.0,1.0,60.0,0.0,1.0,60.0,0.0,1.0,60.0,0.0,1.0,60.0,0.0,1.0,60.0,0.0,1.0,60.0,0.0,60.0,0.0,0.0,0.0,1.0,60.0,0.0,60.0,0.0,0.0,0.0,1.0,60.0,0.0,60.0,0.0,0.0,0.0,1.0,60.0,0.0,60.0,0.0,0.0,0.0,1.0,60.0,0.0,60.0,0.0,0.0,0.0,1.0,1505913424.6269894,0.0,1.0,1505913424.6269894,0.0,1.0,1505913424.6269894,0.0,1.0,1505913424.6269894,0.0,1.0,1505913424.6269894,0.0,1.0,60.0,0.0,60.0,0.0,0.0,0.0,1.0,60.0,0.0,60.0,0.0,0.0,0.0,1.0,60.0,0.0,60.0,0.0,0.0,0.0,1.0,60.0,0.0,60.0,0.0,0.0,0.0,1.0,60.0,0.0,60.0,0.0,0.0,0.0
169.74929282224943,74.03219165144044,0.7727942100600558,279.3960645371683,74.03948003341048,1.2778735509436956,814.1389094293493,74.19373992408742,131.12788232755975,7876.218115096159,74.73472639596166,560.9873123762854,42092.6881812031,74.43995353925736,307.1350452109737,169.74929282224943,74.03219165144044,0.7727942100600558,279.3960645371683,74.03948003341048,1.2778735509436956,814.1389094293493,74.19373992408742,131.12788232755975,7876.218115096159,74.73472639596166,560.9873123762854,42092.6881812031,74.43995353925736,307.1350452109737,169.52136826850318,73.99999517479587,0.0082190538016214,95.26803916251144,6.755284539394779e-05,3.395831050668366e-19,6.126877015907107e-11,278.9317786246054,73.99985525709094,0.0450153281833043,95.2679304806734,0.0020263797714505,-2.1950657764674093e-17,-1.258766160226908e-10,812.3552572007408,73.99754616274052,0.1853313257257304,95.26613689085396,0.0343477002952568,-1.4528496952007658e-16,-2.9062085359343304e-10,7850.679437073634,73.99759331008677,0.1835425470350369,95.26617351234891,0.0336878665721087,8.957534466649466e-17,1.1302505226005047e-10,41962.4486210936,73.99816984556367,0.1600587787274895,95.2666213345099,0.0256188126477354,2.2440055287179e-16,3.8606491546667006e-10,169.52136826850318,0.0017307343954608,1.417381599499512e-05,278.93177862460493,0.0017454862719718,1.8208152725801128e-05,812.3552572007425,0.0017852651582514,2.408430063674645e-05,7850.679437073724,56.361013480102265,84872083594.50467,41962.44862109125,15912.801789474568,23963060022325.613,1.0,74.0,0.0,95.26804291051644,0.0,0.0,0.0,1.0,74.0,0.0,95.26804291051644,0.0,0.0,0.0,1.0,74.0,0.0,95.26804291051644,0.0,0.0,0.0,1.020613895792032,74.00000000000001,1.3486991523486091e-06,95.26804291051646,2.033691978340166e-12,3.907475089993176e-30,3.0379529733000283e-18,2.141921203079118,74.0,0.0,95.26804291051644,9.094947017729282e-13,0.0,0.0
150.19836198304668,334.7271883314824,60240.16307826984,238.951706046226,338.11312195492314,60040.54590569168,662.7069817843028,361.409638249972,58045.88196855359,6441.809189378098,381.14573365957153,55508.41771107301,57007.76315768661,382.9662164740112,55234.87889255662,150.19836198304668,334.7271883314824,60240.16307826984,238.951706046226,338.11312195492314,60040.54590569168,662.7069817843028,361.409638249972,58045.88196855359,6441.809189378098,381.14573365957153,55508.41771107301,57007.76315768661,382.9662164740112,55234.87889255662,83.52947601809754,553.9999999999999,1.3214498959113138e-05,553.9999999999999,1.7462298274040222e-10,0.0,0.0,134.52508418283873,553.9999999999994,1.8688123647942943e-05,553.9999999999994,3.4924596548080444e-10,0.0,0.0,404.3371459910683,553.9999336036602,0.1811071156904781,553.9999336036602,0.0327997873537242,0.0,0.0,4188.085456242257,553.9532577191172,4.805049626602549,553.9532577191172,23.088501914113287,0.0,0.0,37272.86729117888,553.9566014675054,4.6300098943709616,553.9566014675054,21.436991621973,0.0,0.0,83.52947601809754,0.0038367637963612,0.0002548049186442,134.52508418283873,0.0037789679161446,0.0002069467488156,404.3371459910683,0.0036151548663323,0.0001279268660828,4188.085456242257,0.0035401907168359,138123.70929713928,37272.86729117888,4440.968592238351,6695427693288.657,1.0,554.0,0.0,554.0,0.0,0.0,0.0,1.0,554.0,0.0,554.0,0.0,0.0,0.0,1.0,554.0,0.0,554.0,0.0,0.0,0.0,1.0,554.0,0.0,554.0,0.0,0.0,0.0,1.0,554.0,0.0,554.0,0.0,0.0,0.0
148.3706370664882,68.02822857993148,47.94274598741777,230.4234209258844,69.0510010635041,44.79339463751694,666.6367195533692,69.57115947189753,42.38927999671522,6665.199317302797,69.43027362785818,43.204664177686034,43639.633025029485,69.38616287352559,43.44424752119539,148.3706370664882,68.02822857993148,47.94274598741777,230.4234209258844,69.0510010635041,44.79339463751694,666.6367195533692,69.57115947189753,42.38927999671522,6665.199317302797,69.43027362785818,43.204664177686034,43639.633025029485,69.38616287352559,43.44424752119539,1.0,60.0,0.0,60.0,0.0,0.0,0.0,1.0,60.0,0.0,60.0,0.0,0.0,0.0,1.0,60.0,0.0,60.0,0.0,0.0,0.0,1.0,60.0,0.0,60.0,0.0,0.0,0.0,1.0,60.0,0.0,60.0,0.0,0.0,0.0,1.0,1507657212.719418,0.0,1.0,1507657212.719418,0.0,1.0,1507657212.719418,0.0,1.0,1507657212.719418,0.0,1.0,1507657212.719418,0.0,1.0,60.0,0.0,60.0,0.0,0.0,0.0,1.0,60.0,0.0,60.0,0.0,0.0,0.0,1.0,60.0,0.0,60.0,0.0,0.0,0.0,1.0,60.0,0.0,60.0,0.0,0.0,0.0,1.0,60.0,0.0,60.0,0.0,0.0,0.0
121.26416232073936,327.4373767721003,60591.3136306723,198.73465432698853,355.04931049242936,58700.2637216233,565.551381670653,401.1329098545944,52147.67798138049,5423.0524262039535,406.0294991306266,51163.41717393183,26952.67424769581,396.8263075100928,52903.302106940304,121.26416232073936,327.4373767721003,60591.3136306723,198.73465432698853,355.04931049242936,58700.2637216233,565.551381670653,401.1329098545944,52147.67798138049,5423.0524262039535,406.0294991306266,51163.41717393183,26952.67424769581,396.8263075100928,52903.302106940304,1.0,60.0,0.0,60.0,0.0,0.0,0.0,1.0,60.0,0.0,60.0,0.0,0.0,0.0,1.0,60.0,0.0,60.0,0.0,0.0,0.0,1.0,60.0,0.0,60.0,0.0,0.0,0.0,1.0,60.0,0.0,60.0,0.0,0.0,0.0,1.0,1507659420.919441,0.0,1.0,1507659420.919441,0.0,1.0,1507659420.919441,0.0,1.0,1507659420.919441,0.0,1.0,1507659420.919441,0.0,1.0,60.0,0.0,60.0,0.0,0.0,0.0,1.0,60.0,0.0,60.0,0.0,0.0,0.0,1.0,60.0,0.0,60.0,0.0,0.0,0.0,1.0,60.0,0.0,60.0,0.0,0.0,0.0,1.0,60.0,0.0,60.0,0.0,0.0,0.0
1.0,60.0,0.0,1.0,60.0,0.0,1.0,60.0,0.0,1.0,60.0,0.0,1.0,60.0,0.0,1.0,60.0,0.0,1.0,60.0,0.0,1.0,60.0,0.0,1.0,60.0,0.0,1.0,60.0,0.0,1.0,60.0,0.0,60.0,0.0,0.0,0.0,1.0,60.0,0.0,60.0,0.0,0.0,0.0,1.0,60.0,0.0,60.0,0.0,0.0,0.0,1.0,60.0,0.0,60.0,0.0,0.0,0.0,1.0,60.0,0.0,60.0,0.0,0.0,0.0,1.0,1505913570.118416,0.0,1.0,1505913570.118416,0.0,1.0,1505913570.118416,0.0,1.0,1505913570.118416,0.0,1.0,1505913570.118416,0.0,1.0,60.0,0.0,60.0,0.0,0.0,0.0,1.0,60.0,0.0,60.0,0.0,0.0,0.0,1.0,60.0,0.0,60.0,0.0,0.0,0.0,1.0,60.0,0.0,60.0,0.0,0.0,0.0,1.0,60.0,0.0,60.0,0.0,0.0,0.0
1.0,60.0,0.0,1.0,60.0,0.0,1.0,60.0,0.0,1.0,60.0,0.0,1.0,60.0,0.0,1.0,60.0,0.0,1.0,60.0,0.0,1.0,60.0,0.0,1.0,60.0,0.0,1.0,60.0,0.0,1.0,60.0,0.0,60.0,0.0,0.0,0.0,1.0,60.0,0.0,60.0,0.0,0.0,0.0,1.0,60.0,0.0,60.0,0.0,0.0,0.0,1.0,60.0,0.0,60.0,0.0,0.0,0.0,1.0,60.0,0.0,60.0,0.0,0.0,0.0,1.0,1505913455.645536,0.0,1.0,1505913455.645536,0.0,1.0,1505913455.645536,0.0,1.0,1505913455.645536,0.0,1.0,1505913455.645536,0.0,1.0,60.0,0.0,60.0,0.0,0.0,0.0,1.0,60.0,0.0,60.0,0.0,0.0,0.0,1.0,60.0,0.0,60.0,0.0,0.0,0.0,1.0,60.0,0.0,60.0,0.0,0.0,0.0,1.0,60.0,0.0,60.0,0.0,0.0,0.0
157.31655232003075,343.2444290759572,63094.2745098693,248.25449131617023,349.24366538564186,62695.39671941358,676.0659130367252,374.21707031607406,60261.46896772919,5648.268897753012,389.50940321690535,58153.321415307175,12396.875488847656,389.66525465435217,58128.81597300653,157.31655232003075,343.2444290759572,63094.2745098693,248.25449131617023,349.24366538564186,62695.39671941358,676.0659130367252,374.21707031607406,60261.46896772919,5648.268897753012,389.50940321690535,58153.321415307175,12396.875488847656,389.66525465435217,58128.81597300653,88.06133803574127,565.9999999999998,1.7059844799040144e-05,565.9999999999998,2.910383045673371e-10,0.0,0.0,141.90916801726723,566.0000000000001,1.8688123647942943e-05,566.0000000000001,3.4924596548080444e-10,0.0,0.0,419.8249971689292,565.9999999987284,0.0008021393169128,565.9999999987284,6.434274837374687e-07,0.0,0.0,3678.256311990965,565.982588578899,2.968143513875253,565.982588578899,8.809875918959731,0.0,0.0,8077.394252541583,565.9490537989725,5.077024936538245,565.9490537989725,25.77618220623117,0.0,0.0,88.06133803574127,0.0034880872600566,0.0001231299150307,141.90916801726723,0.0035134775675762,0.000115855338656,419.8249971689292,0.0045545204677274,1632479.6356529845,3678.256311990965,45771.15781433463,69005147690823.42,8077.394252541583,149907.94236307786,225987416789475.28,1.0,566.0,0.0,566.0,0.0,0.0,0.0,1.0,566.0,0.0,566.0,0.0,0.0,0.0,1.0,566.0,0.0,566.0,0.0,0.0,0.0,1.0,566.0,0.0,566.0,0.0,0.0,0.0,1.0,566.0,0.0,566.0,0.0,0.0,0.0
143.41449057430026,287.8615362222935,60632.433025569866,221.7343571775274,334.4986767522018,60233.42686963103,638.2529974502612,371.8132190718352,56788.39070310293,6510.121438505031,385.1617474865314,54894.409003579465,58684.03485180948,384.23422725053337,55040.38471783884,143.41449057430026,287.8615362222935,60632.433025569866,221.7343571775274,334.4986767522018,60233.42686963103,638.2529974502612,371.8132190718352,56788.39070310293,6510.121438505031,385.1617474865314,54894.409003579465,58684.03485180948,384.23422725053337,55040.38471783884,1.0,60.0,0.0,60.0,0.0,0.0,0.0,1.0,60.0,0.0,60.0,0.0,0.0,0.0,1.0,60.0,0.0,60.0,0.0,0.0,0.0,1.0,60.0,0.0,60.0,0.0,0.0,0.0,1.0,60.0,0.0,60.0,0.0,0.0,0.0,1.0,1507656272.520075,0.0,1.0,1507656272.520075,0.0,1.0,1507656272.520075,0.0,1.0,1507656272.520075,0.0,1.0,1507656272.520075,0.0,1.0,60.0,0.0,60.0,0.0,0.0,0.0,1.0,60.0,0.0,60.0,0.0,0.0,0.0,1.0,60.0,0.0,60.0,0.0,0.0,0.0,1.0,60.0,0.0,60.0,0.0,0.0,0.0,1.0,60.0,0.0,60.0,0.0,0.0,0.0
149.49819040800028,74.02392374239626,7.6144317513144415,225.1313461650528,74.10452772957224,36.61768457086055,625.5525908290289,74.27204134925718,96.35146074264684,7518.140626945616,74.22110661760631,106.31277730695363,28195.59104379748,74.37705945593433,247.0445878111723,149.49819040800028,74.02392374239626,7.6144317513144415,225.1313461650528,74.10452772957224,36.61768457086055,625.5525908290289,74.27204134925718,96.35146074264684,7518.140626945616,74.22110661760631,106.31277730695363,28195.59104379748,74.37705945593433,247.0445878111723,149.44616659526898,73.99999999999207,1.049041748046875e-05,95.26804291051027,1.1005261709292255e-10,-7.1744885368695705e-25,-7.171303245121563e-14,224.84979398817285,73.99999994373348,0.0008875388355653,95.26804286681114,7.87725184670259e-07,-5.032653814445103e-21,-2.1021544026841724e-12,623.4939626373789,73.99977888611998,0.0556376261127695,95.2678711591408,0.0030955454394643,3.1544733200584025e-17,1.7161986544390846e-10,7498.159666818689,73.99780874235266,0.1751365341053468,95.2663408485378,0.0306728055784333,2.3851551445824464e-16,2.774066442463856e-10,28111.684217621805,73.99802363637069,0.1663285446879633,95.26650776683672,0.0276651847780158,-9.371238794892917e-16,-5.983121502405237e-10,149.44616659526883,0.0020509450783436,7.951086704892882e-05,224.8497939881729,0.0022572571472791,0.0001236517898558,623.4939626373803,0.0023643138353968,0.0001830368081813,7498.159666818782,2011.5426163992508,3029203916463.641,28111.68421762083,33805.062797528684,50906382597571.47,1.0,74.0,0.0,95.26804291051644,0.0,0.0,0.0,1.0,74.0,0.0,95.26804291051644,0.0,0.0,0.0,1.0,74.0,0.0,95.26804291051644,0.0,0.0,0.0,1.0221398719682655,74.0,0.0,95.26804291051644,0.0,0.0,0.0,1.6831522617380656,73.99999999999999,9.5367431640625e-07,95.26804291051644,9.094947017729282e-13,0.0,0.0
76.90102989127651,60.00289104126611,0.0433572608330905,95.8280934007424,60.01250691575199,0.1874469091767423,233.050975781616,60.02881622586556,0.4293416977275229,2274.030767001721,60.020127582676686,0.4806922533039142,17332.964545471485,60.020413921288,0.6702715996225379,76.90102989127651,60.00289104126611,0.0433572608330905,95.8280934007424,60.01250691575199,0.1874469091767423,233.050975781616,60.02881622586556,0.4293416977275229,2274.030767001721,60.020127582676686,0.4806922533039142,17332.964545471485,60.020413921288,0.6702715996225379,1.0,60.0,0.0,60.0,0.0,0.0,0.0,1.0,60.0,0.0,60.0,0.0,0.0,0.0,1.0,60.0,0.0,60.0,0.0,0.0,0.0,1.0,60.0,0.0,60.0,0.0,0.0,0.0,1.0,60.0,0.0,60.0,0.0,0.0,0.0,1.0,1507653164.329609,0.0,1.0,1507653164.329609,0.0,1.0,1507653164.329609,0.0,1.0,1507653164.329609,0.0,1.0,1507653164.329609,0.0,1.0,60.0,0.0,60.0,0.0,0.0,0.0,1.0,60.0,0.0,60.0,0.0,0.0,0.0,1.0,60.0,0.0,60.0,0.0,0.0,0.0,1.0,60.0,0.0,60.0,0.0,0.0,0.0,1.0,60.0,0.0,60.0,0.0,0.0,0.0
26.35766553862151,74.82236391703482,21.20956808635765,45.913588159144105,74.65846877055971,105.809835417871,164.3544332342916,77.1763016338938,2411.642923857128,964.180139448188,78.88356603404921,3586.495318399908,8250.758096909469,76.75209644931229,1774.7208494494346,26.35766553862151,74.82236391703482,21.20956808635765,45.913588159144105,74.65846877055971,105.809835417871,164.3544332342916,77.1763016338938,2411.642923857128,964.180139448188,78.88356603404921,3586.495318399908,8250.758096909469,76.75209644931229,1774.7208494494346,1.0000305924368518,74.0,9.5367431640625e-07,74.0,9.094947017729282e-13,0.0,0.0,1.0019559981664674,74.0,0.0,74.0,0.0,0.0,0.0,1.1250612641866593,74.0,0.0,74.0,0.0,0.0,0.0,1.812292197164853,74.0,0.0,74.0,0.0,0.0,0.0,1.9794250966937643,74.0,0.0,74.0,0.0,0.0,0.0,1.0000305924368518,46071.14011611498,69372492592808.77,1.0019559981664674,2939815.912767245,4418460157270215.0,1.1250612641866593,167396567.8807483,2.2406306314229946e+17,1.812292197164853,674969210.1160845,5.608615128225963e+17,1.9794250966937643,745130013.6406199,5.668822808733309e+17,1.0000305924368518,74.0,9.5367431640625e-07,74.0,9.094947017729282e-13,0.0,0.0,1.0019559981664674,74.0,0.0,74.0,0.0,0.0,0.0,1.1250612641866593,74.0,0.0,74.0,0.0,0.0,0.0,1.812292197164853,74.0,0.0,74.0,0.0,0.0,0.0,1.9794250966937643,74.0,0.0,74.0,0.0,0.0,0.0
151.62127847627966,250.27564571047245,57791.32887673845,226.68634855031067,301.5885597070269,60979.27043136904,635.3134760135654,356.58843172834486,58544.180301416825,6433.828743433744,379.4095050744976,55760.798944129725,60897.910187323934,383.2081497227378,55197.8296168292,151.62127847627966,250.27564571047245,57791.32887673845,226.68634855031067,301.5885597070269,60979.27043136904,635.3134760135654,356.58843172834486,58544.180301416825,6433.828743433744,379.4095050744976,55760.798944129725,60897.910187323934,383.2081497227378,55197.8296168292,1.0,60.0,0.0,60.0,0.0,0.0,0.0,1.0,60.0,0.0,60.0,0.0,0.0,0.0,1.0,60.0,0.0,60.0,0.0,0.0,0.0,1.0,60.0,0.0,60.0,0.0,0.0,0.0,1.0,60.0,0.0,60.0,0.0,0.0,0.0,1.0,1507656349.538718,0.0,1.0,1507656349.538718,0.0,1.0,1507656349.538718,0.0,1.0,1507656349.538718,0.0,1.0,1507656349.538718,0.0,1.0,60.0,0.0,60.0,0.0,0.0,0.0,1.0,60.0,0.0,60.0,0.0,0.0,0.0,1.0,60.0,0.0,60.0,0.0,0.0,0.0,1.0,60.0,0.0,60.0,0.0,0.0,0.0,1.0,60.0,0.0,60.0,0.0,0.0,0.0
1.0,60.0,0.0,1.0,60.0,0.0,1.0,60.0,0.0,1.0,60.0,0.0,1.0,60.0,0.0,1.0,60.0,0.0,1.0,60.0,0.0,1.0,60.0,0.0,1.0,60.0,0.0,1.0,60.0,0.0,1.0,60.0,0.0,60.0,0.0,0.0,0.0,1.0,60.0,0.0,60.0,0.0,0.0,0.0,1.0,60.0,0.0,60.0,0.0,0.0,0.0,1.0,60.0,0.0,60.0,0.0,0.0,0.0,1.0,60.0,0.0,60.0,0.0,0.0,0.0,1.0,1505913456.171141,0.0,1.0,1505913456.171141,0.0,1.0,1505913456.171141,0.0,1.0,1505913456.171141,0.0,1.0,1505913456.171141,0.0,1.0,60.0,0.0,60.0,0.0,0.0,0.0,1.0,60.0,0.0,60.0,0.0,0.0,0.0,1.0,60.0,0.0,60.0,0.0,0.0,0.0,1.0,60.0,0.0,60.0,0.0,0.0,0.0,1.0,60.0,0.0,60.0,0.0,0.0,0.0
1.0,60.0,0.0,1.0,60.0,0.0,1.0,60.0,0.0,1.0,60.0,0.0,1.0,60.0,0.0,1.0,60.0,0.0,1.0,60.0,0.0,1.0,60.0,0.0,1.0,60.0,0.0,1.0,60.0,0.0,1.0,60.0,0.0,60.0,0.0,0.0,0.0,1.0,60.0,0.0,60.0,0.0,0.0,0.0,1.0,60.0,0.0,60.0,0.0,0.0,0.0,1.0,60.0,0.0,60.0,0.0,0.0,0.0,1.0,60.0,0.0,60.0,0.0,0.0,0.0,1.0,1505913554.565178,0.0,1.0,1505913554.565178,0.0,1.0,1505913554.565178,0.0,1.0,1505913554.565178,0.0,1.0,1505913554.565178,0.0,1.0,60.0,0.0,60.0,0.0,0.0,0.0,1.0,60.0,0.0,60.0,0.0,0.0,0.0,1.0,60.0,0.0,60.0,0.0,0.0,0.0,1.0,60.0,0.0,60.0,0.0,0.0,0.0,1.0,60.0,0.0,60.0,0.0,0.0,0.0
167.23375922972818,74.14418950005837,3.4411545134598778,277.33592462094583,74.09688359798209,2.4611214451724663,814.9172846959766,74.12771601991611,51.06183415361011,5939.780312771987,74.62872239080608,456.5502336775735,12821.670616359745,74.47942932346545,332.66086808036107,167.23375922972818,74.14418950005837,3.4411545134598778,277.33592462094583,74.09688359798209,2.4611214451724663,814.9172846959766,74.12771601991611,51.06183415361011,5939.780312771987,74.62872239080608,456.5502336775735,12821.670616359745,74.47942932346545,332.66086808036107,166.22875445836257,73.9999999999999,3.015782985847835e-06,95.26804291051636,9.196696017241575e-12,2.8387434233163688e-27,8.05898482694338e-16,276.21023510232664,74.00000000000003,1.6518123698891422e-06,95.26804291051644,4.918844673007684e-12,-5.784068702680622e-27,-1.7308777098549457e-15,812.469368159924,73.99999999720967,0.0001976983189457,95.26804290834907,3.908463043563788e-08,-5.68907527542128e-22,-6.433203308236877e-13,5917.778017260197,73.99907566843552,0.1137531868037246,95.26732493243848,0.012939787508003,3.8295883173068764e-16,7.613234388782625e-10,12778.782888063355,73.99813897857769,0.1614027151651205,95.26659735863832,0.026050836462673,-1.8559219770026047e-15,-1.918448935019466e-09,166.2287544583624,0.0017783868386739,2.2509046600769383e-05,276.21023510232686,0.0017653509241304,2.084494671694968e-05,812.4693681599272,0.0064486557971209,6997599.502054085,5917.778017260239,35120.21573131836,52886799235702.52,12778.782888063302,96672.3635587322,145570948248209.0,1.0,74.0,0.0,74.0,0.0,0.0,0.0,1.0,74.0,0.0,74.0,0.0,0.0,0.0,1.0,74.0,0.0,74.0,0.0,0.0,0.0,1.0,74.0,0.0,74.0,0.0,0.0,0.0,1.0,74.0,0.0,74.0,0.0,0.0,0.0
152.24478944763382,77.80566778495215,3051.365335705113,247.81296861719665,79.1884013365862,4224.428326366652,747.6912011197023,78.17833175310255,3421.7169155118463,7424.1718391103395,74.7172829974792,549.5062593799794,37864.520963279865,74.37953187463337,256.55155895678763,152.24478944763382,77.80566778495215,3051.365335705113,247.81296861719665,79.1884013365862,4224.428326366652,747.6912011197023,78.17833175310255,3421.7169155118463,7424.1718391103395,74.7172829974792,549.5062593799794,37864.520963279865,74.37953187463337,256.55155895678763,150.70091648520236,73.99999999999997,1.9073486328125e-06,95.26804291051636,9.374856803373544e-12,8.574456350364047e-28,1.5293772375674882e-16,245.27190985319592,74.00000000000001,1.6518123698891422e-06,95.2680429105164,7.77072613829435e-12,-3.904899306441582e-27,-8.76403382658909e-16,742.0942715911793,73.99999956499211,0.0024678122874049,95.26804257262164,6.0900974858842495e-06,-5.07888571765792e-20,-5.395059520389056e-12,7401.137547545144,73.99916866547751,0.1078795261817491,95.26739716808572,0.0116379921691986,5.321001017201014e-17,2.1114392948729638e-10,37749.723462446666,73.99852123001517,0.1438770068328185,95.26689427198204,0.0207005930951709,3.520978445024001e-16,4.1090325523643766e-10,150.70091648520247,0.0019907242093438,4.374946960830752e-05,245.2719098531961,0.0020100802049936,4.592604099299326e-05,742.0942715911821,0.0019582731984656,3.775097814495207e-05,7401.13754754524,166.1907285980324,250266028904.3336,37749.72346244502,19592.80076202336,29504692473398.15,1.0,74.0,0.0,95.26804291051644,0.0,0.0,0.0,1.0,74.0,0.0,95.26804291051644,0.0,0.0,0.0,1.0,74.0,0.0,95.26804291051644,0.0,0.0,0.0,1.019945656079548,73.99999999999999,1.3486991523486091e-06,95.26804291051644,1.8189894035458565e-12,0.0,0.0,1.676059364171656,74.0,0.0,95.26804291051644,0.0,0.0,0.0
109.38771468938164,60.00003812358708,0.0005718523511859,129.17205138172278,60.0008538180477,0.0128065417102334,267.15373556455563,60.01091910063689,0.1637021991318761,2316.594075153673,60.01642710421449,0.4903618416765312,22674.44693985811,60.019945810081865,0.6788309719622703,109.38771468938164,60.00003812358708,0.0005718523511859,129.17205138172278,60.0008538180477,0.0128065417102334,267.15373556455563,60.01091910063689,0.1637021991318761,2316.594075153673,60.01642710421449,0.4903618416765312,22674.44693985811,60.019945810081865,0.6788309719622703,1.0,60.0,0.0,60.0,0.0,0.0,0.0,1.0,60.0,0.0,60.0,0.0,0.0,0.0,1.0,60.0,0.0,60.0,0.0,0.0,0.0,1.0,60.0,0.0,60.0,0.0,0.0,0.0,1.0,60.0,0.0,60.0,0.0,0.0,0.0,1.0,1507653660.85416,0.0,1.0,1507653660.85416,0.0,1.0,1507653660.85416,0.0,1.0,1507653660.85416,0.0,1.0,1507653660.85416,0.0,1.0,60.0,0.0,60.0,0.0,0.0,0.0,1.0,60.0,0.0,60.0,0.0,0.0,0.0,1.0,60.0,0.0,60.0,0.0,0.0,0.0,1.0,60.0,0.0,60.0,0.0,0.0,0.0,1.0,60.0,0.0,60.0,0.0,0.0,0.0
1.0,60.0,0.0,1.0,60.0,0.0,1.0,60.0,0.0,1.0,60.0,0.0,1.0,60.0,0.0,1.0,60.0,0.0,1.0,60.0,0.0,1.0,60.0,0.0,1.0,60.0,0.0,1.0,60.0,0.0,1.0,60.0,0.0,60.0,0.0,0.0,0.0,1.0,60.0,0.0,60.0,0.0,0.0,0.0,1.0,60.0,0.0,60.0,0.0,0.0,0.0,1.0,60.0,0.0,60.0,0.0,0.0,0.0,1.0,60.0,0.0,60.0,0.0,0.0,0.0,1.0,1505913548.288706,0.0,1.0,1505913548.288706,0.0,1.0,1505913548.288706,0.0,1.0,1505913548.288706,0.0,1.0,1505913548.288706,0.0,1.0,60.0,0.0,60.0,0.0,0.0,0.0,1.0,60.0,0.0,60.0,0.0,0.0,0.0,1.0,60.0,0.0,60.0,0.0,0.0,0.0,1.0,60.0,0.0,60.0,0.0,0.0,0.0,1.0,60.0,0.0,60.0,0.0,0.0,0.0
163.01684407668267,74.03031382178914,0.7266128029796164,268.5349813184021,74.03851901708144,0.9231007963644516,831.7862157517993,74.0432786791839,2.15486684863572,4897.869161837222,74.08566641736067,20.82659792755112,6936.142256131872,74.09312424660132,23.22508829887465,163.01684407668267,74.03031382178914,0.7266128029796164,268.5349813184021,74.03851901708144,0.9231007963644516,831.7862157517993,74.0432786791839,2.15486684863572,4897.869161837222,74.08566641736067,20.82659792755112,6936.142256131872,74.09312424660132,23.22508829887465,162.8109414284039,73.99999999999604,7.008046367978606e-06,95.26804291051334,4.9414948833895775e-11,-4.1296294790614116e-26,-2.5225420170192045e-15,268.1039956590044,73.99999995645139,0.0007808112005555,95.26804287668976,6.096661309619694e-07,8.724469470073233e-21,4.018680162819776e-12,830.3483474978502,73.99974807607752,0.0593874688117612,95.26784722729342,0.0035268714518679,7.767449784021699e-17,2.923965282645881e-10,4886.172224217812,73.99648822776795,0.2217035829667785,95.26531514692128,0.0491524787003072,6.275141209281326e-17,6.256903336415189e-11,6918.096613968794,73.99614605852206,0.2322505712134381,95.26504937023915,0.0539403278289682,1.6725219995320294e-15,1.6099174992558143e-09,162.81094142840388,0.001834933126514,0.0095320259456402,268.10399565900434,0.0019029914050144,106530.2764469483,830.3483474978534,421.95580121643,635426261621.0287,4886.172224217828,133506.9553523575,201032143178773.9,6918.096613968761,200207.69003491144,301455442669123.3,1.0,74.0,0.0,74.0,0.0,0.0,0.0,1.0,74.0,0.0,74.0,0.0,0.0,0.0,1.0,74.0,0.0,74.0,0.0,0.0,0.0,1.0,74.0,0.0,74.0,0.0,0.0,0.0,1.0,74.0,0.0,74.0,0.0,0.0,0.0
1.0,60.0,0.0,1.0,60.0,0.0,1.0,60.0,0.0,1.0,60.0,0.0,1.0,60.0,0.0,1.0,60.0,0.0,1.0,60.0,0.0,1.0,60.0,0.0,1.0,60.0,0.0,1.0,60.0,0.0,1.0,60.0,0.0,60.0,0.0,0.0,0.0,1.0,60.0,0.0,60.0,0.0,0.0,0.0,1.0,60.0,0.0,60.0,0.0,0.0,0.0,1.0,60.0,0.0,60.0,0.0,0.0,0.0,1.0,60.0,0.0,60.0,0.0,0.0,0.0,1.0,1505913470.546986,0.0,1.0,1505913470.546986,0.0,1.0,1505913470.546986,0.0,1.0,1505913470.546986,0.0,1.0,1505913470.546986,0.0,1.0,60.0,0.0,60.0,0.0,0.0,0.0,1.0,60.0,0.0,60.0,0.0,0.0,0.0,1.0,60.0,0.0,60.0,0.0,0.0,0.0,1.0,60.0,0.0,60.0,0.0,0.0,0.0,1.0,60.0,0.0,60.0,0.0,0.0,0.0
122.0443618377084,436.97872744050784,48638.27509093,199.7288679343293,442.1502599975729,47329.20193963617,619.7581285509087,416.9604068945137,53200.486982502014,6304.952916112143,393.9128837995128,57459.47891310522,49652.56069412428,391.72679461646726,57807.68385450341,122.0443618377084,436.97872744050784,48638.27509093,199.7288679343293,442.1502599975729,47329.20193963617,619.7581285509087,416.9604068945137,53200.486982502014,6304.952916112143,393.9128837995128,57459.47891310522,49652.56069412428,391.72679461646726,57807.68385450341,1.0,60.0,0.0,60.0,0.0,0.0,0.0,1.0,60.0,0.0,60.0,0.0,0.0,0.0,1.0,60.0,0.0,60.0,0.0,0.0,0.0,1.0,60.0,0.0,60.0,0.0,0.0,0.0,1.0,60.0,0.0,60.0,0.0,0.0,0.0,1.0,1507658127.826913,0.0,1.0,1507658127.826913,0.0,1.0,1507658127.826913,0.0,1.0,1507658127.826913,0.0,1.0,1507658127.826913,0.0,1.0,60.0,0.0,60.0,0.0,0.0,0.0,1.0,60.0,0.0,60.0,0.0,0.0,0.0,1.0,60.0,0.0,60.0,0.0,0.0,0.0,1.0,60.0,0.0,60.0,0.0,0.0,0.0,1.0,60.0,0.0,60.0,0.0,0.0,0.0
1.0,60.0,0.0,1.0,60.0,0.0,1.0,60.0,0.0,1.0,60.0,0.0,1.0,60.0,0.0,1.0,60.0,0.0,1.0,60.0,0.0,1.0,60.0,0.0,1.0,60.0,0.0,1.0,60.0,0.0,1.0,60.0,0.0,60.0,0.0,0.0,0.0,1.0,60.0,0.0,60.0,0.0,0.0,0.0,1.0,60.0,0.0,60.0,0.0,0.0,0.0,1.0,60.0,0.0,60.0,0.0,0.0,0.0,1.0,60.0,0.0,60.0,0.0,0.0,0.0,1.0,1505913464.051263,0.0,1.0,1505913464.051263,0.0,1.0,1505913464.051263,0.0,1.0,1505913464.051263,0.0,1.0,1505913464.051263,0.0,1.0,60.0,0.0,60.0,0.0,0.0,0.0,1.0,60.0,0.0,60.0,0.0,0.0,0.0,1.0,60.0,0.0,60.0,0.0,0.0,0.0,1.0,60.0,0.0,60.0,0.0,0.0,0.0,1.0,60.0,0.0,60.0,0.0,0.0,0.0
103.1430386256178,505.76841010260864,26848.802416585702,186.1166270436104,462.8229869159565,41560.60165797485,609.2930381851643,413.87397860144,53830.61034779269,6078.845700692256,393.7713297671716,57480.56617940558,17796.690518732616,391.6817502250392,57814.44347723793,103.1430386256178,505.76841010260864,26848.802416585702,186.1166270436104,462.8229869159565,41560.60165797485,609.2930381851643,413.87397860144,53830.61034779269,6078.845700692256,393.7713297671716,57480.56617940558,17796.690518732616,391.6817502250392,57814.44347723793,90.86521231540276,566.0000000000006,2.0185480583683703e-05,566.0000000000006,4.07453626394272e-10,0.0,0.0,148.16503571308192,566.0,0.0,566.0,0.0,0.0,0.0,426.1056024805757,566.0,1.0789593218788871e-05,566.0,1.1641532182693479e-10,0.0,0.0,4009.6992559675696,565.9948552551157,1.6134479986898185,565.9948552551157,2.60321444447618,0.0,0.0,11666.133978055175,565.9685039515541,3.9919930502306986,565.9685039515541,15.936008513090195,0.0,0.0,90.86521231540276,0.0032575724598766,4.004171499627064e-05,148.16503571308192,0.0033118108348107,5.633217260947989e-05,426.1056024805757,0.0034166915522524,19.33726156212285,4009.6992559675696,13524.51193296287,20390149193990.605,11666.133978055175,92676.34853604414,139715635393227.4,1.0,566.0,0.0,566.0,0.0,0.0,0.0,1.0,566.0,0.0,566.0,0.0,0.0,0.0,1.0,566.0,0.0,566.0,0.0,0.0,0.0,1.0,566.0,0.0,566.0,0.0,0.0,0.0,1.0,566.0,0.0,566.0,0.0,0.0,0.0
132.5758302261148,394.5650850954363,53341.35587222871,211.0196728068176,410.2930132693659,50339.55340209512,629.5691576592103,399.52602841112633,52447.78892352856,6234.683774093815,384.4366101266188,55009.28757016896,20042.105243077855,382.92015492193616,55242.08249258201,132.5758302261148,394.5650850954363,53341.35587222871,211.0196728068176,410.2930132693659,50339.55340209512,629.5691576592103,399.52602841112633,52447.78892352856,6234.683774093815,384.4366101266188,55009.28757016896,20042.105243077855,382.92015492193616,55242.08249258201,1.0,60.0,0.0,60.0,0.0,0.0,0.0,1.0,60.0,0.0,60.0,0.0,0.0,0.0,1.0,60.0,0.0,60.0,0.0,0.0,0.0,1.0,60.0,0.0,60.0,0.0,0.0,0.0,1.0,60.0,0.0,60.0,0.0,0.0,0.0,1.0,1507655978.996078,0.0,1.0,1507655978.996078,0.0,1.0,1507655978.996078,0.0,1.0,1507655978.996078,0.0,1.0,1507655978.996078,0.0,1.0,60.0,0.0,60.0,0.0,0.0,0.0,1.0,60.0,0.0,60.0,0.0,0.0,0.0,1.0,60.0,0.0,60.0,0.0,0.0,0.0,1.0,60.0,0.0,60.0,0.0,0.0,0.0,1.0,60.0,0.0,60.0,0.0,0.0,0.0
143.87176372993474,74.054097304681,10.888753139895014,249.06728828116744,74.16410732506117,36.88884329668144,786.7753889116368,74.3658140253298,126.88095945411716,7630.809913659549,74.53626603398189,373.22112539132377,39555.379680532125,74.36370820705991,239.2411608358489,143.87176372993474,74.054097304681,10.888753139895014,249.06728828116744,74.16410732506117,36.88884329668144,786.7753889116368,74.3658140253298,126.88095945411716,7630.809913659549,74.53626603398189,373.22112539132377,39555.379680532125,74.36370820705991,239.2411608358489,143.45332203670318,73.99999999943006,8.926921404904603e-05,95.26804291007372,7.96899278453419e-09,-1.69460480518336e-23,-1.407510482145536e-13,248.1698310090668,73.99999935247499,0.0030108729129792,95.26804240754758,9.065355698112808e-06,3.313366171729861e-20,6.662178970568742e-12,783.5017803949864,73.99959692265789,0.0751193736452202,95.26772981821205,0.0056429202968502,-2.2287853361602567e-17,-1.4665941220497182e-10,7606.048251666612,73.99819990018914,0.1587392733295833,95.26664467938568,0.0251981568972041,1.5704525291912404e-16,3.059084112745112e-10,39434.301679131975,73.99829858262453,0.1543274067102123,95.2667213308154,0.0238169484618993,3.2968439828444517e-16,3.8136927634378817e-10,143.45332203670318,0.0020618168063729,2.5902595574383306e-05,248.16983100906677,0.001968088654889,2.6107621153788896e-05,783.5017803949878,0.0018515040966765,2.626533349327969e-05,7606.048251666691,108.01305321887024,162655531075.53387,39434.301679130265,18013.947695249408,27127134421064.824,1.0,74.0,0.0,95.26804291051644,0.0,0.0,0.0,1.0,74.0,0.0,95.26804291051644,0.0,0.0,0.0,1.0,74.0,0.0,95.26804291051644,0.0,0.0,0.0,1.0199329977361502,74.0,0.0,95.26804291051644,0.0,0.0,0.0,1.6760164463726803,74.0,0.0,95.26804291051644,0.0,0.0,0.0
1.0,60.0,0.0,1.0,60.0,0.0,1.0,60.0,0.0,1.0,60.0,0.0,1.0,60.0,0.0,1.0,60.0,0.0,1.0,60.0,0.0,1.0,60.0,0.0,1.0,60.0,0.0,1.0,60.0,0.0,1.0,60.0,0.0,60.0,0.0,0.0,0.0,1.0,60.0,0.0,60.0,0.0,0.0,0.0,1.0,60.0,0.0,60.0,0.0,0.0,0.0,1.0,60.0,0.0,60.0,0.0,0.0,0.0,1.0,60.0,0.0,60.0,0.0,0.0,0.0,1.0,1505913458.627584,0.0,1.0,1505913458.627584,0.0,1.0,1505913458.627584,0.0,1.0,1505913458.627584,0.0,1.0,1505913458.627584,0.0,1.0,60.0,0.0,60.0,0.0,0.0,0.0,1.0,60.0,0.0,60.0,0.0,0.0,0.0,1.0,60.0,0.0,60.0,0.0,0.0,0.0,1.0,60.0,0.0,60.0,0.0,0.0,0.0,1.0,60.0,0.0,60.0,0.0,0.0,0.0
172.3368678339821,74.02340934495741,1.8241463297536031,281.02020665530654,73.99175578711099,1.9584759479976128,831.3490489190988,73.98507772601134,1.827632882649596,5511.953837065952,74.05933967704567,15.610024307543426,8426.737661785677,74.07323768496066,19.032179584529327,172.3368678339821,74.02340934495741,1.8241463297536031,281.02020665530654,73.99175578711099,1.9584759479976128,831.3490489190988,73.98507772601134,1.827632882649596,5511.953837065952,74.05933967704567,15.610024307543426,8426.737661785677,74.07323768496066,19.032179584529327,171.03523546891284,73.99999999999993,2.3360154559928683e-06,95.2680429105164,6.558459564010245e-12,-2.0861223597286664e-28,-4.682027753418949e-17,277.9605245323005,73.99999999988573,3.986084851075433e-05,95.26804291042774,1.5888966148366623e-09,-2.279065787548077e-23,-2.447567121281101e-13,823.0857242301912,73.99996451339871,0.022289261127521,95.26801534609744,0.0004968111616108,9.787889558884832e-18,1.6813675824979715e-10,5489.14284799074,73.99743262946636,0.1895695020359201,95.26604870441734,0.0359365961021467,-7.052562762838078e-18,-3.185171156089375e-11,8395.126068040223,73.99688603079319,0.208772297335702,95.26562413722066,0.0435858721348267,1.4286004949995469e-15,3.0595425297856253e-09,171.0352354689127,0.0017225092888273,1.904466196844004e-05,277.96052453230067,0.0017552333044084,279.7257685778675,823.0857242301936,59.43921128717494,89507672106.64516,5489.142847990781,97603.660538244,146973172755794.03,8395.12606804017,161767.00828131233,243581003104874.62,1.0,74.0,0.0,74.0,0.0,0.0,0.0,1.0,74.0,0.0,74.0,0.0,0.0,0.0,1.0,74.0,0.0,74.0,0.0,0.0,0.0,1.0,74.0,0.0,74.0,0.0,0.0,0.0,1.0,74.0,0.0,74.0,0.0,0.0,0.0
51.044323962144354,60.00004358715724,0.0006538054540214,69.15015150841494,60.00109402429951,0.0164091675983399,206.1301210007529,60.01248059992864,0.1870933377385881,2255.1435897743995,60.01618943663607,0.494702124563446,22289.96175199408,60.01985678900621,0.6791373423457117,51.044323962144354,60.00004358715724,0.0006538054540214,69.15015150841494,60.00109402429951,0.0164091675983399,206.1301210007529,60.01248059992864,0.1870933377385881,2255.1435897743995,60.01618943663607,0.494702124563446,22289.96175199408,60.01985678900621,0.6791373423457117,1.0,60.0,0.0,60.0,0.0,0.0,0.0,1.0,60.0,0.0,60.0,0.0,0.0,0.0,1.0,60.0,0.0,60.0,0.0,0.0,0.0,1.0,60.0,0.0,60.0,0.0,0.0,0.0,1.0,60.0,0.0,60.0,0.0,0.0,0.0,1.0,1507653510.928727,0.0,1.0,1507653510.928727,0.0,1.0,1507653510.928727,0.0,1.0,1507653510.928727,0.0,1.0,1507653510.928727,0.0,1.0,60.0,0.0,60.0,0.0,0.0,0.0,1.0,60.0,0.0,60.0,0.0,0.0,0.0,1.0,60.0,0.0,60.0,0.0,0.0,0.0,1.0,60.0,0.0,60.0,0.0,0.0,0.0,1.0,60.0,0.0,60.0,0.0,0.0,0.0
120.17888718838132,458.138280170154,38165.191499133936,208.928377407806,422.3029347943275,47711.22802526949,641.6540120156117,391.075138864887,53935.23901136749,6426.520309169535,384.0008769671026,55076.551113141504,59388.783046158045,384.1500277697498,55053.59804206289,120.17888718838132,458.138280170154,38165.191499133936,208.928377407806,422.3029347943275,47711.22802526949,641.6540120156117,391.075138864887,53935.23901136749,6426.520309169535,384.0008769671026,55076.551113141504,59388.783046158045,384.1500277697498,55053.59804206289,96.85740353195924,554.0,0.0,554.0,0.0,0.0,0.0,153.2268289453029,553.9999999999994,2.288818359375e-05,553.9999999999994,5.238689482212067e-10,0.0,0.0,430.0178475580049,553.9999998913299,0.0073268607460739,553.9999998913299,5.368288839235902e-05,0.0,0.0,4215.095910521586,553.9752111975719,3.499293344852338,553.9752111975719,12.245053913327864,0.0,0.0,38971.70844038887,553.9597037384398,4.461471665755092,553.9597037384398,19.904729424335528,0.0,0.0,96.85740353195924,0.0031371356998102,0.0001022821177748,153.2268289453029,0.0032652038892312,0.0001278770522277,430.0178475580049,0.0034040694708117,0.0001360023888705,4215.095910521586,0.0034299726894017,4533.9505152810525,38971.70844038887,3020.0995574693998,4553256724923.469,1.0,554.0,0.0,554.0,0.0,0.0,0.0,1.0,554.0,0.0,554.0,0.0,0.0,0.0,1.0,554.0,0.0,554.0,0.0,0.0,0.0,1.0,554.0,0.0,554.0,0.0,0.0,0.0,1.0,554.0,0.0,554.0,0.0,0.0,0.0
119.44149060324372,73.66071045720764,4.634936205242411,203.33860183046608,72.9770891125474,13.274405712197222,643.4504517071333,71.5858603018763,27.96951700717455,6564.820972782792,70.84363362880923,34.459281611754704,40088.34539753781,70.73137349653155,35.63020402242273,119.44149060324372,73.66071045720764,4.634936205242411,203.33860183046608,72.9770891125474,13.274405712197222,643.4504517071333,71.5858603018763,27.96951700717455,6564.820972782792,70.84363362880923,34.459281611754704,40088.34539753781,70.73137349653155,35.63020402242273,116.54645149963056,73.99999999999999,1.3486991523486091e-06,73.99999999999999,1.8189894035458565e-12,0.0,0.0,188.464811181738,73.99999999999999,1.6518123698891422e-06,73.99999999999999,2.7284841053187847e-12,0.0,0.0,531.7431349565295,73.99999999999613,7.62939453125e-06,73.99999999999613,5.820766091346741e-11,0.0,0.0,5063.348624078279,73.99948365810545,0.085020702860309,73.99948365810545,0.0072285199148609,0.0,0.0,30530.414338626117,73.99783911076952,0.1739188884181539,73.99783911076952,0.0302477797486062,0.0,0.0,116.54645149963056,0.0025226963357779,2.15437714480114e-05,188.464811181738,0.0025856046150635,2.661869194845029e-05,531.7431349565295,0.0027291507888102,3.912146443697707e-05,5063.348624078279,25.183602794928284,37963937415.502464,30530.414338626117,19332.60275941632,29146556928920.21,1.0,74.0,0.0,74.0,0.0,0.0,0.0,1.0,74.0,0.0,74.0,0.0,0.0,0.0,1.0,74.0,0.0,74.0,0.0,0.0,0.0,1.0,74.0,0.0,74.0,0.0,0.0,0.0,1.0,74.0,0.0,74.0,0.0,0.0,0.0
1.0,60.0,0.0,1.0,60.0,0.0,1.0,60.0,0.0,1.0,60.0,0.0,1.0,60.0,0.0,1.0,60.0,0.0,1.0,60.0,0.0,1.0,60.0,0.0,1.0,60.0,0.0,1.0,60.0,0.0,1.0,60.0,0.0,60.0,0.0,0.0,0.0,1.0,60.0,0.0,60.0,0.0,0.0,0.0,1.0,60.0,0.0,60.0,0.0,0.0,0.0,1.0,60.0,0.0,60.0,0.0,0.0,0.0,1.0,60.0,0.0,60.0,0.0,0.0,0.0,1.0,1505913567.702285,0.0,1.0,1505913567.702285,0.0,1.0,1505913567.702285,0.0,1.0,1505913567.702285,0.0,1.0,1505913567.702285,0.0,1.0,60.0,0.0,60.0,0.0,0.0,0.0,1.0,60.0,0.0,60.0,0.0,0.0,0.0,1.0,60.0,0.0,60.0,0.0,0.0,0.0,1.0,60.0,0.0,60.0,0.0,0.0,0.0,1.0,60.0,0.0,60.0,0.0,0.0,0.0
179.95043682849774,294.88166689927306,63680.72600565101,266.2972933093456,319.5507853545467,63966.08721123842,688.212653121689,364.7119027955698,61334.877708948654,5652.664540196057,388.4756632429564,58310.42279927823,12372.071644447267,389.1947626563865,58200.728389988224,179.95043682849774,294.88166689927306,63680.72600565101,266.2972933093456,319.5507853545467,63966.08721123842,688.212653121689,364.7119027955698,61334.877708948654,5652.664540196057,388.4756632429564,58310.42279927823,12372.071644447267,389.1947626563865,58200.728389988224,83.53173628760852,565.9999999999998,1.3214498959113138e-05,565.9999999999998,1.7462298274040222e-10,0.0,0.0,136.59618896488294,566.0000000000001,1.7059844799040144e-05,566.0000000000001,2.910383045673371e-10,0.0,0.0,414.4398912225296,565.9999999986237,0.0008345385927742,565.9999999986237,6.964546628296375e-07,0.0,0.0,3669.571105847076,565.9824314840797,2.981503044164384,565.9824314840797,8.889360402361492,0.0,0.0,8049.730814346999,565.9488448755072,5.087423330971809,565.9488448755072,25.881876148516305,0.0,0.0,83.53173628760852,0.0037467086261114,0.0001740436491901,136.59618896488294,0.0036724104924633,0.0001429679364911,414.4398912225296,0.0046905577617054,1766836.1415926144,3669.571105847076,46184.12877601478,69627728643233.01,8049.730814346999,150522.69450382405,226914068020498.44,1.0,566.0,0.0,566.0,0.0,0.0,0.0,1.0,566.0,0.0,566.0,0.0,0.0,0.0,1.0,566.0,0.0,566.0,0.0,0.0,0.0,1.0,566.0,0.0,566.0,0.0,0.0,0.0,1.0,566.0,0.0,566.0,0.0,0.0,0.0
131.29043898515457,465.9354972670836,40619.64996307784,212.39961940679052,482.0172766211708,35440.571075424734,629.2575830394934,466.7034659635081,40355.711628607445,6400.714400425273,442.37742545036514,47174.71869084245,50809.34368423876,438.46601779874175,48233.60829961923,131.29043898515457,465.9354972670836,40619.64996307784,212.39961940679052,482.0172766211708,35440.571075424734,629.2575830394934,466.7034659635081,40355.711628607445,6400.714400425273,442.37742545036514,47174.71869084245,50809.34368423876,438.46601779874175,48233.60829961923,1.0,60.0,0.0,60.0,0.0,0.0,0.0,1.0,60.0,0.0,60.0,0.0,0.0,0.0,1.0,60.0,0.0,60.0,0.0,0.0,0.0,1.0,60.0,0.0,60.0,0.0,0.0,0.0,1.0,60.0,0.0,60.0,0.0,0.0,0.0,1.0,1507658902.18396,0.0,1.0,1507658902.18396,0.0,1.0,1507658902.18396,0.0,1.0,1507658902.18396,0.0,1.0,1507658902.18396,0.0,1.0,60.0,0.0,60.0,0.0,0.0,0.0,1.0,60.0,0.0,60.0,0.0,0.0,0.0,1.0,60.0,0.0,60.0,0.0,0.0,0.0,1.0,60.0,0.0,60.0,0.0,0.0,0.0,1.0,60.0,0.0,60.0,0.0,0.0,0.0
102.93442088661445,531.3878106253743,10648.283220880316,176.90853717270372,494.768196163932,25731.55829791812,593.95995347521,428.02598378157967,46341.553757607966,6351.946173906634,388.1053102413202,54425.49576101828,60164.98391361482,384.4435292993314,55007.99462087856,102.93442088661445,531.3878106253743,10648.283220880316,176.90853717270372,494.768196163932,25731.55829791812,593.95995347521,428.02598378157967,46341.553757607966,6351.946173906634,388.1053102413202,54425.49576101828,60164.98391361482,384.4435292993314,55007.99462087856,98.21767699328208,554.0000000000007,2.0185480583683703e-05,554.0000000000007,4.07453626394272e-10,0.0,0.0,155.68027494102083,553.9999999999999,7.62939453125e-06,553.9999999999999,5.820766091346741e-11,0.0,0.0,442.44107414884536,553.9999528827499,0.1525644744071859,553.9999528827499,0.0232759188511408,0.0,0.0,4219.079105098179,553.9541074537236,4.761177557783875,553.9541074537236,22.66881173674483,0.0,0.0,39517.01233804485,553.9563798709041,4.641814414603172,553.9563798709041,21.54644105961779,0.0,0.0,98.21767699328208,0.0031806689574857,0.0001413441979252,155.68027494102083,0.0032442137230104,0.0001476593405997,442.44107414884536,0.0033135591454614,0.0001457744159551,4219.079105098179,0.0034242981870595,572.9090487026602,39517.01233804485,2422.0808038418577,3651653452995.1074,1.0,554.0,0.0,554.0,0.0,0.0,0.0,1.0,554.0,0.0,554.0,0.0,0.0,0.0,1.0,554.0,0.0,554.0,0.0,0.0,0.0,1.0,554.0,0.0,554.0,0.0,0.0,0.0,1.0,554.0,0.0,554.0,0.0,0.0,0.0
1.0,60.0,0.0,1.0,60.0,0.0,1.0,60.0,0.0,1.0,60.0,0.0,1.0,60.0,0.0,1.0,60.0,0.0,1.0,60.0,0.0,1.0,60.0,0.0,1.0,60.0,0.0,1.0,60.0,0.0,1.0,60.0,0.0,60.0,0.0,0.0,0.0,1.0,60.0,0.0,60.0,0.0,0.0,0.0,1.0,60.0,0.0,60.0,0.0,0.0,0.0,1.0,60.0,0.0,60.0,0.0,0.0,0.0,1.0,60.0,0.0,60.0,0.0,0.0,0.0,1.0,1505913553.18313,0.0,1.0,1505913553.18313,0.0,1.0,1505913553.18313,0.0,1.0,1505913553.18313,0.0,1.0,1505913553.18313,0.0,1.0,60.0,0.0,60.0,0.0,0.0,0.0,1.0,60.0,0.0,60.0,0.0,0.0,0.0,1.0,60.0,0.0,60.0,0.0,0.0,0.0,1.0,60.0,0.0,60.0,0.0,0.0,0.0,1.0,60.0,0.0,60.0,0.0,0.0,0.0
1.0,60.0,0.0,1.0,60.0,0.0,1.0,60.0,0.0,1.0,60.0,0.0,1.0,60.0,0.0,1.0,60.0,0.0,1.0,60.0,0.0,1.0,60.0,0.0,1.0,60.0,0.0,1.0,60.0,0.0,1.0,60.0,0.0,60.0,0.0,0.0,0.0,1.0,60.0,0.0,60.0,0.0,0.0,0.0,1.0,60.0,0.0,60.0,0.0,0.0,0.0,1.0,60.0,0.0,60.0,0.0,0.0,0.0,1.0,60.0,0.0,60.0,0.0,0.0,0.0,1.0,1505913565.301641,0.0,1.0,1505913565.301641,0.0,1.0,1505913565.301641,0.0,1.0,1505913565.301641,0.0,1.0,1505913565.301641,0.0,1.0,60.0,0.0,60.0,0.0,0.0,0.0,1.0,60.0,0.0,60.0,0.0,0.0,0.0,1.0,60.0,0.0,60.0,0.0,0.0,0.0,1.0,60.0,0.0,60.0,0.0,0.0,0.0,1.0,60.0,0.0,60.0,0.0,0.0,0.0
163.80179052085614,74.09204262624787,2.3460116561491304,271.498524268144,74.08562438441625,4.692360291081059,806.0066225715248,74.16824450325075,30.87235161850822,7879.46328151014,74.24719803229942,133.8826885987164,26104.115497101327,74.40666504551321,273.49030638441127,163.80179052085614,74.09204262624787,2.3460116561491304,271.498524268144,74.08562438441625,4.692360291081059,806.0066225715248,74.16824450325075,30.87235161850822,7879.46328151014,74.24719803229942,133.8826885987164,26104.115497101327,74.40666504551321,273.49030638441127,163.1774707673366,73.99999999951116,8.275013963521983e-05,95.2680429101367,6.847585624748234e-09,-1.07640509871171e-23,-1.928954226466501e-13,270.6467635720269,73.99999941505634,0.0028616812266587,95.268042456158,8.189219443025694e-06,6.773221617877701e-20,6.01934844101381e-12,803.8605364408528,73.99960908974776,0.0739769607826665,95.2677392690489,0.0054725907266401,-1.8495153807318885e-17,-1.4012878399087147e-10,7859.125381714266,73.99842707642037,0.1483861720657384,95.2668211382342,0.0220184560603229,5.2412849470155575e-16,2.342471138425713e-09,26025.31764136429,73.99829853150597,0.1543297247763947,95.26672129110857,0.0238176639495577,-6.395227428910616e-16,-4.3129388839013114e-10,163.17747076733647,0.0017978268012214,1.415468387422552e-05,270.64676357202745,0.00179562183877,1.5056080331011416e-05,803.860536440855,0.0018014084080037,0.0036026273913823,7859.125381714409,3110.646949536954,4684355392498.481,26025.31764136356,38321.86958073799,57707980871935.13,1.0,74.0,0.0,95.26804291051644,0.0,0.0,0.0,1.0,74.0,0.0,95.26804291051644,0.0,0.0,0.0,1.0,74.0,0.0,95.26804291051644,0.0,0.0,0.0,1.0234901414357462,74.0,0.0,95.26804291051644,0.0,0.0,0.0,1.6872085642075008,74.0,0.0,95.26804291051644,0.0,0.0,0.0
6.398936227761081,60.00000007049108,3.3835644899227187e-06,24.38774543774941,60.0000300520392,0.0014424876262637,160.62852282053103,60.00748782053443,0.3569041383325384,2203.160915999197,60.0255004054044,0.9822714656966128,19670.67481558721,60.02122659991675,0.7387622910014215,6.398936227761081,60.00000007049108,3.3835644899227187e-06,24.38774543774941,60.0000300520392,0.0014424876262637,160.62852282053103,60.00748782053443,0.3569041383325384,2203.160915999197,60.0255004054044,0.9822714656966128,19670.67481558721,60.02122659991675,0.7387622910014215,1.0,60.0,0.0,60.0,0.0,0.0,0.0,1.0,60.0,0.0,60.0,0.0,0.0,0.0,1.0,60.0,0.0,60.0,0.0,0.0,0.0,1.0,60.0,0.0,60.0,0.0,0.0,0.0,1.0,60.0,0.0,60.0,0.0,0.0,0.0,1.0,1507653248.510796,0.0,1.0,1507653248.510796,0.0,1.0,1507653248.510796,0.0,1.0,1507653248.510796,0.0,1.0,1507653248.510796,0.0,1.0,60.0,0.0,60.0,0.0,0.0,0.0,1.0,60.0,0.0,60.0,0.0,0.0,0.0,1.0,60.0,0.0,60.0,0.0,0.0,0.0,1.0,60.0,0.0,60.0,0.0,0.0,0.0,1.0,60.0,0.0,60.0,0.0,0.0,0.0
98.5320487550353,534.883126093394,14769.760350451686,176.90258021487926,494.16929053890726,31176.532471200888,600.0917088431886,429.2319410318904,50491.225623295526,6303.534257476989,395.156719953492,57255.32623834541,35308.96552767808,392.0924664371544,57749.627951036025,98.5320487550353,534.883126093394,14769.760350451686,176.90258021487926,494.16929053890726,31176.532471200888,600.0917088431886,429.2319410318904,50491.225623295526,6303.534257476989,395.156719953492,57255.32623834541,35308.96552767808,392.0924664371544,57749.627951036025,92.46991881139915,566.0000000000006,1.8688123647942943e-05,566.0000000000006,3.4924596548080444e-10,0.0,0.0,151.78262598283882,565.9999999999994,1.7059844799040144e-05,565.9999999999994,2.910383045673371e-10,0.0,0.0,437.8722543109479,565.9999955150133,0.0476382553070564,565.9999955150133,0.0022694033687002,0.0,0.0,4175.435556410774,565.9639398974338,4.271429686332229,565.9639398974338,18.24511156528024,0.0,0.0,23175.002277036638,565.9572493711956,4.650805366571743,565.9572493711956,21.62999055773253,0.0,0.0,92.46991881139915,0.0031741194836738,2.215641079278585e-05,151.78262598283882,0.0032180643091914,3.984161454009019e-05,437.8722543109479,0.0033259341597697,8.156685735511171e-05,4175.435556410774,101.29157835458037,152707826119.58804,23175.002277036638,28713.016835773866,43288577157819.76,1.0,566.0,0.0,566.0,0.0,0.0,0.0,1.0,566.0,0.0,566.0,0.0,0.0,0.0,1.0,566.0,0.0,566.0,0.0,0.0,0.0,1.0,566.0,0.0,566.0,0.0,0.0,0.0,1.0,566.0,0.0,566.0,0.0,0.0,0.0
1.0,60.0,0.0,1.0,60.0,0.0,1.0,60.0,0.0,1.0,60.0,0.0,1.0,60.0,0.0,1.0,60.0,0.0,1.0,60.0,0.0,1.0,60.0,0.0,1.0,60.0,0.0,1.0,60.0,0.0,1.0,60.0,0.0,60.0,0.0,0.0,0.0,1.0,60.0,0.0,60.0,0.0,0.0,0.0,1.0,60.0,0.0,60.0,0.0,0.0,0.0,1.0,60.0,0.0,60.0,0.0,0.0,0.0,1.0,60.0,0.0,60.0,0.0,0.0,0.0,1.0,1505913468.054118,0.0,1.0,1505913468.054118,0.0,1.0,1505913468.054118,0.0,1.0,1505913468.054118,0.0,1.0,1505913468.054118,0.0,1.0,60.0,0.0,60.0,0.0,0.0,0.0,1.0,60.0,0.0,60.0,0.0,0.0,0.0,1.0,60.0,0.0,60.0,0.0,0.0,0.0,1.0,60.0,0.0,60.0,0.0,0.0,0.0,1.0,60.0,0.0,60.0,0.0,0.0,0.0
1.0,60.0,0.0,1.0,60.0,0.0,1.0,60.0,0.0,1.0,60.0,0.0,1.0,60.0,0.0,1.0,60.0,0.0,1.0,60.0,0.0,1.0,60.0,0.0,1.0,60.0,0.0,1.0,60.0,0.0,1.0,60.0,0.0,60.0,0.0,0.0,0.0,1.0,60.0,0.0,60.0,0.0,0.0,0.0,1.0,60.0,0.0,60.0,0.0,0.0,0.0,1.0,60.0,0.0,60.0,0.0,0.0,0.0,1.0,60.0,0.0,60.0,0.0,0.0,0.0,1.0,1505913584.708727,0.0,1.0,1505913584.708727,0.0,1.0,1505913584.708727,0.0,1.0,1505913584.708727,0.0,1.0,1505913584.708727,0.0,1.0,60.0,0.0,60.0,0.0,0.0,0.0,1.0,60.0,0.0,60.0,0.0,0.0,0.0,1.0,60.0,0.0,60.0,0.0,0.0,0.0,1.0,60.0,0.0,60.0,0.0,0.0,0.0,1.0,60.0,0.0,60.0,0.0,0.0,0.0
1.0,60.0,0.0,1.0,60.0,0.0,1.0,60.0,0.0,1.0,60.0,0.0,1.0,60.0,0.0,1.0,60.0,0.0,1.0,60.0,0.0,1.0,60.0,0.0,1.0,60.0,0.0,1.0,60.0,0.0,1.0,60.0,0.0,60.0,0.0,0.0,0.0,1.0,60.0,0.0,60.0,0.0,0.0,0.0,1.0,60.0,0.0,60.0,0.0,0.0,0.0,1.0,60.0,0.0,60.0,0.0,0.0,0.0,1.0,60.0,0.0,60.0,0.0,0.0,0.0,1.0,1505913431.846684,0.0,1.0,1505913431.846684,0.0,1.0,1505913431.846684,0.0,1.0,1505913431.846684,0.0,1.0,1505913431.846684,0.0,1.0,60.0,0.0,60.0,0.0,0.0,0.0,1.0,60.0,0.0,60.0,0.0,0.0,0.0,1.0,60.0,0.0,60.0,0.0,0.0,0.0,1.0,60.0,0.0,60.0,0.0,0.0,0.0,1.0,60.0,0.0,60.0,0.0,0.0,0.0
1.0,60.0,0.0,1.0,60.0,0.0,1.0,60.0,0.0,1.0,60.0,0.0,1.0,60.0,0.0,1.0,60.0,0.0,1.0,60.0,0.0,1.0,60.0,0.0,1.0,60.0,0.0,1.0,60.0,0.0,1.0,60.0,0.0,60.0,0.0,0.0,0.0,1.0,60.0,0.0,60.0,0.0,0.0,0.0,1.0,60.0,0.0,60.0,0.0,0.0,0.0,1.0,60.0,0.0,60.0,0.0,0.0,0.0,1.0,60.0,0.0,60.0,0.0,0.0,0.0,1.0,1505913447.616158,0.0,1.0,1505913447.616158,0.0,1.0,1505913447.616158,0.0,1.0,1505913447.616158,0.0,1.0,1505913447.616158,0.0,1.0,60.0,0.0,60.0,0.0,0.0,0.0,1.0,60.0,0.0,60.0,0.0,0.0,0.0,1.0,60.0,0.0,60.0,0.0,0.0,0.0,1.0,60.0,0.0,60.0,0.0,0.0,0.0,1.0,60.0,0.0,60.0,0.0,0.0,0.0
108.51293978239616,477.3214512370019,31999.60324779645,193.193605663542,436.58416459248593,44216.943323560525,623.1560715922088,397.2446394056689,52864.19107034951,6466.02912009838,385.97193405425486,54768.59301933175,58846.553768490325,384.3467792509224,55023.11057251619,108.51293978239616,477.3214512370019,31999.60324779645,193.193605663542,436.58416459248593,44216.943323560525,623.1560715922088,397.2446394056689,52864.19107034951,6466.02912009838,385.97193405425486,54768.59301933175,58846.553768490325,384.3467792509224,55023.11057251619,91.66959009677656,553.9999999999886,7.317858159351683e-05,553.9999999999886,5.355104804039002e-09,0.0,0.0,147.27459964779115,553.9999996613906,0.0129334147777058,553.9999996613906,0.0001672732178121,0.0,0.0,425.4197327311518,553.9945931719609,1.6343022417400648,553.9945931719609,2.6709438173566014,0.0,0.0,4267.200933260303,553.9278666317829,5.9689765183123,553.9278666317829,35.62868067616364,0.0,0.0,38639.69303148656,553.9547204435621,4.729275911138171,553.9547204435621,22.36605064367177,0.0,0.0,91.66959009677656,0.0032212554545191,3.647894750177292e-05,147.27459964779115,0.0033338089263177,6.005065611626049e-05,425.4197327311518,0.0034317184824916,0.0001093195599393,4267.200933260303,0.0033936047005268,13193.421400083698,38639.69303148656,3393.584067435748,5116340469801.637,1.0,554.0,0.0,554.0,0.0,0.0,0.0,1.0,554.0,0.0,554.0,0.0,0.0,0.0,1.0,554.0,0.0,554.0,0.0,0.0,0.0,1.0,554.0,0.0,554.0,0.0,0.0,0.0,1.0,554.0,0.0,554.0,0.0,0.0,0.0
1.0,60.0,0.0,1.0,60.0,0.0,1.0,60.0,0.0,1.0,60.0,0.0,1.0,60.0,0.0,1.0,60.0,0.0,1.0,60.0,0.0,1.0,60.0,0.0,1.0,60.0,0.0,1.0,60.0,0.0,1.0,60.0,0.0,60.0,0.0,0.0,0.0,1.0,60.0,0.0,60.0,0.0,0.0,0.0,1.0,60.0,0.0,60.0,0.0,0.0,0.0,1.0,60.0,0.0,60.0,0.0,0.0,0.0,1.0,60.0,0.0,60.0,0.0,0.0,0.0,1.0,1505913453.1579552,0.0,1.0,1505913453.1579552,0.0,1.0,1505913453.1579552,0.0,1.0,1505913453.1579552,0.0,1.0,1505913453.1579552,0.0,1.0,60.0,0.0,60.0,0.0,0.0,0.0,1.0,60.0,0.0,60.0,0.0,0.0,0.0,1.0,60.0,0.0,60.0,0.0,0.0,0.0,1.0,60.0,0.0,60.0,0.0,0.0,0.0,1.0,60.0,0.0,60.0,0.0,0.0,0.0
84.56601507073664,407.46475596405264,50915.83280206006,154.58473312551396,368.751963308004,57195.692411509626,496.5995508118944,342.75876803720286,59729.75598227548,5046.773246245623,337.26066941612834,60090.40609968119,39398.14044523169,336.55053405126097,60131.83532700201,84.56601507073664,407.46475596405264,50915.83280206006,154.58473312551396,368.751963308004,57195.692411509626,496.5995508118944,342.75876803720286,59729.75598227548,5046.773246245623,337.26066941612834,60090.40609968119,39398.14044523169,336.55053405126097,60131.83532700201,59.48119390316992,554.0,1.0789593218788871e-05,554.0,1.1641532182693479e-10,0.0,0.0,96.61607086167878,554.0,1.0789593218788871e-05,554.0,1.1641532182693479e-10,0.0,0.0,284.2455511964978,553.9999999999994,1.52587890625e-05,553.9999999999994,2.3283064365386963e-10,0.0,0.0,2832.535436954085,553.9886344468662,2.369483925264152,553.9886344468662,5.614454072085209,0.0,0.0,22057.64443756853,553.943954659155,5.2614881259132495,553.943954659155,27.68325729912613,0.0,0.0,59.48119390316992,0.0050771395551217,0.0001260224389119,96.61607086167878,0.0051465376052342,0.0001520728167271,284.2455511964978,0.0051372048760548,0.0001570343648127,2832.535436954085,0.1330637898588195,192926976.0141699,22057.64443756853,14888.139141848418,22446012180365.83,59.48119390316992,554.0,1.0789593218788871e-05,554.0,1.1641532182693479e-10,0.0,0.0,96.61607086167878,554.0,1.0789593218788871e-05,554.0,1.1641532182693479e-10,0.0,0.0,284.2455511964968,554.0000000000013,3.411968959808029e-05,554.0000000000013,1.164153218269348e-09,0.0,0.0,2832.470268265802,553.999999999999,2.642899791822628e-05,553.999999999999,6.984919309616089e-10,0.0,0.0,22055.141951332247,554.0000000000039,5.860249136252295e-05,554.0000000000039,3.434251993894577e-09,0.0,0.0
152.20693834243704,74.00483650211265,0.1160527275269487,254.569120708212,74.01298274616613,0.3114672293913827,786.2691350913649,74.02975599830908,0.8540778822489301,7047.0849632285135,74.10732370233829,28.962578865814976,34879.519053109485,74.2811321407589,170.83251783356442,152.20693834243704,74.00483650211265,0.1160527275269487,254.569120708212,74.01298274616613,0.3114672293913827,786.2691350913649,74.02975599830908,0.8540778822489301,7047.0849632285135,74.10732370233829,28.962578865814976,34879.519053109485,74.2811321407589,170.83251783356442,152.17626544853874,73.99999999819475,0.0001589778231942,95.26804290911429,2.5273949314882664e-08,-1.3631928829577691e-22,-3.178891343529072e-13,254.4313982696316,73.99999869320224,0.004277286933162,95.2680418954537,1.8295183508601205e-05,1.288153077428991e-19,9.745505123340324e-12,785.2928970915857,73.99948755566186,0.0846992214297019,95.26764486697748,0.0071739581107976,7.423285114231596e-17,3.152152159926956e-10,7027.838797168566,73.99821423336495,0.1581061160197052,95.26665581265532,0.0249975439228364,1.9431952032895555e-16,2.3931431309786216e-10,34774.05221230271,73.99827608312917,0.1553443411388481,95.2667038543629,0.0241318643238628,1.4140801139645896e-16,8.420287629540349e-11,152.17626544853871,0.0019657204934128,4.013276724607457e-05,254.43139826963144,0.0019318454184195,3.8644962325603113e-05,785.2928970915884,0.0018498448719469,3.444290948311759e-05,7027.838797168686,356.9875598437655,537589448636.9296,34774.052212301234,22840.847251466377,34395834350744.91,1.0,74.0,0.0,95.26804291051644,0.0,0.0,0.0,1.0,74.0,0.0,95.26804291051644,0.0,0.0,0.0,1.0,74.0,0.0,95.26804291051644,0.0,0.0,0.0,1.0207831968259635,74.0,0.0,95.26804291051644,0.0,0.0,0.0,1.6788459558103836,73.99999999999999,1.3486991523486091e-06,95.26804291051644,1.8189894035458565e-12,0.0,0.0
64.8984046119547,501.3683574605946,23228.82232788884,123.68942346660644,446.1977031254276,41629.30921276863,452.4240874525848,372.8722521474568,56663.10172140159,4953.404343590362,338.9494891918441,59983.86713803411,28384.19500620073,336.8785072687384,60112.26953191671,64.8984046119547,501.3683574605946,23228.82232788884,123.68942346660644,446.1977031254276,41629.30921276863,452.4240874525848,372.8722521474568,56663.10172140159,4953.404343590362,338.9494891918441,59983.86713803411,28384.19500620073,336.8785072687384,60112.26953191671,57.98370565955325,553.9999999999994,2.0185480583683703e-05,553.9999999999994,4.07453626394272e-10,0.0,0.0,96.69558368465448,554.0000000000001,0.0,554.0000000000001,0.0,0.0,0.0,286.5274825469083,553.9999999955777,0.0014780167502712,553.9999999955777,2.184533514082432e-06,0.0,0.0,2797.117038260099,553.974203222527,3.569725843462522,553.974203222527,12.742942597484214,0.0,0.0,15910.723221890716,553.9264741072686,6.026307738098147,553.9264741072686,36.31638495426159,0.0,0.0,57.98370565955325,0.0050893236630887,4.739770595327662e-05,96.69558368465448,0.0050803009302489,8.716866133685526e-05,286.5274825469083,0.0050880166546673,0.0001320607806084,2797.117038260099,129.71006673346758,195550789535.7925,15910.723221890716,41186.01076414184,62092768457413.49,57.98370565955325,553.9999999999994,2.0185480583683703e-05,553.9999999999994,4.07453626394272e-10,0.0,0.0,96.69558368465448,554.0000000000001,0.0,554.0000000000001,0.0,0.0,0.0,286.5274825443436,553.9999999999993,1.7059844799040144e-05,553.9999999999993,2.910383045673371e-10,0.0,0.0,2796.9709722564453,554.0000000000006,1.52587890625e-05,554.0000000000006,2.3283064365386963e-10,0.0,0.0,15908.355104220993,554.0000000000003,1.7059844799040144e-05,554.0000000000003,2.910383045673371e-10,0.0,0.0
56.008219995851775,93.78736141057836,16116.508540809788,60.56533627571063,95.45120612892488,17398.628456561644,215.50893698466896,81.2149524652492,5880.45665100399,5051.852358667149,74.41203092735334,284.2608579824491,9800.038512086934,74.26142469370673,155.46918403353902,56.008219995851775,93.78736141057836,16116.508540809788,60.56533627571063,95.45120612892488,17398.628456561644,215.50893698466896,81.2149524652492,5880.45665100399,5051.852358667149,74.41203092735334,284.2608579824491,9800.038512086934,74.26142469370673,155.46918403353902,54.6407272111836,74.0,0.0,95.2680429105164,1.8189894035458565e-12,4.345285194538996e-31,0.0,58.84930824841766,74.0,1.6518123698891422e-06,95.2680429105164,2.8760747774580336e-12,-1.6941858143482254e-29,-1.0754748038272833e-17,212.6582842802837,73.99999834589694,0.0048122193384778,95.26804162568236,2.3157454961620022e-05,4.303317375893288e-20,5.012147627310071e-12,5037.526668222302,73.998201756932,0.158657395794365,95.26664612160756,0.0251721692402497,1.8501229156157435e-16,6.53591133439616e-10,9773.288031489212,73.99744077720342,0.1892685115767439,95.26605503313246,0.035822569474476,-1.8619926732635586e-15,-9.012885761035831e-10,54.6407272111836,0.0369762715451687,0.0885794856225854,58.84930824841766,0.0379267977093442,0.0931603874561107,212.65828428028405,2.767371876577476,4148267607.7534375,5037.526668222348,68324.70641074388,102886482292876.05,9773.288031489206,132941.03562048404,200180133186783.4,1.0000369968002962,74.00000000000001,9.5367431640625e-07,74.00000000000001,9.094947017729282e-13,0.0,0.0,1.0021922925054707,73.99999999999999,9.5367431640625e-07,73.99999999999999,9.094947017729282e-13,0.0,0.0,1.1299070836139136,74.0,0.0,74.0,0.0,0.0,0.0,1.8153860617092363,74.00000000000001,1.3486991523486091e-06,74.00000000000001,1.8189894035458565e-12,0.0,0.0,1.979797503005014,74.0,9.5367431640625e-07,74.0,9.094947017729282e-13,0.0,0.0
1.0,60.0,0.0,1.0,60.0,0.0,1.0,60.0,0.0,1.0,60.0,0.0,1.0,60.0,0.0,1.0,60.0,0.0,1.0,60.0,0.0,1.0,60.0,0.0,1.0,60.0,0.0,1.0,60.0,0.0,1.0,60.0,0.0,60.0,0.0,0.0,0.0,1.0,60.0,0.0,60.0,0.0,0.0,0.0,1.0,60.0,0.0,60.0,0.0,0.0,0.0,1.0,60.0,0.0,60.0,0.0,0.0,0.0,1.0,60.0,0.0,60.0,0.0,0.0,0.0,1.0,1505913566.6825366,0.0,1.0,1505913566.6825366,0.0,1.0,1505913566.6825366,0.0,1.0,1505913566.6825366,0.0,1.0,1505913566.6825366,0.0,1.0,60.0,0.0,60.0,0.0,0.0,0.0,1.0,60.0,0.0,60.0,0.0,0.0,0.0,1.0,60.0,0.0,60.0,0.0,0.0,0.0,1.0,60.0,0.0,60.0,0.0,0.0,0.0,1.0,60.0,0.0,60.0,0.0,0.0,0.0
160.8775902121049,213.57281381698945,54123.23464772901,242.41091595554352,273.58489512599056,62455.44950777084,654.1006509304609,350.1970363558519,62625.3795177633,6313.049836559837,387.2951632451471,58487.115028601664,27495.438255535693,390.516586112703,57997.09231194016,160.8775902121049,213.57281381698945,54123.23464772901,242.41091595554352,273.58489512599056,62455.44950777084,654.1006509304609,350.1970363558519,62625.3795177633,6313.049836559837,387.2951632451471,58487.115028601664,27495.438255535693,390.516586112703,57997.09231194016,1.0,60.0,0.0,60.0,0.0,0.0,0.0,1.0,60.0,0.0,60.0,0.0,0.0,0.0,1.0,60.0,0.0,60.0,0.0,0.0,0.0,1.0,60.0,0.0,60.0,0.0,0.0,0.0,1.0,60.0,0.0,60.0,0.0,0.0,0.0,1.0,1507657988.2751632,0.0,1.0,1507657988.2751632,0.0,1.0,1507657988.2751632,0.0,1.0,1507657988.2751632,0.0,1.0,1507657988.2751632,0.0,1.0,60.0,0.0,60.0,0.0,0.0,0.0,1.0,60.0,0.0,60.0,0.0,0.0,0.0,1.0,60.0,0.0,60.0,0.0,0.0,0.0,1.0,60.0,0.0,60.0,0.0,0.0,0.0,1.0,60.0,0.0,60.0,0.0,0.0,0.0
157.14883726836732,66.49752990436517,48.74752380299651,240.263139893023,67.8977170356998,48.19410412385332,692.0682313588178,69.18797511040924,44.21319584406229,6694.652797954654,69.40089884542066,43.36135203106642,27552.36327224249,69.36685185348429,43.5376998901711,157.14883726836732,66.49752990436517,48.74752380299651,240.263139893023,67.8977170356998,48.19410412385332,692.0682313588178,69.18797511040924,44.21319584406229,6694.652797954654,69.40089884542066,43.36135203106642,27552.36327224249,69.36685185348429,43.5376998901711,1.0,60.0,0.0,60.0,0.0,0.0,0.0,1.0,60.0,0.0,60.0,0.0,0.0,0.0,1.0,60.0,0.0,60.0,0.0,0.0,0.0,1.0,60.0,0.0,60.0,0.0,0.0,0.0,1.0,60.0,0.0,60.0,0.0,0.0,0.0,1.0,1507657135.780652,0.0,1.0,1507657135.780652,0.0,1.0,1507657135.780652,0.0,1.0,1507657135.780652,0.0,1.0,1507657135.780652,0.0,1.0,60.0,0.0,60.0,0.0,0.0,0.0,1.0,60.0,0.0,60.0,0.0,0.0,0.0,1.0,60.0,0.0,60.0,0.0,0.0,0.0,1.0,60.0,0.0,60.0,0.0,0.0,0.0,1.0,60.0,0.0,60.0,0.0,0.0,0.0
166.58584735536482,222.87661686162568,53932.252492324784,252.2580221426139,274.1282444338604,59928.37142846768,683.3238201654162,344.6374320703035,59591.22744205202,6478.035555077479,379.9709121988032,55681.622621948416,52070.81884265408,382.6906708276342,55276.74569145081,166.58584735536482,222.87661686162568,53932.252492324784,252.2580221426139,274.1282444338604,59928.37142846768,683.3238201654162,344.6374320703035,59591.22744205202,6478.035555077479,379.9709121988032,55681.622621948416,52070.81884265408,382.6906708276342,55276.74569145081,54.924975500228,553.9999999999999,7.62939453125e-06,553.9999999999999,5.820766091346741e-11,0.0,0.0,109.3431740716755,553.9999999999994,2.0185480583683703e-05,553.9999999999994,4.07453626394272e-10,0.0,0.0,393.720354793428,553.9999913496822,0.0653701514028562,553.9999913496822,0.0042732566944323,0.0,0.0,4196.167999998958,553.9617626405377,4.346008913708313,553.9617626405377,18.88779347803211,0.0,0.0,34015.86796431851,553.9579408884293,4.55800747542585,553.9579408884293,20.77543214603793,0.0,0.0,54.924975500228,0.0057538226319782,0.000296549753089,109.3431740716755,0.0045884455195196,0.0001764933028399,393.720354793428,0.0037068701762337,0.0001127006475796,4196.167999998958,0.0232952199749178,29932144.21874672,34015.86796431851,8334.114889100341,12564903042377.932,1.0,554.0,0.0,554.0,0.0,0.0,0.0,1.0,554.0,0.0,554.0,0.0,0.0,0.0,1.0,554.0,0.0,554.0,0.0,0.0,0.0,1.0,554.0,0.0,554.0,0.0,0.0,0.0,1.0,554.0,0.0,554.0,0.0,0.0,0.0
157.13298216740915,228.5565823425884,56878.30905840428,238.078999401038,286.82955997446203,63324.0969001746,654.2291186704488,357.51000097542527,62027.26238761282,6369.096508380973,388.78023806211854,58262.53693658128,50517.25797759032,391.1064288755832,57904.76013241065,157.13298216740915,228.5565823425884,56878.30905840428,238.078999401038,286.82955997446203,63324.0969001746,654.2291186704488,357.51000097542527,62027.26238761282,6369.096508380973,388.78023806211854,58262.53693658128,50517.25797759032,391.1064288755832,57904.76013241065,1.0,60.0,0.0,60.0,0.0,0.0,0.0,1.0,60.0,0.0,60.0,0.0,0.0,0.0,1.0,60.0,0.0,60.0,0.0,0.0,0.0,1.0,60.0,0.0,60.0,0.0,0.0,0.0,1.0,60.0,0.0,60.0,0.0,0.0,0.0,1.0,1507658136.45221,0.0,1.0,1507658136.45221,0.0,1.0,1507658136.45221,0.0,1.0,1507658136.45221,0.0,1.0,1507658136.45221,0.0,1.0,60.0,0.0,60.0,0.0,0.0,0.0,1.0,60.0,0.0,60.0,0.0,0.0,0.0,1.0,60.0,0.0,60.0,0.0,0.0,0.0,1.0,60.0,0.0,60.0,0.0,0.0,0.0,1.0,60.0,0.0,60.0,0.0,0.0,0.0
97.92978658261045,525.1265702073335,13426.166912581248,175.1589674186825,486.5512706601271,28763.583370529203,593.5774600400247,421.7239901915005,47840.76979942808,6356.5098523195775,385.7958764854874,54797.12224061505,61106.83348805957,383.6889038038424,55124.52740870538,97.92978658261045,525.1265702073335,13426.166912581248,175.1589674186825,486.5512706601271,28763.583370529203,593.5774600400247,421.7239901915005,47840.76979942808,6356.5098523195775,385.7958764854874,54797.12224061505,61106.83348805957,383.6889038038424,55124.52740870538,92.20445974057488,554.0000000000006,2.1579186437577742e-05,554.0000000000006,4.656612873077394e-10,0.0,0.0,151.23847963565785,553.9999999999997,1.0789593218788871e-05,553.9999999999997,1.1641532182693479e-10,0.0,0.0,434.6214513614706,553.9999692351066,0.123279585638977,553.9999692351066,0.0151978562353178,0.0,0.0,4192.443224321858,553.9559869449175,4.6626722018893405,553.9559869449175,21.74051206227159,0.0,0.0,40042.34209049463,553.9563115595462,4.6454473309023445,553.9563115595462,21.580180904187728,0.0,0.0,92.20445974057488,0.0031678397071033,1.3530626437954608e-05,151.23847963565785,0.0032163110264272,2.6676685862438143e-05,434.6214513614706,0.0033449342712303,6.456954466569793e-05,4192.443224321858,0.003446502205488,35.58328595353494,40042.34209049463,1809.2321392034264,2727691109417.48,1.0,554.0,0.0,554.0,0.0,0.0,0.0,1.0,554.0,0.0,554.0,0.0,0.0,0.0,1.0,554.0,0.0,554.0,0.0,0.0,0.0,1.0,554.0,0.0,554.0,0.0,0.0,0.0,1.0,554.0,0.0,554.0,0.0,0.0,0.0
144.99493890978172,285.8906131485653,60563.3937867565,223.0818900264734,335.6790461537093,60186.512311713406,639.2968482783667,374.3613706749244,56471.44428933371,6375.033710287604,382.509138714478,55305.20454245591,59882.17442514661,383.8944474995951,55093.06018201416,144.99493890978172,285.8906131485653,60563.3937867565,223.0818900264734,335.6790461537093,60186.512311713406,639.2968482783667,374.3613706749244,56471.44428933371,6375.033710287604,382.509138714478,55305.20454245591,59882.17442514661,383.8944474995951,55093.06018201416,1.0,60.0,0.0,60.0,0.0,0.0,0.0,1.0,60.0,0.0,60.0,0.0,0.0,0.0,1.0,60.0,0.0,60.0,0.0,0.0,0.0,1.0,60.0,0.0,60.0,0.0,0.0,0.0,1.0,60.0,0.0,60.0,0.0,0.0,0.0,1.0,1507656311.277688,0.0,1.0,1507656311.277688,0.0,1.0,1507656311.277688,0.0,1.0,1507656311.277688,0.0,1.0,1507656311.277688,0.0,1.0,60.0,0.0,60.0,0.0,0.0,0.0,1.0,60.0,0.0,60.0,0.0,0.0,0.0,1.0,60.0,0.0,60.0,0.0,0.0,0.0,1.0,60.0,0.0,60.0,0.0,0.0,0.0,1.0,60.0,0.0,60.0,0.0,0.0,0.0
147.61850495452313,60.00000012089751,5.803075964649906e-06,167.5957752356035,60.00003973496808,0.0019072628861067,305.286664934804,60.00822448725096,0.391902573374864,2353.738534318927,60.02537984001084,0.9866734269726294,14196.454731610493,60.02169253490019,0.7604239781380784,147.61850495452313,60.00000012089751,5.803075964649906e-06,167.5957752356035,60.00003973496808,0.0019072628861067,305.286664934804,60.00822448725096,0.391902573374864,2353.738534318927,60.02537984001084,0.9866734269726294,14196.454731610493,60.02169253490019,0.7604239781380784,1.0,60.0,0.0,60.0,0.0,0.0,0.0,1.0,60.0,0.0,60.0,0.0,0.0,0.0,1.0,60.0,0.0,60.0,0.0,0.0,0.0,1.0,60.0,0.0,60.0,0.0,0.0,0.0,1.0,60.0,0.0,60.0,0.0,0.0,0.0,1.0,1507653097.339673,0.0,1.0,1507653097.339673,0.0,1.0,1507653097.339673,0.0,1.0,1507653097.339673,0.0,1.0,1507653097.339673,0.0,1.0,60.0,0.0,60.0,0.0,0.0,0.0,1.0,60.0,0.0,60.0,0.0,0.0,0.0,1.0,60.0,0.0,60.0,0.0,0.0,0.0,1.0,60.0,0.0,60.0,0.0,0.0,0.0,1.0,60.0,0.0,60.0,0.0,0.0,0.0
107.3952036360302,72.7978814248767,15.38457098306935,190.7943981800417,71.68069340079755,27.091109287732248,628.6594712581749,70.19891381363493,38.76709037557157,6427.667401742684,69.463426180248,43.04393963440725,20604.65516239872,69.38105022987986,43.46323699227924,107.3952036360302,72.7978814248767,15.38457098306935,190.7943981800417,71.68069340079755,27.091109287732248,628.6594712581749,70.19891381363493,38.76709037557157,6427.667401742684,69.463426180248,43.04393963440725,20604.65516239872,69.38105022987986,43.46323699227924,98.17364869531453,74.0,0.0,74.0,0.0,0.0,0.0,159.18649055219666,73.99999999999993,2.6973983046972182e-06,73.99999999999993,7.275957614183426e-12,0.0,0.0,457.9743767449164,73.99999973306318,0.0019331679404391,73.99999973306318,3.73713828594191e-06,0.0,0.0,4343.064282152446,73.9989017017548,0.1239958432546503,73.9989017017548,0.0153749691444318,0.0,0.0,13798.805694839091,73.9983855359399,0.1503325993067124,73.9983855359399,0.0225998904143125,0.0,0.0,98.17364869531453,0.0029927051793559,2.3111613720930263e-05,159.18649055219666,0.0030639348253931,3.320314521796641e-05,457.9743767449164,0.0031710963151941,0.3318219750475729,4343.064282152446,8375.560499330895,12627397865624.65,13798.805694839091,75285.58428367767,113499169745257.6,1.0,74.0,0.0,74.0,0.0,0.0,0.0,1.0,74.0,0.0,74.0,0.0,0.0,0.0,1.0,74.0,0.0,74.0,0.0,0.0,0.0,1.0,74.0,0.0,74.0,0.0,0.0,0.0,1.0,74.0,0.0,74.0,0.0,0.0,0.0
228.0937870219273,489.31547985694993,27769.61930696835,371.68961656623617,470.4780363839669,34281.5972611288,1070.1776570770098,460.7826938074864,37342.178724509286,7733.422938185804,434.68093880655607,44633.45606933881,59975.06514224312,425.5747408532748,46922.46841325759,228.0937870219273,489.31547985694993,27769.61930696835,371.68961656623617,470.4780363839669,34281.5972611288,1070.1776570770098,460.7826938074864,37342.178724509286,7733.422938185804,434.68093880655607,44633.45606933881,59975.06514224312,425.5747408532748,46922.46841325759,198.22668310532032,554.0000000000001,1.0789593218788871e-05,554.0000000000001,1.1641532182693479e-10,0.0,0.0,308.84335264115305,553.9999999997675,0.0003381982461441,553.9999999997675,1.1437805369496347e-07,0.0,0.0,868.1562427684555,553.9997005625377,0.3846063148687762,553.9997005625377,0.1479220174369402,0.0,0.0,5863.781843846379,553.9423873033345,5.334543366547316,553.9423873033345,28.45735292957397,0.0,0.0,44383.95886770299,553.9172533919594,6.392963113625373,553.9172533919594,40.86997737217462,0.0,0.0,198.22668310532032,0.0014874909532689,1.691028723951364e-05,308.84335264115305,0.0015826891392068,2.315101446204113e-05,868.1562427684555,0.001674567680773,3.483625751258051e-05,5863.781843846379,0.0025120073121425,7447.971456129941,44383.95886770299,2880.3003372821013,4342489082864.385,1.0,554.0,0.0,554.0,0.0,0.0,0.0,1.0,554.0,0.0,554.0,0.0,0.0,0.0,1.0,554.0,0.0,554.0,0.0,0.0,0.0,1.0,554.0,0.0,554.0,0.0,0.0,0.0,1.0,554.0,0.0,554.0,0.0,0.0,0.0
1.0,60.0,0.0,1.0,60.0,0.0,1.0,60.0,0.0,1.0,60.0,0.0,1.0,60.0,0.0,1.0,60.0,0.0,1.0,60.0,0.0,1.0,60.0,0.0,1.0,60.0,0.0,1.0,60.0,0.0,1.0,60.0,0.0,60.0,0.0,0.0,0.0,1.0,60.0,0.0,60.0,0.0,0.0,0.0,1.0,60.0,0.0,60.0,0.0,0.0,0.0,1.0,60.0,0.0,60.0,0.0,0.0,0.0,1.0,60.0,0.0,60.0,0.0,0.0,0.0,1.0,1505913427.214799,0.0,1.0,1505913427.214799,0.0,1.0,1505913427.214799,0.0,1.0,1505913427.214799,0.0,1.0,1505913427.214799,0.0,1.0,60.0,0.0,60.0,0.0,0.0,0.0,1.0,60.0,0.0,60.0,0.0,0.0,0.0,1.0,60.0,0.0,60.0,0.0,0.0,0.0,1.0,60.0,0.0,60.0,0.0,0.0,0.0,1.0,60.0,0.0,60.0,0.0,0.0,0.0
1.0,60.0,0.0,1.0,60.0,0.0,1.0,60.0,0.0,1.0,60.0,0.0,1.0,60.0,0.0,1.0,60.0,0.0,1.0,60.0,0.0,1.0,60.0,0.0,1.0,60.0,0.0,1.0,60.0,0.0,1.0,60.0,0.0,60.0,0.0,0.0,0.0,1.0,60.0,0.0,60.0,0.0,0.0,0.0,1.0,60.0,0.0,60.0,0.0,0.0,0.0,1.0,60.0,0.0,60.0,0.0,0.0,0.0,1.0,60.0,0.0,60.0,0.0,0.0,0.0,1.0,1505913462.70835,0.0,1.0,1505913462.70835,0.0,1.0,1505913462.70835,0.0,1.0,1505913462.70835,0.0,1.0,1505913462.70835,0.0,1.0,60.0,0.0,60.0,0.0,0.0,0.0,1.0,60.0,0.0,60.0,0.0,0.0,0.0,1.0,60.0,0.0,60.0,0.0,0.0,0.0,1.0,60.0,0.0,60.0,0.0,0.0,0.0,1.0,60.0,0.0,60.0,0.0,0.0,0.0
1.0,60.0,0.0,1.0,60.0,0.0,1.0,60.0,0.0,1.0,60.0,0.0,1.0,60.0,0.0,1.0,60.0,0.0,1.0,60.0,0.0,1.0,60.0,0.0,1.0,60.0,0.0,1.0,60.0,0.0,1.0,60.0,0.0,60.0,0.0,0.0,0.0,1.0,60.0,0.0,60.0,0.0,0.0,0.0,1.0,60.0,0.0,60.0,0.0,0.0,0.0,1.0,60.0,0.0,60.0,0.0,0.0,0.0,1.0,60.0,0.0,60.0,0.0,0.0,0.0,1.0,1505913543.100761,0.0,1.0,1505913543.100761,0.0,1.0,1505913543.100761,0.0,1.0,1505913543.100761,0.0,1.0,1505913543.100761,0.0,1.0,60.0,0.0,60.0,0.0,0.0,0.0,1.0,60.0,0.0,60.0,0.0,0.0,0.0,1.0,60.0,0.0,60.0,0.0,0.0,0.0,1.0,60.0,0.0,60.0,0.0,0.0,0.0,1.0,60.0,0.0,60.0,0.0,0.0,0.0
180.383155995242,74.05166692701947,3.920425534073728,290.1590951586333,74.08826905386107,42.865147637947295,820.920403699545,74.87259051513884,702.0858754089359,7553.02220943287,74.6096909086688,465.3331959231847,38541.97584279061,74.36784219790397,248.34324900811865,180.383155995242,74.05166692701947,3.920425534073728,290.1590951586333,74.08826905386107,42.865147637947295,820.920403699545,74.87259051513884,702.0858754089359,7553.02220943287,74.6096909086688,465.3331959231847,38541.97584279061,74.36784219790397,248.34324900811865,179.32900459658168,73.99985081301172,0.0457011550487106,95.26792702871204,0.0020885955727862,-1.9629400482794725e-18,-1.2738689907558795e-11,288.7004182164598,73.99886647085248,0.1259687388839215,95.26716243790968,0.0158681231760056,3.721219705229132e-17,9.795406055686568e-11,817.4741890483482,73.99510319825423,0.261784731733936,95.26423934152989,0.0685312457690088,2.1743143934974556e-17,3.5555133662080506e-11,7530.293612331814,73.99765609733822,0.1811329438493982,95.2662222820867,0.0328091433475492,6.302713100957112e-17,1.4311110266907694e-10,38425.89388346832,73.99820902047374,0.1583366851241129,95.26665176355108,0.0250705058560924,3.3756830917945966e-16,3.5797090502075045e-10,179.32900459658168,0.0016390876341107,1.533998802074203e-05,288.7004182164597,0.0016872022212748,1.83868763373203e-05,817.4741890483506,0.0017743267762036,2.4627129277059865e-05,7530.29361233191,140.6428041571097,211793102560.0124,38425.89388346677,18962.196931689537,28555081456876.887,1.0,74.0,0.0,95.26804291051644,0.0,0.0,0.0,1.0,74.0,0.0,95.26804291051644,0.0,0.0,0.0,1.0,74.0,0.0,95.26804291051644,0.0,0.0,0.0,1.0203278575268455,74.0,0.0,95.26804291051644,0.0,0.0,0.0,1.6773438014529016,74.0,0.0,95.26804291051644,0.0,0.0,0.0
107.74314417228076,466.0833064088008,35701.501622043615,194.75528345109464,428.2583404582424,46305.41486929412,628.3959027738863,395.4947094958727,53177.66679168158,6380.295840083258,383.998665339942,55077.315512229405,38240.46038289386,382.3861322920889,55322.71851276935,107.74314417228076,466.0833064088008,35701.501622043615,194.75528345109464,428.2583404582424,46305.41486929412,628.3959027738863,395.4947094958727,53177.66679168158,6380.295840083258,383.998665339942,55077.315512229405,38240.46038289386,382.3861322920889,55322.71851276935,88.56820289141676,553.9999999999999,1.3214498959113138e-05,553.9999999999999,1.7462298274040222e-10,0.0,0.0,145.18270744770552,554.0000000000001,1.3214498959113138e-05,554.0000000000001,1.7462298274040222e-10,0.0,0.0,426.76816459546416,553.9999999999527,0.0001523970364031,553.9999999999527,2.322485670447349e-08,0.0,0.0,4184.644057111734,553.9887267074557,2.3598473317429964,553.9887267074557,5.56887942913454,0.0,0.0,24957.08856931228,553.9649355723661,4.161802222232555,553.9649355723661,17.320597736979835,0.0,0.0,88.56820289141676,0.0033281714475556,3.220557380133523e-05,145.18270744770552,0.0033654630764167,4.212589449736525e-05,426.76816459546416,0.0034054233580443,6.204612277224911e-05,4184.644057111734,38.41585770655456,57912691110.65817,24957.08856931228,24204.223861068607,36491050446351.48,1.0,554.0,0.0,554.0,0.0,0.0,0.0,1.0,554.0,0.0,554.0,0.0,0.0,0.0,1.0,554.0,0.0,554.0,0.0,0.0,0.0,1.0,554.0,0.0,554.0,0.0,0.0,0.0,1.0,554.0,0.0,554.0,0.0,0.0,0.0
1.0,60.0,0.0,1.0,60.0,0.0,1.0,60.0,0.0,1.0,60.0,0.0,1.0,60.0,0.0,1.0,60.0,0.0,1.0,60.0,0.0,1.0,60.0,0.0,1.0,60.0,0.0,1.0,60.0,0.0,1.0,60.0,0.0,60.0,0.0,0.0,0.0,1.0,60.0,0.0,60.0,0.0,0.0,0.0,1.0,60.0,0.0,60.0,0.0,0.0,0.0,1.0,60.0,0.0,60.0,0.0,0.0,0.0,1.0,60.0,0.0,60.0,0.0,0.0,0.0,1.0,1505913456.502515,0.0,1.0,1505913456.502515,0.0,1.0,1505913456.502515,0.0,1.0,1505913456.502515,0.0,1.0,1505913456.502515,0.0,1.0,60.0,0.0,60.0,0.0,0.0,0.0,1.0,60.0,0.0,60.0,0.0,0.0,0.0,1.0,60.0,0.0,60.0,0.0,0.0,0.0,1.0,60.0,0.0,60.0,0.0,0.0,0.0,1.0,60.0,0.0,60.0,0.0,0.0,0.0
1.0,60.0,0.0,1.0,60.0,0.0,1.0,60.0,0.0,1.0,60.0,0.0,1.0,60.0,0.0,1.0,60.0,0.0,1.0,60.0,0.0,1.0,60.0,0.0,1.0,60.0,0.0,1.0,60.0,0.0,1.0,60.0,0.0,60.0,0.0,0.0,0.0,1.0,60.0,0.0,60.0,0.0,0.0,0.0,1.0,60.0,0.0,60.0,0.0,0.0,0.0,1.0,60.0,0.0,60.0,0.0,0.0,0.0,1.0,60.0,0.0,60.0,0.0,0.0,0.0,1.0,1505913560.195624,0.0,1.0,1505913560.195624,0.0,1.0,1505913560.195624,0.0,1.0,1505913560.195624,0.0,1.0,1505913560.195624,0.0,1.0,60.0,0.0,60.0,0.0,0.0,0.0,1.0,60.0,0.0,60.0,0.0,0.0,0.0,1.0,60.0,0.0,60.0,0.0,0.0,0.0,1.0,60.0,0.0,60.0,0.0,0.0,0.0,1.0,60.0,0.0,60.0,0.0,0.0,0.0
171.25543632453707,247.78343532841603,57502.38758453941,259.6626857612269,291.8963938143274,60780.5790266058,694.4931232936677,352.484852910014,58935.32481991869,6475.623294597288,379.96638362646064,55680.16980219624,61450.76263068414,383.0168613619478,55226.972782035526,171.25543632453707,247.78343532841603,57502.38758453941,259.6626857612269,291.8963938143274,60780.5790266058,694.4931232936677,352.484852910014,58935.32481991869,6475.623294597288,379.96638362646064,55680.16980219624,61450.76263068414,383.0168613619478,55226.972782035526,65.09904852724287,554.0,1.0789593218788871e-05,554.0,1.1641532182693479e-10,0.0,0.0,121.89203356213,554.0000000000001,1.3214498959113138e-05,554.0000000000001,1.7462298274040222e-10,0.0,0.0,411.1766092340607,553.9999999904093,0.0021766650563907,553.9999999904093,4.737870767712593e-06,0.0,0.0,4194.324412813345,553.980485471299,3.1048021454005514,553.980485471299,9.639796362083873,0.0,0.0,40183.76857615989,553.9598641479048,4.452583525139955,553.9598641479048,19.82550004834775,0.0,0.0,65.09904852724287,0.0054981756354208,0.0007514182832365,121.89203356213,0.0043495804432774,0.0004298860311958,411.1766092340607,0.0035762595005788,0.0001908214288819,4194.324412813345,0.0034445900530801,15.777002268109356,40183.76857615989,1662.1121063560488,2505885228805.3525,1.0,554.0,0.0,554.0,0.0,0.0,0.0,1.0,554.0,0.0,554.0,0.0,0.0,0.0,1.0,554.0,0.0,554.0,0.0,0.0,0.0,1.0,554.0,0.0,554.0,0.0,0.0,0.0,1.0,554.0,0.0,554.0,0.0,0.0,0.0
156.7860113248243,74.00672715785477,0.1614065338781074,263.9355491879764,74.01555065232115,0.3729763326145985,812.3610838004614,74.03186005442163,1.015708427723439,7071.045161021712,74.08247267328609,15.722558716538517,14356.624140775646,74.08974151697217,19.27930050150644,156.7860113248243,74.00672715785477,0.1614065338781074,263.9355491879764,74.01555065232115,0.3729763326145985,812.3610838004614,74.03186005442163,1.015708427723439,7071.045161021712,74.08247267328609,15.722558716538517,14356.624140775646,74.08974151697217,19.27930050150644,156.74206448116826,74.00000000000007,1.9073486328125e-06,95.26804291051644,8.957483989248525e-12,-1.6639400788524033e-27,-3.0492024410345533e-16,263.76453362934205,74.00000000000003,0.0,95.26804291051648,4.547473508864642e-12,1.4845392481507231e-28,0.0,811.3048399524919,73.99999999093644,0.0003562098045165,95.2680429034762,1.2688542483700433e-07,5.863383464461902e-23,1.7260061631305599e-13,7052.014772860002,73.99912747583487,0.110519577488823,95.26736517394,0.0122145770083079,2.3632213286960384e-16,5.212898041905492e-10,14314.149552708908,73.99831893020621,0.153401926647163,95.26673713577328,0.0235321510990616,3.63292060362485e-16,4.197502693959192e-10,156.74206448116811,0.0019068932630702,3.795851169417356e-05,263.7645336293424,0.001862028203869,3.589128795536882e-05,811.3048399524945,0.0169714023211331,22861104.13180785,7052.014772860038,33170.730236253534,49951158348985.35,14314.149552708708,87329.58348066044,131503198065945.16,1.0,74.0,0.0,74.0,0.0,0.0,0.0,1.0,74.0,0.0,74.0,0.0,0.0,0.0,1.0,74.0,0.0,74.0,0.0,0.0,0.0,1.0,74.0,0.0,74.0,0.0,0.0,0.0,1.0,74.0,0.0,74.0,0.0,0.0,0.0
43.40315374856007,60.00036154152238,0.0052516205582833,60.68698387420611,60.00437325564082,0.0612869356705232,196.15083742103667,60.02434476943081,0.3181221990398626,2242.040616012136,60.01910951312448,0.5295714478857008,22061.393300004835,60.02018502795404,0.6837552627416699,43.40315374856007,60.00036154152238,0.0052516205582833,60.68698387420611,60.00437325564082,0.0612869356705232,196.15083742103667,60.02434476943081,0.3181221990398626,2242.040616012136,60.01910951312448,0.5295714478857008,22061.393300004835,60.02018502795404,0.6837552627416699,1.0,60.0,0.0,60.0,0.0,0.0,0.0,1.0,60.0,0.0,60.0,0.0,0.0,0.0,1.0,60.0,0.0,60.0,0.0,0.0,0.0,1.0,60.0,0.0,60.0,0.0,0.0,0.0,1.0,60.0,0.0,60.0,0.0,0.0,0.0,1.0,1507653460.35193,0.0,1.0,1507653460.35193,0.0,1.0,1507653460.35193,0.0,1.0,1507653460.35193,0.0,1.0,1507653460.35193,0.0,1.0,60.0,0.0,60.0,0.0,0.0,0.0,1.0,60.0,0.0,60.0,0.0,0.0,0.0,1.0,60.0,0.0,60.0,0.0,0.0,0.0,1.0,60.0,0.0,60.0,0.0,0.0,0.0,1.0,60.0,0.0,60.0,0.0,0.0,0.0
114.01322377837192,60.00000000244648,1.4677880244562402e-08,134.49443163669525,60.00000177908014,1.073344219548744e-05,271.6374180727851,60.00103619490488,0.0179570386126215,2317.0760677363205,60.02005340118,0.719025515183148,21791.339848196112,60.02050792856812,0.7095282635145849,114.01322377837192,60.00000000244648,1.4677880244562402e-08,134.49443163669525,60.00000177908014,1.073344219548744e-05,271.6374180727851,60.00103619490488,0.0179570386126215,2317.0760677363205,60.02005340118,0.719025515183148,21791.339848196112,60.02050792856812,0.7095282635145849,1.0,60.0,0.0,60.0,0.0,0.0,0.0,1.0,60.0,0.0,60.0,0.0,0.0,0.0,1.0,60.0,0.0,60.0,0.0,0.0,0.0,1.0,60.0,0.0,60.0,0.0,0.0,0.0,1.0,60.0,0.0,60.0,0.0,0.0,0.0,1.0,1507653402.611006,0.0,1.0,1507653402.611006,0.0,1.0,1507653402.611006,0.0,1.0,1507653402.611006,0.0,1.0,1507653402.611006,0.0,1.0,60.0,0.0,60.0,0.0,0.0,0.0,1.0,60.0,0.0,60.0,0.0,0.0,0.0,1.0,60.0,0.0,60.0,0.0,0.0,0.0,1.0,60.0,0.0,60.0,0.0,0.0,0.0,1.0,60.0,0.0,60.0,0.0,0.0,0.0
114.85282982730764,479.42351031446833,31279.133090836465,211.10147171030263,452.4497018536966,39853.38423066886,727.6767584016244,443.708467574909,42319.78700970247,5539.082566708975,433.3619524117338,45038.9421443152,10068.585120929916,430.2828123836752,45806.49579290333,114.85282982730764,479.42351031446833,31279.133090836465,211.10147171030263,452.4497018536966,39853.38423066886,727.6767584016244,443.708467574909,42319.78700970247,5539.082566708975,433.3619524117338,45038.9421443152,10068.585120929916,430.2828123836752,45806.49579290333,97.5141235945742,554.0000000000001,1.52587890625e-05,554.0000000000001,2.3283064365386963e-10,0.0,0.0,167.70588994652638,554.0000000000001,1.0789593218788871e-05,554.0000000000001,1.1641532182693479e-10,0.0,0.0,565.2140130657523,553.9999990333489,0.021852379996955,553.9999990333489,0.0004775265115313,0.0,0.0,4186.5925760921455,553.9700606932322,3.845662645521484,553.9700606932322,14.789121183159294,0.0,0.0,7547.720621318936,553.9429377776681,5.309000069149048,553.9429377776681,28.185481734224595,0.0,0.0,97.5141235945742,0.0030333439309545,3.504217207075247e-05,167.70588994652638,0.002913332172234,7.372306485907175e-05,565.2140130657523,0.3762692811701697,563415432.8733966,4186.5925760921455,74316.50444500065,112038191176122.16,7547.720621318936,170588.91278026954,257160280292126.62,1.0,554.0,0.0,554.0,0.0,0.0,0.0,1.0,554.0,0.0,554.0,0.0,0.0,0.0,1.0,554.0,0.0,554.0,0.0,0.0,0.0,1.0,554.0,0.0,554.0,0.0,0.0,0.0,1.0,554.0,0.0,554.0,0.0,0.0,0.0
182.9597618144221,68.2513998109827,47.43399851307004,280.27677831990883,68.37921535932293,47.09776498408882,735.7837850657152,68.95349448455978,45.18501060652216,6701.833583371278,69.31704376890754,43.78302721518321,50631.28438825924,69.37792267360751,43.508003195132005,182.9597618144221,68.2513998109827,47.43399851307004,280.27677831990883,68.37921535932293,47.09776498408882,735.7837850657152,68.95349448455978,45.18501060652216,6701.833583371278,69.31704376890754,43.78302721518321,50631.28438825924,69.37792267360751,43.508003195132005,107.833867432354,74.00000000000003,1.3486991523486091e-06,74.00000000000003,1.8189894035458565e-12,0.0,0.0,167.74996324267485,74.0,0.0,74.0,0.0,0.0,0.0,470.5558666783503,73.999999999949,2.692335932444211e-05,73.999999999949,7.248672773130236e-10,0.0,0.0,4457.18133927716,73.99930486357817,0.0986479940749719,73.99930486357817,0.0097314267350157,0.0,0.0,33893.22343756238,73.99807787232744,0.1640307682513611,73.99807787232744,0.0269060929331317,0.0,0.0,107.833867432354,0.0028051655693166,7.247953075776538e-05,167.74996324267485,0.0029480621524947,7.380215177247261e-05,470.5558666783503,0.0030964205876945,8.053956717790499e-05,4457.18133927716,0.219552079312103,326123864.26769245,33893.22343756238,10684.977142262902,16109162165737.346,1.0,74.0,0.0,74.0,0.0,0.0,0.0,1.0,74.0,0.0,74.0,0.0,0.0,0.0,1.0,74.0,0.0,74.0,0.0,0.0,0.0,1.0,74.0,0.0,74.0,0.0,0.0,0.0,1.0,74.0,0.0,74.0,0.0,0.0,0.0
108.68941542932266,60.00000000000004,3.1832314562052484e-12,128.2188383532449,60.0000000000007,2.864908310584724e-11,266.68917702597605,60.000022006469294,0.0010490879931239,2311.9425257485627,60.01421618459381,0.549499027033562,21616.42542491785,60.019808714877726,0.6900562946557329,108.68941542932266,60.00000000000004,3.1832314562052484e-12,128.2188383532449,60.0000000000007,2.864908310584724e-11,266.68917702597605,60.000022006469294,0.0010490879931239,2311.9425257485627,60.01421618459381,0.549499027033562,21616.42542491785,60.019808714877726,0.6900562946557329,1.0,60.0,0.0,60.0,0.0,0.0,0.0,1.0,60.0,0.0,60.0,0.0,0.0,0.0,1.0,60.0,0.0,60.0,0.0,0.0,0.0,1.0,60.0,0.0,60.0,0.0,0.0,0.0,1.0,60.0,0.0,60.0,0.0,0.0,0.0,1.0,1507653381.2979882,0.0,1.0,1507653381.2979882,0.0,1.0,1507653381.2979882,0.0,1.0,1507653381.2979882,0.0,1.0,1507653381.2979882,0.0,1.0,60.0,0.0,60.0,0.0,0.0,0.0,1.0,60.0,0.0,60.0,0.0,0.0,0.0,1.0,60.0,0.0,60.0,0.0,0.0,0.0,1.0,60.0,0.0,60.0,0.0,0.0,0.0,1.0,60.0,0.0,60.0,0.0,0.0,0.0
1.0,60.0,0.0,1.0,60.0,0.0,1.0,60.0,0.0,1.0,60.0,0.0,1.0,60.0,0.0,1.0,60.0,0.0,1.0,60.0,0.0,1.0,60.0,0.0,1.0,60.0,0.0,1.0,60.0,0.0,1.0,60.0,0.0,60.0,0.0,0.0,0.0,1.0,60.0,0.0,60.0,0.0,0.0,0.0,1.0,60.0,0.0,60.0,0.0,0.0,0.0,1.0,60.0,0.0,60.0,0.0,0.0,0.0,1.0,60.0,0.0,60.0,0.0,0.0,0.0,1.0,1505913535.229117,0.0,1.0,1505913535.229117,0.0,1.0,1505913535.229117,0.0,1.0,1505913535.229117,0.0,1.0,1505913535.229117,0.0,1.0,60.0,0.0,60.0,0.0,0.0,0.0,1.0,60.0,0.0,60.0,0.0,0.0,0.0,1.0,60.0,0.0,60.0,0.0,0.0,0.0,1.0,60.0,0.0,60.0,0.0,0.0,0.0,1.0,60.0,0.0,60.0,0.0,0.0,0.0
1.0,60.0,0.0,1.0,60.0,0.0,1.0,60.0,0.0,1.0,60.0,0.0,1.0,60.0,0.0,1.0,60.0,0.0,1.0,60.0,0.0,1.0,60.0,0.0,1.0,60.0,0.0,1.0,60.0,0.0,1.0,60.0,0.0,60.0,0.0,0.0,0.0,1.0,60.0,0.0,60.0,0.0,0.0,0.0,1.0,60.0,0.0,60.0,0.0,0.0,0.0,1.0,60.0,0.0,60.0,0.0,0.0,0.0,1.0,60.0,0.0,60.0,0.0,0.0,0.0,1.0,1505913536.031786,0.0,1.0,1505913536.031786,0.0,1.0,1505913536.031786,0.0,1.0,1505913536.031786,0.0,1.0,1505913536.031786,0.0,1.0,60.0,0.0,60.0,0.0,0.0,0.0,1.0,60.0,0.0,60.0,0.0,0.0,0.0,1.0,60.0,0.0,60.0,0.0,0.0,0.0,1.0,60.0,0.0,60.0,0.0,0.0,0.0,1.0,60.0,0.0,60.0,0.0,0.0,0.0
127.09956598053355,434.4158942968724,44774.18910149077,217.8369507778909,404.2906758119709,51543.484360134666,650.1367365151065,385.06165079065687,54914.09035254378,6445.926616521371,383.6603345690515,55129.23568031028,52337.27023021071,383.16427822327927,55204.78406812224,127.09956598053355,434.4158942968724,44774.18910149077,217.8369507778909,404.2906758119709,51543.484360134666,650.1367365151065,385.06165079065687,54914.09035254378,6445.926616521371,383.6603345690515,55129.23568031028,52337.27023021071,383.16427822327927,55204.78406812224,96.33218108225388,553.9999999999997,1.7059844799040144e-05,553.9999999999997,2.910383045673371e-10,0.0,0.0,151.82026880869475,553.9999999999994,2.412626388678268e-05,553.9999999999994,5.820766091346742e-10,0.0,0.0,427.7991383168349,553.9999993036638,0.0185469733690956,553.9999993036638,0.0003439902211539,0.0,0.0,4223.433190969221,553.9702245046589,3.8351281748941433,553.9702245046589,14.708208117866883,0.0,0.0,34240.01419940643,553.9592219830644,4.488059437738818,553.9592219830644,20.14267751667649,0.0,0.0,96.33218108225388,0.0031771389230306,0.0001115455051133,151.82026880869475,0.0032917099765248,0.0001203529979293,427.7991383168349,0.003410602105049,0.000101969401262,4223.433190969221,0.0188793611685883,23308210.433484998,34240.01419940643,8080.262984150118,12182185885861.83,1.0,554.0,0.0,554.0,0.0,0.0,0.0,1.0,554.0,0.0,554.0,0.0,0.0,0.0,1.0,554.0,0.0,554.0,0.0,0.0,0.0,1.0,554.0,0.0,554.0,0.0,0.0,0.0,1.0,554.0,0.0,554.0,0.0,0.0,0.0
167.221649032666,294.09128311544174,63650.09246038742,253.47706431456533,318.702197460351,63972.866147088615,679.2959830776807,364.1039216608452,61391.80402929889,6383.485192640998,388.50869577432326,58303.62553622668,35451.69731919069,390.8994808859072,57936.94055701565,167.221649032666,294.09128311544174,63650.09246038742,253.47706431456533,318.702197460351,63972.866147088615,679.2959830776807,364.1039216608452,61391.80402929889,6383.485192640998,388.50869577432326,58303.62553622668,35451.69731919069,390.8994808859072,57936.94055701565,77.36099702333338,566.0000000000001,1.0789593218788871e-05,566.0000000000001,1.1641532182693479e-10,0.0,0.0,129.59131492575438,565.9999999999999,1.3214498959113138e-05,565.9999999999999,1.7462298274040222e-10,0.0,0.0,408.23882803936,565.9999961551392,0.0441078181482302,565.9999961551392,0.0019454996217973,0.0,0.0,4144.519244425151,565.9644758889505,4.239568165051454,565.9644758889505,17.973938226117752,0.0,0.0,23185.091608147435,565.9573636184571,4.644587301231822,565.9573636184571,21.572191198763903,0.0,0.0,77.36099702333338,0.0044376342585412,0.0004929739928797,129.59131492575438,0.0040360332726182,0.0003415918759373,408.23882803936,0.0035983858299649,0.0001808042452337,4144.519244425151,99.7860742985816,150438001908.78238,23185.091608147435,28636.28386063728,43172894474787.82,1.0,566.0,0.0,566.0,0.0,0.0,0.0,1.0,566.0,0.0,566.0,0.0,0.0,0.0,1.0,566.0,0.0,566.0,0.0,0.0,0.0,1.0,566.0,0.0,566.0,0.0,0.0,0.0,1.0,566.0,0.0,566.0,0.0,0.0,0.0
1.0,60.0,0.0,1.0,60.0,0.0,1.0,60.0,0.0,1.0,60.0,0.0,1.0,60.0,0.0,1.0,60.0,0.0,1.0,60.0,0.0,1.0,60.0,0.0,1.0,60.0,0.0,1.0,60.0,0.0,1.0,60.0,0.0,60.0,0.0,0.0,0.0,1.0,60.0,0.0,60.0,0.0,0.0,0.0,1.0,60.0,0.0,60.0,0.0,0.0,0.0,1.0,60.0,0.0,60.0,0.0,0.0,0.0,1.0,60.0,0.0,60.0,0.0,0.0,0.0,1.0,1505913431.133614,0.0,1.0,1505913431.133614,0.0,1.0,1505913431.133614,0.0,1.0,1505913431.133614,0.0,1.0,1505913431.133614,0.0,1.0,60.0,0.0,60.0,0.0,0.0,0.0,1.0,60.0,0.0,60.0,0.0,0.0,0.0,1.0,60.0,0.0,60.0,0.0,0.0,0.0,1.0,60.0,0.0,60.0,0.0,0.0,0.0,1.0,60.0,0.0,60.0,0.0,0.0,0.0
146.51279206663656,353.53340621375605,62364.90242507547,238.1999745050969,354.0479389457875,62320.87720834034,665.4652160694429,372.8683622309102,60419.588208796886,6313.651327517057,388.3931055760009,58321.71173294741,38997.52947831551,390.75990872422966,57958.75795631448,146.51279206663656,353.53340621375605,62364.90242507547,238.1999745050969,354.0479389457875,62320.87720834034,665.4652160694429,372.8683622309102,60419.588208796886,6313.651327517057,388.3931055760009,58321.71173294741,38997.52947831551,390.75990872422966,57958.75795631448,84.99221061490354,566.0000000000002,1.52587890625e-05,566.0000000000002,2.3283064365386963e-10,0.0,0.0,138.4202850407342,565.9999999999992,2.288818359375e-05,565.9999999999992,5.238689482212067e-10,0.0,0.0,411.4544994777146,565.9999999999964,4.51361067436189e-05,565.9999999999964,2.0372681319713597e-09,0.0,0.0,4097.536804018701,565.9911714182481,2.1135714854229266,565.9911714182481,4.467184423992876,0.0,0.0,25492.83964181336,565.9663013436634,4.129211123875295,565.9663013436634,17.050384505535472,0.0,0.0,84.99221061490354,0.0035679420990797,9.89820592770405e-05,138.4202850407342,0.0035805650652209,9.699360842391552e-05,411.4544994777146,0.0035410960566573,9.038373979055646e-05,4097.536804018701,24.80185782045709,37387403225.52675,25492.83964181336,22633.354081748883,34122837685484.195,1.0,566.0,0.0,566.0,0.0,0.0,0.0,1.0,566.0,0.0,566.0,0.0,0.0,0.0,1.0,566.0,0.0,566.0,0.0,0.0,0.0,1.0,566.0,0.0,566.0,0.0,0.0,0.0,1.0,566.0,0.0,566.0,0.0,0.0,0.0
75.76350727498517,60.00000312990405,4.6948550334491295e-05,93.3132466224752,60.00021158645419,0.0031737520480419,227.88413716123367,60.00721439160088,0.1081869358790754,2273.164389385167,60.01542133636218,0.4696175591320753,22459.68299728122,60.01978371507294,0.675619380443095,75.76350727498517,60.00000312990405,4.6948550334491295e-05,93.3132466224752,60.00021158645419,0.0031737520480419,227.88413716123367,60.00721439160088,0.1081869358790754,2273.164389385167,60.01542133636218,0.4696175591320753,22459.68299728122,60.01978371507294,0.675619380443095,1.0,60.0,0.0,60.0,0.0,0.0,0.0,1.0,60.0,0.0,60.0,0.0,0.0,0.0,1.0,60.0,0.0,60.0,0.0,0.0,0.0,1.0,60.0,0.0,60.0,0.0,0.0,0.0,1.0,60.0,0.0,60.0,0.0,0.0,0.0,1.0,1507653561.607291,0.0,1.0,1507653561.607291,0.0,1.0,1507653561.607291,0.0,1.0,1507653561.607291,0.0,1.0,1507653561.607291,0.0,1.0,60.0,0.0,60.0,0.0,0.0,0.0,1.0,60.0,0.0,60.0,0.0,0.0,0.0,1.0,60.0,0.0,60.0,0.0,0.0,0.0,1.0,60.0,0.0,60.0,0.0,0.0,0.0,1.0,60.0,0.0,60.0,0.0,0.0,0.0
104.6993402922446,518.4937553681973,16279.391440256382,181.7726258805949,476.98144263339697,32115.30914434689,603.8052081442416,416.7240182170533,48969.45589448418,6391.022405310456,386.6062812529377,54668.424485418094,61463.732737278624,383.7065758596615,55121.7537977038,104.6993402922446,518.4937553681973,16279.391440256382,181.7726258805949,476.98144263339697,32115.30914434689,603.8052081442416,416.7240182170533,48969.45589448418,6391.022405310456,386.6062812529377,54668.424485418094,61463.732737278624,383.7065758596615,55121.7537977038,97.17782785273418,553.9809293526333,3.06928918637452,553.9809293526333,9.42053610959556,0.0,0.0,153.46785405390506,553.8872197811469,7.463290744427061,553.8872197811469,55.70070873585064,0.0,0.0,436.342547375731,553.6295406832685,13.522930982591715,553.6295406832685,182.86966235993896,0.0,0.0,4226.316111775179,553.8816866721712,7.644134084698533,553.8816866721712,58.43278590484988,0.0,0.0,40278.975174679945,553.9491702503478,5.010719774999865,553.9491702503478,25.107312663574707,0.0,0.0,97.17782785273418,0.0030854221739744,6.221379430904361e-05,153.46785405390506,0.0032007038430373,5.720105885426974e-05,436.342547375731,0.0033332954737236,6.852961301124071e-05,4226.316111775179,0.0034179656788863,11.141910375161869,40278.975174679945,1602.713980350995,2416333490357.619,1.0,554.0,0.0,554.0,0.0,0.0,0.0,1.0,554.0,0.0,554.0,0.0,0.0,0.0,1.0,554.0,0.0,554.0,0.0,0.0,0.0,1.0,554.0,0.0,554.0,0.0,0.0,0.0,1.0,554.0,0.0,554.0,0.0,0.0,0.0
89.71707041274442,404.6779433261287,51463.65655176772,159.4601683606229,366.00997905102656,57514.655779082976,496.5235861419338,340.3521028032317,59877.06208799457,4996.9241445004245,337.35415302486064,60080.766286124,20478.294501404464,337.1874568823789,60093.26643742763,89.71707041274442,404.6779433261287,51463.65655176772,159.4601683606229,366.00997905102656,57514.655779082976,496.5235861419338,340.3521028032317,59877.06208799457,4996.9241445004245,337.35415302486064,60080.766286124,20478.294501404464,337.1874568823789,60093.26643742763,62.596392076704646,553.9999999999999,1.0789593218788871e-05,553.9999999999999,1.1641532182693479e-10,0.0,0.0,98.76933767540888,553.9999999999999,1.52587890625e-05,553.9999999999999,2.3283064365386963e-10,0.0,0.0,281.7401919461144,553.9999999929925,0.0018604932065291,553.9999999929925,3.461434971541166e-06,0.0,0.0,2805.5267216833618,553.9687228985631,3.9306373341315033,553.9687228985631,15.449909852468409,0.0,0.0,11492.254410064075,553.9089948748377,6.704345597880835,553.9089948748377,44.94824989582412,0.0,0.0,62.596392076704646,0.0049045446055018,0.0001849326188618,98.76933767540888,0.0050974243791137,0.0002239852906827,281.7401919461144,0.0052025423073949,0.0002194064317716,2805.5267216833618,2968.4063068956675,4475328865873.055,11492.254410064075,78004.81104954919,117598586997846.92,62.596392076704646,553.9999999999999,1.0789593218788871e-05,553.9999999999999,1.1641532182693479e-10,0.0,0.0,98.76933767540888,553.9999999999999,1.52587890625e-05,553.9999999999999,2.3283064365386963e-10,0.0,0.0,281.7401919421173,554.0,1.52587890625e-05,554.0,2.3283064365386963e-10,0.0,0.0,2805.349092647212,553.9999999999999,2.642899791822628e-05,553.9999999999999,6.984919309616089e-10,0.0,0.0,11490.137296600573,553.9999999999966,6.0556441751051125e-05,553.9999999999966,3.667082637548447e-09,0.0,0.0
103.24252961963992,71.96422459960715,24.36067139517764,186.20764467665188,70.78842508492002,34.65744148477552,624.7255130258086,69.71531668911892,41.639242991136605,6655.798813321327,69.44050892942694,43.11590806901495,44733.69848035882,69.38993902002674,43.41712323772118,103.24252961963992,71.96422459960715,24.36067139517764,186.20764467665188,70.78842508492002,34.65744148477552,624.7255130258086,69.71531668911892,41.639242991136605,6655.798813321327,69.44050892942694,43.11590806901495,44733.69848035882,69.38993902002674,43.41712323772118,88.1988196982105,73.99999999999996,2.3360154559928683e-06,73.99999999999996,5.4569682106375694e-12,0.0,0.0,143.36417813813628,74.0,2.3360154559928683e-06,74.0,5.4569682106375694e-12,0.0,0.0,432.9852149782184,73.99999984912186,0.0014533714982556,73.99999984912186,2.112288711941801e-06,0.0,0.0,4485.397221318485,73.99885703391173,0.1264919714464827,73.99885703391173,0.0160002188404178,0.0,0.0,29985.50429424421,73.99804639521396,0.1653682269677939,73.99804639521396,0.0273466504904718,0.0,0.0,88.1988196982105,0.0035461075797107,0.0001660075587088,143.36417813813628,0.0035197304677014,0.0001599646688725,432.9852149782184,0.0033799069439858,0.0001310933680526,4485.397221318485,4.798338568921374,7229394571.099725,29985.50429424421,16474.834646344374,24838124448402.21,1.0,74.0,0.0,74.0,0.0,0.0,0.0,1.0,74.0,0.0,74.0,0.0,0.0,0.0,1.0,74.0,0.0,74.0,0.0,0.0,0.0,1.0,74.0,0.0,74.0,0.0,0.0,0.0,1.0,74.0,0.0,74.0,0.0,0.0,0.0
1.0,60.0,0.0,1.0,60.0,0.0,1.0,60.0,0.0,1.0,60.0,0.0,1.0,60.0,0.0,1.0,60.0,0.0,1.0,60.0,0.0,1.0,60.0,0.0,1.0,60.0,0.0,1.0,60.0,0.0,1.0,60.0,0.0,60.0,0.0,0.0,0.0,1.0,60.0,0.0,60.0,0.0,0.0,0.0,1.0,60.0,0.0,60.0,0.0,0.0,0.0,1.0,60.0,0.0,60.0,0.0,0.0,0.0,1.0,60.0,0.0,60.0,0.0,0.0,0.0,1.0,1505913544.531149,0.0,1.0,1505913544.531149,0.0,1.0,1505913544.531149,0.0,1.0,1505913544.531149,0.0,1.0,1505913544.531149,0.0,1.0,60.0,0.0,60.0,0.0,0.0,0.0,1.0,60.0,0.0,60.0,0.0,0.0,0.0,1.0,60.0,0.0,60.0,0.0,0.0,0.0,1.0,60.0,0.0,60.0,0.0,0.0,0.0,1.0,60.0,0.0,60.0,0.0,0.0,0.0
115.06140302470276,60.00000061911914,9.286782642448088e-06,134.35809345627268,60.00007141806911,0.0010712659350247,270.7853678790191,60.00492164327302,0.0738005600424003,2313.157727607936,60.01613674073214,0.3978229393196671,15242.642535866884,60.01990886034538,0.6500116219640404,115.06140302470276,60.00000061911914,9.286782642448088e-06,134.35809345627268,60.00007141806911,0.0010712659350247,270.7853678790191,60.00492164327302,0.0738005600424003,2313.157727607936,60.01613674073214,0.3978229393196671,15242.642535866884,60.01990886034538,0.6500116219640404,1.0,60.0,0.0,60.0,0.0,0.0,0.0,1.0,60.0,0.0,60.0,0.0,0.0,0.0,1.0,60.0,0.0,60.0,0.0,0.0,0.0,1.0,60.0,0.0,60.0,0.0,0.0,0.0,1.0,60.0,0.0,60.0,0.0,0.0,0.0,1.0,1507653116.618814,0.0,1.0,1507653116.618814,0.0,1.0,1507653116.618814,0.0,1.0,1507653116.618814,0.0,1.0,1507653116.618814,0.0,1.0,60.0,0.0,60.0,0.0,0.0,0.0,1.0,60.0,0.0,60.0,0.0,0.0,0.0,1.0,60.0,0.0,60.0,0.0,0.0,0.0,1.0,60.0,0.0,60.0,0.0,0.0,0.0,1.0,60.0,0.0,60.0,0.0,0.0,0.0
154.08442626629505,60.00000000000002,9.094947017729282e-13,174.14565846456117,60.0000000004916,2.3595475795445964e-08,311.3154824045042,60.00018934116891,0.0090060853171962,2354.6426849242234,60.01831260456824,0.6836323591264772,21395.17350291367,60.02038289439552,0.7066489607937001,154.08442626629505,60.00000000000002,9.094947017729282e-13,174.14565846456117,60.0000000004916,2.3595475795445964e-08,311.3154824045042,60.00018934116891,0.0090060853171962,2354.6426849242234,60.01831260456824,0.6836323591264772,21395.17350291367,60.02038289439552,0.7066489607937001,1.0,60.0,0.0,60.0,0.0,0.0,0.0,1.0,60.0,0.0,60.0,0.0,0.0,0.0,1.0,60.0,0.0,60.0,0.0,0.0,0.0,1.0,60.0,0.0,60.0,0.0,0.0,0.0,1.0,60.0,0.0,60.0,0.0,0.0,0.0,1.0,1507653352.953083,0.0,1.0,1507653352.953083,0.0,1.0,1507653352.953083,0.0,1.0,1507653352.953083,0.0,1.0,1507653352.953083,0.0,1.0,60.0,0.0,60.0,0.0,0.0,0.0,1.0,60.0,0.0,60.0,0.0,0.0,0.0,1.0,60.0,0.0,60.0,0.0,0.0,0.0,1.0,60.0,0.0,60.0,0.0,0.0,0.0,1.0,60.0,0.0,60.0,0.0,0.0,0.0
116.81950991276798,452.8528560232773,39735.805125783816,207.27424349467108,419.2596071429483,48405.39224387272,647.6387537345946,392.4843487031704,53693.48169701593,6427.967674000594,383.6348350166632,55131.118554813205,61390.78328094528,383.3984723696712,55168.790971380186,116.81950991276798,452.8528560232773,39735.805125783816,207.27424349467108,419.2596071429483,48405.39224387272,647.6387537345946,392.4843487031704,53693.48169701593,6427.967674000594,383.6348350166632,55131.118554813205,61390.78328094528,383.3984723696712,55168.790971380186,92.90048913244814,553.9999999999997,1.52587890625e-05,553.9999999999997,2.3283064365386963e-10,0.0,0.0,150.7380932429688,553.9999999999999,1.0789593218788871e-05,553.9999999999999,1.1641532182693479e-10,0.0,0.0,435.8668453051448,553.9999999860457,0.0026255428151757,553.9999999860457,6.893475074321032e-06,0.0,0.0,4211.1931013845615,553.9797029278856,3.1664399021355867,553.9797029278856,10.026341653836424,0.0,0.0,40191.983247829055,553.9596980962529,4.461783971385566,553.9596980962529,19.90751620731316,0.0,0.0,92.90048913244814,0.003211991974176,5.931202085393381e-05,150.7380932429688,0.0032759880307989,7.924522852655802e-05,435.8668453051448,0.0033473275555226,0.0001002968742469,4211.1931013845615,0.0034305579645846,16.409656247458447,40191.983247829055,1668.9886474311509,2516252665896.7764,1.0,554.0,0.0,554.0,0.0,0.0,0.0,1.0,554.0,0.0,554.0,0.0,0.0,0.0,1.0,554.0,0.0,554.0,0.0,0.0,0.0,1.0,554.0,0.0,554.0,0.0,0.0,0.0,1.0,554.0,0.0,554.0,0.0,0.0,0.0
178.66043353179572,74.01017621724237,0.2441339183105811,289.62302253038035,74.01968748529828,0.4802714245815878,811.2100014303276,74.04670563414057,5.798494019885767,7639.056589568147,74.17694763313816,80.17173909893336,29576.41248579993,74.35309086438579,229.3313969707669,178.66043353179572,74.01017621724237,0.2441339183105811,289.62302253038035,74.01968748529828,0.4802714245815878,811.2100014303276,74.04670563414057,5.798494019885767,7639.056589568147,74.17694763313816,80.17173909893336,29576.41248579993,74.35309086438579,229.3313969707669,178.58468002677745,74.00000000000001,9.5367431640625e-07,95.26804291051648,8.687935939880299e-12,2.003030776449537e-27,7.145385201054737e-16,289.385656353854,73.99999999998641,1.4431711149617724e-05,95.26804291050595,2.0841771110476735e-10,-3.4556415801004915e-24,-8.611946308928365e-14,809.9710296345477,73.99998850980701,0.0126831606617278,95.26803398544332,0.0001608625643712,-1.9269800984020174e-18,-7.124668246179591e-11,7620.372911559665,73.99835332929405,0.1518244988318514,95.26676385522411,0.0230506784455428,2.792302878045426e-16,7.873085282950053e-10,29490.800037643563,73.99816616334212,0.1602196937079134,95.26661847435057,0.0256703502518576,-5.648135763386197e-16,-3.556945947985917e-10,178.58468002677768,0.0016529593909037,1.949730557729944e-05,289.3856563538538,0.0016839954661284,1.896764270820321e-05,809.9710296345505,0.0017914910027875,2.900055639373517e-05,7620.372911559797,1511.62018085095,2276365362135.8496,29490.80003764248,31367.185020163302,47235306428420.3,1.0,74.0,0.0,95.26804291051644,0.0,0.0,0.0,1.0,74.0,0.0,95.26804291051644,0.0,0.0,0.0,1.0,74.0,0.0,95.26804291051644,0.0,0.0,0.0,1.021902157573512,74.0,0.0,95.26804291051644,0.0,0.0,0.0,1.6824151972426558,74.0,0.0,95.26804291051644,0.0,0.0,0.0
170.02835447478463,269.6469436105589,59613.74917836728,254.48982648982587,300.2256307864967,60963.10792171597,680.8311212956953,352.8916386700434,58902.93206402918,6766.223514219731,387.0585207183319,54596.947004117865,58108.647249657166,384.00442497261565,55076.06275155497,170.02835447478463,269.6469436105589,59613.74917836728,254.48982648982587,300.2256307864967,60963.10792171597,680.8311212956953,352.8916386700434,58902.93206402918,6766.223514219731,387.0585207183319,54596.947004117865,58108.647249657166,384.00442497261565,55076.06275155497,72.15774259670306,553.9999999999999,1.52587890625e-05,553.9999999999999,2.3283064365386963e-10,0.0,0.0,123.7550184154656,553.9999999999999,7.62939453125e-06,553.9999999999999,5.820766091346741e-11,0.0,0.0,403.6633683717338,553.9999999932782,0.0018221958756258,553.9999999932782,3.320397809147835e-06,0.0,0.0,4479.735162944447,553.9825842742949,2.933098223894217,553.9825842742949,8.60306519101141,0.0,0.0,38114.41747199232,553.9612898005681,4.37279544923773,553.9612898005681,19.1213400408742,0.0,0.0,72.15774259670306,0.0044671041386037,0.0002959919766542,123.7550184154656,0.0040926010942264,0.0002009569112781,403.6633683717338,0.0036146748763088,0.0001074847193576,4479.735162944447,0.0032580963066819,51463.56985484199,38114.41747199232,3961.212152319709,5972124144716.946,1.0,554.0,0.0,554.0,0.0,0.0,0.0,1.0,554.0,0.0,554.0,0.0,0.0,0.0,1.0,554.0,0.0,554.0,0.0,0.0,0.0,1.0,554.0,0.0,554.0,0.0,0.0,0.0,1.0,554.0,0.0,554.0,0.0,0.0,0.0
168.2422658760212,74.03125974723028,0.7492567617337045,266.10986751683845,74.04046127287157,0.9694334343821538,757.2037138965085,74.04590615130078,1.1822936667995236,7513.6205545724515,74.40797235270217,287.1575360865754,21264.241455120267,74.50401038670708,357.8754745620827,168.2422658760212,74.03125974723028,0.7492567617337045,266.10986751683845,74.04046127287157,0.9694334343821538,757.2037138965085,74.04590615130078,1.1822936667995236,7513.6205545724515,74.40797235270217,287.1575360865754,21264.241455120267,74.50401038670708,357.8754745620827,168.02313209665692,74.0,1.3486991523486091e-06,95.26804291051646,9.275062463698822e-12,-6.0663083425713215e-28,-1.4914520997231958e-16,265.6612365183334,74.0,2.86102294921875e-06,95.26804291051636,1.1259015448686064e-11,4.638608116302303e-28,5.831184630510855e-17,755.7573656703448,73.99999946964844,0.0027248691579515,95.2680424985628,7.424911927960718e-06,9.926976185248649e-20,1.2393941369958076e-11,7491.090001646354,73.99914615887377,0.1093299900551823,95.26737968603076,0.0119530467254662,1.1552957305601772e-16,4.724680315624126e-10,21194.304935440658,73.99842061463059,0.1486906209398688,95.26681611904353,0.0221089007554837,-2.782700235258132e-16,-1.6920828384165066e-10,168.02313209665687,0.001757108580935,2.056537321358515e-05,265.6612365183336,0.0018350232907381,2.091622516169797e-05,755.7573656703466,0.0019177317626325,15.600332547195556,7491.0900016464675,7496.298429852524,11288724173318.16,21194.304935440206,51137.58949517041,77006210499738.02,1.0,74.0,0.0,74.0,0.0,0.0,0.0,1.0,74.0,0.0,74.0,0.0,0.0,0.0,1.0,74.0,0.0,74.0,0.0,0.0,0.0,1.0,74.0,0.0,74.0,0.0,0.0,0.0,1.0,74.0,0.0,74.0,0.0,0.0,0.0
98.09358272847466,513.0968666151773,23970.18307340023,174.4234888278508,481.5548881347305,35597.33559981629,587.3280685598207,426.09870557860427,51210.35219008767,6291.651510619498,395.6931520850172,57165.71541979113,40797.99182775044,391.9461491222773,57772.5875422182,98.09358272847466,513.0968666151773,23970.18307340023,174.4234888278508,481.5548881347305,35597.33559981629,587.3280685598207,426.09870557860427,51210.35219008767,6291.651510619498,395.6931520850172,57165.71541979113,40797.99182775044,391.9461491222773,57772.5875422182,1.0,60.0,0.0,60.0,0.0,0.0,0.0,1.0,60.0,0.0,60.0,0.0,0.0,0.0,1.0,60.0,0.0,60.0,0.0,0.0,0.0,1.0,60.0,0.0,60.0,0.0,0.0,0.0,1.0,60.0,0.0,60.0,0.0,0.0,0.0,1.0,1507658055.902291,0.0,1.0,1507658055.902291,0.0,1.0,1507658055.902291,0.0,1.0,1507658055.902291,0.0,1.0,1507658055.902291,0.0,1.0,60.0,0.0,60.0,0.0,0.0,0.0,1.0,60.0,0.0,60.0,0.0,0.0,0.0,1.0,60.0,0.0,60.0,0.0,0.0,0.0,1.0,60.0,0.0,60.0,0.0,0.0,0.0,1.0,60.0,0.0,60.0,0.0,0.0,0.0
122.45744629145298,60.00070244149629,0.0102105430182746,142.13039405138505,60.00517878616605,0.0726354652483678,280.22273509248,60.02451337952447,0.3215460535052443,2323.3710524900844,60.01996841754506,0.4649010962370994,21222.266943761504,60.02019900016048,0.6694310227308051,122.45744629145298,60.00070244149629,0.0102105430182746,142.13039405138505,60.00517878616605,0.0726354652483678,280.22273509248,60.02451337952447,0.3215460535052443,2323.3710524900844,60.01996841754506,0.4649010962370994,21222.266943761504,60.02019900016048,0.6694310227308051,1.0,60.0,0.0,60.0,0.0,0.0,0.0,1.0,60.0,0.0,60.0,0.0,0.0,0.0,1.0,60.0,0.0,60.0,0.0,0.0,0.0,1.0,60.0,0.0,60.0,0.0,0.0,0.0,1.0,60.0,0.0,60.0,0.0,0.0,0.0,1.0,1507653339.762204,0.0,1.0,1507653339.762204,0.0,1.0,1507653339.762204,0.0,1.0,1507653339.762204,0.0,1.0,1507653339.762204,0.0,1.0,60.0,0.0,60.0,0.0,0.0,0.0,1.0,60.0,0.0,60.0,0.0,0.0,0.0,1.0,60.0,0.0,60.0,0.0,0.0,0.0,1.0,60.0,0.0,60.0,0.0,0.0,0.0,1.0,60.0,0.0,60.0,0.0,0.0,0.0
189.21276606404845,66.19300522769996,48.3491624533599,281.0160488368153,67.15311227480082,48.97880093738058,723.3210460180122,68.54718319109139,46.61366069355609,6751.402592884778,69.32785765325197,43.64962737582846,44906.01128571692,69.37341236857883,43.49490522623818,189.21276606404845,66.19300522769996,48.3491624533599,281.0160488368153,67.15311227480082,48.97880093738058,723.3210460180122,68.54718319109139,46.61366069355609,6751.402592884778,69.32785765325197,43.64962737582846,44906.01128571692,69.37341236857883,43.49490522623818,83.69424240231054,73.99999999999999,2.523185072960464e-06,73.99999999999999,6.366462912410497e-12,0.0,0.0,143.536333023225,74.00000000000001,9.5367431640625e-07,74.00000000000001,9.094947017729282e-13,0.0,0.0,441.21278909300486,73.99999989539782,0.0012101364262004,73.99999989539782,1.4644301700172948e-06,0.0,0.0,4495.6337459285305,73.99889858173994,0.1241718265356932,73.99889858173994,0.0154186425052103,0.0,0.0,30048.127629655613,73.99805722929341,0.1649091131592069,73.99805722929341,0.0271950156029561,0.0,0.0,83.69424240231054,0.0040792211859391,0.0004278529566957,143.536333023225,0.003642917177539,0.000302584482242,441.21278909300486,0.0033326879495856,0.0001767719204292,4495.6337459285305,4.624024626542509,6966599684.624256,30048.127629655613,16383.470396134562,24700381495663.95,1.0,74.0,0.0,74.0,0.0,0.0,0.0,1.0,74.0,0.0,74.0,0.0,0.0,0.0,1.0,74.0,0.0,74.0,0.0,0.0,0.0,1.0,74.0,0.0,74.0,0.0,0.0,0.0,1.0,74.0,0.0,74.0,0.0,0.0,0.0
161.4323410637027,66.38158396245511,48.61756160450568,251.58026017284905,67.1380443157553,48.9809437668855,693.8314000625812,68.51323348801563,46.71040748397172,6653.296356210589,69.28950590211285,43.87999784690329,39079.81199320679,69.36037018830868,43.56849085271914,161.4323410637027,66.38158396245511,48.61756160450568,251.58026017284905,67.1380443157553,48.9809437668855,693.8314000625812,68.51323348801563,46.71040748397172,6653.296356210589,69.28950590211285,43.87999784690329,39079.81199320679,69.36037018830868,43.56849085271914,73.58528848240759,74.00000000000004,2.3360154559928683e-06,74.00000000000004,5.4569682106375694e-12,0.0,0.0,128.2707890059242,73.99999999999999,1.3486991523486091e-06,73.99999999999999,1.8189894035458565e-12,0.0,0.0,421.9102672651576,73.99999794896455,0.0053585913485501,73.99999794896455,2.871450124075637e-05,0.0,0.0,4413.092189588908,73.99769669976689,0.1795575064001683,73.99769669976689,0.0322408981046464,0.0,0.0,26114.1638343729,73.99777463366105,0.1764941258691807,73.99777463366105,0.0311501764663262,0.0,0.0,73.58528848240759,0.0043193081058443,0.0002407052527465,128.2707890059242,0.0039348775468264,0.000176229429726,421.9102672651576,0.0034609303388945,0.0001103628210652,4413.092189588908,48.3637562331075,72911023110.34885,26114.1638343729,23796.85737862789,35876928815704.25,1.0,74.0,0.0,74.0,0.0,0.0,0.0,1.0,74.0,0.0,74.0,0.0,0.0,0.0,1.0,74.0,0.0,74.0,0.0,0.0,0.0,1.0,74.0,0.0,74.0,0.0,0.0,0.0,1.0,74.0,0.0,74.0,0.0,0.0,0.0
138.11772232073258,66.33903731669761,48.51169397894592,223.6814729789396,67.83733813346923,48.230729119463824,664.3136283217502,69.04596272544615,44.76700324420744,6621.29404506223,69.34830946722373,43.5411221435461,40937.225730196216,69.37114455402994,43.50142927043089,138.11772232073258,66.33903731669761,48.51169397894592,223.6814729789396,67.83733813346923,48.230729119463824,664.3136283217502,69.04596272544615,44.76700324420744,6621.29404506223,69.34830946722373,43.5411221435461,40937.225730196216,69.37114455402994,43.50142927043089,1.0,60.0,0.0,60.0,0.0,0.0,0.0,1.0,60.0,0.0,60.0,0.0,0.0,0.0,1.0,60.0,0.0,60.0,0.0,0.0,0.0,1.0,60.0,0.0,60.0,0.0,0.0,0.0,1.0,60.0,0.0,60.0,0.0,0.0,0.0,1.0,1507657196.988937,0.0,1.0,1507657196.988937,0.0,1.0,1507657196.988937,0.0,1.0,1507657196.988937,0.0,1.0,1507657196.988937,0.0,1.0,60.0,0.0,60.0,0.0,0.0,0.0,1.0,60.0,0.0,60.0,0.0,0.0,0.0,1.0,60.0,0.0,60.0,0.0,0.0,0.0,1.0,60.0,0.0,60.0,0.0,0.0,0.0,1.0,60.0,0.0,60.0,0.0,0.0,0.0
1.0,60.0,0.0,1.0,60.0,0.0,1.0,60.0,0.0,1.0,60.0,0.0,1.0,60.0,0.0,1.0,60.0,0.0,1.0,60.0,0.0,1.0,60.0,0.0,1.0,60.0,0.0,1.0,60.0,0.0,1.0,60.0,0.0,60.0,0.0,0.0,0.0,1.0,60.0,0.0,60.0,0.0,0.0,0.0,1.0,60.0,0.0,60.0,0.0,0.0,0.0,1.0,60.0,0.0,60.0,0.0,0.0,0.0,1.0,60.0,0.0,60.0,0.0,0.0,0.0,1.0,1505913571.0338929,0.0,1.0,1505913571.0338929,0.0,1.0,1505913571.0338929,0.0,1.0,1505913571.0338929,0.0,1.0,1505913571.0338929,0.0,1.0,60.0,0.0,60.0,0.0,0.0,0.0,1.0,60.0,0.0,60.0,0.0,0.0,0.0,1.0,60.0,0.0,60.0,0.0,0.0,0.0,1.0,60.0,0.0,60.0,0.0,0.0,0.0,1.0,60.0,0.0,60.0,0.0,0.0,0.0
134.30840123644805,385.3575513343601,58773.38476407324,225.25283115925893,373.65012816198686,60330.56093046687,650.6904281850985,379.3350331863,59607.91660552536,6337.680486475201,389.0954823603232,58214.14400498106,37209.078921141336,390.96420529134286,57926.68984243723,134.30840123644805,385.3575513343601,58773.38476407324,225.25283115925893,373.65012816198686,60330.56093046687,650.6904281850985,379.3350331863,59607.91660552536,6337.680486475201,389.0954823603232,58214.14400498106,37209.078921141336,390.96420529134286,57926.68984243723,86.36018290451055,566.0,7.62939453125e-06,566.0,5.820766091346741e-11,0.0,0.0,139.62564991816592,565.9999999999994,3.0517578125e-05,565.9999999999994,9.313225746154783e-10,0.0,0.0,410.64661902382034,565.9999999952424,0.0015515082394484,565.9999999952424,2.4071778170764446e-06,0.0,0.0,4121.97355118545,565.9817023007054,3.042745641377276,565.9817023007054,9.258301038120408,0.0,0.0,24338.91172554961,565.9620126995829,4.384076980949642,565.9620126995829,19.220130974892527,0.0,0.0,86.36018290451055,0.0034797304875046,7.496646347050754e-05,139.62564991816592,0.0035294726336569,7.390013507916093e-05,410.64661902382034,0.0035417060027457,7.141244867358997e-05,4121.97355118545,51.39935192969976,77487355155.76382,24338.91172554961,25513.777079343286,38465391517485.35,1.0,566.0,0.0,566.0,0.0,0.0,0.0,1.0,566.0,0.0,566.0,0.0,0.0,0.0,1.0,566.0,0.0,566.0,0.0,0.0,0.0,1.0,566.0,0.0,566.0,0.0,0.0,0.0,1.0,566.0,0.0,566.0,0.0,0.0,0.0
138.20132884283566,360.5502414867228,58141.36974009151,234.139434201646,356.1712085391996,58591.14566541018,676.1879420239401,367.93668481965744,57295.047800879904,6355.0622466654495,381.1266941757039,55511.812890665286,22079.478941436348,381.9923086513511,55382.38093940023,138.20132884283566,360.5502414867228,58141.36974009151,234.139434201646,356.1712085391996,58591.14566541018,676.1879420239401,367.93668481965744,57295.047800879904,6355.0622466654495,381.1266941757039,55511.812890665286,22079.478941436348,381.9923086513511,55382.38093940023,84.08186684287044,553.999999999999,2.1579186437577742e-05,553.999999999999,4.656612873077394e-10,0.0,0.0,140.37517581529727,553.9999999290815,0.0059189352184285,553.9999999290815,3.503379411995411e-05,0.0,0.0,421.5050309420965,553.9968106740171,1.2551959464166151,553.9968106740171,1.5755168639007024,0.0,0.0,4131.638784823706,553.9315354646193,5.815220811357302,553.9315354646193,33.816793084843084,0.0,0.0,14392.887869726772,553.9445968723488,5.231259461282124,553.9445968723488,27.366075551253747,0.0,0.0,84.08186684287044,0.0036086999576279,0.0001003473391763,140.37517581529727,0.00353904523273,0.0001036267977317,421.5050309420965,0.0034668611428772,0.0032523243066434,4131.638784823706,5477.772982618393,8258561695293.662,14392.887869726772,68833.00106690178,103771738731419.7,1.0,554.0,0.0,554.0,0.0,0.0,0.0,1.0,554.0,0.0,554.0,0.0,0.0,0.0,1.0,554.0,0.0,554.0,0.0,0.0,0.0,1.0,554.0,0.0,554.0,0.0,0.0,0.0,1.0,554.0,0.0,554.0,0.0,0.0,0.0
173.65136540017997,74.06179377526664,1.479232135764505,285.2641051070738,74.0579012899468,1.3862787630741875,824.0913865756734,74.04845509380894,1.1876374660050717,7224.466762674261,74.09833404348215,24.28809792451375,35634.67878131176,74.27280332324825,164.60413231864274,173.65136540017997,74.06179377526664,1.479232135764505,285.2641051070738,74.0579012899468,1.3862787630741875,824.0913865756734,74.04845509380894,1.1876374660050717,7224.466762674261,74.09833404348215,24.28809792451375,35634.67878131176,74.27280332324825,164.60413231864274,173.20425817316442,73.99999999999937,4.370284743266906e-06,95.268042910516,2.1353765772571743e-11,-5.760054813598611e-26,-4.265030545990322e-15,284.5758900080514,73.99999999045137,0.0003656280866256,95.26804290309948,1.336838977921467e-07,-1.1000684351275125e-22,-1.4872151814471176e-13,822.4272961152719,73.99990144006652,0.0371460544868644,95.2679663535417,0.001379829363941,1.2541516585512257e-17,1.1486176249531531e-10,7205.317237845695,73.998516097578,0.1441264441440402,95.26689028536364,0.0207724319016051,2.0173878620034194e-16,6.918937187250356e-10,35527.91452779964,73.99833948385756,0.1524613679916961,95.26675310079666,0.0232444687298993,2.41695048001306e-16,1.5206312132452855e-10,173.20425817316433,0.0016930644891992,1.3469036348514707e-05,284.5758900080513,0.0017105846104893,1.7684435528272134e-05,822.4272961152752,0.0017635623590687,2.443391490017828e-05,7205.317237845792,296.6430349863257,446715881734.6671,35527.914527798166,22000.82632648925,33130872488180.5,1.0,74.0,0.0,95.26804291051644,0.0,0.0,0.0,1.0,74.0,0.0,95.26804291051644,0.0,0.0,0.0,1.0,74.0,0.0,95.26804291051644,0.0,0.0,0.0,1.0206779176688223,74.0,0.0,95.26804291051644,0.0,0.0,0.0,1.6785012938778925,74.0,9.5367431640625e-07,95.26804291051644,9.094947017729282e-13,0.0,0.0
169.038562631457,261.0431378180482,58896.80230876665,256.49449693112234,298.2219990490321,60930.9467018022,683.7324139545389,351.7771932771064,59000.54253066112,6476.784084196684,380.0525856462871,55669.50363544159,49428.92038467702,382.5394236173847,55299.57801657874,169.038562631457,261.0431378180482,58896.80230876665,256.49449693112234,298.2219990490321,60930.9467018022,683.7324139545389,351.7771932771064,59000.54253066112,6476.784084196684,380.0525856462871,55669.50363544159,49428.92038467702,382.5394236173847,55299.57801657874,68.79349187939188,553.9999999999999,0.0,553.9999999999999,0.0,0.0,0.0,123.688454101677,554.0000000000001,0.0,554.0000000000001,0.0,0.0,0.0,403.83114410465583,553.9999999977739,0.0010487850915615,553.9999999977739,1.0999501682817936e-06,0.0,0.0,4196.238926328489,553.9833487290698,2.8680046330466573,553.9833487290698,8.225450575177092,0.0,0.0,32274.565719582577,553.9626429243585,4.295695498361856,553.9626429243585,18.45299981464632,0.0,0.0,68.79349187939188,0.0049521353326785,0.0005125102539787,123.688454101677,0.0041911371422702,0.0003116752320018,403.83114410465583,0.0036289030234738,0.0001558409716835,4196.238926328489,0.1430457779862833,210474691.80164295,32274.565719582577,10675.482997709658,16094836028305.096,1.0,554.0,0.0,554.0,0.0,0.0,0.0,1.0,554.0,0.0,554.0,0.0,0.0,0.0,1.0,554.0,0.0,554.0,0.0,0.0,0.0,1.0,554.0,0.0,554.0,0.0,0.0,0.0,1.0,554.0,0.0,554.0,0.0,0.0,0.0
1.0,60.0,0.0,1.0,60.0,0.0,1.0,60.0,0.0,1.0,60.0,0.0,1.0,60.0,0.0,1.0,60.0,0.0,1.0,60.0,0.0,1.0,60.0,0.0,1.0,60.0,0.0,1.0,60.0,0.0,1.0,60.0,0.0,60.0,0.0,0.0,0.0,1.0,60.0,0.0,60.0,0.0,0.0,0.0,1.0,60.0,0.0,60.0,0.0,0.0,0.0,1.0,60.0,0.0,60.0,0.0,0.0,0.0,1.0,60.0,0.0,60.0,0.0,0.0,0.0,1.0,1505913541.688068,0.0,1.0,1505913541.688068,0.0,1.0,1505913541.688068,0.0,1.0,1505913541.688068,0.0,1.0,1505913541.688068,0.0,1.0,60.0,0.0,60.0,0.0,0.0,0.0,1.0,60.0,0.0,60.0,0.0,0.0,0.0,1.0,60.0,0.0,60.0,0.0,0.0,0.0,1.0,60.0,0.0,60.0,0.0,0.0,0.0,1.0,60.0,0.0,60.0,0.0,0.0,0.0
105.0212070415997,509.26825081140254,20096.52152546617,187.40457298198905,468.5756682424517,34901.90973347856,616.5988383940115,415.0018089754905,49341.991153737785,6372.183166180046,385.9642877944181,54770.67279400517,61239.79008351872,383.66072329769287,55128.87888839487,105.0212070415997,509.26825081140254,20096.52152546617,187.40457298198905,468.5756682424517,34901.90973347856,616.5988383940115,415.0018089754905,49341.991153737785,6372.183166180046,385.9642877944181,54770.67279400517,61239.79008351872,383.66072329769287,55128.87888839487,95.5115115569447,554.0000000000001,1.0789593218788871e-05,554.0000000000001,1.1641532182693479e-10,0.0,0.0,154.9975599325752,554.0,7.62939453125e-06,554.0,5.820766091346741e-11,0.0,0.0,443.0978401458094,553.9999995967872,0.0141133632809303,553.9999995967872,0.0001991870230995,0.0,0.0,4204.825235443477,553.9714972006063,3.7522753751767657,553.9714972006063,14.079570491157938,0.0,0.0,40125.825038318064,553.9582438244731,4.54156439246257,553.9582438244731,20.625807130883917,0.0,0.0,95.5115115569447,0.0030777444185529,2.6784258900276512e-05,154.9975599325752,0.0031608362796973,5.036336881146965e-05,443.0978401458094,0.0032909193363602,9.29255057136057e-05,4204.825235443477,0.0034359623162206,23.04372984129604,40125.825038318064,1729.2130508640255,2607050139671.6143,1.0,554.0,0.0,554.0,0.0,0.0,0.0,1.0,554.0,0.0,554.0,0.0,0.0,0.0,1.0,554.0,0.0,554.0,0.0,0.0,0.0,1.0,554.0,0.0,554.0,0.0,0.0,0.0,1.0,554.0,0.0,554.0,0.0,0.0,0.0
74.0037384621531,535.4487677296435,14525.545735304591,140.39348101484407,493.5876908425656,31397.08565748387,539.3717956628003,427.94966116722696,50795.40218484469,6244.045113061636,395.5980350013375,57183.18894827916,50576.28901596112,391.967042528708,57769.636249150986,74.0037384621531,535.4487677296435,14525.545735304591,140.39348101484407,493.5876908425656,31397.08565748387,539.3717956628003,427.94966116722696,50795.40218484469,6244.045113061636,395.5980350013375,57183.18894827916,50576.28901596112,391.967042528708,57769.636249150986,69.5355459667574,566.0,7.62939453125e-06,566.0,5.820766091346741e-11,0.0,0.0,120.30214460462516,565.9999999999994,2.0185480583683703e-05,565.9999999999994,4.07453626394272e-10,0.0,0.0,392.2163599634201,565.9999999999347,0.0001818294569063,565.9999999999347,3.3061951398849494e-08,0.0,0.0,4141.291226476949,565.9881861804732,2.444923948369402,565.9881861804732,5.977653113310225,0.0,0.0,33182.62598603688,565.9659096969576,4.153135103411159,565.9659096969576,17.248531187186018,0.0,0.0,69.5355459667574,0.0044528270114322,0.000170168237941,120.30214460462516,0.0041560225213017,0.0001441667308301,392.2163599634201,0.0037228741173929,0.0001180155275077,4141.291226476949,0.0400435943667467,55114636.95395072,33182.62598603688,9069.261713039385,13673256625113.152,1.0,566.0,0.0,566.0,0.0,0.0,0.0,1.0,566.0,0.0,566.0,0.0,0.0,0.0,1.0,566.0,0.0,566.0,0.0,0.0,0.0,1.0,566.0,0.0,566.0,0.0,0.0,0.0,1.0,566.0,0.0,566.0,0.0,0.0,0.0
1.0,60.0,0.0,1.0,60.0,0.0,1.0,60.0,0.0,1.0,60.0,0.0,1.0,60.0,0.0,1.0,60.0,0.0,1.0,60.0,0.0,1.0,60.0,0.0,1.0,60.0,0.0,1.0,60.0,0.0,1.0,60.0,0.0,60.0,0.0,0.0,0.0,1.0,60.0,0.0,60.0,0.0,0.0,0.0,1.0,60.0,0.0,60.0,0.0,0.0,0.0,1.0,60.0,0.0,60.0,0.0,0.0,0.0,1.0,60.0,0.0,60.0,0.0,0.0,0.0,1.0,1505913558.1837132,0.0,1.0,1505913558.1837132,0.0,1.0,1505913558.1837132,0.0,1.0,1505913558.1837132,0.0,1.0,1505913558.1837132,0.0,1.0,60.0,0.0,60.0,0.0,0.0,0.0,1.0,60.0,0.0,60.0,0.0,0.0,0.0,1.0,60.0,0.0,60.0,0.0,0.0,0.0,1.0,60.0,0.0,60.0,0.0,0.0,0.0,1.0,60.0,0.0,60.0,0.0,0.0,0.0
35.214710033958866,60.00000023889916,3.583487341529689e-06,53.92870760052197,60.00004938325807,0.0007407464349853,190.6364851894388,60.00442280015255,0.0663366083535947,2235.876430319373,60.01466574093307,0.4466189043200757,22424.64152391469,60.01968275365302,0.6721735070336763,35.214710033958866,60.00000023889916,3.583487341529689e-06,53.92870760052197,60.00004938325807,0.0007407464349853,190.6364851894388,60.00442280015255,0.0663366083535947,2235.876430319373,60.01466574093307,0.4466189043200757,22424.64152391469,60.01968275365302,0.6721735070336763,1.0,60.0,0.0,60.0,0.0,0.0,0.0,1.0,60.0,0.0,60.0,0.0,0.0,0.0,1.0,60.0,0.0,60.0,0.0,0.0,0.0,1.0,60.0,0.0,60.0,0.0,0.0,0.0,1.0,60.0,0.0,60.0,0.0,0.0,0.0,1.0,1507653562.570685,0.0,1.0,1507653562.570685,0.0,1.0,1507653562.570685,0.0,1.0,1507653562.570685,0.0,1.0,1507653562.570685,0.0,1.0,60.0,0.0,60.0,0.0,0.0,0.0,1.0,60.0,0.0,60.0,0.0,0.0,0.0,1.0,60.0,0.0,60.0,0.0,0.0,0.0,1.0,60.0,0.0,60.0,0.0,0.0,0.0,1.0,60.0,0.0,60.0,0.0,0.0,0.0
178.37317391079876,74.06152628949329,1.507982785884451,291.8143602903689,74.05015718023004,1.448416493998593,846.0096933989219,74.01699436276874,1.464219508651695,5717.222933966019,74.05742265545469,14.117840898220493,8968.098147528559,74.07100207331519,17.820957105459453,178.37317391079876,74.06152628949329,1.507982785884451,291.8143602903689,74.05015718023004,1.448416493998593,846.0096933989219,74.01699436276874,1.464219508651695,5717.222933966019,74.05742265545469,14.117840898220493,8968.098147528559,74.07100207331519,17.820957105459453,177.8832537441563,73.99999999999993,1.9073486328125e-06,95.26804291051636,3.749942721349417e-12,-1.1984423138560284e-27,-6.588506296517387e-16,290.8288525621957,73.99999999998708,1.3076123429109655e-05,95.26804291050637,1.7110348745741362e-10,-2.793838980866085e-25,-8.467851913665241e-15,841.0916876339757,73.99998291801226,0.0154643959708425,95.26802964198475,0.000239147542743,3.316801436577457e-18,1.8362879959556728e-10,5694.990020992486,73.9976949128762,0.1796271314099848,95.26625243190333,0.0322659063385799,-6.52034172470785e-17,-1.90312949682478e-10,8935.711626193695,73.99709510048706,0.2016436330582087,95.26578653068756,0.0406601547529135,1.3350871054217884e-15,2.314215224523744e-09,177.88325374415604,0.0016522976898507,1.5611456941819015e-05,290.82885256219583,0.0016758393374272,31.819631537404103,841.0916876339783,28.61279829675821,43085810629.0244,5694.990020992529,87632.43895867106,131959219355718.3,8935.711626193657,150906.08569615445,227228785547852.6,1.0,74.0,0.0,74.0,0.0,0.0,0.0,1.0,74.0,0.0,74.0,0.0,0.0,0.0,1.0,74.0,0.0,74.0,0.0,0.0,0.0,1.0,74.0,0.0,74.0,0.0,0.0,0.0,1.0,74.0,0.0,74.0,0.0,0.0,0.0
121.0353274380383,432.6631674450836,45217.767157813214,208.60371598654663,401.67560193964135,52045.47812096629,631.6292929126105,383.6055859283938,55139.23623421203,6331.252799828656,381.9765924760949,55384.758852022205,30642.85958398868,382.085049626038,55368.2276737708,121.0353274380383,432.6631674450836,45217.767157813214,208.60371598654663,401.67560193964135,52045.47812096629,631.6292929126105,383.6055859283938,55139.23623421203,6331.252799828656,381.9765924760949,55384.758852022205,30642.85958398868,382.085049626038,55368.2276737708,91.30649432217692,554.0000000000003,1.0789593218788871e-05,554.0000000000003,1.1641532182693479e-10,0.0,0.0,144.2809260329203,553.9999999999999,7.62939453125e-06,553.9999999999999,5.820766091346741e-11,0.0,0.0,413.7590889321287,553.9999999999999,1.3214498959113138e-05,553.9999999999999,1.7462298274040222e-10,0.0,0.0,4126.529310427944,553.9933497315122,1.8125088706010144,553.9933497315122,3.2851884060073644,0.0,0.0,19979.835917633234,553.9683936811168,3.951268475881572,553.9683936811168,15.612522568495477,0.0,0.0,91.30649432217692,0.003366273002715,0.0001301452462207,144.2809260329203,0.003482590886788,0.0001487583329618,413.7590889321287,0.0035378901151224,0.0001406253729758,4126.529310427944,532.0839064688794,802193901657.6191,19979.835917633234,39267.7806543586,59200754985673.17,1.0,554.0,0.0,554.0,0.0,0.0,0.0,1.0,554.0,0.0,554.0,0.0,0.0,0.0,1.0,554.0,0.0,554.0,0.0,0.0,0.0,1.0,554.0,0.0,554.0,0.0,0.0,0.0,1.0,554.0,0.0,554.0,0.0,0.0,0.0
109.44197685522283,519.7829332785154,15732.145797151434,193.8670795911933,480.68394288054833,30841.873590484694,635.979208608842,421.648477702077,47861.66108650799,6443.897520765367,385.7800542082829,54799.63217587456,60797.617259778825,383.9351396329717,55086.740636940056,109.44197685522283,519.7829332785154,15732.145797151434,193.8670795911933,480.68394288054833,30841.873590484694,635.979208608842,421.648477702077,47861.66108650799,6443.897520765367,385.7800542082829,54799.63217587456,60797.617259778825,383.9351396329717,55086.740636940056,101.86131761766514,554.0000000000001,1.52587890625e-05,554.0000000000001,2.3283064365386963e-10,0.0,0.0,165.093854526977,554.0000000000006,1.8688123647942943e-05,554.0000000000006,3.4924596548080444e-10,0.0,0.0,465.5807443871576,553.9999999999917,6.518557544950508e-05,553.9999999999917,4.249159246683121e-09,0.0,0.0,4249.579152251022,553.9903938962448,2.178376225390459,553.9903938962448,4.745322979346383,0.0,0.0,39869.49786428454,553.9629981344772,4.275225424485677,553.9629981344772,18.27755243016873,0.0,0.0,101.86131761766514,0.0029036632233643,3.88546411436727e-05,165.093854526977,0.0029955648398634,8.113766082260018e-05,465.5807443871576,0.003162840960788,0.0001857000426133,4249.579152251022,0.0034032488615925,119.91997717659928,39869.49786428454,2054.5911442825427,3097607130994.3374,1.0,554.0,0.0,554.0,0.0,0.0,0.0,1.0,554.0,0.0,554.0,0.0,0.0,0.0,1.0,554.0,0.0,554.0,0.0,0.0,0.0,1.0,554.0,0.0,554.0,0.0,0.0,0.0,1.0,554.0,0.0,554.0,0.0,0.0,0.0
1.0,60.0,0.0,1.0,60.0,0.0,1.0,60.0,0.0,1.0,60.0,0.0,1.0,60.0,0.0,1.0,60.0,0.0,1.0,60.0,0.0,1.0,60.0,0.0,1.0,60.0,0.0,1.0,60.0,0.0,1.0,60.0,0.0,60.0,0.0,0.0,0.0,1.0,60.0,0.0,60.0,0.0,0.0,0.0,1.0,60.0,0.0,60.0,0.0,0.0,0.0,1.0,60.0,0.0,60.0,0.0,0.0,0.0,1.0,60.0,0.0,60.0,0.0,0.0,0.0,1.0,1505913584.952627,0.0,1.0,1505913584.952627,0.0,1.0,1505913584.952627,0.0,1.0,1505913584.952627,0.0,1.0,1505913584.952627,0.0,1.0,60.0,0.0,60.0,0.0,0.0,0.0,1.0,60.0,0.0,60.0,0.0,0.0,0.0,1.0,60.0,0.0,60.0,0.0,0.0,0.0,1.0,60.0,0.0,60.0,0.0,0.0,0.0,1.0,60.0,0.0,60.0,0.0,0.0,0.0
113.08221898554758,72.6349320084988,17.247614802038697,196.0978483030469,71.47268664836848,29.00062774799517,630.6947104780203,70.04387804001614,39.96099607000997,6290.384414833818,69.45688312131784,43.20425050744142,17140.027788422896,69.3758761868354,43.52689158478097,113.08221898554758,72.6349320084988,17.247614802038697,196.0978483030469,71.47268664836848,29.00062774799517,630.6947104780203,70.04387804001614,39.96099607000997,6290.384414833818,69.45688312131784,43.20425050744142,17140.027788422896,69.3758761868354,43.52689158478097,102.05613597587136,73.99999999992195,3.3173612844326186e-05,73.99999999992195,1.1004885891452432e-09,0.0,0.0,160.6955124687039,73.9999997527814,0.0018603939681401,73.9999997527814,3.461065716692246e-06,0.0,0.0,452.18442796468577,73.99956167321965,0.0783350675096536,73.99956167321965,0.006136382801742,0.0,0.0,4245.384323635365,73.99764719487897,0.1814765437431622,73.99764719487897,0.0329337359289638,0.0,0.0,11470.308074949247,73.99790881025552,0.1710914475630978,73.99790881025552,0.0292722834292362,0.0,0.0,102.05613597587136,0.0028873487145249,2.8793404384693286e-05,160.6955124687039,0.0030466620274313,4.605264332909033e-05,452.18442796468577,0.0032204255673928,544.7883902979446,4245.384323635365,17942.355489183275,27050592105384.5,11470.308074949247,97516.22479650832,147011510347049.88,1.0,74.0,0.0,74.0,0.0,0.0,0.0,1.0,74.0,0.0,74.0,0.0,0.0,0.0,1.0,74.0,0.0,74.0,0.0,0.0,0.0,1.0,74.0,0.0,74.0,0.0,0.0,0.0,1.0,74.0,0.0,74.0,0.0,0.0,0.0
106.1109732995656,298.00202278614967,60928.03640605898,163.17090400866942,331.9680546474884,60385.59624710512,482.3350449274657,342.8903033527189,59720.86435678923,4975.594529020121,337.02836412298564,60103.81815469044,22401.67630952116,337.01497864542307,60104.30085118992,106.1109732995656,298.00202278614967,60928.03640605898,163.17090400866942,331.9680546474884,60385.59624710512,482.3350449274657,342.8903033527189,59720.86435678923,4975.594529020121,337.02836412298564,60103.81815469044,22401.67630952116,337.01497864542307,60104.30085118992,1.0,60.0,0.0,60.0,0.0,0.0,0.0,1.0,60.0,0.0,60.0,0.0,0.0,0.0,1.0,60.0,0.0,60.0,0.0,0.0,0.0,1.0,60.0,0.0,60.0,0.0,0.0,0.0,1.0,60.0,0.0,60.0,0.0,0.0,0.0,1.0,1507659392.5350132,0.0,1.0,1507659392.5350132,0.0,1.0,1507659392.5350132,0.0,1.0,1507659392.5350132,0.0,1.0,1507659392.5350132,0.0,1.0,60.0,0.0,60.0,0.0,0.0,0.0,1.0,60.0,0.0,60.0,0.0,0.0,0.0,1.0,60.0,0.0,60.0,0.0,0.0,0.0,1.0,60.0,0.0,60.0,0.0,0.0,0.0,1.0,60.0,0.0,60.0,0.0,0.0,0.0
112.8288919846706,71.48627391134856,28.873368613332783,202.4941377581568,70.36254483123969,37.69369363419082,642.7110173444013,69.45832252723505,42.96089047008717,6644.364083751189,69.4077485952535,43.30212618119731,49064.91611219834,69.39292145455282,43.42494254437497,112.8288919846706,71.48627391134856,28.873368613332783,202.4941377581568,70.36254483123969,37.69369363419082,642.7110173444013,69.45832252723505,42.96089047008717,6644.364083751189,69.4077485952535,43.30212618119731,49064.91611219834,69.39292145455282,43.42494254437497,92.57007509147918,73.99999999999997,1.3486991523486091e-06,73.99999999999997,1.8189894035458565e-12,0.0,0.0,149.8766645882373,74.00000000000001,9.5367431640625e-07,74.00000000000001,9.094947017729282e-13,0.0,0.0,434.01738802856767,73.99999945002095,0.0027748335445898,73.99999945002095,7.699701200181153e-06,0.0,0.0,4462.326265622725,73.99825654503341,0.1562220532541942,73.99825654503341,0.0244053299229562,0.0,0.0,32898.347929317235,73.99782877321802,0.1743343363970419,73.99782877321802,0.0303924608469969,0.0,0.0,92.57007509147918,0.0032028140091966,4.3596948659088704e-05,149.8766645882373,0.0032790928864641,6.10563155316499e-05,434.01738802856767,0.0033568410234784,8.549942668899257e-05,4462.326265622725,0.5457632169141692,817943432.7127597,32898.347929317235,12069.701743091948,18196820481319.227,1.0,74.0,0.0,74.0,0.0,0.0,0.0,1.0,74.0,0.0,74.0,0.0,0.0,0.0,1.0,74.0,0.0,74.0,0.0,0.0,0.0,1.0,74.0,0.0,74.0,0.0,0.0,0.0,1.0,74.0,0.0,74.0,0.0,0.0,0.0
173.73311169755902,230.14240058097815,55101.909405697625,256.8038832713884,282.81434082342065,60424.05052707369,674.3671017512016,347.8813144634594,59336.61760214309,6378.039298727156,378.5374259270912,55887.20083254122,26276.69386893268,381.3731192939656,55474.255323493846,173.73311169755902,230.14240058097815,55101.909405697625,256.8038832713884,282.81434082342065,60424.05052707369,674.3671017512016,347.8813144634594,59336.61760214309,6378.039298727156,378.5374259270912,55887.20083254122,26276.69386893268,381.3731192939656,55474.255323493846,1.0,60.0,0.0,60.0,0.0,0.0,0.0,1.0,60.0,0.0,60.0,0.0,0.0,0.0,1.0,60.0,0.0,60.0,0.0,0.0,0.0,1.0,60.0,0.0,60.0,0.0,0.0,0.0,1.0,60.0,0.0,60.0,0.0,0.0,0.0,1.0,1507656000.991918,0.0,1.0,1507656000.991918,0.0,1.0,1507656000.991918,0.0,1.0,1507656000.991918,0.0,1.0,1507656000.991918,0.0,1.0,60.0,0.0,60.0,0.0,0.0,0.0,1.0,60.0,0.0,60.0,0.0,0.0,0.0,1.0,60.0,0.0,60.0,0.0,0.0,0.0,1.0,60.0,0.0,60.0,0.0,0.0,0.0,1.0,60.0,0.0,60.0,0.0,0.0,0.0
89.27336670040809,520.391386335978,20997.80236251081,167.94380713043958,477.7105613653188,36879.22907257479,585.6855368902385,421.055314089036,52330.89213839304,6279.522051257032,393.96197097243936,57451.17020384706,46887.94907630784,391.7740639956274,57800.144863089685,89.27336670040809,520.391386335978,20997.80236251081,167.94380713043958,477.7105613653188,36879.22907257479,585.6855368902385,421.055314089036,52330.89213839304,6279.522051257032,393.96197097243936,57451.17020384706,46887.94907630784,391.7740639956274,57800.144863089685,81.22665444061806,566.0000000000001,7.62939453125e-06,566.0000000000001,5.820766091346741e-11,0.0,0.0,138.63998595806996,565.9999999999994,2.1579186437577742e-05,565.9999999999994,4.656612873077394e-10,0.0,0.0,417.9096888682692,565.9999999999998,1.0789593218788871e-05,565.9999999999998,1.1641532182693479e-10,0.0,0.0,4144.474302120405,565.9948204557278,1.618895479823839,565.9948204557278,2.620822574594058,0.0,0.0,30744.674846449165,565.9691683197711,3.9496682899935767,565.9691683197711,15.599879600980785,0.0,0.0,81.22665444061806,0.0036543111447383,4.886180700302413e-05,138.63998595806996,0.0035418273299021,6.123930165439004e-05,417.9096888682692,0.003482022273197,7.574394572713646e-05,4144.474302120405,0.4880548283924743,730566632.4594496,30744.674846449165,12676.09224233726,19111044757127.227,1.0,566.0,0.0,566.0,0.0,0.0,0.0,1.0,566.0,0.0,566.0,0.0,0.0,0.0,1.0,566.0,0.0,566.0,0.0,0.0,0.0,1.0,566.0,0.0,566.0,0.0,0.0,0.0,1.0,566.0,0.0,566.0,0.0,0.0,0.0
117.81934321128824,452.62307505045817,39802.86308474155,206.71504781815528,418.7962008755496,48510.080872881634,641.1577632487375,391.7350774756093,53826.18997194449,6439.056458363439,383.9398770759015,55086.502153302754,49434.31687772924,383.0450818098613,55222.93755824879,117.81934321128824,452.62307505045817,39802.86308474155,206.71504781815528,418.7962008755496,48510.080872881634,641.1577632487375,391.7350774756093,53826.18997194449,6439.056458363439,383.9398770759015,55086.502153302754,49434.31687772924,383.0450818098613,55222.93755824879,93.64084783293292,554.0,7.62939453125e-06,554.0,5.820766091346741e-11,0.0,0.0,150.13835162367917,554.0,1.8688123647942943e-05,554.0,3.4924596548080444e-10,0.0,0.0,430.5481853640592,553.9999999984285,0.0008812528649073,553.9999999984285,7.76606611907482e-07,0.0,0.0,4222.463234957501,553.9839161859501,2.8187134392740827,553.9839161859501,7.945145452744327,0.0,0.0,32328.685165978644,553.9628113879812,4.285999456732313,553.9628113879812,18.36979134310968,0.0,0.0,93.64084783293292,0.0032342348737311,9.551114134915008e-05,150.13835162367917,0.0033184218970553,0.000113222884042,430.5481853640592,0.0033920085744163,0.0001117712485206,4222.463234957501,0.1382667651844849,203301947.29210776,32328.685165978644,10627.341379683869,16022256062539.451,1.0,554.0,0.0,554.0,0.0,0.0,0.0,1.0,554.0,0.0,554.0,0.0,0.0,0.0,1.0,554.0,0.0,554.0,0.0,0.0,0.0,1.0,554.0,0.0,554.0,0.0,0.0,0.0,1.0,554.0,0.0,554.0,0.0,0.0,0.0
110.29030895182744,474.8669909293648,32829.51335452645,185.9968121730264,458.74368742278114,37981.80359952236,603.8191025062289,415.3011989882132,49276.15832277475,6383.241696820375,387.3206703439663,54554.44955241103,47081.747275646136,383.2503397977725,55191.6463558817,110.29030895182744,474.8669909293648,32829.51335452645,185.9968121730264,458.74368742278114,37981.80359952236,603.8191025062289,415.3011989882132,49276.15832277475,6383.241696820375,387.3206703439663,54554.44955241103,47081.747275646136,383.2503397977725,55191.6463558817,1.0,60.0,0.0,60.0,0.0,0.0,0.0,1.0,60.0,0.0,60.0,0.0,0.0,0.0,1.0,60.0,0.0,60.0,0.0,0.0,0.0,1.0,60.0,0.0,60.0,0.0,0.0,0.0,1.0,60.0,0.0,60.0,0.0,0.0,0.0,1.0,1507656118.066018,0.0,1.0,1507656118.066018,0.0,1.0,1507656118.066018,0.0,1.0,1507656118.066018,0.0,1.0,1507656118.066018,0.0,1.0,60.0,0.0,60.0,0.0,0.0,0.0,1.0,60.0,0.0,60.0,0.0,0.0,0.0,1.0,60.0,0.0,60.0,0.0,0.0,0.0,1.0,60.0,0.0,60.0,0.0,0.0,0.0,1.0,60.0,0.0,60.0,0.0,0.0,0.0
183.86765898275937,272.46895352647994,59816.60682909072,290.0388661042125,296.5207663171808,60899.18508996523,676.4536447729038,331.424544943225,60411.80877147483,4445.4665336734615,337.3962734040959,60080.49148897777,9362.983979113658,336.6499589249726,60126.27973495933,183.86765898275937,272.46895352647994,59816.60682909072,290.0388661042125,296.5207663171808,60899.18508996523,676.4536447729038,331.424544943225,60411.80877147483,4445.4665336734615,337.3962734040959,60080.49148897777,9362.983979113658,336.6499589249726,60126.27973495933,1.0,60.0,0.0,60.0,0.0,0.0,0.0,1.0,60.0,0.0,60.0,0.0,0.0,0.0,1.0,60.0,0.0,60.0,0.0,0.0,0.0,1.0,60.0,0.0,60.0,0.0,0.0,0.0,1.0,60.0,0.0,60.0,0.0,0.0,0.0,1.0,1507659337.131375,0.0,1.0,1507659337.131375,0.0,1.0,1507659337.131375,0.0,1.0,1507659337.131375,0.0,1.0,1507659337.131375,0.0,1.0,60.0,0.0,60.0,0.0,0.0,0.0,1.0,60.0,0.0,60.0,0.0,0.0,0.0,1.0,60.0,0.0,60.0,0.0,0.0,0.0,1.0,60.0,0.0,60.0,0.0,0.0,0.0,1.0,60.0,0.0,60.0,0.0,0.0,0.0
166.10518381893235,227.99346484951545,56782.888981709206,248.03492549679615,277.179032610696,62725.85829529409,663.4351004966755,348.2279109676162,62767.99041681967,6417.092597384796,388.3342172788643,58331.363071570086,42566.623215675485,390.9831208758125,57924.14634931186,166.10518381893235,227.99346484951545,56782.888981709206,248.03492549679615,277.179032610696,62725.85829529409,663.4351004966755,348.2279109676162,62767.99041681967,6417.092597384796,388.3342172788643,58331.363071570086,42566.623215675485,390.9831208758125,57924.14634931186,55.14740189566815,565.9999999999998,2.1579186437577742e-05,565.9999999999998,4.656612873077394e-10,0.0,0.0,106.45846872150646,565.9999999997927,0.000323777697356,565.9999999997927,1.048319973051548e-07,0.0,0.0,377.9064935679422,565.9995282667094,0.4885660883872077,565.9995282667094,0.2386968227219768,0.0,0.0,4164.3370557572425,565.9432443566633,5.358650420231959,565.9432443566633,28.715134326252155,0.0,0.0,27845.301858304327,565.9567292363738,4.679009941986376,565.9567292363738,21.893134037207343,0.0,0.0,55.14740189566815,0.0064611553368066,0.0008549712975608,106.45846872150646,0.0049600038299301,0.0004650126124225,377.9064935679422,0.0038815758548542,0.000177237546393,4164.3370557572425,5.313223291758926,8005294848.1749935,27845.301858304327,17790.27752246274,26821330818181.24,1.0,566.0,0.0,566.0,0.0,0.0,0.0,1.0,566.0,0.0,566.0,0.0,0.0,0.0,1.0,566.0,0.0,566.0,0.0,0.0,0.0,1.0,566.0,0.0,566.0,0.0,0.0,0.0,1.0,566.0,0.0,566.0,0.0,0.0,0.0
113.52926023907597,383.98379702116233,58970.28668153565,185.46208198721985,406.0343728313597,55353.35595948863,583.6183528728218,400.5045165634012,56349.63073110693,6279.346260499749,392.43423999141214,57696.329443191215,46293.24945494285,391.5967115341346,57828.04283198301,113.52926023907597,383.98379702116233,58970.28668153565,185.46208198721985,406.0343728313597,55353.35595948863,583.6183528728218,400.5045165634012,56349.63073110693,6279.346260499749,392.43423999141214,57696.329443191215,46293.24945494285,391.5967115341346,57828.04283198301,1.0,60.0,0.0,60.0,0.0,0.0,0.0,1.0,60.0,0.0,60.0,0.0,0.0,0.0,1.0,60.0,0.0,60.0,0.0,0.0,0.0,1.0,60.0,0.0,60.0,0.0,0.0,0.0,1.0,60.0,0.0,60.0,0.0,0.0,0.0,1.0,1507658096.063388,0.0,1.0,1507658096.063388,0.0,1.0,1507658096.063388,0.0,1.0,1507658096.063388,0.0,1.0,1507658096.063388,0.0,1.0,60.0,0.0,60.0,0.0,0.0,0.0,1.0,60.0,0.0,60.0,0.0,0.0,0.0,1.0,60.0,0.0,60.0,0.0,0.0,0.0,1.0,60.0,0.0,60.0,0.0,0.0,0.0,1.0,60.0,0.0,60.0,0.0,0.0,0.0
131.1776732369695,60.00006270385333,0.000908054447791,152.8472211872747,60.00118232802133,0.0165130125619725,291.30793488827425,60.01480104640712,0.1937750673146183,2334.5833101072394,60.01896936728569,0.4416249654245803,22664.58620003232,60.02004395869089,0.6663192708856513,131.1776732369695,60.00006270385333,0.000908054447791,152.8472211872747,60.00118232802133,0.0165130125619725,291.30793488827425,60.01480104640712,0.1937750673146183,2334.5833101072394,60.01896936728569,0.4416249654245803,22664.58620003232,60.02004395869089,0.6663192708856513,1.0,60.0,0.0,60.0,0.0,0.0,0.0,1.0,60.0,0.0,60.0,0.0,0.0,0.0,1.0,60.0,0.0,60.0,0.0,0.0,0.0,1.0,60.0,0.0,60.0,0.0,0.0,0.0,1.0,60.0,0.0,60.0,0.0,0.0,0.0,1.0,1507653640.660221,0.0,1.0,1507653640.660221,0.0,1.0,1507653640.660221,0.0,1.0,1507653640.660221,0.0,1.0,1507653640.660221,0.0,1.0,60.0,0.0,60.0,0.0,0.0,0.0,1.0,60.0,0.0,60.0,0.0,0.0,0.0,1.0,60.0,0.0,60.0,0.0,0.0,0.0,1.0,60.0,0.0,60.0,0.0,0.0,0.0,1.0,60.0,0.0,60.0,0.0,0.0,0.0
1.0,60.0,0.0,1.0,60.0,0.0,1.0,60.0,0.0,1.0,60.0,0.0,1.0,60.0,0.0,1.0,60.0,0.0,1.0,60.0,0.0,1.0,60.0,0.0,1.0,60.0,0.0,1.0,60.0,0.0,1.0,60.0,0.0,60.0,0.0,0.0,0.0,1.0,60.0,0.0,60.0,0.0,0.0,0.0,1.0,60.0,0.0,60.0,0.0,0.0,0.0,1.0,60.0,0.0,60.0,0.0,0.0,0.0,1.0,60.0,0.0,60.0,0.0,0.0,0.0,1.0,1505913439.921257,0.0,1.0,1505913439.921257,0.0,1.0,1505913439.921257,0.0,1.0,1505913439.921257,0.0,1.0,1505913439.921257,0.0,1.0,60.0,0.0,60.0,0.0,0.0,0.0,1.0,60.0,0.0,60.0,0.0,0.0,0.0,1.0,60.0,0.0,60.0,0.0,0.0,0.0,1.0,60.0,0.0,60.0,0.0,0.0,0.0,1.0,60.0,0.0,60.0,0.0,0.0,0.0
132.3184122611319,366.92130714617247,57418.28177389352,223.0161727809369,358.4552324410318,58359.875288521966,652.1205566108335,367.7782807603072,57306.73473135039,6366.540145989883,380.4478781278234,55609.28393103241,25521.548556370988,381.8337027492468,55405.36323939008,132.3184122611319,366.92130714617247,57418.28177389352,223.0161727809369,358.4552324410318,58359.875288521966,652.1205566108335,367.7782807603072,57306.73473135039,6366.540145989883,380.4478781278234,55609.28393103241,25521.548556370988,381.8337027492468,55405.36323939008,82.20909719307456,553.9999999999999,1.52587890625e-05,553.9999999999999,2.3283064365386963e-10,0.0,0.0,134.73603592955558,554.0000000000001,1.52587890625e-05,554.0000000000001,2.3283064365386963e-10,0.0,0.0,406.26815169559023,553.9999994399261,0.0166336041373425,553.9999994399261,0.0002766767865978,0.0,0.0,4129.942148383059,553.9712591462177,3.7679113220146254,553.9712591462177,14.19715573056601,0.0,0.0,16627.991915343253,553.9560328837185,4.660238441838287,553.9560328837185,21.717822334787343,0.0,0.0,82.20909719307456,0.0036050528634837,4.514332744884991e-05,134.73603592955558,0.0036345738852575,5.244918684203426e-05,406.26815169559023,0.0035804399146871,7.445480138437576e-05,4129.942148383059,2299.526469261403,3466884178779.658,16627.991915343253,54624.86921250957,82352518644860.72,1.0,554.0,0.0,554.0,0.0,0.0,0.0,1.0,554.0,0.0,554.0,0.0,0.0,0.0,1.0,554.0,0.0,554.0,0.0,0.0,0.0,1.0,554.0,0.0,554.0,0.0,0.0,0.0,1.0,554.0,0.0,554.0,0.0,0.0,0.0
1.0,60.0,0.0,1.0,60.0,0.0,1.0,60.0,0.0,1.0,60.0,0.0,1.0,60.0,0.0,1.0,60.0,0.0,1.0,60.0,0.0,1.0,60.0,0.0,1.0,60.0,0.0,1.0,60.0,0.0,1.0,60.0,0.0,60.0,0.0,0.0,0.0,1.0,60.0,0.0,60.0,0.0,0.0,0.0,1.0,60.0,0.0,60.0,0.0,0.0,0.0,1.0,60.0,0.0,60.0,0.0,0.0,0.0,1.0,60.0,0.0,60.0,0.0,0.0,0.0,1.0,1505913472.807172,0.0,1.0,1505913472.807172,0.0,1.0,1505913472.807172,0.0,1.0,1505913472.807172,0.0,1.0,1505913472.807172,0.0,1.0,60.0,0.0,60.0,0.0,0.0,0.0,1.0,60.0,0.0,60.0,0.0,0.0,0.0,1.0,60.0,0.0,60.0,0.0,0.0,0.0,1.0,60.0,0.0,60.0,0.0,0.0,0.0,1.0,60.0,0.0,60.0,0.0,0.0,0.0
62.15426601982748,74.0329597126988,9.022188807420209,127.23253451839716,74.05445177047187,5.388903176293752,305.4117135708965,74.12934751852862,32.25165343911249,1096.008650299662,76.94544716885201,2126.5037186721047,5865.318148257476,76.54112959684348,1616.4390972095862,62.15426601982748,74.0329597126988,9.022188807420209,127.23253451839716,74.05445177047187,5.388903176293752,305.4117135708965,74.12934751852862,32.25165343911249,1096.008650299662,76.94544716885201,2126.5037186721047,5865.318148257476,76.54112959684348,1616.4390972095862,1.0,74.0,0.0,74.0,0.0,0.0,0.0,1.0,74.0,0.0,74.0,0.0,0.0,0.0,1.0,74.0,0.0,74.0,0.0,0.0,0.0,1.0,74.0,0.0,74.0,0.0,0.0,0.0,1.0,74.0,0.0,74.0,0.0,0.0,0.0,1.0,1505912910.330296,0.0,1.0,1505912910.330296,0.0,1.0,1505912910.330296,0.0,1.0,1505912910.330296,0.0,1.0,1505912910.330296,0.0,1.0,74.0,0.0,74.0,0.0,0.0,0.0,1.0,74.0,0.0,74.0,0.0,0.0,0.0,1.0,74.0,0.0,74.0,0.0,0.0,0.0,1.0,74.0,0.0,74.0,0.0,0.0,0.0,1.0,74.0,0.0,74.0,0.0,0.0,0.0
66.31699701201232,59.99999999999999,1.3642420526593924e-12,85.06656236193629,60.00000000000011,9.549694368615746e-12,221.86646081578715,60.00001365911569,0.0006511453061648,2265.802356683496,60.01350156311382,0.5244424600227829,22069.748105646,60.01965129079389,0.6862311925206086,66.31699701201232,59.99999999999999,1.3642420526593924e-12,85.06656236193629,60.00000000000011,9.549694368615746e-12,221.86646081578715,60.00001365911569,0.0006511453061648,2265.802356683496,60.01350156311382,0.5244424600227829,22069.748105646,60.01965129079389,0.6862311925206086,1.0,60.0,0.0,60.0,0.0,0.0,0.0,1.0,60.0,0.0,60.0,0.0,0.0,0.0,1.0,60.0,0.0,60.0,0.0,0.0,0.0,1.0,60.0,0.0,60.0,0.0,0.0,0.0,1.0,60.0,0.0,60.0,0.0,0.0,0.0,1.0,1507653457.3003,0.0,1.0,1507653457.3003,0.0,1.0,1507653457.3003,0.0,1.0,1507653457.3003,0.0,1.0,1507653457.3003,0.0,1.0,60.0,0.0,60.0,0.0,0.0,0.0,1.0,60.0,0.0,60.0,0.0,0.0,0.0,1.0,60.0,0.0,60.0,0.0,0.0,0.0,1.0,60.0,0.0,60.0,0.0,0.0,0.0,1.0,60.0,0.0,60.0,0.0,0.0,0.0
127.01356666483449,267.0994733478736,59416.94796294352,200.5664267968848,278.9161932483361,60220.29662846765,541.2811495799657,311.2583419711233,60990.27495299447,5083.127918492095,334.60687684868464,60243.82401262962,37334.39720268696,336.1721520883209,60154.05301181031,127.01356666483449,267.0994733478736,59416.94796294352,200.5664267968848,278.9161932483361,60220.29662846765,541.2811495799657,311.2583419711233,60990.27495299447,5083.127918492095,334.60687684868464,60243.82401262962,37334.39720268696,336.1721520883209,60154.05301181031,53.24785984147103,554.0000000000001,1.0789593218788871e-05,554.0000000000001,1.1641532182693479e-10,0.0,0.0,88.88104720751257,554.0,1.3214498959113138e-05,554.0,1.7462298274040222e-10,0.0,0.0,275.3051683357346,553.9999365541111,0.177037468504134,553.9999365541111,0.0313422652543522,0.0,0.0,2825.9407534931897,553.9341543389723,5.702930904051104,553.9341543389723,32.52342089638114,0.0,0.0,20874.24114055428,553.9294202072376,5.9043573840713135,553.9294202072376,34.861436118837446,0.0,0.0,53.24785984147103,0.0060101413999862,0.0003749729720994,88.88104720751257,0.0057188650267227,0.0002987384468865,275.3051683357346,0.005315615551184,0.0001965591244903,2825.9407534931897,0.7464669849746174,1117711044.1262028,20874.24114055428,18749.135704107164,28266949708874.57,53.24785984147103,554.0000000000001,1.0789593218788871e-05,554.0000000000001,1.1641532182693479e-10,0.0,0.0,88.88104720751251,554.0000000000003,1.7059844799040144e-05,554.0000000000003,2.910383045673371e-10,0.0,0.0,275.30513297747297,553.9999999999994,2.288818359375e-05,553.9999999999994,5.238689482212067e-10,0.0,0.0,2825.5640815560723,553.9999999999987,2.642899791822628e-05,553.9999999999987,6.984919309616089e-10,0.0,0.0,20871.25875267203,554.0000000000048,5.76006655522976e-05,554.0000000000048,3.3178366720676422e-09,0.0,0.0
174.06415476947322,74.02073403944637,0.497187432399187,287.34299296689966,74.02988302891208,0.7174384413401641,846.6072276705751,74.06446510041955,21.579008728996087,7195.611911895089,74.71014487149988,523.9941853422242,17881.37324948829,74.62285200006173,449.76868945516617,174.06415476947322,74.02073403944637,0.497187432399187,287.34299296689966,74.02988302891208,0.7174384413401641,846.6072276705751,74.06446510041955,21.579008728996087,7195.611911895089,74.71014487149988,523.9941853422242,17881.37324948829,74.62285200006173,449.76868945516617,173.91377661338117,73.9999999999977,6.67572021484375e-06,95.26804291051458,4.475277709979592e-11,3.42587759806295e-25,2.536689853726216e-14,286.9846336217351,73.9999999772079,0.0005648900455757,95.26804289281247,3.191007639223454e-07,2.3114108261020367e-21,1.0726379130652792e-12,844.8747092375042,73.99987141996881,0.0424276313990612,95.2679430352724,0.0018001039061346,7.603291526277763e-18,6.263708148486326e-11,7166.896784326999,73.9984372378401,0.1479061459941658,95.26682903110904,0.0218762280228475,7.189785115561383e-17,1.9265513234307455e-10,17815.636065306615,73.99801282483013,0.1667828035246695,95.26649936900014,0.0278165035515485,-1.0635226497446125e-15,-1.2988902295136443e-09,173.91377661338117,0.0016966140994944,1.9355274366446e-05,286.9846336217352,0.0016983187656278,1.9236401607029652e-05,844.874709237507,0.0017172651783235,3782.185771667992,7166.896784327109,13720.269353457046,20661359028806.09,17815.636065306324,64341.071742491135,96887998759928.31,1.0,74.0,0.0,74.0,0.0,0.0,0.0,1.0,74.0,0.0,74.0,0.0,0.0,0.0,1.0,74.0,0.0,74.0,0.0,0.0,0.0,1.0,74.0,0.0,74.0,0.0,0.0,0.0,1.0,74.0,0.0,74.0,0.0,0.0,0.0
145.33103113669742,67.45544103524311,48.79257680901446,224.15831904737263,68.59617941251578,46.45234680001522,655.14155187889,69.30203845821089,43.70360482167689,6658.507579153508,69.3956643458443,43.32408234886315,36095.05988289464,69.37872881378826,43.46381989348356,145.33103113669742,67.45544103524311,48.79257680901446,224.15831904737263,68.59617941251578,46.45234680001522,655.14155187889,69.30203845821089,43.70360482167689,6658.507579153508,69.3956643458443,43.32408234886315,36095.05988289464,69.37872881378826,43.46381989348356,1.0,60.0,0.0,60.0,0.0,0.0,0.0,1.0,60.0,0.0,60.0,0.0,0.0,0.0,1.0,60.0,0.0,60.0,0.0,0.0,0.0,1.0,60.0,0.0,60.0,0.0,0.0,0.0,1.0,60.0,0.0,60.0,0.0,0.0,0.0,1.0,1507657171.579999,0.0,1.0,1507657171.579999,0.0,1.0,1507657171.579999,0.0,1.0,1507657171.579999,0.0,1.0,1507657171.579999,0.0,1.0,60.0,0.0,60.0,0.0,0.0,0.0,1.0,60.0,0.0,60.0,0.0,0.0,0.0,1.0,60.0,0.0,60.0,0.0,0.0,0.0,1.0,60.0,0.0,60.0,0.0,0.0,0.0,1.0,60.0,0.0,60.0,0.0,0.0,0.0
1.0,60.0,0.0,1.0,60.0,0.0,1.0,60.0,0.0,1.0,60.0,0.0,1.0,60.0,0.0,1.0,60.0,0.0,1.0,60.0,0.0,1.0,60.0,0.0,1.0,60.0,0.0,1.0,60.0,0.0,1.0,60.0,0.0,60.0,0.0,0.0,0.0,1.0,60.0,0.0,60.0,0.0,0.0,0.0,1.0,60.0,0.0,60.0,0.0,0.0,0.0,1.0,60.0,0.0,60.0,0.0,0.0,0.0,1.0,60.0,0.0,60.0,0.0,0.0,0.0,1.0,1505913471.725434,0.0,1.0,1505913471.725434,0.0,1.0,1505913471.725434,0.0,1.0,1505913471.725434,0.0,1.0,1505913471.725434,0.0,1.0,60.0,0.0,60.0,0.0,0.0,0.0,1.0,60.0,0.0,60.0,0.0,0.0,0.0,1.0,60.0,0.0,60.0,0.0,0.0,0.0,1.0,60.0,0.0,60.0,0.0,0.0,0.0,1.0,60.0,0.0,60.0,0.0,0.0,0.0
126.90954994739651,71.05292893603898,32.57376703942737,220.7553453898905,70.17021470868389,38.94973874544485,667.3528233990143,69.49868815548174,42.7610108200979,6618.154415714188,69.36572100418178,43.56408087623095,38296.53681989433,69.37294585232665,43.51575631519063,126.90954994739651,71.05292893603898,32.57376703942737,220.7553453898905,70.17021470868389,38.94973874544485,667.3528233990143,69.49868815548174,42.7610108200979,6618.154415714188,69.36572100418178,43.56408087623095,38296.53681989433,69.37294585232665,43.51575631519063,100.19444549094796,73.99999999999999,2.132480599880018e-06,73.99999999999999,4.547473508864642e-12,0.0,0.0,160.36637574462583,73.99999999994067,2.881611810634256e-05,73.99999999994067,8.303686627186834e-10,0.0,0.0,452.77865571166086,73.99997108029667,0.0201215062401745,73.99997108029667,0.0004048750133733,0.0,0.0,4425.300349652148,73.99698602634261,0.2053936396264022,73.99698602634261,0.0421865471989804,0.0,0.0,25624.4682799532,73.99766964737887,0.1806087099549376,73.99766964737887,0.0326195061115868,0.0,0.0,100.19444549094796,0.0029968884174006,6.28254846076513e-05,160.36637574462583,0.0030766086368584,6.85990187397761e-05,452.77865571166086,0.0032154376591047,7.531464750747406e-05,4425.300349652148,63.28516732386121,95407406154.6632,25624.4682799532,24919.523429258883,37569469522108.58,1.0,74.0,0.0,74.0,0.0,0.0,0.0,1.0,74.0,0.0,74.0,0.0,0.0,0.0,1.0,74.0,0.0,74.0,0.0,0.0,0.0,1.0,74.0,0.0,74.0,0.0,0.0,0.0,1.0,74.0,0.0,74.0,0.0,0.0,0.0
1.0,60.0,0.0,1.0,60.0,0.0,1.0,60.0,0.0,1.0,60.0,0.0,1.0,60.0,0.0,1.0,60.0,0.0,1.0,60.0,0.0,1.0,60.0,0.0,1.0,60.0,0.0,1.0,60.0,0.0,1.0,60.0,0.0,60.0,0.0,0.0,0.0,1.0,60.0,0.0,60.0,0.0,0.0,0.0,1.0,60.0,0.0,60.0,0.0,0.0,0.0,1.0,60.0,0.0,60.0,0.0,0.0,0.0,1.0,60.0,0.0,60.0,0.0,0.0,0.0,1.0,1505913582.771172,0.0,1.0,1505913582.771172,0.0,1.0,1505913582.771172,0.0,1.0,1505913582.771172,0.0,1.0,1505913582.771172,0.0,1.0,60.0,0.0,60.0,0.0,0.0,0.0,1.0,60.0,0.0,60.0,0.0,0.0,0.0,1.0,60.0,0.0,60.0,0.0,0.0,0.0,1.0,60.0,0.0,60.0,0.0,0.0,0.0,1.0,60.0,0.0,60.0,0.0,0.0,0.0
1.0,60.0,0.0,1.0,60.0,0.0,1.0,60.0,0.0,1.0,60.0,0.0,1.0,60.0,0.0,1.0,60.0,0.0,1.0,60.0,0.0,1.0,60.0,0.0,1.0,60.0,0.0,1.0,60.0,0.0,1.0,60.0,0.0,60.0,0.0,0.0,0.0,1.0,60.0,0.0,60.0,0.0,0.0,0.0,1.0,60.0,0.0,60.0,0.0,0.0,0.0,1.0,60.0,0.0,60.0,0.0,0.0,0.0,1.0,60.0,0.0,60.0,0.0,0.0,0.0,1.0,1505913582.2298,0.0,1.0,1505913582.2298,0.0,1.0,1505913582.2298,0.0,1.0,1505913582.2298,0.0,1.0,1505913582.2298,0.0,1.0,60.0,0.0,60.0,0.0,0.0,0.0,1.0,60.0,0.0,60.0,0.0,0.0,0.0,1.0,60.0,0.0,60.0,0.0,0.0,0.0,1.0,60.0,0.0,60.0,0.0,0.0,0.0,1.0,60.0,0.0,60.0,0.0,0.0,0.0
98.62539069193036,511.00955158283546,19389.102862728992,178.43838242516375,469.2221966981102,34692.95838944442,599.8510050574263,411.4620827471517,50096.08979089253,6313.986954713266,385.2652582487694,54879.70048778015,54583.80200383413,383.41405703115817,55166.50217517773,98.62539069193036,511.00955158283546,19389.102862728992,178.43838242516375,469.2221966981102,34692.95838944442,599.8510050574263,411.4620827471517,50096.08979089253,6313.986954713266,385.2652582487694,54879.70048778015,54583.80200383413,383.41405703115817,55166.50217517773,90.04249641821072,554.0,1.0789593218788871e-05,554.0,1.1641532182693479e-10,0.0,0.0,147.8156814324721,553.9999999999999,1.7059844799040144e-05,553.9999999999999,2.910383045673371e-10,0.0,0.0,426.7694617756543,553.9999654073233,0.130724064328367,553.9999654073233,0.017088780994527,0.0,0.0,4157.599993483709,553.9549786606342,4.715772972276146,553.9549786606342,22.2385147260502,0.0,0.0,35737.49551105437,553.9564337645883,4.638946246308441,553.9564337645883,21.51982227613917,0.0,0.0,90.04249641821072,0.0032525490808088,1.878257229458609e-05,147.8156814324721,0.0032972999433323,3.3683992192809266e-05,426.7694617756543,0.0034107580249841,7.819393678057235e-05,4157.599993483709,0.0050836998103584,2427116.9418220185,35737.49551105437,6164.690258355118,9294188593067.566,1.0,554.0,0.0,554.0,0.0,0.0,0.0,1.0,554.0,0.0,554.0,0.0,0.0,0.0,1.0,554.0,0.0,554.0,0.0,0.0,0.0,1.0,554.0,0.0,554.0,0.0,0.0,0.0,1.0,554.0,0.0,554.0,0.0,0.0,0.0
1.0,60.0,0.0,1.0,60.0,0.0,1.0,60.0,0.0,1.0,60.0,0.0,1.0,60.0,0.0,1.0,60.0,0.0,1.0,60.0,0.0,1.0,60.0,0.0,1.0,60.0,0.0,1.0,60.0,0.0,1.0,60.0,0.0,60.0,0.0,0.0,0.0,1.0,60.0,0.0,60.0,0.0,0.0,0.0,1.0,60.0,0.0,60.0,0.0,0.0,0.0,1.0,60.0,0.0,60.0,0.0,0.0,0.0,1.0,60.0,0.0,60.0,0.0,0.0,0.0,1.0,1505913539.984899,0.0,1.0,1505913539.984899,0.0,1.0,1505913539.984899,0.0,1.0,1505913539.984899,0.0,1.0,1505913539.984899,0.0,1.0,60.0,0.0,60.0,0.0,0.0,0.0,1.0,60.0,0.0,60.0,0.0,0.0,0.0,1.0,60.0,0.0,60.0,0.0,0.0,0.0,1.0,60.0,0.0,60.0,0.0,0.0,0.0,1.0,60.0,0.0,60.0,0.0,0.0,0.0
1.0,60.0,0.0,1.0,60.0,0.0,1.0,60.0,0.0,1.0,60.0,0.0,1.0,60.0,0.0,1.0,60.0,0.0,1.0,60.0,0.0,1.0,60.0,0.0,1.0,60.0,0.0,1.0,60.0,0.0,1.0,60.0,0.0,60.0,0.0,0.0,0.0,1.0,60.0,0.0,60.0,0.0,0.0,0.0,1.0,60.0,0.0,60.0,0.0,0.0,0.0,1.0,60.0,0.0,60.0,0.0,0.0,0.0,1.0,60.0,0.0,60.0,0.0,0.0,0.0,1.0,1505913573.7154946,0.0,1.0,1505913573.7154946,0.0,1.0,1505913573.7154946,0.0,1.0,1505913573.7154946,0.0,1.0,1505913573.7154946,0.0,1.0,60.0,0.0,60.0,0.0,0.0,0.0,1.0,60.0,0.0,60.0,0.0,0.0,0.0,1.0,60.0,0.0,60.0,0.0,0.0,0.0,1.0,60.0,0.0,60.0,0.0,0.0,0.0,1.0,60.0,0.0,60.0,0.0,0.0,0.0
1.0,60.0,0.0,1.0,60.0,0.0,1.0,60.0,0.0,1.0,60.0,0.0,1.0,60.0,0.0,1.0,60.0,0.0,1.0,60.0,0.0,1.0,60.0,0.0,1.0,60.0,0.0,1.0,60.0,0.0,1.0,60.0,0.0,60.0,0.0,0.0,0.0,1.0,60.0,0.0,60.0,0.0,0.0,0.0,1.0,60.0,0.0,60.0,0.0,0.0,0.0,1.0,60.0,0.0,60.0,0.0,0.0,0.0,1.0,60.0,0.0,60.0,0.0,0.0,0.0,1.0,1505913572.693393,0.0,1.0,1505913572.693393,0.0,1.0,1505913572.693393,0.0,1.0,1505913572.693393,0.0,1.0,1505913572.693393,0.0,1.0,60.0,0.0,60.0,0.0,0.0,0.0,1.0,60.0,0.0,60.0,0.0,0.0,0.0,1.0,60.0,0.0,60.0,0.0,0.0,0.0,1.0,60.0,0.0,60.0,0.0,0.0,0.0,1.0,60.0,0.0,60.0,0.0,0.0,0.0
99.74761364205024,496.28979890374666,30413.84961782413,181.85941634297643,453.07585461729707,44387.75495323373,601.6161278491653,407.4310034758367,55091.78421577288,6348.806205391667,393.6269355999216,57506.13926013786,42739.720900196,391.7814772391922,57799.04578627423,99.74761364205024,496.28979890374666,30413.84961782413,181.85941634297643,453.07585461729707,44387.75495323373,601.6161278491653,407.4310034758367,55091.78421577288,6348.806205391667,393.6269355999216,57506.13926013786,42739.720900196,391.7814772391922,57799.04578627423,86.0056646186141,565.9999999999999,7.62939453125e-06,565.9999999999999,5.820766091346741e-11,0.0,0.0,141.273805334425,565.9999999999943,5.44847749980381e-05,565.9999999999943,2.968590706586837e-09,0.0,0.0,413.0833009397103,565.9998618594341,0.2643843934580299,565.9998618594341,0.0698991075041703,0.0,0.0,4186.391950341681,565.9496217779223,5.048647581960342,565.9496217779223,25.48884240683401,0.0,0.0,28025.94191985164,565.9574950947897,4.637421198345388,565.9574950947897,21.50567537086317,0.0,0.0,86.0056646186141,0.0034198961609745,2.806179332007689e-05,141.273805334425,0.0034608374771948,4.590791462072228e-05,413.0833009397103,0.0035237033080244,8.034803682485442e-05,4186.391950341681,4.71656730885878,7105769542.986959,28025.94191985164,17475.403688912582,26346619902789.52,1.0,566.0,0.0,566.0,0.0,0.0,0.0,1.0,566.0,0.0,566.0,0.0,0.0,0.0,1.0,566.0,0.0,566.0,0.0,0.0,0.0,1.0,566.0,0.0,566.0,0.0,0.0,0.0,1.0,566.0,0.0,566.0,0.0,0.0,0.0
108.13626680545464,73.2006450240527,10.552001295885018,189.75115536483628,72.15141987079902,22.462877461391145,626.6159378475319,70.43272060021427,37.2173277310776,6620.704586837707,69.49794770399824,42.84325877834453,51537.00279218076,69.40163439100434,43.382270780977706,108.13626680545464,73.2006450240527,10.552001295885018,189.75115536483628,72.15141987079902,22.462877461391145,626.6159378475319,70.43272060021427,37.2173277310776,6620.704586837707,69.49794770399824,42.84325877834453,51537.00279218076,69.40163439100434,43.382270780977706,101.96220144472386,73.99997696201514,0.0179591551305971,73.99997696201514,0.0003225312530048,0.0,0.0,164.70151445373872,73.99953838082881,0.0803893979761848,73.99953838082881,0.0064624553069734,0.0,0.0,467.08630134689855,73.99473156002404,0.2715334292695879,73.99473156002404,0.0737304032109023,0.0,0.0,4490.177691626531,73.99701405064663,0.2044367263903362,73.99701405064663,0.0417943750971971,0.0,0.0,34588.522050000574,73.99783464716651,0.1740983946500591,73.99783464716651,0.0303102510197277,0.0,0.0,101.96220144472386,0.0028841396694232,2.515221502942277e-05,164.70151445373872,0.0029698977054,4.250713806373123e-05,467.08630134689855,0.0031181119362994,7.766105432410697e-05,4490.177691626531,0.1169826349686863,171520360.85352004,34588.522050000574,9825.804317802542,14813841819625.809,1.0,74.0,0.0,74.0,0.0,0.0,0.0,1.0,74.0,0.0,74.0,0.0,0.0,0.0,1.0,74.0,0.0,74.0,0.0,0.0,0.0,1.0,74.0,0.0,74.0,0.0,0.0,0.0,1.0,74.0,0.0,74.0,0.0,0.0,0.0
1.0,60.0,0.0,1.0,60.0,0.0,1.0,60.0,0.0,1.0,60.0,0.0,1.0,60.0,0.0,1.0,60.0,0.0,1.0,60.0,0.0,1.0,60.0,0.0,1.0,60.0,0.0,1.0,60.0,0.0,1.0,60.0,0.0,60.0,0.0,0.0,0.0,1.0,60.0,0.0,60.0,0.0,0.0,0.0,1.0,60.0,0.0,60.0,0.0,0.0,0.0,1.0,60.0,0.0,60.0,0.0,0.0,0.0,1.0,60.0,0.0,60.0,0.0,0.0,0.0,1.0,1505913549.36104,0.0,1.0,1505913549.36104,0.0,1.0,1505913549.36104,0.0,1.0,1505913549.36104,0.0,1.0,1505913549.36104,0.0,1.0,60.0,0.0,60.0,0.0,0.0,0.0,1.0,60.0,0.0,60.0,0.0,0.0,0.0,1.0,60.0,0.0,60.0,0.0,0.0,0.0,1.0,60.0,0.0,60.0,0.0,0.0,0.0,1.0,60.0,0.0,60.0,0.0,0.0,0.0
136.62226258376012,74.07966545021162,3.037378511584393,246.37225319450272,74.05520274063149,3.038311965733556,784.3753532650856,74.24941085151885,179.92721808919305,7576.090330639163,74.53192204958239,402.9385337429403,39085.10101802176,74.35850157079028,241.4902766300065,136.62226258376012,74.07966545021162,3.037378511584393,246.37225319450272,74.05520274063149,3.038311965733556,784.3753532650856,74.24941085151885,179.92721808919305,7576.090330639163,74.53192204958239,402.9385337429403,39085.10101802176,74.35850157079028,241.4902766300065,135.7065909141985,73.99999983271817,0.0015303442111299,95.26804278057932,2.341953404539505e-06,8.358410318654361e-21,4.049668532746523e-12,245.0184007335104,73.99998081851555,0.0163872028419261,95.26802801118887,0.0002685404169824,-8.218790620299142e-19,-7.437346206636601e-11,781.1003219872919,73.99875430030907,0.1320539429824563,95.26707530935076,0.0174382438572138,-5.378581269873463e-18,-3.019960602554025e-11,7552.583170740486,73.99797124629505,0.1685183548926996,95.26646707298156,0.0283984359357418,9.828345135578087e-17,1.6961389416225012e-10,38966.67265792544,73.99825867990023,0.1561263887291462,95.26669033643095,0.0243754492576044,3.341837828712998e-16,3.5711691552681723e-10,135.70659091419844,0.0022163452890716,5.118259777948976e-05,245.01840073351025,0.0020052811844177,3.880674910127509e-05,781.1003219872929,0.0018586272706873,3.05948740090074e-05,7552.583170740561,121.73295659459566,183316506268.63397,38966.67265792382,18436.422229369186,27763329468249.87,1.0,74.0,0.0,95.26804291051644,0.0,0.0,0.0,1.0,74.0,0.0,95.26804291051644,0.0,0.0,0.0,1.0,74.0,0.0,95.26804291051644,0.0,0.0,0.0,1.0200393733360569,74.0,0.0,95.26804291051644,0.0,0.0,0.0,1.6763763497943789,74.0,0.0,95.26804291051644,0.0,0.0,0.0
126.69350054340862,60.01687018637346,0.8094843376375138,146.91362164334214,60.0505083358609,2.421833285584853,285.6264173323604,60.09109808156026,4.3345162612249615,2335.644099005629,60.03312843292903,1.2622153227607669,20630.894292442263,60.02179483100571,0.7570533291686843,126.69350054340862,60.01687018637346,0.8094843376375138,146.91362164334214,60.0505083358609,2.421833285584853,285.6264173323604,60.09109808156026,4.3345162612249615,2335.644099005629,60.03312843292903,1.2622153227607669,20630.894292442263,60.02179483100571,0.7570533291686843,1.0,60.0,0.0,60.0,0.0,0.0,0.0,1.0,60.0,0.0,60.0,0.0,0.0,0.0,1.0,60.0,0.0,60.0,0.0,0.0,0.0,1.0,60.0,0.0,60.0,0.0,0.0,0.0,1.0,60.0,0.0,60.0,0.0,0.0,0.0,1.0,1507653294.116201,0.0,1.0,1507653294.116201,0.0,1.0,1507653294.116201,0.0,1.0,1507653294.116201,0.0,1.0,1507653294.116201,0.0,1.0,60.0,0.0,60.0,0.0,0.0,0.0,1.0,60.0,0.0,60.0,0.0,0.0,0.0,1.0,60.0,0.0,60.0,0.0,0.0,0.0,1.0,60.0,0.0,60.0,0.0,0.0,0.0,1.0,60.0,0.0,60.0,0.0,0.0,0.0
132.9133526299569,74.0467701957347,1.258887701342246,236.9448564428889,74.04575078021695,1.6164668086275924,774.7233792622258,74.08824397822441,14.207890329265869,7865.637526253369,74.22838530685542,123.083357202966,26545.823745272133,74.39682572109615,266.65174640629454,132.9133526299569,74.0467701957347,1.258887701342246,236.9448564428889,74.04575078021695,1.6164668086275924,774.7233792622258,74.08824397822441,14.207890329265869,7865.637526253369,74.22838530685542,123.083357202966,26545.823745272133,74.39682572109615,266.65174640629454,132.63453260686242,73.99640727860864,0.2242435993086105,95.26525227039352,0.0502851918308806,3.150111169481415e-16,6.943836420120076e-10,236.42510229807425,73.99220872575059,0.3301774304080419,95.26199111983247,0.1090171355508573,-8.974299125944195e-17,-2.850053884257517e-10,773.0512398899418,73.99061804810668,0.3622972612108089,95.26075560870171,0.131259305480853,5.320120368893077e-16,4.115212848481893e-10,7846.013696840561,73.99688753562448,0.2087218577177144,95.2656253060875,0.0435648138891338,4.373906128149634e-16,3.107537925657199e-09,26466.70841018857,73.99781594124072,0.1748486561164306,95.26634644024932,0.0305720525457218,-1.5423611420022689e-15,-8.839274687678166e-10,132.63453260686236,0.0022692335309018,5.240559975737771e-05,236.42510229807445,0.0020828014014962,4.428027519844096e-05,773.0512398899443,0.0018771667803772,0.0015960856701827,7846.013696840694,2857.196085672944,4302681611117.33,26466.708410187755,37357.620822878336,56255977831224.73,1.0,74.0,0.0,95.26804291051644,0.0,0.0,0.0,1.0,74.0,0.0,95.26804291051644,0.0,0.0,0.0,1.0,74.0,0.0,95.26804291051644,0.0,0.0,0.0,1.0235612876865394,74.0,0.0,95.26804291051644,0.0,0.0,0.0,1.6874164207796492,74.0,0.0,95.26804291051644,0.0,0.0,0.0
1.0,60.0,0.0,1.0,60.0,0.0,1.0,60.0,0.0,1.0,60.0,0.0,1.0,60.0,0.0,1.0,60.0,0.0,1.0,60.0,0.0,1.0,60.0,0.0,1.0,60.0,0.0,1.0,60.0,0.0,1.0,60.0,0.0,60.0,0.0,0.0,0.0,1.0,60.0,0.0,60.0,0.0,0.0,0.0,1.0,60.0,0.0,60.0,0.0,0.0,0.0,1.0,60.0,0.0,60.0,0.0,0.0,0.0,1.0,60.0,0.0,60.0,0.0,0.0,0.0,1.0,1505913559.419178,0.0,1.0,1505913559.419178,0.0,1.0,1505913559.419178,0.0,1.0,1505913559.419178,0.0,1.0,1505913559.419178,0.0,1.0,60.0,0.0,60.0,0.0,0.0,0.0,1.0,60.0,0.0,60.0,0.0,0.0,0.0,1.0,60.0,0.0,60.0,0.0,0.0,0.0,1.0,60.0,0.0,60.0,0.0,0.0,0.0,1.0,60.0,0.0,60.0,0.0,0.0,0.0
128.19327915561448,400.11692791792257,56397.122088200085,218.73524360910744,383.2514855999952,59054.533403647714,643.8357480708876,382.90495413678457,59112.811420556325,6308.96374323732,390.2262130501902,58041.895609915926,27567.036520357404,391.17876022568765,57893.74275422169,128.19327915561448,400.11692791792257,56397.122088200085,218.73524360910744,383.2514855999952,59054.533403647714,643.8357480708876,382.90495413678457,59112.811420556325,6308.96374323732,390.2262130501902,58041.895609915926,27567.036520357404,391.17876022568765,57893.74275422169,86.15578052369942,565.9999999999999,0.0,565.9999999999999,0.0,0.0,0.0,139.71925122344624,566.0000000000006,2.1579186437577742e-05,566.0000000000006,4.656612873077394e-10,0.0,0.0,410.84054134927214,565.9999999996237,0.0004370784175843,565.9999999996237,1.9103754311800006e-07,0.0,0.0,4117.3932744323065,565.9858042415626,2.6800843737152804,565.9858042415626,7.182852250232828,0.0,0.0,18043.71109862424,565.9614498729819,4.416432741295859,565.9614498729819,19.504878158390056,0.0,0.0,86.15578052369942,0.0035370263486264,0.0001114088197983,139.71925122344624,0.0035651691305751,0.0001163641455657,410.84054134927214,0.0035537269546078,0.0001128442306158,4117.3932744323065,1199.4956573451288,1808422401022.744,18043.71109862424,47152.92869410551,71088257087618.44,1.0,566.0,0.0,566.0,0.0,0.0,0.0,1.0,566.0,0.0,566.0,0.0,0.0,0.0,1.0,566.0,0.0,566.0,0.0,0.0,0.0,1.0,566.0,0.0,566.0,0.0,0.0,0.0,1.0,566.0,0.0,566.0,0.0,0.0,0.0
161.41829931480186,68.72375074190344,46.0286851481842,257.7119201099805,68.6680006134186,46.21785958264628,712.6831226501398,69.07602398520186,44.69252603770565,6701.253547158379,69.36584754099518,43.48836653816579,35085.06187342315,69.37147953309636,43.50565678020212,161.41829931480186,68.72375074190344,46.0286851481842,257.7119201099805,68.6680006134186,46.21785958264628,712.6831226501398,69.07602398520186,44.69252603770565,6701.253547158379,69.36584754099518,43.48836653816579,35085.06187342315,69.37147953309636,43.50565678020212,100.58376592523427,73.99999999999999,1.3486991523486091e-06,73.99999999999999,1.8189894035458565e-12,0.0,0.0,159.55892957002766,73.99999999999999,0.0,73.99999999999999,0.0,0.0,0.0,461.9016391299052,73.99999999995154,2.5696170015921557e-05,73.99999999995154,6.602931534871458e-10,0.0,0.0,4480.779326186778,73.99922302695765,0.1042929476868309,73.99922302695765,0.010877018937208,0.0,0.0,23471.60439597857,73.99838321819374,0.1504404578230075,73.99838321819374,0.022632331349996,0.0,0.0,100.58376592523427,0.0032345495250322,0.0002486380168166,159.55892957002766,0.0032188269175527,0.000212256072977,461.9016391299052,0.0031732662134191,0.0001393877994139,4480.779326186778,189.1328270518039,285142548943.7559,23471.60439597857,30390.7127506684,45817844120188.38,1.0,74.0,0.0,74.0,0.0,0.0,0.0,1.0,74.0,0.0,74.0,0.0,0.0,0.0,1.0,74.0,0.0,74.0,0.0,0.0,0.0,1.0,74.0,0.0,74.0,0.0,0.0,0.0,1.0,74.0,0.0,74.0,0.0,0.0,0.0
110.04409647248784,72.64733674473871,17.107660565667175,192.86578293248024,71.48579064905333,28.883207060187488,627.1245836864857,70.05018639096093,39.92219189561183,6286.811358047412,69.45760576378632,43.20066083037,17139.781314924305,69.3761459757976,43.52559952523279,110.04409647248784,72.64733674473871,17.107660565667175,192.86578293248024,71.48579064905333,28.883207060187488,627.1245836864857,70.05018639096093,39.92219189561183,6286.811358047412,69.45760576378632,43.20066083037,17139.781314924305,69.3761459757976,43.52559952523279,99.41175064299496,73.99999999992274,3.3022479425775125e-05,73.99999999992274,1.090484147425741e-09,0.0,0.0,158.227478936417,73.99999975434382,0.0018545057184112,73.99999975434382,3.4391914596199062e-06,0.0,0.0,449.9078186406758,73.99956264747874,0.0782479649989069,73.99956264747874,0.0061227440264701,0.0,0.0,4243.297964787993,73.99764774935456,0.1814551621702804,73.99764774935456,0.0329259758782427,0.0,0.0,11470.473920231843,73.99790899256621,0.1710839906065159,73.99790899256621,0.0292697318418504,0.0,0.0,99.41175064299496,0.0029638460867853,2.9079657150646e-05,158.227478936417,0.003093717219318,4.610972162612773e-05,449.9078186406758,0.0032365881245698,543.5775015003585,4243.297964787993,17938.12709298155,27044217283140.58,11470.473920231843,97507.72329822824,146998694660201.5,1.0,74.0,0.0,74.0,0.0,0.0,0.0,1.0,74.0,0.0,74.0,0.0,0.0,0.0,1.0,74.0,0.0,74.0,0.0,0.0,0.0,1.0,74.0,0.0,74.0,0.0,0.0,0.0,1.0,74.0,0.0,74.0,0.0,0.0,0.0
158.57646667831816,75.86972335408356,709.5869370542059,262.30020458967385,75.34200859324363,505.0640854889243,772.8310702146327,74.78378782933999,300.19346367804434,6821.2376969190345,74.65008849018413,435.3788429189035,20659.529246326056,74.34883191148954,219.78250503285471,158.57646667831816,75.86972335408356,709.5869370542059,262.30020458967385,75.34200859324363,505.0640854889243,772.8310702146327,74.78378782933999,300.19346367804434,6821.2376969190345,74.65008849018413,435.3788429189035,20659.529246326056,74.34883191148954,219.78250503285471,156.02051224820391,74.00000000000004,2.132480599880018e-06,95.26804291051644,4.747701727369781e-12,-9.837539389718115e-29,-3.949623326440216e-17,259.1508971499157,73.99999999999993,1.3486991523486091e-06,95.2680429105164,2.033691978340166e-12,-1.0238178773845494e-27,-7.959898638083312e-16,767.6816101194237,73.99999971393513,0.0020012264161169,95.26804268831393,4.004907168565651e-06,-5.263982206381703e-21,-1.4742939276668172e-12,6796.146691211678,73.99905318005602,0.115128548331469,95.26730746454822,0.0132545826409113,-3.5243101878990665e-17,-6.177448420665995e-11,20593.373267222687,73.99835781896424,0.1516174055173713,95.26676734257038,0.022987837655819,3.3067478442339236e-16,8.350669582784298e-10,156.02051224820391,0.0018936243992541,2.33456407681197e-05,259.15089714991586,0.0018822788709577,2.297042773481956e-05,767.6816101194254,0.0019208057919064,113.18107124359832,6796.146691211764,10089.574967650658,15193925547223.688,20593.373267222167,53691.58005783815,80852007107487.84,1.0000000008852472,74.00000000000001,1.3486991523486091e-06,74.00000000000001,1.8189894035458565e-12,0.0,0.0,1.0000037074910062,74.0,9.5367431640625e-07,74.0,9.094947017729282e-13,0.0,0.0,1.017401996712409,73.99999999999999,9.5367431640625e-07,73.99999999999999,9.094947017729282e-13,0.0,0.0,2.194467522253454,74.0,0.0,74.0,0.0,0.0,0.0,2.8986011421423123,74.0,9.5367431640625e-07,74.0,9.094947017729282e-13,0.0,0.0
67.41049084253444,499.5378726042682,23938.167466370294,127.33326911563564,445.5075090763573,41824.65276467649,457.5284875646065,374.3311881727366,56474.4548575246,5036.179323767818,340.21389415533474,59902.84898013329,34764.340769972165,336.99298521445667,60105.55602623736,67.41049084253444,499.5378726042682,23938.167466370294,127.33326911563564,445.5075090763573,41824.65276467649,457.5284875646065,374.3311881727366,56474.4548575246,5036.179323767818,340.21389415533474,59902.84898013329,34764.340769972165,336.99298521445667,60105.55602623736,59.9786714888633,553.9999999999994,2.5303839037745665e-05,553.9999999999994,6.402842700481415e-10,0.0,0.0,99.36827294813342,554.0000000000003,1.8688123647942943e-05,554.0000000000003,3.4924596548080444e-10,0.0,0.0,291.1223972021542,553.9999999998264,0.0002921171526958,553.9999999998264,8.533243089914323e-08,0.0,0.0,2856.734657811842,553.9818048719121,2.99800970860402,553.9818048719121,8.98806221288396,0.0,0.0,19494.76345798152,553.9370756879183,5.575002305331108,553.9370756879183,31.08065070444718,0.0,0.0,59.9786714888633,0.0049244775907768,4.929313666993549e-05,99.36827294813342,0.0049453547690989,8.699576475151297e-05,291.1223972021542,0.0050086515236326,0.0001331433356009,2856.734657811842,4.322027535914165,6508516467.103161,19494.76345798152,23969.550202277747,36137333223451.31,59.9786714888633,553.9999999999994,2.5303839037745665e-05,553.9999999999994,6.402842700481415e-10,0.0,0.0,99.36827294813342,554.0000000000003,1.8688123647942943e-05,554.0000000000003,3.4924596548080444e-10,0.0,0.0,291.12239720205145,554.0000000000006,2.0185480583683703e-05,554.0000000000006,4.07453626394272e-10,0.0,0.0,2856.629437866485,554.0000000000001,3.145679951185349e-05,554.0000000000001,9.89530235528946e-10,0.0,0.0,19492.28027057305,554.0000000000043,4.51361067436189e-05,554.0000000000043,2.0372681319713597e-09,0.0,0.0
100.34014846139917,60.00000000000002,0.0,119.30856407672162,60.00000000002503,1.1978045222349463e-09,256.39592473367003,60.000075102368974,0.0035720243367904,2303.9827567541925,60.01673960900251,0.6248468555813815,22653.079460122197,60.02014324828986,0.6984916941783013,100.34014846139917,60.00000000000002,0.0,119.30856407672162,60.00000000002503,1.1978045222349463e-09,256.39592473367003,60.000075102368974,0.0035720243367904,2303.9827567541925,60.01673960900251,0.6248468555813815,22653.079460122197,60.02014324828986,0.6984916941783013,1.0,60.0,0.0,60.0,0.0,0.0,0.0,1.0,60.0,0.0,60.0,0.0,0.0,0.0,1.0,60.0,0.0,60.0,0.0,0.0,0.0,1.0,60.0,0.0,60.0,0.0,0.0,0.0,1.0,60.0,0.0,60.0,0.0,0.0,0.0,1.0,1507653654.783377,0.0,1.0,1507653654.783377,0.0,1.0,1507653654.783377,0.0,1.0,1507653654.783377,0.0,1.0,1507653654.783377,0.0,1.0,60.0,0.0,60.0,0.0,0.0,0.0,1.0,60.0,0.0,60.0,0.0,0.0,0.0,1.0,60.0,0.0,60.0,0.0,0.0,0.0,1.0,60.0,0.0,60.0,0.0,0.0,0.0,1.0,60.0,0.0,60.0,0.0,0.0,0.0
171.99030965241687,248.78686997993515,59885.66824373138,261.927276804718,291.31927901020896,63538.81359002143,691.5994206548268,354.26505588294043,62304.408528816886,5803.485310147449,387.6194758997552,58438.29949557764,13465.758894529748,389.0378591935898,58224.34186622463,171.99030965241687,248.78686997993515,59885.66824373138,261.927276804718,291.31927901020896,63538.81359002143,691.5994206548268,354.26505588294043,62304.408528816886,5803.485310147449,387.6194758997552,58438.29949557764,13465.758894529748,389.0378591935898,58224.34186622463,64.16899255589044,566.0000000000001,1.0789593218788871e-05,566.0000000000001,1.1641532182693479e-10,0.0,0.0,119.74062847550633,566.0,1.3214498959113138e-05,566.0,1.7462298274040222e-10,0.0,0.0,402.19570273279226,565.9999999998339,0.0002910191516534,565.9999999998339,8.469214662909509e-08,0.0,0.0,3757.618057122264,565.9861584515478,2.6464375919565417,565.9861584515478,7.003631928120741,0.0,0.0,8757.04559270766,565.9539756582897,4.8255775473154605,565.9539756582897,23.28619866515509,0.0,0.0,64.16899255589044,0.0053827396636645,0.0006030005645839,119.74062847550633,0.004360045028435,0.0003550043605013,402.19570273279226,0.0037840238959405,212661.8923947761,3757.618057122264,36386.67444330675,54857328140417.35,8757.04559270766,135425.49283099474,204156969581214.9,1.0,566.0,0.0,566.0,0.0,0.0,0.0,1.0,566.0,0.0,566.0,0.0,0.0,0.0,1.0,566.0,0.0,566.0,0.0,0.0,0.0,1.0,566.0,0.0,566.0,0.0,0.0,0.0,1.0,566.0,0.0,566.0,0.0,0.0,0.0
106.6808941684875,504.99282373574687,27147.755631156528,188.83073054595064,462.5094348860164,41655.92744255104,606.863495707272,414.3921283336399,53728.23239811952,6263.602714546862,393.59181403960383,57511.61064905027,28639.275864342304,391.924582968765,57776.798199737976,106.6808941684875,504.99282373574687,27147.755631156528,188.83073054595064,462.5094348860164,41655.92744255104,606.863495707272,414.3921283336399,53728.23239811952,6263.602714546862,393.59181403960383,57511.61064905027,28639.275864342304,391.924582968765,57776.798199737976,93.8186409764375,566.0,7.62939453125e-06,566.0,5.820766091346741e-11,0.0,0.0,150.20978278324068,565.9999999999999,1.0789593218788871e-05,565.9999999999999,1.1641532182693479e-10,0.0,0.0,425.0338866037062,565.9999999999843,8.929977348876668e-05,565.9999999999843,7.974449545145035e-09,0.0,0.0,4129.442769370488,565.9897377684695,2.278724169837811,565.9897377684695,5.192583842203022,0.0,0.0,18787.67724798764,565.9641479644588,4.259089646275647,565.9641479644588,18.139844615012407,0.0,0.0,93.8186409764375,0.0031309300602692,2.339117327701867e-05,150.20978278324068,0.0032450444392823,3.2649888144603114e-05,425.0338866037062,0.0034164252794513,5.3331018862105184e-05,4129.442769370488,867.1263219557209,1307323842869.052,18787.67724798764,43852.73449124186,66112993543798.84,1.0,566.0,0.0,566.0,0.0,0.0,0.0,1.0,566.0,0.0,566.0,0.0,0.0,0.0,1.0,566.0,0.0,566.0,0.0,0.0,0.0,1.0,566.0,0.0,566.0,0.0,0.0,0.0,1.0,566.0,0.0,566.0,0.0,0.0,0.0
1.0,60.0,0.0,1.0,60.0,0.0,1.0,60.0,0.0,1.0,60.0,0.0,1.0,60.0,0.0,1.0,60.0,0.0,1.0,60.0,0.0,1.0,60.0,0.0,1.0,60.0,0.0,1.0,60.0,0.0,1.0,60.0,0.0,60.0,0.0,0.0,0.0,1.0,60.0,0.0,60.0,0.0,0.0,0.0,1.0,60.0,0.0,60.0,0.0,0.0,0.0,1.0,60.0,0.0,60.0,0.0,0.0,0.0,1.0,60.0,0.0,60.0,0.0,0.0,0.0,1.0,1505913585.531207,0.0,1.0,1505913585.531207,0.0,1.0,1505913585.531207,0.0,1.0,1505913585.531207,0.0,1.0,1505913585.531207,0.0,1.0,60.0,0.0,60.0,0.0,0.0,0.0,1.0,60.0,0.0,60.0,0.0,0.0,0.0,1.0,60.0,0.0,60.0,0.0,0.0,0.0,1.0,60.0,0.0,60.0,0.0,0.0,0.0,1.0,60.0,0.0,60.0,0.0,0.0,0.0
1.0,60.0,0.0,1.0,60.0,0.0,1.0,60.0,0.0,1.0,60.0,0.0,1.0,60.0,0.0,1.0,60.0,0.0,1.0,60.0,0.0,1.0,60.0,0.0,1.0,60.0,0.0,1.0,60.0,0.0,1.0,60.0,0.0,60.0,0.0,0.0,0.0,1.0,60.0,0.0,60.0,0.0,0.0,0.0,1.0,60.0,0.0,60.0,0.0,0.0,0.0,1.0,60.0,0.0,60.0,0.0,0.0,0.0,1.0,60.0,0.0,60.0,0.0,0.0,0.0,1.0,1505913449.021239,0.0,1.0,1505913449.021239,0.0,1.0,1505913449.021239,0.0,1.0,1505913449.021239,0.0,1.0,1505913449.021239,0.0,1.0,60.0,0.0,60.0,0.0,0.0,0.0,1.0,60.0,0.0,60.0,0.0,0.0,0.0,1.0,60.0,0.0,60.0,0.0,0.0,0.0,1.0,60.0,0.0,60.0,0.0,0.0,0.0,1.0,60.0,0.0,60.0,0.0,0.0,0.0
121.78479278925523,308.36890766029524,61007.12609181753,198.07043934351495,306.6840317536909,61008.90016406629,544.0316811120789,321.38110228878463,60802.17580076793,5072.351118217466,334.51279774983306,60248.92541187733,38828.69057670805,336.1594140789292,60154.71474767901,121.78479278925523,308.36890766029524,61007.12609181753,198.07043934351495,306.6840317536909,61008.90016406629,544.0316811120789,321.38110228878463,60802.17580076793,5072.351118217466,334.51279774983306,60248.92541187733,38828.69057670805,336.1594140789292,60154.71474767901,61.2298703536492,554.0000000000006,2.1579186437577742e-05,554.0000000000006,4.656612873077394e-10,0.0,0.0,98.90853147466149,553.9999999999997,1.7059844799040144e-05,553.9999999999997,2.910383045673371e-10,0.0,0.0,287.8534223091096,553.9999999997261,0.0003684294576309,553.9999999997261,1.35740265250206e-07,0.0,0.0,2818.7143286743303,553.9807240346164,3.085766571921128,553.9807240346164,9.521955336385874,0.0,0.0,21708.24219625839,553.9399926959886,5.444263706562055,553.9399926959886,29.640007306588807,0.0,0.0,61.2298703536492,0.0052064111992755,0.0003208731641015,98.90853147466149,0.0051485529640845,0.0002842553935246,287.8534223091096,0.0050881500549216,0.0002024454302668,2818.7143286743303,0.2221516553101238,327203935.17379326,21708.24219625839,15940.612693534757,24032751273317.14,61.2298703536492,554.0000000000006,2.1579186437577742e-05,554.0000000000006,4.656612873077394e-10,0.0,0.0,98.90853147466149,553.9999999999997,1.7059844799040144e-05,553.9999999999997,2.910383045673371e-10,0.0,0.0,287.8534223089502,553.9999999999993,3.0517578125e-05,553.9999999999993,9.313225746154783e-10,0.0,0.0,2818.604341954039,553.9999999999992,2.854658040446428e-05,553.9999999999992,8.149072527885437e-10,0.0,0.0,21705.60524668544,554.0000000000036,5.909703592235439e-05,554.0000000000036,3.492459654808044e-09,0.0,0.0
95.1353523652815,343.9441362921962,59644.13079362363,171.7470302318986,342.702417641866,59734.33737452551,534.8714090626361,374.2384934043406,56487.98162688484,5256.5839287023655,402.1824420409136,51939.23670777801,30679.56803814612,399.32809001223,52456.11426107877,95.1353523652815,343.9441362921962,59644.13079362363,171.7470302318986,342.702417641866,59734.33737452551,534.8714090626361,374.2384934043406,56487.98162688484,5256.5839287023655,402.1824420409136,51939.23670777801,30679.56803814612,399.32809001223,52456.11426107877,54.68244019881293,554.0000000000006,1.7059844799040144e-05,554.0000000000006,2.910383045673371e-10,0.0,0.0,98.28603374366058,554.0000000000001,1.0789593218788871e-05,554.0000000000001,1.1641532182693479e-10,0.0,0.0,340.23721049941736,553.9999999947694,0.0016073959227978,553.9999999947694,2.583721652626992e-06,0.0,0.0,3641.098216070573,553.9716623012739,3.741392808134632,553.9716623012739,13.998020144761538,0.0,0.0,21074.552594398265,553.8938477248445,7.240715132032918,553.8938477248445,52.42795562325047,0.0,0.0,54.68244019881293,0.0054875283364456,9.627283146202876e-05,98.28603374366058,0.0050068424513619,8.71085492466783e-05,340.23721049941736,0.0042753530237589,8.397692637196943e-05,3641.098216070573,34.669888945874256,52264400682.13299,21074.552594398265,27978.737241394618,42181614525102.8,54.68244019881293,554.0000000000006,1.7059844799040144e-05,554.0000000000006,2.910383045673371e-10,0.0,0.0,98.28603374366058,554.0000000000001,1.0789593218788871e-05,554.0000000000001,1.1641532182693479e-10,0.0,0.0,340.23721049581445,554.0000000000001,7.62939453125e-06,554.0000000000001,5.820766091346741e-11,0.0,0.0,3640.889348976881,554.0000000000001,1.8688123647942943e-05,554.0000000000001,3.4924596548080444e-10,0.0,0.0,21070.02402819237,553.9999999999989,3.325575976212062e-05,553.9999999999989,1.1059455573558807e-09,0.0,0.0
89.89919274977724,544.861756343321,4430.650728398352,143.57807284751303,514.5878340815036,17915.208996000583,511.4509826190396,433.50250265107695,45002.0818950517,6200.721031027505,386.8261315796863,54633.74866034,35469.735987860935,382.8719274796934,55249.33480411253,89.89919274977724,544.861756343321,4430.650728398352,143.57807284751303,514.5878340815036,17915.208996000583,511.4509826190396,433.50250265107695,45002.0818950517,6200.721031027505,386.8261315796863,54633.74866034,35469.735987860935,382.8719274796934,55249.33480411253,88.23614436196844,553.9999999999999,1.3214498959113138e-05,553.9999999999999,1.7462298274040222e-10,0.0,0.0,132.12251171902312,553.9999999999997,1.7059844799040144e-05,553.9999999999997,2.910383045673371e-10,0.0,0.0,386.688085082306,553.9999991631116,0.0203328030588162,553.9999991631116,0.0004134228802286,0.0,0.0,4102.513508442443,553.9697163674646,3.8677121627803377,553.9697163674646,14.959197374118958,0.0,0.0,23184.021319471507,553.9584159508289,4.532194949195795,553.9584159508289,20.54079105751589,0.0,0.0,88.23614436196844,0.0035787069533589,0.0001886181434259,132.12251171902312,0.0038305138192013,0.0001822577915708,386.688085082306,0.0037762303523218,0.0001193550535827,4102.513508442443,103.19140375821834,155571814931.04532,23184.021319471507,28704.578426285298,43275798545690.5,1.0,554.0,0.0,554.0,0.0,0.0,0.0,1.0,554.0,0.0,554.0,0.0,0.0,0.0,1.0,554.0,0.0,554.0,0.0,0.0,0.0,1.0,554.0,0.0,554.0,0.0,0.0,0.0,1.0,554.0,0.0,554.0,0.0,0.0,0.0
1.0,60.0,0.0,1.0,60.0,0.0,1.0,60.0,0.0,1.0,60.0,0.0,1.0,60.0,0.0,1.0,60.0,0.0,1.0,60.0,0.0,1.0,60.0,0.0,1.0,60.0,0.0,1.0,60.0,0.0,1.0,60.0,0.0,60.0,0.0,0.0,0.0,1.0,60.0,0.0,60.0,0.0,0.0,0.0,1.0,60.0,0.0,60.0,0.0,0.0,0.0,1.0,60.0,0.0,60.0,0.0,0.0,0.0,1.0,60.0,0.0,60.0,0.0,0.0,0.0,1.0,1505913563.420156,0.0,1.0,1505913563.420156,0.0,1.0,1505913563.420156,0.0,1.0,1505913563.420156,0.0,1.0,1505913563.420156,0.0,1.0,60.0,0.0,60.0,0.0,0.0,0.0,1.0,60.0,0.0,60.0,0.0,0.0,0.0,1.0,60.0,0.0,60.0,0.0,0.0,0.0,1.0,60.0,0.0,60.0,0.0,0.0,0.0,1.0,60.0,0.0,60.0,0.0,0.0,0.0
151.13419254703578,66.54648214018124,48.79436177936168,233.17698042978827,67.80134506352364,48.3617163542267,670.5179241279675,68.89562159583147,45.60645401017246,6691.585953913521,69.35274087444027,43.69682439710687,45908.74149433243,69.3792021755615,43.49325043491172,151.13419254703578,66.54648214018124,48.79436177936168,233.17698042978827,67.80134506352364,48.3617163542267,670.5179241279675,68.89562159583147,45.60645401017246,6691.585953913521,69.35274087444027,43.69682439710687,45908.74149433243,69.3792021755615,43.49325043491172,1.0,60.0,0.0,60.0,0.0,0.0,0.0,1.0,60.0,0.0,60.0,0.0,0.0,0.0,1.0,60.0,0.0,60.0,0.0,0.0,0.0,1.0,60.0,0.0,60.0,0.0,0.0,0.0,1.0,60.0,0.0,60.0,0.0,0.0,0.0,1.0,1507657227.312175,0.0,1.0,1507657227.312175,0.0,1.0,1507657227.312175,0.0,1.0,1507657227.312175,0.0,1.0,1507657227.312175,0.0,1.0,60.0,0.0,60.0,0.0,0.0,0.0,1.0,60.0,0.0,60.0,0.0,0.0,0.0,1.0,60.0,0.0,60.0,0.0,0.0,0.0,1.0,60.0,0.0,60.0,0.0,0.0,0.0,1.0,60.0,0.0,60.0,0.0,0.0,0.0
91.31208533559808,60.00004922833919,0.0023629578427062,110.75561510513091,60.00165874982499,0.0796167254447937,246.93123378783355,60.03071118877987,1.4631373798843017,2288.433363183741,60.0292016883032,1.1348138203256894,20191.9761095098,60.02142732813986,0.7490373496948449,91.31208533559808,60.00004922833919,0.0023629578427062,110.75561510513091,60.00165874982499,0.0796167254447937,246.93123378783355,60.03071118877987,1.4631373798843017,2288.433363183741,60.0292016883032,1.1348138203256894,20191.9761095098,60.02142732813986,0.7490373496948449,1.0,60.0,0.0,60.0,0.0,0.0,0.0,1.0,60.0,0.0,60.0,0.0,0.0,0.0,1.0,60.0,0.0,60.0,0.0,0.0,0.0,1.0,60.0,0.0,60.0,0.0,0.0,0.0,1.0,60.0,0.0,60.0,0.0,0.0,0.0,1.0,1507653270.8748631,0.0,1.0,1507653270.8748631,0.0,1.0,1507653270.8748631,0.0,1.0,1507653270.8748631,0.0,1.0,1507653270.8748631,0.0,1.0,60.0,0.0,60.0,0.0,0.0,0.0,1.0,60.0,0.0,60.0,0.0,0.0,0.0,1.0,60.0,0.0,60.0,0.0,0.0,0.0,1.0,60.0,0.0,60.0,0.0,0.0,0.0,1.0,60.0,0.0,60.0,0.0,0.0,0.0
1.0,60.0,0.0,1.0,60.0,0.0,1.0,60.0,0.0,1.0,60.0,0.0,1.0,60.0,0.0,1.0,60.0,0.0,1.0,60.0,0.0,1.0,60.0,0.0,1.0,60.0,0.0,1.0,60.0,0.0,1.0,60.0,0.0,60.0,0.0,0.0,0.0,1.0,60.0,0.0,60.0,0.0,0.0,0.0,1.0,60.0,0.0,60.0,0.0,0.0,0.0,1.0,60.0,0.0,60.0,0.0,0.0,0.0,1.0,60.0,0.0,60.0,0.0,0.0,0.0,1.0,1505913446.956738,0.0,1.0,1505913446.956738,0.0,1.0,1505913446.956738,0.0,1.0,1505913446.956738,0.0,1.0,1505913446.956738,0.0,1.0,60.0,0.0,60.0,0.0,0.0,0.0,1.0,60.0,0.0,60.0,0.0,0.0,0.0,1.0,60.0,0.0,60.0,0.0,0.0,0.0,1.0,60.0,0.0,60.0,0.0,0.0,0.0,1.0,60.0,0.0,60.0,0.0,0.0,0.0
122.74641484608163,69.84985234545465,40.8783416091419,216.75611701209084,69.28915401454236,43.75977478098321,660.5633502575453,69.13825699271419,44.43995464078216,6614.075025173397,69.33594424361547,43.71891520405189,32649.820767658504,69.3640176758568,43.56066383090547,122.74641484608163,69.84985234545465,40.8783416091419,216.75611701209084,69.28915401454236,43.75977478098321,660.5633502575453,69.13825699271419,44.43995464078216,6614.075025173397,69.33594424361547,43.71891520405189,32649.820767658504,69.3640176758568,43.56066383090547,86.35957586912096,73.99999999999997,1.9073486328125e-06,73.99999999999997,3.637978807091713e-12,0.0,0.0,143.82006777774885,74.0000000000001,2.86102294921875e-06,74.0000000000001,8.185452315956354e-12,0.0,0.0,431.1543270601399,73.99999992559411,0.0010206240178297,73.99999992559411,1.0416733857709912e-06,0.0,0.0,4407.672059150398,73.99836686739172,0.1511991713358627,73.99836686739172,0.0228611894126515,0.0,0.0,21824.14293337798,73.9981301614275,0.1617845596903873,73.9981301614275,0.0261742437542125,0.0,0.0,86.35957586912096,0.003449669237491,5.6375320027849e-05,143.82006777774885,0.0034224379470339,6.876914277358449e-05,431.1543270601399,0.0033805171249495,9.063758113956566e-05,4407.672059150398,397.5379480228055,599345801055.391,21824.14293337798,35147.430491125364,52989031438270.77,1.0,74.0,0.0,74.0,0.0,0.0,0.0,1.0,74.0,0.0,74.0,0.0,0.0,0.0,1.0,74.0,0.0,74.0,0.0,0.0,0.0,1.0,74.0,0.0,74.0,0.0,0.0,0.0,1.0,74.0,0.0,74.0,0.0,0.0,0.0
100.76498518273333,516.2898981836564,17206.73785235203,179.31187111621531,475.2735368890334,32692.978323527965,599.3757546791287,416.4710174780178,49023.91375760577,6565.14997305783,391.2118484037223,53914.91330435875,58377.985418538,384.7620942517081,54958.871834584745,100.76498518273333,516.2898981836564,17206.73785235203,179.31187111621531,475.2735368890334,32692.978323527965,599.3757546791287,416.4710174780178,49023.91375760577,6565.14997305783,391.2118484037223,53914.91330435875,58377.985418538,384.7620942517081,54958.871834584745,93.0729649583401,554.0000000000001,1.0789593218788871e-05,554.0000000000001,1.1641532182693479e-10,0.0,0.0,150.73575005569825,553.9999999999999,1.3214498959113138e-05,553.9999999999999,1.7462298274040222e-10,0.0,0.0,432.50729827722137,553.9999999999761,0.0001070836551484,553.9999999999761,1.1466909199953081e-08,0.0,0.0,4401.751732258504,553.9898646089529,2.2375836186011746,553.9898646089529,5.006780450232327,0.0,0.0,38380.46100488537,553.9636477143648,4.2375355593348925,553.9636477143648,17.956707616627682,0.0,0.0,93.0729649583401,0.0031584535843745,2.595965154874566e-05,150.73575005569825,0.0032392103480917,3.913185187988083e-05,432.50729827722137,0.0033593682669487,5.865975209464231e-05,4401.751732258504,0.0033007138006985,29950.139004375287,38380.46100488537,3719.927193453613,5608351304959.03,1.0,554.0,0.0,554.0,0.0,0.0,0.0,1.0,554.0,0.0,554.0,0.0,0.0,0.0,1.0,554.0,0.0,554.0,0.0,0.0,0.0,1.0,554.0,0.0,554.0,0.0,0.0,0.0,1.0,554.0,0.0,554.0,0.0,0.0,0.0
83.42239812238238,74.17285439333466,4.11865667697748,110.00108380951212,74.17938743212353,4.378657864848718,164.07721425983632,74.71919629695802,369.4939808319614,1118.594159167944,79.06360218984148,3760.8857857935536,7791.264308206802,77.0019145948707,2018.222192871708,83.42239812238238,74.17285439333466,4.11865667697748,110.00108380951212,74.17938743212353,4.378657864848718,164.07721425983632,74.71919629695802,369.4939808319614,1118.594159167944,79.06360218984148,3760.8857857935536,7791.264308206802,77.0019145948707,2018.222192871708,1.0000000009140242,74.00000000000001,1.3486991523486091e-06,74.00000000000001,1.8189894035458565e-12,0.0,0.0,1.0000037791004492,74.0,0.0,74.0,0.0,0.0,0.0,1.0174920691377365,74.0,0.0,74.0,0.0,0.0,0.0,2.1946339984933454,74.00000000000001,1.3486991523486091e-06,74.00000000000001,1.8189894035458565e-12,0.0,0.0,2.898617696749056,74.0,0.0,74.0,0.0,0.0,0.0,1.0000000009140242,6.005457932048488,60044.62323189653,1.0000037791004492,16.758238719157035,16192829094.91652,1.0174920691377365,2849998.468660245,4283718261926433.5,2.1946339984933454,367193739.3844694,4.181305736633261e+17,2.898617696749056,488039182.7330852,4.967622956118861e+17,1.0000000009140242,74.00000000000001,1.3486991523486091e-06,74.00000000000001,1.8189894035458565e-12,0.0,0.0,1.0000037791004492,74.0,0.0,74.0,0.0,0.0,0.0,1.0174920691377365,74.0,0.0,74.0,0.0,0.0,0.0,2.1946339984933454,74.00000000000001,1.3486991523486091e-06,74.00000000000001,1.8189894035458565e-12,0.0,0.0,2.898617696749056,74.0,0.0,74.0,0.0,0.0,0.0
76.0904152134543,450.080290809676,40537.030381818506,132.65500472643993,428.5723776865208,46229.1569836257,452.480126205075,371.455477463972,56854.46745833539,4946.624475670829,339.5523435323298,59945.83403854192,22363.90686379611,337.5724645170937,60070.51655980503,76.0904152134543,450.080290809676,40537.030381818506,132.65500472643993,428.5723776865208,46229.1569836257,452.480126205075,371.455477463972,56854.46745833539,4946.624475670829,339.5523435323298,59945.83403854192,22363.90686379611,337.5724645170937,60070.51655980503,1.0,60.0,0.0,60.0,0.0,0.0,0.0,1.0,60.0,0.0,60.0,0.0,0.0,0.0,1.0,60.0,0.0,60.0,0.0,0.0,0.0,1.0,60.0,0.0,60.0,0.0,0.0,0.0,1.0,60.0,0.0,60.0,0.0,0.0,0.0,1.0,1507659392.488411,0.0,1.0,1507659392.488411,0.0,1.0,1507659392.488411,0.0,1.0,1507659392.488411,0.0,1.0,1507659392.488411,0.0,1.0,60.0,0.0,60.0,0.0,0.0,0.0,1.0,60.0,0.0,60.0,0.0,0.0,0.0,1.0,60.0,0.0,60.0,0.0,0.0,0.0,1.0,60.0,0.0,60.0,0.0,0.0,0.0,1.0,60.0,0.0,60.0,0.0,0.0,0.0
66.15086466129642,497.9809753203969,24429.97967033196,123.8290008554199,446.7031930597538,41435.06761832055,445.2283007755526,373.3911161769935,56585.165302450594,4916.166704229126,340.5251367142909,59880.73413334062,18029.2541013554,338.0526006928713,60040.95906284735,66.15086466129642,497.9809753203969,24429.97967033196,123.8290008554199,446.7031930597538,41435.06761832055,445.2283007755526,373.3911161769935,56585.165302450594,4916.166704229126,340.5251367142909,59880.73413334062,18029.2541013554,338.0526006928713,60040.95906284735,58.61999963827331,554.0000000000001,1.7059844799040144e-05,554.0000000000001,2.910383045673371e-10,0.0,0.0,96.90353744489342,554.0,0.0,554.0,0.0,0.0,0.0,282.42039742107767,553.9999840231469,0.0888401091108764,553.9999840231469,0.0078925649868324,0.0,0.0,2792.009595680988,553.9318888743641,5.800194560476074,553.9318888743641,33.64225693937624,0.0,0.0,10149.925920072235,553.8886737408234,7.415037322610151,553.8886737408234,54.9827784957015,0.0,0.0,58.61999963827331,0.005035288148869,4.844530157974261e-05,96.90353744489342,0.0050711724626806,8.947082982084936e-05,282.42039742107767,0.0051631027529254,0.0006236075313312,2792.009595680988,6464.195744703268,9745755388100.34,10149.925920072235,95423.01812657143,143856288228560.53,58.61999963827331,554.0000000000001,1.7059844799040144e-05,554.0000000000001,2.910383045673371e-10,0.0,0.0,96.90353744489342,554.0,0.0,554.0,0.0,0.0,0.0,282.4203882870913,553.9999999999993,2.0185480583683703e-05,553.9999999999993,4.07453626394272e-10,0.0,0.0,2791.624642409038,554.0,1.8688123647942943e-05,554.0,3.4924596548080444e-10,0.0,0.0,10147.63856524712,553.9999999999987,3.236877965636661e-05,553.9999999999987,1.0477378964424131e-09,0.0,0.0
1.0,60.0,0.0,1.0,60.0,0.0,1.0,60.0,0.0,1.0,60.0,0.0,1.0,60.0,0.0,1.0,60.0,0.0,1.0,60.0,0.0,1.0,60.0,0.0,1.0,60.0,0.0,1.0,60.0,0.0,1.0,60.0,0.0,60.0,0.0,0.0,0.0,1.0,60.0,0.0,60.0,0.0,0.0,0.0,1.0,60.0,0.0,60.0,0.0,0.0,0.0,1.0,60.0,0.0,60.0,0.0,0.0,0.0,1.0,60.0,0.0,60.0,0.0,0.0,0.0,1.0,1505913450.792157,0.0,1.0,1505913450.792157,0.0,1.0,1505913450.792157,0.0,1.0,1505913450.792157,0.0,1.0,1505913450.792157,0.0,1.0,60.0,0.0,60.0,0.0,0.0,0.0,1.0,60.0,0.0,60.0,0.0,0.0,0.0,1.0,60.0,0.0,60.0,0.0,0.0,0.0,1.0,60.0,0.0,60.0,0.0,0.0,0.0,1.0,60.0,0.0,60.0,0.0,0.0,0.0
1.0,60.0,0.0,1.0,60.0,0.0,1.0,60.0,0.0,1.0,60.0,0.0,1.0,60.0,0.0,1.0,60.0,0.0,1.0,60.0,0.0,1.0,60.0,0.0,1.0,60.0,0.0,1.0,60.0,0.0,1.0,60.0,0.0,60.0,0.0,0.0,0.0,1.0,60.0,0.0,60.0,0.0,0.0,0.0,1.0,60.0,0.0,60.0,0.0,0.0,0.0,1.0,60.0,0.0,60.0,0.0,0.0,0.0,1.0,60.0,0.0,60.0,0.0,0.0,0.0,1.0,1505913467.5232348,0.0,1.0,1505913467.5232348,0.0,1.0,1505913467.5232348,0.0,1.0,1505913467.5232348,0.0,1.0,1505913467.5232348,0.0,1.0,60.0,0.0,60.0,0.0,0.0,0.0,1.0,60.0,0.0,60.0,0.0,0.0,0.0,1.0,60.0,0.0,60.0,0.0,0.0,0.0,1.0,60.0,0.0,60.0,0.0,0.0,0.0,1.0,60.0,0.0,60.0,0.0,0.0,0.0
134.90438216191083,74.09024828012426,2.370599375979509,236.57664509017368,74.08962891128057,13.922043788511472,627.0372204553297,74.73262999000686,558.5928128749474,6550.731314285404,74.65960819723936,503.7094495141109,19437.313564471373,74.32745887962483,223.0908585601028,134.90438216191083,74.09024828012426,2.370599375979509,236.57664509017368,74.08962891128057,13.922043788511472,627.0372204553297,74.73262999000686,558.5928128749474,6550.731314285404,74.65960819723936,503.7094495141109,19437.313564471373,74.32745887962483,223.0908585601028,134.39852756137032,74.00000000000003,3.693564745147149e-06,95.26804291051648,1.4380373887290167e-11,-3.5649755588024046e-28,-4.526116742663294e-17,235.83219207228524,73.9999999999999,2.132480599880018e-06,95.2680429105164,7.103380699760832e-12,4.418679584607277e-27,8.870165225295295e-16,624.8231638114237,73.99999732927282,0.006114748958875,95.26804083601372,3.739015483006432e-05,-6.61115345921901e-19,-4.1396906456985556e-11,6529.1928445543945,73.99879289585473,0.1299923106440769,95.2671052884658,0.0168980008265862,5.662921958824338e-17,7.133963746965391e-11,19377.91305797624,73.99821906146771,0.1578922657865129,95.26665956287614,0.0249299675951988,3.688868396151045e-16,5.620247193807117e-10,134.39852756137026,0.0022290974216577,5.231710263683918e-05,235.8321920722856,0.0021321332135685,0.0001391681717364,624.8231638114262,0.0026298655779695,1056.6683574021847,6529.192844554488,12863.234844248836,19370754538167.44,19377.91305797576,58228.29606492746,87683402706916.55,1.0,74.0,0.0,74.0,0.0,0.0,0.0,1.0,74.0,0.0,74.0,0.0,0.0,0.0,1.0,74.0,0.0,74.0,0.0,0.0,0.0,1.0,74.0,0.0,74.0,0.0,0.0,0.0,1.0,74.0,0.0,74.0,0.0,0.0,0.0
1.0,60.0,0.0,1.0,60.0,0.0,1.0,60.0,0.0,1.0,60.0,0.0,1.0,60.0,0.0,1.0,60.0,0.0,1.0,60.0,0.0,1.0,60.0,0.0,1.0,60.0,0.0,1.0,60.0,0.0,1.0,60.0,0.0,60.0,0.0,0.0,0.0,1.0,60.0,0.0,60.0,0.0,0.0,0.0,1.0,60.0,0.0,60.0,0.0,0.0,0.0,1.0,60.0,0.0,60.0,0.0,0.0,0.0,1.0,60.0,0.0,60.0,0.0,0.0,0.0,1.0,1505913584.367418,0.0,1.0,1505913584.367418,0.0,1.0,1505913584.367418,0.0,1.0,1505913584.367418,0.0,1.0,1505913584.367418,0.0,1.0,60.0,0.0,60.0,0.0,0.0,0.0,1.0,60.0,0.0,60.0,0.0,0.0,0.0,1.0,60.0,0.0,60.0,0.0,0.0,0.0,1.0,60.0,0.0,60.0,0.0,0.0,0.0,1.0,60.0,0.0,60.0,0.0,0.0,0.0
173.15556058009233,65.70230787760892,47.31906413663091,258.91802689364573,67.21388578684832,48.9620609746189,697.833926514326,68.80031443480246,45.77023173409816,6692.099066519762,69.34517311634823,43.57764764652256,51736.5247447476,69.38214746193515,43.47392817547734,173.15556058009233,65.70230787760892,47.31906413663091,258.91802689364573,67.21388578684832,48.9620609746189,697.833926514326,68.80031443480246,45.77023173409816,6692.099066519762,69.34517311634823,43.57764764652256,51736.5247447476,69.38214746193515,43.47392817547734,1.0,60.0,0.0,60.0,0.0,0.0,0.0,1.0,60.0,0.0,60.0,0.0,0.0,0.0,1.0,60.0,0.0,60.0,0.0,0.0,0.0,1.0,60.0,0.0,60.0,0.0,0.0,0.0,1.0,60.0,0.0,60.0,0.0,0.0,0.0,1.0,1507657274.901325,0.0,1.0,1507657274.901325,0.0,1.0,1507657274.901325,0.0,1.0,1507657274.901325,0.0,1.0,1507657274.901325,0.0,1.0,60.0,0.0,60.0,0.0,0.0,0.0,1.0,60.0,0.0,60.0,0.0,0.0,0.0,1.0,60.0,0.0,60.0,0.0,0.0,0.0,1.0,60.0,0.0,60.0,0.0,0.0,0.0,1.0,60.0,0.0,60.0,0.0,0.0,0.0
1.0,60.0,0.0,1.0,60.0,0.0,1.0,60.0,0.0,1.0,60.0,0.0,1.0,60.0,0.0,1.0,60.0,0.0,1.0,60.0,0.0,1.0,60.0,0.0,1.0,60.0,0.0,1.0,60.0,0.0,1.0,60.0,0.0,60.0,0.0,0.0,0.0,1.0,60.0,0.0,60.0,0.0,0.0,0.0,1.0,60.0,0.0,60.0,0.0,0.0,0.0,1.0,60.0,0.0,60.0,0.0,0.0,0.0,1.0,60.0,0.0,60.0,0.0,0.0,0.0,1.0,1505913573.053966,0.0,1.0,1505913573.053966,0.0,1.0,1505913573.053966,0.0,1.0,1505913573.053966,0.0,1.0,1505913573.053966,0.0,1.0,60.0,0.0,60.0,0.0,0.0,0.0,1.0,60.0,0.0,60.0,0.0,0.0,0.0,1.0,60.0,0.0,60.0,0.0,0.0,0.0,1.0,60.0,0.0,60.0,0.0,0.0,0.0,1.0,60.0,0.0,60.0,0.0,0.0,0.0
1.0,60.0,0.0,1.0,60.0,0.0,1.0,60.0,0.0,1.0,60.0,0.0,1.0,60.0,0.0,1.0,60.0,0.0,1.0,60.0,0.0,1.0,60.0,0.0,1.0,60.0,0.0,1.0,60.0,0.0,1.0,60.0,0.0,60.0,0.0,0.0,0.0,1.0,60.0,0.0,60.0,0.0,0.0,0.0,1.0,60.0,0.0,60.0,0.0,0.0,0.0,1.0,60.0,0.0,60.0,0.0,0.0,0.0,1.0,60.0,0.0,60.0,0.0,0.0,0.0,1.0,1505913436.572634,0.0,1.0,1505913436.572634,0.0,1.0,1505913436.572634,0.0,1.0,1505913436.572634,0.0,1.0,1505913436.572634,0.0,1.0,60.0,0.0,60.0,0.0,0.0,0.0,1.0,60.0,0.0,60.0,0.0,0.0,0.0,1.0,60.0,0.0,60.0,0.0,0.0,0.0,1.0,60.0,0.0,60.0,0.0,0.0,0.0,1.0,60.0,0.0,60.0,0.0,0.0,0.0
114.88760015650897,60.00000002245351,3.368004399817437e-07,133.6544290568242,60.0000098039392,0.0001470589900236,268.7391613542556,60.00255373377525,0.0382995499230673,2311.9992738348,60.01511741406088,0.3728209015393986,21892.369091641023,60.019677643498525,0.6552037519090845,114.88760015650897,60.00000002245351,3.368004399817437e-07,133.6544290568242,60.0000098039392,0.0001470589900236,268.7391613542556,60.00255373377525,0.0382995499230673,2311.9992738348,60.01511741406088,0.3728209015393986,21892.369091641023,60.019677643498525,0.6552037519090845,1.0,60.0,0.0,60.0,0.0,0.0,0.0,1.0,60.0,0.0,60.0,0.0,0.0,0.0,1.0,60.0,0.0,60.0,0.0,0.0,0.0,1.0,60.0,0.0,60.0,0.0,0.0,0.0,1.0,60.0,0.0,60.0,0.0,0.0,0.0,1.0,1507653417.811155,0.0,1.0,1507653417.811155,0.0,1.0,1507653417.811155,0.0,1.0,1507653417.811155,0.0,1.0,1507653417.811155,0.0,1.0,60.0,0.0,60.0,0.0,0.0,0.0,1.0,60.0,0.0,60.0,0.0,0.0,0.0,1.0,60.0,0.0,60.0,0.0,0.0,0.0,1.0,60.0,0.0,60.0,0.0,0.0,0.0,1.0,60.0,0.0,60.0,0.0,0.0,0.0
173.83870489526615,212.22312779956,52026.336969547614,255.12026577795663,265.38939341383207,59277.30880382508,669.6491780764752,338.8493298092743,59989.97904003392,6375.993889359746,377.67435574513854,56009.29195620748,25738.644438274696,381.15445989622594,55506.61170804653,173.83870489526615,212.22312779956,52026.336969547614,255.12026577795663,265.38939341383207,59277.30880382508,669.6491780764752,338.8493298092743,59989.97904003392,6375.993889359746,377.67435574513854,56009.29195620748,25738.644438274696,381.15445989622594,55506.61170804653,53.56734505711225,553.9999999999997,1.7059844799040144e-05,553.9999999999997,2.910383045673371e-10,0.0,0.0,106.07055551218258,553.9999999999999,7.62939453125e-06,553.9999999999999,5.820766091346741e-11,0.0,0.0,377.98433460653183,553.9999996529108,0.013094359417136,553.9999996529108,0.0001714622485451,0.0,0.0,4100.271995827743,553.9726021368522,3.678830486786538,553.9726021368522,13.533793750510087,0.0,0.0,16734.030480988735,553.9565513983631,4.632679724190283,553.9565513983631,21.461721426923763,0.0,0.0,53.56734505711225,0.0059009189262313,0.0003019123255628,106.07055551218258,0.00471857074511,0.000168756539608,377.98433460653183,0.0038528731344168,9.205428866014636e-05,4100.271995827743,2192.0753436649284,3304885295608.992,16734.030480988735,53980.665203819015,81381350608305.1,1.0,554.0,0.0,554.0,0.0,0.0,0.0,1.0,554.0,0.0,554.0,0.0,0.0,0.0,1.0,554.0,0.0,554.0,0.0,0.0,0.0,1.0,554.0,0.0,554.0,0.0,0.0,0.0,1.0,554.0,0.0,554.0,0.0,0.0,0.0
135.09825697545185,74.0623291465943,1.4920146006606956,235.03015245774787,74.06053968630319,1.4492977117870396,787.6377184849986,74.04771587681809,1.1553812393040062,7621.410497975968,74.06322724546357,9.06206752165508,17982.131530968894,74.07758824996439,14.856374813187358,135.09825697545185,74.0623291465943,1.4920146006606956,235.03015245774787,74.06053968630319,1.4492977117870396,787.6377184849986,74.04771587681809,1.1553812393040062,7621.410497975968,74.06322724546357,9.06206752165508,17982.131530968894,74.07758824996439,14.856374813187358,134.74740034707142,73.99999999987031,4.252147066041557e-05,95.26804291041572,1.808085131623689e-09,-6.3952931376179285e-24,-6.185793444742165e-14,234.4372893173004,73.99999972841704,0.0019499174523694,95.26804269956284,3.802178071055097e-06,4.017780007337912e-21,0.0,786.0622125547171,73.99970492108895,0.0642729935177036,95.2678137064572,0.0041310176957267,4.633625764057283e-18,4.0407159171201637e-11,7604.043224274095,73.99830230174797,0.1541586625695844,95.26672421963949,0.023764893245243,1.5830657305994538e-16,2.8778417526749475e-10,17934.06684289759,73.99797834411879,0.168223349063206,95.2664725861971,0.0282990951700412,3.025144253475981e-16,3.0389906396375887e-10,134.74740034707148,0.0022799701119228,8.199082938859646e-05,234.4372893173007,0.0021284466265386,7.364167153294055e-05,786.0622125547195,0.0019305079747244,116747.27736370383,7604.043224274182,18091.13976628651,27243367597943.41,17934.066842897217,66098.61839825116,99534451658169.12,1.0,74.0,0.0,74.0,0.0,0.0,0.0,1.0,74.0,0.0,74.0,0.0,0.0,0.0,1.0,74.0,0.0,74.0,0.0,0.0,0.0,1.0,74.0,0.0,74.0,0.0,0.0,0.0,1.0,74.0,0.0,74.0,0.0,0.0,0.0
32.914603408007224,60.00000000000028,1.2278178473934531e-11,51.0118065932941,60.0000000211439,1.0149028639716562e-06,188.2024001718665,60.00072691496872,0.0346533769416055,2217.6256245964555,60.0201047414952,0.7799522170198543,8564.537017064353,60.02195399248652,0.7686705366895694,32.914603408007224,60.00000000000028,1.2278178473934531e-11,51.0118065932941,60.0000000211439,1.0149028639716562e-06,188.2024001718665,60.00072691496872,0.0346533769416055,2217.6256245964555,60.0201047414952,0.7799522170198543,8564.537017064353,60.02195399248652,0.7686705366895694,1.0,60.0,0.0,60.0,0.0,0.0,0.0,1.0,60.0,0.0,60.0,0.0,0.0,0.0,1.0,60.0,0.0,60.0,0.0,0.0,0.0,1.0,60.0,0.0,60.0,0.0,0.0,0.0,1.0,60.0,0.0,60.0,0.0,0.0,0.0,1.0,1507653026.31784,0.0,1.0,1507653026.31784,0.0,1.0,1507653026.31784,0.0,1.0,1507653026.31784,0.0,1.0,1507653026.31784,0.0,1.0,60.0,0.0,60.0,0.0,0.0,0.0,1.0,60.0,0.0,60.0,0.0,0.0,0.0,1.0,60.0,0.0,60.0,0.0,0.0,0.0,1.0,60.0,0.0,60.0,0.0,0.0,0.0,1.0,60.0,0.0,60.0,0.0,0.0,0.0
1.0,60.0,0.0,1.0,60.0,0.0,1.0,60.0,0.0,1.0,60.0,0.0,1.0,60.0,0.0,1.0,60.0,0.0,1.0,60.0,0.0,1.0,60.0,0.0,1.0,60.0,0.0,1.0,60.0,0.0,1.0,60.0,0.0,60.0,0.0,0.0,0.0,1.0,60.0,0.0,60.0,0.0,0.0,0.0,1.0,60.0,0.0,60.0,0.0,0.0,0.0,1.0,60.0,0.0,60.0,0.0,0.0,0.0,1.0,60.0,0.0,60.0,0.0,0.0,0.0,1.0,1505913481.605672,0.0,1.0,1505913481.605672,0.0,1.0,1505913481.605672,0.0,1.0,1505913481.605672,0.0,1.0,1505913481.605672,0.0,1.0,60.0,0.0,60.0,0.0,0.0,0.0,1.0,60.0,0.0,60.0,0.0,0.0,0.0,1.0,60.0,0.0,60.0,0.0,0.0,0.0,1.0,60.0,0.0,60.0,0.0,0.0,0.0,1.0,60.0,0.0,60.0,0.0,0.0,0.0
109.6868944592658,71.45257549750059,29.1745875515453,199.66087611441705,70.45330008069027,37.076872254532645,643.0947094381232,69.62401966851412,42.27726026247183,6613.3524993983765,69.40997883553622,43.424520905839024,52455.53989292003,69.39105336637077,43.45174475183012,109.6868944592658,71.45257549750059,29.1745875515453,199.66087611441705,70.45330008069027,37.076872254532645,643.0947094381232,69.62401966851412,42.27726026247183,6613.3524993983765,69.40997883553622,43.424520905839024,52455.53989292003,69.39105336637077,43.45174475183012,89.72838485007004,73.99999999999879,3.5683225505580347e-06,73.99999999999879,1.2732925824820994e-11,0.0,0.0,149.07874342510485,73.99999997972311,0.0005327967678318,73.99999997972311,2.838723958120681e-07,0.0,0.0,441.8668610515454,73.99980069514574,0.0528226110157069,73.99980069514574,0.0027902282345166,0.0,0.0,4441.7503093792975,73.9965190549642,0.2207285969765649,73.9965190549642,0.0487211135232428,0.0,0.0,35163.620470159534,73.9976238681694,0.1823737911760101,73.9976238681694,0.0332601997079109,0.0,0.0,89.72838485007004,0.0032942635019593,3.780196536481598e-05,149.07874342510485,0.0032881850981837,5.253507186258608e-05,441.8668610515454,0.0032951812618039,7.845382530267696e-05,4441.7503093792975,0.0638805363265371,91407819.36397776,35163.620470159534,9065.721478686954,13667911914325.432,1.0,74.0,0.0,74.0,0.0,0.0,0.0,1.0,74.0,0.0,74.0,0.0,0.0,0.0,1.0,74.0,0.0,74.0,0.0,0.0,0.0,1.0,74.0,0.0,74.0,0.0,0.0,0.0,1.0,74.0,0.0,74.0,0.0,0.0,0.0
1.0,60.0,0.0,1.0,60.0,0.0,1.0,60.0,0.0,1.0,60.0,0.0,1.0,60.0,0.0,1.0,60.0,0.0,1.0,60.0,0.0,1.0,60.0,0.0,1.0,60.0,0.0,1.0,60.0,0.0,1.0,60.0,0.0,60.0,0.0,0.0,0.0,1.0,60.0,0.0,60.0,0.0,0.0,0.0,1.0,60.0,0.0,60.0,0.0,0.0,0.0,1.0,60.0,0.0,60.0,0.0,0.0,0.0,1.0,60.0,0.0,60.0,0.0,0.0,0.0,1.0,1505913459.192534,0.0,1.0,1505913459.192534,0.0,1.0,1505913459.192534,0.0,1.0,1505913459.192534,0.0,1.0,1505913459.192534,0.0,1.0,60.0,0.0,60.0,0.0,0.0,0.0,1.0,60.0,0.0,60.0,0.0,0.0,0.0,1.0,60.0,0.0,60.0,0.0,0.0,0.0,1.0,60.0,0.0,60.0,0.0,0.0,0.0,1.0,60.0,0.0,60.0,0.0,0.0,0.0
198.265532197066,74.0159175800771,0.381768919482056,314.0765567484013,74.02521734060305,0.6058167469482214,842.3639386268362,74.04351615258643,3.5109967853113635,7680.2412528304785,74.1687160669663,75.15624482695239,29896.74181463644,74.34801080408727,225.53333588939583,198.265532197066,74.0159175800771,0.381768919482056,314.0765567484013,74.02521734060305,0.6058167469482214,842.3639386268362,74.04351615258643,3.5109967853113635,7680.2412528304785,74.1687160669663,75.15624482695239,29896.74181463644,74.34801080408727,225.53333588939583,198.1340360585513,73.99999999999999,2.132480599880018e-06,95.26804291051646,7.458411103860604e-12,2.7117044677091016e-29,5.2299857157139514e-18,313.7465847732546,73.99999999999794,5.478441854990033e-06,95.26804291051484,3.0137091972903166e-11,-5.364727735218587e-25,-5.928296483700396e-14,841.0226549605133,73.99999393867648,0.0092118678166514,95.26803820234863,8.485850867145945e-05,-4.525693793456274e-19,-2.1031088793288388e-11,7661.689367226259,73.99845788671527,0.1469258585871942,95.266845070108,0.0215872079215842,2.584491391308644e-16,5.984322132207585e-10,29810.64726565236,73.99819672657706,0.1588791242767582,95.26664221428766,0.0252425761309496,-4.964730655591845e-16,-3.640711442751005e-10,198.13403605855143,0.0015133034280172,3.304012320507701e-05,313.7465847732546,0.0015742189857428,3.93439881339124e-05,841.0226549605171,0.001730237713492,4.158987043513104e-05,7661.689367226386,1415.638072330786,2131824825215.1208,29810.64726565129,30844.410764957956,46448085716442.8,1.0,74.0,0.0,95.26804291051644,0.0,0.0,0.0,1.0,74.0,0.0,95.26804291051644,0.0,0.0,0.0,1.0,74.0,0.0,95.26804291051644,0.0,0.0,0.0,1.0219413867689633,73.99999999999999,1.3486991523486091e-06,95.26804291051644,1.8189894035458565e-12,0.0,0.0,1.6825373269753312,74.0,0.0,95.26804291051644,0.0,0.0,0.0
82.32460008200479,384.0183777555292,55018.72598898032,136.76747622527782,383.6373971980288,55094.4096048708,449.8793231054791,352.7053550246489,58905.2791391597,4940.337283053897,336.9441252083292,60108.307767624894,27423.50380793149,336.6402134509261,60126.50841874947,82.32460008200479,384.0183777555292,55018.72598898032,136.76747622527782,383.6373971980288,55094.4096048708,449.8793231054791,352.7053550246489,58905.2791391597,4940.337283053897,336.9441252083292,60108.307767624894,27423.50380793149,336.6402134509261,60126.50841874947,1.0,60.0,0.0,60.0,0.0,0.0,0.0,1.0,60.0,0.0,60.0,0.0,0.0,0.0,1.0,60.0,0.0,60.0,0.0,0.0,0.0,1.0,60.0,0.0,60.0,0.0,0.0,0.0,1.0,60.0,0.0,60.0,0.0,0.0,0.0,1.0,1507659421.672494,0.0,1.0,1507659421.672494,0.0,1.0,1507659421.672494,0.0,1.0,1507659421.672494,0.0,1.0,1507659421.672494,0.0,1.0,60.0,0.0,60.0,0.0,0.0,0.0,1.0,60.0,0.0,60.0,0.0,0.0,0.0,1.0,60.0,0.0,60.0,0.0,0.0,0.0,1.0,60.0,0.0,60.0,0.0,0.0,0.0,1.0,60.0,0.0,60.0,0.0,0.0,0.0
60.72232570012483,74.01750329529388,0.862264507949476,103.4087856761056,74.03165638690909,1.6165298920732312,215.32302243277783,74.09204927237933,3.631008210123582,907.33048575115,75.80239089839206,1154.6090807343096,6496.997128320516,76.68829263202109,1761.121032499199,60.72232570012483,74.01750329529388,0.862264507949476,103.4087856761056,74.03165638690909,1.6165298920732312,215.32302243277783,74.09204927237933,3.631008210123582,907.33048575115,75.80239089839206,1154.6090807343096,6496.997128320516,76.68829263202109,1761.121032499199,1.0,74.0,0.0,74.0,0.0,0.0,0.0,1.0,74.0,0.0,74.0,0.0,0.0,0.0,1.0,74.0,0.0,74.0,0.0,0.0,0.0,1.0,74.0,0.0,74.0,0.0,0.0,0.0,1.0,74.0,0.0,74.0,0.0,0.0,0.0,1.0,1505912937.5024462,0.0,1.0,1505912937.5024462,0.0,1.0,1505912937.5024462,0.0,1.0,1505912937.5024462,0.0,1.0,1505912937.5024462,0.0,1.0,74.0,0.0,74.0,0.0,0.0,0.0,1.0,74.0,0.0,74.0,0.0,0.0,0.0,1.0,74.0,0.0,74.0,0.0,0.0,0.0,1.0,74.0,0.0,74.0,0.0,0.0,0.0,1.0,74.0,0.0,74.0,0.0,0.0,0.0
164.87829596292178,245.35765593827145,57209.22141857541,256.68307573713,295.9949324217963,60887.88848759887,681.92345146439,352.994576879308,58893.49483731999,6430.394366641549,378.94887148225854,55829.892064848966,61117.863825951295,383.0071740843649,55228.675030268205,164.87829596292178,245.35765593827145,57209.22141857541,256.68307573713,295.9949324217963,60887.88848759887,681.92345146439,352.994576879308,58893.49483731999,6430.394366641549,378.94887148225854,55829.892064848966,61117.863825951295,383.0071740843649,55228.675030268205,1.0,60.0,0.0,60.0,0.0,0.0,0.0,1.0,60.0,0.0,60.0,0.0,0.0,0.0,1.0,60.0,0.0,60.0,0.0,0.0,0.0,1.0,60.0,0.0,60.0,0.0,0.0,0.0,1.0,60.0,0.0,60.0,0.0,0.0,0.0,1.0,1507656359.918576,0.0,1.0,1507656359.918576,0.0,1.0,1507656359.918576,0.0,1.0,1507656359.918576,0.0,1.0,1507656359.918576,0.0,1.0,60.0,0.0,60.0,0.0,0.0,0.0,1.0,60.0,0.0,60.0,0.0,0.0,0.0,1.0,60.0,0.0,60.0,0.0,0.0,0.0,1.0,60.0,0.0,60.0,0.0,0.0,0.0,1.0,60.0,0.0,60.0,0.0,0.0,0.0
116.62847426652658,73.91386265869902,1.1985088602277756,199.29424627102105,73.80112021281305,2.7449481932999333,662.2818746746377,72.53722268990958,18.34222769942517,6841.747144424281,70.02740992382206,39.920881530262704,55276.37376157007,69.46663320783597,43.064580734979245,116.62847426652658,73.91386265869902,1.1985088602277756,199.29424627102105,73.80112021281305,2.7449481932999333,662.2818746746377,72.53722268990958,18.34222769942517,6841.747144424281,70.02740992382206,39.920881530262704,55276.37376157007,69.46663320783597,43.064580734979245,115.91085039323455,74.00000000000003,2.6973983046972182e-06,74.00000000000003,7.275957614183426e-12,0.0,0.0,196.46050800880687,73.99999999999997,0.0,73.99999999999997,0.0,0.0,0.0,592.9395550768434,73.99999906438144,0.0036192074751572,73.99999906438144,1.3098662748234348e-05,0.0,0.0,4898.410309059163,73.99875154295864,0.1321999996842887,73.99875154295864,0.0174768399165259,0.0,0.0,37355.581633201335,73.99795461457815,0.1692076016584479,73.99795461457815,0.028631212459004,0.0,0.0,115.91085039323455,0.0025144862525102,8.373951038089419e-06,196.46050800880687,0.0024651634462845,1.0868228164149654e-05,592.9395550768434,0.0024446775715293,2.7921143566070564e-05,4898.410309059163,0.0066423929816866,5546968.572579724,37355.581633201335,6511.752000887725,9817441580444.672,1.0,74.0,0.0,74.0,0.0,0.0,0.0,1.0,74.0,0.0,74.0,0.0,0.0,0.0,1.0,74.0,0.0,74.0,0.0,0.0,0.0,1.0,74.0,0.0,74.0,0.0,0.0,0.0,1.0,74.0,0.0,74.0,0.0,0.0,0.0
1.0,60.0,0.0,1.0,60.0,0.0,1.0,60.0,0.0,1.0,60.0,0.0,1.0,60.0,0.0,1.0,60.0,0.0,1.0,60.0,0.0,1.0,60.0,0.0,1.0,60.0,0.0,1.0,60.0,0.0,1.0,60.0,0.0,60.0,0.0,0.0,0.0,1.0,60.0,0.0,60.0,0.0,0.0,0.0,1.0,60.0,0.0,60.0,0.0,0.0,0.0,1.0,60.0,0.0,60.0,0.0,0.0,0.0,1.0,60.0,0.0,60.0,0.0,0.0,0.0,1.0,1505913575.634293,0.0,1.0,1505913575.634293,0.0,1.0,1505913575.634293,0.0,1.0,1505913575.634293,0.0,1.0,1505913575.634293,0.0,1.0,60.0,0.0,60.0,0.0,0.0,0.0,1.0,60.0,0.0,60.0,0.0,0.0,0.0,1.0,60.0,0.0,60.0,0.0,0.0,0.0,1.0,60.0,0.0,60.0,0.0,0.0,0.0,1.0,60.0,0.0,60.0,0.0,0.0,0.0
187.53652350045817,245.25540814189415,59419.67022672933,271.7591367366779,290.3211441851492,63494.66418617843,692.760060196987,355.1398303675598,62232.801432614826,6199.56093427761,387.9712317863604,58384.67061676359,18669.214469390725,389.80201007796495,58106.94904427356,187.53652350045817,245.25540814189415,59419.67022672933,271.7591367366779,290.3211441851492,63494.66418617843,692.760060196987,355.1398303675598,62232.801432614826,6199.56093427761,387.9712317863604,58384.67061676359,18669.214469390725,389.80201007796495,58106.94904427356,68.66038574084466,565.9999999999998,1.0789593218788871e-05,565.9999999999998,1.1641532182693479e-10,0.0,0.0,123.69935262506282,566.0000000000006,1.52587890625e-05,566.0000000000006,2.3283064365386963e-10,0.0,0.0,404.07208403465086,566.0000000000002,2.288818359375e-05,566.0000000000002,5.238689482212067e-10,0.0,0.0,4018.2745370742527,565.995689706102,1.4768175695085557,565.995689706102,2.180990133609157,0.0,0.0,12168.709227942036,565.9703280833534,3.8746753930501967,565.9703280833534,15.013109401508698,0.0,0.0,68.66038574084466,0.0044207740963213,0.0001145442358703,123.69935262506282,0.0039975401239746,9.475729415165335e-05,404.07208403465086,0.00360370808039,3.549526798760982,4018.2745370742527,11330.9066943029,17082997416113.775,12168.709227942036,87308.88574623481,131624303742502.72,1.0,566.0,0.0,566.0,0.0,0.0,0.0,1.0,566.0,0.0,566.0,0.0,0.0,0.0,1.0,566.0,0.0,566.0,0.0,0.0,0.0,1.0,566.0,0.0,566.0,0.0,0.0,0.0,1.0,566.0,0.0,566.0,0.0,0.0,0.0
105.64718895021949,73.07211132515512,12.129464063808882,189.9358045368905,72.04160045322462,23.58226863005165,634.7163276567504,70.38182502024364,37.56411887937702,6631.626045229251,69.50474567343976,42.803401637739626,35375.143934974134,69.39832843406522,43.37506892100737,105.64718895021949,73.07211132515512,12.129464063808882,189.9358045368905,72.04160045322462,23.58226863005165,634.7163276567504,70.38182502024364,37.56411887937702,6631.626045229251,69.50474567343976,42.803401637739626,35375.143934974134,69.39832843406522,43.37506892100737,98.64512958634572,74.00000000000001,1.9073486328125e-06,74.00000000000001,3.637978807091713e-12,0.0,0.0,163.366453988261,74.00000000000003,1.3486991523486091e-06,74.00000000000003,1.8189894035458565e-12,0.0,0.0,470.64072429944497,73.99999999998488,1.430511474609375e-05,73.99999999998488,2.0463630789890883e-10,0.0,0.0,4500.240669556719,73.999309985174,0.0982839330786832,73.999309985174,0.009659731501415,0.0,0.0,23733.78410551875,73.99841925918076,0.1487544041439029,73.99841925918076,0.0221278727522076,0.0,0.0,98.64512958634572,0.0030075253173273,4.401307125159784e-05,163.366453988261,0.0030190186124103,7.039165733108068e-05,470.64072429944497,0.0031040998327121,0.0001062220838207,4500.240669556719,167.96557548751483,253229620949.1993,23733.78410551875,29713.248935633568,44796501740302.2,1.0,74.0,0.0,74.0,0.0,0.0,0.0,1.0,74.0,0.0,74.0,0.0,0.0,0.0,1.0,74.0,0.0,74.0,0.0,0.0,0.0,1.0,74.0,0.0,74.0,0.0,0.0,0.0,1.0,74.0,0.0,74.0,0.0,0.0,0.0
75.94440613671719,469.4301974518605,34625.408236641546,138.44521904283542,434.4457131067732,44766.24071801861,473.78380213677696,372.30565932494767,56741.217900318654,4970.854479267816,339.6361208239577,59940.216235665175,24488.69211412293,337.3907605832768,60081.62243484168,75.94440613671719,469.4301974518605,34625.408236641546,138.44521904283542,434.4457131067732,44766.24071801861,473.78380213677696,372.30565932494767,56741.217900318654,4970.854479267816,339.6361208239577,59940.216235665175,24488.69211412293,337.3907605832768,60081.62243484168,1.0,60.0,0.0,60.0,0.0,0.0,0.0,1.0,60.0,0.0,60.0,0.0,0.0,0.0,1.0,60.0,0.0,60.0,0.0,0.0,0.0,1.0,60.0,0.0,60.0,0.0,0.0,0.0,1.0,60.0,0.0,60.0,0.0,0.0,0.0,1.0,1507659403.945846,0.0,1.0,1507659403.945846,0.0,1.0,1507659403.945846,0.0,1.0,1507659403.945846,0.0,1.0,1507659403.945846,0.0,1.0,60.0,0.0,60.0,0.0,0.0,0.0,1.0,60.0,0.0,60.0,0.0,0.0,0.0,1.0,60.0,0.0,60.0,0.0,0.0,0.0,1.0,60.0,0.0,60.0,0.0,0.0,0.0,1.0,60.0,0.0,60.0,0.0,0.0,0.0
84.97720535935676,60.00000000000056,2.6375346351414922e-11,103.72380286401416,60.00000002919174,1.401192548655672e-06,240.462557923606,60.00080259765002,0.0382606797929838,2289.6963987568024,60.02069442827676,0.7887287923522308,20693.874702193,60.02068864854725,0.7186524657336122,84.97720535935676,60.00000000000056,2.6375346351414922e-11,103.72380286401416,60.00000002919174,1.401192548655672e-06,240.462557923606,60.00080259765002,0.0382606797929838,2289.6963987568024,60.02069442827676,0.7887287923522308,20693.874702193,60.02068864854725,0.7186524657336122,1.0,60.0,0.0,60.0,0.0,0.0,0.0,1.0,60.0,0.0,60.0,0.0,0.0,0.0,1.0,60.0,0.0,60.0,0.0,0.0,0.0,1.0,60.0,0.0,60.0,0.0,0.0,0.0,1.0,60.0,0.0,60.0,0.0,0.0,0.0,1.0,1507653301.191118,0.0,1.0,1507653301.191118,0.0,1.0,1507653301.191118,0.0,1.0,1507653301.191118,0.0,1.0,1507653301.191118,0.0,1.0,60.0,0.0,60.0,0.0,0.0,0.0,1.0,60.0,0.0,60.0,0.0,0.0,0.0,1.0,60.0,0.0,60.0,0.0,0.0,0.0,1.0,60.0,0.0,60.0,0.0,0.0,0.0,1.0,60.0,0.0,60.0,0.0,0.0,0.0
98.76136081954684,486.6703206019645,33847.618529297906,183.45968478840027,445.680067440229,46404.96214896214,610.7979890143838,406.6912713568829,55230.06676088387,6332.9045517934055,393.32994201021233,57552.13617653883,50440.38360075257,391.67098905771513,57816.23277684608,98.76136081954684,486.6703206019645,33847.618529297906,183.45968478840027,445.680067440229,46404.96214896214,610.7979890143838,406.6912713568829,55230.06676088387,6332.9045517934055,393.32994201021233,57552.13617653883,50440.38360075257,391.67098905771513,57816.23277684608,83.27774949490895,566.0,1.3214498959113138e-05,566.0,1.7462298274040222e-10,0.0,0.0,139.83543442891542,565.9999999999999,1.7059844799040144e-05,565.9999999999999,2.910383045673371e-10,0.0,0.0,418.4925534207712,565.9999999996456,0.0004238264285989,565.9999999996456,1.7962884157896045e-07,0.0,0.0,4171.841064653625,565.9860319498083,2.6585030167367285,565.9860319498083,7.0676382899982855,0.0,0.0,33063.977801496534,565.9651838891149,4.19711090421679,565.9651838891149,17.615739942295477,0.0,0.0,83.27774949490895,0.0035777151962565,5.848006671097641e-05,139.83543442891542,0.0035241041785497,7.498414210547409e-05,418.4925534207712,0.0034796332500254,8.326306073563692e-05,4171.841064653625,0.0466838660257298,65164700.8420151,33063.977801496534,9262.352946304023,13964368614197.297,1.0,566.0,0.0,566.0,0.0,0.0,0.0,1.0,566.0,0.0,566.0,0.0,0.0,0.0,1.0,566.0,0.0,566.0,0.0,0.0,0.0,1.0,566.0,0.0,566.0,0.0,0.0,0.0,1.0,566.0,0.0,566.0,0.0,0.0,0.0
1.0,60.0,0.0,1.0,60.0,0.0,1.0,60.0,0.0,1.0,60.0,0.0,1.0,60.0,0.0,1.0,60.0,0.0,1.0,60.0,0.0,1.0,60.0,0.0,1.0,60.0,0.0,1.0,60.0,0.0,1.0,60.0,0.0,60.0,0.0,0.0,0.0,1.0,60.0,0.0,60.0,0.0,0.0,0.0,1.0,60.0,0.0,60.0,0.0,0.0,0.0,1.0,60.0,0.0,60.0,0.0,0.0,0.0,1.0,60.0,0.0,60.0,0.0,0.0,0.0,1.0,1505913475.403192,0.0,1.0,1505913475.403192,0.0,1.0,1505913475.403192,0.0,1.0,1505913475.403192,0.0,1.0,1505913475.403192,0.0,1.0,60.0,0.0,60.0,0.0,0.0,0.0,1.0,60.0,0.0,60.0,0.0,0.0,0.0,1.0,60.0,0.0,60.0,0.0,0.0,0.0,1.0,60.0,0.0,60.0,0.0,0.0,0.0,1.0,60.0,0.0,60.0,0.0,0.0,0.0
114.71735829131109,432.8485550798314,45171.141184318585,205.74228711454867,403.9403093241585,51611.57642813304,636.9121554273668,384.8456372048704,54949.04568115444,6334.066761535187,381.5789296709291,55444.33068913905,27920.01216291608,382.0464058013781,55373.99718221912,114.71735829131109,432.8485550798314,45171.141184318585,205.74228711454867,403.9403093241585,51611.57642813304,636.9121554273668,384.8456372048704,54949.04568115444,6334.066761535187,381.5789296709291,55444.33068913905,27920.01216291608,382.0464058013781,55373.99718221912,86.5834034038272,554.0000000000001,0.0,554.0000000000001,0.0,0.0,0.0,143.24507261383832,554.0,7.62939453125e-06,554.0,5.820766091346741e-11,0.0,0.0,418.8221035474377,553.9999999992881,0.0005929369881508,553.9999999992881,3.515742719173432e-07,0.0,0.0,4123.333365506182,553.9851774467313,2.705941907257376,553.9851774467313,7.322121605451684,0.0,0.0,18202.507766570696,553.9624154508335,4.308753263930512,553.9624154508335,18.56535468943184,0.0,0.0,86.5834034038272,0.003441603487847,5.882853053408095e-05,143.24507261383832,0.0034342342073492,6.798559898650786e-05,418.8221035474377,0.00347643008759,8.234086084682479e-05,4123.333365506182,1185.9391053145937,1787981448630.2231,18202.507766570696,46695.150341616434,70398034432130.36,1.0,554.0,0.0,554.0,0.0,0.0,0.0,1.0,554.0,0.0,554.0,0.0,0.0,0.0,1.0,554.0,0.0,554.0,0.0,0.0,0.0,1.0,554.0,0.0,554.0,0.0,0.0,0.0,1.0,554.0,0.0,554.0,0.0,0.0,0.0
1.0,60.0,0.0,1.0,60.0,0.0,1.0,60.0,0.0,1.0,60.0,0.0,1.0,60.0,0.0,1.0,60.0,0.0,1.0,60.0,0.0,1.0,60.0,0.0,1.0,60.0,0.0,1.0,60.0,0.0,1.0,60.0,0.0,60.0,0.0,0.0,0.0,1.0,60.0,0.0,60.0,0.0,0.0,0.0,1.0,60.0,0.0,60.0,0.0,0.0,0.0,1.0,60.0,0.0,60.0,0.0,0.0,0.0,1.0,60.0,0.0,60.0,0.0,0.0,0.0,1.0,1505913452.1759632,0.0,1.0,1505913452.1759632,0.0,1.0,1505913452.1759632,0.0,1.0,1505913452.1759632,0.0,1.0,1505913452.1759632,0.0,1.0,60.0,0.0,60.0,0.0,0.0,0.0,1.0,60.0,0.0,60.0,0.0,0.0,0.0,1.0,60.0,0.0,60.0,0.0,0.0,0.0,1.0,60.0,0.0,60.0,0.0,0.0,0.0,1.0,60.0,0.0,60.0,0.0,0.0,0.0
167.44775839893484,71.48326171718233,28.900364375244862,280.0955929832149,70.79069463582557,34.63063417797912,761.0350828818282,70.02537241182458,39.84760249880583,6564.922576452671,69.39873980377764,43.37748397740688,54471.88228607878,69.37895618018892,43.4975549523142,167.44775839893484,71.48326171718233,28.900364375244862,280.0955929832149,70.79069463582557,34.63063417797912,761.0350828818282,70.02537241182458,39.84760249880583,6564.922576452671,69.39873980377764,43.37748397740688,54471.88228607878,69.37895618018892,43.4975549523142,137.3461738321773,73.99999999999999,2.132480599880018e-06,73.99999999999999,4.547473508864642e-12,0.0,0.0,215.8875723483065,73.99999999928437,0.0001000994661795,73.99999999928437,1.001990312943235e-08,0.0,0.0,544.9771733398529,73.99994280693186,0.0282966377298623,73.99994280693186,0.000800699706815,0.0,0.0,4405.684520408573,73.99792328636006,0.1704983230746099,73.99792328636006,0.029069678171254,0.0,0.0,36470.65962283016,73.99781886189237,0.1747317266332674,73.99781886189237,0.0305311762922428,0.0,0.0,137.3461738321773,0.002155864620333,2.886743223330629e-05,215.8875723483065,0.0022720861960068,3.955895189767993e-05,544.9771733398529,0.0026716322234577,6.487062523606758e-05,4405.684520408573,0.0094235364771409,9226961.69224501,36470.65962283016,6943.938268625268,10469024363256.902,1.0,74.0,0.0,74.0,0.0,0.0,0.0,1.0,74.0,0.0,74.0,0.0,0.0,0.0,1.0,74.0,0.0,74.0,0.0,0.0,0.0,1.0,74.0,0.0,74.0,0.0,0.0,0.0,1.0,74.0,0.0,74.0,0.0,0.0,0.0
176.32498225084674,74.04506432914653,1.079513135853631,287.39545944043863,74.04799744659556,1.1499157845164518,824.5375600457695,74.04953025354939,2.6800454586636997,7684.3033390478995,74.16307636784694,71.35760307693545,30144.662529702626,74.34414018590705,222.53025338521184,176.32498225084674,74.04506432914653,1.079513135853631,287.39545944043863,74.04799744659556,1.1499157845164518,824.5375600457695,74.04953025354939,2.6800454586636997,7684.3033390478995,74.16307636784694,71.35760307693545,30144.662529702626,74.34414018590705,222.53025338521184,175.99390029146363,74.00000000000003,9.5367431640625e-07,95.26804291051646,2.8760747774580336e-12,6.104561639434161e-28,3.8751960829915037e-16,286.82070644191606,73.99999999999963,3.438521647895802e-06,95.2680429105162,1.5198361295068392e-11,-7.584556863360267e-26,-7.13778911387453e-15,822.9461249942615,73.99999633085116,0.0071671539775278,95.26804006048395,5.136809613759485e-05,-7.490394127062148e-20,-3.3819189774922718e-12,7665.7204472285475,73.99853733794016,0.1430913327358458,95.26690678380668,0.0204751295041205,2.485475930900784e-16,8.145376143166079e-10,30058.019943187264,73.99822090870377,0.1578103703357161,95.26666099771327,0.0249041129854958,-4.461053738343518e-16,-3.457467922856937e-10,175.99390029146366,0.0016695051890606,1.5267834343554567e-05,286.82070644191583,0.0017019455141684,2.229831365151765e-05,822.9461249942652,0.0017655439192163,3.402386129485713e-05,7665.720447228666,1342.703073505979,2021991167628.1064,30058.01994318621,30430.783307948543,45825223550264.26,1.0,74.0,0.0,95.26804291051644,0.0,0.0,0.0,1.0,74.0,0.0,95.26804291051644,0.0,0.0,0.0,1.0,74.0,0.0,95.26804291051644,0.0,0.0,0.0,1.0218538366301428,74.0,0.0,95.26804291051644,0.0,0.0,0.0,1.6822644918645409,74.0,9.5367431640625e-07,95.26804291051644,9.094947017729282e-13,0.0,0.0
103.135876382518,59.99999999999998,9.094947017729282e-13,125.25788910376636,60.00000000000039,2.0463630789890882e-11,264.8700344785669,60.00001852331589,0.0008829020425764,2314.2927055477867,60.0143321292493,0.5415194399001848,22232.72190716764,60.0198470489079,0.6888576260457739,103.135876382518,59.99999999999998,9.094947017729282e-13,125.25788910376636,60.00000000000039,2.0463630789890882e-11,264.8700344785669,60.00001852331589,0.0008829020425764,2314.2927055477867,60.0143321292493,0.5415194399001848,22232.72190716764,60.0198470489079,0.6888576260457739,1.0,60.0,0.0,60.0,0.0,0.0,0.0,1.0,60.0,0.0,60.0,0.0,0.0,0.0,1.0,60.0,0.0,60.0,0.0,0.0,0.0,1.0,60.0,0.0,60.0,0.0,0.0,0.0,1.0,60.0,0.0,60.0,0.0,0.0,0.0,1.0,1507653481.626388,0.0,1.0,1507653481.626388,0.0,1.0,1507653481.626388,0.0,1.0,1507653481.626388,0.0,1.0,1507653481.626388,0.0,1.0,60.0,0.0,60.0,0.0,0.0,0.0,1.0,60.0,0.0,60.0,0.0,0.0,0.0,1.0,60.0,0.0,60.0,0.0,0.0,0.0,1.0,60.0,0.0,60.0,0.0,0.0,0.0,1.0,60.0,0.0,60.0,0.0,0.0,0.0
51.15452082649686,60.00000000000324,1.5415935195051134e-10,68.79539294094893,60.00000009237487,4.433969024830732e-06,203.6357574873579,60.00121342559268,0.057845071171414,2248.0445075641856,60.02160395791909,0.8234002830340614,22521.233730096694,60.02067014513312,0.7181168749020799,51.15452082649686,60.00000000000324,1.5415935195051134e-10,68.79539294094893,60.00000009237487,4.433969024830732e-06,203.6357574873579,60.00121342559268,0.057845071171414,2248.0445075641856,60.02160395791909,0.8234002830340614,22521.233730096694,60.02067014513312,0.7181168749020799,1.0,60.0,0.0,60.0,0.0,0.0,0.0,1.0,60.0,0.0,60.0,0.0,0.0,0.0,1.0,60.0,0.0,60.0,0.0,0.0,0.0,1.0,60.0,0.0,60.0,0.0,0.0,0.0,1.0,60.0,0.0,60.0,0.0,0.0,0.0,1.0,1507653601.061316,0.0,1.0,1507653601.061316,0.0,1.0,1507653601.061316,0.0,1.0,1507653601.061316,0.0,1.0,1507653601.061316,0.0,1.0,60.0,0.0,60.0,0.0,0.0,0.0,1.0,60.0,0.0,60.0,0.0,0.0,0.0,1.0,60.0,0.0,60.0,0.0,0.0,0.0,1.0,60.0,0.0,60.0,0.0,0.0,0.0,1.0,60.0,0.0,60.0,0.0,0.0,0.0
157.941172697033,225.71620135605357,56390.198395188665,239.24001084268872,283.5432588987458,63139.69305278089,652.406816131056,355.0303631136936,62238.09209743496,6304.161811015189,387.9294003458287,58391.4161105484,29021.868070256733,390.7000600379158,57968.4091881229,157.941172697033,225.71620135605357,56390.198395188665,239.24001084268872,283.5432588987458,63139.69305278089,652.406816131056,355.0303631136936,62238.09209743496,6304.161811015189,387.9294003458287,58391.4161105484,29021.868070256733,390.7000600379158,57968.4091881229,1.0,60.0,0.0,60.0,0.0,0.0,0.0,1.0,60.0,0.0,60.0,0.0,0.0,0.0,1.0,60.0,0.0,60.0,0.0,0.0,0.0,1.0,60.0,0.0,60.0,0.0,0.0,0.0,1.0,60.0,0.0,60.0,0.0,0.0,0.0,1.0,1507657994.673585,0.0,1.0,1507657994.673585,0.0,1.0,1507657994.673585,0.0,1.0,1507657994.673585,0.0,1.0,1507657994.673585,0.0,1.0,60.0,0.0,60.0,0.0,0.0,0.0,1.0,60.0,0.0,60.0,0.0,0.0,0.0,1.0,60.0,0.0,60.0,0.0,0.0,0.0,1.0,60.0,0.0,60.0,0.0,0.0,0.0,1.0,60.0,0.0,60.0,0.0,0.0,0.0
159.0767925156733,308.275283203162,63986.5135848417,243.63964135936956,321.5330145122153,63935.16638936987,658.6815806376302,359.6744157295529,61826.883908470176,6370.160693418277,388.2302052715612,58346.42180613379,46289.7320401183,391.0204091723323,57918.28162065367,159.0767925156733,308.275283203162,63986.5135848417,243.63964135936956,321.5330145122153,63935.16638936987,658.6815806376302,359.6744157295529,61826.883908470176,6370.160693418277,388.2302052715612,58346.42180613379,46289.7320401183,391.0204091723323,57918.28162065367,78.05293034028111,566.0000000000001,1.0789593218788871e-05,566.0000000000001,1.1641532182693479e-10,0.0,0.0,125.92747646626852,565.9999999999998,1.52587890625e-05,565.9999999999998,2.3283064365386963e-10,0.0,0.0,390.0892652720098,565.9999999999987,2.95485179611772e-05,565.9999999999987,8.73114913702011e-10,0.0,0.0,4132.15721372978,565.9921442384242,1.9937285786768555,565.9921442384242,3.9749536454328336,0.0,0.0,30283.57072418381,565.9673772604373,4.062762850043295,565.9673772604373,16.506041975691915,0.0,0.0,78.05293034028111,0.0038419286343819,7.46509158436165e-05,125.92747646626852,0.0039128361732768,7.970724893957134e-05,390.0892652720098,0.003731561269866,8.403004978690564e-05,4132.15721372978,0.7384379363868876,1108042903.5256753,30283.57072418381,13412.46557410471,20221224620158.8,1.0,566.0,0.0,566.0,0.0,0.0,0.0,1.0,566.0,0.0,566.0,0.0,0.0,0.0,1.0,566.0,0.0,566.0,0.0,0.0,0.0,1.0,566.0,0.0,566.0,0.0,0.0,0.0,1.0,566.0,0.0,566.0,0.0,0.0,0.0
1.0,60.0,0.0,1.0,60.0,0.0,1.0,60.0,0.0,1.0,60.0,0.0,1.0,60.0,0.0,1.0,60.0,0.0,1.0,60.0,0.0,1.0,60.0,0.0,1.0,60.0,0.0,1.0,60.0,0.0,1.0,60.0,0.0,60.0,0.0,0.0,0.0,1.0,60.0,0.0,60.0,0.0,0.0,0.0,1.0,60.0,0.0,60.0,0.0,0.0,0.0,1.0,60.0,0.0,60.0,0.0,0.0,0.0,1.0,60.0,0.0,60.0,0.0,0.0,0.0,1.0,1505913543.446207,0.0,1.0,1505913543.446207,0.0,1.0,1505913543.446207,0.0,1.0,1505913543.446207,0.0,1.0,1505913543.446207,0.0,1.0,60.0,0.0,60.0,0.0,0.0,0.0,1.0,60.0,0.0,60.0,0.0,0.0,0.0,1.0,60.0,0.0,60.0,0.0,0.0,0.0,1.0,60.0,0.0,60.0,0.0,0.0,0.0,1.0,60.0,0.0,60.0,0.0,0.0,0.0
180.94632924696543,265.4371044829113,59281.525714086936,269.9178508064524,302.43680064641467,60988.17541352923,706.7587652303934,356.4654907615576,58561.29868991536,6495.055744931047,380.77545505148765,55562.22914778938,50779.34864979588,382.6689806566925,55279.81549262532,180.94632924696543,265.4371044829113,59281.525714086936,269.9178508064524,302.43680064641467,60988.17541352923,706.7587652303934,356.4654907615576,58561.29868991536,6495.055744931047,380.77545505148765,55562.22914778938,50779.34864979588,382.6689806566925,55279.81549262532,75.24931227708208,553.9990655271125,0.6794326553416515,553.9990655271125,0.4616287331446074,0.0,0.0,132.47054616202482,553.9816509748005,3.010661349630782,553.9816509748005,9.06408176216064,0.0,0.0,424.3162641570098,553.8019815172461,9.888474056259817,553.8019815172461,97.78191916132346,0.0,0.0,4218.297923600364,553.8954266410348,7.186675430361133,553.8954266410348,51.648303741356365,0.0,0.0,33170.300774363364,553.9522785098084,4.8551147066551845,553.9522785098084,23.572138814779464,0.0,0.0,75.24931227708208,0.004147293101152,0.0001830586998228,132.47054616202482,0.0037729722630278,0.0001314646633274,424.3162641570098,0.00343430237507,8.928705970744563e-05,4218.297923600364,0.0577197486065108,81859859.20284013,33170.300774363364,9456.128472539966,14256493507378.518,1.0,554.0,0.0,554.0,0.0,0.0,0.0,1.0,554.0,0.0,554.0,0.0,0.0,0.0,1.0,554.0,0.0,554.0,0.0,0.0,0.0,1.0,554.0,0.0,554.0,0.0,0.0,0.0,1.0,554.0,0.0,554.0,0.0,0.0,0.0
165.57652669198023,67.62915305460983,48.60416645798978,259.92597491869265,67.94779265435545,48.10169563700674,702.9771149956958,68.76956924445594,45.86966024754293,6029.82579688071,69.27163760578141,43.90952181384455,13985.492901412596,69.28871131851054,43.86345934642941,165.57652669198023,67.62915305460983,48.60416645798978,259.92597491869265,67.94779265435545,48.10169563700674,702.9771149956958,68.76956924445594,45.86966024754293,6029.82579688071,69.27163760578141,43.90952181384455,13985.492901412596,69.28871131851054,43.86345934642941,90.22919002785842,74.00000000000003,9.5367431640625e-07,74.00000000000003,9.094947017729282e-13,0.0,0.0,147.5597179236321,74.00000000000004,3.015782985847835e-06,74.00000000000004,9.094947017729284e-12,0.0,0.0,440.2914289956462,73.99999999998991,1.1284026685904726e-05,73.99999999998991,1.2732925824820995e-10,0.0,0.0,3991.276387269038,73.99960596400373,0.0742721258277519,73.99960596400373,0.0055163486749734,0.0,0.0,9273.69600495794,73.99878681467938,0.1303193105219252,73.99878681467938,0.0169831226949099,0.0,0.0,90.22919002785842,0.0033432648903119,7.925612297774442e-05,147.5597179236321,0.003343595552348,7.402478227196137e-05,440.2914289956462,0.0034943075103023,286920.6659908147,3991.276387269038,35618.89937561554,53699811420656.56,9273.69600495794,128380.3898885882,193537114560888.9,1.0,74.0,0.0,74.0,0.0,0.0,0.0,1.0,74.0,0.0,74.0,0.0,0.0,0.0,1.0,74.0,0.0,74.0,0.0,0.0,0.0,1.0,74.0,0.0,74.0,0.0,0.0,0.0,1.0,74.0,0.0,74.0,0.0,0.0,0.0
127.6013492524742,60.00000036048765,1.730340909489314e-05,147.45578029941916,60.00007970511604,0.0038258143049461,284.3143332524143,60.01066803655217,0.5084505065724443,2331.5073831322275,60.026431711479255,1.018080551231833,22481.495285163743,60.021088675307226,0.7339615056671391,127.6013492524742,60.00000036048765,1.730340909489314e-05,147.45578029941916,60.00007970511604,0.0038258143049461,284.3143332524143,60.01066803655217,0.5084505065724443,2331.5073831322275,60.026431711479255,1.018080551231833,22481.495285163743,60.021088675307226,0.7339615056671391,1.0,60.0,0.0,60.0,0.0,0.0,0.0,1.0,60.0,0.0,60.0,0.0,0.0,0.0,1.0,60.0,0.0,60.0,0.0,0.0,0.0,1.0,60.0,0.0,60.0,0.0,0.0,0.0,1.0,60.0,0.0,60.0,0.0,0.0,0.0,1.0,1507653547.407527,0.0,1.0,1507653547.407527,0.0,1.0,1507653547.407527,0.0,1.0,1507653547.407527,0.0,1.0,1507653547.407527,0.0,1.0,60.0,0.0,60.0,0.0,0.0,0.0,1.0,60.0,0.0,60.0,0.0,0.0,0.0,1.0,60.0,0.0,60.0,0.0,0.0,0.0,1.0,60.0,0.0,60.0,0.0,0.0,0.0,1.0,60.0,0.0,60.0,0.0,0.0,0.0
95.87005667293909,523.3763397329797,14190.274597807438,172.78256905745616,484.024196246438,29671.303990188,590.5694161549015,421.23549092320167,47957.416937189504,6369.091209190574,387.8274654033902,54472.992413314285,47190.57534905727,383.3288075410502,55179.70450067139,95.87005667293909,523.3763397329797,14190.274597807438,172.78256905745616,484.024196246438,29671.303990188,590.5694161549015,421.23549092320167,47957.416937189504,6369.091209190574,387.8274654033902,54472.992413314285,47190.57534905727,383.3288075410502,55179.70450067139,89.92695333841606,554.0000000000001,7.62939453125e-06,554.0000000000001,5.820766091346741e-11,0.0,0.0,148.30757711386855,553.9999999977816,0.0010468407863748,553.9999999977816,1.0958756320178509e-06,0.0,0.0,431.84777563235735,553.9990009528758,0.7025156805344067,553.9990009528758,0.4935282813967206,0.0,0.0,4227.08863050822,553.9388513664006,5.4957880091770415,553.9388513664006,30.20368584181415,0.0,0.0,30888.903403255,553.955512004312,4.6877596659686604,553.955512004312,21.975090685882613,0.0,0.0,89.92695333841606,0.0032505225540568,1.4679097885304128e-05,148.30757711386855,0.0032788880126245,2.555618741904069e-05,431.84777563235735,0.0033596001536065,4.4068385684395295e-05,4227.08863050822,0.5160852494662553,772928376.682515,30888.903403255,12713.276106904172,19167079213571.805,1.0,554.0,0.0,554.0,0.0,0.0,0.0,1.0,554.0,0.0,554.0,0.0,0.0,0.0,1.0,554.0,0.0,554.0,0.0,0.0,0.0,1.0,554.0,0.0,554.0,0.0,0.0,0.0,1.0,554.0,0.0,554.0,0.0,0.0,0.0
1.0,60.0,0.0,1.0,60.0,0.0,1.0,60.0,0.0,1.0,60.0,0.0,1.0,60.0,0.0,1.0,60.0,0.0,1.0,60.0,0.0,1.0,60.0,0.0,1.0,60.0,0.0,1.0,60.0,0.0,1.0,60.0,0.0,60.0,0.0,0.0,0.0,1.0,60.0,0.0,60.0,0.0,0.0,0.0,1.0,60.0,0.0,60.0,0.0,0.0,0.0,1.0,60.0,0.0,60.0,0.0,0.0,0.0,1.0,60.0,0.0,60.0,0.0,0.0,0.0,1.0,1505913440.958676,0.0,1.0,1505913440.958676,0.0,1.0,1505913440.958676,0.0,1.0,1505913440.958676,0.0,1.0,1505913440.958676,0.0,1.0,60.0,0.0,60.0,0.0,0.0,0.0,1.0,60.0,0.0,60.0,0.0,0.0,0.0,1.0,60.0,0.0,60.0,0.0,0.0,0.0,1.0,60.0,0.0,60.0,0.0,0.0,0.0,1.0,60.0,0.0,60.0,0.0,0.0,0.0
129.03682706336184,73.89182595003358,1.5027350744403518,210.14405015580704,73.91538923780267,1.1773916896963783,617.8799901812167,73.94048452630503,0.8296745682864639,6353.630822621202,72.63377784810916,17.28941825273705,55938.851895126485,70.00744310348134,40.08618599627425,129.03682706336184,73.89182595003358,1.5027350744403518,210.14405015580704,73.91538923780267,1.1773916896963783,617.8799901812167,73.94048452630503,0.8296745682864639,6353.630822621202,72.63377784810916,17.28941825273705,55938.851895126485,70.00744310348134,40.08618599627425,128.03979590777135,73.99999999999993,3.162979879718208e-06,73.99999999999993,1.0004441719502209e-11,0.0,0.0,208.8740181376,74.0,9.5367431640625e-07,74.0,9.094947017729282e-13,0.0,0.0,615.253316063409,73.99999999999234,9.725607897935456e-06,73.99999999999234,9.458744898438455e-11,0.0,0.0,5732.9908030585375,73.99966779893053,0.0681960748601315,73.99966779893053,0.0046507046263286,0.0,0.0,39966.80216728526,73.99829875599006,0.1543195452302909,73.99829875599006,0.0238145220400838,0.0,0.0,128.03979590777135,0.0022763677050521,8.154568179403347e-06,208.8740181376,0.002318300449322,1.0123492955155756e-05,615.253316063409,0.0023517719460062,1.4445014326212312e-05,5732.9908030585375,0.0035007362206,1475989.024782856,39966.80216728526,5416.133204231252,8165637459126.095,1.0,74.0,0.0,74.0,0.0,0.0,0.0,1.0,74.0,0.0,74.0,0.0,0.0,0.0,1.0,74.0,0.0,74.0,0.0,0.0,0.0,1.0,74.0,0.0,74.0,0.0,0.0,0.0,1.0,74.0,0.0,74.0,0.0,0.0,0.0
107.5703702958562,478.7712410836836,31503.64073657105,194.2233368578511,438.5876808847538,43693.68223937249,636.6687414204537,400.8356664505326,52203.86662244881,6655.306295740079,390.2097984375239,54083.15163801269,58279.39000636468,384.54223260075446,54993.05899941252,107.5703702958562,478.7712410836836,31503.64073657105,194.2233368578511,438.5876808847538,43693.68223937249,636.6687414204537,400.8356664505326,52203.86662244881,6655.306295740079,390.2097984375239,54083.15163801269,58279.39000636468,384.54223260075446,54993.05899941252,91.18902322394148,554.0,1.0789593218788871e-05,554.0,1.1641532182693479e-10,0.0,0.0,148.84729286379,554.0,1.3214498959113138e-05,554.0,1.7462298274040222e-10,0.0,0.0,439.2700673091539,553.9999999997549,0.0003472841393048,553.9999999997549,1.206062734127045e-07,0.0,0.0,4448.7347263409865,553.9872996597832,2.504756828164499,553.9872996597832,6.273806768236683,0.0,0.0,38289.78334735068,553.9626906587314,4.2929503375555935,553.9626906587314,18.42942260071868,0.0,0.0,91.18902322394148,0.0032352386465189,3.422368553884288e-05,148.84729286379,0.0032923801324246,5.253514677617673e-05,439.2700673091539,0.0033164368103786,8.446738899662665e-05,4448.7347263409865,0.003271327664294,37529.57858071154,38289.78334735068,3817.862548579615,5756003385871.683,1.0,554.0,0.0,554.0,0.0,0.0,0.0,1.0,554.0,0.0,554.0,0.0,0.0,0.0,1.0,554.0,0.0,554.0,0.0,0.0,0.0,1.0,554.0,0.0,554.0,0.0,0.0,0.0,1.0,554.0,0.0,554.0,0.0,0.0,0.0
37.870261553222754,74.05997450423622,1.43579116104047,57.47656732750275,74.11329573423694,2.706320634890289,118.33753211396971,74.26615746758459,12.552869949624435,1043.5750703300644,75.33972154573486,516.2570781779805,4969.989099721589,76.34185088441419,1386.1970277673772,37.870261553222754,74.05997450423622,1.43579116104047,57.47656732750275,74.11329573423694,2.706320634890289,118.33753211396971,74.26615746758459,12.552869949624435,1043.5750703300644,75.33972154573486,516.2570781779805,4969.989099721589,76.34185088441419,1386.1970277673772,1.0000000008703225,73.99999999999999,9.5367431640625e-07,73.99999999999999,9.094947017729282e-13,0.0,0.0,1.0000036697303951,74.0,0.0,74.0,0.0,0.0,0.0,1.017331151199332,74.0,0.0,74.0,0.0,0.0,0.0,2.193733830364869,73.99999999999999,1.3486991523486091e-06,73.99999999999999,1.8189894035458565e-12,0.0,0.0,2.898479067230877,74.0,0.0,74.0,0.0,0.0,0.0,1.0000000008703225,6.019593787143023,58634.71235979871,1.0000036697303951,16.620165061440858,15963611746.396273,1.017331151199332,2836935.3360428726,4264120244209431.0,2.193733830364869,367169854.96946687,4.1811210108764736e+17,2.898479067230877,488039292.3993951,4.967622944810569e+17,1.0000000008703225,73.99999999999999,9.5367431640625e-07,73.99999999999999,9.094947017729282e-13,0.0,0.0,1.0000036697303951,74.0,0.0,74.0,0.0,0.0,0.0,1.017331151199332,74.0,0.0,74.0,0.0,0.0,0.0,2.193733830364869,73.99999999999999,1.3486991523486091e-06,73.99999999999999,1.8189894035458565e-12,0.0,0.0,2.898479067230877,74.0,0.0,74.0,0.0,0.0,0.0
72.79069537332168,480.2636096518012,30988.72157042622,135.00213153146026,425.4377259724046,46981.50503334552,465.7381882621213,363.37327179015085,57830.75581492798,4973.091318045862,337.7949383117192,60055.96544807045,36094.8408789864,336.54949368035284,60131.61601204441,72.79069537332168,480.2636096518012,30988.72157042622,135.00213153146026,425.4377259724046,46981.50503334552,465.7381882621213,363.37327179015085,57830.75581492798,4973.091318045862,337.7949383117192,60055.96544807045,36094.8408789864,336.54949368035284,60131.61601204441,61.92573826937407,553.9994458134013,0.5232283177358386,553.9994458134013,0.2737678724806756,0.0,0.0,99.87136130425768,553.9841741830712,2.796015576920557,553.9841741830712,7.817703106382396,0.0,0.0,286.1639734708918,553.7456263954103,11.206955640879094,553.7456263954103,125.59585473663174,0.0,0.0,2797.3211577805578,553.8469142384425,8.694879582853638,553.8469142384425,75.60093096032506,0.0,0.0,20209.069656107407,553.9207601863236,6.2560521905328885,553.9207601863236,39.13818901067135,0.0,0.0,61.92573826937407,0.0047390356513069,2.618321389792003e-05,99.87136130425768,0.0048865845732182,4.847029812421008e-05,286.1639734708918,0.0050831560215129,9.760059687400416e-05,2797.3211577805578,1.7287544392271572,2598586506.7980943,20209.069656107407,21049.6222474072,31735208090451.05,61.92566879889981,554.0000000000001,7.62939453125e-06,554.0000000000001,5.820766091346741e-11,0.0,0.0,99.8681618186698,553.9999999999999,1.7059844799040144e-05,553.9999999999999,2.910383045673371e-10,0.0,0.0,286.0166201076622,553.9999999999997,7.62939453125e-06,553.9999999999997,5.820766091346741e-11,0.0,0.0,2796.454295351908,553.9999999999983,3.236877965636661e-05,553.9999999999983,1.0477378964424131e-09,0.0,0.0,20205.828030775057,554.0000000000057,6.103515625e-05,554.0000000000057,3.725290298461914e-09,0.0,0.0
146.29836088494923,74.00844502868568,0.20260936993418,258.4374981112563,74.0174846778922,0.4193269149436673,808.6579807928375,74.03272745797433,0.920371072236776,5615.993924756524,74.08297933316891,12.678030578856124,8987.790734296012,74.09161600689772,14.757550360208368,146.29836088494923,74.00844502868568,0.20260936993418,258.4374981112563,74.0174846778922,0.4193269149436673,808.6579807928375,74.03272745797433,0.920371072236776,5615.993924756524,74.08297933316891,12.678030578856124,8987.790734296012,74.09161600689772,14.757550360208368,146.24688197435233,74.00000000000003,1.9073486328125e-06,95.26804291051648,3.885363069147175e-12,-7.233487500170795e-28,-3.24692260469455e-16,258.2492191092321,73.99999999999818,5.3947966093944364e-06,95.26804291051508,2.961100216652941e-11,-4.093119309456033e-25,-3.2479072315279167e-14,807.5719788281023,73.9999912694816,0.0110556403277085,95.26803612903628,0.0001222271830556,-7.474891758323681e-21,-2.588751051752677e-13,5603.885999765382,73.99781840513194,0.1747500179434933,95.2663483540693,0.0305375687712512,2.1421789689517831e-16,3.875628072213272e-10,8966.335820920642,73.99712555795126,0.2005839629432333,95.26581018833176,0.0402339261900124,-1.812957689008821e-15,-1.1368390215449124e-09,146.24688197435233,0.0021003097754963,7.464135661565533e-05,258.2492191092319,0.0019222867256359,4.162385818033807,807.5719788281064,14.541117951423896,21894964566.08696,5603.885999765431,82890.2553922727,124818749295254.56,8966.335820920656,149315.3710730276,224833858066591.5,1.0,74.0,0.0,74.0,0.0,0.0,0.0,1.0,74.0,0.0,74.0,0.0,0.0,0.0,1.0,74.0,0.0,74.0,0.0,0.0,0.0,1.0,74.0,0.0,74.0,0.0,0.0,0.0,1.0,74.0,0.0,74.0,0.0,0.0,0.0
118.28713138046926,71.0105320673183,32.915632537223246,211.5507730688928,70.12369915532054,39.2425061219319,662.2548675415234,69.49044368659864,42.81459372894368,6674.686286495916,69.39032094000872,43.46496181829208,42518.19766308147,69.37855157566054,43.491088987892,118.28713138046926,71.0105320673183,32.915632537223246,211.5507730688928,70.12369915532054,39.2425061219319,662.2548675415234,69.49044368659864,42.81459372894368,6674.686286495916,69.39032094000872,43.46496181829208,42518.19766308147,69.37855157566054,43.491088987892,93.02887698572192,73.999999735726,0.0019234944276693,73.999999735726,3.699830813275185e-06,0.0,0.0,152.97723549389886,73.99996777241509,0.0212411193271077,73.99996777241509,0.0004511851502684,0.0,0.0,448.9812590041122,73.99779804384278,0.1755634859252092,73.99779804384278,0.0308225375902111,0.0,0.0,4474.208562575096,73.99700006565004,0.2049148146456151,73.99700006565004,0.0419900812612468,0.0,0.0,28465.463299672443,73.99773416029402,0.1780916108589129,73.99773416029402,0.0317166218583224,0.0,0.0,93.02887698572192,0.0031814160123955,3.888295462810854e-05,152.97723549389886,0.003201306040396,4.769305848239758e-05,448.9812590041122,0.0032392728237017,6.620387853025465e-05,4474.208562575096,12.588939142595429,18974936537.983173,28465.463299672443,19107.924880552036,28807827826203.75,1.0,74.0,0.0,74.0,0.0,0.0,0.0,1.0,74.0,0.0,74.0,0.0,0.0,0.0,1.0,74.0,0.0,74.0,0.0,0.0,0.0,1.0,74.0,0.0,74.0,0.0,0.0,0.0,1.0,74.0,0.0,74.0,0.0,0.0,0.0
1.0,60.0,0.0,1.0,60.0,0.0,1.0,60.0,0.0,1.0,60.0,0.0,1.0,60.0,0.0,1.0,60.0,0.0,1.0,60.0,0.0,1.0,60.0,0.0,1.0,60.0,0.0,1.0,60.0,0.0,1.0,60.0,0.0,60.0,0.0,0.0,0.0,1.0,60.0,0.0,60.0,0.0,0.0,0.0,1.0,60.0,0.0,60.0,0.0,0.0,0.0,1.0,60.0,0.0,60.0,0.0,0.0,0.0,1.0,60.0,0.0,60.0,0.0,0.0,0.0,1.0,1505913549.151923,0.0,1.0,1505913549.151923,0.0,1.0,1505913549.151923,0.0,1.0,1505913549.151923,0.0,1.0,1505913549.151923,0.0,1.0,60.0,0.0,60.0,0.0,0.0,0.0,1.0,60.0,0.0,60.0,0.0,0.0,0.0,1.0,60.0,0.0,60.0,0.0,0.0,0.0,1.0,60.0,0.0,60.0,0.0,0.0,0.0,1.0,60.0,0.0,60.0,0.0,0.0,0.0
191.43094814982388,74.00768184958805,0.2112417923508474,301.49545381653536,74.02056996507514,1.4442602830267788,839.7892210323176,74.11128235011185,21.72263682733773,3979.0127311189976,74.13926050892806,28.15885536711812,5287.553654802486,74.13117948046114,25.583702447979704,191.43094814982388,74.00768184958805,0.2112417923508474,301.49545381653536,74.02056996507514,1.4442602830267788,839.7892210323176,74.11128235011185,21.72263682733773,3979.0127311189976,74.13926050892806,28.15885536711812,5287.553654802486,74.13117948046114,25.583702447979704,191.3705144657372,73.99999999030594,0.0003683813173287,95.26804290298652,1.3570479495988458e-07,3.5496062030422755e-23,1.0103747662751417e-13,301.2834905130938,73.99999542009962,0.0080074084298276,95.26803935305249,6.411858976207567e-05,2.213426080736756e-19,7.74656086422181e-12,838.3295846040469,73.99877553510194,0.1309236772141818,95.26709180348897,0.0171410092552832,-8.080213000122319e-17,-1.4293138343702358e-10,3967.952189391032,73.99492996508121,0.2663733913401825,95.26410478526142,0.07095478361407,2.776109292648468e-15,1.0928124475956394e-08,5272.163835506563,73.99486179935933,0.2681574310805008,95.26405183859386,0.0719084078436935,-1.3260438883096784e-15,-1.4968467957693391e-09,191.37051446573707,0.0015433767607653,22.33829349015188,301.2834905130936,0.0089326460020422,11010819.990315983,838.3295846040503,2039.156990518975,3070788955147.1206,3967.952189391035,192637.27202288905,290058115127828.1,5272.16383550654,266908.2618842177,401869731584350.3,1.0,74.0,0.0,74.0,0.0,0.0,0.0,1.0,74.0,0.0,74.0,0.0,0.0,0.0,1.0,74.0,0.0,74.0,0.0,0.0,0.0,1.0,74.0,0.0,74.0,0.0,0.0,0.0,1.0,74.0,0.0,74.0,0.0,0.0,0.0
142.07280386325053,347.94597103932983,59332.42745558403,231.7586774462758,346.40806151104385,59456.00459021848,656.9064970063642,362.8769588061541,57886.6739951979,6396.83032351346,379.3075957515218,55778.01977995964,61936.14459129964,382.8415130514455,55253.81770178524,142.07280386325053,347.94597103932983,59332.42745558403,231.7586774462758,346.40806151104385,59456.00459021848,656.9064970063642,362.8769588061541,57886.6739951979,6396.83032351346,379.3075957515218,55778.01977995964,61936.14459129964,382.8415130514455,55253.81770178524,82.81233090418165,554.0000000000001,7.62939453125e-06,554.0000000000001,5.820766091346741e-11,0.0,0.0,134.36751720514346,554.0000000000006,2.7508173183166418e-05,554.0000000000006,7.566995918750762e-10,0.0,0.0,402.7565151274004,553.9999999997668,0.0003394866250806,553.9999999997668,1.1525116860866549e-07,0.0,0.0,4134.777314126851,553.9855813755379,2.66881857536029,553.9855813755379,7.1225925881881285,0.0,0.0,40479.303604779816,553.9591114809282,4.494135795674182,553.9591114809282,20.19725654996,0.0,0.0,82.81233090418165,0.0036021307074274,5.9497469000308326e-05,134.36751720514346,0.0036604060387277,6.906727783348538e-05,402.7565151274004,0.0036159408586632,8.727974716489384e-05,4134.777314126851,0.0034934648416059,1.3579418928272893,40479.303604779816,1289.2574980884233,1943749855669.2285,1.0,554.0,0.0,554.0,0.0,0.0,0.0,1.0,554.0,0.0,554.0,0.0,0.0,0.0,1.0,554.0,0.0,554.0,0.0,0.0,0.0,1.0,554.0,0.0,554.0,0.0,0.0,0.0,1.0,554.0,0.0,554.0,0.0,0.0,0.0
1.0,60.0,0.0,1.0,60.0,0.0,1.0,60.0,0.0,1.0,60.0,0.0,1.0,60.0,0.0,1.0,60.0,0.0,1.0,60.0,0.0,1.0,60.0,0.0,1.0,60.0,0.0,1.0,60.0,0.0,1.0,60.0,0.0,60.0,0.0,0.0,0.0,1.0,60.0,0.0,60.0,0.0,0.0,0.0,1.0,60.0,0.0,60.0,0.0,0.0,0.0,1.0,60.0,0.0,60.0,0.0,0.0,0.0,1.0,60.0,0.0,60.0,0.0,0.0,0.0,1.0,1505913471.46793,0.0,1.0,1505913471.46793,0.0,1.0,1505913471.46793,0.0,1.0,1505913471.46793,0.0,1.0,1505913471.46793,0.0,1.0,60.0,0.0,60.0,0.0,0.0,0.0,1.0,60.0,0.0,60.0,0.0,0.0,0.0,1.0,60.0,0.0,60.0,0.0,0.0,0.0,1.0,60.0,0.0,60.0,0.0,0.0,0.0,1.0,60.0,0.0,60.0,0.0,0.0,0.0
118.29229949297456,72.36863738835223,20.17773259238129,216.7003333078259,71.56841666719595,28.12956915486848,679.9950116619189,71.0017270315079,32.98618076506227,6431.582860129394,70.67451748204894,35.555285213317795,43203.134190696175,70.6927559740458,35.80898325900125,118.29229949297456,72.36863738835223,20.17773259238129,216.7003333078259,71.56841666719595,28.12956915486848,679.9950116619189,71.0017270315079,32.98618076506227,6431.582860129394,70.67451748204894,35.555285213317795,43203.134190696175,70.6927559740458,35.80898325900125,104.50818273306854,74.0,1.6518123698891422e-06,74.0,2.7284841053187847e-12,0.0,0.0,179.06283911608185,74.00000000000003,2.3360154559928683e-06,74.00000000000003,5.4569682106375694e-12,0.0,0.0,534.3657269966801,73.99999872009836,0.0042330392001197,73.99999872009836,1.7918620869750157e-05,0.0,0.0,4899.307632677068,73.99811654924545,0.1623722979312097,73.99811654924545,0.0263647631354615,0.0,0.0,32826.867698300965,73.99750005258633,0.1870641975245869,73.99750005258633,0.0349930139955176,0.0,0.0,104.50818273306854,0.0028334099427744,3.574603123516568e-05,179.06283911608185,0.0027334635794841,3.988283205363248e-05,534.3657269966801,0.0027169074885493,4.236553616037687e-05,4899.307632677068,6.2852769520886085,9471599472.58368,32826.867698300965,15597.984769776886,23516164167153.15,1.0,74.0,0.0,74.0,0.0,0.0,0.0,1.0,74.0,0.0,74.0,0.0,0.0,0.0,1.0,74.0,0.0,74.0,0.0,0.0,0.0,1.0,74.0,0.0,74.0,0.0,0.0,0.0,1.0,74.0,0.0,74.0,0.0,0.0,0.0
172.82650414471894,247.56356808312927,57476.310531346346,254.8595441677905,285.41345239184363,60543.01518113472,669.6159510037271,345.99413428673785,59487.80502279586,6412.157168483607,379.6152236962087,55733.46515005504,54240.91863442365,382.7823477605357,55262.8528105802,172.82650414471894,247.56356808312927,57476.310531346346,254.8595441677905,285.41345239184363,60543.01518113472,669.6159510037271,345.99413428673785,59487.80502279586,6412.157168483607,379.6152236962087,55733.46515005504,54240.91863442365,382.7823477605357,55262.8528105802,65.61934365591405,553.9999999999941,5.394796609394436e-05,553.9999999999941,2.91038304567337e-09,0.0,0.0,116.29304995344782,553.9999997667704,0.0107338450289197,553.9999997667704,0.0001152154291048,0.0,0.0,387.6663960927646,553.9951567287965,1.5467878061635607,553.9951567287965,2.3925525172962807,0.0,0.0,4149.173806586348,553.9267611645522,6.01453412869414,553.9267611645522,36.17462078522658,0.0,0.0,35443.86767057897,553.9538918990281,4.772344907995124,553.9538918990281,22.77527592086699,0.0,0.0,65.61934365591405,0.0051288753952306,0.0004875356834918,116.29304995344782,0.0044327684443473,0.0003014420838092,387.6663960927646,0.0037725813511677,0.0001382577279944,4149.173806586348,0.0060994955778583,3948332.520042385,35443.86767057897,6524.367998074396,9836454305957.492,1.0,554.0,0.0,554.0,0.0,0.0,0.0,1.0,554.0,0.0,554.0,0.0,0.0,0.0,1.0,554.0,0.0,554.0,0.0,0.0,0.0,1.0,554.0,0.0,554.0,0.0,0.0,0.0,1.0,554.0,0.0,554.0,0.0,0.0,0.0
103.46719169036324,492.0699475755984,26757.32043177533,186.2682950818896,449.66577336713095,40651.394915451565,615.2828492301453,402.6536128905474,51847.8182130396,6404.161517421501,385.4259895948522,54853.01795895453,52572.08519131557,383.3985604799474,55168.72712272493,103.46719169036324,492.0699475755984,26757.32043177533,186.2682950818896,449.66577336713095,40651.394915451565,615.2828492301453,402.6536128905474,51847.8182130396,6404.161517421501,385.4259895948522,54853.01795895453,52572.08519131557,383.3985604799474,55168.72712272493,90.4957082452829,554.0000000000001,1.3214498959113138e-05,554.0000000000001,1.7462298274040222e-10,0.0,0.0,146.92444202973294,553.9999999999999,1.0789593218788871e-05,553.9999999999999,1.1641532182693479e-10,0.0,0.0,426.7468522000532,553.9999999328479,0.0057596016889948,553.9999999328479,3.317301161587238e-05,0.0,0.0,4218.836220427141,553.9764142813751,3.413325169778522,553.9764142813751,11.65078871464357,0.0,0.0,34418.413369077185,553.9603721137854,4.424319768836106,553.9603721137854,19.574605416913982,0.0,0.0,90.4957082452829,0.0032416543637752,2.174130669693256e-05,146.92444202973294,0.0033190966234662,3.5294596243711465e-05,426.7468522000532,0.0034125572084387,8.366274093116444e-05,4218.836220427141,0.0156695306280494,18462863.057282425,34418.413369077185,7852.361889090531,11838593080679.896,1.0,554.0,0.0,554.0,0.0,0.0,0.0,1.0,554.0,0.0,554.0,0.0,0.0,0.0,1.0,554.0,0.0,554.0,0.0,0.0,0.0,1.0,554.0,0.0,554.0,0.0,0.0,0.0,1.0,554.0,0.0,554.0,0.0,0.0,0.0
169.18532083126033,259.83110904079547,58764.31536332963,247.2484746656773,309.0870107673768,60976.20892676174,663.1387563380779,361.3527126348361,58032.255142780654,6423.159128589234,381.00149047389846,55527.2827943179,61801.7725225074,383.1281828331348,55209.99489379193,169.18532083126033,259.83110904079547,58764.31536332963,247.2484746656773,309.0870107673768,60976.20892676174,663.1387563380779,361.3527126348361,58032.255142780654,6423.159128589234,381.00149047389846,55527.2827943179,61801.7725225074,383.1281828331348,55209.99489379193,1.0,60.0,0.0,60.0,0.0,0.0,0.0,1.0,60.0,0.0,60.0,0.0,0.0,0.0,1.0,60.0,0.0,60.0,0.0,0.0,0.0,1.0,60.0,0.0,60.0,0.0,0.0,0.0,1.0,60.0,0.0,60.0,0.0,0.0,0.0,1.0,1507656397.531502,0.0,1.0,1507656397.531502,0.0,1.0,1507656397.531502,0.0,1.0,1507656397.531502,0.0,1.0,1507656397.531502,0.0,1.0,60.0,0.0,60.0,0.0,0.0,0.0,1.0,60.0,0.0,60.0,0.0,0.0,0.0,1.0,60.0,0.0,60.0,0.0,0.0,0.0,1.0,60.0,0.0,60.0,0.0,0.0,0.0,1.0,60.0,0.0,60.0,0.0,0.0,0.0
70.01244710620026,484.4141260741072,29533.22786936088,132.75279561324598,431.85185228385615,45421.014980991305,464.2165154167813,368.897636869892,57177.62561576508,5056.967217830676,339.895827001806,59923.25307303968,33706.610851766025,336.98242513845804,60106.02307175392,70.01244710620026,484.4141260741072,29533.22786936088,132.75279561324598,431.85185228385615,45421.014980991305,464.2165154167813,368.897636869892,57177.62561576508,5056.967217830676,339.895827001806,59923.25307303968,33706.610851766025,336.98242513845804,60106.02307175392,60.15034727305191,553.9999999999999,1.0789593218788871e-05,553.9999999999999,1.1641532182693479e-10,0.0,0.0,99.9278804545683,553.9999999999999,7.62939453125e-06,553.9999999999999,5.820766091346741e-11,0.0,0.0,290.2739380607157,553.9999998874631,0.0074560851400636,553.9999998874631,5.55932056158781e-05,0.0,0.0,2865.3504596616235,553.9653598650235,4.1365476836229895,553.9653598650235,17.11102673888672,0.0,0.0,18901.116333047263,553.9307623655568,5.847956700416815,553.9307623655568,34.198597569949925,0.0,0.0,60.15034727305191,0.0049701537168235,9.187959594419156e-05,99.9278804545683,0.0049711705069295,0.0001459136349943,290.2739380607157,0.0050459564881454,0.0002028233071509,2865.3504596616235,8.223750782865032,12391003089.685806,18901.116333047263,26374.46271119781,39763000875212.04,60.15034727305191,553.9999999999999,1.0789593218788871e-05,553.9999999999999,1.1641532182693479e-10,0.0,0.0,99.9278804545683,553.9999999999999,7.62939453125e-06,553.9999999999999,5.820766091346741e-11,0.0,0.0,290.2739379945893,554.0000000000006,2.412626388678268e-05,554.0000000000006,5.820766091346742e-10,0.0,0.0,2865.149536328264,553.9999999999999,7.62939453125e-06,553.9999999999999,5.820766091346741e-11,0.0,0.0,18898.4672063605,554.0000000000072,6.651151952424124e-05,554.0000000000072,4.423782229423523e-09,0.0,0.0
151.71377110754386,67.93215236197727,48.131091989183005,235.79318771342943,68.91343723698868,45.33876311905715,682.9256593760583,69.4936813008684,42.7825384487669,6247.436260739215,69.41830155644907,43.20119669697851,15816.786992159556,69.35825236123965,43.526381989625406,151.71377110754386,67.93215236197727,48.131091989183005,235.79318771342943,68.91343723698868,45.33876311905715,682.9256593760583,69.4936813008684,42.7825384487669,6247.436260739215,69.41830155644907,43.20119669697851,15816.786992159556,69.35825236123965,43.526381989625406,1.0,60.0,0.0,60.0,0.0,0.0,0.0,1.0,60.0,0.0,60.0,0.0,0.0,0.0,1.0,60.0,0.0,60.0,0.0,0.0,0.0,1.0,60.0,0.0,60.0,0.0,0.0,0.0,1.0,60.0,0.0,60.0,0.0,0.0,0.0,1.0,1507657097.821004,0.0,1.0,1507657097.821004,0.0,1.0,1507657097.821004,0.0,1.0,1507657097.821004,0.0,1.0,1507657097.821004,0.0,1.0,60.0,0.0,60.0,0.0,0.0,0.0,1.0,60.0,0.0,60.0,0.0,0.0,0.0,1.0,60.0,0.0,60.0,0.0,0.0,0.0,1.0,60.0,0.0,60.0,0.0,0.0,0.0,1.0,60.0,0.0,60.0,0.0,0.0,0.0
87.27048234127138,383.0007311510373,55232.88886450778,158.89491402231985,352.0806995551234,58976.730527619766,501.9585243657999,335.82599741029634,60178.05374073253,5096.172497291967,335.8705770144044,60172.51665909421,34066.093649981405,336.3596363041977,60143.09699253448,87.27048234127138,383.0007311510373,55232.88886450778,158.89491402231985,352.0806995551234,58976.730527619766,501.9585243657999,335.82599741029634,60178.05374073253,5096.172497291967,335.8705770144044,60172.51665909421,34066.093649981405,336.3596363041977,60143.09699253448,57.06159838893594,554.0000000000001,1.3214498959113138e-05,554.0000000000001,1.7462298274040222e-10,0.0,0.0,93.94764705139694,554.0,1.0789593218788871e-05,554.0,1.1641532182693479e-10,0.0,0.0,280.2696386580917,553.999999981997,0.0029822833822854,553.999999981997,8.894014172255993e-06,0.0,0.0,2846.0183858801765,553.9710665757825,3.780512454693334,553.9710665757825,14.292274420091417,0.0,0.0,19059.690614857693,553.9326090077117,5.769454796528431,553.9326090077117,33.28660864918493,0.0,0.0,57.06159838893594,0.0053857286418602,0.000198967084006,93.94764705139694,0.0053477236643758,0.0002176768535143,280.2696386580917,0.0052229362186962,0.0001984180907383,2846.0183858801765,6.869812463306537,10349675295.1332,19059.690614857693,25671.02757324462,38702496947019.53,57.06159838893594,554.0000000000001,1.3214498959113138e-05,554.0000000000001,1.7462298274040222e-10,0.0,0.0,93.94764705139694,554.0,1.0789593218788871e-05,554.0,1.1641532182693479e-10,0.0,0.0,280.2696386478784,554.0,1.52587890625e-05,554.0,2.3283064365386963e-10,0.0,0.0,2845.8516954808056,554.0000000000006,3.411968959808029e-05,554.0000000000006,1.164153218269348e-09,0.0,0.0,19057.09051068109,554.0000000000057,5.909703592235439e-05,554.0000000000057,3.492459654808044e-09,0.0,0.0
118.98175333075594,403.42003914182,51712.147659451286,209.53506509939012,378.9741073097893,55828.38230660299,647.0327965127711,373.7638852076498,56549.111249120935,6406.360891233619,382.2999578778442,55336.01434864367,60120.12648764462,383.8392190268732,55101.497464811306,118.98175333075594,403.42003914182,51712.147659451286,209.53506509939012,378.9741073097893,55828.38230660299,647.0327965127711,373.7638852076498,56549.111249120935,6406.360891233619,382.2999578778442,55336.01434864367,60120.12648764462,383.8392190268732,55101.497464811306,82.71399055351878,553.9999999999999,1.3214498959113138e-05,553.9999999999999,1.7462298274040222e-10,0.0,0.0,135.2957675567408,553.9999999993233,0.0005782255652312,553.9999999993233,3.343448042869568e-07,0.0,0.0,410.9564088811766,553.9993147934306,0.5818002884805202,553.9993147934306,0.3384915756760165,0.0,0.0,4180.124256397533,553.9399063170115,5.448180260181744,553.9399063170115,29.68266814743401,0.0,0.0,39414.17308934544,553.9551126002008,4.708753616762273,553.9551126002008,22.172360623371787,0.0,0.0,82.71399055351878,0.003644315668228,8.988391360467064e-05,135.2957675567408,0.0036800855831075,0.0001203754892756,410.9564088811766,0.0035630737062056,0.0001451933878493,4180.124256397533,0.0034560350155342,750.1918185127003,39414.17308934544,2492.448037961883,3757742680418.461,1.0,554.0,0.0,554.0,0.0,0.0,0.0,1.0,554.0,0.0,554.0,0.0,0.0,0.0,1.0,554.0,0.0,554.0,0.0,0.0,0.0,1.0,554.0,0.0,554.0,0.0,0.0,0.0,1.0,554.0,0.0,554.0,0.0,0.0,0.0
169.03787883670114,204.57859534102872,50518.855867683385,252.0780585424657,262.6735154830346,59044.162770367024,671.3281593119573,340.27945586727265,59901.474542935255,6365.783864601963,377.52684486341866,56032.61554242778,28361.864928097544,381.1394032223336,55509.39117364316,169.03787883670114,204.57859534102872,50518.855867683385,252.0780585424657,262.6735154830346,59044.162770367024,671.3281593119573,340.27945586727265,59901.474542935255,6365.783864601963,377.52684486341866,56032.61554242778,28361.864928097544,381.1394032223336,55509.39117364316,1.0,60.0,0.0,60.0,0.0,0.0,0.0,1.0,60.0,0.0,60.0,0.0,0.0,0.0,1.0,60.0,0.0,60.0,0.0,0.0,0.0,1.0,60.0,0.0,60.0,0.0,0.0,0.0,1.0,60.0,0.0,60.0,0.0,0.0,0.0,1.0,1507656009.39125,0.0,1.0,1507656009.39125,0.0,1.0,1507656009.39125,0.0,1.0,1507656009.39125,0.0,1.0,1507656009.39125,0.0,1.0,60.0,0.0,60.0,0.0,0.0,0.0,1.0,60.0,0.0,60.0,0.0,0.0,0.0,1.0,60.0,0.0,60.0,0.0,0.0,0.0,1.0,60.0,0.0,60.0,0.0,0.0,0.0,1.0,60.0,0.0,60.0,0.0,0.0,0.0
1.0,60.0,0.0,1.0,60.0,0.0,1.0,60.0,0.0,1.0,60.0,0.0,1.0,60.0,0.0,1.0,60.0,0.0,1.0,60.0,0.0,1.0,60.0,0.0,1.0,60.0,0.0,1.0,60.0,0.0,1.0,60.0,0.0,60.0,0.0,0.0,0.0,1.0,60.0,0.0,60.0,0.0,0.0,0.0,1.0,60.0,0.0,60.0,0.0,0.0,0.0,1.0,60.0,0.0,60.0,0.0,0.0,0.0,1.0,60.0,0.0,60.0,0.0,0.0,0.0,1.0,1505913425.027602,0.0,1.0,1505913425.027602,0.0,1.0,1505913425.027602,0.0,1.0,1505913425.027602,0.0,1.0,1505913425.027602,0.0,1.0,60.0,0.0,60.0,0.0,0.0,0.0,1.0,60.0,0.0,60.0,0.0,0.0,0.0,1.0,60.0,0.0,60.0,0.0,0.0,0.0,1.0,60.0,0.0,60.0,0.0,0.0,0.0,1.0,60.0,0.0,60.0,0.0,0.0,0.0
97.3913661985588,359.517627710906,58250.878727035546,170.03403370047252,335.26738532929414,60209.740880682206,510.7157964510998,329.7102684186528,60491.90798751637,5017.238007289459,334.56570701144443,60245.541893038135,40627.56919592272,336.19136360523163,60152.78002193684,97.3913661985588,359.517627710906,58250.878727035546,170.03403370047252,335.26738532929414,60209.740880682206,510.7157964510998,329.7102684186528,60491.90798751637,5017.238007289459,334.56570701144443,60245.541893038135,40627.56919592272,336.19136360523163,60152.78002193684,59.049447290228464,554.0000000000001,0.0,554.0000000000001,0.0,0.0,0.0,94.746456059924,553.9999999999985,2.7508173183166418e-05,553.9999999999985,7.566995918750762e-10,0.0,0.0,278.83386469001056,553.9998807303855,0.242732723389577,553.9998807303855,0.0589191750041209,0.0,0.0,2788.908537663899,553.9288193445077,5.929433120207522,553.9288193445077,35.158177127013914,0.0,0.0,22716.933821668128,553.9320887505633,5.791678969441002,553.9320887505633,33.54354528506519,0.0,0.0,59.049447290228464,0.0050900957581078,0.0001068233019723,94.746456059924,0.0052140153949458,0.0001161784844547,278.83386469001056,0.0052259336510694,0.0001268044196488,2788.908537663899,0.0434567282449056,57709376.41977281,22716.933821668128,12792.667058877476,19286812178741.125,59.049447290228464,554.0000000000001,0.0,554.0000000000001,0.0,0.0,0.0,94.74645605992372,553.9999999999999,1.52587890625e-05,553.9999999999999,2.3283064365386963e-10,0.0,0.0,278.83379736934705,554.0000000000007,2.288818359375e-05,554.0000000000007,5.238689482212067e-10,0.0,0.0,2788.506682729041,554.0000000000006,2.642899791822628e-05,554.0000000000006,6.984919309616089e-10,0.0,0.0,22713.81087559685,554.0000000000035,5.6064370943828846e-05,554.0000000000035,3.1432136893272404e-09,0.0,0.0
175.5159264207259,74.00838229799031,0.2304974249054794,285.57710718279924,74.02172260666214,1.5251646219530812,823.8664329753329,74.11344362915183,22.144279568006827,3963.049607867714,74.13982274743925,28.272462916398577,5271.558557778403,74.13157763077996,25.661300613968702,175.5159264207259,74.00838229799031,0.2304974249054794,285.57710718279924,74.02172260666214,1.5251646219530812,823.8664329753329,74.11344362915183,22.144279568006827,3963.049607867714,74.13982274743925,28.272462916398577,5271.558557778403,74.13157763077996,25.661300613968702,175.45546466603318,73.9999999894217,0.0003848191085848,95.26804290229968,1.4808574633486465e-07,4.341207594185625e-23,1.1829158149189393e-13,285.3650848124396,73.99999516327344,0.0082288611668163,95.26803915356123,6.771415610273954e-05,2.001195473913097e-19,6.815310900152786e-12,822.4066609760828,73.99875171184793,0.132191058326607,95.26707329876209,0.0174744759015084,-8.345886700400722e-17,-1.4621549128400518e-10,3951.988963413769,73.9949094384657,0.2669118724775608,95.26408884152904,0.0712419476694776,2.7811666359421484e-15,1.092594555416355e-08,5256.168724189077,73.9948461584515,0.2685651123583108,95.26403968976392,0.072127219576032,-1.3267278260157142e-15,-1.4953454467682531e-09,175.4554646660331,0.0016833899683192,24.37585122692529,285.36508481243936,0.0094330906640047,11628271.629862536,822.4066609760861,2078.8309370034367,3130534305582.63,3951.988963413772,193417.1860240188,291232297692127.6,5256.168724189052,267720.74232697795,403092823135879.4,1.0,74.0,0.0,74.0,0.0,0.0,0.0,1.0,74.0,0.0,74.0,0.0,0.0,0.0,1.0,74.0,0.0,74.0,0.0,0.0,0.0,1.0,74.0,0.0,74.0,0.0,0.0,0.0,1.0,74.0,0.0,74.0,0.0,0.0,0.0
169.12112311319422,221.7314149768449,53738.2643796621,256.0779998987831,276.582639232841,60083.675970168886,684.1161027134174,346.8112904630572,59422.41084977464,6457.763528458548,380.1719187266914,55652.07073190352,46670.89027592994,382.2256297601476,55346.90067020527,169.12112311319422,221.7314149768449,53738.2643796621,256.0779998987831,276.582639232841,60083.675970168886,684.1161027134174,346.8112904630572,59422.41084977464,6457.763528458548,380.1719187266914,55652.07073190352,46670.89027592994,382.2256297601476,55346.90067020527,1.0,60.0,0.0,60.0,0.0,0.0,0.0,1.0,60.0,0.0,60.0,0.0,0.0,0.0,1.0,60.0,0.0,60.0,0.0,0.0,0.0,1.0,60.0,0.0,60.0,0.0,0.0,0.0,1.0,60.0,0.0,60.0,0.0,0.0,0.0,1.0,1507656114.037578,0.0,1.0,1507656114.037578,0.0,1.0,1507656114.037578,0.0,1.0,1507656114.037578,0.0,1.0,1507656114.037578,0.0,1.0,60.0,0.0,60.0,0.0,0.0,0.0,1.0,60.0,0.0,60.0,0.0,0.0,0.0,1.0,60.0,0.0,60.0,0.0,0.0,0.0,1.0,60.0,0.0,60.0,0.0,0.0,0.0,1.0,60.0,0.0,60.0,0.0,0.0,0.0
45.92978035969551,74.3837055494255,23.012209422466174,53.48178760954068,74.85968801974974,388.6818814282724,68.47853851690715,86.6125646668575,9860.138321046688,684.0235700805781,80.92086960928974,5196.339517383552,7167.545490974299,76.72841442657622,1776.2768078813233,45.92978035969551,74.3837055494255,23.012209422466174,53.48178760954068,74.85968801974974,388.6818814282724,68.47853851690715,86.6125646668575,9860.138321046688,684.0235700805781,80.92086960928974,5196.339517383552,7167.545490974299,76.72841442657622,1776.2768078813233,1.0,74.0,0.0,74.0,0.0,0.0,0.0,1.0000000000133669,74.0,9.5367431640625e-07,74.0,9.094947017729282e-13,0.0,0.0,1.0002414417731214,74.0,0.0,74.0,0.0,0.0,0.0,1.9524452481927623,74.00000000000001,9.5367431640625e-07,74.00000000000001,9.094947017729282e-13,0.0,0.0,3.6664893054706034,74.0,9.5367431640625e-07,74.0,9.094947017729282e-13,0.0,0.0,1.0,12.04085397720337,5.684341886080804e-14,1.0000000000133669,12.040853977269675,0.2210505962574984,1.0002414417731214,704.9209604510704,1043418846866.1666,1.9524452481927623,179274048.22475564,2.3783191682028032e+17,3.6664893054706034,354959738.499468,4.0854204728614624e+17,1.0,74.0,0.0,74.0,0.0,0.0,0.0,1.0000000000133669,74.0,9.5367431640625e-07,74.0,9.094947017729282e-13,0.0,0.0,1.0002414417731214,74.0,0.0,74.0,0.0,0.0,0.0,1.9524452481927623,74.00000000000001,9.5367431640625e-07,74.00000000000001,9.094947017729282e-13,0.0,0.0,3.6664893054706034,74.0,9.5367431640625e-07,74.0,9.094947017729282e-13,0.0,0.0
78.74783484464912,484.74851882522415,29414.464055439046,140.02955843899915,448.728959176986,40921.902130607865,481.7341576823517,384.17356462949374,55053.23520993546,4681.168384842697,343.9343754982221,59642.22906873977,11387.46632098911,339.5685373910757,59945.4759132534,78.74783484464912,484.74851882522415,29414.464055439046,140.02955843899915,448.728959176986,40921.902130607865,481.7341576823517,384.17356462949374,55053.23520993546,4681.168384842697,343.9343754982221,59642.22906873977,11387.46632098911,339.5685373910757,59945.4759132534,1.0,60.0,0.0,60.0,0.0,0.0,0.0,1.0,60.0,0.0,60.0,0.0,0.0,0.0,1.0,60.0,0.0,60.0,0.0,0.0,0.0,1.0,60.0,0.0,60.0,0.0,0.0,0.0,1.0,60.0,0.0,60.0,0.0,0.0,0.0,1.0,1507659344.4127018,0.0,1.0,1507659344.4127018,0.0,1.0,1507659344.4127018,0.0,1.0,1507659344.4127018,0.0,1.0,1507659344.4127018,0.0,1.0,60.0,0.0,60.0,0.0,0.0,0.0,1.0,60.0,0.0,60.0,0.0,0.0,0.0,1.0,60.0,0.0,60.0,0.0,0.0,0.0,1.0,60.0,0.0,60.0,0.0,0.0,0.0,1.0,60.0,0.0,60.0,0.0,0.0,0.0
1.0,60.0,0.0,1.0,60.0,0.0,1.0,60.0,0.0,1.0,60.0,0.0,1.0,60.0,0.0,1.0,60.0,0.0,1.0,60.0,0.0,1.0,60.0,0.0,1.0,60.0,0.0,1.0,60.0,0.0,1.0,60.0,0.0,60.0,0.0,0.0,0.0,1.0,60.0,0.0,60.0,0.0,0.0,0.0,1.0,60.0,0.0,60.0,0.0,0.0,0.0,1.0,60.0,0.0,60.0,0.0,0.0,0.0,1.0,60.0,0.0,60.0,0.0,0.0,0.0,1.0,1505913443.221332,0.0,1.0,1505913443.221332,0.0,1.0,1505913443.221332,0.0,1.0,1505913443.221332,0.0,1.0,1505913443.221332,0.0,1.0,60.0,0.0,60.0,0.0,0.0,0.0,1.0,60.0,0.0,60.0,0.0,0.0,0.0,1.0,60.0,0.0,60.0,0.0,0.0,0.0,1.0,60.0,0.0,60.0,0.0,0.0,0.0,1.0,60.0,0.0,60.0,0.0,0.0,0.0
133.9085794719575,375.5313136108488,56312.45903626832,217.83295165779407,387.57908971988985,54516.005923689256,631.6015850994157,388.8667712573789,54306.2260635359,6296.59230416308,383.4410242473124,55163.17275879826,23366.78462854096,382.657021790581,55282.18261752232,133.9085794719575,375.5313136108488,56312.45903626832,217.83295165779407,387.57908971988985,54516.005923689256,631.6015850994157,388.8667712573789,54306.2260635359,6296.59230416308,383.4410242473124,55163.17275879826,23366.78462854096,382.657021790581,55282.18261752232,1.0,60.0,0.0,60.0,0.0,0.0,0.0,1.0,60.0,0.0,60.0,0.0,0.0,0.0,1.0,60.0,0.0,60.0,0.0,0.0,0.0,1.0,60.0,0.0,60.0,0.0,0.0,0.0,1.0,60.0,0.0,60.0,0.0,0.0,0.0,1.0,1507655990.417276,0.0,1.0,1507655990.417276,0.0,1.0,1507655990.417276,0.0,1.0,1507655990.417276,0.0,1.0,1507655990.417276,0.0,1.0,60.0,0.0,60.0,0.0,0.0,0.0,1.0,60.0,0.0,60.0,0.0,0.0,0.0,1.0,60.0,0.0,60.0,0.0,0.0,0.0,1.0,60.0,0.0,60.0,0.0,0.0,0.0,1.0,60.0,0.0,60.0,0.0,0.0,0.0
9.398992488294653,138.68329506983707,48818.83711390884,17.882936673483638,150.13250508160266,55627.62837142954,54.927592425301455,135.43890787290866,44622.27035552856,871.5580316028656,80.66133463258339,4833.941056249457,8610.75434787491,76.83852042488022,1840.303110781053,9.398992488294653,138.68329506983707,48818.83711390884,17.882936673483638,150.13250508160266,55627.62837142954,54.927592425301455,135.43890787290866,44622.27035552856,871.5580316028656,80.66133463258339,4833.941056249457,8610.75434787491,76.83852042488022,1840.303110781053,1.0000000007926642,74.0,0.0,74.0,0.0,0.0,0.0,1.0000034696146878,73.99999999999999,1.3486991523486091e-06,73.99999999999999,1.8189894035458565e-12,0.0,0.0,1.0170114122682428,74.0,9.5367431640625e-07,74.0,9.094947017729282e-13,0.0,0.0,2.1915390965073698,74.0,0.0,74.0,0.0,0.0,0.0,2.8981303088141086,74.0,0.0,74.0,0.0,0.0,0.0,1.0000000007926642,6.046558430533893,53576.14935867646,1.0000034696146878,16.08853985692297,15122420977.2305,1.0170114122682428,2787079.5177921755,4189322816621735.0,2.1915390965073698,366875014.3755715,4.178846207484383e+17,2.8981303088141086,488010041.29581153,4.967469253337132e+17,1.0000000007926642,74.0,0.0,74.0,0.0,0.0,0.0,1.0000034696146878,73.99999999999999,1.3486991523486091e-06,73.99999999999999,1.8189894035458565e-12,0.0,0.0,1.0170114122682428,74.0,9.5367431640625e-07,74.0,9.094947017729282e-13,0.0,0.0,2.1915390965073698,74.0,0.0,74.0,0.0,0.0,0.0,2.8981303088141086,74.0,0.0,74.0,0.0,0.0,0.0
84.85130866984831,74.14694139027408,3.50500159440071,173.81447443848091,74.10400509728711,2.4853055299472544,695.2538339752658,74.05986133417002,1.5567272990365382,5550.397282552395,74.0861828541136,12.617550417772687,9037.584760135276,74.09353907823822,14.70336685008351,84.85130866984831,74.14694139027408,3.50500159440071,173.81447443848091,74.10400509728711,2.4853055299472544,695.2538339752658,74.05986133417002,1.5567272990365382,5550.397282552395,74.0861828541136,12.617550417772687,9037.584760135276,74.09353907823822,14.70336685008351,84.3318016172434,74.00000000000003,9.5367431640625e-07,95.26804291051644,4.192563418333924e-12,-7.3973290915204925e-28,-3.8341447935035927e-16,173.06124147384148,73.99999999999872,4.1569699702650776e-06,95.26804291051546,1.8121553553256734e-11,-2.691388662168194e-25,-2.7715570299912638e-14,693.5327864086544,73.9999920530235,0.0105478727769835,95.26803673765691,0.0001112576201194,-1.0820848439045831e-19,-4.219292816614864e-12,5537.597485381536,73.99784599466307,0.1736416855097711,95.26636978414714,0.0301514349466742,2.140600940568965e-16,4.19391698516942e-10,9015.183985620544,73.9971481647023,0.1997937965232821,95.265827747986,0.0399175611291866,-1.8115591681345664e-15,-1.2538238155118303e-09,84.33180161724343,0.0045169912464399,0.0008148828308406,173.0612414738415,0.0031765434912939,2.967448194831165,693.5327864086572,13.236578404589975,19929946722.693256,5537.597485381591,81841.98416190872,123240315257658.69,9015.183985620555,148141.04393601476,223065771284889.4,1.0,74.0,0.0,74.0,0.0,0.0,0.0,1.0,74.0,0.0,74.0,0.0,0.0,0.0,1.0,74.0,0.0,74.0,0.0,0.0,0.0,1.0,74.0,0.0,74.0,0.0,0.0,0.0,1.0,74.0,0.0,74.0,0.0,0.0,0.0
47.13183529300616,60.0,4.547473508864641e-13,65.186794337351,60.00000000082464,3.958075467380695e-08,201.892142245021,60.00024938102821,0.0118882134115665,2245.473020331713,60.0180445099704,0.7008225880995269,22029.09039439352,60.0202486735844,0.7070799501443616,47.13183529300616,60.0,4.547473508864641e-13,65.186794337351,60.00000000082464,3.958075467380695e-08,201.892142245021,60.00024938102821,0.0118882134115665,2245.473020331713,60.0180445099704,0.7008225880995269,22029.09039439352,60.0202486735844,0.7070799501443616,1.0,60.0,0.0,60.0,0.0,0.0,0.0,1.0,60.0,0.0,60.0,0.0,0.0,0.0,1.0,60.0,0.0,60.0,0.0,0.0,0.0,1.0,60.0,0.0,60.0,0.0,0.0,0.0,1.0,60.0,0.0,60.0,0.0,0.0,0.0,1.0,1507653453.245991,0.0,1.0,1507653453.245991,0.0,1.0,1507653453.245991,0.0,1.0,1507653453.245991,0.0,1.0,1507653453.245991,0.0,1.0,60.0,0.0,60.0,0.0,0.0,0.0,1.0,60.0,0.0,60.0,0.0,0.0,0.0,1.0,60.0,0.0,60.0,0.0,0.0,0.0,1.0,60.0,0.0,60.0,0.0,0.0,0.0,1.0,60.0,0.0,60.0,0.0,0.0,0.0
71.63593722884556,60.00000010660544,1.5990804058674255e-06,89.91952574027718,60.000027946579856,0.0004191979160168,225.90829129705423,60.00366074142927,0.0549091978532487,2270.692059265657,60.01497277534789,0.4422644844580645,19493.577198073195,60.01980407015986,0.6708446680459019,71.63593722884556,60.00000010660544,1.5990804058674255e-06,89.91952574027718,60.000027946579856,0.0004191979160168,225.90829129705423,60.00366074142927,0.0549091978532487,2270.692059265657,60.01497277534789,0.4422644844580645,19493.577198073195,60.01980407015986,0.6708446680459019,1.0,60.0,0.0,60.0,0.0,0.0,0.0,1.0,60.0,0.0,60.0,0.0,0.0,0.0,1.0,60.0,0.0,60.0,0.0,0.0,0.0,1.0,60.0,0.0,60.0,0.0,0.0,0.0,1.0,60.0,0.0,60.0,0.0,0.0,0.0,1.0,1507653237.353188,0.0,1.0,1507653237.353188,0.0,1.0,1507653237.353188,0.0,1.0,1507653237.353188,0.0,1.0,1507653237.353188,0.0,1.0,60.0,0.0,60.0,0.0,0.0,0.0,1.0,60.0,0.0,60.0,0.0,0.0,0.0,1.0,60.0,0.0,60.0,0.0,0.0,0.0,1.0,60.0,0.0,60.0,0.0,0.0,0.0,1.0,60.0,0.0,60.0,0.0,0.0,0.0
167.9211201315902,74.0287001284036,0.6879793843218067,266.37175184164363,74.03835778388466,0.9191154937070678,758.04042854758,74.04506142992612,1.1605762865501674,7514.502020323906,74.40721255382155,286.6230495055124,21274.526813571185,74.50367872783808,357.64014532368486,167.9211201315902,74.0287001284036,0.6879793843218067,266.37175184164363,74.03835778388466,0.9191154937070678,758.04042854758,74.04506142992612,1.1605762865501674,7514.502020323906,74.40721255382155,286.6230495055124,21274.526813571185,74.50367872783808,357.64014532368486,167.72031356036263,73.99999999999996,1.3486991523486091e-06,95.26804291051644,1.241218711944037e-11,-5.507334780047923e-28,-1.1653581604451232e-16,265.94602558786085,74.00000000000001,2.6973983046972182e-06,95.26804291051636,1.274104372543834e-11,3.3175390522241394e-28,3.802961744788088e-17,756.6191258326194,73.9999994794258,0.0026996350378078,95.26804250615744,7.288029337367563e-06,9.454119660414894e-20,1.0828468359153095e-11,7492.01078954672,73.99914775382277,0.1092278360098667,95.26738092491088,0.0119307201593983,1.1551417150411415e-16,5.227518691576412e-10,21204.602509377237,73.99842165735619,0.1486415348637104,95.26681692897976,0.0220943058866396,-2.755933598680166e-16,-1.7084158712737976e-10,167.72031356036254,0.0017619236052412,2.1557434517793427e-05,265.9460255878611,0.0018337024624613,2.1522192823042047e-05,756.6191258326213,0.0019156223510616,15.312731405395532,7492.010789546834,7482.295578097165,11267637288219.154,21204.602509376786,51103.8279636173,76955371977765.27,1.0,74.0,0.0,74.0,0.0,0.0,0.0,1.0,74.0,0.0,74.0,0.0,0.0,0.0,1.0,74.0,0.0,74.0,0.0,0.0,0.0,1.0,74.0,0.0,74.0,0.0,0.0,0.0,1.0,74.0,0.0,74.0,0.0,0.0,0.0
135.70608613666317,196.9220254135601,48891.26829387951,197.8863815930506,246.02342455786012,57287.14651812727,524.3458644671222,305.6138721183934,60993.66977624581,5048.172991570919,333.3079104320128,60310.33818785336,37926.95052095436,336.0215612253586,60162.32519837338,135.70608613666317,196.9220254135601,48891.26829387951,197.8863815930506,246.02342455786012,57287.14651812727,524.3458644671222,305.6138721183934,60993.66977624581,5048.172991570919,333.3079104320128,60310.33818785336,37926.95052095436,336.0215612253586,60162.32519837338,1.0,60.0,0.0,60.0,0.0,0.0,0.0,1.0,60.0,0.0,60.0,0.0,0.0,0.0,1.0,60.0,0.0,60.0,0.0,0.0,0.0,1.0,60.0,0.0,60.0,0.0,0.0,0.0,1.0,60.0,0.0,60.0,0.0,0.0,0.0,1.0,1507659509.367665,0.0,1.0,1507659509.367665,0.0,1.0,1507659509.367665,0.0,1.0,1507659509.367665,0.0,1.0,1507659509.367665,0.0,1.0,60.0,0.0,60.0,0.0,0.0,0.0,1.0,60.0,0.0,60.0,0.0,0.0,0.0,1.0,60.0,0.0,60.0,0.0,0.0,0.0,1.0,60.0,0.0,60.0,0.0,0.0,0.0,1.0,60.0,0.0,60.0,0.0,0.0,0.0
127.61407777021527,411.11681892458506,50168.68801702518,219.46974480730705,388.5926951482797,54351.63209841913,654.0642710313881,380.765152830144,55567.68250202545,6447.183415784321,383.63796641181966,55132.91497485872,51249.282775516585,383.0814882604312,55217.37553463839,127.61407777021527,411.11681892458506,50168.68801702518,219.46974480730705,388.5926951482797,54351.63209841913,654.0642710313881,380.765152830144,55567.68250202545,6447.183415784321,383.63796641181966,55132.91497485872,51249.282775516585,383.0814882604312,55217.37553463839,90.70333813091683,553.9999999999966,4.0370961167367405e-05,553.9999999999966,1.6298145055770874e-09,0.0,0.0,145.98411937743856,553.9999998443207,0.0087695932651612,553.9999998443207,7.690576603636146e-05,0.0,0.0,424.7019575816584,553.9958321495167,1.4348870225665329,553.9958321495167,2.058900767529849,0.0,0.0,4224.3215473014,553.9290158416346,5.921244419972334,553.9290158416346,35.0611354810535,0.0,0.0,33519.952892644265,553.9545644262448,4.73741586145841,553.9545644262448,22.443109044397715,0.0,0.0,90.70333813091683,0.0033198809262716,8.042143794741662e-05,145.98411937743856,0.0033880113583671,8.641044766027523e-05,424.7019575816584,0.0034254683242838,7.257283400584531e-05,4224.3215473014,0.0402744041359313,55566286.35778741,33519.952892644265,9003.16877568752,13573594501003.602,1.0,554.0,0.0,554.0,0.0,0.0,0.0,1.0,554.0,0.0,554.0,0.0,0.0,0.0,1.0,554.0,0.0,554.0,0.0,0.0,0.0,1.0,554.0,0.0,554.0,0.0,0.0,0.0,1.0,554.0,0.0,554.0,0.0,0.0,0.0
180.1504457594749,65.84733231693886,47.671429280864686,271.6205639320916,66.72612990069446,48.92579780650704,703.2782654656078,68.23307638101517,47.48490664852671,6702.939260527981,69.29567053430047,43.83170172342125,49065.29964034475,69.37777996803186,43.497674379119424,180.1504457594749,65.84733231693886,47.671429280864686,271.6205639320916,66.72612990069446,48.92579780650704,703.2782654656078,68.23307638101517,47.48490664852671,6702.939260527981,69.29567053430047,43.83170172342125,49065.29964034475,69.37777996803186,43.497674379119424,75.241895731375,74.00000000000001,1.9073486328125e-06,74.00000000000001,3.637978807091713e-12,0.0,0.0,130.48122741242634,74.00000000000003,2.132480599880018e-06,74.00000000000003,4.547473508864642e-12,0.0,0.0,413.3112804916988,73.9999991975549,0.0033517494052287,73.9999991975549,1.1234224075451492e-05,0.0,0.0,4447.941009227953,73.99819242231112,0.1590686025834508,73.99819242231112,0.0253028203278518,0.0,0.0,32845.472112783296,73.99781811346769,0.1747616976134291,73.99781811346769,0.0305416509527276,0.0,0.0,75.241895731375,0.0041990034949055,0.0002188001229959,130.48122741242634,0.0038616009991491,0.0001665449368921,413.3112804916988,0.0035355150969013,0.0001202804400058,4447.941009227953,0.5657274267805827,848026664.3579407,32845.472112783296,12128.958554251058,18286157994909.26,1.0,74.0,0.0,74.0,0.0,0.0,0.0,1.0,74.0,0.0,74.0,0.0,0.0,0.0,1.0,74.0,0.0,74.0,0.0,0.0,0.0,1.0,74.0,0.0,74.0,0.0,0.0,0.0,1.0,74.0,0.0,74.0,0.0,0.0,0.0
168.70360982686,65.38996068109249,46.40778617560864,253.8221366929368,66.86986129594405,48.98335645587758,683.9040575657464,68.54331889585943,46.62191694716421,6497.576782074439,69.30107013432867,43.79486126459505,21699.103336450054,69.33360437072012,43.67798349110035,168.70360982686,65.38996068109249,46.40778617560864,253.8221366929368,66.86986129594405,48.98335645587758,683.9040575657464,68.54331889585943,46.62191694716421,6497.576782074439,69.30107013432867,43.79486126459505,21699.103336450054,69.33360437072012,43.67798349110035,1.0,60.0,0.0,60.0,0.0,0.0,0.0,1.0,60.0,0.0,60.0,0.0,0.0,0.0,1.0,60.0,0.0,60.0,0.0,0.0,0.0,1.0,60.0,0.0,60.0,0.0,0.0,0.0,1.0,60.0,0.0,60.0,0.0,0.0,0.0,1.0,1507657115.870491,0.0,1.0,1507657115.870491,0.0,1.0,1507657115.870491,0.0,1.0,1507657115.870491,0.0,1.0,1507657115.870491,0.0,1.0,60.0,0.0,60.0,0.0,0.0,0.0,1.0,60.0,0.0,60.0,0.0,0.0,0.0,1.0,60.0,0.0,60.0,0.0,0.0,0.0,1.0,60.0,0.0,60.0,0.0,0.0,0.0,1.0,60.0,0.0,60.0,0.0,0.0,0.0
1.0,60.0,0.0,1.0,60.0,0.0,1.0,60.0,0.0,1.0,60.0,0.0,1.0,60.0,0.0,1.0,60.0,0.0,1.0,60.0,0.0,1.0,60.0,0.0,1.0,60.0,0.0,1.0,60.0,0.0,1.0,60.0,0.0,60.0,0.0,0.0,0.0,1.0,60.0,0.0,60.0,0.0,0.0,0.0,1.0,60.0,0.0,60.0,0.0,0.0,0.0,1.0,60.0,0.0,60.0,0.0,0.0,0.0,1.0,60.0,0.0,60.0,0.0,0.0,0.0,1.0,1505913440.1770446,0.0,1.0,1505913440.1770446,0.0,1.0,1505913440.1770446,0.0,1.0,1505913440.1770446,0.0,1.0,1505913440.1770446,0.0,1.0,60.0,0.0,60.0,0.0,0.0,0.0,1.0,60.0,0.0,60.0,0.0,0.0,0.0,1.0,60.0,0.0,60.0,0.0,0.0,0.0,1.0,60.0,0.0,60.0,0.0,0.0,0.0,1.0,60.0,0.0,60.0,0.0,0.0,0.0
159.74194614224317,74.05034676160233,1.8534201183038024,267.9746983766575,74.05707463036731,7.186169174415227,773.8671034435298,74.2991116717093,178.10783075737618,5629.377721372024,74.74006585104252,543.8549354974822,11956.688456315069,74.51636686648455,360.98594396572855,159.74194614224317,74.05034676160233,1.8534201183038024,267.9746983766575,74.05707463036731,7.186169174415227,773.8671034435298,74.2991116717093,178.10783075737618,5629.377721372024,74.74006585104252,543.8549354974822,11956.688456315069,74.51636686648455,360.98594396572855,159.28208196354066,74.00000000000007,2.132480599880018e-06,95.26804291051646,4.570154315443184e-12,-1.5018902651258846e-27,-1.0444027929296768e-15,267.099989380558,74.0000000000001,3.5683225505580347e-06,95.26804291051648,1.4038368172289786e-11,-6.658612477216824e-27,-7.674725844875213e-16,770.6108219767806,73.99999999004919,0.0003732767040766,95.26804290278716,1.393354986144355e-07,-2.1156076743654413e-21,-1.4630601727223105e-12,5606.704877491093,73.99889794686773,0.1242076056952493,95.26718688693872,0.0154275293125465,3.956644486331177e-16,6.488671918611197e-10,11915.292173550632,73.99797964100583,0.1681693908412961,95.2664735935511,0.0282809440159326,-1.9304260277988817e-15,-1.3807000182726222e-09,159.2820819635409,0.0018565602770722,2.372391207575e-05,267.0999893805583,0.0018268503144093,2.352033551822264e-05,770.6108219767826,0.0185184796756279,24955066.65169161,5606.704877491132,41872.792124172905,63055080722767.98,11915.2921735506,104949.29106586135,158033623079620.62,1.0,74.0,0.0,74.0,0.0,0.0,0.0,1.0,74.0,0.0,74.0,0.0,0.0,0.0,1.0,74.0,0.0,74.0,0.0,0.0,0.0,1.0,74.0,0.0,74.0,0.0,0.0,0.0,1.0,74.0,0.0,74.0,0.0,0.0,0.0
40.36445728862143,74.03548997026647,0.8504997484387786,59.496776002771405,74.08293762760945,1.983626265689964,136.39904955328646,74.19397895351979,4.693250408176027,1011.2828533514644,75.18752644449263,604.8840472331085,8764.018280300124,76.6882632843041,1727.9617149003416,40.36445728862143,74.03548997026647,0.8504997484387786,59.496776002771405,74.08293762760945,1.983626265689964,136.39904955328646,74.19397895351979,4.693250408176027,1011.2828533514644,75.18752644449263,604.8840472331085,8764.018280300124,76.6882632843041,1727.9617149003416,1.0,74.0,0.0,74.0,0.0,0.0,0.0,1.0,74.0,0.0,74.0,0.0,0.0,0.0,1.0,74.0,0.0,74.0,0.0,0.0,0.0,1.0,74.0,0.0,74.0,0.0,0.0,0.0,1.0,74.0,0.0,74.0,0.0,0.0,0.0,1.0,1505913188.528821,0.0,1.0,1505913188.528821,0.0,1.0,1505913188.528821,0.0,1.0,1505913188.528821,0.0,1.0,1505913188.528821,0.0,1.0,74.0,0.0,74.0,0.0,0.0,0.0,1.0,74.0,0.0,74.0,0.0,0.0,0.0,1.0,74.0,0.0,74.0,0.0,0.0,0.0,1.0,74.0,0.0,74.0,0.0,0.0,0.0,1.0,74.0,0.0,74.0,0.0,0.0,0.0
1.0,60.0,0.0,1.0,60.0,0.0,1.0,60.0,0.0,1.0,60.0,0.0,1.0,60.0,0.0,1.0,60.0,0.0,1.0,60.0,0.0,1.0,60.0,0.0,1.0,60.0,0.0,1.0,60.0,0.0,1.0,60.0,0.0,60.0,0.0,0.0,0.0,1.0,60.0,0.0,60.0,0.0,0.0,0.0,1.0,60.0,0.0,60.0,0.0,0.0,0.0,1.0,60.0,0.0,60.0,0.0,0.0,0.0,1.0,60.0,0.0,60.0,0.0,0.0,0.0,1.0,1505913473.3471198,0.0,1.0,1505913473.3471198,0.0,1.0,1505913473.3471198,0.0,1.0,1505913473.3471198,0.0,1.0,1505913473.3471198,0.0,1.0,60.0,0.0,60.0,0.0,0.0,0.0,1.0,60.0,0.0,60.0,0.0,0.0,0.0,1.0,60.0,0.0,60.0,0.0,0.0,0.0,1.0,60.0,0.0,60.0,0.0,0.0,0.0,1.0,60.0,0.0,60.0,0.0,0.0,0.0
116.6982330678992,402.3563148609789,51916.17320733366,192.8829765766609,418.1898760108037,48645.806965818665,606.8707035091182,404.86263180275,51430.67958561399,6357.461108255481,386.1420154589673,54741.42130040334,62378.25533472411,383.44324356002886,55162.014391379584,116.6982330678992,402.3563148609789,51916.17320733366,192.8829765766609,418.1898760108037,48645.806965818665,606.8707035091182,404.86263180275,51430.67958561399,6357.461108255481,386.1420154589673,54741.42130040334,62378.25533472411,383.44324356002886,55162.014391379584,1.0,60.0,0.0,60.0,0.0,0.0,0.0,1.0,60.0,0.0,60.0,0.0,0.0,0.0,1.0,60.0,0.0,60.0,0.0,0.0,0.0,1.0,60.0,0.0,60.0,0.0,0.0,0.0,1.0,60.0,0.0,60.0,0.0,0.0,0.0,1.0,1507656451.900833,0.0,1.0,1507656451.900833,0.0,1.0,1507656451.900833,0.0,1.0,1507656451.900833,0.0,1.0,1507656451.900833,0.0,1.0,60.0,0.0,60.0,0.0,0.0,0.0,1.0,60.0,0.0,60.0,0.0,0.0,0.0,1.0,60.0,0.0,60.0,0.0,0.0,0.0,1.0,60.0,0.0,60.0,0.0,0.0,0.0,1.0,60.0,0.0,60.0,0.0,0.0,0.0
131.98193414146084,539.0795981847397,7148.060098582006,207.4622223197382,511.3810037472292,19237.399545245986,616.7573581847523,457.6269279700292,38318.00260283664,6510.983477963529,431.562405960708,45430.13947980935,50184.13117650944,427.7760671606599,46390.928283341134,131.98193414146084,539.0795981847397,7148.060098582006,207.4622223197382,511.3810037472292,19237.399545245986,616.7573581847523,457.6269279700292,38318.00260283664,6510.983477963529,431.562405960708,45430.13947980935,50184.13117650944,427.7760671606599,46390.928283341134,127.99565176919752,553.9999999999999,7.62939453125e-06,553.9999999999999,5.820766091346741e-11,0.0,0.0,189.56377259554435,553.9999999878228,0.0024526337903244,553.9999999878228,6.015412509441377e-06,0.0,0.0,496.43099685015306,553.9983363521918,0.9065535002202212,553.9983363521918,0.8218392487615347,0.0,0.0,4896.18730293296,553.9292789705535,5.910261168770088,553.9292789705535,34.93118708307156,0.0,0.0,37360.85739200625,553.9182488314339,6.354399580003696,553.9182488314339,40.37839402235113,0.0,0.0,127.99565176919752,0.0022952537807525,1.8922242242394407e-05,189.56377259554435,0.0025696865874656,2.5486371549312706e-05,496.43099685015306,0.0029244743950149,4.4937948612169095e-05,4896.18730293296,0.0857005408675588,124761236.12715375,37360.85739200625,8888.303449189698,13400419815743.89,1.0,554.0,0.0,554.0,0.0,0.0,0.0,1.0,554.0,0.0,554.0,0.0,0.0,0.0,1.0,554.0,0.0,554.0,0.0,0.0,0.0,1.0,554.0,0.0,554.0,0.0,0.0,0.0,1.0,554.0,0.0,554.0,0.0,0.0,0.0
165.3552299588481,74.03084901101853,0.7394246029716669,268.44310385829124,74.0394127744318,0.9443532196200976,791.0903247919493,74.04363405748627,1.0467452214925288,7376.563728940754,74.08286343078697,17.930306665163698,36879.48246294322,74.25842329764893,154.4429303862571,165.3552299588481,74.03084901101853,0.7394246029716669,268.44310385829124,74.0394127744318,0.9443532196200976,791.0903247919493,74.04363405748627,1.0467452214925288,7376.563728940754,74.08286343078697,17.930306665163698,36879.48246294322,74.25842329764893,154.4429303862571,165.14268640422384,74.0,1.3486991523486091e-06,95.26804291051648,6.1852326820078106e-12,-1.5699591055253514e-27,-4.78758492052174e-16,268.0022668791043,73.99999999999865,4.672030911985737e-06,95.2680429105154,2.3475712622058027e-11,-2.1385173814106e-25,-1.557202841480401e-14,789.6520404880424,73.99999478674181,0.0085431596309724,95.26803886108824,7.298557648027795e-05,4.38141800846936e-19,2.404977838246948e-11,7358.852732141551,73.99892149280294,0.1228736651508275,95.26720517627253,0.0150979375875976,9.256395353992704e-17,3.53262870805912e-10,36771.907547210736,73.9984427650988,0.147644382501081,95.26683332440284,0.0217988636841255,3.45332248858748e-16,2.6218998325008544e-10,165.14268640422384,0.0017886637038215,2.246273821500509e-05,268.00226687910424,0.0018243027050674,2.685122305799609e-05,789.6520404880449,0.0018383349939753,2.989493657335854e-05,7358.852732141639,215.60204607565524,324675202488.2526,36771.90754720924,20632.41296933045,31070217564261.816,1.0,74.0,0.0,95.26804291051644,0.0,0.0,0.0,1.0,74.0,0.0,95.26804291051644,0.0,0.0,0.0,1.0,74.0,0.0,95.26804291051644,0.0,0.0,0.0,1.0202799963159168,74.0,0.0,95.26804291051644,0.0,0.0,0.0,1.6771841540650887,74.0,0.0,95.26804291051644,0.0,0.0,0.0
146.76929105060162,323.56989247093554,60721.03516224296,216.199403346455,360.0800855185155,58180.83644754709,583.2724246260375,401.3835351947304,52096.11214879874,5660.475381356608,409.7089529207877,50458.613062643446,41408.81424776638,404.7705465260733,51435.58590188046,146.76929105060162,323.56989247093554,60721.03516224296,216.199403346455,360.0800855185155,58180.83644754709,583.2724246260375,401.3835351947304,52096.11214879874,5660.475381356608,409.7089529207877,50458.613062643446,41408.81424776638,404.7705465260733,51435.58590188046,1.0,60.0,0.0,60.0,0.0,0.0,0.0,1.0,60.0,0.0,60.0,0.0,0.0,0.0,1.0,60.0,0.0,60.0,0.0,0.0,0.0,1.0,60.0,0.0,60.0,0.0,0.0,0.0,1.0,60.0,0.0,60.0,0.0,0.0,0.0,1.0,1507659523.060475,0.0,1.0,1507659523.060475,0.0,1.0,1507659523.060475,0.0,1.0,1507659523.060475,0.0,1.0,1507659523.060475,0.0,1.0,60.0,0.0,60.0,0.0,0.0,0.0,1.0,60.0,0.0,60.0,0.0,0.0,0.0,1.0,60.0,0.0,60.0,0.0,0.0,0.0,1.0,60.0,0.0,60.0,0.0,0.0,0.0,1.0,60.0,0.0,60.0,0.0,0.0,0.0
153.0037224178241,76.16631156554975,879.0673933352573,256.7580157382942,75.43527775155209,573.6222499164113,767.0156232372074,74.78774294188716,313.02274277023207,6812.2089925573,74.64981431700275,437.4738338751995,20633.092934177814,74.34824359754495,220.1174326161181,153.0037224178241,76.16631156554975,879.0673933352573,256.7580157382942,75.43527775155209,573.6222499164113,767.0156232372074,74.78774294188716,313.02274277023207,6812.2089925573,74.64981431700275,437.4738338751995,20633.092934177814,74.34824359754495,220.1174326161181,150.96078758557454,74.00000000000007,2.523185072960464e-06,95.26804291051648,9.00353819507624e-12,5.292558972414563e-28,8.313185901228584e-17,254.25885816959087,73.9999999999999,2.6973983046972182e-06,95.2680429105164,7.622954678590855e-12,-4.702693266001226e-28,-1.1561960503574915e-16,762.6793221475453,73.99999970131441,0.0020448954576608,95.26804267851064,4.181597432764911e-06,-5.3059054334681505e-21,-1.1601308179643805e-12,6788.026425593746,73.99904856815552,0.1154085807006308,95.26730388224622,0.013319140499334,-3.455181582540942e-17,-6.098313579279964e-11,20567.912766937567,73.99835518367105,0.1517389966363517,95.2667652956093,0.0230247231002067,3.2943063955377604e-16,1.4397818361947571e-09,150.9607875855746,0.001961342624168,2.669601333630916e-05,254.2588581695908,0.0019199495395865,2.4834372660288943e-05,762.6793221475481,0.0019347819374262,118.17445869948284,6788.0264255938255,10138.72064525032,15267933705147.99,20567.91276693705,53777.74172079117,80981749886552.48,1.0,74.0,0.0,74.0,0.0,0.0,0.0,1.0,74.0,0.0,74.0,0.0,0.0,0.0,1.0,74.0,0.0,74.0,0.0,0.0,0.0,1.0,74.0,0.0,74.0,0.0,0.0,0.0,1.0,74.0,0.0,74.0,0.0,0.0,0.0
1.0,60.0,0.0,1.0,60.0,0.0,1.0,60.0,0.0,1.0,60.0,0.0,1.0,60.0,0.0,1.0,60.0,0.0,1.0,60.0,0.0,1.0,60.0,0.0,1.0,60.0,0.0,1.0,60.0,0.0,1.0,60.0,0.0,60.0,0.0,0.0,0.0,1.0,60.0,0.0,60.0,0.0,0.0,0.0,1.0,60.0,0.0,60.0,0.0,0.0,0.0,1.0,60.0,0.0,60.0,0.0,0.0,0.0,1.0,60.0,0.0,60.0,0.0,0.0,0.0,1.0,1505913585.2333891,0.0,1.0,1505913585.2333891,0.0,1.0,1505913585.2333891,0.0,1.0,1505913585.2333891,0.0,1.0,1505913585.2333891,0.0,1.0,60.0,0.0,60.0,0.0,0.0,0.0,1.0,60.0,0.0,60.0,0.0,0.0,0.0,1.0,60.0,0.0,60.0,0.0,0.0,0.0,1.0,60.0,0.0,60.0,0.0,0.0,0.0,1.0,60.0,0.0,60.0,0.0,0.0,0.0
136.34940382310373,74.13713997587247,13.724512713700278,182.7011705202432,74.29659836431469,52.7889852388389,397.31847702126737,74.63403725965851,138.30064596993358,6304.242900164528,74.18495899929519,59.382726260365416,32043.22949728688,74.31999804009617,197.76633999119443,136.34940382310373,74.13713997587247,13.724512713700278,182.7011705202432,74.29659836431469,52.7889852388389,397.31847702126737,74.63403725965851,138.30064596993358,6304.242900164528,74.18495899929519,59.382726260365416,32043.22949728688,74.31999804009617,197.76633999119443,135.80223363444978,74.0,0.0,95.2680429105164,2.7284841053187847e-12,1.2372650428626592e-27,0.0,181.80398834553668,74.00000000000004,1.6518123698891422e-06,95.2680429105164,9.060776776628367e-12,-1.7919631845186722e-27,-3.6906807488274135e-16,394.7252391023392,73.99999999708865,0.0002018548058368,95.26804290825508,4.074536435488032e-08,1.647024602217512e-23,2.3729535104037802e-14,6279.322866280721,73.99918748525988,0.106651517716857,95.26741178639556,0.011374546231309,1.231283252890067e-16,2.3972910029400566e-10,31939.218929016835,73.99845247019955,0.147183634930295,95.26684086283235,0.0216630223912943,4.5236377996825456e-17,2.7634954838228704e-11,135.80223363444978,0.0026905890258716,0.0005245935284813,181.80398834553688,0.0032887643153089,0.0008978392505364,394.7252391023411,0.0043305352474538,0.002599609587837,6279.322866280822,745.87830677025,1123224785924.1309,31939.218929015795,26469.99888245472,39860846781878.28,1.0,74.0,0.0,95.26804291051644,0.0,0.0,0.0,1.0,74.0,0.0,95.26804291051644,0.0,0.0,0.0,1.0,74.0,0.0,95.26804291051644,0.0,0.0,0.0,1.021342052143016,74.0,9.5367431640625e-07,95.26804291051644,9.094947017729282e-13,0.0,0.0,1.6806496376667628,73.99999999999999,1.3486991523486091e-06,95.26804291051644,1.8189894035458565e-12,0.0,0.0
1.0,60.0,0.0,1.0,60.0,0.0,1.0,60.0,0.0,1.0,60.0,0.0,1.0,60.0,0.0,1.0,60.0,0.0,1.0,60.0,0.0,1.0,60.0,0.0,1.0,60.0,0.0,1.0,60.0,0.0,1.0,60.0,0.0,60.0,0.0,0.0,0.0,1.0,60.0,0.0,60.0,0.0,0.0,0.0,1.0,60.0,0.0,60.0,0.0,0.0,0.0,1.0,60.0,0.0,60.0,0.0,0.0,0.0,1.0,60.0,0.0,60.0,0.0,0.0,0.0,1.0,1505913546.0117474,0.0,1.0,1505913546.0117474,0.0,1.0,1505913546.0117474,0.0,1.0,1505913546.0117474,0.0,1.0,1505913546.0117474,0.0,1.0,60.0,0.0,60.0,0.0,0.0,0.0,1.0,60.0,0.0,60.0,0.0,0.0,0.0,1.0,60.0,0.0,60.0,0.0,0.0,0.0,1.0,60.0,0.0,60.0,0.0,0.0,0.0,1.0,60.0,0.0,60.0,0.0,0.0,0.0
104.33849614242888,74.99760467428685,745.5030343915605,151.91081716857178,77.11367747021961,2418.0751471452118,329.3312970995395,81.31147431886518,5630.330462549987,1283.1138821130237,80.1160207938974,4618.530195694834,7834.181474002946,77.07449545295556,2076.9662428100933,104.33849614242888,74.99760467428685,745.5030343915605,151.91081716857178,77.11367747021961,2418.0751471452118,329.3312970995395,81.31147431886518,5630.330462549987,1283.1138821130237,80.1160207938974,4618.530195694834,7834.181474002946,77.07449545295556,2076.9662428100933,1.0000298796043177,74.0,0.0,74.0,0.0,0.0,0.0,1.0019285233662631,74.0,0.0,74.0,0.0,0.0,0.0,1.1244729459828255,74.0,9.5367431640625e-07,74.0,9.094947017729282e-13,0.0,0.0,1.811909264083856,74.0,9.5367431640625e-07,74.0,9.094947017729282e-13,0.0,0.0,1.9793789145613896,74.00000000000001,9.5367431640625e-07,74.00000000000001,9.094947017729282e-13,0.0,0.0,1.0000298796043177,44997.74584196408,67756138377618.75,1.0019285233662631,2898601.3732861336,4356635051074405.0,1.1244729459828255,166696255.22202197,2.232424104967334e+17,1.811909264083856,674793564.0385765,5.608340367007652e+17,1.9793789145613896,745112227.4591385,5.668819481150476e+17,1.0000298796043177,74.0,0.0,74.0,0.0,0.0,0.0,1.0019285233662631,74.0,0.0,74.0,0.0,0.0,0.0,1.1244729459828255,74.0,9.5367431640625e-07,74.0,9.094947017729282e-13,0.0,0.0,1.811909264083856,74.0,9.5367431640625e-07,74.0,9.094947017729282e-13,0.0,0.0,1.9793789145613896,74.00000000000001,9.5367431640625e-07,74.00000000000001,9.094947017729282e-13,0.0,0.0
109.55814762208767,74.11261674370526,2.690137608270561,122.2185858499975,74.14614948567973,3.488703559560236,282.7605412917073,74.13405166343502,3.4926382270205067,6593.60743238459,74.11380917911677,44.262080057539606,31868.85526664947,74.30865131337731,197.51287512367253,109.55814762208767,74.11261674370526,2.690137608270561,122.2185858499975,74.14614948567973,3.488703559560236,282.7605412917073,74.13405166343502,3.4926382270205067,6593.60743238459,74.11380917911677,44.262080057539606,31868.85526664947,74.30865131337731,197.51287512367253,109.04405491270155,74.00000000000003,1.9073486328125e-06,95.26804291051644,6.558459564010245e-12,2.8497841934531768e-33,6.395966479520335e-22,121.473413145965,74.00000000000001,1.3486991523486091e-06,95.26804291051644,2.033691978340166e-12,1.2046674378476671e-30,9.365953564283477e-19,280.85699873178766,73.99999998321732,0.0004847246143547,95.26804289748044,2.349579517969621e-07,-6.881591223894763e-23,-7.017581319966024e-14,6569.212678598966,73.99910561462474,0.1118954664205674,95.2673481931998,0.0125205954054763,1.5830995508430784e-16,4.94509219996932e-10,31767.39543651629,73.99842198510581,0.1486261027970967,95.26681718355906,0.0220897184326531,-4.152669432967169e-17,-2.8323068028944603e-11,109.04405491270155,0.0079422415122236,0.0115049622874959,121.473413145965,0.0103351635781972,0.015842772774984,280.856998731788,0.0076625900602242,0.0106792681537338,6569.212678599048,821.0341839073249,1236403134460.2488,31767.395436515297,26991.43652881282,40646059363381.32,1.000056321084257,74.0,0.0,95.26804291051644,0.0,0.0,0.0,1.0028209968693018,74.0,9.5367431640625e-07,95.26804291051644,9.094947017729282e-13,0.0,0.0,1.1412974100479094,74.00000000000001,1.3486991523486091e-06,95.26804291051644,1.8189894035458565e-12,0.0,0.0,1.8450451033716764,73.99999999999999,1.3486991523486091e-06,95.26804291051644,1.8189894035458565e-12,0.0,0.0,2.665714672172462,74.0,9.5367431640625e-07,95.26804291051644,9.094947017729282e-13,0.0,0.0
100.27919078845171,498.40240987932265,24374.117492387533,180.1723048504061,456.876748034248,38545.96039867852,599.4064602820408,405.01313305650734,51402.421849785256,6373.001182025349,385.6465220503795,54821.3158114712,53438.87096821295,383.483495067389,55156.06735324901,100.27919078845171,498.40240987932265,24374.117492387533,180.1723048504061,456.876748034248,38545.96039867852,599.4064602820408,405.01313305650734,51402.421849785256,6373.001182025349,385.6465220503795,54821.3158114712,53438.87096821295,383.483495067389,55156.06735324901,88.99319615871578,553.9999999999997,1.52587890625e-05,553.9999999999997,2.3283064365386963e-10,0.0,0.0,144.74938954425983,554.0,1.0789593218788871e-05,554.0,1.1641532182693479e-10,0.0,0.0,418.6297481796033,553.9999999999769,0.0001065386966229,553.9999999999769,1.1350493878126144e-08,0.0,0.0,4201.126825827208,553.9893804553511,2.2904022096747503,553.9893804553511,5.245942282082979,0.0,0.0,34994.89538941879,553.9640292043051,4.215243667062786,553.9640292043051,17.768279172712933,0.0,0.0,88.99319615871578,0.0033240353948532,4.304914881146716e-05,144.74938954425983,0.0033983236611267,6.908101569782764e-05,418.6297481796033,0.0034806794911216,9.05423483815371e-05,4201.126825827208,0.0089514667562492,8312962.675192852,34994.89538941879,7127.700839192462,10746064410197.531,1.0,554.0,0.0,554.0,0.0,0.0,0.0,1.0,554.0,0.0,554.0,0.0,0.0,0.0,1.0,554.0,0.0,554.0,0.0,0.0,0.0,1.0,554.0,0.0,554.0,0.0,0.0,0.0,1.0,554.0,0.0,554.0,0.0,0.0,0.0
169.87121988025257,255.4347212493267,58350.02202727506,254.1615531270672,290.76910591151034,60745.557953173135,672.0997554924197,345.49509503269576,59527.02785936862,6409.223653013417,377.7184878541648,56005.28008221136,61946.22605976732,382.6811748386813,55278.109536839336,169.87121988025257,255.4347212493267,58350.02202727506,254.1615531270672,290.76910591151034,60745.557953173135,672.0997554924197,345.49509503269576,59527.02785936862,6409.223653013417,377.7184878541648,56005.28008221136,61946.22605976732,382.6811748386813,55278.109536839336,67.20391600313519,554.0,7.62939453125e-06,554.0,5.820766091346741e-11,0.0,0.0,118.7300289629076,554.0000000000001,1.52587890625e-05,554.0000000000001,2.3283064365386963e-10,0.0,0.0,388.423169332844,553.9999999997303,0.0003652560181758,553.9999999997303,1.334119588136673e-07,0.0,0.0,4122.171232830192,553.9853774448458,2.6876250533856543,553.9853774448458,7.223328427586238,0.0,0.0,40465.7888438202,553.9590528445923,4.497356790543988,553.9590528445923,20.226218101452105,0.0,0.0,67.20391600313519,0.0045123559239811,0.0001152672390905,118.7300289629076,0.0041688471312275,0.000103068212577,388.423169332844,0.0037526007764869,9.959221078597794e-05,4122.171232830192,0.003504188268677,1.3771479053686444,40465.7888438202,1291.1063587698309,1946537295130.6416,1.0,554.0,0.0,554.0,0.0,0.0,0.0,1.0,554.0,0.0,554.0,0.0,0.0,0.0,1.0,554.0,0.0,554.0,0.0,0.0,0.0,1.0,554.0,0.0,554.0,0.0,0.0,0.0,1.0,554.0,0.0,554.0,0.0,0.0,0.0
155.78460199343866,64.63197647504123,44.09694728311752,237.5906692926812,66.28616099273827,49.85029861494058,663.4901527096425,68.42625744021498,48.39978448522379,6678.960880458926,69.33430366912594,43.8340603443039,45479.64640564199,69.37614383858161,43.51231977995121,155.78460199343866,64.63197647504123,44.09694728311752,237.5906692926812,66.28616099273827,49.85029861494058,663.4901527096425,68.42625744021498,48.39978448522379,6678.960880458926,69.33430366912594,43.8340603443039,45479.64640564199,69.37614383858161,43.51231977995121,1.0,60.0,0.0,60.0,0.0,0.0,0.0,1.0,60.0,0.0,60.0,0.0,0.0,0.0,1.0,60.0,0.0,60.0,0.0,0.0,0.0,1.0,60.0,0.0,60.0,0.0,0.0,0.0,1.0,60.0,0.0,60.0,0.0,0.0,0.0,1.0,1507657224.4842188,0.0,1.0,1507657224.4842188,0.0,1.0,1507657224.4842188,0.0,1.0,1507657224.4842188,0.0,1.0,1507657224.4842188,0.0,1.0,60.0,0.0,60.0,0.0,0.0,0.0,1.0,60.0,0.0,60.0,0.0,0.0,0.0,1.0,60.0,0.0,60.0,0.0,0.0,0.0,1.0,60.0,0.0,60.0,0.0,0.0,0.0,1.0,60.0,0.0,60.0,0.0,0.0,0.0
1.0,60.0,0.0,1.0,60.0,0.0,1.0,60.0,0.0,1.0,60.0,0.0,1.0,60.0,0.0,1.0,60.0,0.0,1.0,60.0,0.0,1.0,60.0,0.0,1.0,60.0,0.0,1.0,60.0,0.0,1.0,60.0,0.0,60.0,0.0,0.0,0.0,1.0,60.0,0.0,60.0,0.0,0.0,0.0,1.0,60.0,0.0,60.0,0.0,0.0,0.0,1.0,60.0,0.0,60.0,0.0,0.0,0.0,1.0,60.0,0.0,60.0,0.0,0.0,0.0,1.0,1505913439.361045,0.0,1.0,1505913439.361045,0.0,1.0,1505913439.361045,0.0,1.0,1505913439.361045,0.0,1.0,1505913439.361045,0.0,1.0,60.0,0.0,60.0,0.0,0.0,0.0,1.0,60.0,0.0,60.0,0.0,0.0,0.0,1.0,60.0,0.0,60.0,0.0,0.0,0.0,1.0,60.0,0.0,60.0,0.0,0.0,0.0,1.0,60.0,0.0,60.0,0.0,0.0,0.0
1.0,60.0,0.0,1.0,60.0,0.0,1.0,60.0,0.0,1.0,60.0,0.0,1.0,60.0,0.0,1.0,60.0,0.0,1.0,60.0,0.0,1.0,60.0,0.0,1.0,60.0,0.0,1.0,60.0,0.0,1.0,60.0,0.0,60.0,0.0,0.0,0.0,1.0,60.0,0.0,60.0,0.0,0.0,0.0,1.0,60.0,0.0,60.0,0.0,0.0,0.0,1.0,60.0,0.0,60.0,0.0,0.0,0.0,1.0,60.0,0.0,60.0,0.0,0.0,0.0,1.0,1505913443.919482,0.0,1.0,1505913443.919482,0.0,1.0,1505913443.919482,0.0,1.0,1505913443.919482,0.0,1.0,1505913443.919482,0.0,1.0,60.0,0.0,60.0,0.0,0.0,0.0,1.0,60.0,0.0,60.0,0.0,0.0,0.0,1.0,60.0,0.0,60.0,0.0,0.0,0.0,1.0,60.0,0.0,60.0,0.0,0.0,0.0,1.0,60.0,0.0,60.0,0.0,0.0,0.0
181.8708495661441,74.00692179980987,0.2013191845253459,299.886488603641,74.01298875614918,0.4367359799571204,867.7986040229187,74.02379439817331,0.8529469585946572,7373.677855755946,74.07100837841028,12.461587097453954,15854.593539656187,74.0831874764737,17.21635167352997,181.8708495661441,74.00692179980987,0.2013191845253459,299.886488603641,74.01298875614918,0.4367359799571204,867.7986040229187,74.02379439817331,0.8529469585946572,7373.677855755946,74.07100837841028,12.461587097453954,15854.593539656187,74.0831874764737,17.21635167352997,181.81136816772232,73.99907222550554,0.1139648286284168,95.26732225813628,0.0129879821643044,4.763551818274133e-17,2.53045919228855e-10,299.6830303292038,73.99670369688293,0.2147961312689257,95.265482510741,0.0461373780080975,7.541509464610144e-17,8.232215693712545e-11,866.6999270547618,73.99332507439793,0.3056213405408908,95.26285821643994,0.0934044037940111,-8.375214943983218e-16,-6.270505473778845e-10,7355.601181204865,73.99757908849409,0.1840839487714352,95.266162465788,0.0338869001952844,-1.2449487134138462e-16,-1.9668161967999248e-10,15810.03708374122,73.99763177844297,0.1820700229076186,95.26620339248356,0.0331494932415807,3.694270009717407e-16,3.6222677830527115e-10,181.8113681677221,0.0016154517810427,1.4447981816844464e-05,299.6830303292042,0.0016253364103148,1.7839137089630944e-05,866.6999270547636,0.0034275689798389,2640918.6208406715,7355.601181204904,25797.898467291525,38848743844830.695,15810.037083741036,77429.68219053418,116596430954605.12,1.0,74.0,0.0,74.0,0.0,0.0,0.0,1.0,74.0,0.0,74.0,0.0,0.0,0.0,1.0,74.0,0.0,74.0,0.0,0.0,0.0,1.0,74.0,0.0,74.0,0.0,0.0,0.0,1.0,74.0,0.0,74.0,0.0,0.0,0.0
121.61485584235668,436.26131774506064,48815.64728351997,211.2132029697984,407.9316250758406,54996.9653607237,636.7894632577422,392.21991244262136,57732.22559252344,6299.275746159984,391.18426509931015,57893.656385414426,28354.51656825647,391.39319396565537,57860.334376016224,121.61485584235668,436.26131774506064,48815.64728351997,211.2132029697984,407.9316250758406,54996.9653607237,636.7894632577422,392.21991244262136,57732.22559252344,6299.275746159984,391.18426509931015,57893.656385414426,28354.51656825647,391.39319396565537,57860.334376016224,90.43273883631184,565.9999999999999,1.3214498959113138e-05,565.9999999999999,1.7462298274040222e-10,0.0,0.0,145.23269531082275,565.9999999999999,7.62939453125e-06,565.9999999999999,5.820766091346741e-11,0.0,0.0,418.088673697155,565.9999999999618,0.0001394322729682,565.9999999999618,1.944135874509812e-08,0.0,0.0,4122.991263514706,565.9887150471718,2.389572928719191,565.9887150471718,5.7100587816676125,0.0,0.0,18571.11334267523,565.9633893989599,4.3039079671795575,565.9633893989599,18.52362378995167,0.0,0.0,90.43273883631184,0.003277212219567,4.298490260293595e-05,145.23269531082275,0.0033775000660722,5.59347151380004e-05,418.088673697155,0.0034803210146874,7.554615113522251e-05,4122.991263514706,953.5427154841044,1437610037202.7903,18571.11334267523,44780.58052023016,67511785705771.52,1.0,566.0,0.0,566.0,0.0,0.0,0.0,1.0,566.0,0.0,566.0,0.0,0.0,0.0,1.0,566.0,0.0,566.0,0.0,0.0,0.0,1.0,566.0,0.0,566.0,0.0,0.0,0.0,1.0,566.0,0.0,566.0,0.0,0.0,0.0
139.76093261644738,371.9453675488971,56791.09239191192,228.6091289645486,360.248985502972,58173.31561779264,651.2737292820353,366.52083834485154,57461.71435255183,6452.12374376654,379.7515836117428,55711.26569274839,60924.12561392589,383.2324810253794,55194.129629976414,139.76093261644738,371.9453675488971,56791.09239191192,228.6091289645486,360.248985502972,58173.31561779264,651.2737292820353,366.52083834485154,57461.71435255183,6452.12374376654,379.7515836117428,55711.26569274839,60924.12561392589,383.2324810253794,55194.129629976414,88.25535482733521,553.9957856977259,1.4428608953088098,553.9957856977259,2.0818475632113405,0.0,0.0,138.95980697493394,553.9524794316602,4.844884163255909,553.9524794316602,23.47290255536791,0.0,0.0,404.33111571345415,553.7100402313854,11.964783701689456,553.7100402313854,143.1560490282136,0.0,0.0,4177.053564750853,553.890486037129,7.354447929651755,553.890486037129,54.08790434995899,0.0,0.0,39866.620320974616,553.9519486407918,4.871864377731984,553.9519486407918,23.73506251501385,0.0,0.0,88.25535482733521,0.0034780807679975,0.0001277339427542,138.95980697493394,0.0035891177302014,0.0001219112769696,404.33111571345415,0.0036092236948899,0.0001092326004297,4177.053564750853,0.0034611607756773,88.53872675453405,39866.620320974616,1989.9096301803663,3000089914899.7524,1.0,554.0,0.0,554.0,0.0,0.0,0.0,1.0,554.0,0.0,554.0,0.0,0.0,0.0,1.0,554.0,0.0,554.0,0.0,0.0,0.0,1.0,554.0,0.0,554.0,0.0,0.0,0.0,1.0,554.0,0.0,554.0,0.0,0.0,0.0
1.0,60.0,0.0,1.0,60.0,0.0,1.0,60.0,0.0,1.0,60.0,0.0,1.0,60.0,0.0,1.0,60.0,0.0,1.0,60.0,0.0,1.0,60.0,0.0,1.0,60.0,0.0,1.0,60.0,0.0,1.0,60.0,0.0,60.0,0.0,0.0,0.0,1.0,60.0,0.0,60.0,0.0,0.0,0.0,1.0,60.0,0.0,60.0,0.0,0.0,0.0,1.0,60.0,0.0,60.0,0.0,0.0,0.0,1.0,60.0,0.0,60.0,0.0,0.0,0.0,1.0,1505913560.072815,0.0,1.0,1505913560.072815,0.0,1.0,1505913560.072815,0.0,1.0,1505913560.072815,0.0,1.0,1505913560.072815,0.0,1.0,60.0,0.0,60.0,0.0,0.0,0.0,1.0,60.0,0.0,60.0,0.0,0.0,0.0,1.0,60.0,0.0,60.0,0.0,0.0,0.0,1.0,60.0,0.0,60.0,0.0,0.0,0.0,1.0,60.0,0.0,60.0,0.0,0.0,0.0
173.21227760909645,286.4647938109191,60583.9666693287,260.218884731546,310.8378825071177,60988.182012806974,682.0817502066527,354.73863387497653,58723.65819123024,6417.51580246024,380.06877539330594,55666.91418733672,59957.512747279376,383.6209679145933,55134.9552754628,173.21227760909645,286.4647938109191,60583.9666693287,260.218884731546,310.8378825071177,60988.182012806974,682.0817502066527,354.73863387497653,58723.65819123024,6417.51580246024,380.06877539330594,55666.91418733672,59957.512747279376,383.6209679145933,55134.9552754628,79.40339195633072,553.9999976773013,0.0338734892957198,553.9999976773013,0.0011474132770672,0.0,0.0,132.1245244050865,553.9994799962458,0.5068348686348481,553.9994799962458,0.2568815840641037,0.0,0.0,406.98861274894216,553.9371123045648,5.5733801846803335,553.9371123045648,31.06256668298738,0.0,0.0,4158.701829180893,553.9051770863127,6.843502610367166,553.9051770863127,46.83352797810221,0.0,0.0,39281.24004226631,553.9528830699838,4.824266102201053,553.9528830699838,23.27354342484614,0.0,0.0,79.40339195633072,0.0039047008708624,0.000158797745693,132.1245244050865,0.0037800991106707,0.0001307940855065,406.98861274894216,0.0035857344465451,0.0001089041334539,4158.701829180893,0.0034738115742016,1183.7412217198475,39281.24004226631,2616.246267177705,3944387180946.8047,1.0,554.0,0.0,554.0,0.0,0.0,0.0,1.0,554.0,0.0,554.0,0.0,0.0,0.0,1.0,554.0,0.0,554.0,0.0,0.0,0.0,1.0,554.0,0.0,554.0,0.0,0.0,0.0,1.0,554.0,0.0,554.0,0.0,0.0,0.0
116.74554947920484,60.00000000000002,1.3642420526593924e-12,136.0069893969763,60.00000000000002,1.3642420526593924e-12,271.93508003772075,60.00000655742553,0.0003126061874354,2315.5531919961045,60.01280904075037,0.488308744214919,22600.699875304068,60.01960636709502,0.681180228230005,116.74554947920484,60.00000000000002,1.3642420526593924e-12,136.0069893969763,60.00000000000002,1.3642420526593924e-12,271.93508003772075,60.00000655742553,0.0003126061874354,2315.5531919961045,60.01280904075037,0.488308744214919,22600.699875304068,60.01960636709502,0.681180228230005,1.0,60.0,0.0,60.0,0.0,0.0,0.0,1.0,60.0,0.0,60.0,0.0,0.0,0.0,1.0,60.0,0.0,60.0,0.0,0.0,0.0,1.0,60.0,0.0,60.0,0.0,0.0,0.0,1.0,60.0,0.0,60.0,0.0,0.0,0.0,1.0,1507653608.175785,0.0,1.0,1507653608.175785,0.0,1.0,1507653608.175785,0.0,1.0,1507653608.175785,0.0,1.0,1507653608.175785,0.0,1.0,60.0,0.0,60.0,0.0,0.0,0.0,1.0,60.0,0.0,60.0,0.0,0.0,0.0,1.0,60.0,0.0,60.0,0.0,0.0,0.0,1.0,60.0,0.0,60.0,0.0,0.0,0.0,1.0,60.0,0.0,60.0,0.0,0.0,0.0
136.06095688885776,466.2505422295922,35621.15888149949,221.21290359496345,432.92634519511466,45105.39672581176,630.9949858866278,414.453060538776,49417.8429451412,6259.237216447111,422.41186237988734,47631.40425093533,29093.984737309984,427.250408804147,46514.02492681632,136.06095688885776,466.2505422295922,35621.15888149949,221.21290359496345,432.92634519511466,45105.39672581176,630.9949858866278,414.453060538776,49417.8429451412,6259.237216447111,422.41186237988734,47631.40425093533,29093.984737309984,427.250408804147,46514.02492681632,111.87683008092448,553.9999999999999,1.0789593218788871e-05,553.9999999999999,1.1641532182693479e-10,0.0,0.0,166.95313130666472,554.0000000000003,2.0185480583683703e-05,554.0000000000003,4.07453626394272e-10,0.0,0.0,452.6294578917247,553.9999999906436,0.0021498789070163,553.9999999906436,4.62197931483388e-06,0.0,0.0,4590.689775164652,553.9696349356533,3.87290843565853,553.9696349356533,14.999419750995006,0.0,0.0,21627.648612119265,553.9345079402175,5.687599521994303,553.9345079402175,32.348788322589826,0.0,0.0,111.87683008092448,0.0026713510425709,4.860490258162276e-05,166.95313130666472,0.0029455268693562,5.572718386122243e-05,452.6294578917247,0.0032107271928162,5.774377303916049e-05,4590.689775164652,902.0220414036644,1359933332918.2488,21627.648612119265,38652.01166283026,58272435934036.89,1.0,554.0,0.0,554.0,0.0,0.0,0.0,1.0,554.0,0.0,554.0,0.0,0.0,0.0,1.0,554.0,0.0,554.0,0.0,0.0,0.0,1.0,554.0,0.0,554.0,0.0,0.0,0.0,1.0,554.0,0.0,554.0,0.0,0.0,0.0
121.902171769619,380.67721933340334,55580.66735129754,211.3594365473087,368.3392556059226,57246.49572171113,644.3196366253867,374.6482735367297,56432.708221431065,6411.365157481089,382.3880288333026,55323.357166378206,62241.60693391959,383.0148304628945,55227.52053785379,121.902171769619,380.67721933340334,55580.66735129754,211.3594365473087,368.3392556059226,57246.49572171113,644.3196366253867,374.6482735367297,56432.708221431065,6411.365157481089,382.3880288333026,55323.357166378206,62241.60693391959,383.0148304628945,55227.52053785379,79.13208395502893,554.0000000000001,1.0789593218788871e-05,554.0000000000001,1.1641532182693479e-10,0.0,0.0,131.92390957547445,554.0,1.3214498959113138e-05,554.0,1.7462298274040222e-10,0.0,0.0,410.3928282365171,553.9999999602836,0.0044294466986793,553.9999999602836,1.9619998056441545e-05,0.0,0.0,4184.238380708203,553.9764428233907,3.41125934264048,553.9764428233907,11.636690302751957,0.0,0.0,40701.07303995676,553.9556502715499,4.680469950359392,553.9556502715499,21.906798956217248,0.0,0.0,79.13208395502893,0.0040772813946263,0.0002854951812589,131.92390957547445,0.0038855943104156,0.0002460358780645,410.3928282365171,0.0035659429205356,0.000138679318411,4184.238380708203,0.0034518463524547,0.2329959085121427,40701.07303995676,1076.254208137243,1622614685950.9468,1.0,554.0,0.0,554.0,0.0,0.0,0.0,1.0,554.0,0.0,554.0,0.0,0.0,0.0,1.0,554.0,0.0,554.0,0.0,0.0,0.0,1.0,554.0,0.0,554.0,0.0,0.0,0.0,1.0,554.0,0.0,554.0,0.0,0.0,0.0
119.79268608138128,363.52820363166,61455.90063775546,192.8893249686848,393.3030093908667,57560.42665098077,596.558955159481,399.6211358981424,56505.53547188296,6289.784292705037,392.66526978849663,57658.80666142718,47970.30138081505,391.6150526727605,57825.03704355625,119.79268608138128,363.52820363166,61455.90063775546,192.8893249686848,393.3030093908667,57560.42665098077,596.558955159481,399.6211358981424,56505.53547188296,6289.784292705037,392.66526978849663,57658.80666142718,47970.30138081505,391.6150526727605,57825.03704355625,1.0,60.0,0.0,60.0,0.0,0.0,0.0,1.0,60.0,0.0,60.0,0.0,0.0,0.0,1.0,60.0,0.0,60.0,0.0,0.0,0.0,1.0,60.0,0.0,60.0,0.0,0.0,0.0,1.0,60.0,0.0,60.0,0.0,0.0,0.0,1.0,1507658110.908822,0.0,1.0,1507658110.908822,0.0,1.0,1507658110.908822,0.0,1.0,1507658110.908822,0.0,1.0,1507658110.908822,0.0,1.0,60.0,0.0,60.0,0.0,0.0,0.0,1.0,60.0,0.0,60.0,0.0,0.0,0.0,1.0,60.0,0.0,60.0,0.0,0.0,0.0,1.0,60.0,0.0,60.0,0.0,0.0,0.0,1.0,60.0,0.0,60.0,0.0,0.0,0.0
152.62608179104737,65.67070625143035,47.243702392866,233.5745123722692,67.28136379386372,48.93783284411711,669.6022934358039,68.85613184235535,45.56919560435654,6662.792327407849,69.34433232635452,43.61369461847153,51144.85767301876,69.38171870212861,43.48304650452155,152.62608179104737,65.67070625143035,47.243702392866,233.5745123722692,67.28136379386372,48.93783284411711,669.6022934358039,68.85613184235535,45.56919560435654,6662.792327407849,69.34433232635452,43.61369461847153,51144.85767301876,69.38171870212861,43.48304650452155,1.0,60.0,0.0,60.0,0.0,0.0,0.0,1.0,60.0,0.0,60.0,0.0,0.0,0.0,1.0,60.0,0.0,60.0,0.0,0.0,0.0,1.0,60.0,0.0,60.0,0.0,0.0,0.0,1.0,60.0,0.0,60.0,0.0,0.0,0.0,1.0,1507657269.567723,0.0,1.0,1507657269.567723,0.0,1.0,1507657269.567723,0.0,1.0,1507657269.567723,0.0,1.0,1507657269.567723,0.0,1.0,60.0,0.0,60.0,0.0,0.0,0.0,1.0,60.0,0.0,60.0,0.0,0.0,0.0,1.0,60.0,0.0,60.0,0.0,0.0,0.0,1.0,60.0,0.0,60.0,0.0,0.0,0.0,1.0,60.0,0.0,60.0,0.0,0.0,0.0
183.10947630045624,74.09008339572148,2.1538864791236847,294.305038562272,74.07223312457455,1.7283773654980903,818.0358609783176,74.05277053168263,1.286477896256656,7598.022024073059,74.3634387952016,251.71493336891217,22000.28102762517,74.48345203594957,341.79655360614925,183.10947630045624,74.09008339572148,2.1538864791236847,294.305038562272,74.07223312457455,1.7283773654980903,818.0358609783176,74.05277053168263,1.286477896256656,7598.022024073059,74.3634387952016,251.71493336891217,22000.28102762517,74.48345203594957,341.79655360614925,182.422179491543,73.99999999999993,2.6973983046972182e-06,95.26804291051631,1.0289757937229987e-11,2.999403656968916e-27,4.1223489965389743e-16,293.4192647075462,73.99999999999993,2.3360154559928683e-06,95.26804291051636,6.31755210154088e-12,2.6533725848354497e-27,6.366319301740968e-16,816.2377811330217,73.99999985385345,0.0014303995724461,95.26804279699634,2.046042936874278e-06,-1.2803958667219731e-20,-2.968156562829557e-12,7576.148891968414,73.99925210692605,0.1023227427740482,95.26746198143609,0.010469943688804,1.326409121353577e-16,5.331489543250457e-10,21929.19585600641,73.99849193112887,0.1452951821061892,95.26687151408504,0.0211106899432707,-9.077137763473651e-17,-5.2533027459002975e-11,182.42217949154315,0.0016161725388817,1.781155986760673e-05,293.41926470754663,0.0016608972601199,1.8720937567920822e-05,816.2377811330257,0.0017757279888669,4.298929508600389,7576.148891968553,6566.127689849975,9887979834431.783,21929.195856005936,48828.49270908701,73529139419865.5,1.0,74.0,0.0,74.0,0.0,0.0,0.0,1.0,74.0,0.0,74.0,0.0,0.0,0.0,1.0,74.0,0.0,74.0,0.0,0.0,0.0,1.0,74.0,0.0,74.0,0.0,0.0,0.0,1.0,74.0,0.0,74.0,0.0,0.0,0.0
1.0,60.0,0.0,1.0,60.0,0.0,1.0,60.0,0.0,1.0,60.0,0.0,1.0,60.0,0.0,1.0,60.0,0.0,1.0,60.0,0.0,1.0,60.0,0.0,1.0,60.0,0.0,1.0,60.0,0.0,1.0,60.0,0.0,60.0,0.0,0.0,0.0,1.0,60.0,0.0,60.0,0.0,0.0,0.0,1.0,60.0,0.0,60.0,0.0,0.0,0.0,1.0,60.0,0.0,60.0,0.0,0.0,0.0,1.0,60.0,0.0,60.0,0.0,0.0,0.0,1.0,1505913438.3243349,0.0,1.0,1505913438.3243349,0.0,1.0,1505913438.3243349,0.0,1.0,1505913438.3243349,0.0,1.0,1505913438.3243349,0.0,1.0,60.0,0.0,60.0,0.0,0.0,0.0,1.0,60.0,0.0,60.0,0.0,0.0,0.0,1.0,60.0,0.0,60.0,0.0,0.0,0.0,1.0,60.0,0.0,60.0,0.0,0.0,0.0,1.0,60.0,0.0,60.0,0.0,0.0,0.0
1.0,60.0,0.0,1.0,60.0,0.0,1.0,60.0,0.0,1.0,60.0,0.0,1.0,60.0,0.0,1.0,60.0,0.0,1.0,60.0,0.0,1.0,60.0,0.0,1.0,60.0,0.0,1.0,60.0,0.0,1.0,60.0,0.0,60.0,0.0,0.0,0.0,1.0,60.0,0.0,60.0,0.0,0.0,0.0,1.0,60.0,0.0,60.0,0.0,0.0,0.0,1.0,60.0,0.0,60.0,0.0,0.0,0.0,1.0,60.0,0.0,60.0,0.0,0.0,0.0,1.0,1505913544.046051,0.0,1.0,1505913544.046051,0.0,1.0,1505913544.046051,0.0,1.0,1505913544.046051,0.0,1.0,1505913544.046051,0.0,1.0,60.0,0.0,60.0,0.0,0.0,0.0,1.0,60.0,0.0,60.0,0.0,0.0,0.0,1.0,60.0,0.0,60.0,0.0,0.0,0.0,1.0,60.0,0.0,60.0,0.0,0.0,0.0,1.0,60.0,0.0,60.0,0.0,0.0,0.0
178.22620415137712,66.12989540954051,48.25461859190728,267.98269682810115,67.02027452279886,49.01672209886146,706.681396594818,68.4803728673961,46.82284772455023,6516.240296620562,69.2869644494327,43.87251620274583,21122.887899278245,69.32733378243081,43.712343566525306,178.22620415137712,66.12989540954051,48.25461859190728,267.98269682810115,67.02027452279886,49.01672209886146,706.681396594818,68.4803728673961,46.82284772455023,6516.240296620562,69.2869644494327,43.87251620274583,21122.887899278245,69.32733378243081,43.712343566525306,77.88733135005856,73.99999999999999,1.3486991523486091e-06,73.99999999999999,1.8189894035458565e-12,0.0,0.0,134.05147928387623,74.00000000000007,2.523185072960464e-06,74.00000000000007,6.366462912410497e-12,0.0,0.0,427.34369948173867,73.99999989284527,0.0012248208214766,73.99999989284527,1.5001860447227957e-06,0.0,0.0,4319.938652042702,73.99899909505696,0.1183708890508508,73.99899909505696,0.0140116673746888,0.0,0.0,14064.023911665758,73.99843145973631,0.1481792948928521,73.99843145973631,0.0219571034349428,0.0,0.0,77.88733135005856,0.0043180284988578,0.0004142413181589,134.05147928387623,0.0038728563840845,0.0002949813767763,427.34369948173867,0.0034343714186792,0.1333437846662994,4319.938652042702,7632.844980136659,11507649421977.771,14064.023911665758,73144.06886108432,110270816754661.28,1.0,74.0,0.0,74.0,0.0,0.0,0.0,1.0,74.0,0.0,74.0,0.0,0.0,0.0,1.0,74.0,0.0,74.0,0.0,0.0,0.0,1.0,74.0,0.0,74.0,0.0,0.0,0.0,1.0,74.0,0.0,74.0,0.0,0.0,0.0
68.2227567709306,510.9808220715895,19400.82422699849,125.63111356563137,457.3203874390165,38412.78111995701,451.280889403576,378.6954489471548,55868.70984601277,4971.188912431728,340.51449712095484,59882.00918998983,38531.503977370514,336.94572054552964,60108.14021224585,68.2227567709306,510.9808220715895,19400.82422699849,125.63111356563137,457.3203874390165,38412.78111995701,451.280889403576,378.6954489471548,55868.70984601277,4971.188912431728,340.51449712095484,59882.00918998983,38531.503977370514,336.94572054552964,60108.14021224585,62.28169014685096,553.9999999999999,1.7059844799040144e-05,553.9999999999999,2.910383045673371e-10,0.0,0.0,101.04413505309276,553.9999999999999,1.52587890625e-05,553.9999999999999,2.3283064365386963e-10,0.0,0.0,291.13585487976013,553.9999999985387,0.0008498816766322,553.9999999985387,7.222988642752171e-07,0.0,0.0,2822.9023052760917,553.9772148811624,3.3548963536832983,553.9772148811624,11.255329543957489,0.0,0.0,21603.471111202336,553.9386756107326,5.503679461895609,553.9386756107326,30.290487619291525,0.0,0.0,62.28169014685096,0.0047171848569171,3.0709028246653545e-05,101.04413505309276,0.0048387023215692,5.872468086198305e-05,291.13585487976013,0.0049954324022624,9.367385748973695e-05,2822.9023052760917,0.2616530981019395,386770799.7353058,21603.471111202336,16290.48908705199,24560234399524.52,62.28169014685096,553.9999999999999,1.7059844799040144e-05,553.9999999999999,2.910383045673371e-10,0.0,0.0,101.04413505309276,553.9999999999999,1.52587890625e-05,553.9999999999999,2.3283064365386963e-10,0.0,0.0,291.1358548788989,554.0000000000001,1.3214498959113138e-05,554.0000000000001,1.7462298274040222e-10,0.0,0.0,2822.772102513963,553.9999999999982,3.890243159174183e-05,553.9999999999982,1.5133991837501524e-09,0.0,0.0,21600.789290004064,554.0000000000035,5.909703592235439e-05,554.0000000000035,3.492459654808044e-09,0.0,0.0
103.72754847737482,534.9081670815889,14765.765382389249,182.7203661111016,499.336850281204,29287.57808932953,606.3140049438766,434.97520205066064,49130.921662573935,6152.9621745804725,396.7518910355687,56991.41278051513,19200.69223545833,392.7092285283164,57652.07926413617,103.72754847737482,534.9081670815889,14765.765382389249,182.7203661111016,499.336850281204,29287.57808932953,606.3140049438766,434.97520205066064,49130.921662573935,6152.9621745804725,396.7518910355687,56991.41278051513,19200.69223545833,392.7092285283164,57652.07926413617,1.0,60.0,0.0,60.0,0.0,0.0,0.0,1.0,60.0,0.0,60.0,0.0,0.0,0.0,1.0,60.0,0.0,60.0,0.0,0.0,0.0,1.0,60.0,0.0,60.0,0.0,0.0,0.0,1.0,60.0,0.0,60.0,0.0,0.0,0.0,1.0,1507657958.481578,0.0,1.0,1507657958.481578,0.0,1.0,1507657958.481578,0.0,1.0,1507657958.481578,0.0,1.0,1507657958.481578,0.0,1.0,60.0,0.0,60.0,0.0,0.0,0.0,1.0,60.0,0.0,60.0,0.0,0.0,0.0,1.0,60.0,0.0,60.0,0.0,0.0,0.0,1.0,60.0,0.0,60.0,0.0,0.0,0.0,1.0,60.0,0.0,60.0,0.0,0.0,0.0
1.0,60.0,0.0,1.0,60.0,0.0,1.0,60.0,0.0,1.0,60.0,0.0,1.0,60.0,0.0,1.0,60.0,0.0,1.0,60.0,0.0,1.0,60.0,0.0,1.0,60.0,0.0,1.0,60.0,0.0,1.0,60.0,0.0,60.0,0.0,0.0,0.0,1.0,60.0,0.0,60.0,0.0,0.0,0.0,1.0,60.0,0.0,60.0,0.0,0.0,0.0,1.0,60.0,0.0,60.0,0.0,0.0,0.0,1.0,60.0,0.0,60.0,0.0,0.0,0.0,1.0,1505913426.469151,0.0,1.0,1505913426.469151,0.0,1.0,1505913426.469151,0.0,1.0,1505913426.469151,0.0,1.0,1505913426.469151,0.0,1.0,60.0,0.0,60.0,0.0,0.0,0.0,1.0,60.0,0.0,60.0,0.0,0.0,0.0,1.0,60.0,0.0,60.0,0.0,0.0,0.0,1.0,60.0,0.0,60.0,0.0,0.0,0.0,1.0,60.0,0.0,60.0,0.0,0.0,0.0
158.77925797024446,227.0305323349777,54613.88424137295,228.85408796322105,258.7441328947371,58680.37128983762,572.2989182730404,308.39956630757183,61007.00509557786,4657.705692365174,333.87114783153186,60283.71644119043,10644.586307467456,335.16698651854944,60212.548663424335,158.77925797024446,227.0305323349777,54613.88424137295,228.85408796322105,258.7441328947371,58680.37128983762,572.2989182730404,308.39956630757183,61007.00509557786,4657.705692365174,333.87114783153186,60283.71644119043,10644.586307467456,335.16698651854944,60212.548663424335,53.68620239377062,554.0,7.62939453125e-06,554.0,5.820766091346741e-11,0.0,0.0,92.07167463914308,553.9999999987814,0.0007758010143363,553.9999999987814,6.01867213845253e-07,0.0,0.0,287.77137289273423,553.9989525564671,0.7193302496261985,553.9989525564671,0.5174360080272891,0.0,0.0,2582.715461058317,553.8903315654397,7.35963175090463,553.8903315654397,54.16417950892355,0.0,0.0,5930.803788942758,553.8567324533403,8.411518439649535,553.8567324533403,70.75364246056415,0.0,0.0,53.68620239377062,0.0057523955989811,0.0002065282039216,92.07167463914308,0.0054055128671631,0.0001571547221514,287.77137289273423,0.0054283005494984,519292.0078024369,2582.715461058317,55977.302999876345,84391560786805.12,5930.803788942758,201079.68483603472,303119217721662.94,53.68620239377062,554.0,7.62939453125e-06,554.0,5.820766091346741e-11,0.0,0.0,92.07167463891592,554.0,0.0,554.0,0.0,0.0,0.0,287.7707627221603,554.0,7.62939453125e-06,554.0,5.820766091346741e-11,0.0,0.0,2582.14209595401,554.0000000000014,3.325575976212062e-05,554.0000000000014,1.1059455573558807e-09,0.0,0.0,5929.083765241215,553.9999999999994,4.640779518354965e-05,553.9999999999994,2.153683453798294e-09,0.0,0.0
1.0,60.0,0.0,1.0,60.0,0.0,1.0,60.0,0.0,1.0,60.0,0.0,1.0,60.0,0.0,1.0,60.0,0.0,1.0,60.0,0.0,1.0,60.0,0.0,1.0,60.0,0.0,1.0,60.0,0.0,1.0,60.0,0.0,60.0,0.0,0.0,0.0,1.0,60.0,0.0,60.0,0.0,0.0,0.0,1.0,60.0,0.0,60.0,0.0,0.0,0.0,1.0,60.0,0.0,60.0,0.0,0.0,0.0,1.0,60.0,0.0,60.0,0.0,0.0,0.0,1.0,1505913432.254083,0.0,1.0,1505913432.254083,0.0,1.0,1505913432.254083,0.0,1.0,1505913432.254083,0.0,1.0,1505913432.254083,0.0,1.0,60.0,0.0,60.0,0.0,0.0,0.0,1.0,60.0,0.0,60.0,0.0,0.0,0.0,1.0,60.0,0.0,60.0,0.0,0.0,0.0,1.0,60.0,0.0,60.0,0.0,0.0,0.0,1.0,60.0,0.0,60.0,0.0,0.0,0.0
1.0,60.0,0.0,1.0,60.0,0.0,1.0,60.0,0.0,1.0,60.0,0.0,1.0,60.0,0.0,1.0,60.0,0.0,1.0,60.0,0.0,1.0,60.0,0.0,1.0,60.0,0.0,1.0,60.0,0.0,1.0,60.0,0.0,60.0,0.0,0.0,0.0,1.0,60.0,0.0,60.0,0.0,0.0,0.0,1.0,60.0,0.0,60.0,0.0,0.0,0.0,1.0,60.0,0.0,60.0,0.0,0.0,0.0,1.0,60.0,0.0,60.0,0.0,0.0,0.0,1.0,1505913448.474644,0.0,1.0,1505913448.474644,0.0,1.0,1505913448.474644,0.0,1.0,1505913448.474644,0.0,1.0,1505913448.474644,0.0,1.0,60.0,0.0,60.0,0.0,0.0,0.0,1.0,60.0,0.0,60.0,0.0,0.0,0.0,1.0,60.0,0.0,60.0,0.0,0.0,0.0,1.0,60.0,0.0,60.0,0.0,0.0,0.0,1.0,60.0,0.0,60.0,0.0,0.0,0.0
1.0,60.0,0.0,1.0,60.0,0.0,1.0,60.0,0.0,1.0,60.0,0.0,1.0,60.0,0.0,1.0,60.0,0.0,1.0,60.0,0.0,1.0,60.0,0.0,1.0,60.0,0.0,1.0,60.0,0.0,1.0,60.0,0.0,60.0,0.0,0.0,0.0,1.0,60.0,0.0,60.0,0.0,0.0,0.0,1.0,60.0,0.0,60.0,0.0,0.0,0.0,1.0,60.0,0.0,60.0,0.0,0.0,0.0,1.0,60.0,0.0,60.0,0.0,0.0,0.0,1.0,1505913452.605957,0.0,1.0,1505913452.605957,0.0,1.0,1505913452.605957,0.0,1.0,1505913452.605957,0.0,1.0,1505913452.605957,0.0,1.0,60.0,0.0,60.0,0.0,0.0,0.0,1.0,60.0,0.0,60.0,0.0,0.0,0.0,1.0,60.0,0.0,60.0,0.0,0.0,0.0,1.0,60.0,0.0,60.0,0.0,0.0,0.0,1.0,60.0,0.0,60.0,0.0,0.0,0.0
159.50879791385918,74.01427688518177,0.3452835561929533,270.34904632299447,74.02421669231572,0.7484232755668927,832.7837830004363,74.07359781205452,11.835131009332144,6561.9280202784375,74.10712845148083,24.03793673147811,11792.797459762372,74.10303788303754,24.109782825647017,159.50879791385918,74.01427688518177,0.3452835561929533,270.34904632299447,74.02421669231572,0.7484232755668927,832.7837830004363,74.07359781205452,11.835131009332144,6561.9280202784375,74.10712845148083,24.03793673147811,11792.797459762372,74.10303788303754,24.109782825647017,159.4131660593656,74.00000000000003,1.3486991523486091e-06,95.26804291051648,4.897778860262863e-12,8.0087813033596105e-28,2.7846220710707764e-16,270.0663813592215,74.00000000000001,1.6518123698891422e-06,95.26804291051644,3.2792297820051226e-12,1.9207049720826623e-28,8.621540288356285e-17,831.1381541809833,73.99999963753683,0.0022526627152669,95.26804262897105,5.0744893087638425e-06,4.3051666974954544e-20,6.042231656565568e-12,6540.274480662348,73.99863623399864,0.1381696933740646,95.26698360130668,0.019090864167083,1.541920896341245e-16,2.7581187522743577e-10,11753.800177238116,73.99787530053946,0.1724565977338573,95.26639254739422,0.0297412781019374,6.869604255800068e-16,5.936756258831848e-10,159.4131660593656,0.0018788056182341,3.9556656261791965e-05,270.0663813592214,0.0018204658454549,0.0003528255246134,831.1381541809852,0.6088470383205711,914238738.6131454,6540.274480662394,51846.25833102831,78073306588681.08,11753.800177237965,110375.61842319412,166203984396589.8,1.0,74.0,0.0,74.0,0.0,0.0,0.0,1.0,74.0,0.0,74.0,0.0,0.0,0.0,1.0,74.0,0.0,74.0,0.0,0.0,0.0,1.0,74.0,0.0,74.0,0.0,0.0,0.0,1.0,74.0,0.0,74.0,0.0,0.0,0.0
45.63888962785657,60.02861209266776,0.4283627381691985,64.27344647641448,60.05394307889053,0.8062363276017095,201.31169905285407,60.04573233734377,0.684039711812602,2245.6496444005115,60.01869640499034,0.5654694725262743,22532.43981735108,60.020194260766594,0.6885015347493209,45.63888962785657,60.02861209266776,0.4283627381691985,64.27344647641448,60.05394307889053,0.8062363276017095,201.31169905285407,60.04573233734377,0.684039711812602,2245.6496444005115,60.01869640499034,0.5654694725262743,22532.43981735108,60.020194260766594,0.6885015347493209,1.0,60.0,0.0,60.0,0.0,0.0,0.0,1.0,60.0,0.0,60.0,0.0,0.0,0.0,1.0,60.0,0.0,60.0,0.0,0.0,0.0,1.0,60.0,0.0,60.0,0.0,0.0,0.0,1.0,60.0,0.0,60.0,0.0,0.0,0.0,1.0,1507653609.161937,0.0,1.0,1507653609.161937,0.0,1.0,1507653609.161937,0.0,1.0,1507653609.161937,0.0,1.0,1507653609.161937,0.0,1.0,60.0,0.0,60.0,0.0,0.0,0.0,1.0,60.0,0.0,60.0,0.0,0.0,0.0,1.0,60.0,0.0,60.0,0.0,0.0,0.0,1.0,60.0,0.0,60.0,0.0,0.0,0.0,1.0,60.0,0.0,60.0,0.0,0.0,0.0
87.58828007699695,397.9022134665819,52745.78523523791,144.77817584028048,395.8808731339383,53109.09703166768,474.3346469676727,361.7082953671836,58014.1323521014,5017.577548134994,339.66246226623883,59938.90079757161,39237.37660790822,336.85940927387765,60113.422525457616,87.58828007699695,397.9022134665819,52745.78523523791,144.77817584028048,395.8808731339383,53109.09703166768,474.3346469676727,361.7082953671836,58014.1323521014,5017.577548134994,339.66246226623883,59938.90079757161,39237.37660790822,336.85940927387765,60113.422525457616,1.0,60.0,0.0,60.0,0.0,0.0,0.0,1.0,60.0,0.0,60.0,0.0,0.0,0.0,1.0,60.0,0.0,60.0,0.0,0.0,0.0,1.0,60.0,0.0,60.0,0.0,0.0,0.0,1.0,60.0,0.0,60.0,0.0,0.0,0.0,1.0,1507659525.871351,0.0,1.0,1507659525.871351,0.0,1.0,1507659525.871351,0.0,1.0,1507659525.871351,0.0,1.0,1507659525.871351,0.0,1.0,60.0,0.0,60.0,0.0,0.0,0.0,1.0,60.0,0.0,60.0,0.0,0.0,0.0,1.0,60.0,0.0,60.0,0.0,0.0,0.0,1.0,60.0,0.0,60.0,0.0,0.0,0.0,1.0,60.0,0.0,60.0,0.0,0.0,0.0
178.84376593524578,238.28115439274185,58399.43328265293,261.3248151262773,284.51083365425745,63163.741314794606,680.2691145793598,353.56346209857264,62339.51971687735,6387.2487754233225,388.26465325357407,58338.45937115353,40589.8999234348,390.77125096168015,57956.64145637224,178.84376593524578,238.28115439274185,58399.43328265293,261.3248151262773,284.51083365425745,63163.741314794606,680.2691145793598,353.56346209857264,62339.51971687735,6387.2487754233225,388.26465325357407,58338.45937115353,40589.8999234348,390.77125096168015,57956.64145637224,62.99221798035242,566.0,7.62939453125e-06,566.0,5.820766091346741e-11,0.0,0.0,115.91119724144562,565.9999999999992,2.412626388678268e-05,565.9999999999992,5.820766091346742e-10,0.0,0.0,394.5976475673292,565.9999999999998,2.1579186437577742e-05,565.9999999999998,4.656612873077394e-10,0.0,0.0,4143.57304871351,565.9954376955185,1.5193766001203255,565.9954376955185,2.3085052529932,0.0,0.0,26534.45097654484,565.9696586263615,3.9181391579569103,565.9696586263615,15.351814461115284,0.0,0.0,62.99221798035242,0.0052722212995358,0.0004504638215955,115.91119724144562,0.0044209800548867,0.0002711260257977,394.5976475673292,0.0037023416846216,0.0001236427884269,4143.57304871351,12.81840265945257,19320511882.179947,26534.45097654484,20378.470215250927,30723341193249.227,1.0,566.0,0.0,566.0,0.0,0.0,0.0,1.0,566.0,0.0,566.0,0.0,0.0,0.0,1.0,566.0,0.0,566.0,0.0,0.0,0.0,1.0,566.0,0.0,566.0,0.0,0.0,0.0,1.0,566.0,0.0,566.0,0.0,0.0,0.0
140.84216852965776,356.7841539377956,58530.5380166977,233.9138166122887,355.74997728842925,58632.439709951526,669.5818042605232,371.16783694419183,56891.370959927626,6461.199527036769,382.03333795228815,55375.73359888184,61543.91771836603,383.22875003386537,55194.84604340629,140.84216852965776,356.7841539377956,58530.5380166977,233.9138166122887,355.74997728842925,58632.439709951526,669.5818042605232,371.16783694419183,56891.370959927626,6461.199527036769,382.03333795228815,55375.73359888184,61543.91771836603,383.22875003386537,55194.84604340629,84.61550181554567,553.9960518931691,1.3965490278078208,553.9960518931691,1.9503491870709693,0.0,0.0,140.05303121974836,553.9557919290365,4.672989696390026,553.9557919290365,21.83683270256733,0.0,0.0,421.9977614622912,553.7280812355086,11.586799810299285,553.7280812355086,134.25392984395148,0.0,0.0,4212.8714966793095,553.8853073573797,7.526287999602124,553.8853073573797,56.64501105295494,0.0,0.0,40271.97853812744,553.9493353287985,5.002577402041684,553.9493353287985,25.02578066341812,0.0,0.0,84.61550181554567,0.0035343515339187,6.401935267597727e-05,140.05303121974836,0.0035121180812238,6.619218185687935e-05,421.9977614622912,0.0034469051148897,7.109975332032583e-05,4212.8714966793095,0.0034288259231821,10.800942369492756,40271.97853812744,1597.5089002578595,2408486035483.986,1.0,554.0,0.0,554.0,0.0,0.0,0.0,1.0,554.0,0.0,554.0,0.0,0.0,0.0,1.0,554.0,0.0,554.0,0.0,0.0,0.0,1.0,554.0,0.0,554.0,0.0,0.0,0.0,1.0,554.0,0.0,554.0,0.0,0.0,0.0
1.0,60.0,0.0,1.0,60.0,0.0,1.0,60.0,0.0,1.0,60.0,0.0,1.0,60.0,0.0,1.0,60.0,0.0,1.0,60.0,0.0,1.0,60.0,0.0,1.0,60.0,0.0,1.0,60.0,0.0,1.0,60.0,0.0,60.0,0.0,0.0,0.0,1.0,60.0,0.0,60.0,0.0,0.0,0.0,1.0,60.0,0.0,60.0,0.0,0.0,0.0,1.0,60.0,0.0,60.0,0.0,0.0,0.0,1.0,60.0,0.0,60.0,0.0,0.0,0.0,1.0,1505913459.994893,0.0,1.0,1505913459.994893,0.0,1.0,1505913459.994893,0.0,1.0,1505913459.994893,0.0,1.0,1505913459.994893,0.0,1.0,60.0,0.0,60.0,0.0,0.0,0.0,1.0,60.0,0.0,60.0,0.0,0.0,0.0,1.0,60.0,0.0,60.0,0.0,0.0,0.0,1.0,60.0,0.0,60.0,0.0,0.0,0.0,1.0,60.0,0.0,60.0,0.0,0.0,0.0
107.06616777375513,73.08920203320388,11.921618598826171,189.2314496257564,72.01033528061325,23.896540375835684,630.3095455068815,70.3713358532056,37.634187402017226,6621.901592084092,69.48549041079934,42.93987707222095,50973.59417194743,69.39999160364357,43.39721127342637,107.06616777375513,73.08920203320388,11.921618598826171,189.2314496257564,72.01033528061325,23.896540375835684,630.3095455068815,70.3713358532056,37.634187402017226,6621.901592084092,69.48549041079934,42.93987707222095,50973.59417194743,69.39999160364357,43.39721127342637,100.10076435082732,73.99999999999997,1.6518123698891422e-06,73.99999999999997,2.7284841053187847e-12,0.0,0.0,162.33808254583516,74.00000000000007,2.86102294921875e-06,74.00000000000007,8.185452315956354e-12,0.0,0.0,466.9391616249917,73.99999999999658,5.8788433103265525e-06,73.99999999999658,3.4560798667371267e-11,0.0,0.0,4484.342850068462,73.999471110508,0.086047505454995,73.999471110508,0.0074041731950273,0.0,0.0,34203.45862301337,73.9981455359352,0.1611181490534935,73.9981455359352,0.0259590579544237,0.0,0.0,100.10076435082732,0.002939111654216,2.730851035626564e-05,162.33808254583516,0.0030150310437483,4.569367270565797e-05,466.9391616249917,0.0031162174577463,6.913336553199571e-05,4484.342850068462,0.1677998024002641,248128970.78812185,34203.45862301337,10308.83985542595,15542084030687.414,1.0,74.0,0.0,74.0,0.0,0.0,0.0,1.0,74.0,0.0,74.0,0.0,0.0,0.0,1.0,74.0,0.0,74.0,0.0,0.0,0.0,1.0,74.0,0.0,74.0,0.0,0.0,0.0,1.0,74.0,0.0,74.0,0.0,0.0,0.0
131.95322874434464,308.4939492740344,61000.07344583482,214.212989751574,350.1954376889335,59136.49419500229,636.8683440082838,380.22382200023054,55643.64668167211,6291.922866976048,383.32950232526,55179.931250693626,21343.958698982067,382.6273790482811,55286.58430960093,131.95322874434464,308.4939492740344,61000.07344583482,214.212989751574,350.1954376889335,59136.49419500229,636.8683440082838,380.22382200023054,55643.64668167211,6291.922866976048,383.32950232526,55179.931250693626,21343.958698982067,382.6273790482811,55286.58430960093,1.0,60.0,0.0,60.0,0.0,0.0,0.0,1.0,60.0,0.0,60.0,0.0,0.0,0.0,1.0,60.0,0.0,60.0,0.0,0.0,0.0,1.0,60.0,0.0,60.0,0.0,0.0,0.0,1.0,60.0,0.0,60.0,0.0,0.0,0.0,1.0,1507655983.259153,0.0,1.0,1507655983.259153,0.0,1.0,1507655983.259153,0.0,1.0,1507655983.259153,0.0,1.0,1507655983.259153,0.0,1.0,60.0,0.0,60.0,0.0,0.0,0.0,1.0,60.0,0.0,60.0,0.0,0.0,0.0,1.0,60.0,0.0,60.0,0.0,0.0,0.0,1.0,60.0,0.0,60.0,0.0,0.0,0.0,1.0,60.0,0.0,60.0,0.0,0.0,0.0
107.23994715606324,499.5114638618168,23948.336281779742,189.5491132598048,457.19504901662896,38450.44723740002,615.3254799266767,405.8609336734877,51235.34259602452,6222.2964590610745,384.6067750482859,54982.847080879226,19964.85624097525,382.96021021444153,55235.98237848988,107.23994715606324,499.5114638618168,23948.336281779742,189.5491132598048,457.19504901662896,38450.44723740002,615.3254799266767,405.8609336734877,51235.34259602452,6222.2964590610745,384.6067750482859,54982.847080879226,19964.85624097525,382.96021021444153,55235.98237848988,95.41414024540458,553.9853363222558,2.691401453205964,553.9853363222558,7.243641782319172,0.0,0.0,152.43439521996046,553.9040773436542,6.8830655291553065,553.9040773436542,47.37659107864602,0.0,0.0,431.1125841000695,553.6455442801574,13.227830008913749,553.6455442801574,174.9754867447191,0.0,0.0,4089.4898737145286,553.8889588437698,7.405538538097264,553.8889588437698,54.842001039243776,0.0,0.0,13053.758598454748,553.9359523561898,5.6245385533397325,553.9359523561898,31.63543393800501,0.0,0.0,95.41414024540458,0.0030955783567346,3.536641699799856e-05,152.43439521996046,0.0032177424798261,5.445902498348653e-05,431.1125841000695,0.0033800019734707,0.3483482757406712,4089.4898737145286,8884.279952076677,13394353182713.07,13053.758598454748,79572.97163355448,119962325114232.16,1.0,554.0,0.0,554.0,0.0,0.0,0.0,1.0,554.0,0.0,554.0,0.0,0.0,0.0,1.0,554.0,0.0,554.0,0.0,0.0,0.0,1.0,554.0,0.0,554.0,0.0,0.0,0.0,1.0,554.0,0.0,554.0,0.0,0.0,0.0
129.38989405494897,343.2600834941604,59685.91508852676,206.3520350951949,376.3391152355034,56189.96241836509,621.1233629317071,388.6220231681517,54338.69075921612,6357.1345848160745,383.4333806084916,55163.605584438046,39890.28581779741,382.3379676556109,55329.95947234624,129.38989405494897,343.2600834941604,59685.91508852676,206.3520350951949,376.3391152355034,56189.96241836509,621.1233629317071,388.6220231681517,54338.69075921612,6357.1345848160745,383.4333806084916,55163.605584438046,39890.28581779741,382.3379676556109,55329.95947234624,1.0,60.0,0.0,60.0,0.0,0.0,0.0,1.0,60.0,0.0,60.0,0.0,0.0,0.0,1.0,60.0,0.0,60.0,0.0,0.0,0.0,1.0,60.0,0.0,60.0,0.0,0.0,0.0,1.0,60.0,0.0,60.0,0.0,0.0,0.0,1.0,1507656066.7287538,0.0,1.0,1507656066.7287538,0.0,1.0,1507656066.7287538,0.0,1.0,1507656066.7287538,0.0,1.0,1507656066.7287538,0.0,1.0,60.0,0.0,60.0,0.0,0.0,0.0,1.0,60.0,0.0,60.0,0.0,0.0,0.0,1.0,60.0,0.0,60.0,0.0,0.0,0.0,1.0,60.0,0.0,60.0,0.0,0.0,0.0,1.0,60.0,0.0,60.0,0.0,0.0,0.0
92.2098702642755,386.73540188136514,54651.26566340483,165.99561999844107,355.63739483455737,58643.40013330929,516.638121158529,340.0725677748216,59914.83660662804,4984.0605636136925,337.0017139449987,60104.98178885516,17054.705631526518,337.06869056974534,60101.18469680943,92.2098702642755,386.73540188136514,54651.26566340483,165.99561999844107,355.63739483455737,58643.40013330929,516.638121158529,340.0725677748216,59914.83660662804,4984.0605636136925,337.0017139449987,60104.98178885516,17054.705631526518,337.06869056974534,60101.18469680943,60.98831784170592,554.0,1.0789593218788871e-05,554.0,1.1641532182693479e-10,0.0,0.0,99.34111618417712,553.9999999999367,0.0001763034058882,553.9999999999367,3.1082890927791595e-08,0.0,0.0,292.90665407610163,553.9996060781367,0.4411317778474461,553.9996060781367,0.1945972454268485,0.0,0.0,2795.169507589919,553.90591898033,6.8166833929330926,553.90591898033,46.46717247948983,0.0,0.0,9567.520708573227,553.8780059645054,7.762098362418254,553.8780059645054,60.25017098785611,0.0,0.0,60.98831784170592,0.0048513447161596,5.09329465465166e-05,99.34111618417712,0.0049282182135469,6.409716938292429e-05,292.90665407610163,0.0049627827224501,0.0120780059233514,2795.169507589919,8928.908259881022,13461664256594.611,9567.520708573227,104566.87479816194,157640280183288.6,60.98831784170592,554.0,1.0789593218788871e-05,554.0,1.1641532182693479e-10,0.0,0.0,99.34111618416436,553.9999999999999,1.3214498959113138e-05,553.9999999999999,1.7462298274040222e-10,0.0,0.0,292.9064205086224,553.9999999999997,7.62939453125e-06,553.9999999999997,5.820766091346741e-11,0.0,0.0,2794.637174801615,554.000000000001,2.95485179611772e-05,554.000000000001,8.73114913702011e-10,0.0,0.0,9565.157995089598,553.9999999999972,4.108554692943193e-05,553.9999999999972,1.6880221664905546e-09,0.0,0.0
1.0,60.0,0.0,1.0,60.0,0.0,1.0,60.0,0.0,1.0,60.0,0.0,1.0,60.0,0.0,1.0,60.0,0.0,1.0,60.0,0.0,1.0,60.0,0.0,1.0,60.0,0.0,1.0,60.0,0.0,1.0,60.0,0.0,60.0,0.0,0.0,0.0,1.0,60.0,0.0,60.0,0.0,0.0,0.0,1.0,60.0,0.0,60.0,0.0,0.0,0.0,1.0,60.0,0.0,60.0,0.0,0.0,0.0,1.0,60.0,0.0,60.0,0.0,0.0,0.0,1.0,1505913544.825931,0.0,1.0,1505913544.825931,0.0,1.0,1505913544.825931,0.0,1.0,1505913544.825931,0.0,1.0,1505913544.825931,0.0,1.0,60.0,0.0,60.0,0.0,0.0,0.0,1.0,60.0,0.0,60.0,0.0,0.0,0.0,1.0,60.0,0.0,60.0,0.0,0.0,0.0,1.0,60.0,0.0,60.0,0.0,0.0,0.0,1.0,60.0,0.0,60.0,0.0,0.0,0.0
1.0,60.0,0.0,1.0,60.0,0.0,1.0,60.0,0.0,1.0,60.0,0.0,1.0,60.0,0.0,1.0,60.0,0.0,1.0,60.0,0.0,1.0,60.0,0.0,1.0,60.0,0.0,1.0,60.0,0.0,1.0,60.0,0.0,60.0,0.0,0.0,0.0,1.0,60.0,0.0,60.0,0.0,0.0,0.0,1.0,60.0,0.0,60.0,0.0,0.0,0.0,1.0,60.0,0.0,60.0,0.0,0.0,0.0,1.0,60.0,0.0,60.0,0.0,0.0,0.0,1.0,1505913569.384898,0.0,1.0,1505913569.384898,0.0,1.0,1505913569.384898,0.0,1.0,1505913569.384898,0.0,1.0,1505913569.384898,0.0,1.0,60.0,0.0,60.0,0.0,0.0,0.0,1.0,60.0,0.0,60.0,0.0,0.0,0.0,1.0,60.0,0.0,60.0,0.0,0.0,0.0,1.0,60.0,0.0,60.0,0.0,0.0,0.0,1.0,60.0,0.0,60.0,0.0,0.0,0.0
1.0,60.0,0.0,1.0,60.0,0.0,1.0,60.0,0.0,1.0,60.0,0.0,1.0,60.0,0.0,1.0,60.0,0.0,1.0,60.0,0.0,1.0,60.0,0.0,1.0,60.0,0.0,1.0,60.0,0.0,1.0,60.0,0.0,60.0,0.0,0.0,0.0,1.0,60.0,0.0,60.0,0.0,0.0,0.0,1.0,60.0,0.0,60.0,0.0,0.0,0.0,1.0,60.0,0.0,60.0,0.0,0.0,0.0,1.0,60.0,0.0,60.0,0.0,0.0,0.0,1.0,1505913454.623701,0.0,1.0,1505913454.623701,0.0,1.0,1505913454.623701,0.0,1.0,1505913454.623701,0.0,1.0,1505913454.623701,0.0,1.0,60.0,0.0,60.0,0.0,0.0,0.0,1.0,60.0,0.0,60.0,0.0,0.0,0.0,1.0,60.0,0.0,60.0,0.0,0.0,0.0,1.0,60.0,0.0,60.0,0.0,0.0,0.0,1.0,60.0,0.0,60.0,0.0,0.0,0.0
151.92189355587428,272.89660062449366,59845.88177350209,230.61500832915613,322.25636919750593,60775.58486249235,647.7518119377495,368.5523687351333,57217.143760008126,6396.728258046801,382.28764394888685,55337.7708979703,54075.40527922778,383.0969757152668,55215.00787559297,151.92189355587428,272.89660062449366,59845.88177350209,230.61500832915613,322.25636919750593,60775.58486249235,647.7518119377495,368.5523687351333,57217.143760008126,6396.728258046801,382.28764394888685,55337.7708979703,54075.40527922778,383.0969757152668,55215.00787559297,1.0,60.0,0.0,60.0,0.0,0.0,0.0,1.0,60.0,0.0,60.0,0.0,0.0,0.0,1.0,60.0,0.0,60.0,0.0,0.0,0.0,1.0,60.0,0.0,60.0,0.0,0.0,0.0,1.0,60.0,0.0,60.0,0.0,0.0,0.0,1.0,1507656193.274956,0.0,1.0,1507656193.274956,0.0,1.0,1507656193.274956,0.0,1.0,1507656193.274956,0.0,1.0,1507656193.274956,0.0,1.0,60.0,0.0,60.0,0.0,0.0,0.0,1.0,60.0,0.0,60.0,0.0,0.0,0.0,1.0,60.0,0.0,60.0,0.0,0.0,0.0,1.0,60.0,0.0,60.0,0.0,0.0,0.0,1.0,60.0,0.0,60.0,0.0,0.0,0.0
148.52925460919232,68.49597843839997,46.76205650596057,243.1139305361081,68.4352536194756,46.94144029445396,685.9719399928429,68.8880447624533,45.57618844881472,6356.299390650282,69.33059063568784,43.79728977610466,17384.834803064354,69.3301279861043,43.73910763145796,148.52925460919232,68.49597843839997,46.76205650596057,243.1139305361081,68.4352536194756,46.94144029445396,685.9719399928429,68.8880447624533,45.57618844881472,6356.299390650282,69.33059063568784,43.79728977610466,17384.834803064354,69.3301279861043,43.73910763145796,90.1358078364337,73.99999999998737,1.3317337077874129e-05,73.99999999998737,1.77351466845721e-10,0.0,0.0,146.47983660560266,73.99999991564766,0.0010867092681558,73.99999991564766,1.1809370334958658e-06,0.0,0.0,435.3009226373138,73.99969150075873,0.0657182943186616,73.99969150075873,0.0043188942081542,0.0,0.0,4232.71180369425,73.99773025390587,0.1782450378354887,73.99773025390587,0.0317712935129748,0.0,0.0,11577.480620178134,73.99793621828144,0.1699667171893007,73.99793621828144,0.0288886849521077,0.0,0.0,90.1358078364337,0.0033600576056048,9.037689518089185e-05,146.47983660560266,0.0033793066947739,8.726468380651064e-05,435.3009226373138,0.0033478268160378,383.4281340868404,4232.71180369425,17308.952293405833,26095659610024.68,11577.480620178134,96238.13555260617,145084837703296.34,1.0,74.0,0.0,74.0,0.0,0.0,0.0,1.0,74.0,0.0,74.0,0.0,0.0,0.0,1.0,74.0,0.0,74.0,0.0,0.0,0.0,1.0,74.0,0.0,74.0,0.0,0.0,0.0,1.0,74.0,0.0,74.0,0.0,0.0,0.0
193.2955205045013,65.9228627166226,47.83977561281608,282.97081434630707,66.93876951915938,48.99628314031543,728.1516842155439,68.46171134520185,46.8652012051325,6761.5777916615125,69.31458857921682,43.702116385487,45227.66045826579,69.37207116045953,43.49857880959643,193.2955205045013,65.9228627166226,47.83977561281608,282.97081434630707,66.93876951915938,48.99628314031543,728.1516842155439,68.46171134520185,46.8652012051325,6761.5777916615125,69.31458857921682,43.702116385487,45227.66045826579,69.37207116045953,43.49857880959643,81.77591185404097,73.99999999999997,9.5367431640625e-07,73.99999999999997,9.094947017729282e-13,0.0,0.0,140.247151287103,74.00000000000001,9.5367431640625e-07,74.00000000000001,9.094947017729282e-13,0.0,0.0,440.00699359248847,73.99999997442427,0.0005983856077847,73.99999997442427,3.580653356038965e-07,0.0,0.0,4496.354871924095,73.99904370387182,0.1157032034872053,73.99904370387182,0.0133872312972016,0.0,0.0,30259.397403015635,73.99809782852387,0.1631771505783968,73.99809782852387,0.0266267824708847,0.0,0.0,81.77591185404097,0.0037002201203811,9.28534875982338e-05,140.247151287103,0.0035277637060755,8.832709095006292e-05,440.00699359248847,0.003318302351769,0.0001063572479713,4496.354871924095,4.0151889655618245,6048685179.91068,30259.397403015635,16041.095376012465,24184208482350.05,1.0,74.0,0.0,74.0,0.0,0.0,0.0,1.0,74.0,0.0,74.0,0.0,0.0,0.0,1.0,74.0,0.0,74.0,0.0,0.0,0.0,1.0,74.0,0.0,74.0,0.0,0.0,0.0,1.0,74.0,0.0,74.0,0.0,0.0,0.0
111.51679975133922,271.8661862314792,59774.61473588613,194.3329540691047,311.2574084334985,60990.83181782816,607.0668610290991,381.8003715763135,55411.09745117556,5801.042908073248,423.57973630270834,47413.175251201865,12845.930666291111,426.0628908272509,46828.13674883451,111.51679975133922,271.8661862314792,59774.61473588613,194.3329540691047,311.2574084334985,60990.83181782816,607.0668610290991,381.8003715763135,55411.09745117556,5801.042908073248,423.57973630270834,47413.175251201865,12845.930666291111,426.0628908272509,46828.13674883451,47.827299422940136,553.9990185007586,0.6963186498511117,553.9990185007586,0.484859662130475,0.0,0.0,98.84511030880834,553.9807036536586,3.0873974061945617,553.9807036536586,9.532022743776906,0.0,0.0,395.6038262770552,553.80410008246,9.835455377725047,553.80410008246,96.7361824872205,0.0,0.0,4270.372227201682,553.8870090275797,7.470259260400036,553.8870090275797,55.80477341759251,0.0,0.0,9520.60752639708,553.9062644122231,6.804160051144126,553.9062644122231,46.29659400158562,0.0,0.0,47.827299422940136,0.0065687054362785,0.0003015810294877,98.84511030880834,0.0051029135999028,0.0002175410905359,395.6038262770552,0.0057897922844144,3166460.798792389,4270.372227201682,41875.45605566223,63132021383893.47,9520.60752639708,127952.82754484072,192892462243763.6,1.0,554.0,0.0,554.0,0.0,0.0,0.0,1.0,554.0,0.0,554.0,0.0,0.0,0.0,1.0,554.0,0.0,554.0,0.0,0.0,0.0,1.0,554.0,0.0,554.0,0.0,0.0,0.0,1.0,554.0,0.0,554.0,0.0,0.0,0.0
115.63322701005563,442.9401328459935,42529.28025790412,203.6125180938871,409.36925191266886,50529.528528547,632.3443139324105,384.8654759009497,54944.53492215043,6382.170595886719,383.200269670768,55198.35594752967,44934.02535822032,382.5190421425458,55302.46741343392,115.63322701005563,442.9401328459935,42529.28025790412,203.6125180938871,409.36925191266886,50529.528528547,632.3443139324105,384.8654759009497,54944.53492215043,6382.170595886719,383.200269670768,55198.35594752967,44934.02535822032,382.5190421425458,55302.46741343392,89.63684879846694,554.0000000000001,1.0789593218788871e-05,554.0000000000001,1.1641532182693479e-10,0.0,0.0,143.99989796675845,553.9999999999999,0.0,553.9999999999999,0.0,0.0,0.0,415.8396892914936,553.9999999999105,0.0002106044577307,553.9999999999105,4.4354237616062164e-08,0.0,0.0,4175.528620735978,553.9879618126577,2.4385896805764435,553.9879618126577,5.94671963021392,0.0,0.0,29337.615282383296,553.9646620170118,4.178003688639008,553.9646620170118,17.455714822281152,0.0,0.0,89.63684879846694,0.0033363894105687,6.589754949792281e-05,143.99989796675845,0.0034301488011478,8.289294953779001e-05,415.8396892914936,0.0035087048971986,0.000105027062397,4175.528620735978,1.837496593733741,2765097449.4769635,29337.615282383296,15186.555151074695,22895863999145.79,1.0,554.0,0.0,554.0,0.0,0.0,0.0,1.0,554.0,0.0,554.0,0.0,0.0,0.0,1.0,554.0,0.0,554.0,0.0,0.0,0.0,1.0,554.0,0.0,554.0,0.0,0.0,0.0,1.0,554.0,0.0,554.0,0.0,0.0,0.0
1.0,60.0,0.0,1.0,60.0,0.0,1.0,60.0,0.0,1.0,60.0,0.0,1.0,60.0,0.0,1.0,60.0,0.0,1.0,60.0,0.0,1.0,60.0,0.0,1.0,60.0,0.0,1.0,60.0,0.0,1.0,60.0,0.0,60.0,0.0,0.0,0.0,1.0,60.0,0.0,60.0,0.0,0.0,0.0,1.0,60.0,0.0,60.0,0.0,0.0,0.0,1.0,60.0,0.0,60.0,0.0,0.0,0.0,1.0,60.0,0.0,60.0,0.0,0.0,0.0,1.0,1505913562.209483,0.0,1.0,1505913562.209483,0.0,1.0,1505913562.209483,0.0,1.0,1505913562.209483,0.0,1.0,1505913562.209483,0.0,1.0,60.0,0.0,60.0,0.0,0.0,0.0,1.0,60.0,0.0,60.0,0.0,0.0,0.0,1.0,60.0,0.0,60.0,0.0,0.0,0.0,1.0,60.0,0.0,60.0,0.0,0.0,0.0,1.0,60.0,0.0,60.0,0.0,0.0,0.0
6.9275439064149325,74.82638577646628,19.150507715697128,10.72429483296361,75.05759719472084,24.43381947304988,54.731260989412135,74.8766211468515,74.20596881104666,827.2941130188733,75.20400813681078,383.082525072172,8412.701618307505,76.50582456185596,1567.5149996262946,6.9275439064149325,74.82638577646628,19.150507715697128,10.72429483296361,75.05759719472084,24.43381947304988,54.731260989412135,74.8766211468515,74.20596881104666,827.2941130188733,75.20400813681078,383.082525072172,8412.701618307505,76.50582456185596,1567.5149996262946,1.0000295746279166,74.0,9.5367431640625e-07,74.0,9.094947017729282e-13,0.0,0.0,1.0019166886611737,74.0,0.0,74.0,0.0,0.0,0.0,1.124217807041179,73.99999999999999,1.3486991523486091e-06,73.99999999999999,1.8189894035458565e-12,0.0,0.0,1.8117426889379185,74.0,0.0,74.0,0.0,0.0,0.0,1.9793588193048663,74.00000000000001,9.5367431640625e-07,74.00000000000001,9.094947017729282e-13,0.0,0.0,1.0000295746279166,44538.51200330126,67064614586093.74,1.0019166886611737,2880847.91962472,4330002867375937.0,1.124217807041179,166392336.98579168,2.2288598926116365e+17,1.8117426889379185,674717207.1743377,5.6082218146276544e+17,1.9793588193048663,745104567.4089752,5.668819241181201e+17,1.0000295746279166,74.0,9.5367431640625e-07,74.0,9.094947017729282e-13,0.0,0.0,1.0019166886611737,74.0,0.0,74.0,0.0,0.0,0.0,1.124217807041179,73.99999999999999,1.3486991523486091e-06,73.99999999999999,1.8189894035458565e-12,0.0,0.0,1.8117426889379185,74.0,0.0,74.0,0.0,0.0,0.0,1.9793588193048663,74.00000000000001,9.5367431640625e-07,74.00000000000001,9.094947017729282e-13,0.0,0.0
164.00141381546038,65.41602359314099,46.491019156134826,249.02176804837413,66.95582293319721,48.99829257061083,681.5548988104824,68.62817850512522,46.42903534163725,6361.179099136888,69.31581447312611,43.85304141701637,17651.734347907743,69.32632180529657,43.75333365160985,164.00141381546038,65.41602359314099,46.491019156134826,249.02176804837413,66.95582293319721,48.99829257061083,681.5548988104824,68.62817850512522,46.42903534163725,6361.179099136888,69.31581447312611,43.85304141701637,17651.734347907743,69.32632180529657,43.75333365160985,1.0,60.0,0.0,60.0,0.0,0.0,0.0,1.0,60.0,0.0,60.0,0.0,0.0,0.0,1.0,60.0,0.0,60.0,0.0,0.0,0.0,1.0,60.0,0.0,60.0,0.0,0.0,0.0,1.0,60.0,0.0,60.0,0.0,0.0,0.0,1.0,1507657103.194993,0.0,1.0,1507657103.194993,0.0,1.0,1507657103.194993,0.0,1.0,1507657103.194993,0.0,1.0,1507657103.194993,0.0,1.0,60.0,0.0,60.0,0.0,0.0,0.0,1.0,60.0,0.0,60.0,0.0,0.0,0.0,1.0,60.0,0.0,60.0,0.0,0.0,0.0,1.0,60.0,0.0,60.0,0.0,0.0,0.0,1.0,60.0,0.0,60.0,0.0,0.0,0.0
118.0728250281719,72.95807160920671,13.501382709540849,203.7826644866257,71.90819446363533,24.90963112327973,650.9257858271452,70.30797560713596,38.05817426937392,6648.78892385893,69.49593726933621,42.84760085346444,35378.21308882393,69.39663714722703,43.383225278161255,118.0728250281719,72.95807160920671,13.501382709540849,203.7826644866257,71.90819446363533,24.90963112327973,650.9257858271452,70.30797560713596,38.05817426937392,6648.78892385893,69.49593726933621,42.84760085346444,35378.21308882393,69.39663714722703,43.383225278161255,109.28543718850436,74.00000000000004,2.6973983046972182e-06,74.00000000000004,7.275957614183426e-12,0.0,0.0,173.33448418612988,74.0,1.3486991523486091e-06,74.0,1.8189894035458565e-12,0.0,0.0,479.2255817895783,73.99999999998445,1.4463187110999204e-05,73.99999999998445,2.0918378140777347e-10,0.0,0.0,4507.700212559089,73.99930799088125,0.0984258545561157,73.99930799088125,0.0096876488451016,0.0,0.0,23731.564245455724,73.99841839307317,0.1487951461599954,73.99841839307317,0.0221399955207743,0.0,0.0,109.28543718850436,0.0027201337154568,4.475411682337277e-05,173.33448418612988,0.0028509289648657,7.304646461817299e-05,479.2255817895783,0.0030497087978405,0.0001081740128838,4507.700212559089,168.451017908834,253961509477.04172,23731.564245455724,29729.52919226024,44821045817871.14,1.0,74.0,0.0,74.0,0.0,0.0,0.0,1.0,74.0,0.0,74.0,0.0,0.0,0.0,1.0,74.0,0.0,74.0,0.0,0.0,0.0,1.0,74.0,0.0,74.0,0.0,0.0,0.0,1.0,74.0,0.0,74.0,0.0,0.0,0.0
77.66788259652449,74.23694039225602,5.63102953977068,101.07540679056378,74.22542633470049,5.391608322772299,151.7704599074096,74.51483775461047,193.97433906661263,836.6614694956427,78.55625746738059,3210.8578123522398,8550.604907534733,76.74924529941573,1771.6805679051922,77.66788259652449,74.23694039225602,5.63102953977068,101.07540679056378,74.22542633470049,5.391608322772299,151.7704599074096,74.51483775461047,193.97433906661263,836.6614694956427,78.55625746738059,3210.8578123522398,8550.604907534733,76.74924529941573,1771.6805679051922,1.0,74.0,0.0,74.0,0.0,0.0,0.0,1.0,74.0,0.0,74.0,0.0,0.0,0.0,1.0,74.0,0.0,74.0,0.0,0.0,0.0,1.0,74.0,0.0,74.0,0.0,0.0,0.0,1.0,74.0,0.0,74.0,0.0,0.0,0.0,1.0,1505913148.922425,0.0,1.0,1505913148.922425,0.0,1.0,1505913148.922425,0.0,1.0,1505913148.922425,0.0,1.0,1505913148.922425,0.0,1.0,74.0,0.0,74.0,0.0,0.0,0.0,1.0,74.0,0.0,74.0,0.0,0.0,0.0,1.0,74.0,0.0,74.0,0.0,0.0,0.0,1.0,74.0,0.0,74.0,0.0,0.0,0.0,1.0,74.0,0.0,74.0,0.0,0.0,0.0
125.0534174529452,74.01722814771983,0.4131787455298763,182.48210560196011,74.03457374996529,0.8291627722755948,296.852833487516,74.14551501195234,42.143057463984405,1018.1581452061364,77.26215558635343,2360.537511893452,5771.723708158436,76.58874543826641,1647.578333969941,125.0534174529452,74.01722814771983,0.4131787455298763,182.48210560196011,74.03457374996529,0.8291627722755948,296.852833487516,74.14551501195234,42.143057463984405,1018.1581452061364,77.26215558635343,2360.537511893452,5771.723708158436,76.58874543826641,1647.578333969941,1.0,74.0,0.0,74.0,0.0,0.0,0.0,1.0,74.0,0.0,74.0,0.0,0.0,0.0,1.0,74.0,0.0,74.0,0.0,0.0,0.0,1.0,74.0,0.0,74.0,0.0,0.0,0.0,1.0,74.0,0.0,74.0,0.0,0.0,0.0,1.0,1505912909.876071,0.0,1.0,1505912909.876071,0.0,1.0,1505912909.876071,0.0,1.0,1505912909.876071,0.0,1.0,1505912909.876071,0.0,1.0,74.0,0.0,74.0,0.0,0.0,0.0,1.0,74.0,0.0,74.0,0.0,0.0,0.0,1.0,74.0,0.0,74.0,0.0,0.0,0.0,1.0,74.0,0.0,74.0,0.0,0.0,0.0,1.0,74.0,0.0,74.0,0.0,0.0,0.0
145.83131510256928,74.0634072220257,1.5177528691838231,252.9028993359428,74.05956512573827,1.4262131067525845,822.1784444151673,74.04962984280282,2.4707792202043493,4845.897264859636,74.08767704584946,21.31523105386259,6831.76643415217,74.09466555521945,23.60934312406425,145.83131510256928,74.0634072220257,1.5177528691838231,252.9028993359428,74.05956512573827,1.4262131067525845,822.1784444151673,74.04962984280282,2.4707792202043493,4845.897264859636,74.08767704584946,21.31523105386259,6831.76643415217,74.09466555521945,23.60934312406425,145.44603349537726,73.9999999999917,9.956652172956994e-06,95.26804291051,9.91390943995106e-11,2.79634480240743e-26,2.944945747420195e-15,252.2752275226089,73.99999993259783,0.0009714009740977,95.26804285816134,9.436198525580308e-07,1.3277255611207902e-20,3.900702338495783e-12,820.5486142028163,73.99971103270809,0.0636039195805269,95.26781845368492,0.0040454585860061,8.419226649088481e-17,2.4161910128372347e-10,4834.05282572171,73.99640560297607,0.2242958730049186,95.26525096886148,0.0503086386470386,8.539312394267865e-17,1.3692793837962914e-10,6813.69816406056,73.99608210240784,0.2341692045850122,95.2649996929946,0.0548352163759773,1.6763100634816325e-15,1.5824617657353003e-09,145.44603349537718,0.0020878130468133,0.0199522840411794,252.2752275226088,0.0020673227266477,164881.35226427414,820.5486142028204,484.0007438359315,728860509379.2294,4834.052825721729,136648.09991766038,205761587607472.4,6813.6981640605245,203530.13430528596,306457416030637.0,1.0,74.0,0.0,74.0,0.0,0.0,0.0,1.0,74.0,0.0,74.0,0.0,0.0,0.0,1.0,74.0,0.0,74.0,0.0,0.0,0.0,1.0,74.0,0.0,74.0,0.0,0.0,0.0,1.0,74.0,0.0,74.0,0.0,0.0,0.0
152.60471362713605,300.20604159954394,60962.84212925298,237.43046298779169,318.2912396972968,60881.507904160535,659.4639308984254,358.86464896099363,58318.966905245055,6443.2832553976805,381.5184310054368,55452.706399989256,53154.88055993052,382.9660814343698,55234.82321789111,152.60471362713605,300.20604159954394,60962.84212925298,237.43046298779169,318.2912396972968,60881.507904160535,659.4639308984254,358.86464896099363,58318.966905245055,6443.2832553976805,381.5184310054368,55452.706399989256,53154.88055993052,382.9660814343698,55234.82321789111,74.20359147734081,554.0000000000001,7.62939453125e-06,554.0000000000001,5.820766091346741e-11,0.0,0.0,124.14212272467309,553.9999999999999,1.52587890625e-05,553.9999999999999,2.3283064365386963e-10,0.0,0.0,398.9682618315445,553.9999999993928,0.0005474057347,553.9999999993928,2.996530383825302e-07,0.0,0.0,4193.622511010321,553.9852776646452,2.6967789892931195,553.9852776646452,7.272616917092818,0.0,0.0,34753.31638795822,553.9625830894581,4.299134073196856,553.9625830894581,18.482553779322192,0.0,0.0,74.20359147734081,0.0043421701160237,0.0002850157482661,124.14212272467309,0.0041081035287443,0.000229942933723,398.9682618315445,0.0036655805615373,0.0001337200952215,4193.622511010321,0.011088020066248,11524620.720405703,34753.31638795822,7414.2518837502785,11178080621466.8,1.0,554.0,0.0,554.0,0.0,0.0,0.0,1.0,554.0,0.0,554.0,0.0,0.0,0.0,1.0,554.0,0.0,554.0,0.0,0.0,0.0,1.0,554.0,0.0,554.0,0.0,0.0,0.0,1.0,554.0,0.0,554.0,0.0,0.0,0.0
1.0,60.0,0.0,1.0,60.0,0.0,1.0,60.0,0.0,1.0,60.0,0.0,1.0,60.0,0.0,1.0,60.0,0.0,1.0,60.0,0.0,1.0,60.0,0.0,1.0,60.0,0.0,1.0,60.0,0.0,1.0,60.0,0.0,60.0,0.0,0.0,0.0,1.0,60.0,0.0,60.0,0.0,0.0,0.0,1.0,60.0,0.0,60.0,0.0,0.0,0.0,1.0,60.0,0.0,60.0,0.0,0.0,0.0,1.0,60.0,0.0,60.0,0.0,0.0,0.0,1.0,1505913538.155499,0.0,1.0,1505913538.155499,0.0,1.0,1505913538.155499,0.0,1.0,1505913538.155499,0.0,1.0,1505913538.155499,0.0,1.0,60.0,0.0,60.0,0.0,0.0,0.0,1.0,60.0,0.0,60.0,0.0,0.0,0.0,1.0,60.0,0.0,60.0,0.0,0.0,0.0,1.0,60.0,0.0,60.0,0.0,0.0,0.0,1.0,60.0,0.0,60.0,0.0,0.0,0.0
1.0,60.0,0.0,1.0,60.0,0.0,1.0,60.0,0.0,1.0,60.0,0.0,1.0,60.0,0.0,1.0,60.0,0.0,1.0,60.0,0.0,1.0,60.0,0.0,1.0,60.0,0.0,1.0,60.0,0.0,1.0,60.0,0.0,60.0,0.0,0.0,0.0,1.0,60.0,0.0,60.0,0.0,0.0,0.0,1.0,60.0,0.0,60.0,0.0,0.0,0.0,1.0,60.0,0.0,60.0,0.0,0.0,0.0,1.0,60.0,0.0,60.0,0.0,0.0,0.0,1.0,1505913475.3791552,0.0,1.0,1505913475.3791552,0.0,1.0,1505913475.3791552,0.0,1.0,1505913475.3791552,0.0,1.0,1505913475.3791552,0.0,1.0,60.0,0.0,60.0,0.0,0.0,0.0,1.0,60.0,0.0,60.0,0.0,0.0,0.0,1.0,60.0,0.0,60.0,0.0,0.0,0.0,1.0,60.0,0.0,60.0,0.0,0.0,0.0,1.0,60.0,0.0,60.0,0.0,0.0,0.0
112.97476931384207,441.7705624861524,42844.008177609016,207.004620600292,408.6604761095482,50671.15060584932,658.2882158199784,387.25948515969736,54563.462433010944,6447.827765574239,384.0532903902083,55068.83126345303,51896.4586739292,383.1814365448937,55202.16427605684,112.97476931384207,441.7705624861524,42844.008177609016,207.004620600292,408.6604761095482,50671.15060584932,658.2882158199784,387.25948515969736,54563.462433010944,6447.827765574239,384.0532903902083,55068.83126345303,51896.4586739292,383.1814365448937,55202.16427605684,87.30770100746163,553.9999999999999,1.8688123647942943e-05,553.9999999999999,3.4924596548080444e-10,0.0,0.0,146.09930727530943,554.0000000000001,1.3214498959113138e-05,554.0000000000001,1.7462298274040222e-10,0.0,0.0,436.0844293803586,553.9999751403337,0.110818204626506,553.9999751403337,0.0122806744766421,0.0,0.0,4229.917159207248,553.9574113874053,4.586606679327733,553.9574113874053,21.036960830853783,0.0,0.0,33953.554359406735,553.9573729903924,4.588673630107318,553.9573729903924,21.055925683642272,0.0,0.0,87.30770100746163,0.0034100264004338,5.245334630665091e-05,146.09930727530943,0.0033741473318683,7.338696547240178e-05,436.0844293803586,0.0033525470465472,0.0001212881245256,4229.917159207248,0.025527041101424,33338298.255732942,33953.554359406735,8446.645211783554,12734558166270.768,1.0,554.0,0.0,554.0,0.0,0.0,0.0,1.0,554.0,0.0,554.0,0.0,0.0,0.0,1.0,554.0,0.0,554.0,0.0,0.0,0.0,1.0,554.0,0.0,554.0,0.0,0.0,0.0,1.0,554.0,0.0,554.0,0.0,0.0,0.0
162.0667458965481,309.74496599060024,61001.46516171048,250.7615441142692,323.43970565078547,60738.73607811505,675.8991956351716,357.02629641058905,58506.364707747794,6413.381867979213,380.39801530511846,55619.35080631566,55094.43752984236,382.8486122087946,55252.78226136172,162.0667458965481,309.74496599060024,61001.46516171048,250.7615441142692,323.43970565078547,60738.73607811505,675.8991956351716,357.02629641058905,58506.364707747794,6413.381867979213,380.39801530511846,55619.35080631566,55094.43752984236,382.8486122087946,55252.78226136172,81.93391486263292,553.9999999999999,1.0789593218788871e-05,553.9999999999999,1.1641532182693479e-10,0.0,0.0,133.72580439271115,553.9999999999999,1.0789593218788871e-05,553.9999999999999,1.1641532182693479e-10,0.0,0.0,406.39641185553376,553.9999996520663,0.0131102615225486,553.9999996520663,0.0001718789571896,0.0,0.0,4159.754818373085,553.9717303575353,3.7368976710540265,553.9717303575353,13.964404203929009,0.0,0.0,36008.632013459435,553.9587256522802,4.515287831573574,553.9587256522802,20.38782420195639,0.0,0.0,81.93391486263292,0.0039256516751228,0.0002662828643901,133.72580439271115,0.0037979152047694,0.0002024465266229,406.39641185553376,0.0035910075468779,0.000109280949315,4159.754818373085,0.0044825665518579,1524026.8090075508,36008.632013459435,5840.384757406689,8805251375404.33,1.0,554.0,0.0,554.0,0.0,0.0,0.0,1.0,554.0,0.0,554.0,0.0,0.0,0.0,1.0,554.0,0.0,554.0,0.0,0.0,0.0,1.0,554.0,0.0,554.0,0.0,0.0,0.0,1.0,554.0,0.0,554.0,0.0,0.0,0.0
16.662849531813585,60.00000011816768,5.672047336702235e-06,33.922298022686526,60.00005230751661,0.0025107417168328,168.69399065004367,60.00957378289753,0.4563080081825319,2214.7288940572475,60.02602569034892,1.0056652035073057,21449.01062901005,60.02111685265783,0.7355989522311575,16.662849531813585,60.00000011816768,5.672047336702235e-06,33.922298022686526,60.00005230751661,0.0025107417168328,168.69399065004367,60.00957378289753,0.4563080081825319,2214.7288940572475,60.02602569034892,1.0056652035073057,21449.01062901005,60.02111685265783,0.7355989522311575,1.0,60.0,0.0,60.0,0.0,0.0,0.0,1.0,60.0,0.0,60.0,0.0,0.0,0.0,1.0,60.0,0.0,60.0,0.0,0.0,0.0,1.0,60.0,0.0,60.0,0.0,0.0,0.0,1.0,60.0,0.0,60.0,0.0,0.0,0.0,1.0,1507653373.193721,0.0,1.0,1507653373.193721,0.0,1.0,1507653373.193721,0.0,1.0,1507653373.193721,0.0,1.0,1507653373.193721,0.0,1.0,60.0,0.0,60.0,0.0,0.0,0.0,1.0,60.0,0.0,60.0,0.0,0.0,0.0,1.0,60.0,0.0,60.0,0.0,0.0,0.0,1.0,60.0,0.0,60.0,0.0,0.0,0.0,1.0,60.0,0.0,60.0,0.0,0.0,0.0
84.35901604568379,391.3337434471923,53896.81971618316,156.19340764131996,358.42807814661074,58364.152777650255,511.68237999081634,338.8951000900456,59991.637669389296,4575.776704295453,336.9885591872595,60106.24411528671,10395.297688448474,336.48608004689567,60136.41024247666,84.35901604568379,391.3337434471923,53896.81971618316,156.19340764131996,358.42807814661074,58364.152777650255,511.68237999081634,338.8951000900456,59991.637669389296,4575.776704295453,336.9885591872595,60106.24411528671,10395.297688448474,336.48608004689567,60136.41024247666,56.58094854238496,554.0000000000001,7.62939453125e-06,554.0000000000001,5.820766091346741e-11,0.0,0.0,94.35728433575184,553.9999999950638,0.0015615490165175,553.9999999950638,2.438435330986977e-06,0.0,0.0,288.87878251175573,553.9983231517548,0.9101429675004336,553.9983231517548,0.8283602212904952,0.0,0.0,2566.194711133835,553.8842631332589,7.560464082940609,553.8842631332589,57.16061714943498,0.0,0.0,5819.710819436356,553.8533033193064,8.511559219480478,553.8533033193064,72.44664034672314,0.0,0.0,56.58094854238496,0.0053119974398105,0.0001122540321039,94.35728433575184,0.0052428379916691,0.0001260874793287,288.87878251175573,0.0056284421773558,831332.5398724489,2566.194711133835,59074.77072887122,89061130457906.64,5819.710819436356,205892.56249080968,310373438801204.7,56.58094854238496,554.0000000000001,7.62939453125e-06,554.0000000000001,5.820766091346741e-11,0.0,0.0,94.35728433480904,553.9999999999997,1.52587890625e-05,553.9999999999997,2.3283064365386963e-10,0.0,0.0,288.8778019330518,554.0000000000007,2.0185480583683703e-05,554.0000000000007,4.07453626394272e-10,0.0,0.0,2565.593489807291,554.0000000000014,3.236877965636661e-05,554.0000000000014,1.0477378964424131e-09,0.0,0.0,5817.982616481279,553.9999999999986,5.285799583645255e-05,553.9999999999986,2.7939677238464355e-09,0.0,0.0
211.6212862883775,74.04909732461978,1.1759263755411666,303.5971406606485,74.05332524712163,1.2795770560915116,804.2768107895885,74.05784199892784,4.666014828758306,7626.795217027285,74.17399592527558,77.5072913860322,29731.809337542887,74.35077629334026,227.3245803424479,211.6212862883775,74.04909732461978,1.1759263755411666,303.5971406606485,74.05332524712163,1.2795770560915116,804.2768107895885,74.05784199892784,4.666014828758306,7626.795217027285,74.17399592527558,77.5072913860322,29731.809337542887,74.35077629334026,227.3245803424479,211.18836801922905,73.99999999999993,3.3036247397782844e-06,95.2680429105164,1.5116502380437543e-11,-1.7192505056274262e-28,-1.609160798927911e-17,302.9226548702982,73.99999999999577,6.877043295791604e-06,95.26804291051327,4.8640963673171576e-11,-1.3019651924323041e-24,-5.6149064118026034e-14,802.5745769544476,73.99999193901081,0.0106232659612317,95.26803664909689,0.000112853779683,-9.173337601631516e-19,-4.268379041903504e-11,7607.795903220315,73.99840950677407,0.1492125180819883,95.26680749102609,0.0222643755523677,2.6487677370210576e-16,6.384532011543141e-10,29645.509368266645,73.99818235503899,0.1595108950022766,95.26663105122115,0.0254437256244273,-5.314990181038588e-16,-3.6727193101353885e-10,211.1883680192292,0.0014735976194131,6.636742690423384e-05,302.9226548702985,0.0016525618983568,6.364007314757492e-05,802.5745769544502,0.0018150128438275,4.934148191490491e-05,7607.795903220448,1460.050124797385,2198705423857.404,29645.509368265582,31090.23128217104,46818255124078.19,1.0,74.0,0.0,95.26804291051644,0.0,0.0,0.0,1.0,74.0,0.0,95.26804291051644,0.0,0.0,0.0,1.0,74.0,0.0,95.26804291051644,0.0,0.0,0.0,1.021879712417984,74.0,9.5367431640625e-07,95.26804291051644,9.094947017729282e-13,0.0,0.0,1.6823452316090577,74.0,9.5367431640625e-07,95.26804291051644,9.094947017729282e-13,0.0,0.0
148.6079537926284,333.86928906263967,60283.433229878574,241.7757686082006,341.4037361054251,59819.12043028594,676.921684764644,365.29309515158326,57604.5858352732,6453.162076541214,381.5844558719198,55442.95767684665,46431.1671779944,382.3921194556434,55321.76458727327,148.6079537926284,333.86928906263967,60283.433229878574,241.7757686082006,341.4037361054251,59819.12043028594,676.921684764644,365.29309515158326,57604.5858352732,6453.162076541214,381.5844558719198,55442.95767684665,46431.1671779944,382.3921194556434,55321.76458727327,82.3847037806982,553.9998979751889,0.2244999918534039,553.9998979751889,0.0504002463421784,0.0,0.0,137.72089701981804,553.9950657361677,1.5612501356616748,553.9950657361677,2.437501986103598,0.0,0.0,418.4322116700973,553.8686993348958,8.052657244449339,553.8686993348958,64.84528869658243,0.0,0.0,4201.6435147625325,553.900113580441,7.023810501784348,553.900113580441,49.33391396497609,0.0,0.0,30303.958715308243,553.9524012312761,4.8488685387701205,553.9524012312761,23.51152610627469,0.0,0.0,82.3847037806982,0.0036578378360286,8.404183354597304e-05,137.72089701981804,0.0035795964043885,7.586910518180115e-05,418.4322116700973,0.0034763991842149,7.194657240083007e-05,4201.6435147625325,0.8408830479589833,1262580102.9910588,30303.958715308243,13602.237395807875,20507303566751.95,1.0,554.0,0.0,554.0,0.0,0.0,0.0,1.0,554.0,0.0,554.0,0.0,0.0,0.0,1.0,554.0,0.0,554.0,0.0,0.0,0.0,1.0,554.0,0.0,554.0,0.0,0.0,0.0,1.0,554.0,0.0,554.0,0.0,0.0,0.0
1.0,60.0,0.0,1.0,60.0,0.0,1.0,60.0,0.0,1.0,60.0,0.0,1.0,60.0,0.0,1.0,60.0,0.0,1.0,60.0,0.0,1.0,60.0,0.0,1.0,60.0,0.0,1.0,60.0,0.0,1.0,60.0,0.0,60.0,0.0,0.0,0.0,1.0,60.0,0.0,60.0,0.0,0.0,0.0,1.0,60.0,0.0,60.0,0.0,0.0,0.0,1.0,60.0,0.0,60.0,0.0,0.0,0.0,1.0,60.0,0.0,60.0,0.0,0.0,0.0,1.0,1505913432.782791,0.0,1.0,1505913432.782791,0.0,1.0,1505913432.782791,0.0,1.0,1505913432.782791,0.0,1.0,1505913432.782791,0.0,1.0,60.0,0.0,60.0,0.0,0.0,0.0,1.0,60.0,0.0,60.0,0.0,0.0,0.0,1.0,60.0,0.0,60.0,0.0,0.0,0.0,1.0,60.0,0.0,60.0,0.0,0.0,0.0,1.0,60.0,0.0,60.0,0.0,0.0,0.0
1.0,60.0,0.0,1.0,60.0,0.0,1.0,60.0,0.0,1.0,60.0,0.0,1.0,60.0,0.0,1.0,60.0,0.0,1.0,60.0,0.0,1.0,60.0,0.0,1.0,60.0,0.0,1.0,60.0,0.0,1.0,60.0,0.0,60.0,0.0,0.0,0.0,1.0,60.0,0.0,60.0,0.0,0.0,0.0,1.0,60.0,0.0,60.0,0.0,0.0,0.0,1.0,60.0,0.0,60.0,0.0,0.0,0.0,1.0,60.0,0.0,60.0,0.0,0.0,0.0,1.0,1505913459.287756,0.0,1.0,1505913459.287756,0.0,1.0,1505913459.287756,0.0,1.0,1505913459.287756,0.0,1.0,1505913459.287756,0.0,1.0,60.0,0.0,60.0,0.0,0.0,0.0,1.0,60.0,0.0,60.0,0.0,0.0,0.0,1.0,60.0,0.0,60.0,0.0,0.0,0.0,1.0,60.0,0.0,60.0,0.0,0.0,0.0,1.0,60.0,0.0,60.0,0.0,0.0,0.0
1.0,60.0,0.0,1.0,60.0,0.0,1.0,60.0,0.0,1.0,60.0,0.0,1.0,60.0,0.0,1.0,60.0,0.0,1.0,60.0,0.0,1.0,60.0,0.0,1.0,60.0,0.0,1.0,60.0,0.0,1.0,60.0,0.0,60.0,0.0,0.0,0.0,1.0,60.0,0.0,60.0,0.0,0.0,0.0,1.0,60.0,0.0,60.0,0.0,0.0,0.0,1.0,60.0,0.0,60.0,0.0,0.0,0.0,1.0,60.0,0.0,60.0,0.0,0.0,0.0,1.0,1505913428.483241,0.0,1.0,1505913428.483241,0.0,1.0,1505913428.483241,0.0,1.0,1505913428.483241,0.0,1.0,1505913428.483241,0.0,1.0,60.0,0.0,60.0,0.0,0.0,0.0,1.0,60.0,0.0,60.0,0.0,0.0,0.0,1.0,60.0,0.0,60.0,0.0,0.0,0.0,1.0,60.0,0.0,60.0,0.0,0.0,0.0,1.0,60.0,0.0,60.0,0.0,0.0,0.0
163.89528162851016,298.3560458321068,60934.27938769036,253.0451344268032,317.85770117142687,60891.0264009468,679.9167713197263,356.654190521206,58541.94459287211,6479.763459588658,381.3576442450155,55477.24040621173,56828.739643357374,382.9753202624736,55233.51636737026,163.89528162851016,298.3560458321068,60934.27938769036,253.0451344268032,317.85770117142687,60891.0264009468,679.9167713197263,356.654190521206,58541.94459287211,6479.763459588658,381.3576442450155,55477.24040621173,56828.739643357374,382.9753202624736,55233.51636737026,79.0798185149825,553.9999999999999,7.62939453125e-06,553.9999999999999,5.820766091346741e-11,0.0,0.0,132.08419498193462,553.9999999959468,0.0014149596124199,553.9999999959468,2.002110704779625e-06,0.0,0.0,408.2965867228485,553.9987572355808,0.7835330742659808,553.9987572355808,0.613924078468699,0.0,0.0,4215.681199397621,553.9376975174179,5.54739080965063,553.9376975174179,30.773544794996276,0.0,0.0,37156.97716351414,553.9551675740804,4.705869575357863,553.9551675740804,22.14520846027881,0.0,0.0,79.0798185149825,0.0038659087676297,0.0001253690029608,132.08419498193462,0.0037640496808705,0.0001138206640815,408.2965867228485,0.003573349587966,0.0001060330950575,4215.681199397621,0.0035481702529048,184104.19493943945,37156.97716351414,4587.698683525849,6916644862987.87,1.0,554.0,0.0,554.0,0.0,0.0,0.0,1.0,554.0,0.0,554.0,0.0,0.0,0.0,1.0,554.0,0.0,554.0,0.0,0.0,0.0,1.0,554.0,0.0,554.0,0.0,0.0,0.0,1.0,554.0,0.0,554.0,0.0,0.0,0.0
120.66751738139855,437.1922911548857,44057.3604757798,209.0384807918833,404.4314892994575,51512.17044694356,643.4435873738995,381.7392733470627,55417.618721784616,6367.6261768105815,382.4338891633803,55315.77167225559,43053.360205950215,382.3363127063285,55330.23250447921,120.66751738139855,437.1922911548857,44057.3604757798,209.0384807918833,404.4314892994575,51512.17044694356,643.4435873738995,381.7392733470627,55417.618721784616,6367.6261768105815,382.4338891633803,55315.77167225559,43053.360205950215,382.3363127063285,55330.23250447921,92.1345193505115,554.0000000000001,7.62939453125e-06,554.0000000000001,5.820766091346741e-11,0.0,0.0,145.74436891532602,553.9999999999997,1.7059844799040144e-05,553.9999999999997,2.910383045673371e-10,0.0,0.0,419.0562527655435,553.9999988586284,0.0237452620835838,553.9999988586284,0.000563837471418,0.0,0.0,4156.330628752558,553.9688484334841,3.922741826766466,553.9688484334841,15.387903439463114,0.0,0.0,28094.13121601094,553.9594358199627,4.47627741353725,553.9594358199627,20.037059482943725,0.0,0.0,92.1345193505115,0.0033488726322945,0.0001405806044867,145.74436891532602,0.0034554337248071,0.0001579715271418,419.0562527655435,0.0035043770365377,0.0001748878106247,4156.330628752558,4.7494680068765485,7155322849.730495,28094.13121601094,17432.521248121386,26281934827277.965,1.0,554.0,0.0,554.0,0.0,0.0,0.0,1.0,554.0,0.0,554.0,0.0,0.0,0.0,1.0,554.0,0.0,554.0,0.0,0.0,0.0,1.0,554.0,0.0,554.0,0.0,0.0,0.0,1.0,554.0,0.0,554.0,0.0,0.0,0.0
1.0,60.0,0.0,1.0,60.0,0.0,1.0,60.0,0.0,1.0,60.0,0.0,1.0,60.0,0.0,1.0,60.0,0.0,1.0,60.0,0.0,1.0,60.0,0.0,1.0,60.0,0.0,1.0,60.0,0.0,1.0,60.0,0.0,60.0,0.0,0.0,0.0,1.0,60.0,0.0,60.0,0.0,0.0,0.0,1.0,60.0,0.0,60.0,0.0,0.0,0.0,1.0,60.0,0.0,60.0,0.0,0.0,0.0,1.0,60.0,0.0,60.0,0.0,0.0,0.0,1.0,1505913572.851486,0.0,1.0,1505913572.851486,0.0,1.0,1505913572.851486,0.0,1.0,1505913572.851486,0.0,1.0,1505913572.851486,0.0,1.0,60.0,0.0,60.0,0.0,0.0,0.0,1.0,60.0,0.0,60.0,0.0,0.0,0.0,1.0,60.0,0.0,60.0,0.0,0.0,0.0,1.0,60.0,0.0,60.0,0.0,0.0,0.0,1.0,60.0,0.0,60.0,0.0,0.0,0.0
160.78152603943605,68.04258861055014,47.92915476018516,235.96299361583152,69.15978547230421,44.425443962883946,669.6544404839135,70.37494723678836,37.94482063006944,6828.203586871393,70.77733058713994,35.057914575678296,30591.964382495247,70.69937257892472,35.74811154420149,160.78152603943605,68.04258861055014,47.92915476018516,235.96299361583152,69.15978547230421,44.425443962883946,669.6544404839135,70.37494723678836,37.94482063006944,6828.203586871393,70.77733058713994,35.057914575678296,30591.964382495247,70.69937257892472,35.74811154420149,1.0,60.0,0.0,60.0,0.0,0.0,0.0,1.0,60.0,0.0,60.0,0.0,0.0,0.0,1.0,60.0,0.0,60.0,0.0,0.0,0.0,1.0,60.0,0.0,60.0,0.0,0.0,0.0,1.0,60.0,0.0,60.0,0.0,0.0,0.0,1.0,1507657147.737551,0.0,1.0,1507657147.737551,0.0,1.0,1507657147.737551,0.0,1.0,1507657147.737551,0.0,1.0,1507657147.737551,0.0,1.0,60.0,0.0,60.0,0.0,0.0,0.0,1.0,60.0,0.0,60.0,0.0,0.0,0.0,1.0,60.0,0.0,60.0,0.0,0.0,0.0,1.0,60.0,0.0,60.0,0.0,0.0,0.0,1.0,60.0,0.0,60.0,0.0,0.0,0.0
129.36108463896872,396.6481974040322,52962.63577951645,205.81110574659508,409.46601695568216,50490.9110821372,617.1989365782599,397.059252824924,52878.51076984027,6366.459972080355,384.11586617799406,55056.64144392238,57113.97212957235,383.2839893814348,55186.21588888789,129.36108463896872,396.6481974040322,52962.63577951645,205.81110574659508,409.46601695568216,50490.9110821372,617.1989365782599,397.059252824924,52878.51076984027,6366.459972080355,384.11586617799406,55056.64144392238,57113.97212957235,383.2839893814348,55186.21588888789,1.0,60.0,0.0,60.0,0.0,0.0,0.0,1.0,60.0,0.0,60.0,0.0,0.0,0.0,1.0,60.0,0.0,60.0,0.0,0.0,0.0,1.0,60.0,0.0,60.0,0.0,0.0,0.0,1.0,60.0,0.0,60.0,0.0,0.0,0.0,1.0,1507656247.549259,0.0,1.0,1507656247.549259,0.0,1.0,1507656247.549259,0.0,1.0,1507656247.549259,0.0,1.0,1507656247.549259,0.0,1.0,60.0,0.0,60.0,0.0,0.0,0.0,1.0,60.0,0.0,60.0,0.0,0.0,0.0,1.0,60.0,0.0,60.0,0.0,0.0,0.0,1.0,60.0,0.0,60.0,0.0,0.0,0.0,1.0,60.0,0.0,60.0,0.0,0.0,0.0
98.06831053912816,510.2434785517096,25102.03830490922,180.45740966222,466.9292999256788,40309.77686011905,603.9033493242667,414.7638361313114,53645.5098962349,6315.970112715796,393.49032753788856,57526.63708720468,43608.46134947032,391.7495705162932,57803.888977734525,98.06831053912816,510.2434785517096,25102.03830490922,180.45740966222,466.9292999256788,40309.77686011905,603.9033493242667,414.7638361313114,53645.5098962349,6315.970112715796,393.49032753788856,57526.63708720468,43608.46134947032,391.7495705162932,57803.888977734525,87.26131184699999,565.9999999999999,1.0789593218788871e-05,565.9999999999999,1.1641532182693479e-10,0.0,0.0,145.12169091765102,566.0000000000006,1.8688123647942943e-05,566.0000000000006,3.4924596548080444e-10,0.0,0.0,423.3868430954562,565.9999984154807,0.0283154871956967,565.9999984154807,0.0008017668151296,0.0,0.0,4162.850105358029,565.967512257562,4.054348556861989,565.967512257562,16.43774222052889,0.0,0.0,28592.67546521668,565.9601482650643,4.4903663233103535,565.9601482650643,20.16338971751975,0.0,0.0,87.26131184699999,0.0034000235093222,4.7158275341320366e-05,145.12169091765102,0.0033874087006124,6.436995841448339e-05,423.3868430954562,0.0034386311486646,8.028845320170151e-05,4162.850105358029,3.042848961947776,4582345336.484122,28592.67546521668,16384.58341708553,24702073027516.254,1.0,566.0,0.0,566.0,0.0,0.0,0.0,1.0,566.0,0.0,566.0,0.0,0.0,0.0,1.0,566.0,0.0,566.0,0.0,0.0,0.0,1.0,566.0,0.0,566.0,0.0,0.0,0.0,1.0,566.0,0.0,566.0,0.0,0.0,0.0
146.83083104941926,294.0517981953599,60841.344070023486,224.5938362330692,338.8266207782624,59996.06617417378,645.1657645596715,376.3840051494941,56194.61814990803,6438.39329098413,383.5472772456857,55146.036367848224,50909.057205319215,383.0425742040212,55223.1916142891,146.83083104941926,294.0517981953599,60841.344070023486,224.5938362330692,338.8266207782624,59996.06617417378,645.1657645596715,376.3840051494941,56194.61814990803,6438.39329098413,383.5472772456857,55146.036367848224,50909.057205319215,383.0425742040212,55223.1916142891,1.0,60.0,0.0,60.0,0.0,0.0,0.0,1.0,60.0,0.0,60.0,0.0,0.0,0.0,1.0,60.0,0.0,60.0,0.0,0.0,0.0,1.0,60.0,0.0,60.0,0.0,0.0,0.0,1.0,60.0,0.0,60.0,0.0,0.0,0.0,1.0,1507656153.500918,0.0,1.0,1507656153.500918,0.0,1.0,1507656153.500918,0.0,1.0,1507656153.500918,0.0,1.0,1507656153.500918,0.0,1.0,60.0,0.0,60.0,0.0,0.0,0.0,1.0,60.0,0.0,60.0,0.0,0.0,0.0,1.0,60.0,0.0,60.0,0.0,0.0,0.0,1.0,60.0,0.0,60.0,0.0,0.0,0.0,1.0,60.0,0.0,60.0,0.0,0.0,0.0
1.0,60.0,0.0,1.0,60.0,0.0,1.0,60.0,0.0,1.0,60.0,0.0,1.0,60.0,0.0,1.0,60.0,0.0,1.0,60.0,0.0,1.0,60.0,0.0,1.0,60.0,0.0,1.0,60.0,0.0,1.0,60.0,0.0,60.0,0.0,0.0,0.0,1.0,60.0,0.0,60.0,0.0,0.0,0.0,1.0,60.0,0.0,60.0,0.0,0.0,0.0,1.0,60.0,0.0,60.0,0.0,0.0,0.0,1.0,60.0,0.0,60.0,0.0,0.0,0.0,1.0,1505913448.797755,0.0,1.0,1505913448.797755,0.0,1.0,1505913448.797755,0.0,1.0,1505913448.797755,0.0,1.0,1505913448.797755,0.0,1.0,60.0,0.0,60.0,0.0,0.0,0.0,1.0,60.0,0.0,60.0,0.0,0.0,0.0,1.0,60.0,0.0,60.0,0.0,0.0,0.0,1.0,60.0,0.0,60.0,0.0,0.0,0.0,1.0,60.0,0.0,60.0,0.0,0.0,0.0
133.19041021145225,411.4548618272397,50098.181840630976,226.06418209288185,390.21542900486367,54084.192263399054,659.9294927259633,382.0016307481456,55383.40847221972,6418.903458981466,383.2092696819562,55197.41654828709,59704.87822662449,384.0090118994409,55075.23804493138,133.19041021145225,411.4548618272397,50098.181840630976,226.06418209288185,390.21542900486367,54084.192263399054,659.9294927259633,382.0016307481456,55383.40847221972,6418.903458981466,383.2092696819562,55197.41654828709,59704.87822662449,384.0090118994409,55075.23804493138,94.75792959022866,553.9999999999994,2.1579186437577742e-05,553.9999999999994,4.656612873077394e-10,0.0,0.0,151.11311905990982,554.0000000000003,1.52587890625e-05,554.0000000000003,2.3283064365386963e-10,0.0,0.0,430.157611136312,553.9999999999189,0.0002002625236268,553.9999999999189,4.0105078369379044e-08,0.0,0.0,4199.691156797331,553.9878934039763,2.445508508171935,553.9878934039763,5.980511863541325,0.0,0.0,39161.82434569948,553.9626862475224,4.293204096027767,553.9626862475224,18.4316014101496,0.0,0.0,94.75792959022866,0.0031941765857465,9.050271798151269e-05,151.11311905990982,0.0032888753178685,0.0001021615309417,430.157611136312,0.0033899476510205,9.605928200743837e-05,4199.691156797331,0.0034406524439271,2214.3348242516986,39161.82434569948,2796.568547446853,4216250168289.008,1.0,554.0,0.0,554.0,0.0,0.0,0.0,1.0,554.0,0.0,554.0,0.0,0.0,0.0,1.0,554.0,0.0,554.0,0.0,0.0,0.0,1.0,554.0,0.0,554.0,0.0,0.0,0.0,1.0,554.0,0.0,554.0,0.0,0.0,0.0
181.0758100287217,228.3267908497116,54819.51936200844,262.59959652065896,279.6970145063401,60263.314087121376,679.1856539313475,346.3950855175448,59452.505995357336,6434.012100765095,379.967510184342,55680.051250462966,62433.05171172972,382.80221883942846,55259.56175716294,181.0758100287217,228.3267908497116,54819.51936200844,262.59959652065896,279.6970145063401,60263.314087121376,679.1856539313475,346.3950855175448,59452.505995357336,6434.012100765095,379.967510184342,55680.051250462966,62433.05171172972,382.80221883942846,55259.56175716294,1.0,60.0,0.0,60.0,0.0,0.0,0.0,1.0,60.0,0.0,60.0,0.0,0.0,0.0,1.0,60.0,0.0,60.0,0.0,0.0,0.0,1.0,60.0,0.0,60.0,0.0,0.0,0.0,1.0,60.0,0.0,60.0,0.0,0.0,0.0,1.0,1507656449.855316,0.0,1.0,1507656449.855316,0.0,1.0,1507656449.855316,0.0,1.0,1507656449.855316,0.0,1.0,1507656449.855316,0.0,1.0,60.0,0.0,60.0,0.0,0.0,0.0,1.0,60.0,0.0,60.0,0.0,0.0,0.0,1.0,60.0,0.0,60.0,0.0,0.0,0.0,1.0,60.0,0.0,60.0,0.0,0.0,0.0,1.0,60.0,0.0,60.0,0.0,0.0,0.0
148.30854178997424,320.3210184376316,60831.55046778433,226.66197888105896,357.4942188957412,58459.3338581088,661.8454825222262,377.2030685549874,56080.52525592176,6484.028343374375,380.87420749671526,55549.312910074186,60570.29013841629,383.60501598149625,55137.47161844378,148.30854178997424,320.3210184376316,60831.55046778433,226.66197888105896,357.4942188957412,58459.3338581088,661.8454825222262,377.2030685549874,56080.52525592176,6484.028343374375,380.87420749671526,55549.312910074186,60570.29013841629,383.60501598149625,55137.47161844378,1.0,60.0,0.0,60.0,0.0,0.0,0.0,1.0,60.0,0.0,60.0,0.0,0.0,0.0,1.0,60.0,0.0,60.0,0.0,0.0,0.0,1.0,60.0,0.0,60.0,0.0,0.0,0.0,1.0,60.0,0.0,60.0,0.0,0.0,0.0,1.0,1507656334.945346,0.0,1.0,1507656334.945346,0.0,1.0,1507656334.945346,0.0,1.0,1507656334.945346,0.0,1.0,1507656334.945346,0.0,1.0,60.0,0.0,60.0,0.0,0.0,0.0,1.0,60.0,0.0,60.0,0.0,0.0,0.0,1.0,60.0,0.0,60.0,0.0,0.0,0.0,1.0,60.0,0.0,60.0,0.0,0.0,0.0,1.0,60.0,0.0,60.0,0.0,0.0,0.0
144.1401208493559,338.1503539142637,60028.35404809704,221.7170348776813,371.4380479943799,56844.15508009633,640.4522327543973,386.8685759033864,54621.8094331318,6409.6016410059165,384.2715953669837,55034.811196366594,46350.71499622957,382.76730282691216,55265.03975358488,144.1401208493559,338.1503539142637,60028.35404809704,221.7170348776813,371.4380479943799,56844.15508009633,640.4522327543973,386.8685759033864,54621.8094331318,6409.6016410059165,384.2715953669837,55034.811196366594,46350.71499622957,382.76730282691216,55265.03975358488,1.0,60.0,0.0,60.0,0.0,0.0,0.0,1.0,60.0,0.0,60.0,0.0,0.0,0.0,1.0,60.0,0.0,60.0,0.0,0.0,0.0,1.0,60.0,0.0,60.0,0.0,0.0,0.0,1.0,60.0,0.0,60.0,0.0,0.0,0.0,1.0,1507656111.819632,0.0,1.0,1507656111.819632,0.0,1.0,1507656111.819632,0.0,1.0,1507656111.819632,0.0,1.0,1507656111.819632,0.0,1.0,60.0,0.0,60.0,0.0,0.0,0.0,1.0,60.0,0.0,60.0,0.0,0.0,0.0,1.0,60.0,0.0,60.0,0.0,0.0,0.0,1.0,60.0,0.0,60.0,0.0,0.0,0.0,1.0,60.0,0.0,60.0,0.0,0.0,0.0
134.47065524298046,550.4431541796657,7629.690992382006,215.9930971392999,522.8209863899293,19982.908903421136,616.059618624325,466.62084749047074,40394.46540152744,5990.505634433544,433.19064979857626,49536.95650622519,42137.98413961051,436.2961566828389,48780.181547359534,134.47065524298046,550.4431541796657,7629.690992382006,215.9930971392999,522.8209863899293,19982.908903421136,616.059618624325,466.62084749047074,40394.46540152744,5990.505634433544,433.19064979857626,49536.95650622519,42137.98413961051,436.2961566828389,48780.181547359534,130.33668244132724,565.9987360421591,0.7997256219606282,565.9987360421591,0.6395610704203136,0.0,0.0,197.56854142442447,565.9792975395602,3.2365129986693297,565.9792975395602,10.475016390555536,0.0,0.0,495.22774581194864,565.7949426467352,10.184152995397769,565.7949426467352,103.71697223366937,0.0,0.0,4418.67630784385,565.8706616446575,8.088787263443491,565.8706616446575,65.42847939324565,0.0,0.0,31339.4106989585,565.8814673086217,7.7436097423752495,565.8814673086217,59.9634918422089,0.0,0.0,130.33668244132724,0.0022626139639022,2.403474795932059e-05,197.56854142442447,0.002478430411008,3.7704663951460696e-05,495.22774581194864,0.0029376174337419,6.263175303388693e-05,4418.67630784385,4.210423856262657,6342955776.661288,31339.4106989585,15534.957538283146,23421167270609.062,1.0,566.0,0.0,566.0,0.0,0.0,0.0,1.0,566.0,0.0,566.0,0.0,0.0,0.0,1.0,566.0,0.0,566.0,0.0,0.0,0.0,1.0,566.0,0.0,566.0,0.0,0.0,0.0,1.0,566.0,0.0,566.0,0.0,0.0,0.0
96.56467876500632,73.08611055423545,11.959258492733172,177.21898491977353,71.99674039803581,24.03260792611309,614.2968861735867,70.30605955915848,38.07154594865096,6584.282725862773,69.47433819753779,42.96057325630864,40122.5373042631,69.39186301493753,43.410005527902285,96.56467876500632,73.08611055423545,11.959258492733172,177.21898491977353,71.99674039803581,24.03260792611309,614.2968861735867,70.30605955915848,38.07154594865096,6584.282725862773,69.47433819753779,42.96057325630864,40122.5373042631,69.39186301493753,43.410005527902285,90.26114610210492,73.99999999999999,9.5367431640625e-07,73.99999999999999,9.094947017729282e-13,0.0,0.0,151.86044019150248,74.00000000000001,0.0,74.00000000000001,0.0,0.0,0.0,452.1439494529026,73.99999997021474,0.0006457530133882,73.99999997021474,4.1699695429997524e-07,0.0,0.0,4453.960881915238,73.9984949338635,0.1451504760919368,73.9984949338635,0.0210686607097159,0.0,0.0,26901.132324786144,73.99792781788304,0.1703122299793599,73.99792781788304,0.0290062556805423,0.0,0.0,90.26114610210492,0.0032607608289992,2.8320604216077284e-05,151.86044019150248,0.0032149735338553,3.827785137355999e-05,452.1439494529026,0.0032129035412299,5.468797658355459e-05,4453.960881915238,31.60386693094229,47642904517.04497,26901.132324786144,22158.788836721906,33407358501653.285,1.0,74.0,0.0,74.0,0.0,0.0,0.0,1.0,74.0,0.0,74.0,0.0,0.0,0.0,1.0,74.0,0.0,74.0,0.0,0.0,0.0,1.0,74.0,0.0,74.0,0.0,0.0,0.0,1.0,74.0,0.0,74.0,0.0,0.0,0.0
1.0,60.0,0.0,1.0,60.0,0.0,1.0,60.0,0.0,1.0,60.0,0.0,1.0,60.0,0.0,1.0,60.0,0.0,1.0,60.0,0.0,1.0,60.0,0.0,1.0,60.0,0.0,1.0,60.0,0.0,1.0,60.0,0.0,60.0,0.0,0.0,0.0,1.0,60.0,0.0,60.0,0.0,0.0,0.0,1.0,60.0,0.0,60.0,0.0,0.0,0.0,1.0,60.0,0.0,60.0,0.0,0.0,0.0,1.0,60.0,0.0,60.0,0.0,0.0,0.0,1.0,1505913570.4710634,0.0,1.0,1505913570.4710634,0.0,1.0,1505913570.4710634,0.0,1.0,1505913570.4710634,0.0,1.0,1505913570.4710634,0.0,1.0,60.0,0.0,60.0,0.0,0.0,0.0,1.0,60.0,0.0,60.0,0.0,0.0,0.0,1.0,60.0,0.0,60.0,0.0,0.0,0.0,1.0,60.0,0.0,60.0,0.0,0.0,0.0,1.0,60.0,0.0,60.0,0.0,0.0,0.0
148.49308739707448,74.00371844032061,0.2898284123339181,255.1287953693605,73.99724636086195,0.6541631977115685,803.1497397561409,73.98962276121226,1.2710185231653668,5590.768609731405,74.05622186187536,14.790020367460786,8692.654038767923,74.0707154461097,18.376907097050207,148.49308739707448,74.00371844032061,0.2898284123339181,255.1287953693605,73.99724636086195,0.6541631977115685,803.1497397561409,73.98962276121226,1.2710185231653668,5590.768609731405,74.05622186187536,14.790020367460786,8692.654038767923,74.0707154461097,18.376907097050207,148.31493653243686,73.99999999999999,1.3486991523486091e-06,95.26804291051648,1.2862197421537484e-11,-1.5155333529991368e-27,-3.149098966588813e-16,254.2009917412637,73.9999999999622,2.282850113598981e-05,95.2680429104871,5.211422497699655e-10,-3.329909114927569e-24,-1.2488470901863158e-13,797.5981836046492,73.99997539716006,0.0185590725553322,95.26802380012036,0.000344439174114,4.49600914845152e-18,6.913595171970908e-11,5568.847117778356,73.99756805481509,0.1845028949644811,95.26615389542611,0.0340413182502743,-2.6164490053635548e-17,-3.9050356410691635e-11,8661.167930013813,73.9969936629031,0.2051333257255632,95.26570773970931,0.04207968132323,1.3740084233521817e-15,2.409037855365032e-09,148.3149365324367,0.002026730036347,4.720644492568069e-05,254.200991741264,0.00193515953109,92.75092918053652,797.5981836046512,41.20976883706635,62055617229.91287,5568.8471177784,92455.1985865999,139221011218115.28,8661.167930013771,156175.64785961382,235162673865126.8,1.0,74.0,0.0,74.0,0.0,0.0,0.0,1.0,74.0,0.0,74.0,0.0,0.0,0.0,1.0,74.0,0.0,74.0,0.0,0.0,0.0,1.0,74.0,0.0,74.0,0.0,0.0,0.0,1.0,74.0,0.0,74.0,0.0,0.0,0.0
1.0,60.0,0.0,1.0,60.0,0.0,1.0,60.0,0.0,1.0,60.0,0.0,1.0,60.0,0.0,1.0,60.0,0.0,1.0,60.0,0.0,1.0,60.0,0.0,1.0,60.0,0.0,1.0,60.0,0.0,1.0,60.0,0.0,60.0,0.0,0.0,0.0,1.0,60.0,0.0,60.0,0.0,0.0,0.0,1.0,60.0,0.0,60.0,0.0,0.0,0.0,1.0,60.0,0.0,60.0,0.0,0.0,0.0,1.0,60.0,0.0,60.0,0.0,0.0,0.0,1.0,1505913568.832417,0.0,1.0,1505913568.832417,0.0,1.0,1505913568.832417,0.0,1.0,1505913568.832417,0.0,1.0,1505913568.832417,0.0,1.0,60.0,0.0,60.0,0.0,0.0,0.0,1.0,60.0,0.0,60.0,0.0,0.0,0.0,1.0,60.0,0.0,60.0,0.0,0.0,0.0,1.0,60.0,0.0,60.0,0.0,0.0,0.0,1.0,60.0,0.0,60.0,0.0,0.0,0.0
181.63394278059047,74.07708211291047,1.8447759447608405,293.0992987076412,74.06615724760913,1.6826167316776264,833.5863188834927,74.1119919827657,44.77700571824153,5982.991759234854,74.6174314763109,448.3582451741741,12915.681408244103,74.47542243446016,329.8825192944969,181.63394278059047,74.07708211291047,1.8447759447608405,293.0992987076412,74.06615724760913,1.6826167316776264,833.5863188834927,74.1119919827657,44.77700571824153,5982.991759234854,74.6174314763109,448.3582451741741,12915.681408244103,74.47542243446016,329.8825192944969,181.050415511162,74.00000000000003,2.132480599880018e-06,95.26804291051644,5.0842299458504145e-12,7.840349451280103e-28,2.4382612688409203e-16,292.2869276507598,74.0000000000001,2.6973983046972182e-06,95.26804291051651,7.622954678590855e-12,-3.686056566644783e-27,-9.062475059898756e-16,831.3906077065202,73.99999999755407,0.0001851283037434,95.26804290861652,3.4272490732488213e-08,-4.543474613497122e-22,-7.278806775598359e-13,5961.2274015825415,73.99909232865389,0.1127234446465369,95.2673378732954,0.0127065749729808,3.781280428358988e-16,1.015392439652326e-09,12872.840286979415,73.99815458405412,0.1607246640750888,95.26660948016146,0.0258324176420501,-1.843043087601966e-15,-1.8336593075365547e-09,181.050415511162,0.0016257460970975,1.6522445955724912e-05,292.2869276507605,0.001665794944949,1.7386049605644793e-05,831.3906077065234,0.0058319253724856,6133799.4374196585,5961.227401582584,34487.20647023228,51933585603802.78,12872.84028697936,95861.72362921038,144350350051247.44,1.0,74.0,0.0,74.0,0.0,0.0,0.0,1.0,74.0,0.0,74.0,0.0,0.0,0.0,1.0,74.0,0.0,74.0,0.0,0.0,0.0,1.0,74.0,0.0,74.0,0.0,0.0,0.0,1.0,74.0,0.0,74.0,0.0,0.0,0.0
1.0,60.0,0.0,1.0,60.0,0.0,1.0,60.0,0.0,1.0,60.0,0.0,1.0,60.0,0.0,1.0,60.0,0.0,1.0,60.0,0.0,1.0,60.0,0.0,1.0,60.0,0.0,1.0,60.0,0.0,1.0,60.0,0.0,60.0,0.0,0.0,0.0,1.0,60.0,0.0,60.0,0.0,0.0,0.0,1.0,60.0,0.0,60.0,0.0,0.0,0.0,1.0,60.0,0.0,60.0,0.0,0.0,0.0,1.0,60.0,0.0,60.0,0.0,0.0,0.0,1.0,1505913467.1557848,0.0,1.0,1505913467.1557848,0.0,1.0,1505913467.1557848,0.0,1.0,1505913467.1557848,0.0,1.0,1505913467.1557848,0.0,1.0,60.0,0.0,60.0,0.0,0.0,0.0,1.0,60.0,0.0,60.0,0.0,0.0,0.0,1.0,60.0,0.0,60.0,0.0,0.0,0.0,1.0,60.0,0.0,60.0,0.0,0.0,0.0,1.0,60.0,0.0,60.0,0.0,0.0,0.0
1.0,60.0,0.0,1.0,60.0,0.0,1.0,60.0,0.0,1.0,60.0,0.0,1.0,60.0,0.0,1.0,60.0,0.0,1.0,60.0,0.0,1.0,60.0,0.0,1.0,60.0,0.0,1.0,60.0,0.0,1.0,60.0,0.0,60.0,0.0,0.0,0.0,1.0,60.0,0.0,60.0,0.0,0.0,0.0,1.0,60.0,0.0,60.0,0.0,0.0,0.0,1.0,60.0,0.0,60.0,0.0,0.0,0.0,1.0,60.0,0.0,60.0,0.0,0.0,0.0,1.0,1505913544.225102,0.0,1.0,1505913544.225102,0.0,1.0,1505913544.225102,0.0,1.0,1505913544.225102,0.0,1.0,1505913544.225102,0.0,1.0,60.0,0.0,60.0,0.0,0.0,0.0,1.0,60.0,0.0,60.0,0.0,0.0,0.0,1.0,60.0,0.0,60.0,0.0,0.0,0.0,1.0,60.0,0.0,60.0,0.0,0.0,0.0,1.0,60.0,0.0,60.0,0.0,0.0,0.0
136.4487397622552,221.5241483083229,53702.87877731613,198.3459550870724,268.94091370133253,59560.5053598828,525.064368864402,318.28759455716164,60880.86415902143,5043.175447372339,334.37726418357653,60254.63565671469,26020.58208657795,336.2503604086514,60149.27135803117,136.4487397622552,221.5241483083229,53702.87877731613,198.3459550870724,268.94091370133253,59560.5053598828,525.064368864402,318.28759455716164,60880.86415902143,5043.175447372339,334.37726418357653,60254.63565671469,26020.58208657795,336.2503604086514,60149.27135803117,1.0,60.0,0.0,60.0,0.0,0.0,0.0,1.0,60.0,0.0,60.0,0.0,0.0,0.0,1.0,60.0,0.0,60.0,0.0,0.0,0.0,1.0,60.0,0.0,60.0,0.0,0.0,0.0,1.0,60.0,0.0,60.0,0.0,0.0,0.0,1.0,1507659412.374962,0.0,1.0,1507659412.374962,0.0,1.0,1507659412.374962,0.0,1.0,1507659412.374962,0.0,1.0,1507659412.374962,0.0,1.0,60.0,0.0,60.0,0.0,0.0,0.0,1.0,60.0,0.0,60.0,0.0,0.0,0.0,1.0,60.0,0.0,60.0,0.0,0.0,0.0,1.0,60.0,0.0,60.0,0.0,0.0,0.0,1.0,60.0,0.0,60.0,0.0,0.0,0.0
1.0,60.0,0.0,1.0,60.0,0.0,1.0,60.0,0.0,1.0,60.0,0.0,1.0,60.0,0.0,1.0,60.0,0.0,1.0,60.0,0.0,1.0,60.0,0.0,1.0,60.0,0.0,1.0,60.0,0.0,1.0,60.0,0.0,60.0,0.0,0.0,0.0,1.0,60.0,0.0,60.0,0.0,0.0,0.0,1.0,60.0,0.0,60.0,0.0,0.0,0.0,1.0,60.0,0.0,60.0,0.0,0.0,0.0,1.0,60.0,0.0,60.0,0.0,0.0,0.0,1.0,1505913452.350471,0.0,1.0,1505913452.350471,0.0,1.0,1505913452.350471,0.0,1.0,1505913452.350471,0.0,1.0,1505913452.350471,0.0,1.0,60.0,0.0,60.0,0.0,0.0,0.0,1.0,60.0,0.0,60.0,0.0,0.0,0.0,1.0,60.0,0.0,60.0,0.0,0.0,0.0,1.0,60.0,0.0,60.0,0.0,0.0,0.0,1.0,60.0,0.0,60.0,0.0,0.0,0.0
124.13098350119743,446.2850334682744,41580.91998065202,200.7456596675888,443.3773470478286,42387.18785591418,617.3482095127491,409.3742085830435,50518.11254538782,6411.588335403872,383.641082547881,55131.84648076055,60687.91571108488,383.75547802172025,55114.32648460637,124.13098350119743,446.2850334682744,41580.91998065202,200.7456596675888,443.3773470478286,42387.18785591418,617.3482095127491,409.3742085830435,50518.11254538782,6411.588335403872,383.641082547881,55131.84648076055,60687.91571108488,383.75547802172025,55114.32648460637,1.0,60.0,0.0,60.0,0.0,0.0,0.0,1.0,60.0,0.0,60.0,0.0,0.0,0.0,1.0,60.0,0.0,60.0,0.0,0.0,0.0,1.0,60.0,0.0,60.0,0.0,0.0,0.0,1.0,60.0,0.0,60.0,0.0,0.0,0.0,1.0,1507656342.178207,0.0,1.0,1507656342.178207,0.0,1.0,1507656342.178207,0.0,1.0,1507656342.178207,0.0,1.0,1507656342.178207,0.0,1.0,60.0,0.0,60.0,0.0,0.0,0.0,1.0,60.0,0.0,60.0,0.0,0.0,0.0,1.0,60.0,0.0,60.0,0.0,0.0,0.0,1.0,60.0,0.0,60.0,0.0,0.0,0.0,1.0,60.0,0.0,60.0,0.0,0.0,0.0
148.49649776931938,368.4419421040324,60935.19096087902,218.91327263680404,408.06383201909057,54971.83995774045,609.2794135723022,436.6758396321206,48708.94338807737,5999.833016858881,431.39021146374944,49969.6543839463,42371.70273585491,435.9497629875887,48865.96294662927,148.49649776931938,368.4419421040324,60935.19096087902,218.91327263680404,408.06383201909057,54971.83995774045,609.2794135723022,436.6758396321206,48708.94338807737,5999.833016858881,431.39021146374944,49969.6543839463,42371.70273585491,435.9497629875887,48865.96294662927,90.51887043257052,565.9999966869476,0.0409439189556744,565.9999966869476,0.0016764044994488,0.0,0.0,150.5847292676964,565.9993833202006,0.5586050467374217,565.9993833202006,0.3120395982405171,0.0,0.0,453.605160252146,565.9366077798111,5.663253909413567,565.9366077798111,32.07244484248804,0.0,0.0,4404.148609530438,565.885617148053,7.606881072300258,565.885617148053,57.864639648119926,0.0,0.0,31484.17910223071,565.8834916817694,7.677215305047941,565.8834916817694,58.939634840062354,0.0,0.0,90.51887043257052,0.0032928291717985,5.2771300116784e-05,150.5847292676964,0.0032515447972385,4.670547350533077e-05,453.605160252146,0.0032020413296565,5.248244526257546e-05,4404.148609530438,3.7239575396954416,5609514438.536301,31484.17910223071,15269.642175027524,23021170431456.805,1.0,566.0,0.0,566.0,0.0,0.0,0.0,1.0,566.0,0.0,566.0,0.0,0.0,0.0,1.0,566.0,0.0,566.0,0.0,0.0,0.0,1.0,566.0,0.0,566.0,0.0,0.0,0.0,1.0,566.0,0.0,566.0,0.0,0.0,0.0
157.44215780825598,66.58969088495023,48.83164643010787,240.4508928201836,67.922497105467,48.14899909041651,671.7357396230833,69.0649152763589,44.736415784602286,6668.319323174698,69.37142541806017,43.495596814867895,43473.331410022256,69.37685087222562,43.49014602132775,157.44215780825598,66.58969088495023,48.83164643010787,240.4508928201836,67.922497105467,48.14899909041651,671.7357396230833,69.0649152763589,44.736415784602286,6668.319323174698,69.37142541806017,43.495596814867895,43473.331410022256,69.37685087222562,43.49014602132775,1.0,60.0,0.0,60.0,0.0,0.0,0.0,1.0,60.0,0.0,60.0,0.0,0.0,0.0,1.0,60.0,0.0,60.0,0.0,0.0,0.0,1.0,60.0,0.0,60.0,0.0,0.0,0.0,1.0,60.0,0.0,60.0,0.0,0.0,0.0,1.0,1507657211.6639528,0.0,1.0,1507657211.6639528,0.0,1.0,1507657211.6639528,0.0,1.0,1507657211.6639528,0.0,1.0,1507657211.6639528,0.0,1.0,60.0,0.0,60.0,0.0,0.0,0.0,1.0,60.0,0.0,60.0,0.0,0.0,0.0,1.0,60.0,0.0,60.0,0.0,0.0,0.0,1.0,60.0,0.0,60.0,0.0,0.0,0.0,1.0,60.0,0.0,60.0,0.0,0.0,0.0
1.0,60.0,0.0,1.0,60.0,0.0,1.0,60.0,0.0,1.0,60.0,0.0,1.0,60.0,0.0,1.0,60.0,0.0,1.0,60.0,0.0,1.0,60.0,0.0,1.0,60.0,0.0,1.0,60.0,0.0,1.0,60.0,0.0,60.0,0.0,0.0,0.0,1.0,60.0,0.0,60.0,0.0,0.0,0.0,1.0,60.0,0.0,60.0,0.0,0.0,0.0,1.0,60.0,0.0,60.0,0.0,0.0,0.0,1.0,60.0,0.0,60.0,0.0,0.0,0.0,1.0,1505913549.223536,0.0,1.0,1505913549.223536,0.0,1.0,1505913549.223536,0.0,1.0,1505913549.223536,0.0,1.0,1505913549.223536,0.0,1.0,60.0,0.0,60.0,0.0,0.0,0.0,1.0,60.0,0.0,60.0,0.0,0.0,0.0,1.0,60.0,0.0,60.0,0.0,0.0,0.0,1.0,60.0,0.0,60.0,0.0,0.0,0.0,1.0,60.0,0.0,60.0,0.0,0.0,0.0
117.9383007855704,404.0682264078139,51586.75942204151,193.97197593339249,417.0553779136625,48896.81379219156,615.8077996035945,403.2403300657022,51746.76611303046,6704.959722026972,392.35692051187766,53720.44365517565,58033.22244539878,384.6053721040106,54983.14122974366,117.9383007855704,404.0682264078139,51586.75942204151,193.97197593339249,417.0553779136625,48896.81379219156,615.8077996035945,403.2403300657022,51746.76611303046,6704.959722026972,392.35692051187766,53720.44365517565,58033.22244539878,384.6053721040106,54983.14122974366,1.0,60.0,0.0,60.0,0.0,0.0,0.0,1.0,60.0,0.0,60.0,0.0,0.0,0.0,1.0,60.0,0.0,60.0,0.0,0.0,0.0,1.0,60.0,0.0,60.0,0.0,0.0,0.0,1.0,60.0,0.0,60.0,0.0,0.0,0.0,1.0,1507656256.79352,0.0,1.0,1507656256.79352,0.0,1.0,1507656256.79352,0.0,1.0,1507656256.79352,0.0,1.0,1507656256.79352,0.0,1.0,60.0,0.0,60.0,0.0,0.0,0.0,1.0,60.0,0.0,60.0,0.0,0.0,0.0,1.0,60.0,0.0,60.0,0.0,0.0,0.0,1.0,60.0,0.0,60.0,0.0,0.0,0.0,1.0,60.0,0.0,60.0,0.0,0.0,0.0
1.0,60.0,0.0,1.0,60.0,0.0,1.0,60.0,0.0,1.0,60.0,0.0,1.0,60.0,0.0,1.0,60.0,0.0,1.0,60.0,0.0,1.0,60.0,0.0,1.0,60.0,0.0,1.0,60.0,0.0,1.0,60.0,0.0,60.0,0.0,0.0,0.0,1.0,60.0,0.0,60.0,0.0,0.0,0.0,1.0,60.0,0.0,60.0,0.0,0.0,0.0,1.0,60.0,0.0,60.0,0.0,0.0,0.0,1.0,60.0,0.0,60.0,0.0,0.0,0.0,1.0,1505913562.310916,0.0,1.0,1505913562.310916,0.0,1.0,1505913562.310916,0.0,1.0,1505913562.310916,0.0,1.0,1505913562.310916,0.0,1.0,60.0,0.0,60.0,0.0,0.0,0.0,1.0,60.0,0.0,60.0,0.0,0.0,0.0,1.0,60.0,0.0,60.0,0.0,0.0,0.0,1.0,60.0,0.0,60.0,0.0,0.0,0.0,1.0,60.0,0.0,60.0,0.0,0.0,0.0
161.53104081425926,66.2330579026704,48.41043295280178,245.7887439117372,67.6509325563795,48.56856123593116,687.4287043454357,68.96970782003396,45.09755001596204,6651.455950531093,69.34416053840584,43.55662095495791,41143.293919189215,69.37054288695764,43.50281045386328,161.53104081425926,66.2330579026704,48.41043295280178,245.7887439117372,67.6509325563795,48.56856123593116,687.4287043454357,68.96970782003396,45.09755001596204,6651.455950531093,69.34416053840584,43.55662095495791,41143.293919189215,69.37054288695764,43.50281045386328,1.0,60.0,0.0,60.0,0.0,0.0,0.0,1.0,60.0,0.0,60.0,0.0,0.0,0.0,1.0,60.0,0.0,60.0,0.0,0.0,0.0,1.0,60.0,0.0,60.0,0.0,0.0,0.0,1.0,60.0,0.0,60.0,0.0,0.0,0.0,1.0,1507657197.990512,0.0,1.0,1507657197.990512,0.0,1.0,1507657197.990512,0.0,1.0,1507657197.990512,0.0,1.0,1507657197.990512,0.0,1.0,60.0,0.0,60.0,0.0,0.0,0.0,1.0,60.0,0.0,60.0,0.0,0.0,0.0,1.0,60.0,0.0,60.0,0.0,0.0,0.0,1.0,60.0,0.0,60.0,0.0,0.0,0.0,1.0,60.0,0.0,60.0,0.0,0.0,0.0
1.0,60.0,0.0,1.0,60.0,0.0,1.0,60.0,0.0,1.0,60.0,0.0,1.0,60.0,0.0,1.0,60.0,0.0,1.0,60.0,0.0,1.0,60.0,0.0,1.0,60.0,0.0,1.0,60.0,0.0,1.0,60.0,0.0,60.0,0.0,0.0,0.0,1.0,60.0,0.0,60.0,0.0,0.0,0.0,1.0,60.0,0.0,60.0,0.0,0.0,0.0,1.0,60.0,0.0,60.0,0.0,0.0,0.0,1.0,60.0,0.0,60.0,0.0,0.0,0.0,1.0,1505913568.5041618,0.0,1.0,1505913568.5041618,0.0,1.0,1505913568.5041618,0.0,1.0,1505913568.5041618,0.0,1.0,1505913568.5041618,0.0,1.0,60.0,0.0,60.0,0.0,0.0,0.0,1.0,60.0,0.0,60.0,0.0,0.0,0.0,1.0,60.0,0.0,60.0,0.0,0.0,0.0,1.0,60.0,0.0,60.0,0.0,0.0,0.0,1.0,60.0,0.0,60.0,0.0,0.0,0.0
120.37832775326956,71.35166081002066,30.14512158838261,212.4905872882269,70.36978110147949,37.699522738060296,666.6531992098359,69.61518121507166,42.181579398738,6667.553769965197,69.40287822320363,43.33969575649007,51094.57092387062,69.38911048627389,43.44849586429609,120.37832775326956,71.35166081002066,30.14512158838261,212.4905872882269,70.36978110147949,37.699522738060296,666.6531992098359,69.61518121507166,42.181579398738,6667.553769965197,69.40287822320363,43.33969575649007,51094.57092387062,69.38911048627389,43.44849586429609,96.90100625910328,73.99999999999997,1.6518123698891422e-06,73.99999999999997,2.7284841053187847e-12,0.0,0.0,156.5575049210996,73.99999999999993,1.6518123698891422e-06,73.99999999999993,2.7284841053187847e-12,0.0,0.0,456.870770373731,73.99999999999773,5.955694197080992e-06,73.99999999999773,3.5470293369144195e-11,0.0,0.0,4474.970832630062,73.99949473024509,0.0841042288274822,73.99949473024509,0.0070735213066654,0.0,0.0,34244.006544734235,73.99815656066184,0.1606385774237419,73.99815656066184,0.0258047525567235,0.0,0.0,96.90100625910328,0.0030426103195776,2.97606035701055e-05,156.5575049210996,0.0031213573107649,3.991857357096184e-05,456.870770373731,0.0031820490862164,6.157280471670755e-05,4474.970832630062,0.1604565268280282,237047750.32355285,34244.006544734235,10247.554167683636,15449687489465.355,1.0,74.0,0.0,74.0,0.0,0.0,0.0,1.0,74.0,0.0,74.0,0.0,0.0,0.0,1.0,74.0,0.0,74.0,0.0,0.0,0.0,1.0,74.0,0.0,74.0,0.0,0.0,0.0,1.0,74.0,0.0,74.0,0.0,0.0,0.0
110.70593943657424,60.00000091031056,1.3654651411343366e-05,129.8040305622061,60.00009102582182,0.0013653790342686,267.3288152020879,60.00518385783216,0.0777356504763702,2314.678728930823,60.01574816152896,0.4581071322913886,14971.06137166411,60.01998726701248,0.6704669288483274,110.70593943657424,60.00000091031056,1.3654651411343366e-05,129.8040305622061,60.00009102582182,0.0013653790342686,267.3288152020879,60.00518385783216,0.0777356504763702,2314.678728930823,60.01574816152896,0.4581071322913886,14971.06137166411,60.01998726701248,0.6704669288483274,1.0,60.0,0.0,60.0,0.0,0.0,0.0,1.0,60.0,0.0,60.0,0.0,0.0,0.0,1.0,60.0,0.0,60.0,0.0,0.0,0.0,1.0,60.0,0.0,60.0,0.0,0.0,0.0,1.0,60.0,0.0,60.0,0.0,0.0,0.0,1.0,1507653111.513552,0.0,1.0,1507653111.513552,0.0,1.0,1507653111.513552,0.0,1.0,1507653111.513552,0.0,1.0,1507653111.513552,0.0,1.0,60.0,0.0,60.0,0.0,0.0,0.0,1.0,60.0,0.0,60.0,0.0,0.0,0.0,1.0,60.0,0.0,60.0,0.0,0.0,0.0,1.0,60.0,0.0,60.0,0.0,0.0,0.0,1.0,60.0,0.0,60.0,0.0,0.0,0.0
1.0,60.0,0.0,1.0,60.0,0.0,1.0,60.0,0.0,1.0,60.0,0.0,1.0,60.0,0.0,1.0,60.0,0.0,1.0,60.0,0.0,1.0,60.0,0.0,1.0,60.0,0.0,1.0,60.0,0.0,1.0,60.0,0.0,60.0,0.0,0.0,0.0,1.0,60.0,0.0,60.0,0.0,0.0,0.0,1.0,60.0,0.0,60.0,0.0,0.0,0.0,1.0,60.0,0.0,60.0,0.0,0.0,0.0,1.0,60.0,0.0,60.0,0.0,0.0,0.0,1.0,1505913441.2504606,0.0,1.0,1505913441.2504606,0.0,1.0,1505913441.2504606,0.0,1.0,1505913441.2504606,0.0,1.0,1505913441.2504606,0.0,1.0,60.0,0.0,60.0,0.0,0.0,0.0,1.0,60.0,0.0,60.0,0.0,0.0,0.0,1.0,60.0,0.0,60.0,0.0,0.0,0.0,1.0,60.0,0.0,60.0,0.0,0.0,0.0,1.0,60.0,0.0,60.0,0.0,0.0,0.0
112.310854189113,473.2705057202373,33363.047464360454,199.34927307257303,433.9995078365767,44879.51452701572,631.8184936352084,396.35051467806846,53022.470652283206,6378.166118993837,383.3159231067717,55181.77747861709,62024.41029420428,383.17436336420906,55203.1889997664,112.310854189113,473.2705057202373,33363.047464360454,199.34927307257303,433.9995078365767,44879.51452701572,631.8184936352084,396.35051467806846,53022.470652283206,6378.166118993837,383.3159231067717,55181.77747861709,62024.41029420428,383.17436336420906,55203.1889997664,93.95697723213964,553.9999999999983,2.95485179611772e-05,553.9999999999983,8.73114913702011e-10,0.0,0.0,150.92363555330743,553.999999894591,0.0072160884950863,553.999999894591,5.207193316891789e-05,0.0,0.0,430.1823288815849,553.9963464905849,1.3434360060494064,553.9963464905849,1.8048203023499807,0.0,0.0,4174.9617260072,553.9256114327076,6.061552489456373,553.9256114327076,36.74241858243477,0.0,0.0,40579.51955764956,553.9501078950955,4.964293565144437,553.9501078950955,24.644210600934453,0.0,0.0,93.95697723213964,0.0031341818516111,2.9929474977928283e-05,150.92363555330743,0.0032387496300495,4.303674662344253e-05,430.1823288815849,0.0033811905538569,7.011052303849663e-05,4174.9617260072,0.003459598970077,0.7355351494937704,40579.51955764956,1210.7530430617458,1825392347120.89,1.0,554.0,0.0,554.0,0.0,0.0,0.0,1.0,554.0,0.0,554.0,0.0,0.0,0.0,1.0,554.0,0.0,554.0,0.0,0.0,0.0,1.0,554.0,0.0,554.0,0.0,0.0,0.0,1.0,554.0,0.0,554.0,0.0,0.0,0.0
23.49416057757801,60.21693882658422,3.2070199442832745,41.62870685257028,60.18854799352049,2.792669556757573,178.90411402287964,60.06758787270711,1.0093067842803976,2225.5684799423675,60.02035852280611,0.5922661694148701,21742.800090089862,60.02040316163976,0.6924005721498361,23.49416057757801,60.21693882658422,3.2070199442832745,41.62870685257028,60.18854799352049,2.792669556757573,178.90411402287964,60.06758787270711,1.0093067842803976,2225.5684799423675,60.02035852280611,0.5922661694148701,21742.800090089862,60.02040316163976,0.6924005721498361,1.0,60.0,0.0,60.0,0.0,0.0,0.0,1.0,60.0,0.0,60.0,0.0,0.0,0.0,1.0,60.0,0.0,60.0,0.0,0.0,0.0,1.0,60.0,0.0,60.0,0.0,0.0,0.0,1.0,60.0,0.0,60.0,0.0,0.0,0.0,1.0,1507653408.623242,0.0,1.0,1507653408.623242,0.0,1.0,1507653408.623242,0.0,1.0,1507653408.623242,0.0,1.0,1507653408.623242,0.0,1.0,60.0,0.0,60.0,0.0,0.0,0.0,1.0,60.0,0.0,60.0,0.0,0.0,0.0,1.0,60.0,0.0,60.0,0.0,0.0,0.0,1.0,60.0,0.0,60.0,0.0,0.0,0.0,1.0,60.0,0.0,60.0,0.0,0.0,0.0
66.40937081372226,74.32342869165744,7.657682936420317,94.10392841102012,74.26633515207638,6.326515506520991,156.84151894584656,74.44716210338744,137.6543851665856,1085.1040040071146,77.33228268670756,2355.579915518081,3280.5836280611725,76.30675459693319,1393.2590190999508,66.40937081372226,74.32342869165744,7.657682936420317,94.10392841102012,74.26633515207638,6.326515506520991,156.84151894584656,74.44716210338744,137.6543851665856,1085.1040040071146,77.33228268670756,2355.579915518081,3280.5836280611725,76.30675459693319,1393.2590190999508,1.0000000008707144,74.0,0.0,74.0,0.0,0.0,0.0,1.0000036707523154,74.0,0.0,74.0,0.0,0.0,0.0,1.0173354512074184,74.0,0.0,74.0,0.0,0.0,0.0,2.1938209682451006,73.99999999999999,9.5367431640625e-07,73.99999999999999,9.094947017729282e-13,0.0,0.0,2.898494191116193,74.00000000000001,9.5367431640625e-07,74.00000000000001,9.094947017729282e-13,0.0,0.0,1.0000000008707144,6.019464145678249,59081.46016868016,1.0000036707523154,16.66842234271051,16036478188.8115,1.0173354512074184,2841233.166661473,4270567863647351.0,2.1938209682451006,367211000.4681845,4.181438286514764e+17,2.898494191116193,488044139.23490536,4.967648392107827e+17,1.0000000008707144,74.0,0.0,74.0,0.0,0.0,0.0,1.0000036707523154,74.0,0.0,74.0,0.0,0.0,0.0,1.0173354512074184,74.0,0.0,74.0,0.0,0.0,0.0,2.1938209682451006,73.99999999999999,9.5367431640625e-07,73.99999999999999,9.094947017729282e-13,0.0,0.0,2.898494191116193,74.00000000000001,9.5367431640625e-07,74.00000000000001,9.094947017729282e-13,0.0,0.0
155.57418996950938,74.00416911150398,0.2331541675675908,259.0618741961859,74.01776089592227,2.6066550866744365,793.6409961194468,74.15295215884956,50.850960523712274,7670.479465739572,74.48807129597057,338.9276650535412,39932.45845218674,74.35724008696535,234.8439451468139,155.57418996950938,74.00416911150398,0.2331541675675908,259.0618741961859,74.01776089592227,2.6066550866744365,793.6409961194468,74.15295215884956,50.850960523712274,7670.479465739572,74.48807129597057,338.9276650535412,39932.45845218674,74.35724008696535,234.8439451468139,155.52680897174622,73.99999999999459,8.635888231408517e-06,95.26804291051224,7.488986145175238e-11,-2.625094236167899e-25,-1.1638772174461422e-14,258.80904386415244,73.99999996015845,0.0007468585194471,95.26804287956926,5.577976480893824e-07,2.530563772466156e-21,1.5888900965848176e-12,791.4171974048899,73.9998402432565,0.0472923766499667,95.26791881860058,0.0022365688892023,-3.394333382187868e-18,-1.825319141482644e-11,7646.035395071872,73.99836595884969,0.1512412176963756,95.26677366521764,0.0228739059302824,2.0094704076407803e-16,2.462840993457245e-10,39810.4994712788,73.9983300181353,0.1528952494345744,95.26674574830857,0.0233769572996607,3.162623919549301e-16,3.895584470238602e-10,155.52680897174622,0.001982936708128,8.148775651893796e-05,258.8090438641525,0.0019321412328725,7.399028613062859e-05,791.4171974048927,0.001840795210593,4.94648091459997e-05,7646.035395071949,98.04904712691136,147650608724.17764,39810.49947127701,17681.120724686512,26625937403596.14,1.0,74.0,0.0,95.26804291051644,0.0,0.0,0.0,1.0,74.0,0.0,95.26804291051644,0.0,0.0,0.0,1.0,74.0,0.0,95.26804291051644,0.0,0.0,0.0,1.0199209189291338,74.0,0.0,95.26804291051644,0.0,0.0,0.0,1.6759754706008765,74.0,9.5367431640625e-07,95.26804291051644,9.094947017729282e-13,0.0,0.0
76.52597199934416,500.863482109577,23425.90076220894,138.72351224707992,447.19858494582655,41352.79740311403,471.3313931374096,373.20499267865006,56622.422943742335,4972.551058855172,338.84207744400663,59991.12799271871,41199.41151724294,336.63793051610537,60126.49289474111,76.52597199934416,500.863482109577,23425.90076220894,138.72351224707992,447.19858494582655,41352.79740311403,471.3313931374096,373.20499267865006,56622.422943742335,4972.551058855172,338.84207744400663,59991.12799271871,41199.41151724294,336.63793051610537,60126.49289474111,68.29453152328347,554.0000000000001,7.62939453125e-06,554.0000000000001,5.820766091346741e-11,0.0,0.0,108.73154987753708,553.9999999999999,7.62939453125e-06,553.9999999999999,5.820766091346741e-11,0.0,0.0,298.82575961632017,553.9999998771501,0.0077902731021625,553.9999998771501,6.068835500627756e-05,0.0,0.0,2806.9131432463746,553.9642019917164,4.2051081550651945,553.9642019917164,17.682934595795818,0.0,0.0,23073.673463620653,553.9375397310868,5.554410099962236,553.9375397310868,30.85147155856248,0.0,0.0,68.29453152328347,0.0042986418305251,2.6227968887180137e-05,108.73154987753708,0.0044863400942527,4.372878933731743e-05,298.82575961632017,0.0048686392616218,9.691156650712938e-05,2806.9131432463746,0.0243960750499181,29023064.21415644,23073.673463620653,11765.848209090644,17738744399625.64,68.29453152328347,554.0000000000001,7.62939453125e-06,554.0000000000001,5.820766091346741e-11,0.0,0.0,108.73154987753708,553.9999999999999,7.62939453125e-06,553.9999999999999,5.820766091346741e-11,0.0,0.0,298.82575954200723,553.9999999999994,2.412626388678268e-05,553.9999999999994,5.820766091346742e-10,0.0,0.0,2806.709738590596,553.9999999999999,1.7059844799040144e-05,553.9999999999999,2.910383045673371e-10,0.0,0.0,23070.75607931014,554.0000000000025,4.3158372875155485e-05,554.0000000000025,1.862645149230957e-09,0.0,0.0
173.90226198168358,74.03183600276137,0.7630505477181941,281.78486128420104,74.03931417499453,0.942012184144005,816.9289391677264,74.04271736131041,1.1224465941932067,7108.075936998218,74.10639527441492,27.90609142601716,35052.87291386987,74.27954867464159,169.47213411916528,173.90226198168358,74.03183600276137,0.7630505477181941,281.78486128420104,74.03931417499453,0.942012184144005,816.9289391677264,74.04271736131041,1.1224465941932067,7108.075936998218,74.10639527441492,27.90609142601716,35052.87291386987,74.27954867464159,169.47213411916528,173.67158060876957,73.99999999967014,6.797229645235238e-05,95.26804291026016,4.620239552619292e-09,2.112252651956444e-24,1.1176462662727192e-14,281.32326674053,73.99999953862836,0.0025414989317479,95.26804255214334,6.459216820080206e-06,6.883693359983222e-20,1.0041220506748136e-11,815.4738756713147,73.99963934319958,0.071056773844815,95.26776276854412,0.0050490651092331,5.664363234485738e-17,5.286588643132797e-10,7088.453330952082,73.99828415682252,0.1549801934449339,95.2667101255933,0.0240188603602291,2.1947994366288208e-16,3.712432477509164e-10,34946.73923444422,73.9982899720044,0.1547173803787295,95.26671464252732,0.0239374677912564,1.6704688979689459e-16,1.0046096449146775e-10,173.67158060876946,0.0016891458322728,1.3954828256978636e-05,281.3232667405301,0.0017314741829791,1.905233037153804e-05,815.4738756713167,0.0017792305491454,2.678515518376893e-05,7088.453330952194,343.00942193846106,516539607224.5818,34946.73923444272,22656.82813479523,34118725704154.387,1.0,74.0,0.0,95.26804291051644,0.0,0.0,0.0,1.0,74.0,0.0,95.26804291051644,0.0,0.0,0.0,1.0,74.0,0.0,95.26804291051644,0.0,0.0,0.0,1.0207908838824524,74.0,9.5367431640625e-07,95.26804291051644,9.094947017729282e-13,0.0,0.0,1.6788710600275696,74.0,0.0,95.26804291051644,0.0,0.0,0.0
160.31103850151484,74.01055186252815,0.2531333588631241,271.6595162951041,74.02008737174289,0.4816934215077709,823.8861364408922,74.03391754963883,1.0631533571813634,7584.635898657207,74.4486553640207,320.31622549643726,20688.963025093377,74.52190610399607,372.17441150993545,160.31103850151484,74.01055186252815,0.2531333588631241,271.6595162951041,74.02008737174289,0.4816934215077709,823.8861364408922,74.03391754963883,1.0631533571813634,7584.635898657207,74.4486553640207,320.31622549643726,20688.963025093377,74.52190610399607,372.17441150993545,160.24055599984766,74.00000000000007,1.3486991523486091e-06,95.26804291051648,2.273736754432321e-12,1.4307254995131072e-27,9.082293175211786e-16,271.432144390255,73.99999999999984,2.132480599880018e-06,95.26804291051624,1.0168459891700829e-11,5.7153108234321365e-27,8.886989736080346e-16,822.7283775959102,73.99999839485578,0.0047404637957935,95.26804166371134,2.247199699923133e-05,2.454414859827337e-19,1.67545358569493e-11,7561.362068043291,73.99904697459537,0.1155051832536997,95.26730264444532,0.0133414473584707,1.007932921348252e-16,1.713987460330904e-10,20620.198244169493,73.99835716973273,0.1516473702627318,95.26676683828,0.022996924907602,-4.3045428251205245e-16,-2.6947107027580927e-10,160.24055599984786,0.0018342673875435,1.646345646814547e-05,271.4321443902547,0.0017911864025012,1.5778855951051306e-05,822.7283775959136,0.0017603679988699,47.21539138461765,7561.362068043418,8367.086596536434,12600042770124.992,20620.198244169023,53191.81835642192,80099488857557.03,1.0,74.0,0.0,74.0,0.0,0.0,0.0,1.0,74.0,0.0,74.0,0.0,0.0,0.0,1.0,74.0,0.0,74.0,0.0,0.0,0.0,1.0,74.0,0.0,74.0,0.0,0.0,0.0,1.0,74.0,0.0,74.0,0.0,0.0,0.0
1.0,60.0,0.0,1.0,60.0,0.0,1.0,60.0,0.0,1.0,60.0,0.0,1.0,60.0,0.0,1.0,60.0,0.0,1.0,60.0,0.0,1.0,60.0,0.0,1.0,60.0,0.0,1.0,60.0,0.0,1.0,60.0,0.0,60.0,0.0,0.0,0.0,1.0,60.0,0.0,60.0,0.0,0.0,0.0,1.0,60.0,0.0,60.0,0.0,0.0,0.0,1.0,60.0,0.0,60.0,0.0,0.0,0.0,1.0,60.0,0.0,60.0,0.0,0.0,0.0,1.0,1505913567.429002,0.0,1.0,1505913567.429002,0.0,1.0,1505913567.429002,0.0,1.0,1505913567.429002,0.0,1.0,1505913567.429002,0.0,1.0,60.0,0.0,60.0,0.0,0.0,0.0,1.0,60.0,0.0,60.0,0.0,0.0,0.0,1.0,60.0,0.0,60.0,0.0,0.0,0.0,1.0,60.0,0.0,60.0,0.0,0.0,0.0,1.0,60.0,0.0,60.0,0.0,0.0,0.0
1.0,60.0,0.0,1.0,60.0,0.0,1.0,60.0,0.0,1.0,60.0,0.0,1.0,60.0,0.0,1.0,60.0,0.0,1.0,60.0,0.0,1.0,60.0,0.0,1.0,60.0,0.0,1.0,60.0,0.0,1.0,60.0,0.0,60.0,0.0,0.0,0.0,1.0,60.0,0.0,60.0,0.0,0.0,0.0,1.0,60.0,0.0,60.0,0.0,0.0,0.0,1.0,60.0,0.0,60.0,0.0,0.0,0.0,1.0,60.0,0.0,60.0,0.0,0.0,0.0,1.0,1505913438.43614,0.0,1.0,1505913438.43614,0.0,1.0,1505913438.43614,0.0,1.0,1505913438.43614,0.0,1.0,1505913438.43614,0.0,1.0,60.0,0.0,60.0,0.0,0.0,0.0,1.0,60.0,0.0,60.0,0.0,0.0,0.0,1.0,60.0,0.0,60.0,0.0,0.0,0.0,1.0,60.0,0.0,60.0,0.0,0.0,0.0,1.0,60.0,0.0,60.0,0.0,0.0,0.0
1.0,60.0,0.0,1.0,60.0,0.0,1.0,60.0,0.0,1.0,60.0,0.0,1.0,60.0,0.0,1.0,60.0,0.0,1.0,60.0,0.0,1.0,60.0,0.0,1.0,60.0,0.0,1.0,60.0,0.0,1.0,60.0,0.0,60.0,0.0,0.0,0.0,1.0,60.0,0.0,60.0,0.0,0.0,0.0,1.0,60.0,0.0,60.0,0.0,0.0,0.0,1.0,60.0,0.0,60.0,0.0,0.0,0.0,1.0,60.0,0.0,60.0,0.0,0.0,0.0,1.0,1505913540.7845528,0.0,1.0,1505913540.7845528,0.0,1.0,1505913540.7845528,0.0,1.0,1505913540.7845528,0.0,1.0,1505913540.7845528,0.0,1.0,60.0,0.0,60.0,0.0,0.0,0.0,1.0,60.0,0.0,60.0,0.0,0.0,0.0,1.0,60.0,0.0,60.0,0.0,0.0,0.0,1.0,60.0,0.0,60.0,0.0,0.0,0.0,1.0,60.0,0.0,60.0,0.0,0.0,0.0
83.92298668227076,429.1192248034464,46095.89493340367,152.50450790296986,384.0260206589256,55075.99211159856,487.7311274146708,347.1499002254042,59396.72064027227,5016.365867106574,337.22906441744664,60090.82568312148,40290.79230288592,336.56302187989485,60130.83695600562,83.92298668227076,429.1192248034464,46095.89493340367,152.50450790296986,384.0260206589256,55075.99211159856,487.7311274146708,347.1499002254042,59396.72064027227,5016.365867106574,337.22906441744664,60090.82568312148,40290.79230288592,336.56302187989485,60130.83695600562,62.70766758572758,553.9999999999999,1.7059844799040144e-05,553.9999999999999,2.910383045673371e-10,0.0,0.0,100.03123243634064,553.9999999458879,0.0051702420265614,553.9999999458879,2.67314026132226e-05,0.0,0.0,283.5075958627713,553.9961298378422,1.3826948787432063,553.9961298378422,1.9118451277026909,0.0,0.0,2815.6189611699483,553.8999852102924,7.028321503524432,553.8999852102924,49.39730315690394,0.0,0.0,22559.05467617156,553.9291801957544,5.914386515412625,553.9291801957544,34.97996785369469,0.0,0.0,62.70766758572758,0.0048274225549202,0.0001342508314062,100.03123243634064,0.0049933782682466,0.0001769380341755,283.5075958627713,0.0051592217073185,0.0001849663385679,2815.6189611699483,0.0589132683317039,81086512.99761902,22559.05467617156,13340.56093760043,20112835178411.4,62.70766758572751,554.0000000000001,2.0185480583683703e-05,554.0000000000001,4.07453626394272e-10,0.0,0.0,100.03123242538342,554.0,0.0,554.0,0.0,0.0,0.0,283.5053747689072,553.9999999999994,2.95485179611772e-05,553.9999999999994,8.73114913702011e-10,0.0,0.0,2815.048913521572,553.9999999999994,2.288818359375e-05,553.9999999999994,5.238689482212067e-10,0.0,0.0,22555.82061172592,554.0000000000036,6.291359902370698e-05,554.0000000000036,3.958120942115784e-09,0.0,0.0
1.0,60.0,0.0,1.0,60.0,0.0,1.0,60.0,0.0,1.0,60.0,0.0,1.0,60.0,0.0,1.0,60.0,0.0,1.0,60.0,0.0,1.0,60.0,0.0,1.0,60.0,0.0,1.0,60.0,0.0,1.0,60.0,0.0,60.0,0.0,0.0,0.0,1.0,60.0,0.0,60.0,0.0,0.0,0.0,1.0,60.0,0.0,60.0,0.0,0.0,0.0,1.0,60.0,0.0,60.0,0.0,0.0,0.0,1.0,60.0,0.0,60.0,0.0,0.0,0.0,1.0,1505913545.1042562,0.0,1.0,1505913545.1042562,0.0,1.0,1505913545.1042562,0.0,1.0,1505913545.1042562,0.0,1.0,1505913545.1042562,0.0,1.0,60.0,0.0,60.0,0.0,0.0,0.0,1.0,60.0,0.0,60.0,0.0,0.0,0.0,1.0,60.0,0.0,60.0,0.0,0.0,0.0,1.0,60.0,0.0,60.0,0.0,0.0,0.0,1.0,60.0,0.0,60.0,0.0,0.0,0.0
176.27852288354146,292.6849910162689,60804.08051779042,266.67684116416353,316.31181123501153,60922.29012238688,699.6122525943974,357.99957162142334,58407.781079551736,6487.859853951391,380.5915169608504,55589.750406554034,61546.31767849076,383.0768193818707,55217.95775156474,176.27852288354146,292.6849910162689,60804.08051779042,266.67684116416353,316.31181123501153,60922.29012238688,699.6122525943974,357.99957162142334,58407.781079551736,6487.859853951391,380.5915169608504,55589.750406554034,61546.31767849076,383.0768193818707,55217.95775156474,83.07759214933867,553.723583608248,11.68217837151306,553.723583608248,136.47329150384758,0.0,0.0,138.52386366217308,553.4342887701529,16.707522807075108,553.4342887701529,279.1413183489349,0.0,0.0,422.5731947658012,553.3671669482296,17.669721274052147,553.3671669482296,312.2190499026911,0.0,0.0,4211.393262174161,553.8751374641182,7.852802179694022,553.8751374641182,61.66650207340717,0.0,0.0,40254.64757811978,553.9488828556305,5.02486381458882,553.9488828556305,25.249256355164107,0.0,0.0,83.07759214933867,0.0036390599325217,9.099472100953184e-05,138.52386366217308,0.0035660767815196,8.372085981229357e-05,422.5731947658012,0.0034478402896855,8.831425234506502e-05,4211.393262174161,0.0034302142596579,11.75866634749051,40254.64757811978,1611.7758115726597,2429995582802.5664,1.0,554.0,0.0,554.0,0.0,0.0,0.0,1.0,554.0,0.0,554.0,0.0,0.0,0.0,1.0,554.0,0.0,554.0,0.0,0.0,0.0,1.0,554.0,0.0,554.0,0.0,0.0,0.0,1.0,554.0,0.0,554.0,0.0,0.0,0.0
94.0319566806444,60.00000068969264,1.034538445310318e-05,113.0991884843988,60.00008019284834,0.0012028862929582,250.49613429662992,60.00506408398888,0.0759518874233435,2299.580090536728,60.01479278334915,0.4520451202697586,22338.12755174142,60.01967436970328,0.672901868198096,94.0319566806444,60.00000068969264,1.034538445310318e-05,113.0991884843988,60.00008019284834,0.0012028862929582,250.49613429662992,60.00506408398888,0.0759518874233435,2299.580090536728,60.01479278334915,0.4520451202697586,22338.12755174142,60.01967436970328,0.672901868198096,1.0,60.0,0.0,60.0,0.0,0.0,0.0,1.0,60.0,0.0,60.0,0.0,0.0,0.0,1.0,60.0,0.0,60.0,0.0,0.0,0.0,1.0,60.0,0.0,60.0,0.0,0.0,0.0,1.0,60.0,0.0,60.0,0.0,0.0,0.0,1.0,1507653511.948808,0.0,1.0,1507653511.948808,0.0,1.0,1507653511.948808,0.0,1.0,1507653511.948808,0.0,1.0,1507653511.948808,0.0,1.0,60.0,0.0,60.0,0.0,0.0,0.0,1.0,60.0,0.0,60.0,0.0,0.0,0.0,1.0,60.0,0.0,60.0,0.0,0.0,0.0,1.0,60.0,0.0,60.0,0.0,0.0,0.0,1.0,60.0,0.0,60.0,0.0,0.0,0.0
102.8286085534753,502.6399864470673,22733.995660566725,184.18928380914463,459.9969762383136,37600.91799826096,611.465255300076,407.7434431418396,50859.06788671666,6377.814723470238,385.2885223306072,54877.384931206536,61736.09481437295,383.5728785087088,55142.40201010992,102.8286085534753,502.6399864470673,22733.995660566725,184.18928380914463,459.9969762383136,37600.91799826096,611.465255300076,407.7434431418396,50859.06788671666,6377.814723470238,385.2885223306072,54877.384931206536,61736.09481437295,383.5728785087088,55142.40201010992,92.1377609056147,554.0,1.0789593218788871e-05,554.0,1.1641532182693479e-10,0.0,0.0,149.13998742118957,553.9999999999994,1.7059844799040144e-05,553.9999999999994,2.910383045673371e-10,0.0,0.0,430.4294595834764,553.9999962752652,0.0428954408055641,553.9999962752652,0.0018400188419036,0.0,0.0,4199.906052520708,553.9623817143959,4.310686482785233,553.9623817143959,18.58201795286732,0.0,0.0,40440.32893556639,553.9548823993075,4.720811280457974,553.9548823993075,22.28605914569925,0.0,0.0,92.1377609056147,0.0031764269575016,1.724710687859425e-05,149.13998742118957,0.0032645384428302,2.9679859256628948e-05,430.4294595834764,0.0033748114034091,5.656751058903091e-05,4199.906052520708,0.0034386746978209,3.542679589590509,40440.32893556639,1422.6044711552,2144790862140.314,1.0,554.0,0.0,554.0,0.0,0.0,0.0,1.0,554.0,0.0,554.0,0.0,0.0,0.0,1.0,554.0,0.0,554.0,0.0,0.0,0.0,1.0,554.0,0.0,554.0,0.0,0.0,0.0,1.0,554.0,0.0,554.0,0.0,0.0,0.0
153.84972870797378,259.3425436597224,58737.76684087567,232.1329587667096,311.2172643939932,60991.20876631248,649.6572435811606,362.80711960753615,57893.23212811151,6431.404568232055,381.35832414708506,55475.67166831854,61445.478143124696,383.1637879250087,55204.65950389519,153.84972870797378,259.3425436597224,58737.76684087567,232.1329587667096,311.2172643939932,60991.20876631248,649.6572435811606,362.80711960753615,57893.23212811151,6431.404568232055,381.35832414708506,55475.67166831854,61445.478143124696,383.1637879250087,55204.65950389519,1.0,60.0,0.0,60.0,0.0,0.0,0.0,1.0,60.0,0.0,60.0,0.0,0.0,0.0,1.0,60.0,0.0,60.0,0.0,0.0,0.0,1.0,60.0,0.0,60.0,0.0,0.0,0.0,1.0,60.0,0.0,60.0,0.0,0.0,0.0,1.0,1507656376.623917,0.0,1.0,1507656376.623917,0.0,1.0,1507656376.623917,0.0,1.0,1507656376.623917,0.0,1.0,1507656376.623917,0.0,1.0,60.0,0.0,60.0,0.0,0.0,0.0,1.0,60.0,0.0,60.0,0.0,0.0,0.0,1.0,60.0,0.0,60.0,0.0,0.0,0.0,1.0,60.0,0.0,60.0,0.0,0.0,0.0,1.0,60.0,0.0,60.0,0.0,0.0,0.0
1.0,60.0,0.0,1.0,60.0,0.0,1.0,60.0,0.0,1.0,60.0,0.0,1.0,60.0,0.0,1.0,60.0,0.0,1.0,60.0,0.0,1.0,60.0,0.0,1.0,60.0,0.0,1.0,60.0,0.0,1.0,60.0,0.0,60.0,0.0,0.0,0.0,1.0,60.0,0.0,60.0,0.0,0.0,0.0,1.0,60.0,0.0,60.0,0.0,0.0,0.0,1.0,60.0,0.0,60.0,0.0,0.0,0.0,1.0,60.0,0.0,60.0,0.0,0.0,0.0,1.0,1505913443.695321,0.0,1.0,1505913443.695321,0.0,1.0,1505913443.695321,0.0,1.0,1505913443.695321,0.0,1.0,1505913443.695321,0.0,1.0,60.0,0.0,60.0,0.0,0.0,0.0,1.0,60.0,0.0,60.0,0.0,0.0,0.0,1.0,60.0,0.0,60.0,0.0,0.0,0.0,1.0,60.0,0.0,60.0,0.0,0.0,0.0,1.0,60.0,0.0,60.0,0.0,0.0,0.0
25.861026800263144,60.00000360242299,5.4036332585383207e-05,44.107659821683626,60.000255544635685,0.0038331042342178,181.5283460066941,60.00751310049069,0.1126641069581637,2221.116252319156,60.01540611207146,0.4711954182703266,21085.608651157967,60.019759675838735,0.6757211717231257,25.861026800263144,60.00000360242299,5.4036332585383207e-05,44.107659821683626,60.000255544635685,0.0038331042342178,181.5283460066941,60.00751310049069,0.1126641069581637,2221.116252319156,60.01540611207146,0.4711954182703266,21085.608651157967,60.019759675838735,0.6757211717231257,1.0,60.0,0.0,60.0,0.0,0.0,0.0,1.0,60.0,0.0,60.0,0.0,0.0,0.0,1.0,60.0,0.0,60.0,0.0,0.0,0.0,1.0,60.0,0.0,60.0,0.0,0.0,0.0,1.0,60.0,0.0,60.0,0.0,0.0,0.0,1.0,1507653336.7055311,0.0,1.0,1507653336.7055311,0.0,1.0,1507653336.7055311,0.0,1.0,1507653336.7055311,0.0,1.0,1507653336.7055311,0.0,1.0,60.0,0.0,60.0,0.0,0.0,0.0,1.0,60.0,0.0,60.0,0.0,0.0,0.0,1.0,60.0,0.0,60.0,0.0,0.0,0.0,1.0,60.0,0.0,60.0,0.0,0.0,0.0,1.0,60.0,0.0,60.0,0.0,0.0,0.0
123.1156744950376,414.67645334410975,49414.781395233535,212.6270532960128,390.2327054119448,54081.31674977549,641.9112781745749,378.5575004914018,55888.50090863285,6384.020016761519,382.0688650918908,55370.890438867325,62458.15510188939,383.0167516441917,55227.17255369551,123.1156744950376,414.67645334410975,49414.781395233535,212.6270532960128,390.2327054119448,54081.31674977549,641.9112781745749,378.5575004914018,55888.50090863285,6384.020016761519,382.0688650918908,55370.890438867325,62458.15510188939,383.0167516441917,55227.17255369551,88.39317971855827,554.0000000000001,1.3214498959113138e-05,554.0000000000001,1.7462298274040222e-10,0.0,0.0,142.13847581719924,554.0000000000001,1.0789593218788871e-05,554.0000000000001,1.1641532182693479e-10,0.0,0.0,413.9385083486042,553.9999898559195,0.0707896565050175,553.9999898559195,0.0050111754680983,0.0,0.0,4162.409508620181,553.9579240967903,4.558917174231847,553.9579240967903,20.78372580150608,0.0,0.0,40843.265671305584,553.9512956099184,4.904854389520192,553.9512956099184,24.057596582395487,0.0,0.0,88.39317971855827,0.0035231586184492,0.0001744833279836,142.13847581719924,0.0035574432319088,0.0001794745797592,413.9385083486042,0.0035406460660131,0.0001545324993544,4162.409508620181,0.003470106976351,0.0510270113620725,40843.265671305584,920.7603913759776,1388183818515.1548,1.0,554.0,0.0,554.0,0.0,0.0,0.0,1.0,554.0,0.0,554.0,0.0,0.0,0.0,1.0,554.0,0.0,554.0,0.0,0.0,0.0,1.0,554.0,0.0,554.0,0.0,0.0,0.0,1.0,554.0,0.0,554.0,0.0,0.0,0.0
76.80493008387434,440.3006646280044,43239.93280973221,133.70240897121928,419.9089683770911,48260.56486000036,459.7971900827457,367.54331880489127,57343.482778883656,4992.129654917542,339.9968793263972,59916.62829563525,30528.738014373608,336.99119246223614,60105.513593461066,76.80493008387434,440.3006646280044,43239.93280973221,133.70240897121928,419.9089683770911,48260.56486000036,459.7971900827457,367.54331880489127,57343.482778883656,4992.129654917542,339.9968793263972,59916.62829563525,30528.738014373608,336.99119246223614,60105.513593461066,1.0,60.0,0.0,60.0,0.0,0.0,0.0,1.0,60.0,0.0,60.0,0.0,0.0,0.0,1.0,60.0,0.0,60.0,0.0,0.0,0.0,1.0,60.0,0.0,60.0,0.0,0.0,0.0,1.0,60.0,0.0,60.0,0.0,0.0,0.0,1.0,1507659442.517551,0.0,1.0,1507659442.517551,0.0,1.0,1507659442.517551,0.0,1.0,1507659442.517551,0.0,1.0,1507659442.517551,0.0,1.0,60.0,0.0,60.0,0.0,0.0,0.0,1.0,60.0,0.0,60.0,0.0,0.0,0.0,1.0,60.0,0.0,60.0,0.0,0.0,0.0,1.0,60.0,0.0,60.0,0.0,0.0,0.0,1.0,60.0,0.0,60.0,0.0,0.0,0.0
1.0,60.0,0.0,1.0,60.0,0.0,1.0,60.0,0.0,1.0,60.0,0.0,1.0,60.0,0.0,1.0,60.0,0.0,1.0,60.0,0.0,1.0,60.0,0.0,1.0,60.0,0.0,1.0,60.0,0.0,1.0,60.0,0.0,60.0,0.0,0.0,0.0,1.0,60.0,0.0,60.0,0.0,0.0,0.0,1.0,60.0,0.0,60.0,0.0,0.0,0.0,1.0,60.0,0.0,60.0,0.0,0.0,0.0,1.0,60.0,0.0,60.0,0.0,0.0,0.0,1.0,1505913568.239284,0.0,1.0,1505913568.239284,0.0,1.0,1505913568.239284,0.0,1.0,1505913568.239284,0.0,1.0,1505913568.239284,0.0,1.0,60.0,0.0,60.0,0.0,0.0,0.0,1.0,60.0,0.0,60.0,0.0,0.0,0.0,1.0,60.0,0.0,60.0,0.0,0.0,0.0,1.0,60.0,0.0,60.0,0.0,0.0,0.0,1.0,60.0,0.0,60.0,0.0,0.0,0.0
155.32889320450442,390.5595674497736,54026.50558674545,244.48785501132969,372.37665312716535,56733.483044353874,677.6526906815118,374.9570434833004,56386.98702950857,6464.394695289964,382.94071270764425,55239.21520126207,62609.55746393048,383.1214897731376,55211.26895862326,155.32889320450442,390.5595674497736,54026.50558674545,244.48785501132969,372.37665312716535,56733.483044353874,677.6526906815118,374.9570434833004,56386.98702950857,6464.394695289964,382.94071270764425,55239.21520126207,62609.55746393048,383.1214897731376,55211.26895862326,103.93796903671344,553.9999999999999,1.0789593218788871e-05,553.9999999999999,1.1641532182693479e-10,0.0,0.0,154.59833624212118,554.0000000000006,1.3214498959113138e-05,554.0000000000006,1.7462298274040222e-10,0.0,0.0,432.0365116650675,553.999999863824,0.0082018865490605,553.999999863824,6.727094296365976e-05,0.0,0.0,4226.096292859759,553.9729550487308,3.655061490081344,553.9729550487308,13.359474496275652,0.0,0.0,40955.37861763156,553.9534582877052,4.7947304140358025,553.9534582877052,22.989439743279945,0.0,0.0,103.93796903671344,0.0030527726691247,0.000174947367667,154.59833624212118,0.0032959839648258,0.0001837588310367,432.0365116650675,0.0033926374843614,0.0001470207441651,4226.096292859759,0.0034178048155088,0.0328348147192461,40955.37861763156,879.8749419682367,1326542710771.6023,1.0,554.0,0.0,554.0,0.0,0.0,0.0,1.0,554.0,0.0,554.0,0.0,0.0,0.0,1.0,554.0,0.0,554.0,0.0,0.0,0.0,1.0,554.0,0.0,554.0,0.0,0.0,0.0,1.0,554.0,0.0,554.0,0.0,0.0,0.0
145.66763646587634,60.00019669723715,0.0029504198673748,166.06019238544806,60.002110908216494,0.031659098034197,306.2640021505945,60.01412098955669,0.2106067597519541,2353.678957232439,60.01779567370215,0.5071850695981084,20500.841093652267,60.02013306380899,0.681325905209178,145.66763646587634,60.00019669723715,0.0029504198673748,166.06019238544806,60.002110908216494,0.031659098034197,306.2640021505945,60.01412098955669,0.2106067597519541,2353.678957232439,60.01779567370215,0.5071850695981084,20500.841093652267,60.02013306380899,0.681325905209178,1.0,60.0,0.0,60.0,0.0,0.0,0.0,1.0,60.0,0.0,60.0,0.0,0.0,0.0,1.0,60.0,0.0,60.0,0.0,0.0,0.0,1.0,60.0,0.0,60.0,0.0,0.0,0.0,1.0,60.0,0.0,60.0,0.0,0.0,0.0,1.0,1507653285.027955,0.0,1.0,1507653285.027955,0.0,1.0,1507653285.027955,0.0,1.0,1507653285.027955,0.0,1.0,1507653285.027955,0.0,1.0,60.0,0.0,60.0,0.0,0.0,0.0,1.0,60.0,0.0,60.0,0.0,0.0,0.0,1.0,60.0,0.0,60.0,0.0,0.0,0.0,1.0,60.0,0.0,60.0,0.0,0.0,0.0,1.0,60.0,0.0,60.0,0.0,0.0,0.0
158.19939822673982,219.94000296691848,53429.55691659982,242.00030051292163,276.2205628899215,60061.62625118688,661.4551144283322,345.9451112317183,59492.276846158966,6351.080303539738,378.0136194531421,55963.9428599088,34147.66665938264,381.2823627845083,55488.15321952265,158.19939822673982,219.94000296691848,53429.55691659982,242.00030051292163,276.2205628899215,60061.62625118688,661.4551144283322,345.9451112317183,59492.276846158966,6351.080303539738,378.0136194531421,55963.9428599088,34147.66665938264,381.2823627845083,55488.15321952265,1.0,60.0,0.0,60.0,0.0,0.0,0.0,1.0,60.0,0.0,60.0,0.0,0.0,0.0,1.0,60.0,0.0,60.0,0.0,0.0,0.0,1.0,60.0,0.0,60.0,0.0,0.0,0.0,1.0,60.0,0.0,60.0,0.0,0.0,0.0,1.0,1507656035.5857902,0.0,1.0,1507656035.5857902,0.0,1.0,1507656035.5857902,0.0,1.0,1507656035.5857902,0.0,1.0,1507656035.5857902,0.0,1.0,60.0,0.0,60.0,0.0,0.0,0.0,1.0,60.0,0.0,60.0,0.0,0.0,0.0,1.0,60.0,0.0,60.0,0.0,0.0,0.0,1.0,60.0,0.0,60.0,0.0,0.0,0.0,1.0,60.0,0.0,60.0,0.0,0.0,0.0
121.51120918140738,73.87998530066335,1.6658022626534148,200.99248808316585,73.90685192837597,1.2953964394928337,605.1284838408701,73.93252776155174,0.9400588499256628,6323.422307313831,72.71285636331436,16.390381025926217,55958.8376826879,70.03531710015419,39.91681987969332,121.51120918140738,73.87998530066335,1.6658022626534148,200.99248808316585,73.90685192837597,1.2953964394928337,605.1284838408701,73.93252776155174,0.9400588499256628,6323.422307313831,72.71285636331436,16.390381025926217,55958.8376826879,70.03531710015419,39.91681987969332,120.46955695026864,74.0,0.0,74.0,0.0,0.0,0.0,199.6551978920329,73.99999999999996,2.6973983046972182e-06,73.99999999999996,7.275957614183426e-12,0.0,0.0,602.2120994005746,73.99999999999592,8.035802624870643e-06,73.99999999999592,6.457412382587789e-11,0.0,0.0,5741.487605436386,73.99969001837162,0.0658759950272992,73.99969001837162,0.0043396467208367,0.0,0.0,40092.632429884514,73.99831554563724,0.1535562562459375,73.99831554563724,0.023579523832268,0.0,0.0,120.46955695026864,0.0024598849067317,3.2557023599524705e-05,199.6551978920329,0.0024447714051527,2.9443639086027448e-05,602.2120994005746,0.0024051819886112,2.1849922912943755e-05,5741.487605436386,0.0034312586622122,1377266.7325892586,40092.632429884514,5362.681186670155,8085050733082.02,1.0,74.0,0.0,74.0,0.0,0.0,0.0,1.0,74.0,0.0,74.0,0.0,0.0,0.0,1.0,74.0,0.0,74.0,0.0,0.0,0.0,1.0,74.0,0.0,74.0,0.0,0.0,0.0,1.0,74.0,0.0,74.0,0.0,0.0,0.0
87.63322740212881,450.7150983841988,40354.92024280355,132.44312525186055,451.5812001225557,40104.25318600261,410.31570814076713,419.0503732405823,48437.7014290829,4319.4150478464135,389.2429770597458,54219.545775879495,14217.3433993936,383.3633055868952,55165.50032581508,87.63322740212881,450.7150983841988,40354.92024280355,132.44312525186055,451.5812001225557,40104.25318600261,410.31570814076713,419.0503732405823,48437.7014290829,4319.4150478464135,389.2429770597458,54219.545775879495,14217.3433993936,383.3633055868952,55165.50032581508,69.31096236538781,554.0,0.0,554.0,0.0,0.0,0.0,104.9836856243245,553.9999999822609,0.0029602640677011,553.9999999822609,8.763163350522518e-06,0.0,0.0,298.19913053697985,553.9974159694249,1.1298249541757257,553.9974159694249,1.2765044270781798,0.0,0.0,2879.2835924083683,553.8364558139293,8.9868838435859,553.8364558139293,80.76408121810528,0.0,0.0,9309.627849933871,553.7887388871,10.213635910650575,553.7887388871,104.31835851533106,0.0,0.0,69.31096236538781,0.0043467740102272,9.266866272877236e-05,104.9836856243245,0.0047212703974694,0.0001177702998134,298.19913053697985,0.0048974343964787,0.0419047715112608,2879.2835924083683,9837.389802312711,14831328099773.902,9309.627849933871,108832.09822455305,164069873776667.72,69.31096236538781,554.0,0.0,554.0,0.0,0.0,0.0,104.9836856205547,553.9999999999997,1.52587890625e-05,553.9999999999997,2.3283064365386963e-10,0.0,0.0,298.1975707076868,553.9999999999994,2.642899791822628e-05,553.9999999999994,6.984919309616089e-10,0.0,0.0,2878.3303735994928,554.0000000000018,5.1179534397120426e-05,554.0000000000018,2.619344741106033e-09,0.0,0.0,9305.646549649951,553.9999999999982,2.5303839037745665e-05,553.9999999999982,6.402842700481415e-10,0.0,0.0
127.6171715144168,284.103537743592,60484.73264122316,202.66507638995495,289.586314414878,60705.46728877345,552.4398271515996,314.88990863404945,60944.1098319266,5099.384812381334,334.59291744245684,60244.25688246831,39263.41060029253,336.20029073877635,60152.3326318935,127.6171715144168,284.103537743592,60484.73264122316,202.66507638995495,289.586314414878,60705.46728877345,552.4398271515996,314.88990863404945,60944.1098319266,5099.384812381334,334.59291744245684,60244.25688246831,39263.41060029253,336.20029073877635,60152.3326318935,57.89363249244011,554.0000000000001,7.62939453125e-06,554.0000000000001,5.820766091346741e-11,0.0,0.0,94.18826437025947,553.9999999999997,1.3214498959113138e-05,553.9999999999997,1.7462298274040222e-10,0.0,0.0,285.0370300658011,553.9999999999926,5.658110418011218e-05,553.9999999999926,3.2014213502407074e-09,0.0,0.0,2834.5260545956908,553.9865824425548,2.5745083700312272,553.9865824425548,6.628093347360847,0.0,0.0,21954.413186778325,553.942744710913,5.317972794435426,553.942744710913,28.280834642355327,0.0,0.0,57.89363249244011,0.0055037344963342,0.0003280438106957,94.18826437025947,0.0054067132773845,0.0002927504975235,285.0370300658011,0.0051513201835277,0.0002419896506087,2834.5260545956908,0.1561638952013221,227759155.470488,21954.413186778325,15209.555183449984,22930588393236.61,57.89363249244011,554.0000000000001,7.62939453125e-06,554.0000000000001,5.820766091346741e-11,0.0,0.0,94.18826437025947,553.9999999999997,1.3214498959113138e-05,553.9999999999997,1.7462298274040222e-10,0.0,0.0,285.03703006579656,554.0000000000001,1.8688123647942943e-05,554.0000000000001,3.4924596548080444e-10,0.0,0.0,2834.4490658990057,553.9999999999984,2.7508173183166418e-05,553.9999999999984,7.566995918750762e-10,0.0,0.0,21951.868639665485,554.0000000000039,6.0556441751051125e-05,554.0000000000039,3.667082637548447e-09,0.0,0.0
1.0,60.0,0.0,1.0,60.0,0.0,1.0,60.0,0.0,1.0,60.0,0.0,1.0,60.0,0.0,1.0,60.0,0.0,1.0,60.0,0.0,1.0,60.0,0.0,1.0,60.0,0.0,1.0,60.0,0.0,1.0,60.0,0.0,60.0,0.0,0.0,0.0,1.0,60.0,0.0,60.0,0.0,0.0,0.0,1.0,60.0,0.0,60.0,0.0,0.0,0.0,1.0,60.0,0.0,60.0,0.0,0.0,0.0,1.0,60.0,0.0,60.0,0.0,0.0,0.0,1.0,1505913543.2500482,0.0,1.0,1505913543.2500482,0.0,1.0,1505913543.2500482,0.0,1.0,1505913543.2500482,0.0,1.0,1505913543.2500482,0.0,1.0,60.0,0.0,60.0,0.0,0.0,0.0,1.0,60.0,0.0,60.0,0.0,0.0,0.0,1.0,60.0,0.0,60.0,0.0,0.0,0.0,1.0,60.0,0.0,60.0,0.0,0.0,0.0,1.0,60.0,0.0,60.0,0.0,0.0,0.0
1.0,60.0,0.0,1.0,60.0,0.0,1.0,60.0,0.0,1.0,60.0,0.0,1.0,60.0,0.0,1.0,60.0,0.0,1.0,60.0,0.0,1.0,60.0,0.0,1.0,60.0,0.0,1.0,60.0,0.0,1.0,60.0,0.0,60.0,0.0,0.0,0.0,1.0,60.0,0.0,60.0,0.0,0.0,0.0,1.0,60.0,0.0,60.0,0.0,0.0,0.0,1.0,60.0,0.0,60.0,0.0,0.0,0.0,1.0,60.0,0.0,60.0,0.0,0.0,0.0,1.0,1505913446.357609,0.0,1.0,1505913446.357609,0.0,1.0,1505913446.357609,0.0,1.0,1505913446.357609,0.0,1.0,1505913446.357609,0.0,1.0,60.0,0.0,60.0,0.0,0.0,0.0,1.0,60.0,0.0,60.0,0.0,0.0,0.0,1.0,60.0,0.0,60.0,0.0,0.0,0.0,1.0,60.0,0.0,60.0,0.0,0.0,0.0,1.0,60.0,0.0,60.0,0.0,0.0,0.0
137.72080557062085,186.78217321485005,46556.673813101945,203.3920504688592,238.50591672596363,56317.53470827032,536.4439106938087,304.03120283021417,60998.93972388991,5076.771967144996,333.70505986569736,60292.5068656016,39707.28140415625,336.1147592851396,60157.35278512797,137.72080557062085,186.78217321485005,46556.673813101945,203.3920504688592,238.50591672596363,56317.53470827032,536.4439106938087,304.03120283021417,60998.93972388991,5076.771967144996,333.70505986569736,60292.5068656016,39707.28140415625,336.1147592851396,60157.35278512797,1.0,60.0,0.0,60.0,0.0,0.0,0.0,1.0,60.0,0.0,60.0,0.0,0.0,0.0,1.0,60.0,0.0,60.0,0.0,0.0,0.0,1.0,60.0,0.0,60.0,0.0,0.0,0.0,1.0,60.0,0.0,60.0,0.0,0.0,0.0,1.0,1507659531.255081,0.0,1.0,1507659531.255081,0.0,1.0,1507659531.255081,0.0,1.0,1507659531.255081,0.0,1.0,1507659531.255081,0.0,1.0,60.0,0.0,60.0,0.0,0.0,0.0,1.0,60.0,0.0,60.0,0.0,0.0,0.0,1.0,60.0,0.0,60.0,0.0,0.0,0.0,1.0,60.0,0.0,60.0,0.0,0.0,0.0,1.0,60.0,0.0,60.0,0.0,0.0,0.0
118.85108837341036,427.3912826143779,46514.93907046509,196.19151635115583,429.5914593571056,45980.334092684265,614.8710698730536,406.04443732907134,51199.18324719493,6681.202561237692,392.19606743099433,53748.05623359743,58073.93481669017,384.6296723434663,54979.39423627687,118.85108837341036,427.3912826143779,46514.93907046509,196.19151635115583,429.5914593571056,45980.334092684265,614.8710698730536,406.04443732907134,51199.18324719493,6681.202561237692,392.19606743099433,53748.05623359743,58073.93481669017,384.6296723434663,54979.39423627687,1.0,60.0,0.0,60.0,0.0,0.0,0.0,1.0,60.0,0.0,60.0,0.0,0.0,0.0,1.0,60.0,0.0,60.0,0.0,0.0,0.0,1.0,60.0,0.0,60.0,0.0,0.0,0.0,1.0,60.0,0.0,60.0,0.0,0.0,0.0,1.0,1507656257.812634,0.0,1.0,1507656257.812634,0.0,1.0,1507656257.812634,0.0,1.0,1507656257.812634,0.0,1.0,1507656257.812634,0.0,1.0,60.0,0.0,60.0,0.0,0.0,0.0,1.0,60.0,0.0,60.0,0.0,0.0,0.0,1.0,60.0,0.0,60.0,0.0,0.0,0.0,1.0,60.0,0.0,60.0,0.0,0.0,0.0,1.0,60.0,0.0,60.0,0.0,0.0,0.0
152.1395736404707,355.68362690069665,58638.904471793714,233.5247017258208,349.0584418916941,59240.08746422148,646.5438065621566,366.1774331630317,57506.94794114758,6365.740266046138,381.65420479721087,55432.56065055824,41967.003890847045,382.15624493223993,55357.253749398085,152.1395736404707,355.68362690069665,58638.904471793714,233.5247017258208,349.0584418916941,59240.08746422148,646.5438065621566,366.1774331630317,57506.94794114758,6365.740266046138,381.65420479721087,55432.56065055824,41967.003890847045,382.15624493223993,55357.253749398085,91.06311928975708,553.9999999999999,1.7059844799040144e-05,553.9999999999999,2.910383045673371e-10,0.0,0.0,136.64430450070094,553.9999999999835,9.091472845316304e-05,553.9999999999835,8.265487849712372e-09,0.0,0.0,400.72284169357687,553.9997964200253,0.317125315748365,553.9997964200253,0.1005684658885002,0.0,0.0,4145.220660018865,553.9477807897648,5.0787363595621136,553.9477807897648,25.793563009938225,0.0,0.0,27370.10480086696,553.956167055534,4.653122955415877,553.956167055534,21.651553238218185,0.0,0.0,91.06311928975708,0.0042232854264927,0.0008572418815842,136.64430450070094,0.0041182911343788,0.0007031847408755,400.72284169357687,0.0037216555922015,0.0003620931086675,4145.220660018865,7.959166860515662,11994430751.915695,27370.10480086696,18837.27771067933,28399773278909.438,1.0,554.0,0.0,554.0,0.0,0.0,0.0,1.0,554.0,0.0,554.0,0.0,0.0,0.0,1.0,554.0,0.0,554.0,0.0,0.0,0.0,1.0,554.0,0.0,554.0,0.0,0.0,0.0,1.0,554.0,0.0,554.0,0.0,0.0,0.0
175.33052478301215,68.14247225584086,47.67545892530688,267.8144788091306,68.26976324754227,47.35123479102913,715.2730878202842,68.89603900921783,45.36737601806272,6675.702224601519,69.3193697121527,43.67493663666119,41029.43247801403,69.36623905994323,43.52420731986604,175.33052478301215,68.14247225584086,47.67545892530688,267.8144788091306,68.26976324754227,47.35123479102913,715.2730878202842,68.89603900921783,45.36737601806272,6675.702224601519,69.3193697121527,43.67493663666119,41029.43247801403,69.36623905994323,43.52420731986604,101.94292259646504,73.99999999999999,1.3486991523486091e-06,73.99999999999999,1.8189894035458565e-12,0.0,0.0,158.10939119610947,73.99999999999997,1.6518123698891422e-06,73.99999999999997,2.7284841053187847e-12,0.0,0.0,454.16173451506575,73.99999999877339,0.0001310565047717,73.99999999877339,1.7175807442981753e-08,0.0,0.0,4441.202291016296,73.99890234879989,0.1239593159234083,73.99890234879989,0.0153659120041993,0.0,0.0,27433.422757221146,73.99803172952043,0.1659876881464948,73.99803172952043,0.027551912616218,0.0,0.0,101.94292259646504,0.003180282077918,0.0002214453040214,158.10939119610947,0.0032457167431215,0.000203028191244,454.16173451506575,0.0032340361241191,0.000160466540164,4441.202291016296,23.049723529064988,34746175161.4128,27433.422757221146,21047.614450821067,31732136601670.062,1.0,74.0,0.0,74.0,0.0,0.0,0.0,1.0,74.0,0.0,74.0,0.0,0.0,0.0,1.0,74.0,0.0,74.0,0.0,0.0,0.0,1.0,74.0,0.0,74.0,0.0,0.0,0.0,1.0,74.0,0.0,74.0,0.0,0.0,0.0
102.1643137281688,508.0267316588205,25973.573880269745,176.95193007627586,481.5963942101043,35584.24666361505,585.2416261644336,426.4846341065697,51129.476977588376,6293.871667079139,395.0579165275684,57273.02234469497,43323.70147515817,391.9879760217882,57766.45187002082,102.1643137281688,508.0267316588205,25973.573880269745,176.95193007627586,481.5963942101043,35584.24666361505,585.2416261644336,426.4846341065697,51129.476977588376,6293.871667079139,395.0579165275684,57273.02234469497,43323.70147515817,391.9879760217882,57766.45187002082,1.0,60.0,0.0,60.0,0.0,0.0,0.0,1.0,60.0,0.0,60.0,0.0,0.0,0.0,1.0,60.0,0.0,60.0,0.0,0.0,0.0,1.0,60.0,0.0,60.0,0.0,0.0,0.0,1.0,60.0,0.0,60.0,0.0,0.0,0.0,1.0,1507658072.7695189,0.0,1.0,1507658072.7695189,0.0,1.0,1507658072.7695189,0.0,1.0,1507658072.7695189,0.0,1.0,1507658072.7695189,0.0,1.0,60.0,0.0,60.0,0.0,0.0,0.0,1.0,60.0,0.0,60.0,0.0,0.0,0.0,1.0,60.0,0.0,60.0,0.0,0.0,0.0,1.0,60.0,0.0,60.0,0.0,0.0,0.0,1.0,60.0,0.0,60.0,0.0,0.0,0.0
1.0,60.0,0.0,1.0,60.0,0.0,1.0,60.0,0.0,1.0,60.0,0.0,1.0,60.0,0.0,1.0,60.0,0.0,1.0,60.0,0.0,1.0,60.0,0.0,1.0,60.0,0.0,1.0,60.0,0.0,1.0,60.0,0.0,60.0,0.0,0.0,0.0,1.0,60.0,0.0,60.0,0.0,0.0,0.0,1.0,60.0,0.0,60.0,0.0,0.0,0.0,1.0,60.0,0.0,60.0,0.0,0.0,0.0,1.0,60.0,0.0,60.0,0.0,0.0,0.0,1.0,1505913441.459363,0.0,1.0,1505913441.459363,0.0,1.0,1505913441.459363,0.0,1.0,1505913441.459363,0.0,1.0,1505913441.459363,0.0,1.0,60.0,0.0,60.0,0.0,0.0,0.0,1.0,60.0,0.0,60.0,0.0,0.0,0.0,1.0,60.0,0.0,60.0,0.0,0.0,0.0,1.0,60.0,0.0,60.0,0.0,0.0,0.0,1.0,60.0,0.0,60.0,0.0,0.0,0.0
1.0,60.0,0.0,1.0,60.0,0.0,1.0,60.0,0.0,1.0,60.0,0.0,1.0,60.0,0.0,1.0,60.0,0.0,1.0,60.0,0.0,1.0,60.0,0.0,1.0,60.0,0.0,1.0,60.0,0.0,1.0,60.0,0.0,60.0,0.0,0.0,0.0,1.0,60.0,0.0,60.0,0.0,0.0,0.0,1.0,60.0,0.0,60.0,0.0,0.0,0.0,1.0,60.0,0.0,60.0,0.0,0.0,0.0,1.0,60.0,0.0,60.0,0.0,0.0,0.0,1.0,1505913477.6879132,0.0,1.0,1505913477.6879132,0.0,1.0,1505913477.6879132,0.0,1.0,1505913477.6879132,0.0,1.0,1505913477.6879132,0.0,1.0,60.0,0.0,60.0,0.0,0.0,0.0,1.0,60.0,0.0,60.0,0.0,0.0,0.0,1.0,60.0,0.0,60.0,0.0,0.0,0.0,1.0,60.0,0.0,60.0,0.0,0.0,0.0,1.0,60.0,0.0,60.0,0.0,0.0,0.0
98.36743255688192,60.00000317675664,4.765133917317144e-05,116.94963561893242,60.00019922912015,0.0029883971096751,253.039707928048,60.00708381473338,0.1062077263313767,2300.4784312177594,60.016068751711366,0.4085582695138328,21689.547973179306,60.01973658007864,0.6611222384303801,98.36743255688192,60.00000317675664,4.765133917317144e-05,116.94963561893242,60.00019922912015,0.0029883971096751,253.039707928048,60.00708381473338,0.1062077263313767,2300.4784312177594,60.016068751711366,0.4085582695138328,21689.547973179306,60.01973658007864,0.6611222384303801,1.0,60.0,0.0,60.0,0.0,0.0,0.0,1.0,60.0,0.0,60.0,0.0,0.0,0.0,1.0,60.0,0.0,60.0,0.0,0.0,0.0,1.0,60.0,0.0,60.0,0.0,0.0,0.0,1.0,60.0,0.0,60.0,0.0,0.0,0.0,1.0,1507653391.4078288,0.0,1.0,1507653391.4078288,0.0,1.0,1507653391.4078288,0.0,1.0,1507653391.4078288,0.0,1.0,1507653391.4078288,0.0,1.0,60.0,0.0,60.0,0.0,0.0,0.0,1.0,60.0,0.0,60.0,0.0,0.0,0.0,1.0,60.0,0.0,60.0,0.0,0.0,0.0,1.0,60.0,0.0,60.0,0.0,0.0,0.0,1.0,60.0,0.0,60.0,0.0,0.0,0.0
1.0,60.0,0.0,1.0,60.0,0.0,1.0,60.0,0.0,1.0,60.0,0.0,1.0,60.0,0.0,1.0,60.0,0.0,1.0,60.0,0.0,1.0,60.0,0.0,1.0,60.0,0.0,1.0,60.0,0.0,1.0,60.0,0.0,60.0,0.0,0.0,0.0,1.0,60.0,0.0,60.0,0.0,0.0,0.0,1.0,60.0,0.0,60.0,0.0,0.0,0.0,1.0,60.0,0.0,60.0,0.0,0.0,0.0,1.0,60.0,0.0,60.0,0.0,0.0,0.0,1.0,1505913431.10764,0.0,1.0,1505913431.10764,0.0,1.0,1505913431.10764,0.0,1.0,1505913431.10764,0.0,1.0,1505913431.10764,0.0,1.0,60.0,0.0,60.0,0.0,0.0,0.0,1.0,60.0,0.0,60.0,0.0,0.0,0.0,1.0,60.0,0.0,60.0,0.0,0.0,0.0,1.0,60.0,0.0,60.0,0.0,0.0,0.0,1.0,60.0,0.0,60.0,0.0,0.0,0.0
129.45177215769016,401.2155372744706,52132.42427479927,204.29340757944908,413.1981909683605,49730.766485021886,619.267388499489,400.4612194665277,52272.00906318559,6416.264633647978,386.1819952695929,54736.43536184245,56751.30981168848,383.5241629579402,55149.80793045796,129.45177215769016,401.2155372744706,52132.42427479927,204.29340757944908,413.1981909683605,49730.766485021886,619.267388499489,400.4612194665277,52272.00906318559,6416.264633647978,386.1819952695929,54736.43536184245,56751.30981168848,383.5241629579402,55149.80793045796,1.0,60.0,0.0,60.0,0.0,0.0,0.0,1.0,60.0,0.0,60.0,0.0,0.0,0.0,1.0,60.0,0.0,60.0,0.0,0.0,0.0,1.0,60.0,0.0,60.0,0.0,0.0,0.0,1.0,60.0,0.0,60.0,0.0,0.0,0.0,1.0,1507656239.243081,0.0,1.0,1507656239.243081,0.0,1.0,1507656239.243081,0.0,1.0,1507656239.243081,0.0,1.0,1507656239.243081,0.0,1.0,60.0,0.0,60.0,0.0,0.0,0.0,1.0,60.0,0.0,60.0,0.0,0.0,0.0,1.0,60.0,0.0,60.0,0.0,0.0,0.0,1.0,60.0,0.0,60.0,0.0,0.0,0.0,1.0,60.0,0.0,60.0,0.0,0.0,0.0
126.06989404562256,390.4845303503621,54039.333192107646,215.20552655892,372.7360041452546,56687.77752235972,640.2985224558236,373.348988371265,56606.36058528061,6354.432179438711,381.2163726512917,55497.10397708239,62100.70029901746,382.89877600982095,55244.97595743898,126.06989404562256,390.4845303503621,54039.333192107646,215.20552655892,372.7360041452546,56687.77752235972,640.2985224558236,373.348988371265,56606.36058528061,6354.432179438711,381.2163726512917,55497.10397708239,62100.70029901746,382.89877600982095,55244.97595743898,84.34038405863795,554.0,0.0,554.0,0.0,0.0,0.0,136.2399116028756,553.9999999999994,1.7059844799040144e-05,553.9999999999994,2.910383045673371e-10,0.0,0.0,406.1462542354855,553.9999937221335,0.055689015045138,553.9999937221335,0.0031012663966976,0.0,0.0,4132.100571601004,553.9604632489098,4.419229783773012,553.9604632489098,19.52959188178648,0.0,0.0,40594.49186298446,553.9532294006735,4.8065048192811926,553.9532294006735,23.10248857777333,0.0,0.0,84.34038405863795,0.003689874727966,0.000176167566857,136.2399116028756,0.0037014446566672,0.0001726791212767,406.1462542354855,0.0035995407328254,0.0001288285323662,4132.100571601004,0.0034955625288939,0.3909813064270298,40594.49186298446,1135.0023536562956,1711186540156.998,1.0,554.0,0.0,554.0,0.0,0.0,0.0,1.0,554.0,0.0,554.0,0.0,0.0,0.0,1.0,554.0,0.0,554.0,0.0,0.0,0.0,1.0,554.0,0.0,554.0,0.0,0.0,0.0,1.0,554.0,0.0,554.0,0.0,0.0,0.0
1.0,60.0,0.0,1.0,60.0,0.0,1.0,60.0,0.0,1.0,60.0,0.0,1.0,60.0,0.0,1.0,60.0,0.0,1.0,60.0,0.0,1.0,60.0,0.0,1.0,60.0,0.0,1.0,60.0,0.0,1.0,60.0,0.0,60.0,0.0,0.0,0.0,1.0,60.0,0.0,60.0,0.0,0.0,0.0,1.0,60.0,0.0,60.0,0.0,0.0,0.0,1.0,60.0,0.0,60.0,0.0,0.0,0.0,1.0,60.0,0.0,60.0,0.0,0.0,0.0,1.0,1505913583.689955,0.0,1.0,1505913583.689955,0.0,1.0,1505913583.689955,0.0,1.0,1505913583.689955,0.0,1.0,1505913583.689955,0.0,1.0,60.0,0.0,60.0,0.0,0.0,0.0,1.0,60.0,0.0,60.0,0.0,0.0,0.0,1.0,60.0,0.0,60.0,0.0,0.0,0.0,1.0,60.0,0.0,60.0,0.0,0.0,0.0,1.0,60.0,0.0,60.0,0.0,0.0,0.0
154.67138337223298,358.3212221886361,58375.13215306455,248.9969350013975,354.71475914536063,58732.30175969503,682.3283913721511,366.24583558803886,57498.91865393013,6424.5366765525205,380.6137586199469,55587.410603853146,62506.17523434875,382.8626529060687,55250.59823655437,154.67138337223298,358.3212221886361,58375.13215306455,248.9969350013975,354.71475914536063,58732.30175969503,682.3283913721511,366.24583558803886,57498.91865393013,6424.5366765525205,380.6137586199469,55587.410603853146,62506.17523434875,382.8626529060687,55250.59823655437,93.4043646259345,553.9999999999994,1.7059844799040144e-05,553.9999999999994,2.910383045673371e-10,0.0,0.0,148.5487281920385,554.0000000000006,2.412626388678268e-05,554.0000000000006,5.820766091346742e-10,0.0,0.0,422.99638037866384,553.9999944039955,0.0525778073195684,553.9999944039955,0.0027644258225336,0.0,0.0,4169.885584582721,553.9603392669159,4.426152863151104,553.9603392669159,19.5908291679807,0.0,0.0,40855.1490036781,553.951588066055,4.890107529842807,553.951588066055,23.913151653425302,0.0,0.0,93.4043646259345,0.0033035541319281,0.000130514365417,148.5487281920385,0.0033743994369772,0.0001331403280545,422.99638037866384,0.0034594048570144,0.0001341615571174,4169.885584582721,0.0034638780001619,0.0481037715034145,40855.1490036781,915.2315048924644,1379848170952.3262,1.0,554.0,0.0,554.0,0.0,0.0,0.0,1.0,554.0,0.0,554.0,0.0,0.0,0.0,1.0,554.0,0.0,554.0,0.0,0.0,0.0,1.0,554.0,0.0,554.0,0.0,0.0,0.0,1.0,554.0,0.0,554.0,0.0,0.0,0.0
114.09517801596114,516.3150856069409,22671.97299257497,196.6524261390363,475.63486038745697,37558.836821828445,611.2561020148597,422.2027451987723,52082.955913872334,6266.487263201319,394.0381906553741,57438.10861477548,33581.72697171217,391.9443419464268,57773.06000250312,114.09517801596114,516.3150856069409,22671.97299257497,196.6524261390363,475.63486038745697,37558.836821828445,611.2561020148597,422.2027451987723,52082.955913872334,6266.487263201319,394.0381906553741,57438.10861477548,33581.72697171217,391.9443419464268,57773.06000250312,102.89199653259958,565.9999999999998,1.3214498959113138e-05,565.9999999999998,1.7462298274040222e-10,0.0,0.0,161.53276279876738,565.99999999155,0.002067706676914,565.99999999155,4.275410901755095e-06,0.0,0.0,437.5461623825164,565.9983901867503,0.9025313918436392,565.9983901867503,0.8145629132632166,0.0,0.0,4137.287523931284,565.9344636700469,5.758219164364574,565.9344636700469,33.157087944855455,0.0,0.0,22031.71559790106,565.9523063145019,4.91230395783207,565.9523063145019,24.130730174132623,0.0,0.0,102.89199653259958,0.0028935739245716,4.739423686903544e-05,161.53276279876738,0.0030483688918895,6.345426093201851e-05,437.5461623825164,0.0033259908243223,7.363157340507143e-05,4137.287523931284,184.0864844510613,277534150392.5243,22031.71559790106,32032.96924351768,48293727971175.76,1.0,566.0,0.0,566.0,0.0,0.0,0.0,1.0,566.0,0.0,566.0,0.0,0.0,0.0,1.0,566.0,0.0,566.0,0.0,0.0,0.0,1.0,566.0,0.0,566.0,0.0,0.0,0.0,1.0,566.0,0.0,566.0,0.0,0.0,0.0
105.43388295432408,458.75435475332137,42764.66222664647,192.6481030552504,422.9584633479155,51917.92455622138,621.3990888333448,397.0102294320386,56946.88252009644,6333.599770893507,392.3633866915591,57705.58585452018,40943.079735142586,391.428913605363,57854.019095444826,105.43388295432408,458.75435475332137,42764.66222664647,192.6481030552504,422.9584633479155,51917.92455622138,621.3990888333448,397.0102294320386,56946.88252009644,6333.599770893507,392.3633866915591,57705.58585452018,40943.079735142586,391.428913605363,57854.019095444826,83.09479316715874,565.9549102763019,4.776334065799411,565.9549102763019,22.81336710811593,0.0,0.0,138.24077037788342,565.8071521095533,9.876428618542995,565.8071521095533,97.54384225717511,0.0,0.0,414.2323689983957,565.5420620265063,15.215351044259044,565.5420620265063,231.50690740003483,0.0,0.0,4160.998389173052,565.8859607486404,7.595449706008117,565.8859607486404,57.6908562364988,0.0,0.0,26819.51294034138,565.9518312583184,4.936705689303825,565.9518312583184,24.37106306280475,0.0,0.0,83.09479316715874,0.0036000675445321,6.993318483812728e-05,138.24077037788342,0.0035732536165006,8.54971854852978e-05,414.2323689983957,0.0035166691559842,8.785529985511074e-05,4160.998389173052,10.672374862280096,16085058233.6679,26819.51294034138,19804.02456173808,29857296749054.36,1.0,566.0,0.0,566.0,0.0,0.0,0.0,1.0,566.0,0.0,566.0,0.0,0.0,0.0,1.0,566.0,0.0,566.0,0.0,0.0,0.0,1.0,566.0,0.0,566.0,0.0,0.0,0.0,1.0,566.0,0.0,566.0,0.0,0.0,0.0
112.27638349055368,488.97819945182266,27892.90535799405,196.68929443595744,447.68766271796784,41215.41778480873,619.2813227155782,400.8382095276653,52197.3447865535,6474.350241973181,386.7994656097573,54636.29908626364,58725.10619602416,384.42112264453016,55011.5250457169,112.27638349055368,488.97819945182266,27892.90535799405,196.68929443595744,447.68766271796784,41215.41778480873,619.2813227155782,400.8382095276653,52197.3447865535,6474.350241973181,386.7994656097573,54636.29908626364,58725.10619602416,384.42112264453016,55011.5250457169,97.4982053306018,553.9999995321458,0.0152026249077026,553.9999995321458,0.0002311198040843,0.0,0.0,154.3599067342661,553.999807504454,0.3083711447297126,553.999807504454,0.0950927629019133,0.0,0.0,427.2989965805204,553.9547028209155,4.730196045918516,553.9547028209155,22.374754632823173,0.0,0.0,4283.659024404126,553.9110862975193,6.6268743294397305,553.9110862975193,43.91546337818728,0.0,0.0,38568.84904931101,553.953660688087,4.78429438425313,553.953660688087,22.88947275519604,0.0,0.0,97.4982053306018,0.0030733879335593,6.750965011510371e-05,154.3599067342661,0.0032157892098194,9.711556591258748e-05,427.2989965805204,0.0034202263837871,0.0001198341496353,4283.659024404126,0.0033823717345611,16262.597626796329,38568.84904931101,3473.00988191494,5236086725340.757,1.0,554.0,0.0,554.0,0.0,0.0,0.0,1.0,554.0,0.0,554.0,0.0,0.0,0.0,1.0,554.0,0.0,554.0,0.0,0.0,0.0,1.0,554.0,0.0,554.0,0.0,0.0,0.0,1.0,554.0,0.0,554.0,0.0,0.0,0.0
166.05715619928708,328.8739375915488,60530.5308542408,254.6999514796544,334.4608234488161,60254.90317545048,680.5978520487054,361.5483540565503,58033.44830190643,6464.27877705696,381.2228671484624,55497.12723092271,61584.90064501722,383.14934290634216,55206.99422165647,166.05715619928708,328.8739375915488,60530.5308542408,254.6999514796544,334.4608234488161,60254.90317545048,680.5978520487054,361.5483540565503,58033.44830190643,6464.27877705696,381.2228671484624,55497.12723092271,61584.90064501722,383.14934290634216,55206.99422165647,90.38146106916504,553.9999965080186,0.0415335857634741,553.9999965080186,0.0017250387463718,0.0,0.0,141.50860982441188,553.9993298088672,0.5753902766607198,553.9993298088672,0.3310739704756997,0.0,0.0,415.50934417747567,553.9314147037583,5.820346415814129,553.9314147037583,33.87643240008037,0.0,0.0,4204.158354293951,553.9000135947837,7.027324305560505,553.9000135947837,49.38328689552145,0.0,0.0,40288.85006366295,553.9500570779476,4.966820833987824,553.9500570779476,24.6693091969355,0.0,0.0,90.38146106916504,0.0034397102958359,0.0001489392620612,141.50860982441188,0.0035288762645185,0.0001221891250694,415.50934417747567,0.0035034573444243,8.012177670438085e-05,4204.158354293951,0.0034357102904429,9.416021234015142,40288.85006366295,1574.751460967819,2374175718475.5312,1.0,554.0,0.0,554.0,0.0,0.0,0.0,1.0,554.0,0.0,554.0,0.0,0.0,0.0,1.0,554.0,0.0,554.0,0.0,0.0,0.0,1.0,554.0,0.0,554.0,0.0,0.0,0.0,1.0,554.0,0.0,554.0,0.0,0.0,0.0
185.0908083826973,74.09528998348407,2.2778803107112253,305.29652653597265,74.07254324695084,1.7378535109346558,905.0686521915663,74.05429861985384,4.015015746002064,4601.687234463163,74.09491793490496,24.29486840952268,6243.0802038700085,74.10060301507302,25.962033859006624,185.0908083826973,74.09528998348407,2.2778803107112253,305.29652653597265,74.07254324695084,1.7378535109346558,905.0686521915663,74.05429861985384,4.015015746002064,4601.687234463163,74.09491793490496,24.29486840952268,6243.0802038700085,74.10060301507302,25.962033859006624,184.35592088646845,73.99999999954491,7.983569922049083e-05,95.26804291016296,6.373744126092066e-09,-2.8977510290312535e-23,-1.26865224984364e-13,304.3737631421596,73.99999929252989,0.0031471561661559,95.26804236098496,9.904591934175414e-06,4.825531962258294e-21,6.076839920786929e-13,903.1849900716052,73.9993880747446,0.0925558163699985,95.26756759483592,0.0085665791439168,7.531212989827123e-17,1.642023035624484e-10,4589.863970467717,73.99588007005005,0.2401292266324208,95.26484276658007,0.0576620454830845,1.4978818559410882e-16,1.9721325840365844e-10,6225.864901966663,73.99567574297608,0.2460099574927326,95.26468405794272,0.0605208991855761,1.7987005475800076e-15,1.08422918176085e-08,184.3559208864685,0.0015989726267411,1.0797021642553564,304.3737631421596,0.0027556832815464,1730633.824751721,903.1849900716112,1024.9314285532384,1543454935607.3567,4589.863970467741,156627.27147547988,235842638920054.03,6225.864901966624,224640.0247353922,338238053284859.94,1.0,74.0,0.0,74.0,0.0,0.0,0.0,1.0,74.0,0.0,74.0,0.0,0.0,0.0,1.0,74.0,0.0,74.0,0.0,0.0,0.0,1.0,74.0,0.0,74.0,0.0,0.0,0.0,1.0,74.0,0.0,74.0,0.0,0.0,0.0
149.90052200002555,74.02408484700184,7.665704130667108,225.3988987541981,74.10499409775929,36.78101161280392,625.7277433548488,74.27247692722652,96.50561483177536,7518.553849165395,74.22113603126618,106.32691351750782,28195.12105718972,74.37707282940217,247.05334489541477,149.90052200002555,74.02408484700184,7.665704130667108,225.3988987541981,74.10499409775929,36.78101161280392,625.7277433548488,74.27247692722652,96.50561483177536,7518.553849165395,74.22113603126618,106.32691351750782,28195.12105718972,74.37707282940217,247.05334489541477,149.84800690429657,73.99999999999201,1.0446978712180443e-05,95.26804291051025,1.0914315370822006e-10,-7.270190284184861e-25,-7.297178693913807e-14,225.11575428691847,73.99999994348212,0.0008895184709398,95.2680428666159,7.912431101765673e-07,-5.051448145910539e-21,-2.1053090062961715e-12,623.665241666948,73.99977853091352,0.0556822967701257,95.26787088323248,0.0031005181735963,3.1652016230701647e-17,1.7206539244893623e-10,7498.569132618545,73.99780845007426,0.1751482120818625,95.26634062151156,0.030676896195473,2.385285201043429e-16,2.774032734789577e-10,28111.212653699404,73.9980235660642,0.1663315026969861,95.26650771222631,0.0276661687894375,-9.372267810423636e-16,-5.98367206888849e-10,149.84800690429643,0.0020464918393406,8.004352421601998e-05,225.11575428691856,0.0022552256323874,0.0001242032492181,623.6652416669492,0.0023637552797758,0.0001833306515459,7498.569132618638,2011.8109233306463,3029607962796.4194,28111.212653698414,33806.26536733536,50908193483403.37,1.0,74.0,0.0,95.26804291051644,0.0,0.0,0.0,1.0,74.0,0.0,95.26804291051644,0.0,0.0,0.0,1.0,74.0,0.0,95.26804291051644,0.0,0.0,0.0,1.0221440251147935,74.0,0.0,95.26804291051644,0.0,0.0,0.0,1.6831650756873708,74.0,0.0,95.26804291051644,0.0,0.0,0.0
147.3412632314217,66.62452226411324,48.85901798360646,229.09084934603007,68.03866239393615,47.92172240901164,669.4210737051072,69.15923397587108,44.44039362271633,6677.348266445002,69.3766224167154,43.56571778719899,42075.96862533053,69.3763762999769,43.50574417270036,147.3412632314217,66.62452226411324,48.85901798360646,229.09084934603007,68.03866239393615,47.92172240901164,669.4210737051072,69.15923397587108,44.44039362271633,6677.348266445002,69.3766224167154,43.56571778719899,42075.96862533053,69.3763762999769,43.50574417270036,1.0,60.0,0.0,60.0,0.0,0.0,0.0,1.0,60.0,0.0,60.0,0.0,0.0,0.0,1.0,60.0,0.0,60.0,0.0,0.0,0.0,1.0,60.0,0.0,60.0,0.0,0.0,0.0,1.0,60.0,0.0,60.0,0.0,0.0,0.0,1.0,1507657203.205363,0.0,1.0,1507657203.205363,0.0,1.0,1507657203.205363,0.0,1.0,1507657203.205363,0.0,1.0,1507657203.205363,0.0,1.0,60.0,0.0,60.0,0.0,0.0,0.0,1.0,60.0,0.0,60.0,0.0,0.0,0.0,1.0,60.0,0.0,60.0,0.0,0.0,0.0,1.0,60.0,0.0,60.0,0.0,0.0,0.0,1.0,60.0,0.0,60.0,0.0,0.0,0.0
1.0,60.0,0.0,1.0,60.0,0.0,1.0,60.0,0.0,1.0,60.0,0.0,1.0,60.0,0.0,1.0,60.0,0.0,1.0,60.0,0.0,1.0,60.0,0.0,1.0,60.0,0.0,1.0,60.0,0.0,1.0,60.0,0.0,60.0,0.0,0.0,0.0,1.0,60.0,0.0,60.0,0.0,0.0,0.0,1.0,60.0,0.0,60.0,0.0,0.0,0.0,1.0,60.0,0.0,60.0,0.0,0.0,0.0,1.0,60.0,0.0,60.0,0.0,0.0,0.0,1.0,1505913556.805287,0.0,1.0,1505913556.805287,0.0,1.0,1505913556.805287,0.0,1.0,1505913556.805287,0.0,1.0,1505913556.805287,0.0,1.0,60.0,0.0,60.0,0.0,0.0,0.0,1.0,60.0,0.0,60.0,0.0,0.0,0.0,1.0,60.0,0.0,60.0,0.0,0.0,0.0,1.0,60.0,0.0,60.0,0.0,0.0,0.0,1.0,60.0,0.0,60.0,0.0,0.0,0.0
111.88571777829708,301.2293636447383,60975.57687027223,184.65123136747485,300.28790763781825,60963.03748917025,519.9996944183741,318.6134095725758,60870.053806362586,5048.806602945157,334.60293919680674,60243.269821202135,32018.843300854936,336.0960524958016,60158.43407593543,111.88571777829708,301.2293636447383,60975.57687027223,184.65123136747485,300.28790763781825,60963.03748917025,519.9996944183741,318.6134095725758,60870.053806362586,5048.806602945157,334.60293919680674,60243.269821202135,32018.843300854936,336.0960524958016,60158.43407593543,54.63581335364751,554.0000000000001,1.0789593218788871e-05,554.0000000000001,1.1641532182693479e-10,0.0,0.0,89.8160062829446,553.9999999937079,0.0017630340588823,553.9999999937079,3.1082890927791595e-06,0.0,0.0,272.2165726604518,553.9981020770413,0.9682821590499496,553.9981020770413,0.9375703395344316,0.0,0.0,2806.957775164656,553.9070112246401,6.777005837090397,553.9070112246401,45.9278081159573,0.0,0.0,17897.654126260528,553.9194576171745,6.307253764096779,553.9194576171745,39.781450044712976,0.0,0.0,54.63581335364751,0.0057952659632523,0.0003270220326756,89.8160062829446,0.0056530162529524,0.0002915161443985,272.2165726604518,0.0053787240175653,0.0002075511583797,2806.957775164656,22.067619031668528,33262693489.7928,17897.654126260528,30680.742242965167,46255157573468.68,54.63581335364751,554.0000000000001,1.0789593218788871e-05,554.0000000000001,1.1641532182693479e-10,0.0,0.0,89.81600628180064,553.9999999999999,1.3214498959113138e-05,553.9999999999999,1.7462298274040222e-10,0.0,0.0,272.21552681817826,554.0000000000001,0.0,554.0000000000001,0.0,0.0,0.0,2806.429403573557,554.0000000000001,2.412626388678268e-05,554.0000000000001,5.820766091346742e-10,0.0,0.0,17894.73607016679,554.000000000003,2.412626388678268e-05,554.000000000003,5.820766091346742e-10,0.0,0.0
1.0,60.0,0.0,1.0,60.0,0.0,1.0,60.0,0.0,1.0,60.0,0.0,1.0,60.0,0.0,1.0,60.0,0.0,1.0,60.0,0.0,1.0,60.0,0.0,1.0,60.0,0.0,1.0,60.0,0.0,1.0,60.0,0.0,60.0,0.0,0.0,0.0,1.0,60.0,0.0,60.0,0.0,0.0,0.0,1.0,60.0,0.0,60.0,0.0,0.0,0.0,1.0,60.0,0.0,60.0,0.0,0.0,0.0,1.0,60.0,0.0,60.0,0.0,0.0,0.0,1.0,1505913437.954612,0.0,1.0,1505913437.954612,0.0,1.0,1505913437.954612,0.0,1.0,1505913437.954612,0.0,1.0,1505913437.954612,0.0,1.0,60.0,0.0,60.0,0.0,0.0,0.0,1.0,60.0,0.0,60.0,0.0,0.0,0.0,1.0,60.0,0.0,60.0,0.0,0.0,0.0,1.0,60.0,0.0,60.0,0.0,0.0,0.0,1.0,60.0,0.0,60.0,0.0,0.0,0.0
117.38743613479748,483.82563097008233,29741.696231975453,203.842550368296,443.3602210793498,42414.89001348382,638.9930395668296,402.0458995485925,51975.187454676925,6409.843160707064,385.3901895352544,54861.372475421,46050.20725664536,382.8949802285333,55245.75688319127,117.38743613479748,483.82563097008233,29741.696231975453,203.842550368296,443.3602210793498,42414.89001348382,638.9930395668296,402.0458995485925,51975.187454676925,6409.843160707064,385.3901895352544,54861.372475421,46050.20725664536,382.8949802285333,55245.75688319127,100.92005194700428,552.9823481849086,22.39831202207664,552.9823481849086,501.68438143830286,0.0,0.0,158.57819396342074,552.7860709111862,24.45827765893761,552.7860709111862,598.2073460416868,0.0,0.0,443.1693452426863,553.1858073404353,20.03866922073838,553.1858073404353,401.5482641381677,0.0,0.0,4223.016742135786,553.8800381012906,7.697193456436143,553.8800381012906,59.246787105803385,0.0,0.0,30102.28811377437,553.9511719225552,4.911077893434448,553.9511719225552,24.11868607538053,0.0,0.0,100.92005194700428,0.0029439778455756,4.328506630604226e-05,158.57819396342074,0.0030967715522401,5.510204344045191e-05,443.1693452426863,0.0032842135746306,7.425517146320373e-05,4223.016742135786,1.0091781994253424,1516337326.751557,30102.28811377437,13953.53523775034,21036930161913.84,1.0,554.0,0.0,554.0,0.0,0.0,0.0,1.0,554.0,0.0,554.0,0.0,0.0,0.0,1.0,554.0,0.0,554.0,0.0,0.0,0.0,1.0,554.0,0.0,554.0,0.0,0.0,0.0,1.0,554.0,0.0,554.0,0.0,0.0,0.0
1.0,60.0,0.0,1.0,60.0,0.0,1.0,60.0,0.0,1.0,60.0,0.0,1.0,60.0,0.0,1.0,60.0,0.0,1.0,60.0,0.0,1.0,60.0,0.0,1.0,60.0,0.0,1.0,60.0,0.0,1.0,60.0,0.0,60.0,0.0,0.0,0.0,1.0,60.0,0.0,60.0,0.0,0.0,0.0,1.0,60.0,0.0,60.0,0.0,0.0,0.0,1.0,60.0,0.0,60.0,0.0,0.0,0.0,1.0,60.0,0.0,60.0,0.0,0.0,0.0,1.0,1505913425.175228,0.0,1.0,1505913425.175228,0.0,1.0,1505913425.175228,0.0,1.0,1505913425.175228,0.0,1.0,1505913425.175228,0.0,1.0,60.0,0.0,60.0,0.0,0.0,0.0,1.0,60.0,0.0,60.0,0.0,0.0,0.0,1.0,60.0,0.0,60.0,0.0,0.0,0.0,1.0,60.0,0.0,60.0,0.0,0.0,0.0,1.0,60.0,0.0,60.0,0.0,0.0,0.0
1.0,60.0,0.0,1.0,60.0,0.0,1.0,60.0,0.0,1.0,60.0,0.0,1.0,60.0,0.0,1.0,60.0,0.0,1.0,60.0,0.0,1.0,60.0,0.0,1.0,60.0,0.0,1.0,60.0,0.0,1.0,60.0,0.0,60.0,0.0,0.0,0.0,1.0,60.0,0.0,60.0,0.0,0.0,0.0,1.0,60.0,0.0,60.0,0.0,0.0,0.0,1.0,60.0,0.0,60.0,0.0,0.0,0.0,1.0,60.0,0.0,60.0,0.0,0.0,0.0,1.0,1505913439.164744,0.0,1.0,1505913439.164744,0.0,1.0,1505913439.164744,0.0,1.0,1505913439.164744,0.0,1.0,1505913439.164744,0.0,1.0,60.0,0.0,60.0,0.0,0.0,0.0,1.0,60.0,0.0,60.0,0.0,0.0,0.0,1.0,60.0,0.0,60.0,0.0,0.0,0.0,1.0,60.0,0.0,60.0,0.0,0.0,0.0,1.0,60.0,0.0,60.0,0.0,0.0,0.0
93.82304340886331,60.00000080833684,1.2125056400691392e-05,112.94734221601576,60.00008820671111,0.0013230928884695,250.05929125166944,60.00523423206407,0.0785028504660658,2293.6356413865697,60.014939221095545,0.4549584069181946,20026.44585383054,60.01975826220529,0.6731966423662925,93.82304340886331,60.00000080833684,1.2125056400691392e-05,112.94734221601576,60.00008820671111,0.0013230928884695,250.05929125166944,60.00523423206407,0.0785028504660658,2293.6356413865697,60.014939221095545,0.4549584069181946,20026.44585383054,60.01975826220529,0.6731966423662925,1.0,60.0,0.0,60.0,0.0,0.0,0.0,1.0,60.0,0.0,60.0,0.0,0.0,0.0,1.0,60.0,0.0,60.0,0.0,0.0,0.0,1.0,60.0,0.0,60.0,0.0,0.0,0.0,1.0,60.0,0.0,60.0,0.0,0.0,0.0,1.0,1507653261.7050462,0.0,1.0,1507653261.7050462,0.0,1.0,1507653261.7050462,0.0,1.0,1507653261.7050462,0.0,1.0,1507653261.7050462,0.0,1.0,60.0,0.0,60.0,0.0,0.0,0.0,1.0,60.0,0.0,60.0,0.0,0.0,0.0,1.0,60.0,0.0,60.0,0.0,0.0,0.0,1.0,60.0,0.0,60.0,0.0,0.0,0.0,1.0,60.0,0.0,60.0,0.0,0.0,0.0
59.40700321497209,60.001376296055696,0.0660603160645223,78.28160154172745,60.01337736596085,0.6419304328264843,217.49210076978483,60.062287372803056,2.9654727759448183,2264.2802225984187,60.031488986893656,1.2166017766840014,21470.3617707223,60.0215493261849,0.750654712670439,59.40700321497209,60.001376296055696,0.0660603160645223,78.28160154172745,60.01337736596085,0.6419304328264843,217.49210076978483,60.062287372803056,2.9654727759448183,2264.2802225984187,60.031488986893656,1.2166017766840014,21470.3617707223,60.0215493261849,0.750654712670439,1.0,60.0,0.0,60.0,0.0,0.0,0.0,1.0,60.0,0.0,60.0,0.0,0.0,0.0,1.0,60.0,0.0,60.0,0.0,0.0,0.0,1.0,60.0,0.0,60.0,0.0,0.0,0.0,1.0,60.0,0.0,60.0,0.0,0.0,0.0,1.0,1507653370.125388,0.0,1.0,1507653370.125388,0.0,1.0,1507653370.125388,0.0,1.0,1507653370.125388,0.0,1.0,1507653370.125388,0.0,1.0,60.0,0.0,60.0,0.0,0.0,0.0,1.0,60.0,0.0,60.0,0.0,0.0,0.0,1.0,60.0,0.0,60.0,0.0,0.0,0.0,1.0,60.0,0.0,60.0,0.0,0.0,0.0,1.0,60.0,0.0,60.0,0.0,0.0,0.0
116.01314928093544,457.0995006462628,43244.33391348631,202.73552166563428,421.99977322310167,52128.049356599055,624.7753585664587,396.63977438254943,57013.065853936016,6329.715964191833,391.8246575091332,57791.937953613226,47961.18610908403,391.4971454413477,57843.54909716919,116.01314928093544,457.0995006462628,43244.33391348631,202.73552166563428,421.99977322310167,52128.049356599055,624.7753585664587,396.63977438254943,57013.065853936016,6329.715964191833,391.8246575091332,57791.937953613226,47961.18610908403,391.4971454413477,57843.54909716919,91.04498744699322,565.9999999964667,0.001337126214169,565.9999999964667,1.7879065126180645e-06,0.0,0.0,145.0399493407659,565.9999894172008,0.0731771565858495,565.9999894172008,0.0053548962459899,0.0,0.0,415.67415261992215,565.9823784789565,2.985997175154134,565.9823784789565,8.916179130028468,0.0,0.0,4151.477994666931,565.9174684755168,6.461744341616488,565.9174684755168,41.754139936412685,0.0,0.0,31422.92180086629,565.9562654462516,4.704016526691313,565.9562654462516,22.127771483385004,0.0,0.0,91.04498744699322,0.0032734946365702,5.491379165333068e-05,145.0399493407659,0.0033914559795484,6.573476152275034e-05,415.67415261992215,0.0034983911122939,6.91524452250935e-05,4151.477994666931,0.2588622474025207,385031699.35453415,31422.92180086629,11634.9825267184,17541432776321.848,1.0,566.0,0.0,566.0,0.0,0.0,0.0,1.0,566.0,0.0,566.0,0.0,0.0,0.0,1.0,566.0,0.0,566.0,0.0,0.0,0.0,1.0,566.0,0.0,566.0,0.0,0.0,0.0,1.0,566.0,0.0,566.0,0.0,0.0,0.0
150.8965074385976,67.45805685416273,48.80611839337234,233.7521737688156,68.57082594891422,46.67212424767422,672.4255508621849,69.3053835215686,44.34417000904705,6545.742512550134,69.35948072980821,43.69965116429921,24474.372048511053,69.35172898340511,43.63854128784624,150.8965074385976,67.45805685416273,48.80611839337234,233.7521737688156,68.57082594891422,46.67212424767422,672.4255508621849,69.3053835215686,44.34417000904705,6545.742512550134,69.35948072980821,43.69965116429921,24474.372048511053,69.35172898340511,43.63854128784624,1.0,60.0,0.0,60.0,0.0,0.0,0.0,1.0,60.0,0.0,60.0,0.0,0.0,0.0,1.0,60.0,0.0,60.0,0.0,0.0,0.0,1.0,60.0,0.0,60.0,0.0,0.0,0.0,1.0,60.0,0.0,60.0,0.0,0.0,0.0,1.0,1507657125.2436562,0.0,1.0,1507657125.2436562,0.0,1.0,1507657125.2436562,0.0,1.0,1507657125.2436562,0.0,1.0,1507657125.2436562,0.0,1.0,60.0,0.0,60.0,0.0,0.0,0.0,1.0,60.0,0.0,60.0,0.0,0.0,0.0,1.0,60.0,0.0,60.0,0.0,0.0,0.0,1.0,60.0,0.0,60.0,0.0,0.0,0.0,1.0,60.0,0.0,60.0,0.0,0.0,0.0
137.65602388976154,60.000000000000064,7.73070496506989e-12,159.4744594620424,60.00000000000002,3.1832314562052484e-12,297.6397836533272,60.00000649465851,0.0003096170203207,2330.846872358137,60.0124935780559,0.484776473196689,9264.007936491436,60.01945001178765,0.6810478878542199,137.65602388976154,60.000000000000064,7.73070496506989e-12,159.4744594620424,60.00000000000002,3.1832314562052484e-12,297.6397836533272,60.00000649465851,0.0003096170203207,2330.846872358137,60.0124935780559,0.484776473196689,9264.007936491436,60.01945001178765,0.6810478878542199,1.0,60.0,0.0,60.0,0.0,0.0,0.0,1.0,60.0,0.0,60.0,0.0,0.0,0.0,1.0,60.0,0.0,60.0,0.0,0.0,0.0,1.0,60.0,0.0,60.0,0.0,0.0,0.0,1.0,60.0,0.0,60.0,0.0,0.0,0.0,1.0,1507653032.4629471,0.0,1.0,1507653032.4629471,0.0,1.0,1507653032.4629471,0.0,1.0,1507653032.4629471,0.0,1.0,1507653032.4629471,0.0,1.0,60.0,0.0,60.0,0.0,0.0,0.0,1.0,60.0,0.0,60.0,0.0,0.0,0.0,1.0,60.0,0.0,60.0,0.0,0.0,0.0,1.0,60.0,0.0,60.0,0.0,0.0,0.0,1.0,60.0,0.0,60.0,0.0,0.0,0.0
