1.000000028,60.00000758,0.002046253,1.000038846,60.01048806,2.831666098,1.053761166,73.77495039,3529.487347,2.909220621,216.9959523,17741.17808,19.64961228,226.2689561,17245.03783,1.000000028,60.00000758,0.002046253,1.000038846,60.01048806,2.831666098,1.053761166,73.77495039,3529.487347,2.909220621,216.9959523,17741.17808,19.64961228,226.2689561,17245.03783,1.0,60.0,0.0,84.85281374,0.0,0.0,0.0,1.0,60.0,0.0,84.85281374,0.0,-1.41e-230,0.0,1.000000026,60.0,6.74e-07,84.85281374,4.55e-13,0.0,0.0,1.217504558,60.0,0.0,84.85281374,0.0,2.11e-31,0.0,7.018894174,60.00756664,0.313542754,84.87957793,1.576788286,0.000434048,0.001103513,1.0,25.21914721,0.0,1.0,25.21914721,0.0,1.000000026,25.2191472,3.29e-09,1.217504558,25.02767941,2.779625147,7.018894174,22.37552157,55.6105673,1.0,60.0,0.0,84.85281374,0.0,0.0,0.0,1.0,60.0,0.0,84.85281374,0.0,-1.41e-230,0.0,1.000000026,60.0,6.74e-07,84.85281374,4.55e-13,0.0,0.0,1.217504558,60.0,0.0,84.85281374,0.0,2.11e-31,0.0,7.014808833,60.0,9.54e-07,84.85281374,1.02e-12,6.599999999999999e-30,1.03e-17
1.337927321,65.99992574,0.001579272,1.832512392,65.99918936,0.120779028,3.437255062,66.19982798,9.432822998,12.96893682,70.56120621,347.7537361,103.5748725,71.14063028,361.2764688,1.337927321,65.99992574,0.001579272,1.832512392,65.99918936,0.120779028,3.437255062,66.19982798,9.432822998,12.96893682,70.56120621,347.7537361,103.5748725,71.14063028,361.2764688,1.335964616,66.0,1.65e-06,122.3315168,4.55e-12,-1.4e-15,-0.000445312,1.80653517,66.00000003,0.001523005,122.3315168,2.33e-06,6.41e-08,0.087683286,2.939844135,66.02457572,1.487014123,122.3504764,2.215801006,0.161414429,0.287505631,9.306545581,71.40375805,21.36276094,120.6906888,515.6236884,122.3140089,0.369589739,79.90739013,72.03682637,21.16660085,118.4181165,542.2765198,34.78873909,0.094031553,1.335964616,1.262072617,6.198239188,1.80653517,1.755609351,10.47914831,2.939844135,2.296467904,14.60317433,9.306545581,2.00646086,11.93950365,79.90739013,1.851178967,10.01775795,1.0,66.0,1.91e-06,136.0771814,0.000156217,-1.1e-19,-4.6e-12,1.000000001,66.00000005,0.002047032,136.0751275,0.124629118,-1.26e-10,-1.74e-07,1.001729657,66.07212404,2.546755171,134.5306563,92.99080454,-0.125770287,-0.005127437,2.646795033,84.96574518,36.70446262,126.2248919,1518.928787,-54.78089587,-0.056348973,18.69406049,88.64853593,38.98749398,122.7781313,1649.904939,77.2244886,0.078195459
1.0,156.0,1.69e-08,1.000000187,155.9999828,0.001585833,1.021556176,154.0772728,171.6150684,8.818856866,77.31268318,893.7577855,97.90097139,71.27798611,578.5077647,1.0,156.0,1.69e-08,1.000000187,155.9999828,0.001585833,1.021556176,154.0772728,171.6150684,8.818856866,77.31268318,893.7577855,97.90097139,71.27798611,578.5077647,1.0,156.0,8.51e-05,176.3388086,337.0306977,-5.45e-22,-3.49e-19,1.000000122,155.999989,0.031418652,176.6338515,339.5155059,-9.1e-12,-1.57e-11,1.017420143,154.459031,11.67529971,175.2098444,365.4210831,-0.1446648,-0.000672924,7.141375702,80.04811536,32.45087809,118.8376599,1108.234245,-98.72412448,-0.163713044,76.14484131,72.34556992,26.88994004,117.2069367,839.9439495,31.23953222,0.05619447,1.0,8.482769012,6.15e-11,1.000000122,8.482768015,8.28e-06,1.017420143,8.350606726,1.081038628,7.141375702,2.58872372,12.89127651,76.14484131,1.939241018,9.325834502,1.0,156.0,4.26e-06,169.3871306,1.82e-11,6.580000000000001e-124,0.0,1.000000001,155.9999999,0.003360775,169.3871304,1.13e-05,4.7600000000000005e-73,0.0,1.001117234,155.8995612,3.004897337,169.2946347,9.029408006,-3.42e-10,-1.41e-08,1.981166686,115.9949278,44.72192635,136.534812,2019.949988,-72.05879039,-0.095807725,17.43541152,91.05756906,40.33901138,122.6978473,1733.349508,42.56299329,0.043177784
3.38503758,76.63456835,14.52077779,3.636170423,75.90027984,20.78924265,5.264844938,72.88282942,36.54867871,16.45235269,71.25339864,248.8515603,107.1623195,70.93563362,339.7752982,3.38503758,76.63456835,14.52077779,3.636170423,75.90027984,20.78924265,5.264844938,72.88282942,36.54867871,16.45235269,71.25339864,248.8515603,107.1623195,70.93563362,339.7752982,3.38503751,76.63456859,3.810613337,124.4532347,159.0424775,0.240964141,0.005024696,3.636093808,75.90047288,4.559200736,120.5347309,259.6131737,3.347529881,0.045642629,5.176585566,72.95856501,5.950756944,115.4126524,320.0324797,28.65166332,0.269971618,13.19469056,71.99733192,17.05578477,116.4638254,436.9709101,87.35219885,0.283626945,83.79663934,71.74386447,20.38900962,117.0257415,529.2512837,41.67888383,0.112948232,3.38503751,0.24840901,0.210817877,3.636093808,0.325191215,0.428698173,5.176585566,0.675975358,3.296567233,13.19469056,1.41012004,9.173683071,83.79663934,1.764616104,9.516011976,2.380419199,76.08202869,4.397390339,127.5057591,31.38610965,0.053907284,0.002465543,2.566959156,75.34945643,4.97806605,125.5731168,91.14375682,1.193301467,0.02559555,3.017630388,73.95322417,5.673175068,121.3549289,207.446034,14.82227605,0.182507867,4.745127246,71.0589528,5.925743006,118.853452,228.9215436,24.47439901,0.274606631,23.21858771,67.75750677,4.242788141,116.5557401,236.072393,10.40893008,0.159906196
1.999947991,66.00000001,8.11e-08,2.000014446,66.00002422,0.000387526,2.070528161,66.11196895,1.792196521,9.39413107,70.32151102,285.4263174,97.44858991,70.86828531,352.422013,1.999947991,66.00000001,8.11e-08,2.000014446,66.00002422,0.000387526,2.070528161,66.11196895,1.792196521,9.39413107,70.32151102,285.4263174,97.44858991,70.86828531,352.422013,1.999947989,66.0,0.0,122.3315168,2.36e-09,5.8e-28,0.0,2.000007719,66.0,9.54e-07,122.3315147,9.07e-05,3.26e-16,3.59e-08,2.040580448,66.00018141,0.127777062,122.2538442,3.411387874,0.000106131,0.000449705,7.324139802,70.06862349,18.64302696,119.9017392,410.6080888,58.18768519,0.211085874,76.10918823,71.3878708,20.82056145,117.2319781,540.7141539,66.80974774,0.178491259,1.999947989,2.441923486,5.9632272,2.000007719,2.441956625,5.963114276,2.040580448,2.448109185,5.852486375,7.324139802,2.244532811,3.678714276,76.10918823,1.920719142,3.641620372,1.0,66.0,0.0,122.3315168,0.0,1.7e-43,0.0,1.000000001,66.0,0.0,122.3315168,0.0,-1.82e-37,0.0,1.000972568,66.0,9.54e-07,122.3315168,1.4e-09,1.13e-19,3.15e-09,2.078961647,66.04625226,0.74356431,121.3322239,43.6155935,-0.084703182,-0.017249549,20.19400393,66.36672366,2.065477595,115.4728038,242.3746851,5.365592458,0.166873436
1.009651691,60.40149578,16.70161968,1.117611679,64.41975639,166.0914707,2.463484711,84.90064779,423.8723218,6.768272049,93.87702074,257.0669244,33.68606518,91.81498484,299.8892443,1.009651691,60.40149578,16.70161968,1.117611679,64.41975639,166.0914707,2.463484711,84.90064779,423.8723218,6.768272049,93.87702074,257.0669244,33.68606518,91.81498484,299.8892443,1.000000029,60.00000109,0.00642871,114.9086599,4.13e-05,9.8e-141,0.0,1.000029786,60.00113182,0.207383797,114.9092504,0.043008039,2.39e-83,0.0,1.030998175,61.14251473,6.489238765,115.5093368,42.11021975,-7.23e-08,-1.74e-06,2.038834363,75.03433057,18.58153562,116.8026707,426.5494236,-35.94244672,-0.122223889,12.79331825,75.29814678,18.60103228,107.535909,503.3180029,27.15194322,0.076348548,1.000000029,5.011673548,1.15e-05,1.000029786,5.012271156,0.012013218,1.030998175,5.615505718,11.7624344,2.038834363,12.651024,98.60984546,12.79331825,12.05189223,90.45495835,1.0,60.0,0.0,84.85281374,0.0,0.0,0.0,1.0,60.0,0.0,84.85281374,9.09e-13,0.0,0.0,1.000000001,60.0,9.54e-07,84.85281374,1.02e-12,-1.75e-37,-2.72e-25,1.232189368,60.0,0.0,84.85281374,4.55e-13,-1.5600000000000002e-32,0.0,7.61867217,60.0,1.17e-06,84.85281374,1.44e-12,3.26e-29,4.14e-17
4.928224437,102.0,3.64e-12,4.956724939,102.0,3.64e-12,4.985504719,101.9999991,3.65e-05,5.638134534,99.61652677,90.08804604,29.4935419,92.43798057,287.689911,4.928224437,102.0,3.64e-12,4.956724939,102.0,3.64e-12,4.985504719,101.9999991,3.65e-05,5.638134534,99.61652677,90.08804604,29.4935419,92.43798057,287.689911,1.0,102.0,0.0,144.2497834,0.0,0.0,0.0,1.0,102.0,0.0,144.2497834,0.0,0.0,0.0,1.0,102.0,1.35e-06,144.2497834,1.82e-12,0.0,0.0,1.079910722,102.0,0.0,144.2497834,1.82e-12,1.98e-30,0.0,4.230804559,102.0,0.0,144.2497834,1.82e-12,7.92e-30,0.0,1.0,37.34840703,0.0,1.0,37.34840703,0.0,1.0,37.34840703,6.37e-11,1.079910722,37.5874088,0.727111543,4.230804559,38.90835292,1.297829206,1.0,102.0,0.0,144.2497834,0.0,0.0,0.0,1.0,102.0,0.0,144.2497834,0.0,0.0,0.0,1.0,102.0,1.35e-06,144.2497834,1.82e-12,0.0,0.0,1.079910722,102.0,0.0,144.2497834,1.82e-12,1.98e-30,0.0,4.230804559,102.0,0.0,144.2497834,1.82e-12,7.92e-30,0.0
1.0,330.0,0.0,1.0,330.0,0.0,1.000000995,329.9997471,0.068295229,1.733859027,282.577441,10555.19183,17.67439028,236.4696777,16505.26583,1.0,330.0,0.0,1.0,330.0,0.0,1.000000995,329.9997471,0.068295229,1.733859027,282.577441,10555.19183,17.67439028,236.4696777,16505.26583,1.0,330.0,0.0,431.4904402,0.0,0.0,0.0,1.0,330.0,0.0,431.4904402,0.0,0.0,0.0,1.000000029,330.0,3.81e-06,431.4904402,2.06e-11,3.8e-79,2.61e-68,1.214662147,330.0,3.81e-06,431.4904402,2.06e-11,-5.2899999999999994e-48,-3.64e-37,6.275908158,330.0,3.81e-06,431.4904402,1.46e-11,-3.08e-28,0.0,1.0,25.03649688,0.0,1.0,25.03649688,0.0,1.000000029,25.03649687,2.11e-09,1.214662147,25.00455068,0.011426085,6.275908158,25.0405463,0.019436518,1.0,330.0,0.0,431.4904402,0.0,0.0,0.0,1.0,330.0,0.0,431.4904402,0.0,0.0,0.0,1.000000029,330.0,3.81e-06,431.4904402,2.06e-11,3.8e-79,2.61e-68,1.214662147,330.0,3.81e-06,431.4904402,2.06e-11,-5.2899999999999994e-48,-3.64e-37,6.275908158,330.0,3.81e-06,431.4904402,1.46e-11,-3.08e-28,0.0
1.0,204.0,0.0,1.0,204.0,8.22e-10,1.000049625,204.0121367,3.135153943,2.699695056,288.5052809,22927.09436,28.14209678,290.0687824,31078.7241,1.0,204.0,0.0,1.0,204.0,8.22e-10,1.000049625,204.0121367,3.135153943,2.699695056,288.5052809,22927.09436,28.14209678,290.0687824,31078.7241,1.0,204.0,0.0,274.0529146,0.0,0.0,0.0,1.0,204.0,0.0,274.0529146,0.0,-1.09e-281,0.0,1.000000002,203.9999998,0.00461114,274.0529145,2.13e-05,5.31e-30,4.27e-22,1.288333616,188.4067494,43.68845533,262.6520573,1908.681129,-4.45e-14,0.0,10.01476726,139.799866,68.44170506,230.2851373,4684.267025,0.152006123,0.002962609,1.0,29.73837018,0.0,1.0,29.73837018,0.0,1.000000002,29.73837015,9.7e-07,1.288333616,26.4018818,86.93176248,10.01476726,15.91998629,213.9235911,1.0,204.0,0.0,274.0529146,0.0,0.0,0.0,1.0,204.0,0.0,274.0529146,0.0,-1.09e-281,0.0,1.000000002,203.9999998,0.00461114,274.0529145,2.13e-05,5.31e-30,4.27e-22,1.288333616,188.4067494,43.68845533,262.6520573,1908.681129,-4.45e-14,0.0,10.01476726,139.799866,68.44170506,230.2851373,4684.267025,0.152006123,0.002962609
1.000000059,60.00001588,0.004286574,1.00006054,60.01634478,4.412824475,1.062330528,75.84180564,4026.324717,2.934483986,217.9908002,17675.82551,25.19301851,200.4827917,15949.13637,1.000000059,60.00001588,0.004286574,1.00006054,60.01634478,4.412824475,1.062330528,75.84180564,4026.324717,2.934483986,217.9908002,17675.82551,25.19301851,200.4827917,15949.13637,1.0,60.0,0.0,84.85281374,0.0,3.8999999999999996e-152,0.0,1.0,60.0,0.0,84.85281374,0.0,4.22e-90,0.0,1.000000033,60.0,6.74e-07,84.85281374,6.43e-13,5.58e-28,1.23e-15,1.21833235,60.2138427,2.842585797,85.85094551,44.67512881,5.108674964,0.271127123,12.92922005,79.6380133,18.98926912,113.7954929,506.6035332,501.077952,1.398850194,1.0,24.85822296,0.0,1.0,24.85822296,0.0,1.000000033,24.85822297,5.31e-09,1.21833235,25.36269179,18.11745665,12.92922005,162.3914175,226018000000.0,1.0,60.0,0.0,84.85281374,0.0,0.0,0.0,1.0,60.0,0.0,84.85281374,0.0,0.0,0.0,1.000000033,60.0,6.74e-07,84.85281374,6.43e-13,1.6400000000000002e-43,3.6e-31,1.211476258,60.0,9.54e-07,84.85281374,1.02e-12,-2.53e-35,-3.9299999999999995e-23,6.247517207,60.0,6.74e-07,84.85281374,1.02e-12,1.6900000000000001e-29,2.63e-17
2.121113865,66.00000001,4.69e-07,2.284965639,66.00004458,0.004012162,2.714208186,66.34401895,30.9913072,11.29894321,71.70308516,491.4757827,101.9008428,70.8950153,393.3535733,2.121113865,66.00000001,4.69e-07,2.284965639,66.00004458,0.004012162,2.714208186,66.34401895,30.9913072,11.29894321,71.70308516,491.4757827,101.9008428,70.8950153,393.3535733,1.995987337,66.00000001,0.000706276,122.3315168,4.99e-07,1.98e-17,1.83e-10,1.997616673,66.00005099,0.067744286,122.331554,0.004593044,1.39e-09,1.51e-06,2.053603758,66.45672007,6.395014724,122.6150994,41.01157364,0.039934449,0.003561728,9.015741559,73.22820574,24.45999915,119.6151073,676.2221906,-5.437055178,-0.012521147,78.23523069,71.87536755,22.19457038,116.8492348,600.3059043,44.53326236,0.108325636,1.995987337,2.556139267,6.554218325,1.997616673,2.558182538,6.554171608,2.053603758,2.532072183,6.450471349,9.015741559,1.854023347,4.701512156,78.23523069,1.871403329,4.475157261,1.0,66.0,0.0,122.3315168,1.82e-12,-1.9600000000000003e-58,0.0,1.000000001,66.0,0.0,122.3315168,9.69e-07,6.13e-77,0.0,1.001657002,66.0,0.0,122.3038043,1.216780781,2.56e-34,0.0,2.607694535,66.0,9.54e-07,114.9367593,250.1258434,-3.62e-14,-2.4e-09,19.61088301,66.00025597,0.055422316,114.964497,249.4778149,-0.012273237,-0.014020338
1.006758512,81.89258975,1.707027089,1.050116192,81.23640919,11.63438221,1.436629395,77.15478641,55.35020569,8.610441246,73.26110912,454.5053909,94.27741169,71.26339329,396.1032285,1.006758512,81.89258975,1.707027089,1.050116192,81.23640919,11.63438221,1.436629395,77.15478641,55.35020569,8.610441246,73.26110912,454.5053909,94.27741169,71.26339329,396.1032285,1.0,82.0,9.54e-07,105.2615789,9.09e-13,3.5700000000000003e-125,0.0,1.000000001,81.99999998,0.000552167,105.2615789,3.05e-07,1.6e-74,0.0,1.001060019,81.98305765,0.520375434,105.2483815,0.270790592,-1.68e-11,-1.21e-08,1.947345395,75.01591118,7.935233108,101.1371257,68.1129568,-3.824054233,-0.094565449,17.35966752,70.45724648,7.172788682,99.93049418,74.71092933,2.404037352,0.045536641,1.0,9.881736994,2.84e-14,1.000000001,9.881737,3.14e-08,1.001060019,9.887177635,0.027925368,1.947345395,10.83616338,11.57014578,17.35966752,8.660109985,28.837606,1.0,82.0,9.54e-07,105.2615789,9.09e-13,3.5700000000000003e-125,0.0,1.000000001,81.99999998,0.000552167,105.2615789,3.05e-07,1.6e-74,0.0,1.001060019,81.98305765,0.520375434,105.2483815,0.270790592,-1.68e-11,-1.21e-08,1.947345395,75.01591118,7.935233108,101.1371257,68.1129568,-3.824054233,-0.094565449,17.35966752,70.45724648,7.172788682,99.93049418,74.71092933,2.404037352,0.045536641
1.997164903,66.0,1.15e-08,1.998330463,66.00000826,0.000194644,2.064325076,66.21592022,11.90390733,10.97271383,73.01980588,429.626902,100.6883414,71.25474386,369.1700162,1.997164903,66.0,1.15e-08,1.998330463,66.00000826,0.000194644,2.064325076,66.21592022,11.90390733,10.97271383,73.01980588,429.626902,100.6883414,71.25474386,369.1700162,1.997164903,66.0,2.35e-05,122.3315168,5.51e-10,2.5299999999999997e-23,2.14e-13,1.998327811,66.00000097,0.00883189,122.3315175,7.81e-05,4.53e-13,2.95e-08,2.042591859,66.14229893,3.292821113,122.4272319,10.84876847,0.007168317,0.003609836,8.841945863,73.6406338,22.69100179,123.4990969,549.2480344,29.50290066,0.094021825,79.54021703,71.87564111,21.21771075,117.6137562,553.7365009,57.62002431,0.151240029,1.997164903,2.502262584,6.275009267,1.998327811,2.503698788,6.274936776,2.042591859,2.508826699,6.187203623,8.841945863,1.883856493,4.5285218,79.54021703,8.328918647,9772272575.0,1.0,66.0,2.86e-06,122.3315168,8.39e-12,7.46e-27,1.93e-15,1.000000012,66.00000012,0.001202893,122.3315169,1.45e-06,1.4e-17,0.0,1.003334751,66.02580868,0.555911947,122.3454096,0.309041578,6.11e-05,0.002868125,2.807412747,68.31356288,4.733939306,120.7494868,117.3783014,10.72437734,0.211050844,20.91860012,67.05988676,3.406735549,116.8472103,218.0700917,7.713991881,0.153444267
1.000014357,66.0,0.0,1.001311653,66.0,2.91e-11,1.175990078,66.00065105,0.01049117,8.971919759,68.57530785,173.834124,100.3027089,70.63864051,351.6279727,1.000014357,66.0,0.0,1.001311653,66.0,2.91e-11,1.175990078,66.00065105,0.01049117,8.971919759,68.57530785,173.834124,100.3027089,70.63864051,351.6279727,1.000000082,66.0,0.0,105.420728,336.9792853,1.57e-35,0.0,1.000073564,66.0,9.54e-07,106.1351285,340.3411331,4.920000000000001e-21,2.8e-16,1.068477343,66.00000111,0.010001776,107.2594968,342.2477283,5.62e-05,0.000303745,6.799762045,68.4648376,14.68876984,113.3048942,400.2404615,16.94255298,0.062821826,76.26134573,71.26807087,21.05506366,116.0117408,562.2136125,29.49935869,0.075346621,1.000000082,4.87271192,1.07e-06,1.000073564,4.872527605,0.000915121,1.068477343,4.720495853,0.734544606,6.799762045,2.494219262,5.777366552,76.26134573,1.921318485,4.92555734,1.0,66.0,0.0,122.3315168,0.0,0.0,0.0,1.000000001,66.0,0.0,122.3315167,1.82e-06,-5.980000000000001e-154,0.0,1.000975476,66.0,0.0,122.2973163,1.50135217,-1.13e-69,0.0,2.288693592,66.0,0.000123068,115.4345298,238.0978838,-5.77e-09,-3.04e-06,19.82217218,66.06882315,0.906168388,114.5810048,259.1730364,-0.287930596,-0.019737179
1.000000023,60.00000087,3.31e-05,1.000026056,60.00099008,0.037622229,1.029669298,61.09421629,40.38342036,3.466578168,84.36302896,394.4846162,30.21072664,91.87336902,296.9819019,1.000000023,60.00000087,3.31e-05,1.000026056,60.00099008,0.037622229,1.029669298,61.09421629,40.38342036,3.466578168,84.36302896,394.4846162,30.21072664,91.87336902,296.9819019,1.000000023,60.00000087,0.005750429,84.85281514,5.34e-05,8.48e-13,2.28e-08,1.000026056,60.00099008,0.193964505,84.85432052,0.057399096,1.05e-06,2.6e-05,1.029666168,61.09409191,6.354404421,86.43639589,58.41610392,1.187144649,0.028754151,2.18215533,73.9818576,18.32534439,104.6476365,475.1337738,80.78670457,0.240457915,11.92012669,76.33552038,18.81201977,107.9561235,500.5327473,87.63277484,0.247599105,1.000000023,5.076017028,6.8e-07,1.000026056,5.076158856,0.000773379,1.029666168,5.233166403,0.834071171,2.18215533,9.79015006,31.12939786,11.92012669,12.89857109,75.0108718,1.0,60.0,0.0,84.85281374,0.0,0.0,0.0,1.0,60.0,0.0,84.85281374,0.0,-2.83e-78,0.0,1.00002013,60.0,6.74e-07,84.85281374,4.55e-13,9.92e-34,0.0,1.379245196,60.0,9.54e-07,84.85281374,9.09e-13,-3.65e-33,0.0,6.795729972,60.0,6.74e-07,84.85281374,4.55e-13,1.33e-29,0.0
2.889450114,66.19341246,17.3696771,3.034056261,67.40649269,124.5874338,3.86966895,74.53268456,687.760413,12.8711756,73.85578705,605.9094224,101.5103765,71.02019275,394.4443757,2.889450114,66.19341246,17.3696771,3.034056261,67.40649269,124.5874338,3.86966895,74.53268456,687.760413,12.8711756,73.85578705,605.9094224,101.5103765,71.02019275,394.4443757,2.889449807,66.19341197,4.167693471,122.4846825,17.39417316,0.055086238,0.013757985,3.033869515,67.40630397,11.16197414,123.3860549,124.7078056,2.256473149,0.086778372,3.751898702,74.68165659,26.57024524,128.6280362,706.7684822,48.30900447,0.31450975,9.953849356,75.33424485,27.44000564,122.8742521,804.4198591,11.1826116,0.024220373,78.94979848,71.83723908,22.07693255,116.9181898,594.5893154,1.974651009,0.00484674,2.889449807,0.437998423,0.4044933,3.033869515,0.495430637,0.641138501,3.751898702,0.835291637,1.982883479,9.953849356,1.781675114,8.226589529,78.94979848,1.87105982,9.341993267,1.0,66.0,0.0,122.3315168,0.0,-9.719999999999999e-135,0.0,1.000000001,66.0,1.35e-06,122.3315168,4.07e-12,-1.9699999999999999e-28,-7.66e-17,1.001061099,66.0,0.0,122.3314828,0.001493958,2.46e-19,0.0,2.292632699,66.0,0.000123113,118.4231024,151.0876605,-4.82e-08,-3.19e-05,20.00384208,66.065527,0.88432475,114.7496227,255.3262393,0.013030248,0.000922134
2.413116259,121.6555196,4024.972388,2.594436661,118.2931236,3894.567532,3.097466743,110.3027039,3598.631858,7.611384309,87.85817131,1838.768973,40.89469138,79.00466314,579.5686631,2.413116259,121.6555196,4024.972388,2.594436661,118.2931236,3894.567532,3.097466743,110.3027039,3598.631858,7.611384309,87.85817131,1838.768973,40.89469138,79.00466314,579.5686631,2.412914281,121.6606806,63.44281737,142.3984593,4024.991076,0.0,0.0,2.588366582,118.429828,62.41564914,139.6482158,3895.713258,5.69e-272,0.0,2.90939035,113.5272595,60.49505235,135.5154554,3659.651359,5.27e-105,0.0,5.579160606,94.61242382,47.94056173,120.1145736,2298.297459,-1.14e-05,-2.73e-05,15.580961,82.21464977,32.3775139,118.7819277,2386.442821,-126.1287531,-0.084134012,2.412914281,0.792244702,2.15259327,2.588366582,1.010197235,2.660522336,2.90939035,1.31909246,3.575598624,5.579160606,3.82486897,78.78483162,15.580961,13.74308296,1737.685748,2.412914281,121.6606806,63.44281737,142.3984593,4024.991076,0.0,0.0,2.588366582,118.429828,62.41564914,139.6482158,3895.713258,0.0,0.0,2.909390262,113.5272607,60.49505288,135.5154564,3659.651423,0.0,0.0,4.978669138,97.09854693,50.18043269,122.0824632,2518.075825,0.0,0.0,5.877500688,93.56614016,46.92662817,119.2921732,2202.108431,0.0,0.0
1.999899197,330.0,0.0,1.999939517,330.0,2.91e-11,1.99998081,329.9998766,0.033327926,2.732518819,299.9452471,7210.892709,22.65603878,217.2812055,15921.79303,1.999899197,330.0,0.0,1.999939517,330.0,2.91e-11,1.99998081,329.9998766,0.033327926,2.732518819,299.9452471,7210.892709,22.65603878,217.2812055,15921.79303,1.0,330.0,0.0,431.4904402,0.0,0.0,0.0,1.0,330.0,0.0,431.4904402,0.0,0.0,0.0,1.000000028,330.0,0.0,431.4904402,0.0,2.08e-65,0.0,1.214163989,330.0,6.61e-06,431.4904402,5.25e-11,8.3e-28,2.33e-17,6.272103277,330.0,6.61e-06,431.4904402,5.25e-11,9.35e-28,2.62e-17,1.0,25.06793308,0.0,1.0,25.06793308,0.0,1.000000028,25.06793307,2.61e-09,1.214163989,25.03226372,0.014650387,6.272103277,25.05716223,0.027099691,1.0,330.0,0.0,431.4904402,0.0,0.0,0.0,1.0,330.0,0.0,431.4904402,0.0,0.0,0.0,1.000000028,330.0,0.0,431.4904402,0.0,2.08e-65,0.0,1.214163989,330.0,6.61e-06,431.4904402,5.25e-11,8.3e-28,2.33e-17,6.272103277,330.0,6.61e-06,431.4904402,5.25e-11,9.35e-28,2.62e-17
1.000003888,81.99992319,0.00155007,1.000779945,81.98496299,0.296853704,1.187502945,79.09282004,46.44347739,9.347789046,69.98294916,231.6616917,97.39655571,70.7594993,345.6364604,1.000003888,81.99992319,0.00155007,1.000779945,81.98496299,0.296853704,1.187502945,79.09282004,46.44347739,9.347789046,69.98294916,231.6616917,97.39655571,70.7594993,345.6364604,1.000000056,81.99999911,0.003775138,105.2615782,1.43e-05,-6.5400000000000005e-59,0.0,1.000044399,81.99928964,0.106607665,105.2610256,0.011365194,1.1700000000000001e-21,8.14e-15,1.03541099,81.45280104,2.90787838,104.8358663,8.455756675,-1.66e-08,-2.19e-06,2.337970564,73.78199032,7.997028935,100.2221631,69.00257079,-2.987911153,-0.07339861,17.31919847,70.46309505,7.173341756,99.64333853,72.74839458,2.140992826,0.041620456,1.000000056,4.819702479,5.82e-06,1.000044399,4.820155697,0.004637983,1.03541099,5.169256515,3.450605147,2.337970564,8.88262578,24.52148232,17.31919847,8.678692212,28.26085751,1.000000056,81.99999911,0.003775138,105.2615782,1.43e-05,-6.5400000000000005e-59,0.0,1.000044399,81.99928964,0.106607665,105.2610256,0.011365194,1.1700000000000001e-21,8.14e-15,1.03541099,81.45280104,2.90787838,104.8358663,8.455756675,-1.66e-08,-2.19e-06,2.337970564,73.78199032,7.997028935,100.2221631,69.00257079,-2.987911153,-0.07339861,17.31919847,70.46309505,7.173341756,99.64333853,72.74839458,2.140992826,0.041620456
1.352941654,300.0,1.65e-08,1.890754031,299.999997,0.001283649,4.888116584,299.9580319,78.01735902,52.464975,296.6230611,3130.925011,287.6307047,270.4231936,34673.99678,1.352941654,300.0,1.65e-08,1.890754031,299.999997,0.001283649,4.888116584,299.9580319,78.01735902,52.464975,296.6230611,3130.925011,287.6307047,270.4231936,34673.99678,1.352941654,300.0,0.0,599.4672628,0.000342737,1.99e-13,0.0,1.89075398,300.0,0.003317986,599.4655558,0.88580601,2.44e-06,0.000781796,4.879489032,299.9455259,3.52716968,596.8424799,1335.371722,8.221856011,0.06378989,49.96525522,293.9267733,39.97754254,577.143368,9631.690202,683.2798489,0.175372943,223.4792415,291.3440409,182.550534,553.7320239,55119.56137,2391.558023,0.062523296,1.352941654,0.400472886,0.006653287,1.89075398,0.370851893,0.008403168,4.879489032,0.33365536,0.00814635,49.96525522,62.77197464,95857900522.0,223.4792415,1851436.548,2837130000000000.0,1.352941654,300.0,0.0,599.4672628,0.000342737,1.99e-13,0.0,1.89075398,300.0,0.003317986,599.4655558,0.88580601,2.44e-06,0.000781796,4.879489032,299.9455259,3.52716968,596.8424799,1335.371722,8.221856011,0.06378989,49.96525522,293.9267733,39.97754254,577.143368,9631.690202,683.2798489,0.175372943,223.4792415,291.3440409,182.550534,553.7320239,55119.56137,2391.558023,0.062523296
3.141435607,66.0,1.82e-12,3.453891879,66.0,0.0,3.957146341,66.00000729,0.0006581,10.6177435,68.63739723,197.8407069,98.45271782,70.72516971,362.733145,3.141435607,66.0,1.82e-12,3.453891879,66.0,0.0,3.957146341,66.00000729,0.0006581,10.6177435,68.63739723,197.8407069,98.45271782,70.72516971,362.733145,3.14136066,66.0,9.54e-07,122.3315168,3.75e-12,1.56e-28,8.59e-17,3.450543376,66.0,9.54e-07,122.3315168,5.97e-08,5.54e-33,2.38e-23,3.807535415,66.00000759,0.026140895,122.3262568,0.23139005,-1.49e-07,-1.19e-05,8.575208381,68.68943151,15.3237004,119.6676513,302.1525395,-16.19896882,-0.07666083,75.3881173,71.36795452,21.30794395,117.3213658,556.933707,-16.07707101,-0.042011897,3.14136066,2.307911413,17.49389209,3.450543376,2.400440861,18.01300696,3.807535415,2.487132434,18.48105671,8.575208381,2.227905552,14.36003494,75.3881173,1.962888112,10.62363663,1.713766834,66.0,0.0,122.3315168,0.0,1.15e-225,0.0,1.816834023,66.0,9.54e-07,122.3315168,2.03e-12,3.89e-65,3.03e-53,1.935682834,66.0,0.0,122.3315168,1.29e-06,1.7299999999999999e-40,0.0,3.113687903,66.0,0.0,120.4666072,77.27701083,-2.34e-14,0.0,19.80960842,66.0044292,0.230501375,115.980853,224.1459131,-0.105666328,-0.030619471
1.000000407,66.0000024,3.84e-05,1.000234575,66.00128783,0.020603544,1.15318733,66.5990609,9.229720778,9.762023053,69.51556032,226.477754,100.6008353,70.64778115,363.5094768,1.000000407,66.0000024,3.84e-05,1.000234575,66.00128783,0.020603544,1.15318733,66.5990609,9.229720778,9.762023053,69.51556032,226.477754,100.6008353,70.64778115,363.5094768,1.000000028,66.0,0.0,122.3315168,3.64e-12,-3.77e-36,0.0,1.000029554,66.0,9.54e-07,122.3315168,2.92e-07,-7.429999999999999e-23,-1.44e-13,1.033718148,66.00003193,0.053610498,122.3199789,0.507784846,-5.89e-07,-1.54e-05,6.577594987,69.55315214,17.52594655,117.9632803,400.1542537,-16.91877928,-0.060279438,75.32023272,71.52436269,21.53679886,116.8160209,572.0522468,39.74119177,0.100845455,1.000000028,5.015466925,4.14e-10,1.000029554,5.01546334,4.83e-07,1.033718148,5.001856813,0.045558863,6.577594987,2.558289245,5.180506902,75.32023272,1.943575898,4.434000429,1.0,66.0,9.54e-07,122.3315168,2.03e-12,-4.4e-253,-3.42e-241,1.000000001,66.0,0.0,122.3315168,1.82e-12,2.61e-46,0.0,1.001041418,66.0,9.54e-07,122.3314853,0.001382434,5.29e-19,1.49e-11,2.331519176,66.0,0.0,117.9509171,166.5036069,-3.28e-14,0.0,19.14492483,66.00021694,0.051021461,115.5621688,234.9022009,-0.000723862,-0.000925676
1.0,429.0,0.0,1.0,429.0,0.0,1.000000206,428.9999256,0.027330143,2.119122793,326.1407395,26874.07822,27.71687408,282.7417611,32312.14743,1.0,429.0,0.0,1.0,429.0,0.0,1.000000206,428.9999256,0.027330143,2.119122793,326.1407395,26874.07822,27.71687408,282.7417611,32312.14743,1.0,429.0,0.0,429.0,0.0,0.0,0.0,1.0,429.0,0.0,429.0,0.0,0.0,0.0,1.000000003,429.0000001,0.001764065,429.0000001,3.11e-06,0.0,0.0,1.428268471,437.1962603,16.40329812,437.1962603,269.0681892,0.0,0.0,13.97752632,454.3778958,19.92674529,454.3778958,397.0751778,0.0,0.0,1.0,30.00919509,0.0,1.0,30.00919509,0.0,1.000000003,30.00919503,1.67e-06,1.428268471,24.00914218,144.014497,13.97752632,11.43183884,212.2659543,1.0,429.0,0.0,429.0,0.0,0.0,0.0,1.0,429.0,0.0,429.0,0.0,0.0,0.0,1.000000003,429.0000001,0.001764065,429.0000001,3.11e-06,0.0,0.0,1.428268471,437.1962603,16.40329812,437.1962603,269.0681892,0.0,0.0,13.97752632,454.3778958,19.92674529,454.3778958,397.0751778,0.0,0.0
2.426734039,249.9737589,47034.64252,2.601317824,238.1571547,45818.9313,2.916839283,220.3943566,43464.26872,8.484325206,149.6549177,22484.63152,43.98499611,155.2033469,16536.4228,2.426734039,249.9737589,47034.64252,2.601317824,238.1571547,45818.9313,2.916839283,220.3943566,43464.26872,8.484325206,149.6549177,22484.63152,43.98499611,155.2033469,16536.4228,2.426734039,249.9737589,216.8747162,260.6969124,47034.64252,0.0,0.0,2.601317824,238.1571547,214.0535711,249.3889138,45818.9313,1.2199999999999999e-196,0.0,2.916582866,220.4070589,208.4847733,232.4978959,43465.90071,-1.82e-63,0.0,4.981506883,159.7172168,175.0740347,176.0325742,30650.92264,-1.499301999,-0.002046515,11.78971976,122.5902526,145.6510865,969.3737668,437925.0562,-51022.55723,-0.529667936,2.426734039,0.813024091,2.224772129,2.601317824,1.024488961,2.71238754,2.916582866,1.722629708,86.21656558,4.981506883,24.7491856,3929.599005,11.78971976,21.36386913,4064617.148,2.426734039,249.9737589,216.8747162,260.6969124,47034.64252,0.0,0.0,2.601317824,238.1571547,214.0535711,249.3889138,45818.9313,0.0,0.0,2.916582866,220.4070589,208.4847733,232.4978959,43465.90071,0.0,0.0,4.981495,159.7174066,175.0741474,176.0274126,30650.95707,0.0,0.0,5.87787781,146.6452807,164.0923298,164.2584498,26926.29271,0.0,0.0
2.037825703,66.12630068,2.004859086,2.184614473,66.61462279,9.456457792,2.986166425,68.31339007,32.37648808,11.54713365,68.72477257,174.1622107,99.69972498,70.43366696,344.2861079,2.037825703,66.12630068,2.004859086,2.184614473,66.61462279,9.456457792,2.986166425,68.31339007,32.37648808,11.54713365,68.72477257,174.1622107,99.69972498,70.43366696,344.2861079,1.999962056,66.0,0.0,122.3315161,3.14e-05,-4.9600000000000004e-29,0.0,2.000041225,66.0,9.54e-07,122.3309016,0.027033211,4.39e-19,2.8e-12,2.066574413,66.00000517,0.021568281,121.8015658,22.91248116,7.81e-05,0.00075655,8.029880934,68.50406858,14.80089694,115.6102714,365.2423317,45.38490139,0.179367553,76.28533012,71.22950622,20.73313766,116.5963325,542.5364479,52.38145233,0.138866001,1.999962056,2.472220397,6.112051809,2.000041225,2.472234938,6.112046764,2.066574413,2.469474077,6.104125305,8.029880934,2.075370459,4.610576208,76.28533012,1.916705275,3.764209824,1.0,66.0,0.0,122.3315168,3.64e-12,-1.2300000000000001e-103,0.0,1.000000001,66.0,0.0,122.3315168,0.0,3.7100000000000003e-85,0.0,1.001003075,66.0,0.0,122.3314863,0.001340969,-5.09e-19,0.0,2.268780481,66.00066417,0.08927282,118.6312477,144.1080143,-0.025299456,-0.023607384,19.71276861,66.24959405,1.712551149,115.6425351,236.4879397,-5.031466473,-0.191057123
1.663041455,75.62092673,61.37259652,2.392068639,72.68877128,62.28067929,4.177059517,69.83635092,47.10100684,12.54534804,70.95847552,323.2270676,100.5255619,71.00860274,385.5577671,1.663041455,75.62092673,61.37259652,2.392068639,72.68877128,62.28067929,4.177059517,69.83635092,47.10100684,12.54534804,70.95847552,323.2270676,100.5255619,71.00860274,385.5577671,1.0,82.0,1.65e-06,105.2615789,2.73e-12,-2.48e-66,0.0,1.000000002,81.99999998,0.000625592,105.2615789,3.91e-07,3.61e-40,6.040000000000001e-31,1.001152023,81.98158883,0.542438637,105.2472373,0.294239675,-1.59e-11,-1.11e-08,1.953598133,74.9872174,7.938853779,101.1144895,68.15660397,-1.836235345,-0.045409544,17.36980517,70.54941951,7.179231472,100.0212179,74.93851704,2.88617823,0.054506598,1.0,9.761657953,5.68e-14,1.000000002,9.761657961,4.21e-08,1.001152023,9.767696697,0.031655118,1.953598133,10.78478775,11.58103463,17.36980517,8.654010216,28.56276331,1.0,82.0,1.65e-06,105.2615789,2.73e-12,-2.48e-66,0.0,1.000000002,81.99999998,0.000625592,105.2615789,3.91e-07,3.61e-40,6.040000000000001e-31,1.001152023,81.98158883,0.542438637,105.2472373,0.294239675,-1.59e-11,-1.11e-08,1.953598133,74.9872174,7.938853779,101.1144895,68.15660397,-1.836235345,-0.045409544,17.36980517,70.54941951,7.179231472,100.0212179,74.93851704,2.88617823,0.054506598
2.031102746,66.10559113,1.67831028,2.164235157,66.55602844,8.589043001,2.947720821,68.22892178,32.06728249,12.14577679,69.11434144,173.4523786,103.8769943,70.73413793,329.8918804,2.031102746,66.10559113,1.67831028,2.164235157,66.55602844,8.589043001,2.947720821,68.22892178,32.06728249,12.14577679,69.11434144,173.4523786,103.8769943,70.73413793,329.8918804,1.999965319,66.0,0.0,122.3315168,1.82e-12,3.18e-62,0.0,2.000005244,66.0,9.54e-07,122.3315168,1.5e-06,-8.66e-37,-7.42e-28,2.033577833,66.00000601,0.021732649,122.2968212,1.523262201,-5.9e-07,-2.2e-05,8.332729522,69.07180683,14.90834378,116.641959,355.1163352,-7.950011468,-0.032042562,80.15833528,71.38814789,20.2040981,116.9602184,524.7084892,42.61069517,0.116154101,1.999965319,2.537896014,6.441088736,2.000005244,2.537945151,6.4410812,2.033577833,2.569689289,6.428047637,8.332729522,2.001108605,4.63211581,80.15833528,1.82400188,3.723865581,1.0,66.0,9.54e-07,122.3315168,2.03e-12,-3.85e-28,-2.99e-16,1.000000002,66.0,9.54e-07,122.3315168,1.51e-06,9.05e-81,7.740000000000001e-72,1.001868456,66.0,0.0,122.2994253,1.408861873,-3.44e-22,0.0,2.654567129,66.01798279,0.464187575,114.7041917,255.7365382,-0.081700231,-0.0110061,21.10479243,66.45763494,2.298301452,114.7736982,259.9379701,4.637434967,0.1251644
1.933848315,66.0,0.0,1.95976705,66.0,0.0,1.99460791,66.00002559,0.000501879,8.17290919,67.55248618,107.6701849,97.12108497,70.482453,319.5034945,1.933848315,66.0,0.0,1.95976705,66.0,0.0,1.99460791,66.00002559,0.000501879,8.17290919,67.55248618,107.6701849,97.12108497,70.482453,319.5034945,1.933848315,66.0,0.0,98.92775711,225.4650389,-3.5e-51,0.0,1.959766984,66.0,0.0,104.6227277,331.2162587,4.54e-30,0.0,1.990549431,66.0,0.000371577,111.6014102,312.068735,3.22e-08,4.9e-06,6.43599597,67.48277481,11.10557971,114.9768393,313.2147525,20.47534798,0.108657974,74.88832219,71.25972789,19.88308645,117.535149,501.7906643,59.07768638,0.169019213,1.933848315,4.630278187,22.76278547,1.959766984,4.695573598,22.77984742,1.990549431,4.756023588,22.78744869,6.43599597,2.963571907,16.64593577,74.88832219,1.975926581,10.64167663,1.0,66.0,9.54e-07,122.3315168,2.03e-12,3.01e-43,2.34e-31,1.000000001,66.0,0.0,122.3315168,1.82e-12,-2.89e-46,0.0,1.000949187,66.0,0.0,122.3314796,0.001636293,-2.25e-24,0.0,2.156680303,66.09737748,1.076590625,118.554081,148.529079,-0.361650464,-0.027563813,19.91247395,66.76810859,2.937228729,116.727521,215.9455268,2.107117482,0.048837375
1.0,330.0,0.0,1.0,330.0,0.0,1.000002918,329.9992282,0.208385278,2.001220233,252.761576,14888.60034,18.86918625,225.323592,17305.47652,1.0,330.0,0.0,1.0,330.0,0.0,1.000002918,329.9992282,0.208385278,2.001220233,252.761576,14888.60034,18.86918625,225.323592,17305.47652,1.0,330.0,0.0,431.4904402,0.0,0.0,0.0,1.0,330.0,0.0,431.4904402,0.0,0.0,0.0,1.00000003,330.0,0.0,431.4904402,0.0,6.760000000000001e-124,0.0,1.214367171,330.0,6.61e-06,431.4904402,4.37e-11,1.18e-90,0.0,6.276886547,330.0,6.61e-06,431.4904402,5.25e-11,5.06e-28,1.42e-17,1.0,25.00840306,0.0,1.0,25.00840306,0.0,1.00000003,25.00840307,2.06e-10,1.214367171,25.02051835,0.000874608,6.276886547,25.03623185,0.004418589,1.0,330.0,0.0,431.4904402,0.0,0.0,0.0,1.0,330.0,0.0,431.4904402,0.0,0.0,0.0,1.00000003,330.0,0.0,431.4904402,0.0,6.760000000000001e-124,0.0,1.214367171,330.0,6.61e-06,431.4904402,4.37e-11,1.18e-90,0.0,6.276886547,330.0,6.61e-06,431.4904402,5.25e-11,5.06e-28,1.42e-17
1.15531991,84.55256485,2216.056298,1.327143716,100.0176204,3537.362594,1.714041379,127.1697057,6142.231928,4.548272538,281.5244851,29497.92578,31.39121748,280.7054596,31562.41732,1.15531991,84.55256485,2216.056298,1.327143716,100.0176204,3537.362594,1.714041379,127.1697057,6142.231928,4.548272538,281.5244851,29497.92578,31.39121748,280.7054596,31562.41732,1.155319909,84.55256482,47.07500699,201.589028,2216.056283,-2.26e-178,0.0,1.327141979,100.0171541,59.47436834,208.5483903,3537.20049,-6.77e-106,0.0,1.689041575,122.2968601,67.82057384,220.1034347,4599.630236,4.67e-33,0.0,2.245431654,133.7968572,68.97967187,225.2913585,4762.33611,-53.01022059,-0.054537777,11.71178997,135.4177111,68.48455441,212.7175621,5010.302746,94.85897012,0.032994631,1.155319909,4.461427391,99.14044466,1.327141979,7.732373787,158.244911,1.689041575,12.44479925,205.7751828,2.245431654,14.82268097,213.0365985,11.71178997,13.60515704,212.0277075,1.155319909,84.55256482,47.07500699,201.589028,2216.056283,-2.26e-178,0.0,1.327141979,100.0171541,59.47436834,208.5483903,3537.20049,-6.77e-106,0.0,1.689041575,122.2968601,67.82057384,220.1034347,4599.630236,4.67e-33,0.0,2.245431654,133.7968572,68.97967187,225.2913585,4762.33611,-53.01022059,-0.054537777,11.71178997,135.4177111,68.48455441,212.7175621,5010.302746,94.85897012,0.032994631
1.0,337.0,0.0,1.0,337.0,0.0,1.0,337.0,0.0,1.0,337.0,0.0,1.0,337.0,0.0,1.0,337.0,0.0,1.0,337.0,0.0,1.0,337.0,0.0,1.0,337.0,0.0,1.0,337.0,0.0,1.0,337.0,0.0,337.0,0.0,0.0,0.0,1.0,337.0,0.0,337.0,0.0,0.0,0.0,1.0,337.0,0.0,337.0,0.0,0.0,0.0,1.0,337.0,0.0,337.0,0.0,0.0,0.0,1.0,337.0,0.0,337.0,0.0,0.0,0.0,1.0,1505661697.0,0.0,1.0,1505661697.0,0.0,1.0,1505661697.0,0.0,1.0,1505661697.0,0.0,1.0,1505661697.0,0.0,1.0,337.0,0.0,337.0,0.0,0.0,0.0,1.0,337.0,0.0,337.0,0.0,0.0,0.0,1.0,337.0,0.0,337.0,0.0,0.0,0.0,1.0,337.0,0.0,337.0,0.0,0.0,0.0,1.0,337.0,0.0,337.0,0.0,0.0,0.0
1.00000004,60.00000157,0.000201313,1.000046445,60.00242018,0.322894876,1.056376471,63.59502075,484.3565166,3.742442474,211.0624062,28985.25378,27.8112163,291.4648015,31207.83086,1.00000004,60.00000157,0.000201313,1.000046445,60.00242018,0.322894876,1.056376471,63.59502075,484.3565166,3.742442474,211.0624062,28985.25378,27.8112163,291.4648015,31207.83086,1.0,60.0,0.0,84.85281374,0.0,0.0,0.0,1.0,60.0,0.0,84.85281374,0.0,0.0,0.0,1.0,60.0,0.0,84.85281374,0.0,0.0,0.0,1.015926242,60.0,9.54e-07,84.85281374,1.29e-12,4.97e-29,5.46e-17,3.01772015,60.01998057,0.48925206,84.90894855,3.01297882,0.001741981,0.002054471,1.0,59.9524529,0.0,1.0,59.9524529,0.0,1.0,59.9524529,0.0,1.015926242,59.95245954,7.96e-06,3.01772015,58.26465319,51.51592578,1.0,60.0,0.0,84.85281374,0.0,0.0,0.0,1.0,60.0,0.0,84.85281374,0.0,0.0,0.0,1.0,60.0,0.0,84.85281374,0.0,0.0,0.0,1.015926242,60.0,9.54e-07,84.85281374,1.29e-12,4.97e-29,5.46e-17,3.012695503,60.0,9.54e-07,84.85281374,1.29e-12,-1.35e-29,-1.48e-17
1.22205446,91.07540905,2831.63031,1.405392492,105.8067903,3908.756606,1.742411708,125.1338496,4794.695086,4.103756693,262.2590558,28936.45843,29.45153241,287.2517144,31619.79731,1.22205446,91.07540905,2831.63031,1.405392492,105.8067903,3908.756606,1.742411708,125.1338496,4794.695086,4.103756693,262.2590558,28936.45843,29.45153241,287.2517144,31619.79731,1.22205446,91.07540905,53.21306522,204.4106899,2831.63031,0.0,0.0,1.405392491,105.80679,62.52004871,211.3860847,3908.75649,0.0,0.0,1.740102551,124.6943292,68.2260445,221.4445206,4654.793148,-1.21e-12,0.0,2.250685078,133.9877136,68.99257407,226.8076441,4759.975276,7e-20,0.0,10.6322212,134.9017029,68.99992998,227.3487837,4760.990338,1.06e-08,8.43e-07,1.22205446,5.744659272,127.0001368,1.405392491,8.864463044,175.3098232,1.740102551,12.86445572,208.7699671,2.250685078,14.8300926,213.7349,10.6322212,14.9874439,213.0895171,1.22205446,91.07540905,53.21306522,204.4106899,2831.63031,0.0,0.0,1.405392491,105.80679,62.52004871,211.3860847,3908.75649,0.0,0.0,1.740102551,124.6943292,68.2260445,221.4445206,4654.793148,-1.21e-12,0.0,2.250685078,133.9877136,68.99257407,226.8076441,4759.975276,7e-20,0.0,10.6322212,134.9017029,68.99992998,227.3487837,4760.990338,1.06e-08,8.43e-07
1.998186275,102.0,0.0,1.99891137,102.0,1.27e-08,1.999887589,101.9948783,0.21451967,3.299888139,94.05095901,254.5348666,28.44066389,93.04074398,270.8270835,1.998186275,102.0,0.0,1.99891137,102.0,1.27e-08,1.999887589,101.9948783,0.21451967,3.299888139,94.05095901,254.5348666,28.44066389,93.04074398,270.8270835,1.0,102.0,0.0,144.2497834,0.0,0.0,0.0,1.0,102.0,0.0,144.2497834,0.0,0.0,0.0,1.0,102.0,1.35e-06,144.2497834,4.07e-12,-9.1e-40,-3.5399999999999997e-28,1.071677155,102.0,1.35e-06,144.2497834,1.82e-12,5.07e-34,0.0,4.220898598,102.0,1.35e-06,144.2497834,4.07e-12,3.13e-29,1.22e-17,1.0,39.02257299,0.0,1.0,39.02257299,0.0,1.0,39.02257299,2.27e-13,1.071677155,39.0221322,1.29e-05,4.220898598,39.0089438,0.072387902,1.0,102.0,0.0,144.2497834,0.0,0.0,0.0,1.0,102.0,0.0,144.2497834,0.0,0.0,0.0,1.0,102.0,1.35e-06,144.2497834,4.07e-12,-9.1e-40,-3.5399999999999997e-28,1.071677155,102.0,1.35e-06,144.2497834,1.82e-12,5.07e-34,0.0,4.220898598,102.0,1.35e-06,144.2497834,4.07e-12,3.13e-29,1.22e-17
1.0,429.0,0.0,1.0,429.0,0.0,1.000000008,428.9999985,0.000505096,1.771129365,377.5744683,15981.71869,25.86171677,299.5715015,30507.13101,1.0,429.0,0.0,1.0,429.0,0.0,1.000000008,428.9999985,0.000505096,1.771129365,377.5744683,15981.71869,25.86171677,299.5715015,30507.13101,1.0,429.0,0.0,429.0,0.0,0.0,0.0,1.0,429.0,0.0,429.0,0.0,0.0,0.0,1.000000003,429.0000001,0.001776208,429.0000001,3.15e-06,0.0,0.0,1.428782075,437.2038182,16.40903254,437.2038182,269.2563488,0.0,0.0,13.97917096,454.3782122,19.9266725,454.3782122,397.072277,0.0,0.0,1.0,29.98547888,0.0,1.0,29.98547888,0.0,1.000000003,29.98547882,1.69e-06,1.428782075,23.98824703,143.8870182,13.97917096,11.430197,212.1671053,1.0,429.0,0.0,429.0,0.0,0.0,0.0,1.0,429.0,0.0,429.0,0.0,0.0,0.0,1.000000003,429.0000001,0.001776208,429.0000001,3.15e-06,0.0,0.0,1.428782075,437.2038182,16.40903254,437.2038182,269.2563488,0.0,0.0,13.97917096,454.3782122,19.9266725,454.3782122,397.072277,0.0,0.0
1.452454047,70.84235095,54.02925247,1.684658069,71.80004582,59.1602016,2.402662938,71.64966713,58.47939894,10.33585793,69.01356372,158.2497049,103.2819728,73.67330286,588.6869631,1.452454047,70.84235095,54.02925247,1.684658069,71.80004582,59.1602016,2.402662938,71.64966713,58.47939894,10.33585793,69.01356372,158.2497049,103.2819728,73.67330286,588.6869631,1.439580765,70.88565311,7.3689106,108.3917701,54.30084343,-8.88e-14,-8.94e-09,1.610693375,72.06638988,7.762805672,109.1675984,60.2611519,-8.52e-08,-1.88e-05,1.849353333,73.34019883,7.972744974,109.9995506,63.56528375,-0.08585889,-0.020313516,2.948010423,71.87536743,7.712712652,104.1510482,86.00111847,1.909687343,0.031417772,18.36725559,70.21510828,7.047278241,100.3705397,76.97642551,6.719287234,0.124328026,1.439580765,3.162911038,19.47314353,1.610693375,3.869989874,21.61060473,1.849353333,4.640323585,22.84042443,2.948010423,7.109726605,32.91991357,18.36725559,8.183911744,30.8273301,1.439580765,70.88565311,7.3689106,108.3917701,54.30084343,-8.88e-14,-8.94e-09,1.610693375,72.06638988,7.762805672,109.1675984,60.2611519,-8.52e-08,-1.88e-05,1.849353333,73.34019883,7.972744974,109.9995506,63.56528375,-0.08585889,-0.020313516,2.948010423,71.87536743,7.712712652,104.1510482,86.00111847,1.909687343,0.031417772,18.36725559,70.21510828,7.047278241,100.3705397,76.97642551,6.719287234,0.124328026
1.998005661,330.0,1.46e-11,1.998802919,330.0,2.91e-11,1.999625142,329.9971701,0.660280324,5.124714893,205.6509232,13984.05651,30.05728301,187.8621958,14655.52825,1.998005661,330.0,1.46e-11,1.998802919,330.0,2.91e-11,1.999625142,329.9971701,0.660280324,5.124714893,205.6509232,13984.05651,30.05728301,187.8621958,14655.52825,1.0,330.0,0.0,431.4904402,0.0,0.0,0.0,1.0,330.0,0.0,431.4904402,0.0,0.0,0.0,1.000000028,330.0,5.39e-06,431.4904402,3.25e-11,0.0,0.0,1.213438742,330.0,3.81e-06,431.4904402,1.46e-11,1.6500000000000001e-37,0.0,6.272862158,330.0,6.61e-06,431.4904402,4.37e-11,-5.09e-29,0.0,1.0,25.07456303,0.0,1.0,25.07456303,0.0,1.000000028,25.07456303,1.01e-11,1.213438742,25.07207572,7.63e-05,6.272862158,25.05376386,0.001745187,1.0,330.0,0.0,431.4904402,0.0,0.0,0.0,1.0,330.0,0.0,431.4904402,0.0,0.0,0.0,1.000000028,330.0,5.39e-06,431.4904402,3.25e-11,0.0,0.0,1.213438742,330.0,3.81e-06,431.4904402,1.46e-11,1.6500000000000001e-37,0.0,6.272862158,330.0,6.61e-06,431.4904402,4.37e-11,-5.09e-29,0.0
1.952703625,329.8178487,42.22593671,1.993361332,327.3286227,612.6483713,2.54946922,278.8393299,9320.108572,9.953807962,150.8620869,10473.18056,32.2562064,180.759104,14385.40599,1.952703625,329.8178487,42.22593671,1.993361332,327.3286227,612.6483713,2.54946922,278.8393299,9320.108572,9.953807962,150.8620869,10473.18056,32.2562064,180.759104,14385.40599,1.0,330.0,0.0,431.4904402,0.0,0.0,0.0,1.0,330.0,0.0,431.4904402,0.0,0.0,0.0,1.000000029,330.0,6.61e-06,431.4904402,4.37e-11,0.0,0.0,1.214244331,330.0,6.61e-06,431.4904402,4.37e-11,1.78e-46,0.0,6.277161306,330.0,7.63e-06,431.4904402,1.98e-10,-1.85e-25,-1.76e-15,1.0,25.01994085,0.0,1.0,25.01994085,0.0,1.000000029,25.01994085,6.48e-11,1.214244331,25.02730905,0.000313659,6.277161306,25.03511155,0.026413746,1.0,330.0,0.0,431.4904402,0.0,0.0,0.0,1.0,330.0,0.0,431.4904402,0.0,0.0,0.0,1.000000029,330.0,6.61e-06,431.4904402,4.37e-11,0.0,0.0,1.214244331,330.0,6.61e-06,431.4904402,4.37e-11,1.78e-46,0.0,6.277161306,330.0,5.39e-06,431.4904402,2.06e-10,-1.59e-25,-2.06e-15
2.988960606,102.0,3.64e-12,2.993368263,102.0,0.0,2.997786727,102.0,9.52e-08,3.668013662,100.3381637,59.48576868,28.96651228,93.47853117,262.4951183,2.988960606,102.0,3.64e-12,2.993368263,102.0,0.0,2.997786727,102.0,9.52e-08,3.668013662,100.3381637,59.48576868,28.96651228,93.47853117,262.4951183,1.0,102.0,0.0,144.2497834,0.0,0.0,0.0,1.0,102.0,0.0,144.2497834,0.0,0.0,0.0,1.0,102.0,0.0,144.2497834,0.0,-6.12e-145,0.0,1.071645564,102.0,1.35e-06,144.2497834,2.57e-12,5.01e-34,2.7600000000000002e-22,4.218181519,101.9996585,0.119762778,144.2493309,0.016599369,1.8e-07,1.64e-05,1.0,39.02844787,0.0,1.0,39.02844787,0.0,1.0,39.02844787,2.27e-13,1.071645564,39.02806646,2.69e-06,4.218181519,12281.70683,18400000000000.0,1.0,102.0,0.0,144.2497834,0.0,0.0,0.0,1.0,102.0,0.0,144.2497834,0.0,0.0,0.0,1.0,102.0,0.0,144.2497834,0.0,-6.12e-145,0.0,1.071645564,102.0,1.35e-06,144.2497834,2.57e-12,5.01e-34,2.7600000000000002e-22,4.218181519,101.9996585,0.119762778,144.2493309,0.016599369,1.8e-07,1.64e-05
1.992500706,330.0,0.0,1.995493651,330.0,1.46e-11,1.998496573,329.999879,0.03266899,2.728319804,300.1311462,7172.271152,22.40970065,218.1902676,16076.16046,1.992500706,330.0,0.0,1.995493651,330.0,1.46e-11,1.998496573,329.999879,0.03266899,2.728319804,300.1311462,7172.271152,22.40970065,218.1902676,16076.16046,1.0,330.0,0.0,431.4904402,0.0,0.0,0.0,1.0,330.0,0.0,431.4904402,0.0,0.0,0.0,1.000000028,330.0,5.39e-06,431.4904402,2.91e-11,-2.9299999999999996e-42,0.0,1.213328395,330.0,6.61e-06,431.4904402,4.37e-11,-1.28e-31,0.0,6.27701146,330.0,7.63e-06,431.4904402,6.51e-11,2.4000000000000002e-29,5.82e-19,1.0,25.094944,0.0,1.0,25.094944,0.0,1.000000028,25.094944,2.51e-10,1.213328395,25.07827932,0.001658352,6.27701146,25.03571706,0.0128192,1.0,330.0,0.0,431.4904402,0.0,0.0,0.0,1.0,330.0,0.0,431.4904402,0.0,0.0,0.0,1.000000028,330.0,5.39e-06,431.4904402,2.91e-11,-2.9299999999999996e-42,0.0,1.213328395,330.0,6.61e-06,431.4904402,4.37e-11,-1.28e-31,0.0,6.27701146,330.0,7.63e-06,431.4904402,6.51e-11,2.4000000000000002e-29,5.82e-19
1.445577465,66.0,1.32e-07,2.068861898,66.00001831,0.00164778,3.61170293,66.18671214,16.77225463,11.66399395,71.49691717,461.727191,97.30344483,71.10487656,403.2639777,1.445577465,66.0,1.32e-07,2.068861898,66.00001831,0.00164778,3.61170293,66.18671214,16.77225463,11.66399395,71.49691717,461.727191,97.30344483,71.10487656,403.2639777,1.0,66.0,0.0,93.33809512,9.09e-13,-6.22e-44,0.0,1.0,66.0,9.54e-07,93.33809512,1.53e-07,-1.1e-25,-2.94e-16,1.000029699,66.00000041,0.002561758,93.34762682,0.215478472,-1.62e-07,-0.000136308,1.932037785,67.64810031,4.863473073,97.59632692,55.90953993,4.164265106,0.120298716,18.60563394,69.845797,6.836855776,99.59785213,72.18898417,3.476517793,0.068557853,1.0,15.04184222,0.0,1.0,15.04184222,5.97e-13,1.000029699,15.04169445,0.000738662,1.932037785,11.52716272,25.57428431,18.60563394,8.130512297,46.13485871,1.0,66.0,0.0,93.33809512,9.09e-13,-6.22e-44,0.0,1.0,66.0,9.54e-07,93.33809512,1.53e-07,-1.1e-25,-2.94e-16,1.000029699,66.00000041,0.002561758,93.34762682,0.215478472,-1.62e-07,-0.000136308,1.932037785,67.64810031,4.863473073,97.59632692,55.90953993,4.164265106,0.120298716,18.60563394,69.845797,6.836855776,99.59785213,72.18898417,3.476517793,0.068557853
1.000039476,65.99999975,1.47e-06,1.00240499,65.99977932,0.001324005,1.293655081,65.84578993,0.904900843,10.81911775,67.44031034,126.2640249,101.2139463,70.32993707,314.7669949,1.000039476,65.99999975,1.47e-06,1.00240499,65.99977932,0.001324005,1.293655081,65.84578993,0.904900843,10.81911775,67.44031034,126.2640249,101.2139463,70.32993707,314.7669949,1.000039434,66.0,9.54e-07,122.3297416,0.078004466,-5.0600000000000005e-21,-1.9e-14,1.00236461,66.0,0.0,122.2416177,3.939750164,-8.65e-18,0.0,1.245144691,66.00000025,0.004753798,117.3817989,184.2578212,2.75e-06,4.26e-05,8.405384636,67.70755108,12.17570057,111.4757864,372.7268551,26.32897029,0.116934262,79.34288138,70.95772615,19.61718486,116.0057725,509.4668851,66.0204149,0.184188471,1.000039434,2.926530407,2.24e-05,1.00236461,2.924702247,0.001903099,1.245144691,2.690416651,0.652227341,8.405384636,1.9507504,3.628919922,79.34288138,1.842388938,3.623444188,1.0,66.0,9.54e-07,122.3315168,2.03e-12,-4.71e-135,-3.66e-123,1.000000001,66.0,0.0,122.3315168,1.82e-12,3.87e-31,0.0,1.00104081,66.0,9.54e-07,122.3314884,0.001247636,4.78e-19,1.42e-11,2.280206961,66.00016874,0.044997923,118.473169,149.4199014,-0.003437599,-0.006249691,19.95276141,66.43014305,2.230850413,115.917398,232.1771837,0.886220286,0.026074222
1.54430523,292.9525701,14668.69417,2.07734221,334.8774942,16093.14272,3.132383406,375.7828878,14093.35555,4.791489908,368.6106138,18593.10366,30.84078057,290.5004026,31758.891,1.54430523,292.9525701,14668.69417,2.07734221,334.8774942,16093.14272,3.132383406,375.7828878,14093.35555,4.791489908,368.6106138,18593.10366,30.84078057,290.5004026,31758.891,1.0,204.0,0.0,274.0529146,0.0,0.0,0.0,1.0,204.0,0.0,274.0529146,0.0,0.0,0.0,1.000000002,203.9999998,0.0049528,274.0529145,2.45e-05,-5.2999999999999994e-48,0.0,1.290033796,188.2426844,43.88868367,262.5343944,1926.216554,7.03e-16,0.0,9.661535526,142.0575403,68.63811561,231.6664515,4711.190914,-1.77e-13,0.0,1.0,29.53212881,0.0,1.0,29.53212881,0.0,1.000000002,29.53212877,1.09e-06,1.290033796,26.23371089,85.66798727,9.661535526,16.49905209,211.2844451,1.0,204.0,0.0,274.0529146,0.0,0.0,0.0,1.0,204.0,0.0,274.0529146,0.0,0.0,0.0,1.000000002,203.9999998,0.0049528,274.0529145,2.45e-05,-5.2999999999999994e-48,0.0,1.290033796,188.2426844,43.88868367,262.5343944,1926.216554,7.03e-16,0.0,9.661535526,142.0575403,68.63811561,231.6664515,4711.190914,-1.77e-13,0.0
1.000011968,428.9958634,1.454865992,1.001348451,428.5553958,151.2432192,1.169373038,384.5021962,12354.77418,3.230005397,267.4826201,25620.61225,27.87187492,285.7704846,31098.22131,1.000011968,428.9958634,1.454865992,1.001348451,428.5553958,151.2432192,1.169373038,384.5021962,12354.77418,3.230005397,267.4826201,25620.61225,27.87187492,285.7704846,31098.22131,1.0,429.0,0.0,429.0,0.0,0.0,0.0,1.0,429.0,0.0,429.0,0.0,0.0,0.0,1.000000003,429.0000001,0.001771006,429.0000001,3.14e-06,0.0,0.0,1.428612916,437.2006467,16.40658182,437.2006467,269.1759269,0.0,0.0,13.97908999,454.3781311,19.9266876,454.3781311,397.0728787,0.0,0.0,1.0,29.99839783,0.0,1.0,29.99839783,0.0,1.000000003,29.99839777,1.68e-06,1.428612916,23.99843292,143.9924693,13.97908999,11.43041973,212.2140289,1.0,429.0,0.0,429.0,0.0,0.0,0.0,1.0,429.0,0.0,429.0,0.0,0.0,0.0,1.000000003,429.0000001,0.001771006,429.0000001,3.14e-06,0.0,0.0,1.428612916,437.2006467,16.40658182,437.2006467,269.1759269,0.0,0.0,13.97908999,454.3781311,19.9266876,454.3781311,397.0728787,0.0,0.0
1.582204884,99.09855819,1883.355683,1.730789757,103.5747211,1969.865233,2.156824429,103.4449781,1967.921593,10.18190811,76.19799988,796.9331708,95.83219851,71.17022638,403.9641514,1.582204884,99.09855819,1883.355683,1.730789757,103.5747211,1969.865233,2.156824429,103.4449781,1967.921593,10.18190811,76.19799988,796.9331708,95.83219851,71.17022638,403.9641514,1.582204884,99.09855819,43.39764605,154.8556745,1883.355685,-0.132698254,-0.01056704,1.730789757,103.5747211,44.38316384,157.6628945,1969.866421,-3.50210056,-0.053649031,2.156717026,103.4468422,44.3615803,154.1175028,1972.18864,-50.09664218,-0.099337255,9.033851991,77.20745755,29.7156543,120.7836928,966.7439132,294.4978475,0.499580535,75.49105974,71.97389541,22.25418567,117.2602846,598.7133335,92.70933529,0.227124138,1.582204884,0.892362375,0.930767516,1.730789757,1.003023779,0.982225281,2.156717026,1.26345725,1.133515599,9.033851991,1.798890528,3.152403984,75.49105974,1.936414518,3.632670868,1.581874486,99.10547133,43.39954133,154.8641139,1883.520188,-7.29e-05,-0.000136204,1.722633774,103.7526224,44.41256036,157.876712,1972.475521,-0.063780222,-0.004101799,1.929886514,107.848182,44.889487,159.2685361,2017.17825,-47.35646102,-0.109815532,3.316042232,96.53079959,42.61035366,134.3228359,1946.423139,99.96573341,0.088581566,18.78112402,89.67500934,39.61761434,123.4867802,1696.53678,127.6499741,0.126966826
1.317444862,66.20568064,3.248585674,1.572766393,66.88052013,13.31300632,2.375446829,68.97959375,38.80628935,11.09388931,70.01868184,238.5697458,96.61929831,70.65194247,354.5013411,1.317444862,66.20568064,3.248585674,1.572766393,66.88052013,13.31300632,2.375446829,68.97959375,38.80628935,11.09388931,70.01868184,238.5697458,96.61929831,70.65194247,354.5013411,1.000000117,66.0,9.54e-07,122.331514,0.000122798,-1.07e-24,-1.01e-16,1.000120693,66.0,0.0,122.3290824,0.106971503,5.18e-14,0.0,1.129799087,66.00030595,0.165939301,120.334266,82.41302593,0.002733689,0.001814688,7.859440579,69.61084966,17.66177324,115.2423285,449.7277886,90.20206253,0.283750701,74.95960564,71.21235214,20.96538938,116.4988547,552.3393292,75.93297452,0.198035288,1.000000117,4.97920844,2.35e-06,1.000120693,4.978690743,0.002398249,1.129799087,4.497926558,1.970802289,7.859440579,2.105660158,4.182924295,74.95960564,1.950501432,3.734887351,1.0,66.0,0.0,122.3315168,1.82e-12,-4.6400000000000006e-73,0.0,1.000000001,66.0,9.54e-07,122.3315168,2.03e-12,2.66e-47,2.07e-35,1.001017846,66.0,9.54e-07,122.3315168,1.31e-09,4.91e-25,1.42e-14,2.073374572,66.00000001,0.000258789,121.3229111,42.95851139,-2.28e-07,-0.000134488,18.80155886,66.08094196,0.982217833,116.2504759,218.0974731,-0.156914465,-0.010817626
1.000000011,60.000003,0.000810498,1.000022286,60.00601701,1.624555407,1.044671331,71.54549979,2983.986378,3.274368707,200.2071209,17430.45062,28.92492375,185.416061,15185.16903,1.000000011,60.000003,0.000810498,1.000022286,60.00601701,1.624555407,1.044671331,71.54549979,2983.986378,3.274368707,200.2071209,17430.45062,28.92492375,185.416061,15185.16903,1.0,60.0,0.0,84.85281374,0.0,1.9e-75,0.0,1.0,60.0,0.0,84.85281374,0.0,2.39e-44,0.0,1.000000025,60.0,4.42e-06,84.85281374,1.07e-08,8.56e-13,0.001876273,1.614152077,66.71022221,14.49004355,113.6647004,12888.49421,440.7817841,0.267967223,16.85045488,81.81207618,18.79074846,145.1542359,18663.00874,463.2199137,0.180464251,1.0,25.29657507,0.0,1.0,25.29657507,0.0,1.000000025,25.29657458,9.82e-06,1.614152077,17.98136386,104.0297746,16.85045488,25411.25197,38249800000000.0,1.0,60.0,0.0,84.85281374,0.0,0.0,0.0,1.0,60.0,0.0,84.85281374,0.0,0.0,0.0,1.000000024,60.0,0.0,84.85281374,0.0,-5.490000000000001e-79,0.0,1.208585073,60.0,6.74e-07,84.85281374,4.55e-13,-6.89e-30,0.0,6.368958505,60.0,1.17e-06,84.85281374,1.64e-12,1.9700000000000002e-29,1.77e-17
4.873526717,66.0,2.73e-12,5.261751214,66.00000002,2.07e-06,5.752269567,66.01723718,1.553038262,13.0368863,69.82991596,333.8160025,105.3099101,70.92143913,364.7490758,4.873526717,66.0,2.73e-12,5.261751214,66.00000002,2.07e-06,5.752269567,66.01723718,1.553038262,13.0368863,69.82991596,333.8160025,105.3099101,70.92143913,364.7490758,4.873526715,66.0,1.65e-06,102.9406365,311.9843079,6.66e-13,2.28e-08,5.261746477,66.00000002,0.001437324,104.5886787,330.922772,6.88e-07,2.63e-05,5.735454546,66.0173085,1.247984423,106.3544721,341.2083395,0.635456288,0.027565696,11.43297224,70.39148675,19.3498264,113.4634817,523.6842396,166.1133078,0.448646377,84.49437461,71.71410054,20.94351786,116.2687656,556.923633,57.43202805,0.148029671,4.873526715,1.228574481,9.826904437,5.261746477,1.372498717,10.82968055,5.735454546,1.521284079,11.82180976,11.43297224,1.679538227,11.94362172,84.49437461,1.750927022,9.722740643,1.626879514,66.0,0.0,102.8819562,311.1369641,-3.09e-44,0.0,1.755632184,66.0,0.0,104.550751,330.591241,-7.68e-50,0.0,1.911705953,66.0,0.0,106.3239564,340.9489513,2.77e-16,0.0,3.328021324,66.06562921,0.885010371,110.1879745,328.6663536,0.844665664,0.052645284,23.37927233,67.02788035,3.358277269,114.455777,273.9898615,11.99807432,0.215929444
2.986514233,456.4152546,373.2444528,2.992280478,456.331361,393.8612125,3.074158098,446.5242648,4140.485917,5.436324981,326.6479923,30509.381,29.75222266,298.104981,31358.09624,2.986514233,456.4152546,373.2444528,2.992280478,456.331361,393.8612125,3.074158098,446.5242648,4140.485917,5.436324981,326.6479923,30509.381,29.75222266,298.104981,31358.09624,2.986512174,456.4155278,19.31673891,456.4155278,373.1364021,0.0,0.0,2.991893102,456.3826758,19.3280099,456.3826758,373.5719668,0.0,0.0,2.997292957,456.3497894,19.33923174,456.3497894,374.0058841,0.0,0.0,3.428458415,456.3357804,19.34398071,456.3357804,374.1895896,0.0,0.0,15.97895716,456.333594,19.34473499,456.333594,374.2187719,0.0,0.0,2.986512174,9.936920024,199.1940045,2.991893102,9.960643532,199.4333613,2.997292957,9.984392945,199.6718521,3.428458415,9.99541112,199.7848765,15.97895716,9.999622765,199.8976838,2.986512174,456.4155278,19.31673891,456.4155278,373.1364021,0.0,0.0,2.991893102,456.3826758,19.3280099,456.3826758,373.5719668,0.0,0.0,2.997292957,456.3497894,19.33923174,456.3497894,374.0058841,0.0,0.0,3.428458415,456.3357804,19.34398071,456.3357804,374.1895896,0.0,0.0,15.97895716,456.333594,19.34473499,456.333594,374.2187719,0.0,0.0
1.999953248,76.99999356,7.09e-05,2.00060371,76.99652249,0.038240485,2.351505633,75.35568416,15.3838074,14.93665802,68.63074716,89.61134347,105.7192208,70.31443359,298.7104001,1.999953248,76.99999356,7.09e-05,2.00060371,76.99652249,0.038240485,2.351505633,75.35568416,15.3838074,14.93665802,68.63074716,89.61134347,105.7192208,70.31443359,298.7104001,1.999952076,77.0,1.35e-06,97.61659695,1.82e-12,0.0,0.0,1.999971245,77.0,0.0,97.61659695,0.0,0.0,0.0,1.999990415,77.0,5.82e-05,97.61659695,3.38e-09,0.0,0.0,2.092304195,76.25001937,3.491017002,97.02610708,12.18719971,-4.92e-16,-1.48e-10,5.146141679,66.60706541,8.289327767,89.64689297,68.71354089,-0.002071704,-0.000469144,1.999952076,17.65635082,311.7611769,1.999971245,17.65652006,311.761177,1.999990415,17.6566893,311.7611771,2.092304195,18.63720029,318.8351356,5.146141679,32.11850041,259.6886137,1.999952076,77.0,1.35e-06,77.0,1.82e-12,0.0,0.0,1.999971245,77.0,0.0,77.0,0.0,0.0,0.0,1.999990415,77.0,0.0,77.0,0.0,0.0,0.0,1.999999041,77.0,9.54e-07,77.0,9.09e-13,0.0,0.0,1.999999904,77.0,0.0,77.0,0.0,0.0,0.0
1.310018129,134.7013228,1463.248886,1.602222206,122.1699521,1900.42723,2.702402972,99.1226052,1901.311963,11.78700308,74.4200476,721.367439,103.9820701,70.8822732,405.7251906,1.310018129,134.7013228,1463.248886,1.602222206,122.1699521,1900.42723,2.702402972,99.1226052,1901.311963,11.78700308,74.4200476,721.367439,103.9820701,70.8822732,405.7251906,1.038923419,152.6281368,17.09088147,166.2886885,292.0982745,-0.001784779,-0.000259059,1.144729121,144.6212199,29.91009144,159.057953,894.6478211,-0.709300488,-0.008475712,1.850583195,114.6333175,44.85308243,135.7720819,2022.145846,-117.1386517,-0.182714695,8.900087575,77.56942581,30.1076017,116.5851862,972.245674,-193.1161757,-0.342103253,76.85605216,72.34460202,22.85709312,116.9564724,622.7129985,-43.53519021,-0.103469939,1.038923419,1.000777627,0.105413574,1.144729121,1.150101291,0.326735859,1.850583195,1.476139615,1.361506281,8.900087575,1.850155973,3.886344597,76.85605216,1.903409614,4.036451539,1.03890907,152.6293332,17.0879671,166.2880433,291.9986196,-2.2199999999999999e-131,0.0,1.142570776,144.7697374,29.74230715,159.1046098,884.6048349,3.52e-64,0.0,1.522423938,125.1162539,42.72857797,141.4569794,1825.731375,-1.61e-06,-1.69e-05,2.734808684,103.6124655,44.38946197,125.4681674,1983.74945,-87.06812659,-0.129463585,19.69338261,90.34470009,39.97947679,121.9843389,1704.19559,48.54397268,0.049937445
1.000000148,60.00000622,0.000261332,1.000152083,60.00638642,0.268184848,1.159076204,65.75386577,208.1609361,5.5889856,92.74998091,285.818485,30.47317052,92.72248833,282.5724863,1.000000148,60.00000622,0.000261332,1.000152083,60.00638642,0.268184848,1.159076204,65.75386577,208.1609361,5.5889856,92.74998091,285.818485,30.47317052,92.72248833,282.5724863,1.0,60.0,1.89e-05,114.9086594,3.56e-10,6.88e-151,0.0,1.000000027,60.00000103,0.006268768,114.9086599,3.93e-05,1.94e-89,0.0,1.003007916,60.11395804,2.07784002,114.9682032,4.317419148,-7.31e-10,-5.51e-08,1.800436484,73.28572768,18.12035021,115.9840755,408.0408037,-30.97083195,-0.109812963,10.53710312,75.1729824,18.60955491,107.445143,496.8800784,22.60943303,0.064363688,1.0,8.377019882,6.85e-11,1.000000027,8.377020336,7.58e-06,1.003007916,8.427053479,0.83225748,1.800436484,14.26058684,90.52860439,10.53710312,14.89429788,107485622.8,1.0,60.0,0.0,84.85281374,0.0,0.0,0.0,1.0,60.0,0.0,84.85281374,4.55e-13,0.0,0.0,1.0,60.0,9.54e-07,84.85281374,1.02e-12,8.39e-39,1.3e-26,1.170959936,60.0,6.74e-07,84.85281374,1.02e-12,-3.4400000000000003e-29,-5.35e-17,6.328940345,60.0,1.35e-06,84.85281374,1.82e-12,4.55e-29,0.0
1.992790243,66.0,8.2e-10,1.995668546,65.99999813,1.12e-05,2.016534873,65.97464455,0.156469804,9.752596215,68.63937048,243.8389906,102.1245511,70.8496687,360.5618629,1.992790243,66.0,8.2e-10,1.995668546,65.99999813,1.12e-05,2.016534873,65.97464455,0.156469804,9.752596215,68.63937048,243.8389906,102.1245511,70.8496687,360.5618629,1.992790243,66.0,0.0,122.3315168,1.87e-10,-2.8e-26,0.0,1.995667924,66.0,1.35e-06,122.3315164,1.89e-05,6.27e-16,1.07e-07,2.007865987,66.00005188,0.068333897,122.2613874,3.076803874,0.00081947,0.006836708,8.023555015,69.30400208,16.84037415,116.193765,408.4771645,50.69313967,0.175564533,80.58196266,71.71742988,20.94760933,117.0535634,548.5065447,63.99041117,0.168388083,1.992790243,4.152595703,17.35181798,1.995667924,4.158623921,17.35196319,2.007865987,4.152304697,17.34102913,8.023555015,2.321958842,12.81289038,80.58196266,1.836809326,10.2914938,1.0,66.0,9.54e-07,122.3315168,5.53e-12,-4.9799999999999995e-297,-2.24e-285,1.000000002,66.0,0.0,122.3315167,2.09e-06,-4.27e-175,0.0,1.002087939,66.0,9.54e-07,122.295727,1.571046396,-6.02e-16,-5.03e-10,2.524468073,66.03872363,0.680576253,116.0359979,223.2027486,-0.090849289,-0.008935018,21.05712921,66.7665675,2.93448194,115.7941617,240.2498372,0.421043851,0.009259849
1.202421174,130.845526,6541.333457,1.598468527,164.1945953,10975.42166,3.096336527,189.5530026,12858.34628,6.268665388,181.5277436,12958.59786,34.58016926,176.0264361,15911.0793,1.202421174,130.845526,6541.333457,1.598468527,164.1945953,10975.42166,3.096336527,189.5530026,12858.34628,6.268665388,181.5277436,12958.59786,34.58016926,176.0264361,15911.0793,1.032187743,98.0,1.35e-06,138.5929291,4.07e-12,1.1900000000000001e-29,4.64e-18,1.142391039,98.0,0.0,138.5929291,0.0,0.0,0.0,1.874444593,97.999988,0.021352973,138.5929024,0.001078423,5.4e-10,8.08e-07,3.955902162,94.73150792,10.65454816,133.2236632,184.9955921,56.38204309,0.437848514,13.75127234,82.38202787,18.51742621,130.9299613,10216.77007,116.4954712,0.06225783,1.032187743,1.001089455,0.0081385,1.142391039,1.028892536,0.471939666,1.874444593,2.110827604,17.28953299,3.955902162,6.129320755,70.58413942,13.75127234,11.73810237,260.7681095,1.032187743,98.0,1.35e-06,138.5929291,4.07e-12,1.1900000000000001e-29,4.64e-18,1.142391039,98.0,0.0,138.5929291,0.0,0.0,0.0,1.874444001,98.0,1.35e-06,138.5929291,1.82e-12,1.75e-184,0.0,3.615642258,98.0,1.35e-06,138.5929291,2.57e-12,1.1900000000000001e-29,6.55e-18,8.003007204,98.0,1.91e-06,138.5929291,4.07e-12,2.08e-28,8.1e-17
1.000000328,60.00010983,0.043347882,1.000244102,60.07296013,28.4829288,1.199441813,101.6641674,14055.44896,5.913342858,246.2694736,34069.421,32.1577286,274.6716015,32970.34677,1.000000328,60.00010983,0.043347882,1.000244102,60.07296013,28.4829288,1.199441813,101.6641674,14055.44896,5.913342858,246.2694736,34069.421,32.1577286,274.6716015,32970.34677,1.0,60.0,0.0,84.85281374,0.0,0.0,0.0,1.0,60.0,0.0,84.85281374,0.0,0.0,0.0,1.000000001,60.0,0.0,84.85281374,0.0,-3.3500000000000003e-56,0.0,1.144642719,60.0,0.0,84.85281374,9.09e-13,-3.02e-33,0.0,4.761541507,60.00000004,0.00065453,84.85281384,5.41e-06,9.29e-15,6.11e-09,1.0,30.06592798,0.0,1.0,30.06592798,0.0,1.000000001,30.06592798,1.36e-12,1.144642719,30.00621443,3.691940771,4.761541507,35.38333986,395.4305431,1.0,60.0,0.0,84.85281374,0.0,0.0,0.0,1.0,60.0,0.0,84.85281374,0.0,0.0,0.0,1.000000001,60.0,0.0,84.85281374,0.0,-3.3500000000000003e-56,0.0,1.144642719,60.0,0.0,84.85281374,9.09e-13,-3.02e-33,0.0,4.761541493,60.0,0.0,84.85281374,9.09e-13,-1.67e-29,0.0
1.0,330.0,2.91e-11,1.000000001,329.9999999,3.34e-05,1.001674536,329.6102091,90.80920186,5.724856295,151.7114903,10709.00546,29.75169128,180.8422426,14302.19982,1.0,330.0,2.91e-11,1.000000001,329.9999999,3.34e-05,1.001674536,329.6102091,90.80920186,5.724856295,151.7114903,10709.00546,29.75169128,180.8422426,14302.19982,1.0,330.0,0.0,431.4904402,0.0,0.0,0.0,1.0,330.0,0.0,431.4904402,0.0,0.0,0.0,1.00000003,330.0,6.61e-06,431.4904402,4.6e-11,-2.28e-66,-9.05e-56,1.214462119,330.0,6.61e-06,431.4904402,4.37e-11,3.49e-44,0.0,6.273282483,330.0,7.63e-06,431.4904402,5.82e-11,3.11e-27,0.0,1.0,25.00086808,0.0,1.0,25.00086808,0.0,1.00000003,25.00086808,2.01e-10,1.214462119,25.01526097,0.000968352,6.273282483,25.05194909,0.007068237,1.0,330.0,0.0,431.4904402,0.0,0.0,0.0,1.0,330.0,0.0,431.4904402,0.0,0.0,0.0,1.00000003,330.0,6.61e-06,431.4904402,4.6e-11,-2.28e-66,-9.05e-56,1.214462119,330.0,6.61e-06,431.4904402,4.37e-11,3.49e-44,0.0,6.273282483,330.0,7.63e-06,431.4904402,5.82e-11,3.11e-27,0.0
1.691137447,102.521882,1953.112575,1.841339864,105.0043836,1988.308444,2.55007816,99.36376713,1843.545858,12.4687252,77.45052597,4196.65569,120.8795273,139.6169137,81017.4872,1.691137447,102.521882,1953.112575,1.841339864,105.0043836,1988.308444,2.55007816,99.36376713,1843.545858,12.4687252,77.45052597,4196.65569,120.8795273,139.6169137,81017.4872,1.691104438,102.5224741,44.19424798,157.0147641,1953.131935,-2.047342995,-0.041950067,1.838653693,105.0512947,44.60507712,158.2665324,1989.636179,-15.69295996,-0.11340968,2.317830389,102.0129318,44.09345309,152.8387857,1946.40748,-26.10162533,-0.061720523,8.945433624,81.16480379,75.97751774,125.9521194,6312.992943,409.2741575,0.106556903,94.71518455,159.4749209,318.6850013,204.0185766,111112.2358,6522.955382,0.09641181,1.691104438,0.658267137,0.471469126,1.838653693,0.788172632,0.805786038,2.317830389,1.365419156,2.59219696,8.945433624,1.843876945,3.971328681,94.71518455,1.543818079,3.627702456,1.686259089,102.6274189,44.2142498,157.1412966,1954.899885,-1.93e-12,-3.23e-08,1.797797858,105.9387544,44.71446962,159.3236319,1999.383793,-2.04e-06,-2.34e-05,1.928447424,109.2844923,44.96728848,161.5244973,2022.059411,-1.72571121,-0.021793308,2.944860693,99.42157891,43.48494182,139.0221529,2010.741993,28.50911075,0.025073557,19.19900521,93.43368387,41.42975167,126.9107729,1875.835353,172.6915537,0.15152603
2.0609145,65.99896571,0.006204696,2.194478018,65.97671095,0.139191924,2.81695136,65.56789121,2.469392214,11.08982238,67.18733081,99.48677014,97.00452278,70.20230198,322.7791851,2.0609145,65.99896571,0.006204696,2.194478018,65.97671095,0.139191924,2.81695136,65.56789121,2.469392214,11.08982238,67.18733081,99.48677014,97.00452278,70.20230198,322.7791851,1.999985982,66.0,1.35e-06,122.3315168,6.94e-09,-1.32e-24,-1.17e-14,2.000021971,66.0,9.54e-07,122.3315128,0.000175179,-1.47e-22,-1.16e-14,2.040899348,66.00000001,0.000743595,122.2020568,5.666621089,2.97e-08,1.68e-05,7.798038064,67.36091779,10.96769891,114.7552536,309.0884502,18.59477967,0.100476844,73.95432368,70.84865023,20.10817283,116.8125934,515.3999307,35.75413801,0.099459644,1.999985982,2.502399392,6.262070306,2.000021971,2.502405736,6.261975263,2.040899348,2.499148911,6.148917507,7.798038064,2.124654938,4.24768004,73.95432368,1.976974426,3.72151308,1.0,66.0,9.54e-07,122.3315168,2.03e-12,-8.29e-165,-6.45e-153,1.000000002,66.0,9.54e-07,122.3315167,1.75e-06,-8.69e-22,-6.89e-13,1.002036266,66.0,0.0,122.2977858,1.480762566,-2.4e-16,0.0,2.523005299,66.0,1.35e-06,115.9597088,224.6376763,-1.24e-14,-6.11e-10,18.96129818,66.00048325,0.076149453,116.1960662,218.3306033,-0.006611708,-0.005876105
1.000000332,66.0,1.9e-10,1.000226412,66.00000084,1.35e-05,1.182515919,66.05075335,0.80948377,9.849610408,68.33340284,131.8264414,103.7179534,97.22283752,31835.17216,1.000000332,66.0,1.9e-10,1.000226412,66.00000084,1.35e-05,1.182515919,66.05075335,0.80948377,9.849610408,68.33340284,131.8264414,103.7179534,97.22283752,31835.17216,1.000000332,66.0,9.54e-07,122.3315052,0.00051082,1.76e-50,8.16e-43,1.000226295,66.0,0.0,122.3253728,0.269940848,9.09e-25,0.0,1.174763308,66.00000008,0.002740211,119.257389,122.3396269,-2.61e-07,-8.61e-06,8.11564393,67.62857544,11.99795538,112.0555688,363.9936944,-0.623964603,-0.002844277,82.73731506,104.4819842,199.0811513,147.8380298,42937.27376,587.5524526,0.022964192,1.000000332,4.456883626,5.2e-06,1.000226295,4.456075885,0.003498003,1.174763308,3.95125264,1.989751824,8.11564393,2.072473299,5.166565794,82.73731506,1.770695546,4.737214632,1.0,66.0,0.0,122.3315168,0.0,-2.9800000000000004e-73,0.0,1.000000001,66.0,0.0,122.3315168,0.0,2.6e-67,0.0,1.000982414,66.0,0.0,122.3315168,1.35e-09,-4.2e-31,0.0,2.07925256,66.00074568,0.094591649,121.145794,50.23625637,-0.009420129,-0.014050618,18.63668957,66.44863443,2.276478538,117.6027507,185.3011961,2.269248308,0.073242693
2.693676546,63.97092634,8.057302041,2.80903625,63.98028956,8.039032386,3.069390197,64.08134817,7.83109819,10.84399979,67.60870068,174.8638607,95.89369787,70.27179752,341.1565342,2.693676546,63.97092634,8.057302041,2.80903625,63.98028956,8.039032386,3.069390197,64.08134817,7.83109819,10.84399979,67.60870068,174.8638607,95.89369787,70.27179752,341.1565342,1.782731858,66.0,0.0,122.3315136,0.000142122,2.32e-32,0.0,1.863462942,66.0,0.0,122.3288648,0.116528532,4.77e-18,0.0,2.087362189,66.00000553,0.022304437,120.4117193,79.40917457,9.91e-05,0.000498415,8.530915926,68.36785202,14.40485884,114.6680733,374.2337365,58.06801505,0.228423626,74.15994219,71.01667057,20.5607865,116.8092775,532.9996277,53.99013192,0.145744043,1.782731858,2.130768141,5.42197942,1.863462942,2.244502413,5.474124905,2.087362189,2.289576592,5.521690491,8.530915926,1.951537178,4.522691804,74.15994219,1.971656575,3.769162833,1.782731687,66.0,9.54e-07,122.3315168,9.09e-13,-1.4800000000000003e-163,0.0,1.863311945,66.0,9.54e-07,122.3315168,9.09e-13,1.18e-262,0.0,1.953113736,66.0,9.54e-07,122.3315168,1.3e-09,3.18e-31,9.25e-21,3.054035372,66.0,0.0,121.3674338,41.11991836,-1.06e-19,0.0,18.95027245,66.00000843,0.010057527,117.1388598,191.5603273,-4.01e-05,-0.000288225
1.0,330.0,0.0,1.0,330.0,0.0,1.000000056,330.0,1.1e-07,1.974338032,263.4333394,11612.43462,27.0099113,189.6340823,14898.09921,1.0,330.0,0.0,1.0,330.0,0.0,1.000000056,330.0,1.1e-07,1.974338032,263.4333394,11612.43462,27.0099113,189.6340823,14898.09921,1.0,330.0,0.0,431.4904402,0.0,0.0,0.0,1.0,330.0,0.0,431.4904402,0.0,0.0,0.0,1.000000028,330.0,6.61e-06,431.4904402,4.37e-11,-1.6500000000000002e-303,0.0,1.213350873,330.0,6.61e-06,431.4904402,4.37e-11,2.14e-91,0.0,6.272998959,330.0,5.39e-06,431.4904402,4.12e-11,1.4000000000000002e-27,4.8e-17,1.0,25.08823395,0.0,1.0,25.08823395,0.0,1.000000028,25.08823395,1.19e-10,1.213350873,25.07698978,0.000602578,6.272998959,25.05316573,0.001326751,1.0,330.0,0.0,431.4904402,0.0,0.0,0.0,1.0,330.0,0.0,431.4904402,0.0,0.0,0.0,1.000000028,330.0,6.61e-06,431.4904402,4.37e-11,-1.6500000000000002e-303,0.0,1.213350873,330.0,6.61e-06,431.4904402,4.37e-11,2.14e-91,0.0,6.272998959,330.0,5.39e-06,431.4904402,4.12e-11,1.4000000000000002e-27,4.8e-17
1.478486817,115.1690274,10894.97448,1.861450589,133.7696745,13909.36724,2.775991655,169.8956144,18774.11349,4.85010161,223.4070337,22543.04923,15.80792542,205.4701888,28120.42723,1.478486817,115.1690274,10894.97448,1.861450589,133.7696745,13909.36724,2.775991655,169.8956144,18774.11349,4.85010161,223.4070337,22543.04923,15.80792542,205.4701888,28120.42723,1.277613096,123.843021,109.7914907,256.590761,27425.4772,-4049.051034,-0.234970618,1.479722714,152.8002272,125.4255272,268.5635996,29165.28713,-6599.814642,-0.335770647,2.05057984,208.7722169,140.1137879,288.8201413,30657.8695,-11650.03813,-0.541841371,3.688367376,274.875753,136.3235476,318.8464982,27291.54011,-13669.75839,-0.709286834,11.0611486,267.8972066,164.9533672,344.4993703,36968.96437,-9522.783123,-0.36492192,1.277613096,0.635326419,0.25626783,1.479722714,0.788758491,0.423968035,2.05057984,1.525712721,8.50969159,3.688367376,8.216970609,179.754175,11.0611486,15.2506833,485.2669808,1.277613096,123.843021,109.7914907,256.590761,27425.4772,-4049.051034,-0.234970618,1.479722714,152.8002272,125.4255272,268.5635996,29165.28713,-6599.814642,-0.335770647,2.05057984,208.7722169,140.1137879,288.8201413,30657.8695,-11650.03813,-0.541841371,3.688367376,274.875753,136.3235476,318.8464982,27291.54011,-13669.75839,-0.709286834,11.0611486,267.8972066,164.9533672,344.4993703,36968.96437,-9522.783123,-0.36492192
1.000215388,66.0,1.46e-11,1.008324356,66.00000019,2.97e-06,1.331808843,66.02724447,0.435721792,9.986328198,68.85946162,169.8710994,100.8746732,70.68851325,344.9868241,1.000215388,66.0,1.46e-11,1.008324356,66.00000019,2.97e-06,1.331808843,66.02724447,0.435721792,9.986328198,68.85946162,169.8710994,100.8746732,70.68851325,344.9868241,1.000215388,66.0,0.0,122.3315168,1.82e-12,-2.6600000000000003e-43,0.0,1.008324329,66.0,9.54e-07,122.3315168,1.41e-06,3.6e-26,3.18e-17,1.32698055,66.0000014,0.011012088,122.2975687,1.490377957,-4.6e-08,-3.42e-06,7.84171153,68.6245748,14.07768588,116.3690936,340.8745469,-8.877114224,-0.037864411,78.88124804,71.3751301,20.57448894,116.7092272,538.465838,64.25551605,0.171194997,1.000215388,2.634663202,0.001409247,1.008324329,2.633998079,0.054019491,1.32698055,2.622864133,1.606442855,7.84171153,2.101515131,3.918540182,78.88124804,1.852624527,3.466726673,1.0,66.0,0.0,93.33809512,9.09e-13,-4.5e-96,0.0,1.0,66.0,9.54e-07,93.33809513,9.33e-07,7.910000000000001e-43,8.59e-34,1.000029748,66.00000178,0.012649771,93.36403307,1.942426276,8.31e-12,4.71e-10,1.934591246,75.02014573,27.02684005,109.6375711,911.2468481,50.53791554,0.080112658,18.75325389,87.00805602,37.96747755,120.7241718,1571.038563,108.2153559,0.114042774
1.9624444,102.0,0.0,1.977294354,102.0,7.28e-12,1.992395372,101.9995495,0.018872349,3.064832812,95.69865084,211.3834946,30.28460315,90.82322029,321.2206182,1.9624444,102.0,0.0,1.977294354,102.0,7.28e-12,1.992395372,101.9995495,0.018872349,3.064832812,95.69865084,211.3834946,30.28460315,90.82322029,321.2206182,1.0,102.0,0.0,144.2497834,0.0,0.0,0.0,1.0,102.0,0.0,144.2497834,0.0,0.0,0.0,1.0,102.0,0.0,144.2497834,3.64e-12,2.28e-86,0.0,1.071615719,102.0,0.0,144.2497834,3.64e-12,-1.57e-58,0.0,4.219889937,102.0,2.34e-06,144.2497834,6.56e-12,4.51e-29,1.01e-17,1.0,39.0412662,0.0,1.0,39.0412662,0.0,1.0,39.0412662,2.27e-13,1.071615719,39.03370892,0.00096056,4.219889937,39.01942725,0.008184007,1.0,102.0,0.0,144.2497834,0.0,0.0,0.0,1.0,102.0,0.0,144.2497834,0.0,0.0,0.0,1.0,102.0,0.0,144.2497834,3.64e-12,2.28e-86,0.0,1.071615719,102.0,0.0,144.2497834,3.64e-12,-1.57e-58,0.0,4.219889937,102.0,2.34e-06,144.2497834,6.56e-12,4.51e-29,1.01e-17
3.231859783,66.0,0.0,3.43482842,66.0,9.61e-10,3.775852839,65.99928565,0.004372983,10.4807457,67.71213274,149.5507606,94.19203585,71.0992391,902.5683188,3.231859783,66.0,0.0,3.43482842,66.0,9.61e-10,3.775852839,65.99928565,0.004372983,10.4807457,67.71213274,149.5507606,94.19203585,71.0992391,902.5683188,3.231859783,66.0,0.0,118.811494,137.9436218,-2.68e-71,0.0,3.43482842,66.0,9.54e-07,117.4452609,182.3229585,-2.93e-14,-2.28e-09,3.774913775,66.00000048,0.006575752,115.7043712,231.2803822,-1.87e-05,-0.000187202,8.837410251,67.90513361,12.95501797,118.4896946,262.5912995,-2.643068515,-0.014356264,72.94514609,71.26629972,21.92391372,122.3762302,1008.104863,39.52394344,0.060560733,3.231859783,0.766225901,4.484083456,3.43482842,1.138406879,6.677619863,3.774913775,1.679110513,9.372614448,8.837410251,2.056977746,10.20583765,72.94514609,39182.44836,60111000000000.0,1.0,66.0,0.0,122.3315168,0.0,-3.84e-125,0.0,1.000000052,66.0,9.54e-07,122.3315168,3.75e-12,-4.54e-72,-2.5e-60,1.003750616,66.0,0.0,122.3315168,0.0,3.0300000000000003e-237,0.0,2.337258735,66.0,1.35e-06,122.3315168,2.57e-12,-8.58e-29,-4.72e-17,18.37688387,66.07361207,3.593645778,122.8185018,650.9516772,0.07579813,0.000826783
1.032077618,98.0,1.49e-10,1.142382196,97.99999946,2.08e-05,1.997838252,97.97372069,6.946326026,8.561178676,120.9693535,5604.903409,29.65510354,179.7875004,14311.46341,1.032077618,98.0,1.49e-10,1.142382196,97.99999946,2.08e-05,1.997838252,97.97372069,6.946326026,8.561178676,120.9693535,5604.903409,29.65510354,179.7875004,14311.46341,1.032077618,98.0,1.22e-05,138.5929291,4.81e-09,5.96e-23,7.04e-14,1.142382196,97.99999945,0.004550974,138.5929256,0.000168458,1.07e-12,1.81e-08,1.997648534,97.95168498,1.35411837,138.4902608,4.104613957,0.006289225,0.002423665,7.603741222,94.64891931,10.77549648,133.4984972,175.6437523,63.71339939,0.515051295,18.2415891,85.80158046,17.74087098,131.7801739,7828.586056,82.18174361,0.052376248,1.032077618,1.001568344,1.22e-07,1.142382196,1.001402347,8.42e-06,1.997648534,1.029973665,0.708698191,7.603741222,3.068841662,45.6920921,18.2415891,8.652190996,156.571351,1.032077618,98.0,1.91e-06,138.5929291,4.07e-12,-1.1800000000000001e-29,-4.6e-18,1.14238218,98.0,1.91e-06,138.5929291,3.64e-12,0.0,0.0,1.995108627,98.0,0.0,138.5929291,0.0,-4.24e-30,0.0,6.933195159,98.0,1.91e-06,138.5929291,3.64e-12,-5.550000000000001e-29,0.0,12.38583761,98.0,2.7e-06,138.5929291,8.13e-12,1.44e-28,2.8e-17
3.999822354,102.0,0.0,3.999893411,102.0,0.0,3.999964536,101.9999993,2.82e-05,4.827148853,99.12881128,107.507405,31.72260152,92.15282496,293.2960533,3.999822354,102.0,0.0,3.999893411,102.0,0.0,3.999964536,101.9999993,2.82e-05,4.827148853,99.12881128,107.507405,31.72260152,92.15282496,293.2960533,1.0,102.0,0.0,144.2497834,0.0,0.0,0.0,1.0,102.0,0.0,144.2497834,0.0,0.0,0.0,1.0,102.0,1.35e-06,144.2497834,1.82e-12,-1.3600000000000001e-86,0.0,1.071627554,102.0,0.0,144.2497834,1.82e-12,-1.49e-51,0.0,4.219967904,102.0,0.0,144.2497834,3.64e-12,1.23e-28,0.0,1.0,39.03396606,0.0,1.0,39.03396606,0.0,1.0,39.03396606,2.27e-13,1.071627554,39.03145442,9.97e-05,4.219967904,39.01863033,0.016887596,1.0,102.0,0.0,144.2497834,0.0,0.0,0.0,1.0,102.0,0.0,144.2497834,0.0,0.0,0.0,1.0,102.0,1.35e-06,144.2497834,1.82e-12,-1.3600000000000001e-86,0.0,1.071627554,102.0,0.0,144.2497834,1.82e-12,-1.49e-51,0.0,4.219967904,102.0,0.0,144.2497834,3.64e-12,1.23e-28,0.0
1.999899549,66.00000001,1.26e-06,2.00010736,66.00008897,0.008006931,2.118540933,66.53319223,47.70301856,10.060464,72.70811404,553.236454,99.36866285,71.461645,425.1385857,1.999899549,66.00000001,1.26e-06,2.00010736,66.00008897,0.008006931,2.118540933,66.53319223,47.70301856,10.060464,72.70811404,553.236454,99.36866285,71.461645,425.1385857,1.999899244,66.00000001,0.001123141,122.4748388,3.326932973,1.08e-16,5.25e-14,1.99998418,66.00008897,0.089484209,122.9571046,26.07280406,2.58e-09,5.65e-09,2.0687832,66.54601653,6.988802004,122.1840338,232.5673889,-0.0107037,-0.000101567,8.478393658,73.83041171,25.36575849,120.251124,729.4165835,-24.68780117,-0.052506318,78.19976924,72.3204827,22.86089759,117.2617718,627.900566,-23.38286652,-0.054826992,1.999899244,2.436344695,5.936232155,1.99998418,2.436366673,5.93613472,2.0687832,2.394276483,5.811717063,8.478393658,1.949086022,4.110169342,78.19976924,1.870820931,4.062303544,1.0,66.0,0.0,122.3315168,0.0,-3.14e-179,0.0,1.000000001,66.0,1.35e-06,122.3315168,1.6e-06,1.4399999999999998e-30,8.43e-22,1.000977676,66.0,0.0,122.2987977,1.436388422,-4.790000000000001e-31,0.0,2.267944184,66.00000002,0.000492072,115.7844341,229.2175316,-9.4e-07,-0.000126219,19.69248435,66.09758234,1.077713222,114.8249429,254.0260393,-0.023826617,-0.001387146
1.671034514,102.140428,1946.508007,1.788388201,105.6114428,1995.978999,2.133387285,104.8500633,1996.904668,12.3580579,75.53833696,649.3089115,103.2874658,71.37709859,370.9977216,1.671034514,102.140428,1946.508007,1.788388201,105.6114428,1995.978999,2.133387285,104.8500633,1996.904668,12.3580579,75.53833696,649.3089115,103.2874658,71.37709859,370.9977216,1.67102116,102.1407171,44.11930537,156.8238694,1946.513106,-6.71e-06,-7.62e-05,1.787153862,105.6389634,44.67951753,159.1240664,1996.259286,-0.014551735,-0.003594446,1.99111976,107.7356612,44.88019812,159.7442745,2014.312312,-25.05709355,-0.131716796,10.05697253,77.94362045,27.57343388,124.5787163,812.397417,216.1919902,0.463416859,81.95316444,72.26512645,21.21564223,117.8953666,552.6391689,78.76603539,0.207332156,1.67102116,2.229856272,6.664670779,1.787153862,2.434577504,6.834994571,1.99111976,2.604570509,6.878229116,10.05697253,1.763176284,8.025859415,81.95316444,1.805013842,9.863312213,1.671021144,102.1407174,44.11930544,156.8238698,1946.513112,-2.3e-12,-3.86e-08,1.787121407,105.6396833,44.6796039,159.1249278,1996.267004,-2.19e-06,-2.43e-05,1.924342415,109.1824618,44.96328007,161.4543942,2021.699055,-1.767415093,-0.022045909,2.931475753,99.41052106,43.48199602,139.1930586,2008.561527,28.93207719,0.02555449,18.38455599,89.67012588,39.62368572,123.4996505,1697.284971,125.3459623,0.124578858
1.997390663,66.0,0.0,1.998433734,66.0,2.91e-09,2.011404144,65.9983785,0.009923011,8.737914937,68.05780456,198.6111916,88.38858037,70.42975992,372.5362174,1.997390663,66.0,0.0,1.998433734,66.0,2.91e-09,2.011404144,65.9983785,0.009923011,8.737914937,68.05780456,198.6111916,88.38858037,70.42975992,372.5362174,1.997390663,66.0,0.0,122.3315168,1.82e-12,1.01e-34,0.0,1.998433734,66.0,9.54e-07,122.3315168,8.91e-11,2.01e-20,2.23e-09,2.01074309,66.00000185,0.012911838,122.3309246,0.026078461,2.21e-05,0.010580459,7.018872695,68.67534031,15.28473689,121.8715273,255.4455885,-9.764926265,-0.062855438,66.55605282,71.58546216,21.71391735,122.2779842,504.8645085,7.812896434,0.026781291,1.997390663,4.028534796,16.26546118,1.998433734,4.030642107,16.26547864,2.01074309,4.021576974,16.24297969,7.018872695,2.592101148,1230004.161,66.55605282,1656326.998,2538470000000000.0,1.0,66.0,1.35e-06,122.3315168,1.82e-12,0.0,0.0,1.000000051,66.0,9.54e-07,122.3315168,3.75e-12,-5.44e-43,-2.99e-31,1.00373152,66.0,1.35e-06,122.3315168,1.82e-12,4.37e-167,0.0,2.340926083,66.0,9.54e-07,122.3315168,3.75e-12,4.53e-29,2.49e-17,17.11165563,66.0,0.0,122.3315168,5.46e-12,2.83e-29,0.0
1.000000162,60.00000097,5.83e-06,1.000172321,60.00103375,0.006201436,1.185256583,60.93780647,4.747391276,10.15183553,66.6503387,90.20745163,97.29908949,70.19329247,322.1505147,1.000000162,60.00000097,5.83e-06,1.000172321,60.00103375,0.006201436,1.185256583,60.93780647,4.747391276,10.15183553,66.6503387,90.20745163,97.29908949,70.19329247,322.1505147,1.0,60.0,0.0,84.85281374,0.0,0.0,0.0,1.0,60.0,0.0,84.85281374,0.0,0.0,0.0,1.0,60.0,0.0,84.85281374,0.0,2.36e-72,0.0,1.037409509,60.0,9.54e-07,84.85281374,1.29e-12,-4.87e-29,-5.36e-17,3.964244497,60.00118442,0.155262164,84.8555793,0.169475821,4.11e-06,6.47e-05,1.0,47.98194599,0.0,1.0,47.98194599,0.0,1.0,47.98194599,4.55e-13,1.037409509,47.93646516,0.058855231,3.964244497,42.49175316,150.9694043,1.0,60.0,0.0,84.85281374,0.0,0.0,0.0,1.0,60.0,0.0,84.85281374,0.0,0.0,0.0,1.0,60.0,0.0,84.85281374,0.0,2.36e-72,0.0,1.037409509,60.0,9.54e-07,84.85281374,1.29e-12,-4.87e-29,-5.36e-17,3.963986264,60.0,0.0,84.85281374,4.55e-13,-5.0399999999999994e-30,0.0
1.000001708,81.99997267,0.000437215,1.000489517,81.99217156,0.125193735,1.167929234,79.69984705,31.5690571,9.439869561,70.95158907,303.0181441,95.78867964,70.76190637,357.472548,1.000001708,81.99997267,0.000437215,1.000489517,81.99217156,0.125193735,1.167929234,79.69984705,31.5690571,9.439869561,70.95158907,303.0181441,95.78867964,70.76190637,357.472548,1.000000044,81.9999993,0.003355899,105.2615784,1.13e-05,5.15e-59,0.0,1.00003855,81.99938322,0.099338263,105.2610985,0.00986809,8.76e-36,0.0,1.033782256,81.47714707,2.844691835,104.8547832,8.092271635,-1.53e-08,-2.06e-06,2.333559496,73.79700482,7.997424145,100.2312753,68.99513479,-2.935784142,-0.072163884,17.64041047,70.45184332,7.168427036,99.95805011,74.86099822,3.456861394,0.0653586,1.000000044,4.887634485,4.52e-06,1.00003855,4.888024613,0.003957136,1.033782256,5.218724762,3.244955302,2.333559496,8.895239902,24.26057108,17.64041047,8.520858979,29.15912488,1.000000044,81.9999993,0.003355899,105.2615784,1.13e-05,5.15e-59,0.0,1.00003855,81.99938322,0.099338263,105.2610985,0.00986809,8.76e-36,0.0,1.033782256,81.47714707,2.844691835,104.8547832,8.092271635,-1.53e-08,-2.06e-06,2.333559496,73.79700482,7.997424145,100.2312753,68.99513479,-2.935784142,-0.072163884,17.64041047,70.45184332,7.168427036,99.95805011,74.86099822,3.456861394,0.0653586
1.0,204.0,0.0,1.0,204.0,6.18e-10,1.000044142,204.0111377,2.827027241,2.44593658,310.2489117,19611.02708,27.22227388,297.4217124,30414.848,1.0,204.0,0.0,1.0,204.0,6.18e-10,1.000044142,204.0111377,2.827027241,2.44593658,310.2489117,19611.02708,27.22227388,297.4217124,30414.848,1.0,204.0,0.0,274.0529146,0.0,0.0,0.0,1.0,204.0,0.0,274.0529146,0.0,0.0,0.0,1.000000002,203.9999998,0.005006578,274.0529145,2.51e-05,7.949999999999999e-30,5.88e-22,1.290277749,188.2189872,43.91741567,262.5174035,1928.7394,-2.82e-15,0.0,9.661599342,142.0546753,68.63841167,231.6646947,4711.231556,2.81e-07,4.28e-06,1.0,29.50096798,0.0,1.0,29.50096798,0.0,1.000000002,29.50096794,1.11e-06,1.290277749,26.20998708,85.4918082,9.661599342,16.4976795,210.9233182,1.0,204.0,0.0,274.0529146,0.0,0.0,0.0,1.0,204.0,0.0,274.0529146,0.0,0.0,0.0,1.000000002,203.9999998,0.005006578,274.0529145,2.51e-05,7.949999999999999e-30,5.88e-22,1.290277749,188.2189872,43.91741567,262.5174035,1928.7394,-2.82e-15,0.0,9.661599342,142.0546753,68.63841167,231.6646947,4711.231556,2.81e-07,4.28e-06
3.461440355,70.62235323,52.59150229,3.664207094,70.36656542,50.79815318,3.93119027,70.07001415,48.5552113,10.37836543,68.66627574,104.7533155,93.4972856,75.91808704,6441.476596,3.461440355,70.62235323,52.59150229,3.664207094,70.36656542,50.79815318,3.93119027,70.07001415,48.5552113,10.37836543,68.66627574,104.7533155,93.4972856,75.91808704,6441.476596,1.000000046,81.99999926,0.003438136,105.2615784,1.18e-05,6.74e-59,0.0,1.000039687,81.99936504,0.10079167,105.2610843,0.010158961,8.64e-22,6.35e-15,1.034110981,81.47222716,2.857590109,104.8509602,8.165821234,-1.54e-08,-2.05e-06,2.333819368,73.79562087,7.997388897,100.2360597,69.03437252,-2.936362102,-0.072031267,17.27833892,70.5738063,8.330472533,100.0793302,90.34451922,3.272097487,0.051643774,1.000000046,4.873663418,4.77e-06,1.000039687,4.874066244,0.004098299,1.034110981,5.208873578,3.294159745,2.333819368,8.896869823,24.3511066,17.27833892,8.718784578,243.7406692,1.000000046,81.99999926,0.003438136,105.2615784,1.18e-05,6.74e-59,0.0,1.000039687,81.99936504,0.10079167,105.2610843,0.010158961,8.64e-22,6.35e-15,1.034110981,81.47222716,2.857590109,104.8509602,8.165821234,-1.54e-08,-2.05e-06,2.333819368,73.79562087,7.997388897,100.2360597,69.03437252,-2.936362102,-0.072031267,17.10267128,70.58925767,8.339843421,100.0924851,90.49922922,3.247402675,0.051172461
1.615677299,72.03804286,60.15072419,1.790606974,72.64046069,62.15165305,2.54185744,71.72164482,60.30915822,13.09354575,74.5919963,618.2750146,104.7764655,74.19853471,635.1184584,1.615677299,72.03804286,60.15072419,1.790606974,72.64046069,62.15165305,2.54185744,71.72164482,60.30915822,13.09354575,74.5919963,618.2750146,104.7764655,74.19853471,635.1184584,1.609720549,72.06038656,7.761307861,109.1636355,60.23789971,-1.82e-13,-1.73e-08,1.743153453,72.82123264,7.912680172,109.6673694,62.61050751,-1.19e-07,-2.36e-05,1.906820642,73.60039746,7.99001363,110.1724585,63.84100887,-0.095217962,-0.021865612,2.962993113,71.88408281,7.715108193,104.1413321,86.06951298,2.158483252,0.035482947,18.25700068,70.21274691,7.046751989,100.1147752,75.64391998,7.901654832,0.148439968,1.609720549,3.791419249,21.83417245,1.743153453,4.249487584,22.69416146,1.906820642,4.726659557,23.18626633,2.962993113,7.08589666,33.29578713,18.25700068,8.231785241,30.16537387,1.609720549,72.06038656,7.761307861,109.1636355,60.23789971,-1.82e-13,-1.73e-08,1.743153453,72.82123264,7.912680172,109.6673694,62.61050751,-1.19e-07,-2.36e-05,1.906820642,73.60039746,7.99001363,110.1724585,63.84100887,-0.095217962,-0.021865612,2.962993113,71.88408281,7.715108193,104.1413321,86.06951298,2.158483252,0.035482947,18.25700068,70.21274691,7.046751989,100.1147752,75.64391998,7.901654832,0.148439968
3.083017152,174.1899069,27992.92092,5.101117568,181.9803181,28329.38379,10.79683053,170.3599152,24826.7861,17.02363,159.3283971,21866.15407,26.74615995,201.2250409,28611.79314,3.083017152,174.1899069,27992.92092,5.101117568,181.9803181,28329.38379,10.79683053,170.3599152,24826.7861,17.02363,159.3283971,21866.15407,26.74615995,201.2250409,28611.79314,1.791018408,81.44336975,32.74615891,169.851616,10249.30919,299.8410926,0.090693984,2.513264166,88.64504179,41.3906527,179.4096192,12826.49762,513.9507078,0.110133536,4.243585259,96.56666312,49.4250334,184.6880071,14710.0553,1348.225242,0.226487694,5.780429027,99.54705834,52.2238706,184.5056794,15144.99669,2499.145481,0.392073252,5.977514864,99.80516671,52.46612037,184.3831753,15170.65594,2665.648697,0.415964803,1.791018408,23047677.28,3.48e+16,2.513264166,69752017.24,1.02e+17,4.243585259,175440428.2,2.38e+17,5.780429027,246906772.6,3.18e+17,5.977514864,254821142.0,3.26e+17,1.791018408,81.44336975,32.74615891,169.851616,10249.30919,299.8410926,0.090693984,2.513264166,88.64504179,41.3906527,179.4096192,12826.49762,513.9507078,0.110133536,4.243585259,96.56666312,49.4250334,184.6880071,14710.0553,1348.225242,0.226487694,5.780429027,99.54705834,52.2238706,184.5056794,15144.99669,2499.145481,0.392073252,5.977514864,99.80516671,52.46612037,184.3831753,15170.65594,2665.648697,0.415964803
1.0,330.0,0.0,1.0,330.0,0.0,1.000001133,329.9997093,0.078493833,1.75662975,279.9267545,10869.93409,24.96777563,198.3924514,15780.44332,1.0,330.0,0.0,1.0,330.0,0.0,1.000001133,329.9997093,0.078493833,1.75662975,279.9267545,10869.93409,24.96777563,198.3924514,15780.44332,1.0,330.0,0.0,431.4904402,0.0,0.0,0.0,1.0,330.0,0.0,431.4904402,0.0,0.0,0.0,1.000000028,330.0,0.0,431.4904402,0.0,3.0999999999999996e-42,0.0,1.213426495,330.0,3.81e-06,431.4904402,2.06e-11,-7.83e-28,-5.38e-17,6.273345838,330.0,7.63e-06,431.4904402,5.82e-11,1.13e-28,0.0,1.0,25.07308102,0.0,1.0,25.07308102,0.0,1.000000028,25.07308102,1.14e-13,1.213426495,25.07275529,8.13e-07,6.273345838,25.05165198,0.001064252,1.0,330.0,0.0,431.4904402,0.0,0.0,0.0,1.0,330.0,0.0,431.4904402,0.0,0.0,0.0,1.000000028,330.0,0.0,431.4904402,0.0,3.0999999999999996e-42,0.0,1.213426495,330.0,3.81e-06,431.4904402,2.06e-11,-7.83e-28,-5.38e-17,6.273345838,330.0,7.63e-06,431.4904402,5.82e-11,1.13e-28,0.0
5.99874014,75.00211728,224.9999955,5.999244026,75.00127039,224.9999984,5.999749093,75.0004211,224.9999998,7.212135943,75.25798215,234.0924206,40.37754035,77.41740276,446.7065188,5.99874014,75.00211728,224.9999955,5.999244026,75.00127039,224.9999984,5.999749093,75.0004211,224.9999998,7.212135943,75.25798215,234.0924206,40.37754035,77.41740276,446.7065188,1.999553074,75.0033527,14.99999963,96.0494816,224.9999888,0.0,0.0,1.99973182,75.00201162,14.99999987,96.04843438,224.999996,0.0,0.0,1.999910625,75.00067073,14.99999999,96.04738732,224.9999996,-2.78e-301,0.0,2.182801889,76.25631949,14.94729612,97.03105823,223.4216613,-5.62e-10,-1.56e-06,5.297781438,83.79139425,12.15365736,103.0922684,147.7114308,0.111604226,0.02725762,1.999553074,12.60189115,158.8754151,1.99973182,12.60301806,158.8754202,1.999910625,12.60414538,158.8754334,2.182801889,15.2460281,221.9333224,5.297781438,31.43042287,349.8320459,1.999553074,75.0033527,14.99999963,96.0494816,224.9999888,0.0,0.0,1.99973182,75.00201162,14.99999987,96.04843438,224.999996,0.0,0.0,1.999910625,75.00067073,14.99999999,96.04738732,224.9999996,-2.78e-301,0.0,2.182801889,76.25631949,14.94729612,97.03105823,223.4216613,-5.62e-10,-1.56e-06,5.297781438,83.79139425,12.15365736,103.0922684,147.7114308,0.111604226,0.02725762
3.452920136,64.57488317,6.519743,3.795364854,64.59644586,6.45136062,4.530665271,64.72718184,6.016863317,11.91926507,66.89598879,130.1641731,102.1293586,70.11763737,340.1746304,3.452920136,64.57488317,6.519743,3.795364854,64.59644586,6.45136062,4.530665271,64.72718184,6.016863317,11.91926507,66.89598879,130.1641731,102.1293586,70.11763737,340.1746304,2.632784217,66.0,1.35e-06,121.0839575,52.734824,-2.96e-14,-3.03e-09,2.907450047,66.0,9.54e-07,119.1901808,124.7266304,5.56e-18,5.22e-13,3.526194952,66.00000027,0.004947706,114.9596035,249.5894614,-4.17e-06,-5.34e-05,9.214299065,67.78232633,12.53352665,114.2815799,343.2829438,13.7547841,0.062815377,77.05200655,71.13867535,20.70073101,116.5699388,541.9279471,20.56885085,0.054553251,2.632784217,0.343196379,0.411198458,2.907450047,0.500580625,0.944597654,3.526194952,0.927522048,2.230004984,9.214299065,1.803352519,4.345649852,77.05200655,1.899054812,4.174386011,1.789978431,66.0,0.0,122.3315168,0.0,-4.65e-298,0.0,1.868098769,66.0,0.0,122.3315168,1.82e-12,1.1700000000000001e-163,0.0,1.954868339,66.0,9.54e-07,122.3315168,1.36e-06,-3.29e-28,-2.96e-19,3.125953426,66.0,9.54e-07,120.3510931,81.75424769,-9.6e-14,-1.11e-08,20.44823542,66.03966245,0.68874983,115.31263,241.6660418,-0.212778059,-0.019872749
2.987653948,66.0,1.82e-12,3.148155625,66.0,8.19e-12,3.619009426,66.00019,0.003455938,10.99268042,68.38563004,148.2339843,107.2667781,71.78473269,555.7203174,2.987653948,66.0,1.82e-12,3.148155625,66.0,8.19e-12,3.619009426,66.00019,0.003455938,10.99268042,68.38563004,148.2339843,107.2667781,71.78473269,555.7203174,2.987653589,66.0,0.0,120.4891355,76.39960189,-1.03e-14,0.0,3.148019804,66.0,0.0,118.9454751,133.3126129,1.58e-14,0.0,3.567498066,66.00000035,0.005543738,116.3921506,212.9641159,-1.26e-05,-0.000155996,8.681466945,68.48556156,13.2114737,117.1263242,305.2857941,-11.86148726,-0.056729883,84.2261797,72.78448626,26.2241724,118.286991,829.4599086,20.27518416,0.035902264,2.987653589,0.445788489,1.842157512,3.148019804,0.808698421,4.762052335,3.567498066,1.712247579,10.95392394,8.681466945,2.098899319,10.63774643,84.2261797,1.757415556,7982461.213,1.0,66.0,0.0,122.3315168,1.82e-12,9.36e-44,0.0,1.000000001,66.0,0.0,122.3315168,0.0,1.02e-25,0.0,1.001002043,66.00000002,0.000457276,122.3315168,1.43e-06,1.02e-07,0.188130947,2.282113239,66.6986746,2.809973141,120.7654518,80.98504854,3.687833515,0.146185317,21.51185411,67.30449286,3.7352663,117.0022618,217.1248728,11.32502707,0.205973876
215.5674987,86.7464248,283.6646133,261.7550806,87.79260182,563.3719204,357.4643193,89.58038512,1039.313593,434.5290418,90.88870625,1405.772293,502.2524641,94.00364434,2715.441941,215.5674987,86.7464248,283.6646133,261.7550806,87.79260182,563.3719204,357.4643193,89.58038512,1039.313593,434.5290418,90.88870625,1405.772293,502.2524641,94.00364434,2715.441941,207.9459281,85.75301672,5.803905494,162.3934556,26966.39386,56.6573039,0.059446228,244.6285065,85.68567046,5.419174806,145.368119,17548.05049,139.5262527,0.194360781,315.4559492,85.55799369,4.872339138,135.5677843,11502.00148,260.7828119,0.499062809,368.0054698,85.47661794,4.575674496,132.6197027,9589.042949,330.7333841,0.738134999,374.2886962,85.46766969,4.54463217,132.3614908,9419.619991,338.4543354,0.767335293,207.9459281,494541.4546,744368000000000.0,244.6285065,1229917.152,1850330000000000.0,315.4559492,2790448.422,4193690000000000.0,368.0054698,3877589.742,5823310000000000.0,374.2886962,4001195.405,6008440000000000.0,207.5602338,85.75255777,5.809285707,162.3932133,26966.39394,57.8134438,0.0606031,243.646838,85.684404,5.430044127,145.3673726,17548.05068,143.0026157,0.198804627,312.9527502,85.55445824,4.891625384,135.5655531,11502.00187,270.0669561,0.514792265,364.1887118,85.47113281,4.599273561,132.6161675,9589.043425,344.622617,0.765186713,370.3074103,85.46194645,4.568660205,132.3577953,9419.620474,352.8978663,0.795873427
31.53767354,1428.431031,8134.682863,49.64096076,1429.301133,7928.082307,144.02629,1430.3175,9856.797479,597.8408697,1399.357609,57048.52546,743.4889794,1380.893317,80623.74395,31.53767354,1428.431031,8134.682863,49.64096076,1429.301133,7928.082307,144.02629,1430.3175,9856.797479,597.8408697,1399.357609,57048.52546,743.4889794,1380.893317,80623.74395,31.53767288,1428.43106,90.19225991,1429.954997,8134.643747,1.12e-09,1.06e-06,49.64076185,1429.306618,88.99777954,1430.829622,7920.604764,1.14e-05,0.000110307,143.8682843,1431.797337,88.70183417,1433.317733,7868.015385,0.011247598,0.001573834,582.3654238,1433.867423,111.4140042,1435.386215,12413.08033,-26.36452794,-0.717606204,714.1012869,1433.481181,117.2109464,1435.00054,13738.40596,-48.65426533,-1.124160485,31.53767288,0.011693758,1728684.275,49.64076185,12.90914082,19420917007.0,143.8682843,78700.91675,118490000000000.0,582.3654238,1585449.823,2384630000000000.0,714.1012869,2007837.66,3019080000000000.0,31.53767288,1428.43106,90.19225991,1429.954997,8134.643747,1.12e-09,1.06e-06,49.64076185,1429.306618,88.99777954,1430.829622,7920.604764,1.14e-05,0.000110307,143.8682843,1431.797337,88.70183417,1433.317733,7868.015385,0.011247598,0.001573834,582.3654238,1433.867423,111.4140042,1435.386215,12413.08033,-26.36452794,-0.717606204,714.1012869,1433.481181,117.2109464,1435.00054,13738.40596,-48.65426533,-1.124160485
1.738193565,63.7155083,12.70642297,1.917401132,64.25396318,25.41866224,2.519990932,66.80197563,72.87286752,11.32248722,71.5072316,450.9833558,97.74279955,70.59913725,373.9553892,1.738193565,63.7155083,12.70642297,1.917401132,64.25396318,25.41866224,2.519990932,66.80197563,72.87286752,11.32248722,71.5072316,450.9833558,97.74279955,70.59913725,373.9553892,1.000000097,66.0,9.47e-05,122.3315155,5.69e-05,1.56e-09,0.002189951,1.000095993,66.00000603,0.02330191,122.3303607,0.051029925,0.000107348,0.020394043,1.104897682,66.33090274,5.447178162,121.6208598,51.14629586,6.376723654,0.181371036,7.718414162,73.37750879,24.68902903,120.7917434,674.1040089,167.6075084,0.40012318,73.86009286,71.6256245,21.71231465,117.3927334,573.1520314,82.40382843,0.210206759,1.000000097,4.8989497,1.78e-06,1.000095993,4.898561452,0.001710907,1.104897682,4.525319473,1.482512538,7.718414162,2.139281996,4.034720641,73.86009286,1.979300497,3.664204503,1.0,66.0,9.54e-07,122.3315168,2.03e-12,2.0000000000000002e-103,1.55e-91,1.000000001,66.0,1.35e-06,122.3315168,1.82e-12,2.1799999999999998e-238,0.0,1.001031007,66.0,9.54e-07,122.3314855,0.001374834,1.12e-24,3.18e-17,2.291498571,66.00000004,0.000693033,118.3837904,152.3947681,-1.57e-07,-1.83e-05,19.59422407,66.10492021,1.117154525,115.3247577,242.2860947,-0.341826704,-0.01965764
1.296702827,97.57623264,3360.461636,1.482384129,110.9067205,4180.513885,1.784404692,126.6826476,4699.411374,3.930190735,234.639902,26632.28083,31.05113178,274.5628963,31382.6919,1.296702827,97.57623264,3360.461636,1.482384129,110.9067205,4180.513885,1.784404692,126.6826476,4699.411374,3.930190735,234.639902,26632.28083,31.05113178,274.5628963,31382.6919,1.296702827,97.57623264,57.96948884,158.186244,4796.300368,-1083.72017,-0.319566924,1.482384129,110.9067205,64.65689356,166.7377,5402.63744,-1476.639146,-0.390394488,1.784267718,126.6573463,68.49379628,177.6024681,5806.981162,-1860.675294,-0.464369286,2.391926329,137.7827755,68.94386239,186.4362474,5813.979624,-1502.445815,-0.376627749,11.45594765,139.796731,68.83306836,208.39333,5300.180773,-536.7230386,-0.159981134,1.296702827,6.932411018,146.0062757,1.482384129,9.711051352,181.6361348,1.784267718,12.99415127,203.8332629,2.391926329,13.79715679,206.3225432,11.45594765,13.89992074,209.8727167,1.296702827,97.57623264,57.96948884,158.186244,4796.300368,-1083.72017,-0.319566924,1.482384129,110.9067205,64.65689356,166.7377,5402.63744,-1476.639146,-0.390394488,1.784267718,126.6573463,68.49379628,177.6024681,5806.981162,-1860.675294,-0.464369286,2.391926329,137.7827755,68.94386239,186.4362474,5813.979624,-1502.445815,-0.376627749,11.45594765,139.796731,68.83306836,208.39333,5300.180773,-536.7230386,-0.159981134
1.0,429.0,0.0,1.0,429.0,9.26e-08,1.000146594,428.9552969,14.31239602,2.404693263,311.1946962,25337.71416,27.18227002,289.6147733,31164.56956,1.0,429.0,0.0,1.0,429.0,9.26e-08,1.000146594,428.9552969,14.31239602,2.404693263,311.1946962,25337.71416,27.18227002,289.6147733,31164.56956,1.0,429.0,0.0,429.0,0.0,0.0,0.0,1.0,429.0,0.0,429.0,0.0,0.0,0.0,1.000000003,429.0000001,0.001772115,429.0000001,3.14e-06,0.0,0.0,1.428684664,437.2017729,16.4074341,437.2017729,269.2038936,0.0,0.0,13.97956821,454.3782958,19.92664901,454.3782958,397.0713408,0.0,0.0,1.0,29.9961431,0.0,1.0,29.9961431,0.0,1.000000003,29.99614305,1.68e-06,1.428684664,23.99543587,143.9735581,13.97956821,11.42985618,212.1597925,1.0,429.0,0.0,429.0,0.0,0.0,0.0,1.0,429.0,0.0,429.0,0.0,0.0,0.0,1.000000003,429.0000001,0.001772115,429.0000001,3.14e-06,0.0,0.0,1.428684664,437.2017729,16.4074341,437.2017729,269.2038936,0.0,0.0,13.97956821,454.3782958,19.92664901,454.3782958,397.0713408,0.0,0.0
1.001357547,66.04856194,4.368216603,1.025830809,66.96106421,85.57213447,1.709631994,77.69495719,915.5937634,12.0621109,73.51470018,590.884815,101.5164603,70.90120196,375.3756443,1.001357547,66.04856194,4.368216603,1.025830809,66.96106421,85.57213447,1.709631994,77.69495719,915.5937634,12.0621109,73.51470018,590.884815,101.5164603,70.90120196,375.3756443,1.0,66.0,9.54e-07,105.261578,2.01e-05,-5.860000000000001e-21,-1.37e-12,1.000000001,66.00000001,0.000334418,105.260898,0.013984985,-6.71e-12,-1.7e-07,1.00162693,66.01212068,0.44020903,104.8141752,9.019035408,-0.006682757,-0.005055531,2.664006933,69.3459719,6.506921122,101.4866876,76.72952029,-2.472669203,-0.047504401,18.97791483,69.97800513,6.910902856,100.0407917,74.9135966,4.108661712,0.078256926,1.0,10.21982503,4.26e-14,1.000000001,10.21982502,7.33e-08,1.00162693,10.20733541,0.108772256,2.664006933,7.662232744,24.85135009,18.97791483,7.913331592,29.87405151,1.0,66.0,9.54e-07,105.261578,2.01e-05,-5.860000000000001e-21,-1.37e-12,1.000000001,66.00000001,0.000334418,105.260898,0.013984985,-6.71e-12,-1.7e-07,1.00162693,66.01212068,0.44020903,104.8141752,9.019035408,-0.006682757,-0.005055531,2.664006933,69.3459719,6.506921122,101.4866876,76.72952029,-2.472669203,-0.047504401,18.97791483,69.97800513,6.910902856,100.0407917,74.9135966,4.108661712,0.078256926
1.0,380.0,0.0,1.0,380.0,0.0,1.0,380.0,0.0,1.063130729,369.6531832,3160.560051,13.49104505,223.8668182,34004.216,1.0,380.0,0.0,1.0,380.0,0.0,1.0,380.0,0.0,1.063130729,369.6531832,3160.560051,13.49104505,223.8668182,34004.216,1.0,380.0,0.0,537.4011537,0.0,-3.42e-151,0.0,1.0,380.0,0.0,537.4011537,6.49e-09,-5.44e-63,0.0,1.0,380.0,0.0,537.3869943,6.287329627,-6.11e-18,0.0,1.05371156,372.4211853,48.20819357,467.3196448,23747.41957,-246.3920695,-0.033246239,10.68736786,266.7901941,184.4735094,371.1029477,45014.69853,-5699.115074,-0.179975025,1.0,59.51516008,0.0,1.0,59.51516008,0.0,1.0,59.51516008,0.0,1.05371156,56.85662262,135.6298648,10.68736786,15.83281358,510.0582672,1.0,380.0,0.0,537.4011537,0.0,-3.42e-151,0.0,1.0,380.0,0.0,537.4011537,6.49e-09,-5.44e-63,0.0,1.0,380.0,0.0,537.3869943,6.287329627,-6.11e-18,0.0,1.05371156,372.4211853,48.20819357,467.3196448,23747.41957,-246.3920695,-0.033246239,10.68736786,266.7901941,184.4735094,371.1029477,45014.69853,-5699.115074,-0.179975025
1.099203385,66.58649765,9.039982924,1.328517631,67.75342531,24.98030465,2.137371419,69.93808907,47.50133591,9.196796458,69.94832532,214.5242846,94.97221324,70.78068541,353.848884,1.099203385,66.58649765,9.039982924,1.328517631,67.75342531,24.98030465,2.137371419,69.93808907,47.50133591,9.196796458,69.94832532,214.5242846,94.97221324,70.78068541,353.848884,1.000000112,66.0,1.35e-06,122.3315168,4.07e-12,1.34e-28,5.22e-17,1.000067418,66.0,0.0,122.3315168,4.51e-09,-9.13e-38,0.0,1.043011269,66.00001263,0.033721001,122.3281372,0.148869276,-7.07e-08,-5.43e-06,6.259930402,69.27971867,16.86441943,118.6924627,365.1519143,-9.164868467,-0.035910656,73.61191165,71.3371684,20.95310963,117.1465205,544.1693812,55.28324349,0.147145119,1.000000112,4.618849114,5.09e-08,1.000067418,4.618894538,3.07e-05,1.043011269,4.638084867,0.044163354,6.259930402,2.657147819,4.203748433,73.61191165,1.986049633,18.20879036,1.0,66.0,9.54e-07,122.3315168,2.03e-12,3.4400000000000004e-73,2.68e-61,1.000000001,66.0,1.35e-06,122.3315168,2.57e-12,-2.07e-235,-1.1400000000000002e-223,1.001038588,66.0,0.0,122.3315168,1.43e-06,6.0799999999999995e-46,0.0,2.165968172,66.0,2.38e-05,120.0534174,93.12441303,-1.37e-10,-5.99e-07,19.12348553,66.16396385,1.393083649,116.1024828,223.3391349,-0.664265162,-0.031907301
1.000001323,66.00000293,4.69e-05,1.000458622,66.00145139,0.023220074,1.19367032,66.60329214,9.357672439,9.627066636,70.78527347,310.3408546,98.92238178,70.94391772,380.4151996,1.000001323,66.00000293,4.69e-05,1.000458622,66.00145139,0.023220074,1.19367032,66.60329214,9.357672439,9.627066636,70.78527347,310.3408546,98.92238178,70.94391772,380.4151996,1.000000876,66.0,0.0,122.3314949,0.000962254,3.0999999999999997e-24,0.0,1.000254486,66.0,3.93e-06,122.3267179,0.210855065,3.33e-13,1.84e-07,1.09295845,66.00101776,0.302649875,121.3314717,42.63388514,0.002494561,0.001262341,6.902657861,70.81310292,20.24878522,118.6119359,491.2776647,-5.635446934,-0.016917575,74.69252806,71.75299514,21.97839728,117.2400569,585.9258469,-18.26757762,-0.045641989,1.000000876,4.032420488,7.65e-06,1.000254486,4.031761585,0.002060366,1.09295845,3.88430014,0.513772305,6.902657861,2.404161152,4.256178863,74.69252806,1.960561914,4.629157525,1.0,66.0,9.54e-07,122.3315168,2.03e-12,-1.1000000000000001e-103,-8.589999999999999e-92,1.000000001,66.0,9.54e-07,122.3315168,2.03e-12,-8.140000000000001e-56,-6.33e-44,1.001031189,66.0,0.0,122.3314858,0.0013634,-4.14e-31,0.0,2.267909692,66.0,9.54e-07,118.6758292,142.5822786,-4.02e-14,-3.53e-09,19.12586885,66.01983204,0.487433251,115.6391479,233.2355494,-0.329950283,-0.044323709
1.0,204.0,0.0,1.0,204.0,5.39e-06,1.000911276,204.229729,58.26029474,3.005317071,316.2543908,22153.86087,27.93884689,297.4810971,30604.03222,1.0,204.0,0.0,1.0,204.0,5.39e-06,1.000911276,204.229729,58.26029474,3.005317071,316.2543908,22153.86087,27.93884689,297.4810971,30604.03222,1.0,204.0,0.0,274.0529146,0.0,0.0,0.0,1.0,204.0,0.0,274.0529146,0.0,0.0,0.0,1.000000002,203.9999998,0.004656503,274.0529145,2.17e-05,-2.09e-93,0.0,1.288499045,188.3901294,43.70919908,262.6401356,1910.494085,4.1599999999999994e-23,0.0,9.65767018,142.0764478,68.63617039,231.6780461,4710.923886,1.15e-12,4.38e-09,1.0,29.71012402,0.0,1.0,29.71012402,0.0,1.000000002,29.71012398,9.85e-07,1.288499045,26.38288865,86.76985598,9.65767018,20350.3815,30617100000000.0,1.0,204.0,0.0,274.0529146,0.0,0.0,0.0,1.0,204.0,0.0,274.0529146,0.0,0.0,0.0,1.000000002,203.9999998,0.004656503,274.0529145,2.17e-05,-2.09e-93,0.0,1.288499045,188.3901294,43.70919908,262.6401356,1910.494085,4.1599999999999994e-23,0.0,9.65767018,142.0764478,68.63617039,231.6780461,4710.923886,1.15e-12,4.38e-09
2.996596415,66.00019715,0.003155561,3.002936282,66.01161011,0.186919311,3.35019584,66.56597585,10.02882526,11.14015848,70.11464892,296.0257768,99.41063066,70.86442609,353.0236843,2.996596415,66.00019715,0.003155561,3.002936282,66.01161011,0.186919311,3.35019584,66.56597585,10.02882526,11.14015848,70.11464892,296.0257768,99.41063066,70.86442609,353.0236843,2.996506904,66.0,0.0,122.3315131,0.000163301,9.800000000000001e-27,0.0,2.998010755,66.0,1.27e-05,122.3301089,0.06186805,-1.46e-14,-4.63e-09,3.049956172,66.00115017,0.321736308,121.8088103,22.6438096,-0.001415723,-0.00092471,7.973080071,70.50095734,19.61677182,120.8119945,434.8159264,73.98620353,0.265081663,76.22740758,71.62996018,20.98488107,118.0227672,538.1644212,34.54231328,0.093587446,2.996506904,1.460405797,4.277411496,2.998010755,1.461903539,4.27985798,3.049956172,1.527961029,4.479363222,7.973080071,2.167397815,7.076259737,76.22740758,1.938680934,9.775755658,1.0,66.0,0.0,122.3315168,0.0,2.3900000000000002e-73,0.0,1.000000001,66.0,9.54e-07,122.3315168,2.03e-12,2.98e-101,2.32e-89,1.000974794,66.0,0.0,122.3315168,3.64e-12,-4.9e-28,0.0,2.040469969,66.00019651,0.048560455,121.7156465,26.56053999,-0.00169007,-0.006753105,19.81908357,66.64457555,2.705444326,116.7613795,213.020199,1.406344846,0.03562633
1.999916548,330.0,2.91e-11,1.999949928,330.0,0.0,1.999984254,329.9998799,0.032416292,2.727906542,300.1276308,7173.181252,18.82809258,239.8500826,16213.47009,1.999916548,330.0,2.91e-11,1.999949928,330.0,0.0,1.999984254,329.9998799,0.032416292,2.727906542,300.1276308,7173.181252,18.82809258,239.8500826,16213.47009,1.0,330.0,0.0,431.4904402,0.0,0.0,0.0,1.0,330.0,0.0,431.4904402,0.0,0.0,0.0,1.000000028,330.0,5.39e-06,431.4904402,3.25e-11,7.16e-57,3.4799999999999997e-46,1.213050783,330.0,3.81e-06,431.4904402,2.06e-11,-4.78e-39,-3.29e-28,6.270795604,330.0,0.0,431.4904402,2.91e-11,-4.07e-29,0.0,1.0,25.10965514,0.0,1.0,25.10965514,0.0,1.000000028,25.10965514,3.25e-10,1.213050783,25.09375757,0.001460028,6.270795604,25.06279452,0.00580234,1.0,330.0,0.0,431.4904402,0.0,0.0,0.0,1.0,330.0,0.0,431.4904402,0.0,0.0,0.0,1.000000028,330.0,5.39e-06,431.4904402,3.25e-11,7.16e-57,3.4799999999999997e-46,1.213050783,330.0,3.81e-06,431.4904402,2.06e-11,-4.78e-39,-3.29e-28,6.270795604,330.0,0.0,431.4904402,2.91e-11,-4.07e-29,0.0
1.00000002,60.00000077,2.92e-05,1.00002416,60.00091804,0.0348847,1.028942636,61.06781965,39.43765404,3.528592899,84.50681662,394.1889022,29.82548434,92.38995122,284.8720073,1.00000002,60.00000077,2.92e-05,1.00002416,60.00091804,0.0348847,1.028942636,61.06781965,39.43765404,3.528592899,84.50681662,394.1889022,29.82548434,92.38995122,284.8720073,1.00000002,60.00000077,0.00539955,84.85281505,5.06e-05,6.91e-13,1.99e-08,1.00002416,60.00091804,0.186774462,84.85426296,0.055366632,9.32e-07,2.41e-05,1.028938066,61.06763783,6.279362,86.41553649,57.6850914,1.142161326,0.028031486,2.194576187,73.87323774,18.29525372,104.5042521,473.6841974,79.7740295,0.238170426,11.45679913,77.01420121,18.88646207,107.2718603,495.7911564,28.69901253,0.081887569,1.00000002,5.112349131,4.72e-07,1.00002416,5.112465822,0.000564564,1.028938066,5.248596575,0.644439118,2.194576187,9.741284146,32.28294127,11.45679913,13.4483803,79.12923212,1.0,60.0,0.0,84.85281374,0.0,0.0,0.0,1.0,60.0,0.0,84.85281374,4.55e-13,0.0,0.0,1.000029297,60.0,6.74e-07,84.85281374,1.02e-12,4.87e-29,7.58e-17,1.393368892,60.0,9.54e-07,84.85281374,1.02e-12,-4.92e-32,-7.66e-20,6.321108428,60.0,1.35e-06,84.85281374,1.82e-12,-7.320000000000001e-29,0.0
1.000005804,81.99990713,0.001485865,1.000953228,81.98476288,0.243561704,1.170517103,79.66985841,31.90347641,9.009236856,71.28867077,313.3435531,96.50279754,72.81367247,528.609925,1.000005804,81.99990713,0.001485865,1.000953228,81.98476288,0.243561704,1.170517103,79.66985841,31.90347641,9.009236856,71.28867077,313.3435531,96.50279754,72.81367247,528.609925,1.0,82.0,1.65e-06,105.2615789,2.73e-12,-5.03e-148,0.0,1.000000002,81.99999997,0.000643805,105.2615789,4.14e-07,1.59e-74,2.6e-65,1.001174273,81.98123367,0.547639635,105.2469607,0.29990917,-1.91e-11,-1.37e-08,1.984900948,74.87123116,7.952418265,101.0244482,68.32771997,-3.856083044,-0.095334183,17.45681718,70.48321951,7.173270753,99.98834556,74.96725665,2.252351423,0.042524824,1.0,9.734059095,5.68e-14,1.000000002,9.734059104,4.56e-08,1.001174273,9.74028155,0.03297355,1.984900948,10.60656875,13.24438746,17.45681718,8.611217718,28.89658577,1.0,82.0,1.65e-06,105.2615789,2.73e-12,-5.03e-148,0.0,1.000000002,81.99999997,0.000643805,105.2615789,4.14e-07,1.59e-74,2.6e-65,1.001174273,81.98123367,0.547639635,105.2469607,0.29990917,-1.91e-11,-1.37e-08,1.984900948,74.87123116,7.952418265,101.0244482,68.32771997,-3.856083044,-0.095334183,17.45681718,70.48321951,7.173270753,99.98834556,74.96725665,2.252351423,0.042524824
3.272296385,66.00010816,0.009774997,3.586031381,66.01419662,1.294124644,4.43087788,67.62307396,149.5464813,12.42261325,72.30949747,546.6834994,101.8091841,70.97768016,398.7004708,3.272296385,66.00010816,0.009774997,3.586031381,66.01419662,1.294124644,4.43087788,67.62307396,149.5464813,12.42261325,72.30949747,546.6834994,101.8091841,70.97768016,398.7004708,3.265556319,66.00010881,0.09895785,122.3316018,0.009805424,4.02e-09,1.82e-06,3.536132395,66.01457263,1.145130665,122.3426357,1.31278941,1.71e-05,6.01e-05,4.016010348,67.86089695,12.80694297,123.6731159,164.3181528,-2.438984555,-0.060432668,9.910557656,74.08664422,25.73721362,123.9817636,696.2426179,-63.38691512,-0.168193351,78.80769058,71.89574306,22.26131719,117.2203105,599.8776443,-20.85719507,-0.050959431,3.265556319,0.81041771,2.019523028,3.536132395,0.836118821,2.071354138,4.016010348,0.91361604,2.271117366,9.910557656,1.760227074,7.237056833,78.80769058,40.47447097,58123556544.0,1.753364364,66.0,0.0,122.3315168,0.0,-1.55e-134,0.0,1.843729131,66.0,9.54e-07,122.3315168,3.75e-12,1.39e-28,7.64e-17,1.945843187,66.0,1.35e-06,122.3315168,1.31e-09,3.38e-25,6.93e-15,3.072182536,66.0,1.35e-06,121.0942597,52.31651216,1.92e-14,1.96e-09,20.32250152,66.0053777,0.276354273,115.3484614,241.1163679,-0.074603746,-0.017385257
1.607475065,73.46512357,33.85341292,2.111286111,71.68373938,35.89997922,3.149106128,69.81060547,31.20655421,10.71044002,68.49677314,112.60018,101.6926126,70.63783942,322.2386462,1.607475065,73.46512357,33.85341292,2.111286111,71.68373938,35.89997922,3.149106128,69.81060547,31.20655421,10.71044002,68.49677314,112.60018,101.6926126,70.63783942,322.2386462,1.607475065,73.46512357,5.818368579,126.5153123,33.85341292,4.15e-07,1.5e-05,2.111286111,71.68373938,5.991659137,125.4889247,35.89998272,0.000536614,0.000711319,3.149037991,69.81068761,5.586314755,124.1771027,33.14373227,0.549401026,0.029434288,9.606169467,68.53641212,10.95000228,116.1860529,292.0135089,2.273858256,0.012726086,80.82075446,71.35380792,19.71961508,117.2671525,499.4266741,35.96048339,0.103011452,1.607475065,0.498886871,0.829566326,2.111286111,0.712438603,1.736857981,3.149037991,1.137732442,3.201204486,9.606169467,1.877782481,9.369710096,80.82075446,1.829973122,9.858136795,1.278774597,75.38398372,4.954659848,127.6391202,24.54865421,7.81e-15,1.17e-09,1.464677794,74.1929282,5.584896231,126.9393185,31.19106591,1.13e-08,3.53e-06,1.775488961,72.75870155,5.951837696,126.0944647,35.42850715,0.034898149,0.007969624,3.451450157,69.53038056,5.468178842,119.4849769,184.1419003,13.85059497,0.187910315,21.89196073,67.41466291,3.869713653,116.8405613,223.2769349,10.90771852,0.188852456
4.978190578,102.0,3.64e-12,4.986898741,102.0,1.27e-11,4.995659885,101.9997367,0.011030088,6.093326259,98.71549388,120.0422488,33.11745369,92.48795363,284.6734087,4.978190578,102.0,3.64e-12,4.986898741,102.0,1.27e-11,4.995659885,101.9997367,0.011030088,6.093326259,98.71549388,120.0422488,33.11745369,92.48795363,284.6734087,1.0,102.0,0.0,144.2497834,0.0,0.0,0.0,1.0,102.0,0.0,144.2497834,0.0,0.0,0.0,1.0,102.0,0.0,144.2497834,1.82e-12,4.76e-159,0.0,1.071823626,102.0,0.0,144.2497834,3.64e-12,6.420000000000001e-33,0.0,4.210351641,102.0,1.91e-06,144.2497834,3.64e-12,1.86e-28,0.0,1.0,38.99650788,0.0,1.0,38.99650788,0.0,1.0,38.99650788,6.82e-13,1.071823626,38.99465748,0.000152997,4.210351641,39.13613376,4.784686052,1.0,102.0,0.0,144.2497834,0.0,0.0,0.0,1.0,102.0,0.0,144.2497834,0.0,0.0,0.0,1.0,102.0,0.0,144.2497834,1.82e-12,4.76e-159,0.0,1.071823626,102.0,0.0,144.2497834,3.64e-12,6.420000000000001e-33,0.0,4.210351641,102.0,1.91e-06,144.2497834,3.64e-12,1.86e-28,0.0
1.992539767,66.0000039,6.24e-05,1.995907202,66.00131326,0.021632367,2.126082097,66.65349447,27.97229271,12.12053923,99.87023275,25800.155,120.5496511,133.5890512,66727.22066,1.992539767,66.0000039,6.24e-05,1.995907202,66.00131326,0.021632367,2.126082097,66.65349447,27.97229271,12.12053923,99.87023275,25800.155,120.5496511,133.5890512,66727.22066,1.992538431,66.0,0.000157223,122.3315168,3.06e-08,-1.26e-16,-5.94e-09,1.995516545,66.00000841,0.027503974,122.3315153,0.000800771,-1.47e-08,-3.3e-05,2.008429368,66.25682837,4.799726407,122.3729744,23.43146802,-0.760390838,-0.076582556,9.213245634,109.2583521,183.1772929,153.1958094,38359.793,3370.987296,0.134970697,96.52006087,149.7744205,286.3761769,201.4275804,98028.79043,14187.42164,0.213784274,1.992538431,3.711951525,13.86600771,1.995516545,3.717529165,13.86613101,2.008429368,3.71434165,13.82534674,9.213245634,1.893472835,7.34368135,96.52006087,3.591750371,3108537997.0,1.0,66.0,0.0,122.3315168,3.64e-12,-7.62e-43,0.0,1.000000001,66.0,0.0,122.3315168,1.82e-12,-5.58e-31,0.0,1.001059075,66.0,0.0,122.3314847,0.001408165,-2.24e-19,0.0,2.334174546,66.0,9.54e-07,117.9415835,166.8020742,3.28e-14,2.66e-09,19.46291679,66.00032758,0.06884056,115.1823313,244.3380597,-0.011343722,-0.010541821
1.000058391,66.0,6.46e-11,1.00294505,65.99999949,3.42e-06,1.193200766,65.99111513,0.302595359,9.816128057,68.19251446,131.9398121,102.2337602,70.34679941,314.8423872,1.000058391,66.0,6.46e-11,1.00294505,65.99999949,3.42e-06,1.193200766,65.99111513,0.302595359,9.816128057,68.19251446,131.9398121,102.2337602,70.34679941,314.8423872,1.000000106,66.0,0.0,93.33809568,2.92e-05,1.99e-26,0.0,1.000065348,66.00000002,0.000493643,93.33919314,0.057451714,1.28e-14,1.08e-10,1.046224159,66.01366858,0.404775598,95.36143427,96.34362466,0.006224224,0.001566606,7.07206816,68.64147049,12.77283684,112.3489084,379.4074104,3.611896479,0.015278909,78.24991877,71.25399242,19.77602591,116.5625261,510.5188964,23.1102437,0.064511115,1.000000106,4.633876132,2.1e-08,1.000065348,4.633905143,1.31e-05,1.046224159,4.633700039,0.129119179,7.07206816,2.572278143,11.69043148,78.24991877,1.890727082,10.25351884,1.0,66.0,0.0,122.3315168,0.0,0.0,0.0,1.000000001,66.0,0.0,122.3315168,1.82e-12,4.49e-208,0.0,1.000958507,66.0,9.54e-07,122.3315168,1.34e-06,-9.79e-25,-8.85e-16,2.068756043,66.00149359,0.133868929,120.246134,85.82229675,-0.003792922,-0.003058398,20.32021605,66.54059415,2.488953147,115.5242008,243.6012982,-1.271654156,-0.032740306
1.642695777,72.40940867,89.1020836,1.958744443,75.40450048,273.1351448,3.604920421,87.1072717,1047.52174,14.67304028,84.17431581,1178.238323,108.3296448,81.4907194,6272.820857,1.642695777,72.40940867,89.1020836,1.958744443,75.40450048,273.1351448,3.604920421,87.1072717,1047.52174,14.67304028,84.17431581,1178.238323,108.3296448,81.4907194,6272.820857,1.609232176,72.05655803,7.760350075,103.2865046,87.879541,-25.42601019,-0.409549988,1.746262205,72.80526893,7.910285562,103.7965646,89.50577629,-27.9057458,-0.440973783,2.057822584,73.04136692,7.942356238,103.5309539,89.58276174,-19.99511938,-0.315661808,3.55558328,71.09226158,7.452855647,100.6355384,79.09888029,6.31501098,0.112911804,19.88175372,70.16984135,7.023443748,99.80160358,73.73986918,3.612584606,0.069475904,1.609232176,1.063585408,1.398857885,1.746262205,1.206597534,1.827748425,2.057822584,2.313661398,14.28394623,3.55558328,5.901625525,36.54696348,19.88175372,7.554088766,31.43519718,1.609232176,72.05655803,7.760350075,103.2865046,87.879541,-25.42601019,-0.409549988,1.746262205,72.80526893,7.910285562,103.7965646,89.50577629,-27.9057458,-0.440973783,2.057822584,73.04136692,7.942356238,103.5309539,89.58276174,-19.99511938,-0.315661808,3.55558328,71.09226158,7.452855647,100.6355384,79.09888029,6.31501098,0.112911804,19.88175372,70.16984135,7.023443748,99.80160358,73.73986918,3.612584606,0.069475904
1.004149594,81.93388086,1.053534502,1.037477888,81.42201544,8.913686816,1.403634659,77.39896826,52.44727307,8.412587271,69.71898265,186.467028,97.19098788,70.39084806,341.8493004,1.004149594,81.93388086,1.053534502,1.037477888,81.42201544,8.913686816,1.403634659,77.39896826,52.44727307,8.412587271,69.71898265,186.467028,97.19098788,70.39084806,341.8493004,1.0,82.0,1.35e-06,105.2615789,1.82e-12,-9.78e-59,0.0,1.000000002,81.99999997,0.000637352,105.2615789,4.06e-07,1.3799999999999999e-30,1.6e-21,1.001166414,81.98135912,0.545808267,105.2470584,0.297906664,-1.95e-10,-1.42e-07,1.984018371,74.87504372,7.951999653,101.025174,68.30693711,-1.599425594,-0.039574344,17.40061427,70.4543124,7.171338746,99.92621906,74.6824555,3.643989873,0.069049889,1.0,9.743746996,5.68e-14,1.000000002,9.743747004,4.45e-08,1.001166414,9.749915976,0.032627604,1.984018371,10.61433004,13.25789887,17.40061427,8.639726488,28.94898331,1.0,82.0,1.35e-06,105.2615789,1.82e-12,-9.78e-59,0.0,1.000000002,81.99999997,0.000637352,105.2615789,4.06e-07,1.3799999999999999e-30,1.6e-21,1.001166414,81.98135912,0.545808267,105.2470584,0.297906664,-1.95e-10,-1.42e-07,1.984018371,74.87504372,7.951999653,101.025174,68.30693711,-1.599425594,-0.039574344,17.40061427,70.4543124,7.171338746,99.92621906,74.6824555,3.643989873,0.069049889
5.157969333,91.20169061,1322.88911,5.382962542,93.38682944,1417.602172,5.984685741,101.7501003,8937.527565,64.04848309,529.6921331,381098.4335,694.3460466,1103.068225,339175.0616,5.157969333,91.20169061,1322.88911,5.382962542,93.38682944,1417.602172,5.984685741,101.7501003,8937.527565,64.04848309,529.6921331,381098.4335,694.3460466,1103.068225,339175.0616,1.999601805,76.0,0.0,113.2770088,63.99999639,2.39e-113,0.0,1.999761064,76.0,9.54e-07,113.2775725,63.9999987,-5.34e-41,-7e-36,2.000911122,75.99999974,0.002436651,113.277592,64.02867003,-1.02e-09,-5.25e-08,5.311074623,76.50144352,5.795339416,119.8696477,1766.147437,3.871025942,0.015895456,23.26247028,76.14082786,7.774745197,147.1826016,15755.92193,-185.9166949,-0.190507428,1.999601805,5.488533241,30.1347352,1.999761064,5.488970508,30.13473597,2.000911122,5.490071347,30.14380415,5.311074623,6.236875076,2902828771.0,23.26247028,9870197.227,1.48e+16,1.999601805,76.0,0.0,76.0,0.0,0.0,0.0,1.999761064,76.0,9.54e-07,76.0,9.09e-13,0.0,0.0,1.999920348,76.0,9.54e-07,76.0,9.09e-13,0.0,0.0,1.999992035,76.0,0.0,76.0,0.0,0.0,0.0,1.999999203,76.0,9.54e-07,76.0,9.09e-13,0.0,0.0
1.777986559,74.99894317,63.00211254,2.334963248,72.85235625,62.68291382,3.350901476,70.77423539,53.60762675,10.84807542,68.46058011,128.6604366,96.28604025,70.2886608,347.9310793,1.777986559,74.99894317,63.00211254,2.334963248,72.85235625,62.68291382,3.350901476,70.77423539,53.60762675,10.84807542,68.46058011,128.6604366,96.28604025,70.2886608,347.9310793,1.0,82.0,1.35e-06,105.2615789,1.82e-12,-3.64e-147,0.0,1.000000002,81.99999997,0.000659921,105.2615789,4.35e-07,-1.1e-66,-1.7400000000000002e-57,1.001193787,81.98092219,0.552160371,105.246718,0.304881075,-1.95e-11,-1.39e-08,1.986060821,74.86572778,7.953019264,101.0178828,68.31925845,-3.852871443,-0.09533193,17.17770556,70.46548437,7.17691482,99.96278092,74.91880254,2.264930561,0.042786192,1.0,9.710281849,5.68e-14,1.000000002,9.710281858,4.83e-08,1.001193787,9.71663756,0.033838623,1.986060821,10.59861345,13.27400755,17.17770556,8.756887615,6777737.063,1.0,82.0,1.35e-06,105.2615789,1.82e-12,-3.64e-147,0.0,1.000000002,81.99999997,0.000659921,105.2615789,4.35e-07,-1.1e-66,-1.7400000000000002e-57,1.001193787,81.98092219,0.552160371,105.246718,0.304881075,-1.95e-11,-1.39e-08,1.986060821,74.86572778,7.953019264,101.0178828,68.31925845,-3.852871443,-0.09533193,17.17766937,70.46548696,7.176914062,99.96278294,74.91879524,2.264929539,0.042786177
1.0,62.0,0.0,1.0,62.0,3.62e-10,1.000071647,62.00609219,1.407494627,2.853438956,209.4935074,31195.82854,29.09871783,276.8588181,32359.59613,1.0,62.0,0.0,1.0,62.0,3.62e-10,1.000071647,62.00609219,1.407494627,2.853438956,209.4935074,31195.82854,29.09871783,276.8588181,32359.59613,1.0,62.0,0.0,62.0,0.0,0.0,0.0,1.0,62.0,0.0,62.0,0.0,0.0,0.0,1.0,62.0,0.0,62.0,0.0,0.0,0.0,1.000185404,62.0,6.74e-07,62.0,4.55e-13,0.0,0.0,1.69773487,62.0,9.54e-07,62.0,9.09e-13,0.0,0.0,1.0,123.9724491,0.0,1.0,123.9724491,0.0,1.0,123.9724491,0.0,1.000185404,123.9731712,0.002815196,1.69773487,130.3217448,760.4228578,1.0,62.0,0.0,62.0,0.0,0.0,0.0,1.0,62.0,0.0,62.0,0.0,0.0,0.0,1.0,62.0,0.0,62.0,0.0,0.0,0.0,1.000185404,62.0,6.74e-07,62.0,4.55e-13,0.0,0.0,1.69773487,62.0,9.54e-07,62.0,9.09e-13,0.0,0.0
1.0,330.0,0.0,1.0,330.0,0.0,1.000000913,329.9997682,0.062594449,1.737438985,281.7322355,10652.64918,25.3243233,193.4618622,15813.56867,1.0,330.0,0.0,1.0,330.0,0.0,1.000000913,329.9997682,0.062594449,1.737438985,281.7322355,10652.64918,25.3243233,193.4618622,15813.56867,1.0,330.0,0.0,431.4904402,0.0,0.0,0.0,1.0,330.0,0.0,431.4904402,0.0,0.0,0.0,1.000000027,330.0,6.61e-06,431.4904402,4.6e-11,-1.06e-57,-4.19e-47,1.212724697,330.0,0.0,431.4904402,0.0,2.6399999999999998e-28,0.0,6.271878812,330.0,3.81e-06,431.4904402,2.06e-11,3.3500000000000006e-27,2.31e-16,1.0,25.12848115,0.0,1.0,25.12848115,0.0,1.000000027,25.12848115,2.69e-10,1.212724697,25.11197166,0.001305021,6.271878812,25.05805497,0.002104444,1.0,330.0,0.0,431.4904402,0.0,0.0,0.0,1.0,330.0,0.0,431.4904402,0.0,0.0,0.0,1.000000027,330.0,6.61e-06,431.4904402,4.6e-11,-1.06e-57,-4.19e-47,1.212724697,330.0,0.0,431.4904402,0.0,2.6399999999999998e-28,0.0,6.271878812,330.0,3.81e-06,431.4904402,2.06e-11,3.3500000000000006e-27,2.31e-16
1.00000003,65.99999982,1.09e-06,1.000030952,65.99981473,0.001117483,1.042378079,65.89552068,7.923906137,7.503622461,72.16173565,555.6120911,94.56909667,90.37912554,23499.45276,1.00000003,65.99999982,1.09e-06,1.000030952,65.99981473,0.001117483,1.042378079,65.89552068,7.923906137,7.503622461,72.16173565,555.6120911,94.56909667,90.37912554,23499.45276,1.0,66.0,2.34e-06,122.4901247,2.977752059,5.95e-14,1.48e-08,1.000000022,66.00000006,0.002356149,122.9141205,10.58257451,2.69e-07,3.51e-05,1.007547191,66.07875606,2.661173201,124.342085,32.93398795,1.074658699,0.07120579,5.710135172,74.5612166,26.4048379,125.8917722,716.9254508,103.0785096,0.302127232,74.7670591,96.28853105,171.8801056,139.6584526,31571.48672,1213.461404,0.066905128,1.0,9.042196035,5.67e-12,1.000000022,9.042195849,1.63e-06,1.007547191,8.984201275,0.50401115,5.710135172,3.305710036,16.29381894,74.7670591,1.977253463,10.10177211,1.0,66.0,1.91e-06,136.077184,5.14e-12,-1.06e-41,-2.9199999999999998e-30,1.000000002,66.00000006,0.002356149,136.077184,6.5e-06,-1.1399999999999999e-23,-2.62e-18,1.001857316,66.07920334,2.668712701,136.066359,7.721554379,-1.32e-05,-2.86e-06,2.472371647,85.77279677,37.26376547,129.6070091,1546.36445,-114.4025896,-0.117689698,19.28097974,93.16898757,41.31652207,124.3880579,1814.683133,32.57977469,0.031779979
1.000936852,66.0,0.0,1.02365179,66.0,3.64e-12,1.607598335,66.00041064,0.039053362,10.79542784,69.07077344,260.0217596,104.6704785,70.7867549,345.3866744,1.000936852,66.0,0.0,1.02365179,66.0,3.64e-12,1.607598335,66.00041064,0.039053362,10.79542784,69.07077344,260.0217596,104.6704785,70.7867549,345.3866744,1.0,66.0,0.0,93.33809512,9.09e-13,-1.1899999999999999e-95,0.0,1.0,66.0,0.0,93.33809512,1.51e-07,1.4200000000000001e-43,0.0,1.000029742,66.00000039,0.002510401,93.34757336,0.214271244,6.66e-13,5.73e-10,1.933013515,67.63244814,4.842962246,97.54762263,55.47517082,2.79318491,0.081343057,17.53372959,69.75367478,6.779167024,99.74366087,72.97994115,6.025601744,0.118048935,1.0,15.03968596,0.0,1.0,15.03968596,6.25e-13,1.000029742,15.03953942,0.000725489,1.933013515,11.50116021,25.16389352,17.53372959,8.578431998,30.53090331,1.0,66.0,0.0,93.33809512,9.09e-13,-1.1899999999999999e-95,0.0,1.0,66.0,0.0,93.33809512,1.51e-07,1.4200000000000001e-43,0.0,1.000029742,66.00000039,0.002510401,93.34757336,0.214271244,6.66e-13,5.73e-10,1.933013515,67.63244814,4.842962246,97.54762263,55.47517082,2.79318491,0.081343057,17.53372959,69.75367478,6.779167024,99.74366087,72.97994115,6.025601744,0.118048935
1.000002724,155.9997548,0.022065987,1.000597617,155.9462472,4.834812825,1.151829843,144.1845243,920.2366076,9.975078636,77.29311473,817.5313515,98.9446492,71.51383401,418.6890109,1.000002724,155.9997548,0.022065987,1.000597617,155.9462472,4.834812825,1.151829843,144.1845243,920.2366076,9.975078636,77.29311473,817.5313515,98.9446492,71.51383401,418.6890109,1.000002724,155.9997548,0.148546213,178.2133164,339.4844303,1.47e-08,5.36e-09,1.000597509,155.9462563,2.198645349,177.8464838,341.2855588,0.000666037,1.64e-05,1.142344696,144.7853267,29.72459755,167.7814095,947.493877,22.40405579,0.040746379,7.7338325,79.30223724,31.93844407,118.4075173,1078.119024,129.0613024,0.216302667,76.27279449,72.34100835,22.89144531,116.8157198,625.5139747,67.59145921,0.159763072,1.000002724,3.818814394,2.44e-05,1.000597509,3.817756227,0.00490809,1.142344696,3.624433968,0.919724764,7.7338325,2.168678178,5.007060142,76.27279449,1.920048013,4.640854604,1.000000937,155.9999156,0.087132625,169.3870529,0.007592094,-1.5e-130,0.0,1.000241616,155.9782598,1.398623457,169.3671087,1.956147574,1.96e-19,1.04e-13,1.062285705,150.7229701,21.14439983,164.5400068,447.085644,-5.15e-07,-3.72e-06,2.457481989,107.8553103,44.88998693,129.5543373,2033.478817,-89.6465219,-0.120932547,19.38957415,90.61763551,40.11931228,122.3449736,1716.412592,48.74778001,0.049765075
1.982653742,449.1749802,399.9693819,1.989555843,449.1049898,399.9889771,1.996508036,449.0346859,400.1187395,3.112539039,374.467163,21659.21361,27.27048978,302.1806928,30863.80639,1.982653742,449.1749802,399.9693819,1.989555843,449.1049898,399.9889771,1.996508036,449.0346859,400.1187395,3.112539039,374.467163,21659.21361,27.27048978,302.1806928,30863.80639,1.982653742,449.1749802,19.99923453,449.1749802,399.9693819,0.0,0.0,1.989555843,449.1049898,19.99972443,449.1049898,399.9889771,0.0,0.0,1.996506426,449.0349969,19.99996938,449.0349969,399.9987753,0.0,0.0,2.428593108,450.3000688,20.08136486,450.3000688,403.2612145,0.0,0.0,14.98096348,455.3548207,19.59284526,455.3548207,383.8795854,0.0,0.0,1.982653742,14.85235188,224.3337542,1.989555843,14.90476888,224.3447447,1.996506426,14.95718781,224.3502402,2.428593108,14.10105332,223.5974623,14.98096348,10.66507179,205.899344,1.982653742,449.1749802,19.99923453,449.1749802,399.9693819,0.0,0.0,1.989555843,449.1049898,19.99972443,449.1049898,399.9889771,0.0,0.0,1.996506426,449.0349969,19.99996938,449.0349969,399.9987753,0.0,0.0,2.428593108,450.3000688,20.08136486,450.3000688,403.2612145,0.0,0.0,14.98096348,455.3548207,19.59284526,455.3548207,383.8795854,0.0,0.0
1.000072341,66.0,0.0,1.003313355,66.0,0.0,1.198569816,66.00018972,0.003121585,8.41305297,68.20746958,160.6294366,95.79902626,70.38796299,338.9512314,1.000072341,66.0,0.0,1.003313355,66.0,0.0,1.198569816,66.00018972,0.003121585,8.41305297,68.20746958,160.6294366,95.79902626,70.38796299,338.9512314,1.00007234,66.0,0.0,122.3276611,0.169414404,-3.68e-40,0.0,1.003309098,66.0,0.0,122.1912301,6.138484071,1.48e-23,0.0,1.182331397,66.00000031,0.005256482,118.0666831,162.781479,5.83e-07,8.69e-06,6.50776222,68.20799121,13.90801237,115.3948773,348.6277804,-8.396977553,-0.035450842,74.12881922,71.08522084,20.49501804,116.607087,533.3206411,16.14826443,0.043463949,1.00007234,2.751059262,1.99e-05,1.003309098,2.749459961,0.001040879,1.182331397,2.743768956,0.174043208,6.50776222,2.520181304,3.271067102,74.12881922,1.97200333,3.629874847,1.0,66.0,9.54e-07,122.3315168,2.03e-12,-6.93e-43,-5.39e-31,1.000000001,66.0,0.0,122.3315168,3.64e-12,2.63e-67,0.0,1.001034048,66.0,0.0,122.3314833,0.001473505,-1.63e-31,0.0,2.274907798,66.0,0.000174416,118.6184619,144.5284654,-1.09e-07,-5.18e-05,19.50108893,66.07224433,0.928284851,115.3560105,241.0613357,-0.100519092,-0.006974369
1.358935189,344.6782272,447.8174606,1.540766304,348.8466707,524.8298804,1.81480283,353.5508197,574.9849845,3.408943368,351.0267457,36014.11259,14.21027033,246.093298,42557.87829,1.358935189,344.6782272,447.8174606,1.540766304,348.8466707,524.8298804,1.81480283,353.5508197,574.9849845,3.408943368,351.0267457,36014.11259,14.21027033,246.093298,42557.87829,1.358935189,344.6782272,21.16169796,350.9402803,447.8174606,-3.03e-19,0.0,1.540766304,348.8466707,22.90916586,355.0352091,524.8298804,-2.72e-10,-1.43e-07,1.814802823,353.5508208,23.97883823,359.6607978,574.9990102,-0.509581303,-0.010547973,3.254671284,364.8214729,183.0744652,388.6404755,37456.10087,-4524.566205,-0.191120461,11.16695751,296.8090027,205.2953297,377.6033495,50288.53888,-17795.05798,-0.523327918,1.358935189,4.002671925,38.2856825,1.540766304,5.22149764,44.86977828,1.814802823,6.596467553,48.73145728,3.254671284,8.22031104,139.3367567,11.16695751,15.05864451,2723715.524,1.358935189,344.6782272,21.16169796,350.9402803,447.8174606,-3.03e-19,0.0,1.540766304,348.8466707,22.90916586,355.0352091,524.8298804,-2.72e-10,-1.43e-07,1.814802823,353.5508208,23.97883823,359.6607978,574.9990102,-0.509581303,-0.010547973,3.254671284,364.8214729,183.0744652,388.6404755,37456.10087,-4524.566205,-0.191120461,11.16695751,296.8090027,205.2953297,377.6033495,50288.53888,-17795.05798,-0.523327918
3.999734773,102.0,1.82e-12,3.99984086,102.0,0.0,3.999946998,101.9999995,1.93e-05,4.722435936,99.95288634,77.02540209,28.42345951,93.67475704,344.6950138,3.999734773,102.0,1.82e-12,3.99984086,102.0,0.0,3.999946998,101.9999995,1.93e-05,4.722435936,99.95288634,77.02540209,28.42345951,93.67475704,344.6950138,1.0,102.0,0.0,144.2497834,0.0,0.0,0.0,1.0,102.0,0.0,144.2497834,0.0,0.0,0.0,1.0,102.0,0.0,144.2497834,0.0,0.0,0.0,1.071686382,102.0,0.0,144.2497834,3.64e-12,1.63e-30,0.0,3.840950962,101.916141,1.874845072,144.1370537,4.099768737,0.011750485,0.004314572,1.0,39.01588702,0.0,1.0,39.01588702,0.0,1.0,39.01588702,4.55e-13,1.071686382,39.02753686,0.4267006,3.840950962,3006310.972,4520000000000000.0,1.0,102.0,0.0,144.2497834,0.0,0.0,0.0,1.0,102.0,0.0,144.2497834,0.0,0.0,0.0,1.0,102.0,0.0,144.2497834,0.0,0.0,0.0,1.071686382,102.0,0.0,144.2497834,3.64e-12,1.63e-30,0.0,3.840950962,101.916141,1.874845072,144.1370537,4.099768737,0.011750485,0.004314572
1.999895892,330.0,1.46e-11,1.999937534,330.0,1.46e-11,1.999980334,329.9998518,0.040014359,2.762012567,297.8535745,7548.074168,27.4111884,196.2929882,16002.28549,1.999895892,330.0,1.46e-11,1.999937534,330.0,1.46e-11,1.999980334,329.9998518,0.040014359,2.762012567,297.8535745,7548.074168,27.4111884,196.2929882,16002.28549,1.0,330.0,0.0,431.4904402,0.0,0.0,0.0,1.0,330.0,0.0,431.4904402,0.0,0.0,0.0,1.000000029,330.0,5.39e-06,431.4904402,3.25e-11,-2.38e-176,-1.16e-165,1.214427583,330.0,6.61e-06,431.4904402,5.25e-11,8.12e-28,2.28e-17,6.275085233,330.0,5.39e-06,431.4904402,2.91e-11,1.1300000000000002e-27,0.0,1.0,25.01723313,0.0,1.0,25.01723313,0.0,1.000000029,25.01723313,6.14e-12,1.214427583,25.01714621,0.000161678,6.275085233,25.04407205,0.002021463,1.0,330.0,0.0,431.4904402,0.0,0.0,0.0,1.0,330.0,0.0,431.4904402,0.0,0.0,0.0,1.000000029,330.0,5.39e-06,431.4904402,3.25e-11,-2.38e-176,-1.16e-165,1.214427583,330.0,6.61e-06,431.4904402,5.25e-11,8.12e-28,2.28e-17,6.275085233,330.0,5.39e-06,431.4904402,2.91e-11,1.1300000000000002e-27,0.0
1.236716287,61.14844263,5.57173531,1.653744509,62.37184505,8.605421359,2.859115085,63.86152111,8.257793566,11.59857566,66.44052304,107.674506,104.2974323,70.11442493,317.9654068,1.236716287,61.14844263,5.57173531,1.653744509,62.37184505,8.605421359,2.859115085,63.86152111,8.257793566,11.59857566,66.44052304,107.674506,104.2974323,70.11442493,317.9654068,1.000000002,60.0,9.54e-07,84.85281374,9.09e-13,-3.99e-283,0.0,1.000006888,60.0,6.74e-07,84.85281374,4.55e-13,0.0,0.0,1.019026434,60.0,0.0,84.85281374,4.55e-13,-3.7499999999999994e-104,0.0,1.831164028,60.0,6.74e-07,84.85281374,4.55e-13,-1.0900000000000001e-36,0.0,7.808284872,60.0,6.74e-07,84.85281374,6.43e-13,-2.0300000000000002e-29,-4.46e-17,1.000000002,5.715851115,8.55e-07,1.000006888,5.715978622,0.002362167,1.019026434,6.061626573,6.283925794,1.831164028,14.18411262,90.63842861,7.808284872,20.53753163,415059038.5,1.000000002,60.0,9.54e-07,84.85281374,9.09e-13,-3.99e-283,0.0,1.000006888,60.0,6.74e-07,84.85281374,4.55e-13,0.0,0.0,1.019026434,60.0,0.0,84.85281374,4.55e-13,-3.7499999999999994e-104,0.0,1.831164028,60.0,6.74e-07,84.85281374,4.55e-13,-1.0900000000000001e-36,0.0,7.808284872,60.0,6.74e-07,84.85281374,6.43e-13,-2.0300000000000002e-29,-4.46e-17
1.000223469,81.9964253,0.057182402,1.008510816,81.86498,2.142074068,1.339199306,78.0092062,47.68057807,9.115087073,72.71948627,1814.918862,161.0271841,281.109216,220536.9531,1.000223469,81.9964253,0.057182402,1.008510816,81.86498,2.142074068,1.339199306,78.0092062,47.68057807,9.115087073,72.71948627,1814.918862,161.0271841,281.109216,220536.9531,1.0,82.0,1.65e-06,105.2615789,2.73e-12,-7.46e-148,0.0,1.000000002,81.99999997,0.00064037,105.2615789,4.1e-07,2.36e-66,0.0,1.001170103,81.98130023,0.546668614,105.2470125,0.298846573,-1.91e-11,-1.36e-08,1.989488837,74.85066696,7.954644287,101.0017303,68.30851314,-3.819715186,-0.094660846,17.18769482,70.55472023,8.014146528,99.97992798,85.31132265,2.125577464,0.035394812,1.0,9.739205122,4.26e-14,1.000000002,9.73920513,3.86e-08,1.001170103,9.744941305,0.028121233,1.989488837,10.54323006,12.35841142,17.18769482,1005756.117,1513300000000000.0,1.0,82.0,1.65e-06,105.2615789,2.73e-12,-7.46e-148,0.0,1.000000002,81.99999997,0.00064037,105.2615789,4.1e-07,2.36e-66,0.0,1.001170103,81.98130023,0.546668614,105.2470125,0.298846573,-1.91e-11,-1.36e-08,1.989488837,74.85066696,7.954644287,101.0017303,68.30851314,-3.819715186,-0.094660846,17.18769482,70.55472023,8.014146528,99.97992798,85.31132265,2.125577464,0.035394812
2.999546422,456.3355274,374.1942742,2.999728387,456.3345777,374.233796,3.008093112,455.2609456,795.0993061,4.597216821,361.1698106,27459.20934,29.75816136,295.0160825,32372.34459,2.999546422,456.3355274,374.1942742,2.999728387,456.3345777,374.233796,3.008093112,455.2609456,795.0993061,4.597216821,361.1698106,27459.20934,29.75816136,295.0160825,32372.34459,2.999546422,456.3355274,19.34410174,456.3355274,374.1942723,0.0,0.0,2.999727839,456.3346498,19.34439074,456.3346498,374.2054532,0.0,0.0,2.999909278,456.3337721,19.3446797,456.3337721,374.2166329,0.0,0.0,3.428494816,456.3334234,19.34479612,456.3334234,374.2211369,0.0,0.0,15.97879784,456.3334204,19.34479691,456.3334204,374.2211677,0.0,0.0,2.999546422,9.999041298,200.0069708,2.999727839,9.99966929,200.0132527,2.999909278,10.0002973,200.0195339,3.428494816,10.00040521,200.0138501,15.97879784,9.999920924,199.9581061,2.999546422,456.3355274,19.34410174,456.3355274,374.1942723,0.0,0.0,2.999727839,456.3346498,19.34439074,456.3346498,374.2054532,0.0,0.0,2.999909278,456.3337721,19.3446797,456.3337721,374.2166329,0.0,0.0,3.428494816,456.3334234,19.34479612,456.3334234,374.2211369,0.0,0.0,15.97879784,456.3334204,19.34479691,456.3334204,374.2211677,0.0,0.0
2.000014877,66.00016217,0.002594765,2.003537822,66.01220281,0.195096047,2.248771244,66.81955224,12.44435417,10.55867041,69.7428893,228.5389169,98.68318548,70.77783082,346.6719619,2.000014877,66.00016217,0.002594765,2.003537822,66.01220281,0.195096047,2.248771244,66.81955224,12.44435417,10.55867041,69.7428893,228.5389169,98.68318548,70.77783082,346.6719619,1.999961991,66.0,9.54e-07,122.3315168,3.75e-12,3.18e-28,1.75e-16,1.999977201,66.0,1.35e-06,122.3315167,2.64e-06,4.34e-16,1.98e-07,2.006783516,66.00004822,0.06587636,122.2859385,2.00161576,0.000663397,0.00711794,8.051871862,69.21616875,16.70639166,115.9005989,408.8141041,64.91475139,0.224818879,77.65328762,71.33678122,20.59313646,116.7871943,535.9513584,67.78043087,0.181814453,1.999961991,4.808169657,23.11926872,1.999977201,4.808206197,23.11926872,2.006783516,4.796629837,23.11615234,8.051871862,2.392478772,15.52088251,77.65328762,1.907925558,11.09069922,1.0,66.0,0.0,122.3315168,0.0,-4.87e-298,0.0,1.000000002,66.0,9.54e-07,122.3315168,1.35e-06,2.3e-40,2.0800000000000002e-31,1.001838426,66.0,0.0,122.3005321,1.360317757,4.88e-64,0.0,2.564020283,66.0001595,0.043749561,115.4677778,237.2714151,-0.000554159,-0.000822315,20.81917936,66.62310547,2.662518593,115.5799336,243.4265428,-0.573086454,-0.01379862
1.0,330.0,0.0,1.0,330.0,0.0,1.000000962,329.9997556,0.065992074,1.843264926,271.1116706,11936.87043,26.37699063,190.7618865,15287.49625,1.0,330.0,0.0,1.0,330.0,0.0,1.000000962,329.9997556,0.065992074,1.843264926,271.1116706,11936.87043,26.37699063,190.7618865,15287.49625,1.0,330.0,0.0,431.4904402,0.0,0.0,0.0,1.0,330.0,0.0,431.4904402,0.0,0.0,0.0,1.000000028,330.0,5.39e-06,431.4904402,3.25e-11,-2.19e-34,-1.06e-23,1.213331045,330.0,3.81e-06,431.4904402,1.46e-11,-7.8e-45,0.0,6.272453046,330.0,7.63e-06,431.4904402,5.82e-11,-5.5700000000000006e-27,0.0,1.0,25.078058,0.0,1.0,25.078058,0.0,1.000000028,25.078058,4.77e-12,1.213331045,25.07807917,0.000151418,6.272453046,25.05554912,0.001940483,1.0,330.0,0.0,431.4904402,0.0,0.0,0.0,1.0,330.0,0.0,431.4904402,0.0,0.0,0.0,1.000000028,330.0,5.39e-06,431.4904402,3.25e-11,-2.19e-34,-1.06e-23,1.213331045,330.0,3.81e-06,431.4904402,1.46e-11,-7.8e-45,0.0,6.272453046,330.0,7.63e-06,431.4904402,5.82e-11,-5.5700000000000006e-27,0.0
1.000013855,155.9987531,0.112219683,1.002189772,155.8033511,17.65973079,1.375220683,131.4440818,1607.036576,10.2528836,76.47956166,801.5415352,100.9662595,71.3235517,412.7058636,1.000013855,155.9987531,0.112219683,1.002189772,155.8033511,17.65973079,1.375220683,131.4440818,1607.036576,10.2528836,76.47956166,801.5415352,100.9662595,71.3235517,412.7058636,1.000013855,155.9987531,0.334992037,176.3102345,336.7579501,-1.95e-07,-3.17e-08,1.002189669,155.8033604,4.202249065,176.254504,338.3317652,-0.004156667,-5.38e-05,1.370513592,131.6688125,39.97249292,155.0576331,1632.632465,-37.98550554,-0.051885505,8.596498413,77.96525925,30.55660163,117.4535353,996.2513366,-161.3389394,-0.283268526,79.06477722,72.09592321,22.57480028,115.988037,619.2225969,-3.039312604,-0.007178593,1.000013855,3.595605482,0.000159701,1.002189669,3.588610256,0.024288588,1.370513592,2.821438949,2.136341294,8.596498413,1.924714814,4.142113118,79.06477722,1.850902095,4.213134933,1.000000198,155.9999821,0.040083866,169.3871141,0.001606716,-9.68e-50,0.0,1.000095164,155.9914361,0.877884722,169.3792435,0.770681585,-3.09e-20,-2.61e-14,1.045656622,152.07032,18.39099816,165.7750958,338.2288133,-5.01e-07,-3.57e-06,2.4217087,108.4738665,44.92904016,130.1615394,2037.884962,-49.89426119,-0.066418007,19.23657217,90.96000368,40.28891984,122.8230688,1731.554404,50.04376302,0.050586503
1.01434916,66.47888236,42.87010075,1.102757075,69.55669748,307.4684844,1.842657898,83.08721761,1255.593697,10.42683146,79.205158,1015.755173,112.5632421,111.4313051,44516.91693,1.01434916,66.47888236,42.87010075,1.102757075,69.55669748,307.4684844,1.842657898,83.08721761,1255.593697,10.42683146,79.205158,1015.755173,112.5632421,111.4313051,44516.91693,1.01434893,66.47888264,6.547526954,122.5117331,43.47909689,-5.355505423,-0.303743124,1.102630949,69.557269,17.53567928,123.8000223,310.7960498,-40.69040125,-0.345361068,1.765646834,83.93805572,35.95345841,130.3836953,1312.408743,-251.2150486,-0.463892295,7.668063343,83.73421818,35.86466124,125.7363937,1335.836198,-206.15911,-0.302750776,87.30000698,124.1728584,238.0339479,166.9587407,62173.42133,2253.973938,0.059186554,1.01434893,1.364258278,0.051186209,1.102630949,1.401582519,0.361010034,1.765646834,1.666999019,1.81408555,7.668063343,2.308219103,9.270580949,87.30000698,1.689029774,7.858506808,1.0,66.0,0.0,122.3315168,0.0,1.05e-118,0.0,1.000000001,66.0,9.54e-07,122.3315168,9.09e-13,-1.71e-100,0.0,1.000979284,66.0,0.0,122.3315168,3.64e-12,-9.65e-40,0.0,2.051213031,66.04884884,0.764067991,121.7229825,27.37224239,-0.048138594,-0.01204358,18.61263042,66.40419931,2.164951419,117.5016711,187.585579,1.076424022,0.036308082
1.00000003,60.00000812,0.002193034,1.000040495,60.01093324,2.951855279,1.054511455,73.95725587,3573.654094,2.910352433,217.1103737,17716.14456,25.03087783,200.6485094,15849.16286,1.00000003,60.00000812,0.002193034,1.000040495,60.01093324,2.951855279,1.054511455,73.95725587,3573.654094,2.910352433,217.1103737,17716.14456,25.03087783,200.6485094,15849.16286,1.0,60.0,0.0,84.85281374,0.0,6.98e-157,0.0,1.0,60.0,0.0,84.85281374,0.0,2.53e-93,0.0,1.000000025,60.0,6.74e-07,84.85281374,6.43e-13,7.09e-30,1.56e-17,1.21777528,60.20588946,2.789517675,85.14402663,11.00612356,3.540965743,0.45499052,12.92841467,79.56085369,18.99172038,112.5297942,516.5885574,485.6510262,1.329727012,1.0,25.27242899,0.0,1.0,25.27242899,0.0,1.000000025,25.27242897,1.02e-08,1.21777528,25.05032874,3.371924923,12.92841467,12.12360963,148.1757504,1.0,60.0,0.0,84.85281374,0.0,0.0,0.0,1.0,60.0,0.0,84.85281374,0.0,0.0,0.0,1.000000025,60.0,6.74e-07,84.85281374,6.43e-13,-3.11e-124,-6.83e-112,1.211177199,60.0,0.0,84.85281374,0.0,-1.26e-38,0.0,6.273392884,60.0,0.0,84.85281374,4.55e-13,-1.43e-29,0.0
1.002556808,66.08395208,7.548639263,1.037432186,67.32092409,117.1383275,1.804529578,78.98707239,1000.17274,11.8274391,79.71683275,1032.818337,104.1621503,76.56789246,947.4491696,1.002556808,66.08395208,7.548639263,1.037432186,67.32092409,117.1383275,1.804529578,78.98707239,1000.17274,11.8274391,79.71683275,1032.818337,104.1621503,76.56789246,947.4491696,1.0,66.0,0.0,93.33809512,0.0,-8.77e-37,0.0,1.0,66.0,9.54e-07,93.33809513,1.99e-07,-1.6400000000000002e-21,-3.86e-12,1.000030058,66.00000041,0.002566772,93.34847215,0.234570411,-2.82e-06,-0.002271268,1.935732527,67.63704593,4.849001499,96.97831594,49.655144,1.82193996,0.056815318,17.44584404,69.744368,6.774183546,99.13722149,68.92914673,3.032090505,0.062411321,1.0,15.02459502,0.0,1.0,15.02459502,7.11e-13,1.000030058,15.02444331,0.000769269,1.935732527,11.46805246,24.95083318,17.44584404,8.61730411,29.08542203,1.0,66.0,0.0,93.33809512,0.0,-8.77e-37,0.0,1.0,66.0,9.54e-07,93.33809513,1.99e-07,-1.6400000000000002e-21,-3.86e-12,1.000030058,66.00000041,0.002566772,93.34847215,0.234570411,-2.82e-06,-0.002271268,1.935732527,67.63704593,4.849001499,96.97831594,49.655144,1.82193996,0.056815318,17.44584404,69.744368,6.774183546,99.13722149,68.92914673,3.032090505,0.062411321
4.948807584,60.0,5.46e-11,4.968964894,60.00000016,6.36e-05,4.994407382,60.2306911,87.38590436,9.005435637,146.433275,24059.65105,36.46600579,179.7322011,19679.90236,4.948807584,60.0,5.46e-11,4.968964894,60.00000016,6.36e-05,4.994407382,60.2306911,87.38590436,9.005435637,146.433275,24059.65105,36.46600579,179.7322011,19679.90236,4.948807584,60.0,6.78e-06,1455.237438,4.68e-10,-6.49e-16,-4.44e-06,4.968964893,60.00000011,0.007091715,1455.237437,0.000459549,-8.18e-09,-5.4e-05,4.992869416,60.14759347,8.061558481,1454.979403,371.8892804,0.11442749,0.000741774,7.398092826,121.012202,151.4735822,1334.595415,158948.4523,33397.37702,0.555947218,9.645792647,149.1677012,176.035388,1245.47419,255596.1966,85460.51879,0.963820437,4.948807584,1.909362301,15.3047367,4.968964893,1.941781347,15.50237876,4.992869416,2.17058269,399.1654126,7.398092826,124.7664072,224954.7687,9.645792647,188.4831166,716668.4412,4.948807584,60.0,6.78e-06,1455.237438,4.68e-10,-6.49e-16,-4.44e-06,4.968964893,60.00000011,0.007091715,1455.237437,0.000459549,-8.18e-09,-5.4e-05,4.992869416,60.14759347,8.061558481,1454.979403,371.8892804,0.11442749,0.000741774,7.398092826,121.012202,151.4735822,1334.595415,158948.4523,33397.37702,0.555947218,9.645773953,149.1678137,176.0354746,1245.47432,255596.0892,85461.48519,0.963831075
1.011665055,505.5177982,1528.533191,1.115521661,477.0097637,13112.99624,2.282692863,326.1700103,46914.26785,17.61005748,149.181004,27000.6304,51.44322344,163.8119341,23871.71856,1.011665055,505.5177982,1528.533191,1.115521661,477.0097637,13112.99624,2.282692863,326.1700103,46914.26785,17.61005748,149.181004,27000.6304,51.44322344,163.8119341,23871.71856,1.011665055,505.5177982,39.09646003,510.9053228,1528.533188,-2.16e-05,-2.69e-06,1.115520085,477.0099714,114.5119393,482.7293365,13113.55234,-0.782883148,-0.000618805,2.26421919,326.138763,217.4785471,436.7810326,256333.5285,-18866.48843,-0.172835413,15.89305338,132.9844832,162.5698833,1202.984923,291770.2186,-67586.47586,-0.771247463,32.6308475,125.2008703,154.2359496,1151.181546,333501.9937,-75573.02066,-0.849543817,1.011665055,1.601631848,0.030302729,1.115520085,1.517447631,0.318277579,2.26421919,1.329498245,2.31955513,15.89305338,266.4994069,14316535.97,32.6308475,1287.692061,68075101.28,1.011665055,505.5177983,39.09645982,510.9053184,1528.533171,0.0,0.0,1.115517836,477.010812,114.5105242,482.7165988,13112.66014,0.0,0.0,2.203267792,333.4999049,215.8514659,341.6111628,46591.85532,0.0,0.0,4.543335008,252.1982962,217.155257,262.8307071,47156.40564,0.0,0.0,4.951755905,245.5218815,215.8882371,256.4312662,46607.7309,0.0,0.0
1.0,380.0,0.0,1.0,380.0,4.19e-09,1.000062637,379.9890094,3.450929391,2.300677416,277.4930462,21184.50655,16.63977505,202.9213527,23413.93524,1.0,380.0,0.0,1.0,380.0,4.19e-09,1.000062637,379.9890094,3.450929391,2.300677416,277.4930462,21184.50655,16.63977505,202.9213527,23413.93524,1.0,380.0,0.0,440.6154675,24648.99915,-4.75e-41,0.0,1.0,380.0,6.47e-05,440.6095708,24648.99969,1.01e-22,9.960000000000001e-21,1.000062636,379.9890096,1.857648542,440.5941932,24648.99989,6.36e-05,2.18e-07,2.081597116,300.3833747,133.8343831,369.4063548,30249.81521,1389.313142,0.066488238,12.88421407,244.580848,150.1639498,360.3011235,43685.24582,-2248.257825,-0.077402245,1.0,14.80214596,0.0,1.0,14.80214596,1.01e-11,1.000062636,14.80184297,0.008813206,2.081597116,12.16930103,81.84514647,12.88421407,12.59192285,283.2416533,1.0,380.0,0.0,440.6154675,24648.99915,-4.75e-41,0.0,1.0,380.0,6.47e-05,440.6095708,24648.99969,1.01e-22,9.960000000000001e-21,1.000062636,379.9890096,1.857648542,440.5941932,24648.99989,6.36e-05,2.18e-07,2.081597116,300.3833747,133.8343831,369.4063548,30249.81521,1389.313142,0.066488238,12.88421407,244.580848,150.1639498,360.3011235,43685.24582,-2248.257825,-0.077402245
3.33727965,66.0,2.64e-11,4.051944139,66.00000013,2.16e-06,5.237425161,66.01043731,0.205670008,12.72515223,69.57878059,255.808943,102.3672414,70.79353772,346.6841453,3.33727965,66.0,2.64e-11,4.051944139,66.00000013,2.16e-06,5.237425161,66.01043731,0.205670008,12.72515223,69.57878059,255.808943,102.3672414,70.79353772,346.6841453,3.33727965,66.0,9.54e-07,104.6730758,331.643063,-5.52e-14,-3.18e-09,4.051944059,66.0,7.51e-06,105.6767416,338.3779939,1.09e-11,7.87e-08,5.230611528,66.00052476,0.217321238,106.593427,341.6197058,0.01292639,0.00321813,10.95815003,69.30234865,16.91925826,112.4865848,458.4697115,40.86150963,0.127620264,80.2329486,71.48412154,20.59846185,116.9515192,535.6828996,40.77595326,0.109470203,3.33727965,0.441122331,1.385768697,4.051944059,0.57249738,1.863859948,5.230611528,0.754799509,2.513889079,10.95815003,1.57725483,6.144181521,80.2329486,1.841242529,9.275282812,1.277308601,66.0,0.0,104.7366528,332.1697974,1.45e-59,0.0,1.463210082,66.0,0.0,105.7163021,338.5747544,9.29e-50,0.0,1.774481201,66.0,0.0,106.7230829,341.8503875,1.93e-25,0.0,3.021175394,66.00102832,0.111080041,111.6328733,311.6468759,0.006583935,0.003357516,21.10726028,66.83174022,3.047800994,115.8918864,238.7827134,4.134413055,0.087819356
1.595999472,99.6074146,1895.208998,1.735385794,104.0173354,1976.242395,2.191680689,103.0262984,1961.420081,10.08135636,76.31277319,806.5266927,95.97372443,72.29242318,1442.253172,1.595999472,99.6074146,1895.208998,1.735385794,104.0173354,1976.242395,2.191680689,103.0262984,1961.420081,10.08135636,76.31277319,806.5266927,95.97372443,72.29242318,1442.253172,1.595973298,99.60796576,43.53414242,155.1860948,1895.221556,-0.002473259,-0.000849024,1.733604559,104.0563972,44.4610659,158.0598354,1976.786712,-0.678500631,-0.014258473,2.070457197,105.1941563,44.62389695,154.4506754,2006.253132,-96.57694758,-0.138394177,8.518665909,77.94995974,30.54005302,120.9161668,1018.850606,89.906373,0.145380091,75.80886972,73.30418491,42.5121003,118.1975819,2012.172662,30.86707029,0.024411828,1.595973298,1.523017103,3.166258911,1.733604559,1.705044785,3.302585937,2.070457197,1.848660409,3.383082452,8.518665909,1.9498838,4.377071784,75.80886972,1.931202414,4.474466693,1.595971391,99.60800592,43.53415292,155.1861872,1895.222471,-0.000233522,-0.000244864,1.733116698,104.0671098,44.46273759,158.0818331,1976.935049,-0.128108115,-0.005828598,1.941663844,107.7939611,44.88564709,158.9035852,2017.951674,-57.71503724,-0.12035677,3.39336315,95.99906292,42.42607555,133.4094298,1932.104072,114.9632296,0.102255416,19.91600017,89.72997284,39.65683394,123.3384788,1698.954015,125.4265239,0.124749508
1.185186672,67.25000847,8.437546576,1.402322546,68.29517836,13.0935832,2.067342771,70.13091656,17.32021448,4.274782887,119.5009672,10587.44525,28.08881222,179.2971727,16697.88503,1.185186672,67.25000847,8.437546576,1.402322546,68.29517836,13.0935832,2.067342771,70.13091656,17.32021448,4.274782887,119.5009672,10587.44525,28.08881222,179.2971727,16697.88503,1.185186672,67.25000847,2.904745527,99.99281794,8.437546576,0.0,0.0,1.402322546,68.29517836,3.618505657,100.6987159,13.09358319,0.0,0.0,2.066660519,70.12902074,3.997918664,101.9513587,15.98335365,-1.21e-217,0.0,2.868469904,71.21105778,3.812508571,102.69926,14.58059798,0.002243259,0.000548819,6.324346699,81.30727704,78.00300396,872.5549535,465464.8994,3105.599612,0.058359185,1.185186672,1.742328653,277.2245538,1.402322546,8.370825709,1781.212472,2.066660519,41.80747743,8078.573733,2.868469904,75.47044289,12170.97047,6.324346699,74.57010484,211567.4025,1.185186672,67.25000847,2.904745527,99.99281794,8.437546576,0.0,0.0,1.402322546,68.29517836,3.618505657,100.6987159,13.09358319,0.0,0.0,2.066660519,70.12902074,3.997918664,101.9513587,15.98335365,0.0,0.0,2.868469145,71.21105593,3.812262258,102.6986586,14.53334352,0.0,0.0,2.986335823,71.32113182,3.775527871,102.7750157,14.2546107,0.0,0.0
2.845737316,261.0438163,11242.87934,2.904363504,257.7554585,11541.45985,2.967049368,254.3829568,11825.21991,3.727828068,245.9587081,13271.13752,23.34401365,213.7798538,16173.4647,2.845737316,261.0438163,11242.87934,2.904363504,257.7554585,11541.45985,2.967049368,254.3829568,11825.21991,3.727828068,245.9587081,13271.13752,23.34401365,213.7798538,16173.4647,1.0,330.0,0.0,431.4904402,0.0,0.0,0.0,1.0,330.0,0.0,431.4904402,0.0,0.0,0.0,1.000000028,330.0,0.0,431.4904402,0.0,-5.6599999999999994e-176,0.0,1.213665584,330.0,0.0,431.4904402,0.0,1.3e-34,0.0,6.273719608,330.0,6.61e-06,431.4904402,4.6e-11,3.31e-32,1.3100000000000002e-21,1.0,25.06649995,0.0,1.0,25.06649995,0.0,1.000000028,25.06649995,6.04e-11,1.213665584,25.05945429,0.000266599,6.273719608,25.05006702,0.014034541,1.0,330.0,0.0,431.4904402,0.0,0.0,0.0,1.0,330.0,0.0,431.4904402,0.0,0.0,0.0,1.000000028,330.0,0.0,431.4904402,0.0,-5.6599999999999994e-176,0.0,1.213665584,330.0,0.0,431.4904402,0.0,1.3e-34,0.0,6.273719608,330.0,6.61e-06,431.4904402,4.6e-11,3.31e-32,1.3100000000000002e-21
1.000000252,155.9999773,0.002041358,1.000115305,155.9896237,0.933755345,1.087794639,148.7359556,601.0223992,8.704765549,78.07676056,928.2508777,91.6776213,71.34301941,439.2516413,1.000000252,155.9999773,0.002041358,1.000115305,155.9896237,0.933755345,1.087794639,148.7359556,601.0223992,8.704765549,78.07676056,928.2508777,91.6776213,71.34301941,439.2516413,1.000000252,155.9999773,0.045181377,169.4199532,3.110019728,-1.31e-12,-1.65e-11,1.000115285,155.9896255,0.966226292,169.941909,51.04682502,-3.94e-06,-5.71e-07,1.085022216,148.9476104,24.18633632,169.7563306,673.0507426,-9.46465715,-0.021448789,6.909140742,80.88694397,33.43955527,125.5601226,1141.695868,-260.9661276,-0.514128057,69.16844554,72.68658803,23.60259442,122.4900722,590.9017272,-16.39125755,-0.049474056,1.000000252,4.384978397,1.5e-06,1.000115285,4.384703032,0.0007487,1.085022216,4.221313017,0.842103742,6.909140742,2.518017481,1677.513582,69.16844554,822263.5319,1260880000000000.0,1.000000251,155.9999774,0.045104188,169.3871097,0.002034388,1.43e-108,0.0,1.00010964,155.9901335,0.942279141,169.3780439,0.88788998,-8.250000000000001e-57,0.0,1.047863306,151.8890654,18.79053827,165.6088414,353.0843283,-4.09e-07,-2.89e-06,2.426943598,108.3808741,44.92371511,130.0702384,2037.270244,-89.64153631,-0.119562728,18.46190303,91.05163738,40.33686687,122.5589692,1730.762079,47.8551826,0.048839184
1.018185413,154.392545,142.0870342,1.121235116,146.2686241,781.1241565,1.966681105,111.762376,2024.418781,9.568622256,76.97216875,851.4954091,98.56724413,71.84487577,914.1273763,1.018185413,154.392545,142.0870342,1.121235116,146.2686241,781.1241565,1.966681105,111.762376,2024.418781,9.568622256,76.97216875,851.4954091,98.56724413,71.84487577,914.1273763,1.018151528,154.3954869,11.90931225,185.5985026,141.8317212,2.18e-05,1.07e-05,1.119155376,146.4177882,27.75932779,178.9918816,770.582,0.040291753,0.001137439,1.839032468,114.9387771,44.82729118,152.8226784,2011.048923,27.22349837,0.068210067,7.977455664,78.89352825,31.53053153,122.4819517,1031.684733,80.43014625,0.153637623,77.04430376,72.89029941,33.80550401,117.7948302,1449.832675,65.6871065,0.065052665,1.018151528,1.359296699,0.043094171,1.119155376,1.375941517,0.256936156,1.839032468,1.474331388,1.102106041,7.977455664,2.043751543,3.275059453,77.04430376,9607.890045,14463300000000.0,1.000000203,155.9999818,0.040522604,169.3871138,0.001642081,2.0299999999999998e-108,0.0,1.000096415,155.9913235,0.883636393,169.3791398,0.780813276,-3.47e-20,-4.12e-14,1.045855861,152.0539233,18.42757122,165.7600547,339.5753811,-3.92e-07,-2.85e-06,2.422047637,108.4671848,44.92866398,130.1394212,2037.682798,-89.58944635,-0.119523968,19.09506168,91.27039521,40.74718478,122.8547475,1871.713491,44.9056932,0.037491343
1.007709518,65.99999979,1.26e-06,1.05401157,65.99980777,0.001153662,1.416895835,65.88484752,2.762857013,9.760274468,70.48172713,409.5417736,109.9931086,104.8742701,40291.72736,1.007709518,65.99999979,1.26e-06,1.05401157,65.99980777,0.001153662,1.416895835,65.88484752,2.762857013,9.760274468,70.48172713,409.5417736,109.9931086,104.8742701,40291.72736,1.007709483,66.0,0.0,122.2188287,4.935021333,-5.58e-17,0.0,1.0539778,66.0,0.000554347,121.6575053,29.01046689,-5.09e-09,-1.7e-06,1.384532216,66.02222849,1.414238171,118.6423988,144.2425851,-0.229978456,-0.013540626,8.051880075,71.64244668,21.88639822,116.4803637,583.7222464,-21.61420451,-0.054070921,87.30440745,114.4170658,224.2904384,157.4283338,55323.72362,6070.255498,0.178372184,1.007709483,1.458561728,0.388554793,1.0539778,1.770210704,2.486852042,1.384532216,3.352664617,10.18732208,8.051880075,2.255536664,10.9038576,87.30440745,1.689520511,8.017270753,1.0,66.0,0.0,122.3315168,1.82e-12,5.23e-59,0.0,1.000000002,66.0,0.0,122.3315168,1.56e-06,-8.59e-50,0.0,1.001954134,66.0,9.54e-07,122.299069,1.424487125,1.81e-25,1.59e-19,2.571851532,66.0,1.35e-06,115.4703522,237.2048373,-3.76e-12,-1.81e-07,20.11123788,66.04035194,0.694690571,114.5481008,259.5396555,-0.43103295,-0.038513907
1.993522255,66.0,1.82e-12,1.996109145,66.0,9.09e-13,2.011128406,66.00007665,0.001165225,9.503819839,69.32828209,186.1399959,105.560856,70.68522947,325.0028852,1.993522255,66.0,1.82e-12,1.996109145,66.0,9.09e-13,2.011128406,66.00007665,0.001165225,9.503819839,69.32828209,186.1399959,105.560856,70.68522947,325.0028852,1.993522255,66.0,1.35e-06,122.3315131,0.000163062,5.450000000000001e-35,3.1700000000000002e-27,1.996108305,66.0,0.0,122.33011,0.061815589,-4.34e-36,0.0,2.001681723,66.00004693,0.026220849,121.7772709,23.95678116,-3.03e-08,-2.36e-07,7.688637928,69.68998505,14.7731442,116.8158963,362.220152,-9.184959788,-0.036566959,82.02298288,71.5895413,19.97468104,116.9598004,515.2016449,-6.197111595,-0.017184465,1.993522255,4.985524921,24.99870013,1.996108305,4.992023554,24.99886905,2.001681723,4.993333294,24.98633843,7.688637928,2.410497928,12.87246144,82.02298288,1.801435806,9.258650149,1.0,66.0,0.0,122.3315168,1.82e-12,-2.9599999999999998e-55,0.0,1.000000001,66.0,0.0,122.3315168,1.63e-06,-2.6700000000000003e-32,0.0,1.000979382,66.00003619,0.02083847,122.2986202,1.445030091,-5.47e-09,-2.18e-07,2.555296764,67.31807658,3.752278389,117.6276928,199.7029785,0.081519846,0.001539278,22.09503088,67.40370856,3.856696125,116.4593756,233.0793407,4.809168122,0.081760909
1.000000062,66.0,3.64e-12,1.000062394,66.00000005,7.77e-07,1.068157415,66.02151717,0.347698167,9.062266594,68.61115002,178.087569,98.08199987,70.59855171,359.5309928,1.000000062,66.0,3.64e-12,1.000062394,66.00000005,7.77e-07,1.068157415,66.02151717,0.347698167,9.062266594,68.61115002,178.087569,98.08199987,70.59855171,359.5309928,1.000000062,66.0,0.0,122.3315168,0.0,9.25e-39,0.0,1.000062387,66.0,0.0,122.3315168,1.69e-06,3.84e-21,0.0,1.06513408,66.00000118,0.010325071,122.2961224,1.553749281,1.94e-05,0.001510974,7.141568602,68.35863149,14.37639718,115.5172504,356.8769715,-2.652518937,-0.010817057,77.44351559,71.25214585,20.93341741,116.136389,555.8174834,-11.42306953,-0.029510916,1.000000062,4.988844001,7.71e-07,1.000062387,4.988687568,0.000776943,1.06513408,4.834299743,0.73892238,7.141568602,2.356805649,5.265079059,77.44351559,1.891339497,4.718625392,1.0,66.0,9.54e-07,122.3315168,3.75e-12,2.2400000000000003e-195,1.2300000000000001e-183,1.000000002,66.0,0.0,122.3315168,1.69e-06,5.9500000000000004e-117,0.0,1.001987819,66.0,0.0,122.298158,1.464441938,2.54e-25,0.0,2.576027902,66.00116918,0.118443348,115.4559407,237.5812248,-0.011551289,-0.006327231,20.25228132,66.33827784,1.98617777,115.3217285,245.6334934,2.707471489,0.08698212
4.854037942,102.0,0.0,4.911642062,102.0,1.82e-12,4.970285069,101.9999901,0.00041496,5.919391971,99.30469828,100.704416,31.16157101,94.01207739,246.8274283,4.854037942,102.0,0.0,4.911642062,102.0,1.82e-12,4.970285069,101.9999901,0.00041496,5.919391971,99.30469828,100.704416,31.16157101,94.01207739,246.8274283,1.0,102.0,0.0,144.2497834,0.0,0.0,0.0,1.0,102.0,0.0,144.2497834,0.0,0.0,0.0,1.0,102.0,1.35e-06,144.2497834,1.82e-12,-3.45e-145,0.0,1.071623821,102.0,1.35e-06,144.2497834,4.07e-12,2.3900000000000002e-29,9.29e-18,4.221138252,102.0,1.35e-06,144.2497834,2.57e-12,8.09e-29,4.45e-17,1.0,39.03161001,0.0,1.0,39.03161001,0.0,1.0,39.03161001,2.27e-13,1.071623821,39.03215291,1.1e-05,4.221138252,39.00888882,0.825391987,1.0,102.0,0.0,144.2497834,0.0,0.0,0.0,1.0,102.0,0.0,144.2497834,0.0,0.0,0.0,1.0,102.0,1.35e-06,144.2497834,1.82e-12,-3.45e-145,0.0,1.071623821,102.0,1.35e-06,144.2497834,4.07e-12,2.3900000000000002e-29,9.29e-18,4.221138252,102.0,1.35e-06,144.2497834,2.57e-12,8.09e-29,4.45e-17
1.996333029,449.0367371,399.9986504,1.997798201,449.0220423,399.9995141,1.99926554,449.0073459,400.0004555,2.808725196,406.34787,13329.32328,27.7888408,296.8723921,31627.54022,1.996333029,449.0367371,399.9986504,1.997798201,449.0220423,399.9995141,1.99926554,449.0073459,400.0004555,2.808725196,406.34787,13329.32328,27.7888408,296.8723921,31627.54022,1.996333029,449.0367371,19.99996626,449.0367371,399.9986504,0.0,0.0,1.997798201,449.0220423,19.99998785,449.0220423,399.9995141,0.0,0.0,1.99926553,449.0073474,19.99999865,449.0073474,399.9999461,0.0,0.0,2.428520472,450.2948997,20.08145976,450.2948997,403.2650259,0.0,0.0,14.97793639,455.3541973,19.59299614,455.3541973,383.8854976,0.0,0.0,1.996333029,14.97106826,224.9259441,1.997798201,14.98208758,224.9264298,1.99926553,14.9931069,224.9266726,2.428520472,14.11645758,224.1705254,14.97793639,10.66824318,206.2226463,1.996333029,449.0367371,19.99996626,449.0367371,399.9986504,0.0,0.0,1.997798201,449.0220423,19.99998785,449.0220423,399.9995141,0.0,0.0,1.99926553,449.0073474,19.99999865,449.0073474,399.9999461,0.0,0.0,2.428520472,450.2948997,20.08145976,450.2948997,403.2650259,0.0,0.0,14.97793639,455.3541973,19.59299614,455.3541973,383.8854976,0.0,0.0
2.046852861,65.83785509,0.946578505,2.171019727,65.51337916,2.682925186,2.606858562,64.71005861,6.07809295,10.16454682,68.03234794,195.0051339,97.96854361,70.40956477,347.7566176,2.046852861,65.83785509,0.946578505,2.171019727,65.51337916,2.682925186,2.606858562,64.71005861,6.07809295,10.16454682,68.03234794,195.0051339,97.96854361,70.40956477,347.7566176,1.991538397,66.0,0.0,122.3315168,0.0,1.44e-61,0.0,1.994938471,66.0,0.0,122.3315168,8.79e-07,-4.05e-27,0.0,2.030443035,66.00000576,0.022772332,122.312021,0.856417582,-3.27e-07,-1.55e-05,7.508456172,68.80427387,15.63698261,117.4551006,353.5917772,-10.94045863,-0.043777908,75.8649947,71.17062435,20.75176986,116.6857962,542.2127955,59.81272087,0.15879381,1.991538397,2.546238801,6.526072854,1.994938471,2.550607364,6.526129794,2.030443035,2.584084608,6.499329987,7.508456172,2.21231003,4.399298974,75.8649947,1.92685841,3.62930965,1.0,66.0,9.54e-07,122.3315168,9.09e-13,3.4599999999999996e-299,0.0,1.000000002,66.0,0.0,122.3315167,1.75e-06,-5.32e-40,0.0,1.00203133,66.0,9.54e-07,122.2977876,1.480687132,-7.76e-73,-6.689999999999999e-67,2.572917915,66.0,2.05e-05,115.4983633,236.5039623,-1.2e-10,-3.81e-07,20.07420587,66.07054749,0.917383743,115.0855403,247.5711531,-0.21934549,-0.015195987
1.03237239,98.0,3.64e-12,1.143008793,98.0,3.64e-12,1.937201097,97.99997379,0.004389935,5.153967979,116.0610095,4512.511665,25.08434955,187.5454356,15069.87395,1.03237239,98.0,3.64e-12,1.143008793,98.0,3.64e-12,1.937201097,97.99997379,0.004389935,5.153967979,116.0610095,4512.511665,25.08434955,187.5454356,15069.87395,1.03237239,98.0,1.91e-06,138.5929291,3.64e-12,-3.65e-31,0.0,1.143008793,98.0,1.35e-06,138.5929291,1.82e-12,6.24e-28,0.0,1.937200992,97.99996122,0.038389031,138.592846,0.003333547,1.11e-07,5.31e-05,4.699373021,95.36557077,9.652362054,134.367984,148.6445324,62.50340837,0.601690576,14.47596607,83.15083835,18.54105016,116.841382,504.9499481,499.7966467,1.4016528,1.03237239,0.999025425,0.000182527,1.143008793,1.002451391,0.041822107,1.937200992,1.45117125,6.089192703,4.699373021,4.926166238,56.51474205,14.47596607,10.79141349,135.838017,1.03237239,98.0,1.91e-06,138.5929291,3.64e-12,-3.61e-34,0.0,1.143008793,98.0,1.35e-06,138.5929291,1.82e-12,-1.68e-34,0.0,1.937199015,98.0,1.35e-06,138.5929291,2.57e-12,-5.4699999999999996e-30,-3.01e-18,4.373579189,98.0,1.91e-06,138.5929291,3.64e-12,-3.95e-29,0.0,8.819230274,98.0,1.35e-06,138.5929291,9.28e-12,8.28e-28,2.03e-16
1.002263177,66.07575589,6.812291093,1.034174303,67.24549551,110.5433371,1.592599426,79.72041022,1046.587245,9.332022271,75.81902167,766.0327661,96.98637033,71.00363081,393.6587516,1.002263177,66.07575589,6.812291093,1.034174303,67.24549551,110.5433371,1.592599426,79.72041022,1046.587245,9.332022271,75.81902167,766.0327661,96.98637033,71.00363081,393.6587516,1.0,66.0,0.0,93.33809512,9.09e-13,-4.57e-103,0.0,1.0,66.0,0.0,93.33809512,1.44e-07,1.61e-43,0.0,1.000030778,66.0000004,0.002539306,93.34741768,0.210754783,6.94e-13,5.96e-10,1.868502366,67.63279415,4.843417151,97.71063514,56.95057542,3.119592782,0.089409694,16.87071788,69.75079668,6.777881892,99.57255377,71.93586176,5.396094942,0.107004558,1.0,14.99029994,0.0,1.0,14.99029994,6.82e-13,1.000030778,14.99014674,0.000765443,1.868502366,11.90509363,20.9202222,16.87071788,8.917268506,29.18465481,1.0,66.0,0.0,93.33809512,9.09e-13,-4.57e-103,0.0,1.0,66.0,0.0,93.33809512,1.44e-07,1.61e-43,0.0,1.000030778,66.0000004,0.002539306,93.34741768,0.210754783,6.94e-13,5.96e-10,1.868502366,67.63279415,4.843417151,97.71063514,56.95057542,3.119592782,0.089409694,16.87071788,69.75079668,6.777881892,99.57255377,71.93586176,5.396094942,0.107004558
213.5823607,86.79087289,286.1080571,259.7659212,87.83720179,567.4492478,355.4692614,89.62303556,1044.836084,432.529643,90.92980732,1411.905511,500.2525336,94.05163468,2725.719865,213.5823607,86.79087289,286.1080571,259.7659212,87.83720179,567.4492478,355.4692614,89.62303556,1044.836084,432.529643,90.92980732,1411.905511,500.2525336,94.05163468,2725.719865,205.9602611,85.78946265,5.820165808,162.4127041,26966.39409,86.05115738,0.090034735,242.6386339,85.71605129,5.431080334,145.3860288,17548.0507,164.3121644,0.228385936,313.4603081,85.58069532,4.879535955,135.5821126,11502.00163,278.7509917,0.532661922,366.0059786,85.49561556,4.580916468,132.6319479,9589.043054,345.4839183,0.770173107,372.2887479,85.48629862,4.54969128,132.3735205,9419.620092,352.8918967,0.799178125,205.9602611,499343.9964,751594000000000.0,242.6386339,1240055.309,1865570000000000.0,313.4603081,2808252.759,4220390000000000.0,366.0059786,3898778.433,5855040000000000.0,372.2887479,4022690.526,6040630000000000.0,205.5745401,85.78906761,5.825616308,162.4124954,26966.39417,87.26247608,0.091216706,241.6569245,85.71489777,5.442070574,145.3853487,17548.0509,167.8849616,0.232880697,310.9570744,85.57731988,4.898991335,135.5799821,11502.00202,288.1642364,0.548462781,362.1892154,85.49030034,4.60469598,132.6285218,9589.043535,359.507266,0.79729602,368.3074615,85.48074567,4.573900351,132.3699345,9419.62058,367.4696562,0.827787025
1.000000041,60.0000016,0.000206871,1.000047501,60.00267656,0.420085138,1.074083276,70.01309893,2960.012086,5.064831037,244.0029704,33134.90905,30.31322576,283.9146087,32219.4484,1.000000041,60.0000016,0.000206871,1.000047501,60.00267656,0.420085138,1.074083276,70.01309893,2960.012086,5.064831037,244.0029704,33134.90905,30.31322576,283.9146087,32219.4484,1.0,60.0,0.0,84.85281374,0.0,0.0,0.0,1.0,60.0,0.0,84.85281374,0.0,0.0,0.0,1.000000001,60.0,0.0,84.85281374,4.55e-13,0.0,0.0,1.14225822,60.0,6.74e-07,84.85281374,6.43e-13,4.14e-38,9.100000000000001e-26,3.863427805,60.00000226,0.005209335,84.8528201,0.000341568,3.21e-11,3.34e-07,1.0,29.84060597,0.0,1.0,29.84060597,0.0,1.000000001,29.84060597,1.08e-10,1.14225822,30.29488926,12.4180245,3.863427805,43.99275133,225.9855041,1.0,60.0,0.0,84.85281374,0.0,0.0,0.0,1.0,60.0,0.0,84.85281374,0.0,0.0,0.0,1.000000001,60.0,0.0,84.85281374,4.55e-13,0.0,0.0,1.14225822,60.0,6.74e-07,84.85281374,6.43e-13,4.14e-38,9.100000000000001e-26,3.863427077,60.0,6.74e-07,84.85281374,1.02e-12,4.71e-29,7.33e-17
1.686103619,102.5474728,1953.554784,1.816183274,105.4804687,1994.534774,2.245291754,103.1587727,1963.582948,10.09898447,77.69408993,2380.653018,118.0266896,150.8597203,86803.75798,1.686103619,102.5474728,1953.554784,1.816183274,105.4804687,1994.534774,2.245291754,103.1587727,1963.582948,10.09898447,77.69408993,2380.653018,118.0266896,150.8597203,86803.75798,1.686103619,102.5474728,44.19903601,157.0075325,1953.563088,-2.866345713,-0.027172532,1.816183207,105.4804701,44.66021484,158.0808864,1995.59417,-33.30483748,-0.092486186,2.240942357,103.2315953,44.32439382,148.6512469,2020.818847,-132.8961381,-0.137841319,8.107696059,80.26609319,54.03600349,127.4027241,3096.246828,-57.65976259,-0.033247725,88.01837988,164.7541576,314.973557,218.7021428,113592.5406,9279.311651,0.125249756,1.686103619,0.792486098,0.681637289,1.816183207,0.876227947,0.737498453,2.240942357,1.196586816,1.126638868,8.107696059,1.979202665,56876.17721,88.01837988,934382.3199,1432700000000000.0,1.686103584,102.5474736,44.19903616,157.0075334,1953.563101,-2.866330656,-0.027172411,1.816148748,105.4812192,44.66030742,158.0817602,1995.602265,-33.29386707,-0.092459219,2.195936148,103.9946652,44.45138114,149.2816331,2035.56602,-138.7517048,-0.141136993,3.634427224,94.29396948,42.73830129,130.4591363,1955.245657,171.2471728,0.151705306,21.79392303,114.320847,114.3810026,154.0683783,24496.63646,420.8083136,0.025564444
1.046288968,66.0,1.01e-08,1.158275394,66.00000484,0.000517524,1.595328338,66.21544957,21.32348562,10.166975,71.73365372,497.8501136,95.86034735,70.77483013,382.4285307,1.046288968,66.0,1.01e-08,1.158275394,66.00000484,0.000517524,1.595328338,66.21544957,21.32348562,10.166975,71.73365372,497.8501136,95.86034735,70.77483013,382.4285307,1.000000059,66.0,0.000101936,122.3315168,1.04e-08,-4.25e-12,-0.002483584,1.000046199,66.00000659,0.02436136,122.331521,0.000593659,-3.41e-06,-0.036412136,1.048956445,66.35903029,5.673078861,122.5197003,32.2583174,0.403648478,0.048068683,7.77317162,73.61452458,25.04645389,120.2243477,695.4559489,16.49571683,0.038011642,73.40172727,71.78135348,21.88784428,117.7349404,576.4418474,40.25815873,0.102727001,1.000000059,4.8024577,2.04e-07,1.000046199,4.802371609,0.000161712,1.048956445,4.69075915,0.305031435,7.77317162,2.110998068,3.633210008,73.40172727,1.991536997,3.626586902,1.0,66.0,9.54e-07,122.3315168,9.09e-13,-1.95e-28,0.0,1.000000002,66.0,0.0,122.3315167,1.79e-06,-8.62e-113,0.0,1.002031196,66.0,0.0,122.2975057,1.493048358,-2.3399999999999998e-34,0.0,2.512764205,66.0,9.54e-07,116.039608,222.5208869,-1.69e-15,-1.19e-10,18.78269752,66.00067315,0.089874052,116.0231377,222.9688962,-0.026093798,-0.019443786
2.980658617,456.4318127,372.9498506,2.988369124,456.3924511,373.4606442,2.99611435,456.3530474,373.9696091,3.817231714,422.8547723,10698.17056,29.22340676,299.5496475,31862.32099,2.980658617,456.4318127,372.9498506,2.988369124,456.3924511,373.4606442,2.99611435,456.3530474,373.9696091,3.817231714,422.8547723,10698.17056,29.22340676,299.5496475,31862.32099,2.980658617,456.4318127,19.31190955,456.4318127,372.9498506,0.0,0.0,2.988369124,456.3924511,19.32512986,456.3924511,373.4606442,0.0,0.0,2.996114333,456.3530492,19.33827759,456.3530492,373.9689801,0.0,0.0,3.42807954,456.3352131,19.34420162,456.3352131,374.1981364,0.0,0.0,15.97900518,456.3336902,19.34470702,456.3336902,374.2176898,0.0,0.0,2.980658617,9.930698315,199.2631179,2.988369124,9.95891946,199.5484941,2.996114333,9.987171646,199.8325887,3.42807954,9.99929033,199.937228,15.97900518,9.999392981,199.8375892,2.980658617,456.4318127,19.31190955,456.4318127,372.9498506,0.0,0.0,2.988369124,456.3924511,19.32512986,456.3924511,373.4606442,0.0,0.0,2.996114333,456.3530492,19.33827759,456.3530492,373.9689801,0.0,0.0,3.42807954,456.3352131,19.34420162,456.3352131,374.1981364,0.0,0.0,15.97900518,456.3336902,19.34470702,456.3336902,374.2176898,0.0,0.0
1.0,204.0,0.0,1.0,204.0,0.0,1.000000043,203.9999963,0.001139034,2.110324127,225.3285067,18399.55611,31.40878491,250.3376336,32847.32197,1.0,204.0,0.0,1.0,204.0,0.0,1.000000043,203.9999963,0.001139034,2.110324127,225.3285067,18399.55611,31.40878491,250.3376336,32847.32197,1.0,204.0,0.0,274.0529146,0.0,0.0,0.0,1.0,204.0,0.0,274.0529146,0.0,0.0,0.0,1.000000002,203.9999998,0.004580027,274.0529145,2.1e-05,9.939999999999999e-48,0.0,1.288353444,188.4053563,43.690593,262.651058,1908.867917,-7.41e-16,0.0,9.661482571,142.0560997,68.63784185,231.6655681,4711.153334,-8.84e-13,0.0,1.0,29.75790501,0.0,1.0,29.75790501,0.0,1.000000002,29.75790497,9.59e-07,1.288353444,26.39855031,86.89749881,9.661482571,16.49952717,211.3948486,1.0,204.0,0.0,274.0529146,0.0,0.0,0.0,1.0,204.0,0.0,274.0529146,0.0,0.0,0.0,1.000000002,203.9999998,0.004580027,274.0529145,2.1e-05,9.939999999999999e-48,0.0,1.288353444,188.4053563,43.690593,262.651058,1908.867917,-7.41e-16,0.0,9.661482571,142.0560997,68.63784185,231.6655681,4711.153334,-8.84e-13,0.0
1.0,330.0,0.0,1.0,330.0,0.0,1.00000111,329.9997152,0.076891025,1.732430789,282.3106065,10601.85799,17.75566143,235.6509189,16572.42386,1.0,330.0,0.0,1.0,330.0,0.0,1.00000111,329.9997152,0.076891025,1.732430789,282.3106065,10601.85799,17.75566143,235.6509189,16572.42386,1.0,330.0,0.0,431.4904402,0.0,0.0,0.0,1.0,330.0,0.0,431.4904402,0.0,0.0,0.0,1.000000028,330.0,5.39e-06,431.4904402,2.91e-11,1.0800000000000001e-57,0.0,1.213217229,330.0,5.39e-06,431.4904402,3.25e-11,-3.25e-29,-1.58e-18,6.275536307,330.0,3.81e-06,431.4904402,2.06e-11,2.2700000000000002e-27,1.56e-16,1.0,25.10076189,0.0,1.0,25.10076189,0.0,1.000000028,25.10076189,2.38e-10,1.213217229,25.08446329,0.001257125,6.275536307,25.04210691,0.00221183,1.0,330.0,0.0,431.4904402,0.0,0.0,0.0,1.0,330.0,0.0,431.4904402,0.0,0.0,0.0,1.000000028,330.0,5.39e-06,431.4904402,2.91e-11,1.0800000000000001e-57,0.0,1.213217229,330.0,5.39e-06,431.4904402,3.25e-11,-3.25e-29,-1.58e-18,6.275536307,330.0,3.81e-06,431.4904402,2.06e-11,2.2700000000000002e-27,1.56e-16
1.0,204.0,0.0,1.0,204.0,0.0,1.000000079,204.0000043,0.003306662,2.125091316,242.011816,19372.14122,26.9503798,285.4868596,31113.40336,1.0,204.0,0.0,1.0,204.0,0.0,1.000000079,204.0000043,0.003306662,2.125091316,242.011816,19372.14122,26.9503798,285.4868596,31113.40336,1.0,204.0,0.0,274.0529146,0.0,0.0,0.0,1.0,204.0,0.0,274.0529146,0.0,0.0,0.0,1.000000002,203.9999998,0.004713135,274.0529145,2.22e-05,-2.69e-39,0.0,1.28878269,188.3628903,43.74245008,262.6205979,1913.401939,4.47e-14,3.79e-10,9.660768203,142.0616588,68.63769354,231.668977,4711.132975,-2.3e-14,-1.24e-10,1.0,29.67524409,0.0,1.0,29.67524409,0.0,1.000000002,29.67524406,1e-06,1.28878269,26.35519958,86.56620657,9.660768203,16.50206761,211.7685678,1.0,204.0,0.0,274.0529146,0.0,0.0,0.0,1.0,204.0,0.0,274.0529146,0.0,0.0,0.0,1.000000002,203.9999998,0.004713135,274.0529145,2.22e-05,-2.69e-39,0.0,1.28878269,188.3628903,43.74245008,262.6205979,1913.401939,4.47e-14,3.79e-10,9.660768203,142.0616588,68.63769354,231.668977,4711.132975,-2.3e-14,-1.24e-10
1.711621591,233.5439636,13074.03749,1.914367666,219.1849308,13430.17243,2.914501172,176.8432695,12280.22449,9.903705418,127.3536728,7047.112348,31.62833884,174.6701566,14078.45049,1.711621591,233.5439636,13074.03749,1.914367666,219.1849308,13430.17243,2.914501172,176.8432695,12280.22449,9.903705418,127.3536728,7047.112348,31.62833884,174.6701566,14078.45049,1.0,330.0,0.0,431.4904402,0.0,0.0,0.0,1.0,330.0,0.0,431.4904402,0.0,0.0,0.0,1.000000028,330.0,0.0,431.4904402,2.91e-11,6.29e-87,0.0,1.213358602,330.0,3.81e-06,431.4904402,1.46e-11,8.69e-49,0.0,6.273812377,330.0,6.61e-06,431.4904402,5.25e-11,1.6200000000000003e-27,4.55e-17,1.0,25.08874702,0.0,1.0,25.08874702,0.0,1.000000028,25.08874702,1.82e-10,1.213358602,25.07656605,0.000804682,6.273812377,25.04961752,0.001053221,1.0,330.0,0.0,431.4904402,0.0,0.0,0.0,1.0,330.0,0.0,431.4904402,0.0,0.0,0.0,1.000000028,330.0,0.0,431.4904402,2.91e-11,6.29e-87,0.0,1.213358602,330.0,3.81e-06,431.4904402,1.46e-11,8.69e-49,0.0,6.273812377,330.0,6.61e-06,431.4904402,5.25e-11,1.6200000000000003e-27,4.55e-17
1.023751245,66.0,1.82e-12,1.16453393,66.00000001,6.8e-07,2.14313708,66.01934221,1.740399563,10.95255103,70.83096024,377.1354294,103.8068729,70.94238847,373.0020289,1.023751245,66.0,1.82e-12,1.16453393,66.00000001,6.8e-07,2.14313708,66.01934221,1.740399563,10.95255103,70.83096024,377.1354294,103.8068729,70.94238847,373.0020289,1.023751245,66.0,1.35e-06,122.3315168,2.57e-12,1.54e-14,0.008465791,1.16453393,66.00000001,0.000824376,122.3315168,2.12e-06,9.46e-08,0.081012986,2.143085287,66.01934234,1.319255886,122.3131999,2.395703751,0.195732075,0.115632382,9.873768732,71.12788307,20.30013766,118.3702098,506.4127372,-6.509907744,-0.018692071,83.43512714,71.68671409,21.16547576,116.524727,563.4184464,-9.735478211,-0.024883351,1.023751245,1.43461612,0.533756762,1.16453393,1.6427734,3.21516902,2.143085287,2.337818062,11.51091368,9.873768732,1.866914407,10.6581578,83.43512714,1.774155835,10.09865268,1.0,66.0,9.54e-07,136.0771398,0.002678709,-1.14e-19,-2.31e-12,1.0,66.00000001,0.000889614,136.0658717,0.685432163,-1.28e-10,-1.74e-07,1.001001802,66.04141079,1.93009223,133.3798155,155.5627017,-0.115408602,-0.004794791,2.610402652,84.27496207,36.20459014,124.8935253,1486.987,-33.85017436,-0.035284517,19.83248475,88.22901671,38.81002276,122.2744448,1636.82206,80.4503927,0.081895024
1.997701412,330.0,0.0,1.998620212,330.0,8.73e-11,1.999559753,329.9974443,0.661542738,5.184657276,201.8740057,14591.89307,31.48175804,181.9628472,14736.41863,1.997701412,330.0,0.0,1.998620212,330.0,8.73e-11,1.999559753,329.9974443,0.661542738,5.184657276,201.8740057,14591.89307,31.48175804,181.9628472,14736.41863,1.0,330.0,0.0,431.4904402,0.0,0.0,0.0,1.0,330.0,0.0,431.4904402,0.0,0.0,0.0,1.000000029,330.0,0.0,431.4904402,0.0,-1.08e-56,0.0,1.213788304,330.0,0.0,431.4904402,0.0,-1.69e-46,0.0,6.276487515,330.0,0.0,431.4904402,1.46e-11,3.63e-28,0.0,1.0,25.06145,0.0,1.0,25.06145,0.0,1.000000029,25.06145,1.03e-10,1.213788304,25.05263538,0.000445828,6.276487515,25.03796126,0.001848886,1.0,330.0,0.0,431.4904402,0.0,0.0,0.0,1.0,330.0,0.0,431.4904402,0.0,0.0,0.0,1.000000029,330.0,0.0,431.4904402,0.0,-1.08e-56,0.0,1.213788304,330.0,0.0,431.4904402,0.0,-1.69e-46,0.0,6.276487515,330.0,0.0,431.4904402,1.46e-11,3.63e-28,0.0
1.24829471,93.44918346,3034.52981,1.43350099,107.7338804,4018.220828,1.801026714,133.5706846,7185.796125,4.812931106,279.8938752,30011.39004,32.04550737,276.619802,32075.56827,1.24829471,93.44918346,3034.52981,1.43350099,107.7338804,4018.220828,1.801026714,133.5706846,7185.796125,4.812931106,279.8938752,30011.39004,32.04550737,276.619802,32075.56827,1.248294708,93.44918285,55.08656455,205.4793171,3034.529594,-1.4050516956e-314,0.0,1.433491392,107.7315461,63.38321088,212.356036,4017.431421,-1.23e-187,0.0,1.756821557,125.4490512,68.33578402,221.8703776,4669.779377,-1.9199999999999998e-42,0.0,2.254927851,133.9912797,68.991304,226.6306672,4759.869073,-6.732424608,-0.019272459,11.51933546,135.2928556,68.57713329,214.8309597,4949.93839,28.22314855,0.010472211,1.248294708,6.194978203,135.1574803,1.433491392,9.209194605,178.9357761,1.756821557,12.94837933,207.9912534,2.254927851,14.74694423,211.3965546,11.51933546,13.81313763,206.7865729,1.248294708,93.44918285,55.08656455,205.4793171,3034.529594,-1.4050516956e-314,0.0,1.433491392,107.7315461,63.38321088,212.356036,4017.431421,-1.23e-187,0.0,1.756821557,125.4490512,68.33578402,221.8703776,4669.779377,-1.9199999999999998e-42,0.0,2.254927851,133.9912797,68.991304,226.6306672,4759.869073,-6.732424608,-0.019272459,11.51933546,135.2928556,68.57713329,214.8309597,4949.93839,28.22314855,0.010472211
2.962763902,456.443908,372.9401386,2.977573961,456.3996389,373.4562304,2.992541481,456.349496,376.2975515,4.675090616,359.6205163,26897.06049,30.32312969,292.442139,32193.91009,2.962763902,456.443908,372.9401386,2.977573961,456.3996389,373.4562304,2.992541481,456.349496,376.2975515,4.675090616,359.6205163,26897.06049,30.32312969,292.442139,32193.91009,2.962763902,456.443908,19.3116581,456.443908,372.9401386,0.0,0.0,2.977573961,456.3996389,19.32501566,456.3996389,373.4562304,0.0,0.0,2.992496387,456.355422,19.33825166,456.355422,373.9679771,0.0,0.0,3.427449835,456.335484,19.34418154,456.335484,374.1973596,0.0,0.0,15.97759577,456.3334746,19.3447787,456.3334746,374.2204629,0.0,0.0,2.962763902,9.926555819,199.2386008,2.977573961,9.957235391,199.5493141,2.992496387,9.987881949,199.8578133,3.427449835,10.00148469,199.9921965,15.97759577,10.00068231,199.9691557,2.962763902,456.443908,19.3116581,456.443908,372.9401386,0.0,0.0,2.977573961,456.3996389,19.32501566,456.3996389,373.4562304,0.0,0.0,2.992496387,456.355422,19.33825166,456.355422,373.9679771,0.0,0.0,3.427449835,456.335484,19.34418154,456.335484,374.1973596,0.0,0.0,15.97759577,456.3334746,19.3447787,456.3334746,374.2204629,0.0,0.0
1.989080982,449.1085586,400.4623217,1.994464944,448.8884571,462.5039648,2.15527879,425.3634349,7812.664243,4.440854191,303.0396787,28533.61369,29.66976176,285.9035719,31702.22665,1.989080982,449.1085586,400.4623217,1.994464944,448.8884571,462.5039648,2.15527879,425.3634349,7812.664243,4.440854191,303.0396787,28533.61369,29.66976176,285.9035719,31702.22665,1.989073701,449.1098632,19.99969825,449.1098632,399.9879301,0.0,0.0,1.993429821,449.0659183,19.99989137,449.0659183,399.9956548,0.0,0.0,1.997805129,449.0219729,19.99998793,449.0219729,399.9995172,0.0,0.0,2.428368823,450.2961172,20.08138259,450.2961172,403.2619268,0.0,0.0,14.97902386,455.3543237,19.59296396,455.3543237,383.8842369,0.0,0.0,1.989073701,14.9171362,224.8835322,1.993429821,14.95008681,224.8878752,1.997805129,14.98303788,224.8900467,2.428368823,14.1158498,224.1294256,14.97902386,10.66731799,206.1702831,1.989073701,449.1098632,19.99969825,449.1098632,399.9879301,0.0,0.0,1.993429821,449.0659183,19.99989137,449.0659183,399.9956548,0.0,0.0,1.997805129,449.0219729,19.99998793,449.0219729,399.9995172,0.0,0.0,2.428368823,450.2961172,20.08138259,450.2961172,403.2619268,0.0,0.0,14.97902386,455.3543237,19.59296396,455.3543237,383.8842369,0.0,0.0
1.988255138,449.1181424,399.9860457,1.992937049,449.0707668,400.0412152,2.00659095,447.3038083,1060.391456,4.049524997,312.1924662,30503.23777,28.28315553,295.3752798,31177.51041,1.988255138,449.1181424,399.9860457,1.992937049,449.0707668,400.0412152,2.00659095,447.3038083,1060.391456,4.049524997,312.1924662,30503.23777,28.28315553,295.3752798,31177.51041,1.988255138,449.1181424,19.99965106,449.1181424,399.9860424,0.0,0.0,1.992936438,449.070886,19.99987438,449.070886,399.9949752,0.0,0.0,1.997639917,449.0236288,19.99998604,449.0236288,399.9994417,0.0,0.0,2.428521869,450.2973576,20.08136009,450.2973576,403.2610232,0.0,0.0,14.97949983,455.3544424,19.5929306,455.3544424,383.8829296,0.0,0.0,1.988255138,14.90926259,224.8250126,1.992936438,14.94469174,224.8300335,1.997639917,14.98012149,224.8325441,2.428521869,14.11180965,224.0008312,14.97949983,10.66684754,206.1278851,1.988255138,449.1181424,19.99965106,449.1181424,399.9860424,0.0,0.0,1.992936438,449.070886,19.99987438,449.070886,399.9949752,0.0,0.0,1.997639917,449.0236288,19.99998604,449.0236288,399.9994417,0.0,0.0,2.428521869,450.2973576,20.08136009,450.2973576,403.2610232,0.0,0.0,14.97949983,455.3544424,19.5929306,455.3544424,383.8829296,0.0,0.0
1.425812523,60.00000002,3.8e-06,1.599147638,60.00024968,0.072180397,1.883707994,64.49819496,1554.301267,5.539104371,226.2470729,33336.6962,31.15583022,277.6374759,32729.53107,1.425812523,60.00000002,3.8e-06,1.599147638,60.00024968,0.072180397,1.883707994,64.49819496,1554.301267,5.539104371,226.2470729,33336.6962,31.15583022,277.6374759,32729.53107,1.425812522,60.0,6.74e-07,84.85281374,4.55e-13,0.0,0.0,1.599143783,60.0,6.74e-07,84.85281374,4.55e-13,0.0,0.0,1.843031274,60.0,6.74e-07,84.85281374,6.43e-13,0.0,0.0,1.997794338,60.0,6.74e-07,84.85281374,6.43e-13,2.54e-29,5.58e-17,4.626925662,60.00006971,0.125612914,84.85296988,0.06772111,2.23e-08,6.92e-07,1.425812522,18.4178742,775.4694085,1.599143783,23.04341486,867.4153825,1.843031274,28.0784772,918.8600437,1.997794338,30.61276795,924.6412107,4.626925662,38.11737426,836.2590387,1.425812522,60.0,6.74e-07,84.85281374,4.55e-13,0.0,0.0,1.599143783,60.0,6.74e-07,84.85281374,4.55e-13,0.0,0.0,1.843031274,60.0,6.74e-07,84.85281374,6.43e-13,0.0,0.0,1.997794338,60.0,6.74e-07,84.85281374,6.43e-13,2.54e-29,5.58e-17,4.626920773,60.0,1.17e-06,84.85281374,2.27e-12,5.93e-29,3.76e-17
1.0,66.0,0.0,1.000000157,66.0,5.55e-11,1.013882839,65.99938387,0.006173797,7.894530983,68.86060275,238.5676494,92.13056249,70.84351606,648.3360561,1.0,66.0,0.0,1.000000157,66.0,5.55e-11,1.013882839,65.99938387,0.006173797,7.894530983,68.86060275,238.5676494,92.13056249,70.84351606,648.3360561,1.0,66.0,9.54e-07,122.3315168,3.75e-12,-1e-28,-5.49e-17,1.000000107,66.0,0.0,122.3315168,2.96e-09,-4.67e-20,0.0,1.010092158,66.00001364,0.035038797,122.3295947,0.08484126,1.05e-05,0.001032386,5.992471675,69.43121786,17.23474257,122.3223426,314.9492467,37.44130905,0.212309524,69.90017161,71.44575579,21.88132989,122.7626508,701.6134269,47.23468555,0.095321422,1.0,8.244407177,5.91e-11,1.000000107,8.244406444,5.44e-06,1.010092158,8.176579484,0.496152596,5.992471675,3.014050729,11.5003797,69.90017161,20865.18309,32008700000000.0,1.0,66.0,9.54e-07,122.3315168,2.03e-12,0.0,0.0,1.000000035,66.0,0.0,122.3315168,0.0,-3.1e-116,0.0,1.003298579,66.0,0.0,122.3315168,0.0,-9.26e-87,0.0,2.318400162,66.0,0.0,122.3315168,3.64e-12,-4.3000000000000004e-29,0.0,18.36673765,66.04259888,2.579439711,122.5709092,315.1279599,0.021614205,0.000472084
1.284068461,66.0,0.0,1.470020821,66.0,1.31e-08,1.84702248,65.99775659,0.02342754,9.873092412,68.73915955,218.7457333,99.20199797,70.75377033,366.5600241,1.284068461,66.0,0.0,1.470020821,66.0,1.31e-08,1.84702248,65.99775659,0.02342754,9.873092412,68.73915955,218.7457333,99.20199797,70.75377033,366.5600241,1.000000073,66.0,9.54e-07,122.331516,3.47e-05,1.43e-83,2.54e-75,1.000068558,66.0,9.54e-07,122.3308627,0.028741215,-1.3600000000000001e-21,-8.39e-15,1.068559868,66.00003159,0.053319495,121.7844483,23.6407209,-2.02e-05,-7.77e-05,6.978043732,69.35669663,17.05389217,116.6499788,407.0160453,-7.147624238,-0.024837843,75.75043959,71.49287145,21.47883997,116.6760028,571.2430789,-10.18858695,-0.025844606,1.000000073,4.909455801,9.63e-07,1.000068558,4.909261115,0.000870839,1.068559868,4.732423586,0.756166849,6.978043732,2.405649945,5.065205494,75.75043959,1.933939486,4.83649686,1.0,66.0,0.0,122.3315168,1.82e-12,-1.25e-117,0.0,1.000000001,66.0,0.0,122.3315168,0.0,-9.31e-76,0.0,1.00104251,66.0,9.54e-07,122.3315168,1.42e-06,-5.43e-22,-4.79e-13,2.142531048,66.0,0.0,120.356309,81.5528654,-1.82e-15,0.0,18.85774439,66.00022025,0.051410077,115.9284573,225.4639794,-0.000956989,-0.001239711
1.060167858,74.0,1.15e-08,1.244351774,73.99999153,0.000118572,2.002492536,73.94027882,1.00532296,7.061850776,74.18458892,96.33449804,48.55591333,77.83436668,1278.968494,1.060167858,74.0,1.15e-08,1.244351774,73.99999153,0.000118572,2.002492536,73.94027882,1.00532296,7.061850776,74.18458892,96.33449804,48.55591333,77.83436668,1278.968494,1.030620363,74.0,9.54e-07,74.0,9.09e-13,0.0,0.0,1.123482723,74.0,1.35e-06,126.745756,5022.126959,1.01e-262,1.06e-258,1.49797636,74.0,0.0,130.3275381,5437.500326,7.29e-115,0.0,2.874355611,74.00000042,0.007448964,129.3686584,5219.700048,4.43e-13,8.23e-13,12.69568285,79.0909156,25.2202782,129.643615,4803.029599,69.91039648,0.040174943,1.030620363,1.45132038,6.480112679,1.123482723,2.653749359,21.99090323,1.49797636,5.98995326,49.88433685,2.874355611,8.397778458,204.0312853,12.69568285,16.94397761,2110.442522,1.030620363,74.0,9.54e-07,74.0,9.09e-13,0.0,0.0,1.123482723,74.0,9.54e-07,74.0,9.09e-13,0.0,0.0,1.497968723,74.0,9.54e-07,74.0,9.09e-13,0.0,0.0,1.932653247,74.0,1.35e-06,74.0,1.82e-12,0.0,0.0,1.993052069,74.0,1.65e-06,74.0,2.73e-12,0.0,0.0
1.000614312,66.0,0.0,1.016626574,66.0,9.09e-13,1.528053448,66.00000118,0.00014056,10.44239622,67.70291931,150.9536239,101.4796254,70.30368575,360.453401,1.000614312,66.0,0.0,1.016626574,66.0,9.09e-13,1.528053448,66.00000118,0.00014056,10.44239622,67.70291931,150.9536239,101.4796254,70.30368575,360.453401,1.000599373,66.0,1.35e-06,105.322662,336.3858352,1.99e-16,8.04e-12,1.015354274,66.0,9.54e-07,106.0750764,340.1233242,1.66e-19,9.42e-15,1.419691661,66.00000165,0.012177724,106.8434436,342.0205739,4.92e-05,0.000218573,8.612079859,68.00998139,13.28776346,111.0788764,394.9650326,-0.033346527,-0.000133514,78.70135089,71.05011494,20.29260048,115.8210392,535.5951729,21.41048374,0.057012771,1.000599373,2.306589871,0.003448319,1.015354274,2.306643409,0.087717289,1.419691661,2.321501348,1.725848499,8.612079859,1.914777382,3.963149198,78.70135089,1.857140649,3.547674992,1.0,66.0,0.0,93.33809512,1.82e-12,2.57e-72,0.0,1.0,66.0,0.0,93.33809514,1.83e-06,4.1399999999999996e-42,0.0,1.000030169,66.00000234,0.014509638,93.37056125,2.430790191,1.44e-11,6.37e-10,1.877283135,75.2035658,27.26931056,110.4561536,935.5555713,57.48569543,0.088474961,18.02066862,87.09128225,38.12313229,120.6506597,1580.560119,112.4353915,0.118332041
2.979675693,456.5061034,371.8493985,2.987760157,456.4371273,372.8038443,2.995912201,456.3670164,374.1280764,4.264581399,387.0482871,20778.15222,30.73926979,288.4436722,32765.7189,2.979675693,456.5061034,371.8493985,2.987760157,456.4371273,372.8038443,2.995912201,456.3670164,374.1280764,4.264581399,387.0482871,20778.15222,30.73926979,288.4436722,32765.7189,2.979675693,456.5061034,19.28339697,456.5061034,371.8493985,0.0,0.0,2.987760157,456.4371273,19.30812897,456.4371273,372.8038443,0.0,0.0,2.995904891,456.3679751,19.3326464,456.3679751,373.7512168,0.0,0.0,3.427987224,456.336471,19.34372627,456.336471,374.179746,0.0,0.0,15.9781864,456.3319964,19.3568313,456.3319964,374.6869181,0.0,0.0,2.979675693,9.875524038,198.6773314,2.987760157,9.925888627,199.1910805,2.995904891,9.976382529,199.7010561,3.427987224,9.999176326,199.9330592,15.9781864,10.10308813,157545625.4,2.979675693,456.5061034,19.28339697,456.5061034,371.8493985,0.0,0.0,2.987760157,456.4371273,19.30812897,456.4371273,372.8038443,0.0,0.0,2.995904891,456.3679751,19.3326464,456.3679751,373.7512168,0.0,0.0,3.427987224,456.336471,19.34372627,456.336471,374.179746,0.0,0.0,15.97771357,456.333698,19.34469674,456.333698,374.217292,0.0,0.0
1.000058649,66.00000001,1.36e-07,1.002968211,66.00004344,0.000695088,1.240582209,66.18919888,3.664938644,10.37395457,70.82959314,344.2326052,98.05089381,70.74942072,364.4580458,1.000058649,66.00000001,1.36e-07,1.002968211,66.00004344,0.000695088,1.240582209,66.18919888,3.664938644,10.37395457,70.82959314,344.2326052,98.05089381,70.74942072,364.4580458,1.000058648,66.0,1.35e-06,122.3285949,0.128386998,-4.91e-17,-1.02e-10,1.002962149,66.0,0.000126264,122.2126554,5.204391695,-2.5e-11,-8.66e-08,1.211655607,66.00931796,0.91571246,118.3572795,153.5433494,-0.039321502,-0.003465443,8.156989006,70.93055728,20.48005954,116.4133515,534.1342025,-15.52058865,-0.041672257,75.88490189,71.54121339,21.251071,117.1489294,558.9471746,2.802024355,0.007265433,1.000058648,2.811877848,3.07e-05,1.002962149,2.809825016,0.001931435,1.211655607,2.704130778,0.392879289,8.156989006,1.996319196,3.209654648,75.88490189,1.926230016,3.593890961,1.0,66.0,0.0,122.3315168,3.64e-12,4.94e-135,0.0,1.000000002,66.0,0.0,122.3315167,2.24e-06,-1.2700000000000002e-110,0.0,1.002141913,66.0,0.0,122.2948681,1.608704849,-7.79e-28,0.0,2.546200535,66.00007489,0.029977435,115.7820989,229.279064,-0.000664052,-0.001462935,19.37349027,66.29419573,1.855747199,116.2083669,222.5161774,1.498849568,0.054148253
1.0,429.0,5.82e-11,1.000000001,428.9999998,6.32e-05,1.001311802,428.6029263,126.3209108,2.784175223,282.958344,27488.75345,31.23331506,261.8306149,32492.56277,1.0,429.0,5.82e-11,1.000000001,428.9999998,6.32e-05,1.001311802,428.6029263,126.3209108,2.784175223,282.958344,27488.75345,31.23331506,261.8306149,32492.56277,1.0,429.0,0.0,429.0,0.0,0.0,0.0,1.0,429.0,0.0,429.0,0.0,0.0,0.0,1.000000003,429.0000001,0.001771679,429.0000001,3.14e-06,0.0,0.0,1.428850459,437.203768,16.4089236,437.203768,269.2527736,0.0,0.0,14.00440986,454.3816527,19.92582641,454.3816527,397.0385582,0.0,0.0,1.0,29.99728823,0.0,1.0,29.99728823,0.0,1.000000003,29.99728817,1.68e-06,1.428850459,23.9906986,143.9720188,14.00440986,11.40779566,211.4671742,1.0,429.0,0.0,429.0,0.0,0.0,0.0,1.0,429.0,0.0,429.0,0.0,0.0,0.0,1.000000003,429.0000001,0.001771679,429.0000001,3.14e-06,0.0,0.0,1.428850459,437.203768,16.4089236,437.203768,269.2527736,0.0,0.0,14.00440986,454.3816527,19.92582641,454.3816527,397.0385582,0.0,0.0
1.000001369,66.0,1.99e-07,1.000304343,66.00003874,0.003485622,1.088979976,66.63572427,55.95198938,9.311755424,73.2087659,552.6684004,97.24624795,71.22914328,395.8151539,1.000001369,66.0,1.99e-07,1.000304343,66.00003874,0.003485622,1.088979976,66.63572427,55.95198938,9.311755424,73.2087659,552.6684004,97.24624795,71.22914328,395.8151539,1.0,66.0,9.54e-07,105.2615781,1.64e-05,-1.8600000000000002e-35,-4.83e-27,1.000000001,66.00000001,0.000376375,105.2609779,0.012343328,-1.42e-20,-3.4e-16,1.001727707,66.01311304,0.457860919,104.8326762,8.677678976,-1.9e-05,-1.41e-05,2.647324866,69.37953849,6.530798988,101.6183624,76.85873566,-4.858808581,-0.093042705,18.50389067,69.96946025,6.910481112,99.96747583,74.53955339,4.423185276,0.084606391,1.0,10.155159,7.11e-14,1.000000001,10.15515899,8.42e-08,1.001727707,10.14209721,0.112757308,2.647324866,7.708843462,24.43805159,18.50389067,8.11996474,30.09704249,1.0,66.0,9.54e-07,105.2615781,1.64e-05,-1.8600000000000002e-35,-4.83e-27,1.000000001,66.00000001,0.000376375,105.2609779,0.012343328,-1.42e-20,-3.4e-16,1.001727707,66.01311304,0.457860919,104.8326762,8.677678976,-1.9e-05,-1.41e-05,2.647324866,69.37953849,6.530798988,101.6183624,76.85873566,-4.858808581,-0.093042705,18.50389067,69.96946025,6.910481112,99.96747583,74.53955339,4.423185276,0.084606391
2.721523717,84.9149954,1344.572535,3.938735944,82.34222387,1203.731867,6.352771661,78.66957983,979.7271422,14.83029452,73.28744593,572.2303778,106.2865939,71.2070574,386.7023012,2.721523717,84.9149954,1344.572535,3.938735944,82.34222387,1203.731867,6.352771661,78.66957983,979.7271422,14.83029452,73.28744593,572.2303778,106.2865939,71.2070574,386.7023012,2.721510227,84.91508916,36.66848001,129.0555216,1443.928511,80.79628508,0.096042275,3.937539216,82.34719073,34.6989412,124.3647179,1305.490645,130.6585485,0.167623795,6.246412785,78.88507646,31.5219239,119.8130158,1095.948092,112.5970789,0.166116721,12.57783403,74.08708024,25.73746921,116.5557538,772.0982939,45.7920452,0.089333646,84.82032253,71.93416839,21.64199792,116.4043891,583.972693,27.19968716,0.06729617,2.721510227,0.37026919,0.874263339,3.937539216,0.447174129,1.212626087,6.246412785,0.565580465,1.749092621,12.57783403,1.424532496,7.436158695,84.82032253,1.744711253,9.845319416,1.57197359,98.74712051,43.29973377,154.635025,1874.866944,-0.00030273,-0.000277765,1.715280721,103.5260468,44.37499322,157.72554,1969.140044,-0.150023381,-0.006292436,1.938080554,107.5284629,44.86589384,158.6333449,2016.526482,-60.56263086,-0.123186932,3.402518306,95.89400047,42.38878128,133.2734786,1929.163762,124.4393991,0.11078016,20.04037068,89.46559866,39.50938054,123.2126532,1687.742446,146.4465821,0.146322931
1.000000679,66.00002008,0.001806941,1.000362437,66.00918863,0.826751181,1.239833222,69.45635599,294.4300176,11.08559531,73.62144153,572.3523319,100.024344,71.78364395,672.0991872,1.000000679,66.00002008,0.001806941,1.000362437,66.00918863,0.826751181,1.239833222,69.45635599,294.4300176,11.08559531,73.62144153,572.3523319,100.024344,71.78364395,672.0991872,1.000000679,66.00002008,0.042508124,124.5099329,438.2147516,-5.5e-05,-6.18e-05,1.000362159,66.00918673,0.909242,119.0501553,508.4618004,0.0501237,0.002444752,1.229482943,69.42146302,17.21119585,116.111246,575.0331295,30.59985796,0.080083928,9.040724073,74.3742028,26.14479964,118.2084913,785.6416589,4.236045983,0.008233011,78.76824669,72.68872415,28.88831798,117.4232505,960.391241,37.68268103,0.059832773,1.000000679,4.318918412,1.09e-05,1.000362159,4.317534485,0.005643545,1.229482943,3.636099809,2.309312398,9.040724073,1.826126231,3.993545547,78.76824669,1.857979039,4.247478719,1.0,66.0,0.0,122.3315168,0.0,0.0,0.0,1.000000001,66.0,0.0,122.3315168,1.82e-12,1.67e-66,0.0,1.000964892,66.0,0.0,122.3314827,0.001498145,2.45e-30,0.0,2.143327185,66.0000233,0.016722298,118.4760775,149.3199082,-9e-05,-0.000440608,20.20883999,66.76337307,3.992938645,116.5772609,724.6682659,-1.945568992,-0.018102433
1.000000027,66.0,9.09e-13,1.000028636,66.0,5.86e-07,1.036127405,66.02877148,3.202531279,8.623295053,71.62223727,470.5893276,97.62857235,71.14686399,396.2296488,1.000000027,66.0,9.09e-13,1.000028636,66.0,5.86e-07,1.036127405,66.02877148,3.202531279,8.623295053,71.62223727,470.5893276,97.62857235,71.14686399,396.2296488,1.000000027,66.0,0.0,122.3315168,1.49e-07,9.47e-16,0.0,1.00002863,66.00000001,0.000732984,122.3315554,0.000740593,2.43e-08,0.00121726,1.033428982,66.03525337,1.780887471,122.4828409,6.204258355,0.191686289,0.046611704,6.800557088,72.92514299,23.98552196,119.9162656,654.6755467,5.619556891,0.013254515,76.31042619,71.81330845,22.11200777,116.6755599,598.987688,-8.772273291,-0.021327479,1.000000027,5.030728101,3.05e-11,1.00002863,5.030727128,7.04e-08,1.033428982,5.018474519,0.049868598,6.800557088,2.474060291,5.216866881,76.31042619,1.920145562,4.94346713,1.0,66.0,0.0,122.3315168,0.0,-6.86e-193,0.0,1.000000001,66.0,9.54e-07,122.3315168,1.72e-06,1.15e-30,9.18e-22,1.000959885,66.0,9.54e-07,122.2979742,1.47250412,1.0300000000000001e-21,8.93e-16,2.288023221,66.0,1.35e-06,115.3752511,239.5676125,3.33e-14,1.6e-09,19.7091858,66.00447667,0.231732636,114.4993369,260.1631506,-0.020381467,-0.005452873
9.379486951,84.19692807,3410.521278,11.00630214,90.99038186,4957.620451,17.7651105,107.9496838,14116.02443,60.94834183,110.7523158,17492.81928,176.4379733,91.52946557,11237.13953,9.379486951,84.19692807,3410.521278,11.00630214,90.99038186,4957.620451,17.7651105,107.9496838,14116.02443,60.94834183,110.7523158,17492.81928,176.4379733,91.52946557,11237.13953,9.043637135,84.45863831,59.45506956,1076.989252,323345.5903,-6759.783606,-0.19995092,10.35486825,91.92834795,72.47899054,1012.879901,361853.0859,-13723.00681,-0.314770401,14.76073897,113.9619937,129.0308819,899.2018836,407815.7115,-24894.1484,-0.302240555,29.6722447,139.5461253,178.7552958,813.3522003,412806.6859,-20289.02056,-0.176921776,33.51871963,141.5354996,181.7218138,806.6016925,411182.6329,-20454.27344,-0.175817532,9.043637135,15.18715899,22771943096.0,10.35486825,8660.640788,13041300000000.0,14.76073897,3983885.455,5983200000000000.0,29.6722447,36693616.86,5.39e+16,33.51871963,43491671.78,6.36e+16,2.672278262,95.9993304,76.84233206,1165.068207,261741.2121,15098.521,0.384107765,3.092237394,105.4500703,85.81806391,1130.085792,291082.8283,21972.65755,0.474640844,4.168971908,111.2944767,89.40244191,1078.503084,329091.9065,33277.30448,0.648939519,5.709507384,107.3950495,84.52900371,1048.137673,348397.8622,39569.31961,0.793159933,5.969311311,106.5938568,83.59219199,1044.8163,350374.3079,40081.12544,0.810123556
1.000000133,204.0000335,0.008498587,1.000115997,204.0292705,7.429393005,1.101444823,227.2413219,5359.117331,3.914731512,349.4258437,20482.47282,29.2622121,296.4029166,30963.60932,1.000000133,204.0000335,0.008498587,1.000115997,204.0292705,7.429393005,1.101444823,227.2413219,5359.117331,3.914731512,349.4258437,20482.47282,29.2622121,296.4029166,30963.60932,1.0,204.0,0.0,274.0529146,0.0,0.0,0.0,1.0,204.0,0.0,274.0529146,0.0,0.0,0.0,1.000000002,203.9999998,0.004842003,274.0529145,2.34e-05,-3.72e-75,0.0,1.289602493,188.2659709,43.86041112,262.5510918,1923.735664,7.3e-19,0.0,9.990665074,139.9688891,68.46762941,230.3239685,4687.82595,2.886614604,0.013661989,1.0,29.59740996,0.0,1.0,29.59740996,0.0,1.000000002,29.59740993,1.05e-06,1.289602493,26.25888537,85.75581508,9.990665074,15.93005167,205.7047466,1.0,204.0,0.0,274.0529146,0.0,0.0,0.0,1.0,204.0,0.0,274.0529146,0.0,0.0,0.0,1.000000002,203.9999998,0.004842003,274.0529145,2.34e-05,-3.72e-75,0.0,1.289602493,188.2659709,43.86041112,262.5510918,1923.735664,7.3e-19,0.0,9.990665074,139.9688891,68.46762941,230.3239685,4687.82595,2.886614604,0.013661989
1.069549654,96.77237154,45.14395376,1.282117935,94.07063378,135.4029031,2.55501641,94.95292515,1332.364163,8.56918484,138.3493785,9105.446592,28.61291411,188.2937444,14886.32447,1.069549654,96.77237154,45.14395376,1.282117935,94.07063378,135.4029031,2.55501641,94.95292515,1332.364163,8.56918484,138.3493785,9105.446592,28.61291411,188.2937444,14886.32447,1.069549634,96.77236728,6.718851175,125.0183369,363.7893375,20.60559882,0.161417315,1.282086682,94.06488265,11.57796661,123.5703766,383.8797161,54.8891249,0.249962655,2.505014935,90.26125637,15.30307502,124.0702869,399.3504659,110.724962,0.402294276,6.891080809,91.678952,14.15076592,128.8975499,302.1653794,125.0964411,0.587671188,16.52150837,84.58790029,18.15971834,119.0162207,472.7825763,417.552278,1.249232197,1.069549634,0.941541645,0.029390654,1.282086682,0.87689143,0.089140806,2.505014935,0.903244135,2.258917302,6.891080809,3.350312817,44.50139285,16.52150837,9.575047339,169.9998179,1.034996631,98.0,1.91e-06,138.5929291,3.64e-12,0.0,0.0,1.149319273,98.0,0.0,138.5929291,0.0,-1.46e-34,0.0,1.994865767,98.0,0.0,138.5929291,0.0,-2.32e-192,0.0,5.744795216,98.0,0.0,138.5929291,1.82e-12,-3.19e-45,0.0,10.69024212,98.0,1.91e-06,138.5929291,4.07e-12,-2.84e-28,-1.1e-16
1.999889282,330.0,2.91e-11,1.999933568,330.0,1.46e-11,1.999978951,329.9998598,0.037862139,2.735921532,299.5571378,7299.1157,31.65358598,191.7124977,19959.48583,1.999889282,330.0,2.91e-11,1.999933568,330.0,1.46e-11,1.999978951,329.9998598,0.037862139,2.735921532,299.5571378,7299.1157,31.65358598,191.7124977,19959.48583,1.0,330.0,0.0,431.4904402,0.0,0.0,0.0,1.0,330.0,0.0,431.4904402,0.0,0.0,0.0,1.000000028,330.0,6.61e-06,431.4904402,5.25e-11,2.16e-34,6.0499999999999994e-24,1.2134978,330.0,3.81e-06,431.4904402,3.25e-11,-1.12e-57,-5.420000000000001e-47,6.273571968,329.9927389,1.320075484,431.511025,8.830223576,-0.00054853,-0.00014123,1.0,25.07723904,0.0,1.0,25.07723904,0.0,1.000000028,25.07723904,7.28e-12,1.2134978,25.06887137,0.002515092,6.273571968,25.05127251,31.87988711,1.0,330.0,0.0,431.4904402,0.0,0.0,0.0,1.0,330.0,0.0,431.4904402,0.0,0.0,0.0,1.000000028,330.0,6.61e-06,431.4904402,5.25e-11,2.16e-34,6.0499999999999994e-24,1.2134978,330.0,3.81e-06,431.4904402,3.25e-11,-1.12e-57,-5.420000000000001e-47,6.27262741,329.9927379,1.320174868,431.5110288,8.831792513,-0.000549697,-0.000141508
1.548421217,97.87505435,1852.735802,1.699266363,102.9352337,1959.959545,2.094732657,104.6469745,1984.639086,9.516452902,82.81141361,1229.05612,98.90504663,81.79737002,12160.70363,1.548421217,97.87505435,1852.735802,1.699266363,102.9352337,1959.959545,2.094732657,104.6469745,1984.639086,9.516452902,82.81141361,1229.05612,98.90504663,81.79737002,12160.70363,1.548402895,97.87543153,43.04353264,134.6705561,1981.368347,-472.2436378,-0.414011679,1.697828278,102.9665184,44.27711794,138.4159822,2082.396877,-526.4172398,-0.448691292,1.981854913,106.8481365,44.80805764,141.4791397,2119.435985,-448.3528857,-0.384027257,7.712600219,86.65253154,37.84442868,126.4974252,1489.83085,-2.497430604,-0.003257677,77.46708775,85.65234591,124.2700616,129.1770481,16932.30945,252.775745,0.024410266,1.548402895,1.357949047,2.558884708,1.697828278,1.54781088,2.707442917,1.981854913,1.784978852,2.699617677,7.712600219,2.123044383,3.487558459,77.46708775,1.889565761,4.374275098,1.548400116,97.87548874,43.04355009,134.6705875,1981.370046,-472.2491989,-0.414016141,1.697364447,102.97662,44.27894956,138.4218585,2082.596197,-527.3372913,-0.449412659,1.8995018,108.619112,44.93697111,142.5486926,2137.944356,-580.1645669,-0.487205452,3.248096462,115.0394054,44.81833557,143.1646229,2110.992903,-435.4814904,-0.381345834,19.06530204,95.72373388,42.32771779,126.7126344,1897.103487,-88.9486101,-0.084142393
1.0,62.0,9.09e-13,1.000000033,61.99999993,1.43e-07,1.00338545,62.00607937,1.801861666,3.288823821,171.37147,26323.06822,28.37456139,277.4686965,32421.72532,1.0,62.0,9.09e-13,1.000000033,61.99999993,1.43e-07,1.00338545,62.00607937,1.801861666,3.288823821,171.37147,26323.06822,28.37456139,277.4686965,32421.72532,1.0,62.0,0.0,62.0,0.0,0.0,0.0,1.0,62.0,0.0,62.0,0.0,0.0,0.0,1.0,62.0,0.0,62.0,0.0,0.0,0.0,1.000210679,62.0,6.74e-07,62.0,4.55e-13,0.0,0.0,1.735601284,62.0,9.54e-07,62.0,9.09e-13,0.0,0.0,1.0,122.129173,0.0,1.0,122.129173,0.0,1.0,122.129173,0.0,1.000210679,122.129778,0.001738206,1.735601284,123.9289943,29.72228978,1.0,62.0,0.0,62.0,0.0,0.0,0.0,1.0,62.0,0.0,62.0,0.0,0.0,0.0,1.0,62.0,0.0,62.0,0.0,0.0,0.0,1.000210679,62.0,6.74e-07,62.0,4.55e-13,0.0,0.0,1.735601284,62.0,9.54e-07,62.0,9.09e-13,0.0,0.0
1.0,110.0,0.0,1.0,110.0,0.0,1.0,110.0,0.0,1.000168528,110.0,0.0,1.69295441,109.9999968,6.4e-05,1.0,110.0,0.0,1.0,110.0,0.0,1.0,110.0,0.0,1.000168528,110.0,0.0,1.69295441,109.9999968,6.4e-05,1.0,110.0,0.0,110.0,0.0,0.0,0.0,1.0,110.0,0.0,110.0,0.0,0.0,0.0,1.0,110.0,0.0,110.0,0.0,0.0,0.0,1.000168528,110.0,0.0,110.0,0.0,0.0,0.0,1.69295441,109.9999968,0.008002342,109.9999968,6.4e-05,0.0,0.0,1.0,125.3497469,0.0,1.0,125.3497469,0.0,1.0,125.3497469,0.0,1.000168528,125.3496525,5.3e-05,1.69295441,130.6343123,653.2633291,1.0,110.0,0.0,110.0,0.0,0.0,0.0,1.0,110.0,0.0,110.0,0.0,0.0,0.0,1.0,110.0,0.0,110.0,0.0,0.0,0.0,1.000168528,110.0,0.0,110.0,0.0,0.0,0.0,1.69295441,109.9999968,0.008002342,109.9999968,6.4e-05,0.0,0.0
1.030224887,66.19561598,3.091590099,1.161176982,66.99851172,14.97946272,1.930206392,69.63043766,57.82369594,9.975093736,73.18464227,486.0006844,95.63648531,71.18841058,394.0619537,1.030224887,66.19561598,3.091590099,1.161176982,66.99851172,14.97946272,1.930206392,69.63043766,57.82369594,9.975093736,73.18464227,486.0006844,95.63648531,71.18841058,394.0619537,1.000000041,66.0,7.72e-05,122.3315168,5.96e-09,-5.71e-13,-0.000446253,1.000048955,66.00000472,0.020613749,122.3315202,0.000425261,-3.28e-07,-0.003870018,1.066913495,66.3157888,5.321773106,122.553142,28.33805339,0.583442627,0.111019047,7.05043286,74.03421148,25.66184865,123.5855375,693.3483591,141.645706,0.374740336,73.90657234,71.95505756,22.15747154,117.9038399,586.8323096,68.29554336,0.171912888,1.000000041,5.106704799,6.42e-07,1.000048955,5.106524399,0.000764518,1.066913495,4.875678132,0.927855133,7.05043286,2.352477405,4.253826903,73.90657234,1.978133441,3.687242493,1.0,66.0,9.54e-07,122.3315168,2.03e-12,2.0099999999999999e-28,1.56e-16,1.000000001,66.0,9.54e-07,122.3315168,9.09e-13,-4.34e-40,0.0,1.001036683,66.0,0.0,122.3315168,1.29e-06,-4.94e-22,0.0,2.162167802,66.00000009,0.001039242,120.0556136,93.04141376,-2.23e-06,-0.000222887,19.06257431,66.22757665,1.636804423,116.3622098,217.343096,0.306721089,0.012711313
1.795846004,116.1156557,1998.830067,1.873840286,114.0297071,2015.820875,2.191038657,107.0764091,2009.605433,9.57234439,76.85831825,849.6103548,98.21073585,92.53386111,25287.12045,1.795846004,116.1156557,1998.830067,1.873840286,114.0297071,2015.820875,2.191038657,107.0764091,2009.605433,9.57234439,76.85831825,849.6103548,98.21073585,92.53386111,25287.12045,1.000017562,155.9984195,0.377153147,175.9535589,332.570895,-5.96e-07,-8.66e-08,1.001890102,155.8302118,3.905395312,176.1847237,337.3374364,-0.006191537,-8.64e-05,1.235657059,138.8357431,35.35776306,160.998161,1293.851799,-37.44482622,-0.058003626,7.609722503,79.45583513,32.09327591,119.181283,1085.168968,-183.658452,-0.309596054,76.5869841,99.3589192,179.3939476,144.6825351,36051.33802,1368.130084,0.059829624,1.000017562,3.353792117,0.000130584,1.001890102,3.349010081,0.013662887,1.235657059,2.945371029,1.031400884,7.609722503,2.158464634,3.66859889,76.5869841,1.912455555,4.726612971,1.000000054,155.9999951,0.020950603,169.3871261,0.000438928,-4.1900000000000005e-58,0.0,1.000043686,155.9960684,0.594834234,169.3835097,0.353827765,-1.15e-34,0.0,1.035220442,152.9380051,16.31575087,166.5714069,266.2037263,-3.12e-07,-2.2e-06,2.343789986,109.6878242,44.98086476,131.2413332,2043.185367,-54.77201485,-0.072189545,18.52818245,91.81500613,40.70547887,123.3711015,1772.746553,49.57553621,0.048513661
3.542623968,66.0,9.09e-13,3.712640415,66.0,9.09e-13,4.014528821,66.00001638,0.001501615,11.30493012,67.96267557,167.6789478,97.77865004,70.1461139,338.9983927,3.542623968,66.0,9.09e-13,3.712640415,66.0,9.09e-13,4.014528821,66.00001638,0.001501615,11.30493012,67.96267557,167.6789478,97.77865004,70.1461139,338.9983927,3.542620326,66.0,0.0,122.3315168,0.0,3.6e-32,0.0,3.712094888,66.0,0.0,122.3315168,3.37e-09,7.9e-19,0.0,3.932694505,66.00000303,0.016500361,122.3288946,0.115357314,3.9e-05,0.006954811,8.855282512,68.28810849,14.1666624,119.4346213,276.0027517,34.4572728,0.176702152,74.35542205,71.0395536,20.62197095,117.3099476,529.3821783,67.19659141,0.183517037,3.542620326,1.09783296,4.094947237,3.712094888,1.157584739,4.258250388,3.932694505,1.248694625,4.49706791,8.855282512,1.88116707,4.524775877,74.35542205,1.966344122,3.732052445,1.776030273,66.0,0.0,122.3315168,0.0,3.67e-43,0.0,1.858869535,66.0,9.54e-07,122.3315168,2.03e-12,-7.0300000000000006e-31,-5.47e-19,1.951482332,66.0,1.35e-06,122.331483,0.001485955,1.09e-18,2.09e-11,3.280694397,66.0,9.54e-07,118.4591689,149.8846898,-1.28e-14,-1.09e-09,20.08589941,66.00108885,0.114302517,115.6368863,233.0207292,-0.014167599,-0.00811976
1.979468322,65.99980249,0.001185047,1.990669599,65.99072062,0.055611286,2.15628935,65.67850935,7.562786259,10.38142716,71.52906792,445.7464614,100.1052036,71.01371557,381.0135518,1.979468322,65.99980249,0.001185047,1.990669599,65.99072062,0.055611286,2.15628935,65.67850935,7.562786259,10.38142716,71.52906792,445.7464614,100.1052036,71.01371557,381.0135518,1.97940316,66.0,3.57e-06,122.3315168,1.29e-11,1.12e-13,0.023372157,1.987590502,66.00000009,0.00286912,122.3315169,8.24e-06,1.95e-07,0.141675258,2.001838206,66.05683205,2.260896897,122.3678117,5.113715866,0.265185908,0.307840562,7.727178052,72.82870898,23.83172313,121.430972,617.9106029,147.3425247,0.396286678,77.60552706,71.91532306,21.71235694,117.5650868,572.7718012,59.32514675,0.151490412,1.97940316,4.691340267,22.41402418,1.987590502,4.711046079,22.4155775,2.001838206,4.719355249,22.40132325,7.727178052,2.432438413,13.83536528,77.60552706,1.90774413,10.69544235,1.0,66.0,9.54e-07,122.3315168,9.09e-13,2.32e-102,0.0,1.000000001,66.0,0.0,122.3315168,3.64e-12,-8.82e-67,0.0,1.00110252,66.0,0.0,122.3314828,0.001491573,-3.9200000000000003e-31,0.0,2.325842201,66.0000215,0.016062963,118.070033,162.6735933,-9.17e-05,-0.00044767,20.07164015,66.4373171,2.248679391,115.8291592,234.531385,-1.053252128,-0.030588262
3.561707901,66.00045417,0.007673318,3.736719222,66.01945656,0.490224771,4.346378932,67.54633352,93.61538145,12.92665588,72.95714999,497.5691411,101.97615,71.04115711,399.1196799,3.561707901,66.00045417,0.007673318,3.736719222,66.01945656,0.490224771,4.346378932,67.54633352,93.61538145,12.92665588,72.95714999,497.5691411,101.97615,71.04115711,399.1196799,3.561448589,66.0000055,0.022246219,122.3315213,0.00049577,2.45e-11,2.03e-07,3.727474073,66.00242896,0.46754731,122.3334228,0.218893843,4.13e-06,8.31e-05,4.008376919,67.0442507,9.638054982,123.094918,93.04934777,0.383337082,0.017104245,9.997345299,73.56898162,24.9783679,123.2779042,662.6488468,-71.42675875,-0.191393372,78.72038767,71.92550648,22.28816055,117.4788791,600.7815746,-42.86170089,-0.104619119,3.561448589,0.94512939,3.019878191,3.727474073,0.995408659,3.135751951,4.008376919,1.074589147,3.315783546,9.997345299,1.754630749,7.482113338,78.72038767,249.8968187,373476000000.0,1.78160712,66.0,0.0,122.3315168,0.0,-6.55e-209,0.0,1.862567527,66.0,0.0,122.3315168,0.0,2.06e-94,0.0,1.952838595,66.0,9.54e-07,122.3315168,1.35e-06,3.49e-22,3.15e-13,3.151914975,66.0,0.0,120.4223458,78.99683946,2.08e-14,0.0,20.38901188,66.00045465,0.284654448,116.1481759,224.9864575,0.146609549,0.034337297
8.312742706,136.6105033,8392.184998,13.44566182,127.0029916,9923.070916,29.67491802,124.9714456,15886.56858,73.11310953,116.0281737,15919.04947,167.5869588,92.6313926,8372.108628,8.312742706,136.6105033,8392.184998,13.44566182,127.0029916,9923.070916,29.67491802,124.9714456,15886.56858,73.11310953,116.0281737,15919.04947,167.5869588,92.6313926,8372.108628,8.156737388,137.7775448,92.0866017,822.378609,352839.4916,-17561.63712,-0.321101763,12.73432857,129.8588207,101.576885,881.8691696,371439.5384,-10045.22868,-0.162294829,24.78671348,133.2239458,135.1630316,875.3960303,392663.8378,11781.48308,0.139176806,50.58922071,127.2079538,145.0760401,675.9299415,406625.6415,23182.15521,0.25075639,121.842825,96.557925,102.9215465,328.6513868,234875.9446,25240.10689,0.506275229,8.156737388,0.044352001,0.004528922,12.73432857,0.045800231,0.010367852,24.78671348,0.083838174,0.166352239,50.58922071,0.352746247,2.226665307,121.842825,1.213384268,7.149569587,3.091955247,162.0662532,101.6635806,814.2397063,342907.4227,-12963.97901,-0.217812678,4.696277654,142.1079967,97.47105168,882.9670807,356729.8174,-10911.68312,-0.187466394,8.033740601,125.7881428,91.41089832,927.9714759,363904.3228,127.6620411,0.002315408,10.6450074,119.9550912,88.5982219,939.9971946,367029.6085,9791.323453,0.182438089,10.963823,119.4222902,88.32177032,940.9289685,367366.8505,10974.14212,0.205022629
1.0,98.0,0.0,1.0,98.0,0.0,1.000004931,97.99989418,0.02294252,1.860357235,153.6701106,11777.78931,21.57689193,202.9567355,16135.4294,1.0,98.0,0.0,1.0,98.0,0.0,1.000004931,97.99989418,0.02294252,1.860357235,153.6701106,11777.78931,21.57689193,202.9567355,16135.4294,1.0,98.0,0.0,114.9086594,0.0,4.97e-269,0.0,1.0,98.0,0.0,114.9086594,0.0,2.6e-160,0.0,1.000004629,97.9998241,0.081756879,114.9085094,0.006684187,1.39e-41,0.0,1.355696289,88.03091872,16.71653395,106.5359993,279.4425479,0.023084343,0.003555243,10.85055129,77.36778661,18.92976174,107.9439027,498.9985294,461.9341613,1.309491461,1.0,17.72087383,0.0,1.0,17.72087383,5.68e-14,1.000004629,17.72090751,0.000245009,1.355696289,19.62998721,10.26617863,10.85055129,14.39540683,128.1173816,1.0,98.0,0.0,138.5929291,3.64e-12,0.0,0.0,1.0,98.0,0.0,138.5929291,0.0,0.0,0.0,1.0,98.0,0.0,138.5929291,0.0,-6.34e-135,0.0,1.00003717,98.0,0.0,138.5929291,7.28e-12,-4.79e-38,0.0,4.959212092,98.0,1.35e-06,138.5929291,2.57e-12,6.98e-29,3.84e-17
1.273139402,141.9036258,8258.127378,1.705200178,174.4209824,11891.65536,3.394177587,186.7322866,12927.1101,10.8871692,143.9171125,9542.944261,32.70044245,178.7698029,14347.88482,1.273139402,141.9036258,8258.127378,1.705200178,174.4209824,11891.65536,3.394177587,186.7322866,12927.1101,10.8871692,143.9171125,9542.944261,32.70044245,178.7698029,14347.88482,1.032210503,97.99993355,0.050248778,138.5920313,0.045793257,-0.000174443,-0.016235224,1.143447262,97.98810295,0.672269467,138.5368659,2.596154353,0.011258493,0.010474006,2.084387231,96.70550731,6.893113307,136.0980956,93.02047169,7.785006975,0.126293562,8.558841742,93.2955553,12.51547436,131.5272366,233.3792976,25.72931333,0.156297346,20.20239057,85.21241704,17.95566414,120.0405189,461.5140274,425.9939708,1.30555722,1.032210503,1.000431285,6.95e-06,1.143447262,0.998865248,0.000336082,2.084387231,0.961897688,0.132211611,8.558841742,2.382883281,24.58743765,20.20239057,7.686263205,107.1178277,1.032208698,98.0,0.0,138.5929291,0.0,-7.56e-40,0.0,1.143089272,98.0,0.0,138.5929291,0.0,9.599999999999999e-48,0.0,2.013381335,98.0,1.35e-06,138.5929291,2.57e-12,-6.69e-29,-3.68e-17,7.499247067,98.0,2.7e-06,138.5929291,9.09e-12,1.48e-28,2.34e-17,13.40397622,98.0,1.91e-06,138.5929291,6.56e-12,2.05e-28,4.6e-17
1.000295812,66.0,4.4e-09,1.007632735,66.0000059,7.53e-05,1.224443229,66.14078783,6.630374867,9.940370053,72.3534482,426.1979542,98.16511545,70.93324812,365.8383424,1.000295812,66.0,4.4e-09,1.007632735,66.0000059,7.53e-05,1.224443229,66.14078783,6.630374867,9.940370053,72.3534482,426.1979542,98.16511545,70.93324812,365.8383424,1.000295812,66.0,6.63e-05,122.3315168,4.46e-09,-8.05e-14,-4.44e-05,1.007632698,66.0000059,0.008678377,122.3315216,8.13e-05,-8.28e-08,-0.001722595,1.22107046,66.14131883,2.578158697,122.4670471,6.742483407,0.198630369,0.072435721,8.038705853,73.52452925,22.54752658,123.7507686,541.952081,107.1800425,0.346915014,76.31712404,71.7863204,21.25414792,117.8180227,551.7672155,69.66243155,0.184138284,1.000295812,2.345286172,0.001559922,1.007632698,2.362002341,0.039664223,1.22107046,2.688627041,0.802054854,8.038705853,2.027938206,3.256250392,76.31712404,1.915223642,3.565902181,1.0,66.0,2.13e-06,136.077184,5.82e-12,-5.42e-27,-1.33e-15,1.000000002,66.00000006,0.002288336,136.0771839,6.8e-06,-5.52e-15,-1.16e-09,1.001837387,66.07767778,2.642908616,136.0613495,7.70040435,-0.004999379,-0.001050678,2.481269278,85.71744888,37.22623549,129.4298208,1544.61099,-99.31394689,-0.102141933,18.17163138,88.38748416,38.90578121,122.5892773,1645.426353,75.20302195,0.076099096
1.000034412,66.00018538,0.002966029,1.00314851,66.01742327,0.278473548,1.308238249,67.32110746,23.98219027,10.05604568,72.02723175,427.060159,101.4846768,88.9251026,21537.30527,1.000034412,66.00018538,0.002966029,1.00314851,66.01742327,0.278473548,1.308238249,67.32110746,23.98219027,10.05604568,72.02723175,427.060159,101.4846768,88.9251026,21537.30527,1.000004459,66.0,2.34e-06,122.3315168,4.84e-08,2.34e-14,4.55e-05,1.000615985,66.00000007,0.002429023,122.3315365,0.000376754,1.72e-07,0.003649377,1.092129023,66.0741624,2.582463233,122.4821133,7.832660857,0.365461897,0.06982435,7.284237719,72.74370028,23.69508436,119.879044,639.9166114,11.34866005,0.027334133,79.60253379,94.51817896,165.2189566,138.4750319,30040.25269,659.7625211,0.035658538,1.000004459,3.554971858,1.05e-05,1.000615985,3.555909001,0.001447275,1.092129023,3.657928806,0.224296704,7.284237719,2.272445993,4.134577824,79.60253379,1.839887155,4.646845571,1.0,66.0,2.13e-06,136.077184,1.02e-11,-7.55e-27,-1.17e-15,1.000000002,66.00000007,0.002429772,136.0771839,7.44e-06,-6e-15,-1.16e-09,1.001872816,66.08084351,2.69617881,136.0621421,7.977748551,-0.005130716,-0.001049705,2.484655817,85.77042697,37.26216103,129.4407435,1547.13931,-99.15637228,-0.101860057,19.2402311,91.25929129,40.43889736,123.7149072,1757.758189,21.94214604,0.021371686
1.00239833,66.0,1.82e-12,1.02769395,66.00000001,2.79e-07,1.41284262,66.02534242,1.548612603,11.03578008,70.75574371,385.6950659,113.5592921,115.2151433,53597.64828,1.00239833,66.0,1.82e-12,1.02769395,66.00000001,2.79e-07,1.41284262,66.02534242,1.548612603,11.03578008,70.75574371,385.6950659,113.5592921,115.2151433,53597.64828,1.0,66.0,0.0,99.28059255,63.97235327,-2.59e-28,0.0,1.000000002,66.00000001,0.000413647,99.23092439,63.99004536,-2.43e-16,-7.33e-14,1.001846903,66.01396342,0.472461319,99.18318646,63.99984255,-0.000327683,-8.67e-05,2.606385011,69.84221898,6.769481733,100.6461496,75.6894755,-10.24834667,-0.195054099,19.73702286,70.7642014,7.176517067,101.0697477,77.80165079,8.048242247,0.146858278,1.0,10.00919795,9.95e-14,1.000000002,10.00919794,9.01e-08,1.001846903,9.998448464,0.095763861,2.606385011,7.812746973,22.76404968,19.73702286,7.609345801,31.11885146,1.0,66.0,0.0,99.28059255,63.97235327,-2.59e-28,0.0,1.000000002,66.00000001,0.000413647,99.23092439,63.99004536,-2.43e-16,-7.33e-14,1.001846903,66.01396342,0.472461319,99.18318646,63.99984255,-0.000327683,-8.67e-05,2.606385011,69.84221898,6.769481733,100.6461496,75.6894755,-10.24834667,-0.195054099,19.73702286,70.7642014,7.176517067,101.0697477,77.80165079,8.048242247,0.146858278
1.999837233,449.0016278,399.9999974,1.999902337,449.0009767,399.9999991,2.00003045,448.988181,404.683137,3.709917703,327.59738,30016.01062,30.04645827,280.4707281,32721.54894,1.999837233,449.0016278,399.9999974,1.999902337,449.0009767,399.9999991,2.00003045,448.988181,404.683137,3.709917703,327.59738,30016.01062,30.04645827,280.4707281,32721.54894,1.999837233,449.0016278,19.99999993,449.0016278,399.9999974,0.0,0.0,1.999902337,449.0009767,19.99999998,449.0009767,399.999999,0.0,0.0,1.999967447,449.0003256,20.0,449.0003256,399.9999999,0.0,0.0,2.428224693,450.2934291,20.08146479,450.2934291,403.2652281,0.0,0.0,14.9785149,455.355318,19.59267663,455.355318,383.8729777,0.0,0.0,1.999837233,15.00485261,225.1808443,1.999902337,15.00534115,225.1808453,1.999967447,15.00582968,225.1808458,2.428224693,14.12255498,224.3567793,14.9785149,10.6664032,205.7936834,1.999837233,449.0016278,19.99999993,449.0016278,399.9999974,0.0,0.0,1.999902337,449.0009767,19.99999998,449.0009767,399.999999,0.0,0.0,1.999967447,449.0003256,20.0,449.0003256,399.9999999,0.0,0.0,2.428224693,450.2934291,20.08146479,450.2934291,403.2652281,0.0,0.0,14.9785149,455.355318,19.59267663,455.355318,383.8729777,0.0,0.0
1.086623491,74.59251048,140.7840343,1.433753946,77.62161709,659.9712802,3.456999008,84.83422073,1649.509892,13.87512348,83.34680282,1486.107803,44.69886227,83.21720386,3385.280619,1.086623491,74.59251048,140.7840343,1.433753946,77.62161709,659.9712802,3.456999008,84.83422073,1649.509892,13.87512348,83.34680282,1486.107803,44.69886227,83.21720386,3385.280619,1.002973659,73.99703516,0.054369588,140.1305149,0.002956052,1.67e-14,1.87e-09,1.030477189,73.97042421,0.169413876,140.1164522,0.028704221,2.53e-08,7.23e-06,1.315077942,73.76012528,0.461410479,139.7796704,8.728956849,0.024567566,0.018024288,3.280605379,71.44841807,5.062683701,118.5086985,521.3365137,44.74500828,0.387317814,13.88298803,80.35405281,92.92601398,135.8298991,24231.57933,519.7052903,0.037168476,1.002973659,1.69439937,0.082789176,1.030477189,1.835228048,0.803821141,1.315077942,2.939859084,5.071537898,3.280605379,6.057964455,29.07730545,13.88298803,11.31351246,159.6895325,1.0,74.0,0.0,74.0,0.0,0.0,0.0,1.0,74.0,0.0,74.0,0.0,0.0,0.0,1.0,74.0,0.0,74.0,0.0,0.0,0.0,1.0,74.0,0.0,74.0,0.0,0.0,0.0,1.0,74.0,0.0,74.0,0.0,0.0,0.0
2.00007896,66.00135015,0.121510949,2.004569841,66.0868227,7.805000862,2.331105959,70.90155627,410.3576682,11.00948935,74.28919527,629.1635278,99.24131607,71.33186494,415.5124694,2.00007896,66.00135015,0.121510949,2.004569841,66.0868227,7.805000862,2.331105959,70.90155627,410.3576682,11.00948935,74.28919527,629.1635278,99.24131607,71.33186494,415.5124694,2.000078959,66.00135014,0.34858412,136.065446,0.257157057,-3.85e-09,-2.32e-08,2.004564188,66.08680262,2.793689542,135.9142745,8.670665986,-0.000211985,-3.9e-05,2.302122449,70.87024553,20.36179772,134.5558524,427.633401,-7.886433246,-0.037841207,8.50963116,75.76681031,27.99303692,123.4937664,844.1805174,147.7395743,0.297839351,77.01884916,72.27387962,22.696278,117.2652602,618.5585726,87.82109635,0.209099062,2.000078959,1.431925763,2.050445308,2.004564188,1.430743385,2.048206124,2.302122449,1.403807996,1.931684434,8.50963116,1.903763032,2.937338678,77.01884916,1.898047869,93313.65611,1.0,66.0,0.0,122.3315168,1.82e-12,4.64e-103,0.0,1.000000001,66.0,0.0,122.3315168,0.0,5.88e-112,0.0,1.000971761,66.0,0.0,122.3315168,1.42e-06,2.36e-39,0.0,2.085049939,66.0,9.54e-07,119.9472011,97.12298063,-1.58e-14,-1.68e-09,19.27185168,66.0,0.000185369,115.0334923,247.8442199,-1.36e-08,-4.65e-06
1.523628015,295.2665128,19426.55113,1.856227029,280.7567028,21313.16328,2.483112673,274.1394617,22033.75545,2.993109887,272.910696,22170.84212,12.37484673,233.177634,25272.91698,1.523628015,295.2665128,19426.55113,1.856227029,280.7567028,21313.16328,2.483112673,274.1394617,22033.75545,2.993109887,272.910696,22170.84212,12.37484673,233.177634,25272.91698,1.523628015,295.2665128,139.3791632,393.6770553,30298.90498,2527.39634,0.118918634,1.856227029,280.7567028,145.9902849,373.0910339,32197.33818,2238.551467,0.098703941,2.483112673,274.1394617,148.4377157,358.2409943,33018.21919,-527.7165947,-0.022670889,2.970872503,274.5043615,148.3069307,354.9044746,33032.75018,-2597.663014,-0.111572036,9.890622085,276.6746095,148.9832807,341.4937742,33638.09522,-3920.1096,-0.165504403,1.523628015,4.663069114,239.8607788,1.856227029,8.899468023,435.323528,2.483112673,15.71336899,674.7840033,2.970872503,19.69150217,771.6045134,9.890622085,17.12565418,533.7382828,1.523628015,295.2665128,139.3791632,393.6770553,30298.90498,2527.39634,0.118918634,1.856227029,280.7567028,145.9902849,373.0910339,32197.33818,2238.551467,0.098703941,2.483112673,274.1394617,148.4377157,358.2409943,33018.21919,-527.7165947,-0.022670889,2.970872503,274.5043615,148.3069307,354.9044746,33032.75018,-2597.663014,-0.111572036,9.890622085,276.6746095,148.9832807,341.4937742,33638.09522,-3920.1096,-0.165504403
1.001476564,66.0,0.0,1.02049787,66.0,3.53e-10,1.356143364,66.0020029,0.028556832,8.565620162,69.46750321,192.2432666,88.6667978,71.08486084,407.2079016,1.001476564,66.0,0.0,1.02049787,66.0,3.53e-10,1.356143364,66.0020029,0.028556832,8.565620162,69.46750321,192.2432666,88.6667978,71.08486084,407.2079016,1.000003144,66.0,1.35e-06,122.3315168,4.07e-12,1.26e-33,4.89e-22,1.000499438,66.0,1.24e-05,122.3315168,1.03e-07,-7.03e-23,-1.77e-14,1.084493197,66.00113275,0.117320082,122.3198004,0.541995224,-4.6e-06,-5.33e-05,6.186871108,69.76525449,15.78799597,121.5226895,290.9906446,-2.671006869,-0.01380662,67.52093993,71.90180419,22.69924475,119.7355635,592.3529303,26.73792287,0.068906469,1.000003144,3.655835338,5.72e-06,1.000499438,3.656504266,0.000907708,1.084493197,3.747827693,0.158444276,6.186871108,2.679765,3.897438267,67.52093993,85.12117133,124908000000.0,1.0,66.0,0.0,93.33809512,1.82e-12,3.2900000000000004e-72,0.0,1.0,66.0,0.0,93.33809514,1.89e-06,4.5099999999999996e-42,0.0,1.000030117,66.0000024,0.014683166,93.37092289,2.457837129,1.48e-11,6.44e-10,1.876288074,75.2265844,27.29950067,110.5045895,937.4935116,57.85447126,0.088863046,17.41238513,87.56322956,38.41440914,120.9137527,1600.312999,110.1732641,0.115256773
1.000000069,155.9999938,0.000559355,1.000075148,155.9932372,0.60860846,1.102220785,147.6547675,681.3222616,9.373911826,77.43874143,864.6875355,96.05776576,71.07631234,412.1940268,1.000000069,155.9999938,0.000559355,1.000075148,155.9932372,0.60860846,1.102220785,147.6547675,681.3222616,9.373911826,77.43874143,864.6875355,96.05776576,71.07631234,412.1940268,1.000000069,155.9999938,0.023650686,171.4862116,165.7487921,-5.59e-12,-1.84e-11,1.000075147,155.9932373,0.780127589,174.7357068,308.9770622,-9.94e-06,-7.25e-07,1.101065747,147.7389881,25.98551038,172.5660814,747.4012378,-12.28539132,-0.026412988,7.749135112,79.20252607,31.84212072,119.7573182,1066.764932,-183.349675,-0.316211054,74.7808809,71.94306601,22.55674731,116.7812638,787.2920777,-8.980923535,-0.016243681,1.000000069,4.829359521,1.31e-06,1.000075147,4.82913022,0.001540057,1.101065747,4.608087596,1.990228968,7.749135112,2.333120113,10.77169418,74.7808809,12181.23414,18339500000000.0,1.000000054,155.9999952,0.020882722,169.3871261,0.000436088,4.310000000000001e-109,0.0,1.000043516,155.9960837,0.59367722,169.3835238,0.352452642,3.63e-64,0.0,1.035174742,152.9418432,16.305882,166.5749309,265.8817879,-3.09e-07,-2.2e-06,2.336991103,109.7777269,44.98339748,131.3160014,2043.406028,-90.1049196,-0.118759099,17.68811178,91.05295962,40.73966588,122.8920738,1917.870343,44.06099786,0.034887607
8.892395281,159.5627685,46446.91218,10.92597559,163.3628768,48859.04707,22.53328062,142.7987798,34357.89136,65.96845254,150.7272445,60288.14158,186.7198063,188.2444956,120594.3127,8.892395281,159.5627685,46446.91218,10.92597559,163.3628768,48859.04707,22.53328062,142.7987798,34357.89136,65.96845254,150.7272445,60288.14158,186.7198063,188.2444956,120594.3127,4.231892152,251.1249767,285.5960433,288.2564897,109518.9513,13137.77413,0.170158278,5.211584637,257.2585947,291.9030624,399.236276,227941.7393,19601.57294,0.146043539,9.352452211,219.6970527,262.1031595,580.827111,341205.2989,-34178.65589,-0.225562991,15.04739278,189.7476945,230.2661555,652.6333192,362226.1474,-64893.7211,-0.470797729,15.90093425,186.7665298,226.6293267,659.0808701,363568.9715,-67595.31212,-0.497159518,4.231892152,1725049.005,2643680000000000.0,5.211584637,11895715.08,1.81e+16,9.352452211,56293622.1,8.32e+16,15.04739278,91618755.65,1.32e+17,15.90093425,95461685.99,1.37e+17,1.0,74.0,0.0,74.0,0.0,0.0,0.0,1.0,74.0,0.0,74.0,0.0,0.0,0.0,1.0,74.0,0.0,74.0,0.0,0.0,0.0,1.0,74.0,0.0,74.0,0.0,0.0,0.0,1.0,74.0,0.0,74.0,0.0,0.0,0.0
1.990050818,330.0,0.0,1.994018557,330.0,0.0,1.998003525,329.9998282,0.046382234,2.740856687,299.0987154,7374.583571,24.60044866,207.570618,15787.00627,1.990050818,330.0,0.0,1.994018557,330.0,0.0,1.998003525,329.9998282,0.046382234,2.740856687,299.0987154,7374.583571,24.60044866,207.570618,15787.00627,1.0,330.0,0.0,431.4904402,0.0,0.0,0.0,1.0,330.0,0.0,431.4904402,0.0,0.0,0.0,1.000000028,330.0,0.0,431.4904402,0.0,-8.530000000000001e-58,0.0,1.213381362,330.0,0.0,431.4904402,0.0,3.2100000000000004e-47,0.0,6.275272284,330.0,1.08e-05,431.4904402,1.17e-10,-4.7999999999999995e-28,-1.17e-17,1.0,25.07771015,0.0,1.0,25.07771015,0.0,1.000000028,25.07771015,6.82e-13,1.213381362,25.07527436,0.000131096,6.275272284,25.04332261,0.021001095,1.0,330.0,0.0,431.4904402,0.0,0.0,0.0,1.0,330.0,0.0,431.4904402,0.0,0.0,0.0,1.000000028,330.0,0.0,431.4904402,0.0,-8.530000000000001e-58,0.0,1.213381362,330.0,0.0,431.4904402,0.0,3.2100000000000004e-47,0.0,6.275272284,330.0,1.08e-05,431.4904402,1.17e-10,-4.7999999999999995e-28,-1.17e-17
7.858865798,83.33883095,1661.379138,8.25563623,85.25355344,3082.857152,16.15511989,121.2907964,28002.652,119.9967127,160.8402135,49968.33239,191.0731605,152.5904199,45519.16292,7.858865798,83.33883095,1661.379138,8.25563623,85.25355344,3082.857152,16.15511989,121.2907964,28002.652,119.9967127,160.8402135,49968.33239,191.0731605,152.5904199,45519.16292,7.816035775,83.38160091,40.8568044,594.7702627,371653.7398,22267.50723,0.894005403,8.07747634,85.34391238,55.99261172,586.9644806,367722.0045,21481.73217,0.632683714,14.88676506,123.1583118,173.7522191,456.7991711,281383.7526,7855.896744,0.085481664,111.6995397,164.4737432,230.9145752,338.6066524,149889.1179,-5753.46198,-0.06657075,164.2787661,162.0076025,228.2492553,322.3987712,136624.7126,-1990.330377,-0.024536413,7.816035775,0.236580248,0.395362401,8.07747634,0.235694029,0.393279521,14.88676506,0.177989758,0.446745292,111.6995397,0.203285338,3.385125392,164.2787661,0.980048423,31.36899265,1.0,74.0,0.0,74.0,0.0,0.0,0.0,1.0,74.0,0.0,74.0,0.0,0.0,0.0,1.0,74.0,0.0,74.0,0.0,0.0,0.0,1.0,74.0,0.0,74.0,0.0,0.0,0.0,1.0,74.0,0.0,74.0,0.0,0.0,0.0
1.0,98.0,0.0,1.0,98.0,1.6e-07,1.000509497,97.98873868,2.304617596,2.367752422,167.1946196,13728.3372,22.06709002,205.9535701,16112.75123,1.0,98.0,0.0,1.0,98.0,1.6e-07,1.000509497,97.98873868,2.304617596,2.367752422,167.1946196,13728.3372,22.06709002,205.9535701,16112.75123,1.0,98.0,0.0,114.9086594,0.0,0.0,0.0,1.0,98.0,0.000399021,114.9086594,1.59e-07,0.0,0.0,1.00047952,97.98178697,0.831723245,114.8931268,0.691763556,4.07e-50,0.0,1.56846104,84.22862024,18.26640442,103.4157054,333.6615485,-0.01738953,-0.002869215,10.84015494,77.48112459,18.93919263,113.9677139,4563.018337,122.0084538,0.095515829,1.0,11.0261209,1.42e-14,1.0,11.0261209,2e-08,1.00047952,11.03258328,0.087092036,1.56846104,15.97553978,43.1683283,10.84015494,14.43834013,137.7332566,1.0,98.0,0.0,138.5929291,1.82e-12,0.0,0.0,1.0,98.0,0.0,138.5929291,0.0,0.0,0.0,1.0,98.0,0.0,138.5929291,3.64e-12,1.0800000000000001e-132,0.0,1.000043339,98.0,0.0,138.5929291,0.0,-1.89e-38,0.0,4.986792081,98.0,2.7e-06,138.5929291,8.13e-12,1.37e-28,2.66e-17
4.979367941,66.0,1.82e-12,4.987652094,66.0,1.82e-12,5.053870947,66.00018607,0.016791609,11.64986509,68.77635867,239.1483989,101.5033254,72.771879,541.3660077,4.979367941,66.0,1.82e-12,4.987652094,66.0,1.82e-12,5.053870947,66.00018607,0.016791609,11.64986509,68.77635867,239.1483989,101.5033254,72.771879,541.3660077,4.97936779,66.0,0.0,122.3315168,4.49e-07,3.89e-23,0.0,4.987571323,66.0,2.13e-06,122.3314759,0.001798016,-5.42e-18,-6e-11,5.010642473,66.00018815,0.130128985,122.1687176,7.12635302,-0.000193806,-0.000557906,9.986838937,69.14376484,16.52439342,119.467466,346.9927086,-10.06314591,-0.04161848,78.6759718,74.07898746,25.96382122,117.8221914,758.0951252,11.23133235,0.023228596,4.97936779,1.257097602,6.438125817,4.987571323,1.265475843,6.470491921,5.010642473,1.279998357,6.502441813,9.986838937,1.7634734,7.527951408,78.6759718,1.874047587,8.321721543,1.999923984,66.0,1.35e-06,122.3315168,1.82e-12,-6.44e-241,0.0,1.99995439,66.0,0.0,122.3315168,0.0,-1.09e-40,0.0,2.000936158,66.0,0.0,122.3315168,1.42e-06,-1.91e-43,0.0,3.135047114,66.0,1.35e-06,120.3662319,81.16954752,1.96e-14,1.61e-09,19.97272245,66.00008243,0.037297276,115.7752223,229.4845843,-0.003626186,-0.006417949
2.999522512,456.3375963,374.1641395,2.99971405,456.335816,374.2171221,3.008655326,455.1916994,821.9600005,5.051912034,343.4991549,28495.90022,30.03124014,295.5212715,31677.38219,2.999522512,456.3375963,374.1641395,2.99971405,456.335816,374.2171221,3.008655326,455.1916994,821.9600005,5.051912034,343.4991549,28495.90022,30.03124014,295.5212715,31677.38219,2.999522512,456.3375963,19.34332281,456.3375963,374.1641375,0.0,0.0,2.999713481,456.3358912,19.34392346,456.3358912,374.1873747,0.0,0.0,2.999904487,456.334186,19.34452397,456.334186,374.2106075,0.0,0.0,3.428554661,456.3336075,19.34473504,456.3336075,374.2187736,0.0,0.0,15.97567945,456.3334175,19.34479692,456.3334175,374.2211679,0.0,0.0,2.999522512,9.996181245,199.9380479,2.999713481,9.99742815,199.9505222,2.999904487,9.998675132,199.9629942,3.428554661,9.999281763,199.9656018,15.97567945,10.00211163,200.0512397,2.999522512,456.3375963,19.34332281,456.3375963,374.1641375,0.0,0.0,2.999713481,456.3358912,19.34392346,456.3358912,374.1873747,0.0,0.0,2.999904487,456.334186,19.34452397,456.334186,374.2106075,0.0,0.0,3.428554661,456.3336075,19.34473504,456.3336075,374.2187736,0.0,0.0,15.97567945,456.3334175,19.34479692,456.3334175,374.2211679,0.0,0.0
1.000609334,66.00570662,0.513562383,1.016883236,66.26823327,24.06442101,1.600194777,74.29693928,666.1682029,11.16349036,74.29383111,605.8709808,103.9522905,70.9324342,361.2879512,1.000609334,66.00570662,0.513562383,1.016883236,66.26823327,24.06442101,1.600194777,74.29693928,666.1682029,11.16349036,74.29383111,605.8709808,103.9522905,70.9324342,361.2879512,1.000167867,66.00570913,0.716790622,122.3353019,0.51396447,-5.43e-05,-0.000653132,1.007175539,66.27075555,4.928964531,122.504698,24.30087001,-0.045016551,-0.012337973,1.371044696,75.49884735,27.65263388,128.1632801,765.6930064,-3.116440273,-0.017908498,8.759294901,75.40003102,27.37273122,120.9990286,820.3500818,17.01624953,0.034013778,80.40448291,71.82389359,21.13840608,117.1766311,559.9893527,29.80444108,0.076745006,1.000167867,2.644932805,0.000667369,1.007175539,2.633617874,0.026203095,1.371044696,2.274291916,0.837183319,8.759294901,1.845997511,2.8542464,80.40448291,1.817407719,3.430073619,1.0,66.0,9.54e-07,122.3315168,2.03e-12,-5.75e-298,-4.47e-286,1.000000001,66.0,1.35e-06,122.3315168,1.82e-12,-3.2100000000000004e-73,0.0,1.001030941,66.0,0.0,122.3315168,1.46e-06,3.1499999999999997e-40,0.0,2.1737409,66.00599581,0.268167344,119.9481143,97.21248046,-0.018226052,-0.006893278,21.25003403,66.86108266,3.097019308,115.8952549,239.1320117,-1.053636258,-0.022009124
2.983421535,66.0,0.0,2.990038716,66.0,7.98e-10,3.02399459,65.99963615,0.043986347,10.09736318,69.26070257,285.9659145,97.72600439,79.2079441,9315.511996,2.983421535,66.0,0.0,2.990038716,66.0,7.98e-10,3.02399459,65.99963615,0.043986347,10.09736318,69.26070257,285.9659145,97.72600439,79.2079441,9315.511996,2.983421535,66.0,0.0,122.3315168,1e-06,7.78e-24,0.0,2.990038716,66.0,2.86e-06,122.3314505,0.002912429,2.03e-13,1.32e-06,3.023467709,66.00043539,0.197951853,122.1410536,8.336299813,0.004786059,0.008374024,8.574614534,69.78312476,18.06015492,121.5857821,360.2538961,55.66682931,0.249222457,71.55564359,73.51782494,35.5892362,132.3081704,13235.87557,198.960941,0.048704787,2.983421535,1.938893622,7.576362147,2.990038716,1.943775383,7.585958578,3.023467709,1.953342551,7.570357171,8.574614534,2.075793577,561.465377,71.55564359,727166.51,1115130000000000.0,1.0,66.0,0.0,122.3315168,1.82e-12,0.0,0.0,1.000000031,66.0,0.0,122.3315168,3.64e-12,0.0,0.0,1.003156031,66.0,9.54e-07,122.3315168,2.03e-12,-4.23e-43,-3.29e-31,2.312009025,66.0,1.12e-05,122.3315168,6.28e-09,5.5799999999999996e-24,6.3e-15,18.07025043,67.31245344,15.38426303,131.4705908,12082.1985,27.1018391,0.016028421
1.0005266,66.0,2.18e-11,1.016739281,66.00000016,1.47e-05,1.536964336,66.07145164,6.458387829,10.20632656,71.10735424,444.9695124,98.79383004,70.65582563,391.605296,1.0005266,66.0,2.18e-11,1.016739281,66.00000016,1.47e-05,1.536964336,66.07145164,6.458387829,10.20632656,71.10735424,444.9695124,98.79383004,70.65582563,391.605296,1.0,66.0,0.0,93.33809512,9.09e-13,-7.6e-44,0.0,1.0,66.0,1.35e-06,93.33809512,1.86e-07,-1.24e-25,-2.14e-16,1.00002973,66.00000041,0.00256775,93.34825082,0.229571938,-1.69e-07,-0.000137399,1.935305022,67.6380638,4.85033687,97.56903912,55.66682909,4.220730534,0.122512252,17.8777439,69.98447936,6.919223387,99.90847321,73.27382657,4.649190531,0.090217124,1.0,15.04039097,0.0,1.0,15.04039097,6.54e-13,1.00002973,15.04024164,0.000753499,1.935305022,11.48017152,25.14319576,17.8777439,8.41321548,435614.0514,1.0,66.0,0.0,93.33809512,9.09e-13,-7.6e-44,0.0,1.0,66.0,1.35e-06,93.33809512,1.86e-07,-1.24e-25,-2.14e-16,1.00002973,66.00000041,0.00256775,93.34825082,0.229571938,-1.69e-07,-0.000137399,1.935305022,67.6380638,4.85033687,97.56903912,55.66682909,4.220730534,0.122512252,17.87774148,69.98447946,6.91922331,99.90847333,73.27382597,4.649190655,0.090217128
2.989374432,102.0,3.64e-12,2.993617188,102.0,3.64e-12,2.997869924,102.0,3.01e-07,3.803608206,99.03569378,107.8927617,30.22007342,92.08591009,295.7802562,2.989374432,102.0,3.64e-12,2.993617188,102.0,3.64e-12,2.997869924,102.0,3.01e-07,3.803608206,99.03569378,107.8927617,30.22007342,92.08591009,295.7802562,1.0,102.0,0.0,144.2497834,0.0,0.0,0.0,1.0,102.0,0.0,144.2497834,0.0,0.0,0.0,1.0,102.0,1.91e-06,144.2497834,5.14e-12,1.04e-39,2.86e-28,1.071664918,102.0,1.91e-06,144.2497834,3.64e-12,-2.45e-35,0.0,4.218550729,102.0,1.91e-06,144.2497834,4.07e-12,1.32e-29,5.14e-18,1.0,39.02375913,0.0,1.0,39.02375913,0.0,1.0,39.02375913,2.27e-13,1.071664918,39.02443141,3.23e-05,4.218550729,39.03841934,3718370.851,1.0,102.0,0.0,144.2497834,0.0,0.0,0.0,1.0,102.0,0.0,144.2497834,0.0,0.0,0.0,1.0,102.0,1.91e-06,144.2497834,5.14e-12,1.04e-39,2.86e-28,1.071664918,102.0,1.91e-06,144.2497834,3.64e-12,-2.45e-35,0.0,4.218550729,102.0,1.91e-06,144.2497834,4.07e-12,1.32e-29,5.14e-18
1.0,330.0,0.0,1.0,330.0,0.0,1.000000944,329.9997599,0.06481914,1.728842473,282.7131255,10531.17131,22.75162419,205.6692033,16829.50548,1.0,330.0,0.0,1.0,330.0,0.0,1.000000944,329.9997599,0.06481914,1.728842473,282.7131255,10531.17131,22.75162419,205.6692033,16829.50548,1.0,330.0,0.0,431.4904402,0.0,0.0,0.0,1.0,330.0,0.0,431.4904402,0.0,0.0,0.0,1.000000028,330.0,3.81e-06,431.4904402,1.46e-11,0.0,0.0,1.213025839,330.0,6.61e-06,431.4904402,4.37e-11,-2.63e-35,0.0,6.272617257,330.0,6.61e-06,431.4904402,4.37e-11,4.47e-29,0.0,1.0,25.10973096,0.0,1.0,25.10973096,0.0,1.000000028,25.10973096,1.76e-10,1.213025839,25.09513517,0.001029583,6.272617257,25.05483509,0.002605581,1.0,330.0,0.0,431.4904402,0.0,0.0,0.0,1.0,330.0,0.0,431.4904402,0.0,0.0,0.0,1.000000028,330.0,3.81e-06,431.4904402,1.46e-11,0.0,0.0,1.213025839,330.0,6.61e-06,431.4904402,4.37e-11,-2.63e-35,0.0,6.272617257,330.0,6.61e-06,431.4904402,4.37e-11,4.47e-29,0.0
1.0,60.00000003,8.95e-06,1.000001492,60.00040293,0.108789632,1.01814014,64.81057111,1275.712605,2.708563091,211.1962481,17962.68155,19.11463461,229.1053065,17061.82798,1.0,60.00000003,8.95e-06,1.000001492,60.00040293,0.108789632,1.01814014,64.81057111,1275.712605,2.708563091,211.1962481,17962.68155,19.11463461,229.1053065,17061.82798,1.0,60.0,0.0,84.85281374,0.0,0.0,0.0,1.0,60.0,0.0,84.85281374,0.0,0.0,0.0,1.000000008,60.0,9.54e-07,84.85281374,1.02e-12,1.57e-293,2.4400000000000002e-281,1.189653733,60.0,9.54e-07,84.85281374,9.09e-13,-2.52e-38,0.0,6.215005964,60.00000226,0.023818487,84.85281894,0.000896636,2.41e-11,3.84e-08,1.0,26.84597898,0.0,1.0,26.84597898,0.0,1.000000008,26.84597896,4.11e-08,1.189653733,26.51260573,0.601592284,6.215005964,25.3107103,0.585523751,1.0,60.0,0.0,84.85281374,0.0,0.0,0.0,1.0,60.0,0.0,84.85281374,0.0,0.0,0.0,1.000000008,60.0,9.54e-07,84.85281374,1.02e-12,1.57e-293,2.4400000000000002e-281,1.189653733,60.0,9.54e-07,84.85281374,9.09e-13,-2.52e-38,0.0,6.21500537,60.0,6.74e-07,84.85281374,6.43e-13,6.91e-29,1.52e-16
1.0,469.0,0.0,1.0,469.0,0.0,1.000000053,468.9999823,0.006246951,1.892045792,374.9491933,24303.71124,29.00174916,275.8618379,32426.95784,1.0,469.0,0.0,1.0,469.0,0.0,1.000000053,468.9999823,0.006246951,1.892045792,374.9491933,24303.71124,29.00174916,275.8618379,32426.95784,1.0,469.0,0.0,469.0,0.0,0.0,0.0,1.0,469.0,0.0,469.0,0.0,0.0,0.0,1.000000001,469.0,0.00081809,469.0,6.69e-07,0.0,0.0,1.395505965,465.410468,11.77425943,465.410468,138.6331851,0.0,0.0,13.87204234,457.2472283,18.91999536,457.2472283,357.9662243,0.0,0.0,1.0,31.15490484,0.0,1.0,31.15490484,0.0,1.000000001,31.15490482,8.12e-07,1.395505965,25.16006384,147.5686822,13.87204234,11.5266092,215.2940721,1.0,469.0,0.0,469.0,0.0,0.0,0.0,1.0,469.0,0.0,469.0,0.0,0.0,0.0,1.000000001,469.0,0.00081809,469.0,6.69e-07,0.0,0.0,1.395505965,465.410468,11.77425943,465.410468,138.6331851,0.0,0.0,13.87204234,457.2472283,18.91999536,457.2472283,357.9662243,0.0,0.0
1.059249923,66.33560591,3.914639544,1.242929524,67.16881401,12.65964193,2.216761851,68.8808547,37.55101016,71.35920462,594.7744128,418372.9505,694.3652561,1151.778692,306357.4932,1.059249923,66.33560591,3.914639544,1.242929524,67.16881401,12.65964193,2.216761851,68.8808547,37.55101016,71.35920462,594.7744128,418372.9505,694.3652561,1151.778692,306357.4932,1.0592457,66.33560724,1.978548635,149.4607812,33.23217855,-0.160151251,-0.014090335,1.242333348,67.1693749,3.558800527,146.5238755,131.288793,-1.7193095,-0.042262161,2.132348759,68.99387664,6.212229221,136.0753463,655.7851632,8.498497108,0.053467579,59.1163146,699.7983389,663.4428652,766.0406958,499115.6839,-61043.92525,-0.189671938,627.4720092,1264.630563,454.3478956,1272.032194,221975.8981,-87192.3494,-0.671793157,1.0592457,1.044995053,0.148159626,1.242333348,1.118496915,0.508751264,2.132348759,1.284162868,145.4138573,59.1163146,659439.4019,992455000000000.0,627.4720092,1665127.396,2504340000000000.0,1.000000001,66.00000001,0.000312246,150.2697574,8.59e-07,-2.16e-16,-7.48e-10,1.000005411,66.00003781,0.021299546,150.2696395,0.004812113,-5.65e-09,-3.83e-06,1.028027197,66.18306145,2.04204764,149.6830626,129.0493384,-0.131578938,-0.005673565,6.97388919,99.65643466,69.85064389,464.6394089,309770.9734,4331.381885,0.111419868,15.46033382,105.9975136,75.26558896,560.6862411,358107.0938,6342.050484,0.140816628
1.000000059,60.00001602,0.004325286,1.000060867,60.01643319,4.436690019,1.062442714,75.86864068,4032.719226,2.943106404,217.5069986,17700.0483,25.54224076,198.0797446,15936.6604,1.000000059,60.00001602,0.004325286,1.000060867,60.01643319,4.436690019,1.062442714,75.86864068,4032.719226,2.943106404,217.5069986,17700.0483,25.54224076,198.0797446,15936.6604,1.0,60.0,0.0,84.85281374,0.0,0.0,0.0,1.0,60.0,0.0,84.85281374,0.0,1.07e-249,0.0,1.000000041,60.0,0.0,84.85281374,0.0,8.41e-66,0.0,1.227081938,60.19008528,2.680878252,85.71596547,38.67024649,0.111589623,0.006752661,13.38970516,78.82346856,18.99917989,112.5538254,509.3793983,162.4957794,0.451146679,1.0,24.54968786,0.0,1.0,24.54968786,0.0,1.000000041,24.5496879,4.14e-08,1.227081938,24.55808443,3.504141545,13.38970516,11.67607538,139.0592053,1.0,60.0,0.0,84.85281374,0.0,0.0,0.0,1.0,60.0,0.0,84.85281374,0.0,0.0,0.0,1.000000041,60.0,0.0,84.85281374,0.0,-3.84e-134,0.0,1.220943774,60.0,9.54e-07,84.85281374,9.09e-13,-1.15e-32,0.0,6.757050231,60.0,9.54e-07,84.85281374,2.45e-12,-4.6600000000000004e-29,-3.24e-17
1.000030784,155.9972142,0.252174393,1.003041493,155.7244669,24.974439,1.363874752,131.6949135,1625.802155,10.24687537,76.5784385,812.8237069,99.34897026,73.4762059,2769.032602,1.000030784,155.9972142,0.252174393,1.003041493,155.7244669,24.974439,1.363874752,131.6949135,1625.802155,10.24687537,76.5784385,812.8237069,99.34897026,73.4762059,2769.032602,1.000028243,155.9974582,0.47828495,170.5935368,103.3340888,-5.41e-07,-1.11e-07,1.002601825,155.7664434,4.578814599,171.6308918,188.8937842,-0.005976023,-9.53e-05,1.28049374,136.2853886,37.22430823,156.3560937,1413.745888,-34.11687416,-0.054728365,7.463482322,79.81383344,32.44097631,119.6118092,1106.23959,-200.6494414,-0.335009321,75.88895122,75.0714654,59.97159413,120.023327,4277.646317,-33.88967979,-0.011742872,1.000028243,3.095461015,0.000187786,1.002601825,3.090675407,0.017153903,1.28049374,2.782480204,1.334445846,7.463482322,2.233207458,4.620475614,75.88895122,1.930473449,4.852963826,1.000021917,155.9980275,0.421327584,169.385314,0.177516933,-8.899999999999999e-48,0.0,1.001601269,155.8561162,3.59566965,169.2546276,12.92884023,-1.75e-27,-5.090000000000001e-22,1.116995099,146.5733169,27.55973734,160.7474333,759.5391221,-1.22e-06,-8.4e-06,2.538964842,106.6065964,44.78501987,128.388505,2022.883861,-51.11375274,-0.070359729,19.59920543,90.88772565,40.25209939,122.5003574,1727.137894,65.4937699,0.066524961
1.21697565,67.83467716,20.14592462,1.581980095,69.60686037,35.0522567,2.756922291,71.81878008,47.35826495,11.65189063,70.53913768,182.88392,98.81227182,70.87250826,356.2718845,1.21697565,67.83467716,20.14592462,1.581980095,69.60686037,35.0522567,2.756922291,71.81878008,47.35826495,11.65189063,70.53913768,182.88392,98.81227182,70.87250826,356.2718845,1.000000058,66.0,0.0,122.3315168,3.64e-12,-3.09e-35,0.0,1.000045564,66.0,2.86e-06,122.3315168,1.61e-06,-4.21e-20,-1.16e-11,1.039912391,66.00046497,0.08054209,122.295944,1.572607733,-2.64e-05,-0.000261013,7.384956168,69.45165382,15.89899065,116.6966423,377.8028347,-8.244283527,-0.030945609,75.48738456,71.49505643,21.143157,117.0758898,553.8241481,37.80416361,0.098887874,1.000000058,4.807287952,7.1e-09,1.000045564,4.807303844,5.64e-06,1.039912391,4.802603369,0.077724393,7.384956168,2.252787229,4.501585619,75.48738456,1.936464305,3.619611172,1.0,66.0,9.54e-07,122.3315168,2.03e-12,0.0,0.0,1.000000002,66.0,0.0,122.3315168,1.58e-06,2.28e-55,0.0,1.001947136,66.0,0.0,122.2988885,1.432403708,5.59e-58,0.0,2.632693037,66.0,0.000234119,114.8968858,251.0584796,-1.94e-08,-5.24e-06,19.72032247,66.08149663,0.985554597,115.1218392,246.8569613,-0.261570206,-0.016892214
3.973247917,102.0,1.82e-12,3.983870407,102.0,1.82e-12,3.994597434,101.9999997,1.06e-06,4.746070109,100.566309,50.14336766,29.51808178,94.52455185,232.9489826,3.973247917,102.0,1.82e-12,3.983870407,102.0,1.82e-12,3.994597434,101.9999997,1.06e-06,4.746070109,100.566309,50.14336766,29.51808178,94.52455185,232.9489826,1.0,102.0,0.0,144.2497834,0.0,0.0,0.0,1.0,102.0,0.0,144.2497834,0.0,0.0,0.0,1.0,102.0,0.0,144.2497834,3.64e-12,3.36e-171,0.0,1.071643129,102.0,0.0,144.2497834,1.82e-12,-9.42e-32,0.0,4.21936538,102.0,1.35e-06,144.2497834,1.82e-12,2.14e-28,0.0,1.0,39.02904487,0.0,1.0,39.02904487,0.0,1.0,39.02904487,4.55e-13,1.071643129,39.02852403,4.91e-06,4.21936538,39.02501845,0.013960195,1.0,102.0,0.0,144.2497834,0.0,0.0,0.0,1.0,102.0,0.0,144.2497834,0.0,0.0,0.0,1.0,102.0,0.0,144.2497834,3.64e-12,3.36e-171,0.0,1.071643129,102.0,0.0,144.2497834,1.82e-12,-9.42e-32,0.0,4.21936538,102.0,1.35e-06,144.2497834,1.82e-12,2.14e-28,0.0
3.630761191,76.3158575,564.2130788,4.69504817,77.54080344,706.1244847,6.674886873,78.25200697,814.2216725,15.10487301,73.34890758,539.8891933,103.533565,70.93875143,372.1319864,3.630761191,76.3158575,564.2130788,4.69504817,77.54080344,706.1244847,6.674886873,78.25200697,814.2216725,15.10487301,73.34890758,539.8891933,103.533565,70.93875143,372.1319864,3.630756927,76.31586962,23.75318118,120.4436364,700.7968263,-25.94112439,-0.053566609,4.694438437,77.54231591,26.57439566,121.6829583,808.6581491,-30.84724393,-0.058481954,6.568479487,78.47034113,28.71101812,123.1734602,896.236879,-14.73252992,-0.027359457,12.44882933,74.72145997,25.17296259,119.969133,714.1816086,27.48699693,0.060162797,81.79037086,71.73708346,21.2973975,116.8218312,564.4422545,21.16507501,0.054219721,3.630756927,0.519849914,3.835494837,4.694438437,0.766879813,5.990321323,6.568479487,1.087086197,8.580594905,12.44882933,1.525919816,10.63027686,81.79037086,1.808546737,9.859153531,1.593227818,73.53187954,5.801150324,113.9855856,337.1924819,29.53846563,0.277985274,1.945427508,72.16831002,5.997638847,113.6938427,332.9609662,35.56007023,0.325881969,2.547848114,70.70985689,5.859652785,114.0509603,319.2419872,35.7449802,0.342410004,4.166532239,68.88011458,5.125067311,114.8510966,288.6317282,24.07313913,0.277053739,22.17351922,66.84118305,3.063757123,114.8551631,263.168881,4.047315568,0.081457988
1.00084871,66.0,9.09e-13,1.014401223,66.0,2.91e-11,1.278983044,66.00042473,0.010706675,8.281090663,68.55627206,189.6352123,97.74520454,70.62281359,361.5438412,1.00084871,66.0,9.09e-13,1.014401223,66.0,2.91e-11,1.278983044,66.00042473,0.010706675,8.281090663,68.55627206,189.6352123,97.74520454,70.62281359,361.5438412,1.000000044,66.0,9.54e-07,122.3315168,3.64e-11,-1.16e-33,-2.02e-22,1.000038323,66.0,9.54e-07,122.3315166,9.62e-06,-2.81e-25,-9.5e-17,1.035757712,66.0000011,0.009965327,122.275223,2.469913226,-9.36e-09,-5.98e-07,5.708351333,68.92482204,15.95867788,118.3544718,350.0370305,-11.52977571,-0.04662267,73.22203419,71.48285444,21.48238538,117.0163535,568.2253915,-17.29649939,-0.044220325,1.000000044,4.89049984,2.18e-09,1.000038323,4.8905084,1.94e-06,1.035757712,4.892117844,0.02583331,5.708351333,2.951212843,4.915730095,73.22203419,2.00041752,4.782837968,1.0,66.0,0.0,122.3315168,1.82e-12,-8.210000000000001e-73,0.0,1.000000001,66.0,0.0,122.3315168,3.64e-12,-3.58e-37,0.0,1.000974328,66.0,9.54e-07,122.3315168,1.42e-06,-2.7200000000000003e-26,-2.4e-17,2.070623247,66.0,0.0,120.3506945,81.76963562,-1.14e-14,0.0,18.75804297,66.02323926,0.527570904,115.7796641,229.6836008,-0.372510266,-0.046589985
1.000000484,60.00000201,0.000604684,1.000192728,60.00383783,1.18292036,1.105408946,66.69941382,2049.781733,3.737833041,142.5065349,18471.53065,15.03834738,178.6729259,22145.76737,1.000000484,60.00000201,0.000604684,1.000192728,60.00383783,1.18292036,1.105408946,66.69941382,2049.781733,3.737833041,142.5065349,18471.53065,15.03834738,178.6729259,22145.76737,1.0,60.0,0.0,84.85281374,0.0,0.0,0.0,1.0,60.0,0.0,84.85281374,0.0,0.0,0.0,1.0,60.0,0.0,84.85281374,0.0,0.0,0.0,1.015906415,60.0,6.74e-07,84.85281374,6.43e-13,-5.2e-55,-1.1399999999999998e-42,2.648388164,60.0,6.74e-07,84.85281374,6.43e-13,5.98e-30,1.31e-17,1.0,59.96841621,0.0,1.0,59.96841621,0.0,1.0,59.96841621,0.0,1.015906415,59.97851404,0.567155406,2.648388164,69.60142609,366.4812771,1.0,60.0,0.0,84.85281374,0.0,0.0,0.0,1.0,60.0,0.0,84.85281374,0.0,0.0,0.0,1.0,60.0,0.0,84.85281374,0.0,0.0,0.0,1.015906415,60.0,6.74e-07,84.85281374,6.43e-13,-5.2e-55,-1.1399999999999998e-42,2.648388164,60.0,6.74e-07,84.85281374,6.43e-13,5.98e-30,1.31e-17
3.348990485,178.4687561,15257.14049,3.699580939,185.7119636,15429.07407,4.807186114,178.9926302,14364.79103,8.796003514,155.8892622,11603.97919,29.2345641,188.513376,15238.88528,3.348990485,178.4687561,15257.14049,3.699580939,185.7119636,15429.07407,4.807186114,178.9926302,14364.79103,8.796003514,155.8892622,11603.97919,29.2345641,188.513376,15238.88528,2.02360644,79.22164505,18.99870715,126.016146,360.9508735,2.16e-274,0.0,2.137091678,80.21882552,18.96086666,126.6454104,359.5144643,4.7200000000000004e-29,1.85e-24,2.96517453,85.18455197,17.96528088,129.847618,322.7513169,-0.000207534,-0.000415532,6.387081206,90.22245336,15.33155376,131.6210603,247.5475579,34.0113324,0.251762053,16.69363392,82.22292533,18.72465627,117.3067622,498.6433932,473.1276237,1.341889862,2.02360644,0.506996569,0.248718046,2.137091678,0.533407295,0.250682358,2.96517453,0.8096382,2.321537259,6.387081206,3.535434513,42.99203484,16.69363392,9.359307024,131.9527984,1.0,60.0,0.0,84.85281374,0.0,0.0,0.0,1.0,60.0,0.0,84.85281374,0.0,0.0,0.0,1.000001055,60.0,6.74e-07,84.85281374,4.55e-13,-1.28e-67,0.0,1.307258473,60.0,0.0,84.85281374,4.55e-13,-1.56e-29,0.0,6.930485756,60.0,1.51e-06,84.85281374,2.27e-12,5.310000000000001e-29,0.0
3.999804178,102.0,1.82e-12,3.999882504,102.0,0.0,3.999966021,101.9999948,2.08e-05,4.869716318,100.3936641,54.3326227,30.96597924,93.13447153,268.5912302,3.999804178,102.0,1.82e-12,3.999882504,102.0,0.0,3.999966021,101.9999948,2.08e-05,4.869716318,100.3936641,54.3326227,30.96597924,93.13447153,268.5912302,1.0,102.0,0.0,144.2497834,0.0,0.0,0.0,1.0,102.0,0.0,144.2497834,0.0,0.0,0.0,1.0,102.0,1.35e-06,144.2497834,1.82e-12,-7.299999999999999e-52,0.0,1.077690439,102.0,0.0,144.2497834,1.82e-12,6.56e-33,0.0,4.227328741,102.0,9.25e-06,144.2497834,9.68e-11,1.43e-22,2.29e-12,1.0,37.77532911,0.0,1.0,37.77532911,0.0,1.0,37.77532911,2.82e-11,1.077690439,37.95451094,0.421533409,4.227328741,38.94368915,109957.7592,1.0,102.0,0.0,144.2497834,0.0,0.0,0.0,1.0,102.0,0.0,144.2497834,0.0,0.0,0.0,1.0,102.0,1.35e-06,144.2497834,1.82e-12,-7.299999999999999e-52,0.0,1.077690439,102.0,0.0,144.2497834,1.82e-12,6.56e-33,0.0,4.227328741,102.0,9.25e-06,144.2497834,9.68e-11,1.43e-22,2.29e-12
1.005041017,81.91974828,1.277587124,1.041833688,81.35753756,9.866641213,1.37289622,77.67310911,51.99010812,10.4648267,72.70677845,374.4091294,101.1458019,70.89818554,348.7915739,1.005041017,81.91974828,1.277587124,1.041833688,81.35753756,9.866641213,1.37289622,77.67310911,51.99010812,10.4648267,72.70677845,374.4091294,101.1458019,70.89818554,348.7915739,1.0,82.0,9.54e-07,105.2615789,9.09e-13,3.66e-125,0.0,1.000000001,81.99999998,0.000578307,105.2615789,3.34e-07,-7.51e-67,0.0,1.001093215,81.98252767,0.528443019,105.2479686,0.279252024,-1.77e-11,-1.27e-08,1.94910133,75.00747878,7.936308116,101.131987,68.13655164,-3.84136229,-0.094943107,17.19716818,70.46154072,7.174673401,99.73196602,73.38565303,1.872665176,0.036090392,1.0,9.837250948,5.68e-14,1.000000001,9.837250955,3.52e-08,1.001093215,9.842919392,0.029392369,1.94910133,10.821192,11.57169092,17.19716818,8.739287582,27.64148427,1.0,82.0,9.54e-07,105.2615789,9.09e-13,2.79e-66,0.0,1.000000001,81.99999998,0.000578307,105.2615789,3.34e-07,-2.81e-40,0.0,1.001093215,81.98252767,0.528443019,105.2479686,0.279252024,-1.37e-11,-9.81e-09,1.94910133,75.00747878,7.936308116,101.131987,68.13655164,-1.783119866,-0.044071589,17.19716818,70.46154072,7.174673401,99.73196602,73.38565303,2.565395878,0.049440842
2.950885264,400.986319,5119.836491,3.677730707,381.0280709,5725.162863,6.964956762,342.7855508,4659.315437,51.64706961,306.2177188,1160.841645,383.5159635,288.9093788,15661.63948,2.950885264,400.986319,5119.836491,3.677730707,381.0280709,5725.162863,6.964956762,342.7855508,4659.315437,51.64706961,306.2177188,1160.841645,383.5159635,288.9093788,15661.63948,1.999992563,449.0000744,20.0,449.0000744,400.0,0.0,0.0,1.999995538,449.0000446,20.0,449.0000446,400.0,0.0,0.0,1.999998515,449.0000149,20.0,449.0000149,400.0,0.0,0.0,2.428360336,450.2939734,20.08148217,450.2939734,403.2659262,0.0,0.0,14.07449919,452.1794195,35.03097799,452.1794195,1227.169419,0.0,0.0,1.999992563,15.00329376,225.1004331,1.999995538,15.00331607,225.1004331,1.999998515,15.00333838,225.1004331,2.428360336,14.11966013,224.2664407,14.07449919,48651.44165,74622600000000.0,1.999992563,449.0000744,20.0,449.0000744,400.0,0.0,0.0,1.999995538,449.0000446,20.0,449.0000446,400.0,0.0,0.0,1.999998515,449.0000149,20.0,449.0000149,400.0,0.0,0.0,2.428360326,450.2939744,20.08147492,450.2939744,403.265635,0.0,0.0,13.36044161,455.2358786,19.61945253,455.2358786,384.9229177,0.0,0.0
1.000000312,66.00000177,2.44e-05,1.000237485,66.00115554,0.017083576,1.200940819,66.60802444,9.715634986,11.08699939,68.57892733,107.2165394,97.93817706,70.43642022,336.0309179,1.000000312,66.00000177,2.44e-05,1.000237485,66.00115554,0.017083576,1.200940819,66.60802444,9.715634986,11.08699939,68.57892733,107.2165394,97.93817706,70.43642022,336.0309179,1.000000282,66.00000195,0.004831198,122.3315178,2.33e-05,-2.34e-16,-7.24e-10,1.000204334,66.00133439,0.126533967,122.3322327,0.016011821,-6.36e-09,-3.78e-06,1.154954872,66.79312556,2.981351926,122.5968686,11.44637837,-0.131198643,-0.016386425,8.667267404,69.19574227,11.02611808,116.5765794,293.3166934,12.17328597,0.067574473,75.37518552,71.32535397,20.41624206,117.2604813,523.8747523,18.9068524,0.051985521,1.000000282,4.700844813,5.03e-06,1.000204334,4.700027488,0.003580895,1.154954872,4.178130187,1.986128439,8.667267404,1.905618043,4.039442589,75.37518552,1.93963209,3.701542774,1.0,66.0,0.0,122.3315168,0.0,-1.0199999999999999e-134,0.0,1.000000002,66.0,0.0,122.3315168,1.41e-06,2.2400000000000002e-58,0.0,1.001882106,66.0,1.35e-06,122.3001281,1.37803903,-5.28e-16,-3.34e-10,2.525519967,66.00003763,0.021250571,115.8331088,227.95503,-0.000373771,-0.001164957,19.57856325,66.23209315,1.652649561,115.747485,233.5815542,1.237605415,0.049000104
1.594720643,72.00181438,64.77996185,1.77082511,73.46801269,128.2949151,2.717833505,79.82317638,662.7308837,12.09269667,74.19710329,599.6903057,98.67559241,70.74670809,375.9650215,1.594720643,72.00181438,64.77996185,1.77082511,73.46801269,128.2949151,2.717833505,79.82317638,662.7308837,12.09269667,74.19710329,599.6903057,98.67559241,70.74670809,375.9650215,1.591772757,71.94831396,7.732437157,109.0896873,59.79058439,-5.83e-14,0.0,1.729949779,72.75117659,7.901926353,109.6208634,62.44044009,-9.21e-08,-2.06e-05,1.901368935,73.57677834,7.988797371,110.1577136,63.82147547,-0.087558872,-0.020904146,2.92786486,71.93352917,7.728499099,104.2746084,85.93218905,1.541139143,0.025370239,18.02166458,70.21976348,7.050518552,100.2905279,76.59073806,6.926306778,0.128696962,1.591772757,3.75560915,21.95182105,1.729949779,4.242083704,22.92470268,1.901368935,4.749978656,23.4748129,2.92786486,7.180369749,33.20121158,18.02166458,8.343404641,30.82634816,1.591772757,71.94831396,7.732437157,109.0896873,59.79058439,-5.83e-14,0.0,1.729949779,72.75117659,7.901926353,109.6208634,62.44044009,-9.21e-08,-2.06e-05,1.901368935,73.57677834,7.988797371,110.1577136,63.82147547,-0.087558872,-0.020904146,2.92786486,71.93352917,7.728499099,104.2746084,85.93218905,1.541139143,0.025370239,18.02166458,70.21976348,7.050518552,100.2905279,76.59073806,6.926306778,0.128696962
1.0,330.0,0.0,1.0,330.0,0.0,1.000000058,330.0,4.63e-06,2.154189903,249.0581621,12986.33955,38.51153036,168.7052621,18036.09347,1.0,330.0,0.0,1.0,330.0,0.0,1.000000058,330.0,4.63e-06,2.154189903,249.0581621,12986.33955,38.51153036,168.7052621,18036.09347,1.0,330.0,0.0,431.4904402,0.0,0.0,0.0,1.0,330.0,0.0,431.4904402,0.0,0.0,0.0,1.000000028,330.0,0.0,431.4904402,1.46e-11,7.56e-96,0.0,1.213500384,330.0,5.39e-06,431.4904402,2.91e-11,-5.3899999999999995e-61,0.0,6.271914922,330.0,3.81e-06,431.4904402,2.06e-11,2.5900000000000003e-27,1.78e-16,1.0,25.06851006,0.0,1.0,25.06851006,0.0,1.000000028,25.06851006,0.0,1.213500384,25.06864021,7.49e-06,6.271914922,25.05790294,0.003699217,1.0,330.0,0.0,431.4904402,0.0,0.0,0.0,1.0,330.0,0.0,431.4904402,0.0,0.0,0.0,1.000000028,330.0,0.0,431.4904402,1.46e-11,7.56e-96,0.0,1.213500384,330.0,5.39e-06,431.4904402,2.91e-11,-5.3899999999999995e-61,0.0,6.271914922,330.0,3.81e-06,431.4904402,2.06e-11,2.5900000000000003e-27,1.78e-16
1.000120484,65.99966003,0.002039702,1.005872646,65.98311065,0.101050866,1.306893495,65.35049984,3.475152812,8.692353553,66.90289234,120.401514,94.03741061,70.05195072,379.1610259,1.000120484,65.99966003,0.002039702,1.005872646,65.98311065,0.101050866,1.306893495,65.35049984,3.475152812,8.692353553,66.90289234,120.401514,94.03741061,70.05195072,379.1610259,1.0,66.0,0.0,122.3315168,3.66e-08,-3.32e-47,0.0,1.000000638,66.0,0.0,122.3315027,0.000620693,1.75e-27,0.0,1.020545421,66.00000002,0.001209013,122.0971801,10.22430722,2.98e-07,7.7e-05,6.214135275,67.75117954,12.43139289,118.796074,243.3924752,24.79439831,0.14544996,69.89690456,71.0859908,20.84711699,121.896078,495.7105131,34.58881647,0.107450275,1.0,7.111220121,9.85e-10,1.000000638,7.111216575,2.44e-05,1.020545421,7.009364248,0.726545974,6.214135275,2.921984636,11.85525363,69.89690456,3109.709408,4767820000000.0,1.0,66.0,0.0,122.3315168,0.0,-1.9e-101,0.0,1.000000087,66.0,0.0,122.3315168,3.64e-12,2.52e-181,0.0,1.004437404,66.0,0.0,122.3315168,0.0,-3.5199999999999997e-106,0.0,2.343885476,66.0,9.54e-07,122.3315168,9.09e-13,-5.44e-29,0.0,18.36090829,66.00634691,0.995767508,122.3688822,49.43981746,0.000491304,7.02e-05
1.938030617,66.00000429,0.000399196,1.974773552,66.00267784,0.252155114,2.340627095,67.42979743,134.928882,11.13288379,73.57590906,560.9174019,103.8581179,71.53790345,374.7121337,1.938030617,66.00000429,0.000399196,1.974773552,66.00267784,0.252155114,2.340627095,67.42979743,134.928882,11.13288379,73.57590906,560.9174019,103.8581179,71.53790345,374.7121337,1.937341314,66.00000443,0.019963237,122.3315199,0.000398739,5.55e-12,7.75e-08,1.962057912,66.00281216,0.503077316,122.333397,0.253180811,3.63e-07,8.69e-06,2.073755001,67.71128255,12.29174227,123.4368195,151.1481393,-0.338576601,-0.013281567,8.699606762,75.92552818,26.16701923,125.8861236,705.3369152,-10.88374332,-0.031964883,81.32007212,72.63073968,21.41169835,119.1975805,545.2228875,7.519622866,0.020443877,1.937341314,2.203183269,5.09109756,1.962057912,2.232375805,5.094531114,2.073755001,2.265925612,5.137364393,8.699606762,2.027003827,8.359686979,81.32007212,1.816351843,9.116335183,1.0,66.0,0.0,122.3315168,0.0,1.57e-139,0.0,1.000000001,66.0,0.0,122.3315168,0.0,2.9799999999999998e-84,0.0,1.001048794,66.00000015,0.001357009,122.3315169,1.84e-06,-6.09e-18,-1.17e-10,2.528428798,68.08220467,4.544323904,122.6632765,40.45062285,-1.507714159,-0.056256392,22.17217305,67.90374298,4.384139419,118.2476503,191.7543449,5.165594228,0.085302097
1.0,102.0,0.0,1.0,102.0,1.2e-10,1.000043413,101.9982243,0.074386611,2.09184229,87.89837,418.4993601,28.96383703,92.18123214,684.0418926,1.0,102.0,0.0,1.0,102.0,1.2e-10,1.000043413,101.9982243,0.074386611,2.09184229,87.89837,418.4993601,28.96383703,92.18123214,684.0418926,1.0,102.0,0.0,144.2497834,0.0,0.0,0.0,1.0,102.0,0.0,144.2497834,0.0,0.0,0.0,1.0,102.0,1.35e-06,144.2497834,1.82e-12,-1.7399999999999999e-180,0.0,1.071626843,102.0,1.35e-06,144.2497834,4.07e-12,-4.85e-34,-1.89e-22,4.219475949,102.0,2.34e-06,144.2497834,7.72e-12,-1.14e-28,-2.09e-17,1.0,39.03120899,0.0,1.0,39.03120899,0.0,1.0,39.03120899,4.55e-13,1.071626843,39.0315848,6.1e-06,4.219475949,39.02390043,7383.320291,1.0,102.0,0.0,144.2497834,0.0,0.0,0.0,1.0,102.0,0.0,144.2497834,0.0,0.0,0.0,1.0,102.0,1.35e-06,144.2497834,1.82e-12,-1.7399999999999999e-180,0.0,1.071626843,102.0,1.35e-06,144.2497834,4.07e-12,-4.85e-34,-1.89e-22,4.219475949,102.0,2.34e-06,144.2497834,7.72e-12,-1.14e-28,-2.09e-17
1.000000019,66.0,1.42e-08,1.000023751,66.00000794,0.000714373,1.043606005,66.38371959,34.40256101,9.33902754,72.37543271,521.8742906,94.46450529,70.9189323,378.4370683,1.000000019,66.0,1.42e-08,1.000023751,66.00000794,0.000714373,1.043606005,66.38371959,34.40256101,9.33902754,72.37543271,521.8742906,94.46450529,70.9189323,378.4370683,1.000000019,66.0,0.000118969,122.3315168,1.42e-08,5.1200000000000005e-21,2.16e-12,1.000023747,66.00000794,0.026727754,122.3315219,0.000714582,9.99e-12,8.98e-08,1.041933036,66.38449095,5.869953368,122.5407169,34.51528147,0.000700498,8.4e-05,7.626989968,73.53482933,24.92711348,120.3019706,688.2247296,-8.067354076,-0.018813863,73.42142703,71.63251323,21.66117136,117.48712,569.5892859,44.38666408,0.114031034,1.000000019,5.125071952,1.32e-07,1.000023747,5.125009658,0.000164393,1.041933036,5.002700692,0.398861282,7.626989968,2.169597481,4.168858117,73.42142703,1.991290351,3.710289896,1.0,66.0,0.0,122.3315168,1.82e-12,-9.21e-149,0.0,1.000000002,66.0,9.54e-07,122.3315168,1.46e-06,-5.5500000000000005e-22,-4.83e-13,1.00187343,66.0,0.0,122.299779,1.393350125,-4.7299999999999995e-34,0.0,2.52439476,66.0,5.39e-06,115.8325142,227.969943,-7.06e-12,-8.66e-08,19.04284354,66.11888346,1.18847305,116.048004,224.0980551,-0.411907084,-0.023152356
1.71202603,300.000001,0.000157237,2.436574272,300.0016548,0.263005341,5.855043177,301.6409074,257.8802211,48.76653221,305.5676637,1577.819704,317.2790277,278.8536696,26620.14732,1.71202603,300.000001,0.000157237,2.436574272,300.0016548,0.263005341,5.855043177,301.6409074,257.8802211,48.76653221,305.5676637,1577.819704,317.2790277,278.8536696,26620.14732,1.712026019,300.0,0.0,599.4672635,2.57e-08,7.52e-25,0.0,2.43654852,300.0,0.0,599.4672584,0.002636168,-3.8e-19,0.0,5.793618241,299.999999,0.009771491,599.132212,173.1915504,1.72e-05,0.000133781,46.33510118,298.5646703,17.78572459,578.1842176,9966.302432,80.7345433,0.045481024,261.0109724,293.5213807,154.2218323,558.9017961,41954.28242,1584.352944,0.055260229,1.712026019,0.253151866,7.59e-06,2.43654852,0.25423749,0.000179464,5.793618241,0.274807041,0.004449615,46.33510118,11.04119391,16455351059.0,261.0109724,1319105.133,2022090000000000.0,1.712026019,300.0,0.0,599.4672635,2.57e-08,7.52e-25,0.0,2.43654852,300.0,0.0,599.4672584,0.002636168,-3.8e-19,0.0,5.793618241,299.999999,0.009771491,599.132212,173.1915504,1.72e-05,0.000133781,46.33510118,298.5646703,17.78572459,578.1842176,9966.302432,80.7345433,0.045481024,261.0109724,293.5213807,154.2218323,558.9017961,41954.28242,1584.352944,0.055260229
1.0,204.0,1.02e-10,1.000000002,204.0000005,0.000129922,1.002632912,204.6626581,167.7619917,3.010803669,338.238638,19164.84072,30.87366237,287.8669795,32673.72686,1.0,204.0,1.02e-10,1.000000002,204.0000005,0.000129922,1.002632912,204.6626581,167.7619917,3.010803669,338.238638,19164.84072,30.87366237,287.8669795,32673.72686,1.0,204.0,0.0,274.0529146,0.0,0.0,0.0,1.0,204.0,0.0,274.0529146,0.0,0.0,0.0,1.000000002,203.9999998,0.004593058,274.0529145,2.11e-05,2.09e-75,0.0,1.288101936,188.4259442,43.66541521,262.6658266,1906.668485,-4.26e-10,-1.28e-08,10.14773418,144.0962067,73.05342399,270.7618507,46684.99155,-1057.848474,-0.067239184,1.0,29.74970698,0.0,1.0,29.74970698,0.0,1.000000002,29.74970695,9.63e-07,1.288101936,26.41963041,87.02743658,10.14773418,34.63274548,93886.48171,1.0,204.0,0.0,274.0529146,0.0,0.0,0.0,1.0,204.0,0.0,274.0529146,0.0,0.0,0.0,1.000000002,203.9999998,0.004593058,274.0529145,2.11e-05,-3.6e-84,0.0,1.288101936,188.4259442,43.66541521,262.6658266,1906.668485,3.69e-09,1.11e-07,10.14773418,144.0962067,73.05342399,270.7618507,46684.99155,-1067.246514,-0.067836544
4.074090859,113.95965,9695.080116,4.967604252,126.9990523,22805.86077,9.345509503,189.2574493,67856.56477,31.24676249,272.682729,123054.1069,62.56558312,288.6328654,92775.05551,4.074090859,113.95965,9695.080116,4.967604252,126.9990523,22805.86077,9.345509503,189.2574493,67856.56477,31.24676249,272.682729,123054.1069,62.56558312,288.6328654,92775.05551,4.070414882,113.9655664,98.47614788,864.2922002,83364.68812,2498.114477,0.08815957,4.879770877,127.301377,151.9238093,826.1801584,111116.9191,-15514.04963,-0.309740395,7.169885133,212.7484188,289.5353067,718.3234732,198026.0935,-62105.80361,-0.506420618,21.18498833,338.7676029,401.6149795,600.2208851,259791.5137,-37284.05314,-0.205714461,35.04483226,298.8754675,371.3613155,523.6048029,223870.8251,18402.32817,0.118001855,4.070414882,0.179195342,0.107036593,4.879770877,0.191969296,0.117013478,7.169885133,0.262589942,0.160742024,21.18498833,1.068373791,18.36424813,35.04483226,25510.70919,39132300000000.0,4.070414882,113.9655664,98.47614788,864.2922002,83364.68812,2498.114477,0.08815957,4.879770877,127.301377,151.9238093,826.1801584,111116.9191,-15514.04963,-0.309740395,7.169885133,212.7484188,289.5353067,718.3234732,198026.0935,-62105.80361,-0.506420618,21.18498833,338.7676029,401.6149795,600.2208851,259791.5137,-37284.05314,-0.205714461,35.04483226,298.8754675,371.3613155,523.6048029,223870.8251,18402.32817,0.118001855
1.075401583,107.3371392,2079.034132,1.343006564,132.641745,6836.834341,2.912354206,172.016248,11693.36631,8.271523798,159.7518679,10864.89362,28.71647232,191.1761625,14928.29381,1.075401583,107.3371392,2079.034132,1.343006564,132.641745,6836.834341,2.912354206,172.016248,11693.36631,8.271523798,159.7518679,10864.89362,28.71647232,191.1761625,14928.29381,1.032120659,98.0,1.91e-06,138.5929291,3.64e-12,-3.48e-34,0.0,1.142471689,98.0,1.35e-06,138.5929291,4.07e-12,4.8600000000000004e-29,1.89e-17,1.983209594,97.99999054,0.018957398,138.5929092,0.00079728,2.74e-08,5.42e-05,6.023428504,96.21097515,8.048747374,135.8134471,100.4819027,44.75274438,0.634425914,16.26955704,84.96991856,18.03774022,119.5853244,478.2338703,486.9336001,1.441933355,1.032120659,1.001193297,1.87e-07,1.142471689,1.00118225,0.000651101,1.983209594,1.11083276,1.522274594,6.023428504,3.666559412,41.73636262,16.26955704,9.592049987,129.5011188,1.032120659,98.0,1.91e-06,138.5929291,3.64e-12,-3.37e-43,0.0,1.142471689,98.0,1.35e-06,138.5929291,4.07e-12,4.91e-30,1.91e-18,1.9832091,98.0,1.35e-06,138.5929291,4.07e-12,-4.2600000000000004e-29,-1.66e-17,5.739847892,98.0,2.7e-06,138.5929291,7.5e-12,-1.94e-28,-5.34e-17,10.69077669,98.0,1.35e-06,138.5929291,9.28e-12,9.2e-28,2.26e-16
1.297347831,69.66713609,45.22632866,1.483307117,71.20954677,56.22581936,1.925811289,72.357264,64.88367409,10.29986433,70.5036447,296.6392069,98.40593889,71.39158793,400.522811,1.297347831,69.66713609,45.22632866,1.483307117,71.20954677,56.22581936,1.925811289,72.357264,64.88367409,10.29986433,70.5036447,296.6392069,98.40593889,71.39158793,400.522811,1.297347095,69.66713991,6.725051929,103.5555292,72.87941685,-14.03669774,-0.276099503,1.483030816,71.2110833,7.498129344,103.8633705,83.26221899,-21.12182524,-0.359454988,1.811054624,72.93172252,7.928353122,104.1930323,89.58528843,-26.85224361,-0.423920497,3.277506878,71.41831085,7.571980002,101.2276312,82.18865265,3.684846988,0.063416177,18.61008547,70.21796872,7.04490381,99.97477981,74.7980477,3.834171913,0.072753998,1.297347095,1.390714499,3.642808361,1.483030816,1.829078422,4.530600777,1.811054624,2.531291802,7.313035998,3.277506878,6.287150579,32.29553116,18.61008547,8.076106319,31.00674826,1.297347095,69.66713991,6.725051929,103.5555292,72.87941685,-14.03669774,-0.276099503,1.483030816,71.2110833,7.498129344,103.8633705,83.26221899,-21.12182524,-0.359454988,1.811054624,72.93172252,7.928353122,104.1930323,89.58528843,-26.85224361,-0.423920497,3.277506878,71.41831085,7.571980002,101.2276312,82.18865265,3.684846988,0.063416177,18.61008547,70.21796872,7.04490381,99.97477981,74.7980477,3.834171913,0.072753998
1.00008045,65.99999983,1.03e-06,1.003523017,65.99982169,0.001069837,1.186941101,65.84307753,0.916911438,8.078806175,66.84560322,111.9216903,100.1903663,70.45568237,321.3774675,1.00008045,65.99999983,1.03e-06,1.003523017,65.99982169,0.001069837,1.186941101,65.84307753,0.916911438,8.078806175,66.84560322,111.9216903,100.1903663,70.45568237,321.3774675,1.0,66.0,0.0,102.1829172,300.1122992,-2.4400000000000004e-56,0.0,1.000000005,66.0,0.0,107.2184017,342.2499925,7.810000000000001e-22,0.0,1.004162666,66.0,0.000521061,112.4100932,300.0693346,3.26e-08,3.61e-06,5.374684671,68.09828314,12.23375714,116.8108757,294.6983742,32.58813971,0.167185292,76.43138407,71.55650063,19.99901808,117.8343208,507.3804149,47.37173639,0.134059318,1.0,9.639943123,4.26e-13,1.000000005,9.639943087,3.39e-07,1.004162666,9.61002164,0.286017779,5.374684671,3.555705036,18.08313123,76.43138407,1.93372448,9.828278349,1.0,66.0,0.0,122.3315168,1.82e-12,-5.75e-147,0.0,1.000000001,66.0,0.0,122.3315168,0.0,-2.69e-87,0.0,1.00097045,66.0,1.41e-05,122.3315168,1.37e-06,-2.35e-21,-1.42e-13,2.136050376,66.37197827,2.079752729,120.6787222,77.08969771,-0.693999002,-0.038035691,20.43444818,67.02250583,3.350400373,116.9504266,213.9827039,3.547165481,0.072426016
1.298702229,267.8998511,12910.61172,1.484331904,241.9000179,16025.38832,1.785323117,211.2331372,17961.48526,2.713672802,202.134881,18174.09347,18.71894987,226.529173,17230.91125,1.298702229,267.8998511,12910.61172,1.484331904,241.9000179,16025.38832,1.785323117,211.2331372,17961.48526,2.713672802,202.134881,18174.09347,18.71894987,226.529173,17230.91125,1.0,330.0,0.0,431.4904402,0.0,0.0,0.0,1.0,330.0,0.0,431.4904402,0.0,0.0,0.0,1.000000029,330.0,0.0,431.4904402,2.91e-11,0.0,0.0,1.214271147,330.0,0.0,431.4904402,0.0,-2.82e-44,0.0,6.272683082,330.0,3.81e-06,431.4904402,2.06e-11,1.48e-27,1.02e-16,1.0,25.02003288,0.0,1.0,25.02003288,0.0,1.000000029,25.02003288,6.48e-12,1.214271147,25.02582954,0.000532369,6.272683082,25.05454989,0.003165173,1.0,330.0,0.0,431.4904402,0.0,0.0,0.0,1.0,330.0,0.0,431.4904402,0.0,0.0,0.0,1.000000029,330.0,0.0,431.4904402,2.91e-11,0.0,0.0,1.214271147,330.0,0.0,431.4904402,0.0,-2.82e-44,0.0,6.272683082,330.0,3.81e-06,431.4904402,2.06e-11,1.48e-27,1.02e-16
2.03336131,66.0,1.82e-12,2.136482511,66.0,1.13e-08,2.551206751,66.00286166,0.046112312,10.02570498,68.82689668,194.3345169,103.7866831,70.92019658,370.8072694,2.03336131,66.0,1.82e-12,2.136482511,66.0,1.13e-08,2.551206751,66.00286166,0.046112312,10.02570498,68.82689668,194.3345169,103.7866831,70.92019658,370.8072694,1.996175004,66.0,1.35e-06,122.3315168,5.97e-09,-6.61e-32,-6.35e-22,1.997733521,66.0,1.35e-06,122.331512,0.000208861,-2.4e-24,-1.23e-16,2.032548596,66.00000564,0.022524051,122.1738951,6.897009176,-3.57e-08,-6.03e-07,7.439270304,68.88655967,15.67644397,115.6900348,394.8285882,-13.97128465,-0.05069818,80.38828154,71.80538473,21.43122827,116.3411733,576.4881375,10.71635995,0.026789189,1.996175004,2.496979767,6.253305806,1.997733521,2.498934263,6.253320135,2.032548596,2.537971791,6.247979244,7.439270304,2.238116702,4.546987136,80.38828154,1.8185097,3.643271607,1.0,66.0,0.0,122.3315168,1.82e-12,-1.03e-42,0.0,1.000000001,66.0,0.0,122.3315167,1.78e-06,8.68e-68,0.0,1.000979661,66.0,0.0,122.2975981,1.488995397,6.26e-19,0.0,2.335532647,66.00000063,0.002748655,114.6019477,257.8144755,-2.56e-05,-0.000579834,20.51938068,66.13105653,1.247197873,113.9835741,272.7282141,0.415906999,0.020192931
1.01112467,65.93398692,0.391722647,1.067343681,65.622026,2.137949378,1.500385424,65.07559172,72.07510086,10.13384578,72.19544742,555.8664192,98.1408926,70.91784299,398.1930094,1.01112467,65.93398692,0.391722647,1.067343681,65.622026,2.137949378,1.500385424,65.07559172,72.07510086,10.13384578,72.19544742,555.8664192,98.1408926,70.91784299,398.1930094,1.00000009,66.00000002,0.001333042,122.3792007,0.902855951,2.99e-16,2.36e-13,1.000081621,66.00014419,0.11391614,122.6692234,6.254791514,1.33e-08,4.66e-08,1.093656687,66.96294625,9.259476058,124.7059519,96.36047796,0.341526543,0.005561655,8.173272731,74.0655439,25.7069242,119.7432342,746.5098443,115.9582433,0.242075637,76.35910286,71.91229924,22.1754921,117.1255242,597.1655439,91.07525821,0.223128328,1.00000009,4.881421667,1.61e-06,1.000081621,4.881085439,0.001441868,1.093656687,4.550034896,1.293655884,8.173272731,2.020957638,4.06589438,76.35910286,1.915890388,4.064218735,1.0,66.0,0.0,122.3315168,0.0,2.06e-193,0.0,1.000000001,66.0,0.0,122.3315167,1.75e-06,1.15e-39,0.0,1.000978548,66.0,1.35e-06,122.2977877,1.480681892,1.1e-18,6.72e-13,2.256436089,66.0,0.0,116.0393123,222.528753,-1.53e-14,0.0,18.80837108,66.00000326,0.006255251,115.634211,233.0730505,-1.44e-05,-0.000150519
1.000388432,329.8951641,28.29470918,1.008986468,327.5952638,643.4960155,1.207905051,283.5275197,10387.87825,2.594044624,209.5332973,18013.78327,18.61941569,227.4861299,17169.65136,1.000388432,329.8951641,28.29470918,1.008986468,327.5952638,643.4960155,1.207905051,283.5275197,10387.87825,2.594044624,209.5332973,18013.78327,18.61941569,227.4861299,17169.65136,1.0,330.0,0.0,431.4904402,0.0,0.0,0.0,1.0,330.0,0.0,431.4904402,0.0,0.0,0.0,1.000000037,330.0,5.39e-06,431.4904402,2.91e-11,8.22e-102,0.0,1.218325746,330.0,3.81e-06,431.4904402,1.46e-11,9.02e-58,0.0,6.274982854,330.0,7.63e-06,431.4904402,6e-11,-1.05e-28,-3.61e-18,1.0,24.68606114,0.0,1.0,24.68606114,0.0,1.000000037,24.68606117,1.94e-08,1.218325746,24.80580187,0.068383344,6.274982854,44.59084627,29433807803.0,1.0,330.0,0.0,431.4904402,0.0,0.0,0.0,1.0,330.0,0.0,431.4904402,0.0,0.0,0.0,1.000000037,330.0,5.39e-06,431.4904402,2.91e-11,8.22e-102,0.0,1.218325746,330.0,3.81e-06,431.4904402,1.46e-11,9.02e-58,0.0,6.274982854,330.0,7.63e-06,431.4904402,6e-11,-1.05e-28,-3.61e-18
1.992693543,66.0,9.09e-13,1.995670863,66.0,2.32e-08,2.042264923,65.99930076,0.174456492,9.774669803,70.10470336,325.1981899,107.6994348,71.23801811,332.7499793,1.992693543,66.0,9.09e-13,1.995670863,66.0,2.32e-08,2.042264923,65.99930076,0.174456492,9.774669803,70.10470336,325.1981899,107.6994348,71.23801811,332.7499793,1.992693543,66.0,9.54e-07,93.33809554,2.2e-05,2.2400000000000002e-27,5.01e-19,1.995670861,66.0,1.36e-05,93.33894987,0.044724786,1.3e-15,4.52e-10,2.040908632,66.00156459,0.375247605,95.0162097,82.16930121,0.003886737,0.001142649,7.673819869,70.7530028,19.86816293,115.7103999,535.1356813,68.03201137,0.180141385,83.29066682,72.21403876,20.23269834,118.654921,512.9880177,23.46095832,0.065947886,1.992693543,2.324068445,5.431145773,1.995670861,2.32757929,5.431307294,2.040908632,2.388241129,5.499900942,7.673819869,2.253953672,7.212449767,83.29066682,1.773497358,9.010092628,1.0,66.0,0.0,122.3315168,3.64e-12,9.54e-222,0.0,1.000000001,66.0,0.0,122.3315167,2.35e-06,-8.670000000000001e-73,0.0,1.000963355,66.0,9.54e-07,122.2942908,1.634017071,-2.3100000000000003e-21,-1.9e-15,2.282001635,66.09200547,1.046709412,115.899861,227.5844747,-0.358625286,-0.022711508,21.86371427,67.75018905,4.235458283,117.7976108,202.2718213,0.292537172,0.00486598
2.210894911,66.0,1.7e-08,2.405511931,66.00000838,0.000134818,2.779689681,66.08303705,2.867907077,10.56665056,71.66780531,403.3788956,94.52642243,71.1657875,421.9777616,2.210894911,66.0,1.7e-08,2.405511931,66.00000838,0.000134818,2.779689681,66.08303705,2.867907077,10.56665056,71.66780531,403.3788956,94.52642243,71.1657875,421.9777616,2.210894911,66.0,1.35e-06,118.6260843,144.2704021,-1.2e-13,-7.4e-09,2.405509053,66.00000001,0.000951315,117.3005508,186.7184528,-2.42e-07,-1.86e-05,2.757137899,66.02106563,1.376758054,115.6602887,232.8828222,-0.639812377,-0.030453238,8.603760751,71.72217587,21.93203294,121.3412474,526.8394893,-5.536398261,-0.017219576,74.06746083,71.80100887,21.63073588,122.5063691,517.4590541,23.54408873,0.0732163,2.210894911,0.99775619,5.279369722,2.405509053,1.5029228,7.958284053,2.757137899,2.22482759,10.89040689,8.603760751,2.070682465,9.019260673,74.06746083,1.994674772,28.58082402,1.0,66.0,0.0,122.3315168,0.0,5.22e-161,0.0,1.000000056,66.0,0.0,122.3315168,0.0,6.96e-203,0.0,1.003833324,66.0,1.35e-06,122.3315168,1.82e-12,-4.97e-62,0.0,2.342522561,66.01944423,0.482651743,122.3420084,0.232952705,-7.84e-18,-1.2e-11,18.95159398,66.38159607,2.265255381,122.5638916,38.38297007,-0.002233086,-0.000159837
1.236872405,61.14905501,5.574002638,1.654695456,62.37395511,8.608067799,2.928788626,63.95133365,8.094966753,11.33370298,66.58879372,106.6988578,98.62711436,70.33781446,344.0460832,1.236872405,61.14905501,5.574002638,1.654695456,62.37395511,8.608067799,2.928788626,63.95133365,8.094966753,11.33370298,66.58879372,106.6988578,98.62711436,70.33781446,344.0460832,1.0,60.0,0.0,84.85281374,0.0,0.0,0.0,1.0,60.0,6.74e-07,84.85281374,4.55e-13,0.0,0.0,1.000018469,60.0,6.74e-07,84.85281374,6.43e-13,3.06e-253,6.74e-241,1.373943866,60.0,9.54e-07,84.85281374,1.02e-12,3.45e-29,5.36e-17,4.567411669,60.0,1.51e-06,84.85281374,2.65e-12,-6.03e-29,-3.42e-17,1.0,15.72455192,0.0,1.0,15.72455192,1.76e-12,1.000018469,15.72486435,0.005285469,1.373943866,20.48318759,61.62418348,4.567411669,36.25600907,172.4651609,1.0,60.0,0.0,84.85281374,0.0,0.0,0.0,1.0,60.0,6.74e-07,84.85281374,4.55e-13,0.0,0.0,1.000018469,60.0,6.74e-07,84.85281374,6.43e-13,3.06e-253,6.74e-241,1.373943866,60.0,9.54e-07,84.85281374,1.02e-12,3.45e-29,5.36e-17,4.567411669,60.0,1.51e-06,84.85281374,2.65e-12,-6.03e-29,-3.42e-17
1.481556716,61.95020678,7.898041541,2.005565073,63.00935009,9.098374548,3.31178331,64.95994957,79.2053819,12.82930288,71.52239684,468.9856284,102.0047894,71.36282099,411.8115789,1.481556716,61.95020678,7.898041541,2.005565073,63.00935009,9.098374548,3.31178331,64.95994957,79.2053819,12.82930288,71.52239684,468.9856284,102.0047894,71.36282099,411.8115789,1.0,60.0,0.0,84.85281374,0.0,0.0,0.0,1.0,60.0,0.0,84.85281374,0.0,0.0,0.0,1.0,60.0,6.74e-07,84.85281374,4.55e-13,-9.359999999999999e-52,0.0,1.074658738,60.0,6.74e-07,84.85281374,1.02e-12,6.47e-30,1.01e-17,4.48537569,60.0,1.78e-06,84.85281374,3.31e-12,-2.23e-28,-1.31e-16,1.0,38.59123111,0.0,1.0,38.59123111,0.0,1.0,38.59123111,6.82e-12,1.074658738,38.48053676,0.175354445,4.48537569,36.42718404,10.16757109,1.0,60.0,0.0,84.85281374,0.0,0.0,0.0,1.0,60.0,0.0,84.85281374,0.0,0.0,0.0,1.0,60.0,6.74e-07,84.85281374,4.55e-13,-9.359999999999999e-52,0.0,1.074658738,60.0,6.74e-07,84.85281374,1.02e-12,6.47e-30,1.01e-17,4.48537569,60.0,1.78e-06,84.85281374,3.31e-12,-2.23e-28,-1.31e-16
2.596837419,66.37941722,34.00359244,2.885473408,68.07786346,182.6901952,3.905029487,75.34308824,753.5712707,12.60425057,73.98110779,616.5229347,101.9034657,71.36649766,404.9466022,2.596837419,66.37941722,34.00359244,2.885473408,68.07786346,182.6901952,3.905029487,75.34308824,753.5712707,12.60425057,73.98110779,616.5229347,101.9034657,71.36649766,404.9466022,2.596836975,66.37941729,5.831260432,122.6586421,34.0814201,0.114132408,0.01290055,2.885319145,68.07797456,13.51664647,124.0407619,183.018504,2.539292159,0.057172473,3.851301387,75.47324701,27.6197361,129.2281907,766.6076421,-31.38321341,-0.13049971,10.67251922,74.87727708,26.73114912,121.6259231,781.6646754,-38.30362937,-0.080496342,81.74171416,72.02084764,22.11935796,116.929364,597.8538867,-15.59607655,-0.038038916,2.596836975,0.367195647,0.254892089,2.885319145,0.417948665,0.357615946,3.851301387,0.651492918,0.901528792,10.67251922,1.539086049,3.606655122,81.74171416,1.791468156,4.527148092,1.783181967,66.0,1.35e-06,122.3315168,1.82e-12,-1.8600000000000002e-43,0.0,1.863609892,66.0,0.0,122.3315168,0.0,3.43e-44,0.0,1.953225247,66.0,9.54e-07,122.3314864,0.001335242,1.22e-13,3.49e-06,3.312910239,66.11549206,1.171565749,118.4958165,150.8169412,0.280235514,0.019477824,22.04858611,66.38685038,2.119563941,114.6597178,261.5399321,6.315880995,0.184268225
1.000000067,66.0,9.09e-13,1.000066768,66.0,0.0,1.076022745,66.00014893,0.002892362,8.322734203,69.09645272,221.1892722,97.87984208,72.73503229,541.2062214,1.000000067,66.0,9.09e-13,1.000066768,66.0,0.0,1.076022745,66.00014893,0.002892362,8.322734203,69.09645272,221.1892722,97.87984208,72.73503229,541.2062214,1.000000067,66.0,0.0,122.3315168,1.82e-12,1.08e-32,0.0,1.000065484,66.0,0.0,122.3315168,1.59e-09,3.03e-19,0.0,1.065132715,66.00000696,0.025020788,122.328414,0.136575351,6.79e-05,0.007341493,6.589358487,69.08336547,16.36524991,118.1529507,361.6953065,-28.65781134,-0.112313599,77.79927021,73.78035964,25.7278324,117.5243202,752.0541781,-20.76993262,-0.042726831,1.000000067,4.965012862,8.29e-07,1.000065484,4.964852004,0.000808344,1.065132715,4.815556418,0.722377415,6.589358487,2.535733897,4.658571398,77.79927021,1.881304991,1786038.09,1.0,66.0,0.0,122.3315168,3.64e-12,2.22e-43,0.0,1.000000001,66.0,0.0,122.3315168,0.0,-5.67e-65,0.0,1.000986129,66.0,1.35e-06,122.3314833,0.001473584,-1.12e-18,-2.17e-11,2.318904286,66.00261037,0.176967757,118.0919697,162.0107252,-0.021974353,-0.009755512,19.74388831,66.47997745,2.599316972,116.3606803,291.3773442,3.559116891,0.0802257
1.962415069,66.0,1.82e-12,1.977336768,66.0,0.0,2.03848106,66.00008832,0.005493791,9.706508214,69.01197949,235.3134377,99.03430713,71.69712472,452.379824,1.962415069,66.0,1.82e-12,1.977336768,66.0,0.0,2.03848106,66.00008832,0.005493791,9.706508214,69.01197949,235.3134377,99.03430713,71.69712472,452.379824,1.962414976,66.0,0.0,122.3315168,5.46e-12,7.32e-28,0.0,1.977276435,66.0,0.0,122.3315167,3.17e-06,7.07e-16,0.0,1.999219131,66.0000562,0.071121145,122.2845166,2.064172484,0.000747568,0.007316099,7.839689474,69.23550477,16.75482195,116.3645313,402.8671265,51.21273382,0.179813305,76.99919686,72.69819414,23.69403814,117.0613217,659.4456445,33.31924105,0.075603401,1.962414976,4.634447665,22.21055507,1.977276435,4.670554731,22.21577071,1.999219131,4.695083744,22.21320989,7.839689474,2.457971846,15.79123747,76.99919686,1.921403959,10.35071234,1.0,66.0,0.0,122.3315168,0.0,-2.22e-149,0.0,1.000000001,66.0,0.0,122.3315168,1.3e-06,-1.63e-22,0.0,1.001811722,66.0,0.0,122.3009857,1.340423439,-2.24e-16,0.0,2.520406902,66.00000007,0.000944336,115.8291591,228.0572165,-1.42e-06,-9.95e-05,19.79825757,66.13029043,1.243599127,115.1618837,246.5741531,0.154727388,0.007923504
2.051770079,66.74134629,66.1715716,2.220050704,69.50448331,303.1220946,3.008026867,79.22942445,1015.634356,10.84453609,74.74766865,715.0022873,100.6432235,71.0558413,407.6257074,2.051770079,66.74134629,66.1715716,2.220050704,69.50448331,303.1220946,3.008026867,79.22942445,1015.634356,10.84453609,74.74766865,715.0022873,100.6432235,71.0558413,407.6257074,2.051770079,66.74134629,8.134591053,136.4382687,66.17157161,-2.68e-05,-0.000131482,2.220050704,69.50448331,17.41040191,137.8039789,303.1222078,-0.041475037,-0.004654214,3.007970973,79.22971014,31.86924351,140.5174259,1021.634489,-53.65523807,-0.160212668,9.602149995,75.87221312,28.12540825,120.7218608,882.7432228,186.615123,0.335216563,77.45900864,72.07605357,22.56087566,117.073759,614.9800963,70.01025541,0.167033501,2.051770079,0.505930514,0.314940833,2.220050704,0.593166367,0.609202431,3.007970973,0.940778994,1.588868501,9.602149995,1.71189374,3.731795379,77.45900864,1.889804935,4.382803915,1.0,66.0,0.0,122.3315168,0.0,-1.2899999999999998e-147,0.0,1.000000001,66.0,9.54e-07,122.3315167,1.78e-06,1.14e-39,8.950000000000001e-31,1.000974714,66.0,9.54e-07,122.2976005,1.488891043,-1.1500000000000001e-33,-9.859999999999999e-28,2.321942765,66.0,0.0,114.8144103,252.9730154,1.91e-15,0.0,19.38258243,66.0,5.56e-06,114.8894746,251.2313207,-9.53e-12,-1.08e-07
4.301595325,66.00000301,0.000271206,4.559693904,66.00155015,0.139511016,4.944104462,66.77953735,69.55185947,12.19027686,72.18786264,525.6153435,111.1673504,86.26565505,13340.01043,4.301595325,66.00000301,0.000271206,4.559693904,66.00155015,0.139511016,4.944104462,66.77953735,69.55185947,12.19027686,72.18786264,525.6153435,111.1673504,86.26565505,13340.01043,4.301595325,66.00000301,0.016468344,122.3315196,0.000272086,1.13e-11,1.47e-07,4.559693777,66.00155015,0.373511741,122.3328514,0.139831961,2.55e-06,7.02e-05,4.939068415,66.78034446,8.343983701,122.9652835,69.7364591,0.491618709,0.029486262,10.70803303,73.08864403,24.24313275,123.1262288,626.0281114,11.70448426,0.032880223,81.4151343,91.84251586,132.2257228,152.8020636,40398.63628,1063.180589,0.042133229,4.301595325,0.788373177,2.700879747,4.559693777,0.824115129,2.80126811,4.939068415,0.893428335,3.038396086,10.70803303,1.640691499,131959.6745,81.4151343,1113089.235,1674890000000000.0,1.769874,66.0,1.35e-06,122.3315168,1.82e-12,-2.89e-43,0.0,1.854774962,66.0,0.0,122.3315168,1.82e-12,-1.05e-28,0.0,1.949962931,66.0,0.0,122.3314849,0.001402637,-4.05e-31,0.0,3.261173661,66.0000056,0.008198909,118.6483355,143.5162479,-0.00012282,-0.001250434,20.23472891,68.4804123,19.58135685,134.0247516,24457.90997,1543.844092,0.504170783
1.001004308,155.9097029,8.118583366,1.022614201,154.0097303,175.1631012,1.622925804,121.4554003,1915.684603,10.31828905,76.11091749,799.448014,102.009682,71.01556856,403.8495586,1.001004308,155.9097029,8.118583366,1.022614201,154.0097303,175.1631012,1.622925804,121.4554003,1915.684603,10.31828905,76.11091749,799.448014,102.009682,71.01556856,403.8495586,1.000978074,155.9120594,2.8119249,186.8278304,8.240118639,3.7e-06,8.65e-07,1.020830479,154.1635119,12.72443492,185.0727485,163.3828781,0.017521543,0.000294384,1.501645808,125.9342399,42.44959928,159.5292883,1809.227096,31.12929759,0.057632772,8.626486291,77.92437886,30.51195967,118.9621319,987.6167944,111.1015719,0.200552886,79.67330475,72.03418345,22.30847531,116.1192998,607.0192879,47.91545923,0.115209957,1.000978074,2.198532565,0.002408385,1.020830479,2.174588472,0.049400735,1.501645808,1.8840643,0.685908557,8.626486291,1.884160348,3.13997463,79.67330475,1.834102372,3.435506045,1.000000699,155.9999371,0.075232332,169.3870726,0.005659904,-5.45e-131,0.0,1.000202579,155.9817716,1.280713335,169.3703429,1.640226647,5.36e-64,0.0,1.058732325,151.0073224,20.60131437,164.8005204,424.4141537,-5.18e-07,-3.64e-06,2.449426255,107.9946835,44.8995331,129.7002975,2034.62919,-90.01308941,-0.120906505,19.11905986,90.68005422,40.13642093,122.4360306,1718.12957,48.24797946,0.049182893
1.0,330.0,0.0,1.0,330.0,0.0,1.000001124,329.9997118,0.077814036,1.734084883,282.3249723,10598.80431,21.43014925,213.2486234,16079.1659,1.0,330.0,0.0,1.0,330.0,0.0,1.000001124,329.9997118,0.077814036,1.734084883,282.3249723,10598.80431,21.43014925,213.2486234,16079.1659,1.0,330.0,0.0,431.4904402,0.0,0.0,0.0,1.0,330.0,0.0,431.4904402,0.0,0.0,0.0,1.000000029,330.0,5.39e-06,431.4904402,2.91e-11,4.850000000000001e-124,0.0,1.213937242,330.0,3.81e-06,431.4904402,1.46e-11,7.41e-105,0.0,6.271534329,330.0,0.000592655,431.4904402,4.24e-07,2.85e-18,9.84e-12,1.0,25.06378388,0.0,1.0,25.06378388,0.0,1.000000029,25.06378388,8.13e-10,1.213937242,25.04450903,0.004790358,6.271534329,25.05958901,0.011016741,1.0,330.0,0.0,431.4904402,0.0,0.0,0.0,1.0,330.0,0.0,431.4904402,0.0,0.0,0.0,1.000000029,330.0,5.39e-06,431.4904402,2.91e-11,4.850000000000001e-124,0.0,1.213937242,330.0,3.81e-06,431.4904402,1.46e-11,7.41e-105,0.0,6.271534329,330.0,0.000592679,431.4904402,4.24e-07,2.85e-18,9.84e-12
1.284025396,65.29723404,10.08468154,1.650750031,65.6044157,82.42602769,2.958560439,72.14694962,650.8111587,12.65248934,72.99555532,576.3528557,98.7784649,70.79840198,382.7130284,1.284025396,65.29723404,10.08468154,1.650750031,65.6044157,82.42602769,2.958560439,72.14694962,650.8111587,12.65248934,72.99555532,576.3528557,98.7784649,70.79840198,382.7130284,1.0,66.0,9.54e-07,105.2615782,1.44e-05,-4.68e-36,-1.2900000000000002e-27,1.000000001,66.00000001,0.000397231,105.2610212,0.011453989,-1.65e-20,-3.87e-16,1.001791401,66.01359227,0.466145381,104.8433571,8.479001249,-2e-05,-1.47e-05,2.648491264,69.38785259,6.536673177,101.6416453,76.89093812,-4.921692411,-0.094171421,18.18749855,69.98079311,6.917074367,99.9968294,74.71677863,3.932988801,0.075056843,1.0,10.10055184,8.53e-14,1.000000001,10.10055183,9.26e-08,1.001791401,10.0871407,0.114935604,2.648491264,7.697646562,24.21523879,18.18749855,8.261634784,29.54424779,1.0,66.0,9.54e-07,105.2615782,1.44e-05,-4.68e-36,-1.2900000000000002e-27,1.000000001,66.00000001,0.000397231,105.2610212,0.011453989,-1.65e-20,-3.87e-16,1.001791401,66.01359227,0.466145381,104.8433571,8.479001249,-2e-05,-1.47e-05,2.648491264,69.38785259,6.536673177,101.6416453,76.89093812,-4.921692411,-0.094171421,18.18749855,69.98079311,6.917074367,99.9968294,74.71677863,3.932988801,0.075056843
1.00000003,66.00000002,1.47e-06,1.000033328,66.00012875,0.011587854,1.058792408,66.95936402,85.42239968,8.817767345,79.90129737,1057.21105,99.1437847,81.08574793,9358.689267,1.00000003,66.00000002,1.47e-06,1.000033328,66.00012875,0.011587854,1.058792408,66.95936402,85.42239968,8.817767345,79.90129737,1057.21105,99.1437847,81.08574793,9358.689267,1.00000003,66.00000002,0.001212979,122.1819273,13.72117922,-4.74e-07,-0.000105576,1.000033315,66.00012875,0.107646894,121.4188282,82.84246547,-0.003960629,-0.004042371,1.056436711,66.96150344,9.252611556,119.1560894,333.9833342,-24.84979041,-0.149477271,7.611739982,82.04799226,34.44969155,122.348825,1250.353126,-180.5118981,-0.264109709,78.83425383,84.49521356,108.1645092,126.674135,12816.85192,80.72463609,0.010316099,1.00000003,5.005982768,3.92e-07,1.000033315,5.005862645,0.000443406,1.056436711,4.822370993,0.677569137,7.611739982,2.171982877,4.110068346,78.83425383,1.856183857,4.181016742,1.0,66.0,0.0,122.3315168,3.64e-12,2.33e-267,0.0,1.000000001,66.0,9.54e-07,122.3315167,1.92e-06,1.25e-39,9.47e-31,1.000976627,66.0,0.0,122.2967455,1.526383439,-1.1100000000000001e-21,0.0,2.333610691,66.0,9.54e-07,114.661427,256.47225,2.7e-16,1.77e-11,20.09431454,66.0000165,0.01407024,114.0430157,269.926202,-7.62e-05,-0.000329643
2.07343217,111.0939424,672.1729053,2.741338567,111.1217082,671.3356099,5.579500696,113.5295676,598.8190195,34.18399663,119.6503554,1980.889583,69.06832537,144.4426279,7549.075331,2.07343217,111.0939424,672.1729053,2.741338567,111.1217082,671.3356099,5.579500696,113.5295676,598.8190195,34.18399663,119.6503554,1980.889583,69.06832537,144.4426279,7549.075331,2.073432164,111.0939425,25.92629746,413.5170284,77659.98565,708.4418614,0.09805578,2.741327009,111.1219238,25.90998691,430.6163354,75598.73668,681.8757198,0.095717055,5.556348385,113.7412217,24.23836094,467.2002905,69242.28854,1252.651581,0.196403468,31.76383907,119.1694639,35.1838965,492.1284585,62025.11404,1113.325422,0.12706843,54.1181846,138.0665257,69.58900168,482.1488841,59453.69003,-7364.733082,-0.434760144,2.073432164,0.2077746,0.011411557,2.741327009,0.235062861,0.017472989,5.556348385,0.294600458,0.025033339,31.76383907,0.589785031,5.639707477,54.1181846,7915.858677,11914900000000.0,2.073432164,111.0939425,25.92629746,413.5170284,77659.98565,708.4418614,0.09805578,2.741327009,111.1219238,25.90998691,430.6163354,75598.73668,681.8757198,0.095717055,5.556348385,113.7412217,24.23836094,467.2002905,69242.28854,1252.651581,0.196403468,31.76383907,119.1694639,35.1838965,492.1284585,62025.11404,1113.325422,0.12706843,54.1181846,138.0665257,69.58900168,482.1488841,59453.69003,-7364.733082,-0.434760144
1.0,330.0,0.0,1.0,330.0,0.0,1.000001003,329.999745,0.068843794,1.732254259,282.6607031,10540.60114,17.79857233,235.1924618,16609.56601,1.0,330.0,0.0,1.0,330.0,0.0,1.000001003,329.999745,0.068843794,1.732254259,282.6607031,10540.60114,17.79857233,235.1924618,16609.56601,1.0,330.0,0.0,431.4904402,0.0,0.0,0.0,1.0,330.0,0.0,431.4904402,0.0,0.0,0.0,1.000000029,330.0,0.0,431.4904402,2.91e-11,-6.81e-42,0.0,1.214263813,330.0,0.0,431.4904402,0.0,-4.6399999999999994e-30,0.0,6.274393809,330.0,6.61e-06,431.4904402,5.25e-11,2.7700000000000003e-27,7.78e-17,1.0,25.022439,0.0,1.0,25.022439,0.0,1.000000029,25.022439,7.73e-12,1.214263813,25.02622206,0.000123454,6.274393809,25.04709809,0.005536509,1.0,330.0,0.0,431.4904402,0.0,0.0,0.0,1.0,330.0,0.0,431.4904402,0.0,0.0,0.0,1.000000029,330.0,0.0,431.4904402,2.91e-11,-6.81e-42,0.0,1.214263813,330.0,0.0,431.4904402,0.0,-4.6399999999999994e-30,0.0,6.274393809,330.0,6.61e-06,431.4904402,5.25e-11,2.7700000000000003e-27,7.78e-17
1.003988973,81.93643001,1.013078659,1.036561816,81.43564479,8.711186635,1.403986611,77.41402112,53.66913725,9.127239192,72.82542386,430.0037312,98.91414089,71.06353977,629.4376412,1.003988973,81.93643001,1.013078659,1.036561816,81.43564479,8.711186635,1.403986611,77.41402112,53.66913725,9.127239192,72.82542386,430.0037312,98.91414089,71.06353977,629.4376412,1.0,82.0,0.000112096,105.2615789,1.26e-08,-3.76e-140,0.0,1.000000652,81.99998956,0.012924077,105.2615708,0.000167032,9.97e-72,0.0,1.008673601,81.86241573,1.477301203,105.1544348,2.182418845,-1.07e-09,-2.9e-07,2.157348911,74.1612106,7.998375531,100.4005376,68.34139026,-4.27200617,-0.108936209,17.42646878,70.4385475,7.163517082,99.53077883,71.96310974,-0.567480883,-0.011152896,1.0,6.849195958,3.3e-09,1.000000652,6.849201303,4.38e-05,1.008673601,6.919653538,0.57234899,2.157348911,9.53769298,16.59726575,17.42646878,8.616632961,34.14808404,1.0,82.0,0.000112096,105.2615789,1.26e-08,-3.76e-140,0.0,1.000000652,81.99998956,0.012924077,105.2615708,0.000167032,9.97e-72,0.0,1.008673601,81.86241573,1.477301203,105.1544348,2.182418845,-1.07e-09,-2.9e-07,2.157348911,74.1612106,7.998375531,100.4005376,68.34139026,-4.27200617,-0.108936209,17.42646878,70.4385475,7.163517082,99.53077883,71.96310974,-0.567480883,-0.011152896
1.00000116,81.99998144,0.000296982,1.000275923,81.99558644,0.070597408,1.083607741,80.76547714,18.22861896,8.297058899,69.25157663,147.310192,97.33136343,70.87188492,365.1854843,1.00000116,81.99998144,0.000296982,1.000275923,81.99558644,0.070597408,1.083607741,80.76547714,18.22861896,8.297058899,69.25157663,147.310192,97.33136343,70.87188492,365.1854843,1.0,82.0,1.35e-06,105.2615789,1.82e-12,4.84e-66,0.0,1.000000001,81.99999998,0.00058206,105.2615789,3.39e-07,1.87e-39,0.0,1.001097938,81.98245226,0.529580944,105.2479099,0.280455976,-1.28e-11,-9.1e-09,1.945483562,75.02166209,7.934494727,101.1429124,68.11279364,-1.816542745,-0.044901491,17.00645117,70.47168179,7.179900461,99.9628926,74.92297751,3.420770353,0.064614684,1.0,9.831030846,5.68e-14,1.000000001,9.831030853,3.57e-08,1.001097938,9.836726889,0.029551595,1.945483562,10.84402168,11.40621889,17.00645117,8.841323474,28.21342224,1.0,82.0,1.35e-06,105.2615789,1.82e-12,4.84e-66,0.0,1.000000001,81.99999998,0.00058206,105.2615789,3.39e-07,1.87e-39,0.0,1.001097938,81.98245226,0.529580944,105.2479099,0.280455976,-1.28e-11,-9.1e-09,1.945483562,75.02166209,7.934494727,101.1429124,68.11279364,-1.816542745,-0.044901491,17.00645117,70.47168179,7.179900461,99.9628926,74.92297751,3.420770353,0.064614684
1.000000031,66.0,1.82e-12,1.000031314,66.00000004,8.76e-07,1.038365014,66.01668962,0.405055496,8.539617312,69.4505547,256.3823037,96.37690052,70.79802461,375.267553,1.000000031,66.0,1.82e-12,1.000031314,66.00000004,8.76e-07,1.038365014,66.01668962,0.405055496,8.539617312,69.4505547,256.3823037,96.37690052,70.79802461,375.267553,1.000000031,66.0,0.0,122.3315165,1.42e-05,8.38e-30,0.0,1.000031306,66.0,9.54e-07,122.3310116,0.022200757,-2.7e-16,-1.9e-09,1.034238731,66.00003534,0.056394907,121.6062961,31.17648015,-0.00178483,-0.005668178,6.446435887,69.66251627,17.78235749,116.2500512,444.2655087,32.21652019,0.102558107,75.49485024,71.51990448,21.47169917,116.5886109,573.0687789,57.8046262,0.145920707,1.000000031,4.987771035,2.75e-11,1.000031306,4.987771955,7e-08,1.034238731,4.97928553,0.043460017,6.446435887,2.615573558,5.299715554,75.49485024,1.939559498,4.571156528,1.0,66.0,0.0,122.3315168,1.82e-12,-8.63e-149,0.0,1.000000001,66.0,0.0,122.3315168,1.57e-06,3.47e-137,0.0,1.000973601,66.0,9.54e-07,122.2989781,1.428477507,1.06e-18,9.32e-13,2.314537675,66.0,3.04e-05,114.9376416,250.1051545,-3.9e-09,-8.11e-06,19.12568236,66.05219744,0.789711791,115.3883381,239.9827432,-0.11709952,-0.009571879
5.158967141,89.53663977,1254.262131,5.547725391,91.59938043,1360.819948,7.804922155,92.62699936,1495.521963,18.62163725,86.49423297,2020.29079,167.0077978,353.0687866,290156.173,5.158967141,89.53663977,1254.262131,5.547725391,91.59938043,1360.819948,7.804922155,92.62699936,1495.521963,18.62163725,86.49423297,2020.29079,167.0077978,353.0687866,290156.173,1.999800669,75.99860057,0.149629225,96.82864911,0.022388905,0.0,0.0,2.005343327,75.95557558,0.841912844,96.79488345,0.708817237,5.6000000000000005e-273,0.0,2.177165865,74.69745726,4.375393268,95.81080378,19.14406625,1.85e-15,6.26e-10,2.883163809,71.10627679,7.37231609,93.0615772,54.35962924,-0.181114024,-0.024994744,8.706935581,69.14549638,8.358476107,103.5233891,2887.809203,6.653749232,0.014815579,1.999800669,1.251636511,1.719089048,2.005343327,1.36736347,6.673067688,2.177165865,4.74875536,139.71037,2.883163809,14.43011137,395.7464145,8.706935581,1129348.979,1699110000000000.0,1.999625758,76.0,0.0,76.0,0.0,0.0,0.0,1.999775438,76.0,9.54e-07,76.0,9.09e-13,0.0,0.0,1.99992514,76.0,1.35e-06,76.0,1.82e-12,0.0,0.0,1.999992514,76.0,0.0,76.0,0.0,0.0,0.0,1.999999251,76.0,0.0,76.0,0.0,0.0,0.0
1.997815835,66.0,9.09e-13,1.99888261,66.0,3.85e-10,2.066324439,66.00198704,0.1788382,9.136136847,70.21500842,359.0563661,102.5885444,91.44821593,25099.32701,1.997815835,66.0,9.09e-13,1.99888261,66.0,3.85e-10,2.066324439,66.00198704,0.1788382,9.136136847,70.21500842,359.0563661,102.5885444,91.44821593,25099.32701,1.997815835,66.0,1.35e-06,122.3315059,0.000479927,-7.37e-20,-2.5e-12,1.998882411,66.0,1.96e-05,122.3288285,0.118125316,-6.56e-14,-9.75e-09,2.060479212,66.00199277,0.423491404,121.6860514,27.86830435,-0.006795404,-0.003039624,7.817746391,70.84130645,20.30471979,118.5960984,494.3797328,-7.508679943,-0.022388348,81.71612862,97.42235557,176.97929,141.4615695,33820.51614,397.0169768,0.019860315,1.997815835,2.053191194,4.222226029,1.998882411,2.05446056,4.223241147,2.060479212,2.161658977,4.504779537,7.817746391,2.219176422,7.496012888,81.71612862,1.803661629,7.9452108,1.0,66.0,0.0,122.3315168,0.0,0.0,0.0,1.000000001,66.0,9.54e-07,122.3315168,9.09e-13,-2.05e-100,0.0,1.000976537,66.0,9.54e-07,122.3314835,0.001461617,3.1600000000000004e-31,8.66e-24,2.260970334,66.0,7.75e-06,118.761323,139.665,-1.7e-11,-1.85e-07,18.6920278,66.04050764,0.696633413,116.2631462,217.1837884,-0.171661916,-0.016720778
2.424287073,102.0,3.64e-12,2.63143779,102.0,0.0,2.868716895,101.9999999,2.56e-07,3.678326747,100.2706457,61.07768529,28.56951827,94.24260026,235.1746058,2.424287073,102.0,3.64e-12,2.63143779,102.0,0.0,2.868716895,101.9999999,2.56e-07,3.678326747,100.2706457,61.07768529,28.56951827,94.24260026,235.1746058,1.0,102.0,0.0,144.2497834,0.0,0.0,0.0,1.0,102.0,0.0,144.2497834,0.0,0.0,0.0,1.0,102.0,0.0,144.2497834,1.82e-12,-4.939999999999999e-40,0.0,1.070576379,102.0,0.0,144.2497834,3.64e-12,6.6e-45,0.0,4.214759671,102.0,1.91e-06,144.2497834,4.07e-12,1.07e-28,4.18e-17,1.0,39.2430501,0.0,1.0,39.2430501,0.0,1.0,39.2430501,0.0,1.070576379,39.2306611,0.002185097,4.214759671,39.07425912,0.0896828,1.0,102.0,0.0,144.2497834,0.0,0.0,0.0,1.0,102.0,0.0,144.2497834,0.0,0.0,0.0,1.0,102.0,0.0,144.2497834,1.82e-12,-4.939999999999999e-40,0.0,1.070576379,102.0,0.0,144.2497834,3.64e-12,6.6e-45,0.0,4.214759671,102.0,1.91e-06,144.2497834,4.07e-12,1.07e-28,4.18e-17
4.990913952,60.0,7.89e-10,4.994538718,60.00000056,0.00024027,5.006308076,60.17435654,73.98738258,8.662028468,116.4475442,16514.57933,34.33262126,171.5941182,17597.32442,4.990913952,60.0,7.89e-10,4.994538718,60.00000056,0.00024027,5.006308076,60.17435654,73.98738258,8.662028468,116.4475442,16514.57933,34.33262126,171.5941182,17597.32442,4.990913952,60.0,2.81e-05,1455.237438,2.56e-08,1.84e-12,0.00040879,4.994538716,60.00000056,0.015500601,1455.237434,0.005453289,5.12e-07,0.000447294,5.005007099,60.17078678,8.54586353,1454.376218,1201.969668,-0.817170689,-0.002760652,7.11361477,95.48827879,117.6169257,1265.188603,229194.0378,-30475.86631,-0.541727455,9.117030916,110.2218497,137.199109,1155.450493,327915.9091,-57765.08063,-0.735853247,4.990913952,1.808635331,13.19306089,4.994538716,1.813839839,13.22174496,5.005007099,1.960954998,87.31602557,7.11361477,38.99272701,17986.99226,9.117030916,55.77742727,25381.2596,4.990913952,60.0,2.81e-05,1455.237438,2.56e-08,1.84e-12,0.00040879,4.994538716,60.00000056,0.015500601,1455.237434,0.005453289,5.12e-07,0.000447294,5.005007099,60.17078678,8.54586353,1454.376218,1201.969668,-0.817170689,-0.002760652,7.11361477,95.48827879,117.6169257,1265.188603,229194.0378,-30475.86631,-0.541727455,8.752802665,110.9441431,138.0468076,1155.451362,327982.0608,-62707.16776,-0.793839929
1.006535282,65.98675374,0.079302123,1.075863504,65.85728923,0.835898638,1.918401758,65.10015132,6.232173621,12.5886918,70.88516502,334.7241665,108.7390854,83.76516627,14877.56154,1.006535282,65.98675374,0.079302123,1.075863504,65.85728923,0.835898638,1.918401758,65.10015132,6.232173621,12.5886918,70.88516502,334.7241665,108.7390854,83.76516627,14877.56154,1.004313142,66.0,1.35e-06,122.3315159,4e-05,3.65e-15,4.28e-07,1.050269155,66.00000001,0.000577113,122.3308049,0.031282171,1.56e-08,0.000153077,1.60682341,66.02589524,1.342714339,121.8168692,23.53625737,-0.093577301,-0.014386566,9.756210534,71.98486244,20.27450819,119.2444194,500.666883,144.8360919,0.422542327,86.51971223,87.6593153,136.4180179,131.6307061,20181.19184,194.5659228,0.016141586,1.004313142,1.774524572,0.029030717,1.050269155,1.806140731,0.322443817,1.60682341,2.038433405,2.453665742,9.756210534,1.693932296,3.990132639,86.51971223,1.692418116,4.409550244,1.0,66.0,0.0,136.0770852,0.005986069,-4.35e-20,0.0,1.0,66.0,0.000568454,136.0588603,1.11010323,-7.55e-11,-1.26e-07,1.000830904,66.03072679,1.662668658,132.9344668,178.9809522,-0.094021738,-0.004227125,2.60760086,84.06101851,35.96922307,123.8699882,1469.50272,-36.26153062,-0.03819044,21.70484821,91.7308362,40.00771676,125.4777532,1727.589514,57.84092585,0.056703753
1.308590394,98.54301313,3431.888108,1.4938891,111.623665,4214.546961,1.790453839,126.9245715,4695.789066,2.980648922,188.2223683,19940.85379,27.45924213,280.8538856,31426.84072,1.308590394,98.54301313,3431.888108,1.4938891,111.623665,4214.546961,1.790453839,126.9245715,4695.789066,2.980648922,188.2223683,19940.85379,27.45924213,280.8538856,31426.84072,1.308590394,98.54301313,58.58231907,207.8454364,3431.888108,0.0,0.0,1.4938891,111.623665,64.91954221,214.3568114,4214.546961,0.0,0.0,1.790453782,126.9245672,68.52581546,222.7079831,4695.787385,1.24e-12,6.69e-09,2.258454791,134.2029451,68.99539625,226.9348595,4760.364703,1.51e-16,0.0,10.63782866,134.9131953,68.9999454,227.3556031,4760.992465,1.28e-07,2.65e-06,1.308590394,7.269385868,155.6329226,1.4938891,10.05495258,191.1257711,1.790453782,13.31332871,212.9495751,2.258454791,14.85622355,215.8446011,10.63782866,14.98378241,214.3129262,1.308590394,98.54301313,58.58231907,207.8454364,3431.888108,0.0,0.0,1.4938891,111.623665,64.91954221,214.3568114,4214.546961,0.0,0.0,1.790453782,126.9245672,68.52581546,222.7079831,4695.787385,1.24e-12,6.69e-09,2.258454791,134.2029451,68.99539625,226.9348595,4760.364703,1.51e-16,0.0,10.63782866,134.9131953,68.9999454,227.3556031,4760.992465,1.28e-07,2.65e-06
1.997230793,449.0277305,399.999231,1.998337554,449.0166383,399.9997232,1.999445749,449.0055103,400.0128921,3.105360604,376.2943576,20795.08177,28.57306034,291.4206222,31855.06025,1.997230793,449.0277305,399.999231,1.998337554,449.0166383,399.9997232,1.999445749,449.0055103,400.0128921,3.105360604,376.2943576,20795.08177,28.57306034,291.4206222,31855.06025,1.997230793,449.0277305,19.99998078,449.0277305,399.999231,0.0,0.0,1.998337554,449.0166383,19.99999308,449.0166383,399.9997232,0.0,0.0,1.999445547,449.0055461,19.99999923,449.0055461,399.9999693,0.0,0.0,2.428684534,450.2951456,20.08147542,450.2951456,403.2656551,0.0,0.0,14.97911624,455.3543159,19.59296795,455.3543159,383.8843931,0.0,0.0,1.997230793,14.9758949,224.8761923,1.998337554,14.98421176,224.8764689,1.999445547,14.99252862,224.8766073,2.428684534,14.11437289,224.1155267,14.97911624,10.66724292,206.1668705,1.997230793,449.0277305,19.99998078,449.0277305,399.999231,0.0,0.0,1.998337554,449.0166383,19.99999308,449.0166383,399.9997232,0.0,0.0,1.999445547,449.0055461,19.99999923,449.0055461,399.9999693,0.0,0.0,2.428684534,450.2951456,20.08147542,450.2951456,403.2656551,0.0,0.0,14.97911624,455.3543159,19.59296795,455.3543159,383.8843931,0.0,0.0
2.008841447,65.97348002,0.158416594,2.058900202,65.82878707,0.9979637,2.486520139,65.06194968,4.749755861,10.14781601,67.88867,213.4055078,98.59297575,70.61376435,370.1289709,2.008841447,65.97348002,0.158416594,2.058900202,65.82878707,0.9979637,2.486520139,65.06194968,4.749755861,10.14781601,67.88867,213.4055078,98.59297575,70.61376435,370.1289709,1.999962036,66.0,9.54e-07,122.1627907,7.376478358,2.5699999999999997e-30,9.92e-25,2.000017718,66.0,0.0,121.026583,55.05921848,6.4e-18,0.0,2.047008976,66.00001761,0.039816362,114.6377768,257.0154229,-0.000234677,-0.000367646,7.583297253,69.10942105,16.43680096,115.3826328,420.369403,-31.35456751,-0.106296377,75.98442533,71.53644178,21.45886721,116.8361562,570.3038999,-19.83186449,-0.050384072,1.999962036,2.43991719,5.953368627,2.000017718,2.439920422,5.953262062,2.047008976,2.432130108,5.839753318,7.583297253,2.193376993,4.48576994,75.98442533,1.926053749,4.274445989,1.0,66.0,0.0,122.3315168,1.82e-12,3.52e-133,0.0,1.000000001,66.0,9.54e-07,122.3315168,3.75e-12,-3.6500000000000003e-37,-2.01e-25,1.000970979,66.0,1.35e-06,122.3314847,0.001409546,-1.04e-21,-2.06e-14,2.135180986,66.0,0.0,118.6558488,143.2611494,9.55e-15,0.0,18.85461899,66.00062511,0.086608243,115.5762593,234.5521141,-0.00284076,-0.002141685
1.000043243,66.00035815,0.004297628,1.005791812,66.04708367,0.562787138,1.777157235,69.52334131,29.8662321,13.58464139,71.60792007,136.8890145,104.1160832,70.99052423,339.3293185,1.000043243,66.00035815,0.004297628,1.005791812,66.04708367,0.562787138,1.777157235,69.52334131,29.8662321,13.58464139,71.60792007,136.8890145,104.1160832,70.99052423,339.3293185,1.000043243,66.00035815,0.065556293,122.33171,0.004297628,4.13e-18,3.3e-11,1.005791812,66.04708367,0.750191401,122.3569257,0.562787138,2.63e-10,7.21e-07,1.777082732,69.52348847,5.465067128,124.2579032,29.87030276,0.027429815,0.007507541,12.41084082,71.93127207,12.00749226,121.0507993,239.8560364,19.21696644,0.115594885,82.26406554,71.67613382,20.29489333,117.2543245,522.8665523,-8.022970534,-0.02202722,1.000043243,3.522446729,0.000669497,1.005791812,3.508068701,0.09110291,1.777082732,2.473176233,6.013102391,12.41084082,1.507489736,9.928653538,82.26406554,1.799151683,10.13047987,1.0,66.0,0.0,93.33809512,9.09e-13,-1.18e-96,0.0,1.0,66.0,9.54e-07,93.33809512,5.57e-07,3.3600000000000004e-43,4.71e-34,1.000029779,66.00000155,0.01181437,93.35993884,1.636032038,6.24e-12,4.13e-10,1.929166712,74.92282268,26.89678933,109.4492758,903.1050264,49.88780123,0.079773758,18.81600167,87.07471992,38.11273606,120.5862503,1579.292798,110.7659983,0.116735785
1.167224754,107.1844728,11235.76367,1.431669289,143.6467697,18352.06484,2.435415237,196.065844,23923.55124,3.82680053,219.4594748,24647.67988,12.22956911,193.562092,24106.47767,1.167224754,107.1844728,11235.76367,1.431669289,143.6467697,18352.06484,2.435415237,196.065844,23923.55124,3.82680053,219.4594748,24647.67988,12.22956911,193.562092,24106.47767,1.167224754,107.1844728,105.9988852,486.8227146,11236.26914,-35.56302271,-0.032498436,1.431669289,143.6467697,135.4697931,491.2074038,18360.67554,-284.5120379,-0.088571574,2.435415237,196.065844,154.6723997,489.0244906,23999.20137,-947.7050372,-0.140417909,3.803883338,220.4201676,156.977896,482.9514751,24750.10515,-869.4147379,-0.11523184,9.930786439,224.4791019,156.8485045,396.489239,32346.83504,185.112857,0.008143767,1.167224754,0.74660422,10.75531834,1.431669289,1.982826484,81.23015123,2.435415237,8.422471206,401.4131662,3.803883338,14.6065005,630.9854965,9.930786439,17.36352199,627.7169288,1.167224754,107.1844728,105.9988852,486.8227146,11236.26914,-35.56302271,-0.032498436,1.431669289,143.6467697,135.4697931,491.2074038,18360.67554,-284.5120379,-0.088571574,2.435415237,196.065844,154.6723997,489.0244906,23999.20137,-947.7050372,-0.140417909,3.803883338,220.4201676,156.977896,482.9514751,24750.10515,-869.4147379,-0.11523184,9.930786439,224.4791019,156.8485045,396.489239,32346.83504,185.112857,0.008143767
1.710323532,66.32939248,29.53682423,1.914423889,68.23941237,196.5321458,2.798114365,77.65969531,913.4235617,11.51168052,74.39795831,663.3567624,102.2679333,71.35969919,403.9546052,1.710323532,66.32939248,29.53682423,1.914423889,68.23941237,196.5321458,2.798114365,77.65969531,913.4235617,11.51168052,74.39795831,663.3567624,102.2679333,71.35969919,403.9546052,1.710323531,66.32939248,5.434779134,122.6506797,29.65610541,0.089894261,0.010147046,1.914421792,68.23941483,14.01899981,124.3722082,197.0880119,3.461094981,0.064198595,2.785312024,77.71328055,30.28191388,131.8112213,921.1562079,7.661538105,0.027052941,9.731034637,75.57018452,27.71564651,122.4472213,830.7777071,-13.6429832,-0.027672428,79.45372026,72.19742534,22.39277931,117.503978,603.5830748,-5.634681785,-0.013728182,1.710323531,0.570385353,0.331020175,1.914421792,0.659689923,0.508368542,2.785312024,0.9844825,1.466009203,9.731034637,1.711314272,4.396350212,79.45372026,1.843579772,4.712993487,1.693943399,66.0,0.0,122.3315168,0.0,-2.0300000000000003e-73,0.0,1.803145869,66.0,0.0,122.3315168,3.64e-12,-1.1199999999999999e-150,0.0,1.930440639,66.0,1.35e-06,122.3314863,0.001341109,-3.49e-19,-7.07e-12,3.268162888,66.05997346,0.846217899,118.7254759,142.0298746,-0.33668062,-0.033384803,21.16047794,66.62347164,2.663257927,116.3662193,223.4097646,-3.151371199,-0.079185334
122.5440988,94.55607015,2354.429662,144.0988456,95.63280471,2626.820856,172.4955085,96.68396424,2891.328808,190.8281916,97.6904122,3192.426049,251.2995901,102.1785093,5283.602779,122.5440988,94.55607015,2354.429662,144.0988456,95.63280471,2626.820856,172.4955085,96.68396424,2891.328808,190.8281916,97.6904122,3192.426049,251.2995901,102.1785093,5283.602779,90.54566054,84.95171103,1.759046934,121.9776389,2288.251554,140.510574,1.669859364,101.7570503,84.85237655,1.809268972,121.6588762,2100.5384,147.7612318,1.781936889,116.212861,84.74446924,1.856277337,121.3489457,1923.619733,153.5967307,1.886600069,124.0672975,84.69370733,1.875838516,121.2125575,1847.391158,155.5899017,1.929776091,124.9061622,84.68857128,1.877729904,121.1990304,1839.881169,155.7643307,1.93392845,90.54566054,6221681.857,9329040000000000.0,101.7570503,8203360.63,1.23e+16,116.212861,10643463.93,1.59e+16,124.0672975,11899569.66,1.78e+16,124.9061622,12030671.06,1.8e+16,88.43282599,84.92666534,1.772368852,121.9601971,2288.251619,151.1586166,1.782900534,99.03348207,84.8208152,1.823804378,121.6368654,2100.538483,159.806789,1.911841666,112.6954766,84.70528236,1.871517244,121.3215827,1923.619835,166.935031,2.033735107,120.11848,84.6507638,1.891165374,121.1825559,1847.391269,169.446271,2.084603543,120.911311,84.64524231,1.893056355,121.168758,1839.88128,169.6696947,2.089518628
1.000000057,101.9999976,0.000101155,1.000045197,101.9981019,0.079717304,1.036727347,100.5526752,58.53058612,2.750964097,88.72929722,349.3118527,28.4762725,92.21954927,275.9893558,1.000000057,101.9999976,0.000101155,1.000045197,101.9981019,0.079717304,1.036727347,100.5526752,58.53058612,2.750964097,88.72929722,349.3118527,28.4762725,92.21954927,275.9893558,1.0,102.0,0.0,144.2497834,0.0,0.0,0.0,1.0,102.0,0.0,144.2497834,0.0,0.0,0.0,1.0,102.0,1.91e-06,144.2497834,5.14e-12,-1.1099999999999999e-39,-3.06e-28,1.071727397,102.0,1.91e-06,144.2497834,5.14e-12,2.4700000000000002e-29,6.79e-18,4.218028448,102.0,0.0,144.2497834,1.82e-12,-5.470000000000001e-29,0.0,1.0,39.01247787,0.0,1.0,39.01247787,0.0,1.0,39.01247787,2.27e-13,1.071727397,39.01269909,7.42e-07,4.218028448,39.04215928,0.940464385,1.0,102.0,0.0,144.2497834,0.0,0.0,0.0,1.0,102.0,0.0,144.2497834,0.0,0.0,0.0,1.0,102.0,1.91e-06,144.2497834,5.14e-12,-1.1099999999999999e-39,-3.06e-28,1.071727397,102.0,1.91e-06,144.2497834,5.14e-12,2.4700000000000002e-29,6.79e-18,4.218028448,102.0,0.0,144.2497834,1.82e-12,-5.470000000000001e-29,0.0
83.58751145,103.8331755,4611.346633,93.03359809,103.7501988,4597.785957,103.9306663,103.6631065,4583.260911,112.091377,104.4117394,4847.952834,171.4811739,108.6347385,7273.186002,83.58751145,103.8331755,4611.346633,93.03359809,103.7501988,4597.785957,103.9306663,103.6631065,4583.260911,112.091377,104.4117394,4847.952834,171.4811739,108.6347385,7273.186002,21.18687354,83.28102161,1.866298496,83.28102161,3.483070075,0.0,0.0,23.62373237,83.28310612,1.867100203,83.28310612,3.486063167,0.0,0.0,26.43463786,83.28491405,1.867793375,83.28491405,3.48865209,0.0,0.0,27.83828848,83.28563737,1.868070136,83.28563737,3.489686033,0.0,0.0,27.98377572,83.28570663,1.868096618,83.28570663,3.489784975,0.0,0.0,21.18687354,43338846.25,6.34e+16,23.62373237,47370619.75,6.91e+16,26.43463786,51593807.15,7.5e+16,27.83828848,53553692.74,7.78e+16,27.98377572,53751642.95,7.8e+16,21.18687354,83.28102161,1.866298496,83.28102161,3.483070075,0.0,0.0,23.62373237,83.28310612,1.867100203,83.28310612,3.486063167,0.0,0.0,26.43463786,83.28491405,1.867793375,83.28491405,3.48865209,0.0,0.0,27.83828848,83.28563737,1.868070136,83.28563737,3.489686033,0.0,0.0,27.98377572,83.28570663,1.868096618,83.28570663,3.489784975,0.0,0.0
1.991747321,100.0082869,3.999931328,1.995040188,100.0049721,3.999975278,1.998343989,100.0016574,3.999997302,2.617686371,98.33861472,74.16394248,28.2124935,92.57924246,278.3896685,1.991747321,100.0082869,3.999931328,1.995040188,100.0049721,3.999975278,1.998343989,100.0016574,3.999997302,2.617686371,98.33861472,74.16394248,28.2124935,92.57924246,278.3896685,1.0,102.0,0.0,144.2497834,0.0,0.0,0.0,1.0,102.0,0.0,144.2497834,0.0,0.0,0.0,1.0,102.0,0.0,144.2497834,1.82e-12,-1.16e-262,0.0,1.071527929,102.0,1.91e-06,144.2497834,4.07e-12,1.14e-58,4.43e-47,4.218497744,102.0,0.0,144.2497834,1.82e-12,1.9499999999999998e-30,0.0,1.0,39.05180502,0.0,1.0,39.05180502,0.0,1.0,39.05180502,2.27e-13,1.071527929,39.05019098,3.69e-05,4.218497744,39.03498299,0.250076624,1.0,102.0,0.0,144.2497834,0.0,0.0,0.0,1.0,102.0,0.0,144.2497834,0.0,0.0,0.0,1.0,102.0,0.0,144.2497834,1.82e-12,-1.16e-262,0.0,1.071527929,102.0,1.91e-06,144.2497834,4.07e-12,1.14e-58,4.43e-47,4.218497744,102.0,0.0,144.2497834,1.82e-12,1.9499999999999998e-30,0.0
2.040140335,440.9807504,3329.567971,2.183995003,418.9605293,10317.87043,2.872825594,349.303293,24412.73094,4.698467187,294.6248395,28441.98195,28.73666747,293.6373137,30896.46902,2.040140335,440.9807504,3329.567971,2.183995003,418.9605293,10317.87043,2.872825594,349.303293,24412.73094,4.698467187,294.6248395,28441.98195,28.73666747,293.6373137,30896.46902,1.995301188,449.0470988,19.99994454,449.0470988,399.9977817,0.0,0.0,1.997178057,449.0282593,19.99998004,449.0282593,399.9992014,0.0,0.0,1.999058469,449.0094198,19.99999778,449.0094198,399.9999113,0.0,0.0,2.428472107,450.2951174,20.08144425,450.2951174,403.264403,0.0,0.0,14.97897674,455.3543003,19.59297169,455.3543003,383.8845398,0.0,0.0,1.995301188,14.9643749,224.9488376,1.997178057,14.97850294,224.949636,1.999058469,14.99263101,224.9500352,2.428472107,14.1164821,224.1649928,14.97897674,10.66736404,206.1743151,1.995301188,449.0470988,19.99994454,449.0470988,399.9977817,0.0,0.0,1.997178057,449.0282593,19.99998004,449.0282593,399.9992014,0.0,0.0,1.999058469,449.0094198,19.99999778,449.0094198,399.9999113,0.0,0.0,2.428472107,450.2951174,20.08144425,450.2951174,403.264403,0.0,0.0,14.97897674,455.3543003,19.59297169,455.3543003,383.8845398,0.0,0.0
1.000000743,66.00000479,8.01e-05,1.000324033,66.0021784,0.052661373,1.193047238,67.71081793,101.9412377,10.11828694,73.8918622,556.0795138,99.41376794,71.2338139,401.154644,1.000000743,66.00000479,8.01e-05,1.000324033,66.0021784,0.052661373,1.193047238,67.71081793,101.9412377,10.11828694,73.8918622,556.0795138,99.41376794,71.2338139,401.154644,1.00000003,66.00000005,0.002043553,122.7134444,7.047669695,6.47e-08,1.19e-05,1.000036047,66.00024077,0.147204183,123.7766515,24.51051325,0.001131688,0.001552854,1.063016332,67.17533032,10.21754996,126.5435123,136.8327703,6.388005493,0.066475035,7.215834619,75.29383661,27.38740397,122.2467423,815.1629464,182.8575316,0.37370903,76.03287648,72.01525041,22.47637159,117.0077956,611.3521902,74.30077677,0.178157201,1.00000003,5.011547923,4.77e-07,1.000036047,5.011408564,0.000563307,1.063016332,4.800524758,0.824128117,7.215834619,2.322545161,4.975080522,76.03287648,1.926149555,4.656411578,1.0,66.0,0.0,122.3315168,0.0,-7.599999999999999e-180,0.0,1.000000001,66.0,9.54e-07,122.3315168,2.03e-12,-5.12e-67,-3.98e-55,1.000963659,66.0,0.0,122.3315168,1.43e-06,1.04e-24,0.0,2.081847639,66.0,9.54e-07,119.9410864,97.35223473,-3.79e-14,-4.03e-09,19.36031013,66.00000009,0.001041618,114.919499,250.5301276,-8.39e-06,-0.00050906
1.377108935,77.61854346,50.90614359,1.73506895,75.22157763,62.51086188,2.514721299,72.69631494,87.00026608,11.36715717,73.14113208,485.0165626,99.50018413,71.18483153,391.2123967,1.377108935,77.61854346,50.90614359,1.73506895,75.22157763,62.51086188,2.514721299,72.69631494,87.00026608,11.36715717,73.14113208,485.0165626,99.50018413,71.18483153,391.2123967,1.000000059,81.99999905,0.003893423,105.2615782,1.52e-05,6.720000000000001e-110,0.0,1.000046074,81.99926285,0.108599286,105.2610047,0.011793805,1.98e-65,0.0,1.035850677,81.44624178,2.924633871,104.8307701,8.553483279,-1.67e-08,-2.22e-06,2.3540608,73.73234941,7.995521444,100.17345,68.89703516,-4.796574903,-0.11835976,19.12521671,70.45922149,7.153164744,100.0140422,74.94903304,2.42962728,0.045897544,1.000000059,4.80189861,6.24e-06,1.000046074,4.802370806,0.004851838,1.035850677,5.157071112,3.518730552,2.3540608,8.817462377,24.89683678,19.12521671,7.863349969,33.3235939,1.000000059,81.99999905,0.003893423,105.2615782,1.52e-05,6.720000000000001e-110,0.0,1.000046074,81.99926285,0.108599286,105.2610047,0.011793805,1.98e-65,0.0,1.035850677,81.44624178,2.924633871,104.8307701,8.553483279,-1.67e-08,-2.22e-06,2.3540608,73.73234941,7.995521444,100.17345,68.89703516,-4.796574903,-0.11835976,19.12521671,70.45922149,7.153164744,100.0140422,74.94903304,2.42962728,0.045897544
1.970974602,102.0,0.0,1.982482271,102.0,3.64e-12,1.994126386,101.9999987,5.25e-05,2.828495507,97.06267266,174.7762743,29.1585839,91.72263359,303.3999166,1.970974602,102.0,0.0,1.982482271,102.0,3.64e-12,1.994126386,101.9999987,5.25e-05,2.828495507,97.06267266,174.7762743,29.1585839,91.72263359,303.3999166,1.0,102.0,0.0,144.2497834,0.0,0.0,0.0,1.0,102.0,0.0,144.2497834,0.0,0.0,0.0,1.0,102.0,0.0,144.2497834,1.82e-12,-3.91e-52,0.0,1.071661201,102.0,0.0,144.2497834,0.0,3.01e-30,0.0,4.219359436,102.0,1.35e-06,144.2497834,2.57e-12,1.63e-28,8.98e-17,1.0,39.02391005,0.0,1.0,39.02391005,0.0,1.0,39.02391005,4.55e-13,1.071661201,39.02512935,2.36e-05,4.219359436,39.025047,0.003983574,1.0,102.0,0.0,144.2497834,0.0,0.0,0.0,1.0,102.0,0.0,144.2497834,0.0,0.0,0.0,1.0,102.0,0.0,144.2497834,1.82e-12,-3.91e-52,0.0,1.071661201,102.0,0.0,144.2497834,0.0,3.01e-30,0.0,4.219359436,102.0,1.35e-06,144.2497834,2.57e-12,1.63e-28,8.98e-17
1.999986236,66.00000459,0.000413265,2.000145556,66.00287371,0.258625883,2.093815735,67.71816979,151.6808677,9.847709886,73.9223667,624.1376551,94.79056408,70.97828089,393.958824,1.999986236,66.00000459,0.000413265,2.000145556,66.00287371,0.258625883,2.093815735,67.71816979,151.6808677,9.847709886,73.9223667,624.1376551,94.79056408,70.97828089,393.958824,1.999986236,66.00000459,0.020328922,122.3315202,0.000413681,1.35e-11,1.54e-07,2.000145454,66.00287371,0.508552746,122.3335186,0.25876821,3.69e-06,7.84e-05,2.089133746,67.72198915,12.32938672,123.4562716,152.0829748,0.850328699,0.032200985,8.189198991,75.05726189,27.07617262,123.2455413,774.9106166,-7.189800994,-0.016759272,72.89996589,71.94218338,22.17848927,118.2974266,582.4261611,38.60995188,0.098576567,1.999986236,2.239906735,5.017234769,2.000145454,2.23990165,5.017252814,2.089133746,2.244856389,5.055756863,8.189198991,2.159589069,8.803288739,72.89996589,2.027385722,10.15106164,1.0,66.0,0.0,122.3315168,0.0,-6.0400000000000005e-43,0.0,1.000000001,66.0,9.54e-07,122.3315168,2.03e-12,-5.25e-31,-4.08e-19,1.000973348,66.0,1.35e-06,122.3314836,0.001458689,5.48e-19,1.06e-11,2.253322493,66.00002112,0.015920718,118.8125831,137.9065786,-0.000290786,-0.001555313,18.69957696,66.28050894,1.813124931,116.9969002,200.3941882,0.800830544,0.031203231
1.0,60.0,0.0,1.0,60.0,8.14e-11,1.000281916,60.00444868,1.201124566,2.291257974,149.078088,16116.178,18.13296592,226.3417317,17242.6095,1.0,60.0,0.0,1.0,60.0,8.14e-11,1.000281916,60.00444868,1.201124566,2.291257974,149.078088,16116.178,18.13296592,226.3417317,17242.6095,1.0,60.0,0.0,60.0,0.0,0.0,0.0,1.0,60.0,0.0,60.0,0.0,0.0,0.0,1.0,60.0,0.0,60.0,0.0,0.0,0.0,1.000183033,60.0,0.0,60.0,0.0,0.0,0.0,1.720386152,60.0,6.74e-07,60.0,4.55e-13,0.0,0.0,1.0,124.1582301,0.0,1.0,124.1582301,0.0,1.0,124.1582301,0.0,1.000183033,124.1587835,0.001673634,1.720386152,125.9143059,122.0244499,1.0,60.0,0.0,60.0,0.0,0.0,0.0,1.0,60.0,0.0,60.0,0.0,0.0,0.0,1.0,60.0,0.0,60.0,0.0,0.0,0.0,1.000183033,60.0,0.0,60.0,0.0,0.0,0.0,1.720386152,60.0,6.74e-07,60.0,4.55e-13,0.0,0.0
1.970486919,330.0,0.0,1.982186163,330.0,4.37e-11,1.994027335,329.9998862,0.030708598,3.684244892,247.4742721,13173.04816,28.99922098,192.6080965,14901.84558,1.970486919,330.0,0.0,1.982186163,330.0,4.37e-11,1.994027335,329.9998862,0.030708598,3.684244892,247.4742721,13173.04816,28.99922098,192.6080965,14901.84558,1.0,330.0,0.0,431.4904402,0.0,0.0,0.0,1.0,330.0,0.0,431.4904402,0.0,0.0,0.0,1.000000026,330.0,3.81e-06,431.4904402,3.25e-11,-4.74e-214,-2.3e-203,1.211785379,330.0,3.81e-06,431.4904402,3.25e-11,-1.36e-28,-6.62e-18,6.353520826,330.0,6.61e-06,431.4904402,5.25e-11,-3.0100000000000004e-27,-8.44e-17,1.0,25.18713093,0.0,1.0,25.18713093,0.0,1.000000026,25.18713092,3.85e-10,1.211785379,25.1646779,0.002443237,6.353520826,24.78342836,21.68456711,1.0,330.0,0.0,431.4904402,0.0,0.0,0.0,1.0,330.0,0.0,431.4904402,0.0,0.0,0.0,1.000000026,330.0,3.81e-06,431.4904402,3.25e-11,-4.74e-214,-2.3e-203,1.211785379,330.0,3.81e-06,431.4904402,3.25e-11,-1.36e-28,-6.62e-18,6.353520826,330.0,6.61e-06,431.4904402,5.25e-11,-3.0100000000000004e-27,-8.44e-17
1.584319016,164.5669785,22565.37418,2.223404066,227.3366005,29697.95082,3.669976984,296.4840376,29654.14928,5.736976503,315.3818276,28683.75137,31.11434982,288.2972935,31916.29513,1.584319016,164.5669785,22565.37418,2.223404066,227.3366005,29697.95082,3.669976984,296.4840376,29654.14928,5.736976503,315.3818276,28683.75137,31.11434982,288.2972935,31916.29513,1.285022028,96.60884482,57.33340391,206.935422,3287.119204,0.0,0.0,1.470898227,110.1797768,64.38133673,213.6084811,4144.956519,0.0,0.0,1.777992994,126.384396,68.4599983,222.4005745,4686.771368,9.85e-49,0.0,2.257033497,134.1518011,68.99478646,226.9046181,4760.280559,-3.37e-26,0.0,10.63795581,134.9016394,68.99992506,227.348746,4760.989658,8.9e-14,4.78e-10,1.285022028,6.872412968,148.7016694,1.470898227,9.75883525,187.5082453,1.777992994,13.2054205,212.0186957,2.257033497,14.84053365,215.064021,10.63795581,14.97843968,212.8199433,1.285022028,96.60884482,57.33340391,206.935422,3287.119204,0.0,0.0,1.470898227,110.1797768,64.38133673,213.6084811,4144.956519,0.0,0.0,1.777992994,126.384396,68.4599983,222.4005745,4686.771368,9.85e-49,0.0,2.257033497,134.1518011,68.99478646,226.9046181,4760.280559,-3.37e-26,0.0,10.63795581,134.9016394,68.99992506,227.348746,4760.989658,8.9e-14,4.78e-10
3.837943188,66.0,9.09e-13,3.901467057,66.0,6.4e-10,4.04980296,65.99964336,0.026313724,12.12081954,68.61001811,241.2863702,100.4618764,70.5068545,362.8747861,3.837943188,66.0,9.09e-13,3.901467057,66.0,6.4e-10,4.04980296,65.99964336,0.026313724,12.12081954,68.61001811,241.2863702,100.4618764,70.5068545,362.8747861,3.837943188,66.0,0.0,122.331516,3.59e-05,1.57e-45,0.0,3.901467054,66.0,1.91e-06,122.3307701,0.032811799,-9.02e-17,-2.61e-10,4.047873755,66.00025193,0.150578359,121.5424919,33.85001261,-0.000731257,-0.000834696,10.65772403,69.09025583,16.38820746,115.4037547,415.4850276,-15.91277386,-0.054535219,79.54455406,71.26505361,21.01764769,116.373546,557.1651705,17.80403529,0.045970518,3.837943188,1.19155026,4.412402185,3.901467054,1.208973802,4.456534171,4.047873755,1.226899379,4.456590145,10.65772403,1.558535972,4.119479439,79.54455406,1.839442549,4.122749282,1.927992297,66.0,0.0,122.3315168,3.64e-12,-1.0999999999999999e-119,0.0,1.956151307,66.0,0.0,122.3315168,0.0,-2.3099999999999998e-138,0.0,1.986126464,66.0,9.54e-07,122.3314832,0.001477661,2.22e-19,6.06e-12,3.288532147,66.0,9.54e-07,118.3683631,152.9065472,-5.14e-14,-4.36e-09,21.01255846,66.00127564,0.123717656,114.5396086,259.2266153,-0.040663087,-0.020414035
1.0590076,96.94533827,38.96483452,1.256148622,94.355149,125.2193993,2.462245187,90.36541262,233.9409505,8.172614203,115.8831986,5782.555913,29.07000012,179.1828151,14776.12824,1.0590076,96.94533827,38.96483452,1.256148622,94.355149,125.2193993,2.462245187,90.36541262,233.9409505,8.172614203,115.8831986,5782.555913,29.07000012,179.1828151,14776.12824,1.0590076,96.94533827,6.242181872,125.1675928,363.0666487,-0.494026395,-0.004165608,1.256148622,94.355149,11.19014742,123.8281221,380.7619908,-3.906072574,-0.018407934,2.462162108,90.35732677,15.23191153,124.160282,397.7878755,29.98977064,0.109531073,7.287779165,89.88652058,15.57188716,126.2108375,362.2361199,121.2622874,0.474706153,17.72243244,82.61547208,18.6528379,127.7307504,8268.822351,78.22927264,0.046141844,1.0590076,0.989191503,0.027550531,1.256148622,0.919022175,0.088307415,2.462162108,0.837025906,0.515334457,7.287779165,3.166869108,45.51900451,17.72243244,8.78743594,120.2443158,1.029615631,98.0,1.35e-06,138.5929291,2.57e-12,-3.15e-31,-1.73e-19,1.135662449,98.0,1.35e-06,138.5929291,1.82e-12,6.759999999999999e-41,0.0,1.966964728,98.0,1.91e-06,138.5929291,5.14e-12,1.02e-28,2.79e-17,5.731746369,98.0,2.34e-06,138.5929291,5.75e-12,-1.43e-28,-4.52e-17,10.54739937,98.0,3.02e-06,138.5929291,9.28e-12,2.2399999999999997e-28,5.51e-17
2.989939634,456.3790212,373.6442593,2.993957097,456.360751,373.8758583,2.997995679,456.3408743,374.7358613,4.266136168,387.3917835,20578.51892,28.59503368,305.5367643,31021.32717,2.989939634,456.3790212,373.6442593,2.993957097,456.360751,373.8758583,2.997995679,456.3408743,374.7358613,4.266136168,387.3917835,20578.51892,28.59503368,305.5367643,31021.32717,2.989939634,456.3790212,19.32987996,456.3790212,373.6442593,0.0,0.0,2.993957097,456.360751,19.33586973,456.360751,373.8758583,0.0,0.0,2.997983471,456.3424742,19.34184339,456.3424742,374.1069057,0.0,0.0,3.428354346,456.334269,19.34451746,456.334269,374.2103557,0.0,0.0,15.97852056,456.3334151,19.34479702,456.3334151,374.2211717,0.0,0.0,2.989939634,9.967285393,199.6295691,2.993957097,9.980313356,199.7605144,2.997983471,9.993346652,199.8911735,3.428354346,9.999230039,199.9508284,15.97852056,10.00014579,199.9753935,2.989939634,456.3790212,19.32987996,456.3790212,373.6442593,0.0,0.0,2.993957097,456.360751,19.33586973,456.360751,373.8758583,0.0,0.0,2.997983471,456.3424742,19.34184339,456.3424742,374.1069057,0.0,0.0,3.428354346,456.334269,19.34451746,456.334269,374.2103557,0.0,0.0,15.97852056,456.3334151,19.34479702,456.3334151,374.2211717,0.0,0.0
1.0,204.0,1.46e-11,1.000000001,204.0000001,3.29e-05,1.001666423,204.4197965,106.3813467,3.113917233,319.4298284,22262.13434,28.14177074,297.0603382,30685.56116,1.0,204.0,1.46e-11,1.000000001,204.0000001,3.29e-05,1.001666423,204.4197965,106.3813467,3.113917233,319.4298284,22262.13434,28.14177074,297.0603382,30685.56116,1.0,204.0,0.0,274.0529146,0.0,0.0,0.0,1.0,204.0,0.0,274.0529146,0.0,0.0,0.0,1.000000002,203.9999998,0.004682697,274.0529145,2.19e-05,3.9800000000000006e-21,0.0,1.288832414,188.357851,43.74859695,262.6169835,1913.939735,1.88e-13,1.59e-09,9.66146017,142.0584599,68.63703726,231.6670154,4711.042884,-3.42e-13,-1.85e-09,1.0,29.69393897,0.0,1.0,29.69393897,0.0,1.000000002,29.69393894,9.94e-07,1.288832414,26.35017758,86.52932733,9.66146017,16.50198568,212.0878254,1.0,204.0,0.0,274.0529146,0.0,0.0,0.0,1.0,204.0,0.0,274.0529146,0.0,0.0,0.0,1.000000002,203.9999998,0.004682697,274.0529145,2.19e-05,3.9800000000000006e-21,0.0,1.288832414,188.357851,43.74859695,262.6169835,1913.939735,1.88e-13,1.59e-09,9.66146017,142.0584599,68.63703726,231.6670154,4711.042884,-3.42e-13,-1.85e-09
2.989764971,456.3842677,373.5684445,2.993851781,456.3639017,373.8304533,2.997948438,456.3434931,374.1044933,4.02354723,404.0530128,16666.29115,29.56109922,296.630016,32206.86079,2.989764971,456.3842677,373.5684445,2.993851781,456.3639017,373.8304533,2.997948438,456.3434931,374.1044933,4.02354723,404.0530128,16666.29115,29.56109922,296.630016,32206.86079,2.989764971,456.3842677,19.32791878,456.3842677,373.5684445,0.0,0.0,2.993851781,456.3639017,19.33469558,456.3639017,373.8304533,0.0,0.0,2.997948192,456.3435253,19.34145286,456.3435253,374.0917988,0.0,0.0,3.428273091,456.3343429,19.34449136,456.3343429,374.2093458,0.0,0.0,15.97847626,456.3334313,19.34479212,456.3334313,374.2209823,0.0,0.0,2.989764971,9.9643229,199.6254314,2.993851781,9.978912284,199.7721727,2.997948192,9.993509662,199.9185684,3.428273091,9.999883985,199.976278,15.97847626,10.000146,199.9674713,2.989764971,456.3842677,19.32791878,456.3842677,373.5684445,0.0,0.0,2.993851781,456.3639017,19.33469558,456.3639017,373.8304533,0.0,0.0,2.997948192,456.3435253,19.34145286,456.3435253,374.0917988,0.0,0.0,3.428273091,456.3343429,19.34449136,456.3343429,374.2093458,0.0,0.0,15.97847626,456.3334313,19.34479212,456.3334313,374.2209823,0.0,0.0
1.032243591,98.0,0.0,1.142534511,98.0,1.82e-12,1.874787824,97.99983666,0.033206679,4.566644129,123.0139637,6062.730178,24.64256779,190.8209468,15394.88857,1.032243591,98.0,0.0,1.142534511,98.0,1.82e-12,1.874787824,97.99983666,0.033206679,4.566644129,123.0139637,6062.730178,24.64256779,190.8209468,15394.88857,1.032243591,98.0,0.0,138.5929291,1.82e-12,1.03e-271,0.0,1.142534511,98.0,1.35e-06,138.5929291,2.37e-11,6.67e-24,1.02e-12,1.874787016,97.99973666,0.100034157,138.592344,0.023659653,2.49e-06,0.000170211,4.009741062,94.26618258,11.31121875,132.4383798,208.2208177,89.60387379,0.618061145,13.80919589,81.63439758,18.81648079,115.7568562,1295.214331,505.1902937,0.760638244,1.032243591,1.000476328,0.004394909,1.142534511,1.020961875,0.254319786,1.874787016,1.814898932,9.300734496,4.009741062,5.84132537,63.7231493,13.80919589,11.29609666,131.8201277,1.032243591,98.0,0.0,138.5929291,1.82e-12,0.0,0.0,1.142534511,98.0,0.0,138.5929291,0.0,0.0,0.0,1.874774023,98.0,0.0,138.5929291,1.82e-12,-5.039999999999999e-190,0.0,3.615750509,98.0,0.0,138.5929291,1.82e-12,2.21e-39,0.0,7.86193774,98.0,2.7e-06,138.5929291,8.13e-12,-9.09e-29,-1.77e-17
1.0,98.0,0.0,1.0,98.0,0.0,1.000000066,97.99999904,4.27e-05,2.182027187,95.73323972,144.4099145,28.25108138,93.01822923,709.0814801,1.0,98.0,0.0,1.0,98.0,0.0,1.000000066,97.99999904,4.27e-05,2.182027187,95.73323972,144.4099145,28.25108138,93.01822923,709.0814801,1.0,98.0,0.0,114.9086599,4.07e-05,2.43e-50,0.0,1.0,98.0,0.0,114.9092453,0.042640908,4.1200000000000003e-29,0.0,1.00000003,97.99999889,0.006493425,115.5076627,41.99725436,6.6e-08,1.57e-06,1.358425918,91.93376001,13.91825607,118.6757897,395.9954695,22.76525693,0.088011727,10.96653284,77.00024963,18.82262074,114.0841744,4943.282713,-229.1400618,-0.173369367,1.0,25.02946401,0.0,1.0,25.02946401,0.0,1.00000003,25.02946342,1.16e-05,1.358425918,21.80919685,68024502.09,10.96653284,12552290.05,1.87e+16,1.0,98.0,0.0,138.5929291,0.0,0.0,0.0,1.0,98.0,0.0,138.5929291,0.0,0.0,0.0,1.000000001,98.0,0.0,138.5929291,3.64e-12,-1.9500000000000002e-73,0.0,1.141569665,98.0,1.91e-06,138.5929291,4.07e-12,-3.64e-48,-1.42e-36,4.874869658,98.0,1.91e-06,138.5929291,5.14e-12,-8.63e-29,-2.37e-17
5.328457681,66.0,1.73e-11,5.577265457,65.99999988,7.12e-07,5.861062777,65.99509032,0.029441048,12.61121839,66.71206183,69.56556389,104.2570594,70.39716333,311.2585083,5.328457681,66.0,1.73e-11,5.577265457,65.99999988,7.12e-07,5.861062777,65.99509032,0.029441048,12.61121839,66.71206183,69.56556389,104.2570594,70.39716333,311.2585083,5.328457681,66.0,0.0,122.3315168,1.82e-12,6.39e-73,0.0,5.577265346,66.0,0.0,122.3315168,1.28e-06,1.13e-22,0.0,5.856127081,66.0,0.000219983,122.3168681,0.643441515,-9e-12,-5.1e-08,10.91618099,66.8173845,8.537223017,116.1386862,253.6830045,-2.558993038,-0.019229166,83.90933317,70.92545811,19.29372958,116.4508612,494.4425401,18.91960379,0.054358428,5.328457681,1.401386247,11.22437747,5.577265346,1.478713488,11.74176223,5.856127081,1.5571699,12.25384423,10.91618099,1.739752774,11.66432526,83.90933317,1.763309569,9.817810393,1.778365293,66.0,1.35e-06,122.3315168,1.82e-12,-6.93e-150,0.0,1.86041917,66.0,0.0,122.3315168,0.0,2.1799999999999998e-74,0.0,1.952050258,66.0,0.0,122.3314816,0.001545953,1.24e-40,0.0,3.314568577,66.00025109,0.054891046,118.070619,162.658803,-0.004368152,-0.006239611,22.36339653,66.85632244,3.08910685,115.8621407,239.8838905,-1.4266005,-0.029829148
1.204720677,64.9819111,5.072028402,1.39355663,64.3391167,7.206766473,2.012867121,63.83022479,8.313551787,9.718087757,67.45324112,145.636602,94.333698,70.27455978,337.0550077,1.204720677,64.9819111,5.072028402,1.39355663,64.3391167,7.206766473,2.012867121,63.83022479,8.313551787,9.718087757,67.45324112,145.636602,94.333698,70.27455978,337.0550077,1.000301882,66.0,1.35e-06,122.3239116,0.334127226,-8.49e-17,-1.09e-10,1.007792503,66.0,0.0,122.1711443,7.013061363,-2.19e-46,0.0,1.26462758,66.00000032,0.005383386,118.9119204,134.4770787,-1.66e-06,-2.66e-05,7.009046179,68.06895047,13.48795707,114.9488784,345.6618451,-0.482634102,-0.002087189,72.08402875,71.0310242,20.53974064,117.0404932,529.3209671,14.50020517,0.03948385,1.000301882,2.338884416,1.64e-05,1.007792503,2.340579048,0.000810005,1.26462758,2.381561268,0.326205299,7.009046179,2.337147214,3.386841153,72.08402875,2.02807101,3.65689958,1.0,66.0,9.54e-07,122.3315168,2.03e-12,2e-28,1.55e-16,1.000000001,66.0,1.35e-06,122.3315168,1.82e-12,-1.73e-190,0.0,1.00099697,66.0,0.0,122.3315168,1.43e-06,1.1000000000000001e-27,0.0,2.13345066,66.0,1.65e-05,120.4304311,78.68307441,-5.51e-11,-3.76e-07,18.37852213,66.09408413,1.058375049,116.8534336,201.4645747,-0.361116428,-0.024038738
1.005185676,66.03156496,0.504043093,1.055821264,66.3621834,5.663757735,1.669538548,68.75716582,36.586728,9.684333444,69.28667473,202.5782249,98.62237282,70.53336286,405.3685436,1.005185676,66.03156496,0.504043093,1.055821264,66.3621834,5.663757735,1.669538548,68.75716582,36.586728,9.684333444,69.28667473,202.5782249,98.62237282,70.53336286,405.3685436,1.000000054,66.0,1.35e-06,105.6174326,338.0733068,-1.75e-20,-7.06e-16,1.000057215,66.0,0.0,106.254778,340.7398306,-5.29e-22,0.0,1.063209456,66.00000641,0.024024141,107.3112802,342.2378154,1.05e-05,2.36e-05,6.464718898,69.08836695,16.38180087,115.3011362,415.6049381,7.72970355,0.026487112,75.06854934,71.39280988,22.61959821,116.5054275,629.5869149,14.90997792,0.034413798,1.000000054,4.995890706,7.33e-07,1.000057215,4.995737999,0.000745906,1.063209456,4.842713541,0.71805449,6.464718898,2.57821931,4.436197935,75.06854934,1.948106367,3.860966767,1.0,66.0,0.0,122.3315168,1.82e-12,3.82e-58,0.0,1.000000001,66.0,9.54e-07,122.3315168,9.09e-13,4.0600000000000004e-57,0.0,1.000967215,66.0,0.0,122.3315168,1.32e-09,-1.17e-42,0.0,2.039178379,66.0,1.35e-06,121.2360087,46.53179269,-2.96e-14,-3.22e-09,19.21255,66.00065517,0.088666051,115.109692,246.0369276,-0.024784104,-0.017820328
1.000320776,65.99807655,0.011536986,1.008093061,65.95232489,0.283777717,1.276121393,65.05959257,4.790654178,9.139573124,69.30160594,297.1027446,95.4777037,70.83990545,362.6924261,1.000320776,65.99807655,0.011536986,1.008093061,65.95232489,0.283777717,1.276121393,65.05959257,4.790654178,9.139573124,69.30160594,297.1027446,95.4777037,70.83990545,362.6924261,1.000000099,66.0,0.0,122.3315168,1.18e-08,-2.39e-27,0.0,1.000082904,66.0,9.54e-07,122.3315096,0.000313962,-4.27e-15,-2.53e-07,1.075858315,66.00040279,0.190308288,122.1545068,7.750464323,-0.002854271,-0.005387361,7.303341628,70.45464938,18.83789247,118.5957443,442.5730031,-22.45044587,-0.073284129,76.01059504,71.51732293,20.96509708,117.3148666,545.1080821,31.67809846,0.084150072,1.000000099,4.843244676,1.43e-06,1.000082904,4.84295042,0.001185649,1.075858315,4.603331275,0.884075964,7.303341628,2.247215726,3.573048754,76.01059504,1.946414532,35275034.49,1.0,66.0,0.0,122.3315168,3.64e-12,0.0,0.0,1.000000001,66.0,9.54e-07,122.3315168,2.03e-12,6.320000000000001e-31,4.91e-19,1.000988539,66.0,1.35e-06,122.3314835,0.001461398,5.6e-19,1.09e-11,2.261084164,66.0,1.35e-06,118.7516714,139.9953502,5.93e-14,3.72e-09,18.75358762,66.00203603,0.156319447,116.0650696,221.8738842,-0.053542997,-0.022995167
1.00005798,66.00039143,0.006266558,1.003869129,66.02708988,0.436678988,1.344267317,67.28455298,21.96179831,9.826919566,69.27242518,195.2415601,99.88727501,76.24982839,5517.017799,1.00005798,66.00039143,0.006266558,1.003869129,66.02708988,0.436678988,1.344267317,67.28455298,21.96179831,9.826919566,69.27242518,195.2415601,99.88727501,76.24982839,5517.017799,1.000000068,66.0,9.54e-07,103.234486,316.0468667,9.7e-42,5.72e-37,1.000065848,66.0,0.0,104.7770967,332.4977865,-2.03e-36,0.0,1.066101953,66.00000336,0.016417217,106.8155926,341.9857926,5.83e-06,1.92e-05,6.685173822,69.36327155,15.91809533,115.176181,404.8171895,5.176574189,0.018302372,77.81457026,78.47824934,83.92578302,122.729704,8007.417119,29.61906054,0.00571846,1.000000068,4.947385853,8.64e-07,1.000065848,4.94722137,0.000822477,1.066101953,4.795476172,0.73455316,6.685173822,2.534571025,5.696606274,77.81457026,1.882940992,4.891809708,1.0,66.0,0.0,122.3315168,3.64e-12,-2.5500000000000003e-195,0.0,1.000000001,66.0,0.0,122.3315168,3.64e-12,8.56e-56,0.0,1.000968701,66.0,9.54e-07,122.3314846,0.00141352,-3.35e-22,-9.33e-15,2.16395961,66.0,0.000126742,118.0215123,164.2382534,-7.18e-08,-4.42e-05,19.59835838,66.07569524,0.981021063,114.8678087,256.8455691,0.01694562,0.001077816
20.08685563,95.60534538,2735.312122,20.70843063,95.2716543,2720.795599,21.71913919,94.51500594,2713.716967,24.96511046,106.3309202,5551.381196,51.77968798,143.4957218,11722.39265,20.08685563,95.60534538,2735.312122,20.70843063,95.2716543,2720.795599,21.71913919,94.51500594,2713.716967,24.96511046,106.3309202,5551.381196,51.77968798,143.4957218,11722.39265,4.767768203,84.42727544,1.953825913,84.42727544,3.817435698,0.0,0.0,4.858971007,84.4163027,1.956193258,84.4163027,3.826692062,0.0,0.0,4.952417733,84.40541325,1.958479027,84.40541325,3.8356401,0.0,0.0,4.995215698,84.40054038,1.959481413,84.40054038,3.839567407,0.0,0.0,4.999521308,84.40005403,1.959580765,84.40005403,3.839956775,0.0,0.0,4.767768203,295448094.9,3.58e+17,4.858971007,297738123.1,3.6e+17,4.952417733,300015651.0,3.62e+17,4.995215698,301036410.7,3.63e+17,4.999521308,301138344.8,3.63e+17,4.767768203,84.42727544,1.953825913,84.42727544,3.817435698,0.0,0.0,4.858971007,84.4163027,1.956193258,84.4163027,3.826692062,0.0,0.0,4.952417733,84.40541325,1.958479027,84.40541325,3.8356401,0.0,0.0,4.995215698,84.40054038,1.959481413,84.40054038,3.839567407,0.0,0.0,4.999521308,84.40005403,1.959580765,84.40005403,3.839956775,0.0,0.0
1.366964843,66.0,9.09e-13,2.12122588,66.00000002,1.52e-06,4.5152284,66.01491907,1.322552941,13.29733516,70.33388917,328.8121591,100.1669765,71.28947827,385.642637,1.366964843,66.0,9.09e-13,2.12122588,66.00000002,1.52e-06,4.5152284,66.01491907,1.322552941,13.29733516,70.33388917,328.8121591,100.1669765,71.28947827,385.642637,1.366960747,66.0,1.35e-06,105.402012,336.8684958,4.42e-14,1.78e-09,2.120640502,66.00000002,0.001231413,106.1234074,340.2995507,9.42e-08,4.15e-06,4.431418471,66.01492666,1.158955107,106.8755369,342.242616,0.156750977,0.007311025,11.32835713,70.50935824,19.4404698,114.9701022,515.7725698,41.99971664,0.115317908,79.89832381,71.9441335,21.63223886,117.6334021,570.4241055,64.23664252,0.164415575,1.366960747,0.948431373,3.095602696,2.120640502,1.149247271,6.283522893,4.431418471,1.372609817,9.446797535,11.32835713,1.634621307,9.91884165,79.89832381,17.40984799,23428863558.0,1.0,66.0,1.65e-06,136.0771796,0.00026456,-9.380000000000001e-35,-3.4900000000000006e-27,1.000000001,66.00000004,0.001793234,136.0743631,0.17095505,-1.96e-19,-2.64e-16,1.0015839,66.06604169,2.437086506,134.3589327,102.4652215,-0.000318658,-1.29e-05,2.661147606,84.78261403,36.57387965,125.6973648,1510.739259,-85.02976872,-0.087736806,19.78019745,88.51229576,38.83492336,122.7828731,1639.853159,86.23083323,0.087505086
19.12529443,155.1231797,40290.52101,20.31957821,153.5643969,39606.72242,22.41415485,149.0276386,37760.70638,32.68738055,126.8287562,27652.89126,67.21551254,101.9659688,14318.97717,19.12529443,155.1231797,40290.52101,20.31957821,153.5643969,39606.72242,22.41415485,149.0276386,37760.70638,32.68738055,126.8287562,27652.89126,67.21551254,101.9659688,14318.97717,18.33462186,158.6215815,204.284096,360.1004572,171362.7775,-28659.60872,-0.344124398,19.43456572,157.1876055,202.7533719,361.3523114,174494.5692,-30047.51205,-0.359872957,20.91502581,154.4054409,200.0871361,358.6326556,176063.7621,-28943.41505,-0.349349244,23.26228515,146.9699377,193.0780748,342.4232426,166457.1003,-19330.49944,-0.248568412,31.94319846,124.9926768,168.8638896,281.9671987,131752.1769,3244.819022,0.053577632,18.33462186,0.053702495,0.07359358,19.43456572,0.075710223,0.175168138,20.91502581,0.172210492,0.808919786,23.26228515,1.103507844,22.07849345,31.94319846,4.903503394,95.52862575,3.886550279,210.3778548,245.950908,310.1452449,67281.63291,27459.67602,0.65053821,3.931384279,210.5322011,246.0206873,309.843652,67303.33395,27676.57636,0.655724023,3.976944094,210.6792276,246.0861247,309.5376286,67322.87212,27893.96944,0.66094099,3.997686062,210.7430049,246.1141617,309.3984717,67330.961,27991.95111,0.663298751,3.999768523,210.7493013,246.1169174,309.3845067,67331.74593,28001.75443,0.663534872
3.87666446,66.00045939,0.007758978,3.929676834,66.01959216,0.493062452,4.278173503,67.65467856,101.6358693,13.505227,76.29085601,745.2271419,112.5843708,95.13102161,25337.0,3.87666446,66.00045939,0.007758978,3.929676834,66.01959216,0.493062452,4.278173503,67.65467856,101.6358693,13.505227,76.29085601,745.2271419,112.5843708,95.13102161,25337.0,2.890120307,66.00000741,0.02583009,122.3315172,0.000745484,-1.12e-10,-2.37e-07,2.93362394,66.0032578,0.5414718,122.331975,0.316575969,-1.78e-05,-9.49e-05,3.117955772,67.44388115,11.30710919,122.6342452,134.529412,-2.773723898,-0.03791456,10.17815752,78.63232505,30.72922674,122.5825579,999.4546658,-73.24903699,-0.13172445,89.3645209,102.1358297,177.9542832,147.9680507,38218.95886,950.8963155,0.036529638,2.890120307,1.390175874,3.929863517,2.93362394,1.400833563,3.945480942,3.117955772,1.40142489,3.887118948,10.17815752,1.610353312,3.528996451,89.3645209,1.637667338,1903140.124,1.945038722,66.0,0.0,122.3315168,0.0,7.56e-74,0.0,1.966651129,66.0,0.0,122.3315168,0.0,-9.9e-128,0.0,1.989716198,66.0,9.54e-07,122.3315168,1.39e-06,-1.85e-40,-1.6400000000000001e-31,3.135124175,66.00016709,0.175593943,120.3685551,83.81473239,-0.000643896,-0.00040054,18.91772549,74.76148268,39.27924132,195.8741624,101151.6733,1492.570611,0.119484212
1.000000029,60.00000041,5.68e-06,1.000030004,60.00042004,0.005880453,1.031234201,60.42362973,5.751354078,4.340166691,70.03562755,70.70249194,36.60639786,75.20900914,273.3402369,1.000000029,60.00000041,5.68e-06,1.000030004,60.00042004,0.005880453,1.031234201,60.42362973,5.751354078,4.340166691,70.03562755,70.70249194,36.60639786,75.20900914,273.3402369,1.0,60.0,0.0,84.85281436,2.61e-05,1.6000000000000002e-35,0.0,1.0,60.0,6.74e-07,84.85345054,0.027016124,1.96e-20,1.77e-13,1.000030733,60.00001291,0.01344314,85.49462941,26.31039796,2.26e-05,0.000327331,1.786486406,62.52593181,5.353822281,96.90678939,320.8571875,28.94992497,0.302480622,11.40415988,66.32109335,23.2411841,104.8270483,2002.179256,310.4345273,0.304203976,1.0,15.03380704,0.0,1.0,15.03380704,2.64e-12,1.000030733,15.03351318,0.003017297,1.786486406,13.02062874,32.70665261,11.40415988,13.83149576,179.1036693,1.0,60.0,0.0,84.85281374,0.0,0.0,0.0,1.0,60.0,6.74e-07,84.85281374,4.55e-13,0.0,0.0,1.000029811,60.0,0.0,84.85281374,0.0,1.74e-150,0.0,1.461027705,60.0,6.74e-07,84.85281374,6.43e-13,1.2100000000000001e-29,2.66e-17,6.666420256,60.0,0.0,84.85281374,1.82e-12,1.09e-28,0.0
1.0,330.0,0.0,1.0,330.0,0.0,1.000001015,329.9997419,0.069680443,1.763692736,279.4827486,10942.61191,25.15023761,195.7245092,15518.94097,1.0,330.0,0.0,1.0,330.0,0.0,1.000001015,329.9997419,0.069680443,1.763692736,279.4827486,10942.61191,25.15023761,195.7245092,15518.94097,1.0,330.0,0.0,431.4904402,0.0,0.0,0.0,1.0,330.0,0.0,431.4904402,0.0,0.0,0.0,1.00000003,330.0,0.0,431.4904402,2.91e-11,1.32e-86,0.0,1.214706463,330.0,3.81e-06,431.4904402,2.06e-11,-5.84e-60,-4.01e-49,6.277910234,330.0,0.0,431.4904402,0.0,-1.1700000000000001e-32,0.0,1.0,25.00077081,0.0,1.0,25.00077081,0.0,1.00000003,25.00077081,3.41e-13,1.214706463,25.00170278,2.24e-05,6.277910234,25.03176327,0.001326852,1.0,330.0,0.0,431.4904402,0.0,0.0,0.0,1.0,330.0,0.0,431.4904402,0.0,0.0,0.0,1.00000003,330.0,0.0,431.4904402,2.91e-11,1.32e-86,0.0,1.214706463,330.0,3.81e-06,431.4904402,2.06e-11,-5.84e-60,-4.01e-49,6.277910234,330.0,0.0,431.4904402,0.0,-1.1700000000000001e-32,0.0
2.79489791,66.0,0.0,2.87185715,66.0,1.15e-09,3.116329566,65.99951447,0.038946443,12.03042161,68.9309736,248.8778472,101.9181916,70.80123398,369.2181287,2.79489791,66.0,0.0,2.87185715,66.0,1.15e-09,3.116329566,65.99951447,0.038946443,12.03042161,68.9309736,248.8778472,101.9181916,70.80123398,369.2181287,2.794897892,66.0,9.54e-07,122.3314673,0.002172979,3.24e-22,7.29e-15,2.8718346,66.0,2.34e-06,122.3232391,0.363666566,4.94e-13,3.51e-07,3.087623665,66.00037713,0.184231498,120.7062985,67.88474385,0.005320629,0.003505202,9.870280794,69.38177178,17.11444694,115.0126351,439.1231278,18.89804985,0.061048002,79.07743389,71.53233367,21.40500216,116.6695764,569.6688157,-10.8643067,-0.027586176,2.794897892,1.095006046,2.831360877,2.8718346,1.165215613,2.938585959,3.087623665,1.262708799,3.063811144,9.870280794,1.67444727,3.984295099,79.07743389,1.851409354,4.447036884,1.796554752,66.0,0.0,122.3315168,0.0,0.0,0.0,1.872427567,66.0,0.0,122.3315168,1.82e-12,-6.39e-83,0.0,1.956444961,66.0,0.0,122.3315168,1.32e-09,5.9000000000000005e-37,0.0,3.052921956,66.0,0.0,121.3621365,41.33895311,-9.47e-15,0.0,19.20201176,66.00000074,0.002988208,116.7784192,202.0885482,-3.59e-06,-8.46e-05
1.000000757,60.00000454,2.72e-05,1.000235208,60.00141092,0.008463507,1.109139257,60.59139014,3.265606793,9.687839515,69.2465895,297.1642004,99.00383142,70.87027835,373.1013717,1.000000757,60.00000454,2.72e-05,1.000235208,60.00141092,0.008463507,1.109139257,60.59139014,3.265606793,9.687839515,69.2465895,297.1642004,99.00383142,70.87027835,373.1013717,1.0,60.0,0.0,84.85281374,0.0,0.0,0.0,1.0,60.0,0.0,84.85281374,0.0,0.0,0.0,1.0,60.0,6.74e-07,84.85281374,4.55e-13,1.22e-69,0.0,1.046350147,60.0,0.0,84.85281374,9.09e-13,9.040000000000001e-32,0.0,3.782453476,60.0,6.74e-07,84.85281374,6.43e-13,1.0900000000000001e-29,2.39e-17,1.0,44.97965288,0.0,1.0,44.97965288,0.0,1.0,44.97965288,4.55e-13,1.046350147,44.96662438,0.004143324,3.782453476,44.32836884,8.817641706,1.0,60.0,0.0,84.85281374,0.0,0.0,0.0,1.0,60.0,0.0,84.85281374,0.0,0.0,0.0,1.0,60.0,6.74e-07,84.85281374,4.55e-13,1.22e-69,0.0,1.046350147,60.0,0.0,84.85281374,9.09e-13,9.040000000000001e-32,0.0,3.782453476,60.0,6.74e-07,84.85281374,6.43e-13,1.0900000000000001e-29,2.39e-17
2.960081223,66.0,9.09e-13,3.325953586,66.0,2.69e-08,3.887653255,65.99837985,0.020048856,10.94693201,67.87119517,154.8697937,103.222644,70.1219142,321.95227,2.960081223,66.0,9.09e-13,3.325953586,66.0,2.69e-08,3.887653255,65.99837985,0.020048856,10.94693201,67.87119517,154.8697937,103.222644,70.1219142,321.95227,2.960046615,66.0,1.35e-06,122.3315168,1.82e-12,-5.67e-51,0.0,3.323847375,66.0,9.54e-07,122.3315168,3.46e-11,-2.98e-26,-5.32e-15,3.75787729,66.00000081,0.008523656,122.3310671,0.019788865,-1.39e-09,-1.16e-06,8.101467539,68.20610911,13.84846733,120.6554878,239.0370626,-8.739404089,-0.052831179,77.33308683,70.99268708,20.06862238,116.9422539,518.5221802,31.38206629,0.086529782,2.960046615,2.240600069,17.00734718,3.323847375,2.363874907,17.7187543,3.75787729,2.479255224,18.35112132,8.101467539,2.297379232,12.7374164,77.33308683,1.911733441,9.917192524,1.649866405,66.0,0.0,122.3315168,0.0,7.56e-119,0.0,1.772137157,66.0,9.54e-07,122.3315168,9.09e-13,-8.869999999999999e-74,0.0,1.91829911,66.0,0.0,122.3315168,1.3e-09,3.06e-25,0.0,3.063268281,66.00000001,0.000309717,121.1387573,50.50642719,-2.09e-08,-9.51e-06,20.53608044,66.17817056,1.451310436,115.6411311,235.4860181,-0.773551603,-0.034734024
1.000000059,60.00001586,0.00428354,1.000060514,60.01633784,4.410949818,1.062321664,75.83969332,4025.821311,3.171162814,210.507222,16952.6162,28.22099762,189.3380215,15086.83153,1.000000059,60.00001586,0.00428354,1.000060514,60.01633784,4.410949818,1.062321664,75.83969332,4025.821311,3.171162814,210.507222,16952.6162,28.22099762,189.3380215,15086.83153,1.0,60.0,0.0,113.9465503,41.65951769,1.54e-64,0.0,1.0,60.0,0.0,111.7167111,128.8319941,8.189999999999999e-38,0.0,1.0,60.0,1.63e-05,108.4145833,233.3560631,4.61e-11,1.86e-07,1.455688997,69.68955255,16.5624747,114.5830742,350.4518304,59.80584618,0.244506795,16.10168729,83.46550397,18.46779018,119.1465398,473.1803268,359.9378144,1.076171489,1.0,43.31786418,0.0,1.0,43.31786418,0.0,1.0,43.31786418,4.17e-10,1.455688997,30.52492975,369.8600962,16.10168729,9.869805377,185.3126171,1.0,60.0,0.0,84.85281374,4.55e-13,0.0,0.0,1.0,60.0,0.0,84.85281374,0.0,0.0,0.0,1.0,60.0,6.74e-07,84.85281374,4.55e-13,-1.03e-105,0.0,1.084505443,60.0,9.54e-07,84.85281374,9.09e-13,1.75e-33,0.0,6.158584695,60.0,6.74e-07,84.85281374,1.02e-12,-1.4e-29,-2.17e-17
2.971106176,102.0,0.0,2.982571194,102.0,1.82e-12,2.994161599,101.999997,1.22e-05,3.823860974,100.0290845,66.52169572,29.38859568,93.51180597,255.4299006,2.971106176,102.0,0.0,2.982571194,102.0,1.82e-12,2.994161599,101.999997,1.22e-05,3.823860974,100.0290845,66.52169572,29.38859568,93.51180597,255.4299006,1.0,102.0,0.0,144.2497834,0.0,0.0,0.0,1.0,102.0,0.0,144.2497834,0.0,0.0,0.0,1.0,102.0,1.91e-06,144.2497834,4.07e-12,5.909999999999999e-262,2.2999999999999996e-250,1.072149566,102.0,0.0,144.2497834,0.0,-4.65e-48,0.0,4.219767002,102.0,1.35e-06,144.2497834,2.57e-12,-2.6699999999999997e-30,-1.47e-18,1.0,38.91964197,0.0,1.0,38.91964197,0.0,1.0,38.91964197,0.0,1.072149566,38.93381434,0.002837484,4.219767002,39.02072591,0.006037843,1.0,102.0,0.0,144.2497834,0.0,0.0,0.0,1.0,102.0,0.0,144.2497834,0.0,0.0,0.0,1.0,102.0,1.91e-06,144.2497834,4.07e-12,5.909999999999999e-262,2.2999999999999996e-250,1.072149566,102.0,0.0,144.2497834,0.0,-4.65e-48,0.0,4.219767002,102.0,1.35e-06,144.2497834,2.57e-12,-2.6699999999999997e-30,-1.47e-18
1.0,330.0,0.0,1.0,330.0,0.0,1.000001253,329.999677,0.087202707,1.761370774,279.2648716,11037.1523,30.77517135,177.1001631,16817.25476,1.0,330.0,0.0,1.0,330.0,0.0,1.000001253,329.999677,0.087202707,1.761370774,279.2648716,11037.1523,30.77517135,177.1001631,16817.25476,1.0,330.0,0.0,431.4904402,0.0,0.0,0.0,1.0,330.0,0.0,431.4904402,0.0,0.0,0.0,1.000000028,330.0,6.61e-06,431.4904402,4.6e-11,9.93e-57,3.94e-46,1.213682589,330.0,0.0,431.4904402,1.46e-11,-3.16e-50,0.0,6.276572286,330.0,5.39e-06,431.4904402,3.25e-11,1.0400000000000001e-32,5.07e-22,1.0,25.06731606,0.0,1.0,25.06731606,0.0,1.000000028,25.06731605,6.26e-11,1.213682589,25.05851444,0.000444243,6.276572286,25.03763409,0.013997001,1.0,330.0,0.0,431.4904402,0.0,0.0,0.0,1.0,330.0,0.0,431.4904402,0.0,0.0,0.0,1.000000028,330.0,6.61e-06,431.4904402,4.6e-11,9.93e-57,3.94e-46,1.213682589,330.0,0.0,431.4904402,1.46e-11,-3.16e-50,0.0,6.276572286,330.0,5.39e-06,431.4904402,3.25e-11,1.0400000000000001e-32,5.07e-22
1.000171638,66.0,9.09e-13,1.006119959,66.0,3.2e-08,1.275574217,66.0121912,1.020480024,9.014015799,71.30504444,395.1658693,92.20370311,74.88998438,4803.505867,1.000171638,66.0,9.09e-13,1.006119959,66.0,3.2e-08,1.275574217,66.0121912,1.020480024,9.014015799,71.30504444,395.1658693,92.20370311,74.88998438,4803.505867,1.00016573,66.0,0.0,122.3288391,0.117659213,-2.87e-20,0.0,1.00539074,66.0,0.000178467,122.2587118,3.192277947,-5.43e-11,-1.7e-07,1.18539497,66.01200507,1.039380531,120.4807726,77.03454096,-0.052092415,-0.005710558,7.02543547,71.8587064,22.20268306,122.1992822,525.5681004,15.85492292,0.052897026,70.44885751,72.30332148,27.22148881,125.5928261,4452.079834,54.21771501,0.030060631,1.00016573,2.512314534,0.001750145,1.00539074,2.529202519,0.056336793,1.18539497,2.983344768,1.383964432,7.02543547,2.429196239,6.398067088,70.44885751,2.640434848,2126.543065,1.0,66.0,0.0,122.3315168,0.0,0.0,0.0,1.000000034,66.0,9.54e-07,122.3315168,9.09e-13,-1.1e-51,0.0,1.00323881,66.0,1.35e-06,122.3315168,1.82e-12,1.68e-45,0.0,2.317477963,66.0,9.54e-07,122.3315168,9.09e-13,4.57e-15,0.0,18.26105298,66.42339392,8.755067608,125.2568741,3907.416155,352.7923041,0.644698343
1.000001247,66.0001088,0.009792292,1.00033609,66.02603453,2.342430327,1.152645608,72.70002601,558.1117062,9.868376364,82.53616793,1172.452378,101.6044996,77.34366871,841.2631484,1.000001247,66.0001088,0.009792292,1.00033609,66.02603453,2.342430327,1.152645608,72.70002601,558.1117062,9.868376364,82.53616793,1172.452378,101.6044996,77.34366871,841.2631484,1.000001247,66.0001088,0.09895601,122.3315125,0.010175644,-8.1e-09,-1.56e-06,1.00033609,66.02603453,1.530500025,122.3333049,2.403556634,-0.000378,-0.000336527,1.152372174,72.7016123,23.62696492,123.3811129,569.2841888,-18.76819679,-0.075185857,8.71748102,84.3231982,35.96847736,121.690654,1338.3167,-6.625088745,-0.009951721,82.07335746,79.4585256,31.70913354,119.7387178,1066.415664,-61.59073801,-0.103039185,1.000001247,3.932390588,9.53e-06,1.00033609,3.931434555,0.002780896,1.152372174,3.541668482,1.078634701,8.71748102,1.866444738,3.214172047,82.07335746,1.78132429,49283.78583,1.0,66.0,0.0,122.3315168,0.0,5.080000000000001e-167,0.0,1.000000001,66.0,9.54e-07,122.3315168,1.29e-06,1.77e-22,1.63e-13,1.001812113,66.0,9.54e-07,122.3010694,1.336749335,7.11e-25,6.45e-19,2.56441334,66.0,9.54e-07,115.411024,238.6818824,-8.3e-14,-5.64e-09,19.73506108,66.01397731,0.450850772,114.8673086,253.9736344,-0.264837491,-0.036859751
1.032325621,98.00012112,0.028099934,1.143246345,98.04641816,10.76685846,2.065776193,108.9027973,2410.578257,7.100136983,155.3771003,10346.75621,27.28350973,193.74098,15133.94704,1.032325621,98.00012112,0.028099934,1.143246345,98.04641816,10.76685846,2.065776193,108.9027973,2410.578257,7.100136983,155.3771003,10346.75621,27.28350973,193.74098,15133.94704,1.032325082,98.0,0.0,138.5929291,1.82e-12,1.82e-284,0.0,1.143017606,98.0,0.0,138.5929291,1.82e-12,-4.8199999999999996e-30,0.0,1.968695412,97.99999898,0.006219195,138.5929269,8.73e-05,1.59e-10,2.89e-06,5.307055688,96.37770894,7.682137203,136.0336049,93.2904396,33.18444848,0.508192794,15.11462904,84.03800587,18.31989347,131.7682947,9567.3789,420.6260112,0.234806646,1.032325082,0.999420453,9.46e-06,1.143017606,0.999997254,0.008763039,1.968695412,1.287960507,5.148775348,5.307055688,4.456091851,57.13379148,15.11462904,10.32273496,130.8650139,1.032325082,98.0,0.0,138.5929291,1.82e-12,0.0,0.0,1.143017606,98.0,0.0,138.5929291,1.82e-12,-9.78e-33,0.0,1.968695359,98.0,0.0,138.5929291,1.82e-12,-4.8699999999999996e-204,0.0,5.080487556,98.0,1.91e-06,138.5929291,4.07e-12,1.31e-28,5.09e-17,9.561198461,98.0,2.7e-06,138.5929291,7.5e-12,-1.38e-28,-3.8e-17
1.0,330.0,0.0,1.0,330.0,0.0,1.000000852,329.9997835,0.058453272,1.814971603,274.1120503,11357.86257,26.46379051,190.468164,15235.63881,1.0,330.0,0.0,1.0,330.0,0.0,1.000000852,329.9997835,0.058453272,1.814971603,274.1120503,11357.86257,26.46379051,190.468164,15235.63881,1.0,330.0,0.0,431.4904402,0.0,0.0,0.0,1.0,330.0,0.0,431.4904402,0.0,0.0,0.0,1.000000025,330.0,0.0,431.4904402,0.0,2.92e-58,0.0,1.210828417,330.0,3.81e-06,431.4904402,1.46e-11,2.1700000000000002e-29,0.0,6.266707129,330.0,0.0,431.4904402,1.46e-11,-6.54e-27,0.0,1.0,25.25792313,0.0,1.0,25.25792313,0.0,1.000000025,25.25792312,1.35e-09,1.210828417,25.21878695,0.007332424,6.266707129,25.08065654,0.006654545,1.0,330.0,0.0,431.4904402,0.0,0.0,0.0,1.0,330.0,0.0,431.4904402,0.0,0.0,0.0,1.000000025,330.0,0.0,431.4904402,0.0,2.92e-58,0.0,1.210828417,330.0,3.81e-06,431.4904402,1.46e-11,2.1700000000000002e-29,0.0,6.266707129,330.0,0.0,431.4904402,1.46e-11,-6.54e-27,0.0
1.993693917,66.0,1.46e-10,2.000991984,65.99999976,2.33e-05,2.185027529,66.07088944,6.598457637,10.65929561,74.10087949,558.9857229,20.28837573,75.58647263,658.0398339,1.993693917,66.0,1.46e-10,2.000991984,65.99999976,2.33e-05,2.185027529,66.07088944,6.598457637,10.65929561,74.10087949,558.9857229,20.28837573,75.58647263,658.0398339,1.993554272,66.0,7.81e-06,122.3315168,6.26e-11,-4.06e-26,-1.36e-15,1.996127581,66.00000025,0.004517724,122.3315168,2.1e-05,1.47e-15,1.46e-10,2.009819001,66.09215798,2.655915217,122.3271308,7.44337601,0.000965281,0.000235773,8.118503483,76.25807549,26.44157923,120.3090775,758.2483516,98.09267589,0.216557545,15.6451219,77.85915959,28.54303119,120.2534639,881.1783273,115.6079522,0.221042706,1.993554272,4.583583367,21.12832269,1.996127581,4.589528131,21.73676117,2.009819001,612.9955587,916181000000.0,8.118503483,45631010.96,6.66e+16,15.6451219,83655529.9,1.19e+17,1.0,66.0,1.35e-06,122.3315168,2.57e-12,-2.4100000000000003e-27,-1.32e-15,1.000000005,66.00000003,0.000585966,122.3315168,1.93e-06,-1.46e-15,-1.81e-09,1.003604564,66.01597398,0.437530093,122.3055086,1.532179278,-0.000653121,-0.001210708,2.780581387,68.22651223,4.664846195,117.9755663,205.4269472,4.545041299,0.068170581,4.675299835,68.40231373,4.801734424,117.5549695,220.142246,23.35013306,0.328652623
1.947516437,65.40380688,3.221712482,2.842895848,65.21219197,4.106206772,4.610625751,65.06605349,4.798429027,13.00331301,68.17282107,161.9289453,100.9842765,72.01306643,2028.486283,1.947516437,65.40380688,3.221712482,2.842895848,65.21219197,4.106206772,4.610625751,65.06605349,4.798429027,13.00331301,68.17282107,161.9289453,100.9842765,72.01306643,2028.486283,1.0,66.0,0.0,105.2615789,9.09e-13,-8.69e-43,0.0,1.000000002,66.00000001,0.000400008,105.2615789,3.39e-07,-5.22e-25,-2.39e-18,1.001828013,66.01365504,0.4672196,105.2570377,0.34633803,-6.72e-07,-2.77e-06,2.459111224,69.52162584,6.629039514,102.6416276,75.76098228,-6.266666964,-0.120335459,18.00501797,69.98083973,6.91691518,99.99510194,74.70593731,4.489555592,0.085689459,1.0,10.00662303,9.95e-14,1.000000002,10.00662302,8.86e-08,1.001828013,9.996967794,0.093547596,2.459111224,8.341630741,21.58069414,18.00501797,8.344285466,28.8346914,1.0,66.0,0.0,105.2615789,9.09e-13,-8.69e-43,0.0,1.000000002,66.00000001,0.000400008,105.2615789,3.39e-07,-5.22e-25,-2.39e-18,1.001828013,66.01365504,0.4672196,105.2570377,0.34633803,-6.72e-07,-2.77e-06,2.459111224,69.52162584,6.629039514,102.6416276,75.76098228,-6.266666964,-0.120335459,18.00501797,69.98083973,6.91691518,99.99510194,74.70593731,4.489555592,0.085689459
1.0,98.0,0.0,1.0,98.0,0.0,1.000000061,97.9999991,3.97e-05,2.116166065,95.85448556,138.3563377,25.88598951,92.0322282,288.153205,1.0,98.0,0.0,1.0,98.0,0.0,1.000000061,97.9999991,3.97e-05,2.116166065,95.85448556,138.3563377,25.88598951,92.0322282,288.153205,1.0,98.0,0.0,114.90866,4.43e-05,5.98e-88,0.0,1.0,98.0,0.0,114.9092752,0.044815738,1.12e-51,0.0,1.000000028,97.99999897,0.006260103,115.5174406,42.65670919,-6.29e-14,-1.54e-12,1.342379597,92.31203311,13.55690874,119.3803826,395.4058021,-10.84849429,-0.042767646,10.94052882,78.41598196,18.99091429,108.7915953,501.2678658,3.389362262,0.009565301,1.0,25.13505101,0.0,1.0,25.13505101,0.0,1.000000028,25.13505047,1.1e-05,1.342379597,22.10457987,51.67514526,10.94052882,14.20394417,108.6302357,1.0,98.0,0.0,138.5929291,0.0,0.0,0.0,1.0,98.0,0.0,138.5929291,0.0,0.0,0.0,1.000000001,98.0,0.0,138.5929291,0.0,-2.13e-64,0.0,1.141447737,98.0,1.35e-06,138.5929291,1.82e-12,2.23e-46,0.0,5.302061576,98.0,2.34e-06,138.5929291,7.72e-12,-1.1100000000000001e-29,-2.04e-18
1.000000058,60.00001578,0.004260862,1.000060322,60.01628589,4.396925889,1.062255541,75.82387239,4022.050607,3.293416832,203.8231958,18603.58595,36.15771348,166.6742178,17902.82475,1.000000058,60.00001578,0.004260862,1.000060322,60.01628589,4.396925889,1.062255541,75.82387239,4022.050607,3.293416832,203.8231958,18603.58595,36.15771348,166.6742178,17902.82475,1.0,60.0,0.0,84.85281374,0.0,0.0,0.0,1.0,60.0,0.0,84.85281374,0.0,3.26e-181,0.0,1.0,60.0,9.54e-07,84.85281374,1.02e-12,-1.37e-80,-2.1299999999999997e-68,1.049297057,60.00744001,0.531662617,84.97016701,6.001813649,0.000146125,0.00011225,11.11302059,76.13340943,18.78250938,108.8044212,504.0760518,158.3908864,0.444420701,1.0,50.46716189,0.0,1.0,50.46716189,0.0,1.0,50.46716189,9.09e-13,1.049297057,48.91816031,52.98273825,11.11302059,14.5335113,278.2010359,1.0,60.0,0.0,84.85281374,0.0,0.0,0.0,1.0,60.0,0.0,84.85281374,0.0,1.03e-94,0.0,1.0,60.0,9.54e-07,84.85281374,1.02e-12,-2.42e-51,-3.77e-39,1.049091615,60.0,6.74e-07,84.85281374,6.43e-13,2.23e-30,4.91e-18,6.394824325,60.0,1.17e-06,84.85281374,1.64e-12,-3.95e-29,-3.54e-17
1.000028963,60.00086887,0.026065265,1.001921737,60.05754228,1.723299092,1.167155971,64.95736502,426.7525217,11.15473784,147.6312549,21859.98431,76.289271,126.0792237,11836.69124,1.000028963,60.00086887,0.026065265,1.001921737,60.05754228,1.723299092,1.167155971,64.95736502,426.7525217,11.15473784,147.6312549,21859.98431,76.289271,126.0792237,11836.69124,1.0,60.0,2.25e-05,1455.237438,3.76e-09,-1.21e-20,-8.79e-12,1.000000002,60.00000082,0.019157639,1455.237437,0.001174411,-2.11e-11,-3.29e-08,1.002597855,60.84693173,19.41434534,1454.989023,544.9615055,0.160129465,0.000415742,4.458182351,206.6115168,205.4398809,1347.723632,159919.9015,44508.62565,0.551628662,14.51341334,162.5898274,180.1986725,1208.893515,291011.2318,24390.87023,0.251698782,1.0,9.702798128,1.56e-13,1.000000002,9.702798113,1.27e-07,1.002597855,9.681530128,0.18493099,4.458182351,12838.76564,19319700000000.0,14.51341334,37491077.8,5.5e+16,1.0,60.0,2.25e-05,1455.237438,3.76e-09,-5.94e-25,-4.33e-16,1.000000002,60.00000082,0.019157639,1455.237437,0.001174411,-7.1e-14,-1.11e-10,1.002597855,60.84693173,19.41434534,1454.989023,544.9615055,0.102221253,0.000265396,4.457333051,206.635132,205.4489159,1347.738486,159908.2882,39153.98426,0.485263786,9.917347476,193.0751953,197.2575986,1251.994519,256205.3685,105510.4527,1.062921629
1.497958864,76.68120119,56.81116018,2.346741441,72.81796457,62.60279224,4.661995216,69.43218779,43.14991055,13.89905691,69.91650226,224.3096576,104.0977574,71.63904965,391.2398033,1.497958864,76.68120119,56.81116018,2.346741441,72.81796457,62.60279224,4.661995216,69.43218779,43.14991055,13.89905691,69.91650226,224.3096576,104.0977574,71.63904965,391.2398033,1.0,82.0,0.0,105.2615789,0.0,-7.66e-202,0.0,1.000000002,81.99999997,0.00067078,105.2615789,4.5e-07,2.1899999999999997e-74,0.0,1.001206848,81.9807137,0.555165586,105.2465557,0.308208828,-2.16e-11,-1.47e-08,1.956256521,74.97456886,7.940415033,101.1068513,68.19172225,-3.877116485,-0.095801958,17.62382207,70.57832299,7.1776022,100.0854823,75.19479303,2.065796679,0.038888595,1.0,9.694582939,8.53e-14,1.000000002,9.694582949,5e-08,1.001206848,9.701014316,0.034274164,1.956256521,10.76474566,11.64365303,17.62382207,8.528786479,29.08489066,1.0,82.0,0.0,105.2615789,0.0,-7.66e-202,0.0,1.000000002,81.99999997,0.00067078,105.2615789,4.5e-07,2.1899999999999997e-74,0.0,1.001206848,81.9807137,0.555165586,105.2465557,0.308208828,-2.16e-11,-1.47e-08,1.956256521,74.97456886,7.940415033,101.1068513,68.19172225,-3.877116485,-0.095801958,17.62382207,70.57832299,7.1776022,100.0854823,75.19479303,2.065796679,0.038888595
1.005211141,82.08222295,10.90017554,1.05577612,83.10563527,125.4545395,1.69732568,90.47481857,906.7502056,10.89129424,76.05226155,743.6335725,103.3105812,75.81264464,767.9409568,1.005211141,82.08222295,10.90017554,1.05577612,83.10563527,125.4545395,1.69732568,90.47481857,906.7502056,10.89129424,76.05226155,743.6335725,103.3105812,75.81264464,767.9409568,1.0,82.0,1.35e-06,105.2615789,1.82e-12,-7.329999999999999e-52,0.0,1.000000001,81.99999998,0.00061549,105.2615789,3.79e-07,-1.4599999999999999e-30,0.0,1.001139583,81.98178742,0.539508612,105.247392,0.291069543,-2.89e-09,-2.04e-06,1.955149858,74.98589767,7.937436551,101.0050014,67.39139244,-2.769999483,-0.071351961,17.84204174,70.77520203,7.210616934,100.2057211,75.17939172,1.610594287,0.030311485,1.0,9.777320862,8.53e-14,1.000000001,9.77732087,4.1e-08,1.001139583,9.783308912,0.031465647,1.955149858,10.7804721,11.78025449,17.84204174,8.424836002,29.70593568,1.0,82.0,1.35e-06,105.2615789,1.82e-12,-7.329999999999999e-52,0.0,1.000000001,81.99999998,0.00061549,105.2615789,3.79e-07,-1.4599999999999999e-30,0.0,1.001139583,81.98178742,0.539508612,105.247392,0.291069543,-2.89e-09,-2.04e-06,1.955149858,74.98589767,7.937436551,101.0050014,67.39139244,-2.769999483,-0.071351961,17.84204174,70.77520203,7.210616934,100.2057211,75.17939172,1.610594287,0.030311485
2.479457422,69.98574851,47.88578501,3.362627886,69.56360132,44.31836678,5.195527431,68.79666001,36.92526315,13.08037457,68.45921589,124.6142981,100.0799443,70.36878274,341.4342591,2.479457422,69.98574851,47.88578501,3.362627886,69.56360132,44.31836678,5.195527431,68.79666001,36.92526315,13.08037457,68.45921589,124.6142981,100.0799443,70.36878274,341.4342591,1.617655858,72.10914471,7.77333045,103.3236786,88.01784068,-26.82080795,-0.431295314,1.748941575,72.85160977,7.917145943,103.8430996,89.58198933,-29.10742636,-0.459563121,1.909230369,73.61046095,7.99051058,104.3733747,90.40241903,-31.03592396,-0.4855123,2.973015776,71.86819523,7.710733326,101.6712721,84.22730487,1.298371463,0.021800293,18.45162827,70.21092185,7.045759724,99.87553862,74.23181291,1.854436004,0.035428513,1.617655858,3.786692623,21.54189765,1.748941575,4.230006043,22.34637078,1.909230369,4.691669341,22.81214238,2.973015776,7.053411794,33.14545214,18.45162827,8.146544941,31.01172574,1.617655858,72.10914471,7.77333045,103.3236786,88.01784068,-26.82080795,-0.431295314,1.748941575,72.85160977,7.917145943,103.8430996,89.58198933,-29.10742636,-0.459563121,1.909230369,73.61046095,7.99051058,104.3733747,90.40241903,-31.03592396,-0.4855123,2.973015776,71.86819523,7.710733326,101.6712721,84.22730487,1.298371463,0.021800293,18.45162827,70.21092185,7.045759724,99.87553862,74.23181291,1.854436004,0.035428513
1.0,102.0,0.0,1.0,102.0,0.0,1.000000101,101.9999959,0.000172928,1.848625812,94.16483817,254.4828382,28.57080565,90.93619728,319.059147,1.0,102.0,0.0,1.0,102.0,0.0,1.000000101,101.9999959,0.000172928,1.848625812,94.16483817,254.4828382,28.57080565,90.93619728,319.059147,1.0,102.0,0.0,144.2497834,0.0,0.0,0.0,1.0,102.0,0.0,144.2497834,0.0,0.0,0.0,1.0,102.0,0.0,144.2497834,1.82e-12,-1.41e-51,0.0,1.071677292,102.0,1.91e-06,144.2497834,3.64e-12,7.2e-33,0.0,4.219554811,102.0,1.35e-06,144.2497834,5.75e-12,-1.79e-28,-5.7e-17,1.0,39.02127099,0.0,1.0,39.02127099,0.0,1.0,39.02127099,4.55e-13,1.071677292,39.02210626,1.01e-05,4.219554811,39.02314327,0.053410134,1.0,102.0,0.0,144.2497834,0.0,0.0,0.0,1.0,102.0,0.0,144.2497834,0.0,0.0,0.0,1.0,102.0,0.0,144.2497834,1.82e-12,-1.41e-51,0.0,1.071677292,102.0,1.91e-06,144.2497834,3.64e-12,7.2e-33,0.0,4.219554811,102.0,1.35e-06,144.2497834,5.75e-12,-1.79e-28,-5.7e-17
1.999850452,330.0,4.37e-11,1.999910268,330.0,1.46e-11,1.999971069,329.9998753,0.033666379,2.734788528,299.8343069,7225.512194,25.15764628,205.485983,16172.66281,1.999850452,330.0,4.37e-11,1.999910268,330.0,1.46e-11,1.999971069,329.9998753,0.033666379,2.734788528,299.8343069,7225.512194,25.15764628,205.485983,16172.66281,1.0,330.0,0.0,431.4904402,0.0,0.0,0.0,1.0,330.0,0.0,431.4904402,0.0,0.0,0.0,1.000000029,330.0,5.39e-06,431.4904402,2.91e-11,-7.859999999999999e-236,0.0,1.214657347,330.0,6.61e-06,431.4904402,4.6e-11,-7.110000000000001e-66,-2.82e-55,6.275894159,330.0,0.000188432,431.4904402,1.8e-07,-2.3e-19,-2.91e-12,1.0,25.05590415,0.0,1.0,25.05590415,0.0,1.000000029,25.05590414,4.71e-09,1.214657347,25.00524396,0.023673988,6.275894159,25.04065719,0.033826351,1.0,330.0,0.0,431.4904402,0.0,0.0,0.0,1.0,330.0,0.0,431.4904402,0.0,0.0,0.0,1.000000029,330.0,5.39e-06,431.4904402,2.91e-11,-7.859999999999999e-236,0.0,1.214657347,330.0,6.61e-06,431.4904402,4.6e-11,-7.110000000000001e-66,-2.82e-55,6.275894159,330.0,0.000188123,431.4904402,1.8e-07,-2.3e-19,-2.92e-12
6.930559462,868.9559368,407010.8366,10.04266843,741.1659251,420453.6619,16.90015795,564.2729439,387609.5112,30.96107497,371.0251953,288535.0934,116.0607112,151.9587881,95697.74901,6.930559462,868.9559368,407010.8366,10.04266843,741.1659251,420453.6619,16.90015795,564.2729439,387609.5112,30.96107497,371.0251953,288535.0934,116.0607112,151.9587881,95697.74901,6.804270119,883.6837297,634.556084,1289.564936,542896.9122,10493.92769,0.027405106,9.623283842,770.2069186,646.9782974,1136.936713,573788.2865,46166.16805,0.113903668,15.39104551,612.3900287,632.2067625,930.0862026,563791.0226,139299.8088,0.349421996,26.8452063,417.1024254,562.8461088,584.8355952,433788.4131,233167.4567,0.761007182,91.92102771,173.9734549,344.2166196,239.6093077,142425.8069,99447.85573,1.027675989,6.804270119,0.072224929,0.084207418,9.623283842,0.104219551,0.183995379,15.39104551,0.169967629,0.373271158,26.8452063,0.620138965,2.311870859,91.92102771,146371.2429,224546000000000.0,2.471757641,150.1527988,72.83153419,1180.091543,223712.2273,2835.51922,0.082324544,3.853419986,136.4512098,77.82969482,1150.436452,248132.2214,8382.180921,0.216239409,6.644036954,125.8262729,80.43823813,1117.718891,273682.7002,20447.28608,0.485970775,8.723893652,122.2431692,81.16545508,1101.964113,285402.7637,29366.57601,0.677346454,8.971931778,121.9239368,81.22859697,1100.352412,286578.7077,30418.29991,0.699618999
1.978077676,65.92371714,0.451878081,2.081278911,65.68367581,1.797884126,2.548768619,64.87340212,5.529150883,10.64393209,68.57961827,266.7858855,98.99909252,70.31496191,349.3208742,1.978077676,65.92371714,0.451878081,2.081278911,65.68367581,1.797884126,2.548768619,64.87340212,5.529150883,10.64393209,68.57961827,266.7858855,98.99909252,70.31496191,349.3208742,1.952928773,66.0,9.54e-07,122.3315168,8.53e-07,-1.87e-22,-2.12e-13,1.971552431,66.0,2.34e-06,122.3314234,0.00410293,-4.56e-14,-3.05e-07,2.068473926,66.00049784,0.211672413,121.9135236,18.15628167,-0.010615555,-0.011769707,8.655571751,69.65705661,17.76966606,116.2017251,443.2286138,-32.01594903,-0.102159372,77.95692554,71.06741459,20.65935422,115.9366601,547.2371089,32.30618825,0.084497151,1.952928773,2.418670261,6.068515568,1.971552431,2.442365,6.070689453,2.068473926,2.41916813,5.96929127,8.655571751,1.917141535,4.318823345,77.95692554,1.877001385,4.164517198,1.952928706,66.0,9.54e-07,122.3315168,9.09e-13,-2.46e-73,0.0,1.971485329,66.0,9.54e-07,122.3315168,9.09e-13,3.3e-49,0.0,1.9913672,66.0,0.0,122.3314843,0.001429371,3.43e-25,0.0,3.320392242,66.0,8.9e-06,118.0206412,164.2662924,-4.63e-11,-4.06e-07,20.64056758,66.04468156,0.73087778,115.1087138,246.6646555,-0.200161464,-0.017437441
1.001382466,66.0,0.0,1.033420131,66.0,0.0,1.822543207,66.0000153,0.00034396,10.67248749,67.96328294,148.860679,99.75405514,70.70540252,347.7464199,1.001382466,66.0,0.0,1.033420131,66.0,0.0,1.822543207,66.0000153,0.00034396,10.67248749,67.96328294,148.860679,99.75405514,70.70540252,347.7464199,1.001382466,66.0,0.0,105.3376557,336.4786433,4.35e-16,0.0,1.033420002,66.0,9.54e-07,106.0843082,340.1575783,4.74e-15,2.7e-10,1.817485787,66.00000079,0.008435814,106.9533742,342.1348957,1.24e-05,7.94e-05,8.919188065,67.96888044,13.00552507,112.3992672,377.9567935,-16.34680552,-0.068367357,78.91271563,71.33028033,20.57838618,116.776572,541.4834083,32.95588528,0.087179069,1.001382466,2.255231208,0.007564329,1.033420002,2.221206011,0.17735954,1.817485787,1.808767809,2.309198296,8.919188065,1.848976718,3.953034826,78.91271563,65.24321917,95444613299.0,1.0,66.0,0.0,93.33809512,9.09e-13,-1.1599999999999999e-42,0.0,1.0,66.0,0.0,93.33809512,4.27e-07,-2.05e-24,0.0,1.00002973,66.00000144,0.011372503,93.35808488,1.497263393,-2.92e-06,-0.000209713,1.926079129,74.86954753,26.8248005,109.3488067,898.6661734,80.48351676,0.129311857,18.86971076,86.8602502,37.68982595,121.251223,1558.738406,103.7531578,0.108670311
1.000000058,60.0000157,0.004237669,1.000060125,60.01623265,4.382551862,1.062187657,75.80761838,4018.176164,2.935367445,217.8789148,17701.41961,22.70477327,210.9038025,16419.911,1.000000058,60.0000157,0.004237669,1.000060125,60.01623265,4.382551862,1.062187657,75.80761838,4018.176164,2.935367445,217.8789148,17701.41961,22.70477327,210.9038025,16419.911,1.0,60.0,0.0,84.85281374,0.0,1.79e-264,0.0,1.0,60.0,0.0,84.85281374,0.0,1.1300000000000001e-157,0.0,1.000000038,60.0,6.74e-07,84.85281374,4.55e-13,1.81e-50,0.0,1.218956665,60.00140801,0.231306253,84.8823033,17.49488609,0.110782615,0.114506383,10.52434984,74.53928517,18.46894754,129.2007355,14846.79656,778.4120581,0.345946032,1.0,24.64760804,0.0,1.0,24.64760804,0.0,1.000000038,24.64760807,2.47e-08,1.218956665,24.77375043,0.110707875,10.52434984,14.90731217,144.6714441,1.0,60.0,0.0,84.85281374,0.0,0.0,0.0,1.0,60.0,0.0,84.85281374,0.0,0.0,0.0,1.000000038,60.0,6.74e-07,84.85281374,4.55e-13,-2.85e-51,0.0,1.218890494,60.0,9.54e-07,84.85281374,1.02e-12,6.720000000000001e-32,1.05e-19,6.157007516,60.0,6.74e-07,84.85281374,6.43e-13,-7.640000000000001e-29,-1.68e-16
1.038571779,152.6574673,289.6554194,1.220028993,139.7687388,1197.359658,2.286563118,105.3911562,1992.45113,11.7147579,84.69764637,1273.25294,107.3604931,75.28567989,1212.574085,1.038571779,152.6574673,289.6554194,1.220028993,139.7687388,1197.359658,2.286563118,105.3911562,1992.45113,11.7147579,84.69764637,1273.25294,107.3604931,75.28567989,1212.574085,1.038571779,152.6574673,17.01926613,170.4467816,393.810603,-1.122999936,-0.00403961,1.220028971,139.76874,34.60288423,159.4705089,1230.27769,-21.71522785,-0.037324799,2.282100561,105.453429,44.65686454,131.3351111,2017.217914,-154.133453,-0.198077236,9.818781038,87.35511591,38.24777346,123.2786419,1510.204406,-166.9366903,-0.225372036,80.75301367,77.8419247,39.56433862,119.7965966,1684.113444,-33.51112507,-0.033982079,1.038571779,1.252330251,0.202137801,1.220028971,1.307577572,0.998076181,2.282100561,1.484931527,3.150197591,9.818781038,1.701445777,4.553309078,80.75301367,2.36990777,838630948.9,1.01297893,154.8468628,10.12188849,168.3257286,102.4526266,-2.61e-22,0.0,1.073780797,149.8159895,22.7666194,163.7095926,518.3189588,-6.11e-12,-1.6e-08,1.419858924,129.4124214,41.06072013,145.2718107,1685.982743,-0.030772846,-0.002077364,4.064844666,117.582642,44.43497754,138.4156668,2000.732673,52.25013078,0.06541487,23.83016726,103.5563997,44.02147669,130.3944392,2007.65431,-4.38574666,-0.004349552
1.998764968,66.00000377,0.000339275,2.002769176,66.00254864,0.229371177,2.236173443,67.54625047,136.7794639,10.66638713,73.31437295,582.3359718,108.6850257,72.00531952,546.7847838,1.998764968,66.00000377,0.000339275,2.002769176,66.00254864,0.229371177,2.236173443,67.54625047,136.7794639,10.66638713,73.31437295,582.3359718,108.6850257,72.00531952,546.7847838,1.998687281,66.00000377,0.018419772,122.3315195,0.000339532,3.32e-12,5.02e-08,1.999347754,66.002553,0.47933671,122.3332568,0.22986707,3.08e-08,7.74e-07,2.085453948,67.65808801,12.10283708,123.4068928,146.542715,-0.359338306,-0.014264689,8.661927405,75.02104575,26.36475111,123.0071086,740.0468451,13.11558844,0.031215152,85.55709621,72.52061568,21.32771066,118.1957407,554.5231579,22.80435549,0.060039481,1.998687281,2.269780727,5.156954838,1.999347754,2.270363218,5.15695091,2.085453948,2.272712545,5.180531587,8.661927405,2.037371341,8.416157891,85.55709621,1.726179014,8.752609077,1.0,66.0,0.0,122.3315168,0.0,-7.699999999999999e-204,0.0,1.000000001,66.0,0.0,122.3315168,1.82e-12,-5.11e-49,0.0,1.000972285,66.0,0.0,122.3314845,0.001417473,-5.96e-18,0.0,2.400822259,66.54604085,2.500865775,118.9036455,145.3243432,-1.80303214,-0.059833607,22.41336154,67.47174898,3.936361608,116.6867594,228.2502547,2.931726887,0.049354232
1.358872911,102.4452492,3701.188213,1.540712437,114.4314453,4338.09072,1.842650969,132.9387836,6257.946208,4.444990572,289.4781198,28680.26963,28.89454074,297.1544493,30679.23975,1.358872911,102.4452492,3701.188213,1.540712437,114.4314453,4338.09072,1.842650969,132.9387836,6257.946208,4.444990572,289.4781198,28680.26963,28.89454074,297.1544493,30679.23975,1.358872911,102.4452491,60.83739141,209.723697,3701.188194,0.0,0.0,1.540710006,114.4309056,65.86282985,215.8319535,4337.912355,0.0,0.0,1.81468203,127.9536195,68.6392637,223.2960562,4711.348521,3.1600000000000003e-58,0.0,2.274414207,134.1666247,68.98454284,226.9133826,4758.867151,8.69e-13,4.67e-09,11.24295462,131.8903882,68.35428049,225.5593805,4672.308156,0.757910968,0.007558162,1.358872911,7.88876311,160.6550455,1.540710006,10.38587744,188.292913,1.81468203,13.20322522,204.5024115,2.274414207,14.56187379,207.7550528,11.24295462,14.1525104,206.9941355,1.358872911,102.4452491,60.83739141,209.723697,3701.188194,0.0,0.0,1.540710006,114.4309056,65.86282985,215.8319535,4337.912355,0.0,0.0,1.81468203,127.9536195,68.6392637,223.2960562,4711.348521,3.1600000000000003e-58,0.0,2.274414207,134.1666247,68.98454284,226.9133826,4758.867151,8.69e-13,4.67e-09,11.24295462,131.8903882,68.35428049,225.5593805,4672.308156,0.757910968,0.007558162
1.996883293,449.0252479,402.4402053,2.000130111,448.6259049,552.3324326,2.132416369,424.9301079,9111.905521,4.671631358,283.2620913,32364.05827,30.55135897,280.7433232,31789.02404,1.996883293,449.0252479,402.4402053,2.000130111,448.6259049,552.3324326,2.132416369,424.9301079,9111.905521,4.671631358,283.2620913,32364.05827,30.55135897,280.7433232,31789.02404,1.996850997,449.0315397,19.99997513,449.0315397,399.9990052,0.0,0.0,1.998109407,449.0189238,19.99999105,449.0189238,399.9996419,0.0,0.0,1.999369407,449.006308,19.99999901,449.006308,399.9999602,0.0,0.0,2.428421738,450.2946243,20.08145478,450.2946243,403.2648261,0.0,0.0,14.978422,455.3542652,19.59297848,455.3542652,383.8848058,0.0,0.0,1.996850997,14.97726766,224.9998124,1.998109407,14.98672956,225.0001705,1.999369407,14.99619147,225.0003496,2.428421738,14.11798667,224.2137863,14.978422,10.6678153,206.1948792,1.996850997,449.0315397,19.99997513,449.0315397,399.9990052,0.0,0.0,1.998109407,449.0189238,19.99999105,449.0189238,399.9996419,0.0,0.0,1.999369407,449.006308,19.99999901,449.006308,399.9999602,0.0,0.0,2.428421738,450.2946243,20.08145478,450.2946243,403.2648261,0.0,0.0,14.978422,455.3542652,19.59297848,455.3542652,383.8848058,0.0,0.0
2.998351364,101.990443,0.401302376,3.011201495,101.8242548,7.350392097,3.239534325,98.97410475,117.5888655,5.030211741,93.31309883,268.2985076,29.879685,93.51080142,253.2672742,2.998351364,101.990443,0.401302376,3.011201495,101.8242548,7.350392097,3.239534325,98.97410475,117.5888655,5.030211741,93.31309883,268.2985076,29.879685,93.51080142,253.2672742,1.0,102.0,0.0,144.2497834,0.0,0.0,0.0,1.0,102.0,0.0,144.2497834,0.0,0.0,0.0,1.0,102.0,1.91e-06,144.2497834,5.14e-12,8.83e-40,2.43e-28,1.071677899,102.0,0.0,144.2497834,3.64e-12,1.54e-44,0.0,4.224601436,102.0,2.34e-06,144.2497834,6.56e-12,3.76e-28,8.43e-17,1.0,39.022856,0.0,1.0,39.022856,0.0,1.0,39.022856,0.0,1.071677899,39.02202962,0.001047298,4.224601436,38.97183879,0.692454,1.0,102.0,0.0,144.2497834,0.0,0.0,0.0,1.0,102.0,0.0,144.2497834,0.0,0.0,0.0,1.0,102.0,1.91e-06,144.2497834,5.14e-12,8.83e-40,2.43e-28,1.071677899,102.0,0.0,144.2497834,3.64e-12,1.54e-44,0.0,4.224601436,102.0,2.34e-06,144.2497834,6.56e-12,3.76e-28,8.43e-17
1.000279247,155.9742328,2.380077164,1.011437966,154.9586798,94.99730952,1.510309278,126.317097,1851.663883,11.03488094,86.63587144,1419.884303,103.5528809,80.41891404,6460.126281,1.000279247,155.9742328,2.380077164,1.011437966,154.9586798,94.99730952,1.510309278,126.317097,1851.663883,11.03488094,86.63587144,1419.884303,103.5528809,80.41891404,6460.126281,1.000172115,155.9845129,1.180509397,186.9215518,1.39651288,2.28e-09,6.43e-09,1.007288744,155.3498324,7.62183455,186.3435607,58.18845024,0.000122923,8.82e-06,1.344227021,134.4866364,38.38453082,167.1521714,1478.607411,4.732768801,0.011058528,8.692095668,92.27479786,40.50910339,129.9375302,1674.242449,-176.9690398,-0.23974637,79.62967585,84.1911864,91.22726384,125.9176331,9039.723887,-77.17943518,-0.014241292,1.000172115,2.699927449,0.000628346,1.007288744,2.690547823,0.026280987,1.344227021,2.371507714,0.798131107,8.692095668,1.868463255,3.101419258,79.62967585,1.838067696,4.293631758,1.000000006,156.0,0.000588419,169.3871306,3.46e-07,-1.5e-34,0.0,1.000012606,155.999946,0.069743716,169.3870808,0.004864186,-4.83e-18,-2.62e-13,1.031350408,155.2630558,8.110603523,168.7131697,65.78470812,-0.000899297,-0.000142087,3.58392316,128.6864328,41.37861883,148.0138751,1743.141839,-157.5473936,-0.210543341,22.97410381,107.1971317,44.83781947,132.6574591,2071.812482,-267.7955045,-0.266945794
1.973301872,66.00025077,0.004012331,1.98918088,66.0158363,0.253135016,2.278692879,66.86890426,13.39260216,9.327242281,68.10720208,111.4277714,98.73116041,70.4488355,325.4543225,1.973301872,66.00025077,0.004012331,1.98918088,66.0158363,0.253135016,2.278692879,66.86890426,13.39260216,9.327242281,68.10720208,111.4277714,98.73116041,70.4488355,325.4543225,1.973194728,66.0,9.54e-07,122.3315168,5.53e-12,7.19e-28,3.23e-16,1.983829523,66.0,0.0,122.3315167,1.79e-06,3.6e-53,0.0,1.998885304,66.0,0.000376849,122.3151695,0.71801507,-5.62e-11,-1.76e-07,6.28199488,67.46905798,11.39723232,118.6679747,223.8263208,-5.88116375,-0.038220606,76.14684295,71.20365033,20.03811472,117.6288436,683.2453824,-1.402884184,-0.002977668,1.973194728,4.682882221,22.45801371,1.983829523,4.708634178,22.46066655,1.998885304,4.72940011,22.46120769,6.28199488,3.039134466,16.93328375,76.14684295,1.949752855,21.28139264,1.973194728,66.0,1.35e-06,122.3315168,1.82e-12,2.37e-59,0.0,1.983829518,66.0,0.0,122.3315168,1.82e-12,-1.2000000000000002e-37,0.0,1.995551575,66.0,9.54e-07,122.3315168,1.54e-06,2.71e-22,2.28e-13,3.134229951,66.00099715,0.109383856,120.3346372,82.41019852,-0.012987777,-0.013079499,21.01152494,66.59044515,3.170927566,116.5347511,445.1524029,18.33976949,0.274162844
1.999868628,330.0,0.0,1.999921174,330.0,0.0,1.999974675,329.9998792,0.032624918,2.770824536,297.0703472,7666.312182,26.61967244,198.8098782,15540.53002,1.999868628,330.0,0.0,1.999921174,330.0,0.0,1.999974675,329.9998792,0.032624918,2.770824536,297.0703472,7666.312182,26.61967244,198.8098782,15540.53002,1.0,330.0,0.0,431.4904402,0.0,0.0,0.0,1.0,330.0,0.0,431.4904402,0.0,0.0,0.0,1.000000028,330.0,3.81e-06,431.4904402,3.25e-11,-4.5e-109,-2.19e-98,1.213348448,330.0,0.0,431.4904402,0.0,1.43e-57,0.0,6.273296274,329.9997536,0.257930786,431.4901093,0.080381832,1.03e-07,1.89e-06,1.0,25.09101486,0.0,1.0,25.09101486,0.0,1.000000028,25.09101486,1.91e-10,1.213348448,25.07713643,0.000934385,6.273296274,25.11493423,94811331.61,1.0,330.0,0.0,431.4904402,0.0,0.0,0.0,1.0,330.0,0.0,431.4904402,0.0,0.0,0.0,1.000000028,330.0,3.81e-06,431.4904402,3.25e-11,-4.5e-109,-2.19e-98,1.213348448,330.0,0.0,431.4904402,0.0,1.43e-57,0.0,6.27327994,329.9997536,0.257931122,431.4901093,0.080382053,1.03e-07,1.89e-06
1.0,330.0,0.0,1.0,330.0,0.0,1.00000137,329.9996465,0.095454269,1.757619195,280.1645338,10862.98195,24.06535355,201.6825665,15468.63978,1.0,330.0,0.0,1.0,330.0,0.0,1.00000137,329.9996465,0.095454269,1.757619195,280.1645338,10862.98195,24.06535355,201.6825665,15468.63978,1.0,330.0,0.0,431.4904402,0.0,0.0,0.0,1.0,330.0,0.0,431.4904402,0.0,0.0,0.0,1.00000003,330.0,3.81e-06,431.4904402,3.25e-11,1.47e-34,7.16e-24,1.214980751,330.0,0.0,431.4904402,2.91e-11,5.250000000000001e-47,0.0,6.276125004,330.0,0.0,431.4904402,0.0,4.85e-28,0.0,1.0,24.97558594,0.0,1.0,24.97558594,0.0,1.00000003,24.97558594,5.57e-11,1.214980751,24.98657195,0.000906787,6.276125004,25.03954549,0.003275987,1.0,330.0,0.0,431.4904402,0.0,0.0,0.0,1.0,330.0,0.0,431.4904402,0.0,0.0,0.0,1.00000003,330.0,3.81e-06,431.4904402,3.25e-11,1.47e-34,7.16e-24,1.214980751,330.0,0.0,431.4904402,2.91e-11,5.250000000000001e-47,0.0,6.276125004,330.0,0.0,431.4904402,0.0,4.85e-28,0.0
1.001223933,66.0,4.55e-12,1.031081221,66.00000005,4.57e-06,1.803905608,66.04099926,3.752318635,11.21267474,70.45943,380.889429,98.63858821,70.73374534,361.5884606,1.001223933,66.0,4.55e-12,1.031081221,66.00000005,4.57e-06,1.803905608,66.04099926,3.752318635,11.21267474,70.45943,380.889429,98.63858821,70.73374534,361.5884606,1.001223933,66.0,1.65e-06,105.1164856,335.0335963,9.89e-16,3.27e-11,1.031081176,66.00000005,0.002138638,105.9519842,339.6398422,2.66e-08,6.76e-07,1.800146604,66.04174733,1.937915629,106.972525,343.1305403,0.256240338,0.007138319,9.042017243,71.48873212,21.33243561,117.2490959,563.8373758,66.30509948,0.17035334,76.16755797,71.64798655,21.17741461,117.6818691,549.5250308,74.41734524,0.197193276,1.001223933,2.296319482,0.006769543,1.031081176,2.263306506,0.166630077,1.800146604,1.824134767,2.240427422,9.042017243,1.808910107,3.490591057,76.16755797,1.919052385,3.585303243,1.0,66.0,1.65e-06,136.077184,4.55e-12,-1.35e-41,-4.29e-30,1.000000002,66.00000005,0.002171619,136.0771839,6.79e-06,-1.4399999999999997e-23,-3e-18,1.001811485,66.07501543,2.597260318,136.0579423,7.540368794,-1.43e-05,-2.99e-06,2.460230649,85.75855552,37.25412032,129.744074,1544.901033,-117.655207,-0.121232926,17.9873261,88.40000033,38.91309126,122.6190808,1646.126962,86.51825967,0.087502057
1.000019233,65.99988961,0.001068994,1.00157049,65.99477348,0.377645745,1.199220127,68.00026852,230.6927593,9.635998512,73.43862828,641.0467779,97.54829115,70.86323299,406.6511554,1.000019233,65.99988961,0.001068994,1.00157049,65.99477348,0.377645745,1.199220127,68.00026852,230.6927593,9.635998512,73.43862828,641.0467779,97.54829115,70.86323299,406.6511554,1.000000128,66.00000424,0.01952573,122.3315194,0.000381316,2.37e-12,4.62e-08,1.000095852,66.00361276,0.570206108,122.3337153,0.325169558,1.31e-06,3.35e-05,1.084600603,68.84130982,15.73673544,124.0370028,247.6759258,0.559236782,0.017940177,7.428268519,75.88119994,28.13662884,126.3546783,805.7627072,62.03279109,0.179988232,72.19681811,72.23228813,22.8488461,122.7653701,554.0908292,14.76993143,0.047444514,1.000000128,4.711786549,1.78e-06,1.000095852,4.711475137,0.001239778,1.084600603,4.466552519,0.92849771,7.428268519,2.34081888,7.77408336,72.19681811,8.017140696,9170637126.0,1.0,66.0,9.54e-07,122.3315168,9.09e-13,-3.42e-65,0.0,1.000000044,66.0,1.35e-06,122.3315168,1.82e-12,1.95e-72,0.0,1.003543174,66.0,0.0,122.3315168,0.0,5.7e-48,0.0,2.326392565,66.0,1.35e-06,122.3315168,2.57e-12,-1.63e-28,-8.95e-17,18.35089302,66.00001262,0.044397108,122.3315917,0.099194298,1.99e-09,1.42e-07
2.992021526,65.99999997,1.76e-07,2.996881242,65.99996009,0.000239429,3.149811129,65.94890131,0.316122199,11.67455961,67.77091345,145.4121507,104.856778,70.49959512,310.8214209,2.992021526,65.99999997,1.76e-07,2.996881242,65.99996009,0.000239429,3.149811129,65.94890131,0.316122199,11.67455961,67.77091345,145.4121507,104.856778,70.49959512,310.8214209,2.991998,66.0,0.0,122.3315168,0.0,-9.509999999999999e-42,0.0,2.995191119,66.0,0.0,122.3315168,1.2e-06,1.08e-20,0.0,3.0038277,66.00000097,0.009339332,122.3013914,1.322660859,8.01e-06,0.000745583,8.892096459,68.06464775,13.22524882,115.094408,340.7365888,-2.936302348,-0.012983569,83.36435375,71.10852467,19.37037794,116.2761226,499.1850228,10.31537947,0.029348628,2.991998,3.333184808,22.38346108,2.995191119,3.340327528,22.40759273,3.0038277,3.342826094,22.40817296,8.892096459,2.098030778,12.20333375,83.36435375,1.77343343,9.448103148,1.0,66.0,9.54e-07,122.3315168,2.03e-12,-6.01e-28,-4.67e-16,1.000000001,66.0,0.0,122.3315168,1.19e-06,1.14e-163,0.0,1.001800967,66.0,1.35e-06,122.3017989,1.304753397,5e-16,3.25e-10,2.674057317,66.12154018,1.201544915,114.8153921,254.5630451,-0.541903731,-0.028267535,23.25641064,67.17860297,3.571292573,115.0256692,263.8831171,2.575580504,0.044421971
1.031146961,98.0,1.82e-12,1.124752542,98.0,1.59e-09,1.499782702,97.99812655,0.299980269,3.091762861,142.6215411,9969.63035,23.22390322,198.1001376,15962.91584,1.031146961,98.0,1.82e-12,1.124752542,98.0,1.59e-09,1.499782702,97.99812655,0.299980269,3.091762861,142.6215411,9969.63035,23.22390322,198.1001376,15962.91584,1.031146961,98.0,1.35e-06,138.5929291,1.82e-12,0.0,0.0,1.124752542,98.0,3.99e-05,138.5929291,1.36e-08,6.370000000000001e-21,1.37e-12,1.499777224,97.99727916,0.321534681,138.5853432,0.321301382,2.73e-05,0.000153791,2.417718536,90.38163603,15.21375566,124.0869606,398.7811957,124.677485,0.454764315,12.18040387,78.51165264,18.99372309,109.8093007,508.0811286,136.4498563,0.379806643,1.031146961,1.338748282,3.663461137,1.124752542,2.241322076,12.33253861,1.499777224,4.728459159,27.81346774,2.417718536,10.19369247,82.41278787,12.18040387,12.80060095,127.6856436,1.031146961,98.0,1.35e-06,138.5929291,1.82e-12,0.0,0.0,1.124752542,98.0,0.0,138.5929291,0.0,0.0,0.0,1.499669839,98.0,0.0,138.5929291,0.0,5.13e-190,0.0,1.933006436,98.0,1.35e-06,138.5929291,1.82e-12,-4e-44,0.0,5.933668564,98.0,1.35e-06,138.5929291,5.75e-12,3.19e-29,1.01e-17
1.467615084,66.00021583,0.003453277,1.637109315,66.01472336,0.235357724,2.107887638,66.86438428,13.2099825,10.68143748,68.86380401,172.0380971,101.1178421,70.85361099,349.348223,1.467615084,66.00021583,0.003453277,1.637109315,66.01472336,0.235357724,2.107887638,66.86438428,13.2099825,10.68143748,68.86380401,172.0380971,101.1178421,70.85361099,349.348223,1.467566909,66.0,0.0,122.3315168,1.82e-12,-2.25e-35,0.0,1.633732912,66.0,0.0,122.3315168,6.82e-07,6.360000000000001e-21,0.0,1.863162223,66.0000016,0.0119967,122.3120303,0.855862846,6.77e-06,0.000609567,7.25655349,68.5334198,14.88250175,116.8191095,342.9678005,15.10429361,0.06271791,77.21940462,71.6191793,20.90075717,117.4843266,540.6074676,3.142513802,0.008425158,1.467566909,3.338059166,20.80202879,1.633732912,4.016468898,22.75107344,1.863162223,4.733564729,23.80378969,7.25655349,2.566157054,13.64216061,77.21940462,1.911866361,9.14181207,1.0,66.0,0.0,122.3315168,1.82e-12,0.0,0.0,1.000000001,66.0,0.0,122.3315168,1.02e-06,-1.53e-76,0.0,1.001657421,66.0,9.54e-07,122.3033323,1.237487004,1.87e-22,1.76e-16,2.600047657,66.00120115,0.120051354,115.0061664,248.5077838,-0.004949898,-0.002615527,19.89298446,66.61236017,2.640707677,116.5367117,218.6586456,-0.266486347,-0.006826244
1.091683332,418.166135,1280.195949,1.36154575,394.7452333,3245.483786,3.741785312,333.9776599,3406.440735,44.88249339,293.1214518,3047.106626,428.7059242,293.1950681,7631.602698,1.091683332,418.166135,1280.195949,1.36154575,394.7452333,3245.483786,3.741785312,333.9776599,3406.440735,44.88249339,293.1214518,3047.106626,428.7059242,293.1950681,7631.602698,1.0,429.0,0.0,429.0,0.0,0.0,0.0,1.0,429.0,0.0,429.0,0.0,0.0,0.0,1.000000003,429.0000001,0.001767716,429.0000001,3.12e-06,0.0,0.0,1.43027582,437.2411005,16.43757223,437.2411005,270.1937808,0.0,0.0,13.5922264,452.9273315,27.87579594,452.9273315,777.0599991,0.0,0.0,1.0,30.00134492,0.0,1.0,30.00134492,0.0,1.000000003,30.00134486,1.67e-06,1.43027582,23.88403519,142.7865453,13.5922264,21933.35109,33632300000000.0,1.0,429.0,0.0,429.0,0.0,0.0,0.0,1.0,429.0,0.0,429.0,0.0,0.0,0.0,1.000000003,429.0000001,0.001767716,429.0000001,3.12e-06,0.0,0.0,1.43027582,437.2411005,16.43757223,437.2411005,270.1937807,0.0,0.0,13.28143505,454.2830609,19.94990656,454.2830609,397.9987716,0.0,0.0
1.000113662,66.00047959,0.007673166,1.005509869,66.03074779,0.491029936,1.283022748,67.63568134,29.59439769,8.467380408,73.55205894,504.9364184,96.94516636,71.00484565,389.576389,1.000113662,66.00047959,0.007673166,1.005509869,66.03074779,0.491029936,1.283022748,67.63568134,29.59439769,8.467380408,73.55205894,504.9364184,96.94516636,71.00484565,389.576389,1.0,66.0,4.16e-06,130.1546872,62.60875482,-1e-26,-3.0500000000000003e-22,1.000000006,66.00000015,0.003624643,128.2475368,62.92056673,-4.45e-15,-1.55e-13,1.005343204,66.10518247,3.074956671,126.5192479,55.7332953,-0.001691693,-7.42e-05,5.93995124,74.46767865,26.27526086,123.1766993,739.7895278,88.82627737,0.207355076,74.38776085,71.96922181,22.04980302,117.4071663,626.8234773,69.55672398,0.158595073,1.0,9.619475842,6.25e-13,1.000000006,9.619475789,4.94e-07,1.005343204,9.577945046,0.392361301,5.93995124,3.255023074,18.65534897,74.38776085,1.991425302,13.44653185,1.0,66.0,0.0,122.3315168,1.82e-12,3.2400000000000003e-43,0.0,1.000000001,66.0,1.35e-06,122.3315168,2.57e-12,-3.03e-40,-1.66e-28,1.00096251,66.0,0.0,122.3314836,0.001457273,1.07e-21,0.0,2.143150321,66.0,9.13e-05,118.4252301,151.0167933,-2.91e-08,-2.59e-05,19.46720871,66.14864802,1.611527957,115.2893007,301.0667613,3.367432458,0.120430842
1.33529213,100.6518285,3581.203116,1.51910357,113.156951,4283.881212,1.803692237,127.4915939,4705.141276,3.254771625,229.1763216,25235.53917,27.74175986,289.903446,31015.15792,1.33529213,100.6518285,3581.203116,1.51910357,113.156951,4283.881212,1.803692237,127.4915939,4705.141276,3.254771625,229.1763216,25235.53917,27.74175986,289.903446,31015.15792,1.33529213,100.6518285,59.84315429,208.8535147,3581.203116,0.0,0.0,1.51910357,113.156951,65.45136524,215.159233,4283.881212,0.0,0.0,1.803682798,127.4898729,68.5900721,223.0306429,4704.597991,9.09e-49,0.0,2.260865788,134.2425086,68.99584195,226.9582585,4760.426207,2.35e-15,0.0,10.63814005,134.9220602,68.99995598,227.3608637,4760.993925,3.12e-12,9.69e-09,1.33529213,7.689905102,162.2011602,1.51910357,10.35124566,194.0271133,1.803682798,13.40157853,213.0823715,2.260865788,14.8394265,215.5895476,10.63814005,14.98725021,215.4420471,1.33529213,100.6518285,59.84315429,208.8535147,3581.203116,0.0,0.0,1.51910357,113.156951,65.45136524,215.159233,4283.881212,0.0,0.0,1.803682798,127.4898729,68.5900721,223.0306429,4704.597991,9.09e-49,0.0,2.260865788,134.2425086,68.99584195,226.9582585,4760.426207,2.35e-15,0.0,10.63814005,134.9220602,68.99995598,227.3608637,4760.993925,3.12e-12,9.69e-09
1.031871741,61.17371773,43.22366029,1.141803005,64.71930286,157.0616892,1.996238008,78.95762817,361.6877169,8.802108734,111.6793973,4807.618348,30.40191367,174.9279417,14221.30205,1.031871741,61.17371773,43.22366029,1.141803005,64.71930286,157.0616892,1.996238008,78.95762817,361.6877169,8.802108734,111.6793973,4807.618348,30.40191367,174.9279417,14221.30205,1.031871741,61.17371773,6.574470343,115.5258575,43.22366029,-1.96e-15,0.0,1.141803005,64.71930286,12.53242551,117.4418501,157.0616892,-2.67e-08,-2.03e-06,1.996216034,78.95486478,18.99994639,125.8344441,360.9986234,-0.114972114,-0.007281681,8.027208213,90.60398176,15.04485318,131.2497473,250.0557372,31.60283574,0.203760536,19.20869393,84.56492015,18.16677362,121.3643236,958.7789804,222.3712532,0.407975915,1.031871741,1.003368813,2.32e-07,1.141803005,1.003121211,3.2e-06,1.996216034,1.008577884,0.14515905,8.027208213,2.778034644,38.61483057,19.20869393,8.114771503,118.663304,1.0,60.0,0.0,84.85281374,0.0,0.0,0.0,1.0,60.0,9.54e-07,84.85281374,9.09e-13,0.0,0.0,1.000479061,60.0,9.54e-07,84.85281374,1.29e-12,-4.8200000000000005e-32,-5.3e-20,1.562352062,60.0,9.54e-07,84.85281374,1.02e-12,5.130000000000001e-32,7.97e-20,6.768045496,60.0,9.54e-07,84.85281374,1.02e-12,2.56e-29,3.99e-17
1.031354574,60.00000049,0.000132353,1.125258458,60.00183642,0.495829174,1.531617067,65.51467788,1458.551356,3.831097764,173.9421984,17567.01708,28.81254391,184.2342638,15457.788,1.031354574,60.00000049,0.000132353,1.125258458,60.00183642,0.495829174,1.531617067,65.51467788,1458.551356,3.831097764,173.9421984,17567.01708,28.81254391,184.2342638,15457.788,1.031354572,60.0,9.54e-07,84.85281374,9.09e-13,9.61e-266,0.0,1.125250805,60.0,9.54e-07,84.85281374,9.09e-13,6.84e-158,0.0,1.500334198,60.0,0.0,84.85281374,4.55e-13,8.04e-41,0.0,2.22746543,61.59058418,7.610009248,96.7664255,6170.094752,37.80991617,0.063253444,16.77455502,79.62930893,18.98957531,142.0428548,18088.36401,443.3368386,0.173604941,1.031354572,1.7286787,16.97928978,1.125250805,3.670495075,56.97922027,1.500334198,9.002712135,128.0320851,2.22746543,13.33442281,153.7386158,16.77455502,9.317778231,132.8839625,1.031354572,60.0,9.54e-07,84.85281374,9.09e-13,0.0,0.0,1.125250805,60.0,9.54e-07,84.85281374,9.09e-13,0.0,0.0,1.500334198,60.0,0.0,84.85281374,0.0,3.3699999999999994e-52,0.0,2.113719702,60.0,9.54e-07,84.85281374,1.02e-12,9.96e-31,1.55e-18,7.431530482,60.0,0.0,84.85281374,1.36e-12,4.51e-29,0.0
1.040257684,66.0,7.53e-09,1.145588795,66.00000486,0.000437178,1.603230646,66.22197948,19.92892525,10.30959464,71.88536172,486.7886702,97.72771326,70.81098221,381.1877408,1.040257684,66.0,7.53e-09,1.145588795,66.00000486,0.000437178,1.603230646,66.22197948,19.92892525,10.30959464,71.88536172,486.7886702,97.72771326,70.81098221,381.1877408,1.000000081,66.0,8.85e-05,122.3315168,7.84e-09,-3.81e-12,-0.002014632,1.000073465,66.00000556,0.022378315,122.3315209,0.000501402,-2.91e-06,-0.026136392,1.07723413,66.33036926,5.442801615,122.5261996,29.75762475,-0.108571912,-0.011887287,8.262348411,73.15437326,24.34516821,119.2363657,674.9393034,9.673315451,0.022111999,75.69001875,71.73311797,21.75378796,117.2689852,577.0958251,41.04955475,0.103829755,1.000000081,4.911855656,1.14e-06,1.000073465,4.911601391,0.001035809,1.07723413,4.65975322,0.963571412,8.262348411,1.987027807,3.704893012,75.69001875,2.096050727,247858771.9,1.0,66.0,9.54e-07,122.3315168,9.09e-13,1.05e-57,0.0,1.000000002,66.0,0.0,122.3315167,2.03e-06,4.69e-55,0.0,1.0021026,66.0,0.0,122.2960643,1.556256289,1.22e-75,0.0,2.637409683,66.00085636,0.101368499,114.9342725,250.1956703,-0.003545153,-0.002211017,20.26472978,66.46934118,2.326330382,115.7183255,237.7899039,-0.880826655,-0.024557186
1.000079711,66.0,0.0,1.003570238,66.0,6.56e-10,1.201230498,66.00182557,0.029216166,7.829063699,68.48867279,156.9036154,95.52266587,70.47752896,333.4772517,1.000079711,66.0,0.0,1.003570238,66.0,6.56e-10,1.201230498,66.00182557,0.029216166,7.829063699,68.48867279,156.9036154,95.52266587,70.47752896,333.4772517,1.00000022,66.0,1.35e-06,122.3315012,0.000686309,-2.63e-19,-7.44e-12,1.000101354,66.0,9.54e-07,122.3263467,0.227158656,-8.71e-17,-1.92e-10,1.0495677,66.00000011,0.003103022,120.7175378,67.4261757,-2.05e-07,-8.05e-06,5.572152741,68.42951828,14.18395304,117.1433792,322.8914933,-1.239731316,-0.005499875,73.37908232,71.28949122,20.36763521,117.3609851,520.7739872,39.14789358,0.108326646,1.00000022,4.422784104,2.89e-07,1.000101354,4.422899952,0.000133064,1.0495677,4.470103757,0.116271782,5.572152741,3.263457581,12.47414526,73.37908232,2.016400206,11.10241473,1.0,66.0,0.0,122.3315168,0.0,5.459999999999999e-284,0.0,1.000000001,66.0,0.0,122.3315168,0.0,0.0,0.0,1.000979406,66.0,0.0,122.3315168,3.64e-12,-9.7e-46,0.0,2.042271775,66.0,9.54e-07,121.7233815,26.2288123,5.03e-15,1.03e-09,18.42115201,66.0126751,0.389795464,116.5401319,209.048718,-0.059044835,-0.010476626
2.048245969,66.0,0.0,2.178073871,66.0,1.52e-08,2.607348543,66.00326286,0.063778033,10.04141232,69.70775499,258.8122831,99.03723085,70.81956643,346.288014,2.048245969,66.0,0.0,2.178073871,66.0,1.52e-08,2.607348543,66.00326286,0.063778033,10.04141232,69.70775499,258.8122831,99.03723085,70.81956643,346.288014,1.988060023,66.0,1.65e-06,122.3315168,4.16e-09,-2.32e-26,-2.18e-16,1.992849957,66.0,9.54e-07,122.3315139,0.000127503,-1.63e-15,-1.51e-07,2.036254549,66.00020043,0.134306969,122.2443936,3.825286919,-0.000274607,-0.001045401,7.602513312,69.79726254,18.08836213,118.5841007,412.1837018,-15.76395373,-0.055042977,77.79626085,71.3090235,20.61563343,116.7579425,537.3891885,12.39679199,0.033158702,1.988060023,2.481053588,6.212619418,1.992849957,2.487043371,6.212666013,2.036254549,2.494437102,6.101497903,7.602513312,2.17227462,4.029415458,77.79626085,1.879015502,3.626491493,1.0,66.0,0.0,122.3315168,0.0,-9.93e-163,0.0,1.000000001,66.0,1.35e-06,122.3315168,4.07e-12,2.0099999999999999e-28,7.8e-17,1.001018057,66.0,9.54e-07,122.3314837,0.001453246,-3.13e-31,-8.599999999999999e-24,2.337644405,66.00004056,0.022062106,117.8904737,168.4328764,-0.00018097,-0.000632041,20.43415748,66.20721205,1.563204308,114.7200796,257.8559267,-0.47306305,-0.01884623
1.707903939,62.48692186,8.736751681,1.812915762,62.69048229,8.910721495,2.079188167,63.59485367,54.78328289,10.98749681,71.66735462,510.5808297,100.2214491,70.61175737,368.5527217,1.707903939,62.48692186,8.736751681,1.812915762,62.69048229,8.910721495,2.079188167,63.59485367,54.78328289,10.98749681,71.66735462,510.5808297,100.2214491,70.61175737,368.5527217,1.0,60.0,0.0,84.85281374,0.0,0.0,0.0,1.0,60.0,0.0,84.85281374,0.0,0.0,0.0,1.0,60.0,9.54e-07,84.85281374,1.29e-12,5.05e-29,5.55e-17,1.045870395,60.0,0.0,84.85281374,4.55e-13,-1.8199999999999999e-34,0.0,4.319165634,60.00000005,0.000882307,84.85281392,1.68e-05,2.9e-06,0.802436047,1.0,45.0716579,0.0,1.0,45.0716579,0.0,1.0,45.0716579,2.27e-13,1.045870395,45.11151482,0.044162276,4.319165634,38.32618251,94.84287636,1.0,60.0,0.0,84.85281374,0.0,0.0,0.0,1.0,60.0,0.0,84.85281374,0.0,0.0,0.0,1.0,60.0,9.54e-07,84.85281374,1.29e-12,5.05e-29,5.55e-17,1.045870395,60.0,0.0,84.85281374,4.55e-13,-1.8199999999999999e-34,0.0,4.31916562,60.0,6.74e-07,84.85281374,6.43e-13,-1.31e-29,-2.88e-17
1.682246062,296.8922425,699.4012928,2.490115369,287.4579926,2704.271836,6.695327521,272.5544707,5671.157036,49.73446882,289.0714839,7511.394292,225.5341105,254.5946881,53168.45772,1.682246062,296.8922425,699.4012928,2.490115369,287.4579926,2704.271836,6.695327521,272.5544707,5671.157036,49.73446882,289.0714839,7511.394292,225.5341105,254.5946881,53168.45772,1.682246062,296.8922425,26.44619618,597.9180576,699.4012924,3.94e-13,1.38e-09,2.490114722,287.4579488,52.00254834,593.2900406,2704.265034,-1.99e-12,-3.54e-09,6.67733928,272.0593912,74.79433683,585.9840384,5594.192821,0.000327464,5.18e-05,46.64888466,285.94434,76.05480879,579.7257701,9612.758317,258.495004,0.038789196,150.2827931,288.128135,246.7465791,530.3574368,95882.32713,3430.057212,0.051076944,1.682246062,0.262991985,0.001160567,2.490114722,0.252172063,0.004479205,6.67733928,0.237633401,0.010078531,46.64888466,604.2442198,926561000000.0,150.2827931,3430667.796,5251720000000000.0,1.682246062,296.8922425,26.44619618,597.9180576,699.4012924,3.94e-13,1.38e-09,2.490114722,287.4579488,52.00254834,593.2900406,2704.265034,-1.99e-12,-3.54e-09,6.67733928,272.0593912,74.79433683,585.9840384,5594.192821,0.000327464,5.18e-05,46.64888466,285.94434,76.05480879,579.7257701,9612.758317,258.495004,0.038789196,150.2827931,288.128135,246.7465791,530.3574368,95882.32713,3430.057212,0.051076944
1.0,204.0,1.61e-09,1.000000011,204.0000027,0.000687784,1.004590044,205.1524835,291.2729656,3.521455381,308.926425,24938.00524,28.79655228,293.873034,31033.20531,1.0,204.0,1.61e-09,1.000000011,204.0000027,0.000687784,1.004590044,205.1524835,291.2729656,3.521455381,308.926425,24938.00524,28.79655228,293.873034,31033.20531,1.0,204.0,0.0,274.0529146,0.0,0.0,0.0,1.0,204.0,0.0,274.0529146,0.0,0.0,0.0,1.000000002,203.9999998,0.004607723,274.0529145,2.12e-05,1.5e-111,0.0,1.2886148,188.384166,43.71648223,262.6358582,1911.130818,-4.47e-14,0.0,9.663125608,142.0536831,68.63787204,231.6385964,4711.158862,1.104580298,0.008468837,1.0,29.74050999,0.0,1.0,29.74050999,0.0,1.000000002,29.74050995,9.69e-07,1.2886148,26.3766756,86.75962776,9.663125608,16.49473617,210.8357641,1.0,204.0,0.0,274.0529146,0.0,0.0,0.0,1.0,204.0,0.0,274.0529146,0.0,0.0,0.0,1.000000002,203.9999998,0.004607723,274.0529145,2.12e-05,1.5e-111,0.0,1.2886148,188.384166,43.71648223,262.6358582,1911.130818,-4.47e-14,0.0,9.663125608,142.0536831,68.63787204,231.6385964,4711.158862,1.104580298,0.008468837
2.507188721,101.9999992,3.38e-06,2.665610663,101.9997424,0.001030394,2.928625323,101.92409,0.297877623,4.312688661,100.0534464,47.82498552,29.91949036,92.68130413,278.3460914,2.507188721,101.9999992,3.38e-06,2.665610663,101.9997424,0.001030394,2.928625323,101.92409,0.297877623,4.312688661,100.0534464,47.82498552,29.91949036,92.68130413,278.3460914,1.0,102.0,0.0,144.2497834,0.0,0.0,0.0,1.0,102.0,0.0,144.2497834,0.0,0.0,0.0,1.0,102.0,0.0,144.2497834,0.0,6.01e-215,0.0,1.070567287,102.0,1.35e-06,144.2497834,2.57e-12,7.34e-47,4.03e-35,4.214371693,102.0,2.34e-06,144.2497834,6.56e-12,5.070000000000001e-31,1.14e-19,1.0,39.24745488,0.0,1.0,39.24745488,0.0,1.0,39.24745488,0.0,1.070567287,39.23243276,0.003202855,4.214371693,39.07952155,0.451112783,1.0,102.0,0.0,144.2497834,0.0,0.0,0.0,1.0,102.0,0.0,144.2497834,0.0,0.0,0.0,1.0,102.0,0.0,144.2497834,0.0,6.01e-215,0.0,1.070567287,102.0,1.35e-06,144.2497834,2.57e-12,7.34e-47,4.03e-35,4.214371693,102.0,2.34e-06,144.2497834,6.56e-12,5.070000000000001e-31,1.14e-19
1.0,330.0,0.0,1.0,330.0,0.0,1.000000957,329.9997573,0.06553278,1.800347365,275.5923998,11385.30717,25.45179759,195.0327997,15310.30318,1.0,330.0,0.0,1.0,330.0,0.0,1.000000957,329.9997573,0.06553278,1.800347365,275.5923998,11385.30717,25.45179759,195.0327997,15310.30318,1.0,330.0,0.0,431.4904402,0.0,0.0,0.0,1.0,330.0,0.0,431.4904402,0.0,0.0,0.0,1.000000029,330.0,0.0,431.4904402,1.46e-11,-8.37e-177,0.0,1.213790201,330.0,6.61e-06,431.4904402,5.25e-11,8.1e-28,2.27e-17,6.270028569,330.0,3.81e-06,431.4904402,2.06e-11,1.06e-28,7.26e-18,1.0,25.03765917,0.0,1.0,25.03765917,0.0,1.000000029,25.03765917,2.78e-10,1.213790201,25.05255553,0.001187962,6.270028569,25.06612878,0.00155719,1.0,330.0,0.0,431.4904402,0.0,0.0,0.0,1.0,330.0,0.0,431.4904402,0.0,0.0,0.0,1.000000029,330.0,0.0,431.4904402,1.46e-11,-8.37e-177,0.0,1.213790201,330.0,6.61e-06,431.4904402,5.25e-11,8.1e-28,2.27e-17,6.270028569,330.0,3.81e-06,431.4904402,2.06e-11,1.06e-28,7.26e-18
1.032200566,97.99993607,0.00242929,1.143028332,97.98837299,0.442158671,2.041781568,97.05724715,134.4497562,7.284937271,133.8490533,8337.506074,27.59748968,188.4985608,15075.06206,1.032200566,97.99993607,0.00242929,1.143028332,97.98837299,0.442158671,2.041781568,97.05724715,134.4497562,7.284937271,133.8490533,8337.506074,27.59748968,188.4985608,15075.06206,1.032200566,97.99993607,0.049287812,138.5915571,0.071342276,0.000667334,0.050705614,1.143028324,97.98837126,0.664647921,138.5223383,3.373501296,0.196278154,0.161479652,2.038537862,96.68659046,6.941506878,135.8721426,102.0969824,31.51167782,0.478485842,6.007407138,92.13575849,13.72777655,129.4802473,287.8916222,107.7739838,0.532161742,15.83243096,83.34902656,18.49556617,118.2003955,1150.739344,419.8918455,0.684899678,1.032200566,1.000507885,1.75e-05,1.143028324,1.000578961,0.014594675,2.038537862,1.317019476,8.202887607,6.007407138,4.244900181,68.41822084,15.83243096,35.25905076,38226290369.0,1.03219883,98.0,0.0,138.5929291,3.64e-12,0.0,0.0,1.142678535,98.0,1.35e-06,138.5929291,1.82e-12,0.0,0.0,1.968079045,98.0,1.35e-06,138.5929291,4.07e-12,1.1599999999999999e-28,4.52e-17,5.080331182,98.0,1.91e-06,138.5929291,3.64e-12,3.4600000000000003e-29,0.0,9.728206602,98.0,1.35e-06,138.5929291,4.07e-12,-1.1e-28,-4.29e-17
3.338569523,66.12749989,11.4587343,3.666576641,66.98827631,87.96817822,4.566820453,72.75451431,562.2828184,10.8355707,74.3783185,672.1902792,97.7356659,71.02391299,398.5352445,3.338569523,66.12749989,11.4587343,3.666576641,66.98827631,87.96817822,4.566820453,72.75451431,562.2828184,10.8355707,74.3783185,672.1902792,97.7356659,71.02391299,398.5352445,3.338569523,66.12749989,3.385075229,122.4316647,11.47411718,0.009639295,0.003694903,3.666576641,66.98827631,9.37913526,123.0914241,88.06840515,0.546461045,0.028428213,4.566779723,72.75457446,23.71260056,127.5399567,562.8526386,19.10059537,0.160403184,9.751577393,75.10023968,27.13313857,126.0142625,756.0143695,46.86141813,0.131719935,77.92612984,71.74762367,21.98622987,117.237427,587.1421996,38.77414717,0.096604264,3.338569523,0.350923884,0.413602312,3.666576641,0.434534016,1.050727117,4.566779723,0.951253027,4.978574014,9.751577393,1.863837834,9.760068043,77.92612984,1.896898277,9.789700793,1.775621916,66.0,1.35e-06,122.3315168,4.07e-12,-1.43e-28,-5.57e-17,1.858598338,66.0,0.0,122.3315168,1.82e-12,-3.5799999999999995e-95,0.0,1.951363819,66.0,0.0,122.3315168,0.0,1.46e-28,0.0,3.030725775,66.0,9.54e-07,121.6929267,27.5162312,-6.13e-15,-1.22e-09,20.5313371,66.01388697,0.407984067,115.126202,245.8232166,-0.183440585,-0.028677469
1.980755733,66.0,0.0,1.988488261,65.99999999,4.39e-08,2.04364674,65.9977634,0.17667787,9.464081241,69.7897675,334.1395821,100.70733,70.73373097,359.0888433,1.980755733,66.0,0.0,1.988488261,65.99999999,4.39e-08,2.04364674,65.9977634,0.17667787,9.464081241,69.7897675,334.1395821,100.70733,70.73373097,359.0888433,1.980755733,66.0,0.0,93.33809539,1.43e-05,9.980000000000001e-27,0.0,1.988488258,66.0,1.53e-05,93.33875623,0.03459272,4.23e-15,1.49e-09,2.042158891,66.00170168,0.391341213,94.88802432,76.37208789,0.004361769,0.001275382,7.768909414,70.60217686,19.8229275,114.7947862,539.0434047,73.39078267,0.19273558,78.59730479,71.54085606,21.011683,116.4940485,557.4870626,18.99794105,0.049005604,1.980755733,2.247036066,5.122585214,1.988488258,2.255960648,5.123102562,2.042158891,2.331070457,5.22694448,7.768909414,2.227684494,7.242128725,78.59730479,1.877985927,8.935979553,1.0,66.0,0.0,122.3315168,5.46e-12,-1.53e-147,0.0,1.000000001,66.0,9.54e-07,122.3315167,1.98e-06,-1.3599999999999999e-30,-1.0100000000000002e-21,1.000971925,66.0,0.0,122.2963787,1.542469205,-1.63e-72,0.0,2.322575687,66.00144569,0.131704797,114.7747158,253.9065625,-0.007691849,-0.003665154,20.77438821,66.51397644,2.429721283,114.930915,257.1550764,-0.625699728,-0.016060875
1.554069661,98.00834827,1856.216985,1.72587224,102.5366402,1953.37154,2.36993598,99.7290529,1897.965734,10.41945436,75.62251799,759.4528502,95.29927247,71.16369291,405.0940486,1.554069661,98.00834827,1856.216985,1.72587224,102.5366402,1953.37154,2.36993598,99.7290529,1897.965734,10.41945436,75.62251799,759.4528502,95.29927247,71.16369291,405.0940486,1.554069661,98.00834827,43.08383671,154.1470442,1856.21702,-0.54592897,-0.021191912,1.72587224,102.5366402,44.19696302,156.7797066,1953.381478,-9.988750557,-0.090539609,2.369824541,99.73063866,43.56605898,151.1247213,1899.281517,-21.41874942,-0.058880737,9.14449053,76.70794025,29.13854214,121.8426878,920.0608343,272.7070887,0.497124881,75.43227873,71.89759075,22.25091149,117.2688318,597.9529146,78.56622607,0.192830873,1.554069661,0.798673459,0.716605629,1.72587224,0.919024392,0.866064651,2.369824541,1.295229542,2.201742179,9.14449053,1.793440948,3.6479196,75.43227873,1.937887096,1688.155964,1.552702255,98.03653681,43.09232672,154.1822381,1856.948622,-3.83e-12,-2.95e-08,1.700639701,103.0787375,44.29733175,157.4364192,1962.2536,-2.69e-06,-2.64e-05,1.889284061,108.3100459,44.91952968,160.8618662,2017.767103,-1.895992781,-0.022710667,2.970735341,98.96108436,43.35971068,138.4738984,2000.367048,40.7144163,0.035923044,18.76730002,89.66383552,39.61471044,123.4775451,1696.372641,125.5167147,0.124841698
2.988859671,456.4333105,372.8502585,2.99330121,456.3933639,373.4008328,2.997762335,456.3533398,373.9562623,3.970270225,408.297767,15488.8379,28.35146591,306.5938008,31136.63782,2.988859671,456.4333105,372.8502585,2.99330121,456.3933639,373.4008328,2.997762335,456.3533398,373.9562623,3.970270225,408.297767,15488.8379,28.35146591,306.5938008,31136.63782,2.988859671,456.4333105,19.30933087,456.4333105,372.8502585,0.0,0.0,2.99330121,456.3933639,19.3235823,456.3933639,373.4008328,0.0,0.0,2.997762194,456.3533582,19.33776163,456.3533582,373.9490249,0.0,0.0,3.428299006,456.3351271,19.34419264,456.3351271,374.1977891,0.0,0.0,15.978514,456.3336062,19.34473571,456.3336062,374.2187997,0.0,0.0,2.988859671,9.927189524,199.2118135,2.99330121,9.956401088,199.5073084,2.997762194,9.985655851,199.8015298,3.428299006,9.99910501,199.9463446,15.978514,9.999845346,199.8843479,2.988859671,456.4333105,19.30933087,456.4333105,372.8502585,0.0,0.0,2.99330121,456.3933639,19.3235823,456.3933639,373.4008328,0.0,0.0,2.997762194,456.3533582,19.33776163,456.3533582,373.9490249,0.0,0.0,3.428299006,456.3351271,19.34419264,456.3351271,374.1977891,0.0,0.0,15.978514,456.3336062,19.34473571,456.3336062,374.2187997,0.0,0.0
1.99368071,330.0,0.0,1.99620362,330.0,0.0,1.99873417,329.9998411,0.042890575,3.207307896,270.007235,11307.57279,28.48422483,192.5006615,15073.17207,1.99368071,330.0,0.0,1.99620362,330.0,0.0,1.99873417,329.9998411,0.042890575,3.207307896,270.007235,11307.57279,28.48422483,192.5006615,15073.17207,1.0,330.0,0.0,431.4904402,0.0,0.0,0.0,1.0,330.0,0.0,431.4904402,0.0,0.0,0.0,1.00000003,330.0,0.0,431.4904402,0.0,-1.53e-56,0.0,1.214335932,330.0,0.0,431.4904402,0.0,-7.95e-78,0.0,6.274134938,330.0,8.53e-06,431.4904402,7.42e-11,1.5600000000000002e-27,4.78e-17,1.0,25.01262712,0.0,1.0,25.01262712,0.0,1.00000003,25.01262713,8.22e-11,1.214335932,25.02223534,0.000458387,6.274134938,25.04823963,0.009274121,1.0,330.0,0.0,431.4904402,0.0,0.0,0.0,1.0,330.0,0.0,431.4904402,0.0,0.0,0.0,1.00000003,330.0,0.0,431.4904402,0.0,-1.53e-56,0.0,1.214335932,330.0,0.0,431.4904402,0.0,-7.95e-78,0.0,6.274134938,330.0,8.53e-06,431.4904402,7.42e-11,1.5600000000000002e-27,4.78e-17
1.000000877,66.00000424,6.78e-05,1.000336971,66.00181033,0.028961931,1.168531649,66.66332123,10.24914518,10.65663596,70.25906364,286.1870002,102.645847,70.96596743,362.8788605,1.000000877,66.00000424,6.78e-05,1.000336971,66.00181033,0.028961931,1.168531649,66.66332123,10.24914518,10.65663596,70.25906364,286.1870002,102.645847,70.96596743,362.8788605,1.000000037,66.0,9.54e-07,122.3315166,7.11e-06,1.8100000000000002e-21,7.13e-13,1.000043444,66.0,4.26e-06,122.3312641,0.01110349,-7.25e-17,-1.61e-10,1.058539742,66.00112492,0.318184938,121.9170619,18.01527866,-0.000585355,-0.000433434,7.698824954,70.34481776,19.29134927,116.1162089,489.6170213,1.944022038,0.005649591,76.69012321,71.52411516,21.54544962,116.4862886,576.146944,37.8861788,0.095188213,1.000000037,4.987926816,6.4e-07,1.000043444,4.987779225,0.000645836,1.058539742,4.82807198,0.662225928,7.698824954,2.177306961,4.991399842,76.69012321,1.909103362,4.49184752,1.0,66.0,1.35e-06,122.3315168,2.57e-12,-8.03e-28,-4.41e-16,1.000000002,66.0,0.0,122.3315168,1.61e-06,5.1e-74,0.0,1.001974832,66.0,0.0,122.298707,1.440366428,4.15e-28,0.0,2.536760877,66.0,2.05e-05,115.7946335,228.9534274,-1.68e-09,-5.4e-06,19.72091284,66.06087495,0.852521902,115.0558221,248.1442794,-0.415353676,-0.030928675
1.000098685,155.9917539,0.692574286,1.008123042,155.3250005,56.38000545,1.701813935,121.2542306,1735.031193,12.43621186,76.86765904,657.4037727,99.05091037,71.72228939,468.8632304,1.000098685,155.9917539,0.692574286,1.008123042,155.3250005,56.38000545,1.701813935,121.2542306,1735.031193,12.43621186,76.86765904,657.4037727,99.05091037,71.72228939,468.8632304,1.000098685,155.9917539,0.832210479,186.9095681,1.472524107,2.5e-05,2.64e-05,1.00812299,155.3250051,7.508635029,186.2201993,57.28706091,0.016617136,0.000694432,1.698084132,121.3755632,41.61880039,157.8453835,1733.658425,11.19910551,0.031513427,10.84158673,78.10763145,27.11110962,122.2314992,780.8922512,88.96020835,0.20205738,78.69438841,72.54854342,23.937738,117.4730712,675.8505961,50.68922739,0.11185826,1.000098685,3.156625092,0.000864774,1.00812299,3.13397046,0.070581219,1.698084132,2.1453732,2.984790015,10.84158673,1.622905828,7.235399521,78.69438841,1.875949147,9.009598617,1.000000054,155.9999952,0.020826055,169.3871261,0.000433725,5.4e-109,0.0,1.000043375,155.9960964,0.592710183,169.3835355,0.351305361,3.57e-57,6.31e-51,1.035136549,152.945051,16.29762848,166.5778761,265.612694,-3.11e-07,-2.2e-06,2.338323267,109.7680899,44.98313459,131.3096016,2043.399788,-90.01051455,-0.11860965,18.40056003,91.78391081,40.69078149,123.0084753,1757.666491,42.10421308,0.042604987
1.000038802,66.0,6.98e-08,1.0023055,66.00002914,0.000466236,1.216162034,66.16890369,3.274658374,10.2319287,71.07562784,354.8073788,95.81542245,71.14421203,393.3049581,1.000038802,66.0,6.98e-08,1.0023055,66.00002914,0.000466236,1.216162034,66.16890369,3.274658374,10.2319287,71.07562784,354.8073788,95.81542245,71.14421203,393.3049581,1.000038801,66.0,0.0,122.3296158,0.083530997,4.6e-18,0.0,1.002301478,66.0,0.000103279,122.239593,4.028229611,6.02e-10,2.9e-06,1.190520943,66.00829278,0.863875726,118.6183157,144.7749425,0.05547145,0.00533672,7.930653569,71.18542498,20.97138714,117.0869185,545.5142982,85.36100229,0.226571028,74.87195685,71.83066267,22.03770934,117.1657799,589.1184123,24.91722138,0.06191738,1.000038801,2.930964258,2.13e-05,1.002301478,2.929313142,0.001513732,1.190520943,2.824648763,0.35859029,7.930653569,2.047631759,3.00739565,74.87195685,1.952252327,3.580345278,1.0,66.0,0.0,122.3315168,0.0,3.38e-59,0.0,1.000000002,66.0,0.0,122.3315168,1.3e-06,1.8000000000000001e-22,0.0,1.001827414,66.0,9.54e-07,122.3009851,1.340448448,5.13e-16,4.65e-10,2.524708418,66.0,0.0,115.8118938,228.5058105,-6.7e-14,0.0,18.96786255,66.03517687,0.648756565,115.869226,227.5362944,-0.365440356,-0.037343049
1.000000087,60.00000262,7.86e-05,1.000090284,60.00270828,0.081240922,1.093328061,62.56048739,70.25844631,4.090744406,78.17637646,210.1947767,68.20147445,103.5335771,19201.59621,1.000000087,60.00000262,7.86e-05,1.000090284,60.00270828,0.081240922,1.093328061,62.56048739,70.25844631,4.090744406,78.17637646,210.1947767,68.20147445,103.5335771,19201.59621,1.0,60.0,0.0,84.85281495,0.000100345,1.4099999999999999e-61,0.0,1.0,60.0,0.0,84.8540617,0.104124341,5.8e-36,0.0,1.000013142,60.00000513,0.00816406,86.11806157,101.6503501,4.57e-10,5.55e-09,1.608620713,61.8996608,4.594799029,103.2617246,820.0470725,21.70419271,0.164979397,28.86365731,137.5357144,206.0227926,264.5899977,113386.3051,2776.756166,0.041565627,1.0,16.25942779,0.0,1.0,16.25942779,2.27e-13,1.000013142,16.25928714,0.001630319,1.608620713,15.53550035,45.52021311,28.86365731,5.461181989,113.7871793,1.0,60.0,0.0,84.85281374,0.0,0.0,0.0,1.0,60.0,0.0,84.85281374,0.0,0.0,0.0,1.000012747,60.0,6.74e-07,84.85281374,6.43e-13,1.64e-38,3.6e-26,1.373751295,60.0,9.54e-07,84.85281374,1.29e-12,-2.4900000000000002e-29,-2.74e-17,5.273371893,60.0,6.74e-07,84.85281374,1.87e-12,1.47e-29,1.61e-17
1.000000029,60.0000011,4.18e-05,1.00003001,60.00114033,0.043331196,1.03107563,61.14528348,42.20909882,2.738744045,81.45861811,396.0220343,29.02801809,91.18936836,310.3649463,1.000000029,60.0000011,4.18e-05,1.00003001,60.00114033,0.043331196,1.03107563,61.14528348,42.20909882,2.738744045,81.45861811,396.0220343,29.02801809,91.18936836,310.3649463,1.000000029,60.0000011,0.006468941,114.90866,4.18e-05,1.49e-140,0.0,1.00003001,60.00114033,0.208161467,114.9092548,0.043331196,3.85e-83,0.0,1.031075625,61.1452833,6.496852431,115.5108015,42.20909151,-1.39e-07,-2.41e-06,2.069270498,74.81284037,18.53288143,116.0162777,435.3107885,-34.61913063,-0.114224193,12.10478057,76.07782194,18.77389941,108.5600816,503.0175664,32.76387751,0.092121837,1.000000029,5.008073435,1.17e-05,1.00003001,5.008675864,0.012116865,1.031075625,5.613703333,11.8030869,2.069270498,12.67388201,107.0282864,12.10478057,12.83990408,116.6547028,1.0,60.0,0.0,84.85281374,4.55e-13,3.2899999999999996e-256,0.0,1.0,60.0,0.0,84.85281374,4.55e-13,-2.2400000000000003e-110,0.0,1.000000002,60.0,6.74e-07,84.85281374,4.55e-13,5.2e-48,0.0,1.262644878,60.0,0.0,84.85281374,9.09e-13,8.23e-30,0.0,6.982763308,60.0,0.0,84.85281374,9.09e-13,6.840000000000001e-29,0.0
1.0,330.0,0.0,1.0,330.0,0.0,1.000000975,329.9997523,0.066878651,1.735622113,282.1366128,10606.61106,23.46553759,203.3428092,15722.37065,1.0,330.0,0.0,1.0,330.0,0.0,1.000000975,329.9997523,0.066878651,1.735622113,282.1366128,10606.61106,23.46553759,203.3428092,15722.37065,1.0,330.0,0.0,431.4904402,0.0,0.0,0.0,1.0,330.0,0.0,431.4904402,0.0,0.0,0.0,1.000000029,330.0,3.81e-06,431.4904402,1.46e-11,-7.31e-135,0.0,1.213617515,330.0,0.0,431.4904402,0.0,1.76e-32,0.0,6.272884204,330.0,6.61e-06,431.4904402,4.37e-11,-6.26e-28,0.0,1.0,25.05956602,0.0,1.0,25.05956602,0.0,1.000000029,25.05956602,1.92e-11,1.213617515,25.06212501,0.00015418,6.272884204,25.05366644,0.001381085,1.0,330.0,0.0,431.4904402,0.0,0.0,0.0,1.0,330.0,0.0,431.4904402,0.0,0.0,0.0,1.000000029,330.0,3.81e-06,431.4904402,1.46e-11,-7.31e-135,0.0,1.213617515,330.0,0.0,431.4904402,0.0,1.76e-32,0.0,6.272884204,330.0,6.61e-06,431.4904402,4.37e-11,-6.26e-28,0.0
2.331377234,72.86289622,62.70699499,3.260287231,70.90754307,54.43671012,4.841006666,69.30510264,41.95830551,12.11972363,69.42303529,176.9691574,101.7985665,70.6792865,330.4896386,2.331377234,72.86289622,62.70699499,3.260287231,70.90754307,54.43671012,4.841006666,69.30510264,41.95830551,12.11972363,69.42303529,176.9691574,101.7985665,70.6792865,330.4896386,1.0,82.0,9.54e-07,105.2615789,9.09e-13,2.9100000000000003e-125,0.0,1.000000001,81.99999998,0.000566972,105.2615789,3.21e-07,-9.28e-31,-1.21e-21,1.001078883,81.98275648,0.524975258,105.2481468,0.275599021,-1.7e-11,-1.25e-08,1.94422271,75.0273908,7.9337541,101.1434703,68.0760421,-3.83319284,-0.094882076,17.08392034,70.58183972,7.186441615,99.96356929,74.48739351,1.689801357,0.032094415,1.0,9.85628891,7.11e-14,1.000000001,9.856288916,3.37e-08,1.001078883,9.861874116,0.028914548,1.94422271,10.85561227,11.43978647,17.08392034,8.800070015,28.1073812,1.0,82.0,9.54e-07,105.2615789,9.09e-13,2.9100000000000003e-125,0.0,1.000000001,81.99999998,0.000566972,105.2615789,3.21e-07,-9.28e-31,-1.21e-21,1.001078883,81.98275648,0.524975258,105.2481468,0.275599021,-1.7e-11,-1.25e-08,1.94422271,75.0273908,7.9337541,101.1434703,68.0760421,-3.83319284,-0.094882076,17.08392034,70.58183972,7.186441615,99.96356929,74.48739351,1.689801357,0.032094415
1.0,330.0,0.0,1.0,330.0,0.0,1.000001114,329.9997147,0.077036536,1.879380938,265.0345755,13320.15824,18.40065921,228.8687034,17077.91093,1.0,330.0,0.0,1.0,330.0,0.0,1.000001114,329.9997147,0.077036536,1.879380938,265.0345755,13320.15824,18.40065921,228.8687034,17077.91093,1.0,330.0,0.0,431.4904402,0.0,0.0,0.0,1.0,330.0,0.0,431.4904402,0.0,0.0,0.0,1.000000029,330.0,0.0,431.4904402,0.0,7.61e-42,0.0,1.213588787,330.0,6.61e-06,431.4904402,4.37e-11,8.19e-37,0.0,6.272747557,330.0,3.81e-06,431.4904402,2.06e-11,2.86e-27,1.97e-16,1.0,25.06282783,0.0,1.0,25.06282783,0.0,1.000000029,25.06282783,1.14e-13,1.213588787,25.06371972,3.65e-05,6.272747557,25.05427396,0.004694852,1.0,330.0,0.0,431.4904402,0.0,0.0,0.0,1.0,330.0,0.0,431.4904402,0.0,0.0,0.0,1.000000029,330.0,0.0,431.4904402,0.0,7.61e-42,0.0,1.213588787,330.0,6.61e-06,431.4904402,4.37e-11,8.19e-37,0.0,6.272747557,330.0,3.81e-06,431.4904402,2.06e-11,2.86e-27,1.97e-16
2.984683748,456.2869754,430.2485756,3.014704472,453.6227652,1340.175105,3.455908517,412.8728309,13289.68194,5.579440448,329.824883,27580.41502,31.62845955,285.138616,32301.53251,2.984683748,456.2869754,430.2485756,3.014704472,453.6227652,1340.175105,3.455908517,412.8728309,13289.68194,5.579440448,329.824883,27580.41502,31.62845955,285.138616,32301.53251,2.983314584,456.4471326,19.30535721,456.4471326,372.6968169,0.0,0.0,2.989964825,456.4016661,19.32121411,456.4016661,373.3093146,0.0,0.0,2.996646941,456.3561286,19.33697759,456.3561286,373.9187023,0.0,0.0,3.428182839,456.3354613,19.34409476,456.3354613,374.1940022,0.0,0.0,15.97869214,456.3334868,19.34477368,456.3334868,374.2202687,0.0,0.0,2.983314584,9.917649465,199.0955101,2.989964825,9.950625523,199.4295536,2.996646941,9.983654459,199.7619526,3.428182839,9.998673314,199.9178403,15.97869214,9.999915816,199.937537,2.983314584,456.4471326,19.30535721,456.4471326,372.6968169,0.0,0.0,2.989964825,456.4016661,19.32121411,456.4016661,373.3093146,0.0,0.0,2.996646941,456.3561286,19.33697759,456.3561286,373.9187023,0.0,0.0,3.428182839,456.3354613,19.34409476,456.3354613,374.1940022,0.0,0.0,15.97869214,456.3334868,19.34477368,456.3334868,374.2202687,0.0,0.0
1.000000029,60.00000109,4.16e-05,1.000029898,60.00113609,0.043170022,1.031037045,61.14390426,42.15984491,2.435478621,80.83451163,390.6329151,27.50409376,91.66884289,298.8671879,1.000000029,60.00000109,4.16e-05,1.000029898,60.00113609,0.043170022,1.031037045,61.14390426,42.15984491,2.435478621,80.83451163,390.6329151,27.50409376,91.66884289,298.8671879,1.000000029,60.00000109,0.006448882,114.9086599,4.16e-05,1.18e-57,0.0,1.000029898,60.00113609,0.207773968,114.9092526,0.043170022,1.69e-33,0.0,1.031037045,61.14390425,6.49306127,115.5100724,42.15984466,-6.85e-08,-1.67e-06,1.957104983,75.6610479,18.70431498,119.1357319,398.7526307,-18.31483973,-0.070789415,11.39984959,77.07439623,18.90214503,110.1677675,507.863667,111.1436917,0.309502246,1.000000029,5.009865624,1.16e-05,1.000029898,5.010465664,0.012065825,1.031037045,5.614616672,11.78348471,1.957104983,13.24487643,97.68139619,11.39984959,13.59506509,101.8730611,1.0,60.0,0.0,84.85281374,0.0,0.0,0.0,1.0,60.0,0.0,84.85281374,0.0,6.87e-126,0.0,1.000000001,60.0,9.54e-07,84.85281374,9.09e-13,-8.37e-85,0.0,1.15051775,60.0,6.74e-07,84.85281374,1.02e-12,-1.28e-34,-2e-22,6.277582251,60.0,6.74e-07,84.85281374,1.87e-12,-8.59e-29,-9.44e-17
1.000000054,66.00000001,1.28e-07,1.000062459,66.000042,0.000671991,1.09540975,66.20180991,3.211655562,9.414186818,70.23530386,274.9586007,98.00027206,70.8537638,368.1621197,1.000000054,66.00000001,1.28e-07,1.000062459,66.000042,0.000671991,1.09540975,66.20180991,3.211655562,9.414186818,70.23530386,274.9586007,98.00027206,70.8537638,368.1621197,1.000000052,66.0,1.35e-06,122.3298844,0.071732619,-9.73e-25,-2.69e-18,1.000056604,66.0,9.54e-07,122.2678721,2.791407931,4.93e-14,3.09e-08,1.066358855,66.00032517,0.171070325,120.0424805,93.59771369,0.000783108,0.000473167,7.147632774,69.99414161,18.51586521,116.5156996,464.7519958,47.44202359,0.144646362,75.23666238,71.68300845,21.43256545,117.421041,562.8312088,70.12059281,0.181417283,1.000000052,5.035800982,7.96e-07,1.000056604,5.035595649,0.0008578,1.066358855,4.816174021,0.853455741,7.147632774,2.314919236,4.099052732,75.23666238,1.942636088,3.537349552,1.0,66.0,0.0,122.3315168,1.82e-12,3.4700000000000004e-43,0.0,1.000000001,66.0,0.0,122.3315168,0.0,1.3900000000000002e-73,0.0,1.000976163,66.0,0.0,122.3315168,1.46e-06,2.18e-22,0.0,2.073563809,66.02605556,0.558558676,120.4426224,78.76482651,-0.069840897,-0.014088883,19.56336019,66.66027724,2.736304225,116.8126126,211.8531222,6.76485761,0.169907498
1.717635894,300.0,0.0,2.452048062,300.0,1.43e-09,6.195523841,299.9987588,0.134817325,54.14535164,296.4326962,2066.340692,264.0243062,265.4319671,40482.5547,1.717635894,300.0,0.0,2.452048062,300.0,1.43e-09,6.195523841,299.9987588,0.134817325,54.14535164,296.4326962,2066.340692,264.0243062,265.4319671,40482.5547,1.717635894,300.0,3.81e-06,599.4672635,1.46e-11,1.29e-21,0.0,2.452048062,300.0,3.8e-05,599.4672635,2.94e-08,1.06e-11,0.001626538,6.195523773,299.9987571,0.366799273,599.4625956,1.575927391,0.049145241,0.106924972,53.25900253,295.7684047,39.41941565,592.0384557,3164.709437,284.7439269,0.137571765,197.597886,291.5880557,202.3390595,551.425883,65568.03023,2694.803753,0.058850224,1.717635894,0.251845399,1.47e-05,2.452048062,0.251992239,2.56e-05,6.195523773,0.254035977,0.000232789,53.25900253,152.2244384,233125000000.0,197.597886,2303203.902,3528380000000000.0,1.717635894,300.0,3.81e-06,599.4672635,1.46e-11,1.29e-21,0.0,2.452048062,300.0,3.8e-05,599.4672635,2.94e-08,1.06e-11,0.001626538,6.195523773,299.9987571,0.366799273,599.4625956,1.575927391,0.049145241,0.106924972,53.25900253,295.7684047,39.41941565,592.0384557,3164.709437,284.7439269,0.137571765,197.597886,291.5880557,202.3390595,551.425883,65568.03023,2694.803753,0.058850224
2.996645057,456.342537,374.168049,2.998318407,456.2997923,388.3433991,3.106570308,444.8556716,4206.89922,5.283305998,341.0239865,26499.58104,29.87727481,297.9679148,31169.99782,2.996645057,456.342537,374.168049,2.998318407,456.2997923,388.3433991,3.106570308,444.8556716,4206.89922,5.283305998,341.0239865,26499.58104,29.87727481,297.9679148,31169.99782,2.996643934,456.3426749,19.34209099,456.3426749,374.116484,0.0,0.0,2.997985682,456.3389379,19.34318495,456.3389379,374.1588039,0.0,0.0,2.999328337,456.3352014,19.34427799,456.3352014,374.201091,0.0,0.0,3.428595357,456.3335312,19.34476543,456.3335312,374.2199495,0.0,0.0,15.97893105,456.3334092,19.34479978,456.3334092,374.2212784,0.0,0.0,2.996643934,9.992451158,199.8811896,2.997985682,9.995029498,199.9069974,2.999328337,9.997607493,199.9327884,3.428595357,9.998871494,199.9485352,15.97893105,9.999856743,199.9629246,2.996643934,456.3426749,19.34209099,456.3426749,374.116484,0.0,0.0,2.997985682,456.3389379,19.34318495,456.3389379,374.1588039,0.0,0.0,2.999328337,456.3352014,19.34427799,456.3352014,374.201091,0.0,0.0,3.428595357,456.3335312,19.34476543,456.3335312,374.2199495,0.0,0.0,15.97893105,456.3334092,19.34479978,456.3334092,374.2212784,0.0,0.0
1.000686914,66.0,0.0,1.016694269,66.0,9.09e-13,1.419108952,66.00000262,0.000162144,8.620394609,68.31818776,181.9124371,94.17001491,70.44465218,343.8718103,1.000686914,66.0,0.0,1.016694269,66.0,9.09e-13,1.419108952,66.00000262,0.000162144,8.620394609,68.31818776,181.9124371,94.17001491,70.44465218,343.8718103,1.000686914,66.0,0.0,122.331516,3.31e-05,8.599999999999999e-24,0.0,1.016694269,66.0,0.0,122.3308809,0.027943421,-3.03e-22,0.0,1.419005381,66.00000162,0.012088597,121.8110569,22.50868198,8.16e-06,0.00014226,7.420370042,68.32396031,14.27424102,117.0619808,328.1321462,33.42722847,0.146018077,73.63197973,71.08657351,20.56345595,117.0758771,530.1829385,53.20103134,0.144666791,1.000686914,2.301632548,0.004213084,1.016694269,2.304308025,0.100771988,1.419005381,2.350995567,1.805952285,7.420370042,2.222895274,3.927632037,73.63197973,1.985640791,3.723868526,1.0,66.0,0.0,93.33809512,1.82e-12,-8.03e-51,0.0,1.0,66.0,0.0,93.33809514,1.86e-06,9.46e-30,0.0,1.000029941,66.0000023,0.014399964,93.37074094,2.444232493,7.51e-08,3.34e-06,1.874698705,75.19853715,27.26270819,110.4834083,935.8583919,72.44423342,0.111429188,17.30632207,87.1587783,38.15349065,120.7562622,1583.004288,115.7030404,0.121595783
1.0,204.0,0.0,1.0,204.0,6.79e-09,1.000069636,203.9901478,1.407845722,2.303221018,236.4537195,20588.51243,26.92237924,287.4924486,30988.11061,1.0,204.0,0.0,1.0,204.0,6.79e-09,1.000069636,203.9901478,1.407845722,2.303221018,236.4537195,20588.51243,26.92237924,287.4924486,30988.11061,1.0,204.0,0.0,274.0529146,0.0,0.0,0.0,1.0,204.0,0.0,274.0529146,0.0,0.0,0.0,1.000000002,203.9999998,0.004938728,274.0529145,2.44e-05,-4.16e-21,-3.13e-13,1.29010383,188.2313506,43.90242951,262.5262679,1927.423317,1.88e-13,0.0,9.662522963,142.0452316,68.63938164,231.6589041,4711.364711,2.95e-10,1.38e-07,1.0,29.54033899,0.0,1.0,29.54033899,0.0,1.000000002,29.54033896,1.08e-06,1.29010383,26.22261365,85.55749543,9.662522963,16.4920248,209.7611558,1.0,204.0,0.0,274.0529146,0.0,0.0,0.0,1.0,204.0,0.0,274.0529146,0.0,0.0,0.0,1.000000002,203.9999998,0.004938728,274.0529145,2.44e-05,-4.16e-21,-3.13e-13,1.29010383,188.2313506,43.90242951,262.5262679,1927.423317,1.88e-13,0.0,9.662522963,142.0452316,68.63938164,231.6589041,4711.364711,2.95e-10,1.38e-07
2.000383855,101.9918538,0.342072039,2.008978029,101.8122564,7.849965536,2.213947255,98.04582541,150.0216048,4.013087235,91.17260708,311.5515352,30.44838531,91.83682927,337.9268825,2.000383855,101.9918538,0.342072039,2.008978029,101.8122564,7.849965536,2.213947255,98.04582541,150.0216048,4.013087235,91.17260708,311.5515352,30.44838531,91.83682927,337.9268825,1.0,102.0,0.0,144.2497834,0.0,0.0,0.0,1.0,102.0,0.0,144.2497834,0.0,0.0,0.0,1.0,102.0,0.0,144.2497834,0.0,0.0,0.0,1.0716114,102.0,0.0,144.2497834,3.64e-12,-2.06e-43,0.0,4.219824487,102.0,1.91e-06,144.2497834,4.07e-12,-8.17e-29,-3.18e-17,1.0,39.03580713,0.0,1.0,39.03580713,0.0,1.0,39.03580713,0.0,1.0716114,39.03448841,2.44e-05,4.219824487,39.02019753,0.029693987,1.0,102.0,0.0,144.2497834,0.0,0.0,0.0,1.0,102.0,0.0,144.2497834,0.0,0.0,0.0,1.0,102.0,0.0,144.2497834,0.0,0.0,0.0,1.0716114,102.0,0.0,144.2497834,3.64e-12,-2.06e-43,0.0,4.219824487,102.0,1.91e-06,144.2497834,4.07e-12,-8.17e-29,-3.18e-17
1.00000154,65.99999687,1.91e-05,1.000506255,65.99902734,0.010349307,1.184695573,66.33139849,56.65160173,9.332658015,72.58979551,574.5649548,93.80310077,70.93947682,393.6923811,1.00000154,65.99999687,1.91e-05,1.000506255,65.99902734,0.010349307,1.184695573,66.33139849,56.65160173,9.332658015,72.58979551,574.5649548,93.80310077,70.93947682,393.6923811,1.0,66.0,0.0,93.33809512,0.0,-1.06e-36,0.0,1.0,66.0,0.0,93.33809513,1.9e-07,-1.82e-21,0.0,1.000030373,66.00000043,0.002622134,93.3483294,0.231346394,-3.09e-06,-0.002452563,1.881165671,67.6375747,4.849695275,96.99867237,49.87892319,0.65118483,0.020245769,17.36346362,69.74933958,6.777306497,99.27106323,69.9066572,2.916950938,0.05928845,1.0,15.009516,0.0,1.0,15.009516,6.82e-13,1.000030373,15.00936366,0.000766972,1.881165671,11.81865514,21.6947811,17.36346362,8.66153829,29.81029558,1.0,66.0,0.0,93.33809512,0.0,-1.06e-36,0.0,1.0,66.0,0.0,93.33809513,1.9e-07,-1.82e-21,0.0,1.000030373,66.00000043,0.002622134,93.3483294,0.231346394,-3.09e-06,-0.002452563,1.881165671,67.6375747,4.849695275,96.99867237,49.87892319,0.65118483,0.020245769,17.36346362,69.74933958,6.777306497,99.27106323,69.9066572,2.916950938,0.05928845
1.673615743,300.0,3.32e-08,2.377736943,299.9999925,0.0007184,6.024845236,299.9000142,10.85068179,53.21946707,294.3865718,3240.060977,251.2257536,262.0515396,44313.08461,1.673615743,300.0,3.32e-08,2.377736943,299.9999925,0.0007184,6.024845236,299.9000142,10.85068179,53.21946707,294.3865718,3240.060977,251.2257536,262.0515396,44313.08461,1.673615743,300.0,0.000182189,599.4672635,9.46e-07,2.31e-10,0.001303038,2.377736943,299.9999925,0.026802993,599.467222,0.014685802,6.06e-05,0.018678776,6.024839845,299.8998742,3.290662626,599.089926,127.3180461,8.888973307,0.239834409,51.84857826,293.2770835,49.51750314,587.641252,4999.463023,441.7355366,0.135149912,181.8383574,290.4515489,215.5496305,544.9638504,74128.21771,2952.766789,0.056998748,1.673615743,0.26266412,4.01e-05,2.377736943,0.262502702,7.02e-05,6.024839845,0.261905649,0.000174589,51.84857826,241.6919655,370376000000.0,181.8383574,2614381.236,4004270000000000.0,1.673615743,300.0,0.000182189,599.4672635,9.46e-07,2.31e-10,0.001303038,2.377736943,299.9999925,0.026802993,599.467222,0.014685802,6.06e-05,0.018678776,6.024839845,299.8998742,3.290662626,599.089926,127.3180461,8.888973307,0.239834409,51.84857826,293.2770835,49.51750314,587.641252,4999.463023,441.7355366,0.135149912,181.8383574,290.4515489,215.5496305,544.9638504,74128.21771,2952.766789,0.056998748
1.000448937,60.00269266,0.016154477,1.015258486,60.09054737,0.546817659,1.59221187,62.96616647,59.23680728,12.41503738,70.94823762,440.9067446,102.1361801,71.30872203,439.8360463,1.000448937,60.00269266,0.016154477,1.015258486,60.09054737,0.546817659,1.59221187,62.96616647,59.23680728,12.41503738,70.94823762,440.9067446,102.1361801,71.30872203,439.8360463,1.0,60.0,0.0,84.85281374,0.0,0.0,0.0,1.0,60.0,0.0,84.85281374,0.0,7.74e-97,0.0,1.000298046,60.0,6.74e-07,84.85281374,4.55e-13,1.5199999999999998e-67,0.0,2.010802846,60.0,6.74e-07,84.85281374,1.02e-12,-3.5600000000000003e-29,-5.53e-17,8.212074138,60.00016456,0.05131174,84.85341212,0.056991037,4.3e-07,3.51e-05,1.0,11.71264005,0.0,1.0,11.71264005,5.05e-11,1.000298046,11.71305146,0.000584771,2.010802846,11.52535858,48.05483224,8.212074138,19.30160668,163.513807,1.0,60.0,0.0,84.85281374,0.0,0.0,0.0,1.0,60.0,0.0,84.85281374,0.0,7.74e-97,0.0,1.000298046,60.0,6.74e-07,84.85281374,4.55e-13,1.5199999999999998e-67,0.0,2.010802846,60.0,6.74e-07,84.85281374,1.02e-12,-3.5600000000000003e-29,-5.53e-17,8.211989679,60.0,0.0,84.85281374,1.36e-12,1.32e-29,0.0
1.0,66.0,0.0,1.000000026,66.0,1.82e-12,1.005953734,66.00000237,3.9e-05,6.772280944,67.79255343,131.937351,94.62516911,70.78769759,765.2974735,1.0,66.0,0.0,1.000000026,66.0,1.82e-12,1.005953734,66.00000237,3.9e-05,6.772280944,67.79255343,131.937351,94.62516911,70.78769759,765.2974735,1.0,66.0,0.0,122.3315168,1.4e-10,2.69e-28,0.0,1.000000026,66.0,9.54e-07,122.3315165,1.42e-05,1.4e-29,3.9e-21,1.005786999,66.0,0.000588725,122.2989505,1.429687145,1.84e-08,2.61e-05,5.568840485,67.69764559,12.24361477,117.8421179,259.1064771,-16.06137365,-0.090236622,73.47079707,71.58869217,31.10003118,117.0188051,1130.88863,-23.24945385,-0.030881518,1.0,8.445958138,9.32e-12,1.000000026,8.445957961,1.25e-06,1.005786999,8.411447182,0.274501865,5.568840485,3.348091117,15.16833328,73.47079707,2.009120733,9.326548803,1.0,66.0,0.0,122.3315168,0.0,2.16e-148,0.0,1.000000001,66.0,9.54e-07,122.3315168,9.09e-13,-6.72e-175,0.0,1.000970593,66.0,0.0,122.3315168,1.41e-06,-1.02e-27,0.0,2.165546642,66.0,0.0,119.9440853,97.23981427,1.13e-16,0.0,19.11450135,66.08747073,3.985115478,116.2637308,1184.452939,-0.2095156,-0.001527693
1.43948808,66.0,2.4e-07,1.805722621,66.0000299,0.002690808,2.519818033,66.30122418,27.01942823,10.14565386,72.54888648,527.2214263,99.512228,75.19052711,728.7091965,1.43948808,66.0,2.4e-07,1.805722621,66.0000299,0.002690808,2.519818033,66.30122418,27.01942823,10.14565386,72.54888648,527.2214263,99.512228,75.19052711,728.7091965,1.0,66.0,0.0,93.33809512,0.0,-8.459999999999999e-104,0.0,1.0,66.0,1.35e-06,93.33809512,1.67e-07,-1e-35,-1.82e-26,1.000029732,66.00000042,0.002600212,93.3478946,0.221526558,7.57e-13,6.18e-10,1.86828402,67.64077068,4.853885297,97.72650725,57.08316352,3.134874002,0.08956799,16.99696299,69.75177307,6.778169419,99.43641177,71.0458387,5.211710251,0.10444869,1.0,15.04031205,0.0,1.0,15.04031205,6.82e-13,1.000029732,15.04016192,0.000760916,1.86828402,11.9235798,21.29747105,16.99696299,8.851927229,29.8102871,1.0,66.0,0.0,93.33809512,0.0,-8.459999999999999e-104,0.0,1.0,66.0,1.35e-06,93.33809512,1.67e-07,-1e-35,-1.82e-26,1.000029732,66.00000042,0.002600212,93.3478946,0.221526558,7.57e-13,6.18e-10,1.86828402,67.64077068,4.853885297,97.72650725,57.08316352,3.134874002,0.08956799,16.99696299,69.75177307,6.778169419,99.43641177,71.0458387,5.211710251,0.10444869
1.032146332,60.00000018,5.33e-06,1.143021646,60.00048072,0.014421257,2.057703032,60.79953831,23.43607268,24.38142029,95.41001064,19552.71502,199.3952141,121.4055704,32106.24879,1.032146332,60.00000018,5.33e-06,1.143021646,60.00048072,0.014421257,2.057703032,60.79953831,23.43607268,24.38142029,95.41001064,19552.71502,199.3952141,121.4055704,32106.24879,1.032146326,60.0,0.0,60.0,0.0,0.0,0.0,1.14300333,60.0,9.54e-07,60.0,9.09e-13,0.0,0.0,2.00286303,60.0,9.54e-07,60.0,9.09e-13,0.0,0.0,14.77996091,60.0,6.74e-07,60.0,4.55e-13,0.0,0.0,65.33731305,60.0,2.43e-06,60.0,5.91e-12,0.0,0.0,1.032146326,1.00099004,1.13e-05,1.14300333,0.999611885,4.02e-05,2.00286303,0.997978493,0.00011334,14.77996091,1.306424838,542.7621014,65.33731305,16.27703479,27581.42745,1.032146326,60.0,0.0,60.0,0.0,0.0,0.0,1.14300333,60.0,9.54e-07,60.0,9.09e-13,0.0,0.0,2.00286303,60.0,9.54e-07,60.0,9.09e-13,0.0,0.0,14.77996091,60.0,6.74e-07,60.0,4.55e-13,0.0,0.0,65.33731305,60.0,2.43e-06,60.0,5.91e-12,0.0,0.0
1.0,330.0,0.0,1.0,330.0,0.0,1.000000955,329.9997572,0.065553913,1.73060518,282.5531019,10552.16972,22.70575326,206.8053752,15876.02909,1.0,330.0,0.0,1.0,330.0,0.0,1.000000955,329.9997572,0.065553913,1.73060518,282.5531019,10552.16972,22.70575326,206.8053752,15876.02909,1.0,330.0,0.0,431.4904402,0.0,0.0,0.0,1.0,330.0,0.0,431.4904402,0.0,0.0,0.0,1.000000028,330.0,0.0,431.4904402,0.0,6.21e-73,0.0,1.213137603,330.0,5.39e-06,431.4904402,2.91e-11,-2.2100000000000002e-29,0.0,6.271761777,330.0,1.08e-05,431.4904402,1.16e-10,5.440000000000001e-27,0.0,1.0,25.09343791,0.0,1.0,25.09343791,0.0,1.000000028,25.09343791,2.03e-11,1.213137603,25.08886585,0.000124332,6.271761777,25.05856871,0.00299176,1.0,330.0,0.0,431.4904402,0.0,0.0,0.0,1.0,330.0,0.0,431.4904402,0.0,0.0,0.0,1.000000028,330.0,0.0,431.4904402,0.0,6.21e-73,0.0,1.213137603,330.0,5.39e-06,431.4904402,2.91e-11,-2.2100000000000002e-29,0.0,6.271761777,330.0,1.08e-05,431.4904402,1.16e-10,5.440000000000001e-27,0.0
1.996232595,449.0377451,399.9985753,1.997737851,449.0226471,399.9994871,1.999246031,449.0074241,400.0481326,3.159353464,368.9908431,23162.80525,29.2249719,286.3264647,32300.86409,1.996232595,449.0377451,399.9985753,1.997737851,449.0226471,399.9994871,1.999246031,449.0074241,400.0481326,3.159353464,368.9908431,23162.80525,29.2249719,286.3264647,32300.86409,1.996232595,449.0377451,19.99996438,449.0377451,399.9985753,0.0,0.0,1.997737851,449.0226471,19.99998718,449.0226471,399.9994871,0.0,0.0,1.999245384,449.007549,19.99999858,449.007549,399.9999431,0.0,0.0,2.428518141,450.2950379,20.08145403,450.2950379,403.2647959,0.0,0.0,14.97889082,455.3542881,19.59297401,455.3542881,383.8846306,0.0,0.0,1.996232595,14.97074049,224.9378949,1.997737851,14.98206248,224.9384076,1.999245384,14.99338448,224.938664,2.428518141,14.11620794,224.1610442,14.97889082,10.6674527,206.1830964,1.996232595,449.0377451,19.99996438,449.0377451,399.9985753,0.0,0.0,1.997737851,449.0226471,19.99998718,449.0226471,399.9994871,0.0,0.0,1.999245384,449.007549,19.99999858,449.007549,399.9999431,0.0,0.0,2.428518141,450.2950379,20.08145403,450.2950379,403.2647959,0.0,0.0,14.97889082,455.3542881,19.59297401,455.3542881,383.8846306,0.0,0.0
1.0,380.0,0.0,1.0,380.0,0.0,1.000000003,379.9999993,0.000221947,1.628942444,300.2282109,19295.89328,13.78895381,221.3505886,36548.48117,1.0,380.0,0.0,1.0,380.0,0.0,1.000000003,379.9999993,0.000221947,1.628942444,300.2282109,19295.89328,13.78895381,221.3505886,36548.48117,1.0,380.0,0.0,537.4011543,8.11e-05,3.5e-94,0.0,1.0,380.0,0.0,537.4021501,0.13527412,5.74e-55,0.0,1.000000002,379.9999996,0.011044776,539.0259494,214.9940802,-1.32e-15,-8.16e-15,1.437339224,332.2516178,114.672101,529.2265356,13876.56958,-206.9633655,-0.027109638,10.47672268,272.3618121,193.0556936,398.3048407,45224.48449,-3334.353389,-0.107913543,1.0,29.62671781,0.0,1.0,29.62671781,0.0,1.000000002,29.62671775,1.55e-06,1.437339224,24.42079908,195.7884172,10.47672268,16.04278875,477.8885225,1.0,380.0,0.0,537.4011543,8.11e-05,3.5e-94,0.0,1.0,380.0,0.0,537.4021501,0.13527412,5.74e-55,0.0,1.000000002,379.9999996,0.011044776,539.0259494,214.9940802,-1.32e-15,-8.16e-15,1.437339224,332.2516178,114.672101,529.2265356,13876.56958,-206.9633655,-0.027109638,10.47672268,272.3618121,193.0556936,398.3048407,45224.48449,-3334.353389,-0.107913543
3.014511788,66.0,9.09e-13,3.094706309,66.0,9.09e-13,3.465209639,66.00001453,0.000218946,10.11363071,68.57094459,148.4243625,100.1798981,70.52848868,440.5498051,3.014511788,66.0,9.09e-13,3.094706309,66.0,9.09e-13,3.465209639,66.00001453,0.000218946,10.11363071,68.57094459,148.4243625,100.1798981,70.52848868,440.5498051,3.014511788,66.0,0.0,121.9831065,15.14821441,-4.2e-66,0.0,3.094706307,66.0,9.54e-07,121.0274077,55.02586936,1.41e-14,1.99e-09,3.463849405,66.00000883,0.011301285,117.856764,169.503451,-0.000230816,-0.001568735,8.754436995,68.5061131,12.81623951,117.2996782,295.0200991,-12.72315812,-0.063415251,78.94440318,71.21144235,23.28658948,116.8968495,663.1216257,11.57051268,0.025433007,3.014511788,0.428606614,0.765212486,3.094706307,0.639126945,2.459734939,3.463849405,1.497318461,8.463912122,8.754436995,2.064468639,9.987717787,78.94440318,1.870302698,9.075814096,1.0,66.0,9.54e-07,122.3315168,2.03e-12,1.25e-43,9.730000000000001e-32,1.000000001,66.0,0.0,122.3315168,3.64e-12,9.72e-26,0.0,1.001034629,66.0000149,0.013371061,122.3315248,0.000178791,1.06e-07,0.00678961,2.428708241,67.27084423,3.692571695,120.9154626,88.11753556,5.564056232,0.16149634,20.8798995,66.81054396,3.011568699,116.1096869,232.9699499,9.989574416,0.217404702
1.670717033,81.77665532,1170.997797,2.445181924,83.61560839,1275.247631,4.399872226,81.89180565,1188.362987,13.2981985,73.90296102,631.819943,107.9062389,71.12001298,374.4686208,1.670717033,81.77665532,1170.997797,2.445181924,83.61560839,1275.247631,4.399872226,81.89180565,1188.362987,13.2981985,73.90296102,631.819943,107.9062389,71.12001298,374.4686208,1.670712186,81.77671849,34.2198746,128.9185028,1215.16432,70.52601509,0.114387224,2.44453433,83.62186432,35.71327046,127.7226815,1324.86171,179.2587115,0.26510034,4.307526699,82.34367409,34.69603702,124.5934113,1260.875687,293.0254306,0.43611453,10.29629113,75.81520142,27.95064126,119.6095333,856.9262749,200.476478,0.382230737,82.3955693,72.30868285,21.60740736,117.8220412,571.139882,78.68272309,0.200768718,1.670712186,0.462049073,0.675417778,2.44453433,0.575789279,1.224271386,4.307526699,0.766500361,2.068638901,10.29629113,1.734910792,8.367523218,82.3955693,1.795780838,9.961452388,1.082752451,66.0,0.0,115.7893478,229.0903329,-4.55e-165,0.0,1.224216991,66.0,1.35e-06,114.1925331,266.7750637,-7.52e-14,-3.41e-09,1.608106575,66.0,0.0,112.7534484,294.3845107,-2.18e-14,0.0,2.987504257,66.06484945,0.879765865,114.3380649,264.4581312,0.115287747,0.008058209,21.71686952,67.01399274,3.337623641,116.1187866,235.8078046,1.553811673,0.030333638
4.79687567,136.9651547,9200.64352,7.516135207,125.1071119,8217.146424,15.84224755,114.4313468,7071.370142,42.71721997,167.0644019,86546.27155,159.1115295,214.9073374,154652.9857,4.79687567,136.9651547,9200.64352,7.516135207,125.1071119,8217.146424,15.84224755,114.4313468,7071.370142,42.71721997,167.0644019,86546.27155,159.1115295,214.9073374,154652.9857,4.201545535,143.9217771,97.93500656,661.779365,373124.8135,-15753.32857,-0.263377744,5.611117319,135.4557195,95.03184396,720.6013001,382865.8856,-9816.29611,-0.166961211,8.085176031,127.9155408,92.17223218,757.5449453,386253.0865,5534.185745,0.096620701,9.780826059,125.0032215,91.01522037,766.6182809,387246.7485,17767.68161,0.313741915,9.977773043,124.7301378,90.90551832,767.2731078,387349.3213,19246.18159,0.340214141,4.201545535,33651061.6,5.05e+16,5.611117319,65396348.22,9.61e+16,8.085176031,117789985.9,1.67e+17,9.780826059,149558143.5,2.07e+17,9.977773043,153034995.5,2.11e+17,4.201545535,143.9217771,97.93500656,661.779365,373124.8135,-15753.32857,-0.263377744,5.611117319,135.4557195,95.03184396,720.6013001,382865.8856,-9816.29611,-0.166961211,8.085176031,127.9155408,92.17223218,757.5449453,386253.0865,5534.185745,0.096620701,9.780826059,125.0032215,91.01522037,766.6182809,387246.7485,17767.68161,0.313741915,9.977773043,124.7301378,90.90551832,767.2731078,387349.3213,19246.18159,0.340214141
1.000000018,60.00000482,0.001300918,1.000029602,60.00799238,2.157880025,1.049105315,72.63784951,3252.504127,3.432812566,198.9288417,16568.10481,28.79287664,187.2489626,14942.76641,1.000000018,60.00000482,0.001300918,1.000029602,60.00799238,2.157880025,1.049105315,72.63784951,3252.504127,3.432812566,198.9288417,16568.10481,28.79287664,187.2489626,14942.76641,1.0,60.0,0.0,84.85281374,0.0,1.3200000000000001e-160,0.0,1.0,60.0,0.0,84.85281374,0.0,1.4199999999999999e-95,0.0,1.0,60.0,0.000247087,84.85281374,8.74e-08,2.62e-18,4.23e-11,1.756410175,73.82822084,18.28257915,104.4229298,472.8498514,108.7956581,0.325389358,16.70374072,83.94086054,18.34633198,118.7644366,504.5850514,156.9990168,0.441368037,1.0,35.45944405,0.0,1.0,35.45944405,0.0,1.0,35.45944404,6.35e-08,1.756410175,21.21139748,280.615889,16.70374072,9.445527261,160.4064666,1.0,60.0,0.0,84.85281374,0.0,0.0,0.0,1.0,60.0,0.0,84.85281374,0.0,0.0,0.0,1.0,60.0,9.54e-07,84.85281374,1.29e-12,4.99e-29,5.49e-17,1.117251549,60.0,6.74e-07,84.85281374,6.43e-13,-4.51e-29,-9.92e-17,6.178695312,60.0,0.0,84.85281374,0.0,2.12e-30,0.0
1.000000172,66.00000001,2.08e-07,1.000142379,66.00006162,0.001538894,1.148334616,66.55113378,33.81862787,10.68453788,72.38720217,481.3769689,98.30740401,70.94458657,384.3585237,1.000000172,66.00000001,2.08e-07,1.000142379,66.00006162,0.001538894,1.148334616,66.55113378,33.81862787,10.68453788,72.38720217,481.3769689,98.30740401,70.94458657,384.3585237,1.00000017,66.0,0.000113158,122.3315141,0.000118619,-4.49e-16,-3.64e-10,1.000134568,66.00000747,0.025935339,122.3297189,0.079273427,-1.58e-08,-2.17e-06,1.116883945,66.35157682,5.614116779,121.4965692,56.84078842,-0.382980685,-0.00991873,8.229433625,73.26382913,24.50556365,119.520616,679.7495451,44.0548539,0.100736146,75.0142836,71.96144707,21.94720422,117.9688285,577.83382,89.00235356,0.226988451,1.00000017,4.796353385,2.92e-06,1.000134568,4.795829861,0.002272741,1.116883945,4.396606085,1.547072029,8.229433625,1.98868621,3.507870483,75.0142836,1.948316913,3.513638098,1.0,66.0,0.0,122.3315168,1.82e-12,-1.08e-117,0.0,1.000000001,66.0,0.0,122.3315168,3.64e-12,8.69e-76,0.0,1.001028133,66.0,1.35e-06,122.3315168,1.42e-06,-5.41e-22,-3.37e-13,2.137944953,66.02254222,0.519613785,120.4742027,77.46256343,-0.053275242,-0.011649309,18.82131634,66.36752055,2.067649693,117.1200752,198.269455,0.897150319,0.030818453
1.0,98.0,0.0,1.0,98.0,3.64e-12,1.000014585,97.99964768,0.06022637,1.947982488,156.0766736,12184.1002,21.38108899,205.417281,16070.90246,1.0,98.0,0.0,1.0,98.0,3.64e-12,1.000014585,97.99964768,0.06022637,1.947982488,156.0766736,12184.1002,21.38108899,205.417281,16070.90246,1.0,98.0,0.0,114.9086594,0.0,2.34e-269,0.0,1.0,98.0,1.91e-06,114.9086594,3.64e-12,1.14e-160,0.0,1.000013837,97.9994742,0.141350524,114.908211,0.019979971,7.449999999999999e-52,0.0,1.395559228,87.23022903,17.124933,105.8751007,293.2633609,0.013431824,0.00214045,10.56383103,77.84581519,18.96491122,108.6110248,502.142733,441.1668885,1.242695046,1.0,16.14111686,0.0,1.0,16.14111686,2.27e-13,1.000013837,16.14124331,0.001155529,1.395559228,18.71431267,16.76502123,10.56383103,14.85554049,146.6070738,1.0,98.0,0.0,138.5929291,0.0,0.0,0.0,1.0,98.0,0.0,138.5929291,0.0,0.0,0.0,1.0,98.0,0.0,138.5929291,0.0,-4.43e-136,0.0,1.000036773,98.0,1.35e-06,138.5929291,4.07e-12,1.99e-33,7.73e-22,4.961057268,98.0,0.0,138.5929291,7.28e-12,-7.11e-30,0.0
2.98434322,240.9346174,16115.01093,2.990576704,240.5613606,16149.16242,2.996849493,240.1873026,16183.10677,5.193310214,197.5533964,15577.64157,30.67090535,184.628233,14818.06323,2.98434322,240.9346174,16115.01093,2.990576704,240.5613606,16149.16242,2.996849493,240.1873026,16183.10677,5.193310214,197.5533964,15577.64157,30.67090535,184.628233,14818.06323,1.0,330.0,0.0,431.4904402,0.0,0.0,0.0,1.0,330.0,0.0,431.4904402,0.0,0.0,0.0,1.000000029,330.0,0.0,431.4904402,0.0,6.7099999999999995e-236,0.0,1.213650236,330.0,0.0,431.4904402,2.91e-11,2.1500000000000003e-73,0.0,6.271315568,330.0,3.81e-06,431.4904402,2.06e-11,1.42e-28,9.74e-18,1.0,25.05686998,0.0,1.0,25.05686998,0.0,1.000000029,25.05686998,5.01e-11,1.213650236,25.06032283,0.00068911,6.271315568,25.06051864,0.003791581,1.0,330.0,0.0,431.4904402,0.0,0.0,0.0,1.0,330.0,0.0,431.4904402,0.0,0.0,0.0,1.000000029,330.0,0.0,431.4904402,0.0,6.7099999999999995e-236,0.0,1.213650236,330.0,0.0,431.4904402,2.91e-11,2.1500000000000003e-73,0.0,6.271315568,330.0,3.81e-06,431.4904402,2.06e-11,1.42e-28,9.74e-18
1.606079995,99.96293253,1903.183142,1.740593562,104.288032,1979.949485,2.016069824,106.3869929,2003.733085,10.76582248,75.98586381,763.9823172,103.0911882,71.57505761,397.0938191,1.606079995,99.96293253,1903.183142,1.740593562,104.288032,1979.949485,2.016069824,106.3869929,2003.733085,10.76582248,75.98586381,763.9823172,103.0911882,71.57505761,397.0938191,1.606079995,99.96293253,43.62548729,155.4142312,1903.183142,-0.000502527,-0.000360858,1.740593528,104.2880327,44.49662341,158.2250159,1979.949534,-0.214996779,-0.007727658,2.012786705,106.452999,44.76968597,157.1610321,2008.744765,-75.6708437,-0.146460393,8.954423879,77.7435177,29.83380961,122.2661364,963.303677,37.28783479,0.065113395,81.16790701,72.57349839,22.01262694,118.2094122,582.1191082,8.202325784,0.020746051,1.606079995,1.762103527,4.317406201,1.740593528,1.968193218,4.491822025,2.012786705,2.190528839,5.122349911,8.954423879,2.007209838,9.60254759,81.16790701,1.819004194,8.907718339,1.60607998,99.96293285,43.62548738,155.4142316,1903.183149,-0.000496436,-0.000357144,1.740561563,104.2887359,44.49672947,158.2258519,1979.958971,-0.20121553,-0.007306585,1.946642791,107.8275294,44.88803215,158.6725078,2019.175627,-66.0762446,-0.128715642,3.399141789,95.95842806,42.41168605,133.2459543,1930.972993,116.3423332,0.103515938,19.86696852,89.51708172,39.53608301,123.2576737,1689.657442,127.338701,0.127155007
1.093855531,66.55070549,8.903684837,1.327646088,67.87162461,41.99937183,2.743091132,73.29568644,426.4730991,13.93068527,72.06448867,516.568383,100.7938341,70.64222418,374.5184227,1.093855531,66.55070549,8.903684837,1.327646088,67.87162461,41.99937183,2.743091132,73.29568644,426.4730991,13.93068527,72.06448867,516.568383,100.7938341,70.64222418,374.5184227,1.00021801,66.00578584,0.721590266,136.0387901,2.242444077,-9.79e-08,-9.18e-08,1.008322566,66.27263045,4.945949192,135.4244617,45.72077429,-0.003182569,-0.000103535,1.421120184,75.18872983,27.24982439,131.1345176,815.3295034,-25.8376854,-0.051672363,8.36878225,75.75732836,27.9813169,121.9294473,853.8757483,-37.11172951,-0.071853421,75.05284825,71.70885335,21.8861329,117.0850881,584.7068519,33.07484878,0.08252778,1.00021801,2.533379877,0.000814321,1.008322566,2.520604795,0.027833687,1.421120184,2.149146518,0.969429898,8.36878225,1.946899639,3.270285327,75.05284825,1.947594195,3.594745356,1.0,66.0,0.0,122.3315168,1.82e-12,0.0,0.0,1.000000001,66.0,9.54e-07,122.3315168,2.03e-12,-1.08e-63,-8.41e-52,1.000976612,66.0,0.0,122.3314817,0.00154009,3.28e-30,0.0,2.135617217,66.0,9.54e-07,118.7302194,140.7286792,-1.87e-14,-1.65e-09,19.1481184,66.01130564,0.368157466,115.2293476,243.2994067,-0.055195043,-0.009611606
1.034604487,64.7498875,2038.828711,1.225649282,84.87978411,10120.34904,2.520279595,135.5825784,26621.96205,12.02996014,161.7374594,30179.77304,64.0682142,154.8934419,24107.27191,1.034604487,64.7498875,2038.828711,1.225649282,84.87978411,10120.34904,2.520279595,135.5825784,26621.96205,12.02996014,161.7374594,30179.77304,64.0682142,154.8934419,24107.27191,1.034604487,64.7498875,45.15339091,1447.137464,11595.88451,-49.228917,-0.010204398,1.225649282,84.87978411,100.5999455,1418.432941,52188.51021,-1246.54223,-0.054762519,2.520210877,135.5772774,163.1614455,1295.741648,202855.9086,-22901.65069,-0.31299803,10.91682489,150.6650114,175.0781598,1133.11617,349292.0696,-56673.88391,-0.548777135,45.71740312,126.5198825,155.0260184,1143.869437,339047.9168,-71616.49162,-0.794373625,1.034604487,1.292891574,0.185727758,1.225649282,1.294502414,1.472486483,2.520210877,1.621585574,6.867426885,10.91682489,40.14629889,2086577.844,45.71740312,730.5014118,38989718.22,1.0,60.0,1.07e-05,1455.237438,9.38e-10,-3.23e-19,-9.93e-10,1.000000001,60.00000033,0.012143453,1455.237437,0.000442463,-1.41e-10,-5.7e-07,1.002040562,60.5412263,15.48015959,1455.041467,386.3215551,0.138333803,0.000513357,3.78218216,176.5396733,191.2742515,1344.784107,157015.783,50898.95601,0.680991192,7.365159805,179.6160768,191.1260895,1250.176618,255674.8825,124928.1084,1.299377638
1.0,204.0,7.28e-12,1.0,204.0,1.34e-05,1.001457741,204.2759875,82.99377341,3.475581353,287.0175509,26463.74409,28.52070157,293.2870278,31046.41627,1.0,204.0,7.28e-12,1.0,204.0,1.34e-05,1.001457741,204.2759875,82.99377341,3.475581353,287.0175509,26463.74409,28.52070157,293.2870278,31046.41627,1.0,204.0,0.0,274.0529146,0.0,0.0,0.0,1.0,204.0,0.0,274.0529146,0.0,0.0,0.0,1.000000002,203.9999998,0.004608776,274.0529145,2.12e-05,-3.8000000000000003e-66,0.0,1.288238017,188.4135283,43.68060206,262.65692,1907.994996,-2.9e-15,0.0,9.65835719,142.0808434,68.63571702,231.6403237,4710.865452,1.750024491,0.010422659,1.0,29.739851,0.0,1.0,29.739851,0.0,1.000000002,29.73985097,9.69e-07,1.288238017,26.40690405,86.93763749,9.65835719,16.51439205,214.1042684,1.0,204.0,0.0,274.0529146,0.0,0.0,0.0,1.0,204.0,0.0,274.0529146,0.0,0.0,0.0,1.000000002,203.9999998,0.004608776,274.0529145,2.12e-05,-3.8000000000000003e-66,0.0,1.288238017,188.4135283,43.68060206,262.65692,1907.994996,-2.9e-15,0.0,9.65835719,142.0808434,68.63571702,231.6403237,4710.865452,1.750024491,0.010422659
1.031084612,98.0,3.64e-12,1.124602648,98.0,1.43e-09,1.499579577,97.99837931,0.331935199,3.105870945,143.2907778,10064.45795,22.7011583,201.3241382,15922.86803,1.031084612,98.0,3.64e-12,1.124602648,98.0,1.43e-09,1.499579577,97.99837931,0.331935199,3.105870945,143.2907778,10064.45795,22.7011583,201.3241382,15922.86803,1.031084612,98.0,1.91e-06,138.5929291,3.64e-12,0.0,0.0,1.124602648,98.0,3.77e-05,138.5929291,1.29e-08,5.4e-21,1.26e-12,1.499573105,97.99737799,0.315641267,138.5855064,0.31535301,2.58e-05,0.00014958,2.419804578,90.35471883,15.23385572,124.033657,400.7919858,125.358971,0.455224449,11.63866974,79.01847271,18.99999102,129.4083951,12873.18968,165.9757171,0.077007582,1.031084612,1.340251004,3.69093097,1.124602648,2.246383092,12.43678568,1.499573105,4.74539838,28.06769544,2.419804578,10.11805466,79.36734686,11.63866974,13.42004101,132.6462304,1.031084612,98.0,1.91e-06,138.5929291,3.64e-12,0.0,0.0,1.124602648,98.0,1.91e-06,138.5929291,3.64e-12,0.0,0.0,1.499469634,98.0,1.91e-06,138.5929291,3.64e-12,-1.2399999999999999e-196,0.0,1.9329602,98.0,0.0,138.5929291,0.0,1.74e-39,0.0,5.824992709,98.0,1.91e-06,138.5929291,4.07e-12,2.4699999999999997e-30,9.61e-19
1.000000087,97.99999668,0.000126168,1.000058191,97.99778982,0.084201648,1.041162623,97.12320999,177.6767284,3.11653591,179.5883611,15158.59567,22.78672126,207.314478,16154.8907,1.000000087,97.99999668,0.000126168,1.000058191,97.99778982,0.084201648,1.041162623,97.12320999,177.6767284,3.11653591,179.5883611,15158.59567,22.78672126,207.314478,16154.8907,1.000000087,97.99999668,0.011232442,114.9086565,0.000126168,2.64e-269,0.0,1.000058187,97.99778901,0.28984959,114.9067737,0.084012785,1.26e-160,0.0,1.038750406,96.58241652,7.201293596,113.7020808,51.85862945,7.689999999999999e-52,1.5799999999999998e-46,1.876906186,80.24682774,18.95904588,100.198525,359.4454257,0.005896496,0.001264497,11.05196143,77.04935318,18.89960256,107.6241935,564.3771118,436.3466177,1.104481735,1.000000087,4.689646594,3.63e-05,1.000058187,4.690830494,0.024160557,1.038750406,5.449847546,14.9136037,1.876906186,14.20545089,103.2735668,11.05196143,14.14644509,133.4802276,1.0,98.0,0.0,138.5929291,0.0,0.0,0.0,1.0,98.0,0.0,138.5929291,0.0,0.0,0.0,1.0,98.0,0.0,138.5929291,3.64e-12,-2.79e-134,0.0,1.000036743,98.0,1.35e-06,138.5929291,7.5e-12,3e-38,8.240000000000001e-27,4.958652467,98.0,1.35e-06,138.5929291,5.75e-12,1.25e-28,3.96e-17
1.000003339,66.0,5.73e-11,1.000683398,66.00000041,6.64e-06,1.156193928,66.0356005,0.684859034,10.15717717,68.38044437,169.5025469,98.78928304,70.25104869,334.8499173,1.000003339,66.0,5.73e-11,1.000683398,66.00000041,6.64e-06,1.156193928,66.0356005,0.684859034,10.15717717,68.38044437,169.5025469,98.78928304,70.25104869,334.8499173,1.000003339,66.0,9.54e-07,105.0688272,334.7008135,6.05e-56,3.47e-51,1.000683335,66.0,0.0,105.920106,339.5064749,1.1699999999999998e-23,0.0,1.14891678,66.00000197,0.013326155,106.7947166,341.9574534,5.43e-06,2.21e-05,7.907978298,68.2497551,14.05039956,111.3419136,406.47006,6.001713642,0.022661175,76.40953845,70.93152838,20.35466939,115.7858176,538.7931365,1.538956801,0.004073819,1.000003339,3.836315498,2.66e-05,1.000683335,3.835371326,0.005427722,1.14891678,3.647609282,1.018476671,7.907978298,2.103213917,4.472361873,76.40953845,1.915118081,4.20646148,1.0,66.0,0.0,93.33809512,9.09e-13,1.75e-72,0.0,1.0,66.0,9.54e-07,93.33809514,1.8e-06,3.0599999999999995e-42,2.39e-33,1.000029791,66.00000227,0.014283764,93.3703793,2.417184753,1.3e-11,5.87e-10,1.934365447,75.19719038,27.26093952,109.9901825,926.1363711,52.26645667,0.081554795,17.61275596,87.04466557,38.02028405,120.8574164,1575.791817,109.8395358,0.115345159
1.994436391,66.00016272,0.014757036,1.998576135,66.02485928,2.226443203,2.365863982,69.30590809,275.3841393,11.73888528,73.23225451,558.1842462,95.80875099,71.18623524,636.733258,1.994436391,66.00016272,0.014757036,1.998576135,66.02485928,2.226443203,2.365863982,69.30590809,275.3841393,11.73888528,73.23225451,558.1842462,95.80875099,71.18623524,636.733258,1.994433507,66.00016291,0.121086238,122.3316273,0.014668158,1.03e-08,4.11e-06,1.997854924,66.02444519,1.483061014,122.3476794,2.20019491,0.000198042,0.000561913,2.178710123,69.36936483,17.08479487,124.5543765,291.9751671,3.263946535,0.071988405,8.306348494,75.24997512,27.33012478,126.7948781,756.5744862,76.95015412,0.2566173,72.05423271,71.94674255,22.71034818,123.1271353,703.0947889,61.33711479,0.123554028,1.994433507,1.755615489,3.093776686,1.997854924,1.757768501,3.094836691,2.178710123,1.794664616,3.255694768,8.306348494,2.058073616,6.298990495,72.05423271,18117.64476,27793500000000.0,1.0,66.0,0.0,122.3315168,0.0,3.29e-77,0.0,1.00000005,66.0,0.0,122.3315168,1.82e-12,6.13e-65,0.0,1.00369224,66.0,9.54e-07,122.3315168,2.03e-12,-7.33e-31,-5.7e-19,2.336223164,66.0,9.54e-07,122.3315168,9.09e-13,2.7000000000000004e-26,0.0,18.37759992,66.03363538,2.429435443,122.5445182,283.7307038,25.95083358,0.634219768
1.00000003,60.00000112,4.27e-05,1.000030369,60.00115398,0.043849719,1.031199096,61.14969616,42.36665306,2.380856438,82.54301123,387.0758825,27.3931795,92.86612475,271.7273027,1.00000003,60.00000112,4.27e-05,1.000030369,60.00115398,0.043849719,1.031199096,61.14969616,42.36665306,2.380856438,82.54301123,387.0758825,27.3931795,92.86612475,271.7273027,1.00000003,60.00000112,0.00653339,114.90866,4.27e-05,9.21e-101,0.0,1.000030369,60.00115398,0.209403245,114.9092619,0.043849719,2.29e-59,0.0,1.031199095,61.14969614,6.508967052,115.5131392,42.36665209,4.63e-18,0.0,1.833418024,76.73336885,18.86431507,123.5342445,358.5364528,-4.041784153,-0.032408111,10.59853092,78.39275605,18.99018848,112.2289163,509.0734602,130.624851,0.362878973,1.00000003,5.002352741,1.86e-05,1.000030369,5.003113543,0.019096935,1.031199095,5.761071943,18.45104637,1.833418024,15.74688985,149.3404591,10.59853092,14.7008169,117.0506918,1.0,60.0,0.0,84.85281374,9.09e-13,0.0,0.0,1.0,60.0,0.0,84.85281374,9.09e-13,0.0,0.0,1.0,60.0,0.0,84.85281374,0.0,-3.7800000000000003e-200,0.0,1.026069076,60.0,0.0,84.85281374,1.36e-12,2.3e-32,0.0,5.468569163,60.0,9.54e-07,84.85281374,1.02e-12,1.0100000000000001e-29,1.57e-17
3.241000659,68.57387748,219.9634934,3.691732093,72.08967442,486.382586,5.205680022,77.9653247,839.6646346,13.78694028,73.67832087,578.8880027,97.81518963,71.01798692,513.5786432,3.241000659,68.57387748,219.9634934,3.691732093,72.08967442,486.382586,5.205680022,77.9653247,839.6646346,13.78694028,73.67832087,578.8880027,97.81518963,71.01798692,513.5786432,3.209049996,68.53043625,14.87737056,124.2924839,221.5900763,7.997098544,0.165062544,3.524924163,72.02962574,22.50133174,126.888409,506.756101,36.46326429,0.351449183,4.294031183,78.95517221,31.59317983,132.098897,998.8701787,131.2747898,0.669907021,9.845807864,75.58703508,27.76548065,126.7622092,784.6519994,113.0304665,0.336743611,73.37915535,71.93576793,22.51579225,122.9130274,607.9181947,35.44746688,0.085952122,3.209049996,0.393611325,1.496116659,3.524924163,0.670975981,3.32995435,4.294031183,1.223206844,6.509078188,9.845807864,1.802560868,8.104554771,73.37915535,9078.828958,13926000000000.0,1.0,66.0,9.54e-07,122.3315168,9.09e-13,-1.03e-198,0.0,1.000000048,66.0,1.35e-06,122.3315168,2.57e-12,2e-28,1.1e-16,1.003635415,66.0,9.54e-07,122.3315168,2.03e-12,-8.47e-70,-6.59e-58,2.331543244,66.0,1.35e-06,122.3315168,2.57e-12,-1.37e-28,-7.52e-17,18.36126231,66.01716956,1.735842122,122.4429178,148.753723,0.004007651,0.000189317
1.0,98.0,1.93e-10,1.000000019,97.99999928,2.73e-05,1.002827816,97.93760547,12.75129828,2.622645288,172.2313889,14345.00366,22.22138911,207.1901886,16147.57115,1.0,98.0,1.93e-10,1.000000019,97.99999928,2.73e-05,1.002827816,97.93760547,12.75129828,2.622645288,172.2313889,14345.00366,22.22138911,207.1901886,16147.57115,1.0,98.0,1.39e-05,114.9086594,1.93e-10,0.0,0.0,1.000000019,97.99999928,0.005217841,114.9086588,2.72e-05,0.0,0.0,1.002661572,97.89912875,1.955232072,114.8226433,3.822932454,8.71e-141,0.0,1.673230296,82.7112045,18.63402697,102.1870327,347.2481353,-0.062798165,-0.001720974,10.79167161,77.11938006,18.90669904,128.4984244,14080.85085,143.2821541,0.063875151,1.0,8.553505898,3.5e-11,1.000000019,8.553506203,4.94e-06,1.002661572,8.596481207,0.693904738,1.673230296,15.09993263,63.68367072,10.79167161,14.49060763,132.8317471,1.0,98.0,0.0,138.5929291,0.0,0.0,0.0,1.0,98.0,0.0,138.5929291,0.0,0.0,0.0,1.0,98.0,0.0,138.5929291,3.64e-12,-1.46e-136,0.0,1.0000283,98.0,0.0,138.5929291,1.82e-12,-2.36e-38,0.0,4.861755993,98.0,1.91e-06,138.5929291,3.64e-12,-1.9700000000000002e-29,0.0
1.000000021,60.00000555,0.001498926,1.000032229,60.00870147,2.349322146,1.050516628,72.98359593,3336.997139,2.949809707,214.4641938,17690.7996,27.12047322,191.9045108,15559.66291,1.000000021,60.00000555,0.001498926,1.000032229,60.00870147,2.349322146,1.050516628,72.98359593,3336.997139,2.949809707,214.4641938,17690.7996,27.12047322,191.9045108,15559.66291,1.0,60.0,0.0,84.85281374,0.0,1.8e-108,0.0,1.0,60.0,0.0,84.85281374,0.0,5.03e-64,0.0,1.000000023,60.0,9.54e-07,84.85281374,1.02e-12,1.7e-19,2.65e-07,1.269569683,61.55578047,7.52988744,87.05474196,80.24489355,37.08243722,0.653530869,15.01709043,80.69493863,18.92424855,114.1242603,508.3970602,489.3103856,1.361139471,1.0,25.361799,0.0,1.0,25.361799,0.0,1.000000023,25.36179899,5.66e-09,1.269569683,23.95563733,27.66971697,15.01709043,10.39807896,133.7402769,1.0,60.0,0.0,84.85281374,0.0,0.0,0.0,1.0,60.0,0.0,84.85281374,0.0,0.0,0.0,1.000000023,60.0,9.54e-07,84.85281374,1.02e-12,-6.629999999999999e-52,-1.03e-39,1.21759148,60.0,0.0,84.85281374,4.55e-13,-1.24e-30,0.0,6.838646435,60.0,6.74e-07,84.85281374,6.43e-13,1.0400000000000001e-29,2.29e-17
1.818512313,74.78908336,63.58232911,2.192569953,73.21654433,65.16707256,3.083369258,70.8436067,86.20080086,12.3144926,72.63200176,440.6172873,102.7037039,70.57060473,358.3708324,1.818512313,74.78908336,63.58232911,2.192569953,73.21654433,65.16707256,3.083369258,70.8436067,86.20080086,12.3144926,72.63200176,440.6172873,102.7037039,70.57060473,358.3708324,1.000000075,81.9999988,0.004383814,105.261578,1.92e-05,-6.58e-59,0.0,1.000053123,81.99915008,0.11661012,105.2609168,0.01359792,3.84e-36,0.0,1.037592915,81.42030578,2.989826444,104.8106209,8.939062164,-1.87e-08,-2.36e-06,2.34631161,73.75463142,7.996236256,100.2064506,69.02116317,-2.991533788,-0.073380739,17.66057285,70.43856389,7.163530741,99.6825701,73.04704562,2.505981699,0.048518625,1.000000075,4.733439741,7.94e-06,1.000053123,4.733985299,0.005618659,1.037592915,5.106064557,3.69353826,2.34631161,8.847780091,24.66467877,17.66057285,8.50691428,28.02184293,1.000000075,81.9999988,0.004383814,105.261578,1.92e-05,-6.58e-59,0.0,1.000053123,81.99915008,0.11661012,105.2609168,0.01359792,3.84e-36,0.0,1.037592915,81.42030578,2.989826444,104.8106209,8.939062164,-1.87e-08,-2.36e-06,2.34631161,73.75463142,7.996236256,100.2064506,69.02116317,-2.991533788,-0.073380739,17.66057285,70.43856389,7.163530741,99.6825701,73.04704562,2.505981699,0.048518625
2.993700258,456.3887211,373.4657214,2.996215614,456.3665795,373.7688721,2.998737603,456.3443441,374.1010923,4.046160113,402.7386539,16904.76968,28.31805669,307.8946849,30748.33909,2.993700258,456.3887211,373.4657214,2.996215614,456.3665795,373.7688721,2.998737603,456.3443441,374.1010923,4.046160113,402.7386539,16904.76968,28.31805669,307.8946849,30748.33909,2.993700258,456.3887211,19.32526122,456.3887211,373.4657214,0.0,0.0,2.996215614,456.3665795,19.33310301,456.3665795,373.7688721,0.0,0.0,2.998737025,456.3444199,19.34092266,456.3444199,374.0712895,0.0,0.0,3.428497585,456.3346795,19.34435149,456.3346795,374.2039345,0.0,0.0,15.97901611,456.3334945,19.34477,456.3334945,374.2201265,0.0,0.0,2.993700258,9.958315415,199.5099374,2.996215614,9.974497636,199.6727735,2.998737025,9.990693036,199.8352178,3.428497585,9.997988715,199.9056525,15.97901611,9.999696137,199.9302334,2.993700258,456.3887211,19.32526122,456.3887211,373.4657214,0.0,0.0,2.996215614,456.3665795,19.33310301,456.3665795,373.7688721,0.0,0.0,2.998737025,456.3444199,19.34092266,456.3444199,374.0712895,0.0,0.0,3.428497585,456.3346795,19.34435149,456.3346795,374.2039345,0.0,0.0,15.97901611,456.3334945,19.34477,456.3334945,374.2201265,0.0,0.0
1.0,204.0,0.0,1.0,204.0,0.0,1.00000001,204.000002,0.000559622,1.798657473,257.3973599,16090.03718,25.60746382,294.1190959,30192.31975,1.0,204.0,0.0,1.0,204.0,0.0,1.00000001,204.000002,0.000559622,1.798657473,257.3973599,16090.03718,25.60746382,294.1190959,30192.31975,1.0,204.0,0.0,274.0529146,0.0,0.0,0.0,1.0,204.0,0.0,274.0529146,0.0,0.0,0.0,1.000000002,203.9999998,0.004741579,274.0529145,2.25e-05,7.03e-66,0.0,1.288985963,188.3406759,43.76953611,262.6046652,1915.772292,-1.13e-17,0.0,9.661431023,142.0552059,68.63835713,231.6650194,4711.22407,2.74e-05,4.23e-05,1.0,29.65788198,0.0,1.0,29.65788198,0.0,1.000000002,29.65788194,1.01e-06,1.288985963,26.33288796,86.38652624,9.661431023,16.49815623,210.9766325,1.0,204.0,0.0,274.0529146,0.0,0.0,0.0,1.0,204.0,0.0,274.0529146,0.0,0.0,0.0,1.000000002,203.9999998,0.004741579,274.0529145,2.25e-05,7.03e-66,0.0,1.288985963,188.3406759,43.76953611,262.6046652,1915.772292,-1.13e-17,0.0,9.661431023,142.0552059,68.63835713,231.6650194,4711.22407,2.74e-05,4.23e-05
1.0,330.0,0.0,1.0,330.0,0.0,1.000000983,329.9997501,0.067467542,1.731376759,282.6125659,10548.52636,23.16669899,206.1483645,16737.83041,1.0,330.0,0.0,1.0,330.0,0.0,1.000000983,329.9997501,0.067467542,1.731376759,282.6125659,10548.52636,23.16669899,206.1483645,16737.83041,1.0,330.0,0.0,431.4904402,0.0,0.0,0.0,1.0,330.0,0.0,431.4904402,0.0,0.0,0.0,1.000000029,330.0,0.0,431.4904402,0.0,3.6800000000000003e-124,0.0,1.213722503,330.0,5.39e-06,431.4904402,3.25e-11,6.68e-28,3.25e-17,6.278941141,329.8750121,5.506111424,431.3330213,34.0264237,0.022135185,0.001022805,1.0,25.04951191,0.0,1.0,25.04951191,0.0,1.000000029,25.04951191,4.59e-11,1.213722503,25.05628646,0.000218831,6.278941141,25.0299186,361.2767373,1.0,330.0,0.0,431.4904402,0.0,0.0,0.0,1.0,330.0,0.0,431.4904402,0.0,0.0,0.0,1.000000029,330.0,0.0,431.4904402,0.0,3.6800000000000003e-124,0.0,1.213722503,330.0,5.39e-06,431.4904402,3.25e-11,6.68e-28,3.25e-17,6.278941141,329.8750121,5.506111424,431.3330213,34.0264237,0.022135185,0.001022805
3.999712465,102.0,1e-10,3.9998275,101.9999997,1.11e-05,4.002960057,101.9692051,1.28897088,5.444320142,96.76621231,179.8503271,31.23496361,93.14077575,263.9762975,3.999712465,102.0,1e-10,3.9998275,101.9999997,1.11e-05,4.002960057,101.9692051,1.28897088,5.444320142,96.76621231,179.8503271,31.23496361,93.14077575,263.9762975,1.0,102.0,0.0,144.2497834,0.0,0.0,0.0,1.0,102.0,0.0,144.2497834,0.0,0.0,0.0,1.0,102.0,1.35e-06,144.2497834,1.82e-12,-9.89e-111,0.0,1.071675365,102.0,1.91e-06,144.2497834,3.64e-12,-1.02e-31,0.0,4.219733243,102.0,1.91e-06,144.2497834,4.07e-12,2.2500000000000002e-29,8.75e-18,1.0,39.02268195,0.0,1.0,39.02268195,0.0,1.0,39.02268195,0.0,1.071675365,39.022468,7.76e-07,4.219733243,39.02108456,0.006087541,1.0,102.0,0.0,144.2497834,0.0,0.0,0.0,1.0,102.0,0.0,144.2497834,0.0,0.0,0.0,1.0,102.0,1.35e-06,144.2497834,1.82e-12,-9.89e-111,0.0,1.071675365,102.0,1.91e-06,144.2497834,3.64e-12,-1.02e-31,0.0,4.219733243,102.0,1.91e-06,144.2497834,4.07e-12,2.2500000000000002e-29,8.75e-18
1.000000574,66.00000186,2.97e-05,1.000280961,66.00110402,0.017663121,1.182816641,66.55485562,8.572812737,10.95179723,69.15076777,201.6780031,98.84420778,70.74720236,368.5894762,1.000000574,66.00000186,2.97e-05,1.000280961,66.00110402,0.017663121,1.182816641,66.55485562,8.572812737,10.95179723,69.15076777,201.6780031,98.84420778,70.74720236,368.5894762,1.00000007,66.0,9.54e-07,122.331516,3.37e-05,-8.580000000000001e-21,-1.55e-12,1.000067691,66.0,1.35e-06,122.3308597,0.028873514,1.64e-17,7.15e-11,1.076979335,66.00002913,0.051198275,121.635381,29.94287399,9.05e-05,0.000323099,7.936112139,68.92989799,15.97205425,113.8155059,417.7360977,-2.089228945,-0.007191956,74.53048645,71.54628916,21.63727094,116.9622837,574.3595545,-16.30786942,-0.041319358,1.00000007,4.921004726,1.21e-06,1.000067691,4.920733759,0.001142721,1.076979335,4.655672862,1.014360762,7.936112139,2.093749411,4.435038203,74.53048645,1.963301737,4.189902539,1.0,66.0,9.54e-07,122.3315168,3.75e-12,-6e-28,-3.3e-16,1.000000002,66.0,0.0,122.3315168,1.33e-06,2.0999999999999998e-94,0.0,1.001863717,66.0,9.54e-07,122.3007305,1.351613715,-2.43e-40,-2.19e-34,2.617332936,66.0,1.35e-06,114.9839576,249.0159547,5.13e-14,2.41e-09,18.67041737,66.00503057,0.245645203,116.1659977,219.2123808,-0.014473204,-0.003979457
1.645738606,290.9239658,788.9248895,2.363945358,286.7008082,1099.85391,6.078776365,289.1300885,929.3529436,51.72668902,301.5212711,1125.618254,328.4038503,280.1997672,24607.43461,1.645738606,290.9239658,788.9248895,2.363945358,286.7008082,1099.85391,6.078776365,289.1300885,929.3529436,51.72668902,301.5212711,1125.618254,328.4038503,280.1997672,24607.43461,1.645738606,290.9239658,28.08780678,527.4895563,20316.60838,635.8693991,0.158886988,2.363945358,286.7008082,33.16404544,524.1427664,20548.0485,1307.119203,0.275152786,6.078166798,289.1133122,30.44013894,554.590237,13306.92404,2168.483168,0.618298673,50.19373315,297.321899,18.84240611,580.3628653,7998.980862,569.2246727,0.337943528,274.6723861,293.7729325,147.021303,561.3472909,38540.48918,1545.894036,0.058863563,1.645738606,0.270549708,0.000344199,2.363945358,0.26485154,0.000365048,6.078166798,0.259430426,0.000296929,50.19373315,6.533213503,9577131887.0,274.6723861,1196988.431,1835040000000000.0,1.645738606,290.9239658,28.08780678,527.4895563,20316.60838,635.8693991,0.158886988,2.363945358,286.7008082,33.16404544,524.1427664,20548.0485,1307.119203,0.275152786,6.078166798,289.1133122,30.44013894,554.590237,13306.92404,2168.483168,0.618298673,50.19373315,297.321899,18.84240611,580.3628653,7998.980862,569.2246727,0.337943528,274.6723861,293.7729325,147.021303,561.3472909,38540.48918,1545.894036,0.058863563
1.000000057,60.00001551,0.00418839,1.000059704,60.01611913,4.35190546,1.062042334,75.77283905,4009.884091,2.927277634,218.1195418,17690.39933,23.01612502,208.4670233,16564.59457,1.000000057,60.00001551,0.00418839,1.000059704,60.01611913,4.35190546,1.062042334,75.77283905,4009.884091,2.927277634,218.1195418,17690.39933,23.01612502,208.4670233,16564.59457,1.0,60.0,0.0,84.85281374,0.0,0.0,0.0,1.0,60.0,0.0,84.85281374,0.0,0.0,0.0,1.000000028,60.0,0.0,84.85281374,4.55e-13,-7.8e-44,0.0,1.212986172,60.00090968,0.185922419,84.87333775,12.35019421,1.53e-05,2.33e-05,10.90352007,73.45732681,18.17357351,126.0176273,13977.5212,196.5333703,0.091483238,1.0,25.10194993,0.0,1.0,25.10194993,0.0,1.000000028,25.10194993,1.14e-13,1.212986172,25.09901138,0.02709787,10.90352007,14.36833367,141.0732014,1.0,60.0,0.0,84.85281374,0.0,0.0,0.0,1.0,60.0,0.0,84.85281374,0.0,0.0,0.0,1.000000028,60.0,0.0,84.85281374,4.55e-13,-7.8e-44,0.0,1.212936279,60.0,6.74e-07,84.85281374,6.43e-13,1.1800000000000001e-32,2.6e-20,6.701799225,60.0,9.54e-07,84.85281374,1.02e-12,3.9200000000000003e-29,6.1e-17
1.000000165,60.00000099,5.95e-06,1.000174522,60.00104695,0.006280959,1.185386304,60.96416466,7.332686794,10.37290171,71.00732182,493.0249562,114.0632047,112.7662334,49106.88278,1.000000165,60.00000099,5.95e-06,1.000174522,60.00104695,0.006280959,1.185386304,60.96416466,7.332686794,10.37290171,71.00732182,493.0249562,114.0632047,112.7662334,49106.88278,1.0,60.0,0.0,84.85281374,0.0,3.2800000000000003e-245,0.0,1.0,60.0,0.0,84.85281374,0.0,5.739999999999999e-146,0.0,1.000000001,60.0,6.74e-07,84.85281374,6.43e-13,-5.0400000000000004e-29,-1.11e-16,1.144153371,60.00048387,0.087987189,84.85457606,0.168010834,0.012081043,0.335156101,6.091791819,61.75473506,4.999666578,91.29933977,553.1963891,87.40462116,0.743662003,1.0,29.87501812,0.0,1.0,29.87501812,0.0,1.000000001,29.87501812,8.53e-12,1.144153371,29.88806783,0.029991227,6.091791819,26.17834608,86.26796197,1.0,60.0,0.0,84.85281374,0.0,0.0,0.0,1.0,60.0,0.0,84.85281374,0.0,0.0,0.0,1.000000001,60.0,6.74e-07,84.85281374,6.43e-13,-5.0400000000000004e-29,-1.11e-16,1.144118769,60.0,6.74e-07,84.85281374,6.43e-13,-1.39e-30,-3.05e-18,5.423699275,60.0,9.54e-07,84.85281374,1.29e-12,3.6600000000000003e-29,4.03e-17
1.038193741,98.0,3.47e-08,1.157537766,97.99998573,0.000543707,1.907137149,97.90640154,19.03490755,5.421491121,137.8417292,9070.059162,25.48488027,194.1745719,15550.19005,1.038193741,98.0,3.47e-08,1.157537766,97.99998573,0.000543707,1.907137149,97.90640154,19.03490755,5.421491121,137.8417292,9070.059162,25.48488027,194.1745719,15550.19005,1.038193741,98.0,0.00018633,138.5929291,9.35e-07,3.24e-18,1.8e-11,1.157537766,97.99998572,0.023291381,138.5928453,0.003999282,7.32e-10,4.99e-07,1.906665634,97.84900522,2.390607108,138.262069,13.24163338,0.082505049,0.009985777,4.368055907,91.49930746,14.30969298,128.0430826,322.5841011,156.649865,0.693382515,13.83608218,81.48342396,18.83700097,118.6300051,3467.791616,193.3656245,0.17477679,1.038193741,0.953148218,0.000351078,1.157537766,0.963702221,0.015758457,1.906665634,1.273450335,2.759813423,4.368055907,5.642830234,77.39524415,13.83608218,11.28603413,134.9382468,1.038193741,98.0,0.0,138.5929291,0.0,1.64e-35,0.0,1.157537331,98.0,1.35e-06,138.5929291,1.82e-12,0.0,0.0,1.899089408,98.0,1.91e-06,138.5929291,5.14e-12,1.2799999999999999e-28,3.52e-17,3.620808843,98.0,1.35e-06,138.5929291,2.57e-12,8.8e-45,4.84e-33,7.822274198,98.0,2.34e-06,138.5929291,5.75e-12,8.11e-29,2.57e-17
1.031406016,78.57432413,10985.3322,1.125374084,127.9580153,36836.09682,1.504151544,263.911179,82728.29864,4.159367156,322.8017644,66709.77274,21.86189101,250.9621136,30454.25727,1.031406016,78.57432413,10985.3322,1.125374084,127.9580153,36836.09682,1.504151544,263.911179,82728.29864,4.159367156,322.8017644,66709.77274,21.86189101,250.9621136,30454.25727,1.0,60.0,0.0,60.0,0.0,0.0,0.0,1.0,60.0,0.0,60.0,0.0,0.0,0.0,1.000000168,60.0,6.74e-07,60.0,4.55e-13,0.0,0.0,1.210142057,60.0,6.74e-07,60.0,4.55e-13,0.0,0.0,2.489439598,60.0,9.54e-07,60.0,9.09e-13,0.0,0.0,1.0,22.50835395,0.0,1.0,22.50835395,0.0,1.000000168,22.50837091,0.00171696,1.210142057,40.0835075,1469.891795,2.489439598,90644.66671,136363000000000.0,1.0,60.0,0.0,60.0,0.0,0.0,0.0,1.0,60.0,0.0,60.0,0.0,0.0,0.0,1.000000168,60.0,6.74e-07,60.0,4.55e-13,0.0,0.0,1.210142057,60.0,6.74e-07,60.0,4.55e-13,0.0,0.0,2.489439598,60.0,9.54e-07,60.0,9.09e-13,0.0,0.0
1.996941632,65.99999996,2.68e-07,1.998201824,65.99995554,0.000655352,2.084827922,66.14741914,14.27495171,11.387826,71.65663542,441.635985,99.06716034,70.77814007,371.1701301,1.996941632,65.99999996,2.68e-07,1.998201824,65.99995554,0.000655352,2.084827922,66.14741914,14.27495171,11.387826,71.65663542,441.635985,99.06716034,70.77814007,371.1701301,1.996941618,66.0,3.71e-05,122.3315168,1.38e-09,-1.01e-12,-0.003047743,1.998179521,66.00000149,0.011568147,122.3315179,0.000134001,-1.24e-06,-0.040918398,2.034582365,66.14190344,3.570878497,122.4031918,12.86684576,0.250580386,0.053484515,8.700608852,72.62437554,23.50110895,119.3720312,631.1171084,6.99940348,0.017042599,77.31245119,71.49719264,21.38703187,116.6687264,568.3176807,21.28137291,0.054180929,1.996941618,2.657301355,7.078202012,1.998179521,2.6589322,7.078157432,2.034582365,2.653506104,6.9762749,8.700608852,1.897431923,4.036073096,77.31245119,1.891011362,3.695706745,1.0,66.0,9.54e-07,122.3315168,2.03e-12,2.43e-59,1.89e-47,1.000000001,66.0,0.0,122.3315168,9.22e-07,1.69e-92,0.0,1.001635214,66.0,1.35e-06,122.3042603,1.196776629,4.59e-16,3.11e-10,2.603659987,66.0,2.85e-05,114.9498325,249.8190646,-3.12e-09,-6.95e-06,19.97496378,66.04982474,0.771631017,114.6924861,256.4191814,-0.14669982,-0.011872584
1.007333802,60.30577711,12.74913558,1.09974475,63.80922837,145.4738951,2.38523267,84.34252261,427.960516,6.723344043,93.93507222,255.5474473,32.33253242,93.24763522,262.4733735,1.007333802,60.30577711,12.74913558,1.09974475,63.80922837,145.4738951,2.38523267,84.34252261,427.960516,6.723344043,93.93507222,255.5474473,32.33253242,93.24763522,262.4733735,1.000000022,60.00000082,0.00558313,84.85281509,5.18e-05,7.72e-13,2.15e-08,1.000025149,60.00095562,0.190558876,84.85428963,0.056281194,9.94e-07,2.52e-05,1.02929798,61.08163355,6.31918853,86.42548323,58.03126295,1.167166465,0.028463687,2.016849952,75.11486456,18.59854087,106.259161,489.4218081,99.36638955,0.287125188,11.30844121,77.5286068,18.7790577,110.1914804,534.7918284,130.0626383,0.345416271,1.000000022,5.093055441,8.6e-06,1.000025149,5.09355709,0.010023811,1.02929798,5.661341575,11.02293145,2.016849952,12.923844,103.4458096,11.30844121,13.76919365,119.8293074,1.0,60.0,0.0,84.85281374,0.0,0.0,0.0,1.0,60.0,0.0,84.85281374,0.0,0.0,0.0,1.000000001,60.0,0.0,84.85281374,4.55e-13,-2.2300000000000003e-56,0.0,1.214628535,60.0,0.0,84.85281374,4.55e-13,-1.0600000000000001e-29,0.0,5.989887605,60.0,6.74e-07,84.85281374,1.44e-12,-1.9200000000000002e-29,-2.44e-17
1.000000055,81.99999981,5.44e-05,1.000055277,82.00033592,0.084927038,1.092831368,82.64231698,146.2081449,18.38998654,200.5635542,132566.9727,126.8936461,135.2335865,71382.1788,1.000000055,81.99999981,5.44e-05,1.000055277,82.00033592,0.084927038,1.092831368,82.64231698,146.2081449,18.38998654,200.5635542,132566.9727,126.8936461,135.2335865,71382.1788,1.000000047,81.99999924,0.003486971,105.2615783,1.22e-05,-1.83e-44,0.0,1.000040364,81.9993542,0.101648138,105.2610759,0.010332344,-4e-26,-4.13e-19,1.034303959,81.4693404,2.865127219,104.8487171,8.208953979,-9.64e-08,-1.3e-05,2.336680344,73.78622318,7.997143207,100.0997546,68.16507666,-4.067509735,-0.104727692,17.71365839,70.43899409,7.162813695,99.47994283,71.57937389,0.69139126,0.013662596,1.000000047,4.865524537,4.92e-06,1.000040364,4.865934673,0.004177206,1.034303959,5.202930326,3.318679912,2.336680344,8.882062302,24.33906307,17.71365839,8.488138279,30.07037165,1.000000047,81.99999924,0.003486971,105.2615783,1.22e-05,-1.83e-44,0.0,1.000040364,81.9993542,0.101648138,105.2610759,0.010332344,-4e-26,-4.13e-19,1.034303959,81.4693404,2.865127219,104.8487171,8.208953979,-9.64e-08,-1.3e-05,2.336680344,73.78622318,7.997143207,100.0997546,68.16507666,-4.067509735,-0.104727692,17.71365839,70.43899409,7.162813695,99.47994283,71.57937389,0.69139126,0.013662596
176.1573721,86.93017534,333.2204165,221.4214816,88.14280928,656.7132406,315.7080961,90.06906258,1168.010632,391.6820148,91.4255167,1548.234035,459.27029,94.75301595,2955.46181,176.1573721,86.93017534,333.2204165,221.4214816,88.14280928,656.7132406,315.7080961,90.06906258,1168.010632,391.6820148,91.4255167,1548.234035,459.27029,94.75301595,2955.46181,168.3920343,85.68875705,4.598216441,162.359532,26966.38111,13.08272021,0.017325963,204.1017952,85.61876677,4.262420356,145.3286934,17548.03532,107.0099317,0.189519402,273.5424259,85.48829882,3.812777623,135.5238101,11501.98617,236.0435347,0.577250591,325.133575,85.40737867,3.582704886,132.5750869,9589.028684,308.5385892,0.879450376,331.3017393,85.39857597,3.559181829,132.3168865,9419.605866,316.5049733,0.916250435,168.3920343,622225.005,936474000000000.0,204.1017952,1490752.773,2242350000000000.0,273.5424259,3230064.568,4852950000000000.0,325.133575,4390526.774,6591370000000000.0,331.3017393,4520526.177,6785950000000000.0,167.9990646,85.68802902,4.603566518,162.3591478,26966.38115,14.30166211,0.018918244,203.1090578,85.61690341,4.272740854,145.3275957,17548.03541,110.7062637,0.195592189,271.0298537,85.48355511,3.830090155,135.5208178,11501.98634,245.7322494,0.598228243,321.3153903,85.40033656,3.603342707,132.5705503,9589.028883,322.8878427,0.915079887,327.3203046,85.39126041,3.580140972,132.3121651,9419.606068,331.4127423,0.953790308
1.977223289,62.96544137,8.998805701,2.127321233,63.17955149,8.967761602,2.575591688,63.68719375,10.13620872,8.440421297,76.87948018,899.2860368,90.97581823,87.78233691,16375.50417,1.977223289,62.96544137,8.998805701,2.127321233,63.17955149,8.967761602,2.575591688,63.68719375,10.13620872,8.440421297,76.87948018,899.2860368,90.97581823,87.78233691,16375.50417,1.0,60.0,0.0,84.85281374,0.0,0.0,0.0,1.0,60.0,0.0,84.85281374,0.0,0.0,0.0,1.0,60.0,6.74e-07,84.85281374,6.43e-13,5.05e-29,1.11e-16,1.046215773,60.0,0.0,84.85281374,4.55e-13,1.16e-35,0.0,3.960232291,60.50165782,2.824510936,85.84243041,83.70160698,0.611436521,0.023715488,1.0,45.00652814,0.0,1.0,45.00652814,0.0,1.0,45.00652814,2.27e-13,1.046215773,45.00652533,0.000355471,3.960232291,31987.90233,48098200000000.0,1.0,60.0,0.0,84.85281374,0.0,0.0,0.0,1.0,60.0,0.0,84.85281374,0.0,0.0,0.0,1.0,60.0,6.74e-07,84.85281374,6.43e-13,5.05e-29,1.11e-16,1.046215773,60.0,0.0,84.85281374,9.09e-13,-9.42e-32,0.0,3.83700364,60.0,0.0,84.85281374,4.55e-13,1.0100000000000001e-29,0.0
1.775303024,66.00000514,6.16e-05,1.858720335,66.00166255,0.019947933,2.123380973,66.5481348,6.324947705,11.22840111,68.56680642,104.345412,98.58510346,70.12875182,319.7835352,1.775303024,66.00000514,6.16e-05,1.858720335,66.00166255,0.019947933,2.123380973,66.5481348,6.324947705,11.22840111,68.56680642,104.345412,98.58510346,70.12875182,319.7835352,1.775303024,66.00000514,0.007851109,122.3315196,6.16e-05,-3.89e-15,-4.18e-09,1.858720334,66.00166256,0.141237093,122.3324058,0.019950983,-3.13e-08,-1.19e-05,2.121922003,66.55116383,2.512008131,122.4558763,9.892888009,-0.195880006,-0.028249906,9.382194112,69.00552783,10.68745611,117.2921043,272.4101399,-5.91641049,-0.035201881,75.50971023,70.97497311,19.94436692,116.9338802,509.3195126,4.6539039,0.013083512,1.775303024,1.801329671,3.850917943,1.858720334,1.900745976,3.890553609,2.121922003,1.909032007,3.775180603,9.382194112,1.740815094,3.398510932,75.50971023,1.935825887,3.600365902,1.775302176,66.0,0.0,122.3315168,0.0,0.0,0.0,1.858385953,66.0,9.54e-07,122.3315168,3.75e-12,1.41e-28,7.75e-17,1.951285114,66.0,1.35e-06,122.3315168,2.57e-12,2.73e-28,1.5e-16,3.021576251,66.0,1.65e-06,121.833425,21.55616233,3.87e-15,5.05e-10,18.91138169,66.02014137,0.491213577,117.2589256,188.3126749,-0.096395775,-0.014300395
1.021925225,66.0,3.96e-07,1.10112837,66.00005387,0.00484866,1.546115747,66.50705762,45.37807119,9.298654547,78.3269801,926.9328732,98.160669,73.61485224,575.9744465,1.021925225,66.0,3.96e-07,1.10112837,66.00005387,0.00484866,1.546115747,66.50705762,45.37807119,9.298654547,78.3269801,926.9328732,98.160669,73.61485224,575.9744465,1.000000076,66.0,0.000635898,122.3315168,4.19e-07,-1.31e-17,-6.2e-11,1.000071573,66.00005932,0.073065825,122.3315176,0.00551214,-2.17e-09,-8e-07,1.080313414,66.72568719,8.048926976,122.3004145,67.36386082,-0.345572396,-0.009992808,7.261267631,81.52066918,33.65351256,124.4482128,1168.787826,-84.21925149,-0.147272488,74.9383819,75.29324872,26.93565472,119.3380164,796.1043778,23.21546083,0.047611262,1.000000076,4.926611597,1.28e-06,1.000071573,4.926327727,0.001193052,1.080313414,4.640273163,1.097697582,7.261267631,2.261072015,3.608007027,74.9383819,1.950794875,3.659980297,1.0,66.0,0.0,122.3315168,3.64e-12,3.37e-43,0.0,1.000000001,66.0,9.54e-07,122.3315168,9.09e-13,2.03e-49,0.0,1.000972909,66.0,9.54e-07,122.3315168,1.52e-09,-5.73e-25,-1.54e-14,2.066902233,66.00002298,0.0166049,121.3390055,42.29501475,-0.000108833,-0.001007813,18.94679387,66.2517178,1.721581215,116.5976682,211.6251361,1.657095863,0.066169491
1.0,66.0,0.0,1.000001619,66.0,8.19e-12,1.016891892,66.00084861,0.075164143,8.468918233,70.1300651,322.6147748,96.69432575,71.02895748,359.3640891,1.0,66.0,0.0,1.000001619,66.0,8.19e-12,1.016891892,66.00084861,0.075164143,8.468918233,70.1300651,322.6147748,96.69432575,71.02895748,359.3640891,1.0,66.0,1.35e-06,122.3315168,2.33e-07,-3.5199999999999994e-23,-5.4e-14,1.000001617,66.0,3.02e-06,122.3314944,0.000981966,-9.56e-18,-1.01e-10,1.015746748,66.00083316,0.273831926,122.2314156,4.40782959,-0.000262855,-0.000457248,7.00676549,70.50928589,19.47311794,118.9387915,449.1554972,-9.028177024,-0.029881901,75.41618265,71.56200464,21.05525032,117.4446698,544.1034188,49.79095868,0.133143633,1.0,6.413140058,1.19e-09,1.000001617,6.413136304,8.74e-06,1.015746748,6.364824137,0.195171816,7.00676549,2.506164565,8.591637343,75.41618265,1.959147605,11.89521152,1.0,66.0,0.0,122.3315168,1.82e-12,-3.86e-253,0.0,1.000000001,66.0,0.0,122.3315168,5.08e-07,-3.93e-151,0.0,1.001330183,66.0,1.35e-06,122.3170949,0.633483182,1.7e-16,1.59e-10,2.477382659,66.0761433,0.952849296,117.8294852,171.7186139,-0.220020418,-0.017621104,20.0042378,66.41289562,2.188631742,116.0600794,228.5954781,1.96517717,0.059394042
1.0,429.0,0.0,1.0,429.0,3.2e-10,1.000013581,428.9950329,1.822790673,2.274884359,313.5853872,27523.78354,26.55000847,293.6461772,31095.00112,1.0,429.0,0.0,1.0,429.0,3.2e-10,1.000013581,428.9950329,1.822790673,2.274884359,313.5853872,27523.78354,26.55000847,293.6461772,31095.00112,1.0,429.0,0.0,429.0,0.0,0.0,0.0,1.0,429.0,0.0,429.0,0.0,0.0,0.0,1.000000003,429.0000001,0.001771458,429.0000001,3.14e-06,0.0,0.0,1.428592116,437.2010127,16.40686314,437.2010127,269.185158,0.0,0.0,13.97911948,454.3781511,19.9266827,454.3781511,397.0726833,0.0,0.0,1.0,29.99727893,0.0,1.0,29.99727893,0.0,1.000000003,29.99727887,1.68e-06,1.428592116,23.99760307,143.9678785,13.97911948,11.43037553,212.2078911,1.0,429.0,0.0,429.0,0.0,0.0,0.0,1.0,429.0,0.0,429.0,0.0,0.0,0.0,1.000000003,429.0000001,0.001771458,429.0000001,3.14e-06,0.0,0.0,1.428592116,437.2010127,16.40686314,437.2010127,269.185158,0.0,0.0,13.97911948,454.3781511,19.9266827,454.3781511,397.0726833,0.0,0.0
1.0,60.0,0.0,1.0,60.0,0.0,1.000002028,60.00003173,0.008566642,2.203949819,123.9321845,15570.74175,24.19553621,209.4342754,27376.84616,1.0,60.0,0.0,1.0,60.0,0.0,1.000002028,60.00003173,0.008566642,2.203949819,123.9321845,15570.74175,24.19553621,209.4342754,27376.84616,1.0,60.0,0.0,60.0,0.0,0.0,0.0,1.0,60.0,0.0,60.0,0.0,0.0,0.0,1.0,60.0,0.0,60.0,0.0,0.0,0.0,1.079900842,60.0,0.0,60.0,0.0,0.0,0.0,4.359730331,60.0,6.74e-07,60.0,4.55e-13,0.0,0.0,1.0,55.91795993,0.0,1.0,55.91795993,0.0,1.0,55.91795993,0.0,1.079900842,53.01927708,168.1166835,4.359730331,47.23681893,3456.312419,1.0,60.0,0.0,60.0,0.0,0.0,0.0,1.0,60.0,0.0,60.0,0.0,0.0,0.0,1.0,60.0,0.0,60.0,0.0,0.0,0.0,1.079900842,60.0,0.0,60.0,0.0,0.0,0.0,4.359730331,60.0,6.74e-07,60.0,4.55e-13,0.0,0.0
1.0,330.0,0.0,1.0,330.0,0.0,1.000000948,329.9997591,0.065043407,1.736378336,281.9711456,10625.12516,23.71535303,202.2623883,15681.24862,1.0,330.0,0.0,1.0,330.0,0.0,1.000000948,329.9997591,0.065043407,1.736378336,281.9711456,10625.12516,23.71535303,202.2623883,15681.24862,1.0,330.0,0.0,431.4904402,0.0,0.0,0.0,1.0,330.0,0.0,431.4904402,0.0,0.0,0.0,1.000000028,330.0,3.81e-06,431.4904402,1.46e-11,3.35e-73,0.0,1.213253797,330.0,0.0,431.4904402,2.91e-11,-7.659999999999999e-28,0.0,6.276128281,330.0,1.14e-05,431.4904402,1.31e-10,-4.6200000000000004e-27,0.0,1.0,25.09850597,0.0,1.0,25.09850597,0.0,1.000000028,25.09850597,2.39e-10,1.213253797,25.08242257,0.001214524,6.276128281,25.03952519,0.001535325,1.0,330.0,0.0,431.4904402,0.0,0.0,0.0,1.0,330.0,0.0,431.4904402,0.0,0.0,0.0,1.000000028,330.0,3.81e-06,431.4904402,1.46e-11,3.35e-73,0.0,1.213253797,330.0,0.0,431.4904402,2.91e-11,-7.659999999999999e-28,0.0,6.276128281,330.0,1.14e-05,431.4904402,1.31e-10,-4.6200000000000004e-27,0.0
1.000000058,60.00001576,0.004256425,1.000060284,60.01627572,4.394178229,1.062243318,75.82075726,4021.308099,3.178429934,205.9142285,18105.87962,19.91321183,224.3455423,17363.83915,1.000000058,60.00001576,0.004256425,1.000060284,60.01627572,4.394178229,1.062243318,75.82075726,4021.308099,3.178429934,205.9142285,18105.87962,19.91321183,224.3455423,17363.83915,1.0,60.0,0.0,84.85281374,0.0,0.0,0.0,1.0,60.0,0.0,84.85281374,0.0,0.0,0.0,1.000000036,60.0,0.0,84.85281374,0.0,3.5e-51,0.0,1.21786089,60.0,0.0,84.85281374,4.55e-13,6.75e-32,0.0,6.28634984,60.0,6.74e-07,84.85281374,1.44e-12,3.55e-16,0.000451134,1.0,24.73995614,0.0,1.0,24.73995614,0.0,1.000000036,24.73995616,1.41e-08,1.21786089,24.83060811,0.055536366,6.28634984,24.99754976,2.383598287,1.0,60.0,0.0,84.85281374,0.0,0.0,0.0,1.0,60.0,0.0,84.85281374,0.0,0.0,0.0,1.000000036,60.0,0.0,84.85281374,0.0,3.5e-51,0.0,1.21786089,60.0,0.0,84.85281374,4.55e-13,6.75e-32,0.0,6.28634984,60.0,6.74e-07,84.85281374,1.02e-12,-6.11e-29,-9.5e-17
1.000000058,60.00001569,0.004236596,1.000060115,60.01623018,4.381886037,1.062184509,75.80686454,4017.996459,3.02114146,213.6087845,17878.71314,19.71197201,225.9644871,17266.20054,1.000000058,60.00001569,0.004236596,1.000060115,60.01623018,4.381886037,1.062184509,75.80686454,4017.996459,3.02114146,213.6087845,17878.71314,19.71197201,225.9644871,17266.20054,1.0,60.0,0.0,84.85281374,0.0,0.0,0.0,1.0,60.0,0.0,84.85281374,0.0,0.0,0.0,1.00000004,60.0,0.0,84.85281374,9.09e-13,2.18e-149,0.0,1.219549088,60.0,6.74e-07,84.85281374,1.02e-12,2.25e-30,3.5e-18,6.28059167,60.0,1.37e-05,84.85281374,3.55e-09,1.79e-21,2.2e-12,1.0,24.58198595,0.0,1.0,24.58198595,0.0,1.00000004,24.58198599,4.1e-08,1.219549088,24.74181244,0.13159662,6.28059167,25.02161006,0.444283152,1.0,60.0,0.0,84.85281374,0.0,0.0,0.0,1.0,60.0,0.0,84.85281374,0.0,0.0,0.0,1.00000004,60.0,0.0,84.85281374,9.09e-13,2.18e-149,0.0,1.219549088,60.0,6.74e-07,84.85281374,1.02e-12,2.25e-30,3.5e-18,6.28059167,60.0,9.54e-07,84.85281374,1.02e-12,-6.64e-30,-1.03e-17
1.065397028,96.83189421,43.02354877,1.272344845,94.16023366,131.1673155,2.489955569,90.29743265,233.3724166,7.510783533,106.2161564,3604.637749,29.332372,172.2583293,14510.585,1.065397028,96.83189421,43.02354877,1.272344845,94.16023366,131.1673155,2.489955569,90.29743265,233.3724166,7.510783533,106.2161564,3604.637749,29.332372,172.2583293,14510.585,1.065397028,96.83189421,6.559233856,125.1627076,363.4623193,0.573245947,0.004600343,1.272344845,94.16023366,11.45283002,123.7296269,382.5813882,3.652710112,0.016823537,2.489955394,90.29741581,15.27639997,124.144123,398.1808653,-16.07452815,-0.058582498,7.033043393,91.01498124,14.71870326,127.9016079,325.5690344,-2.525534917,-0.011006682,18.49086925,82.06894388,18.75050889,115.4213299,500.6061085,231.1479068,0.653023267,1.065397028,0.956978522,0.028452109,1.272344845,0.889741746,0.08742206,2.489955394,0.866453151,1.000417487,7.033043393,3.072226611,34.64337224,18.49086925,8.432680012,121.8611796,1.032647122,98.0,1.91e-06,138.5929291,3.64e-12,0.0,0.0,1.143778874,98.0,0.0,138.5929291,0.0,8.750000000000001e-32,0.0,1.985242472,98.0,1.35e-06,138.5929291,1.82e-12,4.26e-30,0.0,5.740255498,98.0,2.34e-06,138.5929291,5.75e-12,4.58e-28,1.45e-16,10.73878831,98.0,1.35e-06,138.5929291,4.07e-12,9.579999999999999e-30,3.72e-18
1.040304892,66.26499208,4.400320696,1.200091196,67.29599539,31.06757601,2.414557591,73.30304095,424.5683655,12.63350961,73.45735201,561.2667199,100.3686822,71.14660611,397.3805083,1.040304892,66.26499208,4.400320696,1.200091196,67.29599539,31.06757601,2.414557591,73.30304095,424.5683655,12.63350961,73.45735201,561.2667199,100.3686822,71.14660611,397.3805083,1.000091566,66.00306206,0.524952952,136.0642623,0.381239989,-9.21e-09,-3.42e-08,1.005001108,66.18670766,4.094976172,135.8743115,17.60211241,-0.000543919,-5.74e-05,1.337727365,74.59482337,26.45114581,135.2978555,708.0364428,-10.53429668,-0.038221615,8.805506137,75.46781434,27.6088447,120.3826195,847.7598523,191.1459414,0.359421157,77.89648697,71.95456581,22.2006578,116.8629034,601.5368808,51.33606643,0.124519402,1.000091566,2.817127058,0.000429548,1.005001108,2.808020505,0.021619045,1.337727365,2.391382725,0.820363363,8.805506137,1.835800155,2.836689637,77.89648697,1.875996119,3.451910674,1.0,66.0,0.0,122.3315168,3.64e-12,4.25e-150,0.0,1.000000001,66.0,0.0,122.3315167,1.97e-06,4.8e-31,0.0,1.000972071,66.0,0.0,122.2964533,1.539196593,2.73e-24,0.0,2.335493752,66.01041554,0.353380842,114.6822427,256.1362382,-0.086090575,-0.015222189,20.42121804,66.32315755,1.942539514,114.7153393,259.478344,3.868073286,0.123622419
4.999564823,101.999991,0.000378952,5.000084151,101.9970944,0.122024771,5.113060616,101.0833767,37.60677138,7.570125773,92.74089664,291.0191546,33.7850313,91.26550064,308.948803,4.999564823,101.999991,0.000378952,5.000084151,101.9970944,0.122024771,5.113060616,101.0833767,37.60677138,7.570125773,92.74089664,291.0191546,33.7850313,91.26550064,308.948803,1.0,102.0,0.0,144.2497834,0.0,0.0,0.0,1.0,102.0,0.0,144.2497834,0.0,0.0,0.0,1.0,102.0,1.35e-06,144.2497834,1.82e-12,1.06e-156,0.0,1.07185093,102.0,1.91e-06,144.2497834,4.07e-12,4.85e-48,1.88e-36,4.215813276,102.0,1.91e-06,144.2497834,4.07e-12,-1.41e-28,-5.5e-17,1.0,39.01946092,0.0,1.0,39.01946092,0.0,1.0,39.01946092,4.55e-13,1.07185093,38.99010565,0.016286481,4.215813276,39.07186369,2.868960481,1.0,102.0,0.0,144.2497834,0.0,0.0,0.0,1.0,102.0,0.0,144.2497834,0.0,0.0,0.0,1.0,102.0,1.35e-06,144.2497834,1.82e-12,1.06e-156,0.0,1.07185093,102.0,1.91e-06,144.2497834,4.07e-12,4.85e-48,1.88e-36,4.215813276,102.0,1.91e-06,144.2497834,4.07e-12,-1.41e-28,-5.5e-17
2.306797326,396.5494728,18013.29161,2.493791503,371.5781905,24451.5734,2.83437442,335.3879861,31315.62118,5.540308366,253.2214799,32520.7042,32.53753183,267.2463498,32481.26173,2.306797326,396.5494728,18013.29161,2.493791503,371.5781905,24451.5734,2.83437442,335.3879861,31315.62118,5.540308366,253.2214799,32520.7042,32.53753183,267.2463498,32481.26173,1.995532313,449.0447769,19.99994988,449.0447769,399.997995,0.0,0.0,1.997316987,449.0268662,19.99998196,449.0268662,399.9992782,0.0,0.0,1.999104864,449.0089554,19.999998,449.0089554,399.9999198,0.0,0.0,2.428435359,450.2949873,20.08144403,450.2949873,403.2643943,0.0,0.0,14.97879639,455.3543125,19.59296844,455.3543125,383.8844124,0.0,0.0,1.995532313,14.96695058,224.9760598,1.997316987,14.98038295,224.9767815,1.999104864,14.99381534,224.9771424,2.428435359,14.11707907,224.1820219,14.97879639,36.35368369,38679821548.0,1.995532313,449.0447769,19.99994988,449.0447769,399.997995,0.0,0.0,1.997316987,449.0268662,19.99998196,449.0268662,399.9992782,0.0,0.0,1.999104864,449.0089554,19.999998,449.0089554,399.9999198,0.0,0.0,2.428435359,450.2949873,20.08144403,450.2949873,403.2643943,0.0,0.0,14.97879639,455.3543125,19.59296844,455.3543125,383.8844124,0.0,0.0
2.981682973,66.00000694,0.000624669,3.13422126,66.00298599,0.268730391,3.655131029,67.15783386,102.8692263,12.12047658,72.0295153,510.1367352,99.55932897,71.29390363,420.9712119,2.981682973,66.00000694,0.000624669,3.13422126,66.00298599,0.268730391,3.655131029,67.15783386,102.8692263,12.12047658,72.0295153,510.1367352,99.55932897,71.29390363,420.9712119,2.924485335,66.00000708,0.025236607,122.3315225,0.000637936,5.39e-11,3.53e-07,2.954571409,66.00316755,0.533919195,122.3339043,0.285361252,8.27e-06,0.000136448,3.09082878,67.36928181,11.01637099,123.2756258,121.5022313,0.982852671,0.03682896,9.901041709,73.36791797,24.67440784,120.1526516,681.0057842,-6.004057565,-0.013930334,76.46013885,72.2476316,22.96457748,117.3330446,625.8897002,20.25766262,0.04804743,2.924485335,1.378854671,3.897274119,2.954571409,1.391903905,3.916512902,3.09082878,1.445144159,4.088630615,9.901041709,1.764531214,7.129709748,76.46013885,1.933199769,9.881725638,1.0,66.0,9.54e-07,122.3315168,9.09e-13,1.77e-253,0.0,1.000000002,66.0,1.35e-06,122.3315168,1.71e-06,-6.43e-22,-3.65e-13,1.001992042,66.0,1.35e-06,122.2980652,1.468513018,-5.6e-16,-3.43e-10,2.565409439,66.0,7.26e-06,115.521825,235.9151901,-1.5e-11,-1.34e-07,19.36901009,66.03918182,0.691847574,115.4104969,239.9020917,-0.151153114,-0.014105552
1.006814783,426.68349,803.9116737,1.061542805,410.0464024,6050.379132,1.609328344,313.2066107,23754.39078,3.749371278,243.7670056,26063.43309,27.56164526,288.7417777,30725.49413,1.006814783,426.68349,803.9116737,1.061542805,410.0464024,6050.379132,1.609328344,313.2066107,23754.39078,3.749371278,243.7670056,26063.43309,27.56164526,288.7417777,30725.49413,1.0,429.0,0.0,429.0,0.0,0.0,0.0,1.0,429.0,0.0,429.0,0.0,0.0,0.0,1.000000003,429.0000001,0.0017714,429.0000001,3.14e-06,0.0,0.0,1.428632453,437.2010869,16.40691888,437.2010869,269.1869873,0.0,0.0,13.97939238,454.3782814,19.92665132,454.3782814,397.0714329,0.0,0.0,1.0,29.99732709,0.0,1.0,29.99732709,0.0,1.000000003,29.99732703,1.68e-06,1.428632453,23.99716877,143.9790231,13.97939238,11.43001944,212.1667108,1.0,429.0,0.0,429.0,0.0,0.0,0.0,1.0,429.0,0.0,429.0,0.0,0.0,0.0,1.000000003,429.0000001,0.0017714,429.0000001,3.14e-06,0.0,0.0,1.428632453,437.2010869,16.40691888,437.2010869,269.1869873,0.0,0.0,13.97939238,454.3782814,19.92665132,454.3782814,397.0714329,0.0,0.0
1.881012195,71.3539736,56.99854428,2.216560916,71.46775472,57.58773387,3.036110159,70.81160559,54.40607253,11.80892391,71.09965132,338.9439985,101.777513,75.68635755,761.6957606,1.881012195,71.3539736,56.99854428,2.216560916,71.46775472,57.58773387,3.036110159,70.81160559,54.40607253,11.80892391,71.09965132,338.9439985,101.777513,75.68635755,761.6957606,1.629430602,72.18061893,7.790369217,109.2430398,60.68985253,-6.01e-14,0.0,1.757475713,72.8960335,7.923462499,109.7170529,62.78125797,-9.27e-08,-2.08e-05,1.91254902,73.62600311,7.991253114,110.1906335,63.86071473,-0.087675193,-0.020954517,2.925576685,71.94400556,7.731292704,104.2940368,85.92591907,1.522982091,0.025072531,17.95729228,70.22422488,7.052191374,100.0240285,75.13073162,7.145394368,0.135019246,1.629430602,3.891339481,22.43422099,1.757475713,4.326305413,23.20731654,1.91254902,4.777760833,23.64913928,2.925576685,7.194872792,33.42895201,17.95729228,8.373445825,30.71971611,1.629430602,72.18061893,7.790369217,109.2430398,60.68985253,-6.01e-14,0.0,1.757475713,72.8960335,7.923462499,109.7170529,62.78125797,-9.27e-08,-2.08e-05,1.91254902,73.62600311,7.991253114,110.1906335,63.86071473,-0.087675193,-0.020954517,2.925576685,71.94400556,7.731292704,104.2940368,85.92591907,1.522982091,0.025072531,17.95729228,70.22422488,7.052191374,100.0240285,75.13073162,7.145394368,0.135019246
2.540195436,66.00015882,0.002541149,3.014933033,66.00924332,0.147812944,3.887472659,66.48760444,7.73112371,11.66450106,67.9375794,91.7432928,99.77883237,70.25075821,312.5715762,2.540195436,66.00015882,0.002541149,3.014933033,66.00924332,0.147812944,3.887472659,66.48760444,7.73112371,11.66450106,67.9375794,91.7432928,99.77883237,70.25075821,312.5715762,2.540129349,66.0,1.35e-06,122.3315168,2.57e-12,-8.72e-28,-4.8e-16,3.0108638,66.0,9.54e-07,122.3315167,1.98e-06,-5.290000000000001e-56,-3.94e-47,3.629555819,66.00000001,0.000432122,122.3145991,0.743055327,-8.08e-11,-2.17e-07,8.604553013,67.42971661,9.913322503,118.3218966,215.5351929,2.492481567,0.018153389,76.37305962,70.97907486,19.71729297,117.3578479,495.7757078,18.82140633,0.054421993,2.540129349,1.923277739,13.24593442,3.0108638,2.101080277,14.2656137,3.629555819,2.26439966,15.14563834,8.604553013,2.189753026,13.21785011,76.37305962,1.935678875,9.972305407,1.513975097,66.0,0.0,122.3315168,0.0,4.2499999999999994e-104,0.0,1.670757051,66.0,1.35e-06,122.3315168,1.82e-12,7.65e-236,0.0,1.876212908,66.0,0.0,122.3315168,1.2e-06,-5.16e-52,0.0,3.130308873,66.0,1.35e-06,120.0491008,93.28751362,3.41e-14,2.62e-09,20.11803971,66.02060456,0.49682002,115.6321999,233.4234186,-0.099167055,-0.013064604
1.0,330.0,0.0,1.0,330.0,0.0,1.000001019,329.999741,0.069941227,2.428251298,228.0062216,15029.77131,31.82343261,178.8807658,16538.07702,1.0,330.0,0.0,1.0,330.0,0.0,1.000001019,329.999741,0.069941227,2.428251298,228.0062216,15029.77131,31.82343261,178.8807658,16538.07702,1.0,330.0,0.0,431.4904402,0.0,0.0,0.0,1.0,330.0,0.0,431.4904402,0.0,0.0,0.0,1.00000003,330.0,0.0,431.4904402,0.0,-1.38e-146,0.0,1.214663279,330.0,5.39e-06,431.4904402,2.91e-11,3.09e-115,0.0,6.274465281,329.9988992,0.545170112,431.4889614,0.359184419,2.04e-06,8.32e-06,1.0,24.99908018,0.0,1.0,24.99908018,0.0,1.00000003,24.99908018,1.02e-11,1.214663279,25.00409793,0.000196962,6.274465281,6163.581838,9242500000000.0,1.0,330.0,0.0,431.4904402,0.0,0.0,0.0,1.0,330.0,0.0,431.4904402,0.0,0.0,0.0,1.00000003,330.0,0.0,431.4904402,0.0,-1.38e-146,0.0,1.214663279,330.0,5.39e-06,431.4904402,2.91e-11,3.09e-115,0.0,6.274465281,329.9988992,0.545170112,431.4889614,0.359184419,2.04e-06,8.32e-06
1.000029459,66.0,4.55e-12,1.002270023,66.00000006,5e-06,1.206129906,66.06357986,5.718177513,8.234244577,73.91226104,642.3735557,89.67711829,76.07433695,1953.058187,1.000029459,66.0,4.55e-12,1.002270023,66.00000006,5e-06,1.206129906,66.06357986,5.718177513,8.234244577,73.91226104,642.3735557,89.67711829,76.07433695,1953.058187,1.000002853,66.0,1.65e-06,122.3315168,4.99e-07,-2.8800000000000002e-27,-2.47e-18,1.000471214,66.00000006,0.002237949,122.3314821,0.003186603,-4.16e-15,-3.3e-11,1.084509018,66.07071031,2.521691491,122.1663459,19.69276365,-0.004592265,-0.00042183,6.512070511,75.82480161,28.06609019,122.7766541,837.4655746,-35.54435195,-0.075100614,68.69300057,78.52297814,50.0808728,123.0049774,2714.692876,-62.01321425,-0.038419764,1.000002853,3.683809761,5.11e-06,1.000471214,3.684436106,0.000843288,1.084509018,3.763193995,0.17580735,6.512070511,2.54805376,4.114933725,68.69300057,2998.351999,4511530000000.0,1.0,66.0,1.91e-06,113.6334632,702.2499971,-1.31e-12,-2.6e-08,1.000000002,66.00000006,0.002238476,113.6329106,702.249999,-1.69e-06,-2.84e-05,1.001821061,66.07654657,2.623610528,113.6753915,702.2837317,-2.129267711,-0.03062563,2.552444865,91.06608536,40.34400881,124.8670359,1753.484607,-307.1147936,-0.298055369,21.23723727,102.0889291,44.09146681,129.7560906,2020.287449,-68.73652856,-0.066490363
1.795991267,74.90872929,63.17421108,2.219791384,73.20788454,63.3725531,3.154245615,71.07252793,55.42993752,10.22874854,69.20784366,160.0807267,88.75097848,70.97851583,376.9218512,1.795991267,74.90872929,63.17421108,2.219791384,73.20788454,63.3725531,3.154245615,71.07252793,55.42993752,10.22874854,69.20784366,160.0807267,88.75097848,70.97851583,376.9218512,1.000000053,81.99999915,0.003680372,105.2615783,1.35e-05,-1.67e-51,0.0,1.000043065,81.99931099,0.10499397,105.2610422,0.011023734,-3.15e-30,0.0,1.035052704,81.45815005,2.89413161,104.8400222,8.375997775,-2.01e-08,-2.74e-06,2.383346911,73.66366596,7.992926835,100.1321074,68.92139022,-2.681629373,-0.065977722,17.04927204,70.60487986,7.219342541,100.0083656,74.67116827,2.843890808,0.053869932,1.000000053,4.834373538,5.52e-06,1.000043065,4.834812992,0.004495399,1.035052704,5.180386102,3.415598032,2.383346911,8.700254354,436359.096,17.04927204,5154610.747,7734930000000000.0,1.000000053,81.99999915,0.003680372,105.2615783,1.35e-05,-1.67e-51,0.0,1.000043065,81.99931099,0.10499397,105.2610422,0.011023734,-3.15e-30,0.0,1.035052704,81.45815005,2.89413161,104.8400222,8.375997775,-2.01e-08,-2.74e-06,2.383346911,73.66366596,7.992926835,100.1321074,68.92139022,-2.681629373,-0.065977722,17.04927204,70.60487986,7.219342541,100.0083656,74.67116827,2.843890808,0.053869932
3.458283776,66.0,0.0,3.661054183,66.0,9.09e-12,3.937972415,66.00020197,0.003963492,10.583934,68.94922324,225.219494,97.68205096,71.52690009,422.7108327,3.458283776,66.0,0.0,3.661054183,66.0,9.09e-12,3.937972415,66.00020197,0.003963492,10.583934,68.94922324,225.219494,97.68205096,71.52690009,422.7108327,3.45828338,66.0,1.35e-06,122.3315168,4.07e-12,-6.17e-29,-2.4e-17,3.660910116,66.0,1.35e-06,122.3315168,2.5e-07,-5.1299999999999997e-23,-7.62e-14,3.885450128,66.00000967,0.029502195,122.3230366,0.372927648,-3.04e-07,-1.69e-05,8.485686393,69.09378362,16.39722583,119.5426987,335.6369351,-32.55767543,-0.140084764,76.94110438,72.36783118,22.7783757,117.7067493,612.2196815,-42.67635227,-0.103931076,3.45828338,2.193132113,16.94910137,3.660910116,2.323780014,17.67526087,3.885450128,2.457977413,18.38427416,8.485686393,2.282847648,15.52629829,76.94110438,1.923687132,27.66257739,1.748865955,66.0,0.0,122.3315168,3.64e-12,0.0,0.0,1.84070272,66.0,0.0,122.3315168,3.64e-12,-9.32e-83,0.0,1.94470763,66.0,9.54e-07,122.3315168,1.33e-09,-3.27e-25,-9.41e-15,3.059733309,66.0,0.000215467,121.2635187,45.40283361,-9.15e-09,-6.3e-06,19.8821141,66.13640467,1.290524764,116.3211609,220.2686178,-0.648718691,-0.033870372
1.988358273,66.00000042,8.82e-06,1.993197284,66.0002952,0.006772883,2.180386184,66.18098988,4.76388813,10.61703701,67.79415567,113.8326359,102.2403475,91.01366879,23957.20828,1.988358273,66.00000042,8.82e-06,1.993197284,66.0002952,0.006772883,2.180386184,66.18098988,4.76388813,10.61703701,67.79415567,113.8326359,102.2403475,91.01366879,23957.20828,1.988358091,66.0,9.54e-07,104.1849624,327.1436716,4.0500000000000005e-21,2.35e-16,1.993059573,66.0,9.54e-07,104.9674035,333.9672889,-8.05e-18,-4.62e-13,2.073715959,66.00000001,0.001112236,104.6309063,331.2861746,-1.74e-07,-8.62e-06,7.660385617,67.46798886,11.39502715,112.4214471,356.8065701,8.188381641,0.039417631,78.47013537,97.8803604,176.0517178,141.7848066,33583.49977,6974.769278,0.348396392,1.988358091,2.492363925,6.268018865,1.993059573,2.498174223,6.268078314,2.073715959,2.456302373,6.163795068,7.660385617,2.176829416,4.654523034,78.47013537,3.998358242,3213376667.0,1.0,66.0,0.0,122.3315168,3.64e-12,0.0,0.0,1.000000001,66.0,0.0,122.3315168,0.0,1.68e-289,0.0,1.000955933,66.0,0.0,122.3315168,1.4e-06,9.74e-28,0.0,2.065506561,66.00000026,0.006849347,120.3791632,80.67513815,-6.14e-07,-9.99e-06,17.63449446,70.7950141,29.13622497,159.9209146,55294.28271,414.097375,0.060444206
1.000000035,60.0000012,0.000149798,1.000042343,60.0020462,0.270342964,1.054715334,63.52050496,504.7381775,4.123878289,222.2396593,30727.59084,30.49509367,275.0135711,32648.21296,1.000000035,60.0000012,0.000149798,1.000042343,60.0020462,0.270342964,1.054715334,63.52050496,504.7381775,4.123878289,222.2396593,30727.59084,30.49509367,275.0135711,32648.21296,1.0,60.0,0.0,84.85281374,0.0,0.0,0.0,1.0,60.0,0.0,84.85281374,0.0,0.0,0.0,1.000000001,60.0,6.74e-07,84.85281374,1.02e-12,-4.33e-38,-6.73e-26,1.141665986,60.0,6.74e-07,84.85281374,4.55e-13,-8.340000000000001e-32,0.0,5.308055667,60.0087526,2.382277509,84.87386888,17.63512995,2.192041998,0.225183964,1.0,30.11354899,0.0,1.0,30.11354899,0.0,1.000000001,30.11354899,2.84e-12,1.141665986,30.10576843,0.000442068,5.308055667,30.1687712,68805355.37,1.0,60.0,0.0,84.85281374,0.0,0.0,0.0,1.0,60.0,0.0,84.85281374,0.0,0.0,0.0,1.000000001,60.0,6.74e-07,84.85281374,1.02e-12,-3.8e-47,-5.900000000000001e-35,1.141665986,60.0,6.74e-07,84.85281374,4.55e-13,-3.1800000000000003e-37,0.0,5.307566103,60.0,9.54e-07,84.85281374,1.29e-12,-2.3100000000000002e-29,-2.54e-17
1.998626588,66.0,3.18e-11,2.006110251,65.99999975,1.56e-06,2.264962331,66.00065081,1.100678893,11.86738412,73.13583318,564.0089979,100.3562545,71.58084013,437.6211558,1.998626588,66.0,3.18e-11,2.006110251,65.99999975,1.56e-06,2.264962331,66.00065081,1.100678893,11.86738412,73.13583318,564.0089979,100.3562545,71.58084013,437.6211558,1.998626588,66.0,0.0,93.34061817,0.132006655,1.2e-26,0.0,2.006110165,66.0,0.000158729,93.43923295,5.268832478,4.72e-13,1.3e-09,2.260055076,66.01233565,1.016243913,96.71454379,152.0746459,0.018021807,0.00143806,9.964998689,74.47781952,25.52113784,116.6640509,763.1802403,110.1577445,0.216422737,78.99854939,72.56569672,23.16706994,117.134075,640.2845171,93.98083298,0.217102254,1.998626588,1.1917262,1.421042442,2.006110165,1.196510038,1.422077899,2.260055076,1.339606,1.607159078,9.964998689,1.623019622,2.891105717,78.99854939,1.849715908,411.6625276,1.0,66.0,0.0,122.3315168,0.0,-8.73e-104,0.0,1.000000001,66.0,0.0,122.3315167,1.76e-06,1.24e-30,0.0,1.000977802,66.0,0.0,122.2976923,1.484863205,6.5600000000000005e-31,0.0,2.33083539,66.0,1.35e-06,114.6706198,256.263893,2.64e-14,1.22e-09,19.92303041,66.0044043,0.229852661,114.2550711,265.4924648,-0.133087755,-0.035535503
1.006637531,82.11519268,14.47494515,1.064659056,83.33231559,147.4083581,1.831478934,89.95277274,904.174202,15.17569413,75.49435326,502.7366459,76.0401878,72.01903294,389.5622485,1.006637531,82.11519268,14.47494515,1.064659056,83.33231559,147.4083581,1.831478934,89.95277274,904.174202,15.17569413,75.49435326,502.7366459,76.0401878,72.01903294,389.5622485,1.0,82.0,1.35e-06,105.2615789,1.82e-12,1.61e-66,0.0,1.000000001,81.99999998,0.000558265,105.2615789,3.12e-07,-8.820000000000001e-31,-1.1700000000000001e-21,1.00106781,81.98293327,0.522280013,105.2482846,0.272776412,-1.26e-11,-9.26e-09,1.946582737,75.01921087,7.934809967,101.1382034,68.09714606,-1.792464992,-0.044349942,12.37489796,70.65497828,7.267106006,99.98304201,75.09490682,3.29007275,0.06196163,1.0,9.871172905,1.42e-14,1.000000001,9.871172911,3.24e-08,1.00106781,9.876677489,0.028377076,1.946582737,2997.059721,4496810000000.0,12.37489796,34986754.56,5.15e+16,1.0,82.0,1.35e-06,105.2615789,1.82e-12,1.61e-66,0.0,1.000000001,81.99999998,0.000558265,105.2615789,3.12e-07,-8.820000000000001e-31,-1.1700000000000001e-21,1.00106781,81.98293327,0.522280013,105.2482846,0.272776412,-1.26e-11,-9.26e-09,1.946582737,75.01921087,7.934809967,101.1382034,68.09714606,-1.792464992,-0.044349942,12.37489796,70.65497828,7.267106006,99.98304201,75.09490682,3.29007275,0.06196163
4.292945148,66.0,0.0,4.553206593,66.0,0.0,4.862114084,66.00000016,3.04e-06,10.83038419,67.34645912,101.0782232,98.27225005,70.38907911,322.885896,4.292945148,66.0,0.0,4.553206593,66.0,0.0,4.862114084,66.00000016,3.04e-06,10.83038419,67.34645912,101.0782232,98.27225005,70.38907911,322.885896,4.292945148,66.0,1.65e-06,122.3315168,7.5e-07,5.5e-22,3.84e-13,4.553206593,66.0,9.54e-07,122.3314611,0.002448349,1.9100000000000003e-27,4.05e-20,4.862060021,66.00000001,0.000812763,122.1509927,7.889421774,-3.66e-09,-1.6e-06,9.745586363,67.20525128,10.34503939,117.0995317,250.978906,2.051990725,0.013164765,78.34704065,70.74700884,19.75804093,116.4954897,507.3009594,20.83758159,0.058593573,4.292945148,1.061347644,4.988508277,4.553206593,1.112339064,5.182434802,4.862060021,1.173914144,5.392506797,9.745586363,1.864343515,9.708120225,78.34704065,1.887285731,10.41047709,1.76432908,66.0,0.0,122.3315168,0.0,5.58e-44,0.0,1.851075778,66.0,0.0,122.3315168,0.0,-2.5699999999999998e-74,0.0,1.948584439,66.0,0.0,122.3315168,1.29e-06,-1.04e-28,0.0,3.155149286,66.0000019,0.004778724,119.943249,97.27120476,-6.24e-05,-0.001323436,20.83154999,66.23163287,1.651439757,115.4756162,240.4701284,0.842272481,0.032890712
1.00000024,66.00018311,0.218936628,1.000370668,66.26100088,315.0048775,1.72112519,298.4247852,225378.3519,31.12309205,426.1867744,296571.312,139.5533999,202.278173,136632.1918,1.00000024,66.00018311,0.218936628,1.000370668,66.26100088,315.0048775,1.72112519,298.4247852,225378.3519,31.12309205,426.1867744,296571.312,139.5533999,202.278173,136632.1918,1.000000239,66.00018311,0.467906545,122.3316142,0.219017924,0.002285003,0.063201759,1.000363186,66.26098168,17.7484284,122.4826639,315.9081365,7.238549758,0.083515384,1.680251925,303.9805754,479.123812,338.5942243,237679.1403,7120.375305,0.059880844,27.91908107,467.0577071,560.6904333,525.8782043,354760.8779,-1100.306842,-0.004840069,100.9605673,229.2066504,398.4344729,290.0144576,184248.8263,12640.67258,0.10374333,1.000000239,4.929904966,5.67e-06,1.000363186,4.928137123,0.008620791,1.680251925,2.973178742,5.690110729,27.91908107,0.604866422,13577203.81,100.9605673,1593807.961,2442750000000000.0,1.0,66.0,9.54e-07,122.3315168,2.03e-12,2.0099999999999999e-28,1.57e-16,1.000000051,66.0,9.54e-07,122.3315168,2.03e-12,7.17e-65,5.5699999999999995e-53,1.00371634,66.0,0.0,122.3315168,0.0,-2.87e-79,0.0,2.333703268,66.00000016,0.0033322,122.3315172,0.00049615,1e-13,1.35e-09,18.10840025,70.25274066,26.82952647,151.5293566,37361.97076,268.370296,0.05175435
2.9999103,65.99999994,3.54e-07,3.000106708,65.99993962,0.00036933,3.092869776,65.95973638,0.685465599,10.48639212,68.061197,129.6316751,105.4521158,70.52193621,313.111462,2.9999103,65.99999994,3.54e-07,3.000106708,65.99993962,0.00036933,3.092869776,65.95973638,0.685465599,10.48639212,68.061197,129.6316751,105.4521158,70.52193621,313.111462,2.999910271,66.0,0.0,93.33809524,6.4e-06,-6.14e-86,0.0,3.000076223,66.0,0.0,93.33850299,0.021342137,-1.63e-25,0.0,3.053581117,66.00000003,0.001737254,94.64047602,64.33919477,6.17e-09,4.43e-07,7.964032384,68.04317603,12.17286846,114.9941492,335.2853427,23.72850382,0.112399425,82.48935512,71.26496466,19.54436777,116.4960926,506.4277836,43.83561987,0.123000642,2.999910271,1.434000474,4.112824073,3.000076223,1.434200209,4.113458767,3.053581117,1.506611641,4.36003672,7.964032384,2.270634724,10.54224339,82.48935512,1.794037107,10.04330353,1.0,66.0,0.0,122.3315168,1.82e-12,5.09e-58,0.0,1.000000001,66.0,0.0,122.3315168,0.0,1.83e-34,0.0,1.000969115,66.0,2.19e-05,122.3315168,1.39e-06,2.34e-10,0.009049281,2.222546242,66.72302123,2.855432561,120.588995,88.29753183,1.023663138,0.038233199,22.12639848,67.28700547,3.713176879,116.0608025,241.3368006,11.94028689,0.207163052
1.998247312,330.0,0.0,1.998948018,330.0,0.0,1.99965039,329.9998492,0.040707896,2.756516919,298.1520034,7499.304608,25.62310037,203.6028464,15519.28276,1.998247312,330.0,0.0,1.998948018,330.0,0.0,1.99965039,329.9998492,0.040707896,2.756516919,298.1520034,7499.304608,25.62310037,203.6028464,15519.28276,1.0,330.0,0.0,431.4904402,0.0,0.0,0.0,1.0,330.0,0.0,431.4904402,0.0,0.0,0.0,1.000000029,330.0,0.0,431.4904402,0.0,4.5299999999999994e-42,0.0,1.213824845,330.0,6.61e-06,431.4904402,4.37e-11,3.76e-30,0.0,6.275803775,330.0,6.61e-06,431.4904402,4.6e-11,-1.59e-27,-6.31e-17,1.0,25.06075907,0.0,1.0,25.06075907,0.0,1.000000029,25.06075907,1.14e-13,1.213824845,25.05080427,0.00617103,6.275803775,25.04106948,0.039149642,1.0,330.0,0.0,431.4904402,0.0,0.0,0.0,1.0,330.0,0.0,431.4904402,0.0,0.0,0.0,1.000000029,330.0,0.0,431.4904402,0.0,4.5299999999999994e-42,0.0,1.213824845,330.0,6.61e-06,431.4904402,4.37e-11,3.76e-30,0.0,6.275803775,330.0,6.61e-06,431.4904402,4.6e-11,-1.59e-27,-6.31e-17
1.011190907,65.93364672,0.393718522,1.06836797,65.6211952,2.141190117,1.530832798,65.07263266,68.8266232,9.460674813,73.02070186,590.6466418,96.62083773,71.07693456,400.96418,1.011190907,65.93364672,0.393718522,1.06836797,65.6211952,2.141190117,1.530832798,65.07263266,68.8266232,9.460674813,73.02070186,590.6466418,96.62083773,71.07693456,400.96418,1.000000001,66.00000002,0.001237791,122.3315168,1.53e-06,3.86e-17,1.87e-10,1.000003501,66.00013192,0.108964298,122.3315971,0.011874479,1.76e-09,1.23e-06,1.027378127,66.9951168,9.411177097,122.922766,88.57952207,0.06673421,0.006264352,6.419609684,76.23341211,28.5706907,125.7104512,836.8854738,51.96412838,0.133884685,72.17316631,72.13039109,22.67030097,118.2427252,604.2930288,47.12853896,0.116603274,1.000000001,6.302911994,1.38e-08,1.000003501,6.302895443,8.8e-05,1.027378127,6.180781007,0.637873321,6.419609684,2.757111225,9.525872549,72.17316631,2.043891628,9.013839975,1.0,66.0,0.0,122.3315168,3.64e-12,-7.91e-180,0.0,1.000000001,66.0,0.0,122.3315168,1.82e-12,-4.2e-48,0.0,1.000977067,66.0,0.0,122.3315168,1.36e-09,-2.3e-25,0.0,2.081672797,66.0,1.65e-06,121.1454891,50.23212622,2.24e-14,1.91e-09,18.48686537,66.00037174,0.066789141,116.4134247,212.3819497,-0.018199123,-0.018697597
1.000000029,60.0000011,4.17e-05,1.000029943,60.0011378,0.043235238,1.031052666,61.14446269,42.17978737,2.277031071,81.69169946,386.6503956,26.89955358,92.95377695,268.8764288,1.000000029,60.0000011,4.17e-05,1.000029943,60.0011378,0.043235238,1.031052666,61.14446269,42.17978737,2.277031071,81.69169946,386.6503956,26.89955358,92.95377695,268.8764288,1.000000029,60.0000011,0.006457,114.90866,4.17e-05,2.2200000000000002e-276,0.0,1.000029943,60.0011378,0.20793085,114.9092535,0.043235238,9.809999999999999e-165,0.0,1.031052666,61.14446269,6.494596773,115.5103689,42.17978724,-9.52e-16,-7.69e-11,1.83117156,76.74696945,18.86594427,123.6093468,358.2399928,-9.2587458,-0.076954314,10.43180305,78.70093874,18.98952056,112.7435233,509.7573578,41.26558103,0.114482613,1.000000029,5.009139785,1.81e-05,1.000029943,5.009889529,0.018809093,1.031052666,5.76399945,18.34992874,1.83117156,15.7394611,148.4448422,10.43180305,14.93473337,115.0092579,1.0,60.0,0.0,84.85281374,0.0,0.0,0.0,1.0,60.0,0.0,84.85281374,0.0,0.0,0.0,1.0,60.0,0.0,84.85281374,4.55e-13,1.83e-173,0.0,1.02415645,60.0,6.74e-07,84.85281374,4.55e-13,-3.73e-43,0.0,5.293292564,60.0,9.54e-07,84.85281374,1.29e-12,2.2200000000000002e-29,2.44e-17
1.751442704,66.0,0.0,1.842483994,66.0,0.0,2.003302855,65.99999597,0.000603024,9.258544851,68.56844652,198.1391051,95.87619768,70.42084618,337.3672181,1.751442704,66.0,0.0,1.842483994,66.0,0.0,2.003302855,65.99999597,0.000603024,9.258544851,68.56844652,198.1391051,95.87619768,70.42084618,337.3672181,1.751442704,66.0,0.0,122.3315168,3.64e-12,1.42e-33,0.0,1.842483994,66.0,0.0,122.3315168,5.9e-09,2.53e-19,0.0,2.002836475,66.00000529,0.021806021,122.3249172,0.290188624,2.52e-05,0.002144942,7.815265041,68.7582827,15.00991088,117.5843603,338.4516775,39.86364409,0.167112793,76.21250884,70.9608506,20.22671027,116.4361541,525.3978274,52.99233792,0.144300071,1.751442704,2.211215307,6.030571716,1.842483994,2.351130209,6.109515485,2.002836475,2.492201449,6.146868201,7.815265041,2.13113109,4.57709587,76.21250884,1.918547913,3.767067373,1.751442666,66.0,9.54e-07,122.3315168,9.09e-13,-2.56e-135,0.0,1.84243715,66.0,9.54e-07,122.3315168,9.09e-13,4.950000000000001e-35,0.0,1.945364641,66.00000001,0.000296573,122.3315168,8.8e-08,6.51e-11,0.006114652,3.203209705,66.4798286,2.351107768,121.4172561,50.14184122,1.592996526,0.09597757,21.74613932,66.5726515,2.558102476,115.5670397,243.0172199,6.885304349,0.172689302
1.0,429.0,0.0,1.0,429.0,0.0,1.000000982,428.9996425,0.130898706,2.277262457,310.8140567,28299.23975,27.85319236,282.8026146,31956.94976,1.0,429.0,0.0,1.0,429.0,0.0,1.000000982,428.9996425,0.130898706,2.277262457,310.8140567,28299.23975,27.85319236,282.8026146,31956.94976,1.0,429.0,0.0,429.0,0.0,0.0,0.0,1.0,429.0,0.0,429.0,0.0,0.0,0.0,1.000000003,429.0000001,0.001772098,429.0000001,3.14e-06,0.0,0.0,1.428675805,437.202285,16.4078269,437.202285,269.2167834,0.0,0.0,13.97954183,454.3783439,19.92663973,454.3783439,397.070971,0.0,0.0,1.0,29.99604702,0.0,1.0,29.99604702,0.0,1.000000003,29.99604696,1.68e-06,1.428675805,23.99415898,143.9465979,13.97954183,11.42978237,212.1316827,1.0,429.0,0.0,429.0,0.0,0.0,0.0,1.0,429.0,0.0,429.0,0.0,0.0,0.0,1.000000003,429.0000001,0.001772098,429.0000001,3.14e-06,0.0,0.0,1.428675805,437.202285,16.4078269,437.202285,269.2167834,0.0,0.0,13.97954183,454.3783439,19.92663973,454.3783439,397.070971,0.0,0.0
1.0,330.0,0.0,1.0,330.0,0.0,1.000001018,329.9997411,0.069897244,1.864691204,269.6014524,12038.63884,26.0466389,192.7984449,15184.52247,1.0,330.0,0.0,1.0,330.0,0.0,1.000001018,329.9997411,0.069897244,1.864691204,269.6014524,12038.63884,26.0466389,192.7984449,15184.52247,1.0,330.0,0.0,431.4904402,0.0,0.0,0.0,1.0,330.0,0.0,431.4904402,0.0,0.0,0.0,1.00000003,330.0,6.61e-06,431.4904402,4.37e-11,7.4e-57,0.0,1.21453515,330.0,0.0,431.4904402,0.0,3.03e-32,0.0,6.274182654,329.9999998,0.006884696,431.49044,5.32e-05,5.46e-14,1.61e-09,1.0,24.99950695,0.0,1.0,24.99950695,0.0,1.00000003,24.99950695,1.19e-10,1.21453515,25.01120624,0.000672544,6.274182654,25.04805934,0.017841125,1.0,330.0,0.0,431.4904402,0.0,0.0,0.0,1.0,330.0,0.0,431.4904402,0.0,0.0,0.0,1.00000003,330.0,6.61e-06,431.4904402,4.37e-11,7.4e-57,0.0,1.21453515,330.0,0.0,431.4904402,0.0,3.03e-32,0.0,6.274182654,329.9999998,0.006884696,431.49044,5.32e-05,5.46e-14,1.61e-09
1.161607374,330.0,2.91e-11,1.335024606,330.0,1.46e-11,1.694532734,329.9998829,0.03161364,2.677729244,299.6888893,7275.595946,31.68238353,182.4206032,17933.79031,1.161607374,330.0,2.91e-11,1.335024606,330.0,1.46e-11,1.694532734,329.9998829,0.03161364,2.677729244,299.6888893,7275.595946,31.68238353,182.4206032,17933.79031,1.0,330.0,0.0,431.4904402,0.0,0.0,0.0,1.0,330.0,0.0,431.4904402,0.0,0.0,0.0,1.00000002,330.0,5.39e-06,431.4904402,3.25e-11,-1.5199999999999998e-34,-7.4e-24,1.205988157,330.0,3.81e-06,431.4904402,2.06e-11,-4.0299999999999994e-42,-2.7700000000000004e-31,6.252830787,330.0,1.01e-05,431.4904402,1.03e-10,2.5100000000000004e-27,6.52e-17,1.0,25.58112717,0.0,1.0,25.58112717,0.0,1.00000002,25.58112716,4.7e-09,1.205988157,25.49702531,0.034391067,6.252830787,25.14158559,0.043041295,1.0,330.0,0.0,431.4904402,0.0,0.0,0.0,1.0,330.0,0.0,431.4904402,0.0,0.0,0.0,1.00000002,330.0,5.39e-06,431.4904402,3.25e-11,-1.5199999999999998e-34,-7.4e-24,1.205988157,330.0,3.81e-06,431.4904402,2.06e-11,-4.0299999999999994e-42,-2.7700000000000004e-31,6.252830787,330.0,1.01e-05,431.4904402,1.03e-10,2.5100000000000004e-27,6.52e-17
2.222007709,66.00005993,0.001026507,2.953713174,66.00559453,0.147750416,4.407414598,66.9509186,59.02228715,13.30914056,72.01898541,452.0101208,101.6257902,70.9423077,373.106568,2.222007709,66.00005993,0.001026507,2.953713174,66.00559453,0.147750416,4.407414598,66.9509186,59.02228715,13.30914056,72.01898541,452.0101208,101.6257902,70.9423077,373.106568,2.221988275,66.00000091,0.009074349,105.3835122,336.7578515,2.6e-05,0.000156259,2.951753127,66.00078794,0.266297394,106.1129339,340.2692197,0.02206373,0.004491596,4.207619022,66.63238804,7.517646515,107.4290051,352.3584352,17.53044807,0.12503984,10.32918463,72.76009522,23.65763933,116.1852736,669.8169954,152.9888668,0.337113967,78.35105915,71.80085387,21.53824882,117.1587405,570.0549712,77.55114479,0.197817091,2.221988275,0.671279834,2.006219005,2.951753127,0.799500529,2.50908119,4.207619022,0.951306428,3.06363512,10.32918463,1.694335892,7.09213246,78.35105915,1.887002729,9.865833518,1.264782519,66.0,0.0,105.3728821,336.6937429,4.73e-238,0.0,1.45054024,66.0,0.0,106.1056693,340.2357644,-3.8100000000000003e-56,0.0,1.767359917,66.0,0.0,106.8541557,342.033384,-1.09e-13,0.0,3.094417474,66.06426281,0.875799061,111.3456036,315.9443485,1.034485651,0.066453115,20.40261286,66.41975859,2.204746209,115.3492891,246.1141124,2.860396056,0.082706886
2.958455154,455.6204908,755.782811,3.045938792,448.0072036,3305.048108,3.65810563,396.5287749,17204.94233,5.653712533,327.2320999,27779.12842,30.18870159,295.9919485,31265.12279,2.958455154,455.6204908,755.782811,3.045938792,448.0072036,3305.048108,3.65810563,396.5287749,17204.94233,5.653712533,327.2320999,27779.12842,30.18870159,295.9919485,31265.12279,2.949418919,456.6934316,19.21695336,456.6934316,369.2912966,0.0,0.0,2.969421728,456.5499464,19.2687998,456.5499464,371.2866459,0.0,0.0,2.989729838,456.4057204,19.31971765,456.4057204,373.2514901,0.0,0.0,3.427724086,456.3416462,19.3419422,456.3416462,374.1107282,0.0,0.0,15.97810095,456.3338561,19.34464364,456.3338561,374.2152377,0.0,0.0,2.949418919,9.732944104,196.8380672,2.969421728,9.83700997,197.9208654,2.989729838,9.941625331,198.9875518,3.427724086,9.98966593,199.4854922,15.97810095,9.999904368,199.8276284,2.949418919,456.6934316,19.21695336,456.6934316,369.2912966,0.0,0.0,2.969421728,456.5499464,19.2687998,456.5499464,371.2866459,0.0,0.0,2.989729838,456.4057204,19.31971765,456.4057204,373.2514901,0.0,0.0,3.427724086,456.3416462,19.3419422,456.3416462,374.1107282,0.0,0.0,15.97810095,456.3338561,19.34464364,456.3338561,374.2152377,0.0,0.0
2.365038591,89.48680063,1166.417041,3.390516276,90.79757798,1340.797993,6.43072125,87.99945379,1350.423539,15.07582401,79.04061061,931.6786811,103.057991,71.91145568,437.0678959,2.365038591,89.48680063,1166.417041,3.390516276,90.79757798,1340.797993,6.43072125,87.99945379,1350.423539,15.07582401,79.04061061,931.6786811,103.057991,71.91145568,437.0678959,2.365038591,89.48680063,34.15284821,129.4248029,1246.425572,208.9750105,0.291911433,3.390516276,90.79757798,36.61690856,130.3054582,1419.919439,293.9027351,0.371272608,6.430656488,87.99967521,36.7482281,127.4205271,1428.282473,404.2991082,0.510141259,13.96005615,79.91753284,31.49334049,121.3348465,1072.049632,294.2680988,0.463216309,82.11829336,72.84624642,23.02418912,117.8126281,628.586771,67.83665114,0.16030884,2.365038591,0.298612194,1.101752378,3.390516276,0.505555282,3.015024694,6.430656488,0.854557749,6.19104978,13.96005615,1.342543769,9.071352146,82.11829336,1.801300766,9.825521166,2.154104673,91.78667163,34.94751405,132.9963045,1289.964439,309.6370467,0.434835263,2.587427453,98.49427985,38.81826491,140.1147135,1564.005036,473.5423672,0.596016941,3.362397327,108.0748473,41.69017473,149.5686565,1782.721836,663.92387,0.799772115,4.833481736,106.1965535,42.52384831,144.431682,1888.139648,608.0802161,0.613476675,20.30781435,92.32018264,40.29915346,126.8374012,1745.568298,384.8188903,0.377468359
1.026193904,89.23424109,22.38638058,1.11243982,86.96775095,81.77293731,1.482658598,80.23392306,197.6060494,2.7882162,75.03539358,186.6329147,76.14572949,125.8749551,33895.27644,1.026193904,89.23424109,22.38638058,1.11243982,86.96775095,81.77293731,1.482658598,80.23392306,197.6060494,2.7882162,75.03539358,186.6329147,76.14572949,125.8749551,33895.27644,1.0,90.0,0.0,108.1665383,0.0,0.0,0.0,1.0,90.0,0.0,108.1665383,0.0,0.0,0.0,1.0,90.0,0.0,108.1665383,0.0,-8.63e-160,0.0,1.048864525,89.99998808,0.018911879,108.1665378,0.000359283,-3.69e-11,-3.34e-07,4.706648164,86.30962239,9.853549681,105.2945392,97.09387287,-1.018426912,-0.142341182,1.0,44.24035597,0.0,1.0,44.24035597,0.0,1.0,44.24035597,4.55e-13,1.048864525,44.23912411,0.001379313,4.706648164,35.62324562,12935.24186,1.0,90.0,0.0,108.1665383,0.0,0.0,0.0,1.0,90.0,0.0,108.1665383,0.0,0.0,0.0,1.0,90.0,0.0,108.1665383,0.0,-6.470000000000001e-160,0.0,1.048864321,89.99999378,0.013656911,108.166538,0.000187353,-9.99e-12,-1.74e-07,3.622275635,88.21409667,7.098425833,106.7777165,50.38855287,-0.571959235,-0.14668121
2.118876712,78.34817257,517.1146723,2.306889122,84.06612156,893.824975,2.811790476,92.42535678,1347.097709,11.28461619,82.17776474,1085.653671,104.7538022,105.3063419,37701.73719,2.118876712,78.34817257,517.1146723,2.306889122,84.06612156,893.824975,2.811790476,92.42535678,1347.097709,11.28461619,82.17776474,1085.653671,104.7538022,105.3063419,37701.73719,2.118876712,78.34817257,22.7401555,135.4501326,640.8745732,-57.46720214,-0.129883955,2.306889105,84.06612169,29.89690584,135.9842243,1021.811781,-161.1801019,-0.242278901,2.809245856,92.44928017,36.7108334,138.4336185,1460.710205,-156.8087985,-0.17995672,9.826966056,84.15461606,34.77761555,125.5003178,1291.287592,148.6938838,0.201038776,84.11550574,114.3730888,215.6885345,157.8876584,51097.7034,1808.543669,0.057675689,2.118876712,0.503669906,0.789783134,2.306889105,0.729430351,1.355524954,2.809245856,1.16137325,2.319336661,9.826966056,1.669903192,3.623155704,84.11550574,86663.44403,130483000000000.0,2.118875143,78.34818171,22.74016144,135.4501447,640.8750025,-57.4699836,-0.129890146,2.30645485,84.06952315,29.89869235,135.9870655,1021.961446,-161.9766316,-0.243433145,2.685094455,93.67222232,37.09659057,139.2771553,1497.498556,-318.7772207,-0.353624416,4.553298116,105.1761662,42.25538564,139.2359806,1918.032099,-147.4174194,-0.131809391,22.03453065,101.2254775,43.3249068,131.9177474,1999.89153,10.18167256,0.008945833
11.85887224,628.3683798,369317.7771,15.87466655,572.8136074,363988.6813,24.23075449,476.4539307,332184.9373,39.54100279,347.4804388,259492.2892,125.0555577,162.6869519,100179.9076,11.85887224,628.3683798,369317.7771,15.87466655,572.8136074,363988.6813,24.23075449,476.4539307,332184.9373,39.54100279,347.4804388,259492.2892,125.0555577,162.6869519,100179.9076,11.72227206,634.8051548,608.2964336,662.4166487,387373.2112,-56016.63903,-0.271990846,15.47483106,585.6502936,605.6823133,638.4389087,408107.6115,-97825.26429,-0.381955953,23.00272567,497.8586341,583.848105,595.5885674,417646.0119,-122276.3939,-0.426340034,35.21171985,381.460455,529.9484467,486.7364398,356236.663,-56785.87969,-0.228890401,93.13387731,194.178664,361.1748353,273.3452837,171578.6656,6843.120552,0.056752143,11.72227206,0.030739926,0.006140277,15.47483106,0.042339237,0.021227946,23.00272567,0.089890184,0.1147861,35.21171985,0.484095166,504762.1416,93.13387731,1253346.669,1885650000000000.0,6.893011373,998.9170939,550.8705475,1001.541788,303458.471,-51.75187698,-0.005833415,8.370265157,985.3790437,570.1791717,988.185877,325104.5355,-2140.304182,-0.18738749,11.02213276,916.0520911,607.508193,919.4965056,369066.8681,-10921.74098,-0.679567825,14.34252309,784.0513636,639.3626422,788.6956932,408785.4141,-20864.84395,-1.138442528,28.69387501,430.5375809,577.9978662,444.7728912,334846.5392,-28665.68044,-0.329742538
1.824374914,74.77012717,63.40690414,2.175151401,73.3558098,63.58501899,2.714582377,71.89368267,59.60106866,9.519826383,70.80173663,301.1766755,90.4753998,71.15328287,466.7342518,1.824374914,74.77012717,63.40690414,2.175151401,73.3558098,63.58501899,2.714582377,71.89368267,59.60106866,9.519826383,70.80173663,301.1766755,90.4753998,71.15328287,466.7342518,1.0,82.0,9.54e-07,105.2615789,9.09e-13,2.53e-66,0.0,1.000000001,81.99999998,0.000601263,105.2615789,3.62e-07,1.25e-39,0.0,1.001121959,81.98206877,0.535329875,105.2476112,0.286578075,-1.39e-11,-9.99e-09,1.946889439,75.01508731,7.935338541,101.1345355,68.10063278,-1.842420887,-0.045592786,16.89070036,70.47575283,7.179495693,99.75472055,73.52484876,2.945260944,0.056654727,1.0,9.799807072,5.68e-14,1.000000001,9.799807079,3.89e-08,1.001121959,9.80568615,0.030807294,1.946889439,10.83451965,11.47356336,16.89070036,713.9621999,1061640000000.0,1.0,82.0,9.54e-07,105.2615789,9.09e-13,2.53e-66,0.0,1.000000001,81.99999998,0.000601263,105.2615789,3.62e-07,1.25e-39,0.0,1.001121959,81.98206877,0.535329875,105.2476112,0.286578075,-1.39e-11,-9.99e-09,1.946889439,75.01508731,7.935338541,101.1345355,68.10063278,-1.842420887,-0.045592786,16.89070036,70.47575283,7.179495693,99.75472055,73.52484876,2.945260944,0.056654727
1.0,429.0,0.0,1.0,429.0,0.0,1.000000138,428.9999508,0.018097366,2.015215946,339.3700755,24655.12308,26.78600056,290.5667509,31622.50467,1.0,429.0,0.0,1.0,429.0,0.0,1.000000138,428.9999508,0.018097366,2.015215946,339.3700755,24655.12308,26.78600056,290.5667509,31622.50467,1.0,429.0,0.0,429.0,0.0,0.0,0.0,1.0,429.0,0.0,429.0,0.0,0.0,0.0,1.000000003,429.0000001,0.001770488,429.0000001,3.13e-06,0.0,0.0,1.4286056,437.200611,16.4065652,437.200611,269.1753818,0.0,0.0,13.98100471,454.3788906,19.92650796,454.3788906,397.0657196,0.0,0.0,1.0,29.99861002,0.0,1.0,29.99861002,0.0,1.000000003,29.99860996,1.68e-06,1.4286056,23.99816059,143.9830217,13.98100471,11.42805538,211.9647597,1.0,429.0,0.0,429.0,0.0,0.0,0.0,1.0,429.0,0.0,429.0,0.0,0.0,0.0,1.000000003,429.0000001,0.001770488,429.0000001,3.13e-06,0.0,0.0,1.4286056,437.200611,16.4065652,437.200611,269.1753818,0.0,0.0,13.98100471,454.3788906,19.92650796,454.3788906,397.0657196,0.0,0.0
3.516761733,90.05719486,358.9672203,4.312047238,92.25982373,314.2154867,5.387832512,94.18293542,266.3847764,7.197951909,95.05874876,226.4696028,32.58948074,93.05204788,272.1403167,3.516761733,90.05719486,358.9672203,4.312047238,92.25982373,314.2154867,5.387832512,94.18293542,266.3847764,7.197951909,95.05874876,226.4696028,32.58948074,93.05204788,272.1403167,1.000000021,60.00000081,0.005564422,84.85281509,5.16e-05,7.62e-13,2.13e-08,1.000025047,60.00095178,0.190175525,84.8542869,0.056186384,9.86e-07,2.5e-05,1.029258672,61.08022361,6.315189166,86.4244808,57.99628607,1.16424709,0.028410575,1.912897948,75.88109873,18.74226387,107.3462996,496.9860871,120.609261,0.343203337,11.52192634,76.69136165,18.85909561,108.4276711,502.8714453,87.28667475,0.24547428,1.000000021,5.094992438,1.24e-05,1.000025047,5.095594055,0.014475083,1.029258672,5.778383427,15.96189859,1.912897948,14.79036067,141.8594756,11.52192634,13.46429931,106.616014,1.0,60.0,0.0,84.85281374,0.0,0.0,0.0,1.0,60.0,0.0,84.85281374,0.0,0.0,0.0,1.0,60.0,6.74e-07,84.85281374,6.43e-13,-4.91e-29,-1.08e-16,1.113452654,60.0,0.0,84.85281374,4.55e-13,3.73e-32,0.0,6.460882946,60.0,1.51e-06,84.85281374,2.32e-12,1.8200000000000002e-29,1.79e-17
1.000001009,60.00000771,0.000575355,1.000262487,60.00496062,1.113295316,1.085233653,66.86419185,2039.81367,2.486050739,151.477471,20312.78688,12.05940882,181.2110605,23690.42691,1.000001009,60.00000771,0.000575355,1.000262487,60.00496062,1.113295316,1.085233653,66.86419185,2039.81367,2.486050739,151.477471,20312.78688,12.05940882,181.2110605,23690.42691,1.0,60.0,0.0,84.85281374,0.0,0.0,0.0,1.0,60.0,0.0,84.85281374,0.0,0.0,0.0,1.0,60.0,0.0,84.85281374,0.0,0.0,0.0,1.017637452,60.0,6.74e-07,84.85281374,4.55e-13,-7.68e-31,0.0,3.45500024,60.0,6.74e-07,84.85281374,1.02e-12,5.790000000000001e-29,9e-17,1.0,60.06830502,0.0,1.0,60.06830502,0.0,1.0,60.06830502,0.0,1.017637452,59.56527266,14.56284611,3.45500024,50.09881489,228.5773816,1.0,60.0,0.0,84.85281374,0.0,0.0,0.0,1.0,60.0,0.0,84.85281374,0.0,0.0,0.0,1.0,60.0,0.0,84.85281374,0.0,0.0,0.0,1.017637452,60.0,6.74e-07,84.85281374,4.55e-13,-1.9199999999999999e-34,0.0,3.45500024,60.0,6.74e-07,84.85281374,1.02e-12,1.7700000000000001e-29,2.75e-17
2.994629697,456.3476401,374.0623983,2.996776084,456.3419162,374.1264065,2.999660911,456.2397037,412.1309523,4.749230091,358.0557919,26487.4348,31.31965336,285.081812,32829.75387,2.994629697,456.3476401,374.0623983,2.996776084,456.3419162,374.1264065,2.999660911,456.2397037,412.1309523,4.749230091,358.0557919,26487.4348,31.31965336,285.081812,32829.75387,2.994629697,456.3476401,19.34069281,456.3476401,374.0623983,0.0,0.0,2.996776084,456.3419162,19.34234703,456.3419162,374.1263886,0.0,0.0,2.998924786,456.3361939,19.34399902,456.3361939,374.1902979,0.0,0.0,3.428779747,456.3338402,19.34466224,456.3338402,374.215957,0.0,0.0,15.97875778,456.335067,19.34424676,456.335067,374.1998829,0.0,0.0,2.994629697,9.985991386,199.7184772,2.996776084,9.98992359,199.7578467,2.998924786,9.993854765,199.797175,3.428779747,9.996192516,199.8361303,15.97875778,9.997662466,199.2759375,2.994629697,456.3476401,19.34069281,456.3476401,374.0623983,0.0,0.0,2.996776084,456.3419162,19.34234703,456.3419162,374.1263886,0.0,0.0,2.998924786,456.3361939,19.34399902,456.3361939,374.1902979,0.0,0.0,3.428779747,456.3338402,19.34466224,456.3338402,374.215957,0.0,0.0,15.97875778,456.335067,19.34424676,456.335067,374.1998829,0.0,0.0
1.986830685,65.99994003,0.000359788,1.993574829,65.99545782,0.027232469,2.123819056,65.67595567,1.839604239,9.008376016,67.95898815,191.5817086,92.21919537,70.64335243,384.0042396,1.986830685,65.99994003,0.000359788,1.993574829,65.99545782,0.027232469,2.123819056,65.67595567,1.839604239,9.008376016,67.95898815,191.5817086,92.21919537,70.64335243,384.0042396,1.986810828,66.0,0.0,122.3315168,1.82e-12,7.920000000000001e-29,0.0,1.992065631,66.0,0.0,122.3315168,1.24e-10,1.88e-26,0.0,2.008202427,66.00000225,0.014236657,122.3308473,0.029491329,-3.34e-09,-1.37e-06,6.927949427,68.66341121,15.24993413,122.0478252,251.6020941,-3.816463903,-0.025539919,71.68533997,71.33919264,20.9013298,122.4612834,479.4355538,16.40526975,0.055850115,1.986810828,4.03464017,16.46457744,1.992065631,4.045414592,16.46504151,2.008202427,4.044988366,16.44170448,6.927949427,2.645375254,12.21667745,71.68533997,2.061456842,23.97751147,1.0,66.0,0.0,122.3315168,0.0,0.0,0.0,1.000000046,66.0,1.35e-06,122.3315168,2.57e-12,-2e-28,-1.1e-16,1.003600951,66.0,0.0,122.3315168,0.0,1.0800000000000001e-57,0.0,2.331206598,66.00067023,0.089678793,122.3318784,0.008042286,-2.71e-18,0.0,18.76597617,66.27504981,1.930788248,122.4989336,27.6700228,0.002497464,0.000247029
1.0,204.0,0.0,1.0,204.0,0.0,1.000000043,203.9999954,0.001029313,1.967410825,232.8662054,17435.95315,28.09722764,271.8347385,31980.02499,1.0,204.0,0.0,1.0,204.0,0.0,1.000000043,203.9999954,0.001029313,1.967410825,232.8662054,17435.95315,28.09722764,271.8347385,31980.02499,1.0,204.0,0.0,274.0529146,0.0,0.0,0.0,1.0,204.0,0.0,274.0529146,0.0,0.0,0.0,1.000000002,203.9999998,0.00459507,274.0529145,2.11e-05,3.91e-21,0.0,1.288137933,188.4242963,43.6674314,262.6646444,1906.844565,7.08e-16,6.01e-12,9.660876838,142.0603492,68.63782827,231.6681739,4711.151469,3.47e-13,1.32e-09,1.0,29.74844408,0.0,1.0,29.74844408,0.0,1.000000002,29.74844405,9.64e-07,1.288137933,26.41780661,87.02453691,9.660876838,16.5013333,211.6121608,1.0,204.0,0.0,274.0529146,0.0,0.0,0.0,1.0,204.0,0.0,274.0529146,0.0,0.0,0.0,1.000000002,203.9999998,0.00459507,274.0529145,2.11e-05,3.91e-21,0.0,1.288137933,188.4242963,43.6674314,262.6646444,1906.844565,7.08e-16,6.01e-12,9.660876838,142.0603492,68.63782827,231.6681739,4711.151469,3.47e-13,1.32e-09
4.905064853,73.33915036,34.20667632,5.53314557,72.50613735,35.74382498,7.510805629,70.79316808,34.54418658,15.7423885,69.64391729,118.8449372,106.3322978,70.66729515,319.3992968,4.905064853,73.33915036,34.20667632,5.53314557,72.50613735,35.74382498,7.510805629,70.79316808,34.54418658,15.7423885,69.64391729,118.8449372,106.3322978,70.66729515,319.3992968,4.905063843,73.33915187,5.848647047,123.0082493,143.2120691,12.84009319,0.186166223,5.532892951,72.50643441,5.978588813,120.2035118,215.8763391,24.09262251,0.276185549,7.447469084,70.83383048,5.885580958,116.3467618,283.5467845,33.11536012,0.335397972,13.33918471,69.96989322,11.44421589,115.9574753,317.854482,28.47691608,0.146215864,83.2837596,71.47144605,19.74183639,117.2538132,503.8152106,10.60704263,0.030069672,4.905063843,0.119719324,0.24454929,5.532892951,0.23573823,1.197236124,7.447469084,0.67757731,5.062799086,13.33918471,1.375269912,8.367697331,83.2837596,1.77354233,8.982325909,1.870207023,72.41640196,5.985533344,125.0748938,51.32756392,2.397587992,0.066070873,1.980774517,72.05823626,5.999717372,123.2216879,109.4517931,8.036938771,0.131758007,2.37861086,71.04496141,5.92350414,119.4581354,212.0996089,17.91819857,0.209150314,3.844312506,69.12225574,5.264844536,117.9772379,220.6275843,15.14043839,0.194379478,21.85498795,67.20691246,3.609198226,116.4926264,229.1711009,6.533688408,0.119679321
1.00000003,60.00000112,4.27e-05,1.000030395,60.00115497,0.043887495,1.031208054,61.15001625,42.3780802,2.511093279,81.43633908,391.9391355,29.23761533,90.81515577,318.0008187,1.00000003,60.00000112,4.27e-05,1.000030395,60.00115497,0.043887495,1.031208054,61.15001625,42.3780802,2.511093279,81.43633908,391.9391355,29.23761533,90.81515577,318.0008187,1.00000003,60.00000112,0.00653808,114.90866,4.27e-05,1.2700000000000001e-57,0.0,1.000030395,60.00115497,0.209493424,114.9092625,0.043887495,1.76e-33,0.0,1.031208053,61.15001622,6.509844787,115.5133078,42.37807915,-7.1e-08,-1.7e-06,1.959924991,75.65344544,18.70295625,119.0814306,399.5095111,-18.48162639,-0.071130508,12.42576991,75.68250087,18.70806003,108.0072677,500.1166717,92.97984636,0.262953011,1.00000003,5.00193846,1.19e-05,1.000030395,5.002547722,0.012236413,1.031208053,5.609178241,11.81556827,1.959924991,13.22414025,97.61357805,12.42576991,12.40551926,11026926.78,1.0,60.0,0.0,84.85281374,0.0,0.0,0.0,1.0,60.0,0.0,84.85281374,0.0,-4.6e-83,0.0,1.000000001,60.0,6.74e-07,84.85281374,6.43e-13,8.98e-38,1.97e-25,1.152567652,60.0,0.0,84.85281374,9.09e-13,-9.66e-30,0.0,7.297638227,60.0,6.74e-07,84.85281374,6.43e-13,-4.33e-29,-9.51e-17
1.0,102.0,0.0,1.0,102.0,3.64e-12,1.000013488,101.9994412,0.023436778,2.297053881,88.89421126,362.235246,31.58704615,89.0252602,333.2330305,1.0,102.0,0.0,1.0,102.0,3.64e-12,1.000013488,101.9994412,0.023436778,2.297053881,88.89421126,362.235246,31.58704615,89.0252602,333.2330305,1.0,102.0,0.0,144.2497834,0.0,0.0,0.0,1.0,102.0,0.0,144.2497834,0.0,0.0,0.0,1.0,102.0,0.0,144.2497834,1.82e-12,-8.490000000000001e-75,0.0,1.071719941,102.0,0.0,144.2497834,0.0,7.49e-40,0.0,4.219627964,102.0,0.0,144.2497834,3.64e-12,9.03e-30,0.0,1.0,39.01248598,0.0,1.0,39.01248598,0.0,1.0,39.01248598,2.27e-13,1.071719941,39.01409976,3.75e-05,4.219627964,39.02218221,0.000230662,1.0,102.0,0.0,144.2497834,0.0,0.0,0.0,1.0,102.0,0.0,144.2497834,0.0,0.0,0.0,1.0,102.0,0.0,144.2497834,1.82e-12,-8.490000000000001e-75,0.0,1.071719941,102.0,0.0,144.2497834,0.0,7.49e-40,0.0,4.219627964,102.0,0.0,144.2497834,3.64e-12,9.03e-30,0.0
1.996654154,102.0,0.0,1.997991147,102.0,1.66e-08,1.999604508,101.994398,0.234589763,3.192679729,95.14910829,224.3159324,28.18007939,93.21580854,266.7469999,1.996654154,102.0,0.0,1.997991147,102.0,1.66e-08,1.999604508,101.994398,0.234589763,3.192679729,95.14910829,224.3159324,28.18007939,93.21580854,266.7469999,1.0,102.0,0.0,144.2497834,0.0,0.0,0.0,1.0,102.0,0.0,144.2497834,0.0,0.0,0.0,1.0,102.0,1.35e-06,144.2497834,2.57e-12,-9.25e-40,-5.0899999999999995e-28,1.071728276,102.0,1.35e-06,144.2497834,1.82e-12,-2.63e-71,0.0,4.219951668,102.0,2.34e-06,144.2497834,5.46e-12,1.9900000000000002e-29,0.0,1.0,39.01480103,0.0,1.0,39.01480103,0.0,1.0,39.01480103,2.27e-13,1.071728276,39.01253742,9.83e-05,4.219951668,39.01875978,0.11721144,1.0,102.0,0.0,144.2497834,0.0,0.0,0.0,1.0,102.0,0.0,144.2497834,0.0,0.0,0.0,1.0,102.0,1.35e-06,144.2497834,2.57e-12,-9.25e-40,-5.0899999999999995e-28,1.071728276,102.0,1.35e-06,144.2497834,1.82e-12,-2.63e-71,0.0,4.219951668,102.0,2.34e-06,144.2497834,5.46e-12,1.9900000000000002e-29,0.0
5.578173031,66.0,0.0,5.744367112,66.0,6.64e-11,6.115547091,66.00052767,0.047492346,13.10230609,68.93496271,248.8680712,104.1176935,71.00641474,365.0428228,5.578173031,66.0,0.0,5.744367112,66.0,6.64e-11,6.115547091,66.00052767,0.047492346,13.10230609,68.93496271,248.8680712,104.1176935,71.00641474,365.0428228,5.578094028,66.0,0.0,122.3315113,0.000239622,1.88e-20,0.0,5.740911003,66.0,8.09e-06,122.3297446,0.077872533,-6.34e-15,-2.81e-09,5.964350473,66.00054107,0.220671568,121.7675039,24.38301702,-0.000465403,-0.00042711,11.37108278,69.25627354,16.79157535,118.841899,370.6668223,16.63156771,0.063853262,83.1915287,71.76143691,20.99768942,117.5622603,545.4653488,1.481970965,0.003938352,5.578094028,0.66735413,2.379297264,5.740911003,0.688571754,2.441912142,5.964350473,0.752177757,2.691937267,11.37108278,1.524725185,6.159216297,83.1915287,1.77413058,8.582039478,1.936505742,66.0,9.54e-07,122.3315168,9.09e-13,-8.78e-148,0.0,1.961404758,66.0,0.0,122.3315168,0.0,9.020000000000001e-155,0.0,1.987916585,66.0,0.0,122.3315168,1.43e-06,1.77e-40,0.0,3.135461713,66.00781748,0.306183959,120.3554021,81.75346167,-0.028494878,-0.01029275,21.06348538,66.72091065,2.851528654,116.8044011,213.0652955,-0.16660535,-0.004004175
1.03105922,98.0,8.37e-11,1.124541578,97.99999961,1.49e-05,1.5017912,97.96480151,7.277775481,3.527249766,152.3614815,11575.7367,23.56789246,200.195255,15975.82458,1.03105922,98.0,8.37e-11,1.124541578,97.99999961,1.49e-05,1.5017912,97.96480151,7.277775481,3.527249766,152.3614815,11575.7367,23.56789246,200.195255,15975.82458,1.03105922,98.0,9.15e-06,138.5929291,2.74e-09,3.1e-22,6.48e-13,1.124541578,97.99999961,0.003851888,138.5929263,0.000134565,2.73e-12,6.13e-08,1.501648754,97.94279063,1.473323781,138.4314737,6.828825089,0.019460643,0.005191001,2.592695049,88.33045885,16.55120955,120.701938,444.7537303,178.2819765,0.575456201,12.16654281,78.55434966,18.99477285,109.8705494,508.2424552,447.2935586,1.244639289,1.03105922,1.206169165,1.345181176,1.124541578,1.753247359,4.534415264,1.501648754,3.294613498,10.92888758,2.592695049,9.571090996,90.69914646,12.16654281,12.83097596,132.2854671,1.03105922,98.0,1.35e-06,138.5929291,1.82e-12,0.0,0.0,1.124541567,98.0,1.35e-06,138.5929291,1.82e-12,0.0,0.0,1.499388007,98.0,1.91e-06,138.5929291,3.64e-12,-1.6500000000000001e-192,0.0,1.932953695,98.0,1.35e-06,138.5929291,1.82e-12,-3.09e-39,0.0,5.940586566,98.0,2.7e-06,138.5929291,8.13e-12,4.35e-30,8.46e-19
4.588454011,64.69237003,6.135883695,4.751078617,64.73712887,5.982383274,5.152822026,64.83572729,5.633152887,12.73733627,67.30541674,128.2317214,103.9980936,70.3119441,342.6276137,4.588454011,64.69237003,6.135883695,4.751078617,64.73712887,5.982383274,5.152822026,64.83572729,5.633152887,12.73733627,67.30541674,128.2317214,103.9980936,70.3119441,342.6276137,1.0,60.0,0.0,84.85281374,0.0,0.0,0.0,1.0,60.0,0.0,84.85281374,0.0,0.0,0.0,1.00000003,60.0,0.0,84.85281374,4.55e-13,-2.5e-101,0.0,1.218476493,60.0,9.54e-07,84.85281374,1.02e-12,4.1400000000000003e-29,6.44e-17,6.685315766,60.0,9.54e-07,84.85281374,1.02e-12,5.48e-30,8.53e-18,1.0,24.9830451,0.0,1.0,24.9830451,0.0,1.00000003,24.9830451,2.38e-10,1.218476493,24.89083526,1.744916315,6.685315766,23.68247996,88.58364419,1.0,60.0,0.0,84.85281374,0.0,0.0,0.0,1.0,60.0,0.0,84.85281374,0.0,0.0,0.0,1.00000003,60.0,0.0,84.85281374,4.55e-13,-2.5e-101,0.0,1.218476493,60.0,9.54e-07,84.85281374,1.02e-12,4.1400000000000003e-29,6.44e-17,6.685315766,60.0,9.54e-07,84.85281374,1.02e-12,9.65e-31,1.5e-18
1.000783493,66.0,3.64e-12,1.023780314,66.00000006,5.03e-06,1.748015214,66.04428612,3.981833975,10.72539077,71.00295914,393.1510409,100.8655486,71.3034053,458.1055461,1.000783493,66.0,3.64e-12,1.023780314,66.00000006,5.03e-06,1.748015214,66.04428612,3.981833975,10.72539077,71.00295914,393.1510409,100.8655486,71.3034053,458.1055461,1.000783492,66.0,1.91e-06,105.3721846,336.6895237,6.18e-16,1.77e-11,1.023776393,66.00000006,0.00224185,106.1054145,340.2348674,2.17e-08,5.24e-07,1.732228403,66.04466306,2.004415217,107.0342314,343.2601087,0.256232821,0.006900019,9.13593632,71.37262376,21.29004731,116.5300172,569.9051516,63.94068867,0.161585586,80.02958817,72.04826668,23.67588651,117.7631858,672.4317849,87.95960563,0.192772863,1.000783492,2.421707591,0.004508971,1.023776393,2.392744915,0.133030994,1.732228403,1.911092785,2.155207522,9.13593632,1.789148124,3.4496587,80.02958817,5.648642551,5756316059.0,1.0,66.0,2.13e-06,136.077184,1.87e-11,-1.71e-26,-1.88e-15,1.000000002,66.00000006,0.002268345,136.0771839,1.04e-05,-1.04e-14,-1.53e-09,1.001834224,66.07722497,2.63520084,136.0463608,8.081882449,-0.006176,-0.001152615,2.491172984,85.6370915,37.1715331,129.1068567,1542.333684,-95.69113835,-0.098337941,19.18146818,88.3372247,38.87681696,122.4280955,1642.33669,75.88779653,0.077004309
6.621401403,72.99408352,35.01179795,6.870741725,72.83647089,35.30031647,7.929701707,72.01197222,36.02123504,16.32778436,71.20040308,194.0770785,107.2295857,70.78947906,333.3564173,6.621401403,72.99408352,35.01179795,6.870741725,72.83647089,35.30031647,7.929701707,72.01197222,36.02123504,16.32778436,71.20040308,194.0770785,107.2295857,70.78947906,333.3564173,6.621401403,72.99408352,5.917076808,125.3822024,51.64099271,1.400141374,0.038406191,6.87074172,72.83647089,5.941406942,123.5710377,113.1027058,7.302848312,0.118575253,7.927028031,72.01149105,6.000861451,119.8379823,217.8131069,22.9546343,0.260989912,14.13406704,71.64761143,14.54800609,118.3138331,342.2769779,12.36769376,0.051833483,83.03952206,71.82691828,20.22805918,117.9237142,513.5559864,54.44481946,0.15278392,6.621401403,0.217634109,0.293265578,6.87074172,0.24123731,0.386962234,7.927028031,0.400168669,1.094927451,14.13406704,1.208878302,4.710410102,83.03952206,1.779034867,9.081022756,2.824633465,74.19761796,5.583052507,125.9618511,53.37143835,1.128582291,0.030711466,2.926529099,74.02513088,5.647906242,124.1093809,118.1339802,6.181374572,0.102619513,3.293964748,73.23325429,5.871889292,120.5654246,217.8627822,22.17875109,0.257526377,4.914082286,70.88092708,5.894715922,118.4295457,237.1485276,26.07182674,0.288771754,22.83132139,67.54923764,4.023808558,116.3356046,238.4596508,10.49912151,0.169164762
2.000089863,66.00021118,0.003378788,2.005177568,66.01428607,0.228373098,2.281961098,66.85141532,12.90136869,9.737954104,70.04914499,251.2495798,104.3030528,71.48665525,354.3366535,2.000089863,66.00021118,0.003378788,2.005177568,66.01428607,0.228373098,2.281961098,66.85141532,12.90136869,9.737954104,70.04914499,251.2495798,104.3030528,71.48665525,354.3366535,1.999986779,66.0,1.35e-06,97.76237417,189.0177675,-1.0400000000000002e-27,-5.6e-23,1.999992074,66.0,0.0,103.4764576,319.1670548,1.9400000000000002e-32,0.0,2.004377418,66.00005046,0.067393051,111.2227167,317.2402186,1.95e-06,1.62e-06,6.66092357,70.00252723,18.38729397,118.1690477,441.7956258,24.94896838,0.080459774,82.72087672,72.24830109,20.72313568,118.1454793,532.8253028,46.28604598,0.125766227,1.999986779,4.687596448,21.9738152,1.999992074,4.687608834,21.97381519,2.004377418,4.682448401,21.97058733,6.66092357,2.870609782,16.58539487,82.72087672,1.789060513,10.03842733,1.0,66.0,0.0,122.3315168,0.0,-1.35e-235,0.0,1.000000001,66.0,0.0,122.3315168,1.82e-12,2.5500000000000003e-73,0.0,1.000958882,66.0,1.35e-06,122.3315168,1.58e-06,1.16e-24,6.82e-16,2.099278002,66.1011961,1.09732064,120.0209265,96.45423305,-0.278593235,-0.025851949,22.34816302,67.66663791,4.149936505,117.06751,221.2549388,0.981449886,0.015923554
7.790036731,83.27490787,1618.515616,7.961817897,84.37579746,2311.931708,17.55870567,131.8426368,32315.00852,89.66639831,161.2064643,48404.23291,139.6734611,143.5991746,39546.71622,7.790036731,83.27490787,1618.515616,7.961817897,84.37579746,2311.931708,17.55870567,131.8426368,32315.00852,89.66639831,161.2064643,48404.23291,139.6734611,143.5991746,39546.71622,7.790014699,83.2746848,40.23055718,595.1563615,371822.8323,21839.28846,0.890259193,7.959728154,84.36028341,48.07122888,591.6344895,369783.2782,21856.97289,0.747713798,17.27801983,132.1951769,181.0417356,426.4041918,244296.0075,287.734418,0.003230183,85.24365842,164.2478081,224.9076526,330.1611349,131685.204,-12434.44355,-0.158557418,112.5434656,157.5556071,218.8318681,307.5306005,118912.2396,1351.577254,0.018720996,7.790014699,0.387843932,1.082203203,7.959728154,0.390232393,1.100096876,17.27801983,0.255999763,1.525038648,85.24365842,0.29556464,6.527732479,112.5434656,1.398160899,34.31015694,1.0,74.0,0.0,74.0,0.0,0.0,0.0,1.0,74.0,0.0,74.0,0.0,0.0,0.0,1.0,74.0,0.0,74.0,0.0,0.0,0.0,1.0,74.0,0.0,74.0,0.0,0.0,0.0,1.0,74.0,0.0,74.0,0.0,0.0,0.0
2.990697781,456.3771146,373.6652713,2.994412872,456.3596071,373.888458,2.999025692,456.2254878,419.9387619,4.774848679,356.7918773,26657.13082,29.76114126,296.9867144,31716.4551,2.990697781,456.3771146,373.6652713,2.994412872,456.3596071,373.888458,2.999025692,456.2254878,419.9387619,4.774848679,356.7918773,26657.13082,29.76114126,296.9867144,31716.4551,2.990697781,456.3771146,19.33042346,456.3771146,373.6652713,0.0,0.0,2.994412871,456.3596071,19.33619473,456.3596071,373.8884265,0.0,0.0,2.998135691,456.342093,19.34195135,456.342093,374.1110821,0.0,0.0,3.428448073,456.3342697,19.34452417,456.3342697,374.2106155,0.0,0.0,15.97978792,456.3335122,19.34476914,456.3335122,374.2200932,0.0,0.0,2.990697781,9.967271313,199.5921597,2.994412871,9.979776676,199.7178096,2.998135691,9.992287361,199.8431999,3.428448073,9.99798883,199.8983932,15.97978792,9.999061354,199.8794614,2.990697781,456.3771146,19.33042346,456.3771146,373.6652713,0.0,0.0,2.994412871,456.3596071,19.33619473,456.3596071,373.8884265,0.0,0.0,2.998135691,456.342093,19.34195135,456.342093,374.1110821,0.0,0.0,3.428448073,456.3342697,19.34452417,456.3342697,374.2106155,0.0,0.0,15.97978792,456.3335122,19.34476914,456.3335122,374.2200932,0.0,0.0
1.987035904,330.0,0.0,1.992201251,330.0,4.37e-11,1.997394919,329.9998338,0.044874872,2.738939818,299.4246333,7320.495953,18.4863786,243.4438989,15869.48745,1.987035904,330.0,0.0,1.992201251,330.0,4.37e-11,1.997394919,329.9998338,0.044874872,2.738939818,299.4246333,7320.495953,18.4863786,243.4438989,15869.48745,1.0,330.0,0.0,431.4904402,0.0,0.0,0.0,1.0,330.0,0.0,431.4904402,0.0,0.0,0.0,1.00000003,330.0,0.0,431.4904402,0.0,2.0799999999999998e-119,0.0,1.214524764,330.0,6.61e-06,431.4904402,4.37e-11,-5.53e-41,0.0,6.278835776,330.0,6.61e-06,431.4904402,4.6e-11,-1.65e-27,-6.56e-17,1.0,25.00404096,0.0,1.0,25.00404096,0.0,1.00000003,25.00404096,5.01e-11,1.214524764,25.01176797,0.000285969,6.278835776,25.0277398,0.002990239,1.0,330.0,0.0,431.4904402,0.0,0.0,0.0,1.0,330.0,0.0,431.4904402,0.0,0.0,0.0,1.00000003,330.0,0.0,431.4904402,0.0,2.0799999999999998e-119,0.0,1.214524764,330.0,6.61e-06,431.4904402,4.37e-11,-5.53e-41,0.0,6.278835776,330.0,6.61e-06,431.4904402,4.6e-11,-1.65e-27,-6.56e-17
1.0,322.0,0.0,1.0,322.0,0.0,1.0,322.0,0.0,1.0,322.0,0.0,1.000001499,322.000009,0.000107928,1.0,322.0,0.0,1.0,322.0,0.0,1.0,322.0,0.0,1.000000002,322.0,8.03e-07,1.862917646,331.2641405,99.4586326,1.0,322.0,0.0,322.0,0.0,0.0,0.0,1.0,322.0,0.0,322.0,0.0,0.0,0.0,1.0,322.0,0.0,322.0,0.0,0.0,0.0,1.000000002,322.0,0.000895918,322.0,8.03e-07,0.0,0.0,1.862917642,331.2641411,9.972886897,331.2641411,99.45847305,0.0,0.0,1.0,296.454875,0.0,1.0,296.454875,0.0,1.0,296.454875,0.0,1.000000002,296.4548744,0.000159455,1.862917642,177.52482,20300.98482,1.0,322.0,0.0,322.0,0.0,0.0,0.0,1.0,322.0,0.0,322.0,0.0,0.0,0.0,1.0,322.0,0.0,322.0,0.0,0.0,0.0,1.000000002,322.0,0.000895918,322.0,8.03e-07,0.0,0.0,1.862917642,331.2641411,9.972886897,331.2641411,99.45847305,0.0,0.0
1.001561185,155.8556607,13.36426742,1.029949268,153.3277715,239.1089014,1.763624079,117.2275037,1989.297426,10.64403157,76.47958313,784.1805347,98.33995829,71.38533039,410.1416324,1.001561185,155.8556607,13.36426742,1.029949268,153.3277715,239.1089014,1.763624079,117.2275037,1989.297426,10.64403157,76.47958313,784.1805347,98.33995829,71.38533039,410.1416324,1.000803743,155.9277212,2.549482975,186.8671933,6.523749008,1.74e-06,9.12e-07,1.013993302,154.7579828,10.49947354,185.7128985,110.9379524,0.01134019,0.0003063,1.300856391,135.1851927,37.9483393,166.3073185,1452.468119,38.15883833,0.073080238,7.342679719,80.00832431,32.62692198,122.0316806,1106.940337,99.39701488,0.174866167,76.21796065,72.17647078,22.57230419,116.8570462,610.8136365,41.96619662,0.101293255,1.000803743,2.056547535,0.000100085,1.013993302,2.061156397,0.001719369,1.300856391,2.145789017,0.097458848,7.342679719,2.212289643,2.919796311,76.21796065,1.917516035,3.508206855,1.00000019,155.9999829,0.039221627,169.3871148,0.001538336,-7.26e-50,0.0,1.000092713,155.9916566,0.866507152,169.3794466,0.750834645,3.03e-20,2.6e-14,1.045261216,152.1028791,18.31811489,165.8049636,335.5533332,-4.88e-07,-3.52e-06,2.420637764,108.4923714,44.93007677,130.1702389,2037.908653,-49.95657382,-0.066559013,18.6712219,90.78259158,40.20269057,122.4847248,1722.877607,68.37607382,0.069627309
1.032415535,98.0,0.0,1.143202981,98.0,6.8e-10,1.984497591,97.99905606,0.201610385,6.885749976,117.9970319,4946.336471,27.42591056,183.3353743,14662.46348,1.032415535,98.0,0.0,1.143202981,98.0,6.8e-10,1.984497591,97.99905606,0.201610385,6.885749976,117.9970319,4946.336471,27.42591056,183.3353743,14662.46348,1.032415535,98.0,0.0,138.5929291,3.64e-12,-3.7500000000000003e-31,0.0,1.143202981,98.0,2.61e-05,138.5929291,5.47e-09,1.1400000000000001e-21,5.94e-13,1.984492341,97.99844219,0.243298519,138.5896088,0.133111265,7.1e-06,8.45e-05,6.214531711,95.09904523,10.09062647,134.0978436,156.9282761,53.71829016,0.487171226,16.39804395,84.70178529,18.12428328,119.4378503,626.7513089,248.5421139,0.593555801,1.032415535,0.998639725,5.07e-07,1.143202981,0.99900451,0.000144734,1.984492341,1.05263607,0.360406676,6.214531711,3.52363389,41.84132308,16.39804395,9.493906675,122.1481548,1.032415535,98.0,0.0,138.5929291,3.64e-12,-3.7500000000000003e-31,0.0,1.143202981,98.0,0.0,138.5929291,0.0,9.65e-33,0.0,1.984410987,98.0,0.0,138.5929291,1.82e-12,4.26e-30,0.0,5.740108674,98.0,1.91e-06,138.5929291,4.07e-12,4.1400000000000003e-29,1.61e-17,10.65949897,98.0,0.0,138.5929291,5.46e-12,-7.3e-29,0.0
1.99474868,330.0,0.0,1.99684589,330.0,0.0,1.998948485,329.9998779,0.03297506,2.731010781,299.9724421,7205.786394,18.54909837,242.6373822,15955.67981,1.99474868,330.0,0.0,1.99684589,330.0,0.0,1.998948485,329.9998779,0.03297506,2.731010781,299.9724421,7205.786394,18.54909837,242.6373822,15955.67981,1.0,330.0,0.0,431.4904402,0.0,0.0,0.0,1.0,330.0,0.0,431.4904402,0.0,0.0,0.0,1.000000029,330.0,3.81e-06,431.4904402,1.46e-11,3.44e-79,0.0,1.21375914,330.0,0.0,431.4904402,2.91e-11,-4.87e-39,0.0,6.275564283,330.0,7.63e-06,431.4904402,7.28e-11,3.2999999999999997e-28,6.54e-18,1.0,25.04385018,0.0,1.0,25.04385018,0.0,1.000000029,25.04385019,1.66e-10,1.21375914,25.05427076,0.000843422,6.275564283,25.04330645,0.383396095,1.0,330.0,0.0,431.4904402,0.0,0.0,0.0,1.0,330.0,0.0,431.4904402,0.0,0.0,0.0,1.000000029,330.0,3.81e-06,431.4904402,1.46e-11,3.44e-79,0.0,1.21375914,330.0,0.0,431.4904402,2.91e-11,-4.87e-39,0.0,6.275564283,330.0,7.63e-06,431.4904402,7.28e-11,3.2999999999999997e-28,6.54e-18
1.984788893,78.85438702,360.9787969,2.110857077,79.99783166,360.0043322,2.954566124,85.09974204,330.3068838,7.798974212,119.6517895,6810.403783,28.49512588,181.8791312,15091.4923,1.984788893,78.85438702,360.9787969,2.110857077,79.99783166,360.0043322,2.954566124,85.09974204,330.3068838,7.798974212,119.6517895,6810.403783,28.49512588,181.8791312,15091.4923,1.984788893,78.85438702,18.99944201,111.7463485,510.4935777,177.8272046,0.492632338,2.110857077,79.99783166,18.97378012,113.2765894,508.8100505,188.5107676,0.523956995,2.954258888,85.07427298,18.00286665,120.3604771,457.774006,211.9237038,0.654702646,6.790240672,88.40322189,16.50997935,125.0249277,385.5792382,231.851047,0.850374922,16.87449173,81.68862438,18.80880908,127.1777053,8300.303535,614.0865484,0.358524395,1.984788893,0.503271651,0.243515807,2.110857077,0.533039925,0.242992927,2.954258888,0.723350826,1.22088189,6.790240672,3.541779595,54.01288848,16.87449173,9.242446327,126.1487543,1.0,60.0,6.74e-07,84.85281374,6.43e-13,0.0,0.0,1.000000117,60.0,6.74e-07,84.85281374,1.02e-12,0.0,0.0,1.004893261,60.0,6.74e-07,84.85281374,4.55e-13,6.66e-51,0.0,1.714853502,60.0,0.0,84.85281374,4.55e-13,-4.73e-36,0.0,7.243320129,60.0,6.74e-07,84.85281374,6.43e-13,6.2399999999999995e-30,1.37e-17
1.993088892,449.0693507,399.9952166,1.995850696,449.0410942,400.1756578,2.021622223,445.3734009,1600.465646,4.007552761,323.6448859,26796.7204,29.04877393,290.3734747,31384.04785,1.993088892,449.0693507,399.9952166,1.995850696,449.0410942,400.1756578,2.021622223,445.3734009,1600.465646,4.007552761,323.6448859,26796.7204,29.04877393,290.3734747,31384.04785,1.993088891,449.0693507,19.99987976,449.0693507,399.9951905,0.0,0.0,1.995847585,449.0416105,19.99995671,449.0416105,399.9982686,0.0,0.0,1.998613944,449.0138702,19.99999519,449.0138702,399.9998077,0.0,0.0,2.42836959,450.2953741,20.08141486,450.2953741,403.2632227,0.0,0.0,14.97830381,455.3543805,19.59294891,455.3543805,383.8836471,0.0,0.0,1.993088891,14.94860474,224.9556549,1.995847585,14.96940795,224.957386,1.998613944,14.99021128,224.9582515,2.42836959,14.11715086,224.1767296,14.97830381,10.66768875,206.132932,1.993088891,449.0693507,19.99987976,449.0693507,399.9951905,0.0,0.0,1.995847585,449.0416105,19.99995671,449.0416105,399.9982686,0.0,0.0,1.998613944,449.0138702,19.99999519,449.0138702,399.9998077,0.0,0.0,2.42836959,450.2953741,20.08141486,450.2953741,403.2632227,0.0,0.0,14.97830381,455.3543805,19.59294891,455.3543805,383.8836471,0.0,0.0
1.031174889,98.00169608,0.393486824,1.125908803,98.22815849,52.88071274,1.663636728,120.8566247,4780.3122,4.060806727,203.6764568,13953.13703,23.58809229,209.7049864,15784.416,1.031174889,98.00169608,0.393486824,1.125908803,98.22815849,52.88071274,1.663636728,120.8566247,4780.3122,4.060806727,203.6764568,13953.13703,23.58809229,209.7049864,15784.416,1.031167351,98.0,0.0,138.5929291,0.0,1.35e-269,0.0,1.124801537,98.0,0.0,138.5929291,0.0,6.78e-161,0.0,1.499735332,97.99999772,0.009309375,138.5929229,0.000262248,2.97e-11,2.03e-07,2.171963973,93.81951992,11.89040914,130.2008198,273.225956,51.4153398,0.282794756,11.34698342,79.93090521,18.97718144,111.8122662,509.4792174,486.0251755,1.349109937,1.031167351,1.647701149,13.42839522,1.124801537,3.375609292,45.19086607,1.499735332,8.132852415,101.7872467,2.171963973,12.86335319,120.8069432,11.34698342,13.79362485,139.3745285,1.031167351,98.0,0.0,138.5929291,0.0,0.0,0.0,1.124801537,98.0,0.0,138.5929291,0.0,0.0,0.0,1.499735242,98.0,1.91e-06,138.5929291,3.64e-12,2.18e-190,0.0,1.933020496,98.0,2.34e-06,138.5929291,6.56e-12,1.31e-28,2.95e-17,5.951464497,98.0,1.35e-06,138.5929291,4.07e-12,7.99e-29,3.1e-17
1.000000058,60.00001577,0.004258029,1.000060298,60.01627939,4.395171175,1.06224729,75.82188927,4021.577924,2.938821196,217.7129512,17709.12185,19.41867229,228.6818398,17090.53366,1.000000058,60.00001577,0.004258029,1.000060298,60.01627939,4.395171175,1.06224729,75.82188927,4021.577924,2.938821196,217.7129512,17709.12185,19.41867229,228.6818398,17090.53366,1.0,60.0,0.0,84.85281374,0.0,0.0,0.0,1.0,60.0,0.0,84.85281374,0.0,0.0,0.0,1.000000035,60.0,6.74e-07,84.85281374,1.02e-12,-3.48e-36,-5.41e-24,1.217350237,60.0,9.54e-07,84.85281374,1.02e-12,1.32e-43,2.0500000000000003e-31,6.284953231,60.0,4.36e-05,84.85281374,3.62e-08,1.86e-19,2.24e-11,1.0,24.78499603,0.0,1.0,24.78499603,0.0,1.000000035,24.78499605,7.79e-09,1.217350237,24.85750349,0.028965579,6.284953231,25.00145373,0.093440796,1.0,60.0,0.0,84.85281374,0.0,0.0,0.0,1.0,60.0,0.0,84.85281374,0.0,0.0,0.0,1.000000035,60.0,6.74e-07,84.85281374,1.02e-12,-3.48e-36,-5.41e-24,1.217350237,60.0,9.54e-07,84.85281374,1.02e-12,1.32e-43,2.0500000000000003e-31,6.28495323,60.0,0.0,84.85281374,4.55e-13,-5.7099999999999994e-30,0.0
1.000001115,66.0,9.09e-13,1.000467165,66.00000001,9.81e-08,1.209634456,66.0100918,0.19714092,10.32409727,69.80619988,271.3345516,100.5892626,71.01542619,371.0444292,1.000001115,66.0,9.09e-13,1.000467165,66.00000001,9.81e-08,1.209634456,66.0100918,0.19714092,10.32409727,69.80619988,271.3345516,100.5892626,71.01542619,371.0444292,1.0,66.0,9.54e-07,105.2615774,3.14e-05,-1.8e-35,-3.3700000000000004e-27,1.000000001,66.00000001,0.000313254,105.2606904,0.018247612,-1.02e-20,-2.42e-16,1.001537163,66.01160478,0.430745669,104.7733932,9.788516062,-1.69e-05,-1.25e-05,2.6551855,69.34088212,6.503277677,101.4668621,76.70665959,-4.558469098,-0.087622718,18.66040523,69.96827129,6.909787523,99.82482635,73.71250137,3.851422366,0.074377807,1.0,10.32255888,2.84e-14,1.000000001,10.32255887,6.23e-08,1.001537163,10.31058581,0.105638614,2.6551855,7.704822817,25.18121499,18.66040523,8.047584851,29.1786377,1.0,66.0,9.54e-07,105.2615774,3.14e-05,-1.8e-35,-3.3700000000000004e-27,1.000000001,66.00000001,0.000313254,105.2606904,0.018247612,-1.02e-20,-2.42e-16,1.001537163,66.01160478,0.430745669,104.7733932,9.788516062,-1.69e-05,-1.25e-05,2.6551855,69.34088212,6.503277677,101.4668621,76.70665959,-4.558469098,-0.087622718,18.66040523,69.96827129,6.909787523,99.82482635,73.71250137,3.851422366,0.074377807
1.000000038,60.00000161,0.000208787,1.00004552,60.00246272,0.33007414,1.056080886,63.60229628,481.5055558,3.400621899,171.3778416,22804.90555,28.84483518,272.9543501,32334.23077,1.000000038,60.00000161,0.000208787,1.00004552,60.00246272,0.33007414,1.056080886,63.60229628,481.5055558,3.400621899,171.3778416,22804.90555,28.84483518,272.9543501,32334.23077,1.0,60.0,0.0,84.85281374,0.0,0.0,0.0,1.0,60.0,0.0,84.85281374,0.0,0.0,0.0,1.000000001,60.0,6.74e-07,84.85281374,4.55e-13,-2.49e-128,0.0,1.144980281,60.0,6.74e-07,84.85281374,6.43e-13,1.7099999999999998e-34,3.75e-22,4.642287617,60.0,0.000138449,84.85281375,2.41e-07,2.01e-17,2.96e-10,1.0,29.77594399,0.0,1.0,29.77594399,0.0,1.000000001,29.77594399,9.95e-11,1.144980281,29.81434921,0.013168752,4.642287617,35.44243283,133.7541005,1.0,60.0,0.0,84.85281374,0.0,0.0,0.0,1.0,60.0,0.0,84.85281374,0.0,0.0,0.0,1.000000001,60.0,6.74e-07,84.85281374,4.55e-13,-2.49e-128,0.0,1.144980281,60.0,6.74e-07,84.85281374,6.43e-13,1.7099999999999998e-34,3.75e-22,4.642287616,60.0,1.17e-06,84.85281374,1.44e-12,4.27e-29,5.42e-17
2.587761703,66.14511475,2.300777654,2.946763735,66.57159173,8.818922163,3.928298728,68.01874567,35.43542021,12.52081077,72.07933793,414.7998265,101.0372029,71.24406525,372.9238612,2.587761703,66.14511475,2.300777654,2.946763735,66.57159173,8.818922163,3.928298728,68.01874567,35.43542021,12.52081077,72.07933793,414.7998265,101.0372029,71.24406525,372.9238612,2.526074119,66.0,6.61e-05,122.3315168,4.38e-09,-1.48e-13,-0.000135392,2.700447802,66.00000253,0.015091162,122.3315188,0.000228102,-6.97e-08,-0.001291549,2.934065557,66.12988875,3.416593815,122.429416,11.6947227,0.274062823,0.095157158,9.222669947,72.81547546,23.16259244,122.438803,580.9282684,112.4027069,0.325112145,79.27150382,71.94670127,21.39643502,117.9842687,556.3367597,51.52226445,0.135436966,2.526074119,1.558333169,5.29795523,2.700447802,1.620984891,5.425457187,2.934065557,1.689096486,5.481578099,9.222669947,1.781675959,3.743904935,79.27150382,1.843873827,3.57358471,1.763018451,66.0,0.0,122.3315168,0.0,-5.380000000000001e-163,0.0,1.85019985,66.0,0.0,122.3315168,1.82e-12,8.69e-56,0.0,1.948258843,66.0,0.0,122.3315168,1.29e-09,-1.77e-49,0.0,3.065212711,66.00784548,0.30673149,121.2567856,45.85474487,-0.018704184,-0.009005104,20.50261562,66.35923713,2.044943576,116.2784421,221.6488467,0.153969063,0.005057758
2.516810331,91.73183451,1653.729513,2.976898984,90.8223218,1617.402319,3.950085436,87.65928142,1459.287627,12.23786114,74.74252779,679.3961925,136.7790285,131.8954937,62042.99286,2.516810331,91.73183451,1653.729513,2.976898984,90.8223218,1617.402319,3.950085436,87.65928142,1459.287627,12.23786114,74.74252779,679.3961925,136.7790285,131.8954937,62042.99286,2.516751649,91.73231659,40.66640353,144.7238143,1654.960499,-2.771843691,-0.00857927,2.972529987,90.85205511,40.23754859,143.0206904,1620.313149,36.25268492,0.112880821,3.613321728,89.32121778,39.43387378,140.8986843,1556.213024,87.89464957,0.286185731,8.917857528,77.03750299,29.71936679,127.5939501,903.2965643,175.8779812,0.430139067,68.79151601,92.07989874,87.48098683,222.9478746,115951.5397,3539.088131,0.11893603,2.516751649,1.213956488,6.565051457,2.972529987,1.458185045,7.703370837,3.613321728,1.714157809,8.753741819,8.917857528,1135.497211,1739140000000.0,68.79151601,6764584.515,1.03e+16,1.719576114,103.66152,44.39759804,157.8186007,1971.146712,-1.57e-12,0.0,1.820816435,106.5716236,44.78157526,159.7451437,2005.389483,-1.86e-06,-2.24e-05,1.937310726,109.4969269,44.97489045,161.6697116,2022.742995,-1.672165693,-0.02146712,2.934488369,99.53076636,43.92066632,139.3201656,2052.481275,26.87675142,0.023110942,18.49945259,127.6504623,144.6672938,234.2692125,119882.2534,972.3721615,0.019563438
1.067042529,63.79173684,2527.521609,1.647300176,94.97654862,22050.80421,9.340211417,147.9848527,50334.60233,48.35542282,131.7412716,41087.89113,261.6183618,127.1174653,36189.19516,1.067042529,63.79173684,2527.521609,1.647300176,94.97654862,22050.80421,9.340211417,147.9848527,50334.60233,48.35542282,131.7412716,41087.89113,261.6183618,127.1174653,36189.19516,1.032250132,60.0,6.74e-07,60.0,4.55e-13,0.0,0.0,1.142930788,60.0,9.54e-07,60.0,9.09e-13,0.0,0.0,2.000720538,60.0,0.0,60.0,0.0,0.0,0.0,14.79875357,60.0,6.74e-07,60.0,4.55e-13,0.0,0.0,80.70429916,60.0,1.35e-06,60.0,1.82e-12,0.0,0.0,1.032250132,1.000069606,4.95e-07,1.142930788,0.999784975,1.76e-06,2.000720538,0.999483036,7.24e-06,14.79875357,1.033366603,42.03465337,80.70429916,10.60019927,17309.27787,1.032250132,60.0,6.74e-07,60.0,4.55e-13,0.0,0.0,1.142930788,60.0,9.54e-07,60.0,9.09e-13,0.0,0.0,2.000720538,60.0,0.0,60.0,0.0,0.0,0.0,14.79875357,60.0,6.74e-07,60.0,4.55e-13,0.0,0.0,80.70429916,60.0,9.54e-07,60.0,9.09e-13,0.0,0.0
1.0,429.0,0.0,1.0,428.9999999,3.52e-05,1.000671483,428.7546081,89.97403454,2.741141756,277.4056714,29976.79855,29.21565125,273.192284,32540.22303,1.0,429.0,0.0,1.0,428.9999999,3.52e-05,1.000671483,428.7546081,89.97403454,2.741141756,277.4056714,29976.79855,29.21565125,273.192284,32540.22303,1.0,429.0,0.0,429.0,0.0,0.0,0.0,1.0,429.0,0.0,429.0,0.0,0.0,0.0,1.000000003,429.0000001,0.001827578,429.0000001,3.34e-06,0.0,0.0,1.430318977,437.2402415,16.43663956,437.2402415,270.1631201,0.0,0.0,13.97796818,454.3836789,19.92552335,454.3836789,397.0264808,0.0,0.0,1.0,29.88643289,0.0,1.0,29.88643289,0.0,1.000000003,29.88643283,1.77e-06,1.430318977,23.89292824,142.925928,13.97796818,11.42224657,209.5307689,1.0,429.0,0.0,429.0,0.0,0.0,0.0,1.0,429.0,0.0,429.0,0.0,0.0,0.0,1.000000003,429.0000001,0.001827578,429.0000001,3.34e-06,0.0,0.0,1.430318977,437.2402415,16.43663956,437.2402415,270.1631201,0.0,0.0,13.97796818,454.3836789,19.92552335,454.3836789,397.0264808,0.0,0.0
2.039820621,66.0,0.0,2.144850286,66.0,1.09e-11,2.615730257,66.00019792,0.004734575,10.97863575,67.91892835,143.2804316,101.5840693,70.50295162,348.1292034,2.039820621,66.0,0.0,2.144850286,66.0,1.09e-11,2.615730257,66.00019792,0.004734575,10.97863575,67.91892835,143.2804316,101.5840693,70.50295162,348.1292034,2.039820152,66.0,9.54e-07,121.2249572,46.98474893,9.03e-15,1.38e-09,2.144690743,66.0,0.0,119.3948255,117.4196681,1.74e-22,0.0,2.561371468,66.00000042,0.006135614,115.3585075,239.9809308,-1.16e-05,-0.000121703,8.616159931,67.92528527,13.02186432,113.4893249,361.90348,11.35923201,0.048785561,78.80896227,71.11947822,20.77634127,115.7528087,553.5200036,17.60561966,0.045523454,2.039820152,0.534356546,0.454386353,2.144690743,0.704883128,0.997903433,2.561371468,1.251915631,2.406220093,8.616159931,1.921306008,4.182023449,78.80896227,1.856981091,4.23645053,1.0,66.0,9.54e-07,122.3315168,9.09e-13,6.05e-59,0.0,1.000000002,66.0,0.0,122.3315167,1.79e-06,2.46e-92,0.0,1.002024724,66.0,9.54e-07,122.2975075,1.492970829,5.4e-40,4.63e-34,2.586285066,66.0,2.52e-06,115.3642582,239.8390574,-3.26e-11,-8.34e-07,20.34004161,66.03367281,0.634775441,114.2766845,265.3917656,-0.305923469,-0.029583476
1.000137158,60.00082284,0.004936338,1.004958952,60.02960708,0.176784176,1.326992888,61.56569249,15.31335743,10.27173716,70.76504358,446.8999078,97.15239344,70.8264623,371.047638,1.000137158,60.00082284,0.004936338,1.004958952,60.02960708,0.176784176,1.326992888,61.56569249,15.31335743,10.27173716,70.76504358,446.8999078,97.15239344,70.8264623,371.047638,1.0,60.0,0.0,84.85281374,0.0,0.0,0.0,1.0,60.0,0.0,84.85281374,0.0,0.0,0.0,1.000000001,60.0,0.0,84.85281374,4.55e-13,1.01e-37,0.0,1.140759667,60.0,6.74e-07,84.85281374,4.55e-13,-5.1e-32,0.0,5.496492496,60.0,6.74e-07,84.85281374,1.44e-12,-2.2500000000000002e-29,-2.86e-17,1.0,29.88735104,0.0,1.0,29.88735104,0.0,1.000000001,29.88735104,6.11e-09,1.140759667,30.21726785,0.929587624,5.496492496,29.02266107,14.98782803,1.0,60.0,0.0,84.85281374,0.0,0.0,0.0,1.0,60.0,0.0,84.85281374,0.0,0.0,0.0,1.000000001,60.0,0.0,84.85281374,4.55e-13,1.01e-37,0.0,1.140759667,60.0,6.74e-07,84.85281374,4.55e-13,-5.1e-32,0.0,5.496492496,60.0,6.74e-07,84.85281374,1.44e-12,-2.2500000000000002e-29,-2.86e-17
1.014375831,66.51328841,45.932492,1.103125893,69.70686108,319.878174,1.808253449,83.71302971,1284.945375,10.81855773,74.00403656,683.0759108,101.6488695,70.8449417,399.3605159,1.014375831,66.51328841,45.932492,1.103125893,69.70686108,319.878174,1.808253449,83.71302971,1284.945375,10.81855773,74.00403656,683.0759108,101.6488695,70.8449417,399.3605159,1.014375651,66.5132885,6.777351997,122.6481981,45.93846759,0.030266203,0.005189856,1.10303334,69.7071877,17.88585062,124.6228509,319.9392878,1.438300349,0.036800259,1.749287109,84.35882923,36.26634832,134.5242056,1315.535009,50.99592998,0.268252819,8.651821055,76.29769317,28.64857859,121.3689407,885.286174,54.56333591,0.104552758,78.0921236,72.01745554,22.31912587,116.5428988,607.659525,33.32660643,0.080043292,1.014375651,1.402468701,0.300365458,1.10303334,1.599522679,2.110146181,1.749287109,2.541703216,9.295338611,8.651821055,2.098549533,10.41846264,78.0921236,1.892167198,9.567619417,1.0,66.0,0.0,122.3315168,1.82e-12,2.61e-226,0.0,1.000000002,66.0,0.0,122.3315168,1.58e-06,-3.2e-40,0.0,1.001954343,66.0,0.0,122.2988888,1.432392625,-1.88e-46,0.0,2.661183347,66.0,9.54e-07,114.6602111,256.4997925,-1.77e-12,-1.16e-07,20.16618179,66.03350681,0.634760606,114.4663638,261.3901713,-0.3491941,-0.03402613
1.000001321,81.99997813,0.000366151,1.000352587,81.99393268,0.106454487,1.123041122,80.02615445,32.61297858,8.461684763,71.32843566,348.3672344,92.70882336,71.05193687,387.1573816,1.000001321,81.99997813,0.000366151,1.000352587,81.99393268,0.106454487,1.123041122,80.02615445,32.61297858,8.461684763,71.32843566,348.3672344,92.70882336,71.05193687,387.1573816,1.0,82.0,1.65e-06,105.2615789,2.73e-12,-1.8299999999999999e-147,0.0,1.000000002,81.99999997,0.000645384,105.2615789,4.17e-07,-1.55e-30,-1.78e-21,1.001176193,81.98120302,0.548086117,105.2469368,0.300398392,-1.86e-11,-1.36e-08,1.984765654,74.87201417,7.952332443,101.0207752,68.29685518,-3.849410614,-0.095314568,17.48303,70.45969929,7.17399964,99.67454794,72.96063099,1.825583308,0.035385929,1.0,9.731702089,5.68e-14,1.000000002,9.731702098,4.58e-08,1.001176193,9.737937976,0.033061984,1.984765654,10.60923944,13.27532426,17.48303,8.598141837,28.92178491,1.0,82.0,1.65e-06,105.2615789,2.73e-12,-1.8299999999999999e-147,0.0,1.000000002,81.99999997,0.000645384,105.2615789,4.17e-07,-1.55e-30,-1.78e-21,1.001176193,81.98120302,0.548086117,105.2469368,0.300398392,-1.86e-11,-1.36e-08,1.984765654,74.87201417,7.952332443,101.0207752,68.29685518,-3.849410614,-0.095314568,17.48303,70.45969929,7.17399964,99.67454794,72.96063099,1.825583308,0.035385929
1.003466506,66.12711446,11.42414349,1.043943168,67.68437526,148.7566535,1.662214734,80.58298593,1099.805236,10.88842,74.17280023,653.8578552,98.35503335,71.01466943,383.7848661,1.003466506,66.12711446,11.42414349,1.043943168,67.68437526,148.7566535,1.662214734,80.58298593,1099.805236,10.88842,74.17280023,653.8578552,98.35503335,71.01466943,383.7848661,1.0,66.0,0.0,93.33809512,0.0,3.1400000000000005e-73,0.0,1.0,66.0,0.0,93.33809513,1.97e-07,2.6e-43,0.0,1.000029957,66.00000044,0.002646549,93.34845284,0.234134092,8.15e-13,6.36e-10,1.870568299,67.64459439,4.858890778,97.73461337,57.15092207,3.133796885,0.089399977,17.09949673,69.88523107,6.860658504,99.53712366,71.29864102,4.465230132,0.088936852,1.0,15.02945209,0.0,1.0,15.02945209,5.97e-13,1.000029957,15.02930115,0.000763293,1.870568299,11.9058028,21.35707954,17.09949673,8.795852081,29.25452223,1.0,66.0,0.0,93.33809512,0.0,3.1400000000000005e-73,0.0,1.0,66.0,0.0,93.33809513,1.97e-07,2.6e-43,0.0,1.000029957,66.00000044,0.002646549,93.34845284,0.234134092,8.15e-13,6.36e-10,1.870568299,67.64459439,4.858890778,97.73461337,57.15092207,3.133796885,0.089399977,17.09949673,69.88523107,6.860658504,99.53712366,71.29864102,4.465230132,0.088936852
2.990982858,66.00000247,0.000221025,2.994733544,66.00171954,0.151635764,3.133766599,67.1992,98.9679462,11.94185565,73.08587885,523.513541,111.4237376,107.4588351,40019.97253,2.990982858,66.00000247,0.000221025,2.994733544,66.00171954,0.151635764,3.133766599,67.1992,98.9679462,11.94185565,73.08587885,523.513541,111.4237376,107.4588351,40019.97253,2.99098285,66.00000245,0.014857919,122.3315187,0.000221075,-4.14e-10,-8.1e-06,2.994715466,66.00167739,0.388538572,122.3327665,0.151104396,-3.14e-05,-0.000998599,3.091502216,67.1125561,9.944459175,123.1070849,98.98019084,-0.088395574,-0.004352391,9.425660029,73.83363058,25.37050232,125.290892,659.6045018,109.5138625,0.359538345,71.35633363,79.71563277,58.27779042,160.5289999,47332.99118,997.0279745,0.078737701,2.99098285,1.51854152,4.624741694,2.994715466,1.520093461,4.627020119,3.091502216,1.523282928,4.571514684,9.425660029,1.832135395,6.623628839,71.35633363,8.108974324,23296.24288,1.0,66.0,0.0,122.3315168,0.0,1.77e-247,0.0,1.000000057,66.0,0.0,122.3315168,0.0,-3.8099999999999996e-94,0.0,1.003862363,66.0,9.54e-07,122.3315168,3.75e-12,1.84e-40,1.01e-28,2.33735836,66.00000028,0.007008629,122.3315186,0.002471115,8.95e-13,2.57e-09,17.68300437,70.87278364,29.33505514,157.6077665,44902.94506,391.377061,0.0629667
1.000103343,81.99834669,0.02645023,1.006301084,81.89981452,1.592973677,1.390453554,77.62799628,59.788656,9.517501917,73.49950341,490.0945563,92.07692314,71.64571674,855.47723,1.000103343,81.99834669,0.02645023,1.006301084,81.89981452,1.592973677,1.390453554,77.62799628,59.788656,9.517501917,73.49950341,490.0945563,92.07692314,71.64571674,855.47723,1.0,82.0,9.54e-07,105.2615789,9.09e-13,4.6500000000000005e-125,0.0,1.000000001,81.99999998,0.000553086,105.2615789,3.06e-07,-7.71e-67,0.0,1.001061194,81.98303889,0.520663074,105.2483668,0.271090037,-1.68e-11,-1.23e-08,1.943384081,75.03178555,7.933184643,101.1470532,68.06995118,-3.824437936,-0.094661319,16.95462299,70.48313088,7.275266094,99.97835505,76.09258562,2.247791971,0.041787088,1.0,9.880139112,2.84e-14,1.000000001,9.880139119,3.16e-08,1.001061194,9.885588186,0.027980984,1.943384081,10.86121512,11.39233524,16.95462299,8.870063766,44.45121503,1.0,82.0,9.54e-07,105.2615789,9.09e-13,4.6500000000000005e-125,0.0,1.000000001,81.99999998,0.000553086,105.2615789,3.06e-07,-7.71e-67,0.0,1.001061194,81.98303889,0.520663074,105.2483668,0.271090037,-1.68e-11,-1.23e-08,1.943384081,75.03178555,7.933184643,101.1470532,68.06995118,-3.824437936,-0.094661319,16.94156703,70.48422029,7.275214607,99.97926182,76.09310707,2.247038533,0.041772822
1.0,66.0,0.0,1.000000092,66.0,0.0,1.011341951,66.00004883,0.000962353,7.965128695,68.53946997,200.1269255,97.00819955,70.22928831,336.6435193,1.0,66.0,0.0,1.000000092,66.0,0.0,1.011341951,66.00004883,0.000962353,7.965128695,68.53946997,200.1269255,97.00819955,70.22928831,336.6435193,1.0,66.0,0.0,122.3315168,1.4e-07,-1.75e-57,0.0,1.000000057,66.0,1.35e-06,122.3314964,0.00089608,-1.2900000000000001e-26,-3.19e-19,1.008051458,66.00000232,0.01446156,122.1720711,6.975859224,-1.05e-08,-2.74e-07,6.233878419,68.77094431,15.54692324,115.0355458,397.2626068,-9.110825006,-0.033004388,74.08204491,71.09227987,20.51307754,116.4956218,537.4389137,34.86272478,0.092947996,1.0,8.549460888,2.04e-11,1.000000057,8.549460523,2.86e-06,1.008051458,8.498447587,0.397440157,6.233878419,2.932540513,12.5187416,74.08204491,1.994625862,9.889649998,1.0,66.0,0.0,93.33809512,1.82e-12,2.36e-72,0.0,1.0,66.0,0.0,93.33809514,1.88e-06,4.12e-42,0.0,1.000029996,66.00000234,0.014519444,93.37083161,2.45101209,1.44e-11,6.33e-10,1.875142152,75.21195725,27.28032093,110.4986829,936.7391148,57.80736858,0.088843147,17.55098391,86.9902659,37.91162083,121.0371718,1570.376084,110.042058,0.115397543
1.368626156,79.99846465,28.0184219,1.915996485,77.50543876,51.71278731,3.433321249,74.20315219,76.23725291,12.87716988,74.45039791,404.1284295,105.6231224,75.47044136,3559.175623,1.368626156,79.99846465,28.0184219,1.915996485,77.50543876,51.71278731,3.433321249,74.20315219,76.23725291,12.87716988,74.45039791,404.1284295,105.6231224,75.47044136,3559.175623,1.197416553,82.0,1.35e-06,105.2615789,1.82e-12,1.01e-68,0.0,1.377772326,81.99999999,0.000296393,105.2615789,8.78e-08,-3.76e-41,0.0,1.723676545,81.99276838,0.340078903,105.2559455,0.11565366,-7.22e-12,-2.67e-07,2.883350794,77.44214062,7.221611174,102.293961,53.66321829,-4.93394853,-0.192118049,18.03302084,71.13783338,7.465688755,100.1957387,76.2710633,-3.315402455,-0.061545364,1.197416553,2.016212414,12.13949572,1.377772326,3.042717559,17.54618978,1.723676545,4.412709711,21.51291697,2.883350794,7.246202626,31.86213512,18.03302084,8.336510307,30.38325585,1.197416553,82.0,1.35e-06,105.2615789,1.82e-12,1.01e-68,0.0,1.377772326,81.99999999,0.000296393,105.2615789,8.78e-08,-3.76e-41,0.0,1.723676545,81.99276838,0.340078903,105.2559455,0.11565366,-7.22e-12,-2.67e-07,2.883350794,77.44214062,7.221611174,102.293961,53.66321829,-4.93394853,-0.192118049,18.03302084,71.13783338,7.465688755,100.1957387,76.2710633,-3.315402455,-0.061545364
1.0,204.0,2.91e-11,1.000000001,203.9999998,2.5e-05,1.001559408,203.9746879,53.18110608,3.273414822,285.476289,25571.13246,28.66282721,293.6816753,30209.05794,1.0,204.0,2.91e-11,1.000000001,203.9999998,2.5e-05,1.001559408,203.9746879,53.18110608,3.273414822,285.476289,25571.13246,28.66282721,293.6816753,30209.05794,1.0,204.0,0.0,239.2020869,3422.084743,-1.98e-41,0.0,1.0,204.0,0.0,239.1172181,3422.190506,-1.43e-23,0.0,1.000000002,203.9999998,0.005141918,239.0324277,3422.243389,-9.88e-06,-3.29e-05,1.309875536,188.3332908,43.77853463,226.3618426,3859.732306,-344.4426266,-0.135930075,10.32518361,146.0412893,68.11065131,212.6590182,5210.91289,-235.9773003,-0.07111734,1.0,29.42400479,0.0,1.0,29.42400479,0.0,1.000000002,29.42400475,1.18e-06,1.309875536,25.7834687,93.30983425,10.32518361,15.82417236,574449842.3,1.0,204.0,0.0,239.2020869,3422.084743,-1.98e-41,0.0,1.0,204.0,0.0,239.1172181,3422.190506,-1.43e-23,0.0,1.000000002,203.9999998,0.005141918,239.0324277,3422.243389,-9.88e-06,-3.29e-05,1.309875536,188.3332908,43.77853463,226.3618426,3859.732306,-344.4426266,-0.135930075,10.32518361,146.0412893,68.11065131,212.6590182,5210.91289,-235.9773003,-0.07111734
1.000375818,66.0,4.55e-12,1.01037641,66.00000006,5.49e-06,1.345103915,66.05896621,5.303479619,9.112193449,71.61796745,459.7263421,97.29943822,71.35250667,406.7277276,1.000375818,66.0,4.55e-12,1.01037641,66.00000006,5.49e-06,1.345103915,66.05896621,5.303479619,9.112193449,71.61796745,459.7263421,97.29943822,71.35250667,406.7277276,1.000343201,66.0,2.13e-06,122.3315168,6.57e-10,-6.73e-16,-1.23e-05,1.008343742,66.00000006,0.002344837,122.3315183,2.9e-05,-6.18e-09,-0.000493635,1.218425627,66.06509682,2.41960255,122.4258622,5.975300701,0.207055453,0.078263635,7.428520988,72.63955236,23.50581564,120.9691051,615.5469428,140.1754564,0.362037577,76.74256804,72.20740331,22.32541973,117.4135979,600.0471265,41.42935764,0.101522808,1.000343201,2.30262661,0.002331621,1.008343742,2.323305185,0.055787016,1.218425627,2.724231128,0.989327519,7.428520988,2.208056808,3.573420618,76.74256804,1.905084519,3.705718181,1.0,66.0,1.91e-06,136.077184,8.13e-12,-6.690000000000001e-27,-1.3e-15,1.000000002,66.00000006,0.002354599,136.0771839,6.96e-06,-5.57e-15,-1.15e-09,1.001856556,66.07916866,2.668128825,136.0626655,7.807338618,-0.005011965,-0.001049178,2.47456106,85.91465076,37.33885769,128.7882734,1554.876299,-109.9779903,-0.112261048,19.15505152,90.11977401,39.50310961,123.9488184,1682.020787,97.85383502,0.098868856
1.999989259,66.0,0.0,1.999997796,66.0,9.09e-13,2.028550333,66.00014924,0.005237967,9.144122821,69.1477577,242.2477265,91.92731169,73.09432446,3053.682864,1.999989259,66.0,0.0,1.999997796,66.0,9.09e-13,2.028550333,66.00014924,0.005237967,9.144122821,69.1477577,242.2477265,91.92731169,73.09432446,3053.682864,1.999989258,66.0,1.35e-06,122.3315168,2.57e-12,-9.18e-29,-5.04e-17,1.999993726,66.0,1.35e-06,122.3315168,5.48e-07,-4.12e-17,-4.12e-08,2.012553789,66.00003832,0.058729845,122.3205534,0.482807156,-0.000538312,-0.013191503,7.270131673,69.36978424,17.0858168,121.9659731,316.0864156,37.56419697,0.199701084,70.89337337,71.75905643,24.76785134,124.2742504,2804.085332,59.79149005,0.046150903,1.999989258,4.010532535,16.08451913,1.999993726,4.010540866,16.08451879,2.012553789,3.992261243,16.05541498,7.270131673,2.448464648,9.637655276,70.89337337,2.407510272,1281.413069,1.0,66.0,0.0,122.3315168,0.0,0.0,0.0,1.000000057,66.0,0.0,122.3315168,1.82e-12,-1.34e-64,0.0,1.003864489,66.0,9.54e-07,122.3315168,9.09e-13,-1.16e-35,0.0,2.343378885,66.0,9.54e-07,122.3315168,2.03e-12,1.02e-30,7.92e-19,18.32852278,66.25505717,6.798509193,124.091962,2356.289068,0.979220198,0.002967524
1.066893638,66.38825942,6.061405334,1.270187537,67.40645558,20.52517213,2.310408949,69.34563098,43.2805049,13.09122389,73.80717303,518.6597111,103.6830777,71.41612787,417.935544,1.066893638,66.38825942,6.061405334,1.270187537,67.40645558,20.52517213,2.310408949,69.34563098,43.2805049,13.09122389,73.80717303,518.6597111,103.6830777,71.41612787,417.935544,1.000708061,66.0,0.0,122.2925254,1.711418735,-1.18e-21,0.0,1.01293454,66.0,0.000252914,121.7767817,23.96540434,-5.22e-10,-4.22e-07,1.295339271,66.02393738,1.402916467,116.2256426,218.0730532,-0.16144394,-0.007792876,9.530909479,75.39281465,26.04260452,119.6976871,758.7909967,19.75753757,0.041127773,79.91407274,72.48979115,22.81160116,117.1169855,624.1841173,93.18556004,0.22002339,1.000708061,2.093420475,0.000568679,1.01293454,2.104206008,0.010393719,1.295339271,2.268587455,0.385543913,9.530909479,1.69443128,2.820956355,79.91407274,1.828682661,3.466049259,1.0,66.0,0.0,122.3315168,1.82e-12,-1.6900000000000003e-163,0.0,1.000000001,66.0,0.0,122.3315168,1.82e-12,2.63e-46,0.0,1.001043788,66.0,9.54e-07,122.3314869,0.001311507,-4.65e-37,-1.35e-29,2.328110384,66.0,1.35e-06,117.9580871,166.274159,-3.26e-14,-1.88e-09,19.70087607,66.00779894,0.305821,114.9112296,250.8282039,-0.032933806,-0.006799648
1.0,330.0,0.0,1.0,330.0,3.79e-08,1.000373316,329.8992851,27.18753159,6.051711774,150.9844665,20683.1467,38.44481674,169.577238,19024.51217,1.0,330.0,0.0,1.0,330.0,3.79e-08,1.000373316,329.8992851,27.18753159,6.051711774,150.9844665,20683.1467,38.44481674,169.577238,19024.51217,1.0,330.0,0.0,431.4904402,0.0,0.0,0.0,1.0,330.0,0.0,431.4904402,0.0,0.0,0.0,1.000000029,330.0,0.0,431.4904402,2.91e-11,-7.7e-169,0.0,1.21361476,330.0,3.81e-06,431.4904402,2.06e-11,3.91e-30,2.69e-19,6.273059589,330.0,9.34e-06,431.4904402,8.85e-11,1.14e-28,3.19e-18,1.0,25.06389999,0.0,1.0,25.06389999,0.0,1.000000029,25.06389999,6.93e-12,1.21361476,25.06227542,7.14e-05,6.273059589,25.0528999,0.000923082,1.0,330.0,0.0,431.4904402,0.0,0.0,0.0,1.0,330.0,0.0,431.4904402,0.0,0.0,0.0,1.000000029,330.0,0.0,431.4904402,2.91e-11,-7.7e-169,0.0,1.21361476,330.0,3.81e-06,431.4904402,2.06e-11,3.91e-30,2.69e-19,6.273059589,330.0,9.34e-06,431.4904402,8.85e-11,1.14e-28,3.19e-18
1.0,429.0,0.0,1.0,429.0,0.0,1.000000622,428.9998124,0.059825952,1.979019258,351.3826062,20640.11715,26.06257295,298.1238758,30586.90506,1.0,429.0,0.0,1.0,429.0,0.0,1.000000622,428.9998124,0.059825952,1.979019258,351.3826062,20640.11715,26.06257295,298.1238758,30586.90506,1.0,429.0,0.0,429.0,0.0,0.0,0.0,1.0,429.0,0.0,429.0,0.0,0.0,0.0,1.000000003,429.0000001,0.001770792,429.0000001,3.14e-06,0.0,0.0,1.428604459,437.2007276,16.40665072,437.2007276,269.178188,0.0,0.0,13.97922791,454.3781564,19.9266814,454.3781564,397.0726316,0.0,0.0,1.0,29.99821591,0.0,1.0,29.99821591,0.0,1.000000003,29.99821586,1.68e-06,1.428604459,23.9980176,143.980356,13.97922791,11.43029014,212.2081442,1.0,429.0,0.0,429.0,0.0,0.0,0.0,1.0,429.0,0.0,429.0,0.0,0.0,0.0,1.000000003,429.0000001,0.001770792,429.0000001,3.14e-06,0.0,0.0,1.428604459,437.2007276,16.40665072,437.2007276,269.178188,0.0,0.0,13.97922791,454.3781564,19.9266814,454.3781564,397.0726316,0.0,0.0
3.890306454,66.0,9.09e-13,4.040858262,66.0,3.33e-09,4.774404481,66.00223313,0.200973826,12.38023038,69.58274499,293.7412234,99.78096642,71.09869193,381.7533495,3.890306454,66.0,9.09e-13,4.040858262,66.0,3.33e-09,4.774404481,66.00223313,0.200973826,12.38023038,69.58274499,293.7412234,99.78096642,71.09869193,381.7533495,3.867716807,66.0,0.0,122.3002694,1.371840681,-1.75e-16,0.0,3.937974778,66.0,5.85e-05,121.9605034,16.11971985,2.22e-10,9.46e-07,4.30581271,66.00247611,0.47206356,118.0961006,161.922507,0.017545994,0.00292095,10.60210161,69.93046337,18.38764598,116.8393963,457.3849073,112.200903,0.347672334,79.30319195,71.67538329,21.56920942,117.209085,571.130862,61.7701074,0.15734112,3.867716807,0.459421691,0.644261792,3.937974778,0.477732359,0.677713975,4.30581271,0.661333687,1.127383243,10.60210161,1.530276809,3.006961454,79.30319195,1.842567436,5.815223998,1.934353101,66.0,0.0,122.3315168,1.82e-12,1.35e-104,0.0,1.960078224,66.0,1.35e-06,122.3315168,1.82e-12,-2.72e-49,0.0,1.987460211,66.0,9.54e-07,122.3315168,1.38e-09,3.45e-25,9.76e-15,3.072718322,66.0,1.35e-06,121.23213,46.690803,-1.49e-13,-1.62e-08,20.12416483,66.03265953,0.625178186,115.6932808,232.0419825,-0.930091932,-0.097665029
1.212450855,66.0,0.0,1.612859524,66.0,0.0,2.833266953,66.0000002,6.95e-06,10.00919085,67.53300578,120.4537437,92.21823482,72.64077466,2861.468692,1.212450855,66.0,0.0,1.612859524,66.0,0.0,2.833266953,66.0000002,6.95e-06,10.00919085,67.53300578,120.4537437,92.21823482,72.64077466,2861.468692,1.0,66.0,0.0,93.33809512,0.0,-2.6e-51,0.0,1.0,66.0,1.35e-06,93.33809512,1.74e-07,6.61e-31,1.18e-21,1.000029649,66.00000042,0.002605825,93.34802861,0.224553227,4.3e-09,3.48e-06,1.868552917,67.64128706,4.854561741,97.72700326,57.08708637,3.842878343,0.109780017,16.92897452,69.79897542,7.310671405,99.80386636,79.02694989,6.193274243,0.111032928,1.0,15.04436898,0.0,1.0,15.04436898,6.54e-13,1.000029649,15.04421931,0.000758423,1.868552917,11.92291296,21.33846557,16.92897452,8.895031815,118.710799,1.0,66.0,0.0,93.33809512,0.0,-2.6e-51,0.0,1.0,66.0,1.35e-06,93.33809512,1.74e-07,6.61e-31,1.18e-21,1.000029649,66.00000042,0.002605825,93.34802861,0.224553227,4.3e-09,3.48e-06,1.868552917,67.64128706,4.854561741,97.72700326,57.08708637,3.842878343,0.109780017,16.85771465,69.80205905,7.310963345,99.8082316,79.04661722,6.197587376,0.111084085
1.92861054,330.0,0.0,1.956533457,330.0,5.82e-11,1.985297126,329.999855,0.03915031,2.734234711,299.4779093,7302.207556,32.04070582,189.8043752,17193.87434,1.92861054,330.0,0.0,1.956533457,330.0,5.82e-11,1.985297126,329.999855,0.03915031,2.734234711,299.4779093,7302.207556,32.04070582,189.8043752,17193.87434,1.0,330.0,0.0,431.4904402,0.0,0.0,0.0,1.0,330.0,0.0,431.4904402,0.0,0.0,0.0,1.000000028,330.0,6.61e-06,431.4904402,4.37e-11,1.66e-146,0.0,1.212966787,330.0,0.0,431.4904402,0.0,-1.05e-57,0.0,6.271838292,330.0,3.81e-06,431.4904402,1.46e-11,6.56e-32,0.0,1.0,25.11204505,0.0,1.0,25.11204505,0.0,1.000000028,25.11204505,1.9e-10,1.212966787,25.09842806,0.000898422,6.271838292,25.05827493,0.014557162,1.0,330.0,0.0,431.4904402,0.0,0.0,0.0,1.0,330.0,0.0,431.4904402,0.0,0.0,0.0,1.000000028,330.0,6.61e-06,431.4904402,4.37e-11,1.66e-146,0.0,1.212966787,330.0,0.0,431.4904402,0.0,-1.05e-57,0.0,6.271838292,330.0,3.81e-06,431.4904402,1.46e-11,6.56e-32,0.0
1.000000793,65.99999859,8.45e-06,1.000338805,65.99936859,0.003791659,1.15560717,65.78484335,1.905221752,10.35782125,68.17408821,164.0934222,100.4106771,70.46868597,351.3608435,1.000000793,65.99999859,8.45e-06,1.000338805,65.99936859,0.003791659,1.15560717,65.78484335,1.905221752,10.35782125,68.17408821,164.0934222,100.4106771,70.46868597,351.3608435,1.000000558,66.0,0.0,105.1260011,335.0991304,3.34e-48,0.0,1.000233483,66.0,9.54e-07,105.9550612,339.6525147,1.0099999999999999e-24,5.74e-20,1.103567732,66.00000152,0.011709056,106.8037245,341.9697293,3.22e-06,1.49e-05,7.642913026,68.27045318,14.11332096,111.3144634,407.9708724,7.888624838,0.029622523,76.13878719,71.22797041,21.05160712,115.9745803,562.2304823,46.23950728,0.11808681,1.000000558,4.33208378,5.66e-06,1.000233483,4.331637636,0.002300729,1.103567732,4.153060706,0.889659967,7.642913026,2.195014366,5.030226963,76.13878719,1.922590936,4.400343231,1.0,66.0,0.0,93.33809512,9.09e-13,-1.56e-42,0.0,1.0,66.0,9.54e-07,93.33809513,7.64e-07,-2.45e-24,-2.94e-15,1.000029743,66.00000168,0.012300278,93.36236458,1.817573898,-3.16e-06,-0.000190505,1.931979401,74.98191573,26.97587081,109.5630005,908.0418294,80.79203374,0.128510608,18.91276378,87.04590323,38.09463542,120.5393382,1577.754687,117.5299151,0.123991774
7.685911165,88.66649609,4556.571596,9.710299239,92.06497476,4982.994499,17.75027078,99.15129025,5674.509044,48.51978713,147.295046,66832.93906,164.1963334,203.0248378,141555.4864,7.685911165,88.66649609,4556.571596,9.710299239,92.06497476,4982.994499,17.75027078,99.15129025,5674.509044,48.51978713,147.295046,66832.93906,164.1963334,203.0248378,141555.4864,5.636258062,93.5183015,73.21637555,1174.036486,221614.9344,4640.055679,0.134641518,6.088962902,96.05667292,75.82807764,1146.422377,246739.1313,7953.019999,0.211174751,6.659157641,98.45918526,78.06444971,1115.062089,273176.3948,13036.7986,0.319558309,6.963998052,99.4635815,78.92552058,1099.682539,285343.6291,16048.18831,0.380694167,6.996379688,99.5606801,79.00620813,1098.100676,286565.6098,16377.16814,0.387272875,5.636258062,112756617.8,1.6e+17,6.088962902,148489128.0,2.06e+17,6.659157641,193162920.8,2.59e+17,6.963998052,216462017.8,2.85e+17,6.996379688,218905514.2,2.88e+17,5.636258062,93.5183015,73.21637555,1174.036486,221614.9344,4640.055679,0.134641518,6.088962902,96.05667292,75.82807764,1146.422377,246739.1313,7953.019999,0.211174751,6.659157641,98.45918526,78.06444971,1115.062089,273176.3948,13036.7986,0.319558309,6.963998052,99.4635815,78.92552058,1099.682539,285343.6291,16048.18831,0.380694167,6.996379688,99.5606801,79.00620813,1098.100676,286565.6098,16377.16814,0.387272875
2.305470542,319.4677248,27146.31526,3.111193532,287.6642045,24317.52115,5.344219061,240.855924,19580.64559,7.691956655,215.7309487,16696.81815,9.279341713,199.0892459,15583.51212,2.305470542,319.4677248,27146.31526,3.111193532,287.6642045,24317.52115,5.344219061,240.855924,19580.64559,7.691956655,215.7309487,16696.81815,9.279341713,199.0892459,15583.51212,2.26390262,323.6810228,163.2794715,323.6810228,26660.18583,0.0,0.0,2.92131811,300.5116839,152.2942223,300.5116839,23193.53014,0.0,0.0,4.441629667,271.5115543,134.1465735,271.5115543,17995.30317,0.0,0.0,5.84582114,255.4372804,124.1001306,255.4372804,15400.84242,0.0,0.0,6.733108948,238.6814396,125.4514924,238.6814396,15738.07693,0.0,0.0,2.26390262,0.589338402,18.28611333,2.92131811,1.694619387,64.4791428,4.441629667,4.830046515,183.4634203,5.84582114,12.5186064,4015.911665,6.733108948,5830.001895,8649270000000.0,2.26390262,323.6810228,163.2794715,323.6810228,26660.18583,0.0,0.0,2.92131811,300.5116839,152.2942223,300.5116839,23193.53014,0.0,0.0,4.441629667,271.5115543,134.1465735,271.5115543,17995.30317,0.0,0.0,5.84582114,255.4372804,124.1001306,255.4372804,15400.84242,0.0,0.0,6.733108948,238.6814396,125.4514924,238.6814396,15738.07693,0.0,0.0
1.000044002,66.0,4.55e-12,1.002432712,66.00000014,1.63e-06,1.146961896,66.0506227,0.611904192,10.38554149,70.19570178,170.0273767,103.2140979,71.15524427,346.565343,1.000044002,66.0,4.55e-12,1.002432712,66.00000014,1.63e-06,1.146961896,66.0506227,0.611904192,10.38554149,70.19570178,170.0273767,103.2140979,71.15524427,346.565343,1.0,66.0,2.34e-06,122.3315168,5.75e-12,-3.6200000000000004e-27,-1.15e-15,1.000000025,66.00000014,0.001279166,122.3315168,2.39e-06,-1.79e-15,-1.06e-09,1.012217728,66.05544243,0.813931554,122.3273715,1.635986247,-0.000535673,-0.000538107,8.321985663,70.41262755,14.16994886,118.1199337,322.3821082,7.319474862,0.032525382,81.27372159,71.96717,20.54824566,117.5805035,528.0298663,30.72176087,0.083963366,1.0,9.322211981,4.53e-12,1.000000025,9.322211759,2.03e-06,1.012217728,9.215390177,0.953766768,8.321985663,2.201982037,11.28955321,81.27372159,1.819073974,9.61433057,1.0,66.0,1.65e-06,122.3315168,3.28e-12,1.85e-13,0.082855958,1.000000008,66.00000005,0.000737313,122.3315168,1.83e-06,1.52e-07,0.155920116,1.004048643,66.01860972,0.472197374,122.3078779,1.495373703,0.115733868,0.201559452,3.180284246,67.97774491,4.452130272,117.2193774,222.2326224,22.9479252,0.346448627,22.24459301,67.18719805,3.582867196,115.9552769,242.457047,11.62815117,0.20857744
1.018677604,66.0,9.09e-13,1.091837246,66.0,9.09e-13,1.51440866,66.0002224,0.020006387,9.151088631,69.33118068,273.590919,94.9004031,70.65719796,366.9823483,1.018677604,66.0,9.09e-13,1.091837246,66.0,9.09e-13,1.51440866,66.0002224,0.020006387,9.151088631,69.33118068,273.590919,94.9004031,70.65719796,366.9823483,1.00000004,66.0,0.0,122.3315168,3.88e-09,-5.62e-44,0.0,1.000047929,66.0,9.54e-07,122.3315131,0.000161385,-8.6e-25,-7.1e-17,1.063304034,66.00031657,0.168792934,122.1863804,6.36055949,-5.38e-05,-0.000126389,7.29839151,69.89014881,18.30246255,116.9730793,445.9902261,-18.24176702,-0.058084215,73.9051859,71.38171861,21.31127203,116.9234037,561.3537946,30.93390695,0.079913634,1.00000004,5.116510956,6.39e-07,1.000047929,5.116329898,0.000770359,1.063304034,4.898448781,0.864207823,7.29839151,2.267541852,4.144428625,73.9051859,1.978044584,3.650522561,1.0,66.0,9.54e-07,122.3315168,2.03e-12,2.0099999999999999e-28,1.57e-16,1.000000001,66.0,1.35e-06,122.3315168,1.82e-12,-1.2e-31,0.0,1.001037652,66.0,0.0,122.3314876,0.001282708,-3.4100000000000004e-31,0.0,2.263352751,66.0,9.54e-07,118.6802352,142.4324292,3.59e-14,3.16e-09,19.37755871,66.01338541,0.400556764,115.3000398,241.6055171,-0.230787056,-0.03706756
1.040127275,60.23147518,1.335270331,1.145292106,60.76116839,3.988262994,1.600396762,62.50151364,32.45343966,10.17818871,72.0707923,508.0128576,98.94148166,71.23942268,397.3980728,1.040127275,60.23147518,1.335270331,1.145292106,60.76116839,3.988262994,1.600396762,62.50151364,32.45343966,10.17818871,72.0707923,508.0128576,98.94148166,71.23942268,397.3980728,1.0,60.0,0.0,84.85281374,0.0,0.0,0.0,1.0,60.0,0.0,84.85281374,0.0,0.0,0.0,1.0,60.0,9.54e-07,84.85281374,1.29e-12,5.0400000000000004e-29,5.55e-17,1.033160114,60.0,6.74e-07,84.85281374,4.55e-13,-1.3200000000000001e-33,0.0,4.371378098,60.00000019,0.007334631,84.85281413,0.00019751,1.04e-13,1.03e-09,1.0,50.54213309,0.0,1.0,50.54213309,0.0,1.0,50.54213309,4.55e-13,1.033160114,50.02301694,8.128654941,4.371378098,37.84636223,105.7182806,1.0,60.0,0.0,84.85281374,0.0,0.0,0.0,1.0,60.0,0.0,84.85281374,0.0,0.0,0.0,1.0,60.0,9.54e-07,84.85281374,1.29e-12,5.0400000000000004e-29,5.55e-17,1.033160114,60.0,6.74e-07,84.85281374,4.55e-13,-1.3200000000000001e-33,0.0,4.371378095,60.0,1.51e-06,84.85281374,2.65e-12,2.57e-29,1.46e-17
1.0,110.0,0.0,1.0,110.0,0.0,1.0,110.0,0.0,1.002509974,109.9533789,0.930249212,2.998850646,101.5062237,97.73129021,1.0,110.0,0.0,1.0,110.0,0.0,1.0,110.0,0.0,1.002509974,109.9533789,0.930249212,2.998850646,101.5062237,97.73129021,1.0,110.0,0.0,110.0,0.0,0.0,0.0,1.0,110.0,0.0,110.0,0.0,0.0,0.0,1.0,110.0,0.0,110.0,0.0,0.0,0.0,1.002509974,109.9533789,0.964494278,109.9533789,0.930249212,0.0,0.0,2.998850646,101.5062237,9.885913727,101.5062237,97.73129021,0.0,0.0,1.0,88.37924504,0.0,1.0,88.37924504,0.0,1.0,88.37924504,0.0,1.002509974,88.24609083,7.302724775,2.998850646,62.9474584,1263.204919,1.0,110.0,0.0,110.0,0.0,0.0,0.0,1.0,110.0,0.0,110.0,0.0,0.0,0.0,1.0,110.0,0.0,110.0,0.0,0.0,0.0,1.002509974,109.9533789,0.964494278,109.9533789,0.930249212,0.0,0.0,2.998850646,101.5062237,9.885913727,101.5062237,97.73129021,0.0,0.0
1.000042755,66.0,0.0,1.00492052,66.0,2.35e-10,1.613290502,66.00096607,0.015565782,11.3971779,68.11508288,142.5515942,98.08117463,70.43466653,332.010278,1.000042755,66.0,0.0,1.00492052,66.0,2.35e-10,1.613290502,66.00096607,0.015565782,11.3971779,68.11508288,142.5515942,98.08117463,70.43466653,332.010278,1.000024102,66.0,0.0,105.552678,337.7273351,-4.24e-23,0.0,1.003466923,66.0,9.54e-07,106.2150685,340.6127131,3.38e-16,1.92e-11,1.499800051,66.00000159,0.011969871,106.889979,342.0737518,4.91e-06,2.22e-05,9.19300386,67.88254914,12.87963985,111.8051135,381.8391047,5.952923909,0.024922742,77.20950016,70.87584669,20.15761532,115.9876791,528.0675722,34.8475533,0.094133375,1.000024102,3.557167649,0.000396176,1.003466923,3.550096758,0.057816812,1.499800051,2.908659622,5.269466622,9.19300386,2.008261842,11.28390237,77.20950016,1.913321134,9.492996071,1.0,66.0,0.0,93.33809512,1.82e-12,-1.62e-50,0.0,1.0,66.0,0.0,93.33809514,1.86e-06,-3.05e-30,0.0,1.000029941,66.00000239,0.014658842,93.3707412,2.444247645,7.2e-08,3.14e-06,1.875818792,75.22596852,27.29869359,110.4922604,937.2304136,72.59278003,0.111540898,17.34893369,87.1214003,38.14200346,120.7105644,1582.273151,116.5654192,0.122520251
1.931791001,66.0,1.82e-12,2.073155529,66.0,2.92e-08,2.527036222,66.00052118,0.060984805,10.04674479,68.57428283,196.4959342,96.67695783,70.57816748,350.8603593,1.931791001,66.0,1.82e-12,2.073155529,66.0,2.92e-08,2.527036222,66.00052118,0.060984805,10.04674479,68.57428283,196.4959342,96.67695783,70.57816748,350.8603593,1.895208318,66.0,0.0,122.3315168,1.82e-12,-8.860000000000001e-66,0.0,1.935762298,66.0,9.54e-07,122.3315168,7.29e-09,-6.13e-38,-7.5299999999999995e-28,2.009069946,66.00000569,0.022628907,122.327621,0.171375189,-6.25e-08,-6.68e-06,7.190603112,68.9237237,15.95000456,118.5676773,341.3385946,-10.92213243,-0.045392318,74.6884838,71.31430106,20.87668435,117.2417371,540.8968119,60.15070336,0.160981143,1.895208318,2.419247781,6.366377361,1.935762298,2.475113727,6.378856828,2.009069946,2.563630641,6.36893559,7.190603112,2.312569454,4.43990776,74.6884838,1.957328933,3.661382769,1.0,66.0,0.0,122.3315168,1.82e-12,-9.2e-118,0.0,1.000000001,66.0,0.0,122.3315168,1.82e-12,7.92e-76,0.0,1.000969555,66.0,0.0,122.3315168,1.42e-06,5.89e-82,0.0,2.134465595,66.00002298,0.016606528,120.3561977,81.55765169,-5.8e-05,-0.000387059,19.35078706,66.19079981,1.501064022,115.8907145,229.2955875,-0.535843157,-0.023574968
1.999917374,330.0,0.0,1.999950423,330.0,0.0,1.999984483,329.9998719,0.034598727,2.733716978,299.924975,7211.155521,24.26222496,208.5424765,15971.32846,1.999917374,330.0,0.0,1.999950423,330.0,0.0,1.999984483,329.9998719,0.034598727,2.733716978,299.924975,7211.155521,24.26222496,208.5424765,15971.32846,1.0,330.0,0.0,431.4904402,0.0,0.0,0.0,1.0,330.0,0.0,431.4904402,0.0,0.0,0.0,1.00000003,330.0,5.39e-06,431.4904402,3.25e-11,1.54e-111,7.5e-101,1.214596644,330.0,5.39e-06,431.4904402,2.91e-11,-1.85e-48,0.0,6.273278108,330.0,7.63e-06,431.4904402,5.82e-11,-8.57e-28,0.0,1.0,25.00385189,0.0,1.0,25.00385189,0.0,1.00000003,25.00385189,2.05e-12,1.214596644,25.00781162,0.000953448,6.273278108,25.05196787,0.006982131,1.0,330.0,0.0,431.4904402,0.0,0.0,0.0,1.0,330.0,0.0,431.4904402,0.0,0.0,0.0,1.00000003,330.0,5.39e-06,431.4904402,3.25e-11,1.54e-111,7.5e-101,1.214596644,330.0,5.39e-06,431.4904402,2.91e-11,-1.85e-48,0.0,6.273278108,330.0,7.63e-06,431.4904402,5.82e-11,-8.57e-28,0.0
1.000115045,66.0,9.09e-13,1.005066923,66.00000004,3.41e-06,1.27121289,66.05418153,4.798483322,9.615681,71.72002779,448.738235,96.45242038,70.92879938,392.7436409,1.000115045,66.0,9.09e-13,1.005066923,66.00000004,3.41e-06,1.27121289,66.05418153,4.798483322,9.615681,71.72002779,448.738235,96.45242038,70.92879938,392.7436409,1.00010594,66.0,9.54e-07,122.3315168,1e-09,6.45e-28,2.14e-17,1.004121625,66.00000004,0.001848198,122.3315187,3.84e-05,1.37e-15,1.2e-10,1.172894335,66.0576213,2.276531735,122.3911859,5.928724368,0.000990983,0.000256536,7.346642175,72.8183872,23.81521454,121.2144023,628.4384704,-23.40533563,-0.059737154,74.16635177,71.85620095,22.1491971,117.5975048,590.1619997,17.94957071,0.044743219,1.00010594,2.641133092,0.00054853,1.004121625,2.650232046,0.021169791,1.172894335,2.937678327,0.656935122,7.346642175,2.218200585,3.121133176,74.16635177,1.970243043,3.408971173,1.0,66.0,9.54e-07,136.0771801,0.000236774,-1.19e-19,-8.09e-12,1.000000001,66.00000004,0.001852003,136.0745447,0.15994556,-1.32e-10,-1.78e-07,1.001616668,66.06747461,2.463364007,134.3965454,100.3983572,-0.126547405,-0.00513167,2.663487904,84.80701274,36.59135715,125.6998135,1511.876723,-45.94546491,-0.047385185,19.37925965,88.30549357,38.85819557,122.3934098,1640.816354,80.80126867,0.082060082
1.0,66.0,0.0,1.000000466,66.0,0.0,1.016384782,65.99999779,0.000168978,8.271511598,70.28038847,382.8351524,99.67666011,71.89287357,493.4778804,1.0,66.0,0.0,1.000000466,66.0,0.0,1.016384782,65.99999779,0.000168978,8.271511598,70.28038847,382.8351524,99.67666011,71.89287357,493.4778804,1.0,66.0,0.0,93.33809512,0.0,3.3200000000000004e-73,0.0,1.0,66.0,9.54e-07,93.33809512,1.72e-07,-1.03e-35,-2.59e-26,1.000029882,66.00000042,0.002577559,93.34800378,0.223992557,7.5e-13,6.15e-10,1.871951521,67.63523934,4.846629483,97.70060593,56.86021736,3.085700584,0.088476329,17.50549737,69.87547493,6.806180698,99.69613177,72.3234283,3.805505257,0.07502459,1.0,15.03300405,0.0,1.0,15.03300405,6.82e-13,1.000029882,15.03285353,0.000760997,1.871951521,11.89413915,21.44230797,17.50549737,8.594165536,31.01005258,1.0,66.0,0.0,93.33809512,0.0,3.3200000000000004e-73,0.0,1.0,66.0,9.54e-07,93.33809512,1.72e-07,-1.03e-35,-2.59e-26,1.000029882,66.00000042,0.002577559,93.34800378,0.223992557,7.5e-13,6.15e-10,1.871951521,67.63523934,4.846629483,97.70060593,56.86021736,3.085700584,0.088476329,17.50549737,69.87547493,6.806180698,99.69613177,72.3234283,3.805505257,0.07502459
2.990577051,456.3751268,374.4075056,2.995568566,456.1967187,437.9201244,3.10630814,442.6232919,5578.383617,5.363022856,328.1369176,30760.91968,29.73925289,297.8660976,31454.11525,2.990577051,456.3751268,374.4075056,2.995568566,456.1967187,437.9201244,3.10630814,442.6232919,5578.383617,5.363022856,328.1369176,30760.91968,29.73925289,297.8660976,31454.11525,2.990562801,456.3770061,19.33049764,456.3770061,373.6681391,0.0,0.0,2.994331756,456.3595418,19.33623923,456.3595418,373.8901477,0.0,0.0,2.99810861,456.3420711,19.34196619,456.3420711,374.111656,0.0,0.0,3.428403129,456.3341228,19.34456577,456.3341228,374.2122248,0.0,0.0,15.97861187,456.3334263,19.34479291,456.3334263,374.2210126,0.0,0.0,2.990562801,9.968590853,199.6416943,2.994331756,9.981056307,199.7669566,2.99810861,9.993526861,199.8919592,3.428403129,9.999186211,199.9517883,15.97861187,10.00007147,199.9696278,2.990562801,456.3770061,19.33049764,456.3770061,373.6681391,0.0,0.0,2.994331756,456.3595418,19.33623923,456.3595418,373.8901477,0.0,0.0,2.99810861,456.3420711,19.34196619,456.3420711,374.111656,0.0,0.0,3.428403129,456.3341228,19.34456577,456.3341228,374.2122248,0.0,0.0,15.97861187,456.3334263,19.34479291,456.3334263,374.2210126,0.0,0.0
2.99353941,66.0,6.37e-12,2.998457164,66.00000005,4.29e-06,3.137385693,66.03339253,3.010298127,10.88719685,71.12283711,414.7281087,115.443047,75.81511349,1978.824076,2.99353941,66.0,6.37e-12,2.998457164,66.00000005,4.29e-06,3.137385693,66.03339253,3.010298127,10.88719685,71.12283711,414.7281087,115.443047,75.81511349,1978.824076,2.993497466,66.0,2.34e-06,122.3315168,5.46e-12,6.28e-14,0.0,2.996093436,66.00000005,0.002070916,122.3315168,4.29e-06,1.34e-07,0.154152939,3.004139852,66.03493982,1.772953247,122.3553777,3.14646285,0.213266612,0.321912845,8.982620907,72.18040246,22.14249931,121.2368673,546.5291587,124.9529185,0.363148965,90.7888584,77.14558688,48.39350201,150.3893789,43074.37409,1155.331099,0.115114849,2.993497466,3.19175685,20.49516602,2.996093436,3.197290379,20.51302165,3.004139852,3.19860653,20.50808112,8.982620907,2.092306154,12.6235494,90.7888584,1.629893959,9.351170995,1.0,66.0,0.0,122.3315168,0.0,-2.29e-161,0.0,1.000000001,66.0,0.0,122.3315168,3.64e-12,-4.59e-96,0.0,1.000983978,66.0,1.48e-05,122.3314806,0.001590602,-7.84e-16,-1.32e-09,2.389840602,66.33596258,1.979576595,118.3408852,160.036269,-1.282841056,-0.051233786,21.14649008,71.41161808,26.90817385,149.8096912,44021.97996,328.6206727,0.058211025
1.001594273,155.8567438,12.87253572,1.027564392,153.585752,211.4537249,1.532868735,124.7134423,1836.9415,9.024468008,77.55648123,896.6623966,96.74650079,71.3250869,422.2117963,1.001594273,155.8567438,12.87253572,1.027564392,153.585752,211.4537249,1.532868735,124.7134423,1836.9415,9.024468008,77.55648123,896.6623966,96.74650079,71.3250869,422.2117963,1.000970839,155.9127093,2.801525908,186.8601203,7.850892282,8.51e-07,6.93e-07,1.015627961,154.6151262,11.07794038,185.6822284,122.8986338,0.007371513,0.000258825,1.304323968,135.0012622,38.06493679,166.7709588,1458.001633,32.91329608,0.067870109,7.262723186,80.15363865,32.76430888,122.5030731,1113.516496,123.5164457,0.219179951,75.36951548,72.33392035,22.86070817,117.121666,622.4736655,78.43932963,0.186588544,1.000970839,2.002390127,0.000460009,1.015627961,2.012302179,0.007177315,1.304323968,2.148619678,0.148837313,7.262723186,2.23732704,2.917856092,75.36951548,1.939329671,3.694436084,1.000000087,155.9999922,0.026472449,169.3871234,0.000700791,3.86e-109,0.0,1.000057844,155.9947943,0.684460478,169.3823363,0.468486146,1.1e-20,1.19e-14,1.038675291,152.6488313,17.04038882,166.3059406,290.3748511,-3.4e-07,-2.4e-06,2.396193739,108.8988516,44.95085033,130.5631576,2040.311404,-90.00781756,-0.11901226,18.90815428,91.21338385,40.0869952,123.4954192,1718.732237,39.40391968,0.039809678
1.000399714,66.0,0.0,1.012063575,66.0,1.83e-10,1.376337277,65.99924822,0.004695075,9.547124058,68.24531396,170.5399763,107.5175207,72.78855256,476.8940519,1.000399714,66.0,0.0,1.012063575,66.0,1.83e-10,1.376337277,65.99924822,0.004695075,9.547124058,68.24531396,170.5399763,107.5175207,72.78855256,476.8940519,1.000399714,66.0,0.0,103.2335961,316.0350168,-2.61e-32,0.0,1.012063575,66.0,9.54e-07,104.7766152,332.4939142,1.93e-20,1.11e-15,1.376050323,66.00000168,0.01231216,106.8518713,342.0307325,6.79e-05,0.000298102,7.998004324,68.59173164,13.9106753,114.0226566,376.4539025,49.04650463,0.196208253,85.39708045,74.17698917,24.01904443,118.44299,662.9306805,6.224567064,0.014340573,1.000399714,2.456844225,0.002439421,1.012063575,2.456974577,0.072775678,1.376050323,2.461183919,1.669769504,7.998004324,2.059510943,3.893766948,85.39708045,1.710776785,440.1616623,1.0,66.0,0.0,93.33809512,9.09e-13,2.0000000000000002e-72,0.0,1.0,66.0,9.54e-07,93.33809514,1.73e-06,3.48e-42,2.78e-33,1.000029524,66.00000232,0.014442585,93.36993626,2.384043342,1.36e-11,6.1e-10,1.872137539,75.2630172,27.34717486,110.2816673,934.1720623,55.28338613,0.085441229,19.73655373,95.77288983,42.22712652,124.8184243,1860.56486,24.88588679,0.025570679
3.99968933,102.0,1.82e-12,3.999813594,102.0,3.64e-12,3.999937893,101.9999997,1.28e-05,4.804904128,99.22257275,104.4384528,32.20541874,91.31579643,314.2075231,3.99968933,102.0,1.82e-12,3.999813594,102.0,3.64e-12,3.999937893,101.9999997,1.28e-05,4.804904128,99.22257275,104.4384528,32.20541874,91.31579643,314.2075231,1.0,102.0,0.0,144.2497834,0.0,0.0,0.0,1.0,102.0,0.0,144.2497834,0.0,0.0,0.0,1.0,102.0,1.91e-06,144.2497834,3.64e-12,-2.7599999999999997e-297,0.0,1.071721643,102.0,0.0,144.2497834,1.82e-12,1.5999999999999998e-30,0.0,4.223702208,102.0,1.91e-06,144.2497834,5.14e-12,1.51e-28,4.14e-17,1.0,39.02018785,0.0,1.0,39.02018785,0.0,1.0,39.02018785,0.0,1.071721643,39.01380728,0.000812707,4.223702208,38.98076332,0.519006638,1.0,102.0,0.0,144.2497834,0.0,0.0,0.0,1.0,102.0,0.0,144.2497834,0.0,0.0,0.0,1.0,102.0,1.91e-06,144.2497834,3.64e-12,-2.7599999999999997e-297,0.0,1.071721643,102.0,0.0,144.2497834,1.82e-12,1.5999999999999998e-30,0.0,4.223702208,102.0,1.91e-06,144.2497834,5.14e-12,1.51e-28,4.14e-17
1.000000065,66.0,1.64e-11,1.000064738,66.00000027,3.2e-06,1.078415244,66.04910374,0.599820629,10.52924389,69.97761344,230.9744505,104.1974878,82.87431677,12682.14317,1.000000065,66.0,1.64e-11,1.000064738,66.00000027,3.2e-06,1.078415244,66.04910374,0.599820629,10.52924389,69.97761344,230.9744505,104.1974878,82.87431677,12682.14317,1.000000065,66.0,4.05e-06,122.3315168,4.66e-11,-7.63e-13,-0.028528347,1.000064546,66.00000027,0.001788108,122.3315167,1.25e-05,-5.85e-07,-0.094146686,1.072606931,66.0494725,0.775114031,122.2676604,4.015754278,-0.443763599,-0.287316377,8.59249791,70.54695668,16.44449947,117.6341463,388.6045226,16.08257049,0.058542389,81.89162564,86.9687181,126.6626554,132.1193993,19294.87696,404.5072521,0.030845873,1.000000065,4.973346983,8.61e-07,1.000064546,4.973145671,0.000850447,1.072606931,4.75368021,0.89435496,8.59249791,1.940337002,4.599569663,81.89162564,1.787261697,935998.3808,1.0,66.0,4.05e-06,122.3315168,1.65e-11,3.95e-14,0.007237643,1.000000028,66.00000027,0.001788165,122.3315169,3.63e-06,7.48e-08,0.031899014,1.007139485,66.05255759,0.792419562,122.3264501,1.596587767,0.11316923,0.117874953,3.68433639,69.532043,5.468929352,119.4683048,184.6851871,19.01331403,0.257528335,22.49943128,67.31232263,3.747195589,116.1149638,241.4116946,12.83451925,0.220628709
2.6179623,64.56416718,6.553381025,2.750281211,64.35211789,7.17177721,2.992469886,64.14177977,7.696385971,11.46172517,66.23947465,90.13394528,101.0111618,69.65296707,313.7745027,2.6179623,64.56416718,6.553381025,2.750281211,64.35211789,7.17177721,2.992469886,64.14177977,7.696385971,11.46172517,66.23947465,90.13394528,101.0111618,69.65296707,313.7745027,1.991469603,66.0,0.0,122.3315164,1.75e-05,2.1900000000000002e-29,0.0,1.994924677,66.0,0.0,122.3310809,0.019156573,-6.31e-23,0.0,2.065239025,66.0,0.000660548,121.7661899,24.41495616,1.05e-07,3.23e-05,8.429348959,67.18818209,10.27251727,112.7956634,333.5599718,1.654451477,0.009053981,75.52904735,70.6867699,19.93006999,115.8946744,519.3561933,16.01772284,0.043936881,1.991469603,2.502611036,6.304475632,1.994924677,2.506881494,6.304469931,2.065239025,2.475939754,6.196678281,8.429348959,1.967371923,4.301108054,75.52904735,1.935898781,3.764992423,1.0,66.0,0.0,122.3315168,1.82e-12,-1.51e-74,0.0,1.000000002,66.0,9.54e-07,122.3315168,1.54e-06,-1.9300000000000001e-22,-1.63e-13,1.001867878,66.0,0.0,122.2991591,1.420538176,3.39e-25,0.0,2.56262929,66.0,9.54e-07,115.4453157,237.829379,-2.19e-14,-1.49e-09,19.59116354,66.00399802,0.218998397,115.0123889,248.3985743,-0.09930328,-0.028770547
1.000000004,97.99999985,5.66e-06,1.000009036,97.99965668,0.013058715,1.021763682,97.43771232,78.38182109,2.949869891,176.2245498,14883.76734,22.8317559,205.6793125,16202.75661,1.000000004,97.99999985,5.66e-06,1.000009036,97.99965668,0.013058715,1.021763682,97.43771232,78.38182109,2.949869891,176.2245498,14883.76734,22.8317559,205.6793125,16202.75661,1.000000004,97.99999985,0.002379192,114.9086593,5.66e-06,3.5e-268,0.0,1.000009036,97.99965664,0.114226575,114.9083665,0.013047711,9.52e-160,0.0,1.020828516,97.22466545,5.372296449,114.2481316,28.86156913,-2.2e-16,-4.29e-11,1.820810938,80.87058128,18.90769488,100.6988239,357.5009314,6.61e-05,1.38e-05,11.20833465,76.75456454,18.86684975,107.0899854,493.956058,403.0890098,1.154488423,1.000000004,5.585296232,1.55e-06,1.000009036,5.585475927,0.00357661,1.020828516,5.991232364,7.911471245,1.820810938,14.48989825,96.70232316,11.20833465,14.05943235,168.2930668,1.0,98.0,0.0,138.5929291,0.0,0.0,0.0,1.0,98.0,0.0,138.5929291,0.0,0.0,0.0,1.0,98.0,0.0,138.5929291,1.82e-12,6.96e-136,0.0,1.000036386,98.0,0.0,138.5929291,0.0,-9.45e-39,0.0,4.941862272,98.0,1.91e-06,138.5929291,8.13e-12,-2.16e-28,-4.21e-17
1.680659817,102.3692115,1950.509489,1.821182553,105.1806597,1991.135278,2.572356517,98.38214318,1865.789689,10.47836613,75.89542922,783.2623145,101.0375259,71.58467217,424.098585,1.680659817,102.3692115,1950.509489,1.821182553,105.1806597,1991.135278,2.572356517,98.38214318,1865.789689,10.47836613,75.89542922,783.2623145,101.0375259,71.58467217,424.098585,1.680630837,102.3698386,44.16469534,156.9555046,1950.52035,-0.626289932,-0.023211153,1.819289086,105.2214378,44.62743797,158.5374463,1991.619317,-10.7045321,-0.093025615,2.448638729,100.0182551,43.63944637,150.4280249,1908.296322,-9.929928552,-0.020612504,8.746386116,77.67443013,30.23300583,124.0318531,968.6331355,238.136751,0.439902579,79.9998237,72.55169335,22.74872977,117.5724406,618.8448698,66.95305771,0.159768028,1.680630837,0.862567645,0.830295769,1.819289086,0.936606354,0.860203289,2.448638729,1.086419248,1.057514699,8.746386116,1.855239005,3.05255183,79.9998237,1.826662494,3.44844452,1.67915873,102.4017238,44.17091403,156.9939818,1951.069646,-0.000309489,-0.000284211,1.792915005,105.7983918,44.69835872,159.2263647,1997.943292,-0.150752288,-0.006356008,1.968661042,108.312219,44.91965976,159.1794002,2021.291736,-60.16500929,-0.122695329,3.40550875,95.97126118,42.41623407,133.343936,1931.331328,116.9766428,0.104069372,20.61273468,90.14873717,39.70599992,123.7671074,1699.563594,121.1460999,0.121098634
1.000000372,66.00000232,3.71e-05,1.000203726,66.00126101,0.020174604,1.127958448,66.60820154,9.368267286,10.08965147,71.9493855,389.1826159,103.2466588,71.65545363,415.1949201,1.000000372,66.00000232,3.71e-05,1.000203726,66.00126101,0.020174604,1.127958448,66.60820154,9.368267286,10.08965147,71.9493855,389.1826159,103.2466588,71.65545363,415.1949201,1.000000028,66.0,9.54e-07,122.3315168,4.29e-10,1.09e-25,5.54e-15,1.000029582,66.0,0.0,122.331516,3.26e-05,-1.0099999999999999e-23,0.0,1.036288553,66.00008094,0.08241426,122.2756047,2.4550579,-6.95e-06,-5.38e-05,7.14160081,72.87902253,22.81596263,120.4031167,581.0191291,-17.36302779,-0.047373023,78.85152196,72.70661213,22.84152338,117.9415554,617.6512911,13.31076068,0.032050674,1.000000028,5.015633055,9.33e-08,1.000029582,5.015579264,9.81e-05,1.036288553,4.945979125,0.15182934,7.14160081,2.325619423,4.359800191,78.85152196,1.855713552,4.160562877,1.0,66.0,0.0,122.3315168,0.0,1.15e-103,0.0,1.000000001,66.0,9.54e-07,122.3315168,9.09e-13,-1.53e-55,0.0,1.000969673,66.0,9.54e-07,122.3315168,1.38e-06,-5.32e-22,-4.74e-13,2.173702406,66.17658216,1.44492374,120.3958299,83.79283278,-0.437304835,-0.033067651,19.50860068,66.44560943,2.26908471,116.5031765,216.9318289,2.411339029,0.072161758
1.999109895,101.9999948,0.00021682,1.999608428,101.9970021,0.125904503,2.084045205,100.3258861,67.41713281,4.508396428,86.9119944,386.2931142,30.44854291,91.10923336,313.9939574,1.999109895,101.9999948,0.00021682,1.999608428,101.9970021,0.125904503,2.084045205,100.3258861,67.41713281,4.508396428,86.9119944,386.2931142,30.44854291,91.10923336,313.9939574,1.0,102.0,0.0,144.2497834,0.0,0.0,0.0,1.0,102.0,0.0,144.2497834,0.0,0.0,0.0,1.0,102.0,0.0,144.2497834,1.82e-12,2.9099999999999997e-147,0.0,1.071721691,102.0,0.0,144.2497834,3.64e-12,-2.3100000000000002e-29,0.0,4.219853892,102.0,1.35e-06,144.2497834,2.57e-12,-2.92e-28,-1.6e-16,1.0,39.0195179,0.0,1.0,39.0195179,0.0,1.0,39.0195179,0.0,1.071721691,39.01379177,0.000628296,4.219853892,39.01979491,0.003619342,1.0,102.0,0.0,144.2497834,0.0,0.0,0.0,1.0,102.0,0.0,144.2497834,0.0,0.0,0.0,1.0,102.0,0.0,144.2497834,1.82e-12,2.9099999999999997e-147,0.0,1.071721691,102.0,0.0,144.2497834,3.64e-12,-2.3100000000000002e-29,0.0,4.219853892,102.0,1.35e-06,144.2497834,2.57e-12,-2.92e-28,-1.6e-16
1.000000038,60.00000329,0.000999776,1.000045272,60.00517398,1.599771404,1.055947831,67.75012598,2364.748261,2.436779088,154.0569809,20695.45551,11.10491624,188.5988249,24764.84075,1.000000038,60.00000329,0.000999776,1.000045272,60.00517398,1.599771404,1.055947831,67.75012598,2364.748261,2.436779088,154.0569809,20695.45551,11.10491624,188.5988249,24764.84075,1.0,60.0,0.0,84.85281374,0.0,0.0,0.0,1.0,60.0,0.0,84.85281374,0.0,0.0,0.0,1.0,60.0,0.0,84.85281374,0.0,0.0,0.0,1.016021943,60.0,6.74e-07,84.85281374,4.55e-13,1.21e-32,0.0,2.910708018,60.0,9.54e-07,84.85281374,1.64e-12,1.06e-23,9.52e-12,1.0,59.86575603,0.0,1.0,59.86575603,0.0,1.0,59.86575603,0.0,1.016021943,59.86744271,0.002596425,2.910708018,61.05546346,95.81302818,1.0,60.0,0.0,84.85281374,0.0,0.0,0.0,1.0,60.0,0.0,84.85281374,0.0,0.0,0.0,1.0,60.0,0.0,84.85281374,0.0,0.0,0.0,1.016021943,60.0,6.74e-07,84.85281374,4.55e-13,7.6e-40,0.0,2.910708018,60.0,9.54e-07,84.85281374,1.64e-12,-2.4800000000000002e-29,-2.23e-17
1.002042804,60.01223215,0.073250111,1.037808928,60.21895399,1.273813776,1.758635907,62.84952678,14.72614013,9.991387073,68.81019072,213.2337526,102.7688361,70.85215952,338.5411303,1.002042804,60.01223215,0.073250111,1.037808928,60.21895399,1.273813776,1.758635907,62.84952678,14.72614013,9.991387073,68.81019072,213.2337526,102.7688361,70.85215952,338.5411303,1.0,60.0,0.0,84.85281374,0.0,0.0,0.0,1.0,60.0,0.0,84.85281374,0.0,0.0,0.0,1.000000007,60.0,6.74e-07,84.85281374,1.02e-12,9.7e-74,1.5099999999999999e-61,1.170163116,60.0,0.0,84.85281374,9.09e-13,-8.33e-50,0.0,5.301414611,60.0,0.0,84.85281374,2.27e-12,-2.7e-30,0.0,1.0,27.08415198,0.0,1.0,27.08415198,0.0,1.000000007,27.08415203,3.03e-07,1.170163116,27.9695552,4.909553308,5.301414611,30.2049268,13.8269559,1.0,60.0,0.0,84.85281374,0.0,0.0,0.0,1.0,60.0,0.0,84.85281374,0.0,0.0,0.0,1.000000007,60.0,6.74e-07,84.85281374,1.02e-12,9.7e-74,1.5099999999999999e-61,1.170163116,60.0,0.0,84.85281374,9.09e-13,-8.33e-50,0.0,5.301414611,60.0,0.0,84.85281374,2.27e-12,-2.7e-30,0.0
2.985484682,456.3869627,373.5689174,2.991277688,456.3655122,373.8308756,2.997088228,456.3440549,374.0937704,3.849675132,420.3963292,11363.64355,27.85748883,311.4495173,30426.53975,2.985484682,456.3869627,373.5689174,2.991277688,456.3655122,373.8308756,2.997088228,456.3440549,374.0937704,3.849675132,420.3963292,11363.64355,27.85748883,311.4495173,30426.53975,2.985484682,456.3869627,19.32793102,456.3869627,373.5689174,0.0,0.0,2.991277688,456.3655122,19.33470651,456.3655122,373.8308756,0.0,0.0,2.997088183,456.34406,19.34145769,456.34406,374.0919856,0.0,0.0,3.428286138,456.3345969,19.34441961,456.3345969,374.2065701,0.0,0.0,15.98130353,456.3338595,19.34464642,456.3338595,374.2153452,0.0,0.0,2.985484682,9.962373664,199.5772755,2.991277688,9.977486485,199.7293121,2.997088183,9.992601418,199.880913,3.428286138,9.998440954,199.9089846,15.98130353,10.56841376,859509587.8,2.985484682,456.3869627,19.32793102,456.3869627,373.5689174,0.0,0.0,2.991277688,456.3655122,19.33470651,456.3655122,373.8308756,0.0,0.0,2.997088183,456.34406,19.34145769,456.34406,374.0919856,0.0,0.0,3.428286138,456.3345969,19.34441961,456.3345969,374.2065701,0.0,0.0,15.98130353,456.3338595,19.34464642,456.3338595,374.2153452,0.0,0.0
2.97650598,66.00000001,1.27e-06,2.986096037,66.00007609,0.006848372,3.118372207,66.39317505,35.21888738,11.85620381,72.02161168,482.047252,103.2036969,70.93005056,388.1635364,2.97650598,66.00000001,1.27e-06,2.986096037,66.00007609,0.006848372,3.118372207,66.39317505,35.21888738,11.85620381,72.02161168,482.047252,103.2036969,70.93005056,388.1635364,2.976505438,66.00000001,0.001128655,122.3315168,1.28e-06,4.7e-09,0.014061821,2.985922077,66.0000761,0.082757303,122.3315792,0.006860863,0.000131909,0.078993653,3.062418132,66.40017214,5.987934099,122.6297987,35.93932552,1.298266657,0.138366776,9.48686693,73.05541678,24.19108522,121.4473966,643.4538256,125.0724813,0.316106332,79.99760924,71.7243317,21.96396844,116.5165593,594.2644081,77.59705832,0.189651033,2.976505438,1.593079228,5.094996933,2.985922077,1.595598245,5.098986039,3.062418132,1.597081336,5.028893329,9.48686693,1.759044864,4.531191702,79.99760924,1.830280065,4.481959263,1.988251055,66.0,1.35e-06,122.3315168,1.82e-12,-2.3699999999999998e-119,0.0,1.992933978,66.0,0.0,122.3315168,3.64e-12,-5.0999999999999996e-40,0.0,1.998608584,66.0,9.54e-07,122.3315168,1.41e-06,3.59e-22,3.17e-13,3.164837561,66.0,0.0,119.948895,97.05945497,-1.5e-14,0.0,20.31726304,66.0000001,0.001117341,115.3493881,240.2056908,-1.09e-05,-0.00062664
7.583381337,497.8721911,333139.1479,12.28897836,555.1698592,362651.1671,22.99504693,563.8877007,374328.9992,39.04971764,463.8190272,339169.923,119.8707907,203.1024831,148603.5536,7.583381337,497.8721911,333139.1479,12.28897836,555.1698592,362651.1671,22.99504693,563.8877007,374328.9992,39.04971764,463.8190272,339169.923,119.8707907,203.1024831,148603.5536,7.497055617,502.7298875,578.7073467,546.4062553,356307.2886,48990.10608,0.242726766,11.98552208,567.3017547,604.8739988,621.5689832,402551.7957,86249.79458,0.348006846,21.92760803,587.6384653,616.765286,656.8858095,434112.1501,154953.5007,0.549335727,35.86217808,498.5603931,595.4220925,567.1467111,402611.3006,201561.4646,0.774977192,98.03469422,232.9137363,420.491272,283.0612496,193576.9602,114613.2559,0.970998033,7.497055617,0.054331613,0.019631607,11.98552208,0.060509155,0.040506913,21.92760803,0.094179502,0.119766704,35.86217808,0.452227304,1.380921259,98.03469422,15.37770891,20908274806.0,4.834144501,107.0255711,79.31040747,439.0238998,222994.838,532.1976299,0.01421287,6.809997278,108.8052159,80.35188498,555.5309653,297268.2514,-3034.49836,-0.069273607,10.70063724,109.0458657,80.75988732,675.9710982,349192.3808,-279.7541696,-0.005862547,13.61152504,108.8182502,80.87035481,724.3492194,363313.2582,8905.945037,0.182719638,13.96048444,108.7890159,80.88153665,728.8611578,364449.6062,10338.40268,0.211748477
1.0,102.0,6.74e-09,1.000000141,101.9999941,0.000248675,1.005360673,101.7819558,9.086700449,2.579391938,89.1222371,347.0265039,28.51371386,91.70044615,299.8040627,1.0,102.0,6.74e-09,1.000000141,101.9999941,0.000248675,1.005360673,101.7819558,9.086700449,2.579391938,89.1222371,347.0265039,28.51371386,91.70044615,299.8040627,1.0,102.0,0.0,144.2497834,0.0,0.0,0.0,1.0,102.0,0.0,144.2497834,0.0,0.0,0.0,1.0,102.0,0.0,144.2497834,1.82e-12,0.0,0.0,1.071713266,102.0,1.91e-06,144.2497834,4.07e-12,7.2e-33,2.8000000000000004e-21,4.220529324,102.0,1.35e-06,144.2497834,7.5e-12,-3.18e-28,-8.73e-17,1.0,39.01554608,0.0,1.0,39.01554608,0.0,1.0,39.01554608,2.27e-13,1.071713266,39.01535165,6.84e-06,4.220529324,39.0126313,0.005572197,1.0,102.0,0.0,144.2497834,0.0,0.0,0.0,1.0,102.0,0.0,144.2497834,0.0,0.0,0.0,1.0,102.0,0.0,144.2497834,1.82e-12,0.0,0.0,1.071713266,102.0,1.91e-06,144.2497834,4.07e-12,7.2e-33,2.8000000000000004e-21,4.220529324,102.0,1.35e-06,144.2497834,7.5e-12,-3.18e-28,-8.73e-17
1.98196133,66.0,9.09e-13,1.989659073,66.0,1.17e-09,2.132955677,66.00310381,0.255040289,10.4657488,69.9152315,322.1061472,97.04892283,70.418864,419.485482,1.98196133,66.0,9.09e-13,1.989659073,66.0,1.17e-09,2.132955677,66.00310381,0.255040289,10.4657488,69.9152315,322.1061472,97.04892283,70.418864,419.485482,1.981960937,66.0,9.54e-07,122.3314846,0.00141302,-4.17e-19,-1.16e-11,1.989515592,66.0,3.4e-05,122.3263784,0.225766279,-2.51e-13,-1.55e-08,2.08050618,66.00284291,0.505819652,121.5372077,34.14513354,-0.008024295,-0.002714894,7.904337357,70.78398091,20.1908843,121.777506,442.3103264,7.287437228,0.027553528,71.73550353,71.53075163,21.70024793,122.3983339,534.5853579,24.10233697,0.069821928,1.981960937,1.876783023,3.566969322,1.989515592,1.88410484,3.56752596,2.08050618,1.972066252,3.648144481,7.904337357,2.172422603,6.689292308,71.73550353,4238.587511,6499880000000.0,1.0,66.0,0.0,122.3315168,0.0,-1.26e-52,0.0,1.000000057,66.0,0.0,122.3315168,0.0,-3.98e-43,0.0,1.003869471,66.0,9.54e-07,122.3315168,3.75e-12,-1.53e-30,-8.42e-19,2.330230531,66.0,1.35e-06,122.3315168,2.57e-12,2.04e-28,1.12e-16,18.35208533,66.0078421,1.173154572,122.3831004,68.96966799,6.168006208,0.633145814
3.041528306,215.6792405,42237.18135,3.630249011,193.967934,37855.43401,5.647813272,155.0898162,27242.48325,13.66523128,140.4378014,16599.2742,43.7670327,165.1299954,18333.79991,3.041528306,215.6792405,42237.18135,3.630249011,193.967934,37855.43401,5.647813272,155.0898162,27242.48325,13.66523128,140.4378014,16599.2742,43.7670327,165.1299954,18333.79991,2.700274072,230.556116,213.5468098,242.1407083,45602.23997,0.0,0.0,3.03405357,212.9305174,207.6069732,225.4227257,43100.65534,0.0,0.0,3.844640718,183.2297558,193.1786096,197.6085611,37317.9752,-8.88e-109,0.0,5.579678368,149.1255986,168.2282681,167.8626905,28614.37573,-232.446757,-0.021257625,14.65088595,126.8326991,151.5974834,1016.23388,417460.0536,-22416.04773,-0.229028294,2.700274072,0.257875543,0.244134529,3.03405357,0.389475305,3.454071631,3.844640718,3.230685051,308.773262,5.579678368,17.17673407,1664.249485,14.65088595,17.13094414,13998900.69,2.700274072,230.556116,213.5468098,242.1407083,45602.23997,0.0,0.0,3.03405357,212.9305174,207.6069732,225.4227257,43100.65534,0.0,0.0,3.844640718,183.2297558,193.1786096,197.6085611,37317.9752,0.0,0.0,5.576680036,149.1523138,168.2450967,166.5004886,28306.41257,0.0,0.0,5.953884127,144.3759242,163.8611849,162.2356542,26850.48791,0.0,0.0
1.0,330.0,4.64e-09,1.000000016,329.9999962,0.000873199,1.004986052,328.8432887,268.5579324,6.280990841,146.0838589,10096.5381,31.22347876,175.1729141,14264.72806,1.0,330.0,4.64e-09,1.000000016,329.9999962,0.000873199,1.004986052,328.8432887,268.5579324,6.280990841,146.0838589,10096.5381,31.22347876,175.1729141,14264.72806,1.0,330.0,0.0,431.4904402,0.0,0.0,0.0,1.0,330.0,0.0,431.4904402,0.0,0.0,0.0,1.000000029,330.0,6.61e-06,431.4904402,4.6e-11,-7.280000000000001e-132,-2.89e-121,1.213654145,330.0,3.81e-06,431.4904402,1.46e-11,5e-60,0.0,6.270341407,330.0,8.53e-06,431.4904402,7.84e-11,3.1000000000000002e-27,6.73e-17,1.0,25.061414,0.0,1.0,25.061414,0.0,1.000000029,25.061414,3.41e-13,1.213654145,25.06008357,6.17e-05,6.270341407,25.06476103,0.000995552,1.0,330.0,0.0,431.4904402,0.0,0.0,0.0,1.0,330.0,0.0,431.4904402,0.0,0.0,0.0,1.000000029,330.0,6.61e-06,431.4904402,4.6e-11,-7.280000000000001e-132,-2.89e-121,1.213654145,330.0,3.81e-06,431.4904402,1.46e-11,5e-60,0.0,6.270341407,330.0,8.53e-06,431.4904402,7.84e-11,3.1000000000000002e-27,6.73e-17
2.587533974,66.07131978,1.136031023,2.880988959,66.38168548,5.962416343,3.996179267,67.59636446,23.95563849,12.24883222,68.09244305,127.0534614,98.65312233,70.3703542,344.5898753,2.587533974,66.07131978,1.136031023,2.880988959,66.38168548,5.962416343,3.996179267,67.59636446,23.95563849,12.24883222,68.09244305,127.0534614,98.65312233,70.3703542,344.5898753,2.560204803,66.0,9.54e-07,122.3251855,0.278172111,-1.77e-65,-3.5200000000000002e-59,2.729220787,66.0,9.54e-07,122.1883546,6.263757947,-3.44e-15,-1.44e-09,3.120756219,66.0000001,0.003030411,119.4317853,116.0877267,-5.37e-07,-1.64e-05,8.694053459,67.68984625,12.21599698,115.5068949,315.537606,3.31325162,0.016266299,75.924067,71.04946997,20.70785885,116.5413112,541.8937006,15.23923013,0.040430653,2.560204803,0.735027723,1.128280564,2.729220787,0.770489913,1.163303086,3.120756219,0.94565173,1.456749915,8.694053459,1.881731665,3.510720583,75.924067,1.925074412,3.546925722,1.764739073,66.0,0.0,122.3315168,3.64e-12,1.3199999999999998e-89,0.0,1.851349663,66.0,0.0,122.3315168,0.0,-3.6799999999999997e-68,0.0,1.948676548,66.0,0.0,122.3315168,1.34e-06,-6.43e-50,0.0,3.133977439,66.0,0.0,120.2221244,86.71005462,-4.54e-14,0.0,19.85253966,66.00096563,0.107641406,115.9212915,225.6634436,-0.034716189,-0.021469507
1.352608765,101.9749329,3670.344943,1.535027201,114.0993129,4324.16128,1.811818517,127.8335105,4709.673549,3.197605797,203.2477879,22784.35912,29.21626856,273.0887909,32163.38756,1.352608765,101.9749329,3670.344943,1.535027201,114.0993129,4324.16128,1.811818517,127.8335105,4709.673549,3.197605797,203.2477879,22784.35912,29.21626856,273.0887909,32163.38756,1.352608765,101.9749329,60.58337183,209.4943602,3670.344943,0.0,0.0,1.535027201,114.0993129,65.75835521,215.6563313,4324.16128,0.0,0.0,1.811817897,127.8334049,68.6268163,223.2271924,4709.639915,-2.2999999999999998e-48,0.0,2.262659234,134.2583834,68.99601441,226.9676486,4760.450005,2.98e-16,0.0,10.64234364,134.9030055,68.99991498,227.3489426,4760.988268,0.02740695,0.001359285,1.352608765,7.955646724,166.181654,1.535027201,10.53551563,195.7843977,1.811817897,13.4579048,213.2376557,2.262659234,14.81469616,214.9563949,10.64234364,14.97217814,212.7936698,1.352608765,101.9749329,60.58337183,209.4943602,3670.344943,0.0,0.0,1.535027201,114.0993129,65.75835521,215.6563313,4324.16128,0.0,0.0,1.811817897,127.8334049,68.6268163,223.2271924,4709.639915,-2.2999999999999998e-48,0.0,2.262659234,134.2583834,68.99601441,226.9676486,4760.450005,2.98e-16,0.0,10.64234364,134.9030055,68.99991498,227.3489426,4760.988268,0.02740695,0.001359285
1.0,330.0,0.0,1.0,330.0,0.0,1.000000051,329.9999999,1.88e-05,2.341424132,236.7734216,13518.84901,27.67470878,187.2886824,14750.87747,1.0,330.0,0.0,1.0,330.0,0.0,1.000000051,329.9999999,1.88e-05,2.341424132,236.7734216,13518.84901,27.67470878,187.2886824,14750.87747,1.0,330.0,0.0,431.4904402,0.0,0.0,0.0,1.0,330.0,0.0,431.4904402,0.0,0.0,0.0,1.000000025,330.0,3.81e-06,431.4904402,1.46e-11,-1.3099999999999999e-176,0.0,1.211125277,330.0,6.61e-06,431.4904402,4.37e-11,7.820000000000001e-31,0.0,6.268767395,330.0,1.14e-05,431.4904402,1.32e-10,-5.1500000000000005e-27,-1.18e-16,1.0,25.23046589,0.0,1.0,25.23046589,0.0,1.000000025,25.23046588,6.8e-10,1.211125277,25.20190356,0.00387835,6.268767395,25.07165959,0.008252288,1.0,330.0,0.0,431.4904402,0.0,0.0,0.0,1.0,330.0,0.0,431.4904402,0.0,0.0,0.0,1.000000025,330.0,3.81e-06,431.4904402,1.46e-11,-1.3099999999999999e-176,0.0,1.211125277,330.0,6.61e-06,431.4904402,4.37e-11,7.820000000000001e-31,0.0,6.268767395,330.0,1.14e-05,431.4904402,1.32e-10,-5.1500000000000005e-27,-1.18e-16
1.023138107,66.0,1.82e-12,1.104437107,66.0,2.75e-07,1.536968055,66.01960579,1.763619799,8.987337679,71.28059809,427.1979713,96.10176667,75.51100983,2728.84769,1.023138107,66.0,1.82e-12,1.104437107,66.0,2.75e-07,1.536968055,66.01960579,1.763619799,8.987337679,71.28059809,427.1979713,96.10176667,75.51100983,2728.84769,1.023138107,66.0,9.54e-07,120.476607,76.88771987,-6.44e-16,-7.71e-11,1.104437104,66.0,0.000524341,117.372456,184.5417125,-3.05e-08,-4.29e-06,1.535569552,66.01961555,1.328538473,111.6286576,312.099512,-0.262376359,-0.011179117,7.437592825,71.98904903,22.43049827,119.5883031,577.4394811,98.26550577,0.260246084,74.86371284,77.40713477,58.90811057,122.153135,3694.705768,12.50808706,0.005961975,1.023138107,1.150418526,0.175372535,1.104437104,1.352996298,0.67938142,1.535569552,2.008759238,1.922802295,7.437592825,2.212656395,3.791618911,74.86371284,1.961681076,11860530.36,1.0,66.0,0.0,122.3315168,3.64e-12,-2.32e-119,0.0,1.000000001,66.0,0.0,122.3315168,1.82e-12,-1.1899999999999999e-95,0.0,1.000980754,66.0,0.0,122.3314809,0.001579309,3.78e-25,0.0,2.321931704,66.00012167,0.038210644,117.9732572,165.7904129,-0.001872467,-0.003805837,19.80416731,66.38757421,2.121505151,115.9656154,230.308088,3.076499861,0.095565181
1.005556844,81.91158183,1.40687301,1.044724747,81.31503877,10.49020788,1.480086121,76.82758438,57.2925584,10.22780642,72.76687845,391.0968714,109.058713,72.91045826,460.1437125,1.005556844,81.91158183,1.40687301,1.044724747,81.31503877,10.49020788,1.480086121,76.82758438,57.2925584,10.22780642,72.76687845,391.0968714,109.058713,72.91045826,460.1437125,1.0,82.0,5.68e-05,105.2615789,3.23e-09,2.31e-59,0.0,1.000000289,81.99999538,0.008596565,105.2615753,7.39e-05,4.66e-26,4.02e-18,1.006609208,81.89494699,1.292212064,105.1797622,1.669812019,-2.45e-10,-1.04e-07,2.28235826,74.88835338,7.808450209,102.1730072,72.96417292,2.995175687,0.060590934,18.61674565,71.2745045,7.383141561,101.2541691,78.82966213,8.074942526,0.14493453,1.0,7.241348982,7.72e-10,1.000000289,7.241351241,1.77e-05,1.006609208,7.292720528,0.399301756,2.28235826,9.040629024,20.7048487,18.61674565,8.070549588,30.25289533,1.0,82.0,5.68e-05,105.2615789,3.23e-09,2.31e-59,0.0,1.000000289,81.99999538,0.008596565,105.2615753,7.39e-05,4.66e-26,4.02e-18,1.006609208,81.89494699,1.292212064,105.1797622,1.669812019,-2.45e-10,-1.04e-07,2.28235826,74.88835338,7.808450209,102.1730072,72.96417292,2.995175687,0.060590934,18.61674565,71.2745045,7.383141561,101.2541691,78.82966213,8.074942526,0.14493453
1.000000029,60.00000794,0.00214425,1.000039952,60.01078666,2.91228261,1.054269811,73.89778428,3559.253348,3.187138233,203.4401256,18153.76428,19.90266965,224.273863,17368.04095,1.000000029,60.00000794,0.00214425,1.000039952,60.01078666,2.91228261,1.054269811,73.89778428,3559.253348,3.187138233,203.4401256,18153.76428,19.90266965,224.273863,17368.04095,1.0,60.0,0.0,84.85281374,0.0,0.0,0.0,1.0,60.0,0.0,84.85281374,0.0,0.0,0.0,1.000000026,60.0,6.74e-07,84.85281374,1.02e-12,-9.289999999999999e-67,-1.4399999999999997e-54,1.212930529,60.0,0.0,84.85281374,4.55e-13,4.5700000000000005e-33,0.0,6.26487666,60.0,6.74e-07,84.85281374,2.32e-12,1.78e-14,0.017536737,1.0,25.20165014,0.0,1.0,25.20165014,0.0,1.000000026,25.20165012,1.4e-08,1.212930529,25.10297448,0.072850197,6.26487666,25.0951714,1.949143112,1.0,60.0,0.0,84.85281374,0.0,0.0,0.0,1.0,60.0,0.0,84.85281374,0.0,0.0,0.0,1.000000026,60.0,6.74e-07,84.85281374,1.02e-12,-9.289999999999999e-67,-1.4399999999999997e-54,1.212930529,60.0,0.0,84.85281374,4.55e-13,4.5700000000000005e-33,0.0,6.26487666,60.0,6.74e-07,84.85281374,2.32e-12,5.12e-29,5.03e-17
1.030082298,66.0,0.0,1.122243386,66.0,9.09e-13,1.566654138,66.00022755,0.020469437,9.297459952,69.43896751,278.9131057,94.89249759,71.81534783,1676.412634,1.030082298,66.0,0.0,1.122243386,66.0,9.09e-13,1.566654138,66.00022755,0.020469437,9.297459952,69.43896751,278.9131057,94.89249759,71.81534783,1676.412634,1.00000007,66.0,0.0,122.3297184,0.079025371,3.87e-25,0.0,1.000067358,66.0,9.54e-07,122.2640731,2.957683867,4.3e-14,2.62e-08,1.070433135,66.00033284,0.173075823,119.9994376,95.2196347,-0.001346534,-0.000797293,7.488614795,69.93930014,18.41245999,115.364723,476.7392384,-32.37864667,-0.096052099,74.78237392,72.72758341,45.93054054,118.128822,2454.205453,32.58362197,0.020032711,1.00000007,4.953373659,1.03e-06,1.000067358,4.953133268,0.000987693,1.070433135,4.725468357,0.867318349,7.488614795,2.198979786,3.829316969,74.78237392,1.954803117,3.641685405,1.0,66.0,0.0,122.3315168,3.64e-12,-1.7e-73,0.0,1.000000001,66.0,0.0,122.3315168,1.68e-06,8.55e-31,0.0,1.000983351,66.0,0.0,122.2982512,1.460356022,2.26e-24,0.0,2.31514698,66.00001012,0.011022514,114.8750906,251.5664648,-0.000342971,-0.001961782,20.36247564,66.21261158,1.583077796,114.4098808,264.7632886,0.582533103,0.022615136
1.0,330.0,0.0,1.0,330.0,0.0,1.000000963,329.9997553,0.066068317,1.729416906,282.7902255,10517.87631,17.38885289,239.3148431,16261.17136,1.0,330.0,0.0,1.0,330.0,0.0,1.000000963,329.9997553,0.066068317,1.729416906,282.7902255,10517.87631,17.38885289,239.3148431,16261.17136,1.0,330.0,0.0,431.4904402,0.0,0.0,0.0,1.0,330.0,0.0,431.4904402,0.0,0.0,0.0,1.000000028,330.0,0.0,431.4904402,1.46e-11,5.8507703298144e-311,0.0,1.213496276,330.0,6.61e-06,431.4904402,4.37e-11,-3.23e-97,0.0,6.27409002,330.0,0.0,431.4904402,1.46e-11,-2.35e-28,0.0,1.0,25.08295512,0.0,1.0,25.08295512,0.0,1.000000028,25.08295512,1.7e-10,1.213496276,25.06890189,0.00095613,6.27409002,25.04842105,0.005117685,1.0,330.0,0.0,431.4904402,0.0,0.0,0.0,1.0,330.0,0.0,431.4904402,0.0,0.0,0.0,1.000000028,330.0,0.0,431.4904402,1.46e-11,5.8507703298144e-311,0.0,1.213496276,330.0,6.61e-06,431.4904402,4.37e-11,-3.23e-97,0.0,6.27409002,330.0,0.0,431.4904402,1.46e-11,-2.35e-28,0.0
1.000341452,61.99931733,0.001364908,1.008317925,61.98351475,0.03439321,1.213310229,62.21557695,80.31399988,4.474901777,184.7124834,28045.87464,31.86745909,263.204784,32935.68362,1.000341452,61.99931733,0.001364908,1.008317925,61.98351475,0.03439321,1.213310229,62.21557695,80.31399988,4.474901777,184.7124834,28045.87464,31.86745909,263.204784,32935.68362,1.0,62.0,0.0,62.0,0.0,0.0,0.0,1.0,62.0,0.0,62.0,0.0,0.0,0.0,1.0,62.0,0.0,62.0,0.0,0.0,0.0,1.000251633,62.0,6.74e-07,62.0,4.55e-13,0.0,0.0,1.746312978,61.99999986,0.000533935,61.99999986,2.85e-07,0.0,0.0,1.0,119.566386,0.0,1.0,119.566386,0.0,1.0,119.566386,0.0,1.000251633,119.5677948,0.007889529,1.746312978,122.766897,503864.6134,1.0,62.0,0.0,62.0,0.0,0.0,0.0,1.0,62.0,0.0,62.0,0.0,0.0,0.0,1.0,62.0,0.0,62.0,0.0,0.0,0.0,1.000251633,62.0,6.74e-07,62.0,4.55e-13,0.0,0.0,1.746312978,61.99999986,0.000533935,61.99999986,2.85e-07,0.0,0.0
1.999954586,66.0,0.0,2.000008547,66.0,0.0,2.057822904,65.99998301,0.000102591,9.592726839,67.11567989,102.1323082,96.56414362,70.14257443,325.4092176,1.999954586,66.0,0.0,2.000008547,66.0,0.0,2.057822904,65.99998301,0.000102591,9.592726839,67.11567989,102.1323082,96.56414362,70.14257443,325.4092176,1.999954585,66.0,1.35e-06,122.3315168,5.34e-09,-1.0199999999999999e-24,-1.03e-14,2.00000372,66.0,9.54e-07,122.3315134,0.000149897,-2.87e-20,-2.46e-12,2.0409165,66.00000001,0.000724745,122.2065738,5.469658515,-1.99e-09,-1.17e-06,8.021421586,67.31433667,10.78867296,114.0950467,318.7791322,-7.153061678,-0.038487012,75.47642081,70.82228179,19.99204989,116.3239997,517.219792,42.31736735,0.11682513,1.999954585,2.49755024,6.23797509,2.00000372,2.497573405,6.237878567,2.0409165,2.49519634,6.125377078,8.021421586,2.064547275,4.224001763,75.47642081,1.936859556,3.652065718,1.0,66.0,0.0,122.3315168,0.0,-2.05e-58,0.0,1.000000002,66.0,0.0,122.3315167,1.78e-06,8.879999999999999e-147,0.0,1.002041543,66.0,0.0,122.297569,1.490273884,4.59e-22,0.0,2.64735015,66.0,9.54e-07,114.8165845,252.9227963,-5.36e-15,-3.53e-10,19.71882885,66.01511369,0.42560065,114.9257641,250.5867034,-0.281862804,-0.041836614
1.025679265,81.59190707,6.528196172,1.132086789,80.0044177,30.78000384,1.993231588,72.64317681,92.60682285,10.41575411,68.1513972,169.7279973,104.8010085,70.57245542,334.012504,1.025679265,81.59190707,6.528196172,1.132086789,80.0044177,30.78000384,1.993231588,72.64317681,92.60682285,10.41575411,68.1513972,169.7279973,104.8010085,70.57245542,334.012504,1.000000061,81.99999902,0.003963855,105.2615782,1.57e-05,8.66e-110,0.0,1.000047076,81.99924682,0.109773672,105.2609922,0.012050259,1.72e-21,1.16e-14,1.036108714,81.44239499,2.934409099,104.8277814,8.610756762,-1.72e-08,-2.36e-06,2.3444424,73.76346132,7.996502326,100.2011321,68.9442128,-4.843316821,-0.119295787,17.965411,70.43511657,7.160626008,99.68392849,73.04403706,1.184897937,0.022942141,1.000000061,4.791552696,6.45e-06,1.000047076,4.792034485,0.004943671,1.036108714,5.148698987,3.532523414,2.3444424,8.857538723,24.69420123,17.965411,8.36517638,29.49952783,1.000000061,81.99999902,0.003963855,105.2615782,1.57e-05,8.66e-110,0.0,1.000047076,81.99924682,0.109773672,105.2609922,0.012050259,1.72e-21,1.16e-14,1.036108714,81.44239499,2.934409099,104.8277814,8.610756762,-1.72e-08,-2.36e-06,2.3444424,73.76346132,7.996502326,100.2011321,68.9442128,-4.843316821,-0.119295787,17.965411,70.43511657,7.160626008,99.68392849,73.04403706,1.184897937,0.022942141
1.123370903,66.66701747,10.22736729,1.378522292,67.84938291,26.17024841,2.541078111,69.40480373,45.68205982,12.40010883,71.13084337,363.5047911,101.0326916,70.65904383,374.5502161,1.123370903,66.66701747,10.22736729,1.378522292,67.84938291,26.17024841,2.541078111,69.40480373,45.68205982,12.40010883,71.13084337,363.5047911,101.0326916,70.65904383,374.5502161,1.000078557,66.0,1.35e-06,122.3315168,1.57e-09,-3.21e-14,-0.000601256,1.005345116,66.00000004,0.0019033,122.3315184,3.11e-05,-1.28e-08,-0.001211133,1.366766132,66.05044636,2.130170729,122.387672,4.595858342,0.336377702,0.184911991,8.426851739,72.1062115,22.36813652,124.3928087,516.3274414,92.33580683,0.365559137,74.35516795,71.95050377,21.96056044,122.7575873,513.6812481,57.27476261,0.196099457,1.000078557,3.042997751,0.000923955,1.005345116,3.03948595,0.062567295,1.366766132,2.861725365,3.116412739,8.426851739,2.043299147,6.784484176,74.35516795,2.304254817,499870256.8,1.0,66.0,1.35e-06,136.0771798,0.000253623,-1.41e-19,-6.56e-12,1.000000001,66.00000004,0.00190838,136.0744336,0.16667977,-1.46e-10,-1.87e-07,1.00164945,66.06883483,2.488050792,134.3744408,101.686078,-0.13116697,-0.005232842,2.66337222,84.83560103,36.61180447,125.7914338,1513.172507,-47.61127568,-0.049078028,19.06069865,88.31895309,38.86606591,122.4368938,1641.6991,78.56900184,0.079726173
1.626350393,72.16201615,60.62181536,1.755425744,72.88379139,62.75407833,1.972048294,73.38867387,63.62712079,8.535778775,70.57656614,249.2563012,97.17168072,70.76168172,364.235271,1.626350393,72.16201615,60.62181536,1.755425744,72.88379139,62.75407833,1.972048294,73.38867387,63.62712079,8.535778775,70.57656614,249.2563012,97.17168072,70.76168172,364.235271,1.626349836,72.16201826,7.786001741,109.2307506,60.62182311,-6.62e-14,0.0,1.755249039,72.88448439,7.921844793,109.70938,62.75562493,-9.75e-08,-2.2e-05,1.911685131,73.62196612,7.991063158,110.1879752,63.85767522,-0.089173143,-0.021345718,2.928070678,71.93838563,7.729795998,104.2895772,85.91156647,1.525055599,0.025111034,18.09499976,70.21200161,7.045391856,100.0511986,75.27442478,6.200667887,0.116994654,1.626349836,3.86349015,22.19478398,1.755249039,4.300638122,22.97600882,1.911685131,4.754752832,23.42406415,2.928070678,7.184712448,33.34458624,18.09499976,8.308370739,30.65398314,1.626349836,72.16201826,7.786001741,109.2307506,60.62182311,-6.62e-14,0.0,1.755249039,72.88448439,7.921844793,109.70938,62.75562493,-9.75e-08,-2.2e-05,1.911685131,73.62196612,7.991063158,110.1879752,63.85767522,-0.089173143,-0.021345718,2.928070678,71.93838563,7.729795998,104.2895772,85.91156647,1.525055599,0.025111034,18.09499976,70.21200161,7.045391856,100.0511986,75.27442478,6.200667887,0.116994654
1.00315581,66.10218657,9.18634901,1.041905824,67.48021861,131.0286282,1.68890551,79.73832029,1047.730039,9.976848928,74.71296421,708.4193254,94.37437619,71.06627773,399.4990489,1.00315581,66.10218657,9.18634901,1.041905824,67.48021861,131.0286282,1.68890551,79.73832029,1047.730039,9.976848928,74.71296421,708.4193254,94.37437619,71.06627773,399.4990489,1.0,66.0,0.0,93.33809512,0.0,3.88e-73,0.0,1.0,66.0,0.0,93.33809512,1.71e-07,2.3400000000000003e-43,0.0,1.000030189,66.00000043,0.002618555,93.3479761,0.223367114,7.88e-13,6.37e-10,1.87665267,67.64106222,4.854267223,97.70577871,56.90093153,3.100131542,0.088740772,17.29629294,69.74870664,6.776907851,99.57585032,71.95758753,5.8762379,0.116501321,1.0,15.01826501,0.0,1.0,15.01826501,7.11e-13,1.000030189,15.01811407,0.000757485,1.87665267,11.86164827,21.67103963,17.29629294,8.696666073,6029.806165,1.0,66.0,0.0,93.33809512,0.0,3.88e-73,0.0,1.0,66.0,0.0,93.33809512,1.71e-07,2.3400000000000003e-43,0.0,1.000030189,66.00000043,0.002618555,93.3479761,0.223367114,7.88e-13,6.37e-10,1.87665267,67.64106222,4.854267223,97.70577871,56.90093153,3.100131542,0.088740772,17.29629294,69.74870664,6.776907851,99.57585032,71.95758753,5.8762379,0.116501321
12.33364017,101.3506686,4543.71635,12.58807478,101.185245,4496.109596,12.85882345,101.0113796,4445.398344,15.72903774,107.0756736,6400.154117,74.59882193,114.6901962,10691.42617,12.33364017,101.3506686,4543.71635,12.58807478,101.185245,4496.109596,12.85882345,101.0113796,4445.398344,15.72903774,107.0756736,6400.154117,74.59882193,114.6901962,10691.42617,3.91164137,82.99897512,1.731458691,82.99897512,2.997949199,0.0,0.0,3.946654102,82.99940877,1.731709324,82.99940877,2.998817182,0.0,0.0,3.982106834,82.99981081,1.731941563,82.99981081,2.999621578,0.0,0.0,3.998205648,82.99998144,1.732040089,82.99998144,2.99996287,0.0,0.0,3.999820514,82.99999815,1.732049738,82.99999815,2.999996294,0.0,0.0,3.91164137,370403414.6,4.21e+17,3.946654102,372805568.7,4.22e+17,3.982106834,375211371.7,4.24e+17,3.998205648,376295150.1,4.25e+17,3.999820514,376403567.3,4.25e+17,3.91164137,82.99897512,1.731458691,82.99897512,2.997949199,0.0,0.0,3.946654102,82.99940877,1.731709324,82.99940877,2.998817182,0.0,0.0,3.982106834,82.99981081,1.731941563,82.99981081,2.999621578,0.0,0.0,3.998205648,82.99998144,1.732040089,82.99998144,2.99996287,0.0,0.0,3.999820514,82.99999815,1.732049738,82.99999815,2.999996294,0.0,0.0
2.072844422,109.4185986,2022.49917,2.618709052,100.3680792,1911.962259,3.449759324,92.08879095,1667.365103,9.73069497,76.63416111,808.6717852,96.47681744,71.51532888,402.1647669,2.072844422,109.4185986,2022.49917,2.618709052,100.3680792,1911.962259,3.449759324,92.08879095,1667.365103,9.73069497,76.63416111,808.6717852,96.47681744,71.51532888,402.1647669,2.072844422,109.4185986,44.97220441,150.2711873,2022.49917,8.85e-13,1.46e-08,2.618709,100.3680798,43.72599083,143.8149903,1911.962274,5.86e-07,1.08e-05,3.446032522,92.11699089,40.84644375,138.1692046,1668.432107,0.325485183,0.009633492,8.28029154,77.93318591,30.51348358,124.5294899,951.1442873,52.20470675,0.122717051,77.18877225,72.24627804,22.060345,117.9442613,578.0858374,42.46494033,0.108977845,2.072844422,1.773272501,12.37678718,2.618709,2.06401255,14.29221125,3.446032522,2.329564489,15.89338948,8.28029154,2.291635055,14.07873447,77.18877225,1.916358036,10.23870327,1.0,156.0,4.26e-06,169.3871306,1.82e-11,-1.35e-65,0.0,1.000000001,155.9999999,0.003413919,169.3871304,1.17e-05,7.429999999999999e-40,0.0,1.001128981,155.8985063,3.020617737,169.2936634,9.124131516,-2.78e-10,-1.06e-08,1.950761668,116.6242191,44.64715175,137.090026,2013.554946,-33.76818555,-0.044848138,17.64441689,91.34857371,40.41520236,122.9723058,1738.336463,65.78271034,0.066736058
1.468109096,65.99999996,2.44e-07,1.839627009,65.99994846,0.000309253,2.687471474,65.94397423,0.333027957,10.30269226,67.26076763,132.5099895,99.87068537,70.28838295,335.7804674,1.468109096,65.99999996,2.44e-07,1.839627009,65.99994846,0.000309253,2.687471474,65.94397423,0.333027957,10.30269226,67.26076763,132.5099895,99.87068537,70.28838295,335.7804674,1.0,66.0,0.0,93.33809512,0.0,-1.4e-99,0.0,1.0,66.0,0.0,93.33809512,1.31e-08,1.5599999999999998e-45,0.0,1.000029392,66.00000019,0.001723141,93.34229194,0.094922946,1.48e-13,2.79e-10,1.91302313,67.53744562,4.715441755,97.27844638,52.99267418,2.556149594,0.078159526,17.94758439,69.7491737,6.771644109,99.29897739,70.05509004,3.796843589,0.077045026,1.0,15.05543303,0.0,1.0,15.05543303,3.98e-13,1.000029392,15.05531938,0.000441658,1.91302313,11.70656697,25.84700739,17.94758439,8.383257946,32.28123784,1.0,66.0,0.0,93.33809512,0.0,-1.4e-99,0.0,1.0,66.0,0.0,93.33809512,1.31e-08,1.5599999999999998e-45,0.0,1.000029392,66.00000019,0.001723141,93.34229194,0.094922946,1.48e-13,2.79e-10,1.91302313,67.53744562,4.715441755,97.27844638,52.99267418,2.556149594,0.078159526,17.94758439,69.7491737,6.771644109,99.29897739,70.05509004,3.796843589,0.077045026
1.000000754,66.00000026,9e-06,1.000240723,66.00056706,0.031988033,1.125379853,67.51548947,111.3883499,8.621570385,74.92899294,640.7088685,96.82289987,71.81301115,429.5086531,1.000000754,66.00000026,9e-06,1.000240723,66.00056706,0.031988033,1.125379853,67.51548947,111.3883499,8.621570385,74.92899294,640.7088685,96.82289987,71.81301115,429.5086531,1.000000019,66.00000026,0.002999564,136.077182,4.78e-05,-2.26e-20,-1.1e-15,1.000031908,66.00056718,0.178870659,136.0757696,0.05534864,-6.99e-11,-1.84e-09,1.066050841,67.59983128,10.8375514,135.5284058,125.777796,-0.230172601,-0.003166054,7.026460195,76.78570055,27.59427556,127.4536659,811.5076423,82.87641447,0.179288567,76.57890272,72.70251976,22.91785854,118.6443719,622.6300845,49.47362076,0.118055383,1.000000019,5.194759757,4.16e-07,1.000031908,5.194620558,0.000647771,1.066050841,4.953924434,1.047997033,7.026460195,2.488143414,8.38707009,76.57890272,1.928809361,118.3832534,1.0,66.0,0.0,122.3315168,3.64e-12,2.1099999999999998e-119,0.0,1.000000001,66.0,9.54e-07,122.3315168,9.09e-13,7.92e-58,0.0,1.000976825,66.0,9.54e-07,122.3315168,1.4e-09,2.77e-46,7.76e-36,2.037441856,66.00005005,0.024505911,121.247993,46.04134914,-0.001082485,-0.006509937,19.42570783,66.38820889,2.123158139,116.0996292,226.8262805,1.79000581,0.055984564
1.996650549,101.9914334,0.359725343,2.006989778,101.8065257,8.088466278,2.215540599,98.00971382,151.2297108,4.017143634,91.17128763,311.4852842,29.24560967,92.54871275,281.3806204,1.996650549,101.9914334,0.359725343,2.006989778,101.8065257,8.088466278,2.215540599,98.00971382,151.2297108,4.017143634,91.17128763,311.4852842,29.24560967,92.54871275,281.3806204,1.0,102.0,0.0,144.2497834,0.0,0.0,0.0,1.0,102.0,0.0,144.2497834,0.0,0.0,0.0,1.0,102.0,1.35e-06,144.2497834,1.82e-12,-7.03e-52,0.0,1.0716687,102.0,0.0,144.2497834,1.82e-12,1.6200000000000002e-36,0.0,4.219787354,102.0,1.91e-06,144.2497834,5.14e-12,1.7699999999999999e-28,4.86e-17,1.0,39.0244081,0.0,1.0,39.0244081,0.0,1.0,39.0244081,2.27e-13,1.0716687,39.02372008,6.72e-06,4.219787354,39.02051885,0.00864852,1.0,102.0,0.0,144.2497834,0.0,0.0,0.0,1.0,102.0,0.0,144.2497834,0.0,0.0,0.0,1.0,102.0,1.35e-06,144.2497834,1.82e-12,-7.03e-52,0.0,1.0716687,102.0,0.0,144.2497834,1.82e-12,1.6200000000000002e-36,0.0,4.219787354,102.0,1.91e-06,144.2497834,5.14e-12,1.7699999999999999e-28,4.86e-17
1.0,330.0,0.0,1.0,330.0,0.0,1.000000962,329.9997554,0.06605514,1.776568675,277.7453368,11163.99801,25.77399776,192.7618832,15478.4876,1.0,330.0,0.0,1.0,330.0,0.0,1.000000962,329.9997554,0.06605514,1.776568675,277.7453368,11163.99801,25.77399776,192.7618832,15478.4876,1.0,330.0,0.0,431.4904402,0.0,0.0,0.0,1.0,330.0,0.0,431.4904402,0.0,0.0,0.0,1.000000028,330.0,5.39e-06,431.4904402,2.91e-11,-4.65e-244,0.0,1.213325474,330.0,0.0,431.4904402,0.0,-8.66e-40,0.0,6.27234204,330.0,7.63e-06,431.4904402,6e-11,-1.2100000000000001e-29,-4.15e-19,1.0,25.082021,0.0,1.0,25.082021,0.0,1.000000028,25.082021,9.89e-12,1.213325474,25.07838712,7.6e-05,6.27234204,25.05603801,11412.86046,1.0,330.0,0.0,431.4904402,0.0,0.0,0.0,1.0,330.0,0.0,431.4904402,0.0,0.0,0.0,1.000000028,330.0,5.39e-06,431.4904402,2.91e-11,-4.65e-244,0.0,1.213325474,330.0,0.0,431.4904402,0.0,-8.66e-40,0.0,6.27234204,330.0,7.63e-06,431.4904402,6e-11,-1.2100000000000001e-29,-4.15e-19
1.000126177,66.00232543,0.209282395,1.007135622,66.15799436,14.19186697,1.534990311,73.22251794,588.0787701,12.29003263,73.24624513,552.0387342,99.59884197,71.16917002,397.2633654,1.000126177,66.00232543,0.209282395,1.007135622,66.15799436,14.19186697,1.534990311,73.22251794,588.0787701,12.29003263,73.24624513,552.0387342,99.59884197,71.16917002,397.2633654,1.000081404,66.00232552,0.457484058,122.3334946,0.209753259,-0.000106145,-0.001967398,1.004675221,66.1583452,3.771736339,122.4515416,14.24863613,-0.107629145,-0.031845608,1.385522659,73.85401224,25.40030696,126.5557891,653.1389423,11.02128944,0.043030315,9.431862952,74.52583213,26.32554865,118.7751501,784.6050741,39.71246878,0.078653555,77.81320433,71.94056823,22.13634665,117.0089543,596.806341,17.60825785,0.043096252,1.000081404,2.827478701,0.000397369,1.004675221,2.818669676,0.020961642,1.385522659,2.342791227,1.143531347,9.431862952,1.725878408,3.227882607,77.81320433,1.878122974,3.48643499,1.0,66.0,0.0,122.3315168,1.82e-12,7.35e-105,0.0,1.000000002,66.0,0.0,122.3315168,1.56e-06,1.02e-37,0.0,1.001901113,66.0,1.35e-06,122.2990691,1.424482705,6.43e-16,3.99e-10,2.64597605,66.07314602,0.934024548,114.9838554,250.0082181,0.040469988,0.002740305,20.60549243,66.39408014,2.138612287,115.1022996,251.5998969,5.118112081,0.150889281
1.446390913,66.0,0.0,1.957323768,66.0,7.73e-11,3.146477172,66.00043192,0.006964278,10.53114681,68.31792262,157.4774951,101.106455,70.49298412,324.8125091,1.446390913,66.0,0.0,1.957323768,66.0,7.73e-11,3.146477172,66.00043192,0.006964278,10.53114681,68.31792262,157.4774951,101.106455,70.49298412,324.8125091,1.446383275,66.0,0.0,122.3315168,3.64e-12,6.61e-36,0.0,1.956473078,66.0,9.54e-07,122.3315168,5.09e-11,-5.74e-24,-8.44e-13,3.051546374,66.00000075,0.008213623,122.330996,0.02291463,-2.2e-06,-0.001771285,8.453648782,68.11192937,13.60780594,118.5265567,279.4904016,-18.8516775,-0.095747789,80.41843569,70.99887456,19.83450687,116.3285684,513.4885322,15.34579363,0.042590241,1.446383275,1.399671687,8.404229197,1.956473078,1.8993131,12.66100743,3.051546374,2.408608516,16.47878085,8.453648782,2.189763831,12.07324536,80.41843569,1.838394575,9.674244125,1.0,66.0,0.0,93.33809512,1.82e-12,-9.920000000000001e-43,0.0,1.0,66.0,9.54e-07,93.33809514,1.85e-06,-1.88e-24,-1.45e-15,1.000029691,66.00000229,0.014347898,93.37065084,2.437494438,-2.94e-06,-0.000131157,1.934794528,75.20289551,27.26843065,110.0072383,926.7270843,78.32538188,0.122134004,17.50570689,87.11071896,38.13324492,120.7013597,1581.597815,120.4070467,0.126603008
1.000000039,66.0,1.82e-12,1.000047346,66.0,0.0,1.059065092,66.00001364,0.001827967,8.895099316,68.90425153,210.8408527,97.9470536,70.23457417,331.8194389,1.000000039,66.0,1.82e-12,1.000047346,66.0,0.0,1.059065092,66.00001364,0.001827967,8.895099316,68.90425153,210.8408527,97.9470536,70.23457417,331.8194389,1.000000039,66.0,1.35e-06,122.3315168,4.07e-12,3.58e-28,1.39e-16,1.000047346,66.0,1.35e-06,122.3315168,3.06e-09,2.75e-16,3.69e-06,1.058638501,66.00006081,0.037738827,122.3276688,0.170617651,8.15e-05,0.005225374,7.014979433,69.7547379,15.84323709,119.413533,330.9864879,-18.92024711,-0.081303653,74.96760316,71.17714233,20.32303201,117.0913669,523.5370629,8.582127223,0.023543468,1.000000039,5.120391739,5.16e-07,1.000047346,5.120262833,0.000624374,1.058638501,4.97037183,0.697150238,7.014979433,2.365543592,4.263405065,74.96760316,1.950322123,3.742979474,1.0,66.0,0.0,122.3315168,1.82e-12,3.24e-28,0.0,1.000000001,66.0,9.54e-07,122.3315168,3.75e-12,2.65e-16,0.000145923,1.001033884,66.00005489,0.025664236,122.3315151,0.001524505,0.000172935,0.181728295,2.836956709,68.30850079,4.72999298,120.6372402,121.2812259,6.920393288,0.134008553,21.24742898,67.00368248,3.322169662,116.3225492,230.4405264,10.51395501,0.208599958
1.000000004,60.00000097,0.000263115,1.000011347,60.00306353,0.827143364,1.035670395,69.2992927,2424.332184,2.933682225,210.6092007,17683.34568,28.17704557,189.102309,15763.0871,1.000000004,60.00000097,0.000263115,1.000011347,60.00306353,0.827143364,1.035670395,69.2992927,2424.332184,2.933682225,210.6092007,17683.34568,28.17704557,189.102309,15763.0871,1.0,60.0,0.0,84.85281374,0.0,2.1699999999999998e-98,0.0,1.0,60.0,0.0,84.85281374,0.0,3.57e-58,0.0,1.000000016,60.0,9.54e-07,84.85281374,9.09e-13,7.83e-18,0.0,1.31119627,62.87398235,10.04746509,88.95694463,144.0508152,61.43530207,0.603186296,15.41997921,81.47133955,18.83571109,115.2399638,508.5383755,478.6691905,1.331384025,1.0,25.86947918,0.0,1.0,25.86947918,0.0,1.000000016,25.86947917,1.02e-08,1.31119627,23.38200523,49.57072508,15.41997921,27266.16311,41037400000000.0,1.0,60.0,0.0,84.85281374,0.0,0.0,0.0,1.0,60.0,0.0,84.85281374,0.0,-3.92e-89,0.0,1.000000016,60.0,9.54e-07,84.85281374,9.09e-13,-7.2e-37,0.0,1.212029035,60.0,6.74e-07,84.85281374,1.02e-12,-1.37e-29,-2.14e-17,6.704225052,60.0,9.54e-07,84.85281374,1.64e-12,6.49e-29,5.83e-17
1.0,330.0,0.0,1.0,330.0,0.0,1.000001137,329.9997084,0.078743521,1.734525108,282.2076994,10619.81716,17.73968453,235.7834199,16561.71247,1.0,330.0,0.0,1.0,330.0,0.0,1.000001137,329.9997084,0.078743521,1.734525108,282.2076994,10619.81716,17.73968453,235.7834199,16561.71247,1.0,330.0,0.0,431.4904402,0.0,0.0,0.0,1.0,330.0,0.0,431.4904402,0.0,0.0,0.0,1.000000029,330.0,5.39e-06,431.4904402,4.12e-11,2.26e-34,7.76e-24,1.21374947,330.0,3.81e-06,431.4904402,1.46e-11,7.94e-46,0.0,6.274697966,330.0,5.39e-06,431.4904402,2.91e-11,-9.29e-29,0.0,1.0,25.05696297,0.0,1.0,25.05696297,0.0,1.000000029,25.05696297,5.8e-12,1.21374947,25.05478033,3.37e-05,6.274697966,25.04575479,0.000513372,1.0,330.0,0.0,431.4904402,0.0,0.0,0.0,1.0,330.0,0.0,431.4904402,0.0,0.0,0.0,1.000000029,330.0,5.39e-06,431.4904402,4.12e-11,2.26e-34,7.76e-24,1.21374947,330.0,3.81e-06,431.4904402,1.46e-11,7.94e-46,0.0,6.274697966,330.0,5.39e-06,431.4904402,2.91e-11,-9.29e-29,0.0
17.26451208,135.825944,32228.00852,18.047251,135.1607521,31904.20899,19.78831502,132.2206002,30350.23308,31.83135769,116.2961581,20589.11558,59.55698666,99.6713832,11740.10291,17.26451208,135.825944,32228.00852,18.047251,135.1607521,31904.20899,19.78831502,132.2206002,30350.23308,31.83135769,116.2961581,20589.11558,59.55698666,99.6713832,11740.10291,16.40397277,139.8031342,183.3064006,376.243729,202958.2624,-30617.8613,-0.373345842,17.01948012,139.6737765,182.9471888,378.7968921,205640.7637,-31382.02313,-0.380816281,17.66803436,139.5152241,182.5505325,381.2965004,208283.2764,-32107.20219,-0.38788924,18.60877836,137.1510336,179.6195677,375.840806,201101.8253,-28086.7217,-0.350970414,26.40823569,116.0108191,154.4469156,297.5020348,154298.5639,1160.139148,0.019238725,16.40397277,0.43572686,3.464958373,17.01948012,0.449949241,3.572631533,17.66803436,0.469903509,3.870452498,18.60877836,1.584691663,40.52789718,26.40823569,5.983953596,125.7593529,1.0,74.0,0.0,74.0,0.0,0.0,0.0,1.0,74.0,0.0,74.0,0.0,0.0,0.0,1.0,74.0,0.0,74.0,0.0,0.0,0.0,1.0,74.0,0.0,74.0,0.0,0.0,0.0,1.0,74.0,0.0,74.0,0.0,0.0,0.0
1.000000432,66.00000253,4.05e-05,1.000222623,66.00132935,0.021267897,1.142498524,66.61116362,9.407268829,9.05683849,69.92624458,241.5780773,97.7877711,70.81399702,372.3233551,1.000000432,66.00000253,4.05e-05,1.000222623,66.00132935,0.021267897,1.142498524,66.61116362,9.407268829,9.05683849,69.92624458,241.5780773,97.7877711,70.81399702,372.3233551,1.000000029,66.0,0.0,122.3315168,5.33e-08,8.44e-82,0.0,1.000030403,66.0,0.0,122.3314991,0.000777394,-5.42e-27,0.0,1.040527183,66.00003218,0.053812236,122.083896,10.80058008,-9.53e-06,-5.39e-05,6.194772737,69.77802486,18.04851146,118.5334471,411.5644155,-10.99834377,-0.038422116,73.80158779,71.60850776,21.74325074,117.1262074,577.4461903,-19.50674437,-0.049269447,1.000000029,5.008500729,2.53e-07,1.000030403,5.008411369,0.000263484,1.040527183,4.900643964,0.303166501,6.194772737,2.682126061,4.10206134,73.80158779,1.982417019,4.113563988,1.0,66.0,0.0,122.3315168,0.0,8.76e-149,0.0,1.000000001,66.0,9.54e-07,122.3315168,9.09e-13,0.0,0.0,1.000972366,66.0,9.54e-07,122.3315168,9.09e-13,8.559999999999999e-34,0.0,2.035417169,66.0,1.35e-06,121.7850031,23.61625393,1.2e-14,1.83e-09,18.38299181,66.01174497,0.375235453,116.5828524,207.8347431,-0.054703966,-0.010112439
1.0,330.0,0.0,1.0,330.0,0.0,1.000001342,329.9996534,0.093594619,1.747980902,280.7776145,10819.47039,23.895268,201.367145,15647.10505,1.0,330.0,0.0,1.0,330.0,0.0,1.000001342,329.9996534,0.093594619,1.747980902,280.7776145,10819.47039,23.895268,201.367145,15647.10505,1.0,330.0,0.0,431.4904402,0.0,0.0,0.0,1.0,330.0,0.0,431.4904402,0.0,0.0,0.0,1.000000029,330.0,3.81e-06,431.4904402,2.06e-11,-2.3300000000000002e-64,-1.6e-53,1.21399049,330.0,5.39e-06,431.4904402,2.91e-11,1.92e-61,0.0,6.271589455,330.0,6.61e-06,431.4904402,5.25e-11,-1.93e-27,-5.41e-17,1.0,25.03650999,0.0,1.0,25.03650999,0.0,1.000000029,25.03650999,1.52e-11,1.21399049,25.0413899,0.000131838,6.271589455,135.9001517,166911000000.0,1.0,330.0,0.0,431.4904402,0.0,0.0,0.0,1.0,330.0,0.0,431.4904402,0.0,0.0,0.0,1.000000029,330.0,3.81e-06,431.4904402,2.06e-11,-2.3300000000000002e-64,-1.6e-53,1.21399049,330.0,5.39e-06,431.4904402,2.91e-11,1.92e-61,0.0,6.271589455,330.0,6.61e-06,431.4904402,5.25e-11,-1.93e-27,-5.41e-17
1.313802766,98.96140244,3462.219486,1.498877664,111.9311119,4228.826401,1.793106222,127.0385811,4697.616054,2.763845043,185.0153196,18331.43032,30.31805997,256.8016555,32626.11924,1.313802766,98.96140244,3462.219486,1.498877664,111.9311119,4228.826401,1.793106222,127.0385811,4697.616054,2.763845043,185.0153196,18331.43032,30.31805997,256.8016555,32626.11924,1.313802766,98.96140244,58.84062785,208.0441279,3462.219486,0.0,0.0,1.498877664,111.9311119,65.02942719,214.5170711,4228.826401,0.0,0.0,1.793106217,127.0385803,68.53915521,222.7729806,4697.615797,-1.24e-12,-6.7e-09,2.259297782,134.2013284,68.99537755,226.9339035,4760.362124,7.44e-14,0.0,10.63814731,134.9133581,68.99989793,227.3556997,4760.985915,-2.05e-13,0.0,1.313802766,7.342072161,156.4908859,1.498877664,10.09945757,191.1412007,1.793106217,13.31133469,212.3302871,2.259297782,14.83605411,215.235706,10.63814731,14.98347771,214.354512,1.313802766,98.96140244,58.84062785,208.0441279,3462.219486,0.0,0.0,1.498877664,111.9311119,65.02942719,214.5170711,4228.826401,0.0,0.0,1.793106217,127.0385803,68.53915521,222.7729806,4697.615797,-1.24e-12,-6.7e-09,2.259297782,134.2013284,68.99537755,226.9339035,4760.362124,7.44e-14,0.0,10.63814731,134.9133581,68.99989793,227.3556997,4760.985915,-2.05e-13,0.0
1.0,330.0,0.0,1.0,330.0,1.18e-08,1.000113536,329.969364,8.27077002,2.586464381,209.4023654,17924.92541,26.58005149,188.3334636,15654.4195,1.0,330.0,0.0,1.0,330.0,1.18e-08,1.000113536,329.969364,8.27077002,2.586464381,209.4023654,17924.92541,26.58005149,188.3334636,15654.4195,1.0,330.0,0.0,431.4904402,0.0,0.0,0.0,1.0,330.0,0.0,431.4904402,0.0,0.0,0.0,1.000000029,330.0,0.0,431.4904402,1.46e-11,2.13e-280,0.0,1.21359238,330.0,3.81e-06,431.4904402,1.46e-11,9.53e-31,0.0,6.271636256,329.9991689,0.473698043,431.4893244,0.271061405,1.18e-06,6.38e-06,1.0,25.06428003,0.0,1.0,25.06428003,0.0,1.000000029,25.06428003,8.19e-12,1.21359238,25.06353996,0.000618809,6.271636256,25.27161122,319792687.8,1.0,330.0,0.0,431.4904402,0.0,0.0,0.0,1.0,330.0,0.0,431.4904402,0.0,0.0,0.0,1.000000029,330.0,0.0,431.4904402,1.46e-11,2.13e-280,0.0,1.21359238,330.0,3.81e-06,431.4904402,1.46e-11,9.53e-31,0.0,6.271581196,329.9991689,0.473700122,431.4893244,0.271063925,1.18e-06,6.38e-06
2.92116269,66.0,1.82e-12,2.952383657,66.0,0.0,3.062996441,66.00001741,0.001196534,11.03716129,68.42413047,194.2121761,99.27027488,70.63863914,365.2791069,2.92116269,66.0,1.82e-12,2.952383657,66.0,0.0,3.062996441,66.00001741,0.001196534,11.03716129,68.42413047,194.2121761,99.27027488,70.63863914,365.2791069,2.921162689,66.0,0.0,122.3315161,3.05e-05,-1.78e-28,0.0,2.952381704,66.0,9.54e-07,122.3309118,0.026586035,-4.1e-18,-2.63e-11,3.050483202,66.00001188,0.032701523,121.8054444,22.74780993,-1.08e-05,-6.92e-05,9.195917297,68.56533471,14.97662117,115.5191006,373.5603513,0.38224214,0.001476686,78.86862444,71.25667996,21.07166156,116.1673774,561.0075042,25.73249056,0.06594768,2.921162689,1.629646738,5.381347322,2.952381704,1.638563993,5.396493057,3.050483202,1.664143829,5.436039749,9.195917297,1.841339937,5.382507652,78.86862444,1.857829468,4.888567582,1.960561469,66.0,0.0,122.3315168,0.0,2.16e-104,0.0,1.976146716,66.0,0.0,122.3315168,0.0,5.31e-113,0.0,1.992954412,66.0,1.35e-06,122.3314845,0.001417462,3.63e-19,7.14e-12,3.267668035,66.0,1.35e-06,118.6471122,143.5576411,-7.55e-14,-4.67e-09,20.31117709,66.01411409,0.411302695,115.4016672,239.1139638,-0.183143929,-0.028795761
1.0,429.0,0.0,1.0,428.9999999,3.24e-05,1.000654808,428.7608141,87.67315904,2.732138098,276.9715175,29945.29422,29.11657757,273.8902848,32431.36472,1.0,429.0,0.0,1.0,428.9999999,3.24e-05,1.000654808,428.7608141,87.67315904,2.732138098,276.9715175,29945.29422,29.11657757,273.8902848,32431.36472,1.0,429.0,0.0,429.0,0.0,0.0,0.0,1.0,429.0,0.0,429.0,0.0,0.0,0.0,1.000000002,429.0000001,0.001640382,429.0000001,2.69e-06,0.0,0.0,1.422059071,437.1125407,16.34009584,437.1125407,266.9987322,0.0,0.0,13.95843049,454.3752639,19.92738897,454.3752639,397.1008313,0.0,0.0,1.0,30.21943498,0.0,1.0,30.21943498,0.0,1.000000002,30.21943493,1.46e-06,1.422059071,24.21910645,144.6900176,13.95843049,11.4489493,212.8283731,1.0,429.0,0.0,429.0,0.0,0.0,0.0,1.0,429.0,0.0,429.0,0.0,0.0,0.0,1.000000002,429.0000001,0.001640382,429.0000001,2.69e-06,0.0,0.0,1.422059071,437.1125407,16.34009584,437.1125407,266.9987322,0.0,0.0,13.95843049,454.3752639,19.92738897,454.3752639,397.1008313,0.0,0.0
1.0,204.0,1.38e-10,1.000000002,204.0000006,0.000156848,1.002803151,204.7054306,178.571323,3.021346262,338.7186826,19134.58195,27.28166951,305.6660353,29734.3561,1.0,204.0,1.38e-10,1.000000002,204.0000006,0.000156848,1.002803151,204.7054306,178.571323,3.021346262,338.7186826,19134.58195,27.28166951,305.6660353,29734.3561,1.0,204.0,0.0,274.0529146,0.0,0.0,0.0,1.0,204.0,0.0,274.0529146,0.0,0.0,0.0,1.000000002,203.9999998,0.005117627,274.0529145,2.62e-05,-2.28e-39,0.0,1.290934035,188.1659938,43.98155408,262.4794111,1934.377099,4.57e-14,3.85e-10,9.661860412,142.0540444,68.63847651,231.6643079,4711.240457,3.62e-10,1.53e-07,1.0,29.43766785,0.0,1.0,29.43766785,0.0,1.000000002,29.43766781,1.15e-06,1.290934035,26.15601744,85.14694448,9.661860412,16.497001,210.8580789,1.0,204.0,0.0,274.0529146,0.0,0.0,0.0,1.0,204.0,0.0,274.0529146,0.0,0.0,0.0,1.000000002,203.9999998,0.005117627,274.0529145,2.62e-05,-2.28e-39,0.0,1.290934035,188.1659938,43.98155408,262.4794111,1934.377099,4.57e-14,3.85e-10,9.661860412,142.0540444,68.63847651,231.6643079,4711.240457,3.62e-10,1.53e-07
75.23507893,104.2785078,4719.904065,82.78730423,104.1412719,4694.079071,91.32095266,104.0050943,4668.344131,98.24120415,104.8368906,4964.161953,157.504669,109.2752994,7557.117364,75.23507893,104.2785078,4719.904065,82.78730423,104.1412719,4694.079071,91.32095266,104.0050943,4668.344131,98.24120415,104.8368906,4964.161953,157.504669,109.2752994,7557.117364,20.67313494,83.21406906,1.839106458,83.21406906,3.382312564,0.0,0.0,22.60974888,83.22109211,1.842091879,83.22109211,3.393302492,0.0,0.0,24.79919496,83.22766102,1.844855686,83.22766102,3.403492502,0.0,0.0,25.87652322,83.23046378,1.846026547,83.23046378,3.407814012,0.0,0.0,25.98761759,83.23073874,1.846141141,83.23073874,3.408237114,0.0,0.0,20.67313494,47719500.3,6.96e+16,22.60974888,51672163.51,7.51e+16,24.79919496,55791104.56,8.09e+16,25.87652322,57696462.94,8.35e+16,25.98761759,57888714.19,8.38e+16,20.67313494,83.21406906,1.839106458,83.21406906,3.382312564,0.0,0.0,22.60974888,83.22109211,1.842091879,83.22109211,3.393302492,0.0,0.0,24.79919496,83.22766102,1.844855686,83.22766102,3.403492502,0.0,0.0,25.87652322,83.23046378,1.846026547,83.23046378,3.407814012,0.0,0.0,25.98761759,83.23073874,1.846141141,83.23073874,3.408237114,0.0,0.0
1.995960159,449.0404802,399.9983614,1.997574133,449.0242881,399.9994101,1.999193045,449.0076483,400.1727736,3.330496157,354.2126622,26124.93707,30.34267992,279.9434461,32372.87342,1.995960159,449.0404802,399.9983614,1.997574133,449.0242881,399.9994101,1.999193045,449.0076483,400.1727736,3.330496157,354.2126622,26124.93707,30.34267992,279.9434461,32372.87342,1.995960159,449.0404802,19.99995903,449.0404802,399.9983614,0.0,0.0,1.997574133,449.0242881,19.99998525,449.0242881,399.9994101,0.0,0.0,1.999190726,449.0080961,19.99999836,449.0080961,399.9999345,0.0,0.0,2.428511539,450.2950779,20.08145236,450.2950779,403.264729,0.0,0.0,14.97928118,455.3543395,19.59296257,455.3543395,383.8841823,0.0,0.0,1.995960159,14.96873903,224.9368913,1.997574133,14.98088138,224.9374811,1.999190726,14.99302376,224.937776,2.428511539,14.11615051,224.1579061,14.97928118,10.66708563,206.1538761,1.995960159,449.0404802,19.99995903,449.0404802,399.9983614,0.0,0.0,1.997574133,449.0242881,19.99998525,449.0242881,399.9994101,0.0,0.0,1.999190726,449.0080961,19.99999836,449.0080961,399.9999345,0.0,0.0,2.428511539,450.2950779,20.08145236,450.2950779,403.264729,0.0,0.0,14.97928118,455.3543395,19.59296257,455.3543395,383.8841823,0.0,0.0
2.993096769,66.0,0.0,2.995852409,66.0,1.82e-12,3.004701758,66.00000165,0.000107837,10.24803394,68.0291777,159.8064585,100.0703807,70.53813119,327.2058715,2.993096769,66.0,0.0,2.995852409,66.0,1.82e-12,3.004701758,66.00000165,0.000107837,10.24803394,68.0291777,159.8064585,100.0703807,70.53813119,327.2058715,2.993096769,66.0,0.0,122.3315168,1.82e-12,-6.1099999999999994e-30,0.0,2.995852409,66.0,0.0,122.3315168,1.64e-06,1.51e-20,0.0,3.004554714,66.00000108,0.009871784,122.2980224,1.470425041,1.18e-05,0.000988083,8.892482669,68.09195123,13.29834685,115.25035,339.3888002,18.63316755,0.082325674,79.07855883,71.09900429,19.94938515,116.600005,514.2724766,-13.54839739,-0.037630509,2.993096769,3.302957614,21.95594147,2.995852409,3.309010128,21.97616489,3.004554714,3.310064597,21.97128983,8.892482669,2.093316478,12.02459293,79.07855883,1.869746685,9.839314345,1.0,66.0,1.35e-06,122.3315168,2.57e-12,-8.02e-28,-4.41e-16,1.000000002,66.0,0.0,122.3315168,1.64e-06,2.04e-140,0.0,1.001969371,66.0,9.54e-07,122.2985203,1.448553639,-1.11e-15,-9.67e-10,2.677499184,66.152282,1.34320294,115.002352,250.6459913,-0.631485786,-0.029695948,21.48295505,66.79732402,2.988672385,115.4622726,248.7304891,1.881096183,0.039921632
