131.71478112430094,74.0489656559673,3.78858633787786,241.65724170471051,74.09515129578,21.09903898444736,784.4228832498927,74.32117500480682,115.09379307359085,7018.592089227464,74.58853535329821,377.61090694206536,21674.44648358504,74.3467491623134,213.3544355891636,131.71478112430094,74.0489656559673,3.78858633787786,241.65724170471051,74.09515129578,21.09903898444736,784.4228832498927,74.32117500480682,115.09379307359085,7018.592089227464,74.58853535329821,377.61090694206536,21674.44648358504,74.3467491623134,213.3544355891636,131.48130045425094,73.99995025255652,0.0263905615974139,95.2680042689089,0.0006964617414269,1.2947401290333605e-18,5.1443900522159404e-11,241.15663745601148,73.99941718214396,0.0903277937033706,95.2675902041034,0.0081591103153186,9.837253889718497e-18,9.324096539777611e-11,782.0794952723097,73.99613824889093,0.2324857036905523,95.26504330418892,0.0540496024204912,-3.9015794723444293e-16,-1.7597222245710435e-09,6994.653873837493,73.9975065332643,0.1868216176806449,95.26610610883873,0.034902316832813,4.50850484927727e-16,4.3397615491497707e-10,21606.4274843445,73.9978230241656,0.1745649517641881,95.26635194188827,0.0304729223844333,-6.972401768799293e-16,-9.871633255588074e-10,131.48130045425086,0.0022455584102405,2.528318873153761e-05,241.1566374560116,0.0020178675266884,1.912002774385361e-05,782.0794952723106,0.0018570518000429,20.40325815909633,6994.653873837576,8275.017649763002,12461391990120.072,21606.427484343883,50314.210825562266,75766331361706.69,1.0,74.0,0.0,74.0,0.0,0.0,0.0,1.0,74.0,0.0,74.0,0.0,0.0,0.0,1.0,74.0,0.0,74.0,0.0,0.0,0.0,1.0,74.0,0.0,74.0,0.0,0.0,0.0,1.0,74.0,0.0,74.0,0.0,0.0,0.0
118.57118808630985,74.10217951118399,2.539638310003284,221.45826610522928,74.08578462192223,4.370516431981741,683.9625154067234,74.14615016271127,36.85651633898669,7510.870208291153,74.20831697664285,97.3870746142047,28611.302208193592,74.36991456865566,241.3117712795284,118.57118808630985,74.10217951118399,2.539638310003284,221.45826610522928,74.08578462192223,4.370516431981741,683.9625154067234,74.14615016271127,36.85651633898669,7510.870208291153,74.20831697664285,97.3870746142047,28611.302208193592,74.36991456865566,241.3117712795284,118.06744197652657,73.99999999999983,0.0,95.26804291051629,2.7284841053187847e-12,9.92420058124587e-27,0.0,220.71342661835584,73.99999999616742,0.0002316820198229,95.26804290753942,5.367655835739237e-08,2.6305131544260906e-22,7.529706637355929e-13,681.8398138474566,73.9999179362303,0.0338952214120331,95.26797916702564,0.0011488860345707,-8.962429800207547e-18,-1.1319091741853583e-10,7490.7093712162705,73.99799569533309,0.1674999946304778,95.26648606370712,0.0280562482012101,2.7482444943027483e-16,2.8476987866516187e-10,28526.158650795,73.99806983568936,0.1643732788294569,95.26654365204728,0.0270185747931464,-8.203778612478322e-16,-4.934082033074825e-10,118.0674419765265,0.0025733487307777,7.421991594666109e-05,220.71342661835573,0.0022393119009121,5.63666820077818e-05,681.8398138474589,0.0021434719838701,9.134121810462532e-05,7490.7093712163805,1839.9226685346275,2770759634850.6167,28526.158650794,33014.8383890434,49716425144043.75,1.0,74.0,0.0,95.26804291051644,0.0,0.0,0.0,1.0,74.0,0.0,95.26804291051644,0.0,0.0,0.0,1.0,74.0,0.0,95.26804291051644,0.0,0.0,0.0,1.0221023044125055,74.0,0.0,95.26804291051644,0.0,0.0,0.0,1.6830362539381525,73.99999999999999,1.6518123698891422e-06,95.26804291051644,2.7284841053187847e-12,0.0,0.0
1.0,60.0,0.0,1.0,60.0,0.0,1.0,60.0,0.0,1.0,60.0,0.0,1.0,60.0,0.0,1.0,60.0,0.0,1.0,60.0,0.0,1.0,60.0,0.0,1.0,60.0,0.0,1.0,60.0,0.0,1.0,60.0,0.0,60.0,0.0,0.0,0.0,1.0,60.0,0.0,60.0,0.0,0.0,0.0,1.0,60.0,0.0,60.0,0.0,0.0,0.0,1.0,60.0,0.0,60.0,0.0,0.0,0.0,1.0,60.0,0.0,60.0,0.0,0.0,0.0,1.0,1505913479.7022538,0.0,1.0,1505913479.7022538,0.0,1.0,1505913479.7022538,0.0,1.0,1505913479.7022538,0.0,1.0,1505913479.7022538,0.0,1.0,60.0,0.0,60.0,0.0,0.0,0.0,1.0,60.0,0.0,60.0,0.0,0.0,0.0,1.0,60.0,0.0,60.0,0.0,0.0,0.0,1.0,60.0,0.0,60.0,0.0,0.0,0.0,1.0,60.0,0.0,60.0,0.0,0.0,0.0
158.80779077540174,318.9925444508491,60865.178877594335,250.2358531866701,331.0482107768383,60430.68355843242,680.7869582927073,360.61433232820326,58134.49841978785,6415.53883354583,380.7383971980181,55569.25092123626,42611.57564053701,382.0569153671482,55372.312553052696,158.80779077540174,318.9925444508491,60865.178877594335,250.2358531866701,331.0482107768383,60430.68355843242,680.7869582927073,360.61433232820326,58134.49841978785,6415.53883354583,380.7383971980181,55569.25092123626,42611.57564053701,382.0569153671482,55372.312553052696,83.25917775615257,554.0000000000006,1.8688123647942943e-05,554.0000000000006,3.4924596548080444e-10,0.0,0.0,137.29955521955958,554.0000000000003,2.1579186437577742e-05,554.0000000000003,4.656612873077394e-10,0.0,0.0,414.2799888047852,553.9999877046698,0.0779351826752413,553.9999877046698,0.0060738926986232,0.0,0.0,4165.667799009837,553.9606233451432,4.410274025265268,553.9606233451432,19.45051697792951,0.0,0.0,27781.83683091641,553.9579979295356,4.554915875624428,553.9579979295356,20.74725863401545,0.0,0.0,83.25917775615257,0.0036112916342503,7.7085738399024e-05,137.29955521955958,0.0035867088924403,7.176798296645452e-05,414.2799888047852,0.0035176771639707,9.275467971012002e-05,4165.667799009837,6.002565186355709,9044574945.050032,27781.83683091641,18050.45683441068,27213547151174.69,1.0,554.0,0.0,554.0,0.0,0.0,0.0,1.0,554.0,0.0,554.0,0.0,0.0,0.0,1.0,554.0,0.0,554.0,0.0,0.0,0.0,1.0,554.0,0.0,554.0,0.0,0.0,0.0,1.0,554.0,0.0,554.0,0.0,0.0,0.0
1.0,60.0,0.0,1.0,60.0,0.0,1.0,60.0,0.0,1.0,60.0,0.0,1.0,60.0,0.0,1.0,60.0,0.0,1.0,60.0,0.0,1.0,60.0,0.0,1.0,60.0,0.0,1.0,60.0,0.0,1.0,60.0,0.0,60.0,0.0,0.0,0.0,1.0,60.0,0.0,60.0,0.0,0.0,0.0,1.0,60.0,0.0,60.0,0.0,0.0,0.0,1.0,60.0,0.0,60.0,0.0,0.0,0.0,1.0,60.0,0.0,60.0,0.0,0.0,0.0,1.0,1505913568.340729,0.0,1.0,1505913568.340729,0.0,1.0,1505913568.340729,0.0,1.0,1505913568.340729,0.0,1.0,1505913568.340729,0.0,1.0,60.0,0.0,60.0,0.0,0.0,0.0,1.0,60.0,0.0,60.0,0.0,0.0,0.0,1.0,60.0,0.0,60.0,0.0,0.0,0.0,1.0,60.0,0.0,60.0,0.0,0.0,0.0,1.0,60.0,0.0,60.0,0.0,0.0,0.0
151.57546952525388,74.04233410544116,1.0142263650341192,257.4216768952681,74.04700008360085,1.1259493047737124,822.8954109807103,74.04609250418055,2.294838891121799,4871.376816524099,74.0865834690021,21.049465468427112,6887.752170054122,74.09382749979292,23.400412914202214,151.57546952525388,74.04233410544116,1.0142263650341192,257.4216768952681,74.04700008360085,1.1259493047737124,822.8954109807103,74.04609250418055,2.294838891121799,4871.376816524099,74.0865834690021,21.049465468427112,6887.752170054122,74.09382749979292,23.400412914202214,151.30810236244102,73.9999999999945,7.979011788693195e-06,95.2680429105122,6.398216041620456e-11,-9.073822959847112e-26,-4.5070470107212495e-15,256.91756087306203,73.99999994684406,0.0008626546941549,95.2680428692272,7.441731214210585e-07,1.1123748121394351e-20,3.987173641914233e-12,821.3804260178085,73.99973166667431,0.0612910642488947,95.26783448121292,0.0037565945567621,8.078750223212321e-17,2.8212483033698306e-10,4859.618609661175,73.99645054358824,0.222889638871869,95.26528587607191,0.0496797911164321,7.65449673072658e-17,1.1683282337765516e-10,6869.697097685013,73.99611687793806,0.2331279267530985,95.26502670452282,0.054348630232198,1.6733943870876764e-15,1.749919439134961e-09,151.30810236244102,0.0019836618344774,0.0133127671027122,256.9175608730621,0.0020015752555507,130031.9966711834,821.380426017812,449.440364744606,676815592628.8138,4859.618609661196,134939.5938372471,203189188689000.0,6869.697097684977,201723.58676161527,303737643218380.0,1.0,74.0,0.0,74.0,0.0,0.0,0.0,1.0,74.0,0.0,74.0,0.0,0.0,0.0,1.0,74.0,0.0,74.0,0.0,0.0,0.0,1.0,74.0,0.0,74.0,0.0,0.0,0.0,1.0,74.0,0.0,74.0,0.0,0.0,0.0
72.68374825528323,480.1170554411181,31039.485115396816,137.47492358492087,426.8514528912912,46644.629239846014,477.4636409509319,366.00344061969366,57527.58745190624,5008.14343221956,339.20515460098125,59968.77418237175,38804.34857541202,336.7702239075187,60118.731200081325,72.68374825528323,480.1170554411181,31039.485115396816,137.47492358492087,426.8514528912912,46644.629239846014,477.4636409509319,366.00344061969366,57527.58745190624,5008.14343221956,339.20515460098125,59968.77418237175,38804.34857541202,336.7702239075187,60118.731200081325,61.81312205553256,553.9999999999997,1.8688123647942943e-05,553.9999999999997,3.4924596548080444e-10,0.0,0.0,102.09084099847637,553.9999999999999,1.52587890625e-05,553.9999999999999,2.3283064365386963e-10,0.0,0.0,295.76014150259584,553.9999999998104,0.0003072667017456,553.9999999998104,9.441282600164413e-08,0.0,0.0,2830.6040117092894,553.9814531489022,3.0268466192886265,553.9814531489022,9.161800456698984,0.0,0.0,21742.607584469813,553.9402929854596,5.430626138588115,553.9402929854596,29.491700257116467,0.0,0.0,61.81312205553256,0.0048005903202699,6.495909939178452e-05,102.09084099847637,0.0048309501000931,0.0001048151582909,295.76014150259584,0.0049339270727423,0.0001430353147825,2830.6040117092894,0.2139208998957518,314827431.11501884,21742.607584469813,15860.84245774229,23912487475991.586,61.81312205553256,553.9999999999997,1.8688123647942943e-05,553.9999999999997,3.4924596548080444e-10,0.0,0.0,102.09084099847637,553.9999999999999,1.52587890625e-05,553.9999999999999,2.3283064365386963e-10,0.0,0.0,295.76014150248267,553.9999999999992,3.145679951185349e-05,553.9999999999992,9.89530235528946e-10,0.0,0.0,2830.4977388527755,553.9999999999993,1.8688123647942943e-05,553.9999999999993,3.4924596548080444e-10,0.0,0.0,21739.97967720828,554.0000000000035,5.958747616505931e-05,554.0000000000035,3.5506673157215123e-09,0.0,0.0
1.0,60.0,0.0,1.0,60.0,0.0,1.0,60.0,0.0,1.0,60.0,0.0,1.0,60.0,0.0,1.0,60.0,0.0,1.0,60.0,0.0,1.0,60.0,0.0,1.0,60.0,0.0,1.0,60.0,0.0,1.0,60.0,0.0,60.0,0.0,0.0,0.0,1.0,60.0,0.0,60.0,0.0,0.0,0.0,1.0,60.0,0.0,60.0,0.0,0.0,0.0,1.0,60.0,0.0,60.0,0.0,0.0,0.0,1.0,60.0,0.0,60.0,0.0,0.0,0.0,1.0,1505913439.030339,0.0,1.0,1505913439.030339,0.0,1.0,1505913439.030339,0.0,1.0,1505913439.030339,0.0,1.0,1505913439.030339,0.0,1.0,60.0,0.0,60.0,0.0,0.0,0.0,1.0,60.0,0.0,60.0,0.0,0.0,0.0,1.0,60.0,0.0,60.0,0.0,0.0,0.0,1.0,60.0,0.0,60.0,0.0,0.0,0.0,1.0,60.0,0.0,60.0,0.0,0.0,0.0
1.0,60.0,0.0,1.0,60.0,0.0,1.0,60.0,0.0,1.0,60.0,0.0,1.0,60.0,0.0,1.0,60.0,0.0,1.0,60.0,0.0,1.0,60.0,0.0,1.0,60.0,0.0,1.0,60.0,0.0,1.0,60.0,0.0,60.0,0.0,0.0,0.0,1.0,60.0,0.0,60.0,0.0,0.0,0.0,1.0,60.0,0.0,60.0,0.0,0.0,0.0,1.0,60.0,0.0,60.0,0.0,0.0,0.0,1.0,60.0,0.0,60.0,0.0,0.0,0.0,1.0,1505913539.8037698,0.0,1.0,1505913539.8037698,0.0,1.0,1505913539.8037698,0.0,1.0,1505913539.8037698,0.0,1.0,1505913539.8037698,0.0,1.0,60.0,0.0,60.0,0.0,0.0,0.0,1.0,60.0,0.0,60.0,0.0,0.0,0.0,1.0,60.0,0.0,60.0,0.0,0.0,0.0,1.0,60.0,0.0,60.0,0.0,0.0,0.0,1.0,60.0,0.0,60.0,0.0,0.0,0.0
1.0,60.0,0.0,1.0,60.0,0.0,1.0,60.0,0.0,1.0,60.0,0.0,1.0,60.0,0.0,1.0,60.0,0.0,1.0,60.0,0.0,1.0,60.0,0.0,1.0,60.0,0.0,1.0,60.0,0.0,1.0,60.0,0.0,60.0,0.0,0.0,0.0,1.0,60.0,0.0,60.0,0.0,0.0,0.0,1.0,60.0,0.0,60.0,0.0,0.0,0.0,1.0,60.0,0.0,60.0,0.0,0.0,0.0,1.0,60.0,0.0,60.0,0.0,0.0,0.0,1.0,1505913570.383741,0.0,1.0,1505913570.383741,0.0,1.0,1505913570.383741,0.0,1.0,1505913570.383741,0.0,1.0,1505913570.383741,0.0,1.0,60.0,0.0,60.0,0.0,0.0,0.0,1.0,60.0,0.0,60.0,0.0,0.0,0.0,1.0,60.0,0.0,60.0,0.0,0.0,0.0,1.0,60.0,0.0,60.0,0.0,0.0,0.0,1.0,60.0,0.0,60.0,0.0,0.0,0.0
186.66632361235847,74.01684731855397,0.404051813157821,289.817908675907,74.02728858497487,0.6541813725598331,786.9941872707786,74.03985174407822,1.0266062275995864,7545.206933974528,74.40210767322374,283.03195060491913,21351.32982930828,74.5014386487655,356.05068681072584,186.66632361235847,74.01684731855397,0.404051813157821,289.817908675907,74.02728858497487,0.6541813725598331,786.9941872707786,74.03985174407822,1.0266062275995864,7545.206933974528,74.40210767322374,283.03195060491913,21351.32982930828,74.5014386487655,356.05068681072584,186.53528915330867,73.99999999999997,1.6518123698891422e-06,95.26804291051646,1.124982816404825e-11,-1.3667035552634226e-27,-2.504510751224888e-16,289.4883786497137,73.9999999999999,4.370284743266906e-06,95.26804291051634,1.9442776034731604e-11,2.0659922497386224e-27,2.4784997048527787e-16,785.6891945009321,73.9999995397109,0.0025385095995565,95.26804255298428,6.4440309870406215e-06,7.02519259553738e-20,4.1038770018468386e-11,7522.906907750056,73.99915846938504,0.1085390272358637,95.26738924824768,0.0117807204333075,1.1697295180926416e-16,4.613428695222244e-10,21281.465198459795,73.99842869997903,0.1483095794436888,95.26682239933136,0.0219957313547638,-2.579684606019957e-16,-1.5414637076711731e-10,186.53528915330844,0.0015768831389176,1.5284281225098545e-05,289.4883786497138,0.0016816627586595,1.715766527389824e-05,785.6891945009337,0.00184436227616,13.539441299024196,7522.9069077501745,7388.218313161315,11125966397197.885,21281.465198459337,50875.80081058983,76612005880391.8,1.0,74.0,0.0,74.0,0.0,0.0,0.0,1.0,74.0,0.0,74.0,0.0,0.0,0.0,1.0,74.0,0.0,74.0,0.0,0.0,0.0,1.0,74.0,0.0,74.0,0.0,0.0,0.0,1.0,74.0,0.0,74.0,0.0,0.0,0.0
170.86951978585654,376.9636298420712,56036.86875449304,238.39860972761767,372.3450786228301,56671.455321204274,454.4990061832704,363.0433108665332,57818.98591582038,3829.786498707937,344.78228992643983,59553.26453247303,23025.20449038286,343.24729584490984,59671.47570269105,170.86951978585654,376.9636298420712,56036.86875449304,238.39860972761767,372.3450786228301,56671.455321204274,454.4990061832704,363.0433108665332,57818.98591582038,3829.786498707937,344.78228992643983,59553.26453247303,23025.20449038286,343.24729584490984,59671.47570269105,1.0,60.0,0.0,60.0,0.0,0.0,0.0,1.0,60.0,0.0,60.0,0.0,0.0,0.0,1.0,60.0,0.0,60.0,0.0,0.0,0.0,1.0,60.0,0.0,60.0,0.0,0.0,0.0,1.0,60.0,0.0,60.0,0.0,0.0,0.0,1.0,1507656046.24555,0.0,1.0,1507656046.24555,0.0,1.0,1507656046.24555,0.0,1.0,1507656046.24555,0.0,1.0,1507656046.24555,0.0,1.0,60.0,0.0,60.0,0.0,0.0,0.0,1.0,60.0,0.0,60.0,0.0,0.0,0.0,1.0,60.0,0.0,60.0,0.0,0.0,0.0,1.0,60.0,0.0,60.0,0.0,0.0,0.0,1.0,60.0,0.0,60.0,0.0,0.0,0.0
141.16299746625145,68.20439268945158,47.54943824959719,225.16022781723527,69.0009247310851,44.99630022031306,660.7346647038273,69.46534917868885,42.92229768479956,5632.697585378722,69.35494019249003,43.56963821183307,11492.48247793735,69.32130110785673,43.73977387589275,141.16299746625145,68.20439268945158,47.54943824959719,225.16022781723527,69.0009247310851,44.99630022031306,660.7346647038273,69.46534917868885,42.92229768479956,5632.697585378722,69.35494019249003,43.56963821183307,11492.48247793735,69.32130110785673,43.73977387589275,1.0,60.0,0.0,60.0,0.0,0.0,0.0,1.0,60.0,0.0,60.0,0.0,0.0,0.0,1.0,60.0,0.0,60.0,0.0,0.0,0.0,1.0,60.0,0.0,60.0,0.0,0.0,0.0,1.0,60.0,0.0,60.0,0.0,0.0,0.0,1.0,1507657086.164541,0.0,1.0,1507657086.164541,0.0,1.0,1507657086.164541,0.0,1.0,1507657086.164541,0.0,1.0,1507657086.164541,0.0,1.0,60.0,0.0,60.0,0.0,0.0,0.0,1.0,60.0,0.0,60.0,0.0,0.0,0.0,1.0,60.0,0.0,60.0,0.0,0.0,0.0,1.0,60.0,0.0,60.0,0.0,0.0,0.0,1.0,60.0,0.0,60.0,0.0,0.0,0.0
174.68828348074078,67.27939118269737,49.10009639495911,264.33758458540905,67.65204884597111,49.148641516067066,695.9607412795468,68.5917507937435,47.52880538242334,6659.551165258937,69.28871137200015,44.064399124774354,49529.10680620535,69.37643425991713,43.53096255199489,174.68828348074078,67.27939118269737,49.10009639495911,264.33758458540905,67.65204884597111,49.148641516067066,695.9607412795468,68.5917507937435,47.52880538242334,6659.551165258937,69.28871137200015,44.064399124774354,49529.10680620535,69.37643425991713,43.53096255199489,90.76492895112992,74.00000000000007,2.3360154559928683e-06,74.00000000000007,5.4569682106375694e-12,0.0,0.0,144.16163733869683,74.00000000000001,1.3486991523486091e-06,74.00000000000001,1.8189894035458565e-12,0.0,0.0,425.5416451728942,73.99999995971184,0.0007510256388493,73.99999995971184,5.640395102091134e-07,0.0,0.0,4413.334653354112,73.99864533543999,0.1377079110304694,73.99864533543999,0.0189634687603756,0.0,0.0,33148.585343161576,73.9979011715858,0.1714035963947371,73.9979011715858,0.0293791928570499,0.0,0.0,90.76492895112992,0.0036968501544451,0.0003571539083732,144.16163733869683,0.0035964132509796,0.0002717068111624,425.5416451728942,0.0034436035104395,0.0001476570784134,4413.334653354112,0.4248158113695985,635542071.1254653,33148.585343161576,11667.24426181921,17590062163794.488,1.0,74.0,0.0,74.0,0.0,0.0,0.0,1.0,74.0,0.0,74.0,0.0,0.0,0.0,1.0,74.0,0.0,74.0,0.0,0.0,0.0,1.0,74.0,0.0,74.0,0.0,0.0,0.0,1.0,74.0,0.0,74.0,0.0,0.0,0.0
85.98654997779711,386.4289224452917,54700.04627917995,143.67847676167997,390.0257955610701,54115.71726978524,470.71739887583726,362.5239632099645,57925.986708851175,4988.935812471017,339.1712136109485,59969.98104407585,38465.935204662295,336.77548570855424,60118.2704979472,85.98654997779711,386.4289224452917,54700.04627917995,143.67847676167997,390.0257955610701,54115.71726978524,470.71739887583726,362.5239632099645,57925.986708851175,4988.935812471017,339.1712136109485,59969.98104407585,38465.935204662295,336.77548570855424,60118.2704979472,1.0,60.0,0.0,60.0,0.0,0.0,0.0,1.0,60.0,0.0,60.0,0.0,0.0,0.0,1.0,60.0,0.0,60.0,0.0,0.0,0.0,1.0,60.0,0.0,60.0,0.0,0.0,0.0,1.0,60.0,0.0,60.0,0.0,0.0,0.0,1.0,1507659516.550518,0.0,1.0,1507659516.550518,0.0,1.0,1507659516.550518,0.0,1.0,1507659516.550518,0.0,1.0,1507659516.550518,0.0,1.0,60.0,0.0,60.0,0.0,0.0,0.0,1.0,60.0,0.0,60.0,0.0,0.0,0.0,1.0,60.0,0.0,60.0,0.0,0.0,0.0,1.0,60.0,0.0,60.0,0.0,0.0,0.0,1.0,60.0,0.0,60.0,0.0,0.0,0.0
107.905100197454,60.02124375434871,1.019248905231052,126.2477903311873,60.06129721615107,2.9384899379710987,262.01949004178266,60.10070489350174,4.790675074749288,2306.486058077416,60.03289766080075,1.275818804937444,22608.673175206,60.02150224237796,0.7501948719022948,107.905100197454,60.02124375434871,1.019248905231052,126.2477903311873,60.06129721615107,2.9384899379710987,262.01949004178266,60.10070489350174,4.790675074749288,2306.486058077416,60.03289766080075,1.275818804937444,22608.673175206,60.02150224237796,0.7501948719022948,1.0,60.0,0.0,60.0,0.0,0.0,0.0,1.0,60.0,0.0,60.0,0.0,0.0,0.0,1.0,60.0,0.0,60.0,0.0,0.0,0.0,1.0,60.0,0.0,60.0,0.0,0.0,0.0,1.0,60.0,0.0,60.0,0.0,0.0,0.0,1.0,1507653619.341001,0.0,1.0,1507653619.341001,0.0,1.0,1507653619.341001,0.0,1.0,1507653619.341001,0.0,1.0,1507653619.341001,0.0,1.0,60.0,0.0,60.0,0.0,0.0,0.0,1.0,60.0,0.0,60.0,0.0,0.0,0.0,1.0,60.0,0.0,60.0,0.0,0.0,0.0,1.0,60.0,0.0,60.0,0.0,0.0,0.0,1.0,60.0,0.0,60.0,0.0,0.0,0.0
172.01662447066985,220.73885902374383,53567.86858291103,255.14643762519967,275.4238354337867,60010.47645545754,674.0588706468641,344.6474793241112,59583.33083226872,6440.882153857061,378.93522161142977,55829.34840109872,50421.030711320185,382.4219582730004,55317.03773019294,172.01662447066985,220.73885902374383,53567.86858291103,255.14643762519967,275.4238354337867,60010.47645545754,674.0588706468641,344.6474793241112,59583.33083226872,6440.882153857061,378.93522161142977,55829.34840109872,50421.030711320185,382.4219582730004,55317.03773019294,1.0,60.0,0.0,60.0,0.0,0.0,0.0,1.0,60.0,0.0,60.0,0.0,0.0,0.0,1.0,60.0,0.0,60.0,0.0,0.0,0.0,1.0,60.0,0.0,60.0,0.0,0.0,0.0,1.0,60.0,0.0,60.0,0.0,0.0,0.0,1.0,1507656148.329444,0.0,1.0,1507656148.329444,0.0,1.0,1507656148.329444,0.0,1.0,1507656148.329444,0.0,1.0,1507656148.329444,0.0,1.0,60.0,0.0,60.0,0.0,0.0,0.0,1.0,60.0,0.0,60.0,0.0,0.0,0.0,1.0,60.0,0.0,60.0,0.0,0.0,0.0,1.0,60.0,0.0,60.0,0.0,0.0,0.0,1.0,60.0,0.0,60.0,0.0,0.0,0.0
1.0,60.0,0.0,1.0,60.0,0.0,1.0,60.0,0.0,1.0,60.0,0.0,1.0,60.0,0.0,1.0,60.0,0.0,1.0,60.0,0.0,1.0,60.0,0.0,1.0,60.0,0.0,1.0,60.0,0.0,1.0,60.0,0.0,60.0,0.0,0.0,0.0,1.0,60.0,0.0,60.0,0.0,0.0,0.0,1.0,60.0,0.0,60.0,0.0,0.0,0.0,1.0,60.0,0.0,60.0,0.0,0.0,0.0,1.0,60.0,0.0,60.0,0.0,0.0,0.0,1.0,1505913463.893,0.0,1.0,1505913463.893,0.0,1.0,1505913463.893,0.0,1.0,1505913463.893,0.0,1.0,1505913463.893,0.0,1.0,60.0,0.0,60.0,0.0,0.0,0.0,1.0,60.0,0.0,60.0,0.0,0.0,0.0,1.0,60.0,0.0,60.0,0.0,0.0,0.0,1.0,60.0,0.0,60.0,0.0,0.0,0.0,1.0,60.0,0.0,60.0,0.0,0.0,0.0
78.74980981957711,75.75544184225691,704.3373861469472,113.65469308514486,75.88619165673403,746.4956305906671,203.8127997464954,75.70284967570211,638.8687408261421,851.2683225541983,76.76617558715422,1721.881809041303,7660.901432304538,76.81159812293512,1847.5495845439789,78.74980981957711,75.75544184225691,704.3373861469472,113.65469308514486,75.88619165673403,746.4956305906671,203.8127997464954,75.70284967570211,638.8687408261421,851.2683225541983,76.76617558715422,1721.881809041303,7660.901432304538,76.81159812293512,1847.5495845439789,1.0,74.0,0.0,74.0,0.0,0.0,0.0,1.0,74.0,0.0,74.0,0.0,0.0,0.0,1.0,74.0,0.0,74.0,0.0,0.0,0.0,1.0,74.0,0.0,74.0,0.0,0.0,0.0,1.0,74.0,0.0,74.0,0.0,0.0,0.0,1.0,1505913014.340661,0.0,1.0,1505913014.340661,0.0,1.0,1505913014.340661,0.0,1.0,1505913014.340661,0.0,1.0,1505913014.340661,0.0,1.0,74.0,0.0,74.0,0.0,0.0,0.0,1.0,74.0,0.0,74.0,0.0,0.0,0.0,1.0,74.0,0.0,74.0,0.0,0.0,0.0,1.0,74.0,0.0,74.0,0.0,0.0,0.0,1.0,74.0,0.0,74.0,0.0,0.0,0.0
174.7873523107995,74.09811921942195,2.345233886002461,278.9222107134575,74.07835929721983,1.8744870830287248,805.9194542584842,74.05430556426765,1.3621151532188378,7134.787259298544,74.10430338657204,26.56155689348543,35253.979900836486,74.27728541287259,167.704422151558,174.7873523107995,74.09811921942195,2.345233886002461,278.9222107134575,74.07835929721983,1.8744870830287248,805.9194542584842,74.05430556426765,1.3621151532188378,7134.787259298544,74.10430338657204,26.56155689348543,35253.979900836486,74.27728541287259,167.704422151558,174.07276903669162,73.99999999997097,2.0342568404866736e-05,95.2680429104939,4.1386905920086085e-10,1.7566522897234747e-24,3.4224011593099766e-14,278.01153660718563,73.99999989150885,0.0012324328431032,95.26804282624528,1.5188907127627931e-06,1.179888100006892e-20,5.365910798289381e-12,804.0952476712837,73.99977513067789,0.0561081093663659,95.267868242083,0.003148119936668,3.754840339706784e-17,2.480965699252087e-10,7115.103636739794,73.99837174957909,0.1509730263238801,95.26677816316084,0.022792854677391,2.3393952062542194e-16,1.624815854542631e-09,35147.361993899445,73.9983079839404,0.1539004937197472,95.26672863327464,0.0236853619671819,1.987244145663371e-16,1.194426864064987e-10,174.0727690366915,0.0016905991065941,1.7224328135338718e-05,278.01153660718586,0.0017543712509109,2.147675077211179e-05,804.0952476712854,0.0018044958297656,2.719648029900521e-05,7115.103636739897,325.49909472119566,490170578354.5237,35147.36199389791,22418.18098653268,33759354303706.887,1.0,74.0,0.0,95.26804291051644,0.0,0.0,0.0,1.0,74.0,0.0,95.26804291051644,0.0,0.0,0.0,1.0,74.0,0.0,95.26804291051644,0.0,0.0,0.0,1.0206928720243469,74.0,9.5367431640625e-07,95.26804291051644,9.094947017729282e-13,0.0,0.0,1.6785503474099488,74.0,9.5367431640625e-07,95.26804291051644,9.094947017729282e-13,0.0,0.0
109.75129247376982,60.0023922045004,0.0534550987154034,134.35867414188408,60.01286510094232,0.2771590545880826,278.7312425023147,60.050086937284746,0.9854022062590956,2102.823269101103,60.08143250914929,1.4034400114701384,19421.995272646825,60.097408833613976,1.6989670378566188,109.75129247376982,60.0023922045004,0.0534550987154034,134.35867414188408,60.01286510094232,0.2771590545880826,278.7312425023147,60.050086937284746,0.9854022062590956,2102.823269101103,60.08143250914929,1.4034400114701384,19421.995272646825,60.097408833613976,1.6989670378566188,1.0,60.0,0.0,60.0,0.0,0.0,0.0,1.0,60.0,0.0,60.0,0.0,0.0,0.0,1.0,60.0,0.0,60.0,0.0,0.0,0.0,1.0,60.0,0.0,60.0,0.0,0.0,0.0,1.0,60.0,0.0,60.0,0.0,0.0,0.0,1.0,1507653468.886441,0.0,1.0,1507653468.886441,0.0,1.0,1507653468.886441,0.0,1.0,1507653468.886441,0.0,1.0,1507653468.886441,0.0,1.0,60.0,0.0,60.0,0.0,0.0,0.0,1.0,60.0,0.0,60.0,0.0,0.0,0.0,1.0,60.0,0.0,60.0,0.0,0.0,0.0,1.0,60.0,0.0,60.0,0.0,0.0,0.0,1.0,60.0,0.0,60.0,0.0,0.0,0.0
1.0,60.0,0.0,1.0,60.0,0.0,1.0,60.0,0.0,1.0,60.0,0.0,1.0,60.0,0.0,1.0,60.0,0.0,1.0,60.0,0.0,1.0,60.0,0.0,1.0,60.0,0.0,1.0,60.0,0.0,1.0,60.0,0.0,60.0,0.0,0.0,0.0,1.0,60.0,0.0,60.0,0.0,0.0,0.0,1.0,60.0,0.0,60.0,0.0,0.0,0.0,1.0,60.0,0.0,60.0,0.0,0.0,0.0,1.0,60.0,0.0,60.0,0.0,0.0,0.0,1.0,1505913432.735333,0.0,1.0,1505913432.735333,0.0,1.0,1505913432.735333,0.0,1.0,1505913432.735333,0.0,1.0,1505913432.735333,0.0,1.0,60.0,0.0,60.0,0.0,0.0,0.0,1.0,60.0,0.0,60.0,0.0,0.0,0.0,1.0,60.0,0.0,60.0,0.0,0.0,0.0,1.0,60.0,0.0,60.0,0.0,0.0,0.0,1.0,60.0,0.0,60.0,0.0,0.0,0.0
1.0,60.0,0.0,1.0,60.0,0.0,1.0,60.0,0.0,1.0,60.0,0.0,1.0,60.0,0.0,1.0,60.0,0.0,1.0,60.0,0.0,1.0,60.0,0.0,1.0,60.0,0.0,1.0,60.0,0.0,1.0,60.0,0.0,60.0,0.0,0.0,0.0,1.0,60.0,0.0,60.0,0.0,0.0,0.0,1.0,60.0,0.0,60.0,0.0,0.0,0.0,1.0,60.0,0.0,60.0,0.0,0.0,0.0,1.0,60.0,0.0,60.0,0.0,0.0,0.0,1.0,1505913581.904155,0.0,1.0,1505913581.904155,0.0,1.0,1505913581.904155,0.0,1.0,1505913581.904155,0.0,1.0,1505913581.904155,0.0,1.0,60.0,0.0,60.0,0.0,0.0,0.0,1.0,60.0,0.0,60.0,0.0,0.0,0.0,1.0,60.0,0.0,60.0,0.0,0.0,0.0,1.0,60.0,0.0,60.0,0.0,0.0,0.0,1.0,60.0,0.0,60.0,0.0,0.0,0.0
1.0,60.0,0.0,1.0,60.0,0.0,1.0,60.0,0.0,1.0,60.0,0.0,1.0,60.0,0.0,1.0,60.0,0.0,1.0,60.0,0.0,1.0,60.0,0.0,1.0,60.0,0.0,1.0,60.0,0.0,1.0,60.0,0.0,60.0,0.0,0.0,0.0,1.0,60.0,0.0,60.0,0.0,0.0,0.0,1.0,60.0,0.0,60.0,0.0,0.0,0.0,1.0,60.0,0.0,60.0,0.0,0.0,0.0,1.0,60.0,0.0,60.0,0.0,0.0,0.0,1.0,1505913578.048544,0.0,1.0,1505913578.048544,0.0,1.0,1505913578.048544,0.0,1.0,1505913578.048544,0.0,1.0,1505913578.048544,0.0,1.0,60.0,0.0,60.0,0.0,0.0,0.0,1.0,60.0,0.0,60.0,0.0,0.0,0.0,1.0,60.0,0.0,60.0,0.0,0.0,0.0,1.0,60.0,0.0,60.0,0.0,0.0,0.0,1.0,60.0,0.0,60.0,0.0,0.0,0.0
31.455166113523504,74.78535896417648,18.23209417814724,44.71319112737989,74.60837146001674,14.246472947281289,132.04354391578036,74.34539281715513,8.642262576476243,951.6145417567752,74.81376759434502,243.37887523891547,8656.19113448535,76.50551092157332,1562.0057752897735,31.455166113523504,74.78535896417648,18.23209417814724,44.71319112737989,74.60837146001674,14.246472947281289,132.04354391578036,74.34539281715513,8.642262576476243,951.6145417567752,74.81376759434502,243.37887523891547,8656.19113448535,76.50551092157332,1562.0057752897735,1.0293415931532188,97.99941558879428,0.1490210867043931,138.57790976625807,0.7848603564039552,0.0102936993571703,0.0779856172911933,1.1355120062283062,97.95591523378548,1.2935523373791873,138.29971290175158,14.055047741448435,0.8664754541321692,0.1793105959884654,2.0731333625739743,95.9906515877899,8.503984867244887,134.43202993072944,150.96431720724163,46.18155776952557,0.4717508630380538,15.485834552563189,95.63417207702427,9.181738360024562,135.13168008366625,123.10775662454434,75.2805141119846,0.8656286144055009,141.13636765846934,96.12484842681091,8.230404993603978,135.93421439863414,96.129175289556,65.05632361237942,0.957093637131092,1.0293415931532188,1.0266554524894351,1.9481334644133603e-05,1.1355120062283062,1.0249488665625668,0.0012338090217975,2.0731333625739743,0.9687640328489052,0.0448986493110511,15.485834552563192,0.9647946898586508,16500.843760621672,141.1363676584695,541184.8720282838,814682865585392.6,1.0293257626594938,98.0,0.0,138.5929291125633,0.0,2.049847147974579e-76,0.0,1.1341946698775602,98.0,1.9073486328125e-06,138.5929291125633,3.637978807091713e-12,4.7727366945406835e-60,0.0,1.963511067037452,98.0,1.9073486328125e-06,138.5929291125633,3.637978807091713e-12,1.5263931822693323e-31,0.0,14.521707715851704,98.0,1.3486991523486091e-06,138.5929291125633,4.067383956680332e-12,-9.53163107934706e-29,-3.7052887492562265e-17,134.17183918875932,98.00000000000004,3.3036247397782844e-06,138.59292911256338,2.1212879418618467e-11,2.701867874552569e-28,1.917601290290882e-17
147.27335891220062,74.06857923211624,1.749578324867798,253.46026767004216,74.07212080148184,3.953315121710148,786.5475723920958,74.15913156433719,29.201605364259198,7860.438528672781,74.2458187766573,133.1360214825645,26127.19350935477,74.40598041524828,273.03015690303255,147.27335891220062,74.06857923211624,1.749578324867798,253.46026767004216,74.07212080148184,3.953315121710148,786.5475723920958,74.15913156433719,29.201605364259198,7860.438528672781,74.2458187766573,133.1360214825645,26127.19350935477,74.40598041524828,273.03015690303255,146.85512789356997,73.9999999996361,7.137919388261501e-05,95.26804291023376,5.094989319331944e-09,-1.5453355401315181e-24,0.0,252.79050167496757,73.99999950755067,0.0026256973061636,95.26804252800348,6.89428634361235e-06,5.689436842366972e-20,5.5106150596614705e-12,784.5667342929881,73.99963031680251,0.0719404483478301,95.2677557572521,0.0051754281084868,-1.638156798584034e-17,-1.0678180052968244e-10,7840.262936686676,73.99843587522214,0.1479706066437348,95.2668279726966,0.0218953004305149,5.14399870244562e-16,1.377768620860348e-09,26048.45876569591,73.9983014046268,0.1541993839869439,95.26672352280134,0.0237774500219529,-6.31543068250422e-16,-4.2213374665578377e-10,146.85512789356994,0.0020116095730415,2.3898288500513983e-05,252.790501674968,0.001927726587064,2.1136700997073487e-05,784.5667342929909,0.0018463164366954,0.0034099713312764,7840.262936686819,3093.2462678085444,4658151557724.917,26048.458765695177,38257.15880030212,57610536934441.52,1.0,74.0,0.0,95.26804291051644,0.0,0.0,0.0,1.0,74.0,0.0,95.26804291051644,0.0,0.0,0.0,1.0,74.0,0.0,95.26804291051644,0.0,0.0,0.0,1.0235937099971018,74.0,9.5367431640625e-07,95.26804291051644,9.094947017729282e-13,0.0,0.0,1.6875109565268065,74.0,0.0,95.26804291051644,0.0,0.0,0.0
1.0,60.0,0.0,1.0,60.0,0.0,1.0,60.0,0.0,1.0,60.0,0.0,1.0,60.0,0.0,1.0,60.0,0.0,1.0,60.0,0.0,1.0,60.0,0.0,1.0,60.0,0.0,1.0,60.0,0.0,1.0,60.0,0.0,60.0,0.0,0.0,0.0,1.0,60.0,0.0,60.0,0.0,0.0,0.0,1.0,60.0,0.0,60.0,0.0,0.0,0.0,1.0,60.0,0.0,60.0,0.0,0.0,0.0,1.0,60.0,0.0,60.0,0.0,0.0,0.0,1.0,1505913458.157024,0.0,1.0,1505913458.157024,0.0,1.0,1505913458.157024,0.0,1.0,1505913458.157024,0.0,1.0,1505913458.157024,0.0,1.0,60.0,0.0,60.0,0.0,0.0,0.0,1.0,60.0,0.0,60.0,0.0,0.0,0.0,1.0,60.0,0.0,60.0,0.0,0.0,0.0,1.0,60.0,0.0,60.0,0.0,0.0,0.0,1.0,60.0,0.0,60.0,0.0,0.0,0.0
1.0,60.0,0.0,1.0,60.0,0.0,1.0,60.0,0.0,1.0,60.0,0.0,1.0,60.0,0.0,1.0,60.0,0.0,1.0,60.0,0.0,1.0,60.0,0.0,1.0,60.0,0.0,1.0,60.0,0.0,1.0,60.0,0.0,60.0,0.0,0.0,0.0,1.0,60.0,0.0,60.0,0.0,0.0,0.0,1.0,60.0,0.0,60.0,0.0,0.0,0.0,1.0,60.0,0.0,60.0,0.0,0.0,0.0,1.0,60.0,0.0,60.0,0.0,0.0,0.0,1.0,1505913431.67637,0.0,1.0,1505913431.67637,0.0,1.0,1505913431.67637,0.0,1.0,1505913431.67637,0.0,1.0,1505913431.67637,0.0,1.0,60.0,0.0,60.0,0.0,0.0,0.0,1.0,60.0,0.0,60.0,0.0,0.0,0.0,1.0,60.0,0.0,60.0,0.0,0.0,0.0,1.0,60.0,0.0,60.0,0.0,0.0,0.0,1.0,60.0,0.0,60.0,0.0,0.0,0.0
1.0,60.0,0.0,1.0,60.0,0.0,1.0,60.0,0.0,1.0,60.0,0.0,1.0,60.0,0.0,1.0,60.0,0.0,1.0,60.0,0.0,1.0,60.0,0.0,1.0,60.0,0.0,1.0,60.0,0.0,1.0,60.0,0.0,60.0,0.0,0.0,0.0,1.0,60.0,0.0,60.0,0.0,0.0,0.0,1.0,60.0,0.0,60.0,0.0,0.0,0.0,1.0,60.0,0.0,60.0,0.0,0.0,0.0,1.0,60.0,0.0,60.0,0.0,0.0,0.0,1.0,1505913561.837262,0.0,1.0,1505913561.837262,0.0,1.0,1505913561.837262,0.0,1.0,1505913561.837262,0.0,1.0,1505913561.837262,0.0,1.0,60.0,0.0,60.0,0.0,0.0,0.0,1.0,60.0,0.0,60.0,0.0,0.0,0.0,1.0,60.0,0.0,60.0,0.0,0.0,0.0,1.0,60.0,0.0,60.0,0.0,0.0,0.0,1.0,60.0,0.0,60.0,0.0,0.0,0.0
88.70290027228651,60.00000000000002,2.7284841053187847e-12,107.61444132927772,60.00000000000399,1.9645085558295247e-10,244.7590517835534,60.00004122858097,0.0019651330781016,2293.154768814787,60.01554584002552,0.5873589343336789,22206.83536958188,60.02001399369272,0.6946486570100205,88.70290027228651,60.00000000000002,2.7284841053187847e-12,107.61444132927772,60.00000000000399,1.9645085558295247e-10,244.7590517835534,60.00004122858097,0.0019651330781016,2293.154768814787,60.01554584002552,0.5873589343336789,22206.83536958188,60.02001399369272,0.6946486570100205,1.0,60.0,0.0,60.0,0.0,0.0,0.0,1.0,60.0,0.0,60.0,0.0,0.0,0.0,1.0,60.0,0.0,60.0,0.0,0.0,0.0,1.0,60.0,0.0,60.0,0.0,0.0,0.0,1.0,60.0,0.0,60.0,0.0,0.0,0.0,1.0,1507653480.586008,0.0,1.0,1507653480.586008,0.0,1.0,1507653480.586008,0.0,1.0,1507653480.586008,0.0,1.0,1507653480.586008,0.0,1.0,60.0,0.0,60.0,0.0,0.0,0.0,1.0,60.0,0.0,60.0,0.0,0.0,0.0,1.0,60.0,0.0,60.0,0.0,0.0,0.0,1.0,60.0,0.0,60.0,0.0,0.0,0.0,1.0,60.0,0.0,60.0,0.0,0.0,0.0
87.85612745847992,60.083157735836544,1.2404508285217162,106.61222937470316,60.09137923820518,1.3623384078969138,242.79523342685,60.05517304807243,0.8245568959127922,2287.351445399548,60.02030640720472,0.5056288009127456,19533.6338319702,60.02039005274746,0.6761944677964493,87.85612745847992,60.083157735836544,1.2404508285217162,106.61222937470316,60.09137923820518,1.3623384078969138,242.79523342685,60.05517304807243,0.8245568959127922,2287.351445399548,60.02030640720472,0.5056288009127456,19533.6338319702,60.02039005274746,0.6761944677964493,1.0,60.0,0.0,60.0,0.0,0.0,0.0,1.0,60.0,0.0,60.0,0.0,0.0,0.0,1.0,60.0,0.0,60.0,0.0,0.0,0.0,1.0,60.0,0.0,60.0,0.0,0.0,0.0,1.0,60.0,0.0,60.0,0.0,0.0,0.0,1.0,1507653238.380331,0.0,1.0,1507653238.380331,0.0,1.0,1507653238.380331,0.0,1.0,1507653238.380331,0.0,1.0,1507653238.380331,0.0,1.0,60.0,0.0,60.0,0.0,0.0,0.0,1.0,60.0,0.0,60.0,0.0,0.0,0.0,1.0,60.0,0.0,60.0,0.0,0.0,0.0,1.0,60.0,0.0,60.0,0.0,0.0,0.0,1.0,60.0,0.0,60.0,0.0,0.0,0.0
1.0,60.0,0.0,1.0,60.0,0.0,1.0,60.0,0.0,1.0,60.0,0.0,1.0,60.0,0.0,1.0,60.0,0.0,1.0,60.0,0.0,1.0,60.0,0.0,1.0,60.0,0.0,1.0,60.0,0.0,1.0,60.0,0.0,60.0,0.0,0.0,0.0,1.0,60.0,0.0,60.0,0.0,0.0,0.0,1.0,60.0,0.0,60.0,0.0,0.0,0.0,1.0,60.0,0.0,60.0,0.0,0.0,0.0,1.0,60.0,0.0,60.0,0.0,0.0,0.0,1.0,1505913437.056139,0.0,1.0,1505913437.056139,0.0,1.0,1505913437.056139,0.0,1.0,1505913437.056139,0.0,1.0,1505913437.056139,0.0,1.0,60.0,0.0,60.0,0.0,0.0,0.0,1.0,60.0,0.0,60.0,0.0,0.0,0.0,1.0,60.0,0.0,60.0,0.0,0.0,0.0,1.0,60.0,0.0,60.0,0.0,0.0,0.0,1.0,60.0,0.0,60.0,0.0,0.0,0.0
163.82558000332276,220.70758252482608,53543.98596555312,246.3624754342921,276.55935569774704,60064.91735479293,666.9876382212652,346.6055894793741,59431.319186997,6429.483666392029,379.80037441918427,55705.985498366994,62281.34456446185,382.7553130630526,55266.83319044894,163.82558000332276,220.70758252482608,53543.98596555312,246.3624754342921,276.55935569774704,60064.91735479293,666.9876382212652,346.6055894793741,59431.319186997,6429.483666392029,379.80037441918427,55705.985498366994,62281.34456446185,382.7553130630526,55266.83319044894,1.0,60.0,0.0,60.0,0.0,0.0,0.0,1.0,60.0,0.0,60.0,0.0,0.0,0.0,1.0,60.0,0.0,60.0,0.0,0.0,0.0,1.0,60.0,0.0,60.0,0.0,0.0,0.0,1.0,60.0,0.0,60.0,0.0,0.0,0.0,1.0,1507656437.279126,0.0,1.0,1507656437.279126,0.0,1.0,1507656437.279126,0.0,1.0,1507656437.279126,0.0,1.0,1507656437.279126,0.0,1.0,60.0,0.0,60.0,0.0,0.0,0.0,1.0,60.0,0.0,60.0,0.0,0.0,0.0,1.0,60.0,0.0,60.0,0.0,0.0,0.0,1.0,60.0,0.0,60.0,0.0,0.0,0.0,1.0,60.0,0.0,60.0,0.0,0.0,0.0
1.0,60.0,0.0,1.0,60.0,0.0,1.0,60.0,0.0,1.0,60.0,0.0,1.0,60.0,0.0,1.0,60.0,0.0,1.0,60.0,0.0,1.0,60.0,0.0,1.0,60.0,0.0,1.0,60.0,0.0,1.0,60.0,0.0,60.0,0.0,0.0,0.0,1.0,60.0,0.0,60.0,0.0,0.0,0.0,1.0,60.0,0.0,60.0,0.0,0.0,0.0,1.0,60.0,0.0,60.0,0.0,0.0,0.0,1.0,60.0,0.0,60.0,0.0,0.0,0.0,1.0,1505913539.149814,0.0,1.0,1505913539.149814,0.0,1.0,1505913539.149814,0.0,1.0,1505913539.149814,0.0,1.0,1505913539.149814,0.0,1.0,60.0,0.0,60.0,0.0,0.0,0.0,1.0,60.0,0.0,60.0,0.0,0.0,0.0,1.0,60.0,0.0,60.0,0.0,0.0,0.0,1.0,60.0,0.0,60.0,0.0,0.0,0.0,1.0,60.0,0.0,60.0,0.0,0.0,0.0
151.1842120783785,68.46467981428884,46.854713041611824,232.0956952836992,69.30083489842725,43.70615877021646,663.2058565199824,69.59636926914398,42.25927907620462,6588.280869415437,69.39747600092116,43.3778683875089,33727.19631725951,69.37606526975962,43.493995640605135,151.1842120783785,68.46467981428884,46.854713041611824,232.0956952836992,69.30083489842725,43.70615877021646,663.2058565199824,69.59636926914398,42.25927907620462,6588.280869415437,69.39747600092116,43.3778683875089,33727.19631725951,69.37606526975962,43.493995640605135,1.0,60.0,0.0,60.0,0.0,0.0,0.0,1.0,60.0,0.0,60.0,0.0,0.0,0.0,1.0,60.0,0.0,60.0,0.0,0.0,0.0,1.0,60.0,0.0,60.0,0.0,0.0,0.0,1.0,60.0,0.0,60.0,0.0,0.0,0.0,1.0,1507657161.09623,0.0,1.0,1507657161.09623,0.0,1.0,1507657161.09623,0.0,1.0,1507657161.09623,0.0,1.0,1507657161.09623,0.0,1.0,60.0,0.0,60.0,0.0,0.0,0.0,1.0,60.0,0.0,60.0,0.0,0.0,0.0,1.0,60.0,0.0,60.0,0.0,0.0,0.0,1.0,60.0,0.0,60.0,0.0,0.0,0.0,1.0,60.0,0.0,60.0,0.0,0.0,0.0
108.28093560623785,72.99969260772717,13.003688630574286,191.79063788190183,71.89030942440328,25.08487923973644,641.4888553898624,70.31133263248718,38.03532555919355,6668.812484804145,69.51430517653769,42.75200759112249,29438.334610086087,69.39789431426479,43.373420798054205,108.28093560623785,72.99969260772717,13.003688630574286,191.79063788190183,71.89030942440328,25.08487923973644,641.4888553898624,70.31133263248718,38.03532555919355,6668.812484804145,69.51430517653769,42.75200759112249,29438.334610086087,69.39789431426479,43.373420798054205,100.54420544684946,73.99999999971412,6.326678577660364e-05,73.99999999971412,4.002686182502657e-09,0.0,0.0,162.88921493663975,73.999999467351,0.0027307657653215,73.999999467351,7.457081665052101e-06,0.0,0.0,472.4451262646873,73.999336013159,0.0964125245018578,73.999336013159,0.0092953748808213,0.0,0.0,4530.851017257914,73.99601821350956,0.236070235740738,73.99601821350956,0.0557291562026875,0.0,0.0,19750.64172864407,73.99773502817838,0.1780575060381782,73.99773502817838,0.0317044754565358,0.0,0.0,100.54420544684946,0.002914269007109,1.853245339730216e-05,162.88921493663975,0.0029946174733084,3.383981044013697e-05,472.4451262646873,0.0030809752693723,7.150970529946791e-05,4530.851017257914,969.2436377895792,1461281280597.9868,19750.64172864407,42574.7652866736,64186327926829.29,1.0,74.0,0.0,74.0,0.0,0.0,0.0,1.0,74.0,0.0,74.0,0.0,0.0,0.0,1.0,74.0,0.0,74.0,0.0,0.0,0.0,1.0,74.0,0.0,74.0,0.0,0.0,0.0,1.0,74.0,0.0,74.0,0.0,0.0,0.0
84.78584302276272,425.6848474822489,46917.156028749385,145.63575469934216,407.98939408640433,50800.321627610254,474.6634397544058,366.63454392846,57443.8822057964,4749.327602413407,342.23066914660734,59764.28127795327,12223.719315152935,338.9443706389029,59985.406400282285,84.78584302276272,425.6848474822489,46917.156028749385,145.63575469934216,407.98939408640433,50800.321627610254,474.6634397544058,366.63454392846,57443.8822057964,4749.327602413407,342.23066914660734,59764.28127795327,12223.719315152935,338.9443706389029,59985.406400282285,1.0,60.0,0.0,60.0,0.0,0.0,0.0,1.0,60.0,0.0,60.0,0.0,0.0,0.0,1.0,60.0,0.0,60.0,0.0,0.0,0.0,1.0,60.0,0.0,60.0,0.0,0.0,0.0,1.0,60.0,0.0,60.0,0.0,0.0,0.0,1.0,1507659347.5144448,0.0,1.0,1507659347.5144448,0.0,1.0,1507659347.5144448,0.0,1.0,1507659347.5144448,0.0,1.0,1507659347.5144448,0.0,1.0,60.0,0.0,60.0,0.0,0.0,0.0,1.0,60.0,0.0,60.0,0.0,0.0,0.0,1.0,60.0,0.0,60.0,0.0,0.0,0.0,1.0,60.0,0.0,60.0,0.0,0.0,0.0,1.0,60.0,0.0,60.0,0.0,0.0,0.0
197.5628628205136,74.06548580988209,3.0036083790037083,311.0476395914082,74.04705850087356,2.3001874055325966,868.6323397576589,74.03765029106792,1.4489034404896302,7736.388858205305,74.06032937212443,8.5592007997584,18412.25933579395,74.0759128315269,14.473476716484583,197.5628628205136,74.06548580988209,3.0036083790037083,311.0476395914082,74.04705850087356,2.3001874055325966,868.6323397576589,74.03765029106792,1.4489034404896302,7736.388858205305,74.06032937212443,8.5592007997584,18412.25933579395,74.0759128315269,14.473476716484583,196.17931205790728,73.9999999999939,9.67873722562048e-06,95.26804291051172,9.407556626913271e-11,-5.394349645352024e-25,-1.8960880636457842e-14,309.3518597749631,73.99999995900471,0.0007575908575949,95.26804287867311,5.739439076151885e-07,-2.6885684483497253e-21,-1.0742260080358794e-12,865.867789821873,73.99984355467252,0.0467996806883404,95.26792139075988,0.0021902101125306,7.261809156944564e-18,8.696967206544564e-11,7717.947290692927,73.99841494192437,0.1489573782867998,95.2668117127743,0.0221883005460767,1.8079096355956883e-16,4.3652100852048967e-10,18362.454102576856,73.99803609947944,0.1658033482386374,95.2665174475262,0.0274907502871428,3.3441679486592047e-16,5.981907463705826e-10,196.17931205790737,0.0015632644175588,5.639128850246481e-05,309.35185977496326,0.0016123416689917,5.6342264197455725e-05,865.8677898218759,0.0017250607038588,61897.226074161874,7717.947290693016,16890.815146175202,25435824172446.07,18362.45410257644,64210.29037680947,96691038460566.38,1.0,74.0,0.0,74.0,0.0,0.0,0.0,1.0,74.0,0.0,74.0,0.0,0.0,0.0,1.0,74.0,0.0,74.0,0.0,0.0,0.0,1.0,74.0,0.0,74.0,0.0,0.0,0.0,1.0,74.0,0.0,74.0,0.0,0.0,0.0
20.029888892106804,525.5247094878108,13217.481700482662,32.03193847770894,443.5688748759909,42282.362525296565,198.05598522842243,336.9935949516289,60062.78607476359,3953.631460669869,347.12289414391586,59377.78279245932,36594.51204268776,344.3820477164432,59589.082466943895,20.029888892106804,525.5247094878108,13217.481700482662,32.03193847770894,443.5688748759909,42282.362525296565,198.05598522842243,336.9935949516289,60062.78607476359,3953.631460669869,347.12289414391586,59377.78279245932,36594.51204268776,344.3820477164432,59589.082466943895,18.87201083460608,554.0000000000001,7.62939453125e-06,554.0000000000001,5.820766091346741e-11,0.0,0.0,24.860980914551355,553.9999999990976,0.0006676483110705,553.9999999990976,4.457542672753334e-07,0.0,0.0,111.01404903716345,553.9984124136706,0.8855874467984794,553.9984124136706,0.7842651259270497,0.0,0.0,2298.111138028276,553.8842180741943,7.56193532729332,553.8842180741943,57.182865894166746,0.0,0.0,21069.40014647524,553.8486039425311,8.646775793781503,553.8486039425311,74.76673162792576,0.0,0.0,18.87201083460608,0.0217000618458706,0.0045001325111192,24.860980914551355,0.0244627446459277,0.0053830575701164,111.01404903716345,0.0139980117123133,0.0028960676564452,2298.111138028276,0.0063258543632648,16694.619201212256,21069.40014647524,5989.420805642095,9029940430847.756,1.0,554.0,0.0,554.0,0.0,0.0,0.0,1.0,554.0,0.0,554.0,0.0,0.0,0.0,1.0,554.0,0.0,554.0,0.0,0.0,0.0,1.0,554.0,0.0,554.0,0.0,0.0,0.0,1.0,554.0,0.0,554.0,0.0,0.0,0.0
71.33272462090635,59.99999999999999,1.3642420526593924e-12,89.73973460444357,60.000000000000114,1.546140993013978e-11,225.75044306232527,60.00001535115586,0.0007318217590182,2263.984456632003,60.013894694800776,0.533000724284193,15952.248964413777,60.019851219985,0.6900607616958041,71.33272462090635,59.99999999999999,1.3642420526593924e-12,89.73973460444357,60.000000000000114,1.546140993013978e-11,225.75044306232527,60.00001535115586,0.0007318217590182,2263.984456632003,60.013894694800776,0.533000724284193,15952.248964413777,60.019851219985,0.6900607616958041,1.0,60.0,0.0,60.0,0.0,0.0,0.0,1.0,60.0,0.0,60.0,0.0,0.0,0.0,1.0,60.0,0.0,60.0,0.0,0.0,0.0,1.0,60.0,0.0,60.0,0.0,0.0,0.0,1.0,60.0,0.0,60.0,0.0,0.0,0.0,1.0,1507653131.858993,0.0,1.0,1507653131.858993,0.0,1.0,1507653131.858993,0.0,1.0,1507653131.858993,0.0,1.0,1507653131.858993,0.0,1.0,60.0,0.0,60.0,0.0,0.0,0.0,1.0,60.0,0.0,60.0,0.0,0.0,0.0,1.0,60.0,0.0,60.0,0.0,0.0,0.0,1.0,60.0,0.0,60.0,0.0,0.0,0.0,1.0,60.0,0.0,60.0,0.0,0.0,0.0
1.0,60.0,0.0,1.0,60.0,0.0,1.0,60.0,0.0,1.0,60.0,0.0,1.0,60.0,0.0,1.0,60.0,0.0,1.0,60.0,0.0,1.0,60.0,0.0,1.0,60.0,0.0,1.0,60.0,0.0,1.0,60.0,0.0,60.0,0.0,0.0,0.0,1.0,60.0,0.0,60.0,0.0,0.0,0.0,1.0,60.0,0.0,60.0,0.0,0.0,0.0,1.0,60.0,0.0,60.0,0.0,0.0,0.0,1.0,60.0,0.0,60.0,0.0,0.0,0.0,1.0,1505913579.627672,0.0,1.0,1505913579.627672,0.0,1.0,1505913579.627672,0.0,1.0,1505913579.627672,0.0,1.0,1505913579.627672,0.0,1.0,60.0,0.0,60.0,0.0,0.0,0.0,1.0,60.0,0.0,60.0,0.0,0.0,0.0,1.0,60.0,0.0,60.0,0.0,0.0,0.0,1.0,60.0,0.0,60.0,0.0,0.0,0.0,1.0,60.0,0.0,60.0,0.0,0.0,0.0
1.0,60.0,0.0,1.0,60.0,0.0,1.0,60.0,0.0,1.0,60.0,0.0,1.0,60.0,0.0,1.0,60.0,0.0,1.0,60.0,0.0,1.0,60.0,0.0,1.0,60.0,0.0,1.0,60.0,0.0,1.0,60.0,0.0,60.0,0.0,0.0,0.0,1.0,60.0,0.0,60.0,0.0,0.0,0.0,1.0,60.0,0.0,60.0,0.0,0.0,0.0,1.0,60.0,0.0,60.0,0.0,0.0,0.0,1.0,60.0,0.0,60.0,0.0,0.0,0.0,1.0,1505913584.232223,0.0,1.0,1505913584.232223,0.0,1.0,1505913584.232223,0.0,1.0,1505913584.232223,0.0,1.0,1505913584.232223,0.0,1.0,60.0,0.0,60.0,0.0,0.0,0.0,1.0,60.0,0.0,60.0,0.0,0.0,0.0,1.0,60.0,0.0,60.0,0.0,0.0,0.0,1.0,60.0,0.0,60.0,0.0,0.0,0.0,1.0,60.0,0.0,60.0,0.0,0.0,0.0
3.882372908055504,95.90098485361538,7700.126500014725,9.582771075606647,90.87358688729346,6068.561362523643,63.36692278456196,79.07277491458032,1821.6723970960709,955.7143745813164,75.14694617048977,354.96727737303263,8597.853086576968,76.3850173481312,1469.1375481699542,3.882372908055504,95.90098485361538,7700.126500014725,9.582771075606647,90.87358688729346,6068.561362523643,63.36692278456196,79.07277491458032,1821.6723970960709,955.7143745813164,75.14694617048977,354.96727737303263,8597.853086576968,76.3850173481312,1469.1375481699542,1.0000297105669065,74.00000000000001,9.5367431640625e-07,74.00000000000001,9.094947017729282e-13,0.0,0.0,1.0019219698172148,74.0,0.0,74.0,0.0,0.0,0.0,1.1243317904333652,74.0,0.0,74.0,0.0,0.0,0.0,1.8118171444477844,74.0,0.0,74.0,0.0,0.0,0.0,1.9793678019112584,74.00000000000001,1.3486991523486091e-06,74.00000000000001,1.8189894035458565e-12,0.0,0.0,1.0000297105669065,44743.21109321993,67372857711513.43,1.0019219698172148,2888770.454987609,4341887832770690.5,1.1243317904333652,166528136.87328437,2.230452828844739e+17,1.8118171444477844,674751368.295355,5.608275312628531e+17,1.9793678019112584,745108024.0648552,5.668819844395565e+17,1.0000297105669065,74.00000000000001,9.5367431640625e-07,74.00000000000001,9.094947017729282e-13,0.0,0.0,1.0019219698172148,74.0,0.0,74.0,0.0,0.0,0.0,1.1243317904333652,74.0,0.0,74.0,0.0,0.0,0.0,1.8118171444477844,74.0,0.0,74.0,0.0,0.0,0.0,1.9793678019112584,74.00000000000001,1.3486991523486091e-06,74.00000000000001,1.8189894035458565e-12,0.0,0.0
18.46298755638208,60.01926727295464,0.2886378665102711,36.73810446610637,60.04325069544414,0.6468898090060975,174.05248822627368,60.040780912674855,0.6101725253838595,2215.6353803298857,60.01816595507545,0.5536216638720362,13228.998811538551,60.02048369768929,0.691588765769211,18.46298755638208,60.01926727295464,0.2886378665102711,36.73810446610637,60.04325069544414,0.6468898090060975,174.05248822627368,60.040780912674855,0.6101725253838595,2215.6353803298857,60.01816595507545,0.5536216638720362,13228.998811538551,60.02048369768929,0.691588765769211,1.0,60.0,0.0,60.0,0.0,0.0,0.0,1.0,60.0,0.0,60.0,0.0,0.0,0.0,1.0,60.0,0.0,60.0,0.0,0.0,0.0,1.0,60.0,0.0,60.0,0.0,0.0,0.0,1.0,60.0,0.0,60.0,0.0,0.0,0.0,1.0,1507653084.139674,0.0,1.0,1507653084.139674,0.0,1.0,1507653084.139674,0.0,1.0,1507653084.139674,0.0,1.0,1507653084.139674,0.0,1.0,60.0,0.0,60.0,0.0,0.0,0.0,1.0,60.0,0.0,60.0,0.0,0.0,0.0,1.0,60.0,0.0,60.0,0.0,0.0,0.0,1.0,60.0,0.0,60.0,0.0,0.0,0.0,1.0,60.0,0.0,60.0,0.0,0.0,0.0
1.0,60.0,0.0,1.0,60.0,0.0,1.0,60.0,0.0,1.0,60.0,0.0,1.0,60.0,0.0,1.0,60.0,0.0,1.0,60.0,0.0,1.0,60.0,0.0,1.0,60.0,0.0,1.0,60.0,0.0,1.0,60.0,0.0,60.0,0.0,0.0,0.0,1.0,60.0,0.0,60.0,0.0,0.0,0.0,1.0,60.0,0.0,60.0,0.0,0.0,0.0,1.0,60.0,0.0,60.0,0.0,0.0,0.0,1.0,60.0,0.0,60.0,0.0,0.0,0.0,1.0,1505913439.43823,0.0,1.0,1505913439.43823,0.0,1.0,1505913439.43823,0.0,1.0,1505913439.43823,0.0,1.0,1505913439.43823,0.0,1.0,60.0,0.0,60.0,0.0,0.0,0.0,1.0,60.0,0.0,60.0,0.0,0.0,0.0,1.0,60.0,0.0,60.0,0.0,0.0,0.0,1.0,60.0,0.0,60.0,0.0,0.0,0.0,1.0,60.0,0.0,60.0,0.0,0.0,0.0
162.3557930684207,237.9173730819103,56236.59065809607,231.5993258504308,264.5170709272253,59204.20073650232,562.4194608759593,308.4750860943522,61006.73535896202,5064.278070797568,332.5344313672732,60352.82101195419,36327.28155001697,335.810404594895,60174.818748555794,162.3557930684207,237.9173730819103,56236.59065809607,231.5993258504308,264.5170709272253,59204.20073650232,562.4194608759593,308.4750860943522,61006.73535896202,5064.278070797568,332.5344313672732,60352.82101195419,36327.28155001697,335.810404594895,60174.818748555794,58.47351500518207,553.9999964907825,0.0416359630754225,553.9999964907825,0.0017335534212179,0.0,0.0,95.88277125230336,553.9992360729276,0.614312127650308,553.9992360729276,0.3773793901782483,0.0,0.0,282.9418220143815,553.9075901398526,6.75588124010746,553.9075901398526,45.6419313304359,0.0,0.0,2794.596162920328,553.8616781093341,8.265100183599577,553.8616781093341,68.31188104493775,0.0,0.0,20284.817249200307,553.9218602618299,6.212481375398977,553.9218602618299,38.59492483967915,0.0,0.0,58.47351500518207,0.0052971771878262,0.00020360329804,95.88277125230336,0.0052019943053619,0.0001641418984149,282.9418220143815,0.0051517229214834,0.0001296179536359,2794.596162920328,1.5625331934081808,2347974070.6157804,20284.817249200307,20757.393290390864,31294638598688.72,58.473514589805,553.9999999999999,7.62939453125e-06,553.9999999999999,5.820766091346741e-11,0.0,0.0,95.88262297812372,553.9999999999999,1.0789593218788871e-05,553.9999999999999,1.1641532182693479e-10,0.0,0.0,282.88889364555087,554.0000000000001,1.0789593218788871e-05,554.0000000000001,1.1641532182693479e-10,0.0,0.0,2793.8136652990843,553.9999999999982,3.325575976212062e-05,553.9999999999982,1.1059455573558807e-09,0.0,0.0,20281.60864533644,554.0000000000059,6.24492856740757e-05,554.0000000000059,3.899913281202316e-09,0.0,0.0
1.0,60.0,0.0,1.0,60.0,0.0,1.0,60.0,0.0,1.0,60.0,0.0,1.0,60.0,0.0,1.0,60.0,0.0,1.0,60.0,0.0,1.0,60.0,0.0,1.0,60.0,0.0,1.0,60.0,0.0,1.0,60.0,0.0,60.0,0.0,0.0,0.0,1.0,60.0,0.0,60.0,0.0,0.0,0.0,1.0,60.0,0.0,60.0,0.0,0.0,0.0,1.0,60.0,0.0,60.0,0.0,0.0,0.0,1.0,60.0,0.0,60.0,0.0,0.0,0.0,1.0,1505913546.152202,0.0,1.0,1505913546.152202,0.0,1.0,1505913546.152202,0.0,1.0,1505913546.152202,0.0,1.0,1505913546.152202,0.0,1.0,60.0,0.0,60.0,0.0,0.0,0.0,1.0,60.0,0.0,60.0,0.0,0.0,0.0,1.0,60.0,0.0,60.0,0.0,0.0,0.0,1.0,60.0,0.0,60.0,0.0,0.0,0.0,1.0,60.0,0.0,60.0,0.0,0.0,0.0
187.06646049845287,66.32107497565961,48.53906081865625,276.69081286848945,67.14373854596866,48.97936038467832,714.3307684095304,68.50315172253471,46.77551659308119,6414.396488185544,69.29077790018286,43.95050152972635,18061.66784788526,69.31861324340433,43.78413801138414,187.06646049845287,66.32107497565961,48.53906081865625,276.69081286848945,67.14373854596866,48.97936038467832,714.3307684095304,68.50315172253471,46.77551659308119,6414.396488185544,69.29077790018286,43.95050152972635,18061.66784788526,69.31861324340433,43.78413801138414,84.46150872868915,74.0,1.3486991523486091e-06,74.0,1.8189894035458565e-12,0.0,0.0,141.18618951880234,73.99999999848762,0.0001455220761124,73.99999999848762,2.1176674636080858e-08,0.0,0.0,433.81110375505966,73.999919968431,0.0334729080358257,73.999919968431,0.0011204355723748,0.0,0.0,4253.643201011097,73.99802718323791,0.1661792483898425,73.99802718323791,0.0276155425954129,0.0,0.0,12013.80554967025,73.9980378942592,0.1657275794354661,73.9980378942592,0.0274656305855387,0.0,0.0,84.46150872868915,0.003703602296577,0.0001724951674733,141.18618951880234,0.0035471849103387,0.0001330539369647,433.81110375505966,0.0033623029721893,99.4698656696022,4253.643201011097,15044.58683012915,22681846288670.84,12013.80554967025,91496.78809915742,137937401861977.48,1.0,74.0,0.0,74.0,0.0,0.0,0.0,1.0,74.0,0.0,74.0,0.0,0.0,0.0,1.0,74.0,0.0,74.0,0.0,0.0,0.0,1.0,74.0,0.0,74.0,0.0,0.0,0.0,1.0,74.0,0.0,74.0,0.0,0.0,0.0
160.86567500045902,74.025556245044,0.6371503097007007,259.59423270063564,74.03826280102885,1.9512143388710683,725.2420274980024,74.11103812716476,28.00577350527965,7541.257857993845,74.20304087624577,94.92159710570104,28742.321832394155,74.36743324425203,239.69400442534425,160.86567500045902,74.025556245044,0.6371503097007007,259.59423270063564,74.03826280102885,1.9512143388710683,725.2420274980024,74.11103812716476,28.00577350527965,7541.257857993845,74.20304087624577,94.92159710570104,28742.321832394155,74.36743324425203,239.69400442534425,160.694740730169,73.9999999999999,1.9073486328125e-06,95.26804291051631,5.144878968614994e-12,3.264423217558629e-27,8.973178214219136e-16,259.20479933816364,73.99999999829376,0.0001545746916874,95.26804290919104,2.3893335833899882e-08,9.213785741859136e-23,2.665129328461737e-13,723.5319632540683,73.99993769834471,0.0295333589610617,95.2679945173556,0.0008722192915229,-4.50126760531815e-18,-6.040499910593179e-11,7521.528138591302,73.99804659205712,0.165359896941259,95.2665255976108,0.0273438955164238,2.816092837480877e-16,3.8512122856418337e-10,28657.36212139554,73.99808282128946,0.1638194932306333,95.26655373858276,0.0268368263623415,-7.836977303778796e-16,-4.687919882046363e-10,160.69474073016906,0.0018452074736354,2.6913295867192404e-05,259.2047993381636,0.0018901606760652,3.1474494526893215e-05,723.5319632540712,0.0020160907768113,7.22007847202726e-05,7521.528138591413,1793.200253588332,2700399862063.6567,28657.3621213945,32792.72389371616,49381954363990.04,1.0,74.0,0.0,95.26804291051644,0.0,0.0,0.0,1.0,74.0,0.0,95.26804291051644,0.0,0.0,0.0,1.0,74.0,0.0,95.26804291051644,0.0,0.0,0.0,1.0220913087793837,74.0,9.5367431640625e-07,95.26804291051644,9.094947017729282e-13,0.0,0.0,1.6830022660887347,74.0,9.5367431640625e-07,95.26804291051644,9.094947017729282e-13,0.0,0.0
54.25326430366792,60.00000011511009,1.7266511349589562e-06,72.9997845396525,60.00003051077415,0.0004576596957122,209.97119023143367,60.00393222982554,0.0586853355794119,2254.0569792719643,60.01646622794424,0.3933110998455049,17426.320690185872,60.01988340178444,0.6528630471684664,54.25326430366792,60.00000011511009,1.7266511349589562e-06,72.9997845396525,60.00003051077415,0.0004576596957122,209.97119023143367,60.00393222982554,0.0586853355794119,2254.0569792719643,60.01646622794424,0.3933110998455049,17426.320690185872,60.01988340178444,0.6528630471684664,1.0,60.0,0.0,60.0,0.0,0.0,0.0,1.0,60.0,0.0,60.0,0.0,0.0,0.0,1.0,60.0,0.0,60.0,0.0,0.0,0.0,1.0,60.0,0.0,60.0,0.0,0.0,0.0,1.0,60.0,0.0,60.0,0.0,0.0,0.0,1.0,1507653167.353525,0.0,1.0,1507653167.353525,0.0,1.0,1507653167.353525,0.0,1.0,1507653167.353525,0.0,1.0,1507653167.353525,0.0,1.0,60.0,0.0,60.0,0.0,0.0,0.0,1.0,60.0,0.0,60.0,0.0,0.0,0.0,1.0,60.0,0.0,60.0,0.0,0.0,0.0,1.0,60.0,0.0,60.0,0.0,0.0,0.0,1.0,60.0,0.0,60.0,0.0,0.0,0.0
1.0,60.0,0.0,1.0,60.0,0.0,1.0,60.0,0.0,1.0,60.0,0.0,1.0,60.0,0.0,1.0,60.0,0.0,1.0,60.0,0.0,1.0,60.0,0.0,1.0,60.0,0.0,1.0,60.0,0.0,1.0,60.0,0.0,60.0,0.0,0.0,0.0,1.0,60.0,0.0,60.0,0.0,0.0,0.0,1.0,60.0,0.0,60.0,0.0,0.0,0.0,1.0,60.0,0.0,60.0,0.0,0.0,0.0,1.0,60.0,0.0,60.0,0.0,0.0,0.0,1.0,1505913424.849434,0.0,1.0,1505913424.849434,0.0,1.0,1505913424.849434,0.0,1.0,1505913424.849434,0.0,1.0,1505913424.849434,0.0,1.0,60.0,0.0,60.0,0.0,0.0,0.0,1.0,60.0,0.0,60.0,0.0,0.0,0.0,1.0,60.0,0.0,60.0,0.0,0.0,0.0,1.0,60.0,0.0,60.0,0.0,0.0,0.0,1.0,60.0,0.0,60.0,0.0,0.0,0.0
48.69403241772851,60.09744401745228,0.9866256825680466,64.68397680875424,60.11527587852886,1.3048454385998411,183.64473603361492,60.12869529207901,1.9658438456317529,1979.092112676822,60.10810865318733,1.8940982638987407,15776.817787949374,60.10022189317392,1.7456266104818496,48.69403241772851,60.09744401745228,0.9866256825680466,64.68397680875424,60.11527587852886,1.3048454385998411,183.64473603361492,60.12869529207901,1.9658438456317529,1979.092112676822,60.10810865318733,1.8940982638987407,15776.817787949374,60.10022189317392,1.7456266104818496,1.0,60.0,0.0,60.0,0.0,0.0,0.0,1.0,60.0,0.0,60.0,0.0,0.0,0.0,1.0,60.0,0.0,60.0,0.0,0.0,0.0,1.0,60.0,0.0,60.0,0.0,0.0,0.0,1.0,60.0,0.0,60.0,0.0,0.0,0.0,1.0,1507653185.978781,0.0,1.0,1507653185.978781,0.0,1.0,1507653185.978781,0.0,1.0,1507653185.978781,0.0,1.0,1507653185.978781,0.0,1.0,60.0,0.0,60.0,0.0,0.0,0.0,1.0,60.0,0.0,60.0,0.0,0.0,0.0,1.0,60.0,0.0,60.0,0.0,0.0,0.0,1.0,60.0,0.0,60.0,0.0,0.0,0.0,1.0,60.0,0.0,60.0,0.0,0.0,0.0
176.69288438258968,251.20734204907413,57896.17931858457,290.1290584427168,269.1480822127785,59576.23193951264,704.1771497730274,310.63480027041845,60995.25741049876,4507.592945696842,333.59977228672227,60297.00087725523,9473.194771999146,334.8331643359962,60230.76146951458,176.69288438258968,251.20734204907413,57896.17931858457,290.1290584427168,269.1480822127785,59576.23193951264,704.1771497730274,310.63480027041845,60995.25741049876,4507.592945696842,333.59977228672227,60297.00087725523,9473.194771999146,334.8331643359962,60230.76146951458,68.39064125867672,553.9999999988188,0.0007638544318105,553.9999999988188,5.834735929965973e-07,0.0,0.0,122.83387972405096,553.9999945976729,0.0516599413573441,553.9999945976729,0.0026687495410442,0.0,0.0,357.27917509729684,553.9847439067121,2.7452281026966814,553.9847439067121,7.536277335835622,0.0,0.0,2497.187559842874,553.8484924320022,8.649958615465888,553.8484924320022,74.82178404927255,0.0,0.0,5271.962130122436,553.8340941015692,9.051518605099709,553.8340941015692,81.92998905846616,0.0,0.0,68.39064125867672,0.0047020629582936,0.000331334494811,122.83387972405096,0.004318355293948,0.0004856325707168,357.27917509729684,0.0093928366989414,7563526.881284783,2497.187559842874,77332.96150090899,116585771181337.2,5271.962130122436,232853.1927248619,351009055058662.06,68.3906412585132,553.9999999999999,7.62939453125e-06,553.9999999999999,5.820766091346741e-11,0.0,0.0,122.83387838075376,553.9999999999999,1.7059844799040144e-05,553.9999999999999,2.910383045673371e-10,0.0,0.0,357.2681413231571,553.9999999999987,3.236877965636661e-05,553.9999999999987,1.0477378964424131e-09,0.0,0.0,2496.4216837011195,554.0000000000015,2.854658040446428e-05,554.0000000000015,8.149072527885437e-10,0.0,0.0,5270.191584345748,553.9999999999992,5.340576171875e-05,553.9999999999992,2.852175384759903e-09,0.0,0.0
176.5756309051497,74.01251343165559,0.3001657737631831,283.7273828335965,74.02257227306416,0.5412250462695738,810.9632116123462,74.03597974793101,0.8646145322290977,7369.487158788205,74.08420887571118,18.862305109495534,36673.758628562064,74.26062242047314,156.13303907785303,176.5756309051497,74.01251343165559,0.3001657737631831,283.7273828335965,74.02257227306416,0.5412250462695738,810.9632116123462,74.03597974793101,0.8646145322290977,7369.487158788205,74.08420887571118,18.862305109495534,36673.758628562064,74.26062242047314,156.13303907785303,176.48356560975918,73.99999999999999,9.5367431640625e-07,95.2680429105164,4.192563418333924e-12,5.946115367055772e-28,3.0819593118145967e-16,283.4605340018085,73.99999999999372,8.688386515754985e-06,95.26804291051158,7.640838149967101e-11,-1.1525262615493367e-24,-3.857802003136651e-14,809.7474266364858,73.9999912818482,0.0110478071375852,95.26803613864205,0.0001220540425492,1.0589513862352077e-18,3.5534880465136e-11,7351.817342913552,73.99886063899594,0.1262923429290246,95.26715790800904,0.0159497558825023,9.054480494823423e-17,3.06909834770917e-10,36566.60419859777,73.99842555335681,0.1484579879063722,95.26681995519534,0.0220397741732085,3.3237411072624227e-16,2.1939200047735238e-10,176.48356560975918,0.0016662188598112,1.6308872657397286e-05,283.4605340018088,0.0017203512053822,2.09335736585875e-05,809.7474266364884,0.0017920610413662,2.7309859383678887e-05,7351.817342913653,227.7670905511993,342994708652.1159,36566.604198596295,20860.458035719443,31413624433333.047,1.0,74.0,0.0,95.26804291051644,0.0,0.0,0.0,1.0,74.0,0.0,95.26804291051644,0.0,0.0,0.0,1.0,74.0,0.0,95.26804291051644,0.0,0.0,0.0,1.0203662684670518,74.0,0.0,95.26804291051644,0.0,0.0,0.0,1.6774716817072213,74.0,0.0,95.26804291051644,0.0,0.0,0.0
104.1812903371238,504.1524875755972,22139.896642754036,185.85524338378727,459.7658815848981,37671.58542358642,654.1089775962688,399.1635818556953,52514.86479908472,6463.756836719043,383.2291558835802,55195.61302486269,60513.11315855175,383.882249090732,55094.88906781262,104.1812903371238,504.1524875755972,22139.896642754036,185.85524338378727,459.7658815848981,37671.58542358642,654.1089775962688,399.1635818556953,52514.86479908472,6463.756836719043,383.2291558835802,55195.61302486269,60513.11315855175,383.882249090732,55094.88906781262,93.66878393131392,554.0000000000001,1.3214498959113138e-05,554.0000000000001,1.7462298274040222e-10,0.0,0.0,150.401994369422,554.0000000000001,1.3214498959113138e-05,554.0000000000001,1.7462298274040222e-10,0.0,0.0,449.0889271823983,553.9999999762107,0.003428120523422,553.9999999762107,1.1752010323107244e-05,0.0,0.0,4229.412736871568,553.9785391095861,3.255951365683873,553.9785391095861,10.601219295698684,0.0,0.0,39676.71115356614,553.9597253122886,4.4602773098215405,553.9597253122886,19.89407368050888,0.0,0.0,93.66878393131392,0.0031670566188421,4.917012681165458e-05,150.401994369422,0.0032876934254368,8.716723684379012e-05,449.0889271823983,0.0032756908338657,0.0001813158227675,4229.412736871568,0.0034202989033055,267.91163860322416,39676.71115356614,2236.3198272269283,3371590676546.8774,1.0,554.0,0.0,554.0,0.0,0.0,0.0,1.0,554.0,0.0,554.0,0.0,0.0,0.0,1.0,554.0,0.0,554.0,0.0,0.0,0.0,1.0,554.0,0.0,554.0,0.0,0.0,0.0,1.0,554.0,0.0,554.0,0.0,0.0,0.0
107.36241127516467,72.18978960124258,22.06610242565148,199.1430576047,71.12868167532747,31.956305931296807,651.7136982489287,69.9426085470581,40.50549154072269,6328.99474920536,69.36376509689318,43.65320940125729,53669.23063939071,69.3790555226726,43.50874215310886,107.36241127516467,72.18978960124258,22.06610242565148,199.1430576047,71.12868167532747,31.956305931296807,651.7136982489287,69.9426085470581,40.50549154072269,6328.99474920536,69.36376509689318,43.65320940125729,53669.23063939071,69.3790555226726,43.50874215310886,93.5983235406444,73.98235669726449,0.4966839560227418,73.98235669726449,0.2466949521704009,0.0,0.0,158.57636078107163,73.97551379161762,0.584984908314385,73.97551379161762,0.3422073429555894,0.0,0.0,463.262941728258,73.98029191352164,0.5249045646845398,73.98029191352164,0.2755248020266663,0.0,0.0,4230.261608322071,73.99618321395057,0.2311286153137475,73.99618321395057,0.0534204368168502,0.0,0.0,35932.07066618397,73.99765678552347,0.1811063558888974,73.99765678552347,0.0327995121433559,0.0,0.0,93.5983235406444,0.0031500105889073,3.100616566518926e-05,158.57636078107163,0.003090570425345,4.881135013821734e-05,463.262941728258,0.0031474227764039,8.975367892864595e-05,4230.261608322071,0.0147080838503762,16958206.456733953,35932.07066618397,7459.929340067143,11246954497008.732,1.0,74.0,0.0,74.0,0.0,0.0,0.0,1.0,74.0,0.0,74.0,0.0,0.0,0.0,1.0,74.0,0.0,74.0,0.0,0.0,0.0,1.0,74.0,0.0,74.0,0.0,0.0,0.0,1.0,74.0,0.0,74.0,0.0,0.0,0.0
1.0,60.0,0.0,1.0,60.0,0.0,1.0,60.0,0.0,1.0,60.0,0.0,1.0,60.0,0.0,1.0,60.0,0.0,1.0,60.0,0.0,1.0,60.0,0.0,1.0,60.0,0.0,1.0,60.0,0.0,1.0,60.0,0.0,60.0,0.0,0.0,0.0,1.0,60.0,0.0,60.0,0.0,0.0,0.0,1.0,60.0,0.0,60.0,0.0,0.0,0.0,1.0,60.0,0.0,60.0,0.0,0.0,0.0,1.0,60.0,0.0,60.0,0.0,0.0,0.0,1.0,1505913454.428011,0.0,1.0,1505913454.428011,0.0,1.0,1505913454.428011,0.0,1.0,1505913454.428011,0.0,1.0,1505913454.428011,0.0,1.0,60.0,0.0,60.0,0.0,0.0,0.0,1.0,60.0,0.0,60.0,0.0,0.0,0.0,1.0,60.0,0.0,60.0,0.0,0.0,0.0,1.0,60.0,0.0,60.0,0.0,0.0,0.0,1.0,60.0,0.0,60.0,0.0,0.0,0.0
177.95738130964747,74.00815805945689,0.1959541166879717,286.01330442557264,74.01754372597756,0.4809680114567527,793.9932405774667,74.05774734340449,10.653017601213833,7610.997140386276,74.18655969111533,85.89769507158053,29239.93920735553,74.35870473010817,233.489986338901,177.95738130964747,74.00815805945689,0.1959541166879717,286.01330442557264,74.01754372597756,0.4809680114567527,793.9932405774667,74.05774734340449,10.653017601213833,7610.997140386276,74.18655969111533,85.89769507158053,29239.93920735553,74.35870473010817,233.489986338901,177.89689391555058,74.0,1.6518123698891422e-06,95.26804291051644,3.551690349880416e-12,-1.2022904235013405e-27,-4.82701427023475e-16,285.805799386112,73.99999999990062,3.742488264150349e-05,95.2680429104393,1.4006643619150763e-09,7.266249079717981e-25,5.87704646145858e-15,792.7414313447678,73.99997723717047,0.0178515851350369,95.26802522935888,0.0003186790918334,-2.9589745332467404e-18,0.0,7592.048592706691,73.99823404308273,0.1572268371733965,95.26667119982112,0.0247202783275497,2.8986760208301764e-16,5.467866549878548e-10,29154.759412141,73.99813270320273,0.1616745754892699,95.26659248425268,0.0261386683596356,-6.490765047791785e-16,-3.7281980972159157e-10,177.89689391555055,0.0016474872436179,1.241546866714866e-05,285.8057993861118,0.0017013472763889,1.554221578902357e-05,792.7414313447712,0.0018323190574386,3.716797359911181e-05,7592.048592706806,1621.1230882450511,2441267006425.566,29154.759412139887,31939.509887304943,48097142408488.79,1.0,74.0,0.0,95.26804291051644,0.0,0.0,0.0,1.0,74.0,0.0,95.26804291051644,0.0,0.0,0.0,1.0,74.0,0.0,95.26804291051644,0.0,0.0,0.0,1.0219101563903663,74.0,0.0,95.26804291051644,0.0,0.0,0.0,1.6824401154147663,74.0,9.5367431640625e-07,95.26804291051644,9.094947017729282e-13,0.0,0.0
90.42631094554814,60.00000000000009,0.0,109.04981537426173,60.000000006662205,3.1977560865925625e-07,244.92699274348945,60.00049088797913,0.023349126958692,2288.0905200188504,60.02023761156235,0.7554563126018365,21318.11085485537,60.02060291560832,0.7142722826379213,90.42631094554814,60.00000000000009,0.0,109.04981537426173,60.000000006662205,3.1977560865925625e-07,244.92699274348945,60.00049088797913,0.023349126958692,2288.0905200188504,60.02023761156235,0.7554563126018365,21318.11085485537,60.02060291560832,0.7142722826379213,1.0,60.0,0.0,60.0,0.0,0.0,0.0,1.0,60.0,0.0,60.0,0.0,0.0,0.0,1.0,60.0,0.0,60.0,0.0,0.0,0.0,1.0,60.0,0.0,60.0,0.0,0.0,0.0,1.0,60.0,0.0,60.0,0.0,0.0,0.0,1.0,1507653351.924703,0.0,1.0,1507653351.924703,0.0,1.0,1507653351.924703,0.0,1.0,1507653351.924703,0.0,1.0,1507653351.924703,0.0,1.0,60.0,0.0,60.0,0.0,0.0,0.0,1.0,60.0,0.0,60.0,0.0,0.0,0.0,1.0,60.0,0.0,60.0,0.0,0.0,0.0,1.0,60.0,0.0,60.0,0.0,0.0,0.0,1.0,60.0,0.0,60.0,0.0,0.0,0.0
118.43167166583248,446.6691852146421,46141.323731718585,207.34328308201057,415.629898983853,53474.21683668478,635.1905927055399,395.8142556718536,57141.65638763562,6346.673363961868,392.3698488448164,57704.18997357719,40786.049586148045,391.42319518166624,57854.8715687122,118.43167166583248,446.6691852146421,46141.323731718585,207.34328308201057,415.629898983853,53474.21683668478,635.1905927055399,395.8142556718536,57141.65638763562,6346.673363961868,392.3698488448164,57704.18997357719,40786.049586148045,391.42319518166624,57854.8715687122,90.82213411276211,564.2143107818439,30.006167006184903,564.2143107818439,900.3700584030594,0.0,0.0,146.229790857917,564.2516720712295,29.691703915593838,564.2516720712295,881.5972814112903,0.0,0.0,422.3249012997791,565.0457256731081,21.95340907276953,565.0457256731081,481.9521699163597,0.0,0.0,4169.729951852409,565.8772925588097,7.878763108898858,565.8772925588097,62.0749081261456,0.0,0.0,26716.211845184083,565.9512792458977,4.96490965307242,565.9512792458977,24.650327863171697,0.0,0.0,90.82213411276211,0.003271924590259,4.792255330152408e-05,146.229790857917,0.003359921470247,6.07902994172894e-05,422.3249012997791,0.0034456139843989,7.523325846571891e-05,4169.729951852409,11.483317184708092,17307692857.071754,26716.211845184083,20030.97808366824,30199455981386.902,1.0,566.0,0.0,566.0,0.0,0.0,0.0,1.0,566.0,0.0,566.0,0.0,0.0,0.0,1.0,566.0,0.0,566.0,0.0,0.0,0.0,1.0,566.0,0.0,566.0,0.0,0.0,0.0,1.0,566.0,0.0,566.0,0.0,0.0,0.0
1.0,60.0,0.0,1.0,60.0,0.0,1.0,60.0,0.0,1.0,60.0,0.0,1.0,60.0,0.0,1.0,60.0,0.0,1.0,60.0,0.0,1.0,60.0,0.0,1.0,60.0,0.0,1.0,60.0,0.0,1.0,60.0,0.0,60.0,0.0,0.0,0.0,1.0,60.0,0.0,60.0,0.0,0.0,0.0,1.0,60.0,0.0,60.0,0.0,0.0,0.0,1.0,60.0,0.0,60.0,0.0,0.0,0.0,1.0,60.0,0.0,60.0,0.0,0.0,0.0,1.0,1505913453.394407,0.0,1.0,1505913453.394407,0.0,1.0,1505913453.394407,0.0,1.0,1505913453.394407,0.0,1.0,1505913453.394407,0.0,1.0,60.0,0.0,60.0,0.0,0.0,0.0,1.0,60.0,0.0,60.0,0.0,0.0,0.0,1.0,60.0,0.0,60.0,0.0,0.0,0.0,1.0,60.0,0.0,60.0,0.0,0.0,0.0,1.0,60.0,0.0,60.0,0.0,0.0,0.0
162.5573480909656,74.13260493234331,3.1649343096387383,265.37484871113696,74.09447027702427,2.2583669935402213,791.4802496369371,74.05788370575002,1.4516564966006626,7116.376251758949,74.1050525454304,26.752256519862385,35219.094036799004,74.27768703293756,167.94721363507415,162.5573480909656,74.13260493234331,3.1649343096387383,265.37484871113696,74.09447027702427,2.2583669935402213,791.4802496369371,74.05788370575002,1.4516564966006626,7116.376251758949,74.1050525454304,26.752256519862385,35219.094036799004,74.27768703293756,167.94721363507415,161.65918533463918,73.99999999996076,2.3592599633890115e-05,95.26804291048596,5.566174449059015e-10,3.1617129344005607e-24,8.11308309406039e-14,264.33026245926084,73.9999998691145,0.0013536663679981,95.26804280885035,1.8324126358513543e-06,1.6323262380087215e-20,7.300197479686762e-12,789.5706845806736,73.99976027842084,0.0579313786693282,95.26785670552133,0.003356044634529,3.965703308091054e-17,2.3288658156312783e-10,7096.602409170645,73.99836002208744,0.1515156797848823,95.26676905384406,0.022957001220675,2.3477136471570273e-16,2.2977483184734198e-09,35112.42736196871,73.9983055257802,0.1540122329078702,95.26672672390188,0.023719767885268,1.9451133705725678e-16,1.1614965893983791e-10,161.6591853346391,0.0018241135269004,2.067765432245986e-05,264.330262459261,0.001847078852028,2.4372241782605726e-05,789.5706845806749,0.0018379800601002,2.8502309203490143e-05,7096.602409170745,327.84349624750286,493701036623.0224,35112.427361967195,22450.75010853729,33808399148202.645,1.0,74.0,0.0,95.26804291051644,0.0,0.0,0.0,1.0,74.0,0.0,95.26804291051644,0.0,0.0,0.0,1.0,74.0,0.0,95.26804291051644,0.0,0.0,0.0,1.020693072760934,74.0,0.0,95.26804291051644,0.0,0.0,0.0,1.6785510056524884,74.0,9.5367431640625e-07,95.26804291051644,9.094947017729282e-13,0.0,0.0
113.46038759314678,72.95607139592987,13.52523661854957,201.3080364100761,71.93886421101547,24.610325572483816,644.3541694018182,70.34146692236511,38.010325757005376,6534.787785547242,69.45851294021236,43.18887721085866,25019.557927385824,69.37759902670463,43.51026457742319,113.46038759314678,72.95607139592987,13.52523661854957,201.3080364100761,71.93886421101547,24.610325572483816,644.3541694018182,70.34146692236511,38.010325757005376,6534.787785547242,69.45851294021236,43.18887721085866,25019.557927385824,69.37759902670463,43.51026457742319,105.00005751479708,74.00000000000004,2.523185072960464e-06,74.00000000000004,6.366462912410497e-12,0.0,0.0,171.66952098098284,73.99999999999996,2.3360154559928683e-06,73.99999999999996,5.4569682106375694e-12,0.0,0.0,475.7289417354731,73.99999999999065,1.136434105664538e-05,73.99999999999065,1.2914824765175578e-10,0.0,0.0,4410.7028109982975,73.99961073956108,0.0738206920288713,73.99961073956108,0.0054494945716214,0.0,0.0,16746.398617229483,73.9987989209048,0.1296675164511949,73.9987989209048,0.0168136648226209,0.0,0.0,105.00005751479708,0.0028277347081839,4.159602412838543e-05,171.66952098098284,0.0028690153097588,6.104250339372804e-05,475.7289417354731,0.0030667827585349,0.0001035869283554,4410.7028109982975,2968.4802604832403,4475436512268.286,16746.398617229483,56008.64398795692,84438685581930.56,1.0,74.0,0.0,74.0,0.0,0.0,0.0,1.0,74.0,0.0,74.0,0.0,0.0,0.0,1.0,74.0,0.0,74.0,0.0,0.0,0.0,1.0,74.0,0.0,74.0,0.0,0.0,0.0,1.0,74.0,0.0,74.0,0.0,0.0,0.0
140.70723889615346,370.6333654671994,56959.787907983125,229.51930242995704,359.3977410235505,58263.24580034202,652.0877703544306,366.2325302782437,57495.94490122801,6452.921131235145,379.7245730592701,55715.19431813833,60924.82281801276,383.2296780254142,55194.55692429477,140.70723889615346,370.6333654671994,56959.787907983125,229.51930242995704,359.3977410235505,58263.24580034202,652.0877703544306,366.2325302782437,57495.94490122801,6452.921131235145,379.7245730592701,55715.19431813833,60924.82281801276,383.2296780254142,55194.55692429477,88.47922700689057,553.9957373992313,1.4511053062959214,553.9957373992313,2.10570660996018,0.0,0.0,139.11761274386436,553.9521349793927,4.862409805822746,553.9521349793927,23.643029119761195,0.0,0.0,404.45627143900833,553.7093213189154,11.97959825537136,553.7093213189154,143.51077436009658,0.0,0.0,4177.217080851869,553.8904598128573,7.355328231665252,553.8904598128573,54.10085339553189,0.0,0.0,39866.73090243367,553.9519474354584,4.871925475008877,553.9519474354584,23.73565783404047,0.0,0.0,88.47922700689057,0.0034718812491143,0.0001291944602437,139.11761274386436,0.0035860015743649,0.000122793600034,404.45627143900833,0.0036082076604778,0.0001095030091464,4177.217080851869,0.0034610271899358,88.5599282848953,39866.73090243367,1989.9595455107972,3000165169867.0884,1.0,554.0,0.0,554.0,0.0,0.0,0.0,1.0,554.0,0.0,554.0,0.0,0.0,0.0,1.0,554.0,0.0,554.0,0.0,0.0,0.0,1.0,554.0,0.0,554.0,0.0,0.0,0.0,1.0,554.0,0.0,554.0,0.0,0.0,0.0
140.82241398876874,69.78355520146427,41.25182044040048,237.08825006786063,69.30081179417654,43.70626509374506,690.6616683019862,69.2423262443414,43.97422745255335,6647.1514506127005,69.34489096225671,43.65148556168788,38505.38240090098,69.36931792652584,43.53122596339472,140.82241398876874,69.78355520146427,41.25182044040048,237.08825006786063,69.30081179417654,43.70626509374506,690.6616683019862,69.2423262443414,43.97422745255335,6647.1514506127005,69.34489096225671,43.65148556168788,38505.38240090098,69.36931792652584,43.53122596339472,98.41027577589792,74.00000000000007,2.132480599880018e-06,74.00000000000007,4.547473508864642e-12,0.0,0.0,157.50808517511072,73.99999999999119,1.1523290608973095e-05,73.99999999999119,1.3278622645884752e-10,0.0,0.0,455.94864821941087,73.9999849537469,0.014513694169783,73.9999849537469,0.0002106473184539,0.0,0.0,4434.94102755123,73.99718083297792,0.1986463959967285,73.99718083297792,0.039460390642489,0.0,0.0,25754.40750016536,73.99769634421713,0.1795713620851808,73.99769634421713,0.0322458740811271,0.0,0.0,98.41027577589792,0.0031084870344089,0.0001012491023887,157.50808517511072,0.0031593768217937,9.767189701374016e-05,455.94864821941087,0.0031963109651257,8.428653343384763e-05,4434.94102755123,59.19496696719072,89240797827.59766,25754.40750016536,24634.041998813136,37139075576621.73,1.0,74.0,0.0,74.0,0.0,0.0,0.0,1.0,74.0,0.0,74.0,0.0,0.0,0.0,1.0,74.0,0.0,74.0,0.0,0.0,0.0,1.0,74.0,0.0,74.0,0.0,0.0,0.0,1.0,74.0,0.0,74.0,0.0,0.0,0.0
176.16814908448512,74.45041253842086,365.2462464234623,284.7623084875995,75.12425249554249,918.7598060958244,828.8822610071466,76.21322047450306,1810.686731553969,7837.14658465471,74.95267567398021,734.5322284706607,41074.924978038776,74.46129851202791,323.1338060695962,176.16814908448512,74.45041253842086,365.2462464234623,284.7623084875995,75.12425249554249,918.7598060958244,828.8822610071466,76.21322047450306,1810.686731553969,7837.14658465471,74.95267567398021,734.5322284706607,41074.924978038776,74.46129851202791,323.1338060695962,175.97953965219608,74.00000000000004,9.5367431640625e-07,95.26804291051646,1.2862197421537484e-12,8.359603295805992e-28,9.191481027333262e-16,284.112760909127,73.9999999999861,1.348699152348609e-05,95.26804291050564,1.8191315065423267e-10,-2.3974078919221423e-24,-1.1788451336071205e-13,825.4131969742732,73.99998883997188,0.0124996114272648,95.26803424190076,0.0001562402858326,-4.67735903223369e-19,-1.5390312207941784e-11,7809.502149535328,73.99876881548201,0.1312823954104278,95.2670865840198,0.0172350673446999,3.0451861238254943e-16,3.7091383719243165e-10,40946.24381974274,73.9984183148649,0.1487988244713011,95.26681433270292,0.022141090164041,3.0684624465739616e-16,2.7685750964315965e-10,175.97953965219608,0.0016694168754316,1.5114186362406269e-05,284.1127609091269,0.0017145771312381,1.8816986655854387e-05,825.4131969742764,0.0017577172225626,2.578378733150549e-05,7809.502149535418,73.8764533730899,111248817979.4361,40946.243819740674,16746.26927136269,25218163411883.355,1.0,74.0,0.0,95.26804291051644,0.0,0.0,0.0,1.0,74.0,0.0,95.26804291051644,0.0,0.0,0.0,1.0,74.0,0.0,95.26804291051644,0.0,0.0,0.0,1.0206265611162997,74.00000000000001,1.3486991523486091e-06,95.26804291051644,1.8189894035458565e-12,0.0,0.0,2.1419528089597804,74.0,0.0,95.26804291051644,4.547473508864641e-13,0.0,0.0
176.89593920831257,74.06215168599108,1.4877776317416649,288.43684146346266,74.05810497830879,1.3911436559137655,827.099248393517,74.04851396344915,1.1890775086758367,7226.976387008582,74.09834765661927,24.29145897368835,35635.40971599351,74.27281097902033,164.60874957159558,176.89593920831257,74.06215168599108,1.4877776317416649,288.43684146346266,74.05810497830879,1.3911436559137655,827.099248393517,74.04851396344915,1.1890775086758367,7226.976387008582,74.09834765661927,24.29145897368835,35635.40971599351,74.27281097902033,164.60874957159558,176.4378400055265,73.99999999999937,4.264961199760036e-06,95.268042910516,2.054431569936517e-11,-5.791999550652124e-26,-4.3945933954756686e-15,287.738523997968,73.9999999904177,0.0003662705372949,95.26804290307336,1.3415410658357326e-07,-1.1002965183648598e-22,-1.3431555833409893e-13,825.4270550119497,73.99990132008033,0.0371686581274477,95.2679662603418,0.001381509146995,1.257469006110954e-17,1.340822534624119e-10,7207.817558110301,73.99851589160397,0.1441364455039138,95.26689012537338,0.0207753149225027,2.0184879248758544e-16,9.287145652744683e-10,35528.64027632168,73.99833943711792,0.1524635134306545,95.26675306449172,0.0232451229276193,2.415527224660421e-16,1.5261132083800103e-10,176.43784000552645,0.0016622012988071,1.338226843326136e-05,287.7385239979679,0.0016919044163272,1.7647495137502995e-05,825.4270550119529,0.0017571780144514,2.443013856357225e-05,7207.817558110401,296.6842097454813,446777888414.6871,35528.6402763202,22001.445598373997,33131805031545.96,1.0,74.0,0.0,95.26804291051644,0.0,0.0,0.0,1.0,74.0,0.0,95.26804291051644,0.0,0.0,0.0,1.0,74.0,0.0,95.26804291051644,0.0,0.0,0.0,1.0206873633003697,73.99999999999999,1.3486991523486091e-06,95.26804291051644,1.8189894035458565e-12,0.0,0.0,1.6785322813124477,74.0,0.0,95.26804291051644,0.0,0.0,0.0
72.4161372036012,60.003878759859845,0.0581663531197591,92.18638715901892,60.01495845217282,0.2241530272981436,229.707013117811,60.02947453644136,0.4413437118882939,2276.0901082240275,60.01774328978246,0.5402855432103024,22457.67582928303,60.02006752148139,0.6853057530506703,72.4161372036012,60.003878759859845,0.0581663531197591,92.18638715901892,60.01495845217282,0.2241530272981436,229.707013117811,60.02947453644136,0.4413437118882939,2276.0901082240275,60.01774328978246,0.5402855432103024,22457.67582928303,60.02006752148139,0.6853057530506703,1.0,60.0,0.0,60.0,0.0,0.0,0.0,1.0,60.0,0.0,60.0,0.0,0.0,0.0,1.0,60.0,0.0,60.0,0.0,0.0,0.0,1.0,60.0,0.0,60.0,0.0,0.0,0.0,1.0,60.0,0.0,60.0,0.0,0.0,0.0,1.0,1507653559.5652769,0.0,1.0,1507653559.5652769,0.0,1.0,1507653559.5652769,0.0,1.0,1507653559.5652769,0.0,1.0,1507653559.5652769,0.0,1.0,60.0,0.0,60.0,0.0,0.0,0.0,1.0,60.0,0.0,60.0,0.0,0.0,0.0,1.0,60.0,0.0,60.0,0.0,0.0,0.0,1.0,60.0,0.0,60.0,0.0,0.0,0.0,1.0,60.0,0.0,60.0,0.0,0.0,0.0
1.0,60.0,0.0,1.0,60.0,0.0,1.0,60.0,0.0,1.0,60.0,0.0,1.0,60.0,0.0,1.0,60.0,0.0,1.0,60.0,0.0,1.0,60.0,0.0,1.0,60.0,0.0,1.0,60.0,0.0,1.0,60.0,0.0,60.0,0.0,0.0,0.0,1.0,60.0,0.0,60.0,0.0,0.0,0.0,1.0,60.0,0.0,60.0,0.0,0.0,0.0,1.0,60.0,0.0,60.0,0.0,0.0,0.0,1.0,60.0,0.0,60.0,0.0,0.0,0.0,1.0,1505913444.368296,0.0,1.0,1505913444.368296,0.0,1.0,1505913444.368296,0.0,1.0,1505913444.368296,0.0,1.0,1505913444.368296,0.0,1.0,60.0,0.0,60.0,0.0,0.0,0.0,1.0,60.0,0.0,60.0,0.0,0.0,0.0,1.0,60.0,0.0,60.0,0.0,0.0,0.0,1.0,60.0,0.0,60.0,0.0,0.0,0.0,1.0,60.0,0.0,60.0,0.0,0.0,0.0
1.0,60.0,0.0,1.0,60.0,0.0,1.0,60.0,0.0,1.0,60.0,0.0,1.0,60.0,0.0,1.0,60.0,0.0,1.0,60.0,0.0,1.0,60.0,0.0,1.0,60.0,0.0,1.0,60.0,0.0,1.0,60.0,0.0,60.0,0.0,0.0,0.0,1.0,60.0,0.0,60.0,0.0,0.0,0.0,1.0,60.0,0.0,60.0,0.0,0.0,0.0,1.0,60.0,0.0,60.0,0.0,0.0,0.0,1.0,60.0,0.0,60.0,0.0,0.0,0.0,1.0,1505913555.353514,0.0,1.0,1505913555.353514,0.0,1.0,1505913555.353514,0.0,1.0,1505913555.353514,0.0,1.0,1505913555.353514,0.0,1.0,60.0,0.0,60.0,0.0,0.0,0.0,1.0,60.0,0.0,60.0,0.0,0.0,0.0,1.0,60.0,0.0,60.0,0.0,0.0,0.0,1.0,60.0,0.0,60.0,0.0,0.0,0.0,1.0,60.0,0.0,60.0,0.0,0.0,0.0
156.91312899623344,65.4400262313902,46.567666139844725,242.91515161180465,66.94024587643071,49.00086009931693,672.9745489008385,68.57904676427138,46.51616679396011,6621.337793081133,69.30256156810775,43.77062916925297,40568.35601768606,69.36377068919262,43.54048642688304,156.91312899623344,65.4400262313902,46.567666139844725,242.91515161180465,66.94024587643071,49.00086009931693,672.9745489008385,68.57904676427138,46.51616679396011,6621.337793081133,69.30256156810775,43.77062916925297,40568.35601768606,69.36377068919262,43.54048642688304,1.0,60.0,0.0,60.0,0.0,0.0,0.0,1.0,60.0,0.0,60.0,0.0,0.0,0.0,1.0,60.0,0.0,60.0,0.0,0.0,0.0,1.0,60.0,0.0,60.0,0.0,0.0,0.0,1.0,60.0,0.0,60.0,0.0,0.0,0.0,1.0,1507657194.899941,0.0,1.0,1507657194.899941,0.0,1.0,1507657194.899941,0.0,1.0,1507657194.899941,0.0,1.0,1507657194.899941,0.0,1.0,60.0,0.0,60.0,0.0,0.0,0.0,1.0,60.0,0.0,60.0,0.0,0.0,0.0,1.0,60.0,0.0,60.0,0.0,0.0,0.0,1.0,60.0,0.0,60.0,0.0,0.0,0.0,1.0,60.0,0.0,60.0,0.0,0.0,0.0
1.0,60.0,0.0,1.0,60.0,0.0,1.0,60.0,0.0,1.0,60.0,0.0,1.0,60.0,0.0,1.0,60.0,0.0,1.0,60.0,0.0,1.0,60.0,0.0,1.0,60.0,0.0,1.0,60.0,0.0,1.0,60.0,0.0,60.0,0.0,0.0,0.0,1.0,60.0,0.0,60.0,0.0,0.0,0.0,1.0,60.0,0.0,60.0,0.0,0.0,0.0,1.0,60.0,0.0,60.0,0.0,0.0,0.0,1.0,60.0,0.0,60.0,0.0,0.0,0.0,1.0,1505913480.844073,0.0,1.0,1505913480.844073,0.0,1.0,1505913480.844073,0.0,1.0,1505913480.844073,0.0,1.0,1505913480.844073,0.0,1.0,60.0,0.0,60.0,0.0,0.0,0.0,1.0,60.0,0.0,60.0,0.0,0.0,0.0,1.0,60.0,0.0,60.0,0.0,0.0,0.0,1.0,60.0,0.0,60.0,0.0,0.0,0.0,1.0,60.0,0.0,60.0,0.0,0.0,0.0
1.0,60.0,0.0,1.0,60.0,0.0,1.0,60.0,0.0,1.0,60.0,0.0,1.0,60.0,0.0,1.0,60.0,0.0,1.0,60.0,0.0,1.0,60.0,0.0,1.0,60.0,0.0,1.0,60.0,0.0,1.0,60.0,0.0,60.0,0.0,0.0,0.0,1.0,60.0,0.0,60.0,0.0,0.0,0.0,1.0,60.0,0.0,60.0,0.0,0.0,0.0,1.0,60.0,0.0,60.0,0.0,0.0,0.0,1.0,60.0,0.0,60.0,0.0,0.0,0.0,1.0,1505913432.192818,0.0,1.0,1505913432.192818,0.0,1.0,1505913432.192818,0.0,1.0,1505913432.192818,0.0,1.0,1505913432.192818,0.0,1.0,60.0,0.0,60.0,0.0,0.0,0.0,1.0,60.0,0.0,60.0,0.0,0.0,0.0,1.0,60.0,0.0,60.0,0.0,0.0,0.0,1.0,60.0,0.0,60.0,0.0,0.0,0.0,1.0,60.0,0.0,60.0,0.0,0.0,0.0
127.3544034153396,59.999999999999964,3.637978807091713e-12,146.9905354076569,60.000000000050726,2.429715095786377e-09,284.7187791652688,60.00009175987476,0.0043637490389301,2326.5468279339584,60.01707811294986,0.6373068553134544,11115.291553248671,60.02085221352802,0.7204337390226101,127.3544034153396,59.999999999999964,3.637978807091713e-12,146.9905354076569,60.000000000050726,2.429715095786377e-09,284.7187791652688,60.00009175987476,0.0043637490389301,2326.5468279339584,60.01707811294986,0.6373068553134544,11115.291553248671,60.02085221352802,0.7204337390226101,1.0,60.0,0.0,60.0,0.0,0.0,0.0,1.0,60.0,0.0,60.0,0.0,0.0,0.0,1.0,60.0,0.0,60.0,0.0,0.0,0.0,1.0,60.0,0.0,60.0,0.0,0.0,0.0,1.0,60.0,0.0,60.0,0.0,0.0,0.0,1.0,1507653053.733942,0.0,1.0,1507653053.733942,0.0,1.0,1507653053.733942,0.0,1.0,1507653053.733942,0.0,1.0,1507653053.733942,0.0,1.0,60.0,0.0,60.0,0.0,0.0,0.0,1.0,60.0,0.0,60.0,0.0,0.0,0.0,1.0,60.0,0.0,60.0,0.0,0.0,0.0,1.0,60.0,0.0,60.0,0.0,0.0,0.0,1.0,60.0,0.0,60.0,0.0,0.0,0.0
102.61563815812264,499.5566654636639,29205.605085582447,183.27261884065,456.0515968932105,43545.10447268246,600.095117765816,410.1788211460635,54563.43323210729,6261.4178262187625,393.0024953403868,57605.86888919791,28118.25686346128,391.8010345349072,57796.179160143445,102.61563815812264,499.5566654636639,29205.605085582447,183.27261884065,456.0515968932105,43545.10447268246,600.095117765816,410.1788211460635,54563.43323210729,6261.4178262187625,393.0024953403868,57605.86888919791,28118.25686346128,391.8010345349072,57796.179160143445,89.14108021102598,566.0000000000008,2.412626388678268e-05,566.0000000000008,5.820766091346742e-10,0.0,0.0,143.4493330778592,566.0000000000006,2.0185480583683703e-05,566.0000000000006,4.07453626394272e-10,0.0,0.0,415.2931774874794,565.999999999932,0.000186100935633,565.999999999932,3.4633558243513114e-08,0.0,0.0,4120.7135811023245,565.988043366739,2.459657185319644,565.988043366739,6.049913469294553,0.0,0.0,18439.04954630377,565.9629154353014,4.331675711863596,565.9629154353014,18.763414472748988,0.0,0.0,89.14108021102598,0.0033533132421792,6.461777358122453e-05,143.4493330778592,0.0034436633847252,8.394972560792835e-05,415.2931774874794,0.003508647773955,9.095304445274445e-05,4120.7135811023245,1010.2973748828704,1523176534480.8516,18439.04954630377,45360.31331695485,68385772182263.06,1.0,566.0,0.0,566.0,0.0,0.0,0.0,1.0,566.0,0.0,566.0,0.0,0.0,0.0,1.0,566.0,0.0,566.0,0.0,0.0,0.0,1.0,566.0,0.0,566.0,0.0,0.0,0.0,1.0,566.0,0.0,566.0,0.0,0.0,0.0
132.13588328958352,433.850239184176,49346.69825940876,224.23445636655012,406.7401125435964,55169.95250731829,660.8779665762128,393.06631379385806,57571.199716272975,6379.22747098038,391.4950436943744,57841.7204120775,47299.16848004071,391.4428638026162,57851.84701651335,132.13588328958352,433.850239184176,49346.69825940876,224.23445636655012,406.7401125435964,55169.95250731829,660.8779665762128,393.06631379385806,57571.199716272975,6379.22747098038,391.4950436943744,57841.7204120775,47299.16848004071,391.4428638026162,57851.84701651335,97.59374758505888,566.0,1.0789593218788871e-05,566.0,1.1641532182693479e-10,0.0,0.0,153.60810404290353,566.0000000000001,1.3214498959113138e-05,566.0000000000001,1.7462298274040222e-10,0.0,0.0,434.9347589444852,566.0000000000001,7.62939453125e-06,566.0000000000001,5.820766091346741e-11,0.0,0.0,4179.092428321141,565.9957508857891,1.4662993336241292,565.9957508857891,2.1500337357865646,0.0,0.0,30983.22675519252,565.9699805735808,3.897297602289071,565.9699805735808,15.188928600808142,0.0,0.0,97.59374758505888,0.0031220910401913,0.000101660443408,153.60810404290353,0.0032480476238178,0.0001136060854785,434.9347589444852,0.0033558810143634,0.0001041485082694,4179.092428321141,0.4009800326118961,599330924.8173443,30983.22675519252,12342.143477648158,18607572622930.047,1.0,566.0,0.0,566.0,0.0,0.0,0.0,1.0,566.0,0.0,566.0,0.0,0.0,0.0,1.0,566.0,0.0,566.0,0.0,0.0,0.0,1.0,566.0,0.0,566.0,0.0,0.0,0.0,1.0,566.0,0.0,566.0,0.0,0.0,0.0
109.95686784400093,437.43834249418296,48520.01779233955,198.53199392203143,408.13539493057885,54951.33426055699,624.3798550566156,392.54494891828926,57674.64148161894,6283.132445852481,391.3539593703524,57866.33970098419,28857.60955279601,391.433395740731,57853.87813192175,109.95686784400093,437.43834249418296,48520.01779233955,198.53199392203143,408.13539493057885,54951.33426055699,624.3798550566156,392.54494891828926,57674.64148161894,6283.132445852481,391.3539593703524,57866.33970098419,28857.60955279601,391.433395740731,57853.87813192175,82.01783398897079,565.9999999999999,7.62939453125e-06,565.9999999999999,5.820766091346741e-11,0.0,0.0,136.58738162868642,565.9999999999994,2.288818359375e-05,565.9999999999994,5.238689482212067e-10,0.0,0.0,410.3271083146192,565.9999999999905,7.11622547385316e-05,565.9999999999905,5.0640664994716644e-09,0.0,0.0,4114.500850790496,565.9902837555892,2.2172787979045734,565.9902837555892,4.9163252676371485,0.0,0.0,18902.851346555224,565.9645735346691,4.233737878427738,565.9645735346691,17.924536423233803,0.0,0.0,82.01783398897079,0.0036293139884471,5.681403303456462e-05,136.58738162868642,0.0035965415282089,6.396653335373912e-05,410.3271083146192,0.0035423812890979,6.515686446744699e-05,4114.500850790496,820.9923245009074,1237769614964.2212,18902.851346555224,43332.19456631532,65328242789251.09,1.0,566.0,0.0,566.0,0.0,0.0,0.0,1.0,566.0,0.0,566.0,0.0,0.0,0.0,1.0,566.0,0.0,566.0,0.0,0.0,0.0,1.0,566.0,0.0,566.0,0.0,0.0,0.0,1.0,566.0,0.0,566.0,0.0,0.0,0.0
80.00541149494644,74.04185971905146,1.0029343101423365,110.52376052865586,74.07410119941083,1.7811458516280254,187.6809122032664,74.13713365510174,4.378426780951486,991.9731689113632,75.52365317934391,829.7738086759209,8713.802882682567,76.77506897010453,1790.4594280139163,80.00541149494644,74.04185971905146,1.0029343101423365,110.52376052865586,74.07410119941083,1.7811458516280254,187.6809122032664,74.13713365510174,4.378426780951486,991.9731689113632,75.52365317934391,829.7738086759209,8713.802882682567,76.77506897010453,1790.4594280139163,1.00000000087302,74.0,0.0,74.0,0.0,0.0,0.0,1.000003676603037,74.0,9.5367431640625e-07,74.0,9.094947017729282e-13,0.0,0.0,1.0173466520970582,74.00000000000001,1.3486991523486091e-06,74.00000000000001,1.8189894035458565e-12,0.0,0.0,2.193940653235633,73.99999999999999,1.3486991523486091e-06,73.99999999999999,1.8189894035458565e-12,0.0,0.0,2.8985141600465134,73.99999999999999,1.3486991523486091e-06,73.99999999999999,1.8189894035458565e-12,0.0,0.0,1.00000000087302,6.018701518547088,59551.81535122125,1.000003676603037,16.718445006798053,16112960716.765778,1.0173466520970582,2845711.77617248,4277287803333433.0,2.193940653235633,367249289.7094365,4.18173497663509e+17,2.8985141600465134,488048631.7825792,4.967673931164971e+17,1.00000000087302,74.0,0.0,74.0,0.0,0.0,0.0,1.000003676603037,74.0,9.5367431640625e-07,74.0,9.094947017729282e-13,0.0,0.0,1.0173466520970582,74.00000000000001,1.3486991523486091e-06,74.00000000000001,1.8189894035458565e-12,0.0,0.0,2.193940653235633,73.99999999999999,1.3486991523486091e-06,73.99999999999999,1.8189894035458565e-12,0.0,0.0,2.8985141600465134,73.99999999999999,1.3486991523486091e-06,73.99999999999999,1.8189894035458565e-12,0.0,0.0
155.74304992117413,343.7648817323967,63062.52156521044,246.4170240936845,348.5563695253569,62744.714174252695,669.3551086877808,371.6091393339003,60572.86199649103,6386.282228851963,389.31482951823136,58182.47919282713,43314.19697604997,391.1436437721676,57899.10480693221,155.74304992117413,343.7648817323967,63062.52156521044,246.4170240936845,348.5563695253569,62744.714174252695,669.3551086877808,371.6091393339003,60572.86199649103,6386.282228851963,389.31482951823136,58182.47919282713,43314.19697604997,391.1436437721676,57899.10480693221,87.34072724727247,566.0000000000001,0.0,566.0000000000001,0.0,0.0,0.0,140.52408418765802,566.0000000000001,7.62939453125e-06,566.0000000000001,5.820766091346741e-11,0.0,0.0,412.2048708427722,565.9999899121243,0.0714455391250382,565.9999899121243,0.0051044650608673,0.0,0.0,4156.5716465141295,565.9609516353904,4.444878819300889,565.9609516353904,19.756947718269657,0.0,0.0,28347.949622944703,565.9590642117879,4.551025499544725,565.9590642117879,20.711833097506315,0.0,0.0,87.34072724727247,0.003483745879934,0.0001034635950206,140.52408418765802,0.0035252179873148,9.289266044702157e-05,412.2048708427722,0.003533013001694,8.509850888227976e-05,4156.5716465141295,3.656631075681234,5507710846.1352825,28347.949622944703,16830.27938554949,25374015272958.46,1.0,566.0,0.0,566.0,0.0,0.0,0.0,1.0,566.0,0.0,566.0,0.0,0.0,0.0,1.0,566.0,0.0,566.0,0.0,0.0,0.0,1.0,566.0,0.0,566.0,0.0,0.0,0.0,1.0,566.0,0.0,566.0,0.0,0.0,0.0
1.0,60.0,0.0,1.0,60.0,0.0,1.0,60.0,0.0,1.0,60.0,0.0,1.0,60.0,0.0,1.0,60.0,0.0,1.0,60.0,0.0,1.0,60.0,0.0,1.0,60.0,0.0,1.0,60.0,0.0,1.0,60.0,0.0,60.0,0.0,0.0,0.0,1.0,60.0,0.0,60.0,0.0,0.0,0.0,1.0,60.0,0.0,60.0,0.0,0.0,0.0,1.0,60.0,0.0,60.0,0.0,0.0,0.0,1.0,60.0,0.0,60.0,0.0,0.0,0.0,1.0,1505913426.2575731,0.0,1.0,1505913426.2575731,0.0,1.0,1505913426.2575731,0.0,1.0,1505913426.2575731,0.0,1.0,1505913426.2575731,0.0,1.0,60.0,0.0,60.0,0.0,0.0,0.0,1.0,60.0,0.0,60.0,0.0,0.0,0.0,1.0,60.0,0.0,60.0,0.0,0.0,0.0,1.0,60.0,0.0,60.0,0.0,0.0,0.0,1.0,60.0,0.0,60.0,0.0,0.0,0.0
1.0,60.0,0.0,1.0,60.0,0.0,1.0,60.0,0.0,1.0,60.0,0.0,1.0,60.0,0.0,1.0,60.0,0.0,1.0,60.0,0.0,1.0,60.0,0.0,1.0,60.0,0.0,1.0,60.0,0.0,1.0,60.0,0.0,60.0,0.0,0.0,0.0,1.0,60.0,0.0,60.0,0.0,0.0,0.0,1.0,60.0,0.0,60.0,0.0,0.0,0.0,1.0,60.0,0.0,60.0,0.0,0.0,0.0,1.0,60.0,0.0,60.0,0.0,0.0,0.0,1.0,1505913454.92413,0.0,1.0,1505913454.92413,0.0,1.0,1505913454.92413,0.0,1.0,1505913454.92413,0.0,1.0,1505913454.92413,0.0,1.0,60.0,0.0,60.0,0.0,0.0,0.0,1.0,60.0,0.0,60.0,0.0,0.0,0.0,1.0,60.0,0.0,60.0,0.0,0.0,0.0,1.0,60.0,0.0,60.0,0.0,0.0,0.0,1.0,60.0,0.0,60.0,0.0,0.0,0.0
13.348358195842358,60.00015525287314,0.0009314931348853,31.230271498560228,60.001609034105655,0.0096516172479823,167.43957159829492,60.00736159631733,0.0476379211054336,2211.4821290720897,60.01843319468736,0.6404494607118068,20273.688989185364,60.020332481154,0.7023463658319997,13.348358195842358,60.00015525287314,0.0009314931348853,31.230271498560228,60.001609034105655,0.0096516172479823,167.43957159829492,60.00736159631733,0.0476379211054336,2211.4821290720897,60.01843319468736,0.6404494607118068,20273.688989185364,60.020332481154,0.7023463658319997,1.0,60.0,0.0,60.0,0.0,0.0,0.0,1.0,60.0,0.0,60.0,0.0,0.0,0.0,1.0,60.0,0.0,60.0,0.0,0.0,0.0,1.0,60.0,0.0,60.0,0.0,0.0,0.0,1.0,60.0,0.0,60.0,0.0,0.0,0.0,1.0,1507653279.940435,0.0,1.0,1507653279.940435,0.0,1.0,1507653279.940435,0.0,1.0,1507653279.940435,0.0,1.0,1507653279.940435,0.0,1.0,60.0,0.0,60.0,0.0,0.0,0.0,1.0,60.0,0.0,60.0,0.0,0.0,0.0,1.0,60.0,0.0,60.0,0.0,0.0,0.0,1.0,60.0,0.0,60.0,0.0,0.0,0.0,1.0,60.0,0.0,60.0,0.0,0.0,0.0
117.57901959474802,451.0891102517415,44940.37229928192,207.0234400917801,418.96005023659393,52781.23899379613,637.1458275144597,396.825779119018,56980.73077609993,6122.3913218562375,391.9630280318463,57769.69522077803,18092.67806980645,391.0750360189023,57909.63265473647,117.57901959474802,451.0891102517415,44940.37229928192,207.0234400917801,418.96005023659393,52781.23899379613,637.1458275144597,396.825779119018,56980.73077609993,6122.3913218562375,391.9630280318463,57769.69522077803,18092.67806980645,391.0750360189023,57909.63265473647,90.87720988317685,565.9999999999998,1.7059844799040144e-05,565.9999999999998,2.910383045673371e-10,0.0,0.0,146.86373465372512,566.0000000000002,1.7059844799040144e-05,566.0000000000002,2.910383045673371e-10,0.0,0.0,424.12090963770777,566.0000000000001,1.0789593218788871e-05,566.0000000000001,1.1641532182693479e-10,0.0,0.0,4016.5475317678993,565.9951557845636,1.5656147499684951,565.9951557845636,2.4511495453189127,0.0,0.0,11838.456634868326,565.9691434040649,3.9512637743127534,565.9691434040649,15.612485414196277,0.0,0.0,90.87720988317685,0.003282542047835,5.5829002926481984e-05,146.86373465372512,0.003351152435745,6.633489283080574e-05,424.12090963770777,0.0034325974378004,10.825079496355404,4016.5475317678993,12734.479942351763,19199071960629.285,11838.456634868326,90794.77530800118,136879211854466.16,1.0,566.0,0.0,566.0,0.0,0.0,0.0,1.0,566.0,0.0,566.0,0.0,0.0,0.0,1.0,566.0,0.0,566.0,0.0,0.0,0.0,1.0,566.0,0.0,566.0,0.0,0.0,0.0,1.0,566.0,0.0,566.0,0.0,0.0,0.0
98.99919916536544,522.2415745277139,20226.9634891561,176.46060218512406,479.0478871536308,36437.099108791765,588.1930883653831,420.7431255876713,52400.111675374734,6288.749160595192,394.4226648262378,57374.5880230206,32500.93626310649,392.0709249827548,57752.88301207656,98.99919916536544,522.2415745277139,20226.9634891561,176.46060218512406,479.0478871536308,36437.099108791765,588.1930883653831,420.7431255876713,52400.111675374734,6288.749160595192,394.4226648262378,57374.5880230206,32500.93626310649,392.0709249827548,57752.88301207656,90.43783788954283,565.9999969821379,0.0390773335247144,565.9999969821379,0.0015270379954017,0.0,0.0,146.13741155318044,565.9993994784999,0.5512381686533768,565.9993994784999,0.3038635185803287,0.0,0.0,419.3961203131408,565.9327169102913,5.834442250828358,565.9327169102913,34.04071637825109,0.0,0.0,4156.971816312087,565.9056604421394,6.90846700247944,565.9056604421394,47.72691632434726,0.0,0.0,21330.899959898976,565.9488874755909,5.0853047951256665,565.9488874755909,25.86032485932811,0.0,0.0,90.43783788954283,0.00327334335565,4.10228229566034e-05,146.13741155318044,0.003360041655297,5.9930921992785935e-05,419.3961203131408,0.0034718125359108,8.246325761985435e-05,4156.971816312087,264.99097465324803,399510434179.1856,21330.899959898976,34329.196688629134,51755501057152.43,1.0,566.0,0.0,566.0,0.0,0.0,0.0,1.0,566.0,0.0,566.0,0.0,0.0,0.0,1.0,566.0,0.0,566.0,0.0,0.0,0.0,1.0,566.0,0.0,566.0,0.0,0.0,0.0,1.0,566.0,0.0,566.0,0.0,0.0,0.0
143.49687882059783,182.8766941027864,45602.404933146696,206.40366326685023,231.4561415712473,55302.125453696506,535.7491160257498,300.69958777435414,60969.30260743152,5065.031533805412,333.09096305695,60325.52276379906,38972.9978006503,335.98657305141705,60164.83202299057,143.49687882059783,182.8766941027864,45602.404933146696,206.40366326685023,231.4561415712473,55302.125453696506,535.7491160257498,300.69958777435414,60969.30260743152,5065.031533805412,333.09096305695,60325.52276379906,38972.9978006503,335.98657305141705,60164.83202299057,1.0,60.0,0.0,60.0,0.0,0.0,0.0,1.0,60.0,0.0,60.0,0.0,0.0,0.0,1.0,60.0,0.0,60.0,0.0,0.0,0.0,1.0,60.0,0.0,60.0,0.0,0.0,0.0,1.0,60.0,0.0,60.0,0.0,0.0,0.0,1.0,1507659521.911102,0.0,1.0,1507659521.911102,0.0,1.0,1507659521.911102,0.0,1.0,1507659521.911102,0.0,1.0,1507659521.911102,0.0,1.0,60.0,0.0,60.0,0.0,0.0,0.0,1.0,60.0,0.0,60.0,0.0,0.0,0.0,1.0,60.0,0.0,60.0,0.0,0.0,0.0,1.0,60.0,0.0,60.0,0.0,0.0,0.0,1.0,60.0,0.0,60.0,0.0,0.0,0.0
1.0,60.0,0.0,1.0,60.0,0.0,1.0,60.0,0.0,1.0,60.0,0.0,1.0,60.0,0.0,1.0,60.0,0.0,1.0,60.0,0.0,1.0,60.0,0.0,1.0,60.0,0.0,1.0,60.0,0.0,1.0,60.0,0.0,60.0,0.0,0.0,0.0,1.0,60.0,0.0,60.0,0.0,0.0,0.0,1.0,60.0,0.0,60.0,0.0,0.0,0.0,1.0,60.0,0.0,60.0,0.0,0.0,0.0,1.0,60.0,0.0,60.0,0.0,0.0,0.0,1.0,1505913469.295792,0.0,1.0,1505913469.295792,0.0,1.0,1505913469.295792,0.0,1.0,1505913469.295792,0.0,1.0,1505913469.295792,0.0,1.0,60.0,0.0,60.0,0.0,0.0,0.0,1.0,60.0,0.0,60.0,0.0,0.0,0.0,1.0,60.0,0.0,60.0,0.0,0.0,0.0,1.0,60.0,0.0,60.0,0.0,0.0,0.0,1.0,60.0,0.0,60.0,0.0,0.0,0.0
135.95550025106095,375.1378867193781,56366.228182439874,229.6934462256308,366.4213621212933,57478.08813459753,665.7257093092512,372.5932403456483,56705.36577550747,6417.881840711297,382.03750792901087,55374.12678274457,56108.37585330785,383.011162163264,55227.87152442991,135.95550025106095,375.1378867193781,56366.228182439874,229.6934462256308,366.4213621212933,57478.08813459753,665.7257093092512,372.5932403456483,56705.36577550747,6417.881840711297,382.03750792901087,55374.12678274457,56108.37585330785,383.011162163264,55227.87152442991,86.73022060363337,554.0000000000003,1.52587890625e-05,554.0000000000003,2.3283064365386963e-10,0.0,0.0,142.47565226931908,554.0000000000001,1.7059844799040144e-05,554.0000000000001,2.910383045673371e-10,0.0,0.0,421.2544141492335,553.9999999999992,1.7059844799040144e-05,553.9999999999992,2.910383045673371e-10,0.0,0.0,4183.751039589743,553.9919033651702,1.999918010908197,553.9919033651702,3.9996720503550014,0.0,0.0,36689.32151554655,553.9642319392639,4.203348980587352,553.9642319392639,17.66814265260473,0.0,0.0,86.73022060363337,0.0035192665650483,0.0001115901612811,142.47565226931908,0.0035051846200876,0.0001221952876007,421.2544141492335,0.003471929623116,0.0001281873796857,4183.751039589743,0.0037418065073007,436492.5576514725,36689.32151554655,5061.236997030194,7630573131631.345,1.0,554.0,0.0,554.0,0.0,0.0,0.0,1.0,554.0,0.0,554.0,0.0,0.0,0.0,1.0,554.0,0.0,554.0,0.0,0.0,0.0,1.0,554.0,0.0,554.0,0.0,0.0,0.0,1.0,554.0,0.0,554.0,0.0,0.0,0.0
72.12331461420206,74.09846855720653,2.353549330408896,111.97974348921088,74.11490629163569,2.7448489438656907,248.34457909070545,74.16553658578752,10.401918958383249,1263.4600156240406,75.6423115223535,784.2568841527153,8269.630542680772,76.60570334074175,1649.334711569231,72.12331461420206,74.09846855720653,2.353549330408896,111.97974348921088,74.11490629163569,2.7448489438656907,248.34457909070545,74.16553658578752,10.401918958383249,1263.4600156240406,75.6423115223535,784.2568841527153,8269.630542680772,76.60570334074175,1649.334711569231,1.0000000008666767,73.99999999999999,1.3486991523486091e-06,73.99999999999999,1.8189894035458565e-12,0.0,0.0,1.0000036605126787,74.0,0.0,74.0,0.0,0.0,0.0,1.0173177933240245,74.0,0.0,74.0,0.0,0.0,0.0,2.19366672880951,74.00000000000001,1.3486991523486091e-06,74.00000000000001,1.8189894035458565e-12,0.0,0.0,2.8984689443375142,73.99999999999999,9.5367431640625e-07,73.99999999999999,9.094947017729282e-13,0.0,0.0,1.0000000008666767,6.02080491064281,58570.12771270992,1.0000036605126787,16.614368803627347,15953060717.10521,1.0173177933240245,2836347.510223084,4263238783433772.0,2.19366672880951,367173027.77180505,4.181146035768289e+17,2.8984689443375142,488039969.022428,4.9676272535329306e+17,1.0000000008666767,73.99999999999999,1.3486991523486091e-06,73.99999999999999,1.8189894035458565e-12,0.0,0.0,1.0000036605126787,74.0,0.0,74.0,0.0,0.0,0.0,1.0173177933240245,74.0,0.0,74.0,0.0,0.0,0.0,2.19366672880951,74.00000000000001,1.3486991523486091e-06,74.00000000000001,1.8189894035458565e-12,0.0,0.0,2.8984689443375142,73.99999999999999,9.5367431640625e-07,73.99999999999999,9.094947017729282e-13,0.0,0.0
1.0,60.0,0.0,1.0,60.0,0.0,1.0,60.0,0.0,1.0,60.0,0.0,1.0,60.0,0.0,1.0,60.0,0.0,1.0,60.0,0.0,1.0,60.0,0.0,1.0,60.0,0.0,1.0,60.0,0.0,1.0,60.0,0.0,60.0,0.0,0.0,0.0,1.0,60.0,0.0,60.0,0.0,0.0,0.0,1.0,60.0,0.0,60.0,0.0,0.0,0.0,1.0,60.0,0.0,60.0,0.0,0.0,0.0,1.0,60.0,0.0,60.0,0.0,0.0,0.0,1.0,1505913568.906148,0.0,1.0,1505913568.906148,0.0,1.0,1505913568.906148,0.0,1.0,1505913568.906148,0.0,1.0,1505913568.906148,0.0,1.0,60.0,0.0,60.0,0.0,0.0,0.0,1.0,60.0,0.0,60.0,0.0,0.0,0.0,1.0,60.0,0.0,60.0,0.0,0.0,0.0,1.0,60.0,0.0,60.0,0.0,0.0,0.0,1.0,60.0,0.0,60.0,0.0,0.0,0.0
100.33163768997532,507.8801174419205,20656.17756609377,180.5426035911924,465.639316427656,35842.52316333864,606.2190773728422,410.7803819209542,50237.40554923008,6330.545678090644,384.9727747169811,54926.70913823116,34899.26536473792,382.5638218162993,55296.07076935223,100.33163768997532,507.8801174419205,20656.17756609377,180.5426035911924,465.639316427656,35842.52316333864,606.2190773728422,410.7803819209542,50237.40554923008,6330.545678090644,384.9727747169811,54926.70913823116,34899.26536473792,382.5638218162993,55296.07076935223,90.964666991084,554.0000000000008,2.642899791822628e-05,554.0000000000008,6.984919309616089e-10,0.0,0.0,148.24931513617625,554.0000000000007,2.0185480583683703e-05,554.0000000000007,4.07453626394272e-10,0.0,0.0,430.4619651024192,553.9999909736873,0.0667757315941761,553.9999909736873,0.0044589983299374,0.0,0.0,4164.736089170277,553.9617516933114,4.3466309448957015,553.9617516933114,18.893200571124908,0.0,0.0,22789.47031569892,553.9566313919688,4.628413500380229,553.9566313919688,21.42221153050195,0.0,0.0,90.964666991084,0.0032310094267393,2.745202844062236e-05,148.24931513617625,0.00329957730059,4.711227078474401e-05,430.4619651024192,0.0033781079058128,6.746463425616375e-05,4164.736089170277,130.3300330403105,196487603513.3832,22789.47031569892,29936.42102323333,45132921114486.42,1.0,554.0,0.0,554.0,0.0,0.0,0.0,1.0,554.0,0.0,554.0,0.0,0.0,0.0,1.0,554.0,0.0,554.0,0.0,0.0,0.0,1.0,554.0,0.0,554.0,0.0,0.0,0.0,1.0,554.0,0.0,554.0,0.0,0.0,0.0
141.6200113120335,349.98512526035864,59161.27900321348,233.13230974823296,347.9199413447143,59334.55694280908,663.8973909584496,364.12503439733,57745.33903643758,6391.373880851442,379.8981993918432,55692.59024601133,35260.36559556592,381.63628232488463,55435.44986296413,141.6200113120335,349.98512526035864,59161.27900321348,233.13230974823296,347.9199413447143,59334.55694280908,663.8973909584496,364.12503439733,57745.33903643758,6391.373880851442,379.8981993918432,55692.59024601133,35260.36559556592,381.63628232488463,55435.44986296413,83.13298930924243,554.0,0.0,554.0,0.0,0.0,0.0,135.8774093904396,554.0000000000003,1.8688123647942943e-05,554.0000000000003,3.4924596548080444e-10,0.0,0.0,408.7191816201593,553.9999966783371,0.0405080401741589,553.9999966783371,0.0016409013187512,0.0,0.0,4139.071234515543,553.965355815626,4.136789438858429,553.965355815626,17.113026861450635,0.0,0.0,22959.034204536747,553.9574019760329,4.587113389431979,553.9574019760329,21.04160924750613,0.0,0.0,83.13298930924243,0.0036061311996297,7.156920512978634e-05,135.8774093904396,0.0036224906371382,7.135304970692214e-05,408.7191816201593,0.0035592356808425,7.426752269269948e-05,4139.071234515543,118.04943548748383,177972658353.6444,22959.034204536747,29404.50341881034,44331003944785.945,1.0,554.0,0.0,554.0,0.0,0.0,0.0,1.0,554.0,0.0,554.0,0.0,0.0,0.0,1.0,554.0,0.0,554.0,0.0,0.0,0.0,1.0,554.0,0.0,554.0,0.0,0.0,0.0,1.0,554.0,0.0,554.0,0.0,0.0,0.0
169.88433304899934,74.06840282157822,1.6369887731598285,274.7209541673764,74.06297573967876,1.507495092235331,805.8159167378537,74.05238337009327,2.0617439075767834,7685.696679002393,74.15603994132984,67.0071282206909,30442.379350261566,74.33939339065904,218.9720649831661,169.88433304899934,74.06840282157822,1.6369887731598285,274.7209541673764,74.06297573967876,1.507495092235331,805.8159167378537,74.05238337009327,2.0617439075767834,7685.696679002393,74.15603994132984,67.0071282206909,30442.379350261566,74.33939339065904,218.9720649831661,169.40014272724974,73.99999999999993,1.9073486328125e-06,95.2680429105164,4.547473508864642e-12,3.214787629683733e-28,1.0203789531523743e-16,274.00009044546414,73.99999999999993,2.6973983046972182e-06,95.26804291051644,8.348051665364355e-12,-1.3891646095050066e-26,-2.5456710684094355e-15,804.1153209231418,73.99999801670491,0.0052693608568079,95.2680413699806,2.776616383926015e-05,3.645492357880256e-20,5.92314732562256e-12,7667.277916761514,73.99862806777674,0.1385827151922845,95.2669772581934,0.0192051689500658,2.397017122250991e-16,5.030258543789681e-10,30355.289590054486,73.99824954112594,0.1565354916522429,95.26668323790136,0.0245033601468094,-3.8790822022036287e-16,-2.723926459835413e-10,169.40014272724972,0.0017308157321592,1.3335700076150286e-05,274.0000904454643,0.0017753092693313,1.673717557074704e-05,804.1153209231418,0.0018044059165309,2.709326841729312e-05,7667.277916761624,1259.414483931616,1896565903958.9907,30355.289590053417,29941.034981707875,45087734098605.78,1.0,74.0,0.0,95.26804291051644,0.0,0.0,0.0,1.0,74.0,0.0,95.26804291051644,0.0,0.0,0.0,1.0,74.0,0.0,95.26804291051644,0.0,0.0,0.0,1.0220614665765413,74.0,0.0,95.26804291051644,0.0,0.0,0.0,1.6829099461040515,74.00000000000001,9.5367431640625e-07,95.26804291051644,9.094947017729282e-13,0.0,0.0
1.0,60.0,0.0,1.0,60.0,0.0,1.0,60.0,0.0,1.0,60.0,0.0,1.0,60.0,0.0,1.0,60.0,0.0,1.0,60.0,0.0,1.0,60.0,0.0,1.0,60.0,0.0,1.0,60.0,0.0,1.0,60.0,0.0,60.0,0.0,0.0,0.0,1.0,60.0,0.0,60.0,0.0,0.0,0.0,1.0,60.0,0.0,60.0,0.0,0.0,0.0,1.0,60.0,0.0,60.0,0.0,0.0,0.0,1.0,60.0,0.0,60.0,0.0,0.0,0.0,1.0,1505913562.869453,0.0,1.0,1505913562.869453,0.0,1.0,1505913562.869453,0.0,1.0,1505913562.869453,0.0,1.0,1505913562.869453,0.0,1.0,60.0,0.0,60.0,0.0,0.0,0.0,1.0,60.0,0.0,60.0,0.0,0.0,0.0,1.0,60.0,0.0,60.0,0.0,0.0,0.0,1.0,60.0,0.0,60.0,0.0,0.0,0.0,1.0,60.0,0.0,60.0,0.0,0.0,0.0
194.8260170891504,74.03322333053144,0.7962562290558708,306.4035601301632,74.03984662802903,0.9552080119483436,848.6134068565456,74.04898383615613,2.6799461923237686,4920.780410223011,74.10459733901405,18.09702437494343,7194.451801746441,74.10717219674831,18.650324419943896,194.8260170891504,74.03322333053144,0.7962562290558708,306.4035601301632,74.03984662802903,0.9552080119483436,848.6134068565456,74.04898383615613,2.6799461923237686,4920.780410223011,74.10459733901405,18.09702437494343,7194.451801746441,74.10717219674831,18.650324419943896,194.55631837679832,74.00000000000004,1.9073486328125e-06,95.26804291051648,5.823607568738997e-12,-1.0152255596619907e-27,-2.4960160399771683e-16,305.89486926015115,73.99999999770229,0.0001793110612792,95.26804290873169,3.2152456854653374e-08,1.873163589331991e-22,5.855102704650023e-13,847.0758055220772,73.99990321783966,0.0368095218227216,95.26796773443655,0.0013549408968174,-6.935496933910486e-18,-1.9756832669537783e-10,4908.676138978927,73.99681691198656,0.2110760528956002,95.26557044969655,0.0445531001059862,8.473392122929623e-16,7.954982672453155e-10,7175.498672452031,73.99631895240462,0.2269826341938039,95.26518366384462,0.0515211162255582,-1.5775525940497489e-15,-1.3195966638386572e-09,194.5563183767984,0.0015117131379041,8.656605263836823e-05,305.89486926015144,0.0015988485205797,5524.489795668836,847.0758055220782,161.17730289919936,242716601949.4956,4908.676138978949,120942.24295890864,182114026131425.6,7175.498672452013,191215.1912431411,287917129189970.0,1.0,74.0,0.0,74.0,0.0,0.0,0.0,1.0,74.0,0.0,74.0,0.0,0.0,0.0,1.0,74.0,0.0,74.0,0.0,0.0,0.0,1.0,74.0,0.0,74.0,0.0,0.0,0.0,1.0,74.0,0.0,74.0,0.0,0.0,0.0
163.5145624468568,239.2196552680437,58565.46073123383,242.5766745689854,295.8887198508861,63716.20409151262,656.623177630497,362.2712854496404,61581.300741171406,6321.042513988081,389.0667551031033,58219.787421972,26159.97318224792,390.9049729663457,57936.44820416844,163.5145624468568,239.2196552680437,58565.46073123383,242.5766745689854,295.8887198508861,63716.20409151262,656.623177630497,362.2712854496404,61581.300741171406,6321.042513988081,389.0667551031033,58219.787421972,26159.97318224792,390.9049729663457,57936.44820416844,1.0,60.0,0.0,60.0,0.0,0.0,0.0,1.0,60.0,0.0,60.0,0.0,0.0,0.0,1.0,60.0,0.0,60.0,0.0,0.0,0.0,1.0,60.0,0.0,60.0,0.0,0.0,0.0,1.0,60.0,0.0,60.0,0.0,0.0,0.0,1.0,1507657982.912884,0.0,1.0,1507657982.912884,0.0,1.0,1507657982.912884,0.0,1.0,1507657982.912884,0.0,1.0,1507657982.912884,0.0,1.0,60.0,0.0,60.0,0.0,0.0,0.0,1.0,60.0,0.0,60.0,0.0,0.0,0.0,1.0,60.0,0.0,60.0,0.0,0.0,0.0,1.0,60.0,0.0,60.0,0.0,0.0,0.0,1.0,60.0,0.0,60.0,0.0,0.0,0.0
85.52203952531517,408.7931734012938,50647.14984873693,155.4413480792948,367.8416964119425,57307.28754853,495.87808428468287,340.44671535727235,59889.62737743893,5007.76804137814,335.4066223386565,60196.94956175157,36003.65778802719,336.22945220371133,60150.37884641079,85.52203952531517,408.7931734012938,50647.14984873693,155.4413480792948,367.8416964119425,57307.28754853,495.87808428468287,340.44671535727235,59889.62737743893,5007.76804137814,335.4066223386565,60196.94956175157,36003.65778802719,336.22945220371133,60150.37884641079,60.3898862019833,553.9486632246127,5.035646093292551,553.9486632246127,25.35773157689255,0.0,0.0,96.9127456286821,553.7568100854522,10.957950376416592,553.7568100854522,120.07667645200856,0.0,0.0,281.8740700751957,553.3643691136799,17.70868801516464,553.3643691136799,313.59763121843565,0.0,0.0,2792.682340099628,553.8322073619273,9.10282422323846,553.8322073619273,82.86140883917687,0.0,0.0,20134.721869116514,553.9197480003119,6.295875432792459,553.9197480003119,39.63804746523965,0.0,0.0,60.3898862019833,0.005003188688207,0.0001281637981082,96.9127456286821,0.0051341592346472,0.0001571828368846,281.8740700751957,0.0051796379307287,0.0001564434780768,2792.682340099628,1.8943478570585564,2848231479.876386,20134.721869116514,21318.503849600296,32140578547690.54,60.383610448899,554.0000000000001,7.62939453125e-06,554.0000000000001,5.820766091346741e-11,0.0,0.0,96.8650367170868,554.0000000000001,1.52587890625e-05,554.0000000000001,2.3283064365386963e-10,0.0,0.0,281.5113820893808,553.9999999999994,2.642899791822628e-05,553.9999999999994,6.984919309616089e-10,0.0,0.0,2791.7337742349705,553.9999999999985,3.325575976212062e-05,553.9999999999985,1.1059455573558807e-09,0.0,0.0,20131.45091427194,554.000000000005,5.394796609394436e-05,554.000000000005,2.91038304567337e-09,0.0,0.0
1.0,60.0,0.0,1.0,60.0,0.0,1.0,60.0,0.0,1.0,60.0,0.0,1.0,60.0,0.0,1.0,60.0,0.0,1.0,60.0,0.0,1.0,60.0,0.0,1.0,60.0,0.0,1.0,60.0,0.0,1.0,60.0,0.0,60.0,0.0,0.0,0.0,1.0,60.0,0.0,60.0,0.0,0.0,0.0,1.0,60.0,0.0,60.0,0.0,0.0,0.0,1.0,60.0,0.0,60.0,0.0,0.0,0.0,1.0,60.0,0.0,60.0,0.0,0.0,0.0,1.0,1505913474.927717,0.0,1.0,1505913474.927717,0.0,1.0,1505913474.927717,0.0,1.0,1505913474.927717,0.0,1.0,1505913474.927717,0.0,1.0,60.0,0.0,60.0,0.0,0.0,0.0,1.0,60.0,0.0,60.0,0.0,0.0,0.0,1.0,60.0,0.0,60.0,0.0,0.0,0.0,1.0,60.0,0.0,60.0,0.0,0.0,0.0,1.0,60.0,0.0,60.0,0.0,0.0,0.0
1.0,60.0,0.0,1.0,60.0,0.0,1.0,60.0,0.0,1.0,60.0,0.0,1.0,60.0,0.0,1.0,60.0,0.0,1.0,60.0,0.0,1.0,60.0,0.0,1.0,60.0,0.0,1.0,60.0,0.0,1.0,60.0,0.0,60.0,0.0,0.0,0.0,1.0,60.0,0.0,60.0,0.0,0.0,0.0,1.0,60.0,0.0,60.0,0.0,0.0,0.0,1.0,60.0,0.0,60.0,0.0,0.0,0.0,1.0,60.0,0.0,60.0,0.0,0.0,0.0,1.0,1505913580.44049,0.0,1.0,1505913580.44049,0.0,1.0,1505913580.44049,0.0,1.0,1505913580.44049,0.0,1.0,1505913580.44049,0.0,1.0,60.0,0.0,60.0,0.0,0.0,0.0,1.0,60.0,0.0,60.0,0.0,0.0,0.0,1.0,60.0,0.0,60.0,0.0,0.0,0.0,1.0,60.0,0.0,60.0,0.0,0.0,0.0,1.0,60.0,0.0,60.0,0.0,0.0,0.0
136.56089136525324,375.8855734090717,56263.77761921017,213.23050985193944,398.6190201478025,52614.93884369533,625.9131085304379,396.3495508876216,53024.75649006706,6346.109609160646,384.4181361883124,55012.97035099617,55378.63946495736,383.3013005505608,55183.92627715459,136.56089136525324,375.8855734090717,56263.77761921017,213.23050985193944,398.6190201478025,52614.93884369533,625.9131085304379,396.3495508876216,53024.75649006706,6346.109609160646,384.4181361883124,55012.97035099617,55378.63946495736,383.3013005505608,55183.92627715459,1.0,60.0,0.0,60.0,0.0,0.0,0.0,1.0,60.0,0.0,60.0,0.0,0.0,0.0,1.0,60.0,0.0,60.0,0.0,0.0,0.0,1.0,60.0,0.0,60.0,0.0,0.0,0.0,1.0,60.0,0.0,60.0,0.0,0.0,0.0,1.0,1507656215.230011,0.0,1.0,1507656215.230011,0.0,1.0,1507656215.230011,0.0,1.0,1507656215.230011,0.0,1.0,1507656215.230011,0.0,1.0,60.0,0.0,60.0,0.0,0.0,0.0,1.0,60.0,0.0,60.0,0.0,0.0,0.0,1.0,60.0,0.0,60.0,0.0,0.0,0.0,1.0,60.0,0.0,60.0,0.0,0.0,0.0,1.0,60.0,0.0,60.0,0.0,0.0,0.0
1.0,60.0,0.0,1.0,60.0,0.0,1.0,60.0,0.0,1.0,60.0,0.0,1.0,60.0,0.0,1.0,60.0,0.0,1.0,60.0,0.0,1.0,60.0,0.0,1.0,60.0,0.0,1.0,60.0,0.0,1.0,60.0,0.0,60.0,0.0,0.0,0.0,1.0,60.0,0.0,60.0,0.0,0.0,0.0,1.0,60.0,0.0,60.0,0.0,0.0,0.0,1.0,60.0,0.0,60.0,0.0,0.0,0.0,1.0,60.0,0.0,60.0,0.0,0.0,0.0,1.0,1505913563.919782,0.0,1.0,1505913563.919782,0.0,1.0,1505913563.919782,0.0,1.0,1505913563.919782,0.0,1.0,1505913563.919782,0.0,1.0,60.0,0.0,60.0,0.0,0.0,0.0,1.0,60.0,0.0,60.0,0.0,0.0,0.0,1.0,60.0,0.0,60.0,0.0,0.0,0.0,1.0,60.0,0.0,60.0,0.0,0.0,0.0,1.0,60.0,0.0,60.0,0.0,0.0,0.0
1.0,60.0,0.0,1.0,60.0,0.0,1.0,60.0,0.0,1.0,60.0,0.0,1.0,60.0,0.0,1.0,60.0,0.0,1.0,60.0,0.0,1.0,60.0,0.0,1.0,60.0,0.0,1.0,60.0,0.0,1.0,60.0,0.0,60.0,0.0,0.0,0.0,1.0,60.0,0.0,60.0,0.0,0.0,0.0,1.0,60.0,0.0,60.0,0.0,0.0,0.0,1.0,60.0,0.0,60.0,0.0,0.0,0.0,1.0,60.0,0.0,60.0,0.0,0.0,0.0,1.0,1505913551.060126,0.0,1.0,1505913551.060126,0.0,1.0,1505913551.060126,0.0,1.0,1505913551.060126,0.0,1.0,1505913551.060126,0.0,1.0,60.0,0.0,60.0,0.0,0.0,0.0,1.0,60.0,0.0,60.0,0.0,0.0,0.0,1.0,60.0,0.0,60.0,0.0,0.0,0.0,1.0,60.0,0.0,60.0,0.0,0.0,0.0,1.0,60.0,0.0,60.0,0.0,0.0,0.0
171.54493082898887,74.0061482846388,0.1475210299277023,283.19912313290166,74.01450524625744,0.3479179915257191,837.0823150913317,74.0311601010651,1.0048121621357495,5465.537141645496,74.08679083786214,13.830210655771223,8522.829163244845,74.09445011346376,15.600365640709242,171.54493082898887,74.0061482846388,0.1475210299277023,283.19912313290166,74.01450524625744,0.3479179915257191,837.0823150913317,74.0311601010651,1.0048121621357495,5465.537141645496,74.08679083786214,13.830210655771223,8522.829163244845,74.09445011346376,15.600365640709242,171.50098470136166,73.99999999999999,2.3360154559928683e-06,95.2680429105164,1.0219175716994975e-11,-4.8148379028817885e-28,-7.012034906809564e-17,283.0279618709525,73.99999999998809,1.2470909910795234e-05,95.26804291050723,1.5571561286820288e-10,-1.5045385056163656e-24,-4.339059601052831e-14,836.028329371024,73.99998344084129,0.0152258972367326,95.26803004809528,0.0002318279466635,2.1035370983222622e-19,4.367881546175946e-12,5453.591625236357,73.9976018045193,0.1832184089029914,95.26618011036342,0.0335689853609437,2.4039996350328013e-16,3.3368811809079576e-10,8502.229749631326,73.99694812949781,0.2066806064049299,95.26567237194958,0.0427168730639095,-1.798500325987316e-15,-1.2303519511078101e-09,171.50098470136163,0.0017142003296808,1.6188554052135854e-05,283.0279618709526,0.0017217551906365,28.75148948137551,836.0283293710269,27.57843185852792,41528140189.95563,5453.591625236394,91120.05092312304,137210684197353.52,8502.22974963132,158532.0449607248,238710541955668.2,1.0,74.0,0.0,74.0,0.0,0.0,0.0,1.0,74.0,0.0,74.0,0.0,0.0,0.0,1.0,74.0,0.0,74.0,0.0,0.0,0.0,1.0,74.0,0.0,74.0,0.0,0.0,0.0,1.0,74.0,0.0,74.0,0.0,0.0,0.0
128.93879684977406,395.79542582509896,53124.37235136132,222.7799503743573,380.5836485156565,55594.445431574335,669.0212872755093,381.0833864906565,55519.89330473924,6465.188462595681,383.21592555612,55196.235300413966,50775.89254919464,382.9791017635908,55232.79235735448,128.93879684977406,395.79542582509896,53124.37235136132,222.7799503743573,380.5836485156565,55594.445431574335,669.0212872755093,381.0833864906565,55519.89330473924,6465.188462595681,383.21592555612,55196.235300413966,50775.89254919464,382.9791017635908,55232.79235735448,87.64592239809308,553.9996865632542,0.3934941602448904,553.9996865632542,0.1548376541468314,0.0,0.0,144.57690623534995,553.9904342103214,2.173800496116878,553.9904342103214,4.725408596917988,0.0,0.0,434.9799744259673,553.8399378593119,8.890729869432914,553.8399378593119,79.0450776112266,0.0,0.0,4230.828786956388,553.8976779802218,7.108910463265996,553.8976779802218,50.53660797473276,0.0,0.0,33199.914602437675,553.9524106180539,4.848390447636279,553.9524106180539,23.506889932730697,0.0,0.0,87.64592239809308,0.0034185016440238,6.804785282360653e-05,144.57690623534995,0.0034098407942955,7.323286747577887e-05,434.9799744259673,0.0033455870804059,7.399802579837157e-05,4230.828786956388,0.0565406257250434,80097514.46575946,33199.914602437675,9429.950913069966,14217027251206.086,1.0,554.0,0.0,554.0,0.0,0.0,0.0,1.0,554.0,0.0,554.0,0.0,0.0,0.0,1.0,554.0,0.0,554.0,0.0,0.0,0.0,1.0,554.0,0.0,554.0,0.0,0.0,0.0,1.0,554.0,0.0,554.0,0.0,0.0,0.0
118.92127972852144,408.9609202494061,50612.927812211135,208.9446161340584,386.02175550383055,54764.11817755495,642.3872920092782,378.01324565555313,55963.408961487294,6426.20115033,382.5713032524612,55294.86877451637,59419.166007913605,383.9894911241954,55078.365557476434,118.92127972852144,408.9609202494061,50612.927812211135,208.9446161340584,386.02175550383055,54764.11817755495,642.3872920092782,378.01324565555313,55963.408961487294,6426.20115033,382.5713032524612,55294.86877451637,59419.166007913605,383.9894911241954,55078.365557476434,84.00580678776113,553.9999999999994,2.1579186437577742e-05,553.9999999999994,4.656612873077394e-10,0.0,0.0,137.89533782745218,554.0000000000001,1.52587890625e-05,554.0000000000001,2.3283064365386963e-10,0.0,0.0,413.53043214047216,553.9999999402602,0.0054324289303338,553.9999999402602,2.951128408312797e-05,0.0,0.0,4196.28257144737,553.9766376936869,3.3971213578279627,553.9766376936869,11.540433519810906,0.0,0.0,38972.320562201385,553.9599604047461,4.44724149197716,553.9599604047461,19.777956887963224,0.0,0.0,84.00580678776113,0.0035261283037597,4.463257286963127e-05,137.89533782745218,0.0035603918739196,6.240749285256234e-05,413.53043214047216,0.0035260596819286,9.89606884086794e-05,4196.28257144737,0.0034450326409776,4273.03985884812,38972.320562201385,3000.863111710765,4524254896634.788,1.0,554.0,0.0,554.0,0.0,0.0,0.0,1.0,554.0,0.0,554.0,0.0,0.0,0.0,1.0,554.0,0.0,554.0,0.0,0.0,0.0,1.0,554.0,0.0,554.0,0.0,0.0,0.0,1.0,554.0,0.0,554.0,0.0,0.0,0.0
111.94364904779376,481.83855587750367,30439.7843961126,195.93846701557888,441.4455893750966,42929.62773462728,612.6740090556059,398.48455852417936,52628.10168412543,6335.431494942332,384.2272249080377,55039.77791018284,54336.20102889399,383.3150540991093,55181.50365702502,111.94364904779376,481.83855587750367,30439.7843961126,195.93846701557888,441.4455893750966,42929.62773462728,612.6740090556059,398.48455852417936,52628.10168412543,6335.431494942332,384.2272249080377,55039.77791018284,54336.20102889399,383.3150540991093,55181.50365702502,95.59103809113608,553.9999999999997,1.52587890625e-05,553.9999999999997,2.3283064365386963e-10,0.0,0.0,151.2919312480171,553.999999999294,0.0005904283878767,553.999999999294,3.486056812107563e-07,0.0,0.0,419.767686031725,553.9992936165966,0.5907223562145875,553.9992936165966,0.3489529021317139,0.0,0.0,4158.501987835066,553.9392408906947,5.4782577821959375,553.9392408906947,30.01130832819036,0.0,0.0,35564.57661021152,553.9548887122593,4.7204810256680165,553.9548887122593,22.282941113691773,0.0,0.0,95.59103809113608,0.0031867397313976,0.000113190326637,151.2919312480171,0.0033267729785952,0.0001548923521796,419.767686031725,0.0034913965605957,0.0001528021395078,4158.501987835066,0.0056456552785218,3275545.899862551,35564.57661021152,6383.317449691303,9623800432071.844,1.0,554.0,0.0,554.0,0.0,0.0,0.0,1.0,554.0,0.0,554.0,0.0,0.0,0.0,1.0,554.0,0.0,554.0,0.0,0.0,0.0,1.0,554.0,0.0,554.0,0.0,0.0,0.0,1.0,554.0,0.0,554.0,0.0,0.0,0.0
101.7379691556414,534.0626426804665,15140.308011128334,179.57442235885654,493.7560221925824,31336.260440900223,602.4363652297827,430.7026062364812,50155.08160280975,6210.092579211186,396.84081754738486,56977.15671978839,20178.88969773677,392.7885597479638,57639.657330668095,101.7379691556414,534.0626426804665,15140.308011128334,179.57442235885654,493.7560221925824,31336.260440900223,602.4363652297827,430.7026062364812,50155.08160280975,6210.092579211186,396.84081754738486,56977.15671978839,20178.88969773677,392.7885597479638,57639.657330668095,95.3165426351864,565.999999427831,0.0170152124524788,565.999999427831,0.0002895174548029,0.0,0.0,153.93581131302932,565.9997830617763,0.3313166073137685,565.9997830617763,0.1097706942819058,0.0,0.0,441.39359837626097,565.9536731367023,4.841409572631745,565.9536731367023,23.439246649970304,0.0,0.0,4134.699903179998,565.9082626914462,6.812537148177436,565.9082626914462,46.41066239529755,0.0,0.0,13272.74387258342,565.9368153086758,5.653977494348847,565.9368153086758,31.96746150660329,0.0,0.0,95.3165426351864,0.0030787084133776,2.284100957585631e-05,153.93581131302932,0.0031737554743138,4.129079095914252e-05,441.39359837626097,0.0032960272607773,0.0971306695746323,4134.699903179998,7751.486577847983,11686524783446.164,13272.74387258342,77284.91158509518,116513229773138.66,1.0,566.0,0.0,566.0,0.0,0.0,0.0,1.0,566.0,0.0,566.0,0.0,0.0,0.0,1.0,566.0,0.0,566.0,0.0,0.0,0.0,1.0,566.0,0.0,566.0,0.0,0.0,0.0,1.0,566.0,0.0,566.0,0.0,0.0,0.0
158.7128434420389,67.16646390009161,49.035337166455975,250.44483299824623,67.63956998484952,48.6379279577468,690.5912245566935,68.65462399441965,46.28229528342673,5815.538876310608,69.24744781489257,44.04623433684719,12424.523713088667,69.27165869000092,43.957419891608886,158.7128434420389,67.16646390009161,49.035337166455975,250.44483299824623,67.63956998484952,48.6379279577468,690.5912245566935,68.65462399441965,46.28229528342673,5815.538876310608,69.24744781489257,44.04623433684719,12424.523713088667,69.27165869000092,43.957419891608886,80.52881653139066,73.99999999999997,1.9073486328125e-06,73.99999999999997,3.637978807091713e-12,0.0,0.0,135.82325006946172,74.00000000000007,3.3036247397782844e-06,74.00000000000007,1.0913936421275139e-11,0.0,0.0,425.9265432659893,73.99999999979968,5.294395783150486e-05,73.99999999979968,2.8030626708641652e-09,0.0,0.0,3838.6170419334553,73.99944988837208,0.0877568241509362,73.99944988837208,0.0077012601850583,0.0,0.0,8222.730307689928,73.99859083532745,0.1404504171281203,73.99859083532745,0.0197263196714629,0.0,0.0,80.52881653139066,0.003853039099555,0.000160622339399,135.82325006946172,0.0036809557238995,0.0001318871379448,425.9265432659893,0.0071727069068442,5648673.446881018,3838.6170419334553,49727.36091634657,74969328932071.1,8222.730307689928,149119.10520853844,224798230113300.1,1.0,74.0,0.0,74.0,0.0,0.0,0.0,1.0,74.0,0.0,74.0,0.0,0.0,0.0,1.0,74.0,0.0,74.0,0.0,0.0,0.0,1.0,74.0,0.0,74.0,0.0,0.0,0.0,1.0,74.0,0.0,74.0,0.0,0.0,0.0
162.0754706517381,218.4694030550908,53171.33340457803,245.5117022154531,271.05863582917823,59717.218338340506,665.1935425543313,343.53667134406663,59673.96097904291,6404.029767978073,378.750595102326,55857.40909524041,37801.243700947394,381.4838684127853,55457.84484590737,162.0754706517381,218.4694030550908,53171.33340457803,245.5117022154531,271.05863582917823,59717.218338340506,665.1935425543313,343.53667134406663,59673.96097904291,6404.029767978073,378.750595102326,55857.40909524041,37801.243700947394,381.4838684127853,55457.84484590737,51.99190907703202,554.0000000000001,7.62939453125e-06,554.0000000000001,5.820766091346741e-11,0.0,0.0,104.8934513116028,553.9999999999997,1.3214498959113138e-05,553.9999999999997,1.7462298274040222e-10,0.0,0.0,381.7947332992957,553.9999999996844,0.0003949639619612,553.9999999996844,1.5599653124809265e-07,0.0,0.0,4132.179076527665,553.9863485359392,2.596851340132416,553.9863485359392,6.743636882747524,0.0,0.0,24601.434516036283,553.9637869462525,4.2294133360129855,553.9637869462525,17.887937166844498,0.0,0.0,51.99190907703202,0.0067360735868178,0.0008112244014348,104.8934513116028,0.0050030360389711,0.0004350564796528,381.7947332992957,0.0038423379590605,0.0001763771489927,4132.179076527665,46.51923911898872,70129734866.36469,24601.434516036283,24997.095774866106,37686389463011.58,1.0,554.0,0.0,554.0,0.0,0.0,0.0,1.0,554.0,0.0,554.0,0.0,0.0,0.0,1.0,554.0,0.0,554.0,0.0,0.0,0.0,1.0,554.0,0.0,554.0,0.0,0.0,0.0,1.0,554.0,0.0,554.0,0.0,0.0,0.0
174.5378326505683,74.03171225444896,0.7740168477066618,291.184422055076,74.03937557234492,1.6356226336329198,877.1566323562323,74.08210000802872,21.077000244090414,3647.289154638752,74.12296993031511,36.60893966993081,4597.283271479862,74.12342756354106,35.55848109483941,174.5378326505683,74.03171225444896,0.7740168477066618,291.184422055076,74.03937557234492,1.6356226336329198,877.1566323562323,74.08210000802872,21.077000244090414,3647.289154638752,74.12296993031511,36.60893966993081,4597.283271479862,74.12342756354106,35.55848109483941,174.30730943044392,73.99999288095027,0.0099833185602631,95.26803738075373,9.96666494756937e-05,6.175860953020249e-19,6.486680291311366e-11,290.71833701976817,73.99976469708109,0.0573949953289676,95.26786013773668,0.0032941854888122,2.834604608633833e-17,3.275279545179781e-10,875.2750725181895,73.99569150732128,0.2455612640211156,95.26469630270525,0.060300334387648,-2.854065532007674e-16,-3.6745795281814707e-10,3636.3272602809184,73.99369875787373,0.2969472749981432,95.26314846713264,0.0881776841288228,3.0705639441686745e-17,6.857545702398451e-11,4582.7683038749765,73.99401142849392,0.2894894438730352,95.26339132783406,0.0838041381139191,1.4352512168425556e-15,9.049782364728315e-10,174.3073094304439,0.0017639687268419,16889.32898662921,290.7183370197683,0.3839419565944056,575604878.7949681,875.2750725181949,7216.410179341376,10867237284464.924,3636.327260280936,239554.15982542883,360690532418040.0,4582.768303874961,311099.187969331,468391782900649.5,1.0,74.0,0.0,74.0,0.0,0.0,0.0,1.0,74.0,0.0,74.0,0.0,0.0,0.0,1.0,74.0,0.0,74.0,0.0,0.0,0.0,1.0,74.0,0.0,74.0,0.0,0.0,0.0,1.0,74.0,0.0,74.0,0.0,0.0,0.0
1.0,60.0,0.0,1.0,60.0,0.0,1.0,60.0,0.0,1.0,60.0,0.0,1.0,60.0,0.0,1.0,60.0,0.0,1.0,60.0,0.0,1.0,60.0,0.0,1.0,60.0,0.0,1.0,60.0,0.0,1.0,60.0,0.0,60.0,0.0,0.0,0.0,1.0,60.0,0.0,60.0,0.0,0.0,0.0,1.0,60.0,0.0,60.0,0.0,0.0,0.0,1.0,60.0,0.0,60.0,0.0,0.0,0.0,1.0,60.0,0.0,60.0,0.0,0.0,0.0,1.0,1505913430.94991,0.0,1.0,1505913430.94991,0.0,1.0,1505913430.94991,0.0,1.0,1505913430.94991,0.0,1.0,1505913430.94991,0.0,1.0,60.0,0.0,60.0,0.0,0.0,0.0,1.0,60.0,0.0,60.0,0.0,0.0,0.0,1.0,60.0,0.0,60.0,0.0,0.0,0.0,1.0,60.0,0.0,60.0,0.0,0.0,0.0,1.0,60.0,0.0,60.0,0.0,0.0,0.0
102.4668339982238,72.20745590679847,21.882421328719825,193.50777858461475,71.14351993322941,31.833548889977465,645.3936023138857,69.94889524007519,40.46819868001421,6322.849787486869,69.36449834773084,43.64970434648058,53664.1687044506,69.37914163123608,43.50832928894306,102.4668339982238,72.20745590679847,21.882421328719825,193.50777858461475,71.14351993322941,31.833548889977465,645.3936023138857,69.94889524007519,40.46819868001421,6322.849787486869,69.36449834773084,43.64970434648058,53664.1687044506,69.37914163123608,43.50832928894306,89.45857171435848,73.98255392043049,0.4939035819715532,73.98255392043049,0.2439407482843308,0.0,0.0,154.2927299458921,73.97567249130745,0.5830894391243194,73.97567249130745,0.3399932940183134,0.0,0.0,459.0595384766268,73.98033484496044,0.5243333407597784,73.98033484496044,0.2749254522323099,0.0,0.0,4226.485959352784,73.99618411701428,0.2311012782673114,73.99618411701428,0.0534078008167853,0.0,0.0,35929.01214192254,73.99765685074136,0.181103835961415,73.99765685074136,0.0327985993999391,0.0,0.0,89.45857171435848,0.0032969628312619,3.256982707809434e-05,154.2927299458921,0.0031761582419547,4.961790596451024e-05,459.0595384766268,0.0031760655218905,8.993395769737973e-05,4226.485959352784,0.0147084595914682,16954194.09123225,35929.01214192254,7459.72171083942,11246641465890.488,1.0,74.0,0.0,74.0,0.0,0.0,0.0,1.0,74.0,0.0,74.0,0.0,0.0,0.0,1.0,74.0,0.0,74.0,0.0,0.0,0.0,1.0,74.0,0.0,74.0,0.0,0.0,0.0,1.0,74.0,0.0,74.0,0.0,0.0,0.0
1.0,60.0,0.0,1.0,60.0,0.0,1.0,60.0,0.0,1.0,60.0,0.0,1.0,60.0,0.0,1.0,60.0,0.0,1.0,60.0,0.0,1.0,60.0,0.0,1.0,60.0,0.0,1.0,60.0,0.0,1.0,60.0,0.0,60.0,0.0,0.0,0.0,1.0,60.0,0.0,60.0,0.0,0.0,0.0,1.0,60.0,0.0,60.0,0.0,0.0,0.0,1.0,60.0,0.0,60.0,0.0,0.0,0.0,1.0,60.0,0.0,60.0,0.0,0.0,0.0,1.0,1505913573.613919,0.0,1.0,1505913573.613919,0.0,1.0,1505913573.613919,0.0,1.0,1505913573.613919,0.0,1.0,1505913573.613919,0.0,1.0,60.0,0.0,60.0,0.0,0.0,0.0,1.0,60.0,0.0,60.0,0.0,0.0,0.0,1.0,60.0,0.0,60.0,0.0,0.0,0.0,1.0,60.0,0.0,60.0,0.0,0.0,0.0,1.0,60.0,0.0,60.0,0.0,0.0,0.0
1.0,60.0,0.0,1.0,60.0,0.0,1.0,60.0,0.0,1.0,60.0,0.0,1.0,60.0,0.0,1.0,60.0,0.0,1.0,60.0,0.0,1.0,60.0,0.0,1.0,60.0,0.0,1.0,60.0,0.0,1.0,60.0,0.0,60.0,0.0,0.0,0.0,1.0,60.0,0.0,60.0,0.0,0.0,0.0,1.0,60.0,0.0,60.0,0.0,0.0,0.0,1.0,60.0,0.0,60.0,0.0,0.0,0.0,1.0,60.0,0.0,60.0,0.0,0.0,0.0,1.0,1505913454.268906,0.0,1.0,1505913454.268906,0.0,1.0,1505913454.268906,0.0,1.0,1505913454.268906,0.0,1.0,1505913454.268906,0.0,1.0,60.0,0.0,60.0,0.0,0.0,0.0,1.0,60.0,0.0,60.0,0.0,0.0,0.0,1.0,60.0,0.0,60.0,0.0,0.0,0.0,1.0,60.0,0.0,60.0,0.0,0.0,0.0,1.0,60.0,0.0,60.0,0.0,0.0,0.0
1.0,60.0,0.0,1.0,60.0,0.0,1.0,60.0,0.0,1.0,60.0,0.0,1.0,60.0,0.0,1.0,60.0,0.0,1.0,60.0,0.0,1.0,60.0,0.0,1.0,60.0,0.0,1.0,60.0,0.0,1.0,60.0,0.0,60.0,0.0,0.0,0.0,1.0,60.0,0.0,60.0,0.0,0.0,0.0,1.0,60.0,0.0,60.0,0.0,0.0,0.0,1.0,60.0,0.0,60.0,0.0,0.0,0.0,1.0,60.0,0.0,60.0,0.0,0.0,0.0,1.0,1505913584.85896,0.0,1.0,1505913584.85896,0.0,1.0,1505913584.85896,0.0,1.0,1505913584.85896,0.0,1.0,1505913584.85896,0.0,1.0,60.0,0.0,60.0,0.0,0.0,0.0,1.0,60.0,0.0,60.0,0.0,0.0,0.0,1.0,60.0,0.0,60.0,0.0,0.0,0.0,1.0,60.0,0.0,60.0,0.0,0.0,0.0,1.0,60.0,0.0,60.0,0.0,0.0,0.0
102.8040462270691,60.0000000594389,8.915840226109141e-07,121.71727224272556,60.00001806117715,0.0002709173331822,258.2900415779837,60.0031573550905,0.0473506634480145,2304.1257389750563,60.01484763444101,0.3771287902559379,22504.869151097817,60.01957925749036,0.6562343433338356,102.8040462270691,60.0000000594389,8.915840226109141e-07,121.71727224272556,60.00001806117715,0.0002709173331822,258.2900415779837,60.0031573550905,0.0473506634480145,2304.1257389750563,60.01484763444101,0.3771287902559379,22504.869151097817,60.01957925749036,0.6562343433338356,1.0,60.0,0.0,60.0,0.0,0.0,0.0,1.0,60.0,0.0,60.0,0.0,0.0,0.0,1.0,60.0,0.0,60.0,0.0,0.0,0.0,1.0,60.0,0.0,60.0,0.0,0.0,0.0,1.0,60.0,0.0,60.0,0.0,0.0,0.0,1.0,1507653567.665503,0.0,1.0,1507653567.665503,0.0,1.0,1507653567.665503,0.0,1.0,1507653567.665503,0.0,1.0,1507653567.665503,0.0,1.0,60.0,0.0,60.0,0.0,0.0,0.0,1.0,60.0,0.0,60.0,0.0,0.0,0.0,1.0,60.0,0.0,60.0,0.0,0.0,0.0,1.0,60.0,0.0,60.0,0.0,0.0,0.0,1.0,60.0,0.0,60.0,0.0,0.0,0.0
127.92149537851628,483.6215319948337,29813.81170184116,218.68667537165413,446.8228463433378,41458.26900519076,648.7894524554783,406.04090366070113,51197.57773003949,6418.633240162702,386.21722835491,54730.947164771846,51797.167973286014,383.4467467137519,55161.70298641216,127.92149537851628,483.6215319948337,29813.81170184116,218.68667537165413,446.8228463433378,41458.26900519076,648.7894524554783,406.04090366070113,51197.57773003949,6418.633240162702,386.21722835491,54730.947164771846,51797.167973286014,383.4467467137519,55161.70298641216,109.69695096355925,554.0000000000001,2.0185480583683703e-05,554.0000000000001,4.07453626394272e-10,0.0,0.0,171.24061549997532,553.9999999999999,1.52587890625e-05,553.9999999999999,2.3283064365386963e-10,0.0,0.0,454.4626772672983,553.9999586220097,0.1429710666558043,553.9999586220097,0.0204407259006984,0.0,0.0,4238.910771064787,553.9550953564357,4.709657895506307,553.9550953564357,22.18087749270489,0.0,0.0,33916.439767285905,553.9570906564298,4.603843449943727,553.9570906564298,21.19537451158976,0.0,0.0,109.69695096355925,0.0028318971181259,0.0001309984055493,171.24061549997532,0.0029684041776964,0.0001652742500391,454.4626772672983,0.003234525818575,0.0001705142051619,4238.910771064787,0.026722411851672,35151283.61778618,33916.439767285905,8502.590346746156,12818903233305.518,1.0,554.0,0.0,554.0,0.0,0.0,0.0,1.0,554.0,0.0,554.0,0.0,0.0,0.0,1.0,554.0,0.0,554.0,0.0,0.0,0.0,1.0,554.0,0.0,554.0,0.0,0.0,0.0,1.0,554.0,0.0,554.0,0.0,0.0,0.0
158.80932276156798,73.95266688911343,5.4634573647208535,269.3898116708404,74.0322256344529,24.00394690023859,751.6945684853082,74.44784707624432,290.33318594337464,5508.688668560102,74.78766068670494,581.9763196090572,11632.353504733108,74.53115975320856,372.71719174363625,158.80932276156798,73.95266688911343,5.4634573647208535,269.3898116708404,74.0322256344529,24.00394690023859,751.6945684853082,74.44784707624432,290.33318594337464,5508.688668560102,74.78766068670494,581.9763196090572,11632.353504733108,74.53115975320856,372.71719174363625,157.85819843001318,74.00000000000004,1.6518123698891422e-06,95.26804291051644,4.547473508864642e-12,-1.6108089527522175e-27,-5.112734470424344e-16,268.07526058993307,74.0000000000001,4.046097457045827e-06,95.26804291051648,1.667751423237155e-11,-2.21073235889588e-27,-3.062426822885602e-16,747.8196826637352,73.99999998370504,0.0004776528058202,95.26804289785927,2.281522032143099e-07,-3.0666025186865877e-21,-1.86712499116738e-12,5485.967525070387,73.99882029704006,0.1285085590058872,95.26712657235753,0.0165144497377696,3.834104437294921e-16,5.487696917024919e-10,11591.76766279506,73.99791361168977,0.1708949480461543,95.26642230546476,0.0292050832676977,-1.9411980215898107e-15,-1.423611569800996e-09,157.85819843001326,0.0018737922719742,2.406128924431944e-05,268.0752605899332,0.0018213388825278,2.694821263296577e-05,747.8196826637378,0.0291832132583113,40865203.23296736,5485.967525070439,44823.117168404366,67497761635038.42,11591.767662795002,108379.24080012062,163198101788837.03,1.0,74.0,0.0,74.0,0.0,0.0,0.0,1.0,74.0,0.0,74.0,0.0,0.0,0.0,1.0,74.0,0.0,74.0,0.0,0.0,0.0,1.0,74.0,0.0,74.0,0.0,0.0,0.0,1.0,74.0,0.0,74.0,0.0,0.0,0.0
150.10275284806596,59.99999999999998,1.3642420526593924e-12,170.36990025734943,60.00000000004953,2.3028405848890547e-09,308.50167051826025,60.00009424945368,0.0041863049132189,2354.969604976192,60.01727929477831,0.6341715587914223,22450.002329900897,60.02019816896547,0.6996571388040138,150.10275284806596,59.99999999999998,1.3642420526593924e-12,170.36990025734943,60.00000000004953,2.3028405848890547e-09,308.50167051826025,60.00009424945368,0.0041863049132189,2354.969604976192,60.01727929477831,0.6341715587914223,22450.002329900897,60.02019816896547,0.6996571388040138,1.0,60.0,0.0,60.0,0.0,0.0,0.0,1.0,60.0,0.0,60.0,0.0,0.0,0.0,1.0,60.0,0.0,60.0,0.0,0.0,0.0,1.0,60.0,0.0,60.0,0.0,0.0,0.0,1.0,60.0,0.0,60.0,0.0,0.0,0.0,1.0,1507653529.209709,0.0,1.0,1507653529.209709,0.0,1.0,1507653529.209709,0.0,1.0,1507653529.209709,0.0,1.0,1507653529.209709,0.0,1.0,60.0,0.0,60.0,0.0,0.0,0.0,1.0,60.0,0.0,60.0,0.0,0.0,0.0,1.0,60.0,0.0,60.0,0.0,0.0,0.0,1.0,60.0,0.0,60.0,0.0,0.0,0.0,1.0,60.0,0.0,60.0,0.0,0.0,0.0
136.71343616472237,202.04029053193963,49992.45937754052,195.48712321847648,248.0112853377074,57529.327961775576,509.45286110061335,303.9768247273905,60999.19024479981,5045.557479797125,333.23938312948087,60317.40830560897,35363.141627933015,336.00221049353746,60164.01705761662,136.71343616472237,202.04029053193963,49992.45937754052,195.48712321847648,248.0112853377074,57529.327961775576,509.45286110061335,303.9768247273905,60999.19024479981,5045.557479797125,333.23938312948087,60317.40830560897,35363.141627933015,336.00221049353746,60164.01705761662,1.0,60.0,0.0,60.0,0.0,0.0,0.0,1.0,60.0,0.0,60.0,0.0,0.0,0.0,1.0,60.0,0.0,60.0,0.0,0.0,0.0,1.0,60.0,0.0,60.0,0.0,0.0,0.0,1.0,60.0,0.0,60.0,0.0,0.0,0.0,1.0,1507659482.156051,0.0,1.0,1507659482.156051,0.0,1.0,1507659482.156051,0.0,1.0,1507659482.156051,0.0,1.0,1507659482.156051,0.0,1.0,60.0,0.0,60.0,0.0,0.0,0.0,1.0,60.0,0.0,60.0,0.0,0.0,0.0,1.0,60.0,0.0,60.0,0.0,0.0,0.0,1.0,60.0,0.0,60.0,0.0,0.0,0.0,1.0,60.0,0.0,60.0,0.0,0.0,0.0
146.14194668343228,72.12816128414892,22.70319851615841,254.2146150194611,71.20540072286714,31.318768213664956,790.1416353802288,70.34977644982771,37.78686765722705,6938.662588603846,69.62504125605004,42.20411105387757,55220.299293436816,69.41167371641595,43.33451982499172,146.14194668343228,72.12816128414892,22.70319851615841,254.2146150194611,71.20540072286714,31.318768213664956,790.1416353802288,70.34977644982771,37.78686765722705,6938.662588603846,69.62504125605004,42.20411105387757,55220.299293436816,69.41167371641595,43.33451982499172,126.58945500310192,73.99999999999996,2.132480599880018e-06,73.99999999999996,4.547473508864642e-12,0.0,0.0,203.39415858295325,73.99999999999993,2.6973983046972182e-06,73.99999999999993,7.275957614183426e-12,0.0,0.0,583.6851433825437,73.99999708631907,0.0063868241109354,73.99999708631907,4.0791522224026266e-05,0.0,0.0,4768.17311072024,73.99856540970497,0.1417117005037666,73.99856540970497,0.0200822060596692,0.0,0.0,37100.643810257294,73.99791735941692,0.1707414153390866,73.99791735941692,0.0291526309119944,0.0,0.0,126.58945500310192,0.0023726188207839,5.337933101706931e-05,203.39415858295325,0.0024347411909014,6.611078970564027e-05,583.6851433825437,0.0024962596285831,6.628627516285922e-05,4768.17311072024,0.0072739676672028,6373969.642234888,37100.643810257294,6630.358636058095,9996258129491.06,1.0,74.0,0.0,74.0,0.0,0.0,0.0,1.0,74.0,0.0,74.0,0.0,0.0,0.0,1.0,74.0,0.0,74.0,0.0,0.0,0.0,1.0,74.0,0.0,74.0,0.0,0.0,0.0,1.0,74.0,0.0,74.0,0.0,0.0,0.0
1.0,60.0,0.0,1.0,60.0,0.0,1.0,60.0,0.0,1.0,60.0,0.0,1.0,60.0,0.0,1.0,60.0,0.0,1.0,60.0,0.0,1.0,60.0,0.0,1.0,60.0,0.0,1.0,60.0,0.0,1.0,60.0,0.0,60.0,0.0,0.0,0.0,1.0,60.0,0.0,60.0,0.0,0.0,0.0,1.0,60.0,0.0,60.0,0.0,0.0,0.0,1.0,60.0,0.0,60.0,0.0,0.0,0.0,1.0,60.0,0.0,60.0,0.0,0.0,0.0,1.0,1505913472.0885448,0.0,1.0,1505913472.0885448,0.0,1.0,1505913472.0885448,0.0,1.0,1505913472.0885448,0.0,1.0,1505913472.0885448,0.0,1.0,60.0,0.0,60.0,0.0,0.0,0.0,1.0,60.0,0.0,60.0,0.0,0.0,0.0,1.0,60.0,0.0,60.0,0.0,0.0,0.0,1.0,60.0,0.0,60.0,0.0,0.0,0.0,1.0,60.0,0.0,60.0,0.0,0.0,0.0
164.1613169893636,64.18437075177192,41.072236532958414,243.679122456994,65.80504621292899,47.573144419491655,662.9143065409097,68.0759901157725,47.97540412041053,6651.9899389287975,69.27928713974508,44.02679314753822,31874.286630026247,69.3525939371421,43.62189305788797,164.1613169893636,64.18437075177192,41.072236532958414,243.679122456994,65.80504621292899,47.573144419491655,662.9143065409097,68.0759901157725,47.97540412041053,6651.9899389287975,69.27928713974508,44.02679314753822,31874.286630026247,69.3525939371421,43.62189305788797,1.0,60.0,0.0,60.0,0.0,0.0,0.0,1.0,60.0,0.0,60.0,0.0,0.0,0.0,1.0,60.0,0.0,60.0,0.0,0.0,0.0,1.0,60.0,0.0,60.0,0.0,0.0,0.0,1.0,60.0,0.0,60.0,0.0,0.0,0.0,1.0,1507657152.762179,0.0,1.0,1507657152.762179,0.0,1.0,1507657152.762179,0.0,1.0,1507657152.762179,0.0,1.0,1507657152.762179,0.0,1.0,60.0,0.0,60.0,0.0,0.0,0.0,1.0,60.0,0.0,60.0,0.0,0.0,0.0,1.0,60.0,0.0,60.0,0.0,0.0,0.0,1.0,60.0,0.0,60.0,0.0,0.0,0.0,1.0,60.0,0.0,60.0,0.0,0.0,0.0
69.2612169197313,462.229038354382,36912.94565157384,132.18592894380214,407.9848069100978,50811.068773330255,462.2980990974405,355.8737054033368,58620.35944795789,4954.95472721295,338.00106766207887,60045.27641685897,23123.98948310844,337.1754370288193,60094.860865063136,69.2612169197313,462.229038354382,36912.94565157384,132.18592894380214,407.9848069100978,50811.068773330255,462.2980990974405,355.8737054033368,58620.35944795789,4954.95472721295,338.00106766207887,60045.27641685897,23123.98948310844,337.1754370288193,60094.860865063136,56.394479102991454,554.0,1.52587890625e-05,554.0,2.3283064365386963e-10,0.0,0.0,93.11476712498173,553.9999999999997,1.7059844799040144e-05,553.9999999999997,2.910383045673371e-10,0.0,0.0,276.88633614577395,554.0000000000007,3.236877965636661e-05,554.0000000000007,1.0477378964424131e-09,0.0,0.0,2788.436276533547,553.9879106131722,2.443769821217002,553.9879106131722,5.9720109390909775,0.0,0.0,12976.056463353652,553.9267545308132,6.014806470529653,553.9267545308132,36.17789687792538,0.0,0.0,56.394479102991454,0.0052675588064112,7.067249857309185e-05,93.11476712498173,0.0052886585288337,0.0001018870608115,276.88633614577395,0.005258297777851,0.0001142940459574,2788.436276533547,1147.3669301280013,1729829322800.4736,12976.056463353652,62782.16821605901,94650170960554.56,56.394479102991454,554.0,1.52587890625e-05,554.0,2.3283064365386963e-10,0.0,0.0,93.11476712498173,553.9999999999997,1.7059844799040144e-05,553.9999999999997,2.910383045673371e-10,0.0,0.0,276.88633614577367,554.0000000000008,3.0517578125e-05,554.0000000000008,9.313225746154783e-10,0.0,0.0,2788.368036685792,553.9999999999997,2.412626388678268e-05,553.9999999999997,5.820766091346742e-10,0.0,0.0,12974.132501119184,553.999999999999,2.0185480583683703e-05,553.999999999999,4.07453626394272e-10,0.0,0.0
93.72394481137684,60.00000953421255,0.0001430130955668,113.12084003463198,60.00038687896257,0.0058030347663589,250.9324446894176,60.00854251777084,0.1280921831094019,2291.530307826092,60.01576182939288,0.4786446793327741,16167.33457563401,60.01995588069152,0.6756972965495152,93.72394481137684,60.00000953421255,0.0001430130955668,113.12084003463198,60.00038687896257,0.0058030347663589,250.9324446894176,60.00854251777084,0.1280921831094019,2291.530307826092,60.01576182939288,0.4786446793327741,16167.33457563401,60.01995588069152,0.6756972965495152,1.0,60.0,0.0,60.0,0.0,0.0,0.0,1.0,60.0,0.0,60.0,0.0,0.0,0.0,1.0,60.0,0.0,60.0,0.0,0.0,0.0,1.0,60.0,0.0,60.0,0.0,0.0,0.0,1.0,60.0,0.0,60.0,0.0,0.0,0.0,1.0,1507653135.901048,0.0,1.0,1507653135.901048,0.0,1.0,1507653135.901048,0.0,1.0,1507653135.901048,0.0,1.0,1507653135.901048,0.0,1.0,60.0,0.0,60.0,0.0,0.0,0.0,1.0,60.0,0.0,60.0,0.0,0.0,0.0,1.0,60.0,0.0,60.0,0.0,0.0,0.0,1.0,60.0,0.0,60.0,0.0,0.0,0.0,1.0,60.0,0.0,60.0,0.0,0.0,0.0
107.416242801345,491.2958537958639,32217.2170737694,190.6592167680224,448.9676376086648,45516.669648161536,611.7847522219073,407.9285805274093,54991.22222389159,6269.094572528916,392.9340007691095,57616.26818345915,28881.91844821745,391.7777407172205,57799.749824252365,107.416242801345,491.2958537958639,32217.2170737694,190.6592167680224,448.9676376086648,45516.669648161536,611.7847522219073,407.9285805274093,54991.22222389159,6269.094572528916,392.9340007691095,57616.26818345915,28881.91844821745,391.7777407172205,57799.749824252365,91.5566429814182,566.0000000000002,1.8688123647942943e-05,566.0000000000002,3.4924596548080444e-10,0.0,0.0,146.55785056638848,565.9999999999994,2.0185480583683703e-05,565.9999999999994,4.07453626394272e-10,0.0,0.0,420.6511815100108,565.9999999999918,6.823937919616058e-05,565.9999999999918,4.656612873077393e-09,0.0,0.0,4124.8841751841,565.990417353976,2.2019825299552527,565.990417353976,4.848727062228137,0.0,0.0,18938.427620111488,565.9646801065253,4.227365444724465,565.9646801065253,17.870618603250477,0.0,0.0,91.5566429814182,0.0032202255553597,3.227762093863029e-05,146.55785056638848,0.0033365994376523,4.478485892493837e-05,420.6511815100108,0.0034533384781066,5.7656222441922925e-05,4124.8841751841,809.7037171756532,1220750288496.674,18938.427620111488,43201.84026615053,65131724380915.45,1.0,566.0,0.0,566.0,0.0,0.0,0.0,1.0,566.0,0.0,566.0,0.0,0.0,0.0,1.0,566.0,0.0,566.0,0.0,0.0,0.0,1.0,566.0,0.0,566.0,0.0,0.0,0.0,1.0,566.0,0.0,566.0,0.0,0.0,0.0
132.751587017213,402.4780754338105,56002.53704727383,223.7100336514212,384.80298268597926,58852.434255850974,650.6245010947171,383.5765071892541,59024.43911608157,6309.261979936587,390.39315754416566,58016.20073192308,29100.88130813121,391.2246586697576,57886.62733463973,132.751587017213,402.4780754338105,56002.53704727383,223.7100336514212,384.80298268597926,58852.434255850974,650.6245010947171,383.5765071892541,59024.43911608157,6309.261979936587,390.39315754416566,58016.20073192308,29100.88130813121,391.2246586697576,57886.62733463973,89.85073320167784,566.0000000000001,7.62939453125e-06,566.0000000000001,5.820766091346741e-11,0.0,0.0,143.59936225777878,566.0000000000002,1.52587890625e-05,566.0000000000002,2.3283064365386963e-10,0.0,0.0,416.0516650012032,565.9999999999952,5.230449371643863e-05,565.9999999999952,2.735760062932968e-09,0.0,0.0,4119.6320449245095,565.9908985543634,2.145984309519982,565.9908985543634,4.605248656705953,0.0,0.0,19050.185269087066,565.9650721977013,4.203837295990879,565.9650721977013,17.672248011163898,0.0,0.0,89.85073320167784,0.0033566717880183,8.191996029562393e-05,143.59936225777878,0.0034441488159224,8.582186212512177e-05,416.0516650012032,0.0034973635776984,7.548010794926779e-05,4119.6320449245095,769.0439647086528,1159449348077.2512,19050.185269087066,42722.25051459192,64408708306821.05,1.0,566.0,0.0,566.0,0.0,0.0,0.0,1.0,566.0,0.0,566.0,0.0,0.0,0.0,1.0,566.0,0.0,566.0,0.0,0.0,0.0,1.0,566.0,0.0,566.0,0.0,0.0,0.0,1.0,566.0,0.0,566.0,0.0,0.0,0.0
5.8384844067741,60.02145115835806,0.3080845002923525,20.917665656462148,60.05962712441133,0.8922477679766416,141.18689218057122,60.123951179202784,1.9589185082031688,1943.826383799269,60.11237623960509,1.9528835232863453,11250.94959137515,60.10434069934604,1.8677558305162163,5.8384844067741,60.02145115835806,0.3080845002923525,20.917665656462148,60.05962712441133,0.8922477679766416,141.18689218057122,60.123951179202784,1.9589185082031688,1943.826383799269,60.11237623960509,1.9528835232863453,11250.94959137515,60.10434069934604,1.8677558305162163,1.0,60.0,0.0,60.0,0.0,0.0,0.0,1.0,60.0,0.0,60.0,0.0,0.0,0.0,1.0,60.0,0.0,60.0,0.0,0.0,0.0,1.0,60.0,0.0,60.0,0.0,0.0,0.0,1.0,60.0,0.0,60.0,0.0,0.0,0.0,1.0,1507653077.988877,0.0,1.0,1507653077.988877,0.0,1.0,1507653077.988877,0.0,1.0,1507653077.988877,0.0,1.0,1507653077.988877,0.0,1.0,60.0,0.0,60.0,0.0,0.0,0.0,1.0,60.0,0.0,60.0,0.0,0.0,0.0,1.0,60.0,0.0,60.0,0.0,0.0,0.0,1.0,60.0,0.0,60.0,0.0,0.0,0.0,1.0,60.0,0.0,60.0,0.0,0.0,0.0
126.1023748776263,434.9979194558702,44625.04554007064,205.96470901533957,436.86511372458,44142.04882975853,626.6282938283416,408.4218021862002,50718.19384063769,6417.963039930568,386.0368339343032,54759.291578790384,49346.191188654026,383.3219097822074,55180.73811838878,126.1023748776263,434.9979194558702,44625.04554007064,205.96470901533957,436.86511372458,44142.04882975853,626.6282938283416,408.4218021862002,50718.19384063769,6417.963039930568,386.0368339343032,54759.291578790384,49346.191188654026,383.3219097822074,55180.73811838878,1.0,60.0,0.0,60.0,0.0,0.0,0.0,1.0,60.0,0.0,60.0,0.0,0.0,0.0,1.0,60.0,0.0,60.0,0.0,0.0,0.0,1.0,60.0,0.0,60.0,0.0,0.0,0.0,1.0,60.0,0.0,60.0,0.0,0.0,0.0,1.0,1507656137.750021,0.0,1.0,1507656137.750021,0.0,1.0,1507656137.750021,0.0,1.0,1507656137.750021,0.0,1.0,1507656137.750021,0.0,1.0,60.0,0.0,60.0,0.0,0.0,0.0,1.0,60.0,0.0,60.0,0.0,0.0,0.0,1.0,60.0,0.0,60.0,0.0,0.0,0.0,1.0,60.0,0.0,60.0,0.0,0.0,0.0,1.0,60.0,0.0,60.0,0.0,0.0,0.0
136.63782074291896,60.00014424933734,0.0021637192508023,157.77945577276287,60.00177504767613,0.0266225643454163,296.90878826122804,60.01382007757789,0.2071115063795332,2340.550958451443,60.01712962595578,0.4359842160070002,19013.149066894068,60.01990156139549,0.6636161723499754,136.63782074291896,60.00014424933734,0.0021637192508023,157.77945577276287,60.00177504767613,0.0266225643454163,296.90878826122804,60.01382007757789,0.2071115063795332,2340.550958451443,60.01712962595578,0.4359842160070002,19013.149066894068,60.01990156139549,0.6636161723499754,1.0,60.0,0.0,60.0,0.0,0.0,0.0,1.0,60.0,0.0,60.0,0.0,0.0,0.0,1.0,60.0,0.0,60.0,0.0,0.0,0.0,1.0,60.0,0.0,60.0,0.0,0.0,0.0,1.0,60.0,0.0,60.0,0.0,0.0,0.0,1.0,1507653215.065558,0.0,1.0,1507653215.065558,0.0,1.0,1507653215.065558,0.0,1.0,1507653215.065558,0.0,1.0,1507653215.065558,0.0,1.0,60.0,0.0,60.0,0.0,0.0,0.0,1.0,60.0,0.0,60.0,0.0,0.0,0.0,1.0,60.0,0.0,60.0,0.0,0.0,0.0,1.0,60.0,0.0,60.0,0.0,0.0,0.0,1.0,60.0,0.0,60.0,0.0,0.0,0.0
1.0,60.0,0.0,1.0,60.0,0.0,1.0,60.0,0.0,1.0,60.0,0.0,1.0,60.0,0.0,1.0,60.0,0.0,1.0,60.0,0.0,1.0,60.0,0.0,1.0,60.0,0.0,1.0,60.0,0.0,1.0,60.0,0.0,60.0,0.0,0.0,0.0,1.0,60.0,0.0,60.0,0.0,0.0,0.0,1.0,60.0,0.0,60.0,0.0,0.0,0.0,1.0,60.0,0.0,60.0,0.0,0.0,0.0,1.0,60.0,0.0,60.0,0.0,0.0,0.0,1.0,1505913558.734503,0.0,1.0,1505913558.734503,0.0,1.0,1505913558.734503,0.0,1.0,1505913558.734503,0.0,1.0,1505913558.734503,0.0,1.0,60.0,0.0,60.0,0.0,0.0,0.0,1.0,60.0,0.0,60.0,0.0,0.0,0.0,1.0,60.0,0.0,60.0,0.0,0.0,0.0,1.0,60.0,0.0,60.0,0.0,0.0,0.0,1.0,60.0,0.0,60.0,0.0,0.0,0.0
169.89644513719242,74.00438002958039,0.1051015252787692,282.8415193783332,74.01171047191937,0.2809141909192476,826.9783392722991,74.02808864772244,0.6854584949405762,7643.795385174276,74.33955403411252,235.1806404532217,22380.768195046,74.47229706241795,333.91534890095136,169.89644513719242,74.00438002958039,0.1051015252787692,282.8415193783332,74.01171047191937,0.2809141909192476,826.9783392722991,74.02808864772244,0.6854584949405762,7643.795385174276,74.33955403411252,235.1806404532217,22380.768195046,74.47229706241795,333.91534890095136,169.86543882655425,73.99999999999993,1.9073486328125e-06,95.2680429105164,3.666290353202634e-12,-3.223145505770901e-27,-2.505905795205577e-15,282.70351072540296,73.99999999999986,4.264961199760036e-06,95.26804291051634,1.899080690947913e-11,-6.560080793512108e-29,-6.58443313387594e-18,826.01079660413,73.99999992228929,0.001043042454678,95.2680428501542,1.0879375622608718e-06,-5.993724350018924e-21,-8.521375266926318e-12,7623.236616910398,73.99930139011316,0.0988941368328955,95.26750026228665,0.0097800502999234,1.3322841564909934e-16,4.5831537822731764e-10,22310.12218678092,73.99852683787475,0.1436039678377966,95.266898627884,0.0206220995787589,1.7195625547721053e-18,1.057406307040924e-12,169.86543882655425,0.001739190287898,2.107931679494512e-05,282.70351072540313,0.0017242873093983,1.973948679906136e-05,826.0107966041344,0.0017544804675392,2.2858836444653456,7623.236616910558,6133.446036713816,9236403842828.17,22310.12218678038,47698.276598002354,71827239893158.28,1.0,74.0,0.0,74.0,0.0,0.0,0.0,1.0,74.0,0.0,74.0,0.0,0.0,0.0,1.0,74.0,0.0,74.0,0.0,0.0,0.0,1.0,74.0,0.0,74.0,0.0,0.0,0.0,1.0,74.0,0.0,74.0,0.0,0.0,0.0
1.0,60.0,0.0,1.0,60.0,0.0,1.0,60.0,0.0,1.0,60.0,0.0,1.0,60.0,0.0,1.0,60.0,0.0,1.0,60.0,0.0,1.0,60.0,0.0,1.0,60.0,0.0,1.0,60.0,0.0,1.0,60.0,0.0,60.0,0.0,0.0,0.0,1.0,60.0,0.0,60.0,0.0,0.0,0.0,1.0,60.0,0.0,60.0,0.0,0.0,0.0,1.0,60.0,0.0,60.0,0.0,0.0,0.0,1.0,60.0,0.0,60.0,0.0,0.0,0.0,1.0,1505913449.897855,0.0,1.0,1505913449.897855,0.0,1.0,1505913449.897855,0.0,1.0,1505913449.897855,0.0,1.0,1505913449.897855,0.0,1.0,60.0,0.0,60.0,0.0,0.0,0.0,1.0,60.0,0.0,60.0,0.0,0.0,0.0,1.0,60.0,0.0,60.0,0.0,0.0,0.0,1.0,60.0,0.0,60.0,0.0,0.0,0.0,1.0,60.0,0.0,60.0,0.0,0.0,0.0
1.0,60.0,0.0,1.0,60.0,0.0,1.0,60.0,0.0,1.0,60.0,0.0,1.0,60.0,0.0,1.0,60.0,0.0,1.0,60.0,0.0,1.0,60.0,0.0,1.0,60.0,0.0,1.0,60.0,0.0,1.0,60.0,0.0,60.0,0.0,0.0,0.0,1.0,60.0,0.0,60.0,0.0,0.0,0.0,1.0,60.0,0.0,60.0,0.0,0.0,0.0,1.0,60.0,0.0,60.0,0.0,0.0,0.0,1.0,60.0,0.0,60.0,0.0,0.0,0.0,1.0,1505913558.050556,0.0,1.0,1505913558.050556,0.0,1.0,1505913558.050556,0.0,1.0,1505913558.050556,0.0,1.0,1505913558.050556,0.0,1.0,60.0,0.0,60.0,0.0,0.0,0.0,1.0,60.0,0.0,60.0,0.0,0.0,0.0,1.0,60.0,0.0,60.0,0.0,0.0,0.0,1.0,60.0,0.0,60.0,0.0,0.0,0.0,1.0,60.0,0.0,60.0,0.0,0.0,0.0
1.0,60.0,0.0,1.0,60.0,0.0,1.0,60.0,0.0,1.0,60.0,0.0,1.0,60.0,0.0,1.0,60.0,0.0,1.0,60.0,0.0,1.0,60.0,0.0,1.0,60.0,0.0,1.0,60.0,0.0,1.0,60.0,0.0,60.0,0.0,0.0,0.0,1.0,60.0,0.0,60.0,0.0,0.0,0.0,1.0,60.0,0.0,60.0,0.0,0.0,0.0,1.0,60.0,0.0,60.0,0.0,0.0,0.0,1.0,60.0,0.0,60.0,0.0,0.0,0.0,1.0,1505913552.591176,0.0,1.0,1505913552.591176,0.0,1.0,1505913552.591176,0.0,1.0,1505913552.591176,0.0,1.0,1505913552.591176,0.0,1.0,60.0,0.0,60.0,0.0,0.0,0.0,1.0,60.0,0.0,60.0,0.0,0.0,0.0,1.0,60.0,0.0,60.0,0.0,0.0,0.0,1.0,60.0,0.0,60.0,0.0,0.0,0.0,1.0,60.0,0.0,60.0,0.0,0.0,0.0
1.0,60.0,0.0,1.0,60.0,0.0,1.0,60.0,0.0,1.0,60.0,0.0,1.0,60.0,0.0,1.0,60.0,0.0,1.0,60.0,0.0,1.0,60.0,0.0,1.0,60.0,0.0,1.0,60.0,0.0,1.0,60.0,0.0,60.0,0.0,0.0,0.0,1.0,60.0,0.0,60.0,0.0,0.0,0.0,1.0,60.0,0.0,60.0,0.0,0.0,0.0,1.0,60.0,0.0,60.0,0.0,0.0,0.0,1.0,60.0,0.0,60.0,0.0,0.0,0.0,1.0,1505913560.044683,0.0,1.0,1505913560.044683,0.0,1.0,1505913560.044683,0.0,1.0,1505913560.044683,0.0,1.0,1505913560.044683,0.0,1.0,60.0,0.0,60.0,0.0,0.0,0.0,1.0,60.0,0.0,60.0,0.0,0.0,0.0,1.0,60.0,0.0,60.0,0.0,0.0,0.0,1.0,60.0,0.0,60.0,0.0,0.0,0.0,1.0,60.0,0.0,60.0,0.0,0.0,0.0
1.0,60.0,0.0,1.0,60.0,0.0,1.0,60.0,0.0,1.0,60.0,0.0,1.0,60.0,0.0,1.0,60.0,0.0,1.0,60.0,0.0,1.0,60.0,0.0,1.0,60.0,0.0,1.0,60.0,0.0,1.0,60.0,0.0,60.0,0.0,0.0,0.0,1.0,60.0,0.0,60.0,0.0,0.0,0.0,1.0,60.0,0.0,60.0,0.0,0.0,0.0,1.0,60.0,0.0,60.0,0.0,0.0,0.0,1.0,60.0,0.0,60.0,0.0,0.0,0.0,1.0,1505913571.302082,0.0,1.0,1505913571.302082,0.0,1.0,1505913571.302082,0.0,1.0,1505913571.302082,0.0,1.0,1505913571.302082,0.0,1.0,60.0,0.0,60.0,0.0,0.0,0.0,1.0,60.0,0.0,60.0,0.0,0.0,0.0,1.0,60.0,0.0,60.0,0.0,0.0,0.0,1.0,60.0,0.0,60.0,0.0,0.0,0.0,1.0,60.0,0.0,60.0,0.0,0.0,0.0
1.0,60.0,0.0,1.0,60.0,0.0,1.0,60.0,0.0,1.0,60.0,0.0,1.0,60.0,0.0,1.0,60.0,0.0,1.0,60.0,0.0,1.0,60.0,0.0,1.0,60.0,0.0,1.0,60.0,0.0,1.0,60.0,0.0,60.0,0.0,0.0,0.0,1.0,60.0,0.0,60.0,0.0,0.0,0.0,1.0,60.0,0.0,60.0,0.0,0.0,0.0,1.0,60.0,0.0,60.0,0.0,0.0,0.0,1.0,60.0,0.0,60.0,0.0,0.0,0.0,1.0,1505913465.310424,0.0,1.0,1505913465.310424,0.0,1.0,1505913465.310424,0.0,1.0,1505913465.310424,0.0,1.0,1505913465.310424,0.0,1.0,60.0,0.0,60.0,0.0,0.0,0.0,1.0,60.0,0.0,60.0,0.0,0.0,0.0,1.0,60.0,0.0,60.0,0.0,0.0,0.0,1.0,60.0,0.0,60.0,0.0,0.0,0.0,1.0,60.0,0.0,60.0,0.0,0.0,0.0
1.0,60.0,0.0,1.0,60.0,0.0,1.0,60.0,0.0,1.0,60.0,0.0,1.0,60.0,0.0,1.0,60.0,0.0,1.0,60.0,0.0,1.0,60.0,0.0,1.0,60.0,0.0,1.0,60.0,0.0,1.0,60.0,0.0,60.0,0.0,0.0,0.0,1.0,60.0,0.0,60.0,0.0,0.0,0.0,1.0,60.0,0.0,60.0,0.0,0.0,0.0,1.0,60.0,0.0,60.0,0.0,0.0,0.0,1.0,60.0,0.0,60.0,0.0,0.0,0.0,1.0,1505913459.3221538,0.0,1.0,1505913459.3221538,0.0,1.0,1505913459.3221538,0.0,1.0,1505913459.3221538,0.0,1.0,1505913459.3221538,0.0,1.0,60.0,0.0,60.0,0.0,0.0,0.0,1.0,60.0,0.0,60.0,0.0,0.0,0.0,1.0,60.0,0.0,60.0,0.0,0.0,0.0,1.0,60.0,0.0,60.0,0.0,0.0,0.0,1.0,60.0,0.0,60.0,0.0,0.0,0.0
5.206674152999882,77.0281628265194,63.50618567849597,13.221741996247715,75.57195691331769,35.2634777770154,50.33640074143302,74.8319368695125,20.218846578896773,699.8172771841611,76.60427588008073,1674.8927607611622,6274.484417876717,76.81400166107716,1844.052318843731,5.206674152999882,77.0281628265194,63.50618567849597,13.221741996247715,75.57195691331769,35.2634777770154,50.33640074143302,74.8319368695125,20.218846578896773,699.8172771841611,76.60427588008073,1674.8927607611622,6274.484417876717,76.81400166107716,1844.052318843731,1.0,74.0,0.0,74.0,0.0,0.0,0.0,1.0,74.0,0.0,74.0,0.0,0.0,0.0,1.0,74.0,0.0,74.0,0.0,0.0,0.0,1.0,74.0,0.0,74.0,0.0,0.0,0.0,1.0,74.0,0.0,74.0,0.0,0.0,0.0,1.0,1505912935.854492,0.0,1.0,1505912935.854492,0.0,1.0,1505912935.854492,0.0,1.0,1505912935.854492,0.0,1.0,1505912935.854492,0.0,1.0,74.0,0.0,74.0,0.0,0.0,0.0,1.0,74.0,0.0,74.0,0.0,0.0,0.0,1.0,74.0,0.0,74.0,0.0,0.0,0.0,1.0,74.0,0.0,74.0,0.0,0.0,0.0,1.0,74.0,0.0,74.0,0.0,0.0,0.0
106.378204001291,504.9673540841753,27157.534965920728,189.53588597331645,462.56433702658114,41639.50908979887,615.9154587873173,415.2069725584033,53562.73013405573,5497.886403989058,393.8824409513349,57464.73731493978,11745.5780438176,391.60336021408807,57827.71154875579,106.378204001291,504.9673540841753,27157.534965920728,189.53588597331645,462.56433702658114,41639.50908979887,615.9154587873173,415.2069725584033,53562.73013405573,5497.886403989058,393.8824409513349,57464.73731493978,11745.5780438176,391.60336021408807,57827.71154875579,93.54709084324335,565.9999999999999,7.62939453125e-06,565.9999999999999,5.820766091346741e-11,0.0,0.0,150.79128118496783,565.9999999999994,2.288818359375e-05,565.9999999999994,5.238689482212067e-10,0.0,0.0,432.36652026160345,565.9999999960996,0.0014050726796867,565.9999999960996,1.974229235202074e-06,0.0,0.0,3627.850961544405,565.9801946512498,3.1656143504138057,565.9801946512498,10.021114215545822,0.0,0.0,7698.062222983201,565.9459249112158,5.230589910428023,565.9459249112158,27.359070811071437,0.0,0.0,93.54709084324335,0.0031354267246688,2.0328808481732173e-05,150.79128118496783,0.0032267422180562,2.6461176548146538e-05,432.36652026160345,0.0066772458734817,5007503.2717028,3627.850961544405,52064.316260816784,78492462091402.02,7698.062222983201,159114.61734420972,239865088044201.0,1.0,566.0,0.0,566.0,0.0,0.0,0.0,1.0,566.0,0.0,566.0,0.0,0.0,0.0,1.0,566.0,0.0,566.0,0.0,0.0,0.0,1.0,566.0,0.0,566.0,0.0,0.0,0.0,1.0,566.0,0.0,566.0,0.0,0.0,0.0
1.0,60.0,0.0,1.0,60.0,0.0,1.0,60.0,0.0,1.0,60.0,0.0,1.0,60.0,0.0,1.0,60.0,0.0,1.0,60.0,0.0,1.0,60.0,0.0,1.0,60.0,0.0,1.0,60.0,0.0,1.0,60.0,0.0,60.0,0.0,0.0,0.0,1.0,60.0,0.0,60.0,0.0,0.0,0.0,1.0,60.0,0.0,60.0,0.0,0.0,0.0,1.0,60.0,0.0,60.0,0.0,0.0,0.0,1.0,60.0,0.0,60.0,0.0,0.0,0.0,1.0,1505913426.9238696,0.0,1.0,1505913426.9238696,0.0,1.0,1505913426.9238696,0.0,1.0,1505913426.9238696,0.0,1.0,1505913426.9238696,0.0,1.0,60.0,0.0,60.0,0.0,0.0,0.0,1.0,60.0,0.0,60.0,0.0,0.0,0.0,1.0,60.0,0.0,60.0,0.0,0.0,0.0,1.0,60.0,0.0,60.0,0.0,0.0,0.0,1.0,60.0,0.0,60.0,0.0,0.0,0.0
1.0,60.0,0.0,1.0,60.0,0.0,1.0,60.0,0.0,1.0,60.0,0.0,1.0,60.0,0.0,1.0,60.0,0.0,1.0,60.0,0.0,1.0,60.0,0.0,1.0,60.0,0.0,1.0,60.0,0.0,1.0,60.0,0.0,60.0,0.0,0.0,0.0,1.0,60.0,0.0,60.0,0.0,0.0,0.0,1.0,60.0,0.0,60.0,0.0,0.0,0.0,1.0,60.0,0.0,60.0,0.0,0.0,0.0,1.0,60.0,0.0,60.0,0.0,0.0,0.0,1.0,1505913557.148304,0.0,1.0,1505913557.148304,0.0,1.0,1505913557.148304,0.0,1.0,1505913557.148304,0.0,1.0,1505913557.148304,0.0,1.0,60.0,0.0,60.0,0.0,0.0,0.0,1.0,60.0,0.0,60.0,0.0,0.0,0.0,1.0,60.0,0.0,60.0,0.0,0.0,0.0,1.0,60.0,0.0,60.0,0.0,0.0,0.0,1.0,60.0,0.0,60.0,0.0,0.0,0.0
132.33224137070363,71.6334187817084,27.53143039330825,227.18251917754628,70.65913223418563,35.61075129698838,682.4926584148346,69.76361127851014,41.364460127357226,6642.101456437161,69.40057750961839,43.38543244787343,38536.093181676384,69.37892454482011,43.48531082064437,132.33224137070363,71.6334187817084,27.53143039330825,227.18251917754628,70.65913223418563,35.61075129698838,682.4926584148346,69.76361127851014,41.364460127357226,6642.101456437161,69.40057750961839,43.38543244787343,38536.093181676384,69.37892454482011,43.48531082064437,109.96259872767904,74.00000000000001,1.3486991523486091e-06,74.00000000000001,1.8189894035458565e-12,0.0,0.0,172.96917951295958,73.99999999999449,9.440894066440265e-06,73.99999999999449,8.913048077374697e-11,0.0,0.0,475.9684542718368,73.99998731764511,0.0133248942639264,73.99998731764511,0.0001775528071448,0.0,0.0,4458.015070468422,73.99723107940814,0.1968685383757216,73.99723107940814,0.0387572214021929,0.0,0.0,25801.42220583904,73.99770348206341,0.1792929922661308,73.99770348206341,0.0321459770757428,0.0,0.0,109.96259872767904,0.0027287256186764,5.751344940679249e-05,172.96917951295958,0.0028556114246455,6.783928649232039e-05,475.9684542718368,0.0030595046446122,7.415651251211665e-05,4458.015070468422,58.13996748366251,87650245966.40547,25801.42220583904,24557.713759427585,37024002526829.81,1.0,74.0,0.0,74.0,0.0,0.0,0.0,1.0,74.0,0.0,74.0,0.0,0.0,0.0,1.0,74.0,0.0,74.0,0.0,0.0,0.0,1.0,74.0,0.0,74.0,0.0,0.0,0.0,1.0,74.0,0.0,74.0,0.0,0.0,0.0
124.70581733153044,60.00000004441216,6.661830411758274e-07,144.46159769598447,60.000014345989,0.0002151896287614,281.3138350437567,60.00284262011996,0.0426314912897396,2324.8638575881605,60.01507171735597,0.375364109810107,19661.989514254168,60.01969397395914,0.6531241445486557,124.70581733153044,60.00000004441216,6.661830411758274e-07,144.46159769598447,60.000014345989,0.0002151896287614,281.3138350437567,60.00284262011996,0.0426314912897396,2324.8638575881605,60.01507171735597,0.375364109810107,19661.989514254168,60.01969397395914,0.6531241445486557,1.0,60.0,0.0,60.0,0.0,0.0,0.0,1.0,60.0,0.0,60.0,0.0,0.0,0.0,1.0,60.0,0.0,60.0,0.0,0.0,0.0,1.0,60.0,0.0,60.0,0.0,0.0,0.0,1.0,60.0,0.0,60.0,0.0,0.0,0.0,1.0,1507653242.4465609,0.0,1.0,1507653242.4465609,0.0,1.0,1507653242.4465609,0.0,1.0,1507653242.4465609,0.0,1.0,1507653242.4465609,0.0,1.0,60.0,0.0,60.0,0.0,0.0,0.0,1.0,60.0,0.0,60.0,0.0,0.0,0.0,1.0,60.0,0.0,60.0,0.0,0.0,0.0,1.0,60.0,0.0,60.0,0.0,0.0,0.0,1.0,60.0,0.0,60.0,0.0,0.0,0.0
1.0,60.0,0.0,1.0,60.0,0.0,1.0,60.0,0.0,1.0,60.0,0.0,1.0,60.0,0.0,1.0,60.0,0.0,1.0,60.0,0.0,1.0,60.0,0.0,1.0,60.0,0.0,1.0,60.0,0.0,1.0,60.0,0.0,60.0,0.0,0.0,0.0,1.0,60.0,0.0,60.0,0.0,0.0,0.0,1.0,60.0,0.0,60.0,0.0,0.0,0.0,1.0,60.0,0.0,60.0,0.0,0.0,0.0,1.0,60.0,0.0,60.0,0.0,0.0,0.0,1.0,1505913433.807884,0.0,1.0,1505913433.807884,0.0,1.0,1505913433.807884,0.0,1.0,1505913433.807884,0.0,1.0,1505913433.807884,0.0,1.0,60.0,0.0,60.0,0.0,0.0,0.0,1.0,60.0,0.0,60.0,0.0,0.0,0.0,1.0,60.0,0.0,60.0,0.0,0.0,0.0,1.0,60.0,0.0,60.0,0.0,0.0,0.0,1.0,60.0,0.0,60.0,0.0,0.0,0.0
1.0,60.0,0.0,1.0,60.0,0.0,1.0,60.0,0.0,1.0,60.0,0.0,1.0,60.0,0.0,1.0,60.0,0.0,1.0,60.0,0.0,1.0,60.0,0.0,1.0,60.0,0.0,1.0,60.0,0.0,1.0,60.0,0.0,60.0,0.0,0.0,0.0,1.0,60.0,0.0,60.0,0.0,0.0,0.0,1.0,60.0,0.0,60.0,0.0,0.0,0.0,1.0,60.0,0.0,60.0,0.0,0.0,0.0,1.0,60.0,0.0,60.0,0.0,0.0,0.0,1.0,1505913570.739681,0.0,1.0,1505913570.739681,0.0,1.0,1505913570.739681,0.0,1.0,1505913570.739681,0.0,1.0,1505913570.739681,0.0,1.0,60.0,0.0,60.0,0.0,0.0,0.0,1.0,60.0,0.0,60.0,0.0,0.0,0.0,1.0,60.0,0.0,60.0,0.0,0.0,0.0,1.0,60.0,0.0,60.0,0.0,0.0,0.0,1.0,60.0,0.0,60.0,0.0,0.0,0.0
149.91406706226178,70.70438164298339,35.399848491136254,224.8423531470316,70.07852575024303,39.73761485657997,499.5767157083744,69.32080777414704,43.86515456009965,3740.435448953772,67.28866780253149,49.10225979250299,17952.836465140113,67.2657801317099,49.11080830524952,149.91406706226178,70.70438164298339,35.399848491136254,224.8423531470316,70.07852575024303,39.73761485657997,499.5767157083744,69.32080777414704,43.86515456009965,3740.435448953772,67.28866780253149,49.10225979250299,17952.836465140113,67.2657801317099,49.11080830524952,114.47856416286352,73.99999999999999,1.9073486328125e-06,73.99999999999999,3.637978807091713e-12,0.0,0.0,161.47671162029044,73.99999999981415,5.095691683728236e-05,73.99999999981415,2.59660737356171e-09,0.0,0.0,331.27702759488653,73.99993230003194,0.0307862788464875,73.99993230003194,0.0009477949652136,0.0,0.0,1936.6047474985048,73.98308041704917,0.4864030109548652,73.98308041704917,0.2365878890659587,0.0,0.0,9267.391550496895,73.97930507661451,0.5378667563352459,73.97930507661451,0.2893006475705988,0.0,0.0,114.47856416286352,0.0027654317421663,0.000156387068518,161.47671162029044,0.0032547345580228,0.0003060671976645,331.27702759488653,0.0046427487182551,0.0009086058592289,1936.6047474985048,618.8684988689495,933029401408.2966,9267.391550496895,79685.30392582963,120131749218572.58,1.0,74.0,0.0,74.0,0.0,0.0,0.0,1.0,74.0,0.0,74.0,0.0,0.0,0.0,1.0,74.0,0.0,74.0,0.0,0.0,0.0,1.0,74.0,0.0,74.0,0.0,0.0,0.0,1.0,74.0,0.0,74.0,0.0,0.0,0.0
139.74393881887215,377.0915910318949,59862.39897105109,231.598460190212,370.2069923165533,60709.86922479866,660.5661978705277,380.5731873019634,59432.37259952537,6335.645097059375,390.0915188567519,58062.64752272008,48815.23146732994,391.260552771298,57880.7510501692,139.74393881887215,377.0915910318949,59862.39897105109,231.598460190212,370.2069923165533,60709.86922479866,660.5661978705277,380.5731873019634,59432.37259952537,6335.645097059375,390.0915188567519,58062.64752272008,48815.23146732994,391.260552771298,57880.7510501692,87.5505244279312,566.0000000000001,1.3214498959113138e-05,566.0000000000001,1.7462298274040222e-10,0.0,0.0,141.95843159001598,565.9999999999998,1.3214498959113138e-05,565.9999999999998,1.7462298274040222e-10,0.0,0.0,418.46980050485166,565.999945649425,0.1658354242285953,565.999945649425,0.0275013879290781,0.0,0.0,4133.382859680786,565.9534709528695,4.851961757516324,565.9534709528695,23.54153289640089,0.0,0.0,31959.46933003405,565.9594124886419,4.531625911081707,565.9594124886419,20.535633397987112,0.0,0.0,87.5505244279312,0.0034224027853503,6.729635360231095e-05,141.95843159001598,0.0034659823768269,6.695151955477239e-05,418.46980050485166,0.0034732332334738,6.332605975475157e-05,4133.382859680786,0.1474719617869612,217070485.47305644,31959.46933003405,10797.755003500764,16279198858519.615,1.0,566.0,0.0,566.0,0.0,0.0,0.0,1.0,566.0,0.0,566.0,0.0,0.0,0.0,1.0,566.0,0.0,566.0,0.0,0.0,0.0,1.0,566.0,0.0,566.0,0.0,0.0,0.0,1.0,566.0,0.0,566.0,0.0,0.0,0.0
1.0,60.0,0.0,1.0,60.0,0.0,1.0,60.0,0.0,1.0,60.0,0.0,1.0,60.0,0.0,1.0,60.0,0.0,1.0,60.0,0.0,1.0,60.0,0.0,1.0,60.0,0.0,1.0,60.0,0.0,1.0,60.0,0.0,60.0,0.0,0.0,0.0,1.0,60.0,0.0,60.0,0.0,0.0,0.0,1.0,60.0,0.0,60.0,0.0,0.0,0.0,1.0,60.0,0.0,60.0,0.0,0.0,0.0,1.0,60.0,0.0,60.0,0.0,0.0,0.0,1.0,1505913480.404832,0.0,1.0,1505913480.404832,0.0,1.0,1505913480.404832,0.0,1.0,1505913480.404832,0.0,1.0,1505913480.404832,0.0,1.0,60.0,0.0,60.0,0.0,0.0,0.0,1.0,60.0,0.0,60.0,0.0,0.0,0.0,1.0,60.0,0.0,60.0,0.0,0.0,0.0,1.0,60.0,0.0,60.0,0.0,0.0,0.0,1.0,60.0,0.0,60.0,0.0,0.0,0.0
13.668596344233036,74.06385239526388,1.848331242919812,21.481905619672197,74.19166408354154,37.50088528630477,50.78755457336109,79.74510492429731,4533.027418583798,644.8834489460037,81.19869295037117,5200.34579869392,8360.899199844991,77.0246147333918,1948.0321814044796,13.668596344233036,74.06385239526388,1.848331242919812,21.481905619672197,74.19166408354154,37.50088528630477,50.78755457336109,79.74510492429731,4533.027418583798,644.8834489460037,81.19869295037117,5200.34579869392,8360.899199844991,77.0246147333918,1948.0321814044796,1.0000264405166632,74.00000000000001,1.3486991523486091e-06,74.00000000000001,1.8189894035458565e-12,0.0,0.0,1.0017920988550204,74.0,0.0,74.0,0.0,0.0,0.0,1.1214657923314646,74.0,0.0,74.0,0.0,0.0,0.0,1.80992610810065,74.0,9.5367431640625e-07,74.0,9.094947017729282e-13,0.0,0.0,1.9791394297557297,74.0,9.5367431640625e-07,74.0,9.094947017729282e-13,0.0,0.0,1.0000264405166632,39819.1121944824,59957962071884.98,1.0017920988550204,2693920.63119046,4049548918783299.0,1.1214657923314646,163105238.74340168,2.1901901270125222e+17,1.80992610810065,673883001.6647137,5.606910201950734e+17,1.9791394297557297,745020282.4831249,5.668806708335002e+17,1.0000264405166632,74.00000000000001,1.3486991523486091e-06,74.00000000000001,1.8189894035458565e-12,0.0,0.0,1.0017920988550204,74.0,0.0,74.0,0.0,0.0,0.0,1.1214657923314646,74.0,0.0,74.0,0.0,0.0,0.0,1.80992610810065,74.0,9.5367431640625e-07,74.0,9.094947017729282e-13,0.0,0.0,1.9791394297557297,74.0,9.5367431640625e-07,74.0,9.094947017729282e-13,0.0,0.0
