32.05167556302936,74.04155051155354,1.005453540686176,49.33790880036517,74.10036656430813,3.4936641412923564,139.1959529249569,74.47562940818041,80.2006643726736,840.9247317871898,78.51254674415908,3099.493865706647,3647.1832465288953,77.33523082871943,2197.6981888275395,32.05167556302936,74.04155051155354,1.005453540686176,49.33790880036517,74.10036656430813,3.4936641412923564,139.1959529249569,74.47562940818041,80.2006643726736,840.9247317871898,78.51254674415908,3099.493865706647,3647.1832465288953,77.33523082871943,2197.6981888275395,1.0,74.0,0.0,74.0,0.0,0.0,0.0,1.0,74.0,0.0,74.0,0.0,0.0,0.0,1.0,74.0,0.0,74.0,0.0,0.0,0.0,1.0,74.0,0.0,74.0,0.0,0.0,0.0,1.0,74.0,0.0,74.0,0.0,0.0,0.0,1.0,1505912844.5414786,0.0,1.0,1505912844.5414786,0.0,1.0,1505912844.5414786,0.0,1.0,1505912844.5414786,0.0,1.0,1505912844.5414786,0.0,1.0,74.0,0.0,74.0,0.0,0.0,0.0,1.0,74.0,0.0,74.0,0.0,0.0,0.0,1.0,74.0,0.0,74.0,0.0,0.0,0.0,1.0,74.0,0.0,74.0,0.0,0.0,0.0,1.0,74.0,0.0,74.0,0.0,0.0,0.0
1.0,60.0,0.0,1.0,60.0,0.0,1.0,60.0,0.0,1.0,60.0,0.0,1.0,60.0,0.0,1.0,60.0,0.0,1.0,60.0,0.0,1.0,60.0,0.0,1.0,60.0,0.0,1.0,60.0,0.0,1.0,60.0,0.0,60.0,0.0,0.0,0.0,1.0,60.0,0.0,60.0,0.0,0.0,0.0,1.0,60.0,0.0,60.0,0.0,0.0,0.0,1.0,60.0,0.0,60.0,0.0,0.0,0.0,1.0,60.0,0.0,60.0,0.0,0.0,0.0,1.0,1505913469.223817,0.0,1.0,1505913469.223817,0.0,1.0,1505913469.223817,0.0,1.0,1505913469.223817,0.0,1.0,1505913469.223817,0.0,1.0,60.0,0.0,60.0,0.0,0.0,0.0,1.0,60.0,0.0,60.0,0.0,0.0,0.0,1.0,60.0,0.0,60.0,0.0,0.0,0.0,1.0,60.0,0.0,60.0,0.0,0.0,0.0,1.0,60.0,0.0,60.0,0.0,0.0,0.0
187.5041334109716,74.08158148399566,1.9517523506783616,302.6521544507792,74.06741549135238,1.6682528107166943,868.7825577190582,74.07555543861321,8.713645264958357,6661.3044762905065,74.10561942394929,22.984026209564945,12073.79397413214,74.10228888491845,23.51738439343535,187.5041334109716,74.08158148399566,1.9517523506783616,302.6521544507792,74.06741549135238,1.6682528107166943,868.7825577190582,74.07555543861321,8.713645264958357,6661.3044762905065,74.10561942394929,22.984026209564945,12073.79397413214,74.10228888491845,23.51738439343535,186.86662469036344,74.00000000000007,0.0,95.26804291051651,2.7284841053187847e-12,2.535429678029812e-27,0.0,301.79839915223755,73.99999999999999,1.3486991523486091e-06,95.26804291051644,1.8749713606747085e-12,8.556367714776292e-28,9.407825793923694e-16,866.6969790711992,73.99999975142028,0.001865502999408,95.26804271743065,3.480101440803325e-06,3.0269454052846265e-20,7.608929276732262e-12,6639.374396477479,73.99870088288256,0.1348552999659233,95.26703381734048,0.0181859519288991,1.6701168120654002e-16,3.2984726898871074e-10,12033.928173725675,73.99793170558726,0.1701524138460807,95.26643635984706,0.0289518439376479,6.3524817870960485e-16,5.377337467629711e-10,186.86662469036344,0.0015789735458778,1.852699870737108e-05,301.79839915223755,0.0016168656421701,0.0001240900320065,866.6969790712035,0.4180274923549383,626991795.2831721,6639.374396477519,49388.50338394842,74372388259653.86,12033.92817372552,107445.443092512,161792031117681.03,1.0,74.0,0.0,74.0,0.0,0.0,0.0,1.0,74.0,0.0,74.0,0.0,0.0,0.0,1.0,74.0,0.0,74.0,0.0,0.0,0.0,1.0,74.0,0.0,74.0,0.0,0.0,0.0,1.0,74.0,0.0,74.0,0.0,0.0,0.0
1.0,60.0,0.0,1.0,60.0,0.0,1.0,60.0,0.0,1.0,60.0,0.0,1.0,60.0,0.0,1.0,60.0,0.0,1.0,60.0,0.0,1.0,60.0,0.0,1.0,60.0,0.0,1.0,60.0,0.0,1.0,60.0,0.0,60.0,0.0,0.0,0.0,1.0,60.0,0.0,60.0,0.0,0.0,0.0,1.0,60.0,0.0,60.0,0.0,0.0,0.0,1.0,60.0,0.0,60.0,0.0,0.0,0.0,1.0,60.0,0.0,60.0,0.0,0.0,0.0,1.0,1505913537.2515972,0.0,1.0,1505913537.2515972,0.0,1.0,1505913537.2515972,0.0,1.0,1505913537.2515972,0.0,1.0,1505913537.2515972,0.0,1.0,60.0,0.0,60.0,0.0,0.0,0.0,1.0,60.0,0.0,60.0,0.0,0.0,0.0,1.0,60.0,0.0,60.0,0.0,0.0,0.0,1.0,60.0,0.0,60.0,0.0,0.0,0.0,1.0,60.0,0.0,60.0,0.0,0.0,0.0
1.0,60.0,0.0,1.0,60.0,0.0,1.0,60.0,0.0,1.0,60.0,0.0,1.0,60.0,0.0,1.0,60.0,0.0,1.0,60.0,0.0,1.0,60.0,0.0,1.0,60.0,0.0,1.0,60.0,0.0,1.0,60.0,0.0,60.0,0.0,0.0,0.0,1.0,60.0,0.0,60.0,0.0,0.0,0.0,1.0,60.0,0.0,60.0,0.0,0.0,0.0,1.0,60.0,0.0,60.0,0.0,0.0,0.0,1.0,60.0,0.0,60.0,0.0,0.0,0.0,1.0,1505913451.698318,0.0,1.0,1505913451.698318,0.0,1.0,1505913451.698318,0.0,1.0,1505913451.698318,0.0,1.0,1505913451.698318,0.0,1.0,60.0,0.0,60.0,0.0,0.0,0.0,1.0,60.0,0.0,60.0,0.0,0.0,0.0,1.0,60.0,0.0,60.0,0.0,0.0,0.0,1.0,60.0,0.0,60.0,0.0,0.0,0.0,1.0,60.0,0.0,60.0,0.0,0.0,0.0
177.4846609777031,74.0104002046219,0.2495290474789726,286.0585041188713,74.01997946860466,0.4805597297108761,743.3104459430533,74.03528734848464,0.8861177528751796,1627.0581619363354,74.05704675651026,1.492878307918545,1789.6078812606129,74.06138903390816,1.6095857102845912,177.4846609777031,74.0104002046219,0.2495290474789726,286.0585041188713,74.01997946860466,0.4805597297108761,743.3104459430533,74.03528734848464,0.8861177528751796,1627.0581619363354,74.05704675651026,1.492878307918545,1789.6078812606129,74.06138903390816,1.6095857102845912,177.4077195858871,74.00000000000001,2.3360154559928683e-06,95.26804291051648,5.5322402934491206e-12,6.620133108703673e-28,2.971603923588618e-16,285.8182039335404,74.00000000000007,2.3360154559928683e-06,95.26804291051644,1.2202151870040994e-11,-1.953019516672225e-27,-2.5306970660678536e-16,742.0608893069141,73.99999999999983,3.3036247397782844e-06,95.26804291051631,1.1823431123048067e-11,1.851489777466055e-27,2.628121988990477e-16,1622.1144089614277,73.99999999999973,5.223489356090223e-06,95.2680429105162,2.7469901961992865e-11,2.8588675338751425e-27,3.0676033949623936e-16,1783.7251998512604,73.99999999999969,5.309833872633001e-06,95.26804291051612,3.330849736308663e-11,1.1507079027945023e-26,5.145964308542684e-16,177.40771958588715,197.26535454278823,297062078306.1654,285.81820393354025,8738.603740857745,13159505248162.977,742.0608893069158,240217.4154271837,361689019909254.6,1622.1144089614304,749968.5130023125,1128825496751160.2,1783.7251998512506,826427.2187407131,1243845189595802.8,1.0,74.0,0.0,74.0,0.0,0.0,0.0,1.0,74.0,0.0,74.0,0.0,0.0,0.0,1.0,74.0,0.0,74.0,0.0,0.0,0.0,1.0,74.0,0.0,74.0,0.0,0.0,0.0,1.0,74.0,0.0,74.0,0.0,0.0,0.0
1.0,60.0,0.0,1.0,60.0,0.0,1.0,60.0,0.0,1.0,60.0,0.0,1.0,60.0,0.0,1.0,60.0,0.0,1.0,60.0,0.0,1.0,60.0,0.0,1.0,60.0,0.0,1.0,60.0,0.0,1.0,60.0,0.0,60.0,0.0,0.0,0.0,1.0,60.0,0.0,60.0,0.0,0.0,0.0,1.0,60.0,0.0,60.0,0.0,0.0,0.0,1.0,60.0,0.0,60.0,0.0,0.0,0.0,1.0,60.0,0.0,60.0,0.0,0.0,0.0,1.0,1505913575.293143,0.0,1.0,1505913575.293143,0.0,1.0,1505913575.293143,0.0,1.0,1505913575.293143,0.0,1.0,1505913575.293143,0.0,1.0,60.0,0.0,60.0,0.0,0.0,0.0,1.0,60.0,0.0,60.0,0.0,0.0,0.0,1.0,60.0,0.0,60.0,0.0,0.0,0.0,1.0,60.0,0.0,60.0,0.0,0.0,0.0,1.0,60.0,0.0,60.0,0.0,0.0,0.0
1.0,60.0,0.0,1.0,60.0,0.0,1.0,60.0,0.0,1.0,60.0,0.0,1.0,60.0,0.0,1.0,60.0,0.0,1.0,60.0,0.0,1.0,60.0,0.0,1.0,60.0,0.0,1.0,60.0,0.0,1.0,60.0,0.0,60.0,0.0,0.0,0.0,1.0,60.0,0.0,60.0,0.0,0.0,0.0,1.0,60.0,0.0,60.0,0.0,0.0,0.0,1.0,60.0,0.0,60.0,0.0,0.0,0.0,1.0,60.0,0.0,60.0,0.0,0.0,0.0,1.0,1505913557.984823,0.0,1.0,1505913557.984823,0.0,1.0,1505913557.984823,0.0,1.0,1505913557.984823,0.0,1.0,1505913557.984823,0.0,1.0,60.0,0.0,60.0,0.0,0.0,0.0,1.0,60.0,0.0,60.0,0.0,0.0,0.0,1.0,60.0,0.0,60.0,0.0,0.0,0.0,1.0,60.0,0.0,60.0,0.0,0.0,0.0,1.0,60.0,0.0,60.0,0.0,0.0,0.0
1.0,60.0,0.0,1.0,60.0,0.0,1.0,60.0,0.0,1.0,60.0,0.0,1.0,60.0,0.0,1.0,60.0,0.0,1.0,60.0,0.0,1.0,60.0,0.0,1.0,60.0,0.0,1.0,60.0,0.0,1.0,60.0,0.0,60.0,0.0,0.0,0.0,1.0,60.0,0.0,60.0,0.0,0.0,0.0,1.0,60.0,0.0,60.0,0.0,0.0,0.0,1.0,60.0,0.0,60.0,0.0,0.0,0.0,1.0,60.0,0.0,60.0,0.0,0.0,0.0,1.0,1505913568.484022,0.0,1.0,1505913568.484022,0.0,1.0,1505913568.484022,0.0,1.0,1505913568.484022,0.0,1.0,1505913568.484022,0.0,1.0,60.0,0.0,60.0,0.0,0.0,0.0,1.0,60.0,0.0,60.0,0.0,0.0,0.0,1.0,60.0,0.0,60.0,0.0,0.0,0.0,1.0,60.0,0.0,60.0,0.0,0.0,0.0,1.0,60.0,0.0,60.0,0.0,0.0,0.0
12.941839236479185,75.009152953297,23.20138566219066,32.94639048202714,74.56216119600138,13.344132899748724,134.14223148075124,74.70362455812905,349.3941272810672,812.5563176377314,78.94209939647182,3523.7848939202186,8513.214795814414,76.93125824165327,1882.9533197873843,12.941839236479185,75.009152953297,23.20138566219066,32.94639048202714,74.56216119600138,13.344132899748724,134.14223148075124,74.70362455812905,349.3941272810672,812.5563176377314,78.94209939647182,3523.7848939202186,8513.214795814414,76.93125824165327,1882.9533197873843,1.0000298379823291,74.0,0.0,74.0,0.0,0.0,0.0,1.0019269110687106,74.0,0.0,74.0,0.0,0.0,0.0,1.124438248731659,74.0,0.0,74.0,0.0,0.0,0.0,1.811886629001343,74.00000000000001,1.3486991523486091e-06,74.00000000000001,1.8189894035458565e-12,0.0,0.0,1.979376184133048,74.0,0.0,74.0,0.0,0.0,0.0,1.0000298379823291,44935.07792024602,67661781551363.6,1.0019269110687106,2896183.180679013,4353008157730639.0,1.124438248731659,166654956.524556,2.231940244674941e+17,1.811886629001343,674783286.75905,5.608325888947776e+17,1.979376184133048,745111294.4993086,5.668821089431981e+17,1.0000298379823291,74.0,0.0,74.0,0.0,0.0,0.0,1.0019269110687106,74.0,0.0,74.0,0.0,0.0,0.0,1.124438248731659,74.0,0.0,74.0,0.0,0.0,0.0,1.811886629001343,74.00000000000001,1.3486991523486091e-06,74.00000000000001,1.8189894035458565e-12,0.0,0.0,1.979376184133048,74.0,0.0,74.0,0.0,0.0,0.0
1.0,60.0,0.0,1.0,60.0,0.0,1.0,60.0,0.0,1.0,60.0,0.0,1.0,60.0,0.0,1.0,60.0,0.0,1.0,60.0,0.0,1.0,60.0,0.0,1.0,60.0,0.0,1.0,60.0,0.0,1.0,60.0,0.0,60.0,0.0,0.0,0.0,1.0,60.0,0.0,60.0,0.0,0.0,0.0,1.0,60.0,0.0,60.0,0.0,0.0,0.0,1.0,60.0,0.0,60.0,0.0,0.0,0.0,1.0,60.0,0.0,60.0,0.0,0.0,0.0,1.0,1505913476.422809,0.0,1.0,1505913476.422809,0.0,1.0,1505913476.422809,0.0,1.0,1505913476.422809,0.0,1.0,1505913476.422809,0.0,1.0,60.0,0.0,60.0,0.0,0.0,0.0,1.0,60.0,0.0,60.0,0.0,0.0,0.0,1.0,60.0,0.0,60.0,0.0,0.0,0.0,1.0,60.0,0.0,60.0,0.0,0.0,0.0,1.0,60.0,0.0,60.0,0.0,0.0,0.0
1.0,60.0,0.0,1.0,60.0,0.0,1.0,60.0,0.0,1.0,60.0,0.0,1.0,60.0,0.0,1.0,60.0,0.0,1.0,60.0,0.0,1.0,60.0,0.0,1.0,60.0,0.0,1.0,60.0,0.0,1.0,60.0,0.0,60.0,0.0,0.0,0.0,1.0,60.0,0.0,60.0,0.0,0.0,0.0,1.0,60.0,0.0,60.0,0.0,0.0,0.0,1.0,60.0,0.0,60.0,0.0,0.0,0.0,1.0,60.0,0.0,60.0,0.0,0.0,0.0,1.0,1505913438.67182,0.0,1.0,1505913438.67182,0.0,1.0,1505913438.67182,0.0,1.0,1505913438.67182,0.0,1.0,1505913438.67182,0.0,1.0,60.0,0.0,60.0,0.0,0.0,0.0,1.0,60.0,0.0,60.0,0.0,0.0,0.0,1.0,60.0,0.0,60.0,0.0,0.0,0.0,1.0,60.0,0.0,60.0,0.0,0.0,0.0,1.0,60.0,0.0,60.0,0.0,0.0,0.0
179.04076263005496,74.12229446770681,2.9201112881373774,290.79777575643857,74.08714473565476,2.0838801081772544,846.1023705799647,74.05669776870133,3.0335285604523965,7463.903445042567,74.54572840557326,394.49738767536473,19506.318035348097,74.56183918035359,402.343225988522,179.04076263005496,74.12229446770681,2.9201112881373774,290.79777575643857,74.08714473565476,2.0838801081772544,846.1023705799647,74.05669776870133,3.0335285604523965,7463.903445042567,74.54572840557326,394.49738767536473,19506.318035348097,74.56183918035359,402.343225988522,178.12844201489827,73.99999999999993,2.3360154559928683e-06,95.26804291051644,9.837689346015368e-12,-3.647846333344128e-27,-5.458074784308179e-16,289.74187977956296,73.99999999998681,1.3554258731414697e-05,95.2680429105062,1.838130193851733e-10,1.9044677029523563e-25,5.778845393483393e-15,844.1488020736963,73.99998924154593,0.0122726624053059,95.26803455382564,0.0001506182425146,-4.553500134357595e-19,-1.8340037622823604e-11,7437.900522174045,73.99882511874327,0.1282456907447687,95.26713031761965,0.0164469571946028,9.832142514165209e-18,1.6078121002056105e-11,19438.23538155757,73.99822334673578,0.157702217183317,95.2666628914508,0.0248699893045341,-7.187232369121578e-16,-7.204394101294628e-10,178.12844201489818,0.0016438534020426,1.1412440783317217e-05,289.74187977956296,0.0016755174796616,1.254047927771645e-05,844.1488020736998,0.0017150990672637,316.46028806396225,7437.9005221741745,10314.86964935114,15533200755847.426,19438.235381557217,57524.76037059102,86624048550103.27,1.0,74.0,0.0,74.0,0.0,0.0,0.0,1.0,74.0,0.0,74.0,0.0,0.0,0.0,1.0,74.0,0.0,74.0,0.0,0.0,0.0,1.0,74.0,0.0,74.0,0.0,0.0,0.0,1.0,74.0,0.0,74.0,0.0,0.0,0.0
1.0,60.0,0.0,1.0,60.0,0.0,1.0,60.0,0.0,1.0,60.0,0.0,1.0,60.0,0.0,1.0,60.0,0.0,1.0,60.0,0.0,1.0,60.0,0.0,1.0,60.0,0.0,1.0,60.0,0.0,1.0,60.0,0.0,60.0,0.0,0.0,0.0,1.0,60.0,0.0,60.0,0.0,0.0,0.0,1.0,60.0,0.0,60.0,0.0,0.0,0.0,1.0,60.0,0.0,60.0,0.0,0.0,0.0,1.0,60.0,0.0,60.0,0.0,0.0,0.0,1.0,1505913574.119565,0.0,1.0,1505913574.119565,0.0,1.0,1505913574.119565,0.0,1.0,1505913574.119565,0.0,1.0,1505913574.119565,0.0,1.0,60.0,0.0,60.0,0.0,0.0,0.0,1.0,60.0,0.0,60.0,0.0,0.0,0.0,1.0,60.0,0.0,60.0,0.0,0.0,0.0,1.0,60.0,0.0,60.0,0.0,0.0,0.0,1.0,60.0,0.0,60.0,0.0,0.0,0.0
189.00449885265695,75.03722419875741,415.5767047902336,303.9802229645483,74.8710799177028,344.4402300409865,838.9118730830464,74.4442521830943,166.9185608190719,2460.3132398157777,74.20885143372475,65.71860062989343,2852.308445780484,74.19232423256224,57.68100082962064,189.00449885265695,75.03722419875741,415.5767047902336,303.9802229645483,74.8710799177028,344.4402300409865,838.9118730830464,74.4442521830943,166.9185608190719,2460.3132398157777,74.20885143372475,65.71860062989343,2852.308445780484,74.19232423256224,57.68100082962064,187.7829172728368,74.00000000000007,2.6973983046972182e-06,95.26804291051648,7.275957614183426e-12,-2.927525548395917e-28,0.0,302.0784953536936,74.00000000000007,1.9073486328125e-06,95.26804291051646,5.4758832351546034e-12,-1.0701634724044112e-27,-2.773407573971885e-16,835.186524683017,74.00000000000014,4.264961199760036e-06,95.26804291051658,1.8865165213984745e-11,1.229194777917955e-26,1.2886179912386374e-15,2451.1740020083635,73.9999999999997,5.3947966093944364e-06,95.2680429105162,2.953058009562341e-11,2.3733169834474498e-26,1.9669768097427044e-15,2841.522172313631,73.99999999999997,4.573661349594802e-06,95.2680429105164,2.161844226794476e-11,4.7342033792483444e-27,4.431055548393352e-16,187.78291727283687,0.3280898387399372,491691210.85159874,302.07849535369405,183.45650700120208,276267215311.88605,835.1865246830209,59974.4551456744,90312761688914.77,2451.174002008366,437140.4007481771,658104678694720.2,2841.522172313624,512234.1974522055,771118173185146.4,1.0,74.0,0.0,74.0,0.0,0.0,0.0,1.0,74.0,0.0,74.0,0.0,0.0,0.0,1.0,74.0,0.0,74.0,0.0,0.0,0.0,1.0,74.0,0.0,74.0,0.0,0.0,0.0,1.0,74.0,0.0,74.0,0.0,0.0,0.0
157.36037472214952,74.01635547358354,0.3923054552524263,259.1848479331482,74.02716135838733,0.6713570975480252,747.8949713106857,74.06421513982454,7.151697219587732,6619.771514464713,74.14745262694821,44.46383613586204,33145.20435769889,74.30399424123135,186.60432868770204,157.36037472214952,74.01635547358354,0.3923054552524263,259.1848479331482,74.02716135838733,0.6713570975480252,747.8949713106857,74.06421513982454,7.151697219587732,6619.771514464713,74.14745262694821,44.46383613586204,33145.20435769889,74.30399424123135,186.60432868770204,157.2531381435461,74.00000000000004,9.5367431640625e-07,95.26804291051648,5.98126754901655e-12,2.8567715086892728e-27,1.2320225421101976e-15,258.8923754774453,74.0,9.5367431640625e-07,95.26804291051644,4.192563418333924e-12,8.203939603165011e-31,4.252222920803917e-19,746.570293094467,73.99999999986827,4.303174656936065e-05,95.2680429104142,1.8517920197515118e-09,-2.8365966171915804e-23,-1.7016355426862017e-13,6597.607582815158,73.99939521862623,0.0920139853912216,95.26757314386909,0.0084665735075759,4.688034174283089e-17,1.575389404867947e-10,33040.75409259335,73.99854038793673,0.1429420807193117,95.2669091528898,0.0204324384403662,2.6421351893603846e-16,1.5958748803215883e-10,157.25313814354598,0.0018987839921687,3.6536301579117104e-05,258.8923754774454,0.001897271053807,3.673944635551015e-05,746.5702930944677,0.0019756803708005,0.0001518194431749,6597.607582815237,555.1821673931204,836053158711.9857,33040.754092592215,24966.19440614705,37596323442983.9,1.0,74.0,0.0,95.26804291051644,0.0,0.0,0.0,1.0,74.0,0.0,95.26804291051644,0.0,0.0,0.0,1.0,74.0,0.0,95.26804291051644,0.0,0.0,0.0,1.020959036562268,74.00000000000001,1.3486991523486091e-06,95.26804291051644,1.8189894035458565e-12,0.0,0.0,1.6794181297883566,74.0,9.5367431640625e-07,95.26804291051644,9.094947017729282e-13,0.0,0.0
1.0,60.0,0.0,1.0,60.0,0.0,1.0,60.0,0.0,1.0,60.0,0.0,1.0,60.0,0.0,1.0,60.0,0.0,1.0,60.0,0.0,1.0,60.0,0.0,1.0,60.0,0.0,1.0,60.0,0.0,1.0,60.0,0.0,60.0,0.0,0.0,0.0,1.0,60.0,0.0,60.0,0.0,0.0,0.0,1.0,60.0,0.0,60.0,0.0,0.0,0.0,1.0,60.0,0.0,60.0,0.0,0.0,0.0,1.0,60.0,0.0,60.0,0.0,0.0,0.0,1.0,1505913553.223792,0.0,1.0,1505913553.223792,0.0,1.0,1505913553.223792,0.0,1.0,1505913553.223792,0.0,1.0,1505913553.223792,0.0,1.0,60.0,0.0,60.0,0.0,0.0,0.0,1.0,60.0,0.0,60.0,0.0,0.0,0.0,1.0,60.0,0.0,60.0,0.0,0.0,0.0,1.0,60.0,0.0,60.0,0.0,0.0,0.0,1.0,60.0,0.0,60.0,0.0,0.0,0.0
1.0,60.0,0.0,1.0,60.0,0.0,1.0,60.0,0.0,1.0,60.0,0.0,1.0,60.0,0.0,1.0,60.0,0.0,1.0,60.0,0.0,1.0,60.0,0.0,1.0,60.0,0.0,1.0,60.0,0.0,1.0,60.0,0.0,60.0,0.0,0.0,0.0,1.0,60.0,0.0,60.0,0.0,0.0,0.0,1.0,60.0,0.0,60.0,0.0,0.0,0.0,1.0,60.0,0.0,60.0,0.0,0.0,0.0,1.0,60.0,0.0,60.0,0.0,0.0,0.0,1.0,1505913546.124953,0.0,1.0,1505913546.124953,0.0,1.0,1505913546.124953,0.0,1.0,1505913546.124953,0.0,1.0,1505913546.124953,0.0,1.0,60.0,0.0,60.0,0.0,0.0,0.0,1.0,60.0,0.0,60.0,0.0,0.0,0.0,1.0,60.0,0.0,60.0,0.0,0.0,0.0,1.0,60.0,0.0,60.0,0.0,0.0,0.0,1.0,60.0,0.0,60.0,0.0,0.0,0.0
1.0,60.0,0.0,1.0,60.0,0.0,1.0,60.0,0.0,1.0,60.0,0.0,1.0,60.0,0.0,1.0,60.0,0.0,1.0,60.0,0.0,1.0,60.0,0.0,1.0,60.0,0.0,1.0,60.0,0.0,1.0,60.0,0.0,60.0,0.0,0.0,0.0,1.0,60.0,0.0,60.0,0.0,0.0,0.0,1.0,60.0,0.0,60.0,0.0,0.0,0.0,1.0,60.0,0.0,60.0,0.0,0.0,0.0,1.0,60.0,0.0,60.0,0.0,0.0,0.0,1.0,1505913465.1432214,0.0,1.0,1505913465.1432214,0.0,1.0,1505913465.1432214,0.0,1.0,1505913465.1432214,0.0,1.0,1505913465.1432214,0.0,1.0,60.0,0.0,60.0,0.0,0.0,0.0,1.0,60.0,0.0,60.0,0.0,0.0,0.0,1.0,60.0,0.0,60.0,0.0,0.0,0.0,1.0,60.0,0.0,60.0,0.0,0.0,0.0,1.0,60.0,0.0,60.0,0.0,0.0,0.0
178.5295539020478,74.01984642130458,0.4759214751302352,287.97818211055,74.02944535011095,0.7063005941645315,819.2564394325592,74.04303329555762,2.2186234558530487,7916.512389307681,74.18908363719265,97.7061650260921,27767.76743425749,74.37343115907822,249.2774616428788,178.5295539020478,74.01984642130458,0.4759214751302352,287.97818211055,74.02944535011095,0.7063005941645315,819.2564394325592,74.04303329555762,2.2186234558530487,7916.512389307681,74.18908363719265,97.7061650260921,27767.76743425749,74.37343115907822,249.2774616428788,178.38192146563995,73.9999999677857,0.000671561445995,95.26804288549376,4.509947757552026e-07,-8.20808469000199e-24,-7.399380473340392e-15,287.6247885133213,73.9999928341453,0.010016082768876,95.26803734439768,0.0001003219140329,7.979694109370718e-19,2.8653573304486748e-11,817.9095963185872,73.99907942270494,0.1135219568408136,95.26732784857448,0.0128872346849675,1.9187075372805728e-16,5.469330613325673e-10,7898.174431212961,73.99753479444078,0.1857600620790731,95.26612806057814,0.0345068006636211,2.8120871855994016e-16,4.489741538224271e-10,27687.45683042257,73.9979589961433,0.1690262947131187,95.26645755770907,0.028569888304446,-1.118716241782889e-15,-7.275199201431247e-10,178.38192146564015,0.001648355201504,1.559324976987625e-05,287.6247885133215,0.0016928363747647,1.763499384556899e-05,817.9095963185881,0.001772196792299,0.0001749100583102,7898.174431213065,2263.0224723262554,3407910109544.5225,27687.456830421568,34910.71296045026,52571321078834.54,1.0,74.0,0.0,95.26804291051644,0.0,0.0,0.0,1.0,74.0,0.0,95.26804291051644,0.0,0.0,0.0,1.0,74.0,0.0,95.26804291051644,0.0,0.0,0.0,1.023472098026014,74.00000000000001,1.3486991523486091e-06,95.26804291051644,1.8189894035458565e-12,0.0,0.0,1.6871557596136229,74.0,9.5367431640625e-07,95.26804291051644,9.094947017729282e-13,0.0,0.0
1.0,60.0,0.0,1.0,60.0,0.0,1.0,60.0,0.0,1.0,60.0,0.0,1.0,60.0,0.0,1.0,60.0,0.0,1.0,60.0,0.0,1.0,60.0,0.0,1.0,60.0,0.0,1.0,60.0,0.0,1.0,60.0,0.0,60.0,0.0,0.0,0.0,1.0,60.0,0.0,60.0,0.0,0.0,0.0,1.0,60.0,0.0,60.0,0.0,0.0,0.0,1.0,60.0,0.0,60.0,0.0,0.0,0.0,1.0,60.0,0.0,60.0,0.0,0.0,0.0,1.0,1505913440.349237,0.0,1.0,1505913440.349237,0.0,1.0,1505913440.349237,0.0,1.0,1505913440.349237,0.0,1.0,1505913440.349237,0.0,1.0,60.0,0.0,60.0,0.0,0.0,0.0,1.0,60.0,0.0,60.0,0.0,0.0,0.0,1.0,60.0,0.0,60.0,0.0,0.0,0.0,1.0,60.0,0.0,60.0,0.0,0.0,0.0,1.0,60.0,0.0,60.0,0.0,0.0,0.0
1.0,60.0,0.0,1.0,60.0,0.0,1.0,60.0,0.0,1.0,60.0,0.0,1.0,60.0,0.0,1.0,60.0,0.0,1.0,60.0,0.0,1.0,60.0,0.0,1.0,60.0,0.0,1.0,60.0,0.0,1.0,60.0,0.0,60.0,0.0,0.0,0.0,1.0,60.0,0.0,60.0,0.0,0.0,0.0,1.0,60.0,0.0,60.0,0.0,0.0,0.0,1.0,60.0,0.0,60.0,0.0,0.0,0.0,1.0,60.0,0.0,60.0,0.0,0.0,0.0,1.0,1505913444.587981,0.0,1.0,1505913444.587981,0.0,1.0,1505913444.587981,0.0,1.0,1505913444.587981,0.0,1.0,1505913444.587981,0.0,1.0,60.0,0.0,60.0,0.0,0.0,0.0,1.0,60.0,0.0,60.0,0.0,0.0,0.0,1.0,60.0,0.0,60.0,0.0,0.0,0.0,1.0,60.0,0.0,60.0,0.0,0.0,0.0,1.0,60.0,0.0,60.0,0.0,0.0,0.0
1.0,60.0,0.0,1.0,60.0,0.0,1.0,60.0,0.0,1.0,60.0,0.0,1.0,60.0,0.0,1.0,60.0,0.0,1.0,60.0,0.0,1.0,60.0,0.0,1.0,60.0,0.0,1.0,60.0,0.0,1.0,60.0,0.0,60.0,0.0,0.0,0.0,1.0,60.0,0.0,60.0,0.0,0.0,0.0,1.0,60.0,0.0,60.0,0.0,0.0,0.0,1.0,60.0,0.0,60.0,0.0,0.0,0.0,1.0,60.0,0.0,60.0,0.0,0.0,0.0,1.0,1505913451.11694,0.0,1.0,1505913451.11694,0.0,1.0,1505913451.11694,0.0,1.0,1505913451.11694,0.0,1.0,1505913451.11694,0.0,1.0,60.0,0.0,60.0,0.0,0.0,0.0,1.0,60.0,0.0,60.0,0.0,0.0,0.0,1.0,60.0,0.0,60.0,0.0,0.0,0.0,1.0,60.0,0.0,60.0,0.0,0.0,0.0,1.0,60.0,0.0,60.0,0.0,0.0,0.0
1.0,60.0,0.0,1.0,60.0,0.0,1.0,60.0,0.0,1.0,60.0,0.0,1.0,60.0,0.0,1.0,60.0,0.0,1.0,60.0,0.0,1.0,60.0,0.0,1.0,60.0,0.0,1.0,60.0,0.0,1.0,60.0,0.0,60.0,0.0,0.0,0.0,1.0,60.0,0.0,60.0,0.0,0.0,0.0,1.0,60.0,0.0,60.0,0.0,0.0,0.0,1.0,60.0,0.0,60.0,0.0,0.0,0.0,1.0,60.0,0.0,60.0,0.0,0.0,0.0,1.0,1505913586.350847,0.0,1.0,1505913586.350847,0.0,1.0,1505913586.350847,0.0,1.0,1505913586.350847,0.0,1.0,1505913586.350847,0.0,1.0,60.0,0.0,60.0,0.0,0.0,0.0,1.0,60.0,0.0,60.0,0.0,0.0,0.0,1.0,60.0,0.0,60.0,0.0,0.0,0.0,1.0,60.0,0.0,60.0,0.0,0.0,0.0,1.0,60.0,0.0,60.0,0.0,0.0,0.0
19.93475057061696,74.2556050979203,6.069188384004519,28.69263541455643,74.36772845674237,8.690258758043456,75.83293560130899,74.45664037635196,13.236581998196923,912.1708490909892,77.58650124905134,2612.4290453467074,8676.342226303921,76.9769728346208,1989.829127134195,19.93475057061696,74.2556050979203,6.069188384004519,28.69263541455643,74.36772845674237,8.690258758043456,75.83293560130899,74.45664037635196,13.236581998196923,912.1708490909892,77.58650124905134,2612.4290453467074,8676.342226303921,76.9769728346208,1989.829127134195,1.00003008334134,74.0,0.0,74.0,0.0,0.0,0.0,1.001936402536568,74.0,0.0,74.0,0.0,0.0,0.0,1.1246422311017117,74.0,9.5367431640625e-07,74.0,9.094947017729282e-13,0.0,0.0,1.812019617470946,74.0,9.5367431640625e-07,74.0,9.094947017729282e-13,0.0,0.0,1.979392225306251,74.0,9.5367431640625e-07,74.0,9.094947017729282e-13,0.0,0.0,1.00003008334134,45304.54092407336,68218128173907.11,1.001936402536568,2910421.324926842,4374366714584409.0,1.1246422311017117,166897858.05015725,2.2347878221333056e+17,1.812019617470946,674844257.4806267,5.608420757349822e+17,1.979392225306251,745117429.3020098,5.668821587787876e+17,1.00003008334134,74.0,0.0,74.0,0.0,0.0,0.0,1.001936402536568,74.0,0.0,74.0,0.0,0.0,0.0,1.1246422311017117,74.0,9.5367431640625e-07,74.0,9.094947017729282e-13,0.0,0.0,1.812019617470946,74.0,9.5367431640625e-07,74.0,9.094947017729282e-13,0.0,0.0,1.979392225306251,74.0,9.5367431640625e-07,74.0,9.094947017729282e-13,0.0,0.0
180.3332530113676,74.15699170955249,37.91863018656386,293.8802229681418,74.31405773763355,75.92669134099287,854.8148517580258,74.35887933545546,85.55286982110283,6160.950317685626,74.13001723690991,31.16295393092696,10300.906328575242,74.11474843649715,27.99113059139836,180.3332530113676,74.15699170955249,37.91863018656386,293.8802229681418,74.31405773763355,75.92669134099287,854.8148517580258,74.35887933545546,85.55286982110283,6160.950317685626,74.13001723690991,31.16295393092696,10300.906328575242,74.11474843649715,27.99113059139836,180.1567192346629,74.00000000000004,1.6518123698891422e-06,95.26804291051648,2.8760747774580336e-12,-6.279657958801811e-28,-3.9863478103451215e-16,293.30869990269434,74.00000000000001,1.9073486328125e-06,95.26804291051646,4.834030647877921e-12,2.0538283884868224e-27,6.035315265849966e-16,852.0097290742563,73.9999971846072,0.0062781757216207,95.2680407236439,3.941549039154781e-05,4.3324018424724083e-19,7.235943681422806e-11,6138.644669126293,73.99821199800884,0.1582050281174898,95.26665407634631,0.0250288309216557,2.823856869443012e-17,3.2581069876359417e-11,10265.123810266212,73.99751616876159,0.1864603655268014,95.2661135931668,0.0347674679123883,1.029517861079375e-15,9.330757506386274e-10,180.1567192346629,0.001630134181094,1.475899673379812e-05,293.3086999026946,0.0016637045785069,0.1468508255862115,852.009729074259,4.717280352020121,7101251181.57198,6138.644669126353,67974.42692420149,102359006173344.2,10265.12381026612,129032.08829158156,194294553806679.8,1.0,74.0,0.0,74.0,0.0,0.0,0.0,1.0,74.0,0.0,74.0,0.0,0.0,0.0,1.0,74.0,0.0,74.0,0.0,0.0,0.0,1.0,74.0,0.0,74.0,0.0,0.0,0.0,1.0,74.0,0.0,74.0,0.0,0.0,0.0
173.8083953624626,74.01766603063487,0.4237254817780922,285.3122626303364,74.02742854495972,0.680050658478649,832.5387407152568,74.05999602057179,6.857734691400765,4473.684611872726,74.11907085014141,22.30628117996821,6242.792440382553,74.11733904660916,21.580132486804363,173.8083953624626,74.01766603063487,0.4237254817780922,285.3122626303364,74.02742854495972,0.680050658478649,832.5387407152568,74.05999602057179,6.857734691400765,4473.684611872726,74.11907085014141,22.30628117996821,6242.792440382553,74.11733904660916,21.580132486804363,173.68045917171824,73.9999999999811,1.5814899398591042e-05,95.26804291050176,2.501374996159584e-10,6.548157230967139e-25,2.1708138457176383e-14,284.9872324392318,73.99999989150959,0.001232422142536,95.26804282624587,1.518864337421343e-06,1.4872637798844613e-21,5.395691085515895e-13,831.1438048449039,73.9996518123555,0.0698176609802667,95.26777245401432,0.0048745057847554,-3.314695814443469e-17,-3.148533320796757e-10,4462.086746856362,73.99602760696695,0.2357916930748177,95.264957364243,0.055597722523089,1.7328638931721265e-15,1.6816136257200823e-09,6225.611601613191,73.99570345645283,0.2452206137299593,95.26470558404804,0.0601331493980978,-1.4011488123198525e-15,-8.473097406712211e-10,173.68045917171833,0.0016920932307501,0.0438504628689421,284.987232439232,0.0018855609275309,260828.34204499985,831.1438048449057,579.8539482408073,873207399457.8341,4462.086746856366,150932.08854728154,227268010646416.1,6225.6116016131655,223187.6588542561,336051676595464.9,1.0,74.0,0.0,74.0,0.0,0.0,0.0,1.0,74.0,0.0,74.0,0.0,0.0,0.0,1.0,74.0,0.0,74.0,0.0,0.0,0.0,1.0,74.0,0.0,74.0,0.0,0.0,0.0,1.0,74.0,0.0,74.0,0.0,0.0,0.0
1.0,60.0,0.0,1.0,60.0,0.0,1.0,60.0,0.0,1.0,60.0,0.0,1.0,60.0,0.0,1.0,60.0,0.0,1.0,60.0,0.0,1.0,60.0,0.0,1.0,60.0,0.0,1.0,60.0,0.0,1.0,60.0,0.0,60.0,0.0,0.0,0.0,1.0,60.0,0.0,60.0,0.0,0.0,0.0,1.0,60.0,0.0,60.0,0.0,0.0,0.0,1.0,60.0,0.0,60.0,0.0,0.0,0.0,1.0,60.0,0.0,60.0,0.0,0.0,0.0,1.0,1505913556.852235,0.0,1.0,1505913556.852235,0.0,1.0,1505913556.852235,0.0,1.0,1505913556.852235,0.0,1.0,1505913556.852235,0.0,1.0,60.0,0.0,60.0,0.0,0.0,0.0,1.0,60.0,0.0,60.0,0.0,0.0,0.0,1.0,60.0,0.0,60.0,0.0,0.0,0.0,1.0,60.0,0.0,60.0,0.0,0.0,0.0,1.0,60.0,0.0,60.0,0.0,0.0,0.0
154.4079171707506,74.0388501407617,0.930894054876262,260.0471183085566,74.0446824945638,1.070531942909838,824.8230976791252,74.04536936496584,2.258868275000168,4877.811861332136,74.08635281876437,20.993411584676327,6899.823620270802,74.093650726942,23.35634263196789,154.4079171707506,74.0388501407617,0.930894054876262,260.0471183085566,74.0446824945638,1.070531942909838,824.8230976791252,74.04536936496584,2.258868275000168,4877.811861332136,74.08635281876437,20.993411584676327,6899.823620270802,74.093650726942,23.35634263196789,154.157968449282,73.99999999999491,7.979011788693195e-06,95.26804291051248,6.370521862719168e-11,-1.1772065294486374e-25,-9.78438345289368e-15,259.5629724602695,73.99999994947007,0.0008410764094376,95.26804287126696,7.074095265709579e-07,1.0795915827435807e-20,4.256218852812739e-12,823.3283878423404,73.99973588416319,0.0608074992136089,95.26783775716692,0.003697551960613,8.074359237391671e-17,2.6795937496447686e-10,4866.069486121024,73.99646002182408,0.2225919203593544,95.26529323820624,0.0495471630092652,7.340536015706709e-17,9.411338771388455e-11,6881.770980372565,73.99612421300766,0.2329076988223465,95.2650324019618,0.0542459961707209,1.6731607495616618e-15,1.5880438041608856e-09,154.15796844928195,0.0019426748744832,0.0122155690905882,259.5629724602695,0.0019762997062383,123608.11791840557,823.3283878423433,442.3763765476714,666177847967.7637,4866.069486121044,134579.25999088414,202646654085619.44,6881.770980372529,201342.5385971348,303163971107591.4,1.0,74.0,0.0,74.0,0.0,0.0,0.0,1.0,74.0,0.0,74.0,0.0,0.0,0.0,1.0,74.0,0.0,74.0,0.0,0.0,0.0,1.0,74.0,0.0,74.0,0.0,0.0,0.0,1.0,74.0,0.0,74.0,0.0,0.0,0.0
1.0,60.0,0.0,1.0,60.0,0.0,1.0,60.0,0.0,1.0,60.0,0.0,1.0,60.0,0.0,1.0,60.0,0.0,1.0,60.0,0.0,1.0,60.0,0.0,1.0,60.0,0.0,1.0,60.0,0.0,1.0,60.0,0.0,60.0,0.0,0.0,0.0,1.0,60.0,0.0,60.0,0.0,0.0,0.0,1.0,60.0,0.0,60.0,0.0,0.0,0.0,1.0,60.0,0.0,60.0,0.0,0.0,0.0,1.0,60.0,0.0,60.0,0.0,0.0,0.0,1.0,1505913477.672901,0.0,1.0,1505913477.672901,0.0,1.0,1505913477.672901,0.0,1.0,1505913477.672901,0.0,1.0,1505913477.672901,0.0,1.0,60.0,0.0,60.0,0.0,0.0,0.0,1.0,60.0,0.0,60.0,0.0,0.0,0.0,1.0,60.0,0.0,60.0,0.0,0.0,0.0,1.0,60.0,0.0,60.0,0.0,0.0,0.0,1.0,60.0,0.0,60.0,0.0,0.0,0.0
1.0,60.0,0.0,1.0,60.0,0.0,1.0,60.0,0.0,1.0,60.0,0.0,1.0,60.0,0.0,1.0,60.0,0.0,1.0,60.0,0.0,1.0,60.0,0.0,1.0,60.0,0.0,1.0,60.0,0.0,1.0,60.0,0.0,60.0,0.0,0.0,0.0,1.0,60.0,0.0,60.0,0.0,0.0,0.0,1.0,60.0,0.0,60.0,0.0,0.0,0.0,1.0,60.0,0.0,60.0,0.0,0.0,0.0,1.0,60.0,0.0,60.0,0.0,0.0,0.0,1.0,1505913549.209266,0.0,1.0,1505913549.209266,0.0,1.0,1505913549.209266,0.0,1.0,1505913549.209266,0.0,1.0,1505913549.209266,0.0,1.0,60.0,0.0,60.0,0.0,0.0,0.0,1.0,60.0,0.0,60.0,0.0,0.0,0.0,1.0,60.0,0.0,60.0,0.0,0.0,0.0,1.0,60.0,0.0,60.0,0.0,0.0,0.0,1.0,60.0,0.0,60.0,0.0,0.0,0.0
163.21587058302725,74.02162126738793,0.5391312962256052,262.7236308704342,74.03449709495759,1.7593117880805949,730.0391236288547,74.10699058871364,26.985345989871348,7545.222719223281,74.20231536561418,94.5825677121702,28760.541324518254,74.36708835314163,239.46914232165815,163.21587058302725,74.02162126738793,0.5391312962256052,262.7236308704342,74.03449709495759,1.7593117880805949,730.0391236288547,74.10699058871364,26.985345989871348,7545.222719223281,74.20231536561418,94.5825677121702,28760.541324518254,74.36708835314163,239.46914232165815,163.06914283685106,73.9999999999999,1.3486991523486091e-06,95.2680429105163,4.4787419946242626e-12,5.2545168856235876e-27,1.925800804696157e-15,262.3682917549027,73.9999999984619,0.0001467760232493,95.26804290932164,2.154320130806627e-08,9.721972699779436e-23,3.472715440833653e-13,728.3804954204583,73.99993997452296,0.0289888438901742,95.26799628538956,0.0008403530700888,-4.122652348112871e-18,-5.849100087903838e-11,7525.553162584951,73.99805359026577,0.1650634662518041,95.26653103345278,0.0272459478910604,2.824144929586651e-16,3.6245399450283016e-10,28675.607556303927,73.99808462617874,0.1637423733700659,95.2665551405265,0.026811564836862,-7.78127664841339e-16,-4.656793124275353e-10,163.06914283685106,0.0018146119054653,2.422167297811975e-05,262.3682917549028,0.0018655830669098,2.9304273650200183e-05,728.3804954204613,0.0020021615152963,6.991068913892992e-05,7525.553162585061,1786.7760050559134,2690725518653.036,28675.607556302886,32761.85184494044,49335465727755.47,1.0,74.0,0.0,95.26804291051644,0.0,0.0,0.0,1.0,74.0,0.0,95.26804291051644,0.0,0.0,0.0,1.0,74.0,0.0,95.26804291051644,0.0,0.0,0.0,1.0221004383736554,73.99999999999999,9.5367431640625e-07,95.26804291051644,9.094947017729282e-13,0.0,0.0,1.6830304870253958,74.0,0.0,95.26804291051644,0.0,0.0,0.0
1.0,60.0,0.0,1.0,60.0,0.0,1.0,60.0,0.0,1.0,60.0,0.0,1.0,60.0,0.0,1.0,60.0,0.0,1.0,60.0,0.0,1.0,60.0,0.0,1.0,60.0,0.0,1.0,60.0,0.0,1.0,60.0,0.0,60.0,0.0,0.0,0.0,1.0,60.0,0.0,60.0,0.0,0.0,0.0,1.0,60.0,0.0,60.0,0.0,0.0,0.0,1.0,60.0,0.0,60.0,0.0,0.0,0.0,1.0,60.0,0.0,60.0,0.0,0.0,0.0,1.0,1505913425.327316,0.0,1.0,1505913425.327316,0.0,1.0,1505913425.327316,0.0,1.0,1505913425.327316,0.0,1.0,1505913425.327316,0.0,1.0,60.0,0.0,60.0,0.0,0.0,0.0,1.0,60.0,0.0,60.0,0.0,0.0,0.0,1.0,60.0,0.0,60.0,0.0,0.0,0.0,1.0,60.0,0.0,60.0,0.0,0.0,0.0,1.0,60.0,0.0,60.0,0.0,0.0,0.0
168.59317812383222,74.09191632926162,2.1975435286158245,274.2779213084893,74.07515883916808,1.7990624288559047,809.9115216141345,74.06111581610287,3.3429553941414265,4822.788413242094,74.10860236012135,18.78952257972833,7023.858906123624,74.10996699215269,19.13637308521448,168.59317812383222,74.09191632926162,2.1975435286158245,274.2779213084893,74.07515883916808,1.7990624288559047,809.9115216141345,74.06111581610287,3.3429553941414265,4822.788413242094,74.10860236012135,18.78952257972833,7023.858906123624,74.10996699215269,19.13637308521448,167.94749204403803,73.99999999999997,1.9073486328125e-06,95.26804291051644,7.332580706405269e-12,-4.8102843718222816e-27,-9.99520169868046e-16,273.4190274973559,73.99999999565951,0.000246478229453,95.26804290714492,6.07515177032527e-08,6.693230411873854e-22,1.423728332505123e-12,808.080589435874,73.99987919318775,0.041125184404803,95.26794907316092,0.001691280792329,-7.776711614524157e-18,-1.1447942035901998e-10,4810.470943666744,73.9966947198005,0.2150883490572133,95.26547553786408,0.0462629979001576,9.65557625186515e-16,9.710180298549627e-10,7004.872655455964,73.99622269927598,0.22993029843348,95.26510890016812,0.0528679421377091,-1.5454515277810477e-15,-1.1586659287101754e-09,167.94749204403817,0.0017629471865118,0.0002230524913088,273.41902749735647,0.0017988315036265,10435.689870454726,808.080589435874,201.18669646061352,302967179955.4025,4810.470943666758,125584.9662468201,189104425044038.4,7004.872655455947,196215.14296918284,295444690955787.94,1.0,74.0,0.0,74.0,0.0,0.0,0.0,1.0,74.0,0.0,74.0,0.0,0.0,0.0,1.0,74.0,0.0,74.0,0.0,0.0,0.0,1.0,74.0,0.0,74.0,0.0,0.0,0.0,1.0,74.0,0.0,74.0,0.0,0.0,0.0
168.83344451140087,74.00588053616909,0.1410982873549073,279.2825043658922,74.01418072753924,0.3401364749015556,829.3193893153668,74.0311580590309,1.6678607003968864,7494.116834667743,74.51091946217629,369.3524042834488,19876.581582060862,74.54797236931357,392.4205497577785,168.83344451140087,74.00588053616909,0.1410982873549073,279.2825043658922,74.01418072753924,0.3401364749015556,829.3193893153668,74.0311580590309,1.6678607003968864,7494.116834667743,74.51091946217629,369.3524042834488,19876.581582060862,74.54797236931357,392.4205497577785,168.7920765456921,74.00000000000007,3.162979879718208e-06,95.26804291051644,1.2108582228115072e-11,2.0690755115587448e-28,2.504662381315559e-17,279.1174864336316,73.9999999999979,4.862803948967728e-06,95.2680429105148,2.3686182690845118e-11,3.7619248592672017e-26,6.62334900130421e-15,828.267107705365,73.99999409388647,0.0090931589330941,95.26803832290884,8.268553938251004e-05,1.5598695483618037e-19,7.669941765231487e-12,7469.6739475969425,73.9989003030278,0.1240747686230372,95.26718871708889,0.0153945482088602,4.1480273368410297e-17,8.379903641564214e-11,19808.91885319165,73.99826734627979,0.1557374396547265,95.266697068028,0.0242541501102095,-6.430135960534438e-16,-4.695886330212099e-10,168.79207654569225,0.0017434096882538,1.711989287459235e-05,279.1174864336314,0.0017447398132078,1.834754400142585e-05,828.2671077053695,0.0017491305776378,173.72854136318625,7469.673947597062,9654.78936198144,14539189582455.812,19808.918853191262,56100.13621817053,84478848511543.67,1.0,74.0,0.0,74.0,0.0,0.0,0.0,1.0,74.0,0.0,74.0,0.0,0.0,0.0,1.0,74.0,0.0,74.0,0.0,0.0,0.0,1.0,74.0,0.0,74.0,0.0,0.0,0.0,1.0,74.0,0.0,74.0,0.0,0.0,0.0
13.323144236851508,81.5982311389255,5550.503776042213,19.02553572802021,97.64052546687356,17918.17406475983,52.5650760183614,118.28524317207386,32628.733308443043,854.9468535733258,80.56508681895134,4745.176057617494,8594.07586802797,76.83602720677388,1836.945243459373,13.323144236851508,81.5982311389255,5550.503776042213,19.02553572802021,97.64052546687356,17918.17406475983,52.5650760183614,118.28524317207386,32628.733308443043,854.9468535733258,80.56508681895134,4745.176057617494,8594.07586802797,76.83602720677388,1836.945243459373,1.0,74.0,0.0,74.0,0.0,0.0,0.0,1.0,74.0,0.0,74.0,0.0,0.0,0.0,1.0,74.0,0.0,74.0,0.0,0.0,0.0,1.0,74.0,0.0,74.0,0.0,0.0,0.0,1.0,74.0,0.0,74.0,0.0,0.0,0.0,1.0,1505913142.921672,0.0,1.0,1505913142.921672,0.0,1.0,1505913142.921672,0.0,1.0,1505913142.921672,0.0,1.0,1505913142.921672,0.0,1.0,74.0,0.0,74.0,0.0,0.0,0.0,1.0,74.0,0.0,74.0,0.0,0.0,0.0,1.0,74.0,0.0,74.0,0.0,0.0,0.0,1.0,74.0,0.0,74.0,0.0,0.0,0.0,1.0,74.0,0.0,74.0,0.0,0.0,0.0
1.0,60.0,0.0,1.0,60.0,0.0,1.0,60.0,0.0,1.0,60.0,0.0,1.0,60.0,0.0,1.0,60.0,0.0,1.0,60.0,0.0,1.0,60.0,0.0,1.0,60.0,0.0,1.0,60.0,0.0,1.0,60.0,0.0,60.0,0.0,0.0,0.0,1.0,60.0,0.0,60.0,0.0,0.0,0.0,1.0,60.0,0.0,60.0,0.0,0.0,0.0,1.0,60.0,0.0,60.0,0.0,0.0,0.0,1.0,60.0,0.0,60.0,0.0,0.0,0.0,1.0,1505913565.766283,0.0,1.0,1505913565.766283,0.0,1.0,1505913565.766283,0.0,1.0,1505913565.766283,0.0,1.0,1505913565.766283,0.0,1.0,60.0,0.0,60.0,0.0,0.0,0.0,1.0,60.0,0.0,60.0,0.0,0.0,0.0,1.0,60.0,0.0,60.0,0.0,0.0,0.0,1.0,60.0,0.0,60.0,0.0,0.0,0.0,1.0,60.0,0.0,60.0,0.0,0.0,0.0
163.86531227123143,74.03161254260328,0.7577016696368446,266.9013266385202,74.04000837320929,0.9586002871392338,789.5192349326297,74.04385573688576,1.052053406403502,7374.834661059173,74.08290838711767,17.94003076100944,36876.618111903954,74.25845132955271,154.4596760015229,163.86531227123143,74.03161254260328,0.7577016696368446,266.9013266385202,74.04000837320929,0.9586002871392338,789.5192349326297,74.04385573688576,1.052053406403502,7374.834661059173,74.08290838711767,17.94003076100944,36876.618111903954,74.25845132955271,154.4596760015229,163.6494706393404,74.0,9.5367431640625e-07,95.26804291051648,6.431098710768742e-12,-1.6458286097848177e-27,-6.839674183348209e-16,266.4563979765806,73.99999999999862,4.862803948967728e-06,95.26804291051536,2.5023503425832318e-11,-2.175280141474644e-25,-1.5635331477916247e-14,788.0765144545018,73.99999476020777,0.0085648731108968,95.26803884047776,7.335705140576469e-05,4.451934721436463e-19,3.1467855000536515e-11,7357.118209133388,73.99892090626571,0.1229070699646328,95.267204720679,0.0151061478472911,9.254729899827764e-17,3.722035742153696e-10,36769.03988323845,73.9984425956869,0.1476524125240389,95.26683319281229,0.0218012349241689,3.4520065653685393e-16,2.6358635541404263e-10,163.64947063934034,0.001805512420329,2.296808600654248e-05,266.4563979765806,0.0018351214236091,2.722561255913119e-05,788.0765144545044,0.0018420402353214,3.0036237229378765e-05,7357.118209133473,215.7192988538772,324851774375.52594,36769.03988323695,20634.65757328899,31073597652745.484,1.0,74.0,0.0,95.26804291051644,0.0,0.0,0.0,1.0,74.0,0.0,95.26804291051644,0.0,0.0,0.0,1.0,74.0,0.0,95.26804291051644,0.0,0.0,0.0,1.020282684025988,74.0,0.0,95.26804291051644,0.0,0.0,0.0,1.6771931282586978,74.0,0.0,95.26804291051644,0.0,0.0,0.0
159.64861707276918,74.01595578775444,0.3826843189499413,266.76173835703787,74.02611022775109,0.6259653725792305,819.2911575601756,74.03956647465877,3.233790683756524,7411.796310537579,74.56174104314272,408.38667936475576,19301.28328524817,74.5681421294009,407.7167968439235,159.64861707276918,74.01595578775444,0.3826843189499413,266.76173835703787,74.02611022775109,0.6259653725792305,819.2911575601756,74.03956647465877,3.233790683756524,7411.796310537579,74.56174104314272,408.38667936475576,19301.28328524817,74.5681421294009,407.7167968439235,159.54247876236636,74.00000000000001,2.132480599880018e-06,95.26804291051648,6.7603053809391476e-12,-9.929931778792768e-28,-2.0819952983527448e-16,266.471520502492,73.99999999996686,2.1705258706552583e-05,95.26804291049068,4.711191334081976e-10,-6.198785864698121e-26,-2.994619034372277e-15,818.0002549805223,73.99998533816235,0.0143270904227082,95.2680315218502,0.0002052655199804,-8.768260777515559e-19,-2.8699238074579927e-11,7386.085834761171,73.99878351351849,0.1304964783230244,95.26709800072932,0.0170293308547115,-2.8607908833649653e-18,-6.501779371777323e-12,19234.01357870181,73.99819948258539,0.1587576833574381,95.26664435501245,0.0252040020250206,-7.581039215816006e-16,-7.227253446135841e-10,159.54247876236636,0.0018437192147252,1.7427478625863045e-05,266.4715205024919,0.0018252137998625,1.6696367939144685e-05,818.0002549805232,0.0017703872076408,431.278441060817,7386.085834761294,10680.142652880662,16083262918838.703,19234.01357870145,58297.43759073279,87787544742016.81,1.0,74.0,0.0,74.0,0.0,0.0,0.0,1.0,74.0,0.0,74.0,0.0,0.0,0.0,1.0,74.0,0.0,74.0,0.0,0.0,0.0,1.0,74.0,0.0,74.0,0.0,0.0,0.0,1.0,74.0,0.0,74.0,0.0,0.0,0.0
1.0,60.0,0.0,1.0,60.0,0.0,1.0,60.0,0.0,1.0,60.0,0.0,1.0,60.0,0.0,1.0,60.0,0.0,1.0,60.0,0.0,1.0,60.0,0.0,1.0,60.0,0.0,1.0,60.0,0.0,1.0,60.0,0.0,60.0,0.0,0.0,0.0,1.0,60.0,0.0,60.0,0.0,0.0,0.0,1.0,60.0,0.0,60.0,0.0,0.0,0.0,1.0,60.0,0.0,60.0,0.0,0.0,0.0,1.0,60.0,0.0,60.0,0.0,0.0,0.0,1.0,1505913564.874726,0.0,1.0,1505913564.874726,0.0,1.0,1505913564.874726,0.0,1.0,1505913564.874726,0.0,1.0,1505913564.874726,0.0,1.0,60.0,0.0,60.0,0.0,0.0,0.0,1.0,60.0,0.0,60.0,0.0,0.0,0.0,1.0,60.0,0.0,60.0,0.0,0.0,0.0,1.0,60.0,0.0,60.0,0.0,0.0,0.0,1.0,60.0,0.0,60.0,0.0,0.0,0.0
75.89134845244048,74.07108789914594,1.7010827530039023,111.25338863904284,74.0982436670438,2.3508736764651985,245.69217239019923,74.13713040922707,3.4600384075165493,1139.7556122865276,75.24388357910604,762.1602646881511,6796.00204774644,76.53216468486507,1652.5885293048805,75.89134845244048,74.07108789914594,1.7010827530039023,111.25338863904284,74.0982436670438,2.3508736764651985,245.69217239019923,74.13713040922707,3.4600384075165493,1139.7556122865276,75.24388357910604,762.1602646881511,6796.00204774644,76.53216468486507,1652.5885293048805,1.0000300708404952,74.0,0.0,74.0,0.0,0.0,0.0,1.0019359197042974,74.0,0.0,74.0,0.0,0.0,0.0,1.1246318706019405,74.0,0.0,74.0,0.0,0.0,0.0,1.8120128675566607,74.0,9.5367431640625e-07,74.0,9.094947017729282e-13,0.0,0.0,1.979391411183272,73.99999999999999,1.3486991523486091e-06,73.99999999999999,1.8189894035458565e-12,0.0,0.0,1.0000300708404952,45285.71021099117,68189762072666.78,1.0019359197042974,2909696.59344097,4373278893827831.0,1.1246318706019405,166885497.5943186,2.23464256534528e+17,1.8120128675566607,674841060.6543107,5.608414241766533e+17,1.979391411183272,745117004.8488863,5.6688198415703584e+17,1.0000300708404952,74.0,0.0,74.0,0.0,0.0,0.0,1.0019359197042974,74.0,0.0,74.0,0.0,0.0,0.0,1.1246318706019405,74.0,0.0,74.0,0.0,0.0,0.0,1.8120128675566607,74.0,9.5367431640625e-07,74.0,9.094947017729282e-13,0.0,0.0,1.979391411183272,73.99999999999999,1.3486991523486091e-06,73.99999999999999,1.8189894035458565e-12,0.0,0.0
3.5724963566917203,83.64018219786904,3125.54900726592,5.941027426192223,96.30027482594524,14723.998794930232,34.52298039385466,111.20813814507284,28607.42391350052,981.3895184413168,81.104975180314,5473.427608327296,3444.014301447121,77.58872259315652,2470.825875918765,3.5724963566917203,83.64018219786904,3125.54900726592,5.941027426192223,96.30027482594524,14723.998794930232,34.52298039385466,111.20813814507284,28607.42391350052,981.3895184413168,81.104975180314,5473.427608327296,3444.014301447121,77.58872259315652,2470.825875918765,1.0,74.0,0.0,733.4757622816692,485065.5272476905,-8.097984347030877e-42,0.0,1.0,74.0,0.0,800.5360600057696,484200.3070903714,-1.0340444553264141e-23,0.0,1.0000000091279293,74.00000002599184,0.0005994979110405,866.8522336750508,474426.0291894522,-1.260472705915879e-05,-3.0525410828211724e-05,2.51760480240981,101.85967442389476,99.58381270643392,852.2952344468916,477196.3890490008,19179.36171697855,0.2788327142671664,12.85467416865048,145.40994333795882,151.75364443638853,818.5092577128246,482497.0237547803,47058.14737391918,0.4466794749834478,1.0,30.02675199508667,0.0,1.0,30.02675199508667,0.0,1.0000000091279293,30.026931120238533,270145.3087893492,2.5176048024098097,30507893.55044204,4.501147671774466e+16,12.854674168650478,86995891.47629441,1.2343993583752723e+17,1.0,74.0,0.0,74.0,0.0,0.0,0.0,1.0,74.0,0.0,74.0,0.0,0.0,0.0,1.0,74.0,0.0,74.0,0.0,0.0,0.0,1.0,74.0,0.0,74.0,0.0,0.0,0.0,1.0,74.0,0.0,74.0,0.0,0.0,0.0
61.53556145570254,74.20194219528081,6.4355336053740775,83.95249626416468,74.29773468510264,27.315630658088597,138.04526702024714,75.20833419552281,247.26823425262592,771.9617418548602,79.48176276503216,3781.8533249827337,3526.4507152968654,77.4824631531595,2298.570405428938,61.53556145570254,74.20194219528081,6.4355336053740775,83.95249626416468,74.29773468510264,27.315630658088597,138.04526702024714,75.20833419552281,247.26823425262592,771.9617418548602,79.48176276503216,3781.8533249827337,3526.4507152968654,77.4824631531595,2298.570405428938,1.0,74.0,0.0,74.0,0.0,0.0,0.0,1.0,74.0,0.0,74.0,0.0,0.0,0.0,1.0,74.0,0.0,74.0,0.0,0.0,0.0,1.0,74.0,0.0,74.0,0.0,0.0,0.0,1.0,74.0,0.0,74.0,0.0,0.0,0.0,1.0,1505912842.882649,0.0,1.0,1505912842.882649,0.0,1.0,1505912842.882649,0.0,1.0,1505912842.882649,0.0,1.0,1505912842.882649,0.0,1.0,74.0,0.0,74.0,0.0,0.0,0.0,1.0,74.0,0.0,74.0,0.0,0.0,0.0,1.0,74.0,0.0,74.0,0.0,0.0,0.0,1.0,74.0,0.0,74.0,0.0,0.0,0.0,1.0,74.0,0.0,74.0,0.0,0.0,0.0
168.03866151351724,74.07241371034381,5.493164651610641,276.60474287687765,74.10866204592388,52.76616025813655,805.3174921220432,74.9382286398395,754.8366928936402,7534.260647774709,74.61447790064612,468.9838209164109,38503.52323477079,74.36840600067451,248.72368444684707,168.03866151351724,74.07241371034381,5.493164651610641,276.60474287687765,74.10866204592388,52.76616025813655,805.3174921220432,74.9382286398395,754.8366928936402,7534.260647774709,74.61447790064612,468.9838209164109,38503.52323477079,74.36840600067451,248.72368444684707,166.66232576455295,73.99979041246606,0.0541680861072141,95.26788011228604,0.0029341815525185,5.461772504144957e-18,4.316327644015832e-11,274.8929470684747,73.99860295836777,0.1398450253980462,95.2669577544605,0.0195566311285801,1.227440493781505e-16,3.1567767915769837e-10,801.6824737963248,73.99473318017775,0.2714916907082617,95.26395193569124,0.0737077381236304,-1.096951405222362e-17,-2.679543153631523e-11,7511.410497624498,73.99763763818837,0.1818446715468539,95.26620794401676,0.0330674845699832,6.869582309916334e-17,1.4464353705588926e-10,38387.37934345565,73.9982062670802,0.1584583336326948,95.2666496248574,0.0251090434976504,3.380334804046901e-16,3.7810334851941226e-10,166.66232576455295,0.0017679902937864,1.8953192125919296e-05,274.8929470684747,0.0017739509004798,2.1175386567537413e-05,801.6824737963263,0.001809603025308,2.600419670821664e-05,7511.410497624594,141.7504109553904,213461055893.9749,38387.3793434541,18991.348792802568,28598980554162.8,1.0,74.0,0.0,95.26804291051644,0.0,0.0,0.0,1.0,74.0,0.0,95.26804291051644,0.0,0.0,0.0,1.0,74.0,0.0,95.26804291051644,0.0,0.0,0.0,1.020326454368607,74.0,0.0,95.26804291051644,0.0,0.0,0.0,1.677339125849202,74.00000000000001,1.3486991523486091e-06,95.26804291051644,1.8189894035458565e-12,0.0,0.0
1.0,60.0,0.0,1.0,60.0,0.0,1.0,60.0,0.0,1.0,60.0,0.0,1.0,60.0,0.0,1.0,60.0,0.0,1.0,60.0,0.0,1.0,60.0,0.0,1.0,60.0,0.0,1.0,60.0,0.0,1.0,60.0,0.0,60.0,0.0,0.0,0.0,1.0,60.0,0.0,60.0,0.0,0.0,0.0,1.0,60.0,0.0,60.0,0.0,0.0,0.0,1.0,60.0,0.0,60.0,0.0,0.0,0.0,1.0,60.0,0.0,60.0,0.0,0.0,0.0,1.0,1505913537.444161,0.0,1.0,1505913537.444161,0.0,1.0,1505913537.444161,0.0,1.0,1505913537.444161,0.0,1.0,1505913537.444161,0.0,1.0,60.0,0.0,60.0,0.0,0.0,0.0,1.0,60.0,0.0,60.0,0.0,0.0,0.0,1.0,60.0,0.0,60.0,0.0,0.0,0.0,1.0,60.0,0.0,60.0,0.0,0.0,0.0,1.0,60.0,0.0,60.0,0.0,0.0,0.0
1.0,60.0,0.0,1.0,60.0,0.0,1.0,60.0,0.0,1.0,60.0,0.0,1.0,60.0,0.0,1.0,60.0,0.0,1.0,60.0,0.0,1.0,60.0,0.0,1.0,60.0,0.0,1.0,60.0,0.0,1.0,60.0,0.0,60.0,0.0,0.0,0.0,1.0,60.0,0.0,60.0,0.0,0.0,0.0,1.0,60.0,0.0,60.0,0.0,0.0,0.0,1.0,60.0,0.0,60.0,0.0,0.0,0.0,1.0,60.0,0.0,60.0,0.0,0.0,0.0,1.0,1505913456.308157,0.0,1.0,1505913456.308157,0.0,1.0,1505913456.308157,0.0,1.0,1505913456.308157,0.0,1.0,1505913456.308157,0.0,1.0,60.0,0.0,60.0,0.0,0.0,0.0,1.0,60.0,0.0,60.0,0.0,0.0,0.0,1.0,60.0,0.0,60.0,0.0,0.0,0.0,1.0,60.0,0.0,60.0,0.0,0.0,0.0,1.0,60.0,0.0,60.0,0.0,0.0,0.0
1.0,60.0,0.0,1.0,60.0,0.0,1.0,60.0,0.0,1.0,60.0,0.0,1.0,60.0,0.0,1.0,60.0,0.0,1.0,60.0,0.0,1.0,60.0,0.0,1.0,60.0,0.0,1.0,60.0,0.0,1.0,60.0,0.0,60.0,0.0,0.0,0.0,1.0,60.0,0.0,60.0,0.0,0.0,0.0,1.0,60.0,0.0,60.0,0.0,0.0,0.0,1.0,60.0,0.0,60.0,0.0,0.0,0.0,1.0,60.0,0.0,60.0,0.0,0.0,0.0,1.0,1505913580.0123222,0.0,1.0,1505913580.0123222,0.0,1.0,1505913580.0123222,0.0,1.0,1505913580.0123222,0.0,1.0,1505913580.0123222,0.0,1.0,60.0,0.0,60.0,0.0,0.0,0.0,1.0,60.0,0.0,60.0,0.0,0.0,0.0,1.0,60.0,0.0,60.0,0.0,0.0,0.0,1.0,60.0,0.0,60.0,0.0,0.0,0.0,1.0,60.0,0.0,60.0,0.0,0.0,0.0
1.0,60.0,0.0,1.0,60.0,0.0,1.0,60.0,0.0,1.0,60.0,0.0,1.0,60.0,0.0,1.0,60.0,0.0,1.0,60.0,0.0,1.0,60.0,0.0,1.0,60.0,0.0,1.0,60.0,0.0,1.0,60.0,0.0,60.0,0.0,0.0,0.0,1.0,60.0,0.0,60.0,0.0,0.0,0.0,1.0,60.0,0.0,60.0,0.0,0.0,0.0,1.0,60.0,0.0,60.0,0.0,0.0,0.0,1.0,60.0,0.0,60.0,0.0,0.0,0.0,1.0,1505913581.807916,0.0,1.0,1505913581.807916,0.0,1.0,1505913581.807916,0.0,1.0,1505913581.807916,0.0,1.0,1505913581.807916,0.0,1.0,60.0,0.0,60.0,0.0,0.0,0.0,1.0,60.0,0.0,60.0,0.0,0.0,0.0,1.0,60.0,0.0,60.0,0.0,0.0,0.0,1.0,60.0,0.0,60.0,0.0,0.0,0.0,1.0,60.0,0.0,60.0,0.0,0.0,0.0
159.32877518081605,74.04237979001152,1.0153189136854053,261.28305312338927,74.04791310535073,1.147618862813033,783.3348840604541,74.0466082688632,1.1179554881682634,7365.916764470889,74.08344994964334,18.057170917717485,36848.15960464826,74.258788079644,154.66084264611342,159.32877518081605,74.04237979001152,1.0153189136854053,261.28305312338927,74.04791310535073,1.147618862813033,783.3348840604541,74.0466082688632,1.1179554881682634,7365.916764470889,74.08344994964334,18.057170917717485,36848.15960464826,74.258788079644,154.66084264611342,159.04742851269253,73.99999999999993,1.3486991523486091e-06,95.26804291051644,4.4787419946242626e-12,-1.3127552160694106e-27,-4.811298748306375e-16,260.76143302126025,73.99999999999841,5.135693366178993e-06,95.26804291051528,3.012336521656688e-11,-2.5570404640638136e-25,-1.3052041226329364e-14,781.8136238423201,73.9999944307011,0.0088300699806069,95.26803858453157,7.797013586241527e-05,5.187275221264034e-19,3.0799599065229066e-11,7348.106150889608,73.99891384047625,0.12330877339516,95.26719923231823,0.0152050535962189,9.241877930167655e-17,3.3510801771221686e-10,36740.5243352282,73.99844056051646,0.1477488442236878,95.26683161199514,0.0218297209694355,3.4416086930182516e-16,2.6111587992403915e-10,159.04742851269242,0.0018654078112164,2.845215082601756e-05,260.7614330212604,0.0018786232789591,3.1265646779090165e-05,781.8136238423232,0.0018572203175384,3.1501832071703465e-05,7348.106150889693,217.13179514084104,326978868483.1562,36740.52433522669,20661.62233805499,31114203163961.56,1.0,74.0,0.0,95.26804291051644,0.0,0.0,0.0,1.0,74.0,0.0,95.26804291051644,0.0,0.0,0.0,1.0,74.0,0.0,95.26804291051644,0.0,0.0,0.0,1.0202880752670571,74.0,0.0,95.26804291051644,0.0,0.0,0.0,1.6772111262454517,74.00000000000001,1.3486991523486091e-06,95.26804291051644,1.8189894035458565e-12,0.0,0.0
1.0,60.0,0.0,1.0,60.0,0.0,1.0,60.0,0.0,1.0,60.0,0.0,1.0,60.0,0.0,1.0,60.0,0.0,1.0,60.0,0.0,1.0,60.0,0.0,1.0,60.0,0.0,1.0,60.0,0.0,1.0,60.0,0.0,60.0,0.0,0.0,0.0,1.0,60.0,0.0,60.0,0.0,0.0,0.0,1.0,60.0,0.0,60.0,0.0,0.0,0.0,1.0,60.0,0.0,60.0,0.0,0.0,0.0,1.0,60.0,0.0,60.0,0.0,0.0,0.0,1.0,1505913583.040588,0.0,1.0,1505913583.040588,0.0,1.0,1505913583.040588,0.0,1.0,1505913583.040588,0.0,1.0,1505913583.040588,0.0,1.0,60.0,0.0,60.0,0.0,0.0,0.0,1.0,60.0,0.0,60.0,0.0,0.0,0.0,1.0,60.0,0.0,60.0,0.0,0.0,0.0,1.0,60.0,0.0,60.0,0.0,0.0,0.0,1.0,60.0,0.0,60.0,0.0,0.0,0.0
1.0,60.0,0.0,1.0,60.0,0.0,1.0,60.0,0.0,1.0,60.0,0.0,1.0,60.0,0.0,1.0,60.0,0.0,1.0,60.0,0.0,1.0,60.0,0.0,1.0,60.0,0.0,1.0,60.0,0.0,1.0,60.0,0.0,60.0,0.0,0.0,0.0,1.0,60.0,0.0,60.0,0.0,0.0,0.0,1.0,60.0,0.0,60.0,0.0,0.0,0.0,1.0,60.0,0.0,60.0,0.0,0.0,0.0,1.0,60.0,0.0,60.0,0.0,0.0,0.0,1.0,1505913453.893727,0.0,1.0,1505913453.893727,0.0,1.0,1505913453.893727,0.0,1.0,1505913453.893727,0.0,1.0,1505913453.893727,0.0,1.0,60.0,0.0,60.0,0.0,0.0,0.0,1.0,60.0,0.0,60.0,0.0,0.0,0.0,1.0,60.0,0.0,60.0,0.0,0.0,0.0,1.0,60.0,0.0,60.0,0.0,0.0,0.0,1.0,60.0,0.0,60.0,0.0,0.0,0.0
1.0,60.0,0.0,1.0,60.0,0.0,1.0,60.0,0.0,1.0,60.0,0.0,1.0,60.0,0.0,1.0,60.0,0.0,1.0,60.0,0.0,1.0,60.0,0.0,1.0,60.0,0.0,1.0,60.0,0.0,1.0,60.0,0.0,60.0,0.0,0.0,0.0,1.0,60.0,0.0,60.0,0.0,0.0,0.0,1.0,60.0,0.0,60.0,0.0,0.0,0.0,1.0,60.0,0.0,60.0,0.0,0.0,0.0,1.0,60.0,0.0,60.0,0.0,0.0,0.0,1.0,1505913570.118459,0.0,1.0,1505913570.118459,0.0,1.0,1505913570.118459,0.0,1.0,1505913570.118459,0.0,1.0,1505913570.118459,0.0,1.0,60.0,0.0,60.0,0.0,0.0,0.0,1.0,60.0,0.0,60.0,0.0,0.0,0.0,1.0,60.0,0.0,60.0,0.0,0.0,0.0,1.0,60.0,0.0,60.0,0.0,0.0,0.0,1.0,60.0,0.0,60.0,0.0,0.0,0.0
180.35262624887832,74.01404036258431,0.3367786418375545,290.0690538371992,74.0239541477627,0.5751080132567951,821.2062493477061,74.0366420004802,1.2305793066652768,6983.57481116,74.11569824081138,32.08902148967627,34474.8194005875,74.2864812089618,174.48896390281968,180.35262624887832,74.01404036258431,0.3367786418375545,290.0690538371992,74.0239541477627,0.5751080132567951,821.2062493477061,74.0366420004802,1.2305793066652768,6983.57481116,74.11569824081138,32.08902148967627,34474.8194005875,74.2864812089618,174.48896390281968,180.247115839375,73.99999981379703,0.0016145748424531,95.26804276588224,2.606851921895332e-06,-2.0409390255365954e-20,-4.4182522510374406e-12,289.77929154089816,73.99997949325859,0.0169438474947964,95.268026981788,0.0002870939679269,1.5531469143582609e-18,2.966236455093653e-11,819.9488244353407,73.99871682286546,0.1340254950164845,95.26704619872824,0.0179628333144137,2.1127941358727647e-16,5.669701743342138e-10,6963.413302464364,73.99801589878994,0.1666537736973826,95.26650175669064,0.0277734802875784,1.2123007635904024e-16,2.9918406693127716e-10,34369.33663294961,73.99823893890908,0.157008770391734,95.26667500264593,0.0246517539799242,7.328488288107388e-17,4.2843519812521175e-11,180.2471158393749,0.001630657096498,1.5162367208261426e-05,289.77929154089827,0.0016804029250573,1.7777639061115833e-05,819.948824435345,0.0017700295494172,2.9207416525074245e-05,6963.4133024644725,396.6358548809694,597296324433.2803,34369.336632948085,23332.985472482756,35136929619810.37,1.0,74.0,0.0,95.26804291051644,0.0,0.0,0.0,1.0,74.0,0.0,95.26804291051644,0.0,0.0,0.0,1.0,74.0,0.0,95.26804291051644,0.0,0.0,0.0,1.0209522720618436,74.0,0.0,95.26804291051644,0.0,0.0,0.0,1.6793961984755892,73.99999999999999,9.5367431640625e-07,95.26804291051644,9.094947017729282e-13,0.0,0.0
173.86844978937685,74.02588897497917,0.6206651604743456,281.74426480344806,74.03482707837428,0.8346369555911224,810.7473809080146,74.04151833084606,0.9950470513686014,7468.63050317002,74.0768628922051,15.47764636127704,37503.908464920896,74.25175764703218,149.73154982991036,173.86844978937685,74.02588897497917,0.6206651604743456,281.74426480344806,74.03482707837428,0.8346369555911224,810.7473809080146,74.04151833084606,0.9950470513686014,7468.63050317002,74.0768628922051,15.47764636127704,37503.908464920896,74.25175764703218,149.73154982991036,173.6808966249491,73.99999999999996,1.6518123698891422e-06,95.26804291051636,1.036983508219362e-11,2.829058354827516e-28,5.414829201426314e-17,281.335417737122,74.00000000000004,1.9073486328125e-06,95.26804291051648,3.749942721349417e-12,-7.444116474331615e-28,-4.092446311023246e-16,809.3448409441862,73.99999879532196,0.0041067596859094,95.26804197477588,1.6865475117811747e-05,-8.350248167561909e-20,-9.091146603435159e-12,7451.428321058636,73.99907776925606,0.1136238526612392,95.26732656425504,0.012910379893583,7.675296280981553e-17,1.6931932447396827e-10,37395.88573713532,73.99849064617186,0.1453570620864464,95.26687051599606,0.021128675498403,3.552444414439846e-16,3.4713053430451515e-10,173.6808966249491,0.0016852053047449,1.1444558714444514e-05,281.3354177371222,0.0017276398516407,1.5167805633717914e-05,809.3448409441893,0.0017913951044312,2.269707215034565e-05,7451.428321058725,184.3614174966968,277629542580.10657,37395.885737133765,19998.01800017967,30114898877073.68,1.0,74.0,0.0,95.26804291051644,0.0,0.0,0.0,1.0,74.0,0.0,95.26804291051644,0.0,0.0,0.0,1.0,74.0,0.0,95.26804291051644,0.0,0.0,0.0,1.020188913524551,74.0,0.0,95.26804291051644,0.0,0.0,0.0,1.6768793964263993,74.0,0.0,95.26804291051644,0.0,0.0,0.0
1.0,60.0,0.0,1.0,60.0,0.0,1.0,60.0,0.0,1.0,60.0,0.0,1.0,60.0,0.0,1.0,60.0,0.0,1.0,60.0,0.0,1.0,60.0,0.0,1.0,60.0,0.0,1.0,60.0,0.0,1.0,60.0,0.0,60.0,0.0,0.0,0.0,1.0,60.0,0.0,60.0,0.0,0.0,0.0,1.0,60.0,0.0,60.0,0.0,0.0,0.0,1.0,60.0,0.0,60.0,0.0,0.0,0.0,1.0,60.0,0.0,60.0,0.0,0.0,0.0,1.0,1505913561.400385,0.0,1.0,1505913561.400385,0.0,1.0,1505913561.400385,0.0,1.0,1505913561.400385,0.0,1.0,1505913561.400385,0.0,1.0,60.0,0.0,60.0,0.0,0.0,0.0,1.0,60.0,0.0,60.0,0.0,0.0,0.0,1.0,60.0,0.0,60.0,0.0,0.0,0.0,1.0,60.0,0.0,60.0,0.0,0.0,0.0,1.0,60.0,0.0,60.0,0.0,0.0,0.0
121.51828943653358,74.02999564711635,0.7189958081808072,168.49243271620404,74.05133408302365,1.2302560236848876,255.4392895055529,74.18786005569636,54.39878300304645,957.5984266181756,77.5051273479207,2535.5033397005645,5706.764521015188,76.62096763921177,1668.0013431831255,121.51828943653358,74.02999564711635,0.7189958081808072,168.49243271620404,74.05133408302365,1.2302560236848876,255.4392895055529,74.18786005569636,54.39878300304645,957.5984266181756,77.5051273479207,2535.5033397005645,5706.764521015188,76.62096763921177,1668.0013431831255,1.0,74.0,0.0,74.0,0.0,0.0,0.0,1.0,74.0,0.0,74.0,0.0,0.0,0.0,1.0,74.0,0.0,74.0,0.0,0.0,0.0,1.0,74.0,0.0,74.0,0.0,0.0,0.0,1.0,74.0,0.0,74.0,0.0,0.0,0.0,1.0,1505912909.724348,0.0,1.0,1505912909.724348,0.0,1.0,1505912909.724348,0.0,1.0,1505912909.724348,0.0,1.0,1505912909.724348,0.0,1.0,74.0,0.0,74.0,0.0,0.0,0.0,1.0,74.0,0.0,74.0,0.0,0.0,0.0,1.0,74.0,0.0,74.0,0.0,0.0,0.0,1.0,74.0,0.0,74.0,0.0,0.0,0.0,1.0,74.0,0.0,74.0,0.0,0.0,0.0
1.0,60.0,0.0,1.0,60.0,0.0,1.0,60.0,0.0,1.0,60.0,0.0,1.0,60.0,0.0,1.0,60.0,0.0,1.0,60.0,0.0,1.0,60.0,0.0,1.0,60.0,0.0,1.0,60.0,0.0,1.0,60.0,0.0,60.0,0.0,0.0,0.0,1.0,60.0,0.0,60.0,0.0,0.0,0.0,1.0,60.0,0.0,60.0,0.0,0.0,0.0,1.0,60.0,0.0,60.0,0.0,0.0,0.0,1.0,60.0,0.0,60.0,0.0,0.0,0.0,1.0,1505913467.6272712,0.0,1.0,1505913467.6272712,0.0,1.0,1505913467.6272712,0.0,1.0,1505913467.6272712,0.0,1.0,1505913467.6272712,0.0,1.0,60.0,0.0,60.0,0.0,0.0,0.0,1.0,60.0,0.0,60.0,0.0,0.0,0.0,1.0,60.0,0.0,60.0,0.0,0.0,0.0,1.0,60.0,0.0,60.0,0.0,0.0,0.0,1.0,60.0,0.0,60.0,0.0,0.0,0.0
1.0,60.0,0.0,1.0,60.0,0.0,1.0,60.0,0.0,1.0,60.0,0.0,1.0,60.0,0.0,1.0,60.0,0.0,1.0,60.0,0.0,1.0,60.0,0.0,1.0,60.0,0.0,1.0,60.0,0.0,1.0,60.0,0.0,60.0,0.0,0.0,0.0,1.0,60.0,0.0,60.0,0.0,0.0,0.0,1.0,60.0,0.0,60.0,0.0,0.0,0.0,1.0,60.0,0.0,60.0,0.0,0.0,0.0,1.0,60.0,0.0,60.0,0.0,0.0,0.0,1.0,1505913471.9721286,0.0,1.0,1505913471.9721286,0.0,1.0,1505913471.9721286,0.0,1.0,1505913471.9721286,0.0,1.0,1505913471.9721286,0.0,1.0,60.0,0.0,60.0,0.0,0.0,0.0,1.0,60.0,0.0,60.0,0.0,0.0,0.0,1.0,60.0,0.0,60.0,0.0,0.0,0.0,1.0,60.0,0.0,60.0,0.0,0.0,0.0,1.0,60.0,0.0,60.0,0.0,0.0,0.0
1.0,60.0,0.0,1.0,60.0,0.0,1.0,60.0,0.0,1.0,60.0,0.0,1.0,60.0,0.0,1.0,60.0,0.0,1.0,60.0,0.0,1.0,60.0,0.0,1.0,60.0,0.0,1.0,60.0,0.0,1.0,60.0,0.0,60.0,0.0,0.0,0.0,1.0,60.0,0.0,60.0,0.0,0.0,0.0,1.0,60.0,0.0,60.0,0.0,0.0,0.0,1.0,60.0,0.0,60.0,0.0,0.0,0.0,1.0,60.0,0.0,60.0,0.0,0.0,0.0,1.0,1505913474.4566698,0.0,1.0,1505913474.4566698,0.0,1.0,1505913474.4566698,0.0,1.0,1505913474.4566698,0.0,1.0,1505913474.4566698,0.0,1.0,60.0,0.0,60.0,0.0,0.0,0.0,1.0,60.0,0.0,60.0,0.0,0.0,0.0,1.0,60.0,0.0,60.0,0.0,0.0,0.0,1.0,60.0,0.0,60.0,0.0,0.0,0.0,1.0,60.0,0.0,60.0,0.0,0.0,0.0
1.0,60.0,0.0,1.0,60.0,0.0,1.0,60.0,0.0,1.0,60.0,0.0,1.0,60.0,0.0,1.0,60.0,0.0,1.0,60.0,0.0,1.0,60.0,0.0,1.0,60.0,0.0,1.0,60.0,0.0,1.0,60.0,0.0,60.0,0.0,0.0,0.0,1.0,60.0,0.0,60.0,0.0,0.0,0.0,1.0,60.0,0.0,60.0,0.0,0.0,0.0,1.0,60.0,0.0,60.0,0.0,0.0,0.0,1.0,60.0,0.0,60.0,0.0,0.0,0.0,1.0,1505913586.303164,0.0,1.0,1505913586.303164,0.0,1.0,1505913586.303164,0.0,1.0,1505913586.303164,0.0,1.0,1505913586.303164,0.0,1.0,60.0,0.0,60.0,0.0,0.0,0.0,1.0,60.0,0.0,60.0,0.0,0.0,0.0,1.0,60.0,0.0,60.0,0.0,0.0,0.0,1.0,60.0,0.0,60.0,0.0,0.0,0.0,1.0,60.0,0.0,60.0,0.0,0.0,0.0
161.61481123809318,74.00471602469534,0.1131627682598264,265.79332945703715,74.01273523812974,0.3067492655145543,801.1475960789815,74.03826234947606,3.0245807431110734,4780.476799976725,74.1056781583985,19.03331268511556,6939.084188403311,74.10796672331097,19.307803458185845,161.61481123809318,74.00471602469534,0.1131627682598264,265.79332945703715,74.01273523812974,0.3067492655145543,801.1475960789815,74.03826234947606,3.0245807431110734,4780.476799976725,74.1056781583985,19.03331268511556,6939.084188403311,74.10796672331097,19.307803458185845,161.58305377233916,73.9999999999999,1.9073486328125e-06,95.2680429105164,1.0219175716994975e-11,-9.517954858680488e-27,-1.6148003024310568e-15,265.6523447278286,73.99999999390553,0.0002920829026418,95.26804290578244,8.531242255019063e-08,8.361607465797604e-22,9.263794312631422e-13,800.1271045223638,73.99986468574323,0.0435244907568398,95.26793780442772,0.0018943812956422,-9.789969986599409e-18,-1.1118375011463648e-10,4769.03217089738,73.99663130827622,0.2171412812652567,95.26542628347916,0.0471503360295173,1.034409176251706e-15,9.356802264113623e-10,6921.078374528956,73.99617300756674,0.2314373526437996,95.26507030263392,0.0535632481987704,-1.5287466748315749e-15,-1.2974169152688606e-09,161.58305377233918,0.0018517983879606,0.0003838838418006,265.65234472782896,0.0018624240549092,14652.291966946785,800.1271045223642,225.34660099336384,339349887542.1581,4769.032170897395,127994.3032930957,192732069246787.3,6921.078374528936,198796.42162507263,299330855815462.7,1.0,74.0,0.0,74.0,0.0,0.0,0.0,1.0,74.0,0.0,74.0,0.0,0.0,0.0,1.0,74.0,0.0,74.0,0.0,0.0,0.0,1.0,74.0,0.0,74.0,0.0,0.0,0.0,1.0,74.0,0.0,74.0,0.0,0.0,0.0
1.0,60.0,0.0,1.0,60.0,0.0,1.0,60.0,0.0,1.0,60.0,0.0,1.0,60.0,0.0,1.0,60.0,0.0,1.0,60.0,0.0,1.0,60.0,0.0,1.0,60.0,0.0,1.0,60.0,0.0,1.0,60.0,0.0,60.0,0.0,0.0,0.0,1.0,60.0,0.0,60.0,0.0,0.0,0.0,1.0,60.0,0.0,60.0,0.0,0.0,0.0,1.0,60.0,0.0,60.0,0.0,0.0,0.0,1.0,60.0,0.0,60.0,0.0,0.0,0.0,1.0,1505913575.331752,0.0,1.0,1505913575.331752,0.0,1.0,1505913575.331752,0.0,1.0,1505913575.331752,0.0,1.0,1505913575.331752,0.0,1.0,60.0,0.0,60.0,0.0,0.0,0.0,1.0,60.0,0.0,60.0,0.0,0.0,0.0,1.0,60.0,0.0,60.0,0.0,0.0,0.0,1.0,60.0,0.0,60.0,0.0,0.0,0.0,1.0,60.0,0.0,60.0,0.0,0.0,0.0
1.0,60.0,0.0,1.0,60.0,0.0,1.0,60.0,0.0,1.0,60.0,0.0,1.0,60.0,0.0,1.0,60.0,0.0,1.0,60.0,0.0,1.0,60.0,0.0,1.0,60.0,0.0,1.0,60.0,0.0,1.0,60.0,0.0,60.0,0.0,0.0,0.0,1.0,60.0,0.0,60.0,0.0,0.0,0.0,1.0,60.0,0.0,60.0,0.0,0.0,0.0,1.0,60.0,0.0,60.0,0.0,0.0,0.0,1.0,60.0,0.0,60.0,0.0,0.0,0.0,1.0,1505913464.897354,0.0,1.0,1505913464.897354,0.0,1.0,1505913464.897354,0.0,1.0,1505913464.897354,0.0,1.0,1505913464.897354,0.0,1.0,60.0,0.0,60.0,0.0,0.0,0.0,1.0,60.0,0.0,60.0,0.0,0.0,0.0,1.0,60.0,0.0,60.0,0.0,0.0,0.0,1.0,60.0,0.0,60.0,0.0,0.0,0.0,1.0,60.0,0.0,60.0,0.0,0.0,0.0
180.2446554187424,74.00546887938283,0.1312247193691291,292.152188954799,74.01349421254227,0.3260869044406718,846.0804967894602,74.04680359933063,13.117486390890008,6266.935826306291,74.52427328361406,378.2352419957833,13793.1109213806,74.44141912232884,305.14465477169136,180.2446554187424,74.00546887938283,0.1312247193691291,292.152188954799,74.01349421254227,0.3260869044406718,846.0804967894602,74.04680359933063,13.117486390890008,6266.935826306291,74.52427328361406,378.2352419957833,13793.1109213806,74.44141912232884,305.14465477169136,180.20358274273784,74.00000000000007,2.523185072960464e-06,95.26804291051648,6.431098710768742e-12,5.773616041885378e-29,2.399378182605025e-17,291.98781669577284,74.00000000000007,2.86102294921875e-06,95.26804291051644,1.0951766470309208e-11,-2.7027902232013277e-27,-3.5022401105889324e-16,844.9204559036186,73.99999999930378,9.888365658065418e-05,95.26804290997556,9.777978056913009e-09,-3.23550756949972e-23,-1.833934386448992e-13,6246.77319633335,73.99923487966932,0.1034944406559668,95.26744860011983,0.0107110992466914,2.8386502763074593e-16,7.080318753351837e-10,13749.804428832724,73.99829358662863,0.1545537943901856,95.2667174501824,0.0238868753604037,-1.7066902152870538e-15,-1.830817034170475e-09,180.2035827427381,0.0016358085243794,1.785896982194775e-05,291.9878166957734,0.0016673357792084,1.7117293160925503e-05,844.9204559036223,0.0028779360520542,1745542.853746917,6246.773196333385,29070.944200794827,43777503021353.5,13749.804428832604,88641.11507413466,133478064470299.48,1.0,74.0,0.0,74.0,0.0,0.0,0.0,1.0,74.0,0.0,74.0,0.0,0.0,0.0,1.0,74.0,0.0,74.0,0.0,0.0,0.0,1.0,74.0,0.0,74.0,0.0,0.0,0.0,1.0,74.0,0.0,74.0,0.0,0.0,0.0
176.5367028624931,74.10384738789364,2.481553029479983,288.951062440473,74.07883717549186,1.8858775063081337,845.0816738974345,74.05478536601417,2.9313131120652542,7466.389504397395,74.54361241576821,392.9689264438266,19528.38584010557,74.56100498335967,401.74631038167536,176.5367028624931,74.10384738789364,2.481553029479983,288.951062440473,74.07883717549186,1.8858775063081337,845.0816738974345,74.05478536601417,2.9313131120652542,7466.389504397395,74.54361241576821,392.9689264438266,19528.38584010557,74.56100498335967,401.74631038167536,175.7728330516721,73.99999999999993,2.86102294921875e-06,95.2680429105164,9.837689346015368e-12,-3.9297636206850975e-27,-5.87989234368045e-16,288.0018919012075,73.99999999998812,1.2687811561250755e-05,95.26804291050722,1.610447792571607e-10,1.4506724069478127e-25,5.3616386563395406e-15,843.196276006467,73.99998960523756,0.012063439210067,95.26803483632514,0.0001455265655749,-4.1021134199741024e-19,-2.058618209147486e-11,7440.4787770170915,73.99882969005401,0.127995974806323,95.26713386838922,0.0163829695666208,1.1775166106791389e-17,2.033664858846064e-11,19460.32736417756,73.99822599386712,0.1575847037644424,95.26666494760572,0.024832938860527,-7.143668091211543e-16,-6.689003647223325e-10,175.7728330516721,0.001665002395557,1.1000744068414838e-05,288.0018919012075,0.0016852083439154,1.2174390591440448e-05,843.1962760064708,0.0017169640024788,305.7622881878482,7440.478777017222,10274.735834673447,15472763496336.846,19460.327364177203,57439.05113751551,86494987642249.1,1.0,74.0,0.0,74.0,0.0,0.0,0.0,1.0,74.0,0.0,74.0,0.0,0.0,0.0,1.0,74.0,0.0,74.0,0.0,0.0,0.0,1.0,74.0,0.0,74.0,0.0,0.0,0.0,1.0,74.0,0.0,74.0,0.0,0.0,0.0
1.0,60.0,0.0,1.0,60.0,0.0,1.0,60.0,0.0,1.0,60.0,0.0,1.0,60.0,0.0,1.0,60.0,0.0,1.0,60.0,0.0,1.0,60.0,0.0,1.0,60.0,0.0,1.0,60.0,0.0,1.0,60.0,0.0,60.0,0.0,0.0,0.0,1.0,60.0,0.0,60.0,0.0,0.0,0.0,1.0,60.0,0.0,60.0,0.0,0.0,0.0,1.0,60.0,0.0,60.0,0.0,0.0,0.0,1.0,60.0,0.0,60.0,0.0,0.0,0.0,1.0,1505913464.091239,0.0,1.0,1505913464.091239,0.0,1.0,1505913464.091239,0.0,1.0,1505913464.091239,0.0,1.0,1505913464.091239,0.0,1.0,60.0,0.0,60.0,0.0,0.0,0.0,1.0,60.0,0.0,60.0,0.0,0.0,0.0,1.0,60.0,0.0,60.0,0.0,0.0,0.0,1.0,60.0,0.0,60.0,0.0,0.0,0.0,1.0,60.0,0.0,60.0,0.0,0.0,0.0
1.0,60.0,0.0,1.0,60.0,0.0,1.0,60.0,0.0,1.0,60.0,0.0,1.0,60.0,0.0,1.0,60.0,0.0,1.0,60.0,0.0,1.0,60.0,0.0,1.0,60.0,0.0,1.0,60.0,0.0,1.0,60.0,0.0,60.0,0.0,0.0,0.0,1.0,60.0,0.0,60.0,0.0,0.0,0.0,1.0,60.0,0.0,60.0,0.0,0.0,0.0,1.0,60.0,0.0,60.0,0.0,0.0,0.0,1.0,60.0,0.0,60.0,0.0,0.0,0.0,1.0,1505913450.716809,0.0,1.0,1505913450.716809,0.0,1.0,1505913450.716809,0.0,1.0,1505913450.716809,0.0,1.0,1505913450.716809,0.0,1.0,60.0,0.0,60.0,0.0,0.0,0.0,1.0,60.0,0.0,60.0,0.0,0.0,0.0,1.0,60.0,0.0,60.0,0.0,0.0,0.0,1.0,60.0,0.0,60.0,0.0,0.0,0.0,1.0,60.0,0.0,60.0,0.0,0.0,0.0
1.0,60.0,0.0,1.0,60.0,0.0,1.0,60.0,0.0,1.0,60.0,0.0,1.0,60.0,0.0,1.0,60.0,0.0,1.0,60.0,0.0,1.0,60.0,0.0,1.0,60.0,0.0,1.0,60.0,0.0,1.0,60.0,0.0,60.0,0.0,0.0,0.0,1.0,60.0,0.0,60.0,0.0,0.0,0.0,1.0,60.0,0.0,60.0,0.0,0.0,0.0,1.0,60.0,0.0,60.0,0.0,0.0,0.0,1.0,60.0,0.0,60.0,0.0,0.0,0.0,1.0,1505913537.2355518,0.0,1.0,1505913537.2355518,0.0,1.0,1505913537.2355518,0.0,1.0,1505913537.2355518,0.0,1.0,1505913537.2355518,0.0,1.0,60.0,0.0,60.0,0.0,0.0,0.0,1.0,60.0,0.0,60.0,0.0,0.0,0.0,1.0,60.0,0.0,60.0,0.0,0.0,0.0,1.0,60.0,0.0,60.0,0.0,0.0,0.0,1.0,60.0,0.0,60.0,0.0,0.0,0.0
1.0,60.0,0.0,1.0,60.0,0.0,1.0,60.0,0.0,1.0,60.0,0.0,1.0,60.0,0.0,1.0,60.0,0.0,1.0,60.0,0.0,1.0,60.0,0.0,1.0,60.0,0.0,1.0,60.0,0.0,1.0,60.0,0.0,60.0,0.0,0.0,0.0,1.0,60.0,0.0,60.0,0.0,0.0,0.0,1.0,60.0,0.0,60.0,0.0,0.0,0.0,1.0,60.0,0.0,60.0,0.0,0.0,0.0,1.0,60.0,0.0,60.0,0.0,0.0,0.0,1.0,1505913579.2315788,0.0,1.0,1505913579.2315788,0.0,1.0,1505913579.2315788,0.0,1.0,1505913579.2315788,0.0,1.0,1505913579.2315788,0.0,1.0,60.0,0.0,60.0,0.0,0.0,0.0,1.0,60.0,0.0,60.0,0.0,0.0,0.0,1.0,60.0,0.0,60.0,0.0,0.0,0.0,1.0,60.0,0.0,60.0,0.0,0.0,0.0,1.0,60.0,0.0,60.0,0.0,0.0,0.0
177.22477028362098,74.13747680347534,3.2805704824304485,284.58054058318265,74.09493753981266,2.272995638777502,694.900331639134,74.06947258011215,10.11076981404585,6611.039599469201,74.70416667364765,516.5711135477386,24766.50571975176,74.47739013571,331.4844264080084,177.22477028362098,74.13747680347534,3.2805704824304485,284.58054058318265,74.09493753981266,2.272995638777502,694.900331639134,74.06947258011215,10.11076981404585,6611.039599469201,74.70416667364765,516.5711135477386,24766.50571975176,74.47739013571,331.4844264080084,176.20957237348577,73.9999999997344,6.098297988414065e-05,95.26804291031011,3.7189239467618636e-09,1.7577225267123134e-23,3.022327967035295e-13,283.45092540323884,73.99999959440358,0.002382929470939,95.26804259546708,5.678352863470519e-06,4.754861440526952e-20,1.1183881801336844e-11,692.3644119878578,73.99958964971734,0.0757940339778242,95.26772416892608,0.0057447355866315,-2.970666026499261e-17,-8.762083353585682e-11,6582.595411473503,73.99730962699999,0.194056651145826,95.265953162891,0.0376579838539328,-2.555189168617567e-16,-2.1562668704137918e-10,24679.37918868945,73.99768634275699,0.1799606855292618,95.26624577509608,0.0323858483361618,-4.959153221571299e-16,-6.305509056835763e-10,176.20957237348568,0.0016627695017539,1.2718059742258874e-05,283.4509254032383,0.0017259711327128,3.305592332029552e-05,692.3644119878592,0.0021845858874685,0.0130154451149907,6582.595411473579,4151.240798741668,6251390409831.08,24679.379188688574,40864.23604671596,61536345218304.2,1.0,74.0,0.0,95.26804291051644,0.0,0.0,0.0,1.0,74.0,0.0,95.26804291051644,0.0,0.0,0.0,1.0,74.0,0.0,95.26804291051644,0.0,0.0,0.0,1.0219696850200433,73.99999999999999,1.3486991523486091e-06,95.26804291051644,1.8189894035458565e-12,0.0,0.0,1.6826253041497,74.0,0.0,95.26804291051644,0.0,0.0,0.0
1.0,60.0,0.0,1.0,60.0,0.0,1.0,60.0,0.0,1.0,60.0,0.0,1.0,60.0,0.0,1.0,60.0,0.0,1.0,60.0,0.0,1.0,60.0,0.0,1.0,60.0,0.0,1.0,60.0,0.0,1.0,60.0,0.0,60.0,0.0,0.0,0.0,1.0,60.0,0.0,60.0,0.0,0.0,0.0,1.0,60.0,0.0,60.0,0.0,0.0,0.0,1.0,60.0,0.0,60.0,0.0,0.0,0.0,1.0,60.0,0.0,60.0,0.0,0.0,0.0,1.0,1505913546.909535,0.0,1.0,1505913546.909535,0.0,1.0,1505913546.909535,0.0,1.0,1505913546.909535,0.0,1.0,1505913546.909535,0.0,1.0,60.0,0.0,60.0,0.0,0.0,0.0,1.0,60.0,0.0,60.0,0.0,0.0,0.0,1.0,60.0,0.0,60.0,0.0,0.0,0.0,1.0,60.0,0.0,60.0,0.0,0.0,0.0,1.0,60.0,0.0,60.0,0.0,0.0,0.0
1.0,60.0,0.0,1.0,60.0,0.0,1.0,60.0,0.0,1.0,60.0,0.0,1.0,60.0,0.0,1.0,60.0,0.0,1.0,60.0,0.0,1.0,60.0,0.0,1.0,60.0,0.0,1.0,60.0,0.0,1.0,60.0,0.0,60.0,0.0,0.0,0.0,1.0,60.0,0.0,60.0,0.0,0.0,0.0,1.0,60.0,0.0,60.0,0.0,0.0,0.0,1.0,60.0,0.0,60.0,0.0,0.0,0.0,1.0,60.0,0.0,60.0,0.0,0.0,0.0,1.0,1505913464.352724,0.0,1.0,1505913464.352724,0.0,1.0,1505913464.352724,0.0,1.0,1505913464.352724,0.0,1.0,1505913464.352724,0.0,1.0,60.0,0.0,60.0,0.0,0.0,0.0,1.0,60.0,0.0,60.0,0.0,0.0,0.0,1.0,60.0,0.0,60.0,0.0,0.0,0.0,1.0,60.0,0.0,60.0,0.0,0.0,0.0,1.0,60.0,0.0,60.0,0.0,0.0,0.0
160.66093524046758,74.01503416629664,0.3605939729704914,276.30667010541765,74.02441806052595,0.5855474798345313,846.4139710912576,74.04703563943762,10.210067200752746,7297.557456522125,74.65008990647698,477.4772008692007,18413.710821938912,74.60137547079646,433.3666639050307,160.66093524046758,74.01503416629664,0.3605939729704914,276.30667010541765,74.02441806052595,0.5855474798345313,846.4139710912576,74.04703563943762,10.210067200752746,7297.557456522125,74.65008990647698,477.4772008692007,18413.710821938912,74.60137547079646,433.3666639050307,160.56029342163728,73.9999999999999,2.6973983046972182e-06,95.26804291051636,7.499885442698834e-12,-6.3907781146596646e-27,-1.7566837119011709e-15,276.02549629258124,73.99999999779355,0.000175722094854,95.26804290880258,3.0878254740440715e-08,-2.455673974782471e-22,-8.460258277010254e-13,845.0005926070311,73.99994172957241,0.0285619083995743,95.26799764863392,0.0008157826114256,-4.713113320027697e-19,-1.7302966746910428e-11,7270.072441147103,73.99857662531866,0.1411567197472223,95.26693730026794,0.0199252195297958,3.7170114285890105e-17,5.2653337567366285e-11,18347.49640810486,73.99808563799174,0.1636991245866836,95.2665559264504,0.0267974033904465,-9.667436673174388e-16,-1.655010960908167e-09,160.56029342163734,0.001826268509997,1.3802474101546912e-05,276.0254962925817,0.0017598089918863,1.4009807837267718e-05,845.000592607034,0.001714803716594,1714.0265119691342,7270.072441147211,12496.517229870013,18818525288617.33,18347.496408104493,61983.51574593428,93338019249879.86,1.0,74.0,0.0,74.0,0.0,0.0,0.0,1.0,74.0,0.0,74.0,0.0,0.0,0.0,1.0,74.0,0.0,74.0,0.0,0.0,0.0,1.0,74.0,0.0,74.0,0.0,0.0,0.0,1.0,74.0,0.0,74.0,0.0,0.0,0.0
1.0,60.0,0.0,1.0,60.0,0.0,1.0,60.0,0.0,1.0,60.0,0.0,1.0,60.0,0.0,1.0,60.0,0.0,1.0,60.0,0.0,1.0,60.0,0.0,1.0,60.0,0.0,1.0,60.0,0.0,1.0,60.0,0.0,60.0,0.0,0.0,0.0,1.0,60.0,0.0,60.0,0.0,0.0,0.0,1.0,60.0,0.0,60.0,0.0,0.0,0.0,1.0,60.0,0.0,60.0,0.0,0.0,0.0,1.0,60.0,0.0,60.0,0.0,0.0,0.0,1.0,1505913552.71398,0.0,1.0,1505913552.71398,0.0,1.0,1505913552.71398,0.0,1.0,1505913552.71398,0.0,1.0,1505913552.71398,0.0,1.0,60.0,0.0,60.0,0.0,0.0,0.0,1.0,60.0,0.0,60.0,0.0,0.0,0.0,1.0,60.0,0.0,60.0,0.0,0.0,0.0,1.0,60.0,0.0,60.0,0.0,0.0,0.0,1.0,60.0,0.0,60.0,0.0,0.0,0.0
1.0,60.0,0.0,1.0,60.0,0.0,1.0,60.0,0.0,1.0,60.0,0.0,1.0,60.0,0.0,1.0,60.0,0.0,1.0,60.0,0.0,1.0,60.0,0.0,1.0,60.0,0.0,1.0,60.0,0.0,1.0,60.0,0.0,60.0,0.0,0.0,0.0,1.0,60.0,0.0,60.0,0.0,0.0,0.0,1.0,60.0,0.0,60.0,0.0,0.0,0.0,1.0,60.0,0.0,60.0,0.0,0.0,0.0,1.0,60.0,0.0,60.0,0.0,0.0,0.0,1.0,1505913434.658035,0.0,1.0,1505913434.658035,0.0,1.0,1505913434.658035,0.0,1.0,1505913434.658035,0.0,1.0,1505913434.658035,0.0,1.0,60.0,0.0,60.0,0.0,0.0,0.0,1.0,60.0,0.0,60.0,0.0,0.0,0.0,1.0,60.0,0.0,60.0,0.0,0.0,0.0,1.0,60.0,0.0,60.0,0.0,0.0,0.0,1.0,60.0,0.0,60.0,0.0,0.0,0.0
1.0,60.0,0.0,1.0,60.0,0.0,1.0,60.0,0.0,1.0,60.0,0.0,1.0,60.0,0.0,1.0,60.0,0.0,1.0,60.0,0.0,1.0,60.0,0.0,1.0,60.0,0.0,1.0,60.0,0.0,1.0,60.0,0.0,60.0,0.0,0.0,0.0,1.0,60.0,0.0,60.0,0.0,0.0,0.0,1.0,60.0,0.0,60.0,0.0,0.0,0.0,1.0,60.0,0.0,60.0,0.0,0.0,0.0,1.0,60.0,0.0,60.0,0.0,0.0,0.0,1.0,1505913458.9776,0.0,1.0,1505913458.9776,0.0,1.0,1505913458.9776,0.0,1.0,1505913458.9776,0.0,1.0,1505913458.9776,0.0,1.0,60.0,0.0,60.0,0.0,0.0,0.0,1.0,60.0,0.0,60.0,0.0,0.0,0.0,1.0,60.0,0.0,60.0,0.0,0.0,0.0,1.0,60.0,0.0,60.0,0.0,0.0,0.0,1.0,60.0,0.0,60.0,0.0,0.0,0.0
1.0,60.0,0.0,1.0,60.0,0.0,1.0,60.0,0.0,1.0,60.0,0.0,1.0,60.0,0.0,1.0,60.0,0.0,1.0,60.0,0.0,1.0,60.0,0.0,1.0,60.0,0.0,1.0,60.0,0.0,1.0,60.0,0.0,60.0,0.0,0.0,0.0,1.0,60.0,0.0,60.0,0.0,0.0,0.0,1.0,60.0,0.0,60.0,0.0,0.0,0.0,1.0,60.0,0.0,60.0,0.0,0.0,0.0,1.0,60.0,0.0,60.0,0.0,0.0,0.0,1.0,1505913580.432196,0.0,1.0,1505913580.432196,0.0,1.0,1505913580.432196,0.0,1.0,1505913580.432196,0.0,1.0,1505913580.432196,0.0,1.0,60.0,0.0,60.0,0.0,0.0,0.0,1.0,60.0,0.0,60.0,0.0,0.0,0.0,1.0,60.0,0.0,60.0,0.0,0.0,0.0,1.0,60.0,0.0,60.0,0.0,0.0,0.0,1.0,60.0,0.0,60.0,0.0,0.0,0.0
1.0,60.0,0.0,1.0,60.0,0.0,1.0,60.0,0.0,1.0,60.0,0.0,1.0,60.0,0.0,1.0,60.0,0.0,1.0,60.0,0.0,1.0,60.0,0.0,1.0,60.0,0.0,1.0,60.0,0.0,1.0,60.0,0.0,60.0,0.0,0.0,0.0,1.0,60.0,0.0,60.0,0.0,0.0,0.0,1.0,60.0,0.0,60.0,0.0,0.0,0.0,1.0,60.0,0.0,60.0,0.0,0.0,0.0,1.0,60.0,0.0,60.0,0.0,0.0,0.0,1.0,1505913432.192805,0.0,1.0,1505913432.192805,0.0,1.0,1505913432.192805,0.0,1.0,1505913432.192805,0.0,1.0,1505913432.192805,0.0,1.0,60.0,0.0,60.0,0.0,0.0,0.0,1.0,60.0,0.0,60.0,0.0,0.0,0.0,1.0,60.0,0.0,60.0,0.0,0.0,0.0,1.0,60.0,0.0,60.0,0.0,0.0,0.0,1.0,60.0,0.0,60.0,0.0,0.0,0.0
179.65170533332193,74.10235023087351,2.448255710211015,292.4428277093901,74.07781316979656,2.0727872959023443,855.1110204124127,74.20270659150937,118.63720454729356,6973.195691907465,74.86506238820397,643.6125646541859,16724.525643773653,74.6747722783208,489.25160089392097,179.65170533332193,74.10235023087351,2.448255710211015,292.4428277093901,74.07781316979656,2.0727872959023443,855.1110204124127,74.20270659150937,118.63720454729356,6973.195691907465,74.86506238820397,643.6125646541859,16724.525643773653,74.6747722783208,489.25160089392097,178.87968454391606,73.99999998631107,0.0004377707922981,95.26804289988344,1.9164326659423658e-07,-2.4338054023337293e-22,-4.759850935316824e-13,291.3849199981035,73.99999576023095,0.0077043330303477,95.26803961725147,5.93567474425074e-05,2.339829120567916e-19,1.3578996074201097e-11,850.9955585215957,73.99926757836967,0.1012589076635778,95.26747399892136,0.0102533663812209,-7.620108893371397e-18,-2.8813579976495327e-11,6941.212423573416,73.99807840896807,0.1640078715940372,95.26655031132276,0.0268985819448062,8.786718743327434e-17,2.051310080071186e-10,16659.650184590504,73.99783748647401,0.1739842317952278,95.26636317543878,0.0302705129133755,-1.2278586913956121e-15,-2.2837247707162747e-09,178.87968454391597,0.0016405329872887,1.3479866526371793e-05,291.3849199981036,0.0016680977670544,1.446390718803384e-05,850.9955585215984,0.0017162953612985,21544.20582966286,6941.212423573496,16870.6068007723,25405400882413.53,16659.650184590202,70018.20460509168,105436511644427.3,1.0,74.0,0.0,74.0,0.0,0.0,0.0,1.0,74.0,0.0,74.0,0.0,0.0,0.0,1.0,74.0,0.0,74.0,0.0,0.0,0.0,1.0,74.0,0.0,74.0,0.0,0.0,0.0,1.0,74.0,0.0,74.0,0.0,0.0,0.0
170.91734164958137,74.11713339680752,2.79751390670026,283.5631918058935,74.08467018534816,2.0400238926467864,835.0151391656558,74.08660397235873,24.2687553760752,6127.681835057214,74.56947005179029,410.8165640442585,13362.83103723882,74.45838490422891,316.86500068605073,170.91734164958137,74.11713339680752,2.79751390670026,283.5631918058935,74.08467018534816,2.0400238926467864,835.0151391656558,74.08660397235873,24.2687553760752,6127.681835057214,74.56947005179029,410.8165640442585,13362.83103723882,74.45838490422891,316.86500068605073,170.08316289348963,73.99999999999999,0.0,95.26804291051644,2.7284841053187847e-12,1.1498877790223135e-27,0.0,282.5621500356036,74.0000000000001,3.162979879718208e-06,95.26804291051651,1.0045697324301055e-11,1.1231680339440931e-28,3.723473082812925e-17,832.896707197493,73.99999999871041,0.000134478223702,95.26804290951472,1.8084394302411317e-08,-1.452100138350651e-22,-3.8836050153345226e-13,6106.267662275293,73.99916868854362,0.1078780298993236,95.2673971860024,0.0116376693349593,3.340158394521468e-16,2.295720280937357e-09,13319.262957053084,73.99822778672385,0.1575050637468436,95.26666634020472,0.0248078451058972,-1.780023093585049e-15,-1.529873084608252e-09,170.08316289348954,0.0017243099652937,1.3424723197681132e-05,282.56215003560385,0.0017194326727244,1.411646644814661e-05,832.8967071974956,0.0038946028585248,3233675.380648935,6106.267662275334,31585.89293581442,47564647745740.96,13319.262957053,92059.14785230791,138624711327806.84,1.0,74.0,0.0,74.0,0.0,0.0,0.0,1.0,74.0,0.0,74.0,0.0,0.0,0.0,1.0,74.0,0.0,74.0,0.0,0.0,0.0,1.0,74.0,0.0,74.0,0.0,0.0,0.0,1.0,74.0,0.0,74.0,0.0,0.0,0.0
29.277485175409826,74.0349476080875,0.8390490912252062,34.35116753278518,74.11411519264949,2.833951979086123,73.05497039857862,74.2112909486857,9.573137238628988,863.9024077827949,75.80576578569764,997.508784267702,8583.389905453298,76.82770987149637,1826.0201062962524,29.277485175409826,74.0349476080875,0.8390490912252062,34.35116753278518,74.11411519264949,2.833951979086123,73.05497039857862,74.2112909486857,9.573137238628988,863.9024077827949,75.80576578569764,997.508784267702,8583.389905453298,76.82770987149637,1826.0201062962524,1.0000000008624674,74.0,9.5367431640625e-07,74.0,9.094947017729282e-13,0.0,0.0,1.000003649956611,74.0,9.5367431640625e-07,74.0,9.094947017729282e-13,0.0,0.0,1.0173120552482784,74.0,0.0,74.0,0.0,0.0,0.0,2.1938603293805903,74.0,9.5367431640625e-07,74.0,9.094947017729282e-13,0.0,0.0,2.898504862029123,74.0,0.0,74.0,0.0,0.0,0.0,1.0000000008624674,6.022210859650572,59998.216731508495,1.000003649956611,16.770005988828462,16185322682.952568,1.0173120552482784,2850062.257164829,4283814463490525.0,2.1938603293805903,367317594.56201154,4.182261841101372e+17,2.898504862029123,488057486.7901313,4.967720842330367e+17,1.0000000008624674,74.0,9.5367431640625e-07,74.0,9.094947017729282e-13,0.0,0.0,1.000003649956611,74.0,9.5367431640625e-07,74.0,9.094947017729282e-13,0.0,0.0,1.0173120552482784,74.0,0.0,74.0,0.0,0.0,0.0,2.1938603293805903,74.0,9.5367431640625e-07,74.0,9.094947017729282e-13,0.0,0.0,2.898504862029123,74.0,0.0,74.0,0.0,0.0,0.0
153.7791726740083,74.16815054415264,58.51901005679974,266.23188945651896,74.33655989041941,123.93539575958584,804.0623393885762,74.55132622906066,211.470078860405,6967.089039769018,74.62840287328765,405.36840209812,21312.75902536188,74.35376195754647,218.33543104227283,153.7791726740083,74.16815054415264,58.51901005679974,266.23188945651896,74.33655989041941,123.93539575958584,804.0623393885762,74.55132622906066,211.470078860405,6967.089039769018,74.62840287328765,405.36840209812,21312.75902536188,74.35376195754647,218.33543104227283,153.5593593244881,73.99896365329852,0.1204482453613524,95.26723792449428,0.0145077798106285,-7.924108025031393e-17,-1.7522012016569328e-10,265.603414901637,73.99640841312085,0.2242081997264972,95.26525315161548,0.0502693168245969,-1.6699791928653268e-16,-3.905075961258445e-10,801.0297755438619,73.99286135409366,0.3160539232770636,95.26249803236388,0.099890082418824,-4.898054081632808e-16,-6.373905573099911e-10,6942.607450828345,73.99732224937449,0.1936009770555555,95.2659629672518,0.0374813383168657,5.7280450951149575e-16,5.281888746916626e-10,21245.30784304033,73.9977718427505,0.1766047472488594,95.26631218689914,0.0311892367508335,-7.405037241720686e-16,-2.0726144893238587e-09,153.559359324488,0.0019095148599772,1.4291133885687904e-05,265.6034149016374,0.0018273709372547,1.2995131128300313e-05,801.0297755438628,0.0018181940829066,37.716460536230905,6942.607450828429,8886.596732485203,13382366873710.752,21245.30784303978,51497.11436216298,77547561717923.86,1.0,74.0,0.0,74.0,0.0,0.0,0.0,1.0,74.0,0.0,74.0,0.0,0.0,0.0,1.0,74.0,0.0,74.0,0.0,0.0,0.0,1.0,74.0,0.0,74.0,0.0,0.0,0.0,1.0,74.0,0.0,74.0,0.0,0.0,0.0
1.0,60.0,0.0,1.0,60.0,0.0,1.0,60.0,0.0,1.0,60.0,0.0,1.0,60.0,0.0,1.0,60.0,0.0,1.0,60.0,0.0,1.0,60.0,0.0,1.0,60.0,0.0,1.0,60.0,0.0,1.0,60.0,0.0,60.0,0.0,0.0,0.0,1.0,60.0,0.0,60.0,0.0,0.0,0.0,1.0,60.0,0.0,60.0,0.0,0.0,0.0,1.0,60.0,0.0,60.0,0.0,0.0,0.0,1.0,60.0,0.0,60.0,0.0,0.0,0.0,1.0,1505913536.532904,0.0,1.0,1505913536.532904,0.0,1.0,1505913536.532904,0.0,1.0,1505913536.532904,0.0,1.0,1505913536.532904,0.0,1.0,60.0,0.0,60.0,0.0,0.0,0.0,1.0,60.0,0.0,60.0,0.0,0.0,0.0,1.0,60.0,0.0,60.0,0.0,0.0,0.0,1.0,60.0,0.0,60.0,0.0,0.0,0.0,1.0,60.0,0.0,60.0,0.0,0.0,0.0
1.0,60.0,0.0,1.0,60.0,0.0,1.0,60.0,0.0,1.0,60.0,0.0,1.0,60.0,0.0,1.0,60.0,0.0,1.0,60.0,0.0,1.0,60.0,0.0,1.0,60.0,0.0,1.0,60.0,0.0,1.0,60.0,0.0,60.0,0.0,0.0,0.0,1.0,60.0,0.0,60.0,0.0,0.0,0.0,1.0,60.0,0.0,60.0,0.0,0.0,0.0,1.0,60.0,0.0,60.0,0.0,0.0,0.0,1.0,60.0,0.0,60.0,0.0,0.0,0.0,1.0,1505913570.229958,0.0,1.0,1505913570.229958,0.0,1.0,1505913570.229958,0.0,1.0,1505913570.229958,0.0,1.0,1505913570.229958,0.0,1.0,60.0,0.0,60.0,0.0,0.0,0.0,1.0,60.0,0.0,60.0,0.0,0.0,0.0,1.0,60.0,0.0,60.0,0.0,0.0,0.0,1.0,60.0,0.0,60.0,0.0,0.0,0.0,1.0,60.0,0.0,60.0,0.0,0.0,0.0
1.0,60.0,0.0,1.0,60.0,0.0,1.0,60.0,0.0,1.0,60.0,0.0,1.0,60.0,0.0,1.0,60.0,0.0,1.0,60.0,0.0,1.0,60.0,0.0,1.0,60.0,0.0,1.0,60.0,0.0,1.0,60.0,0.0,60.0,0.0,0.0,0.0,1.0,60.0,0.0,60.0,0.0,0.0,0.0,1.0,60.0,0.0,60.0,0.0,0.0,0.0,1.0,60.0,0.0,60.0,0.0,0.0,0.0,1.0,60.0,0.0,60.0,0.0,0.0,0.0,1.0,1505913443.629899,0.0,1.0,1505913443.629899,0.0,1.0,1505913443.629899,0.0,1.0,1505913443.629899,0.0,1.0,1505913443.629899,0.0,1.0,60.0,0.0,60.0,0.0,0.0,0.0,1.0,60.0,0.0,60.0,0.0,0.0,0.0,1.0,60.0,0.0,60.0,0.0,0.0,0.0,1.0,60.0,0.0,60.0,0.0,0.0,0.0,1.0,60.0,0.0,60.0,0.0,0.0,0.0
1.0,60.0,0.0,1.0,60.0,0.0,1.0,60.0,0.0,1.0,60.0,0.0,1.0,60.0,0.0,1.0,60.0,0.0,1.0,60.0,0.0,1.0,60.0,0.0,1.0,60.0,0.0,1.0,60.0,0.0,1.0,60.0,0.0,60.0,0.0,0.0,0.0,1.0,60.0,0.0,60.0,0.0,0.0,0.0,1.0,60.0,0.0,60.0,0.0,0.0,0.0,1.0,60.0,0.0,60.0,0.0,0.0,0.0,1.0,60.0,0.0,60.0,0.0,0.0,0.0,1.0,1505913464.493268,0.0,1.0,1505913464.493268,0.0,1.0,1505913464.493268,0.0,1.0,1505913464.493268,0.0,1.0,1505913464.493268,0.0,1.0,60.0,0.0,60.0,0.0,0.0,0.0,1.0,60.0,0.0,60.0,0.0,0.0,0.0,1.0,60.0,0.0,60.0,0.0,0.0,0.0,1.0,60.0,0.0,60.0,0.0,0.0,0.0,1.0,60.0,0.0,60.0,0.0,0.0,0.0
1.0,60.0,0.0,1.0,60.0,0.0,1.0,60.0,0.0,1.0,60.0,0.0,1.0,60.0,0.0,1.0,60.0,0.0,1.0,60.0,0.0,1.0,60.0,0.0,1.0,60.0,0.0,1.0,60.0,0.0,1.0,60.0,0.0,60.0,0.0,0.0,0.0,1.0,60.0,0.0,60.0,0.0,0.0,0.0,1.0,60.0,0.0,60.0,0.0,0.0,0.0,1.0,60.0,0.0,60.0,0.0,0.0,0.0,1.0,60.0,0.0,60.0,0.0,0.0,0.0,1.0,1505913566.687309,0.0,1.0,1505913566.687309,0.0,1.0,1505913566.687309,0.0,1.0,1505913566.687309,0.0,1.0,1505913566.687309,0.0,1.0,60.0,0.0,60.0,0.0,0.0,0.0,1.0,60.0,0.0,60.0,0.0,0.0,0.0,1.0,60.0,0.0,60.0,0.0,0.0,0.0,1.0,60.0,0.0,60.0,0.0,0.0,0.0,1.0,60.0,0.0,60.0,0.0,0.0,0.0
1.0,60.0,0.0,1.0,60.0,0.0,1.0,60.0,0.0,1.0,60.0,0.0,1.0,60.0,0.0,1.0,60.0,0.0,1.0,60.0,0.0,1.0,60.0,0.0,1.0,60.0,0.0,1.0,60.0,0.0,1.0,60.0,0.0,60.0,0.0,0.0,0.0,1.0,60.0,0.0,60.0,0.0,0.0,0.0,1.0,60.0,0.0,60.0,0.0,0.0,0.0,1.0,60.0,0.0,60.0,0.0,0.0,0.0,1.0,60.0,0.0,60.0,0.0,0.0,0.0,1.0,1505913438.354746,0.0,1.0,1505913438.354746,0.0,1.0,1505913438.354746,0.0,1.0,1505913438.354746,0.0,1.0,1505913438.354746,0.0,1.0,60.0,0.0,60.0,0.0,0.0,0.0,1.0,60.0,0.0,60.0,0.0,0.0,0.0,1.0,60.0,0.0,60.0,0.0,0.0,0.0,1.0,60.0,0.0,60.0,0.0,0.0,0.0,1.0,60.0,0.0,60.0,0.0,0.0,0.0
1.0,60.0,0.0,1.0,60.0,0.0,1.0,60.0,0.0,1.0,60.0,0.0,1.0,60.0,0.0,1.0,60.0,0.0,1.0,60.0,0.0,1.0,60.0,0.0,1.0,60.0,0.0,1.0,60.0,0.0,1.0,60.0,0.0,60.0,0.0,0.0,0.0,1.0,60.0,0.0,60.0,0.0,0.0,0.0,1.0,60.0,0.0,60.0,0.0,0.0,0.0,1.0,60.0,0.0,60.0,0.0,0.0,0.0,1.0,60.0,0.0,60.0,0.0,0.0,0.0,1.0,1505913559.9854438,0.0,1.0,1505913559.9854438,0.0,1.0,1505913559.9854438,0.0,1.0,1505913559.9854438,0.0,1.0,1505913559.9854438,0.0,1.0,60.0,0.0,60.0,0.0,0.0,0.0,1.0,60.0,0.0,60.0,0.0,0.0,0.0,1.0,60.0,0.0,60.0,0.0,0.0,0.0,1.0,60.0,0.0,60.0,0.0,0.0,0.0,1.0,60.0,0.0,60.0,0.0,0.0,0.0
152.2113808517408,74.04709776861561,1.1285246375400677,260.2036983414874,74.04955082053723,1.1955607438349034,796.9119972780777,74.04299239054572,1.1525344507917907,7844.385402184133,74.22522917392571,146.5217164683963,25019.14476903621,74.40935140770925,285.74108372113005,152.2113808517408,74.04709776861561,1.1285246375400677,260.2036983414874,74.04955082053723,1.1955607438349034,796.9119972780777,74.04299239054572,1.1525344507917907,7844.385402184133,74.22522917392571,146.5217164683963,25019.14476903621,74.40935140770925,285.74108372113005,151.91261400765185,73.9999895485177,0.0120963070599917,95.26803479226764,0.0001463206444896,4.137335137557128e-19,1.0144083272536982e-11,259.6639584565214,73.99976852580764,0.0569261375002518,95.2678631117184,0.0032405851306975,-1.9898854989495664e-17,-3.6653570197649687e-10,795.3566148361989,73.99713915049708,0.2001092415543534,95.26582074625728,0.0400437085554585,1.574581686061796e-16,2.6769247345853057e-10,7825.028639165487,73.99807435680779,0.1641806827335519,95.26654716381653,0.0269552965828552,1.0059841135734254e-15,1.3396922973780667e-09,24943.81222679404,73.99818926409459,0.1592074871111147,95.26663641781778,0.0253470239522357,-9.085817084242089e-16,-7.480152086281117e-10,151.91261400765188,0.0019375110552569,1.8887386557758765e-05,259.6639584565214,0.001874447549643,1.8485629765629585e-05,795.356614836202,0.0018215896324735,0.0262661750122461,7825.028639165655,3808.192314803968,5734794119470.92,24943.81222679345,40782.87976400615,61413856669626.53,1.0,74.0,0.0,95.26804291051644,0.0,0.0,0.0,1.0,74.0,0.0,95.26804291051644,0.0,0.0,0.0,1.0,74.0,0.0,95.26804291051644,0.0,0.0,0.0,1.0234451790050374,74.0,0.0,95.26804291051644,0.0,0.0,0.0,1.6870769123222145,73.99999999999999,1.3486991523486091e-06,95.26804291051644,1.8189894035458565e-12,0.0,0.0
1.0,60.0,0.0,1.0,60.0,0.0,1.0,60.0,0.0,1.0,60.0,0.0,1.0,60.0,0.0,1.0,60.0,0.0,1.0,60.0,0.0,1.0,60.0,0.0,1.0,60.0,0.0,1.0,60.0,0.0,1.0,60.0,0.0,60.0,0.0,0.0,0.0,1.0,60.0,0.0,60.0,0.0,0.0,0.0,1.0,60.0,0.0,60.0,0.0,0.0,0.0,1.0,60.0,0.0,60.0,0.0,0.0,0.0,1.0,60.0,0.0,60.0,0.0,0.0,0.0,1.0,1505913539.4311109,0.0,1.0,1505913539.4311109,0.0,1.0,1505913539.4311109,0.0,1.0,1505913539.4311109,0.0,1.0,1505913539.4311109,0.0,1.0,60.0,0.0,60.0,0.0,0.0,0.0,1.0,60.0,0.0,60.0,0.0,0.0,0.0,1.0,60.0,0.0,60.0,0.0,0.0,0.0,1.0,60.0,0.0,60.0,0.0,0.0,0.0,1.0,60.0,0.0,60.0,0.0,0.0,0.0
174.38393912461575,74.02672945419954,0.984625214742664,283.61031195833044,74.03887572649231,4.895483783303462,794.3058755887872,74.2612962535554,155.6002952687713,5673.721583690345,74.72631473612867,533.7595903405563,12049.593685337875,74.51182687979572,357.81441687590365,174.38393912461575,74.02672945419954,0.984625214742664,283.61031195833044,74.03887572649231,4.895483783303462,794.3058755887872,74.2612962535554,155.6002952687713,5673.721583690345,74.72631473612867,533.7595903405563,12049.593685337875,74.51182687979572,357.81441687590365,174.11741554136074,74.00000000000013,3.438521647895802e-06,95.26804291051651,1.183217303265127e-11,3.869584224255836e-29,1.668812146290463e-17,282.9797507781004,74.00000000000024,4.573661349594802e-06,95.26804291051658,2.131499358303329e-11,-7.307873329458499e-27,-7.898064254266005e-16,791.3861425122185,73.99999999131178,0.0003488023885471,95.26804290376784,1.2166310697090356e-07,-1.8694845636858347e-21,-1.4759048009149225e-12,5651.294741925836,73.99891850530706,0.1230437160315401,95.2672028557312,0.0151397560548502,3.958063509861113e-16,7.36060624237404e-10,12008.24253868103,73.9979974655202,0.1674260210703173,95.26648743869583,0.0280314725314383,-1.927528656342515e-15,-1.3893265163143971e-09,174.117415541361,0.0016895251250458,1.6510386452209937e-05,282.9797507781009,0.0017208469543384,1.867725367702141e-05,791.3861425122203,0.0163575025126561,21788463.680509668,5651.294741925883,41091.668964823926,61878840995316.06,12008.242538680992,104023.38129535104,156639475792495.22,1.0,74.0,0.0,74.0,0.0,0.0,0.0,1.0,74.0,0.0,74.0,0.0,0.0,0.0,1.0,74.0,0.0,74.0,0.0,0.0,0.0,1.0,74.0,0.0,74.0,0.0,0.0,0.0,1.0,74.0,0.0,74.0,0.0,0.0,0.0
13.700350977571304,75.20279025916035,27.420261830386163,18.02829569304329,75.18028427764538,26.934397554417053,41.68624368978541,75.09069616653497,38.1257225555264,680.607202917135,75.55764209930125,547.0338971180017,8406.352800198483,76.69107666764612,1688.467658966506,13.700350977571304,75.20279025916035,27.420261830386163,18.02829569304329,75.18028427764538,26.934397554417053,41.68624368978541,75.09069616653497,38.1257225555264,680.607202917135,75.55764209930125,547.0338971180017,8406.352800198483,76.69107666764612,1688.467658966506,1.0,74.0,0.0,74.0,0.0,0.0,0.0,1.0,74.0,0.0,74.0,0.0,0.0,0.0,1.0,74.0,0.0,74.0,0.0,0.0,0.0,1.0,74.0,0.0,74.0,0.0,0.0,0.0,1.0,74.0,0.0,74.0,0.0,0.0,0.0,1.0,1505913199.185368,0.0,1.0,1505913199.185368,0.0,1.0,1505913199.185368,0.0,1.0,1505913199.185368,0.0,1.0,1505913199.185368,0.0,1.0,74.0,0.0,74.0,0.0,0.0,0.0,1.0,74.0,0.0,74.0,0.0,0.0,0.0,1.0,74.0,0.0,74.0,0.0,0.0,0.0,1.0,74.0,0.0,74.0,0.0,0.0,0.0,1.0,74.0,0.0,74.0,0.0,0.0,0.0
162.56167478615058,74.01276542639285,0.3062072841166809,277.736283312141,74.02217727723502,0.5318629718085504,847.5839540366796,74.04556589652158,9.891095796615446,7302.3802176608115,74.64769087903841,475.7167201007305,18435.11519222679,74.60049486841254,432.7326079280265,162.56167478615058,74.01276542639285,0.3062072841166809,277.736283312141,74.02217727723502,0.5318629718085504,847.5839540366796,74.04556589652158,9.891095796615446,7302.3802176608115,74.64769087903841,475.7167201007305,18435.11519222679,74.60049486841254,432.7326079280265,162.47520939170178,73.99999999999984,3.162979879718208e-06,95.26804291051636,1.0989466294262975e-11,-5.9182863784838896e-27,-8.774339981560709e-16,277.47959081182324,73.99999999799617,0.0001674832397348,95.26804290896,2.8050635724780418e-08,-2.350839900006989e-22,-8.497496336567803e-13,846.2128473595027,73.99994355332382,0.028111390837394,95.26799906524288,0.0007902502948127,-6.9752732005824485e-19,-2.1243847383907263e-11,7274.978533183048,73.99858189778426,0.1408950672926125,95.26694139565474,0.0198514199873898,3.439804839490003e-17,4.97296028247316e-11,18368.9208811613,73.99808845132016,0.1635788114319105,95.26655811169704,0.0267580275494765,-9.626058179293403e-16,-2.0019791243679913e-09,162.47520939170167,0.0018040400677489,1.326055889586163e-05,277.4795908118236,0.0017502679756822,1.3639464865507515e-05,846.2128473595054,0.0017122582395568,1660.3808056806547,7274.978533183154,12450.227627123431,18748818269045.76,18368.92088116093,61892.42535756522,93200856213992.69,1.0,74.0,0.0,74.0,0.0,0.0,0.0,1.0,74.0,0.0,74.0,0.0,0.0,0.0,1.0,74.0,0.0,74.0,0.0,0.0,0.0,1.0,74.0,0.0,74.0,0.0,0.0,0.0,1.0,74.0,0.0,74.0,0.0,0.0,0.0
1.0,60.0,0.0,1.0,60.0,0.0,1.0,60.0,0.0,1.0,60.0,0.0,1.0,60.0,0.0,1.0,60.0,0.0,1.0,60.0,0.0,1.0,60.0,0.0,1.0,60.0,0.0,1.0,60.0,0.0,1.0,60.0,0.0,60.0,0.0,0.0,0.0,1.0,60.0,0.0,60.0,0.0,0.0,0.0,1.0,60.0,0.0,60.0,0.0,0.0,0.0,1.0,60.0,0.0,60.0,0.0,0.0,0.0,1.0,60.0,0.0,60.0,0.0,0.0,0.0,1.0,1505913450.928999,0.0,1.0,1505913450.928999,0.0,1.0,1505913450.928999,0.0,1.0,1505913450.928999,0.0,1.0,1505913450.928999,0.0,1.0,60.0,0.0,60.0,0.0,0.0,0.0,1.0,60.0,0.0,60.0,0.0,0.0,0.0,1.0,60.0,0.0,60.0,0.0,0.0,0.0,1.0,60.0,0.0,60.0,0.0,0.0,0.0,1.0,60.0,0.0,60.0,0.0,0.0,0.0
1.0,60.0,0.0,1.0,60.0,0.0,1.0,60.0,0.0,1.0,60.0,0.0,1.0,60.0,0.0,1.0,60.0,0.0,1.0,60.0,0.0,1.0,60.0,0.0,1.0,60.0,0.0,1.0,60.0,0.0,1.0,60.0,0.0,60.0,0.0,0.0,0.0,1.0,60.0,0.0,60.0,0.0,0.0,0.0,1.0,60.0,0.0,60.0,0.0,0.0,0.0,1.0,60.0,0.0,60.0,0.0,0.0,0.0,1.0,60.0,0.0,60.0,0.0,0.0,0.0,1.0,1505913579.163201,0.0,1.0,1505913579.163201,0.0,1.0,1505913579.163201,0.0,1.0,1505913579.163201,0.0,1.0,1505913579.163201,0.0,1.0,60.0,0.0,60.0,0.0,0.0,0.0,1.0,60.0,0.0,60.0,0.0,0.0,0.0,1.0,60.0,0.0,60.0,0.0,0.0,0.0,1.0,60.0,0.0,60.0,0.0,0.0,0.0,1.0,60.0,0.0,60.0,0.0,0.0,0.0
72.43872092216516,74.26026321156378,6.179240159453912,95.47487617228369,74.24213793666684,5.787259619743963,145.4804847706929,74.5397013395428,203.3287208099892,830.063665819636,78.59469494094714,3237.76862446658,8544.01823585667,76.75149780231179,1773.1259378244586,72.43872092216516,74.26026321156378,6.179240159453912,95.47487617228369,74.24213793666684,5.787259619743963,145.4804847706929,74.5397013395428,203.3287208099892,830.063665819636,78.59469494094714,3237.76862446658,8544.01823585667,76.75149780231179,1773.1259378244586,1.0,74.0,0.0,74.0,0.0,0.0,0.0,1.0,74.0,0.0,74.0,0.0,0.0,0.0,1.0,74.0,0.0,74.0,0.0,0.0,0.0,1.0,74.0,0.0,74.0,0.0,0.0,0.0,1.0,74.0,0.0,74.0,0.0,0.0,0.0,1.0,1505913148.915447,0.0,1.0,1505913148.915447,0.0,1.0,1505913148.915447,0.0,1.0,1505913148.915447,0.0,1.0,1505913148.915447,0.0,1.0,74.0,0.0,74.0,0.0,0.0,0.0,1.0,74.0,0.0,74.0,0.0,0.0,0.0,1.0,74.0,0.0,74.0,0.0,0.0,0.0,1.0,74.0,0.0,74.0,0.0,0.0,0.0,1.0,74.0,0.0,74.0,0.0,0.0,0.0
9.259958374642242,75.5868519904743,35.655812703865195,18.319478984226755,75.09165704322366,37.78046248153896,117.69928875823884,75.94244815020305,1350.4296505321754,1106.3803338391297,77.9349660045429,2830.2294523766072,3155.1174225742875,76.42488554616659,1477.7859273485592,9.259958374642242,75.5868519904743,35.655812703865195,18.319478984226755,75.09165704322366,37.78046248153896,117.69928875823884,75.94244815020305,1350.4296505321754,1106.3803338391297,77.9349660045429,2830.2294523766072,3155.1174225742875,76.42488554616659,1477.7859273485592,1.0,74.0,0.0,74.0,0.0,0.0,0.0,1.0,74.0,0.0,74.0,0.0,0.0,0.0,1.0,74.0,0.0,74.0,0.0,0.0,0.0,1.0,74.0,0.0,74.0,0.0,0.0,0.0,1.0,74.0,0.0,74.0,0.0,0.0,0.0,1.0,1505912825.416508,0.0,1.0,1505912825.416508,0.0,1.0,1505912825.416508,0.0,1.0,1505912825.416508,0.0,1.0,1505912825.416508,0.0,1.0,74.0,0.0,74.0,0.0,0.0,0.0,1.0,74.0,0.0,74.0,0.0,0.0,0.0,1.0,74.0,0.0,74.0,0.0,0.0,0.0,1.0,74.0,0.0,74.0,0.0,0.0,0.0,1.0,74.0,0.0,74.0,0.0,0.0,0.0
1.0,60.0,0.0,1.0,60.0,0.0,1.0,60.0,0.0,1.0,60.0,0.0,1.0,60.0,0.0,1.0,60.0,0.0,1.0,60.0,0.0,1.0,60.0,0.0,1.0,60.0,0.0,1.0,60.0,0.0,1.0,60.0,0.0,60.0,0.0,0.0,0.0,1.0,60.0,0.0,60.0,0.0,0.0,0.0,1.0,60.0,0.0,60.0,0.0,0.0,0.0,1.0,60.0,0.0,60.0,0.0,0.0,0.0,1.0,60.0,0.0,60.0,0.0,0.0,0.0,1.0,1505913537.78614,0.0,1.0,1505913537.78614,0.0,1.0,1505913537.78614,0.0,1.0,1505913537.78614,0.0,1.0,1505913537.78614,0.0,1.0,60.0,0.0,60.0,0.0,0.0,0.0,1.0,60.0,0.0,60.0,0.0,0.0,0.0,1.0,60.0,0.0,60.0,0.0,0.0,0.0,1.0,60.0,0.0,60.0,0.0,0.0,0.0,1.0,60.0,0.0,60.0,0.0,0.0,0.0
14.957412079441012,74.18799735256087,4.476593456933188,25.903388401860447,74.28555485759864,6.771829455782608,89.11477247556881,74.38259565040019,41.08898610545202,928.3037446302376,78.50638453254591,3362.28111779394,8671.865171961867,77.04936297354931,2045.2578226292248,14.957412079441012,74.18799735256087,4.476593456933188,25.903388401860447,74.28555485759864,6.771829455782608,89.11477247556881,74.38259565040019,41.08898610545202,928.3037446302376,78.50638453254591,3362.28111779394,8671.865171961867,77.04936297354931,2045.2578226292248,1.0000300019431332,74.0,0.0,74.0,0.0,0.0,0.0,1.0019332571725654,74.0,0.0,74.0,0.0,0.0,0.0,1.124574707667233,74.0,9.5367431640625e-07,74.0,9.094947017729282e-13,0.0,0.0,1.8119756165539231,73.99999999999999,1.3486991523486091e-06,73.99999999999999,1.8189894035458565e-12,0.0,0.0,1.97938691814298,74.0,0.0,74.0,0.0,0.0,0.0,1.0000300019431332,45181.97032211925,68033557227230.55,1.0019332571725654,2905702.949241076,4367288680605863.0,1.124574707667233,166817458.41159788,2.233845372745727e+17,1.8119756165539231,674824074.5500914,5.608389196088187e+17,1.97938691814298,745115387.5041969,5.668821238394945e+17,1.0000300019431332,74.0,0.0,74.0,0.0,0.0,0.0,1.0019332571725654,74.0,0.0,74.0,0.0,0.0,0.0,1.124574707667233,74.0,9.5367431640625e-07,74.0,9.094947017729282e-13,0.0,0.0,1.8119756165539231,73.99999999999999,1.3486991523486091e-06,73.99999999999999,1.8189894035458565e-12,0.0,0.0,1.97938691814298,74.0,0.0,74.0,0.0,0.0,0.0
209.97493631305915,74.00664513260057,0.2622972537374153,297.46295451183374,74.01291062325521,0.576930404585255,736.34731437681,74.01814133881916,1.1565976815563772,7558.279566742935,74.10901271020803,46.24145335079356,32111.539087091645,74.30979589781259,199.64037439049568,209.97493631305915,74.00664513260057,0.2622972537374153,297.46295451183374,74.01291062325521,0.576930404585255,736.34731437681,74.01814133881916,1.1565976815563772,7558.279566742935,74.10901271020803,46.24145335079356,32111.539087091645,74.30979589781259,199.64037439049568,209.8524920744412,73.99999999999999,1.3486991523486091e-06,95.2680429105164,5.752149554916067e-12,6.267388073873324e-28,1.9892794232406823e-16,297.0625146988326,73.99999999999999,1.6518123698891422e-06,95.2680429105164,2.8760747774580336e-12,-8.26366816556592e-29,-5.245804104831827e-17,733.7143489752756,73.99999995885403,0.000758969588212,95.26804287855612,5.760348358453359e-07,9.026620712918512e-22,5.878878391335742e-13,7532.223278814946,73.99906078366031,0.1146653683576124,95.26731337066158,0.0131481467005869,1.6752889954052583e-16,5.106650359526918e-10,32011.20724647491,73.99840465088654,0.1494400966631759,95.26680371921908,0.0223323424906993,-6.098184058170063e-17,-4.1365798579658336e-11,209.8524920744412,0.0015529797999404,0.0001173223906718,297.0625146988326,0.0017665626499475,0.0001641340423065,733.7143489752782,0.0020408216900699,0.000230789225808,7532.223278815043,862.1880179085882,1298377664336.9285,32011.207246473907,27287.932681739338,41092541168415.984,1.0,74.0,0.0,95.26804291051644,0.0,0.0,0.0,1.0,74.0,0.0,95.26804291051644,0.0,0.0,0.0,1.0000000000000002,74.0,9.5367431640625e-07,95.26804291051644,9.094947017729282e-13,0.0,0.0,1.0278651783165729,74.0,0.0,95.26804291051644,0.0,0.0,0.0,1.6990466883846291,74.0,0.0,95.26804291051644,0.0,0.0,0.0
176.64028841105565,74.01192785235641,0.2861273912994875,289.8633890706567,74.02142116608502,0.5139156538598401,864.1754834973186,74.0324105196401,0.8128803228519246,7603.190258601208,74.06444195212278,10.035191216842575,17286.017594201305,74.0788570871814,15.567196864847574,176.64028841105565,74.01192785235641,0.2861273912994875,289.8633890706567,74.02142116608502,0.5139156538598401,864.1754834973186,74.0324105196401,0.8128803228519246,7603.190258601208,74.06444195212278,10.035191216842575,17286.017594201305,74.0788570871814,15.567196864847574,176.5524990403246,73.999999968184,0.0006674071517079,95.26804288580315,4.45432306156709e-07,-2.190508792727101e-21,-2.176627208228669e-12,289.604587199088,73.99999297967453,0.0099138548794979,95.26803745743834,9.828451857174514e-05,1.0942388753232337e-18,1.1573627381854929e-10,862.9781541712313,73.99914727987121,0.1092582018783221,95.26738055676806,0.0119373546776841,-7.502253418743949e-17,-5.878844393375265e-10,7585.817958919172,73.99808995418532,0.1635145039458824,95.26655927904434,0.026736993000668,9.876464976776607e-17,1.472513536677731e-10,17239.406374195154,73.99787245956533,0.1725718389370842,95.2663903406762,0.0297810395941269,2.952660561195991e-16,2.6169449113671397e-10,176.5524990403246,0.0016864964746694,2.999986943109763e-05,289.6045871990878,0.0016955680741734,3.2627357622159463e-05,862.9781541712332,0.0019076271963438,337376.71406952,7585.817958919248,20353.97359788741,30650913379756.484,17239.40637419486,69560.54412044807,104747343833957.22,1.0,74.0,0.0,74.0,0.0,0.0,0.0,1.0,74.0,0.0,74.0,0.0,0.0,0.0,1.0,74.0,0.0,74.0,0.0,0.0,0.0,1.0,74.0,0.0,74.0,0.0,0.0,0.0,1.0,74.0,0.0,74.0,0.0,0.0,0.0
1.0,60.0,0.0,1.0,60.0,0.0,1.0,60.0,0.0,1.0,60.0,0.0,1.0,60.0,0.0,1.0,60.0,0.0,1.0,60.0,0.0,1.0,60.0,0.0,1.0,60.0,0.0,1.0,60.0,0.0,1.0,60.0,0.0,60.0,0.0,0.0,0.0,1.0,60.0,0.0,60.0,0.0,0.0,0.0,1.0,60.0,0.0,60.0,0.0,0.0,0.0,1.0,60.0,0.0,60.0,0.0,0.0,0.0,1.0,60.0,0.0,60.0,0.0,0.0,0.0,1.0,1505913542.207523,0.0,1.0,1505913542.207523,0.0,1.0,1505913542.207523,0.0,1.0,1505913542.207523,0.0,1.0,1505913542.207523,0.0,1.0,60.0,0.0,60.0,0.0,0.0,0.0,1.0,60.0,0.0,60.0,0.0,0.0,0.0,1.0,60.0,0.0,60.0,0.0,0.0,0.0,1.0,60.0,0.0,60.0,0.0,0.0,0.0,1.0,60.0,0.0,60.0,0.0,0.0,0.0
1.0,60.0,0.0,1.0,60.0,0.0,1.0,60.0,0.0,1.0,60.0,0.0,1.0,60.0,0.0,1.0,60.0,0.0,1.0,60.0,0.0,1.0,60.0,0.0,1.0,60.0,0.0,1.0,60.0,0.0,1.0,60.0,0.0,60.0,0.0,0.0,0.0,1.0,60.0,0.0,60.0,0.0,0.0,0.0,1.0,60.0,0.0,60.0,0.0,0.0,0.0,1.0,60.0,0.0,60.0,0.0,0.0,0.0,1.0,60.0,0.0,60.0,0.0,0.0,0.0,1.0,1505913471.974243,0.0,1.0,1505913471.974243,0.0,1.0,1505913471.974243,0.0,1.0,1505913471.974243,0.0,1.0,1505913471.974243,0.0,1.0,60.0,0.0,60.0,0.0,0.0,0.0,1.0,60.0,0.0,60.0,0.0,0.0,0.0,1.0,60.0,0.0,60.0,0.0,0.0,0.0,1.0,60.0,0.0,60.0,0.0,0.0,0.0,1.0,60.0,0.0,60.0,0.0,0.0,0.0
68.45372836466599,74.09834952651292,1.923292613689228,107.98110211712142,74.14581601285832,2.6598329945572914,245.0136314258712,74.20724342642305,4.2946793542669175,1209.1869279304783,74.84206218550733,216.751572516122,2308.421010107181,74.94378805017921,249.1820351726529,68.45372836466599,74.09834952651292,1.923292613689228,107.98110211712142,74.14581601285832,2.6598329945572914,245.0136314258712,74.20724342642305,4.2946793542669175,1209.1869279304783,74.84206218550733,216.751572516122,2308.421010107181,74.94378805017921,249.1820351726529,1.0000000008987118,74.00000000000001,1.3486991523486091e-06,74.00000000000001,1.8189894035458565e-12,0.0,0.0,1.00000374107489,73.99999999999999,9.5367431640625e-07,73.99999999999999,9.094947017729282e-13,0.0,0.0,1.017441197993962,74.0,0.0,74.0,0.0,0.0,0.0,2.194456740101088,74.0,9.5367431640625e-07,74.0,9.094947017729282e-13,0.0,0.0,2.8985932810474666,74.0,0.0,74.0,0.0,0.0,0.0,1.0000000008987118,6.010333046835463,60300.71732689161,1.00000374107489,16.790607900079902,16234230829.713757,1.017441197993962,2852567.814945823,4287572263731711.0,2.194456740101088,367254613.7666458,4.181774651593874e+17,2.8985932810474666,488047385.51741534,4.967665473963365e+17,1.0000000008987118,74.00000000000001,1.3486991523486091e-06,74.00000000000001,1.8189894035458565e-12,0.0,0.0,1.00000374107489,73.99999999999999,9.5367431640625e-07,73.99999999999999,9.094947017729282e-13,0.0,0.0,1.017441197993962,74.0,0.0,74.0,0.0,0.0,0.0,2.194456740101088,74.0,9.5367431640625e-07,74.0,9.094947017729282e-13,0.0,0.0,2.8985932810474666,74.0,0.0,74.0,0.0,0.0,0.0
1.0,60.0,0.0,1.0,60.0,0.0,1.0,60.0,0.0,1.0,60.0,0.0,1.0,60.0,0.0,1.0,60.0,0.0,1.0,60.0,0.0,1.0,60.0,0.0,1.0,60.0,0.0,1.0,60.0,0.0,1.0,60.0,0.0,60.0,0.0,0.0,0.0,1.0,60.0,0.0,60.0,0.0,0.0,0.0,1.0,60.0,0.0,60.0,0.0,0.0,0.0,1.0,60.0,0.0,60.0,0.0,0.0,0.0,1.0,60.0,0.0,60.0,0.0,0.0,0.0,1.0,1505913475.057002,0.0,1.0,1505913475.057002,0.0,1.0,1505913475.057002,0.0,1.0,1505913475.057002,0.0,1.0,1505913475.057002,0.0,1.0,60.0,0.0,60.0,0.0,0.0,0.0,1.0,60.0,0.0,60.0,0.0,0.0,0.0,1.0,60.0,0.0,60.0,0.0,0.0,0.0,1.0,60.0,0.0,60.0,0.0,0.0,0.0,1.0,60.0,0.0,60.0,0.0,0.0,0.0
162.64843040444646,74.08607324371927,2.058349470356916,272.7731347665536,74.07105694357236,1.7003908106189556,794.6277873268492,74.0522514689048,1.265073141632456,2266.2799180016227,74.0572423320531,1.452954273983778,2604.346123967793,74.06010463978362,1.5341453345045009,162.64843040444646,74.08607324371927,2.058349470356916,272.7731347665536,74.07105694357236,1.7003908106189556,794.6277873268492,74.0522514689048,1.265073141632456,2266.2799180016227,74.0572423320531,1.452954273983778,2604.346123967793,74.06010463978362,1.5341453345045009,161.7517943674234,73.99999999999999,2.523185072960464e-06,95.2680429105164,6.926505289687981e-12,-1.8286836382539508e-27,-4.3876174833230233e-16,271.46701649958567,73.99999999999997,3.015782985847835e-06,95.26804291051648,1.084741638067186e-11,1.8947875748083664e-27,2.5840664435554083e-16,792.0479259389897,74.00000000000014,4.672030911985737e-06,95.26804291051664,2.190353294061841e-11,7.193796956370667e-27,1.1416615734978385e-15,2258.9247750248715,73.99999999999976,5.478441854990033e-06,95.26804291051614,3.3761736982834157e-11,2.2578374348186942e-26,1.048120137794609e-15,2595.534269123971,73.9999999999998,2.6973983046972182e-06,95.26804291051624,1.3497649051401667e-11,3.7310691138795786e-27,4.1023538747464944e-16,161.7517943674234,1.3791353161554296,2074082702.6432009,271.4670164995853,442.72065446295954,666696238670.2931,792.0479259389931,81858.47618516501,123265107534255.22,2258.9247750248765,486743.1540950245,732756323514400.5,2595.5342691239634,562229.3383206322,846352829015947.9,1.0,74.0,0.0,74.0,0.0,0.0,0.0,1.0,74.0,0.0,74.0,0.0,0.0,0.0,1.0,74.0,0.0,74.0,0.0,0.0,0.0,1.0,74.0,0.0,74.0,0.0,0.0,0.0,1.0,74.0,0.0,74.0,0.0,0.0,0.0
160.78166195387183,73.99159525624829,9.024688348466045,241.71876129696065,74.15224847041709,125.42177187113155,509.8699229266062,75.90332729351739,1550.8040805909052,5062.589048069076,74.91760534076593,707.4886750770056,10528.656237135336,74.55673554539116,402.8275609078546,160.78166195387183,73.99159525624829,9.024688348466045,241.71876129696065,74.15224847041709,125.42177187113155,509.8699229266062,75.90332729351739,1550.8040805909052,5062.589048069076,74.91760534076593,707.4886750770056,10528.656237135336,74.55673554539116,402.8275609078546,159.92326501850582,73.99999999999996,1.3486991523486091e-06,95.26804291051636,4.897778860262863e-12,8.189369117664166e-28,2.847411750852387e-16,240.45278462593265,74.0000000000001,3.3036247397782844e-06,95.26804291051664,2.3594333053684467e-11,1.0657492491315376e-26,7.053429353800177e-16,506.3607602891929,73.99999988391727,0.0012748146672108,95.26804282034858,1.6251524358885592e-06,-1.1756747670906286e-20,-1.9536961326041613e-12,5043.484017576076,73.99849812625735,0.1449964713905008,95.26687632614848,0.0210239767156963,2.1983225330517635e-16,2.5789450759212936e-10,10494.473422932717,73.99765891073338,0.1810242220607084,95.26622446738035,0.0327697689726846,-1.960196132388332e-15,-1.2279472025989606e-09,159.92326501850573,0.0020425309486081,0.0003068348431128,240.4527846259328,0.0024498638798165,0.0008528723932133,506.36076028919456,0.1969606793048372,291120127.43723416,5043.484017576123,57064.07839248642,85930353078697.98,10494.47342293268,121609.90149464952,183119300262326.75,1.0,74.0,0.0,74.0,0.0,0.0,0.0,1.0,74.0,0.0,74.0,0.0,0.0,0.0,1.0,74.0,0.0,74.0,0.0,0.0,0.0,1.0,74.0,0.0,74.0,0.0,0.0,0.0,1.0,74.0,0.0,74.0,0.0,0.0,0.0
61.62842794817865,74.03662108626033,0.909454491526958,70.00236489664985,74.10238759853691,4.744353366099858,146.22535709334142,74.70257848298094,199.41387224910977,1336.7317472844504,77.85534102384528,2793.227247435661,6468.879151731439,77.0068024463837,2007.5591467670465,61.62842794817865,74.03662108626033,0.909454491526958,70.00236489664985,74.10238759853691,4.744353366099858,146.22535709334142,74.70257848298094,199.41387224910977,1336.7317472844504,77.85534102384528,2793.227247435661,6468.879151731439,77.0068024463837,2007.5591467670465,1.0000000009002707,74.0,0.0,74.0,0.0,0.0,0.0,1.0000037450201953,74.0,9.5367431640625e-07,74.0,9.094947017729282e-13,0.0,0.0,1.017452064127088,74.0,0.0,74.0,0.0,0.0,0.0,2.194631809856322,74.00000000000001,1.3486991523486091e-06,74.00000000000001,1.8189894035458565e-12,0.0,0.0,2.898623321461998,74.0,0.0,74.0,0.0,0.0,0.0,1.0000000009002707,6.009833656533557,61164.311685176224,1.0000037450201953,16.882478142214698,16373333585.329044,1.017452064127088,2860661.55675968,4299714820985693.0,2.194631809856322,367329796.9131386,4.1823549822625216e+17,2.898623321461998,488056244.6060329,4.967712970537829e+17,1.0000000009002707,74.0,0.0,74.0,0.0,0.0,0.0,1.0000037450201953,74.0,9.5367431640625e-07,74.0,9.094947017729282e-13,0.0,0.0,1.017452064127088,74.0,0.0,74.0,0.0,0.0,0.0,2.194631809856322,74.00000000000001,1.3486991523486091e-06,74.00000000000001,1.8189894035458565e-12,0.0,0.0,2.898623321461998,74.0,0.0,74.0,0.0,0.0,0.0
1.0,60.0,0.0,1.0,60.0,0.0,1.0,60.0,0.0,1.0,60.0,0.0,1.0,60.0,0.0,1.0,60.0,0.0,1.0,60.0,0.0,1.0,60.0,0.0,1.0,60.0,0.0,1.0,60.0,0.0,1.0,60.0,0.0,60.0,0.0,0.0,0.0,1.0,60.0,0.0,60.0,0.0,0.0,0.0,1.0,60.0,0.0,60.0,0.0,0.0,0.0,1.0,60.0,0.0,60.0,0.0,0.0,0.0,1.0,60.0,0.0,60.0,0.0,0.0,0.0,1.0,1505913457.3275108,0.0,1.0,1505913457.3275108,0.0,1.0,1505913457.3275108,0.0,1.0,1505913457.3275108,0.0,1.0,1505913457.3275108,0.0,1.0,60.0,0.0,60.0,0.0,0.0,0.0,1.0,60.0,0.0,60.0,0.0,0.0,0.0,1.0,60.0,0.0,60.0,0.0,0.0,0.0,1.0,60.0,0.0,60.0,0.0,0.0,0.0,1.0,60.0,0.0,60.0,0.0,0.0,0.0
1.0,60.0,0.0,1.0,60.0,0.0,1.0,60.0,0.0,1.0,60.0,0.0,1.0,60.0,0.0,1.0,60.0,0.0,1.0,60.0,0.0,1.0,60.0,0.0,1.0,60.0,0.0,1.0,60.0,0.0,1.0,60.0,0.0,60.0,0.0,0.0,0.0,1.0,60.0,0.0,60.0,0.0,0.0,0.0,1.0,60.0,0.0,60.0,0.0,0.0,0.0,1.0,60.0,0.0,60.0,0.0,0.0,0.0,1.0,60.0,0.0,60.0,0.0,0.0,0.0,1.0,1505913550.981607,0.0,1.0,1505913550.981607,0.0,1.0,1505913550.981607,0.0,1.0,1505913550.981607,0.0,1.0,1505913550.981607,0.0,1.0,60.0,0.0,60.0,0.0,0.0,0.0,1.0,60.0,0.0,60.0,0.0,0.0,0.0,1.0,60.0,0.0,60.0,0.0,0.0,0.0,1.0,60.0,0.0,60.0,0.0,0.0,0.0,1.0,60.0,0.0,60.0,0.0,0.0,0.0
1.0,60.0,0.0,1.0,60.0,0.0,1.0,60.0,0.0,1.0,60.0,0.0,1.0,60.0,0.0,1.0,60.0,0.0,1.0,60.0,0.0,1.0,60.0,0.0,1.0,60.0,0.0,1.0,60.0,0.0,1.0,60.0,0.0,60.0,0.0,0.0,0.0,1.0,60.0,0.0,60.0,0.0,0.0,0.0,1.0,60.0,0.0,60.0,0.0,0.0,0.0,1.0,60.0,0.0,60.0,0.0,0.0,0.0,1.0,60.0,0.0,60.0,0.0,0.0,0.0,1.0,1505913475.095866,0.0,1.0,1505913475.095866,0.0,1.0,1505913475.095866,0.0,1.0,1505913475.095866,0.0,1.0,1505913475.095866,0.0,1.0,60.0,0.0,60.0,0.0,0.0,0.0,1.0,60.0,0.0,60.0,0.0,0.0,0.0,1.0,60.0,0.0,60.0,0.0,0.0,0.0,1.0,60.0,0.0,60.0,0.0,0.0,0.0,1.0,60.0,0.0,60.0,0.0,0.0,0.0
1.0,60.0,0.0,1.0,60.0,0.0,1.0,60.0,0.0,1.0,60.0,0.0,1.0,60.0,0.0,1.0,60.0,0.0,1.0,60.0,0.0,1.0,60.0,0.0,1.0,60.0,0.0,1.0,60.0,0.0,1.0,60.0,0.0,60.0,0.0,0.0,0.0,1.0,60.0,0.0,60.0,0.0,0.0,0.0,1.0,60.0,0.0,60.0,0.0,0.0,0.0,1.0,60.0,0.0,60.0,0.0,0.0,0.0,1.0,60.0,0.0,60.0,0.0,0.0,0.0,1.0,1505913556.581799,0.0,1.0,1505913556.581799,0.0,1.0,1505913556.581799,0.0,1.0,1505913556.581799,0.0,1.0,1505913556.581799,0.0,1.0,60.0,0.0,60.0,0.0,0.0,0.0,1.0,60.0,0.0,60.0,0.0,0.0,0.0,1.0,60.0,0.0,60.0,0.0,0.0,0.0,1.0,60.0,0.0,60.0,0.0,0.0,0.0,1.0,60.0,0.0,60.0,0.0,0.0,0.0
179.78509927111057,78.49143354234069,3701.780804208172,244.2880050027056,79.81707150325438,4783.697860932627,462.9438683223632,80.79400290784777,5566.430883614366,6795.184569290809,74.76518028046901,593.0644345399387,18754.261985225225,74.34237660768719,235.8027846894529,179.78509927111057,78.49143354234069,3701.780804208172,244.2880050027056,79.81707150325438,4783.697860932627,462.9438683223632,80.79400290784777,5566.430883614366,6795.184569290809,74.76518028046901,593.0644345399387,18754.261985225225,74.34237660768719,235.8027846894529,178.5633119611839,73.99999999999996,1.9073486328125e-06,95.26804291051636,4.834030647877921e-12,1.2756596701896912e-31,3.748613235985746e-20,242.1011436935118,73.99999999995983,2.386092377318727e-05,95.26804291048526,5.693845437261942e-10,-3.0682699169779407e-25,-4.923518683339821e-15,457.65126799605775,73.9999729098986,0.0194746165415949,95.26802186812591,0.0003792606894421,1.5288903009223889e-18,3.228870635763327e-11,6772.234647651982,73.99857777567605,0.1410996730526023,95.2669381938076,0.0199091177355512,1.8123595632140007e-16,4.1564601406136485e-10,18696.69297612872,73.99811678145045,0.1623622895697601,95.26658011706486,0.0263615130743346,3.546699864973326e-16,7.856510981559342e-10,178.5633119611839,0.003639153535722,0.0055355731811118,242.1011436935118,0.0047607041723253,0.0083786084182592,457.6512679960581,0.0051002531818873,10718.144025511969,6772.234647652057,15155.614346824032,22822816446263.426,18696.6929761283,61572.370395114354,92718889924585.58,1.0000301210243971,73.99999999999999,9.5367431640625e-07,73.99999999999999,9.094947017729282e-13,0.0,0.0,1.0019378575204991,74.0,0.0,74.0,0.0,0.0,0.0,1.1246734413893602,73.99999999999999,1.3486991523486091e-06,73.99999999999999,1.8189894035458565e-12,0.0,0.0,1.8120399480686795,74.0,0.0,74.0,0.0,0.0,0.0,1.9793946773904856,74.0,0.0,74.0,0.0,0.0,0.0
1.0,60.0,0.0,1.0,60.0,0.0,1.0,60.0,0.0,1.0,60.0,0.0,1.0,60.0,0.0,1.0,60.0,0.0,1.0,60.0,0.0,1.0,60.0,0.0,1.0,60.0,0.0,1.0,60.0,0.0,1.0,60.0,0.0,60.0,0.0,0.0,0.0,1.0,60.0,0.0,60.0,0.0,0.0,0.0,1.0,60.0,0.0,60.0,0.0,0.0,0.0,1.0,60.0,0.0,60.0,0.0,0.0,0.0,1.0,60.0,0.0,60.0,0.0,0.0,0.0,1.0,1505913474.725493,0.0,1.0,1505913474.725493,0.0,1.0,1505913474.725493,0.0,1.0,1505913474.725493,0.0,1.0,1505913474.725493,0.0,1.0,60.0,0.0,60.0,0.0,0.0,0.0,1.0,60.0,0.0,60.0,0.0,0.0,0.0,1.0,60.0,0.0,60.0,0.0,0.0,0.0,1.0,60.0,0.0,60.0,0.0,0.0,0.0,1.0,60.0,0.0,60.0,0.0,0.0,0.0
1.0,60.0,0.0,1.0,60.0,0.0,1.0,60.0,0.0,1.0,60.0,0.0,1.0,60.0,0.0,1.0,60.0,0.0,1.0,60.0,0.0,1.0,60.0,0.0,1.0,60.0,0.0,1.0,60.0,0.0,1.0,60.0,0.0,60.0,0.0,0.0,0.0,1.0,60.0,0.0,60.0,0.0,0.0,0.0,1.0,60.0,0.0,60.0,0.0,0.0,0.0,1.0,60.0,0.0,60.0,0.0,0.0,0.0,1.0,60.0,0.0,60.0,0.0,0.0,0.0,1.0,1505913538.162676,0.0,1.0,1505913538.162676,0.0,1.0,1505913538.162676,0.0,1.0,1505913538.162676,0.0,1.0,1505913538.162676,0.0,1.0,60.0,0.0,60.0,0.0,0.0,0.0,1.0,60.0,0.0,60.0,0.0,0.0,0.0,1.0,60.0,0.0,60.0,0.0,0.0,0.0,1.0,60.0,0.0,60.0,0.0,0.0,0.0,1.0,60.0,0.0,60.0,0.0,0.0,0.0
1.0,60.0,0.0,1.0,60.0,0.0,1.0,60.0,0.0,1.0,60.0,0.0,1.0,60.0,0.0,1.0,60.0,0.0,1.0,60.0,0.0,1.0,60.0,0.0,1.0,60.0,0.0,1.0,60.0,0.0,1.0,60.0,0.0,60.0,0.0,0.0,0.0,1.0,60.0,0.0,60.0,0.0,0.0,0.0,1.0,60.0,0.0,60.0,0.0,0.0,0.0,1.0,60.0,0.0,60.0,0.0,0.0,0.0,1.0,60.0,0.0,60.0,0.0,0.0,0.0,1.0,1505913434.214507,0.0,1.0,1505913434.214507,0.0,1.0,1505913434.214507,0.0,1.0,1505913434.214507,0.0,1.0,1505913434.214507,0.0,1.0,60.0,0.0,60.0,0.0,0.0,0.0,1.0,60.0,0.0,60.0,0.0,0.0,0.0,1.0,60.0,0.0,60.0,0.0,0.0,0.0,1.0,60.0,0.0,60.0,0.0,0.0,0.0,1.0,60.0,0.0,60.0,0.0,0.0,0.0
97.94353773255304,82.0669940233922,6664.993549754991,111.55456462703503,83.50642492048955,7824.016283605147,268.0094293727115,79.42198432688213,4428.841869045211,5086.53523279584,74.406461453357,280.4207319003299,9862.384165707335,74.25959634322946,154.38233920645143,97.94353773255304,82.0669940233922,6664.993549754991,111.55456462703503,83.50642492048955,7824.016283605147,268.0094293727115,79.42198432688213,4428.841869045211,5086.53523279584,74.406461453357,280.4207319003299,9862.384165707335,74.25959634322946,154.38233920645143,96.9686089125362,73.99999999999993,2.132480599880018e-06,95.26804291051636,4.897778860262863e-12,1.8596739053971364e-31,6.46601374892198e-20,110.15383893049427,74.0,9.5367431640625e-07,95.2680429105164,1.2862197421537484e-12,-4.1830432577294126e-30,-4.599304701363488e-18,265.34530875602053,73.99999876108063,0.0041647191065575,95.26804194817868,1.7344885236525734e-05,3.310638024922301e-20,4.455453081855823e-12,5072.306162666992,73.99822613219766,0.1575785600609176,95.26666505505403,0.0248310025908722,1.8326813056721484e-16,6.518620728700574e-10,9835.65178209471,73.99745872452763,0.1886038135254685,95.26606897362916,0.0355713984763497,-1.8684169440814084e-15,-9.07585591864912e-10,96.9686089125362,0.0157205546270927,0.0358940235296382,110.15383893049427,0.017348132670217,0.0409585918374757,265.3453087560208,2.0731118402331843,3107042761.630921,5072.306162667038,67398.56196271119,101491913820505.56,9835.651782094705,132008.74639444723,198776432505087.03,1.0000332252627215,74.0,9.5367431640625e-07,74.0,9.094947017729282e-13,0.0,0.0,1.0020553276001007,74.0,9.5367431640625e-07,74.0,9.094947017729282e-13,0.0,0.0,1.1271433601337877,74.0,0.0,74.0,0.0,0.0,0.0,1.8136345244871104,74.0,0.0,74.0,0.0,0.0,0.0,1.979586828202808,74.0,9.5367431640625e-07,74.0,9.094947017729282e-13,0.0,0.0
1.0,60.0,0.0,1.0,60.0,0.0,1.0,60.0,0.0,1.0,60.0,0.0,1.0,60.0,0.0,1.0,60.0,0.0,1.0,60.0,0.0,1.0,60.0,0.0,1.0,60.0,0.0,1.0,60.0,0.0,1.0,60.0,0.0,60.0,0.0,0.0,0.0,1.0,60.0,0.0,60.0,0.0,0.0,0.0,1.0,60.0,0.0,60.0,0.0,0.0,0.0,1.0,60.0,0.0,60.0,0.0,0.0,0.0,1.0,60.0,0.0,60.0,0.0,0.0,0.0,1.0,1505913576.1035118,0.0,1.0,1505913576.1035118,0.0,1.0,1505913576.1035118,0.0,1.0,1505913576.1035118,0.0,1.0,1505913576.1035118,0.0,1.0,60.0,0.0,60.0,0.0,0.0,0.0,1.0,60.0,0.0,60.0,0.0,0.0,0.0,1.0,60.0,0.0,60.0,0.0,0.0,0.0,1.0,60.0,0.0,60.0,0.0,0.0,0.0,1.0,60.0,0.0,60.0,0.0,0.0,0.0
135.87174985754268,74.04663174925159,1.1169874619927214,248.43061541716045,74.04848332508266,1.1612492816311717,807.9860885783611,74.04492834670923,1.1645973061113182,7194.425177042859,74.07922011045504,14.057301826220286,15079.21996069129,74.08770860310867,18.2387986077365,135.87174985754268,74.04663174925159,1.1169874619927214,248.43061541716045,74.04848332508266,1.1612492816311717,807.9860885783611,74.04492834670923,1.1645973061113182,7194.425177042859,74.07922011045504,14.057301826220286,15079.21996069129,74.08770860310867,18.2387986077365,135.60775246713757,73.99999999999993,2.3360154559928683e-06,95.2680429105164,7.402750541632352e-12,-5.102334444097186e-28,-9.765888885323191e-17,247.9287511490881,74.00000000000001,1.3486991523486091e-06,95.26804291051636,7.941821057362622e-12,-2.6472538862693568e-28,-7.059451524946875e-17,806.4812530697621,73.99999999682214,0.0002108871295788,95.26804290804807,4.4473382761155096e-08,-2.9348097847872535e-22,-4.2124928139399116e-13,7175.418802811306,73.99922826493727,0.1039408258520671,95.26744346210968,0.0108036952788097,2.1666904187860384e-16,4.887599538863045e-10,15035.20318750404,73.99841633078584,0.1488921118459312,95.26681279157144,0.0221688609699413,3.2609656148692653e-16,4.0918449223203224e-10,135.60775246713763,0.0022308398904793,5.978399682982759e-05,247.9287511490884,0.0019891619523702,4.616820051073543e-05,806.4812530697653,0.0071253315574873,8015582.466524052,7175.418802811329,29339.03356011596,44181192867047.61,15035.20318750387,82269.73891193695,123884366321321.8,1.0,74.0,0.0,74.0,0.0,0.0,0.0,1.0,74.0,0.0,74.0,0.0,0.0,0.0,1.0,74.0,0.0,74.0,0.0,0.0,0.0,1.0,74.0,0.0,74.0,0.0,0.0,0.0,1.0,74.0,0.0,74.0,0.0,0.0,0.0
1.0,60.0,0.0,1.0,60.0,0.0,1.0,60.0,0.0,1.0,60.0,0.0,1.0,60.0,0.0,1.0,60.0,0.0,1.0,60.0,0.0,1.0,60.0,0.0,1.0,60.0,0.0,1.0,60.0,0.0,1.0,60.0,0.0,60.0,0.0,0.0,0.0,1.0,60.0,0.0,60.0,0.0,0.0,0.0,1.0,60.0,0.0,60.0,0.0,0.0,0.0,1.0,60.0,0.0,60.0,0.0,0.0,0.0,1.0,60.0,0.0,60.0,0.0,0.0,0.0,1.0,1505913583.061024,0.0,1.0,1505913583.061024,0.0,1.0,1505913583.061024,0.0,1.0,1505913583.061024,0.0,1.0,1505913583.061024,0.0,1.0,60.0,0.0,60.0,0.0,0.0,0.0,1.0,60.0,0.0,60.0,0.0,0.0,0.0,1.0,60.0,0.0,60.0,0.0,0.0,0.0,1.0,60.0,0.0,60.0,0.0,0.0,0.0,1.0,60.0,0.0,60.0,0.0,0.0,0.0
1.0,60.0,0.0,1.0,60.0,0.0,1.0,60.0,0.0,1.0,60.0,0.0,1.0,60.0,0.0,1.0,60.0,0.0,1.0,60.0,0.0,1.0,60.0,0.0,1.0,60.0,0.0,1.0,60.0,0.0,1.0,60.0,0.0,60.0,0.0,0.0,0.0,1.0,60.0,0.0,60.0,0.0,0.0,0.0,1.0,60.0,0.0,60.0,0.0,0.0,0.0,1.0,60.0,0.0,60.0,0.0,0.0,0.0,1.0,60.0,0.0,60.0,0.0,0.0,0.0,1.0,1505913432.254078,0.0,1.0,1505913432.254078,0.0,1.0,1505913432.254078,0.0,1.0,1505913432.254078,0.0,1.0,1505913432.254078,0.0,1.0,60.0,0.0,60.0,0.0,0.0,0.0,1.0,60.0,0.0,60.0,0.0,0.0,0.0,1.0,60.0,0.0,60.0,0.0,0.0,0.0,1.0,60.0,0.0,60.0,0.0,0.0,0.0,1.0,60.0,0.0,60.0,0.0,0.0,0.0
165.87474864000984,74.01563490788226,0.3841629943162843,270.1241921932827,74.02481248261043,0.6537940023208648,788.5521647215628,74.03847574850502,2.4358361676841014,6807.331713924384,74.12926120513535,37.74953748155167,33807.289944807504,74.29487773315194,180.4367968870083,165.87474864000984,74.01563490788226,0.3841629943162843,270.1241921932827,74.02481248261043,0.6537940023208648,788.5521647215628,74.03847574850502,2.4358361676841014,6807.331713924384,74.12926120513535,37.74953748155167,33807.289944807504,74.29487773315194,180.4367968870083,165.76502101782725,73.99975853446222,0.058141716609917,95.2678553508932,0.0033804592103479,-4.859130353268791e-18,-6.196630713540184e-11,269.82757195587544,73.99845555047712,0.1470370973367832,95.26684325543668,0.0216199079932266,8.611164086777194e-17,4.3423003496876567e-10,787.2729477288016,73.99448879313829,0.2777166229620753,95.26376211213716,0.0771265226694595,3.133051656147518e-16,3.3458817382062477e-10,6786.228323882259,73.997654219372,0.1812054804260728,95.26622082338385,0.0328354261364438,1.0554639225279124e-16,2.0358731892404456e-10,33702.31430457147,73.9981784594908,0.1596817120189896,95.266628025361,0.0254982491533155,-7.460885512983098e-17,-4.0827601090241535e-11,165.76502101782742,0.001777955035389,1.971733135995761e-05,269.8275719558762,0.0018086512865871,2.3185682787152005e-05,787.2729477288042,0.0018498058116957,5.39363578679872e-05,6786.228323882359,468.9378029896613,706176717483.9825,33702.314304570114,24134.30082415836,36343603838746.2,1.0,74.0,0.0,95.26804291051644,0.0,0.0,0.0,1.0,74.0,0.0,95.26804291051644,0.0,0.0,0.0,1.0,74.0,0.0,95.26804291051644,0.0,0.0,0.0,1.021057360461547,74.0,9.5367431640625e-07,95.26804291051644,9.094947017729282e-13,0.0,0.0,1.6797361903633912,74.0,0.0,95.26804291051644,0.0,0.0,0.0
1.0,60.0,0.0,1.0,60.0,0.0,1.0,60.0,0.0,1.0,60.0,0.0,1.0,60.0,0.0,1.0,60.0,0.0,1.0,60.0,0.0,1.0,60.0,0.0,1.0,60.0,0.0,1.0,60.0,0.0,1.0,60.0,0.0,60.0,0.0,0.0,0.0,1.0,60.0,0.0,60.0,0.0,0.0,0.0,1.0,60.0,0.0,60.0,0.0,0.0,0.0,1.0,60.0,0.0,60.0,0.0,0.0,0.0,1.0,60.0,0.0,60.0,0.0,0.0,0.0,1.0,1505913579.159216,0.0,1.0,1505913579.159216,0.0,1.0,1505913579.159216,0.0,1.0,1505913579.159216,0.0,1.0,1505913579.159216,0.0,1.0,60.0,0.0,60.0,0.0,0.0,0.0,1.0,60.0,0.0,60.0,0.0,0.0,0.0,1.0,60.0,0.0,60.0,0.0,0.0,0.0,1.0,60.0,0.0,60.0,0.0,0.0,0.0,1.0,60.0,0.0,60.0,0.0,0.0,0.0
169.36620093985476,74.0058992366355,0.4478971182334135,272.8218912080973,74.02458633613256,11.941162696618449,797.1978293075715,74.57489458845987,462.73103115184034,7543.9204052839805,74.58376447478427,445.5605495918062,38696.60193520637,74.36473977148287,246.24982302441367,169.36620093985476,74.0058992366355,0.4478971182334135,272.8218912080973,74.02458633613256,11.941162696618449,797.1978293075715,74.57489458845987,462.73103115184034,7543.9204052839805,74.58376447478427,445.5605495918062,38696.60193520637,74.36473977148287,246.24982302441367,168.91979343229443,73.99998302089108,0.0154177572243648,95.26802972189655,0.0002377072378294,-1.1441496233242196e-18,-3.318029078062625e-11,271.92252839416705,73.9996848166368,0.0664264084921736,95.26779809023397,0.0044124677451691,-3.25129715207912e-17,-3.629115641641664e-10,794.190176052937,73.9967751846687,0.2124547368082609,95.265538038319,0.0451370151922674,2.185783274257444e-17,3.1142248816464643e-11,7521.206270076746,73.99775576535846,0.177240650863366,95.26629969884227,0.0314142483184696,5.652953442791551e-17,1.2640462534494166e-10,38580.03943987192,73.9982241251334,0.1576676709764546,95.26666349607012,0.0248590944711395,3.3526531911770343e-16,3.153268044913585e-10,168.9197934322944,0.0017489879769212,2.2283175036920552e-05,271.92252839416693,0.0017977441782715,2.621514012101626e-05,794.1901760529381,0.0018274411900663,2.852937821286729e-05,7521.206270076831,134.66243922726565,202787183665.2936,38580.039439870365,18802.274669612376,28314258270870.234,1.0,74.0,0.0,95.26804291051644,0.0,0.0,0.0,1.0,74.0,0.0,95.26804291051644,0.0,0.0,0.0,1.0,74.0,0.0,95.26804291051644,0.0,0.0,0.0,1.020214146481258,73.99999999999999,1.3486991523486091e-06,95.26804291051644,1.8189894035458565e-12,0.0,0.0,1.6769639481284069,74.0,9.5367431640625e-07,95.26804291051644,9.094947017729282e-13,0.0,0.0
1.0,60.0,0.0,1.0,60.0,0.0,1.0,60.0,0.0,1.0,60.0,0.0,1.0,60.0,0.0,1.0,60.0,0.0,1.0,60.0,0.0,1.0,60.0,0.0,1.0,60.0,0.0,1.0,60.0,0.0,1.0,60.0,0.0,60.0,0.0,0.0,0.0,1.0,60.0,0.0,60.0,0.0,0.0,0.0,1.0,60.0,0.0,60.0,0.0,0.0,0.0,1.0,60.0,0.0,60.0,0.0,0.0,0.0,1.0,60.0,0.0,60.0,0.0,0.0,0.0,1.0,1505913586.9530606,0.0,1.0,1505913586.9530606,0.0,1.0,1505913586.9530606,0.0,1.0,1505913586.9530606,0.0,1.0,1505913586.9530606,0.0,1.0,60.0,0.0,60.0,0.0,0.0,0.0,1.0,60.0,0.0,60.0,0.0,0.0,0.0,1.0,60.0,0.0,60.0,0.0,0.0,0.0,1.0,60.0,0.0,60.0,0.0,0.0,0.0,1.0,60.0,0.0,60.0,0.0,0.0,0.0
160.42130298775118,74.24359115798958,153.60506319776414,267.5736515356606,74.84227159686061,655.061923242125,809.1898422473132,76.14755339451781,1734.271388091437,7237.071465995324,75.09433910126756,815.2658941400142,22885.21968634765,74.5414285342882,378.6743503612706,160.42130298775118,74.24359115798958,153.60506319776414,267.5736515356606,74.84227159686061,655.061923242125,809.1898422473132,76.14755339451781,1734.271388091437,7237.071465995324,75.09433910126756,815.2658941400142,22885.21968634765,74.5414285342882,378.6743503612706,159.97637953106388,73.99999999831671,0.0001535415649414,95.26804290920892,2.357501223483043e-08,-1.883886278918289e-23,-9.097323442043812e-14,266.66972781512123,73.99999876802283,0.0041530311254388,95.26804195357109,1.7247667528863747e-05,-6.018722348191324e-20,-8.77361168993859e-12,805.4389107073897,73.99950235762637,0.0834670329860321,95.2676563644575,0.0069667455954913,-1.2853642026796425e-17,-1.3184555981483754e-10,7209.399839581041,73.99802320254669,0.166346796064748,95.2665074298658,0.0276712565610068,1.2789331600024534e-16,1.2017857875925098e-10,22809.65436292716,73.99797908979986,0.1681923263711109,95.26647316540286,0.0282886586501263,-5.73712245081077e-16,-7.540438392757233e-10,159.97637953106369,0.0018334757049603,1.4240519525588966e-05,266.66972781512123,0.0018210278526682,1.3907154141425556e-05,805.4389107073919,0.0017977124476431,2.6292658173198373,7209.399839581149,6560.35811226559,9879287998503.863,22809.65436292643,46707.22593274289,70334872909811.47,1.0,74.0,0.0,74.0,0.0,0.0,0.0,1.0,74.0,0.0,74.0,0.0,0.0,0.0,1.0,74.0,0.0,74.0,0.0,0.0,0.0,1.0,74.0,0.0,74.0,0.0,0.0,0.0,1.0,74.0,0.0,74.0,0.0,0.0,0.0
7.204916957188369,74.28425025999331,6.7429126193583215,8.580609976216737,74.7164307218443,20.20363700831149,29.266675080823163,78.53391840620408,2808.8582718253965,985.1694342011212,79.91083890049103,4403.1543758334365,7648.889573316873,77.06441590352578,2062.0989761204887,7.204916957188369,74.28425025999331,6.7429126193583215,8.580609976216737,74.7164307218443,20.20363700831149,29.266675080823163,78.53391840620408,2808.8582718253965,985.1694342011212,79.91083890049103,4403.1543758334365,7648.889573316873,77.06441590352578,2062.0989761204887,1.0000000008825138,74.0,0.0,74.0,0.0,0.0,0.0,1.0000037005255389,74.0,9.5367431640625e-07,74.0,9.094947017729282e-13,0.0,0.0,1.0173828481690956,74.0,0.0,74.0,0.0,0.0,0.0,2.1941609054002464,74.0,9.5367431640625e-07,74.0,9.094947017729282e-13,0.0,0.0,2.8985485498497217,74.0,9.5367431640625e-07,74.0,9.094947017729282e-13,0.0,0.0,1.0000000008825138,6.015580907486791,59985.75951212584,1.0000037005255389,16.762036686085082,16183303876.02823,1.0173828481690956,2849745.3711744063,4283338545179199.0,2.1941609054002464,367265707.1476472,4.1818609327730106e+17,2.8985485498497217,488049867.72707534,4.9676795655239846e+17,1.0000000008825138,74.0,0.0,74.0,0.0,0.0,0.0,1.0000037005255389,74.0,9.5367431640625e-07,74.0,9.094947017729282e-13,0.0,0.0,1.0173828481690956,74.0,0.0,74.0,0.0,0.0,0.0,2.1941609054002464,74.0,9.5367431640625e-07,74.0,9.094947017729282e-13,0.0,0.0,2.8985485498497217,74.0,9.5367431640625e-07,74.0,9.094947017729282e-13,0.0,0.0
1.0,60.0,0.0,1.0,60.0,0.0,1.0,60.0,0.0,1.0,60.0,0.0,1.0,60.0,0.0,1.0,60.0,0.0,1.0,60.0,0.0,1.0,60.0,0.0,1.0,60.0,0.0,1.0,60.0,0.0,1.0,60.0,0.0,60.0,0.0,0.0,0.0,1.0,60.0,0.0,60.0,0.0,0.0,0.0,1.0,60.0,0.0,60.0,0.0,0.0,0.0,1.0,60.0,0.0,60.0,0.0,0.0,0.0,1.0,60.0,0.0,60.0,0.0,0.0,0.0,1.0,1505913537.993951,0.0,1.0,1505913537.993951,0.0,1.0,1505913537.993951,0.0,1.0,1505913537.993951,0.0,1.0,1505913537.993951,0.0,1.0,60.0,0.0,60.0,0.0,0.0,0.0,1.0,60.0,0.0,60.0,0.0,0.0,0.0,1.0,60.0,0.0,60.0,0.0,0.0,0.0,1.0,60.0,0.0,60.0,0.0,0.0,0.0,1.0,60.0,0.0,60.0,0.0,0.0,0.0
96.65505435196636,75.37168086910961,289.9523866973741,115.89362154301142,75.97090352925784,446.3988958219789,209.5935478629472,76.54452407581745,900.2507453416902,1303.913835201765,78.73387473489757,3454.415168235025,6299.468247253061,77.13888762927922,2100.314134676589,96.65505435196636,75.37168086910961,289.9523866973741,115.89362154301142,75.97090352925784,446.3988958219789,209.5935478629472,76.54452407581745,900.2507453416902,1303.913835201765,78.73387473489757,3454.415168235025,6299.468247253061,77.13888762927922,2100.314134676589,1.0296778711394945,98.0,0.0,138.5929291125633,3.637978807091713e-12,8.22327989302701e-26,0.0,1.1352571879091766,98.0,1.3486991523486091e-06,138.5929291125633,2.5724394843074964e-12,1.2212022229548042e-14,0.0067136302200235,1.9705491118695924,97.9999479315338,0.0444814456599392,138.59281753638012,0.0044783027105753,0.0013720000802435,0.4866279683955822,14.99063484759204,97.01401834496374,6.041121010815263,137.14879797809098,53.43221833801514,34.02587895244689,0.9015903409515648,92.5610266152371,96.26099452961935,7.940911021314203,136.14910507923443,89.73431569631937,58.370180193701145,0.9199497206407328,1.0296778711394945,1.023332639091013,1.7773392113618058e-07,1.1352571879091766,1.0230815536900455,8.510087263768895e-07,1.9705491118695924,1.0217265072370298,5.180599452314638e-06,14.990634847592045,6060.045839301581,9124362781244.629,92.56102661523718,6157638.540447816,9234948572624158.0,1.0296778711394945,98.0,0.0,138.5929291125633,3.637978807091713e-12,-6.741436631879681e-39,0.0,1.1352571879091764,98.0,1.9073486328125e-06,138.5929291125633,3.637978807091713e-12,4.1387260728162985e-41,0.0,1.9705464117782816,98.0,0.0,138.5929291125633,1.8189894035458565e-12,-4.8200922217607216e-31,0.0,14.601674559248016,98.0,1.9073486328125e-06,138.59292911256335,5.144878968614994e-12,1.7332874483750116e-28,4.764424259416296e-17,88.32512841450155,97.99999999999994,4.046097457045827e-06,138.5929291125633,1.8727642129282687e-11,1.6550492552208839e-28,1.3563585118821536e-17
1.0,60.0,0.0,1.0,60.0,0.0,1.0,60.0,0.0,1.0,60.0,0.0,1.0,60.0,0.0,1.0,60.0,0.0,1.0,60.0,0.0,1.0,60.0,0.0,1.0,60.0,0.0,1.0,60.0,0.0,1.0,60.0,0.0,60.0,0.0,0.0,0.0,1.0,60.0,0.0,60.0,0.0,0.0,0.0,1.0,60.0,0.0,60.0,0.0,0.0,0.0,1.0,60.0,0.0,60.0,0.0,0.0,0.0,1.0,60.0,0.0,60.0,0.0,0.0,0.0,1.0,1505913459.3460698,0.0,1.0,1505913459.3460698,0.0,1.0,1505913459.3460698,0.0,1.0,1505913459.3460698,0.0,1.0,1505913459.3460698,0.0,1.0,60.0,0.0,60.0,0.0,0.0,0.0,1.0,60.0,0.0,60.0,0.0,0.0,0.0,1.0,60.0,0.0,60.0,0.0,0.0,0.0,1.0,60.0,0.0,60.0,0.0,0.0,0.0,1.0,60.0,0.0,60.0,0.0,0.0,0.0
24.333598542489447,75.02381461061809,674.7026629085976,49.506923717439406,77.28604700254941,2554.502277551393,256.50027002063723,79.90335596196188,4786.649398942132,6360.3629158079175,74.76263251175847,588.3399950605773,18669.233598660336,74.34267246255176,235.1540826577648,24.333598542489447,75.02381461061809,674.7026629085976,49.506923717439406,77.28604700254941,2554.502277551393,256.50027002063723,79.90335596196188,4786.649398942132,6360.3629158079175,74.76263251175847,588.3399950605773,18669.233598660336,74.34267246255176,235.1540826577648,24.08624823943241,73.99999999999999,0.0,95.26804291051644,4.547473508864642e-12,-3.551098227672656e-29,0.0,48.87091562887207,73.99999999997856,1.737677303150997e-05,95.26804291049976,3.020193498570249e-10,3.283788079786798e-25,7.489570043840429e-15,253.24494433396407,73.99997670655613,0.0180584515073709,95.26802481720117,0.000326107670844,1.5063727056352862e-19,1.2369918600837607e-11,6338.085871941956,73.99858913682172,0.1405350271713704,95.266947018576,0.0197500938620578,1.4721696411385702e-16,2.3689394421806487e-10,18611.093643421304,73.9981221196513,0.1621320398658635,95.2665842635013,0.0262867983510659,3.6199729519117853e-16,9.557862244004199e-10,24.08624823943241,0.0392717462426656,0.036452003381498,48.87091562887214,0.0223332035487543,0.0228526587391113,253.2449443339661,0.0084254553991286,9216.007876403552,6338.085871942053,15034.547016934706,22640502906511.69,18611.09364342081,61397.836447613845,92456078223684.52,1.0,74.0,0.0,74.0,0.0,0.0,0.0,1.0,74.0,0.0,74.0,0.0,0.0,0.0,1.0,74.0,0.0,74.0,0.0,0.0,0.0,1.0,74.0,0.0,74.0,0.0,0.0,0.0,1.0,74.0,0.0,74.0,0.0,0.0,0.0
52.9922242839731,74.13445947170372,3.2089479713558835,66.96977501149793,74.19320309689874,4.599546888919576,175.00241349798569,74.21072779359339,5.01374966860476,1001.7213789133704,74.69015149889854,220.98286648623343,7126.045686014367,76.21209608664762,1366.065814757605,52.9922242839731,74.13445947170372,3.2089479713558835,66.96977501149793,74.19320309689874,4.599546888919576,175.00241349798569,74.21072779359339,5.01374966860476,1001.7213789133704,74.69015149889854,220.98286648623343,7126.045686014367,76.21209608664762,1366.065814757605,1.0000298396589162,74.0,0.0,74.0,0.0,0.0,0.0,1.0019269760315077,73.99999999999999,1.3486991523486091e-06,73.99999999999999,1.8189894035458565e-12,0.0,0.0,1.1244396471296774,74.0,0.0,74.0,0.0,0.0,0.0,1.811887541369464,74.0,0.0,74.0,0.0,0.0,0.0,1.97937629419166,73.99999999999999,1.3486991523486091e-06,73.99999999999999,1.8189894035458565e-12,0.0,0.0,1.0000298396589162,44937.59469740502,67665559575158.43,1.0019269760315077,2896280.12704655,4353152826993511.0,1.1244396471296774,166656592.96240047,2.2319589950935578e+17,1.811887541369464,674783587.3770639,5.60832458357435e+17,1.97937629419166,745111206.6208742,5.668819115230085e+17,1.0000298396589162,74.0,0.0,74.0,0.0,0.0,0.0,1.0019269760315077,73.99999999999999,1.3486991523486091e-06,73.99999999999999,1.8189894035458565e-12,0.0,0.0,1.1244396471296774,74.0,0.0,74.0,0.0,0.0,0.0,1.811887541369464,74.0,0.0,74.0,0.0,0.0,0.0,1.97937629419166,73.99999999999999,1.3486991523486091e-06,73.99999999999999,1.8189894035458565e-12,0.0,0.0
1.0,60.0,0.0,1.0,60.0,0.0,1.0,60.0,0.0,1.0,60.0,0.0,1.0,60.0,0.0,1.0,60.0,0.0,1.0,60.0,0.0,1.0,60.0,0.0,1.0,60.0,0.0,1.0,60.0,0.0,1.0,60.0,0.0,60.0,0.0,0.0,0.0,1.0,60.0,0.0,60.0,0.0,0.0,0.0,1.0,60.0,0.0,60.0,0.0,0.0,0.0,1.0,60.0,0.0,60.0,0.0,0.0,0.0,1.0,60.0,0.0,60.0,0.0,0.0,0.0,1.0,1505913431.330735,0.0,1.0,1505913431.330735,0.0,1.0,1505913431.330735,0.0,1.0,1505913431.330735,0.0,1.0,1505913431.330735,0.0,1.0,60.0,0.0,60.0,0.0,0.0,0.0,1.0,60.0,0.0,60.0,0.0,0.0,0.0,1.0,60.0,0.0,60.0,0.0,0.0,0.0,1.0,60.0,0.0,60.0,0.0,0.0,0.0,1.0,60.0,0.0,60.0,0.0,0.0,0.0
150.327328801018,74.35595459409359,183.71097106277105,257.9390686571598,75.1462550386392,764.7139878106218,787.2824886046981,76.58771379274187,1929.9071675028904,6475.602086466421,75.20741560667074,908.8676344584536,14823.774171189543,74.7765269726152,566.9510515715265,150.327328801018,74.35595459409359,183.71097106277105,257.9390686571598,75.1462550386392,764.7139878106218,787.2824886046981,76.58771379274187,1929.9071675028904,6475.602086466421,75.20741560667074,908.8676344584536,14823.774171189543,74.7765269726152,566.9510515715265,149.80354141062418,73.98679963777187,0.4296868878867435,95.25778981605548,0.1846308216217949,-9.70308242174166e-16,-1.3670893662728412e-09,256.7482972980135,73.98314967042599,0.4854077465742534,95.254954911315,0.2356206804342946,-1.247031960345284e-15,-1.2698854222056028e-09,782.5010288777041,73.98790407453056,0.4113351980738483,95.25864763548736,0.169196645174452,-4.4262028160806045e-16,-4.6063796024500856e-10,6448.518333659637,73.99728493697026,0.1949448918147032,95.26593398504616,0.0380035108446463,3.512774472154503e-16,5.142466098440423e-10,14770.286728897256,73.99749360139627,0.1873053614615852,95.26609606407028,0.0350832984322551,-1.5508086353480617e-15,-2.1373022498211875e-09,149.80354141062415,0.0019681072563046,2.104897965608481e-05,256.7482972980136,0.0018950155423731,1.7876128540595607e-05,782.5010288777084,0.0020878277402225,355802.0367153448,6448.518333659687,23836.89282080926,35895747046337.945,14770.28672889706,81152.56972421531,122202228294064.31,1.0,74.0,0.0,74.0,0.0,0.0,0.0,1.0,74.0,0.0,74.0,0.0,0.0,0.0,1.0,74.0,0.0,74.0,0.0,0.0,0.0,1.0,74.0,0.0,74.0,0.0,0.0,0.0,1.0,74.0,0.0,74.0,0.0,0.0,0.0
130.26012776949645,74.01386510799065,0.3325703505506681,235.5435682465937,74.02408465051589,0.5774515419925592,764.3022858655851,74.03668935736856,0.8794908659638168,7431.381039128156,74.07585009839333,15.273779978486344,37534.36462367592,74.25109434425801,149.33722050997676,130.26012776949645,74.01386510799065,0.3325703505506681,235.5435682465937,74.02408465051589,0.5774515419925592,764.3022858655851,74.03668935736856,0.8794908659638168,7431.381039128156,74.07585009839333,15.273779978486344,37534.36462367592,74.25109434425801,149.33722050997676,130.1848748220631,73.99999999999997,1.3486991523486091e-06,95.2680429105164,3.2792297820051226e-12,5.7334597475695885e-28,2.573599533703549e-16,235.30719389148987,74.0000000000001,3.932099938981686e-06,95.26804291051648,1.6116287176072864e-11,-2.330177991164409e-27,-2.778941853299854e-16,763.1338763948448,73.99999893565197,0.0038601627573358,95.26804208377806,1.4900856513124124e-05,-9.360711127550384e-20,-9.284799039689772e-12,7414.490188419157,73.99908994883147,0.1128711129986487,95.26733602476378,0.0127398881495537,7.364869288495119e-17,1.7665930583929314e-10,37426.53901011172,73.99849463430452,0.1451649188663224,95.266873613776,0.0210728536694659,3.5580263662919573e-16,3.7689547484543155e-10,130.1848748220632,0.0023127426291047,5.4583074117053805e-05,235.30719389149,0.0020878536072466,3.999270575711114e-05,763.1338763948481,0.0019019926520473,3.008440415232119e-05,7414.490188419253,181.92665668974,273962987805.9857,37426.53901011013,19945.177679999688,30035327989869.35,1.0,74.0,0.0,95.26804291051644,0.0,0.0,0.0,1.0,74.0,0.0,95.26804291051644,0.0,0.0,0.0,1.0,74.0,0.0,95.26804291051644,0.0,0.0,0.0,1.0200894114266654,73.99999999999999,9.5367431640625e-07,95.26804291051644,9.094947017729282e-13,0.0,0.0,1.67654505073751,74.0,0.0,95.26804291051644,0.0,0.0,0.0
1.0,60.0,0.0,1.0,60.0,0.0,1.0,60.0,0.0,1.0,60.0,0.0,1.0,60.0,0.0,1.0,60.0,0.0,1.0,60.0,0.0,1.0,60.0,0.0,1.0,60.0,0.0,1.0,60.0,0.0,1.0,60.0,0.0,60.0,0.0,0.0,0.0,1.0,60.0,0.0,60.0,0.0,0.0,0.0,1.0,60.0,0.0,60.0,0.0,0.0,0.0,1.0,60.0,0.0,60.0,0.0,0.0,0.0,1.0,60.0,0.0,60.0,0.0,0.0,0.0,1.0,1505913476.123791,0.0,1.0,1505913476.123791,0.0,1.0,1505913476.123791,0.0,1.0,1505913476.123791,0.0,1.0,1505913476.123791,0.0,1.0,60.0,0.0,60.0,0.0,0.0,0.0,1.0,60.0,0.0,60.0,0.0,0.0,0.0,1.0,60.0,0.0,60.0,0.0,0.0,0.0,1.0,60.0,0.0,60.0,0.0,0.0,0.0,1.0,60.0,0.0,60.0,0.0,0.0,0.0
166.50612506599236,74.01101154248653,0.7628317791704831,272.93382981638143,74.04240130608379,6.579981024064182,804.5098212806523,74.1817182495394,38.87402682518496,7873.177953917176,74.25055597027756,137.30287188573584,25966.12699222149,74.40892252406864,275.6082707883116,166.50612506599236,74.01101154248653,0.7628317791704831,272.93382981638143,74.04240130608379,6.579981024064182,804.5098212806523,74.1817182495394,38.87402682518496,7873.177953917176,74.25055597027756,137.30287188573584,25966.12699222149,74.40892252406864,275.6082707883116,166.44324408873453,73.99999999833005,0.0001529064429593,95.26804290921928,2.3380381293518404e-08,-2.5772213306610706e-23,-6.453498497284511e-14,272.69879090372643,73.99999877215194,0.0041460661587934,95.26804195677838,1.7189864593092403e-05,1.0382247111957616e-19,2.1439241550044308e-11,802.9164299753951,73.99949762914505,0.0838626233429126,95.26765269159232,0.0070329395939552,-2.011978605851265e-17,-6.723428801000625e-11,7853.340926255716,73.9983861205551,0.1503053813362927,95.26678932580216,0.0225917076586483,5.603640405204601e-16,1.044796294814874e-09,25888.13364101107,73.99828523907384,0.1549313157924949,95.26671096623,0.0240037126131937,-6.747793285880298e-16,-4.334719349743212e-10,166.44324408873456,0.0017679319522065,1.7200414559359962e-05,272.69879090372643,0.0017845833105499,1.7417698973642335e-05,802.9164299753978,0.0018038511487555,0.0046261966390379,7853.340926255862,3191.642088738645,4806326621233.663,25888.13364101037,38621.25262853607,58158803054941.43,1.0,74.0,0.0,95.26804291051644,0.0,0.0,0.0,1.0,74.0,0.0,95.26804291051644,0.0,0.0,0.0,1.0,74.0,0.0,95.26804291051644,0.0,0.0,0.0,1.023573269757979,73.99999999999999,1.3486991523486091e-06,95.26804291051644,1.8189894035458565e-12,0.0,0.0,1.6874513712816768,74.0,0.0,95.26804291051644,0.0,0.0,0.0
1.0,60.0,0.0,1.0,60.0,0.0,1.0,60.0,0.0,1.0,60.0,0.0,1.0,60.0,0.0,1.0,60.0,0.0,1.0,60.0,0.0,1.0,60.0,0.0,1.0,60.0,0.0,1.0,60.0,0.0,1.0,60.0,0.0,60.0,0.0,0.0,0.0,1.0,60.0,0.0,60.0,0.0,0.0,0.0,1.0,60.0,0.0,60.0,0.0,0.0,0.0,1.0,60.0,0.0,60.0,0.0,0.0,0.0,1.0,60.0,0.0,60.0,0.0,0.0,0.0,1.0,1505913540.463886,0.0,1.0,1505913540.463886,0.0,1.0,1505913540.463886,0.0,1.0,1505913540.463886,0.0,1.0,1505913540.463886,0.0,1.0,60.0,0.0,60.0,0.0,0.0,0.0,1.0,60.0,0.0,60.0,0.0,0.0,0.0,1.0,60.0,0.0,60.0,0.0,0.0,0.0,1.0,60.0,0.0,60.0,0.0,0.0,0.0,1.0,60.0,0.0,60.0,0.0,0.0,0.0
1.0,60.0,0.0,1.0,60.0,0.0,1.0,60.0,0.0,1.0,60.0,0.0,1.0,60.0,0.0,1.0,60.0,0.0,1.0,60.0,0.0,1.0,60.0,0.0,1.0,60.0,0.0,1.0,60.0,0.0,1.0,60.0,0.0,60.0,0.0,0.0,0.0,1.0,60.0,0.0,60.0,0.0,0.0,0.0,1.0,60.0,0.0,60.0,0.0,0.0,0.0,1.0,60.0,0.0,60.0,0.0,0.0,0.0,1.0,60.0,0.0,60.0,0.0,0.0,0.0,1.0,1505913447.437966,0.0,1.0,1505913447.437966,0.0,1.0,1505913447.437966,0.0,1.0,1505913447.437966,0.0,1.0,1505913447.437966,0.0,1.0,60.0,0.0,60.0,0.0,0.0,0.0,1.0,60.0,0.0,60.0,0.0,0.0,0.0,1.0,60.0,0.0,60.0,0.0,0.0,0.0,1.0,60.0,0.0,60.0,0.0,0.0,0.0,1.0,60.0,0.0,60.0,0.0,0.0,0.0
176.69960539212715,75.59623208810794,1322.8971523262871,286.2979530165044,75.98509237304621,1637.6105814879486,826.9658157186923,75.5301686324506,1205.9530050075418,7155.643137633292,74.75265303818065,524.177741244328,22279.254817969355,74.40987585783206,267.9176886978093,176.69960539212715,75.59623208810794,1322.8971523262871,286.2979530165044,75.98509237304621,1637.6105814879486,826.9658157186923,75.5301686324506,1205.9530050075418,7155.643137633292,74.75265303818065,524.177741244328,22279.254817969355,74.40987585783206,267.9176886978093,176.29664306071174,73.99999968907089,0.0020863850611158,95.2680426690005,4.353002623252104e-06,3.89396980394272e-21,7.396887410428602e-13,285.40180555066524,73.99997205283296,0.0197802819241343,95.26802120239547,0.0003912595529982,-1.6535456244404588e-18,-3.737681351672022e-11,824.103286037008,73.99859165946215,0.1404093448391182,95.26694897803657,0.0197147841181504,-9.359854164724952e-17,-6.989932509033611e-10,7131.01438597302,73.99777728433898,0.1763889982640238,95.26631641363412,0.0311130787085858,2.722400540014709e-16,3.6188071845002245e-10,22208.896105975982,73.99790223835053,0.1713600373910853,95.26641347125675,0.0293642624146741,-6.411838397286235e-16,-1.1326150025092338e-09,176.29664306071166,0.0016597606936296,1.0799747582921375e-05,285.40180555066536,0.0017002547425431,1.1959398950632663e-05,824.1032860370102,0.0017584710967564,7.440864266615481,7131.014385973112,7376.481715710704,11108288417612.035,22208.896105975287,48483.41463629633,73009490956426.67,1.0,74.0,0.0,74.0,0.0,0.0,0.0,1.0,74.0,0.0,74.0,0.0,0.0,0.0,1.0,74.0,0.0,74.0,0.0,0.0,0.0,1.0,74.0,0.0,74.0,0.0,0.0,0.0,1.0,74.0,0.0,74.0,0.0,0.0,0.0
172.42313687514576,74.00626041478212,0.1507509320863391,278.2472833698021,74.015293972248,0.459493341651978,741.5559427763576,74.07513964303114,11.42860207711783,6567.124698397231,74.15305844465837,47.17624888689079,32917.647490141404,74.30699601127247,188.87662739240483,172.42313687514576,74.00626041478212,0.1507509320863391,278.2472833698021,74.015293972248,0.459493341651978,741.5559427763576,74.07513964303114,11.42860207711783,6567.124698397231,74.15305844465837,47.17624888689079,32917.647490141404,74.30699601127247,188.87662739240483,172.37817535284378,74.00000000000007,2.86102294921875e-06,95.26804291051651,8.385126836667848e-12,1.1908357412971385e-27,3.086138659591473e-16,278.0741674597105,74.00000000000004,2.523185072960464e-06,95.26804291051644,1.0732422853112389e-11,1.5346438051815964e-28,2.0691720077521998e-17,740.3846911536647,73.99999999977409,5.626678466796875e-05,95.268042910341,3.165953147062661e-09,-3.1110741377081355e-23,-2.8988662621044813e-13,6544.75974567455,73.99935708159958,0.0948706713900315,95.26754352081348,0.0090004442899953,5.533580182315977e-17,1.55348941144679e-10,32813.641816882606,73.99852245938013,0.1438171949733748,95.26689522689,0.0206833855700097,2.265336635466631e-16,1.3374788589379946e-10,172.37817535284387,0.0017206102391683,2.616760446230835e-05,278.07416745971057,0.0017639083751163,3.228737394532574e-05,740.3846911536655,0.0020131299710896,0.0002347880890509,6544.759745674632,590.191387834907,888773977522.0709,32813.641816881565,25272.856573960973,38058114985894.06,1.0,74.0,0.0,95.26804291051644,0.0,0.0,0.0,1.0,74.0,0.0,95.26804291051644,0.0,0.0,0.0,1.0,74.0,0.0,95.26804291051644,0.0,0.0,0.0,1.0209909751546151,74.0,0.0,95.26804291051644,0.0,0.0,0.0,1.6795215925249347,74.00000000000001,9.5367431640625e-07,95.26804291051644,9.094947017729282e-13,0.0,0.0
1.0,60.0,0.0,1.0,60.0,0.0,1.0,60.0,0.0,1.0,60.0,0.0,1.0,60.0,0.0,1.0,60.0,0.0,1.0,60.0,0.0,1.0,60.0,0.0,1.0,60.0,0.0,1.0,60.0,0.0,1.0,60.0,0.0,60.0,0.0,0.0,0.0,1.0,60.0,0.0,60.0,0.0,0.0,0.0,1.0,60.0,0.0,60.0,0.0,0.0,0.0,1.0,60.0,0.0,60.0,0.0,0.0,0.0,1.0,60.0,0.0,60.0,0.0,0.0,0.0,1.0,1505913469.8178608,0.0,1.0,1505913469.8178608,0.0,1.0,1505913469.8178608,0.0,1.0,1505913469.8178608,0.0,1.0,1505913469.8178608,0.0,1.0,60.0,0.0,60.0,0.0,0.0,0.0,1.0,60.0,0.0,60.0,0.0,0.0,0.0,1.0,60.0,0.0,60.0,0.0,0.0,0.0,1.0,60.0,0.0,60.0,0.0,0.0,0.0,1.0,60.0,0.0,60.0,0.0,0.0,0.0
1.0,60.0,0.0,1.0,60.0,0.0,1.0,60.0,0.0,1.0,60.0,0.0,1.0,60.0,0.0,1.0,60.0,0.0,1.0,60.0,0.0,1.0,60.0,0.0,1.0,60.0,0.0,1.0,60.0,0.0,1.0,60.0,0.0,60.0,0.0,0.0,0.0,1.0,60.0,0.0,60.0,0.0,0.0,0.0,1.0,60.0,0.0,60.0,0.0,0.0,0.0,1.0,60.0,0.0,60.0,0.0,0.0,0.0,1.0,60.0,0.0,60.0,0.0,0.0,0.0,1.0,1505913558.1668632,0.0,1.0,1505913558.1668632,0.0,1.0,1505913558.1668632,0.0,1.0,1505913558.1668632,0.0,1.0,1505913558.1668632,0.0,1.0,60.0,0.0,60.0,0.0,0.0,0.0,1.0,60.0,0.0,60.0,0.0,0.0,0.0,1.0,60.0,0.0,60.0,0.0,0.0,0.0,1.0,60.0,0.0,60.0,0.0,0.0,0.0,1.0,60.0,0.0,60.0,0.0,0.0,0.0
1.0,60.0,0.0,1.0,60.0,0.0,1.0,60.0,0.0,1.0,60.0,0.0,1.0,60.0,0.0,1.0,60.0,0.0,1.0,60.0,0.0,1.0,60.0,0.0,1.0,60.0,0.0,1.0,60.0,0.0,1.0,60.0,0.0,60.0,0.0,0.0,0.0,1.0,60.0,0.0,60.0,0.0,0.0,0.0,1.0,60.0,0.0,60.0,0.0,0.0,0.0,1.0,60.0,0.0,60.0,0.0,0.0,0.0,1.0,60.0,0.0,60.0,0.0,0.0,0.0,1.0,1505913451.1481938,0.0,1.0,1505913451.1481938,0.0,1.0,1505913451.1481938,0.0,1.0,1505913451.1481938,0.0,1.0,1505913451.1481938,0.0,1.0,60.0,0.0,60.0,0.0,0.0,0.0,1.0,60.0,0.0,60.0,0.0,0.0,0.0,1.0,60.0,0.0,60.0,0.0,0.0,0.0,1.0,60.0,0.0,60.0,0.0,0.0,0.0,1.0,60.0,0.0,60.0,0.0,0.0,0.0
166.0841429661394,74.06730780082884,15.54246609609072,272.304562035613,74.19332503877436,45.66531963528632,804.4592506696882,74.32051421710605,74.80037657663979,7865.454150315728,74.26497786496515,146.81813506681556,25606.691382837987,74.41649298852225,281.3177156410038,166.0841429661394,74.06730780082884,15.54246609609072,272.304562035613,74.19332503877436,45.66531963528632,804.4592506696882,74.32051421710605,74.80037657663979,7865.454150315728,74.26497786496515,146.81813506681556,25606.691382837987,74.41649298852225,281.3177156410038,165.9949592006922,73.99999995333981,0.0008082281522672,95.26804287427284,6.53232746127413e-07,-2.812188603283292e-21,-1.82423333597358e-12,271.9308970447461,73.99999093395711,0.011266078708581,95.26803586841568,0.0001269245294679,-6.982238013944269e-19,-9.190450055095704e-11,802.4665050823853,73.99902212347862,0.1170013463840122,95.26728334129758,0.0136893150556716,8.207150537689836e-17,2.2699004126001138e-10,7845.262308130475,73.99827328887217,0.1554701716771829,95.26670168392866,0.0241709742813327,6.969916194962026e-16,7.253635800519711e-10,25529.178285115468,73.99824951801362,0.1565365250769886,95.26668321994886,0.0245036836831786,-7.69073089961237e-16,-5.507415132732387e-10,165.9949592006922,0.0017650408305204,1.2676524840579366e-05,271.93089704474625,0.0017858444584401,1.3761555875151718e-05,802.4665050823887,0.0018044508458705,0.00898758938293,7845.262308130627,3414.7802823942934,5142352148874.852,25529.1782851148,39425.79161719972,59370307046959.21,1.0,74.0,0.0,95.26804291051644,0.0,0.0,0.0,1.0,74.0,0.0,95.26804291051644,0.0,0.0,0.0,1.0,74.0,0.0,95.26804291051644,0.0,0.0,0.0,1.0236165575555791,74.00000000000001,1.3486991523486091e-06,95.26804291051644,1.8189894035458565e-12,0.0,0.0,1.687577504373449,74.0,9.5367431640625e-07,95.26804291051644,9.094947017729282e-13,0.0,0.0
1.0,60.0,0.0,1.0,60.0,0.0,1.0,60.0,0.0,1.0,60.0,0.0,1.0,60.0,0.0,1.0,60.0,0.0,1.0,60.0,0.0,1.0,60.0,0.0,1.0,60.0,0.0,1.0,60.0,0.0,1.0,60.0,0.0,60.0,0.0,0.0,0.0,1.0,60.0,0.0,60.0,0.0,0.0,0.0,1.0,60.0,0.0,60.0,0.0,0.0,0.0,1.0,60.0,0.0,60.0,0.0,0.0,0.0,1.0,60.0,0.0,60.0,0.0,0.0,0.0,1.0,1505913474.706333,0.0,1.0,1505913474.706333,0.0,1.0,1505913474.706333,0.0,1.0,1505913474.706333,0.0,1.0,1505913474.706333,0.0,1.0,60.0,0.0,60.0,0.0,0.0,0.0,1.0,60.0,0.0,60.0,0.0,0.0,0.0,1.0,60.0,0.0,60.0,0.0,0.0,0.0,1.0,60.0,0.0,60.0,0.0,0.0,0.0,1.0,60.0,0.0,60.0,0.0,0.0,0.0
1.0,60.0,0.0,1.0,60.0,0.0,1.0,60.0,0.0,1.0,60.0,0.0,1.0,60.0,0.0,1.0,60.0,0.0,1.0,60.0,0.0,1.0,60.0,0.0,1.0,60.0,0.0,1.0,60.0,0.0,1.0,60.0,0.0,60.0,0.0,0.0,0.0,1.0,60.0,0.0,60.0,0.0,0.0,0.0,1.0,60.0,0.0,60.0,0.0,0.0,0.0,1.0,60.0,0.0,60.0,0.0,0.0,0.0,1.0,60.0,0.0,60.0,0.0,0.0,0.0,1.0,1505913586.058392,0.0,1.0,1505913586.058392,0.0,1.0,1505913586.058392,0.0,1.0,1505913586.058392,0.0,1.0,1505913586.058392,0.0,1.0,60.0,0.0,60.0,0.0,0.0,0.0,1.0,60.0,0.0,60.0,0.0,0.0,0.0,1.0,60.0,0.0,60.0,0.0,0.0,0.0,1.0,60.0,0.0,60.0,0.0,0.0,0.0,1.0,60.0,0.0,60.0,0.0,0.0,0.0
1.0,60.0,0.0,1.0,60.0,0.0,1.0,60.0,0.0,1.0,60.0,0.0,1.0,60.0,0.0,1.0,60.0,0.0,1.0,60.0,0.0,1.0,60.0,0.0,1.0,60.0,0.0,1.0,60.0,0.0,1.0,60.0,0.0,60.0,0.0,0.0,0.0,1.0,60.0,0.0,60.0,0.0,0.0,0.0,1.0,60.0,0.0,60.0,0.0,0.0,0.0,1.0,60.0,0.0,60.0,0.0,0.0,0.0,1.0,60.0,0.0,60.0,0.0,0.0,0.0,1.0,1505913548.495241,0.0,1.0,1505913548.495241,0.0,1.0,1505913548.495241,0.0,1.0,1505913548.495241,0.0,1.0,1505913548.495241,0.0,1.0,60.0,0.0,60.0,0.0,0.0,0.0,1.0,60.0,0.0,60.0,0.0,0.0,0.0,1.0,60.0,0.0,60.0,0.0,0.0,0.0,1.0,60.0,0.0,60.0,0.0,0.0,0.0,1.0,60.0,0.0,60.0,0.0,0.0,0.0
1.0,60.0,0.0,1.0,60.0,0.0,1.0,60.0,0.0,1.0,60.0,0.0,1.0,60.0,0.0,1.0,60.0,0.0,1.0,60.0,0.0,1.0,60.0,0.0,1.0,60.0,0.0,1.0,60.0,0.0,1.0,60.0,0.0,60.0,0.0,0.0,0.0,1.0,60.0,0.0,60.0,0.0,0.0,0.0,1.0,60.0,0.0,60.0,0.0,0.0,0.0,1.0,60.0,0.0,60.0,0.0,0.0,0.0,1.0,60.0,0.0,60.0,0.0,0.0,0.0,1.0,1505913447.949768,0.0,1.0,1505913447.949768,0.0,1.0,1505913447.949768,0.0,1.0,1505913447.949768,0.0,1.0,1505913447.949768,0.0,1.0,60.0,0.0,60.0,0.0,0.0,0.0,1.0,60.0,0.0,60.0,0.0,0.0,0.0,1.0,60.0,0.0,60.0,0.0,0.0,0.0,1.0,60.0,0.0,60.0,0.0,0.0,0.0,1.0,60.0,0.0,60.0,0.0,0.0,0.0
76.25127911317887,74.01288278307494,0.3090345794262248,89.76322771130184,74.04394271193296,1.0721552588911436,129.95695858794463,74.28741718081156,29.21713538833137,1063.2590984752942,74.9674012800417,293.1052599822878,8272.372547226667,76.34102570478207,1432.262810659573,76.25127911317887,74.01288278307494,0.3090345794262248,89.76322771130184,74.04394271193296,1.0721552588911436,129.95695858794463,74.28741718081156,29.21713538833137,1063.2590984752942,74.9674012800417,293.1052599822878,8272.372547226667,76.34102570478207,1432.262810659573,1.0000000008979657,74.0,9.5367431640625e-07,74.0,9.094947017729282e-13,0.0,0.0,1.0000037392781171,74.0,9.5367431640625e-07,74.0,9.094947017729282e-13,0.0,0.0,1.0174444400970573,74.0,9.5367431640625e-07,74.0,9.094947017729282e-13,0.0,0.0,2.1946072022453684,74.00000000000001,9.5367431640625e-07,74.00000000000001,9.094947017729282e-13,0.0,0.0,2.898620017295423,74.0,0.0,74.0,0.0,0.0,0.0,1.0000000008979657,6.010573504311675,61216.906036898254,1.0000037392781171,16.888826449395552,16381780858.0879,1.0174444400970573,2861174.9406923167,4300485358202567.0,2.1946072022453684,367340260.1613579,4.182436147070045e+17,2.898620017295423,488057681.03655946,4.967721202203187e+17,1.0000000008979657,74.0,9.5367431640625e-07,74.0,9.094947017729282e-13,0.0,0.0,1.0000037392781171,74.0,9.5367431640625e-07,74.0,9.094947017729282e-13,0.0,0.0,1.0174444400970573,74.0,9.5367431640625e-07,74.0,9.094947017729282e-13,0.0,0.0,2.1946072022453684,74.00000000000001,9.5367431640625e-07,74.00000000000001,9.094947017729282e-13,0.0,0.0,2.898620017295423,74.0,0.0,74.0,0.0,0.0,0.0
168.61514557205643,73.99747895338021,2.7070170603874435,260.88458259690736,74.07047657083261,58.064122243099526,573.6864469002834,75.3422752205783,1094.4198962222565,5131.921635046369,74.88451035433026,682.0011739313495,10691.138415317271,74.54700762091319,395.7942151942816,168.61514557205643,73.99747895338021,2.7070170603874435,260.88458259690736,74.07047657083261,58.064122243099526,573.6864469002834,75.3422752205783,1094.4198962222565,5131.921635046369,74.88451035433026,682.0011739313495,10691.138415317271,74.54700762091319,395.7942151942816,168.34512016676914,73.99999999999999,2.86102294921875e-06,95.2680429105164,8.385126836667848e-12,1.995164404352363e-28,5.170615717164837e-17,260.2520898004862,74.0000000000002,4.573661349594802e-06,95.26804291051668,2.574448418221102e-11,1.9239254025300483e-26,1.085880827760821e-15,570.9019496693368,73.99999991830241,0.0010694674039287,95.26804284705752,1.1437605287504438e-06,-1.6684701296609186e-20,-2.480311166090105e-12,5113.253451400393,73.99855249163316,0.1423482413405673,95.2669185544328,0.0202630218127524,2.4925236323485926e-16,2.4535396373991526e-10,10657.034578045315,73.99769994784566,0.1794308776345151,95.26625634279677,0.0321954398486923,-1.9670786630060924e-15,-1.2083706547881586e-09,168.34512016676902,0.0018080480191666,0.0001032151086051,260.25208980048643,0.0020668094996008,0.0004032532388413,570.9019496693378,0.1391426292091797,204886830.1614212,5113.253451400445,54998.45204386919,82819928286503.98,10657.034578045288,119478.19333377492,179909644349716.84,1.0,74.0,0.0,74.0,0.0,0.0,0.0,1.0,74.0,0.0,74.0,0.0,0.0,0.0,1.0,74.0,0.0,74.0,0.0,0.0,0.0,1.0,74.0,0.0,74.0,0.0,0.0,0.0,1.0,74.0,0.0,74.0,0.0,0.0,0.0
1.0,60.0,0.0,1.0,60.0,0.0,1.0,60.0,0.0,1.0,60.0,0.0,1.0,60.0,0.0,1.0,60.0,0.0,1.0,60.0,0.0,1.0,60.0,0.0,1.0,60.0,0.0,1.0,60.0,0.0,1.0,60.0,0.0,60.0,0.0,0.0,0.0,1.0,60.0,0.0,60.0,0.0,0.0,0.0,1.0,60.0,0.0,60.0,0.0,0.0,0.0,1.0,60.0,0.0,60.0,0.0,0.0,0.0,1.0,60.0,0.0,60.0,0.0,0.0,0.0,1.0,1505913574.5140462,0.0,1.0,1505913574.5140462,0.0,1.0,1505913574.5140462,0.0,1.0,1505913574.5140462,0.0,1.0,1505913574.5140462,0.0,1.0,60.0,0.0,60.0,0.0,0.0,0.0,1.0,60.0,0.0,60.0,0.0,0.0,0.0,1.0,60.0,0.0,60.0,0.0,0.0,0.0,1.0,60.0,0.0,60.0,0.0,0.0,0.0,1.0,60.0,0.0,60.0,0.0,0.0,0.0
170.14529741799726,74.01218229369958,0.2922267540379835,279.74149457107245,74.02190948199855,0.5259751715339007,860.5312942986386,74.0372157716031,2.7524903913181333,4728.562557920524,74.08849904362177,22.6524791224756,6541.7722731916565,74.0955993023762,24.671233232753373,170.14529741799726,74.01218229369958,0.2922267540379835,279.74149457107245,74.02190948199855,0.5259751715339007,860.5312942986386,74.0372157716031,2.7524903913181333,4728.562557920524,74.08849904362177,22.6524791224756,6541.7722731916565,74.0955993023762,24.671233232753373,170.05893241943838,73.99999999994199,2.8482789083610688e-05,95.26804291047137,8.112704210451472e-10,-2.7322917130917576e-24,-8.212943492713214e-14,279.48613008164074,73.99999978678146,0.0017277275700315,95.26804274489766,2.985042556247208e-06,1.905147854361683e-20,0.0,859.303780488937,73.999580867103,0.0766008152954847,95.2677173469948,0.0058676849039329,9.053392878761987e-17,2.385041863866393e-10,4717.234910443302,73.99615935221763,0.2318497754660403,95.2650596959808,0.0537543183836533,9.96957338639745e-17,1.0778312816346187e-10,6524.630534236397,73.995891384487,0.2397993671624804,95.2648515549402,0.057503736491526,1.7269131662537476e-15,4.775868682887788e-09,170.05893241943824,0.0017368042957089,0.1375752319955695,279.4861300816407,0.0020964473251548,521581.6313468319,859.3037804889418,702.0184824806955,1057176299873.8816,4717.234910443328,146009.80859155412,219856867988569.47,6524.630534236365,213437.70405217967,321373231164095.6,1.0,74.0,0.0,74.0,0.0,0.0,0.0,1.0,74.0,0.0,74.0,0.0,0.0,0.0,1.0,74.0,0.0,74.0,0.0,0.0,0.0,1.0,74.0,0.0,74.0,0.0,0.0,0.0,1.0,74.0,0.0,74.0,0.0,0.0,0.0
1.0,60.0,0.0,1.0,60.0,0.0,1.0,60.0,0.0,1.0,60.0,0.0,1.0,60.0,0.0,1.0,60.0,0.0,1.0,60.0,0.0,1.0,60.0,0.0,1.0,60.0,0.0,1.0,60.0,0.0,1.0,60.0,0.0,60.0,0.0,0.0,0.0,1.0,60.0,0.0,60.0,0.0,0.0,0.0,1.0,60.0,0.0,60.0,0.0,0.0,0.0,1.0,60.0,0.0,60.0,0.0,0.0,0.0,1.0,60.0,0.0,60.0,0.0,0.0,0.0,1.0,1505913583.361825,0.0,1.0,1505913583.361825,0.0,1.0,1505913583.361825,0.0,1.0,1505913583.361825,0.0,1.0,1505913583.361825,0.0,1.0,60.0,0.0,60.0,0.0,0.0,0.0,1.0,60.0,0.0,60.0,0.0,0.0,0.0,1.0,60.0,0.0,60.0,0.0,0.0,0.0,1.0,60.0,0.0,60.0,0.0,0.0,0.0,1.0,60.0,0.0,60.0,0.0,0.0,0.0
1.0,60.0,0.0,1.0,60.0,0.0,1.0,60.0,0.0,1.0,60.0,0.0,1.0,60.0,0.0,1.0,60.0,0.0,1.0,60.0,0.0,1.0,60.0,0.0,1.0,60.0,0.0,1.0,60.0,0.0,1.0,60.0,0.0,60.0,0.0,0.0,0.0,1.0,60.0,0.0,60.0,0.0,0.0,0.0,1.0,60.0,0.0,60.0,0.0,0.0,0.0,1.0,60.0,0.0,60.0,0.0,0.0,0.0,1.0,60.0,0.0,60.0,0.0,0.0,0.0,1.0,1505913560.12887,0.0,1.0,1505913560.12887,0.0,1.0,1505913560.12887,0.0,1.0,1505913560.12887,0.0,1.0,1505913560.12887,0.0,1.0,60.0,0.0,60.0,0.0,0.0,0.0,1.0,60.0,0.0,60.0,0.0,0.0,0.0,1.0,60.0,0.0,60.0,0.0,0.0,0.0,1.0,60.0,0.0,60.0,0.0,0.0,0.0,1.0,60.0,0.0,60.0,0.0,0.0,0.0
1.0,60.0,0.0,1.0,60.0,0.0,1.0,60.0,0.0,1.0,60.0,0.0,1.0,60.0,0.0,1.0,60.0,0.0,1.0,60.0,0.0,1.0,60.0,0.0,1.0,60.0,0.0,1.0,60.0,0.0,1.0,60.0,0.0,60.0,0.0,0.0,0.0,1.0,60.0,0.0,60.0,0.0,0.0,0.0,1.0,60.0,0.0,60.0,0.0,0.0,0.0,1.0,60.0,0.0,60.0,0.0,0.0,0.0,1.0,60.0,0.0,60.0,0.0,0.0,0.0,1.0,1505913588.903114,0.0,1.0,1505913588.903114,0.0,1.0,1505913588.903114,0.0,1.0,1505913588.903114,0.0,1.0,1505913588.903114,0.0,1.0,60.0,0.0,60.0,0.0,0.0,0.0,1.0,60.0,0.0,60.0,0.0,0.0,0.0,1.0,60.0,0.0,60.0,0.0,0.0,0.0,1.0,60.0,0.0,60.0,0.0,0.0,0.0,1.0,60.0,0.0,60.0,0.0,0.0,0.0
1.0,60.0,0.0,1.0,60.0,0.0,1.0,60.0,0.0,1.0,60.0,0.0,1.0,60.0,0.0,1.0,60.0,0.0,1.0,60.0,0.0,1.0,60.0,0.0,1.0,60.0,0.0,1.0,60.0,0.0,1.0,60.0,0.0,60.0,0.0,0.0,0.0,1.0,60.0,0.0,60.0,0.0,0.0,0.0,1.0,60.0,0.0,60.0,0.0,0.0,0.0,1.0,60.0,0.0,60.0,0.0,0.0,0.0,1.0,60.0,0.0,60.0,0.0,0.0,0.0,1.0,1505913427.633326,0.0,1.0,1505913427.633326,0.0,1.0,1505913427.633326,0.0,1.0,1505913427.633326,0.0,1.0,1505913427.633326,0.0,1.0,60.0,0.0,60.0,0.0,0.0,0.0,1.0,60.0,0.0,60.0,0.0,0.0,0.0,1.0,60.0,0.0,60.0,0.0,0.0,0.0,1.0,60.0,0.0,60.0,0.0,0.0,0.0,1.0,60.0,0.0,60.0,0.0,0.0,0.0
200.02985514041413,74.05231027277449,1.2527113879750686,291.83133306345627,74.055710545564,1.3366810945990435,792.3947419602823,74.05879226348574,4.7426151723148005,7614.869878163726,74.1742930097052,77.6395772424503,29719.228770031918,74.35092973456155,227.4239658300594,200.02985514041413,74.05231027277449,1.2527113879750686,291.83133306345627,74.055710545564,1.3366810945990435,792.3947419602823,74.05879226348574,4.7426151723148005,7614.869878163726,74.1742930097052,77.6395772424503,29719.228770031918,74.35092973456155,227.4239658300594,199.593871150752,73.99999999999996,2.6973983046972182e-06,95.2680429105164,1.237046536401562e-11,3.3659267568944306e-29,3.945146653254367e-18,291.15398548681287,73.99999999999558,7.2000831940372e-06,95.26804291051312,5.3606207177986557e-11,-1.2988816218319583e-24,-4.88412017252762e-14,790.6901040438735,73.9999918062943,0.0107103600254691,95.26803654600856,0.0001147118118751,-9.370354133934078e-19,-5.8020550313824716e-11,7595.867882769156,73.9984067843378,0.1493401519784562,95.26680537637608,0.0223024809929484,2.649149182638129e-16,5.369565159401626e-10,29632.927582784145,73.99818155762497,0.1595458759175912,95.26663043183127,0.0254548865223114,-5.330444419059986e-16,-3.6928060206406846e-10,199.5938711507521,0.0015599708031095,7.058133273753115e-05,291.1539854868132,0.0017196332647812,6.637660463548537e-05,790.6901040438759,0.0018423167317335,5.010342798046252e-05,7595.867882769286,1462.5492822370406,2202468929080.3267,29632.92758278308,31103.87079120965,46838794206646.96,1.0,74.0,0.0,95.26804291051644,0.0,0.0,0.0,1.0,74.0,0.0,95.26804291051644,0.0,0.0,0.0,1.0,74.0,0.0,95.26804291051644,0.0,0.0,0.0,1.0218571046020175,74.0,0.0,95.26804291051644,0.0,0.0,0.0,1.6822746936025097,74.00000000000001,9.5367431640625e-07,95.26804291051644,9.094947017729282e-13,0.0,0.0
1.0,60.0,0.0,1.0,60.0,0.0,1.0,60.0,0.0,1.0,60.0,0.0,1.0,60.0,0.0,1.0,60.0,0.0,1.0,60.0,0.0,1.0,60.0,0.0,1.0,60.0,0.0,1.0,60.0,0.0,1.0,60.0,0.0,60.0,0.0,0.0,0.0,1.0,60.0,0.0,60.0,0.0,0.0,0.0,1.0,60.0,0.0,60.0,0.0,0.0,0.0,1.0,60.0,0.0,60.0,0.0,0.0,0.0,1.0,60.0,0.0,60.0,0.0,0.0,0.0,1.0,1505913559.583859,0.0,1.0,1505913559.583859,0.0,1.0,1505913559.583859,0.0,1.0,1505913559.583859,0.0,1.0,1505913559.583859,0.0,1.0,60.0,0.0,60.0,0.0,0.0,0.0,1.0,60.0,0.0,60.0,0.0,0.0,0.0,1.0,60.0,0.0,60.0,0.0,0.0,0.0,1.0,60.0,0.0,60.0,0.0,0.0,0.0,1.0,60.0,0.0,60.0,0.0,0.0,0.0
77.66806514078725,74.0489835589892,1.1732060266849658,103.5550388624186,74.0857462728069,2.0505581240704487,221.7648877267904,74.14668000895472,3.499284656344571,1061.646183439901,74.64307460676909,205.93936810950717,7190.049913660168,76.18965484806398,1352.2565097175277,77.66806514078725,74.0489835589892,1.1732060266849658,103.5550388624186,74.0857462728069,2.0505581240704487,221.7648877267904,74.14668000895472,3.499284656344571,1061.646183439901,74.64307460676909,205.93936810950717,7190.049913660168,76.18965484806398,1352.2565097175277,1.0000328577806263,74.0,0.0,74.0,0.0,0.0,0.0,1.0020416577210596,74.0,0.0,74.0,0.0,0.0,0.0,1.1268608582352566,74.0,0.0,74.0,0.0,0.0,0.0,1.813453560696932,74.0,9.5367431640625e-07,74.0,9.094947017729282e-13,0.0,0.0,1.9795650386296413,74.0,9.5367431640625e-07,74.0,9.094947017729282e-13,0.0,0.0,1.0000328577806263,49482.310550641,74509118862866.98,1.0020416577210596,3068297.3917759457,4611169888233311.0,1.1268608582352566,169534164.19799283,2.265618585603088e+17,1.813453560696932,675501314.4996617,5.60944157003413e+17,1.9795650386296413,745183746.4332478,5.668830446274344e+17,1.0000328577806263,74.0,0.0,74.0,0.0,0.0,0.0,1.0020416577210596,74.0,0.0,74.0,0.0,0.0,0.0,1.1268608582352566,74.0,0.0,74.0,0.0,0.0,0.0,1.813453560696932,74.0,9.5367431640625e-07,74.0,9.094947017729282e-13,0.0,0.0,1.9795650386296413,74.0,9.5367431640625e-07,74.0,9.094947017729282e-13,0.0,0.0
1.0,60.0,0.0,1.0,60.0,0.0,1.0,60.0,0.0,1.0,60.0,0.0,1.0,60.0,0.0,1.0,60.0,0.0,1.0,60.0,0.0,1.0,60.0,0.0,1.0,60.0,0.0,1.0,60.0,0.0,1.0,60.0,0.0,60.0,0.0,0.0,0.0,1.0,60.0,0.0,60.0,0.0,0.0,0.0,1.0,60.0,0.0,60.0,0.0,0.0,0.0,1.0,60.0,0.0,60.0,0.0,0.0,0.0,1.0,60.0,0.0,60.0,0.0,0.0,0.0,1.0,1505913535.855538,0.0,1.0,1505913535.855538,0.0,1.0,1505913535.855538,0.0,1.0,1505913535.855538,0.0,1.0,1505913535.855538,0.0,1.0,60.0,0.0,60.0,0.0,0.0,0.0,1.0,60.0,0.0,60.0,0.0,0.0,0.0,1.0,60.0,0.0,60.0,0.0,0.0,0.0,1.0,60.0,0.0,60.0,0.0,0.0,0.0,1.0,60.0,0.0,60.0,0.0,0.0,0.0
158.31276093017988,74.00461276085134,0.1106987786197351,262.9566991663313,74.01257185165132,0.3118874517112999,802.6041158853864,74.04669592052724,5.3381122989130745,4545.50715030378,74.11387117854125,21.332786528335426,6425.633940099306,74.11367317869549,20.906349793946895,158.31276093017988,74.00461276085134,0.1106987786197351,262.9566991663313,74.01257185165132,0.3118874517112999,802.6041158853864,74.04669592052724,5.3381122989130745,4545.50715030378,74.11387117854125,21.332786528335426,6425.633940099306,74.11367317869549,20.906349793946895,158.28233383111794,73.99999999999513,7.509239076625644e-06,95.26804291051258,5.8124112180915965e-11,3.906953809564671e-25,1.3857229492903531e-14,262.8193949154896,73.99999995030404,0.0008341172719858,95.2680428719148,6.957516234288825e-07,7.078046644998821e-22,5.627509218726535e-13,801.5574509650827,73.9997291004404,0.0615834428356259,95.267832487879,0.0037925204314888,-2.2419085819206277e-17,-1.4972598188744414e-10,4534.237682880216,73.99620150742885,0.230574212411686,95.26509243961324,0.0531644674292692,1.5208600626208365e-15,1.2323190385519724e-09,6408.50238069376,73.99583804648788,0.2413504243539182,95.26481012526142,0.0582500273358164,-1.454067516840353e-15,-9.118340389351087e-10,158.28233383111794,0.0018989299431999,0.0114839838902677,262.8193949154893,0.0019545235483523,119476.65451729464,801.5574509650845,451.14276751708144,679379420875.8549,4534.237682880213,144324.69613701865,217319794642382.25,6408.5023806937415,216196.26351225263,325526306111201.2,1.0,74.0,0.0,74.0,0.0,0.0,0.0,1.0,74.0,0.0,74.0,0.0,0.0,0.0,1.0,74.0,0.0,74.0,0.0,0.0,0.0,1.0,74.0,0.0,74.0,0.0,0.0,0.0,1.0,74.0,0.0,74.0,0.0,0.0,0.0
68.98573401400134,74.25519567040891,6.059571397810942,79.05440962718853,74.28146197753351,6.680654429225798,99.0678049784425,74.6637066138959,191.8742198785585,770.8927381403519,78.49336734419231,3245.925802862984,5510.435590043738,76.72291162683865,1732.6015945739618,68.98573401400134,74.25519567040891,6.059571397810942,79.05440962718853,74.28146197753351,6.680654429225798,99.0678049784425,74.6637066138959,191.8742198785585,770.8927381403519,78.49336734419231,3245.925802862984,5510.435590043738,76.72291162683865,1732.6015945739618,1.0,74.0,0.0,74.0,0.0,0.0,0.0,1.0,74.0,0.0,74.0,0.0,0.0,0.0,1.0,74.0,0.0,74.0,0.0,0.0,0.0,1.0,74.0,0.0,74.0,0.0,0.0,0.0,1.0,74.0,0.0,74.0,0.0,0.0,0.0,1.0,1505912909.269953,0.0,1.0,1505912909.269953,0.0,1.0,1505912909.269953,0.0,1.0,1505912909.269953,0.0,1.0,1505912909.269953,0.0,1.0,74.0,0.0,74.0,0.0,0.0,0.0,1.0,74.0,0.0,74.0,0.0,0.0,0.0,1.0,74.0,0.0,74.0,0.0,0.0,0.0,1.0,74.0,0.0,74.0,0.0,0.0,0.0,1.0,74.0,0.0,74.0,0.0,0.0,0.0
1.0,60.0,0.0,1.0,60.0,0.0,1.0,60.0,0.0,1.0,60.0,0.0,1.0,60.0,0.0,1.0,60.0,0.0,1.0,60.0,0.0,1.0,60.0,0.0,1.0,60.0,0.0,1.0,60.0,0.0,1.0,60.0,0.0,60.0,0.0,0.0,0.0,1.0,60.0,0.0,60.0,0.0,0.0,0.0,1.0,60.0,0.0,60.0,0.0,0.0,0.0,1.0,60.0,0.0,60.0,0.0,0.0,0.0,1.0,60.0,0.0,60.0,0.0,0.0,0.0,1.0,1505913563.428349,0.0,1.0,1505913563.428349,0.0,1.0,1505913563.428349,0.0,1.0,1505913563.428349,0.0,1.0,1505913563.428349,0.0,1.0,60.0,0.0,60.0,0.0,0.0,0.0,1.0,60.0,0.0,60.0,0.0,0.0,0.0,1.0,60.0,0.0,60.0,0.0,0.0,0.0,1.0,60.0,0.0,60.0,0.0,0.0,0.0,1.0,60.0,0.0,60.0,0.0,0.0,0.0
1.0,60.0,0.0,1.0,60.0,0.0,1.0,60.0,0.0,1.0,60.0,0.0,1.0,60.0,0.0,1.0,60.0,0.0,1.0,60.0,0.0,1.0,60.0,0.0,1.0,60.0,0.0,1.0,60.0,0.0,1.0,60.0,0.0,60.0,0.0,0.0,0.0,1.0,60.0,0.0,60.0,0.0,0.0,0.0,1.0,60.0,0.0,60.0,0.0,0.0,0.0,1.0,60.0,0.0,60.0,0.0,0.0,0.0,1.0,60.0,0.0,60.0,0.0,0.0,0.0,1.0,1505913451.497757,0.0,1.0,1505913451.497757,0.0,1.0,1505913451.497757,0.0,1.0,1505913451.497757,0.0,1.0,1505913451.497757,0.0,1.0,60.0,0.0,60.0,0.0,0.0,0.0,1.0,60.0,0.0,60.0,0.0,0.0,0.0,1.0,60.0,0.0,60.0,0.0,0.0,0.0,1.0,60.0,0.0,60.0,0.0,0.0,0.0,1.0,60.0,0.0,60.0,0.0,0.0,0.0
147.8820634211263,74.05898733899632,1.412254885252878,259.55547923990054,74.05614726085206,1.3624008880797192,821.3245413520089,74.11299735306893,52.82069050875907,7060.874696440638,74.78721535376633,583.3553349718022,17270.224095627014,74.6492395277595,469.78219820828326,147.8820634211263,74.05898733899632,1.412254885252878,259.55547923990054,74.05614726085206,1.3624008880797192,821.3245413520089,74.11299735306893,52.82069050875907,7060.874696440638,74.78721535376633,583.3553349718022,17270.224095627014,74.6492395277595,469.78219820828326,147.5185184225183,73.99999999977527,5.608059092708267e-05,95.26804291034188,3.1450327116072563e-09,-8.471969425908429e-24,-2.240199570954391e-13,258.9399518922438,73.99999963893916,0.002248299892952,95.26804263006032,5.054852408648188e-06,-3.854636038597674e-20,-1.467855895361995e-11,818.7717287692402,73.99967800508549,0.0671403390978125,95.26779279933136,0.0045078251341692,-1.0108650239916856e-17,-6.192312635968169e-11,7030.548878177261,73.99825923796527,0.1561013717769084,95.26669076990711,0.0243676382706326,7.348335902962501e-17,4.0302924828224383e-10,17204.906524592818,73.99792396043001,0.1704706545074435,95.26643034381826,0.0290602440481961,-1.1510821735432362e-15,-1.7430692472910272e-09,147.5185184225183,0.0020039675956047,2.443412009043141e-05,258.939951892244,0.0018819815477681,2.067715633624337e-05,818.7717287692437,0.001775525946394,9471.49078448571,7030.548878177341,15283.018945114807,23014680658097.45,17204.906524592545,67218.33726777026,101220535574225.8,1.0,74.0,0.0,74.0,0.0,0.0,0.0,1.0,74.0,0.0,74.0,0.0,0.0,0.0,1.0,74.0,0.0,74.0,0.0,0.0,0.0,1.0,74.0,0.0,74.0,0.0,0.0,0.0,1.0,74.0,0.0,74.0,0.0,0.0,0.0
151.49675708702662,74.08189085323484,1.960955444681531,255.21948217055228,74.07122554216929,1.948852182377777,747.1966465697499,74.09424559768023,17.382641563169273,7560.2860817469555,74.19604504065747,90.26317584406024,28988.843436246065,74.36336755942827,236.5234456215685,151.49675708702662,74.08189085323484,1.960955444681531,255.21948217055228,74.07122554216929,1.948852182377777,747.1966465697499,74.09424559768023,17.382641563169273,7560.2860817469555,74.19604504065747,90.26317584406024,28988.843436246065,74.36336755942827,236.5234456215685,150.97986398700803,74.00000000000003,1.3486991523486091e-06,95.26804291051646,2.273736754432321e-12,1.4596309480840491e-27,9.265785926526864e-16,254.46773783474677,73.99999999959601,7.523759049726876e-05,95.2680429102027,5.660706439998254e-09,-7.37876329329386e-24,-2.908664341120006e-14,745.2740625757532,73.9999628131865,0.0228169671798058,95.26801402544822,0.0005206139912843,-2.366196148866248e-18,-2.90622156418136e-11,7540.506794114041,73.99814402011545,0.1611839750694421,95.26660127464255,0.0259802738191865,2.8929798089157524e-16,4.564560767383443e-10,28903.29736613385,73.99810835823155,0.1627249410525559,95.26657357434686,0.0264794064405578,-7.136552807899801e-16,-4.260605380397591e-10,150.97986398700814,0.0019771134059237,3.660508901441532e-05,254.4677378347465,0.0019264431501509,3.286941264229502e-05,745.2740625757564,0.00195333830638,5.436707437480376e-05,7540.506794114151,1703.7627954319048,2565715031759.2773,28903.297366132752,32355.922751749247,48724197726821.38,1.0,74.0,0.0,95.26804291051644,0.0,0.0,0.0,1.0,74.0,0.0,95.26804291051644,0.0,0.0,0.0,1.0,74.0,0.0,95.26804291051644,0.0,0.0,0.0,1.0220487469240325,73.99999999999999,1.3486991523486091e-06,95.26804291051644,1.8189894035458565e-12,0.0,0.0,1.6828705623591789,74.0,0.0,95.26804291051644,0.0,0.0,0.0
1.0,60.0,0.0,1.0,60.0,0.0,1.0,60.0,0.0,1.0,60.0,0.0,1.0,60.0,0.0,1.0,60.0,0.0,1.0,60.0,0.0,1.0,60.0,0.0,1.0,60.0,0.0,1.0,60.0,0.0,1.0,60.0,0.0,60.0,0.0,0.0,0.0,1.0,60.0,0.0,60.0,0.0,0.0,0.0,1.0,60.0,0.0,60.0,0.0,0.0,0.0,1.0,60.0,0.0,60.0,0.0,0.0,0.0,1.0,60.0,0.0,60.0,0.0,0.0,0.0,1.0,1505913455.457408,0.0,1.0,1505913455.457408,0.0,1.0,1505913455.457408,0.0,1.0,1505913455.457408,0.0,1.0,1505913455.457408,0.0,1.0,60.0,0.0,60.0,0.0,0.0,0.0,1.0,60.0,0.0,60.0,0.0,0.0,0.0,1.0,60.0,0.0,60.0,0.0,0.0,0.0,1.0,60.0,0.0,60.0,0.0,0.0,0.0,1.0,60.0,0.0,60.0,0.0,0.0,0.0
170.32222100316704,74.13122837617222,13.036394450019545,243.5180288729144,74.26177007999428,138.04586006786758,499.8440029848593,75.9816345661078,1577.961475413328,6487.744985360265,74.71858760131572,551.63581316214,18999.874561344943,74.33646676855633,230.06098567243487,170.32222100316704,74.13122837617222,13.036394450019545,243.5180288729144,74.26177007999428,138.04586006786758,499.8440029848593,75.9816345661078,1577.961475413328,6487.744985360265,74.71858760131572,551.63581316214,18999.874561344943,74.33646676855633,230.06098567243487,169.47510115675834,73.99999999999987,4.1569699702650776e-06,95.26804291051634,1.7334167344002637e-11,-2.6350816131488047e-27,-5.427145526904123e-16,242.46390115396645,73.99999999999899,1.9073486328125e-06,95.26804291051565,3.749942721349417e-12,-7.313027534558047e-26,-4.020379404246313e-14,496.80288801322433,73.99999241376057,0.0103056911761925,95.2680370178616,0.000106207270619,-5.052991720092863e-19,-1.2656959885432428e-11,6465.447869241228,73.99867752332263,0.1360622080155932,95.2670156727957,0.0185129244500785,1.2016870472069712e-16,1.8521824915081322e-10,18940.994885289954,73.99816307516208,0.1603545238355727,95.26661607561311,0.0257135733145332,3.6010387110076114e-16,4.3354629463310255e-10,169.4751011567582,0.0021380923921915,0.000583579152801,242.46390115396656,0.002654270078548,0.0012342625729954,496.8028880132266,0.0037963165467819,3001.4816505496788,6465.447869241332,14092.676191426825,21222154100135.453,18940.99488528949,60058.784322955056,90439743763599.7,1.0,74.0,0.0,74.0,0.0,0.0,0.0,1.0,74.0,0.0,74.0,0.0,0.0,0.0,1.0,74.0,0.0,74.0,0.0,0.0,0.0,1.0,74.0,0.0,74.0,0.0,0.0,0.0,1.0,74.0,0.0,74.0,0.0,0.0,0.0
174.97340221808437,74.06779591290663,1.6225245018194985,288.18011380416607,74.06086134804085,1.4678283027378711,841.4218048710956,74.07740341757578,21.691225363617377,6157.402082791928,74.5608203402376,404.5814998698797,13442.803645565513,74.4551812311858,314.65187496782886,174.97340221808437,74.06779591290663,1.6225245018194985,288.18011380416607,74.06086134804085,1.4678283027378711,841.4218048710956,74.07740341757578,21.691225363617377,6157.402082791928,74.5608203402376,404.5814998698797,13442.803645565513,74.4551812311858,314.65187496782886,174.4791281706089,73.99999999999997,2.132480599880018e-06,95.26804291051636,5.0842299458504145e-12,1.5078709783600651e-27,4.689310633143186e-16,287.4488443902982,74.0000000000001,3.3036247397782844e-06,95.2680429105164,1.4805501083264704e-11,-5.1542470796277525e-27,-4.932624940470036e-16,839.5139020156741,73.99999999884773,0.0001271394877078,95.26804290962144,1.6164453332487077e-08,-1.2252059097752298e-22,-2.8580744172677353e-13,6136.210886411692,73.99918135898484,0.1070528096832332,95.26740702779692,0.0114603040610745,3.253555342180987e-16,1.2499808603496004e-09,13399.281144893008,73.99824021303489,0.1569519692413546,95.26667599232184,0.0246339206487391,-1.769094548894278e-15,-1.631189949223169e-09,174.47912817060882,0.001676923629428,1.0811089978279146e-05,287.44884439029875,0.0016884045643451,1.215937019739818e-05,839.5139020156768,0.0036510506929288,2889358.358971392,6136.210886411723,31104.47628225532,46839705703329.11,13399.281144892915,91413.65241237106,137652768935000.23,1.0,74.0,0.0,74.0,0.0,0.0,0.0,1.0,74.0,0.0,74.0,0.0,0.0,0.0,1.0,74.0,0.0,74.0,0.0,0.0,0.0,1.0,74.0,0.0,74.0,0.0,0.0,0.0,1.0,74.0,0.0,74.0,0.0,0.0,0.0
171.08850292000406,74.04894183838857,1.1722088179585626,281.0613651780984,74.05061772868439,1.2122714705446924,829.6826844246414,74.04721022085317,1.5043518151405806,7037.744144423958,74.08636851499189,16.46492400294028,14089.598470689274,74.09182197817836,19.726057973683048,171.08850292000406,74.04894183838857,1.1722088179585626,281.0613651780984,74.05061772868439,1.2122714705446924,829.6826844246414,74.04721022085317,1.5043518151405806,7037.744144423958,74.08636851499189,16.46492400294028,14089.598470689274,74.09182197817836,19.726057973683048,170.73961184245042,74.0000000000001,2.523185072960464e-06,95.26804291051656,7.823769253302659e-12,2.2548259980351877e-27,4.190625370762629e-16,280.4685860167228,73.99999999999997,2.3360154559928683e-06,95.2680429105164,5.5322402934491206e-12,-2.9751190798959598e-28,-1.3354528354329986e-16,828.0841697507707,73.99999998656112,0.0004337750700262,95.2680429000777,1.8816081151696866e-07,-3.968737182709277e-22,-3.391897120928246e-13,7017.908656399812,73.99908614306993,0.1131068605102208,95.26733306863092,0.0127931618944785,2.3711939268408075e-16,6.217603635298223e-10,14046.947521577067,73.99827983994126,0.1551750038458457,95.26670677246211,0.0240792818185582,3.821187808881346e-16,3.827990344197962e-10,170.7396118424506,0.0017264980017062,1.951604414301631e-05,280.4685860167229,0.0017408404400371,2.3354083129324164e-05,828.0841697507736,0.024262464076259,33896840.60201096,7017.908656399843,34742.076877607244,52317364273327.17,14046.947521576914,89360.27638803505,134560887791040.36,1.0,74.0,0.0,74.0,0.0,0.0,0.0,1.0,74.0,0.0,74.0,0.0,0.0,0.0,1.0,74.0,0.0,74.0,0.0,0.0,0.0,1.0,74.0,0.0,74.0,0.0,0.0,0.0,1.0,74.0,0.0,74.0,0.0,0.0,0.0
1.0,60.0,0.0,1.0,60.0,0.0,1.0,60.0,0.0,1.0,60.0,0.0,1.0,60.0,0.0,1.0,60.0,0.0,1.0,60.0,0.0,1.0,60.0,0.0,1.0,60.0,0.0,1.0,60.0,0.0,1.0,60.0,0.0,60.0,0.0,0.0,0.0,1.0,60.0,0.0,60.0,0.0,0.0,0.0,1.0,60.0,0.0,60.0,0.0,0.0,0.0,1.0,60.0,0.0,60.0,0.0,0.0,0.0,1.0,60.0,0.0,60.0,0.0,0.0,0.0,1.0,1505913575.539908,0.0,1.0,1505913575.539908,0.0,1.0,1505913575.539908,0.0,1.0,1505913575.539908,0.0,1.0,1505913575.539908,0.0,1.0,60.0,0.0,60.0,0.0,0.0,0.0,1.0,60.0,0.0,60.0,0.0,0.0,0.0,1.0,60.0,0.0,60.0,0.0,0.0,0.0,1.0,60.0,0.0,60.0,0.0,0.0,0.0,1.0,60.0,0.0,60.0,0.0,0.0,0.0
1.0,60.0,0.0,1.0,60.0,0.0,1.0,60.0,0.0,1.0,60.0,0.0,1.0,60.0,0.0,1.0,60.0,0.0,1.0,60.0,0.0,1.0,60.0,0.0,1.0,60.0,0.0,1.0,60.0,0.0,1.0,60.0,0.0,60.0,0.0,0.0,0.0,1.0,60.0,0.0,60.0,0.0,0.0,0.0,1.0,60.0,0.0,60.0,0.0,0.0,0.0,1.0,60.0,0.0,60.0,0.0,0.0,0.0,1.0,60.0,0.0,60.0,0.0,0.0,0.0,1.0,1505913439.672438,0.0,1.0,1505913439.672438,0.0,1.0,1505913439.672438,0.0,1.0,1505913439.672438,0.0,1.0,1505913439.672438,0.0,1.0,60.0,0.0,60.0,0.0,0.0,0.0,1.0,60.0,0.0,60.0,0.0,0.0,0.0,1.0,60.0,0.0,60.0,0.0,0.0,0.0,1.0,60.0,0.0,60.0,0.0,0.0,0.0,1.0,60.0,0.0,60.0,0.0,0.0,0.0
1.0,60.0,0.0,1.0,60.0,0.0,1.0,60.0,0.0,1.0,60.0,0.0,1.0,60.0,0.0,1.0,60.0,0.0,1.0,60.0,0.0,1.0,60.0,0.0,1.0,60.0,0.0,1.0,60.0,0.0,1.0,60.0,0.0,60.0,0.0,0.0,0.0,1.0,60.0,0.0,60.0,0.0,0.0,0.0,1.0,60.0,0.0,60.0,0.0,0.0,0.0,1.0,60.0,0.0,60.0,0.0,0.0,0.0,1.0,60.0,0.0,60.0,0.0,0.0,0.0,1.0,1505913541.209575,0.0,1.0,1505913541.209575,0.0,1.0,1505913541.209575,0.0,1.0,1505913541.209575,0.0,1.0,1505913541.209575,0.0,1.0,60.0,0.0,60.0,0.0,0.0,0.0,1.0,60.0,0.0,60.0,0.0,0.0,0.0,1.0,60.0,0.0,60.0,0.0,0.0,0.0,1.0,60.0,0.0,60.0,0.0,0.0,0.0,1.0,60.0,0.0,60.0,0.0,0.0,0.0
1.0,60.0,0.0,1.0,60.0,0.0,1.0,60.0,0.0,1.0,60.0,0.0,1.0,60.0,0.0,1.0,60.0,0.0,1.0,60.0,0.0,1.0,60.0,0.0,1.0,60.0,0.0,1.0,60.0,0.0,1.0,60.0,0.0,60.0,0.0,0.0,0.0,1.0,60.0,0.0,60.0,0.0,0.0,0.0,1.0,60.0,0.0,60.0,0.0,0.0,0.0,1.0,60.0,0.0,60.0,0.0,0.0,0.0,1.0,60.0,0.0,60.0,0.0,0.0,0.0,1.0,1505913467.008655,0.0,1.0,1505913467.008655,0.0,1.0,1505913467.008655,0.0,1.0,1505913467.008655,0.0,1.0,1505913467.008655,0.0,1.0,60.0,0.0,60.0,0.0,0.0,0.0,1.0,60.0,0.0,60.0,0.0,0.0,0.0,1.0,60.0,0.0,60.0,0.0,0.0,0.0,1.0,60.0,0.0,60.0,0.0,0.0,0.0,1.0,60.0,0.0,60.0,0.0,0.0,0.0
168.80536812651889,74.0336512958997,0.9139894260906658,263.9820431658084,74.0522958220269,3.5622128089762555,617.3660298360253,74.19937980419053,37.94964922360577,6416.727696647839,74.17016102633666,53.55497375693085,32428.956829352188,74.314182226721,193.7352993334671,168.80536812651889,74.0336512958997,0.9139894260906658,263.9820431658084,74.0522958220269,3.5622128089762555,617.3660298360253,74.19937980419053,37.94964922360577,6416.727696647839,74.17016102633666,53.55497375693085,32428.956829352188,74.314182226721,193.7352993334671,168.57163310830822,73.99999999999993,3.015782985847835e-06,95.26804291051631,9.973388023109378e-12,2.169634701173179e-27,3.55615095481661e-16,263.50607175941417,74.00000000000007,1.9073486328125e-06,95.26804291051648,3.749942721349417e-12,-2.767817026597164e-28,-1.5216235021499883e-16,615.5393246308155,73.99999999922002,0.0001044784925746,95.26804290991066,1.0915759995282742e-08,-1.3314283071739351e-22,-4.02897394549181e-13,6392.919532144178,73.99926862021927,0.1011868672254219,95.2674748081808,0.0102387820988951,8.527126958628563e-17,2.1123188170395686e-10,32324.852998937247,73.99848421862592,0.145666199415007,95.2668655234025,0.0212186416520125,1.289108612814645e-16,7.347680954612841e-11,168.5716331083081,0.001755462141084,2.614291784027459e-05,263.5060717594141,0.0018880312347635,7.352601021746715e-05,615.5393246308167,0.0025354608459319,0.0007265980625021,6392.9195321442685,671.3976235857335,1011063427449.4222,32324.852998936207,25926.952313745434,39043093633213.6,1.0,74.0,0.0,95.26804291051644,0.0,0.0,0.0,1.0,74.0,0.0,95.26804291051644,0.0,0.0,0.0,1.0,74.0,0.0,95.26804291051644,0.0,0.0,0.0,1.021115171926284,74.0,0.0,95.26804291051644,0.0,0.0,0.0,1.679922576878904,74.0,0.0,95.26804291051644,0.0,0.0,0.0
1.0,60.0,0.0,1.0,60.0,0.0,1.0,60.0,0.0,1.0,60.0,0.0,1.0,60.0,0.0,1.0,60.0,0.0,1.0,60.0,0.0,1.0,60.0,0.0,1.0,60.0,0.0,1.0,60.0,0.0,1.0,60.0,0.0,60.0,0.0,0.0,0.0,1.0,60.0,0.0,60.0,0.0,0.0,0.0,1.0,60.0,0.0,60.0,0.0,0.0,0.0,1.0,60.0,0.0,60.0,0.0,0.0,0.0,1.0,60.0,0.0,60.0,0.0,0.0,0.0,1.0,1505913442.63536,0.0,1.0,1505913442.63536,0.0,1.0,1505913442.63536,0.0,1.0,1505913442.63536,0.0,1.0,1505913442.63536,0.0,1.0,60.0,0.0,60.0,0.0,0.0,0.0,1.0,60.0,0.0,60.0,0.0,0.0,0.0,1.0,60.0,0.0,60.0,0.0,0.0,0.0,1.0,60.0,0.0,60.0,0.0,0.0,0.0,1.0,60.0,0.0,60.0,0.0,0.0,0.0
155.5509561630947,74.00808730745081,0.194029978591061,267.3535258979818,74.01706195600856,0.4092728835048547,833.8683852882942,74.04190344865462,9.096233136034243,7299.336610098098,74.64150684452677,471.1786306275399,18486.63899234648,74.59822208479314,431.0961391018601,155.5509561630947,74.00808730745081,0.194029978591061,267.3535258979818,74.01706195600856,0.4092728835048547,833.8683852882942,74.04190344865462,9.096233136034243,7299.336610098098,74.64150684452677,471.1786306275399,18486.63899234648,74.59822208479314,431.0961391018601,155.49853997005806,73.9999999999999,2.3360154559928683e-06,95.2680429105164,8.385126836667848e-12,-4.1248669346403126e-27,-6.998180252420804e-16,267.16342373026293,73.9999999984587,0.0001468782295851,95.26804290931926,2.1573214632797436e-08,-2.0407208961246744e-22,-7.284438818535019e-13,832.627887839482,73.99994809709511,0.026956223531864,95.26800259464235,0.0007266379870998,-1.0404570128327256e-18,-5.72374139742916e-11,7272.207863796616,73.9985954880756,0.1402183806560129,95.2669519519118,0.0196611942737945,2.685035002327764e-17,3.828940085780576e-11,18420.510912429632,73.99809571221988,0.1632678862000423,95.26656375158493,0.0266564026642299,-9.518537153937364e-16,-1.8432023272220782e-09,155.49853997005798,0.0018925616078536,1.8316153993500435e-05,267.1634237302631,0.0018205470356204,1.6718896176115313e-05,832.6278878394843,0.0017403395311382,1526.7256288781266,7272.207863796725,12330.911691591593,18569141646909.68,18420.510912429247,61657.330805031925,92846853005332.62,1.0,74.0,0.0,74.0,0.0,0.0,0.0,1.0,74.0,0.0,74.0,0.0,0.0,0.0,1.0,74.0,0.0,74.0,0.0,0.0,0.0,1.0,74.0,0.0,74.0,0.0,0.0,0.0,1.0,74.0,0.0,74.0,0.0,0.0,0.0
1.0,60.0,0.0,1.0,60.0,0.0,1.0,60.0,0.0,1.0,60.0,0.0,1.0,60.0,0.0,1.0,60.0,0.0,1.0,60.0,0.0,1.0,60.0,0.0,1.0,60.0,0.0,1.0,60.0,0.0,1.0,60.0,0.0,60.0,0.0,0.0,0.0,1.0,60.0,0.0,60.0,0.0,0.0,0.0,1.0,60.0,0.0,60.0,0.0,0.0,0.0,1.0,60.0,0.0,60.0,0.0,0.0,0.0,1.0,60.0,0.0,60.0,0.0,0.0,0.0,1.0,1505913553.715,0.0,1.0,1505913553.715,0.0,1.0,1505913553.715,0.0,1.0,1505913553.715,0.0,1.0,1505913553.715,0.0,1.0,60.0,0.0,60.0,0.0,0.0,0.0,1.0,60.0,0.0,60.0,0.0,0.0,0.0,1.0,60.0,0.0,60.0,0.0,0.0,0.0,1.0,60.0,0.0,60.0,0.0,0.0,0.0,1.0,60.0,0.0,60.0,0.0,0.0,0.0
1.0,60.0,0.0,1.0,60.0,0.0,1.0,60.0,0.0,1.0,60.0,0.0,1.0,60.0,0.0,1.0,60.0,0.0,1.0,60.0,0.0,1.0,60.0,0.0,1.0,60.0,0.0,1.0,60.0,0.0,1.0,60.0,0.0,60.0,0.0,0.0,0.0,1.0,60.0,0.0,60.0,0.0,0.0,0.0,1.0,60.0,0.0,60.0,0.0,0.0,0.0,1.0,60.0,0.0,60.0,0.0,0.0,0.0,1.0,60.0,0.0,60.0,0.0,0.0,0.0,1.0,1505913548.025544,0.0,1.0,1505913548.025544,0.0,1.0,1505913548.025544,0.0,1.0,1505913548.025544,0.0,1.0,1505913548.025544,0.0,1.0,60.0,0.0,60.0,0.0,0.0,0.0,1.0,60.0,0.0,60.0,0.0,0.0,0.0,1.0,60.0,0.0,60.0,0.0,0.0,0.0,1.0,60.0,0.0,60.0,0.0,0.0,0.0,1.0,60.0,0.0,60.0,0.0,0.0,0.0
60.99624093109543,74.37870460382814,40.410171661024826,89.09739234304766,74.75120689955294,403.3100057213632,214.1735762495934,78.7102281796457,3732.0461326497534,950.63122820784,79.28772717371314,3900.499320229517,8227.809240901197,76.77634902820255,1792.1244812565883,60.99624093109543,74.37870460382814,40.410171661024826,89.09739234304766,74.75120689955294,403.3100057213632,214.1735762495934,78.7102281796457,3732.0461326497534,950.63122820784,79.28772717371314,3900.499320229517,8227.809240901197,76.77634902820255,1792.1244812565883,1.0,74.0,0.0,74.0,0.0,0.0,0.0,1.0,74.0,0.0,74.0,0.0,0.0,0.0,1.0,74.0,0.0,74.0,0.0,0.0,0.0,1.0,74.0,0.0,74.0,0.0,0.0,0.0,1.0,74.0,0.0,74.0,0.0,0.0,0.0,1.0,1505913063.920492,0.0,1.0,1505913063.920492,0.0,1.0,1505913063.920492,0.0,1.0,1505913063.920492,0.0,1.0,1505913063.920492,0.0,1.0,74.0,0.0,74.0,0.0,0.0,0.0,1.0,74.0,0.0,74.0,0.0,0.0,0.0,1.0,74.0,0.0,74.0,0.0,0.0,0.0,1.0,74.0,0.0,74.0,0.0,0.0,0.0,1.0,74.0,0.0,74.0,0.0,0.0,0.0
1.0,60.0,0.0,1.0,60.0,0.0,1.0,60.0,0.0,1.0,60.0,0.0,1.0,60.0,0.0,1.0,60.0,0.0,1.0,60.0,0.0,1.0,60.0,0.0,1.0,60.0,0.0,1.0,60.0,0.0,1.0,60.0,0.0,60.0,0.0,0.0,0.0,1.0,60.0,0.0,60.0,0.0,0.0,0.0,1.0,60.0,0.0,60.0,0.0,0.0,0.0,1.0,60.0,0.0,60.0,0.0,0.0,0.0,1.0,60.0,0.0,60.0,0.0,0.0,0.0,1.0,1505913429.058922,0.0,1.0,1505913429.058922,0.0,1.0,1505913429.058922,0.0,1.0,1505913429.058922,0.0,1.0,1505913429.058922,0.0,1.0,60.0,0.0,60.0,0.0,0.0,0.0,1.0,60.0,0.0,60.0,0.0,0.0,0.0,1.0,60.0,0.0,60.0,0.0,0.0,0.0,1.0,60.0,0.0,60.0,0.0,0.0,0.0,1.0,60.0,0.0,60.0,0.0,0.0,0.0
175.2194189018526,74.93209070031666,232.994735207244,282.8300269572448,74.93084809269881,230.81609315437072,756.2405220821757,74.79080961158172,314.9368419107658,6709.717851807905,74.66310002564664,465.9313634588261,20042.1400345984,74.34122648605684,220.8339880371877,175.2194189018526,74.93209070031666,232.994735207244,282.8300269572448,74.93084809269881,230.81609315437072,756.2405220821757,74.79080961158172,314.9368419107658,6709.717851807905,74.66310002564664,465.9313634588261,20042.1400345984,74.34122648605684,220.8339880371877,174.4459093302373,73.99999999999996,2.86102294921875e-06,95.26804291051644,1.328142558714738e-11,-7.40176250646224e-28,-7.999536012098272e-17,281.4794066908153,74.00000000000007,1.3486991523486091e-06,95.2680429105164,5.322681277320785e-12,-3.645948155486752e-27,-1.2086873386713656e-15,753.1273232211296,73.99999915049547,0.0034486297982677,95.26804225065894,1.1893047485501443e-05,-1.406852490380236e-19,-1.9130084940117358e-11,6687.2322478156775,73.9989291649465,0.1224358769363609,95.26721113561996,0.0149905439611757,-2.0475737668426028e-18,-2.943178466660184e-12,19980.3147755216,73.99828923608057,0.1547506640629947,95.26671407090014,0.0239477680279378,3.532336762864071e-16,4.3339068588445614e-10,174.44590933023724,0.0016818591118767,1.3720144589927734e-05,281.4794066908159,0.0017296171217042,2.020240181728365e-05,753.1273232211314,0.0020217921427379,336.1049568910309,6687.232247815752,11411.113998961531,17184020993440.734,19980.31477552113,55933.917049372976,84228527565923.06,1.0,74.0,0.0,74.0,0.0,0.0,0.0,1.0,74.0,0.0,74.0,0.0,0.0,0.0,1.0,74.0,0.0,74.0,0.0,0.0,0.0,1.0,74.0,0.0,74.0,0.0,0.0,0.0,1.0,74.0,0.0,74.0,0.0,0.0,0.0
1.0,60.0,0.0,1.0,60.0,0.0,1.0,60.0,0.0,1.0,60.0,0.0,1.0,60.0,0.0,1.0,60.0,0.0,1.0,60.0,0.0,1.0,60.0,0.0,1.0,60.0,0.0,1.0,60.0,0.0,1.0,60.0,0.0,60.0,0.0,0.0,0.0,1.0,60.0,0.0,60.0,0.0,0.0,0.0,1.0,60.0,0.0,60.0,0.0,0.0,0.0,1.0,60.0,0.0,60.0,0.0,0.0,0.0,1.0,60.0,0.0,60.0,0.0,0.0,0.0,1.0,1505913585.184731,0.0,1.0,1505913585.184731,0.0,1.0,1505913585.184731,0.0,1.0,1505913585.184731,0.0,1.0,1505913585.184731,0.0,1.0,60.0,0.0,60.0,0.0,0.0,0.0,1.0,60.0,0.0,60.0,0.0,0.0,0.0,1.0,60.0,0.0,60.0,0.0,0.0,0.0,1.0,60.0,0.0,60.0,0.0,0.0,0.0,1.0,60.0,0.0,60.0,0.0,0.0,0.0
46.83478705284385,74.28281036703719,9.553180551619334,57.209881155193074,74.15365429302324,11.755325394050493,298.2367463796644,74.17371927636117,156.50088250808952,6669.280384971681,74.8441651474635,627.9352378189842,23995.078434996383,74.4998842141298,349.13244640680483,46.83478705284385,74.28281036703719,9.553180551619334,57.209881155193074,74.15365429302324,11.755325394050493,298.2367463796644,74.17371927636117,156.50088250808952,6669.280384971681,74.8441651474635,627.9352378189842,23995.078434996383,74.4998842141298,349.13244640680483,45.75630988467936,73.99997158885245,0.0199438026059155,95.26802084199592,0.0003977552623837,2.997733583499465e-18,0.0,55.039250619181736,73.99903140404525,0.1164448589866622,95.26729054999348,0.0135594051844236,1.5776161300771542e-16,2.009073983562413e-09,292.01911425687234,73.9924694631458,0.3246086982483662,95.2621936407858,0.1053708069784988,1.4676275463617855e-16,1.3148733969766752e-10,6637.8121141279125,73.99672614472047,0.2140636721660112,95.26549994692098,0.0458232557411975,2.0313896829318559e-16,1.306580546149827e-10,23909.19102239501,73.99756243701084,0.1847158359456357,95.26614953182104,0.034119940049095,-5.971062766495827e-16,-7.989344851802581e-10,45.75630988467932,0.0114893380508244,0.005101987417504,55.039250619181736,0.0136661087757793,0.0070949603404747,292.0191142568726,0.0057993749936647,0.2355969605610785,6637.812114128003,5051.552431751022,7607173898641.951,23909.19102239417,43052.681805712346,64831772326740.79,1.0,74.0,0.0,95.26804291051644,0.0,0.0,0.0,1.0,74.0,0.0,95.26804291051644,0.0,0.0,0.0,1.0,74.0,0.0,95.26804291051644,0.0,0.0,0.0,1.0233307471094182,74.00000000000001,1.3486991523486091e-06,95.26804291051644,1.8189894035458565e-12,0.0,0.0,1.6867408230317693,74.0,9.5367431640625e-07,95.26804291051644,9.094947017729282e-13,0.0,0.0
1.0,60.0,0.0,1.0,60.0,0.0,1.0,60.0,0.0,1.0,60.0,0.0,1.0,60.0,0.0,1.0,60.0,0.0,1.0,60.0,0.0,1.0,60.0,0.0,1.0,60.0,0.0,1.0,60.0,0.0,1.0,60.0,0.0,60.0,0.0,0.0,0.0,1.0,60.0,0.0,60.0,0.0,0.0,0.0,1.0,60.0,0.0,60.0,0.0,0.0,0.0,1.0,60.0,0.0,60.0,0.0,0.0,0.0,1.0,60.0,0.0,60.0,0.0,0.0,0.0,1.0,1505913555.5803,0.0,1.0,1505913555.5803,0.0,1.0,1505913555.5803,0.0,1.0,1505913555.5803,0.0,1.0,1505913555.5803,0.0,1.0,60.0,0.0,60.0,0.0,0.0,0.0,1.0,60.0,0.0,60.0,0.0,0.0,0.0,1.0,60.0,0.0,60.0,0.0,0.0,0.0,1.0,60.0,0.0,60.0,0.0,0.0,0.0,1.0,60.0,0.0,60.0,0.0,0.0,0.0
1.0,60.0,0.0,1.0,60.0,0.0,1.0,60.0,0.0,1.0,60.0,0.0,1.0,60.0,0.0,1.0,60.0,0.0,1.0,60.0,0.0,1.0,60.0,0.0,1.0,60.0,0.0,1.0,60.0,0.0,1.0,60.0,0.0,60.0,0.0,0.0,0.0,1.0,60.0,0.0,60.0,0.0,0.0,0.0,1.0,60.0,0.0,60.0,0.0,0.0,0.0,1.0,60.0,0.0,60.0,0.0,0.0,0.0,1.0,60.0,0.0,60.0,0.0,0.0,0.0,1.0,1505913456.453355,0.0,1.0,1505913456.453355,0.0,1.0,1505913456.453355,0.0,1.0,1505913456.453355,0.0,1.0,1505913456.453355,0.0,1.0,60.0,0.0,60.0,0.0,0.0,0.0,1.0,60.0,0.0,60.0,0.0,0.0,0.0,1.0,60.0,0.0,60.0,0.0,0.0,0.0,1.0,60.0,0.0,60.0,0.0,0.0,0.0,1.0,60.0,0.0,60.0,0.0,0.0,0.0
169.1311350712138,74.01371501195057,0.3289721852670482,277.3562974801618,74.0236141245018,0.5661831833585893,815.9294937366952,74.03639091339988,1.150295440607806,7731.181148807041,74.14258295953962,60.02938300175083,30975.19700237608,74.33083347943584,212.972860668493,169.1311350712138,74.01371501195057,0.3289721852670482,277.3562974801618,74.0236141245018,0.5661831833585893,815.9294937366952,74.03639091339988,1.150295440607806,7731.181148807041,74.14258295953962,60.02938300175083,30975.19700237608,74.33083347943584,212.972860668493,169.03448359043412,73.99999999999999,9.5367431640625e-07,95.26804291051644,1.6396148910025613e-12,3.2755186008491797e-28,2.9405885852276783e-16,277.083400603647,74.00000000000017,4.264961199760036e-06,95.26804291051651,2.0336919783401658e-11,-1.0956176463505567e-26,-8.518121829758012e-16,814.7126241230901,73.9999993168656,0.0030925536281415,95.26804237988787,9.563887942931711e-06,-3.194193036795748e-20,-8.842971042553169e-12,7713.648971828557,73.99877257634883,0.1310817476230214,95.26708950527552,0.0171824245599054,2.277165267919578e-16,6.884988537546253e-10,30888.023968361213,73.99829774657677,0.1543653144505078,95.2667206814158,0.0238286503054041,-2.825180132757741e-16,-1.8297847018718868e-10,169.03448359043418,0.001748950076719,2.2749383690116377e-05,277.0834006036476,0.0017640736162563,2.536824594389366e-05,814.7126241230928,0.0017811472409037,2.717061501820073e-05,7713.648971828674,1126.7578345047764,1696796687510.6274,30888.023968360205,29116.49632642705,43846098228073.34,1.0,74.0,0.0,95.26804291051644,0.0,0.0,0.0,1.0,74.0,0.0,95.26804291051644,0.0,0.0,0.0,1.0000000000000004,74.0,0.0,95.26804291051644,0.0,0.0,0.0,1.0290020482426598,74.00000000000001,1.3486991523486091e-06,95.26804291051644,1.8189894035458565e-12,0.0,0.0,1.7018476774127302,74.0,0.0,95.26804291051644,0.0,0.0,0.0
156.46353890414386,74.0231390533619,1.6026923763483865,261.66061824284907,74.06652524132528,10.32201170677672,792.3359472362266,74.21140565871369,45.21862162576144,7859.233409418762,74.2544393302,139.42993714823024,25880.40345056264,74.41083565551527,276.8969096203064,156.46353890414386,74.0231390533619,1.6026923763483865,261.66061824284907,74.06652524132528,10.32201170677672,792.3359472362266,74.21140565871369,45.21862162576144,7859.233409418762,74.2544393302,139.42993714823024,25880.40345056264,74.41083565551527,276.8969096203064,156.33937377449,73.99999999648938,0.0002217041534627,95.26804290778958,4.915273234418181e-08,7.726397981087264e-24,1.2180970846176631e-14,261.30708684734765,73.99999807263094,0.0051945319875908,95.2680414134214,2.698316257010493e-05,1.2688900708053733e-19,1.092184836262678e-11,790.5102930566103,73.99941536700193,0.0904683379587439,95.26758879418593,0.0081845201730175,-2.1444492311422117e-18,-5.7021976927466196e-12,7839.124607033868,73.99836104291887,0.151468521463491,95.26676984677393,0.022942712994336,5.849350303747977e-16,8.265698070022948e-10,25802.30389864605,73.99827719233483,0.1552943633884864,95.2667047159368,0.0241163393002352,-6.963452884569715e-16,-4.5561085023434006e-10,156.33937377449,0.0018869789712643,2.092161184114292e-05,261.3070868473481,0.0018638469098253,1.945981915667542e-05,790.5102930566127,0.0018322743940616,0.0053814670611565,7839.124607034016,3241.23612673374,4881010669954.642,25802.303898645343,38802.48787844294,58431713779792.13,1.0,74.0,0.0,95.26804291051644,0.0,0.0,0.0,1.0,74.0,0.0,95.26804291051644,0.0,0.0,0.0,1.0,74.0,0.0,95.26804291051644,0.0,0.0,0.0,1.0236083395781557,73.99999999999999,9.5367431640625e-07,95.26804291051644,9.094947017729282e-13,0.0,0.0,1.68755357463096,74.0,0.0,95.26804291051644,0.0,0.0,0.0
1.0,60.0,0.0,1.0,60.0,0.0,1.0,60.0,0.0,1.0,60.0,0.0,1.0,60.0,0.0,1.0,60.0,0.0,1.0,60.0,0.0,1.0,60.0,0.0,1.0,60.0,0.0,1.0,60.0,0.0,1.0,60.0,0.0,60.0,0.0,0.0,0.0,1.0,60.0,0.0,60.0,0.0,0.0,0.0,1.0,60.0,0.0,60.0,0.0,0.0,0.0,1.0,60.0,0.0,60.0,0.0,0.0,0.0,1.0,60.0,0.0,60.0,0.0,0.0,0.0,1.0,1505913443.933213,0.0,1.0,1505913443.933213,0.0,1.0,1505913443.933213,0.0,1.0,1505913443.933213,0.0,1.0,1505913443.933213,0.0,1.0,60.0,0.0,60.0,0.0,0.0,0.0,1.0,60.0,0.0,60.0,0.0,0.0,0.0,1.0,60.0,0.0,60.0,0.0,0.0,0.0,1.0,60.0,0.0,60.0,0.0,0.0,0.0,1.0,60.0,0.0,60.0,0.0,0.0,0.0
160.80429143203347,77.58122302400105,2949.8954864973743,265.2536822698329,78.74125594809709,3902.5313779711546,801.0425586349577,77.88475276941531,3165.8816674816017,7171.951844154142,75.16838960886858,872.8633457292935,22526.21023279916,74.55226567806545,386.9709709895269,160.80429143203347,77.58122302400105,2949.8954864973743,265.2536822698329,78.74125594809709,3902.5313779711546,801.0425586349577,77.88475276941531,3165.8816674816017,7171.951844154142,75.16838960886858,872.8633457292935,22526.21023279916,74.55226567806545,386.9709709895269,159.89316239628388,73.99999996714575,0.0006781965571095,95.26804288499672,4.599505700762063e-07,-5.1554416221575006e-21,-7.970952222810907e-12,263.30152615583563,73.99999258261508,0.0101903544498528,95.2680371490202,0.0001038433238136,-7.693884576849326e-19,-2.799054123796869e-11,795.7545183066825,73.99908754082308,0.1130203340089251,95.26733415433856,0.012773595899489,-4.633590605992927e-17,-2.4819918962859155e-10,7143.628093201984,73.9978828739853,0.172149010813682,95.26639843004492,0.0296352819241292,2.1448798016048727e-16,3.4309496133673066e-10,22451.198698707743,73.99793458839524,0.1700338098273325,95.2664385990596,0.0289114964843975,-6.135515002392039e-16,-8.460590044818032e-10,159.89316239628388,0.0018304311635291,1.179221377870958e-05,263.30152615583563,0.001842933535673,1.2643146204954062e-05,795.7545183066852,0.0018202233059374,4.820916261848575,7143.628093202062,7026.0635738304345,10580593941613.885,22451.19869870701,47735.74124046084,71883631191238.77,1.0,74.0,0.0,74.0,0.0,0.0,0.0,1.0,74.0,0.0,74.0,0.0,0.0,0.0,1.0,74.0,0.0,74.0,0.0,0.0,0.0,1.0,74.0,0.0,74.0,0.0,0.0,0.0,1.0,74.0,0.0,74.0,0.0,0.0,0.0
1.0,60.0,0.0,1.0,60.0,0.0,1.0,60.0,0.0,1.0,60.0,0.0,1.0,60.0,0.0,1.0,60.0,0.0,1.0,60.0,0.0,1.0,60.0,0.0,1.0,60.0,0.0,1.0,60.0,0.0,1.0,60.0,0.0,60.0,0.0,0.0,0.0,1.0,60.0,0.0,60.0,0.0,0.0,0.0,1.0,60.0,0.0,60.0,0.0,0.0,0.0,1.0,60.0,0.0,60.0,0.0,0.0,0.0,1.0,60.0,0.0,60.0,0.0,0.0,0.0,1.0,1505913559.3108392,0.0,1.0,1505913559.3108392,0.0,1.0,1505913559.3108392,0.0,1.0,1505913559.3108392,0.0,1.0,1505913559.3108392,0.0,1.0,60.0,0.0,60.0,0.0,0.0,0.0,1.0,60.0,0.0,60.0,0.0,0.0,0.0,1.0,60.0,0.0,60.0,0.0,0.0,0.0,1.0,60.0,0.0,60.0,0.0,0.0,0.0,1.0,60.0,0.0,60.0,0.0,0.0,0.0
172.9754616526477,74.08909726367601,2.138083624105093,275.25971057723626,74.07620767472612,2.284947463796925,688.6781217197411,74.13769773728139,20.934959521357086,6482.838488639398,74.16351604007545,50.39781825322643,32660.975183712813,74.31105821517943,191.3745994537403,172.9754616526477,74.08909726367601,2.138083624105093,275.25971057723626,74.07620767472612,2.284947463796925,688.6781217197411,74.13769773728139,20.934959521357086,6482.838488639398,74.16351604007545,50.39781825322643,32660.975183712813,74.31105821517943,191.3745994537403,172.33352640660382,74.00000000000003,0.0,95.26804291051644,7.275957614183426e-12,2.0430784988887345e-29,0.0,274.4063607361018,73.99999999999993,1.3486991523486091e-06,95.26804291051634,3.666290353202634e-12,-5.946767932877615e-29,-2.4713360105086455e-17,686.6847869212052,73.99999999958527,7.634757064676451e-05,95.26804291019432,5.828955534851608e-09,-7.075965598590166e-23,-3.548622255148655e-13,6459.2521250642685,73.99931299431394,0.0980694023659332,95.267509275883,0.0096176076804113,7.294159673781629e-17,1.3474704413416838e-10,32556.415001815323,73.99850284561414,0.1447685046107791,95.26687999190592,0.0209579199272411,1.776391042104979e-16,1.0268678886414308e-10,172.33352640660385,0.0017109619193027,1.977143481458993e-05,274.40636073610176,0.0017870119718071,3.424536669702699e-05,686.6847869212063,0.0022082321865695,0.0004005737491911,6459.25212506436,630.6628656627518,949720461155.195,32556.415001814286,25608.343701048223,38563312781597.49,1.0,74.0,0.0,95.26804291051644,0.0,0.0,0.0,1.0,74.0,0.0,95.26804291051644,0.0,0.0,0.0,1.0,74.0,0.0,95.26804291051644,0.0,0.0,0.0,1.0210267576687018,74.0,0.0,95.26804291051644,0.0,0.0,0.0,1.6796373392156598,74.0,0.0,95.26804291051644,0.0,0.0,0.0
132.4707606671297,74.03142216523034,0.7531446155380763,228.6059307797145,74.04078358344253,0.977149636755712,769.6977214783029,74.04241038897192,1.0271403877022751,7606.096724824607,74.06246806824288,8.953305599888154,18048.74295018884,74.0771930493103,14.780733436033184,132.4707606671297,74.03142216523034,0.7531446155380763,228.6059307797145,74.04078358344253,0.977149636755712,769.6977214783029,74.04241038897192,1.0271403877022751,7606.096724824607,74.06246806824288,8.953305599888154,18048.74295018884,74.0771930493103,14.780733436033184,132.29732241135824,73.9999999999348,3.003695630650257e-05,95.26804291046584,9.022601151340255e-10,-3.4907933282238255e-24,-3.9537237825078816e-14,228.2174553308465,73.99999981719441,0.0015997806355577,95.26804276852113,2.5592980819062278e-06,7.315261705009842e-22,3.390426606854988e-13,768.3292899093849,73.99973778909809,0.0605878196109285,95.26783923683408,0.0036708838852064,7.289268740404667e-18,5.379193994389592e-11,7588.972459315029,73.99832273221418,0.1532283774780983,95.26674008897808,0.0234789356645706,1.6130284064471315e-16,3.581301819728957e-10,18000.74594295133,73.99798866900787,0.1677932905526387,95.26648060602729,0.0281545883544822,3.063232417643144e-16,3.6176475724776626e-10,132.2973224113584,0.0023849823464552,0.0001251942045689,228.2174553308469,0.0022085447436659,9.872662969852287e-05,768.3292899093872,0.0019674575986121,103743.1268511816,7588.972459315122,17873.427123615667,26915518940520.625,18000.745942950958,65761.04320640635,99026137018489.84,1.0,74.0,0.0,74.0,0.0,0.0,0.0,1.0,74.0,0.0,74.0,0.0,0.0,0.0,1.0,74.0,0.0,74.0,0.0,0.0,0.0,1.0,74.0,0.0,74.0,0.0,0.0,0.0,1.0,74.0,0.0,74.0,0.0,0.0,0.0
152.7818830014205,74.03750101473929,0.8986183771303331,265.3503507712394,74.04251173713301,1.0196922539289517,856.0106390572388,74.04584877180869,3.390594039980897,4645.770541624829,74.09192661699859,23.529495940354533,6376.896508848487,74.09827066788783,25.36036781346411,152.7818830014205,74.03750101473929,0.8986183771303331,265.3503507712394,74.04251173713301,1.0196922539289517,856.0106390572388,74.04584877180869,3.390594039980897,4645.770541624829,74.09192661699859,23.529495940354533,6376.896508848487,74.09827066788783,25.36036781346411,152.54315485171438,73.99999999982126,5.012009942425122e-05,95.2680429103776,2.512024736746308e-09,-2.0417314100686344e-24,-3.487714845632963e-14,264.88034842927465,73.99999958592855,0.0024076980894074,95.26804258888404,5.797010089737306e-06,8.496045430108081e-21,1.977792332915704e-12,854.5063213795074,73.99948346903206,0.0850362673643976,95.26764169267295,0.0072311667672693,8.08106438329501e-17,1.8503986055238383e-10,4634.210190044627,73.99601023263052,0.2363066332656072,95.2649438689152,0.0558408249253261,1.297249324115339e-16,1.338324996243376e-10,6359.719876942898,73.99577626589327,0.2431346080062091,95.26476213790764,0.0591144376103329,1.7698802523212662e-15,5.397367851320997e-09,152.54315485171432,0.001983987063401,0.4239354896472504,264.8803484292748,0.0025367925277158,1012913.423723988,854.5063213795122,865.1531029312831,1302842707368.4534,4634.210190044649,151678.88405554456,228392319484712.25,6359.719876942857,219417.9784399312,330376420445901.0,1.0,74.0,0.0,74.0,0.0,0.0,0.0,1.0,74.0,0.0,74.0,0.0,0.0,0.0,1.0,74.0,0.0,74.0,0.0,0.0,0.0,1.0,74.0,0.0,74.0,0.0,0.0,0.0,1.0,74.0,0.0,74.0,0.0,0.0,0.0
1.0,60.0,0.0,1.0,60.0,0.0,1.0,60.0,0.0,1.0,60.0,0.0,1.0,60.0,0.0,1.0,60.0,0.0,1.0,60.0,0.0,1.0,60.0,0.0,1.0,60.0,0.0,1.0,60.0,0.0,1.0,60.0,0.0,60.0,0.0,0.0,0.0,1.0,60.0,0.0,60.0,0.0,0.0,0.0,1.0,60.0,0.0,60.0,0.0,0.0,0.0,1.0,60.0,0.0,60.0,0.0,0.0,0.0,1.0,60.0,0.0,60.0,0.0,0.0,0.0,1.0,1505913585.489519,0.0,1.0,1505913585.489519,0.0,1.0,1505913585.489519,0.0,1.0,1505913585.489519,0.0,1.0,1505913585.489519,0.0,1.0,60.0,0.0,60.0,0.0,0.0,0.0,1.0,60.0,0.0,60.0,0.0,0.0,0.0,1.0,60.0,0.0,60.0,0.0,0.0,0.0,1.0,60.0,0.0,60.0,0.0,0.0,0.0,1.0,60.0,0.0,60.0,0.0,0.0,0.0
1.0,60.0,0.0,1.0,60.0,0.0,1.0,60.0,0.0,1.0,60.0,0.0,1.0,60.0,0.0,1.0,60.0,0.0,1.0,60.0,0.0,1.0,60.0,0.0,1.0,60.0,0.0,1.0,60.0,0.0,1.0,60.0,0.0,60.0,0.0,0.0,0.0,1.0,60.0,0.0,60.0,0.0,0.0,0.0,1.0,60.0,0.0,60.0,0.0,0.0,0.0,1.0,60.0,0.0,60.0,0.0,0.0,0.0,1.0,60.0,0.0,60.0,0.0,0.0,0.0,1.0,1505913443.571307,0.0,1.0,1505913443.571307,0.0,1.0,1505913443.571307,0.0,1.0,1505913443.571307,0.0,1.0,1505913443.571307,0.0,1.0,60.0,0.0,60.0,0.0,0.0,0.0,1.0,60.0,0.0,60.0,0.0,0.0,0.0,1.0,60.0,0.0,60.0,0.0,0.0,0.0,1.0,60.0,0.0,60.0,0.0,0.0,0.0,1.0,60.0,0.0,60.0,0.0,0.0,0.0
1.0,60.0,0.0,1.0,60.0,0.0,1.0,60.0,0.0,1.0,60.0,0.0,1.0,60.0,0.0,1.0,60.0,0.0,1.0,60.0,0.0,1.0,60.0,0.0,1.0,60.0,0.0,1.0,60.0,0.0,1.0,60.0,0.0,60.0,0.0,0.0,0.0,1.0,60.0,0.0,60.0,0.0,0.0,0.0,1.0,60.0,0.0,60.0,0.0,0.0,0.0,1.0,60.0,0.0,60.0,0.0,0.0,0.0,1.0,60.0,0.0,60.0,0.0,0.0,0.0,1.0,1505913556.281466,0.0,1.0,1505913556.281466,0.0,1.0,1505913556.281466,0.0,1.0,1505913556.281466,0.0,1.0,1505913556.281466,0.0,1.0,60.0,0.0,60.0,0.0,0.0,0.0,1.0,60.0,0.0,60.0,0.0,0.0,0.0,1.0,60.0,0.0,60.0,0.0,0.0,0.0,1.0,60.0,0.0,60.0,0.0,0.0,0.0,1.0,60.0,0.0,60.0,0.0,0.0,0.0
1.0,60.0,0.0,1.0,60.0,0.0,1.0,60.0,0.0,1.0,60.0,0.0,1.0,60.0,0.0,1.0,60.0,0.0,1.0,60.0,0.0,1.0,60.0,0.0,1.0,60.0,0.0,1.0,60.0,0.0,1.0,60.0,0.0,60.0,0.0,0.0,0.0,1.0,60.0,0.0,60.0,0.0,0.0,0.0,1.0,60.0,0.0,60.0,0.0,0.0,0.0,1.0,60.0,0.0,60.0,0.0,0.0,0.0,1.0,60.0,0.0,60.0,0.0,0.0,0.0,1.0,1505913468.831106,0.0,1.0,1505913468.831106,0.0,1.0,1505913468.831106,0.0,1.0,1505913468.831106,0.0,1.0,1505913468.831106,0.0,1.0,60.0,0.0,60.0,0.0,0.0,0.0,1.0,60.0,0.0,60.0,0.0,0.0,0.0,1.0,60.0,0.0,60.0,0.0,0.0,0.0,1.0,60.0,0.0,60.0,0.0,0.0,0.0,1.0,60.0,0.0,60.0,0.0,0.0,0.0
165.06534268817904,74.14221556279985,3.677959018813453,275.0351932191685,74.11411894197626,17.507579064676065,828.4011271276993,74.64706008387697,489.9190761095224,7378.962406956958,74.95397339616781,706.2982587839879,23648.50208666596,74.51949526621809,361.9786756063687,165.06534268817904,74.14221556279985,3.677959018813453,275.0351932191685,74.11411894197626,17.507579064676065,828.4011271276993,74.64706008387697,489.9190761095224,7378.962406956958,74.95397339616781,706.2982587839879,23648.50208666596,74.51949526621809,361.9786756063687,164.08957107254287,73.9999999999967,7.387129490294298e-06,95.26804291051388,5.459999017986278e-11,2.406068175967301e-25,2.4149999853464912e-14,273.9302951811084,73.99999997132832,0.0006335678457052,95.2680428882455,4.014082151126176e-07,-2.704981938488632e-21,-4.4768356859641175e-12,825.8449552020828,73.9998601839981,0.0442425641721693,95.26793430767395,0.0019574044845285,-1.4167269011508453e-17,-8.528642597308033e-11,7352.599559934072,73.99828852359781,0.1547828815763181,95.26671351748033,0.0239577404290685,-5.263295052792566e-17,-5.2288745908326146e-11,23571.87866270149,73.99806862512312,0.1644248094530387,95.26654271174311,0.0270355179636681,-4.81895770453996e-16,-4.889755375386307e-10,164.08957107254284,0.0017834693968,1.1491830220925564e-05,273.9302951811082,0.0017709625095165,1.1827967506731735e-05,825.8449552020834,0.0017523420320357,0.7387182656158653,7352.599559934179,5679.842684109586,8553318468718.381,23571.8786627007,44637.88785942215,67218817129898.72,1.0,74.0,0.0,74.0,0.0,0.0,0.0,1.0,74.0,0.0,74.0,0.0,0.0,0.0,1.0,74.0,0.0,74.0,0.0,0.0,0.0,1.0,74.0,0.0,74.0,0.0,0.0,0.0,1.0,74.0,0.0,74.0,0.0,0.0,0.0
1.0,60.0,0.0,1.0,60.0,0.0,1.0,60.0,0.0,1.0,60.0,0.0,1.0,60.0,0.0,1.0,60.0,0.0,1.0,60.0,0.0,1.0,60.0,0.0,1.0,60.0,0.0,1.0,60.0,0.0,1.0,60.0,0.0,60.0,0.0,0.0,0.0,1.0,60.0,0.0,60.0,0.0,0.0,0.0,1.0,60.0,0.0,60.0,0.0,0.0,0.0,1.0,60.0,0.0,60.0,0.0,0.0,0.0,1.0,60.0,0.0,60.0,0.0,0.0,0.0,1.0,1505913445.580244,0.0,1.0,1505913445.580244,0.0,1.0,1505913445.580244,0.0,1.0,1505913445.580244,0.0,1.0,1505913445.580244,0.0,1.0,60.0,0.0,60.0,0.0,0.0,0.0,1.0,60.0,0.0,60.0,0.0,0.0,0.0,1.0,60.0,0.0,60.0,0.0,0.0,0.0,1.0,60.0,0.0,60.0,0.0,0.0,0.0,1.0,60.0,0.0,60.0,0.0,0.0,0.0
66.38259833484035,74.206958469299,5.579819192337708,83.4159821027906,74.26413224517088,19.886169474173585,133.72170094358745,74.88975575895118,242.2604438700037,985.2358813136264,75.0229440671235,303.3870774122842,8636.892567742469,76.34898043724944,1443.7362313148642,66.38259833484035,74.206958469299,5.579819192337708,83.4159821027906,74.26413224517088,19.886169474173585,133.72170094358745,74.88975575895118,242.2604438700037,985.2358813136264,75.0229440671235,303.3870774122842,8636.892567742469,76.34898043724944,1443.7362313148642,1.0000000008904155,74.0,9.5367431640625e-07,74.0,9.094947017729282e-13,0.0,0.0,1.000003720356156,74.0,9.5367431640625e-07,74.0,9.094947017729282e-13,0.0,0.0,1.0174125684583168,74.0,0.0,74.0,0.0,0.0,0.0,2.1943377972975693,74.0,9.5367431640625e-07,74.0,9.094947017729282e-13,0.0,0.0,2.898576074660584,74.0,0.0,74.0,0.0,0.0,0.0,1.0000000008904155,6.013009069471827,60319.53096650033,1.000003720356156,16.79530163815502,16237272818.329012,1.0174125684583168,2852826.44042814,4287961185441487.0,2.1943377972975693,367276888.65342,4.181947678175504e+17,2.898576074660584,488050692.79976434,4.967684594062444e+17,1.0000000008904155,74.0,9.5367431640625e-07,74.0,9.094947017729282e-13,0.0,0.0,1.000003720356156,74.0,9.5367431640625e-07,74.0,9.094947017729282e-13,0.0,0.0,1.0174125684583168,74.0,0.0,74.0,0.0,0.0,0.0,2.1943377972975693,74.0,9.5367431640625e-07,74.0,9.094947017729282e-13,0.0,0.0,2.898576074660584,74.0,0.0,74.0,0.0,0.0,0.0
161.15960453693427,74.03210633439497,0.7695240839766484,268.73530741151444,74.03965133385105,0.9504013911282528,762.7793556381648,74.04380652956334,1.0732816479312532,1938.024616781588,74.05754590196175,1.4791892847406416,2180.590586212885,74.06110089802516,1.5770237615352016,161.15960453693427,74.03210633439497,0.7695240839766484,268.73530741151444,74.03965133385105,0.9504013911282528,762.7793556381648,74.04380652956334,1.0732816479312532,1938.024616781588,74.05754590196175,1.4791892847406416,2180.590586212885,74.06110089802516,1.5770237615352016,160.94400861713478,73.99999999999999,1.3486991523486091e-06,95.26804291051636,1.376315226518414e-11,-1.0911280664470629e-27,-2.1903571069189966e-16,268.2908412188262,74.00000000000003,0.0,95.26804291051648,2.7284841053187847e-12,-1.862253228992705e-27,0.0,761.292348324098,73.99999999999997,3.015782985847835e-06,95.26804291051654,1.677641807482061e-11,-3.829194550558138e-27,-3.3817493066653543e-16,1932.3542153156104,73.99999999999976,5.135693366178993e-06,95.26804291051614,3.283326260531739e-11,1.587053876803596e-26,6.988327796809306e-16,2173.740548078408,73.99999999999963,4.862803948967728e-06,95.2680429105162,2.5335590684670237e-11,9.480399760025884e-27,6.464572392462327e-16,160.9440086171347,17.576899557489757,26466508298.698296,268.2908412188259,2058.056984625877,3099249476037.0483,761.2923483241002,141580.3255191335,213187721900416.2,1932.354215315616,598671.807972276,901189741763288.0,2173.7405480783987,674745.4385886027,1015653200364978.0,1.0,74.0,0.0,74.0,0.0,0.0,0.0,1.0,74.0,0.0,74.0,0.0,0.0,0.0,1.0,74.0,0.0,74.0,0.0,0.0,0.0,1.0,74.0,0.0,74.0,0.0,0.0,0.0,1.0,74.0,0.0,74.0,0.0,0.0,0.0
